district_id,district_name,region_id,region_name,date,ndvi_mean,ndvi_median,evi_mean,evi_median,valid_pixel_fraction,good_pixel_count,marginal_pixel_fraction,cloudy_pixel_fraction,qa_rule,source_version
SO1101,Borama,SO11,Awdal,2017-01-01,0.1753572216097023,0.1686,0.1137707276736494,0.113,0.9917987971569164,3628,0.0002733734281027,0.0,pixel_reliability=0 AND MODLAND_QA(bits0-1)=0 AND VI range -2000..10000,MOD13Q1 V061 Terra 250m 16-day
SO1101,Borama,SO11,Awdal,2017-01-17,0.1698010349650349,0.1646,0.111164,0.1101,0.9773100054674686,3575,0.0005467468562055,0.0,pixel_reliability=0 AND MODLAND_QA(bits0-1)=0 AND VI range -2000..10000,MOD13Q1 V061 Terra 250m 16-day
SO1101,Borama,SO11,Awdal,2017-02-02,0.1649049923896499,0.1599,0.1005040182648401,0.1011,0.8980317113176599,3285,0.0237834882449425,0.0,pixel_reliability=0 AND MODLAND_QA(bits0-1)=0 AND VI range -2000..10000,MOD13Q1 V061 Terra 250m 16-day
SO1101,Borama,SO11,Awdal,2017-02-18,0.1609361095738793,0.1575,0.1060044272274488,0.1065,0.9879715691634772,3614,0.0005467468562055,0.0,pixel_reliability=0 AND MODLAND_QA(bits0-1)=0 AND VI range -2000..10000,MOD13Q1 V061 Terra 250m 16-day
SO1101,Borama,SO11,Awdal,2017-03-06,0.1516204481792717,0.14925,0.1002211764705882,0.101,0.9759431383269548,3570,0.0019136139967195,0.0,pixel_reliability=0 AND MODLAND_QA(bits0-1)=0 AND VI range -2000..10000,MOD13Q1 V061 Terra 250m 16-day
SO1101,Borama,SO11,Awdal,2017-03-22,0.1635829562594268,0.1598,0.1175375565610859,0.1169,0.9062329141607436,3315,0.0202296336796063,0.0,pixel_reliability=0 AND MODLAND_QA(bits0-1)=0 AND VI range -2000..10000,MOD13Q1 V061 Terra 250m 16-day
SO1101,Borama,SO11,Awdal,2017-04-07,0.1866589539007092,0.1806,0.1259774822695035,0.1254,0.925095680699836,3384,0.003827227993439,0.0,pixel_reliability=0 AND MODLAND_QA(bits0-1)=0 AND VI range -2000..10000,MOD13Q1 V061 Terra 250m 16-day
SO1101,Borama,SO11,Awdal,2017-04-23,0.1940265754411235,0.1849,0.1368958228303925,0.1317,0.7591580098414434,2777,0.0401858939311099,0.0,pixel_reliability=0 AND MODLAND_QA(bits0-1)=0 AND VI range -2000..10000,MOD13Q1 V061 Terra 250m 16-day
SO1101,Borama,SO11,Awdal,2017-05-09,0.2202814209274673,0.2147,0.1562222948870392,0.1564,0.9196282121377802,3364,0.0169491525423728,0.0,pixel_reliability=0 AND MODLAND_QA(bits0-1)=0 AND VI range -2000..10000,MOD13Q1 V061 Terra 250m 16-day
SO1101,Borama,SO11,Awdal,2017-05-25,0.2064202877697842,0.203,0.1460680575539568,0.1451,0.7599781301257518,2780,0.0872061235647895,0.0,pixel_reliability=0 AND MODLAND_QA(bits0-1)=0 AND VI range -2000..10000,MOD13Q1 V061 Terra 250m 16-day
SO1101,Borama,SO11,Awdal,2017-06-10,0.1901233469131933,0.1861,0.1382758696333438,0.1373,0.8723346090759978,3191,0.0393657736468015,0.0,pixel_reliability=0 AND MODLAND_QA(bits0-1)=0 AND VI range -2000..10000,MOD13Q1 V061 Terra 250m 16-day
SO1101,Borama,SO11,Awdal,2017-06-26,0.1746061534058386,0.1716,0.117665655409273,0.1181,0.9551667577911428,3494,0.0057408419901585,0.0,pixel_reliability=0 AND MODLAND_QA(bits0-1)=0 AND VI range -2000..10000,MOD13Q1 V061 Terra 250m 16-day
SO1101,Borama,SO11,Awdal,2017-07-12,0.1596150856793145,0.1575,0.1116586291309669,0.1127,0.8933843630399125,3268,0.0314379442318206,0.0,pixel_reliability=0 AND MODLAND_QA(bits0-1)=0 AND VI range -2000..10000,MOD13Q1 V061 Terra 250m 16-day
SO1101,Borama,SO11,Awdal,2017-07-28,0.1585428864569083,0.1553,0.1152117989056087,0.1153,0.7993439037725533,2924,0.069710224166211,0.0,pixel_reliability=0 AND MODLAND_QA(bits0-1)=0 AND VI range -2000..10000,MOD13Q1 V061 Terra 250m 16-day
SO1101,Borama,SO11,Awdal,2017-08-13,0.2052527399333939,0.2023,0.1401986678776869,0.1425,0.90295243302351,3303,0.0030071077091306,0.0,pixel_reliability=0 AND MODLAND_QA(bits0-1)=0 AND VI range -2000..10000,MOD13Q1 V061 Terra 250m 16-day
SO1101,Borama,SO11,Awdal,2017-08-29,0.2304446322067594,0.2314,0.1592519880715706,0.1599,0.8250410060142154,3018,0.0390924002186987,0.0,pixel_reliability=0 AND MODLAND_QA(bits0-1)=0 AND VI range -2000..10000,MOD13Q1 V061 Terra 250m 16-day
SO1101,Borama,SO11,Awdal,2017-09-14,0.2467146688206785,0.2461,0.1772274636510501,0.1767,0.8460907599781301,3095,0.04510661563696,0.0,pixel_reliability=0 AND MODLAND_QA(bits0-1)=0 AND VI range -2000..10000,MOD13Q1 V061 Terra 250m 16-day
SO1101,Borama,SO11,Awdal,2017-09-30,0.2366712212486308,0.23135,0.1618411555312158,0.1617,0.9983597594313832,3652,0.0,0.0,pixel_reliability=0 AND MODLAND_QA(bits0-1)=0 AND VI range -2000..10000,MOD13Q1 V061 Terra 250m 16-day
SO1101,Borama,SO11,Awdal,2017-10-16,0.2161890877090056,0.2108,0.1489190965092402,0.1486,0.9319300164024056,3409,0.0,0.0,pixel_reliability=0 AND MODLAND_QA(bits0-1)=0 AND VI range -2000..10000,MOD13Q1 V061 Terra 250m 16-day
SO1101,Borama,SO11,Awdal,2017-11-01,0.19596853685368537,0.19375,0.1308350385038504,0.13285000000000002,0.9939857845817387,3636,0.0,0.0,pixel_reliability=0 AND MODLAND_QA(bits0-1)=0 AND VI range -2000..10000,MOD13Q1 V061 Terra 250m 16-day
SO1101,Borama,SO11,Awdal,2017-11-17,0.18539352537722908,0.1824,0.12366117969821673,0.1245,0.9964461454346637,3645,0.0002733734281027884,0.0,pixel_reliability=0 AND MODLAND_QA(bits0-1)=0 AND VI range -2000..10000,MOD13Q1 V061 Terra 250m 16-day
SO1101,Borama,SO11,Awdal,2017-12-03,0.17669849108367627,0.17400000000000002,0.1162953086419753,0.11800000000000001,0.9964461454346637,3645,0.0,0.0,pixel_reliability=0 AND MODLAND_QA(bits0-1)=0 AND VI range -2000..10000,MOD13Q1 V061 Terra 250m 16-day
SO1101,Borama,SO11,Awdal,2017-12-19,0.17265953488372093,0.16920000000000002,0.11695253077975376,0.1183,0.9991798797156917,3655,0.0002733734281027884,0.0,pixel_reliability=0 AND MODLAND_QA(bits0-1)=0 AND VI range -2000..10000,MOD13Q1 V061 Terra 250m 16-day
SO1102,Baki,SO11,Awdal,2017-01-01,0.1362146361185983,0.1249,0.0921346900269541,0.0859,0.9701882845188284,3710,0.0007845188284518,0.0,pixel_reliability=0 AND MODLAND_QA(bits0-1)=0 AND VI range -2000..10000,MOD13Q1 V061 Terra 250m 16-day
SO1102,Baki,SO11,Awdal,2017-01-17,0.13898,0.1311,0.0933697936210131,0.0889,0.6969142259414226,2665,0.0896966527196652,0.0002615062761506,pixel_reliability=0 AND MODLAND_QA(bits0-1)=0 AND VI range -2000..10000,MOD13Q1 V061 Terra 250m 16-day
SO1102,Baki,SO11,Awdal,2017-02-02,0.135394466403162,0.1254,0.087732885375494,0.082,0.3308054393305439,1265,0.4892782426778242,0.0007845188284518,pixel_reliability=0 AND MODLAND_QA(bits0-1)=0 AND VI range -2000..10000,MOD13Q1 V061 Terra 250m 16-day
SO1102,Baki,SO11,Awdal,2017-02-18,0.1288652522255192,0.1187,0.0878125222551928,0.0827,0.8812761506276151,3370,0.0376569037656903,0.0,pixel_reliability=0 AND MODLAND_QA(bits0-1)=0 AND VI range -2000..10000,MOD13Q1 V061 Terra 250m 16-day
SO1102,Baki,SO11,Awdal,2017-03-06,0.1221509277761918,0.114,0.083398515558093,0.0795,0.9160564853556484,3503,0.0371338912133891,0.0005230125523012,pixel_reliability=0 AND MODLAND_QA(bits0-1)=0 AND VI range -2000..10000,MOD13Q1 V061 Terra 250m 16-day
SO1102,Baki,SO11,Awdal,2017-03-22,0.1232421478060046,0.1149,0.0880364318706697,0.0838,0.905857740585774,3464,0.0135983263598326,0.0002615062761506,pixel_reliability=0 AND MODLAND_QA(bits0-1)=0 AND VI range -2000..10000,MOD13Q1 V061 Terra 250m 16-day
SO1102,Baki,SO11,Awdal,2017-04-07,0.1263311092577147,0.117,0.0883012510425354,0.0829,0.9406380753138076,3597,0.0135983263598326,0.0,pixel_reliability=0 AND MODLAND_QA(bits0-1)=0 AND VI range -2000..10000,MOD13Q1 V061 Terra 250m 16-day
SO1102,Baki,SO11,Awdal,2017-04-23,0.122735775480059,0.1122,0.086404047267356,0.0809,0.8851987447698745,3385,0.019612970711297,0.0,pixel_reliability=0 AND MODLAND_QA(bits0-1)=0 AND VI range -2000..10000,MOD13Q1 V061 Terra 250m 16-day
SO1102,Baki,SO11,Awdal,2017-05-09,0.1385325681492109,0.1212,0.0974558106169297,0.0879,0.9113493723849372,3485,0.0149058577405857,0.0018305439330543,pixel_reliability=0 AND MODLAND_QA(bits0-1)=0 AND VI range -2000..10000,MOD13Q1 V061 Terra 250m 16-day
SO1102,Baki,SO11,Awdal,2017-05-25,0.1311775683890577,0.1135,0.0934471428571428,0.0821,0.8603556485355649,3290,0.0387029288702928,0.0,pixel_reliability=0 AND MODLAND_QA(bits0-1)=0 AND VI range -2000..10000,MOD13Q1 V061 Terra 250m 16-day
SO1102,Baki,SO11,Awdal,2017-06-10,0.1308128212213318,0.1143,0.0960676429953025,0.0875,0.9463912133891214,3619,0.0067991631799163,0.0,pixel_reliability=0 AND MODLAND_QA(bits0-1)=0 AND VI range -2000..10000,MOD13Q1 V061 Terra 250m 16-day
SO1102,Baki,SO11,Awdal,2017-06-26,0.1177840256481739,0.1048,0.0825109562308335,0.0759,0.9380230125523012,3587,0.0128138075313807,0.0033995815899581,pixel_reliability=0 AND MODLAND_QA(bits0-1)=0 AND VI range -2000..10000,MOD13Q1 V061 Terra 250m 16-day
SO1102,Baki,SO11,Awdal,2017-07-12,0.1129921870624475,0.1036,0.0807016802016241,0.0759,0.9338389121338913,3571,0.0180439330543933,0.0026150627615062,pixel_reliability=0 AND MODLAND_QA(bits0-1)=0 AND VI range -2000..10000,MOD13Q1 V061 Terra 250m 16-day
SO1102,Baki,SO11,Awdal,2017-07-28,0.1107656767739918,0.1012,0.0812509221631759,0.0749,0.8365585774058577,3199,0.0402719665271966,0.0047071129707112,pixel_reliability=0 AND MODLAND_QA(bits0-1)=0 AND VI range -2000..10000,MOD13Q1 V061 Terra 250m 16-day
SO1102,Baki,SO11,Awdal,2017-08-13,0.1295273381294964,0.1092,0.0919482014388489,0.0809,0.8360355648535565,3197,0.0115062761506276,0.0005230125523012,pixel_reliability=0 AND MODLAND_QA(bits0-1)=0 AND VI range -2000..10000,MOD13Q1 V061 Terra 250m 16-day
SO1102,Baki,SO11,Awdal,2017-08-29,0.1371509450421634,0.1136,0.0984558883396336,0.084,0.8993200836820083,3439,0.0177824267782426,0.0007845188284518,pixel_reliability=0 AND MODLAND_QA(bits0-1)=0 AND VI range -2000..10000,MOD13Q1 V061 Terra 250m 16-day
SO1102,Baki,SO11,Awdal,2017-09-14,0.1487336335491134,0.1207,0.1053257247396566,0.0878,0.92913179916318,3553,0.017520920502092,0.0,pixel_reliability=0 AND MODLAND_QA(bits0-1)=0 AND VI range -2000..10000,MOD13Q1 V061 Terra 250m 16-day
SO1102,Baki,SO11,Awdal,2017-09-30,0.1498362705470223,0.1224,0.1044711937483158,0.0904,0.9704497907949792,3711,0.0049686192468619,0.0,pixel_reliability=0 AND MODLAND_QA(bits0-1)=0 AND VI range -2000..10000,MOD13Q1 V061 Terra 250m 16-day
SO1102,Baki,SO11,Awdal,2017-10-16,0.1416393367812595,0.1203,0.0993552783693337,0.0874,0.859571129707113,3287,0.0075836820083682,0.0,pixel_reliability=0 AND MODLAND_QA(bits0-1)=0 AND VI range -2000..10000,MOD13Q1 V061 Terra 250m 16-day
SO1102,Baki,SO11,Awdal,2017-11-01,0.13686380236305049,0.11835000000000001,0.0946842105263158,0.0863,0.9738493723849372,3724,0.0041841004184100415,0.0005230125523012552,pixel_reliability=0 AND MODLAND_QA(bits0-1)=0 AND VI range -2000..10000,MOD13Q1 V061 Terra 250m 16-day
SO1102,Baki,SO11,Awdal,2017-11-17,0.13192558514931396,0.117,0.09292881355932205,0.0863,0.9720188284518828,3717,0.0041841004184100415,0.0,pixel_reliability=0 AND MODLAND_QA(bits0-1)=0 AND VI range -2000..10000,MOD13Q1 V061 Terra 250m 16-day
SO1102,Baki,SO11,Awdal,2017-12-03,0.12877913533834587,0.115,0.08789269602577873,0.0818,0.9738493723849372,3724,0.001307531380753138,0.0,pixel_reliability=0 AND MODLAND_QA(bits0-1)=0 AND VI range -2000..10000,MOD13Q1 V061 Terra 250m 16-day
SO1102,Baki,SO11,Awdal,2017-12-19,0.12855634992458523,0.1163,0.09055330316742083,0.0847,0.8668933054393305,3315,0.011506276150627616,0.0,pixel_reliability=0 AND MODLAND_QA(bits0-1)=0 AND VI range -2000..10000,MOD13Q1 V061 Terra 250m 16-day
SO1103,Lughaye,SO11,Awdal,2017-01-01,0.1008212982832618,0.0975,0.0744788090128755,0.0724,0.9421278746525146,3728,0.0040434672731867,0.0,pixel_reliability=0 AND MODLAND_QA(bits0-1)=0 AND VI range -2000..10000,MOD13Q1 V061 Terra 250m 16-day
SO1103,Lughaye,SO11,Awdal,2017-01-17,0.1010264214046822,0.09685,0.0734576923076923,0.071,0.4533737680060652,1794,0.0133939853424311,0.0002527167045741,pixel_reliability=0 AND MODLAND_QA(bits0-1)=0 AND VI range -2000..10000,MOD13Q1 V061 Terra 250m 16-day
SO1103,Lughaye,SO11,Awdal,2017-02-02,0.0978759825327511,0.0956,0.0690441048034934,0.068,0.0578721253474854,229,0.865049279757392,0.0048016173869092,pixel_reliability=0 AND MODLAND_QA(bits0-1)=0 AND VI range -2000..10000,MOD13Q1 V061 Terra 250m 16-day
SO1103,Lughaye,SO11,Awdal,2017-02-18,0.0947181060353451,0.0923,0.0705277759253084,0.0692,0.7578973970179429,2999,0.099823098306798,0.0005054334091483,pixel_reliability=0 AND MODLAND_QA(bits0-1)=0 AND VI range -2000..10000,MOD13Q1 V061 Terra 250m 16-day
SO1103,Lughaye,SO11,Awdal,2017-03-06,0.0951281744635948,0.0927,0.0693479071403447,0.0684,0.718473591104372,2843,0.0133939853424311,0.0,pixel_reliability=0 AND MODLAND_QA(bits0-1)=0 AND VI range -2000..10000,MOD13Q1 V061 Terra 250m 16-day
SO1103,Lughaye,SO11,Awdal,2017-03-22,0.0956053800170794,0.0937,0.0722384286934244,0.0714,0.8877937831690674,3513,0.0166793025018953,0.0007581501137225,pixel_reliability=0 AND MODLAND_QA(bits0-1)=0 AND VI range -2000..10000,MOD13Q1 V061 Terra 250m 16-day
SO1103,Lughaye,SO11,Awdal,2017-04-07,0.0985128962340829,0.0959,0.0733543755079924,0.0719,0.93277735658327,3691,0.0144048521607278,0.0002527167045741,pixel_reliability=0 AND MODLAND_QA(bits0-1)=0 AND VI range -2000..10000,MOD13Q1 V061 Terra 250m 16-day
SO1103,Lughaye,SO11,Awdal,2017-04-23,0.0959541968470387,0.0929,0.0707768640818065,0.0694,0.5931261056355825,2347,0.0194591862522112,0.0,pixel_reliability=0 AND MODLAND_QA(bits0-1)=0 AND VI range -2000..10000,MOD13Q1 V061 Terra 250m 16-day
SO1103,Lughaye,SO11,Awdal,2017-05-09,0.0920838849701573,0.0893,0.0688424036896364,0.0678,0.9315137730603992,3686,0.0222390700025271,0.001516300227445,pixel_reliability=0 AND MODLAND_QA(bits0-1)=0 AND VI range -2000..10000,MOD13Q1 V061 Terra 250m 16-day
SO1103,Lughaye,SO11,Awdal,2017-05-25,0.0892776749251293,0.0864,0.0666570922951266,0.0653,0.9282284559009352,3673,0.0209754864796563,0.0005054334091483,pixel_reliability=0 AND MODLAND_QA(bits0-1)=0 AND VI range -2000..10000,MOD13Q1 V061 Terra 250m 16-day
SO1103,Lughaye,SO11,Awdal,2017-06-10,0.0914771953526074,0.0893,0.0703667927587138,0.0694,0.9353045236290118,3701,0.0144048521607278,0.0002527167045741,pixel_reliability=0 AND MODLAND_QA(bits0-1)=0 AND VI range -2000..10000,MOD13Q1 V061 Terra 250m 16-day
SO1103,Lughaye,SO11,Awdal,2017-06-26,0.0873487034035656,0.0859,0.065702377093463,0.0652,0.935557240333586,3702,0.0128885519332827,0.0058124842052059,pixel_reliability=0 AND MODLAND_QA(bits0-1)=0 AND VI range -2000..10000,MOD13Q1 V061 Terra 250m 16-day
SO1103,Lughaye,SO11,Awdal,2017-07-12,0.0864997823721436,0.08535,0.0654225516866159,0.065,0.9289866060146575,3676,0.0181956027293404,0.0090978013646702,pixel_reliability=0 AND MODLAND_QA(bits0-1)=0 AND VI range -2000..10000,MOD13Q1 V061 Terra 250m 16-day
SO1103,Lughaye,SO11,Awdal,2017-07-28,0.0848684572142411,0.0846,0.0648819800124922,0.0645,0.8091988880464999,3202,0.047005307050796,0.0045489006823351,pixel_reliability=0 AND MODLAND_QA(bits0-1)=0 AND VI range -2000..10000,MOD13Q1 V061 Terra 250m 16-day
SO1103,Lughaye,SO11,Awdal,2017-08-13,0.08759040374488,0.0864,0.0655835283791691,0.0649,0.8637856962345211,3418,0.0179428860247662,0.0025271670457417,pixel_reliability=0 AND MODLAND_QA(bits0-1)=0 AND VI range -2000..10000,MOD13Q1 V061 Terra 250m 16-day
SO1103,Lughaye,SO11,Awdal,2017-08-29,0.0890500552486188,0.0864,0.0679610773480663,0.0661,0.914834470558504,3620,0.0128885519332827,0.0002527167045741,pixel_reliability=0 AND MODLAND_QA(bits0-1)=0 AND VI range -2000..10000,MOD13Q1 V061 Terra 250m 16-day
SO1103,Lughaye,SO11,Awdal,2017-09-14,0.0922169524336283,0.09,0.0700496404867256,0.0694,0.9138236037402072,3616,0.0219863532979529,0.0,pixel_reliability=0 AND MODLAND_QA(bits0-1)=0 AND VI range -2000..10000,MOD13Q1 V061 Terra 250m 16-day
SO1103,Lughaye,SO11,Awdal,2017-09-30,0.0928122542418529,0.0908,0.0697481820630218,0.0689,0.938337124083902,3713,0.0042961839777609,0.0,pixel_reliability=0 AND MODLAND_QA(bits0-1)=0 AND VI range -2000..10000,MOD13Q1 V061 Terra 250m 16-day
SO1103,Lughaye,SO11,Awdal,2017-10-16,0.0883811205846528,0.086,0.0660934835566382,0.06505,0.414960828910791,1642,0.008845084660096,0.0,pixel_reliability=0 AND MODLAND_QA(bits0-1)=0 AND VI range -2000..10000,MOD13Q1 V061 Terra 250m 16-day
SO1103,Lughaye,SO11,Awdal,2017-11-01,0.09049947643979057,0.0891,0.0676903003582254,0.0669,0.9171089208996714,3629,0.004801617386909275,0.0,pixel_reliability=0 AND MODLAND_QA(bits0-1)=0 AND VI range -2000..10000,MOD13Q1 V061 Terra 250m 16-day
SO1103,Lughaye,SO11,Awdal,2017-11-17,0.08948109492988134,0.0879,0.06732783171521035,0.0665,0.9370735405610311,3708,0.005054334091483447,0.0,pixel_reliability=0 AND MODLAND_QA(bits0-1)=0 AND VI range -2000..10000,MOD13Q1 V061 Terra 250m 16-day
SO1103,Lughaye,SO11,Awdal,2017-12-03,0.08947895163469333,0.08800000000000001,0.0663047284517698,0.0659,0.9353045236290118,3701,0.0037907505686125853,0.0,pixel_reliability=0 AND MODLAND_QA(bits0-1)=0 AND VI range -2000..10000,MOD13Q1 V061 Terra 250m 16-day
SO1103,Lughaye,SO11,Awdal,2017-12-19,0.08855924704589174,0.08700000000000001,0.06731775212970596,0.0664,0.9196360879454132,3639,0.006570634318928481,0.0,pixel_reliability=0 AND MODLAND_QA(bits0-1)=0 AND VI range -2000..10000,MOD13Q1 V061 Terra 250m 16-day
SO1104,Zeylac,SO11,Awdal,2017-01-01,0.1061413544668587,0.104,0.0702585014409222,0.0691,0.9428066838744736,6940,0.0097812797174296,0.000543404428746,pixel_reliability=0 AND MODLAND_QA(bits0-1)=0 AND VI range -2000..10000,MOD13Q1 V061 Terra 250m 16-day
SO1104,Zeylac,SO11,Awdal,2017-01-17,0.1072715,0.1061,0.0695765476190476,0.0688,0.570574650183399,4200,0.1472626001901915,0.0027170221437304,pixel_reliability=0 AND MODLAND_QA(bits0-1)=0 AND VI range -2000..10000,MOD13Q1 V061 Terra 250m 16-day
SO1104,Zeylac,SO11,Awdal,2017-02-02,0.109832414151925,0.1065,0.0652502081165452,0.0632,0.2611058280124983,1922,0.6219263686999049,0.0175247928270615,pixel_reliability=0 AND MODLAND_QA(bits0-1)=0 AND VI range -2000..10000,MOD13Q1 V061 Terra 250m 16-day
SO1104,Zeylac,SO11,Awdal,2017-02-18,0.1031452515226709,0.1019,0.069368711933228,0.0679,0.602227958157859,4433,0.2378752886836027,0.0123624507539736,pixel_reliability=0 AND MODLAND_QA(bits0-1)=0 AND VI range -2000..10000,MOD13Q1 V061 Terra 250m 16-day
SO1104,Zeylac,SO11,Awdal,2017-03-06,0.1009416479530143,0.0992,0.0668560891345655,0.0657,0.7864420595027849,5789,0.0342344790110039,0.0008151066431191,pixel_reliability=0 AND MODLAND_QA(bits0-1)=0 AND VI range -2000..10000,MOD13Q1 V061 Terra 250m 16-day
SO1104,Zeylac,SO11,Awdal,2017-03-22,0.0993794471153846,0.0975,0.069654893543956,0.0681,0.7911968482543132,5824,0.0520309740524385,0.0036679798940361,pixel_reliability=0 AND MODLAND_QA(bits0-1)=0 AND VI range -2000..10000,MOD13Q1 V061 Terra 250m 16-day
SO1104,Zeylac,SO11,Awdal,2017-04-07,0.1032139527656929,0.0986,0.0698160814170292,0.0665,0.8743377258524657,6436,0.0249966037223203,0.0013585110718652,pixel_reliability=0 AND MODLAND_QA(bits0-1)=0 AND VI range -2000..10000,MOD13Q1 V061 Terra 250m 16-day
SO1104,Zeylac,SO11,Awdal,2017-04-23,0.1031283524904214,0.0993,0.0678640804597701,0.0652,0.709142779513653,5220,0.0195625594348593,0.0013585110718652,pixel_reliability=0 AND MODLAND_QA(bits0-1)=0 AND VI range -2000..10000,MOD13Q1 V061 Terra 250m 16-day
SO1104,Zeylac,SO11,Awdal,2017-05-09,0.100953781512605,0.0922,0.0713429771908763,0.0656,0.792147806004619,5831,0.0546121450889824,0.0010868088574921,pixel_reliability=0 AND MODLAND_QA(bits0-1)=0 AND VI range -2000..10000,MOD13Q1 V061 Terra 250m 16-day
SO1104,Zeylac,SO11,Awdal,2017-05-25,0.0993177335984095,0.0887,0.0713228429423459,0.0654,0.6833310691482135,5030,0.1199565276457003,0.0010868088574921,pixel_reliability=0 AND MODLAND_QA(bits0-1)=0 AND VI range -2000..10000,MOD13Q1 V061 Terra 250m 16-day
SO1104,Zeylac,SO11,Awdal,2017-06-10,0.0983358203614242,0.0922,0.0709086061907318,0.0674,0.7592718380654803,5589,0.1005298193180274,0.000543404428746,pixel_reliability=0 AND MODLAND_QA(bits0-1)=0 AND VI range -2000..10000,MOD13Q1 V061 Terra 250m 16-day
SO1104,Zeylac,SO11,Awdal,2017-06-26,0.0930494035602862,0.0882,0.0666599376032299,0.0646,0.740252683059367,5449,0.0995788615677217,0.0044830865371552,pixel_reliability=0 AND MODLAND_QA(bits0-1)=0 AND VI range -2000..10000,MOD13Q1 V061 Terra 250m 16-day
SO1104,Zeylac,SO11,Awdal,2017-07-12,0.0919917922606924,0.0884,0.067182016293279,0.0657,0.6670289362858307,4910,0.1407417470452384,0.0032604265724765,pixel_reliability=0 AND MODLAND_QA(bits0-1)=0 AND VI range -2000..10000,MOD13Q1 V061 Terra 250m 16-day
SO1104,Zeylac,SO11,Awdal,2017-07-28,0.0898213743864346,0.0867,0.0660857652833556,0.0648,0.6088846624099986,4482,0.1679119684825431,0.0013585110718652,pixel_reliability=0 AND MODLAND_QA(bits0-1)=0 AND VI range -2000..10000,MOD13Q1 V061 Terra 250m 16-day
SO1104,Zeylac,SO11,Awdal,2017-08-13,0.0976131087919038,0.0927,0.0680144528779253,0.0643,0.859122401847575,6324,0.0168455372911289,0.0029887243581035,pixel_reliability=0 AND MODLAND_QA(bits0-1)=0 AND VI range -2000..10000,MOD13Q1 V061 Terra 250m 16-day
SO1104,Zeylac,SO11,Awdal,2017-08-29,0.098898242280285,0.0885,0.0725602850356294,0.0671,0.5719331612552643,4210,0.2036408096725988,0.0020377666077978,pixel_reliability=0 AND MODLAND_QA(bits0-1)=0 AND VI range -2000..10000,MOD13Q1 V061 Terra 250m 16-day
SO1104,Zeylac,SO11,Awdal,2017-09-14,0.1132110827274513,0.1007,0.0803370406759677,0.0724,0.6913462844722185,5089,0.0995788615677217,0.0006792555359326,pixel_reliability=0 AND MODLAND_QA(bits0-1)=0 AND VI range -2000..10000,MOD13Q1 V061 Terra 250m 16-day
SO1104,Zeylac,SO11,Awdal,2017-09-30,0.1121276842716192,0.1063,0.0769108821822402,0.0712,0.9362858307295204,6892,0.0127700040755332,0.0,pixel_reliability=0 AND MODLAND_QA(bits0-1)=0 AND VI range -2000..10000,MOD13Q1 V061 Terra 250m 16-day
SO1104,Zeylac,SO11,Awdal,2017-10-16,0.1105998987444309,0.1058,0.0754484001620089,0.0702,0.6708327672870534,4938,0.0576008694470859,0.000271702214373,pixel_reliability=0 AND MODLAND_QA(bits0-1)=0 AND VI range -2000..10000,MOD13Q1 V061 Terra 250m 16-day
SO1104,Zeylac,SO11,Awdal,2017-11-01,0.10620393447418461,0.1039,0.07131600117010384,0.06810000000000001,0.9288140198342616,6837,0.019698410542045918,0.0005434044287460942,pixel_reliability=0 AND MODLAND_QA(bits0-1)=0 AND VI range -2000..10000,MOD13Q1 V061 Terra 250m 16-day
SO1104,Zeylac,SO11,Awdal,2017-11-17,0.10264297376093295,0.10070000000000001,0.06919701166180758,0.0668,0.9319385952995517,6860,0.012770004075533215,0.0002717022143730471,pixel_reliability=0 AND MODLAND_QA(bits0-1)=0 AND VI range -2000..10000,MOD13Q1 V061 Terra 250m 16-day
SO1104,Zeylac,SO11,Awdal,2017-12-03,0.1017829100992411,0.1,0.06718060420315236,0.0654,0.9308517864420595,6852,0.023773943757641625,0.0002717022143730471,pixel_reliability=0 AND MODLAND_QA(bits0-1)=0 AND VI range -2000..10000,MOD13Q1 V061 Terra 250m 16-day
SO1104,Zeylac,SO11,Awdal,2017-12-19,0.10069151674937966,0.0988,0.06923968672456576,0.06765000000000002,0.875967939138704,6448,0.03151745686727347,0.0012226599646787122,pixel_reliability=0 AND MODLAND_QA(bits0-1)=0 AND VI range -2000..10000,MOD13Q1 V061 Terra 250m 16-day
SO1201,Hargeysa,SO12,Woqooyi Galbeed,2017-01-01,0.1487745280706055,0.1451,0.0988192878156411,0.0977,0.9961536113315832,16316,0.0007936992490384,0.0,pixel_reliability=0 AND MODLAND_QA(bits0-1)=0 AND VI range -2000..10000,MOD13Q1 V061 Terra 250m 16-day
SO1201,Hargeysa,SO12,Woqooyi Galbeed,2017-01-17,0.1453885396727385,0.1421,0.0965182710713183,0.0954,0.9887661029366872,16195,0.0030526894193784,0.0,pixel_reliability=0 AND MODLAND_QA(bits0-1)=0 AND VI range -2000..10000,MOD13Q1 V061 Terra 250m 16-day
SO1201,Hargeysa,SO12,Woqooyi Galbeed,2017-02-02,0.1407339987735913,0.1378,0.0937352456224023,0.0936,0.8960864521643568,14677,0.029916356309909,0.0,pixel_reliability=0 AND MODLAND_QA(bits0-1)=0 AND VI range -2000..10000,MOD13Q1 V061 Terra 250m 16-day
SO1201,Hargeysa,SO12,Woqooyi Galbeed,2017-02-18,0.1406466304896517,0.1387,0.0938904341241797,0.0932,0.9675804383662008,15848,0.007509615971671,0.0,pixel_reliability=0 AND MODLAND_QA(bits0-1)=0 AND VI range -2000..10000,MOD13Q1 V061 Terra 250m 16-day
SO1201,Hargeysa,SO12,Woqooyi Galbeed,2017-03-06,0.1368309827873403,0.1355,0.0930611573817015,0.0932,0.9896208559741132,16209,0.0023810977471152,0.0,pixel_reliability=0 AND MODLAND_QA(bits0-1)=0 AND VI range -2000..10000,MOD13Q1 V061 Terra 250m 16-day
SO1201,Hargeysa,SO12,Woqooyi Galbeed,2017-03-22,0.1389535662022014,0.1374,0.0932853407138766,0.0923,0.959582392087429,15717,0.0013431833445265,0.0,pixel_reliability=0 AND MODLAND_QA(bits0-1)=0 AND VI range -2000..10000,MOD13Q1 V061 Terra 250m 16-day
SO1201,Hargeysa,SO12,Woqooyi Galbeed,2017-04-07,0.1413736109392401,0.1387,0.0980160685558718,0.0956,0.9867513279198974,16162,0.0032969045729287,0.0,pixel_reliability=0 AND MODLAND_QA(bits0-1)=0 AND VI range -2000..10000,MOD13Q1 V061 Terra 250m 16-day
SO1201,Hargeysa,SO12,Woqooyi Galbeed,2017-04-23,0.1377735220994475,0.1332,0.1004328729281767,0.0978,0.4420294279260028,7240,0.3643079553086269,0.0169729531717443,pixel_reliability=0 AND MODLAND_QA(bits0-1)=0 AND VI range -2000..10000,MOD13Q1 V061 Terra 250m 16-day
SO1201,Hargeysa,SO12,Woqooyi Galbeed,2017-05-09,0.1588711505247775,0.15155,0.1079386674637969,0.1043,0.9191037303864704,15054,0.003968496245192,0.0,pixel_reliability=0 AND MODLAND_QA(bits0-1)=0 AND VI range -2000..10000,MOD13Q1 V061 Terra 250m 16-day
SO1201,Hargeysa,SO12,Woqooyi Galbeed,2017-05-25,0.1661193762016663,0.1582,0.1152997578864915,0.111,0.8573783503266378,14043,0.0219183100311374,0.0,pixel_reliability=0 AND MODLAND_QA(bits0-1)=0 AND VI range -2000..10000,MOD13Q1 V061 Terra 250m 16-day
SO1201,Hargeysa,SO12,Woqooyi Galbeed,2017-06-10,0.1688405417158476,0.1594,0.1183930608187861,0.1127,0.9827828316747054,16097,0.0039074424568044,0.0,pixel_reliability=0 AND MODLAND_QA(bits0-1)=0 AND VI range -2000..10000,MOD13Q1 V061 Terra 250m 16-day
SO1201,Hargeysa,SO12,Woqooyi Galbeed,2017-06-26,0.1533023228111971,0.1417,0.1061053007742704,0.0993,0.922583796324562,15111,0.0204530191098357,0.0,pixel_reliability=0 AND MODLAND_QA(bits0-1)=0 AND VI range -2000..10000,MOD13Q1 V061 Terra 250m 16-day
SO1201,Hargeysa,SO12,Woqooyi Galbeed,2017-07-12,0.146528123180436,0.1403,0.1022275538590929,0.0984,0.9437084071066608,15457,0.0133097258684901,0.0,pixel_reliability=0 AND MODLAND_QA(bits0-1)=0 AND VI range -2000..10000,MOD13Q1 V061 Terra 250m 16-day
SO1201,Hargeysa,SO12,Woqooyi Galbeed,2017-07-28,0.1450248248531597,0.1379,0.0998453046493525,0.0958,0.8627510837047438,14131,0.0316869161731485,0.0,pixel_reliability=0 AND MODLAND_QA(bits0-1)=0 AND VI range -2000..10000,MOD13Q1 V061 Terra 250m 16-day
SO1201,Hargeysa,SO12,Woqooyi Galbeed,2017-08-13,0.1461334144818976,0.1381,0.1015706616729088,0.096,0.9780816899688626,16020,0.001831613651627,0.0,pixel_reliability=0 AND MODLAND_QA(bits0-1)=0 AND VI range -2000..10000,MOD13Q1 V061 Terra 250m 16-day
SO1201,Hargeysa,SO12,Woqooyi Galbeed,2017-08-29,0.1597210815193663,0.1493,0.107532925840454,0.0994,0.978875389217901,16033,0.0028084742658281,0.0,pixel_reliability=0 AND MODLAND_QA(bits0-1)=0 AND VI range -2000..10000,MOD13Q1 V061 Terra 250m 16-day
SO1201,Hargeysa,SO12,Woqooyi Galbeed,2017-09-14,0.1715214417158449,0.1601,0.1184805825242718,0.1108,0.962146651199707,15759,0.0024421515355027,0.0,pixel_reliability=0 AND MODLAND_QA(bits0-1)=0 AND VI range -2000..10000,MOD13Q1 V061 Terra 250m 16-day
SO1201,Hargeysa,SO12,Woqooyi Galbeed,2017-09-30,0.1700369287925696,0.1592,0.1196936470588235,0.1134,0.9860186824592466,16150,0.0012210757677513,0.0,pixel_reliability=0 AND MODLAND_QA(bits0-1)=0 AND VI range -2000..10000,MOD13Q1 V061 Terra 250m 16-day
SO1201,Hargeysa,SO12,Woqooyi Galbeed,2017-10-16,0.1625708067611912,0.1542,0.1129841248219924,0.1083,0.986079736247634,16151,0.0030526894193784,0.0,pixel_reliability=0 AND MODLAND_QA(bits0-1)=0 AND VI range -2000..10000,MOD13Q1 V061 Terra 250m 16-day
SO1201,Hargeysa,SO12,Woqooyi Galbeed,2017-11-01,0.1592970403255642,0.15360000000000001,0.10951316438525095,0.1061,0.9901703400696014,16218,0.0008547530374259722,0.0,pixel_reliability=0 AND MODLAND_QA(bits0-1)=0 AND VI range -2000..10000,MOD13Q1 V061 Terra 250m 16-day
SO1201,Hargeysa,SO12,Woqooyi Galbeed,2017-11-17,0.1544403620742559,0.1492,0.10445979748389077,0.10210000000000001,0.9948714817754442,16295,0.0009158068258135417,0.0,pixel_reliability=0 AND MODLAND_QA(bits0-1)=0 AND VI range -2000..10000,MOD13Q1 V061 Terra 250m 16-day
SO1201,Hargeysa,SO12,Woqooyi Galbeed,2017-12-03,0.15093905212687486,0.1461,0.10166205433980821,0.0999,0.9932230294889798,16268,0.001343183344526528,0.0,pixel_reliability=0 AND MODLAND_QA(bits0-1)=0 AND VI range -2000..10000,MOD13Q1 V061 Terra 250m 16-day
SO1201,Hargeysa,SO12,Woqooyi Galbeed,2017-12-19,0.14723455413025965,0.1423,0.09938633575013944,0.097,0.9852249832102082,16137,0.001343183344526528,0.0,pixel_reliability=0 AND MODLAND_QA(bits0-1)=0 AND VI range -2000..10000,MOD13Q1 V061 Terra 250m 16-day
SO1202,Berbera,SO12,Woqooyi Galbeed,2017-01-01,0.11625318275154,0.1127,0.0806233639853584,0.0782,0.915712884238064,11201,0.0037606278613472,8.175277959450622e-05,pixel_reliability=0 AND MODLAND_QA(bits0-1)=0 AND VI range -2000..10000,MOD13Q1 V061 Terra 250m 16-day
SO1202,Berbera,SO12,Woqooyi Galbeed,2017-01-17,0.1107831615470966,0.1075,0.0785619246861924,0.0767,0.8010954872465664,9799,0.0625408763897972,0.0007357750163505,pixel_reliability=0 AND MODLAND_QA(bits0-1)=0 AND VI range -2000..10000,MOD13Q1 V061 Terra 250m 16-day
SO1202,Berbera,SO12,Woqooyi Galbeed,2017-02-02,0.1076116483911558,0.1019,0.0797754089520043,0.076,0.454790712884238,5563,0.2721550032701111,0.0053956834532374,pixel_reliability=0 AND MODLAND_QA(bits0-1)=0 AND VI range -2000..10000,MOD13Q1 V061 Terra 250m 16-day
SO1202,Berbera,SO12,Woqooyi Galbeed,2017-02-18,0.1084568791561568,0.105,0.0771189291446915,0.0752,0.7130477436232832,8722,0.0830608240680183,0.0079300196206671,pixel_reliability=0 AND MODLAND_QA(bits0-1)=0 AND VI range -2000..10000,MOD13Q1 V061 Terra 250m 16-day
SO1202,Berbera,SO12,Woqooyi Galbeed,2017-03-06,0.1078353578372372,0.106,0.0778948708452921,0.0769,0.8830117724002616,10801,0.0180673642903858,0.0012262916939175,pixel_reliability=0 AND MODLAND_QA(bits0-1)=0 AND VI range -2000..10000,MOD13Q1 V061 Terra 250m 16-day
SO1202,Berbera,SO12,Woqooyi Galbeed,2017-03-22,0.1074154191616766,0.1058,0.0762574943862275,0.0754,0.8737737083060824,10688,0.0308207979071288,0.0049051667756703,pixel_reliability=0 AND MODLAND_QA(bits0-1)=0 AND VI range -2000..10000,MOD13Q1 V061 Terra 250m 16-day
SO1202,Berbera,SO12,Woqooyi Galbeed,2017-04-07,0.106946561098922,0.1051,0.0783065153105027,0.0767,0.8570143884892086,10483,0.0314748201438848,0.0017168083714846,pixel_reliability=0 AND MODLAND_QA(bits0-1)=0 AND VI range -2000..10000,MOD13Q1 V061 Terra 250m 16-day
SO1202,Berbera,SO12,Woqooyi Galbeed,2017-04-23,0.1071868760628188,0.1046,0.0784326597979393,0.0766,0.8172825376062786,9997,0.0286134728580771,0.0054774362328319,pixel_reliability=0 AND MODLAND_QA(bits0-1)=0 AND VI range -2000..10000,MOD13Q1 V061 Terra 250m 16-day
SO1202,Berbera,SO12,Woqooyi Galbeed,2017-05-09,0.112626734772552,0.1085,0.0815400250578257,0.0778,0.8482668410725964,10376,0.0250163505559189,0.0061314584695879,pixel_reliability=0 AND MODLAND_QA(bits0-1)=0 AND VI range -2000..10000,MOD13Q1 V061 Terra 250m 16-day
SO1202,Berbera,SO12,Woqooyi Galbeed,2017-05-25,0.1100633484162895,0.1065,0.0813531925590749,0.0783,0.8130313930673643,9945,0.0376062786134728,0.0040058862001308,pixel_reliability=0 AND MODLAND_QA(bits0-1)=0 AND VI range -2000..10000,MOD13Q1 V061 Terra 250m 16-day
SO1202,Berbera,SO12,Woqooyi Galbeed,2017-06-10,0.1084203897911833,0.1062,0.0799540232018561,0.0777,0.8808862001308044,10775,0.027305428384565,0.0022073250490516,pixel_reliability=0 AND MODLAND_QA(bits0-1)=0 AND VI range -2000..10000,MOD13Q1 V061 Terra 250m 16-day
SO1202,Berbera,SO12,Woqooyi Galbeed,2017-06-26,0.0959035183656624,0.0948,0.0705950990507635,0.0697,0.7923479398299542,9692,0.0523217789404839,0.0131621975147155,pixel_reliability=0 AND MODLAND_QA(bits0-1)=0 AND VI range -2000..10000,MOD13Q1 V061 Terra 250m 16-day
SO1202,Berbera,SO12,Woqooyi Galbeed,2017-07-12,0.0994741151977793,0.098,0.0732831069693665,0.0723,0.8246402877697842,10087,0.0430837148463047,0.0098920863309352,pixel_reliability=0 AND MODLAND_QA(bits0-1)=0 AND VI range -2000..10000,MOD13Q1 V061 Terra 250m 16-day
SO1202,Berbera,SO12,Woqooyi Galbeed,2017-07-28,0.1003784535272155,0.0997,0.0742396738062487,0.0736,0.8320797907128843,10178,0.0353172007848266,0.0081752779594506,pixel_reliability=0 AND MODLAND_QA(bits0-1)=0 AND VI range -2000..10000,MOD13Q1 V061 Terra 250m 16-day
SO1202,Berbera,SO12,Woqooyi Galbeed,2017-08-13,0.1021737362637362,0.101,0.0747790659340659,0.0741,0.8927403531720078,10920,0.0195389143230869,0.0087475474166121,pixel_reliability=0 AND MODLAND_QA(bits0-1)=0 AND VI range -2000..10000,MOD13Q1 V061 Terra 250m 16-day
SO1202,Berbera,SO12,Woqooyi Galbeed,2017-08-29,0.1045016815124522,0.1035,0.0760066715142701,0.0753,0.8994440810987574,11002,0.01324395029431,0.0018803139306736,pixel_reliability=0 AND MODLAND_QA(bits0-1)=0 AND VI range -2000..10000,MOD13Q1 V061 Terra 250m 16-day
SO1202,Berbera,SO12,Woqooyi Galbeed,2017-09-14,0.1073260096635974,0.1061,0.0775362384902908,0.0762,0.8967462393721386,10969,0.0161870503597122,0.0037606278613472,pixel_reliability=0 AND MODLAND_QA(bits0-1)=0 AND VI range -2000..10000,MOD13Q1 V061 Terra 250m 16-day
SO1202,Berbera,SO12,Woqooyi Galbeed,2017-09-30,0.1107731621936989,0.1083,0.0811452742123687,0.0788,0.9108077174623938,11141,0.0120994113799869,0.0004087638979725,pixel_reliability=0 AND MODLAND_QA(bits0-1)=0 AND VI range -2000..10000,MOD13Q1 V061 Terra 250m 16-day
SO1202,Berbera,SO12,Woqooyi Galbeed,2017-10-16,0.1098924578445747,0.1077,0.0802896719208211,0.0786,0.8920863309352518,10912,0.0156147809025506,0.000817527795945,pixel_reliability=0 AND MODLAND_QA(bits0-1)=0 AND VI range -2000..10000,MOD13Q1 V061 Terra 250m 16-day
SO1202,Berbera,SO12,Woqooyi Galbeed,2017-11-01,0.11333908570406157,0.1105,0.08116203256396493,0.0787,0.9138325703073904,11178,0.008911052975801177,0.0006540222367560497,pixel_reliability=0 AND MODLAND_QA(bits0-1)=0 AND VI range -2000..10000,MOD13Q1 V061 Terra 250m 16-day
SO1202,Berbera,SO12,Woqooyi Galbeed,2017-11-17,0.11158443305573351,0.1087,0.07929458222750985,0.0771,0.8933126226291694,10927,0.013407455853499018,0.00040876389797253105,pixel_reliability=0 AND MODLAND_QA(bits0-1)=0 AND VI range -2000..10000,MOD13Q1 V061 Terra 250m 16-day
SO1202,Berbera,SO12,Woqooyi Galbeed,2017-12-03,0.11199855229822657,0.1086,0.07796487513572205,0.07590000000000001,0.9035317200784827,11052,0.009728580771746239,0.001144538914323087,pixel_reliability=0 AND MODLAND_QA(bits0-1)=0 AND VI range -2000..10000,MOD13Q1 V061 Terra 250m 16-day
SO1202,Berbera,SO12,Woqooyi Galbeed,2017-12-19,0.11204688861985473,0.10890000000000001,0.08087578692493948,0.0786,0.6752779594506213,8260,0.04283845650752126,0.0010627861347285807,pixel_reliability=0 AND MODLAND_QA(bits0-1)=0 AND VI range -2000..10000,MOD13Q1 V061 Terra 250m 16-day
SO1203,Gebiley,SO12,Woqooyi Galbeed,2017-01-01,0.1764964633419432,0.1766,0.1069328432346513,0.1104,0.9974237019421324,5033,0.0,0.0,pixel_reliability=0 AND MODLAND_QA(bits0-1)=0 AND VI range -2000..10000,MOD13Q1 V061 Terra 250m 16-day
SO1203,Gebiley,SO12,Woqooyi Galbeed,2017-01-17,0.1680681609882446,0.1699,0.1039062163777645,0.1081,0.9946492271105828,5019,0.0,0.0,pixel_reliability=0 AND MODLAND_QA(bits0-1)=0 AND VI range -2000..10000,MOD13Q1 V061 Terra 250m 16-day
SO1203,Gebiley,SO12,Woqooyi Galbeed,2017-02-02,0.1694126201550387,0.1732,0.1031471007751938,0.1055,0.6391200951248514,3225,0.0529131985731272,0.0,pixel_reliability=0 AND MODLAND_QA(bits0-1)=0 AND VI range -2000..10000,MOD13Q1 V061 Terra 250m 16-day
SO1203,Gebiley,SO12,Woqooyi Galbeed,2017-02-18,0.1608036697247706,0.1625,0.1005467681401167,0.10525,0.9504558065794688,4796,0.016052318668252,0.0,pixel_reliability=0 AND MODLAND_QA(bits0-1)=0 AND VI range -2000..10000,MOD13Q1 V061 Terra 250m 16-day
SO1203,Gebiley,SO12,Woqooyi Galbeed,2017-03-06,0.1509159423233144,0.15295,0.0953065190901706,0.1,0.9758224336107808,4924,0.0093143083630598,0.0,pixel_reliability=0 AND MODLAND_QA(bits0-1)=0 AND VI range -2000..10000,MOD13Q1 V061 Terra 250m 16-day
SO1203,Gebiley,SO12,Woqooyi Galbeed,2017-03-22,0.1537935839711841,0.15615,0.0996387212967132,0.1028,0.8803012286959968,4442,0.0180340864050733,0.0,pixel_reliability=0 AND MODLAND_QA(bits0-1)=0 AND VI range -2000..10000,MOD13Q1 V061 Terra 250m 16-day
SO1203,Gebiley,SO12,Woqooyi Galbeed,2017-04-07,0.1575080443258772,0.1612,0.1020881182023394,0.1075,0.9657154181529924,4873,0.0087197780420134,0.0,pixel_reliability=0 AND MODLAND_QA(bits0-1)=0 AND VI range -2000..10000,MOD13Q1 V061 Terra 250m 16-day
SO1203,Gebiley,SO12,Woqooyi Galbeed,2017-04-23,0.1565510638297872,0.15665,0.103288061465721,0.1052,0.6706302021403091,3384,0.1250495441934205,0.0,pixel_reliability=0 AND MODLAND_QA(bits0-1)=0 AND VI range -2000..10000,MOD13Q1 V061 Terra 250m 16-day
SO1203,Gebiley,SO12,Woqooyi Galbeed,2017-05-09,0.1872432251082251,0.1904,0.1232790909090909,0.12645,0.915576694411415,4620,0.0077288941736028,0.0,pixel_reliability=0 AND MODLAND_QA(bits0-1)=0 AND VI range -2000..10000,MOD13Q1 V061 Terra 250m 16-day
SO1203,Gebiley,SO12,Woqooyi Galbeed,2017-05-25,0.1953179576521039,0.1993,0.1338154650227821,0.1389,0.7393975426080064,3731,0.0437970669837495,0.0,pixel_reliability=0 AND MODLAND_QA(bits0-1)=0 AND VI range -2000..10000,MOD13Q1 V061 Terra 250m 16-day
SO1203,Gebiley,SO12,Woqooyi Galbeed,2017-06-10,0.1882524869109947,0.19,0.1294837914485166,0.1322,0.9084423305588584,4584,0.0138723741577487,0.0,pixel_reliability=0 AND MODLAND_QA(bits0-1)=0 AND VI range -2000..10000,MOD13Q1 V061 Terra 250m 16-day
SO1203,Gebiley,SO12,Woqooyi Galbeed,2017-06-26,0.1780516095749071,0.17975,0.1168651465125877,0.1192,0.9603646452635752,4846,0.0069361870788743,0.0,pixel_reliability=0 AND MODLAND_QA(bits0-1)=0 AND VI range -2000..10000,MOD13Q1 V061 Terra 250m 16-day
SO1203,Gebiley,SO12,Woqooyi Galbeed,2017-07-12,0.1645577791851382,0.1668,0.1108028287945957,0.113,0.9387633769322236,4737,0.0190249702734839,0.0,pixel_reliability=0 AND MODLAND_QA(bits0-1)=0 AND VI range -2000..10000,MOD13Q1 V061 Terra 250m 16-day
SO1203,Gebiley,SO12,Woqooyi Galbeed,2017-07-28,0.1680543792325056,0.1657,0.1134300902934537,0.1142,0.8779231074118113,4430,0.0206103844629409,0.0,pixel_reliability=0 AND MODLAND_QA(bits0-1)=0 AND VI range -2000..10000,MOD13Q1 V061 Terra 250m 16-day
SO1203,Gebiley,SO12,Woqooyi Galbeed,2017-08-13,0.207282991202346,0.2124,0.138855921497857,0.1435,0.8785176377328577,4433,0.0130796670630202,0.0,pixel_reliability=0 AND MODLAND_QA(bits0-1)=0 AND VI range -2000..10000,MOD13Q1 V061 Terra 250m 16-day
SO1203,Gebiley,SO12,Woqooyi Galbeed,2017-08-29,0.2362242792109256,0.2384,0.1597513331888142,0.1632,0.91418945699564,4613,0.0156559651208878,0.0,pixel_reliability=0 AND MODLAND_QA(bits0-1)=0 AND VI range -2000..10000,MOD13Q1 V061 Terra 250m 16-day
SO1203,Gebiley,SO12,Woqooyi Galbeed,2017-09-14,0.2578247016437739,0.2566,0.1711605043909029,0.1696,0.8801030519223147,4441,0.0122869599682917,0.0,pixel_reliability=0 AND MODLAND_QA(bits0-1)=0 AND VI range -2000..10000,MOD13Q1 V061 Terra 250m 16-day
SO1203,Gebiley,SO12,Woqooyi Galbeed,2017-09-30,0.244950499001996,0.2452,0.1614168063872255,0.16185,0.9928656361474436,5010,0.0001981767736821,0.0,pixel_reliability=0 AND MODLAND_QA(bits0-1)=0 AND VI range -2000..10000,MOD13Q1 V061 Terra 250m 16-day
SO1203,Gebiley,SO12,Woqooyi Galbeed,2017-10-16,0.2153591563577368,0.2191,0.1417959034678564,0.1456,0.9772096710265556,4931,0.0027744748315497,0.0,pixel_reliability=0 AND MODLAND_QA(bits0-1)=0 AND VI range -2000..10000,MOD13Q1 V061 Terra 250m 16-day
SO1203,Gebiley,SO12,Woqooyi Galbeed,2017-11-01,0.19550224786154766,0.19990000000000002,0.1276239904515616,0.1325,0.9962346413000396,5027,0.0,0.0,pixel_reliability=0 AND MODLAND_QA(bits0-1)=0 AND VI range -2000..10000,MOD13Q1 V061 Terra 250m 16-day
SO1203,Gebiley,SO12,Woqooyi Galbeed,2017-11-17,0.18458127498001603,0.19015,0.11852392086330937,0.1241,0.9916765755053508,5004,0.0005945303210463733,0.0,pixel_reliability=0 AND MODLAND_QA(bits0-1)=0 AND VI range -2000..10000,MOD13Q1 V061 Terra 250m 16-day
SO1203,Gebiley,SO12,Woqooyi Galbeed,2017-12-03,0.17650544395339496,0.18180000000000002,0.11135038167938933,0.11765,0.9865239793896156,4978,0.0013872374157748713,0.0,pixel_reliability=0 AND MODLAND_QA(bits0-1)=0 AND VI range -2000..10000,MOD13Q1 V061 Terra 250m 16-day
SO1203,Gebiley,SO12,Woqooyi Galbeed,2017-12-19,0.1722021597392013,0.1764,0.11016898940505297,0.11675,0.9726516052318668,4908,0.0015854141894569957,0.0,pixel_reliability=0 AND MODLAND_QA(bits0-1)=0 AND VI range -2000..10000,MOD13Q1 V061 Terra 250m 16-day
SO1301,Burco,SO13,Togdheer,2017-01-01,0.1698026204609872,0.1654,0.1050164019466281,0.1041,0.9967484008528784,18699,0.0001066098081023,0.0,pixel_reliability=0 AND MODLAND_QA(bits0-1)=0 AND VI range -2000..10000,MOD13Q1 V061 Terra 250m 16-day
SO1301,Burco,SO13,Togdheer,2017-01-17,0.1662909558461454,0.162,0.102869436997319,0.1024,0.9742537313432836,18277,0.0001599147121535,0.0,pixel_reliability=0 AND MODLAND_QA(bits0-1)=0 AND VI range -2000..10000,MOD13Q1 V061 Terra 250m 16-day
SO1301,Burco,SO13,Togdheer,2017-02-02,0.1621826130822263,0.1577,0.1020419707415503,0.1015,0.9510127931769724,17841,0.003091684434968,0.0,pixel_reliability=0 AND MODLAND_QA(bits0-1)=0 AND VI range -2000..10000,MOD13Q1 V061 Terra 250m 16-day
SO1301,Burco,SO13,Togdheer,2017-02-18,0.1635605315543121,0.1586,0.1032853822564157,0.1028,0.9907782515991472,18587,0.0007995735607675,0.0,pixel_reliability=0 AND MODLAND_QA(bits0-1)=0 AND VI range -2000..10000,MOD13Q1 V061 Terra 250m 16-day
SO1301,Burco,SO13,Togdheer,2017-03-06,0.1631277391024954,0.1587,0.1026791688979329,0.1025,0.9954157782515992,18674,0.0004797441364605,0.0,pixel_reliability=0 AND MODLAND_QA(bits0-1)=0 AND VI range -2000..10000,MOD13Q1 V061 Terra 250m 16-day
SO1301,Burco,SO13,Togdheer,2017-03-22,0.155238021626561,0.1501,0.0987584602497715,0.0981,0.7,13132,0.0683901918976545,0.0,pixel_reliability=0 AND MODLAND_QA(bits0-1)=0 AND VI range -2000..10000,MOD13Q1 V061 Terra 250m 16-day
SO1301,Burco,SO13,Togdheer,2017-04-07,0.1633679870828848,0.15835,0.1033377341227126,0.1023,0.990405117270789,18580,0.0005863539445628,0.0,pixel_reliability=0 AND MODLAND_QA(bits0-1)=0 AND VI range -2000..10000,MOD13Q1 V061 Terra 250m 16-day
SO1301,Burco,SO13,Togdheer,2017-04-23,0.1638807099408382,0.1537,0.1080720606616115,0.1042,0.6397121535181237,12001,0.1376332622601279,0.0,pixel_reliability=0 AND MODLAND_QA(bits0-1)=0 AND VI range -2000..10000,MOD13Q1 V061 Terra 250m 16-day
SO1301,Burco,SO13,Togdheer,2017-05-09,0.2056648006519559,0.1921,0.1346450100300903,0.127,0.8503198294243071,15952,0.0380063965884861,0.0001599147121535,pixel_reliability=0 AND MODLAND_QA(bits0-1)=0 AND VI range -2000..10000,MOD13Q1 V061 Terra 250m 16-day
SO1301,Burco,SO13,Togdheer,2017-05-25,0.2162290329039578,0.1975,0.1447678969498765,0.1333,0.7986673773987207,14983,0.0496801705756929,0.0,pixel_reliability=0 AND MODLAND_QA(bits0-1)=0 AND VI range -2000..10000,MOD13Q1 V061 Terra 250m 16-day
SO1301,Burco,SO13,Togdheer,2017-06-10,0.2038265499026967,0.1818,0.1327097442313038,0.1221,0.766950959488273,14388,0.0382196162046908,0.0,pixel_reliability=0 AND MODLAND_QA(bits0-1)=0 AND VI range -2000..10000,MOD13Q1 V061 Terra 250m 16-day
SO1301,Burco,SO13,Togdheer,2017-06-26,0.1570290701314965,0.1548,0.1054586568566061,0.1041,0.3405117270788912,6388,0.5091151385927505,0.0,pixel_reliability=0 AND MODLAND_QA(bits0-1)=0 AND VI range -2000..10000,MOD13Q1 V061 Terra 250m 16-day
SO1301,Burco,SO13,Togdheer,2017-07-12,0.1449568229758234,0.1429,0.099876813240305,0.0992,0.3285181236673774,6163,0.3239339019189765,0.1025586353944563,pixel_reliability=0 AND MODLAND_QA(bits0-1)=0 AND VI range -2000..10000,MOD13Q1 V061 Terra 250m 16-day
SO1301,Burco,SO13,Togdheer,2017-07-28,0.1454103294177732,0.1438,0.0973958120531154,0.0967,0.4174840085287846,7832,0.3860341151385927,0.0087420042643923,pixel_reliability=0 AND MODLAND_QA(bits0-1)=0 AND VI range -2000..10000,MOD13Q1 V061 Terra 250m 16-day
SO1301,Burco,SO13,Togdheer,2017-08-13,0.1662403908250751,0.1608,0.105841966373455,0.1044,0.9574626865671642,17962,0.0007995735607675,0.0,pixel_reliability=0 AND MODLAND_QA(bits0-1)=0 AND VI range -2000..10000,MOD13Q1 V061 Terra 250m 16-day
SO1301,Burco,SO13,Togdheer,2017-08-29,0.1691421161706292,0.1648,0.1099342409763398,0.1082,0.9259594882729212,17371,0.0051705756929637,0.0,pixel_reliability=0 AND MODLAND_QA(bits0-1)=0 AND VI range -2000..10000,MOD13Q1 V061 Terra 250m 16-day
SO1301,Burco,SO13,Togdheer,2017-09-14,0.1904679429168116,0.1887,0.1216226128321151,0.1202,0.9188699360341152,17238,0.0127398720682302,0.0,pixel_reliability=0 AND MODLAND_QA(bits0-1)=0 AND VI range -2000..10000,MOD13Q1 V061 Terra 250m 16-day
SO1301,Burco,SO13,Togdheer,2017-09-30,0.192812295126898,0.1896,0.1244783149701255,0.1219,0.9724413646055438,18243,0.0009061833688699,0.0,pixel_reliability=0 AND MODLAND_QA(bits0-1)=0 AND VI range -2000..10000,MOD13Q1 V061 Terra 250m 16-day
SO1301,Burco,SO13,Togdheer,2017-10-16,0.1765609529248593,0.1694,0.116812580566207,0.1135,0.6533582089552239,12257,0.1286247334754797,0.0,pixel_reliability=0 AND MODLAND_QA(bits0-1)=0 AND VI range -2000..10000,MOD13Q1 V061 Terra 250m 16-day
SO1301,Burco,SO13,Togdheer,2017-11-01,0.20655866071908421,0.1965,0.13303392809157846,0.125,0.9918443496801705,18607,0.0005330490405117271,0.0,pixel_reliability=0 AND MODLAND_QA(bits0-1)=0 AND VI range -2000..10000,MOD13Q1 V061 Terra 250m 16-day
SO1301,Burco,SO13,Togdheer,2017-11-17,0.200240463047323,0.1913,0.12741766975722174,0.12100000000000001,0.9946162046908316,18659,0.00042643923240938164,0.0,pixel_reliability=0 AND MODLAND_QA(bits0-1)=0 AND VI range -2000..10000,MOD13Q1 V061 Terra 250m 16-day
SO1301,Burco,SO13,Togdheer,2017-12-03,0.18843457418318157,0.1837,0.11905359400107123,0.1155,0.9952025586353944,18670,0.0004797441364605544,0.0,pixel_reliability=0 AND MODLAND_QA(bits0-1)=0 AND VI range -2000..10000,MOD13Q1 V061 Terra 250m 16-day
SO1301,Burco,SO13,Togdheer,2017-12-19,0.17969335329661512,0.1767,0.11359328378161596,0.11120000000000001,0.9968550106609808,18701,0.00042643923240938164,0.0,pixel_reliability=0 AND MODLAND_QA(bits0-1)=0 AND VI range -2000..10000,MOD13Q1 V061 Terra 250m 16-day
SO1302,Buuhoodle,SO13,Togdheer,2017-01-01,0.18400158788774,0.1859,0.1120399187592319,0.1118,0.9970544918998528,8124,0.0,0.0,pixel_reliability=0 AND MODLAND_QA(bits0-1)=0 AND VI range -2000..10000,MOD13Q1 V061 Terra 250m 16-day
SO1302,Buuhoodle,SO13,Togdheer,2017-01-17,0.1802158602488375,0.1821,0.1096313686062586,0.1095,0.9765586647029946,7957,0.0,0.0,pixel_reliability=0 AND MODLAND_QA(bits0-1)=0 AND VI range -2000..10000,MOD13Q1 V061 Terra 250m 16-day
SO1302,Buuhoodle,SO13,Togdheer,2017-02-02,0.1763984484484484,0.17785,0.1091929304304304,0.1092,0.9808541973490428,7992,0.000613647520864,0.0,pixel_reliability=0 AND MODLAND_QA(bits0-1)=0 AND VI range -2000..10000,MOD13Q1 V061 Terra 250m 16-day
SO1302,Buuhoodle,SO13,Togdheer,2017-02-18,0.1762246326707001,0.1766,0.1108797752808988,0.111,0.9939862542955328,8099,0.0001227295041728,0.0,pixel_reliability=0 AND MODLAND_QA(bits0-1)=0 AND VI range -2000..10000,MOD13Q1 V061 Terra 250m 16-day
SO1302,Buuhoodle,SO13,Togdheer,2017-03-06,0.174462527661667,0.1748,0.1090117900172117,0.1088,0.9982817869415808,8134,0.0,0.0,pixel_reliability=0 AND MODLAND_QA(bits0-1)=0 AND VI range -2000..10000,MOD13Q1 V061 Terra 250m 16-day
SO1302,Buuhoodle,SO13,Togdheer,2017-03-22,0.1736287682333873,0.1754,0.1142629457050243,0.1157,0.6057928325969563,4936,0.0083456062837506,0.0,pixel_reliability=0 AND MODLAND_QA(bits0-1)=0 AND VI range -2000..10000,MOD13Q1 V061 Terra 250m 16-day
SO1302,Buuhoodle,SO13,Togdheer,2017-04-07,0.1746364319133218,0.1757,0.1099194040876631,0.1098,0.9968090328915072,8122,0.0,0.0,pixel_reliability=0 AND MODLAND_QA(bits0-1)=0 AND VI range -2000..10000,MOD13Q1 V061 Terra 250m 16-day
SO1302,Buuhoodle,SO13,Togdheer,2017-04-23,0.1767914782341178,0.1738,0.1181240116905091,0.1159,0.7978645066273933,6501,0.0235640648011782,0.0035591556210112,pixel_reliability=0 AND MODLAND_QA(bits0-1)=0 AND VI range -2000..10000,MOD13Q1 V061 Terra 250m 16-day
SO1302,Buuhoodle,SO13,Togdheer,2017-05-09,0.2580589268292683,0.25205,0.1722825609756097,0.1719,0.5031909671084929,4100,0.136475208640157,0.0153411880216003,pixel_reliability=0 AND MODLAND_QA(bits0-1)=0 AND VI range -2000..10000,MOD13Q1 V061 Terra 250m 16-day
SO1302,Buuhoodle,SO13,Togdheer,2017-05-25,0.2858790148794253,0.2856,0.1958082948520609,0.1962,0.71759941089838,5847,0.0786696121747668,0.0,pixel_reliability=0 AND MODLAND_QA(bits0-1)=0 AND VI range -2000..10000,MOD13Q1 V061 Terra 250m 16-day
SO1302,Buuhoodle,SO13,Togdheer,2017-06-10,0.2366338364434687,0.2186,0.1575121569703622,0.14895,0.4472263132056946,3644,0.2566273932253313,0.0,pixel_reliability=0 AND MODLAND_QA(bits0-1)=0 AND VI range -2000..10000,MOD13Q1 V061 Terra 250m 16-day
SO1302,Buuhoodle,SO13,Togdheer,2017-06-26,0.1882311785181502,0.1807,0.1351268523122824,0.1292,0.2468090328915071,2011,0.562960235640648,0.0003681885125184,pixel_reliability=0 AND MODLAND_QA(bits0-1)=0 AND VI range -2000..10000,MOD13Q1 V061 Terra 250m 16-day
SO1302,Buuhoodle,SO13,Togdheer,2017-07-12,0.1614314558979809,0.1625,0.1186940488841657,0.119,0.1154884634266077,941,0.4531173294059892,0.1536573392243495,pixel_reliability=0 AND MODLAND_QA(bits0-1)=0 AND VI range -2000..10000,MOD13Q1 V061 Terra 250m 16-day
SO1302,Buuhoodle,SO13,Togdheer,2017-07-28,0.1759875610839626,0.1733,0.1197465570857396,0.1201,0.2762641138929799,2251,0.4749631811487481,0.0298232695139911,pixel_reliability=0 AND MODLAND_QA(bits0-1)=0 AND VI range -2000..10000,MOD13Q1 V061 Terra 250m 16-day
SO1302,Buuhoodle,SO13,Togdheer,2017-08-13,0.187601010359381,0.1898,0.1185581020590868,0.1186,0.9596219931271478,7819,0.0,0.0,pixel_reliability=0 AND MODLAND_QA(bits0-1)=0 AND VI range -2000..10000,MOD13Q1 V061 Terra 250m 16-day
SO1302,Buuhoodle,SO13,Togdheer,2017-08-29,0.1743961355821189,0.1708,0.114738136564598,0.1143,0.7495090819833088,6107,0.0451644575355915,0.0,pixel_reliability=0 AND MODLAND_QA(bits0-1)=0 AND VI range -2000..10000,MOD13Q1 V061 Terra 250m 16-day
SO1302,Buuhoodle,SO13,Togdheer,2017-09-14,0.199428935841278,0.1994,0.1243425921154341,0.1227,0.952626411389298,7762,0.0092047128129602,0.0,pixel_reliability=0 AND MODLAND_QA(bits0-1)=0 AND VI range -2000..10000,MOD13Q1 V061 Terra 250m 16-day
SO1302,Buuhoodle,SO13,Togdheer,2017-09-30,0.2312302582551715,0.228,0.147503417705255,0.1435,0.9552037309769268,7783,0.0025773195876288,0.0,pixel_reliability=0 AND MODLAND_QA(bits0-1)=0 AND VI range -2000..10000,MOD13Q1 V061 Terra 250m 16-day
SO1302,Buuhoodle,SO13,Togdheer,2017-10-16,0.2476466982061896,0.2349,0.1656616991917997,0.1554,0.6226067746686303,5073,0.0050319096710849,0.0,pixel_reliability=0 AND MODLAND_QA(bits0-1)=0 AND VI range -2000..10000,MOD13Q1 V061 Terra 250m 16-day
SO1302,Buuhoodle,SO13,Togdheer,2017-11-01,0.26956445361340337,0.2594,0.17376026506626654,0.1685,0.9815905743740795,7998,0.0014727540500736377,0.0,pixel_reliability=0 AND MODLAND_QA(bits0-1)=0 AND VI range -2000..10000,MOD13Q1 V061 Terra 250m 16-day
SO1302,Buuhoodle,SO13,Togdheer,2017-11-17,0.26082795446108153,0.24830000000000002,0.16936484345996783,0.1618,0.9917771232204222,8081,0.00012272950417280314,0.0,pixel_reliability=0 AND MODLAND_QA(bits0-1)=0 AND VI range -2000..10000,MOD13Q1 V061 Terra 250m 16-day
SO1302,Buuhoodle,SO13,Togdheer,2017-12-03,0.22873316843927777,0.22165,0.14213027454860253,0.13765,0.9923907707412862,8086,0.00012272950417280314,0.0,pixel_reliability=0 AND MODLAND_QA(bits0-1)=0 AND VI range -2000..10000,MOD13Q1 V061 Terra 250m 16-day
SO1302,Buuhoodle,SO13,Togdheer,2017-12-19,0.20766003447426742,0.20605,0.12937315932036444,0.1275,0.9968090328915071,8122,0.00012272950417280314,0.0,pixel_reliability=0 AND MODLAND_QA(bits0-1)=0 AND VI range -2000..10000,MOD13Q1 V061 Terra 250m 16-day
SO1303,Owdweyne,SO13,Togdheer,2017-01-01,0.1564359333469638,0.1539,0.1011674504191371,0.1008,0.9986727922409392,9782,0.0,0.0,pixel_reliability=0 AND MODLAND_QA(bits0-1)=0 AND VI range -2000..10000,MOD13Q1 V061 Terra 250m 16-day
SO1303,Owdweyne,SO13,Togdheer,2017-01-17,0.1530003889457523,0.1507,0.1000019447287615,0.0996,0.9974476773864216,9770,0.0,0.0,pixel_reliability=0 AND MODLAND_QA(bits0-1)=0 AND VI range -2000..10000,MOD13Q1 V061 Terra 250m 16-day
SO1303,Owdweyne,SO13,Togdheer,2017-02-02,0.1490723856380194,0.1466,0.0986656652360515,0.0983,0.9752935171005616,9553,0.0,0.0,pixel_reliability=0 AND MODLAND_QA(bits0-1)=0 AND VI range -2000..10000,MOD13Q1 V061 Terra 250m 16-day
SO1303,Owdweyne,SO13,Togdheer,2017-02-18,0.1509771086822025,0.1486,0.0980647246855021,0.0977,0.990096988259316,9698,0.0001020929045431,0.0,pixel_reliability=0 AND MODLAND_QA(bits0-1)=0 AND VI range -2000..10000,MOD13Q1 V061 Terra 250m 16-day
SO1303,Owdweyne,SO13,Togdheer,2017-03-06,0.1499520298599038,0.1476,0.0993766336026178,0.0989,0.99836651352731,9779,0.0,0.0,pixel_reliability=0 AND MODLAND_QA(bits0-1)=0 AND VI range -2000..10000,MOD13Q1 V061 Terra 250m 16-day
SO1303,Owdweyne,SO13,Togdheer,2017-03-22,0.1504157934131736,0.1483,0.0961567151411462,0.0956,0.9547728432873916,9352,0.0007146503318019,0.0,pixel_reliability=0 AND MODLAND_QA(bits0-1)=0 AND VI range -2000..10000,MOD13Q1 V061 Terra 250m 16-day
SO1303,Owdweyne,SO13,Togdheer,2017-04-07,0.149381269808813,0.1473,0.0980259584909518,0.0972,0.998570699336396,9781,0.0,0.0,pixel_reliability=0 AND MODLAND_QA(bits0-1)=0 AND VI range -2000..10000,MOD13Q1 V061 Terra 250m 16-day
SO1303,Owdweyne,SO13,Togdheer,2017-04-23,0.1511095903461416,0.142,0.1035672912035567,0.0996,0.3214905564063298,3149,0.4633996937212863,0.0005104645227156,pixel_reliability=0 AND MODLAND_QA(bits0-1)=0 AND VI range -2000..10000,MOD13Q1 V061 Terra 250m 16-day
SO1303,Owdweyne,SO13,Togdheer,2017-05-09,0.1896004336513443,0.1782,0.1246338790112749,0.1201,0.9417049515058704,9224,0.0016334864726901,0.0,pixel_reliability=0 AND MODLAND_QA(bits0-1)=0 AND VI range -2000..10000,MOD13Q1 V061 Terra 250m 16-day
SO1303,Owdweyne,SO13,Togdheer,2017-05-25,0.1897863955119214,0.1763,0.1279469378214119,0.1221,0.8735068912710566,8556,0.0245022970903522,0.0,pixel_reliability=0 AND MODLAND_QA(bits0-1)=0 AND VI range -2000..10000,MOD13Q1 V061 Terra 250m 16-day
SO1303,Owdweyne,SO13,Togdheer,2017-06-10,0.1844588853838065,0.1713,0.1247928145811426,0.1179,0.8738131699846861,8559,0.0162327718223583,0.0,pixel_reliability=0 AND MODLAND_QA(bits0-1)=0 AND VI range -2000..10000,MOD13Q1 V061 Terra 250m 16-day
SO1303,Owdweyne,SO13,Togdheer,2017-06-26,0.1576323580855462,0.1539,0.1054546350771188,0.1036,0.6420622766717713,6289,0.2462480857580398,0.0,pixel_reliability=0 AND MODLAND_QA(bits0-1)=0 AND VI range -2000..10000,MOD13Q1 V061 Terra 250m 16-day
SO1303,Owdweyne,SO13,Togdheer,2017-07-12,0.1467356150955726,0.1435,0.1018331481784022,0.0998,0.6249106687085247,6121,0.2005104645227156,0.0,pixel_reliability=0 AND MODLAND_QA(bits0-1)=0 AND VI range -2000..10000,MOD13Q1 V061 Terra 250m 16-day
SO1303,Owdweyne,SO13,Togdheer,2017-07-28,0.1470570337364736,0.1425,0.1016246339910885,0.0992,0.3207759060745278,3142,0.4419601837672282,0.0,pixel_reliability=0 AND MODLAND_QA(bits0-1)=0 AND VI range -2000..10000,MOD13Q1 V061 Terra 250m 16-day
SO1303,Owdweyne,SO13,Togdheer,2017-08-13,0.1522842990654205,0.1474,0.101278733125649,0.0988,0.9831546707503828,9630,0.0001020929045431,0.0,pixel_reliability=0 AND MODLAND_QA(bits0-1)=0 AND VI range -2000..10000,MOD13Q1 V061 Terra 250m 16-day
SO1303,Owdweyne,SO13,Togdheer,2017-08-29,0.1588687822961132,0.15605,0.1038625589755111,0.1011,0.9088310362429812,8902,0.006125574272588,0.0,pixel_reliability=0 AND MODLAND_QA(bits0-1)=0 AND VI range -2000..10000,MOD13Q1 V061 Terra 250m 16-day
SO1303,Owdweyne,SO13,Togdheer,2017-09-14,0.1677287217715413,0.164,0.1100048125411094,0.1074,0.9312914752424708,9122,0.0007146503318019,0.0,pixel_reliability=0 AND MODLAND_QA(bits0-1)=0 AND VI range -2000..10000,MOD13Q1 V061 Terra 250m 16-day
SO1303,Owdweyne,SO13,Togdheer,2017-09-30,0.1693562577065351,0.1642,0.1142811035758323,0.1108,0.9935681470137824,9732,0.0,0.0,pixel_reliability=0 AND MODLAND_QA(bits0-1)=0 AND VI range -2000..10000,MOD13Q1 V061 Terra 250m 16-day
SO1303,Owdweyne,SO13,Togdheer,2017-10-16,0.1574265398219295,0.1542,0.106621502622271,0.104,0.8370597243491578,8199,0.0470648289943848,0.0,pixel_reliability=0 AND MODLAND_QA(bits0-1)=0 AND VI range -2000..10000,MOD13Q1 V061 Terra 250m 16-day
SO1303,Owdweyne,SO13,Togdheer,2017-11-01,0.1724790572110892,0.1592,0.11314052538677188,0.1058,0.983256763654926,9631,0.0,0.0,pixel_reliability=0 AND MODLAND_QA(bits0-1)=0 AND VI range -2000..10000,MOD13Q1 V061 Terra 250m 16-day
SO1303,Owdweyne,SO13,Togdheer,2017-11-17,0.16860200511508952,0.1557,0.11046059335038365,0.10360000000000001,0.9979581419091373,9775,0.0,0.0,pixel_reliability=0 AND MODLAND_QA(bits0-1)=0 AND VI range -2000..10000,MOD13Q1 V061 Terra 250m 16-day
SO1303,Owdweyne,SO13,Togdheer,2017-12-03,0.16429055890466948,0.1534,0.10787455808725863,0.1024,0.9991832567636549,9787,0.0,0.0,pixel_reliability=0 AND MODLAND_QA(bits0-1)=0 AND VI range -2000..10000,MOD13Q1 V061 Terra 250m 16-day
SO1303,Owdweyne,SO13,Togdheer,2017-12-19,0.1596446854219949,0.15080000000000002,0.10443465984654733,0.1004,0.9979581419091373,9775,0.0,0.0,pixel_reliability=0 AND MODLAND_QA(bits0-1)=0 AND VI range -2000..10000,MOD13Q1 V061 Terra 250m 16-day
SO1304,Sheikh,SO13,Togdheer,2017-01-01,0.1852228596137215,0.1542,0.1086975208993946,0.1021,0.9954088952654232,3469,0.000573888091822,0.000573888091822,pixel_reliability=0 AND MODLAND_QA(bits0-1)=0 AND VI range -2000..10000,MOD13Q1 V061 Terra 250m 16-day
SO1304,Sheikh,SO13,Togdheer,2017-01-17,0.1803668484500574,0.1509,0.1043922502870264,0.0994,0.999713055954089,3484,0.0,0.0,pixel_reliability=0 AND MODLAND_QA(bits0-1)=0 AND VI range -2000..10000,MOD13Q1 V061 Terra 250m 16-day
SO1304,Sheikh,SO13,Togdheer,2017-02-02,0.1727589574155653,0.1443,0.1074676945668135,0.1006,0.781635581061693,2724,0.0022955523672883,0.0,pixel_reliability=0 AND MODLAND_QA(bits0-1)=0 AND VI range -2000..10000,MOD13Q1 V061 Terra 250m 16-day
SO1304,Sheikh,SO13,Togdheer,2017-02-18,0.1620831505179768,0.1418,0.0973722120658135,0.09425,0.9417503586800574,3282,0.0114777618364418,0.0,pixel_reliability=0 AND MODLAND_QA(bits0-1)=0 AND VI range -2000..10000,MOD13Q1 V061 Terra 250m 16-day
SO1304,Sheikh,SO13,Togdheer,2017-03-06,0.1553690585533869,0.1407,0.0990802812858783,0.0959,0.999713055954089,3484,0.0,0.0,pixel_reliability=0 AND MODLAND_QA(bits0-1)=0 AND VI range -2000..10000,MOD13Q1 V061 Terra 250m 16-day
SO1304,Sheikh,SO13,Togdheer,2017-03-22,0.1620628415300546,0.1438,0.0976587000287604,0.0944,0.9977044476327116,3477,0.0,0.0,pixel_reliability=0 AND MODLAND_QA(bits0-1)=0 AND VI range -2000..10000,MOD13Q1 V061 Terra 250m 16-day
SO1304,Sheikh,SO13,Togdheer,2017-04-07,0.1694859429569266,0.1464,0.1064043364377183,0.1002,0.9859397417503588,3436,0.0008608321377331,0.0,pixel_reliability=0 AND MODLAND_QA(bits0-1)=0 AND VI range -2000..10000,MOD13Q1 V061 Terra 250m 16-day
SO1304,Sheikh,SO13,Togdheer,2017-04-23,0.1717097260817785,0.1482,0.1154429138547042,0.1068,0.7228120516499282,2519,0.0846484935437589,0.0,pixel_reliability=0 AND MODLAND_QA(bits0-1)=0 AND VI range -2000..10000,MOD13Q1 V061 Terra 250m 16-day
SO1304,Sheikh,SO13,Togdheer,2017-05-09,0.2093297315436241,0.17545,0.1346699999999999,0.1214,0.8550932568149211,2980,0.0195121951219512,0.0,pixel_reliability=0 AND MODLAND_QA(bits0-1)=0 AND VI range -2000..10000,MOD13Q1 V061 Terra 250m 16-day
SO1304,Sheikh,SO13,Togdheer,2017-05-25,0.1868671575846833,0.1707,0.1306065169366715,0.1225,0.7793400286944046,2716,0.0700143472022955,0.0,pixel_reliability=0 AND MODLAND_QA(bits0-1)=0 AND VI range -2000..10000,MOD13Q1 V061 Terra 250m 16-day
SO1304,Sheikh,SO13,Togdheer,2017-06-10,0.1938081088992974,0.1706,0.1275966334894613,0.1191,0.9802008608321378,3416,0.0031563845050215,0.0,pixel_reliability=0 AND MODLAND_QA(bits0-1)=0 AND VI range -2000..10000,MOD13Q1 V061 Terra 250m 16-day
SO1304,Sheikh,SO13,Togdheer,2017-06-26,0.1506715960013788,0.1463,0.0998411926921751,0.0986,0.8324246771879483,2901,0.066857962697274,0.0,pixel_reliability=0 AND MODLAND_QA(bits0-1)=0 AND VI range -2000..10000,MOD13Q1 V061 Terra 250m 16-day
SO1304,Sheikh,SO13,Togdheer,2017-07-12,0.1462706671251719,0.1408,0.0998432599724896,0.0987,0.8344332855093257,2908,0.048493543758967,0.0,pixel_reliability=0 AND MODLAND_QA(bits0-1)=0 AND VI range -2000..10000,MOD13Q1 V061 Terra 250m 16-day
SO1304,Sheikh,SO13,Togdheer,2017-07-28,0.1488614695340502,0.1398,0.0983197132616487,0.0963,0.8005738880918221,2790,0.0700143472022955,0.0,pixel_reliability=0 AND MODLAND_QA(bits0-1)=0 AND VI range -2000..10000,MOD13Q1 V061 Terra 250m 16-day
SO1304,Sheikh,SO13,Togdheer,2017-08-13,0.1549232329084588,0.1421,0.1015208864426419,0.0983,0.9905308464849354,3452,0.000573888091822,0.0,pixel_reliability=0 AND MODLAND_QA(bits0-1)=0 AND VI range -2000..10000,MOD13Q1 V061 Terra 250m 16-day
SO1304,Sheikh,SO13,Togdheer,2017-08-29,0.1806184446371783,0.1649,0.1137993350679387,0.109,0.9925394548063128,3459,0.000573888091822,0.0,pixel_reliability=0 AND MODLAND_QA(bits0-1)=0 AND VI range -2000..10000,MOD13Q1 V061 Terra 250m 16-day
SO1304,Sheikh,SO13,Togdheer,2017-09-14,0.2020753868613139,0.1823,0.1300278540145985,0.124,0.9827833572453372,3425,0.0022955523672883,0.0,pixel_reliability=0 AND MODLAND_QA(bits0-1)=0 AND VI range -2000..10000,MOD13Q1 V061 Terra 250m 16-day
SO1304,Sheikh,SO13,Togdheer,2017-09-30,0.2178478600347021,0.18645,0.1394604973973395,0.1299,0.9922525107604018,3458,0.0,0.0,pixel_reliability=0 AND MODLAND_QA(bits0-1)=0 AND VI range -2000..10000,MOD13Q1 V061 Terra 250m 16-day
SO1304,Sheikh,SO13,Togdheer,2017-10-16,0.2073878716514572,0.1782,0.1341809537827495,0.1255,0.9747489239598278,3397,0.0025824964131994,0.0,pixel_reliability=0 AND MODLAND_QA(bits0-1)=0 AND VI range -2000..10000,MOD13Q1 V061 Terra 250m 16-day
SO1304,Sheikh,SO13,Togdheer,2017-11-01,0.22307868005738882,0.1842,0.13813076040172168,0.1263,1.0,3485,0.0,0.0,pixel_reliability=0 AND MODLAND_QA(bits0-1)=0 AND VI range -2000..10000,MOD13Q1 V061 Terra 250m 16-day
SO1304,Sheikh,SO13,Togdheer,2017-11-17,0.21300430014430013,0.1748,0.12818161616161616,0.11860000000000001,0.994261119081779,3465,0.0,0.0,pixel_reliability=0 AND MODLAND_QA(bits0-1)=0 AND VI range -2000..10000,MOD13Q1 V061 Terra 250m 16-day
SO1304,Sheikh,SO13,Togdheer,2017-12-03,0.20822245190927363,0.1694,0.12588587424633937,0.1149,0.9994261119081779,3483,0.0,0.0,pixel_reliability=0 AND MODLAND_QA(bits0-1)=0 AND VI range -2000..10000,MOD13Q1 V061 Terra 250m 16-day
SO1304,Sheikh,SO13,Togdheer,2017-12-19,0.20041030512377664,0.1637,0.12095529648819806,0.11080000000000001,0.9968436154949785,3474,0.0,0.0,pixel_reliability=0 AND MODLAND_QA(bits0-1)=0 AND VI range -2000..10000,MOD13Q1 V061 Terra 250m 16-day
SO1401,Laas Caanood,SO14,Sool,2017-01-01,0.1401428068862275,0.1369,0.100692252994012,0.1002,0.9936040458128812,13360,0.0,0.0,pixel_reliability=0 AND MODLAND_QA(bits0-1)=0 AND VI range -2000..10000,MOD13Q1 V061 Terra 250m 16-day
SO1401,Laas Caanood,SO14,Sool,2017-01-17,0.1368167528671014,0.1336,0.0988966044524398,0.0986,0.9921909861668898,13341,0.0,0.0,pixel_reliability=0 AND MODLAND_QA(bits0-1)=0 AND VI range -2000..10000,MOD13Q1 V061 Terra 250m 16-day
SO1401,Laas Caanood,SO14,Sool,2017-02-02,0.133990742814483,0.1312,0.0973280552444942,0.0972,0.996207050423918,13395,0.0,0.0,pixel_reliability=0 AND MODLAND_QA(bits0-1)=0 AND VI range -2000..10000,MOD13Q1 V061 Terra 250m 16-day
SO1401,Laas Caanood,SO14,Sool,2017-02-18,0.1358320313666915,0.1331,0.0994779761015683,0.0992,0.9958351926223412,13390,0.0,0.0,pixel_reliability=0 AND MODLAND_QA(bits0-1)=0 AND VI range -2000..10000,MOD13Q1 V061 Terra 250m 16-day
SO1401,Laas Caanood,SO14,Sool,2017-03-06,0.1310908720393725,0.1284,0.0977736850199938,0.0975,0.9671277703406216,13004,0.0,0.0,pixel_reliability=0 AND MODLAND_QA(bits0-1)=0 AND VI range -2000..10000,MOD13Q1 V061 Terra 250m 16-day
SO1401,Laas Caanood,SO14,Sool,2017-03-22,0.130579007309196,0.1275,0.0979788713241543,0.0975,0.8750557786702365,11766,0.0005206009222073,0.0,pixel_reliability=0 AND MODLAND_QA(bits0-1)=0 AND VI range -2000..10000,MOD13Q1 V061 Terra 250m 16-day
SO1401,Laas Caanood,SO14,Sool,2017-04-07,0.133713152572841,0.1303,0.0999878211369934,0.0995,0.9929347017700432,13351,0.0,0.0,pixel_reliability=0 AND MODLAND_QA(bits0-1)=0 AND VI range -2000..10000,MOD13Q1 V061 Terra 250m 16-day
SO1401,Laas Caanood,SO14,Sool,2017-04-23,0.1401268154846001,0.1337,0.1066596590373928,0.104,0.7896028558679161,10617,0.0079577569537408,0.0,pixel_reliability=0 AND MODLAND_QA(bits0-1)=0 AND VI range -2000..10000,MOD13Q1 V061 Terra 250m 16-day
SO1401,Laas Caanood,SO14,Sool,2017-05-09,0.1807584681348665,0.1678,0.1313817579419216,0.1279,0.763200951955972,10262,0.0830730328722296,0.0062472110664881,pixel_reliability=0 AND MODLAND_QA(bits0-1)=0 AND VI range -2000..10000,MOD13Q1 V061 Terra 250m 16-day
SO1401,Laas Caanood,SO14,Sool,2017-05-25,0.1942402750796487,0.178,0.1453612324189913,0.1392,0.9570876096980516,12869,0.000892458723784,0.0,pixel_reliability=0 AND MODLAND_QA(bits0-1)=0 AND VI range -2000..10000,MOD13Q1 V061 Terra 250m 16-day
SO1401,Laas Caanood,SO14,Sool,2017-06-10,0.156908160837497,0.1453,0.1211958838924577,0.1151,0.6251673360107095,8406,0.1888293916406366,0.0,pixel_reliability=0 AND MODLAND_QA(bits0-1)=0 AND VI range -2000..10000,MOD13Q1 V061 Terra 250m 16-day
SO1401,Laas Caanood,SO14,Sool,2017-06-26,0.1506211872316595,0.1384,0.1159882863543027,0.1107,0.7968168972185037,10714,0.0757102484010114,0.0,pixel_reliability=0 AND MODLAND_QA(bits0-1)=0 AND VI range -2000..10000,MOD13Q1 V061 Terra 250m 16-day
SO1401,Laas Caanood,SO14,Sool,2017-07-12,0.1297786576602472,0.1278,0.1015832279390629,0.1001,0.5174773166741038,6958,0.2280975754871337,0.0702067529376766,pixel_reliability=0 AND MODLAND_QA(bits0-1)=0 AND VI range -2000..10000,MOD13Q1 V061 Terra 250m 16-day
SO1401,Laas Caanood,SO14,Sool,2017-07-28,0.1362571540037062,0.131,0.1044157222276406,0.1033,0.762531607913134,10253,0.0917001338688085,0.0,pixel_reliability=0 AND MODLAND_QA(bits0-1)=0 AND VI range -2000..10000,MOD13Q1 V061 Terra 250m 16-day
SO1401,Laas Caanood,SO14,Sool,2017-08-13,0.1409732189168573,0.1339,0.1040645690312738,0.1031,0.9750111557340472,13110,0.0014874312063067,0.0,pixel_reliability=0 AND MODLAND_QA(bits0-1)=0 AND VI range -2000..10000,MOD13Q1 V061 Terra 250m 16-day
SO1401,Laas Caanood,SO14,Sool,2017-08-29,0.1358974872508113,0.1322,0.1023205192396847,0.1017,0.8020972780008925,10785,0.0156180276662204,0.0,pixel_reliability=0 AND MODLAND_QA(bits0-1)=0 AND VI range -2000..10000,MOD13Q1 V061 Terra 250m 16-day
SO1401,Laas Caanood,SO14,Sool,2017-09-14,0.1472932715008431,0.1437,0.1066078920741989,0.1044,0.8820467053398781,11860,0.0014874312063067,0.0,pixel_reliability=0 AND MODLAND_QA(bits0-1)=0 AND VI range -2000..10000,MOD13Q1 V061 Terra 250m 16-day
SO1401,Laas Caanood,SO14,Sool,2017-09-30,0.1695911017954599,0.1595,0.1193345329431306,0.1158,0.9402796370667856,12643,0.0058009817045961,0.0,pixel_reliability=0 AND MODLAND_QA(bits0-1)=0 AND VI range -2000..10000,MOD13Q1 V061 Terra 250m 16-day
SO1401,Laas Caanood,SO14,Sool,2017-10-16,0.1817888460945925,0.1601,0.1342783931597596,0.1248,0.9654915960136844,12982,7.437156031533541e-05,0.0,pixel_reliability=0 AND MODLAND_QA(bits0-1)=0 AND VI range -2000..10000,MOD13Q1 V061 Terra 250m 16-day
SO1401,Laas Caanood,SO14,Sool,2017-11-01,0.1986546495855313,0.1738,0.14326967596081386,0.1326,0.9869106053845009,13270,0.0,0.0,pixel_reliability=0 AND MODLAND_QA(bits0-1)=0 AND VI range -2000..10000,MOD13Q1 V061 Terra 250m 16-day
SO1401,Laas Caanood,SO14,Sool,2017-11-17,0.1823441214129698,0.1567,0.1326788054530391,0.12100000000000001,0.9874312063067083,13277,0.0,0.0,pixel_reliability=0 AND MODLAND_QA(bits0-1)=0 AND VI range -2000..10000,MOD13Q1 V061 Terra 250m 16-day
SO1401,Laas Caanood,SO14,Sool,2017-12-03,0.16520732913669064,0.1492,0.11924016037170264,0.1136,0.9924141008478358,13344,0.0,0.0,pixel_reliability=0 AND MODLAND_QA(bits0-1)=0 AND VI range -2000..10000,MOD13Q1 V061 Terra 250m 16-day
SO1401,Laas Caanood,SO14,Sool,2017-12-19,0.15481311303041684,0.14350000000000002,0.1119591363124296,0.10880000000000001,0.9902573255986911,13315,0.0,0.0,pixel_reliability=0 AND MODLAND_QA(bits0-1)=0 AND VI range -2000..10000,MOD13Q1 V061 Terra 250m 16-day
SO1402,Caynabo,SO14,Sool,2017-01-01,0.1433120537634408,0.1449,0.0973886666666666,0.0988,0.9942270686337396,9300,0.0,0.0,pixel_reliability=0 AND MODLAND_QA(bits0-1)=0 AND VI range -2000..10000,MOD13Q1 V061 Terra 250m 16-day
SO1402,Caynabo,SO14,Sool,2017-01-17,0.1399661629664071,0.1418,0.0951762757177728,0.0967,0.9197134915544152,8603,0.0,0.0,pixel_reliability=0 AND MODLAND_QA(bits0-1)=0 AND VI range -2000..10000,MOD13Q1 V061 Terra 250m 16-day
SO1402,Caynabo,SO14,Sool,2017-02-02,0.1370251759186864,0.139,0.0957791801630738,0.0974,0.9571306392986958,8953,0.0001069061364122,0.0,pixel_reliability=0 AND MODLAND_QA(bits0-1)=0 AND VI range -2000..10000,MOD13Q1 V061 Terra 250m 16-day
SO1402,Caynabo,SO14,Sool,2017-02-18,0.139267369336086,0.1408,0.0977167554058459,0.099,0.9838571734017532,9203,0.0013897797733589,0.0,pixel_reliability=0 AND MODLAND_QA(bits0-1)=0 AND VI range -2000..10000,MOD13Q1 V061 Terra 250m 16-day
SO1402,Caynabo,SO14,Sool,2017-03-06,0.1378325366063738,0.1391,0.0956019595176572,0.097,0.9929441949967928,9288,0.0001069061364122,0.0,pixel_reliability=0 AND MODLAND_QA(bits0-1)=0 AND VI range -2000..10000,MOD13Q1 V061 Terra 250m 16-day
SO1402,Caynabo,SO14,Sool,2017-03-22,0.1349015970796258,0.13625,0.0953038215833903,0.09605,0.9371391917896088,8766,0.0011759675005345,0.0,pixel_reliability=0 AND MODLAND_QA(bits0-1)=0 AND VI range -2000..10000,MOD13Q1 V061 Terra 250m 16-day
SO1402,Caynabo,SO14,Sool,2017-04-07,0.1363245887538974,0.1373,0.0960238361466509,0.0974,0.9943339747701518,9301,0.0002138122728244,0.0,pixel_reliability=0 AND MODLAND_QA(bits0-1)=0 AND VI range -2000..10000,MOD13Q1 V061 Terra 250m 16-day
SO1402,Caynabo,SO14,Sool,2017-04-23,0.137991788856305,0.13895,0.100315835777126,0.101,0.8749198203976908,8184,0.0062005559119093,0.0,pixel_reliability=0 AND MODLAND_QA(bits0-1)=0 AND VI range -2000..10000,MOD13Q1 V061 Terra 250m 16-day
SO1402,Caynabo,SO14,Sool,2017-05-09,0.1776724489795918,0.1733,0.1259016462585034,0.1222,0.7857601026298909,7350,0.0027795595467179,0.0,pixel_reliability=0 AND MODLAND_QA(bits0-1)=0 AND VI range -2000..10000,MOD13Q1 V061 Terra 250m 16-day
SO1402,Caynabo,SO14,Sool,2017-05-25,0.1782119990254599,0.1751,0.1292884638811061,0.1257,0.8775924738079965,8209,0.0114389565961086,0.0,pixel_reliability=0 AND MODLAND_QA(bits0-1)=0 AND VI range -2000..10000,MOD13Q1 V061 Terra 250m 16-day
SO1402,Caynabo,SO14,Sool,2017-06-10,0.1709294448520421,0.1688,0.1202211054047444,0.11815,0.8742783835792175,8178,0.0109044259140474,0.0,pixel_reliability=0 AND MODLAND_QA(bits0-1)=0 AND VI range -2000..10000,MOD13Q1 V061 Terra 250m 16-day
SO1402,Caynabo,SO14,Sool,2017-06-26,0.1537494077583654,0.1523,0.1105623186259994,0.1091,0.7220440453282019,6754,0.085524909129784,0.0,pixel_reliability=0 AND MODLAND_QA(bits0-1)=0 AND VI range -2000..10000,MOD13Q1 V061 Terra 250m 16-day
SO1402,Caynabo,SO14,Sool,2017-07-12,0.1410944978165939,0.1414,0.0993475109170305,0.0992,0.2448150523840068,2290,0.411267906777849,0.0053453068206115,pixel_reliability=0 AND MODLAND_QA(bits0-1)=0 AND VI range -2000..10000,MOD13Q1 V061 Terra 250m 16-day
SO1402,Caynabo,SO14,Sool,2017-07-28,0.1439465079592715,0.1439,0.0988447583536498,0.0987,0.7454564892024802,6973,0.0391276459268762,0.0,pixel_reliability=0 AND MODLAND_QA(bits0-1)=0 AND VI range -2000..10000,MOD13Q1 V061 Terra 250m 16-day
SO1402,Caynabo,SO14,Sool,2017-08-13,0.1427762351294611,0.1432,0.0991297830650804,0.0993,0.7638443446653838,7145,0.0,0.0,pixel_reliability=0 AND MODLAND_QA(bits0-1)=0 AND VI range -2000..10000,MOD13Q1 V061 Terra 250m 16-day
SO1402,Caynabo,SO14,Sool,2017-08-29,0.1400763716327652,0.1399,0.0993852996151731,0.0994,0.9723113106692324,9095,0.0006414368184733,0.0,pixel_reliability=0 AND MODLAND_QA(bits0-1)=0 AND VI range -2000..10000,MOD13Q1 V061 Terra 250m 16-day
SO1402,Caynabo,SO14,Sool,2017-09-14,0.1482986350817823,0.146,0.1006870501974055,0.0995,0.9477228992944196,8865,0.0041693393200769,0.0,pixel_reliability=0 AND MODLAND_QA(bits0-1)=0 AND VI range -2000..10000,MOD13Q1 V061 Terra 250m 16-day
SO1402,Caynabo,SO14,Sool,2017-09-30,0.154206202143951,0.1499,0.1075097462262087,0.1044,0.9773358990806073,9142,0.0002138122728244,0.0,pixel_reliability=0 AND MODLAND_QA(bits0-1)=0 AND VI range -2000..10000,MOD13Q1 V061 Terra 250m 16-day
SO1402,Caynabo,SO14,Sool,2017-10-16,0.1532720217835262,0.151,0.1056902881778988,0.1032,0.4711353431686979,4407,0.0073765234124438,0.0,pixel_reliability=0 AND MODLAND_QA(bits0-1)=0 AND VI range -2000..10000,MOD13Q1 V061 Terra 250m 16-day
SO1402,Caynabo,SO14,Sool,2017-11-01,0.16571937224669606,0.1646,0.1150046035242291,0.11420000000000001,0.9707077186230489,9080,0.0026726534103057517,0.0,pixel_reliability=0 AND MODLAND_QA(bits0-1)=0 AND VI range -2000..10000,MOD13Q1 V061 Terra 250m 16-day
SO1402,Caynabo,SO14,Sool,2017-11-17,0.16208060041183484,0.1621,0.11277780427007694,0.11280000000000001,0.9864229206756467,9227,0.00032071840923669016,0.0,pixel_reliability=0 AND MODLAND_QA(bits0-1)=0 AND VI range -2000..10000,MOD13Q1 V061 Terra 250m 16-day
SO1402,Caynabo,SO14,Sool,2017-12-03,0.15527259724780584,0.15510000000000002,0.10610291472532236,0.1063,0.9866367329484712,9229,0.0007483429548856104,0.0,pixel_reliability=0 AND MODLAND_QA(bits0-1)=0 AND VI range -2000..10000,MOD13Q1 V061 Terra 250m 16-day
SO1402,Caynabo,SO14,Sool,2017-12-19,0.1492680752688172,0.1497,0.10310573118279572,0.1037,0.9942270686337396,9300,0.0,0.0,pixel_reliability=0 AND MODLAND_QA(bits0-1)=0 AND VI range -2000..10000,MOD13Q1 V061 Terra 250m 16-day
SO1403,Taleex,SO14,Sool,2017-01-01,0.130549935929029,0.1287,0.097306623952686,0.0954,0.9954862133254831,10145,0.0,0.0,pixel_reliability=0 AND MODLAND_QA(bits0-1)=0 AND VI range -2000..10000,MOD13Q1 V061 Terra 250m 16-day
SO1403,Taleex,SO14,Sool,2017-01-17,0.1274404310003954,0.1259,0.0956308125741399,0.0938,0.9926405652045924,10116,0.0,0.0,pixel_reliability=0 AND MODLAND_QA(bits0-1)=0 AND VI range -2000..10000,MOD13Q1 V061 Terra 250m 16-day
SO1403,Taleex,SO14,Sool,2017-02-02,0.1259928120686255,0.1246,0.0945648590021692,0.0929,0.995191835933667,10142,0.0,0.0,pixel_reliability=0 AND MODLAND_QA(bits0-1)=0 AND VI range -2000..10000,MOD13Q1 V061 Terra 250m 16-day
SO1403,Taleex,SO14,Sool,2017-02-18,0.1289362297350731,0.1279,0.0975000691973111,0.0961,0.9926405652045924,10116,0.0,0.0,pixel_reliability=0 AND MODLAND_QA(bits0-1)=0 AND VI range -2000..10000,MOD13Q1 V061 Terra 250m 16-day
SO1403,Taleex,SO14,Sool,2017-03-06,0.1249088306208559,0.1244,0.095801617440225,0.0942,0.9767441860465116,9954,0.0,0.0,pixel_reliability=0 AND MODLAND_QA(bits0-1)=0 AND VI range -2000..10000,MOD13Q1 V061 Terra 250m 16-day
SO1403,Taleex,SO14,Sool,2017-03-22,0.1250833098733159,0.1245,0.0959390508747235,0.0942,0.9759591796683348,9946,0.0,0.0,pixel_reliability=0 AND MODLAND_QA(bits0-1)=0 AND VI range -2000..10000,MOD13Q1 V061 Terra 250m 16-day
SO1403,Taleex,SO14,Sool,2017-04-07,0.1266918807204015,0.1266,0.0974800118098612,0.0954,0.9970562260818367,10161,0.0,0.0,pixel_reliability=0 AND MODLAND_QA(bits0-1)=0 AND VI range -2000..10000,MOD13Q1 V061 Terra 250m 16-day
SO1403,Taleex,SO14,Sool,2017-04-23,0.1273330599755202,0.1246,0.1008950673194614,0.09795,0.8016877637130801,8170,0.0122657246590128,0.0,pixel_reliability=0 AND MODLAND_QA(bits0-1)=0 AND VI range -2000..10000,MOD13Q1 V061 Terra 250m 16-day
SO1403,Taleex,SO14,Sool,2017-05-09,0.142087803256896,0.1383,0.1066904619474908,0.1052,0.8857815719752723,9027,0.0026493965263467,0.0,pixel_reliability=0 AND MODLAND_QA(bits0-1)=0 AND VI range -2000..10000,MOD13Q1 V061 Terra 250m 16-day
SO1403,Taleex,SO14,Sool,2017-05-25,0.1392341180446046,0.1365,0.1073311556656904,0.1057,0.871160828181729,8878,0.0100088313217544,0.0,pixel_reliability=0 AND MODLAND_QA(bits0-1)=0 AND VI range -2000..10000,MOD13Q1 V061 Terra 250m 16-day
SO1403,Taleex,SO14,Sool,2017-06-10,0.1365693363161819,0.1354,0.1064886800894854,0.1054,0.6579334707094495,6705,0.0013737611618094,0.0,pixel_reliability=0 AND MODLAND_QA(bits0-1)=0 AND VI range -2000..10000,MOD13Q1 V061 Terra 250m 16-day
SO1403,Taleex,SO14,Sool,2017-06-26,0.1264724581307401,0.1251,0.0986048298217179,0.0982,0.9081542537533116,9255,0.0154057501717201,0.0,pixel_reliability=0 AND MODLAND_QA(bits0-1)=0 AND VI range -2000..10000,MOD13Q1 V061 Terra 250m 16-day
SO1403,Taleex,SO14,Sool,2017-07-12,0.1194703261140154,0.119,0.0912729648991785,0.0901,0.3941713276420371,4017,0.3629673241095084,0.0193307820626042,pixel_reliability=0 AND MODLAND_QA(bits0-1)=0 AND VI range -2000..10000,MOD13Q1 V061 Terra 250m 16-day
SO1403,Taleex,SO14,Sool,2017-07-28,0.1201160659367696,0.1187,0.0938489728133841,0.0927,0.797664606024924,8129,0.0764399960749681,0.0,pixel_reliability=0 AND MODLAND_QA(bits0-1)=0 AND VI range -2000..10000,MOD13Q1 V061 Terra 250m 16-day
SO1403,Taleex,SO14,Sool,2017-08-13,0.1221767608517608,0.1201,0.0938666359541359,0.0936,0.9584927877539005,9768,0.0006868805809047,0.0,pixel_reliability=0 AND MODLAND_QA(bits0-1)=0 AND VI range -2000..10000,MOD13Q1 V061 Terra 250m 16-day
SO1403,Taleex,SO14,Sool,2017-08-29,0.1225645406851147,0.1211,0.0935102664334945,0.0928,0.9538808752821116,9721,0.0,0.0,pixel_reliability=0 AND MODLAND_QA(bits0-1)=0 AND VI range -2000..10000,MOD13Q1 V061 Terra 250m 16-day
SO1403,Taleex,SO14,Sool,2017-09-14,0.1246453542638948,0.1235,0.0938752545608824,0.0922,0.9251300166813856,9428,0.0015700127563536,0.0,pixel_reliability=0 AND MODLAND_QA(bits0-1)=0 AND VI range -2000..10000,MOD13Q1 V061 Terra 250m 16-day
SO1403,Taleex,SO14,Sool,2017-09-30,0.138712219938335,0.1342,0.10294147995889,0.0996,0.9547640074575606,9730,0.0,0.0,pixel_reliability=0 AND MODLAND_QA(bits0-1)=0 AND VI range -2000..10000,MOD13Q1 V061 Terra 250m 16-day
SO1403,Taleex,SO14,Sool,2017-10-16,0.1395487904430064,0.1356,0.106016306620209,0.1016,0.985673633598273,10045,0.0,0.0,pixel_reliability=0 AND MODLAND_QA(bits0-1)=0 AND VI range -2000..10000,MOD13Q1 V061 Terra 250m 16-day
SO1403,Taleex,SO14,Sool,2017-11-01,0.13670804438280168,0.134,0.10346992272637211,0.10010000000000001,0.990481797664606,10094,0.0,0.0,pixel_reliability=0 AND MODLAND_QA(bits0-1)=0 AND VI range -2000..10000,MOD13Q1 V061 Terra 250m 16-day
SO1403,Taleex,SO14,Sool,2017-11-17,0.13124746033330006,0.1293,0.09892958786548248,0.0961,0.9833186144637425,10021,0.0,0.0,pixel_reliability=0 AND MODLAND_QA(bits0-1)=0 AND VI range -2000..10000,MOD13Q1 V061 Terra 250m 16-day
SO1403,Taleex,SO14,Sool,2017-12-03,0.12825437247362714,0.1268,0.09747766932860101,0.095,0.9952899617309391,10143,0.0,0.0,pixel_reliability=0 AND MODLAND_QA(bits0-1)=0 AND VI range -2000..10000,MOD13Q1 V061 Terra 250m 16-day
SO1403,Taleex,SO14,Sool,2017-12-19,0.12811427867560113,0.1269,0.0967,0.094,0.9957805907172996,10148,0.0,0.0,pixel_reliability=0 AND MODLAND_QA(bits0-1)=0 AND VI range -2000..10000,MOD13Q1 V061 Terra 250m 16-day
SO1404,Xudun,SO14,Sool,2017-01-01,0.1237205137682498,0.1204,0.0937644612825725,0.0919,0.994760547844471,10822,0.0,0.0,pixel_reliability=0 AND MODLAND_QA(bits0-1)=0 AND VI range -2000..10000,MOD13Q1 V061 Terra 250m 16-day
SO1404,Xudun,SO14,Sool,2017-01-17,0.1202077527259286,0.1165,0.0917632138236924,0.0896,0.994760547844471,10822,0.0,0.0,pixel_reliability=0 AND MODLAND_QA(bits0-1)=0 AND VI range -2000..10000,MOD13Q1 V061 Terra 250m 16-day
SO1404,Xudun,SO14,Sool,2017-02-02,0.1192555883983004,0.1158,0.0912979955662294,0.0894,0.9951282286974906,10826,9.192021325489476e-05,0.0,pixel_reliability=0 AND MODLAND_QA(bits0-1)=0 AND VI range -2000..10000,MOD13Q1 V061 Terra 250m 16-day
SO1404,Xudun,SO14,Sool,2017-02-18,0.1219912899058866,0.119,0.0940495755674478,0.0923,0.9962312712565492,10838,0.0,0.0,pixel_reliability=0 AND MODLAND_QA(bits0-1)=0 AND VI range -2000..10000,MOD13Q1 V061 Terra 250m 16-day
SO1404,Xudun,SO14,Sool,2017-03-06,0.1178510494245091,0.115,0.0920463004159009,0.0902,0.9503630848423568,10339,9.192021325489476e-05,0.0,pixel_reliability=0 AND MODLAND_QA(bits0-1)=0 AND VI range -2000..10000,MOD13Q1 V061 Terra 250m 16-day
SO1404,Xudun,SO14,Sool,2017-03-22,0.1165670726796859,0.1129,0.0922370142943426,0.0903,0.9131353984741244,9934,0.0,0.0,pixel_reliability=0 AND MODLAND_QA(bits0-1)=0 AND VI range -2000..10000,MOD13Q1 V061 Terra 250m 16-day
SO1404,Xudun,SO14,Sool,2017-04-07,0.1190878395860284,0.1163,0.0936292459804102,0.0922,0.994760547844471,10822,0.0,0.0,pixel_reliability=0 AND MODLAND_QA(bits0-1)=0 AND VI range -2000..10000,MOD13Q1 V061 Terra 250m 16-day
SO1404,Xudun,SO14,Sool,2017-04-23,0.1192088646801239,0.1151,0.0961957278650005,0.0936,0.8606489567055795,9363,0.0038606489567055,9.192021325489476e-05,pixel_reliability=0 AND MODLAND_QA(bits0-1)=0 AND VI range -2000..10000,MOD13Q1 V061 Terra 250m 16-day
SO1404,Xudun,SO14,Sool,2017-05-09,0.1469603873824017,0.1388,0.1107514997232982,0.1056,0.8304991267579741,9035,0.0275760639764684,0.0003676808530195,pixel_reliability=0 AND MODLAND_QA(bits0-1)=0 AND VI range -2000..10000,MOD13Q1 V061 Terra 250m 16-day
SO1404,Xudun,SO14,Sool,2017-05-25,0.1431645358929847,0.1367,0.1122442458899213,0.1074,0.9001746484051844,9793,0.0054232925820387,0.0,pixel_reliability=0 AND MODLAND_QA(bits0-1)=0 AND VI range -2000..10000,MOD13Q1 V061 Terra 250m 16-day
SO1404,Xudun,SO14,Sool,2017-06-10,0.1397469395371983,0.1337,0.1069773326698183,0.1029,0.738854674142844,8038,0.016545638385881,0.0,pixel_reliability=0 AND MODLAND_QA(bits0-1)=0 AND VI range -2000..10000,MOD13Q1 V061 Terra 250m 16-day
SO1404,Xudun,SO14,Sool,2017-06-26,0.1276484598192595,0.124,0.1008315712758721,0.0985,0.945950914606122,10291,0.0054232925820387,0.0,pixel_reliability=0 AND MODLAND_QA(bits0-1)=0 AND VI range -2000..10000,MOD13Q1 V061 Terra 250m 16-day
SO1404,Xudun,SO14,Sool,2017-07-12,0.1159618838992332,0.1146,0.093334282584885,0.0911,0.0839231547017189,913,0.5547384869932899,0.1255630113061862,pixel_reliability=0 AND MODLAND_QA(bits0-1)=0 AND VI range -2000..10000,MOD13Q1 V061 Terra 250m 16-day
SO1404,Xudun,SO14,Sool,2017-07-28,0.1195228699551569,0.1181,0.0921231328282047,0.0902,0.5944480191194044,6467,0.121334681496461,0.000827281919294,pixel_reliability=0 AND MODLAND_QA(bits0-1)=0 AND VI range -2000..10000,MOD13Q1 V061 Terra 250m 16-day
SO1404,Xudun,SO14,Sool,2017-08-13,0.1215848578313253,0.1188,0.0940059855421686,0.0925,0.953672212519533,10375,0.0,0.0,pixel_reliability=0 AND MODLAND_QA(bits0-1)=0 AND VI range -2000..10000,MOD13Q1 V061 Terra 250m 16-day
SO1404,Xudun,SO14,Sool,2017-08-29,0.1205352102780287,0.1181,0.0935154772658837,0.0916,0.9158010846585164,9963,0.0030333670374115,0.0,pixel_reliability=0 AND MODLAND_QA(bits0-1)=0 AND VI range -2000..10000,MOD13Q1 V061 Terra 250m 16-day
SO1404,Xudun,SO14,Sool,2017-09-14,0.1232376728110599,0.1202,0.0929317762882279,0.0907,0.8776541961577351,9548,0.0003676808530195,0.0,pixel_reliability=0 AND MODLAND_QA(bits0-1)=0 AND VI range -2000..10000,MOD13Q1 V061 Terra 250m 16-day
SO1404,Xudun,SO14,Sool,2017-09-30,0.1295974678865169,0.1235,0.0982976619536087,0.0947,0.994668627631216,10821,0.0,0.0,pixel_reliability=0 AND MODLAND_QA(bits0-1)=0 AND VI range -2000..10000,MOD13Q1 V061 Terra 250m 16-day
SO1404,Xudun,SO14,Sool,2017-10-16,0.128413581469016,0.1214,0.0997274896060186,0.0952,0.9285779943009468,10102,0.0,0.0,pixel_reliability=0 AND MODLAND_QA(bits0-1)=0 AND VI range -2000..10000,MOD13Q1 V061 Terra 250m 16-day
SO1404,Xudun,SO14,Sool,2017-11-01,0.1375657302846477,0.1283,0.10449638824078396,0.098,0.9849250850261972,10715,0.0001838404265097895,0.0,pixel_reliability=0 AND MODLAND_QA(bits0-1)=0 AND VI range -2000..10000,MOD13Q1 V061 Terra 250m 16-day
SO1404,Xudun,SO14,Sool,2017-11-17,0.13142968574635241,0.1242,0.10055625701459035,0.095,0.9828109201213346,10692,0.0,0.0,pixel_reliability=0 AND MODLAND_QA(bits0-1)=0 AND VI range -2000..10000,MOD13Q1 V061 Terra 250m 16-day
SO1404,Xudun,SO14,Sool,2017-12-03,0.1265996033210332,0.1212,0.09745982472324724,0.09330000000000001,0.9964151116830591,10840,0.0,0.0,pixel_reliability=0 AND MODLAND_QA(bits0-1)=0 AND VI range -2000..10000,MOD13Q1 V061 Terra 250m 16-day
SO1404,Xudun,SO14,Sool,2017-12-19,0.12425476366322008,0.1194,0.09516533419497784,0.0918,0.9956797499770199,10832,0.0,0.0,pixel_reliability=0 AND MODLAND_QA(bits0-1)=0 AND VI range -2000..10000,MOD13Q1 V061 Terra 250m 16-day
SO1501,Ceerigaabo,SO15,Sanaag,2017-01-01,0.133966716337036,0.1231,0.0944667739095096,0.091,0.9729159802306424,29528,0.0006919275123558,0.0002635914332784,pixel_reliability=0 AND MODLAND_QA(bits0-1)=0 AND VI range -2000..10000,MOD13Q1 V061 Terra 250m 16-day
SO1501,Ceerigaabo,SO15,Sanaag,2017-01-17,0.1303050433010698,0.12,0.0927154763117677,0.0888,0.9701812191103788,29445,0.001317957166392,3.2948929159802305e-05,pixel_reliability=0 AND MODLAND_QA(bits0-1)=0 AND VI range -2000..10000,MOD13Q1 V061 Terra 250m 16-day
SO1501,Ceerigaabo,SO15,Sanaag,2017-02-02,0.1266273284797188,0.1187,0.091777215507657,0.0885,0.9187149917627676,27883,0.0388467874794069,0.000988467874794,pixel_reliability=0 AND MODLAND_QA(bits0-1)=0 AND VI range -2000..10000,MOD13Q1 V061 Terra 250m 16-day
SO1501,Ceerigaabo,SO15,Sanaag,2017-02-18,0.1287060329756967,0.1212,0.0939788126006924,0.0909,0.9612191103789128,29173,0.0062602965403624,9.884678747940691e-05,pixel_reliability=0 AND MODLAND_QA(bits0-1)=0 AND VI range -2000..10000,MOD13Q1 V061 Terra 250m 16-day
SO1501,Ceerigaabo,SO15,Sanaag,2017-03-06,0.1250012908279691,0.1182,0.0916067811041858,0.0892,0.9674135090609556,29361,0.0008896210873146,0.0,pixel_reliability=0 AND MODLAND_QA(bits0-1)=0 AND VI range -2000..10000,MOD13Q1 V061 Terra 250m 16-day
SO1501,Ceerigaabo,SO15,Sanaag,2017-03-22,0.1277624018038987,0.1186,0.094146363107361,0.0901,0.9059637561779242,27496,0.0106095551894563,9.884678747940691e-05,pixel_reliability=0 AND MODLAND_QA(bits0-1)=0 AND VI range -2000..10000,MOD13Q1 V061 Terra 250m 16-day
SO1501,Ceerigaabo,SO15,Sanaag,2017-04-07,0.1285921766152165,0.121,0.0963939079360743,0.0928,0.9648764415156508,29284,0.0040527182866556,0.0002306425041186,pixel_reliability=0 AND MODLAND_QA(bits0-1)=0 AND VI range -2000..10000,MOD13Q1 V061 Terra 250m 16-day
SO1501,Ceerigaabo,SO15,Sanaag,2017-04-23,0.1235217340752429,0.1195,0.0946643052902582,0.0929,0.7934761120263591,24082,0.0228665568369028,0.0005601317957166,pixel_reliability=0 AND MODLAND_QA(bits0-1)=0 AND VI range -2000..10000,MOD13Q1 V061 Terra 250m 16-day
SO1501,Ceerigaabo,SO15,Sanaag,2017-05-09,0.157587160813697,0.1433,0.1130201953713105,0.1057,0.9410543657331136,28561,0.0092915980230642,0.0005930807248764,pixel_reliability=0 AND MODLAND_QA(bits0-1)=0 AND VI range -2000..10000,MOD13Q1 V061 Terra 250m 16-day
SO1501,Ceerigaabo,SO15,Sanaag,2017-05-25,0.1537964426045467,0.1386,0.1159190955655346,0.1068,0.9391762767710048,28504,0.0096869851729818,6.589785831960461e-05,pixel_reliability=0 AND MODLAND_QA(bits0-1)=0 AND VI range -2000..10000,MOD13Q1 V061 Terra 250m 16-day
SO1501,Ceerigaabo,SO15,Sanaag,2017-06-10,0.1495675514018691,0.1368,0.1110810168224299,0.1049,0.8813838550247117,26750,0.0057660626029654,0.0001976935749588,pixel_reliability=0 AND MODLAND_QA(bits0-1)=0 AND VI range -2000..10000,MOD13Q1 V061 Terra 250m 16-day
SO1501,Ceerigaabo,SO15,Sanaag,2017-06-26,0.1279474847960046,0.1251,0.0992077248378911,0.0975,0.8180889621087315,24829,0.0636243822075782,0.0015485996705107,pixel_reliability=0 AND MODLAND_QA(bits0-1)=0 AND VI range -2000..10000,MOD13Q1 V061 Terra 250m 16-day
SO1501,Ceerigaabo,SO15,Sanaag,2017-07-12,0.1309275368121358,0.1227,0.0980906979847858,0.0949,0.7406589785831961,22479,0.1070510708401976,0.0030642504118616,pixel_reliability=0 AND MODLAND_QA(bits0-1)=0 AND VI range -2000..10000,MOD13Q1 V061 Terra 250m 16-day
SO1501,Ceerigaabo,SO15,Sanaag,2017-07-28,0.1270449988315027,0.1202,0.0952527537586663,0.0922,0.8459308072487645,25674,0.0108731466227347,0.0019769357495881,pixel_reliability=0 AND MODLAND_QA(bits0-1)=0 AND VI range -2000..10000,MOD13Q1 V061 Terra 250m 16-day
SO1501,Ceerigaabo,SO15,Sanaag,2017-08-13,0.1274777169421487,0.1191,0.0949036604683195,0.0917,0.956836902800659,29040,0.006490939044481,0.0014827018121911,pixel_reliability=0 AND MODLAND_QA(bits0-1)=0 AND VI range -2000..10000,MOD13Q1 V061 Terra 250m 16-day
SO1501,Ceerigaabo,SO15,Sanaag,2017-08-29,0.1368381294476448,0.1218,0.1009725144018976,0.0921,0.972322899505766,29510,0.0035584843492586,0.0003953871499176,pixel_reliability=0 AND MODLAND_QA(bits0-1)=0 AND VI range -2000..10000,MOD13Q1 V061 Terra 250m 16-day
SO1501,Ceerigaabo,SO15,Sanaag,2017-09-14,0.1483557871033777,0.1268,0.1071801842374616,0.0941,0.8047775947281713,24425,0.0068863261943986,0.0003953871499176,pixel_reliability=0 AND MODLAND_QA(bits0-1)=0 AND VI range -2000..10000,MOD13Q1 V061 Terra 250m 16-day
SO1501,Ceerigaabo,SO15,Sanaag,2017-09-30,0.1496065273268398,0.1282,0.1085321935876623,0.0955,0.9742339373970346,29568,0.0020757825370675,9.884678747940691e-05,pixel_reliability=0 AND MODLAND_QA(bits0-1)=0 AND VI range -2000..10000,MOD13Q1 V061 Terra 250m 16-day
SO1501,Ceerigaabo,SO15,Sanaag,2017-10-16,0.1409021941372652,0.1251,0.1042997402141478,0.0948,0.9385502471169688,28485,0.0011202635914332,0.0,pixel_reliability=0 AND MODLAND_QA(bits0-1)=0 AND VI range -2000..10000,MOD13Q1 V061 Terra 250m 16-day
SO1501,Ceerigaabo,SO15,Sanaag,2017-11-01,0.14109329139748386,0.1242,0.10170332199931996,0.09330000000000001,0.9690280065897858,29410,0.001614497528830313,0.0,pixel_reliability=0 AND MODLAND_QA(bits0-1)=0 AND VI range -2000..10000,MOD13Q1 V061 Terra 250m 16-day
SO1501,Ceerigaabo,SO15,Sanaag,2017-11-17,0.1378049260415253,0.1223,0.09844768964581355,0.0913,0.9712026359143328,29476,0.0017462932454695222,3.2948929159802305e-05,pixel_reliability=0 AND MODLAND_QA(bits0-1)=0 AND VI range -2000..10000,MOD13Q1 V061 Terra 250m 16-day
SO1501,Ceerigaabo,SO15,Sanaag,2017-12-03,0.13391511933656958,0.1197,0.09538462446062569,0.0898,0.9773970345963756,29664,0.0009884678747940692,0.0,pixel_reliability=0 AND MODLAND_QA(bits0-1)=0 AND VI range -2000..10000,MOD13Q1 V061 Terra 250m 16-day
SO1501,Ceerigaabo,SO15,Sanaag,2017-12-19,0.1332611448130952,0.12100000000000001,0.09499502490934354,0.09040000000000001,0.9722240527182866,29507,0.0026359143327841844,0.0008237232289950577,pixel_reliability=0 AND MODLAND_QA(bits0-1)=0 AND VI range -2000..10000,MOD13Q1 V061 Terra 250m 16-day
SO1502,Ceel Afweyn,SO15,Sanaag,2017-01-01,0.1400172925465129,0.139,0.1009493836320054,0.1018,0.9688692286425216,17522,0.0003870611003594,0.0,pixel_reliability=0 AND MODLAND_QA(bits0-1)=0 AND VI range -2000..10000,MOD13Q1 V061 Terra 250m 16-day
SO1502,Ceel Afweyn,SO15,Sanaag,2017-01-17,0.1370363102232667,0.1366,0.0974717273795534,0.0988,0.9411114183024606,17020,0.0016588332872546,0.0,pixel_reliability=0 AND MODLAND_QA(bits0-1)=0 AND VI range -2000..10000,MOD13Q1 V061 Terra 250m 16-day
SO1502,Ceel Afweyn,SO15,Sanaag,2017-02-02,0.1319523377301815,0.1308,0.0971876061120543,0.0977,0.8467790987005805,15314,0.031186065800387,0.0011058888581697,pixel_reliability=0 AND MODLAND_QA(bits0-1)=0 AND VI range -2000..10000,MOD13Q1 V061 Terra 250m 16-day
SO1502,Ceel Afweyn,SO15,Sanaag,2017-02-18,0.1329581515432815,0.1334,0.0985578034346716,0.1004,0.953055017970694,17236,0.0116118330107824,0.0003317666574509,pixel_reliability=0 AND MODLAND_QA(bits0-1)=0 AND VI range -2000..10000,MOD13Q1 V061 Terra 250m 16-day
SO1502,Ceel Afweyn,SO15,Sanaag,2017-03-06,0.1310557097361237,0.1316,0.0962276785714285,0.0979,0.9722974841028476,17584,0.0034282554603262,0.0,pixel_reliability=0 AND MODLAND_QA(bits0-1)=0 AND VI range -2000..10000,MOD13Q1 V061 Terra 250m 16-day
SO1502,Ceel Afweyn,SO15,Sanaag,2017-03-22,0.131302721442191,0.1304,0.0991765066158201,0.0999,0.9569809234171964,17307,0.0097871163948023,0.0003870611003594,pixel_reliability=0 AND MODLAND_QA(bits0-1)=0 AND VI range -2000..10000,MOD13Q1 V061 Terra 250m 16-day
SO1502,Ceel Afweyn,SO15,Sanaag,2017-04-07,0.1315353946251768,0.1305,0.0988236209335219,0.0994,0.97732927840752,17675,0.0035941387890517,0.0002211777716339,pixel_reliability=0 AND MODLAND_QA(bits0-1)=0 AND VI range -2000..10000,MOD13Q1 V061 Terra 250m 16-day
SO1502,Ceel Afweyn,SO15,Sanaag,2017-04-23,0.1347204106725685,0.1328,0.1022824972334931,0.1018,0.8994194083494609,16266,0.0059165053912081,0.0004423555432679,pixel_reliability=0 AND MODLAND_QA(bits0-1)=0 AND VI range -2000..10000,MOD13Q1 V061 Terra 250m 16-day
SO1502,Ceel Afweyn,SO15,Sanaag,2017-05-09,0.1523453513699415,0.1449,0.1139150578929267,0.1108,0.9646668509814764,17446,0.0035388443461432,0.0007741222007188,pixel_reliability=0 AND MODLAND_QA(bits0-1)=0 AND VI range -2000..10000,MOD13Q1 V061 Terra 250m 16-day
SO1502,Ceel Afweyn,SO15,Sanaag,2017-05-25,0.1488328958067139,0.1425,0.1122646648855848,0.1096,0.9520597179983412,17218,0.0059717998341166,0.0008294166436273,pixel_reliability=0 AND MODLAND_QA(bits0-1)=0 AND VI range -2000..10000,MOD13Q1 V061 Terra 250m 16-day
SO1502,Ceel Afweyn,SO15,Sanaag,2017-06-10,0.1448953412035704,0.1401,0.106948119781169,0.1059,0.9601880011058888,17365,0.0053635609621233,0.0009400055294442,pixel_reliability=0 AND MODLAND_QA(bits0-1)=0 AND VI range -2000..10000,MOD13Q1 V061 Terra 250m 16-day
SO1502,Ceel Afweyn,SO15,Sanaag,2017-06-26,0.1251836332248855,0.1235,0.0941664564105969,0.0939,0.8327896046447332,15061,0.0527508985346972,0.001935305501797,pixel_reliability=0 AND MODLAND_QA(bits0-1)=0 AND VI range -2000..10000,MOD13Q1 V061 Terra 250m 16-day
SO1502,Ceel Afweyn,SO15,Sanaag,2017-07-12,0.1296761738502287,0.128,0.0963927161088369,0.0972,0.9185512855957976,16612,0.0242189659939176,0.0028200165883328,pixel_reliability=0 AND MODLAND_QA(bits0-1)=0 AND VI range -2000..10000,MOD13Q1 V061 Terra 250m 16-day
SO1502,Ceel Afweyn,SO15,Sanaag,2017-07-28,0.12765651095494,0.1259,0.0947424673714049,0.0957,0.9363008017694222,16933,0.0064141553773845,0.002156483273431,pixel_reliability=0 AND MODLAND_QA(bits0-1)=0 AND VI range -2000..10000,MOD13Q1 V061 Terra 250m 16-day
SO1502,Ceel Afweyn,SO15,Sanaag,2017-08-13,0.1306437862364507,0.1305,0.0953060499117721,0.0971,0.8774122200718828,15868,0.0039811998894111,0.0014376555156206,pixel_reliability=0 AND MODLAND_QA(bits0-1)=0 AND VI range -2000..10000,MOD13Q1 V061 Terra 250m 16-day
SO1502,Ceel Afweyn,SO15,Sanaag,2017-08-29,0.133486033325619,0.1324,0.0991051955565841,0.0998,0.9557091512303012,17284,0.0025988388166989,0.0006082388719933,pixel_reliability=0 AND MODLAND_QA(bits0-1)=0 AND VI range -2000..10000,MOD13Q1 V061 Terra 250m 16-day
SO1502,Ceel Afweyn,SO15,Sanaag,2017-09-14,0.1401853933268387,0.1372,0.102393935703848,0.102,0.908155930329002,16424,0.0037047276748686,0.0008847110865358,pixel_reliability=0 AND MODLAND_QA(bits0-1)=0 AND VI range -2000..10000,MOD13Q1 V061 Terra 250m 16-day
SO1502,Ceel Afweyn,SO15,Sanaag,2017-09-30,0.1447883026746416,0.1406,0.1074048245119061,0.1064,0.979928117224219,17722,0.0011611833010782,0.0001105888858169,pixel_reliability=0 AND MODLAND_QA(bits0-1)=0 AND VI range -2000..10000,MOD13Q1 V061 Terra 250m 16-day
SO1502,Ceel Afweyn,SO15,Sanaag,2017-10-16,0.1407087315342081,0.1381,0.1037701246183048,0.1036,0.6700027647221454,12117,0.0012717721868952,0.0001105888858169,pixel_reliability=0 AND MODLAND_QA(bits0-1)=0 AND VI range -2000..10000,MOD13Q1 V061 Terra 250m 16-day
SO1502,Ceel Afweyn,SO15,Sanaag,2017-11-01,0.15145255548653078,0.1459,0.11056277743265377,0.10880000000000001,0.9790987005805917,17707,0.0007741222007188278,0.0,pixel_reliability=0 AND MODLAND_QA(bits0-1)=0 AND VI range -2000..10000,MOD13Q1 V061 Terra 250m 16-day
SO1502,Ceel Afweyn,SO15,Sanaag,2017-11-17,0.14927907911876312,0.1441,0.10697048762530441,0.10550000000000001,0.9763339784351672,17657,0.001105888858169754,0.0,pixel_reliability=0 AND MODLAND_QA(bits0-1)=0 AND VI range -2000..10000,MOD13Q1 V061 Terra 250m 16-day
SO1502,Ceel Afweyn,SO15,Sanaag,2017-12-03,0.1460685472169017,0.14250000000000002,0.10362525393232343,0.1028,0.9526679568703346,17229,0.0006082388719933647,0.0,pixel_reliability=0 AND MODLAND_QA(bits0-1)=0 AND VI range -2000..10000,MOD13Q1 V061 Terra 250m 16-day
SO1502,Ceel Afweyn,SO15,Sanaag,2017-12-19,0.14112519214851602,0.13920000000000002,0.10205305663947027,0.10160000000000001,0.9352502073541609,16914,0.002045894387614045,5.52944429084877e-05,pixel_reliability=0 AND MODLAND_QA(bits0-1)=0 AND VI range -2000..10000,MOD13Q1 V061 Terra 250m 16-day
SO1503,Laasqoray,SO15,Sanaag,2017-01-01,0.1678115227517018,0.1392,0.109782852024364,0.1016,0.9586453252730645,13955,0.0005495637837466,0.0,pixel_reliability=0 AND MODLAND_QA(bits0-1)=0 AND VI range -2000..10000,MOD13Q1 V061 Terra 250m 16-day
SO1503,Laasqoray,SO15,Sanaag,2017-01-17,0.1633662040698928,0.1365,0.1110035593585963,0.1009,0.9553479425705846,13907,0.0008930411485883,0.0,pixel_reliability=0 AND MODLAND_QA(bits0-1)=0 AND VI range -2000..10000,MOD13Q1 V061 Terra 250m 16-day
SO1503,Laasqoray,SO15,Sanaag,2017-02-02,0.1561451892452411,0.1347,0.1025296866898748,0.098,0.927457580545442,13501,0.0162121316205262,0.0004121728378099,pixel_reliability=0 AND MODLAND_QA(bits0-1)=0 AND VI range -2000..10000,MOD13Q1 V061 Terra 250m 16-day
SO1503,Laasqoray,SO15,Sanaag,2017-02-18,0.1581987548303993,0.136,0.1066925862315729,0.1005,0.9599505392594628,13974,0.0032286872295115,0.0,pixel_reliability=0 AND MODLAND_QA(bits0-1)=0 AND VI range -2000..10000,MOD13Q1 V061 Terra 250m 16-day
SO1503,Laasqoray,SO15,Sanaag,2017-03-06,0.1521379938994112,0.1319,0.105544988295382,0.0992,0.9684000824345677,14097,0.0013052139863982,0.0,pixel_reliability=0 AND MODLAND_QA(bits0-1)=0 AND VI range -2000..10000,MOD13Q1 V061 Terra 250m 16-day
SO1503,Laasqoray,SO15,Sanaag,2017-03-22,0.149533265939779,0.1306,0.1044402917178135,0.0982,0.9513636051384212,13849,0.0030912962835749,6.869547296833139e-05,pixel_reliability=0 AND MODLAND_QA(bits0-1)=0 AND VI range -2000..10000,MOD13Q1 V061 Terra 250m 16-day
SO1503,Laasqoray,SO15,Sanaag,2017-04-07,0.149138686804226,0.1317,0.1055368715876054,0.1001,0.9688122552723776,14103,0.0035034691213849,0.0001373909459366,pixel_reliability=0 AND MODLAND_QA(bits0-1)=0 AND VI range -2000..10000,MOD13Q1 V061 Terra 250m 16-day
SO1503,Laasqoray,SO15,Sanaag,2017-04-23,0.1480945476381105,0.131,0.1061906004803843,0.1003,0.858006457374459,12490,0.0069382427698014,0.0002060864189049,pixel_reliability=0 AND MODLAND_QA(bits0-1)=0 AND VI range -2000..10000,MOD13Q1 V061 Terra 250m 16-day
SO1503,Laasqoray,SO15,Sanaag,2017-05-09,0.1562386355098054,0.142,0.109840461341949,0.1042,0.9142680497355224,13309,0.0142886583774129,0.0002060864189049,pixel_reliability=0 AND MODLAND_QA(bits0-1)=0 AND VI range -2000..10000,MOD13Q1 V061 Terra 250m 16-day
SO1503,Laasqoray,SO15,Sanaag,2017-05-25,0.1522437462417318,0.1391,0.1105037056524353,0.1038,0.9139245723706808,13304,0.0219138558768977,0.0006869547296833,pixel_reliability=0 AND MODLAND_QA(bits0-1)=0 AND VI range -2000..10000,MOD13Q1 V061 Terra 250m 16-day
SO1503,Laasqoray,SO15,Sanaag,2017-06-10,0.1587871867304071,0.1372,0.1128779733449225,0.1029,0.9484096998007832,13806,0.0033660781754482,0.0,pixel_reliability=0 AND MODLAND_QA(bits0-1)=0 AND VI range -2000..10000,MOD13Q1 V061 Terra 250m 16-day
SO1503,Laasqoray,SO15,Sanaag,2017-06-26,0.1322697528620752,0.1285,0.1000938215518807,0.0983,0.7560623754894552,11006,0.0980971353987772,0.0021982551349866,pixel_reliability=0 AND MODLAND_QA(bits0-1)=0 AND VI range -2000..10000,MOD13Q1 V061 Terra 250m 16-day
SO1503,Laasqoray,SO15,Sanaag,2017-07-12,0.1411448460188288,0.1273,0.0994195388543162,0.0952,0.8610290581850656,12534,0.0249364566875042,0.0011678230404616,pixel_reliability=0 AND MODLAND_QA(bits0-1)=0 AND VI range -2000..10000,MOD13Q1 V061 Terra 250m 16-day
SO1503,Laasqoray,SO15,Sanaag,2017-07-28,0.1401983022564028,0.1273,0.1009529637959805,0.0958,0.9468297039225116,13783,0.008518238648073,0.0012365185134299,pixel_reliability=0 AND MODLAND_QA(bits0-1)=0 AND VI range -2000..10000,MOD13Q1 V061 Terra 250m 16-day
SO1503,Laasqoray,SO15,Sanaag,2017-08-13,0.1430777977431179,0.1265,0.1021029181341191,0.0951,0.9557601154083946,13913,0.0094799752696297,0.0011678230404616,pixel_reliability=0 AND MODLAND_QA(bits0-1)=0 AND VI range -2000..10000,MOD13Q1 V061 Terra 250m 16-day
SO1503,Laasqoray,SO15,Sanaag,2017-08-29,0.1484230448233686,0.1295,0.1040366285344269,0.0956,0.954798378786838,13899,0.0054956378374665,0.0006869547296833,pixel_reliability=0 AND MODLAND_QA(bits0-1)=0 AND VI range -2000..10000,MOD13Q1 V061 Terra 250m 16-day
SO1503,Laasqoray,SO15,Sanaag,2017-09-14,0.1519828981924919,0.1347,0.1088342267881971,0.0995,0.8893315930480181,12946,0.0125025760802363,0.0006182592567149,pixel_reliability=0 AND MODLAND_QA(bits0-1)=0 AND VI range -2000..10000,MOD13Q1 V061 Terra 250m 16-day
SO1503,Laasqoray,SO15,Sanaag,2017-09-30,0.16667390625,0.1392,0.1135528622159091,0.1021,0.967232259394106,14080,0.0017860822971766,0.0,pixel_reliability=0 AND MODLAND_QA(bits0-1)=0 AND VI range -2000..10000,MOD13Q1 V061 Terra 250m 16-day
SO1503,Laasqoray,SO15,Sanaag,2017-10-16,0.1644682982194793,0.1372,0.1139713839824076,0.1017,0.9684000824345677,14097,0.0010991275674933,6.869547296833139e-05,pixel_reliability=0 AND MODLAND_QA(bits0-1)=0 AND VI range -2000..10000,MOD13Q1 V061 Terra 250m 16-day
SO1503,Laasqoray,SO15,Sanaag,2017-11-01,0.16394792186811574,0.13670000000000002,0.10998114994859745,0.10070000000000001,0.9354949508827368,13618,0.0004121728378099883,0.0,pixel_reliability=0 AND MODLAND_QA(bits0-1)=0 AND VI range -2000..10000,MOD13Q1 V061 Terra 250m 16-day
SO1503,Laasqoray,SO15,Sanaag,2017-11-17,0.15884133265067293,0.13555,0.10683330163838502,0.09860000000000001,0.9392045064230268,13672,0.01380779006663461,0.0,pixel_reliability=0 AND MODLAND_QA(bits0-1)=0 AND VI range -2000..10000,MOD13Q1 V061 Terra 250m 16-day
SO1503,Laasqoray,SO15,Sanaag,2017-12-03,0.1625849067431851,0.1341,0.10735138450502153,0.098,0.9576148931785395,13940,0.0010991275674933022,6.869547296833139e-05,pixel_reliability=0 AND MODLAND_QA(bits0-1)=0 AND VI range -2000..10000,MOD13Q1 V061 Terra 250m 16-day
SO1503,Laasqoray,SO15,Sanaag,2017-12-19,0.16252526936517184,0.1356,0.10835149970879443,0.09960000000000001,0.9436010166929999,13736,0.008655629594009754,0.00013739094593666278,pixel_reliability=0 AND MODLAND_QA(bits0-1)=0 AND VI range -2000..10000,MOD13Q1 V061 Terra 250m 16-day
SO1601,Bossaso,SO16,Bari,2017-01-01,0.153387077604288,0.1545,0.1067197622931717,0.1077,0.949126299491263,8582,0.004313205043132,0.0003317850033178,pixel_reliability=0 AND MODLAND_QA(bits0-1)=0 AND VI range -2000..10000,MOD13Q1 V061 Terra 250m 16-day
SO1601,Bossaso,SO16,Bari,2017-01-17,0.1502519491129785,0.1516,0.1069272058823529,0.1077,0.9475779694757795,8568,0.0047555850475558,0.0003317850033178,pixel_reliability=0 AND MODLAND_QA(bits0-1)=0 AND VI range -2000..10000,MOD13Q1 V061 Terra 250m 16-day
SO1601,Bossaso,SO16,Bari,2017-02-02,0.1497699145722421,0.1511,0.1057656308035161,0.1064,0.8932758239327583,8077,0.0128290201282902,0.002101305021013,pixel_reliability=0 AND MODLAND_QA(bits0-1)=0 AND VI range -2000..10000,MOD13Q1 V061 Terra 250m 16-day
SO1601,Bossaso,SO16,Bari,2017-02-18,0.1494356052662239,0.1514,0.106659827566119,0.108,0.9492368944923688,8583,0.0103959301039593,0.0012165450121654,pixel_reliability=0 AND MODLAND_QA(bits0-1)=0 AND VI range -2000..10000,MOD13Q1 V061 Terra 250m 16-day
SO1601,Bossaso,SO16,Bari,2017-03-06,0.14539155798789,0.1473,0.105872927340475,0.1073,0.9497898694978988,8588,0.0040920150409201,0.0,pixel_reliability=0 AND MODLAND_QA(bits0-1)=0 AND VI range -2000..10000,MOD13Q1 V061 Terra 250m 16-day
SO1601,Bossaso,SO16,Bari,2017-03-22,0.1460115508885298,0.1475,0.1065437341333948,0.1079,0.9584162795841628,8666,0.0076310550763105,0.0006635700066357,pixel_reliability=0 AND MODLAND_QA(bits0-1)=0 AND VI range -2000..10000,MOD13Q1 V061 Terra 250m 16-day
SO1601,Bossaso,SO16,Bari,2017-04-07,0.1466677534975141,0.1481,0.1079558677303734,0.1092,0.9565361645653616,8649,0.0077416500774165,0.0001105950011059,pixel_reliability=0 AND MODLAND_QA(bits0-1)=0 AND VI range -2000..10000,MOD13Q1 V061 Terra 250m 16-day
SO1601,Bossaso,SO16,Bari,2017-04-23,0.143869827703161,0.1439,0.1083226292226292,0.1082,0.8151957531519576,7371,0.0094005750940057,0.0001105950011059,pixel_reliability=0 AND MODLAND_QA(bits0-1)=0 AND VI range -2000..10000,MOD13Q1 V061 Terra 250m 16-day
SO1601,Bossaso,SO16,Bari,2017-05-09,0.152748743902439,0.1456,0.1101306707317073,0.1069,0.90687900906879,8200,0.0068568900685689,0.0009953550099535,pixel_reliability=0 AND MODLAND_QA(bits0-1)=0 AND VI range -2000..10000,MOD13Q1 V061 Terra 250m 16-day
SO1601,Bossaso,SO16,Bari,2017-05-25,0.151161359963057,0.14405,0.1103212537520203,0.1063,0.957973899579739,8662,0.0091793850917938,0.0017695200176952,pixel_reliability=0 AND MODLAND_QA(bits0-1)=0 AND VI range -2000..10000,MOD13Q1 V061 Terra 250m 16-day
SO1601,Bossaso,SO16,Bari,2017-06-10,0.1515124762583096,0.1461,0.1090870251661918,0.1072,0.9316522893165228,8424,0.0133819951338199,0.0014377350143773,pixel_reliability=0 AND MODLAND_QA(bits0-1)=0 AND VI range -2000..10000,MOD13Q1 V061 Terra 250m 16-day
SO1601,Bossaso,SO16,Bari,2017-06-26,0.1417719205298013,0.139,0.1063416014449127,0.1053,0.9184914841849148,8305,0.0118336651183366,0.0028754700287547,pixel_reliability=0 AND MODLAND_QA(bits0-1)=0 AND VI range -2000..10000,MOD13Q1 V061 Terra 250m 16-day
SO1601,Bossaso,SO16,Bari,2017-07-12,0.1397292688821752,0.1395,0.1012538610271903,0.1006,0.9151736341517364,8275,0.019907100199071,0.0033178500331785,pixel_reliability=0 AND MODLAND_QA(bits0-1)=0 AND VI range -2000..10000,MOD13Q1 V061 Terra 250m 16-day
SO1601,Bossaso,SO16,Bari,2017-07-28,0.1393316928137652,0.1396,0.1029713056680161,0.103,0.8741428887414289,7904,0.0141561601415616,0.002211900022119,pixel_reliability=0 AND MODLAND_QA(bits0-1)=0 AND VI range -2000..10000,MOD13Q1 V061 Terra 250m 16-day
SO1601,Bossaso,SO16,Bari,2017-08-13,0.1434518196106879,0.1433,0.1048775117881755,0.1048,0.9147312541473124,8271,0.0085158150851581,0.0018801150188011,pixel_reliability=0 AND MODLAND_QA(bits0-1)=0 AND VI range -2000..10000,MOD13Q1 V061 Terra 250m 16-day
SO1601,Bossaso,SO16,Bari,2017-08-29,0.1456507940270206,0.1458,0.106623891917516,0.1062,0.9332006193320062,8438,0.0089581950895819,0.0012165450121654,pixel_reliability=0 AND MODLAND_QA(bits0-1)=0 AND VI range -2000..10000,MOD13Q1 V061 Terra 250m 16-day
SO1601,Bossaso,SO16,Bari,2017-09-14,0.1534301785072481,0.1496,0.113011908470109,0.109,0.9231364742313648,8347,0.0069674850696748,0.0005529750055297,pixel_reliability=0 AND MODLAND_QA(bits0-1)=0 AND VI range -2000..10000,MOD13Q1 V061 Terra 250m 16-day
SO1601,Bossaso,SO16,Bari,2017-09-30,0.1558644318575887,0.1511,0.1126498439486764,0.1092,0.9567573545675736,8651,0.0042026100420261,0.0002211900022119,pixel_reliability=0 AND MODLAND_QA(bits0-1)=0 AND VI range -2000..10000,MOD13Q1 V061 Terra 250m 16-day
SO1601,Bossaso,SO16,Bari,2017-10-16,0.1537160179125043,0.1504,0.1116021127569181,0.1093,0.9631718646317188,8709,0.0055297500552975,0.0006635700066357,pixel_reliability=0 AND MODLAND_QA(bits0-1)=0 AND VI range -2000..10000,MOD13Q1 V061 Terra 250m 16-day
SO1601,Bossaso,SO16,Bari,2017-11-01,0.15331441590720798,0.15,0.10961467629305244,0.108,0.9344171643441717,8449,0.00254368502543685,0.0,pixel_reliability=0 AND MODLAND_QA(bits0-1)=0 AND VI range -2000..10000,MOD13Q1 V061 Terra 250m 16-day
SO1601,Bossaso,SO16,Bari,2017-11-17,0.15271524332061068,0.15030000000000002,0.10869103053435117,0.108,0.9272284892722849,8384,0.0095111700951117,0.00033178500331785003,pixel_reliability=0 AND MODLAND_QA(bits0-1)=0 AND VI range -2000..10000,MOD13Q1 V061 Terra 250m 16-day
SO1601,Bossaso,SO16,Bari,2017-12-03,0.15103073970690858,0.1497,0.10633989299837172,0.10600000000000001,0.9508958195089582,8598,0.0029860650298606504,0.00011059500110595002,pixel_reliability=0 AND MODLAND_QA(bits0-1)=0 AND VI range -2000..10000,MOD13Q1 V061 Terra 250m 16-day
SO1601,Bossaso,SO16,Bari,2017-12-19,0.1507400124146493,0.1497,0.10820993171942894,0.10840000000000001,0.8908427339084274,8055,0.0123866401238664,0.0016589250165892503,pixel_reliability=0 AND MODLAND_QA(bits0-1)=0 AND VI range -2000..10000,MOD13Q1 V061 Terra 250m 16-day
SO1602,Bandarbeyla,SO16,Bari,2017-01-01,0.1589293518903199,0.1557,0.1210112899875363,0.1185,0.7309444275736411,9628,0.0343911327057394,0.0036440935317339,pixel_reliability=0 AND MODLAND_QA(bits0-1)=0 AND VI range -2000..10000,MOD13Q1 V061 Terra 250m 16-day
SO1602,Bandarbeyla,SO16,Bari,2017-01-17,0.1520613015623244,0.1493,0.1123492075980667,0.1107,0.6754479198299423,8897,0.1154722137868205,0.0022775584573337,pixel_reliability=0 AND MODLAND_QA(bits0-1)=0 AND VI range -2000..10000,MOD13Q1 V061 Terra 250m 16-day
SO1602,Bandarbeyla,SO16,Bari,2017-02-02,0.145011871419478,0.14255,0.1085523870146403,0.1056,0.2385362890980868,3142,0.3743546917704221,0.0730337078651685,pixel_reliability=0 AND MODLAND_QA(bits0-1)=0 AND VI range -2000..10000,MOD13Q1 V061 Terra 250m 16-day
SO1602,Bandarbeyla,SO16,Bari,2017-02-18,0.1441681208344153,0.1427,0.1058726218298277,0.1047,0.8770877619192226,11553,0.0353021560886729,0.0041755238384451,pixel_reliability=0 AND MODLAND_QA(bits0-1)=0 AND VI range -2000..10000,MOD13Q1 V061 Terra 250m 16-day
SO1602,Bandarbeyla,SO16,Bari,2017-03-06,0.1396164097463948,0.1381,0.1052723437758992,0.104,0.9160340115396296,12066,0.0269511084117825,0.0023534770725781,pixel_reliability=0 AND MODLAND_QA(bits0-1)=0 AND VI range -2000..10000,MOD13Q1 V061 Terra 250m 16-day
SO1602,Bandarbeyla,SO16,Bari,2017-03-22,0.1391239541547278,0.1378,0.1067135816618911,0.1055,0.9273458852110538,12215,0.0163225022775584,0.0017461281506225,pixel_reliability=0 AND MODLAND_QA(bits0-1)=0 AND VI range -2000..10000,MOD13Q1 V061 Terra 250m 16-day
SO1602,Bandarbeyla,SO16,Bari,2017-04-07,0.1365639869281046,0.1352,0.1051368790849673,0.1036,0.9292438505921652,12240,0.0184482235044032,0.0005314303067112,pixel_reliability=0 AND MODLAND_QA(bits0-1)=0 AND VI range -2000..10000,MOD13Q1 V061 Terra 250m 16-day
SO1602,Bandarbeyla,SO16,Bari,2017-04-23,0.1347625338386572,0.1332,0.1029929976538531,0.1016,0.8413300941390829,11082,0.0117673853628909,0.0017461281506225,pixel_reliability=0 AND MODLAND_QA(bits0-1)=0 AND VI range -2000..10000,MOD13Q1 V061 Terra 250m 16-day
SO1602,Bandarbeyla,SO16,Bari,2017-05-09,0.1439007144724231,0.1426,0.1063219221050797,0.1046,0.8713179471606438,11477,0.0185241421196477,0.0018220467658669,pixel_reliability=0 AND MODLAND_QA(bits0-1)=0 AND VI range -2000..10000,MOD13Q1 V061 Terra 250m 16-day
SO1602,Bandarbeyla,SO16,Bari,2017-05-25,0.1452060700008158,0.1438,0.1101454271028799,0.1093,0.930534467051321,12257,0.0099453385970239,0.0029608259945338,pixel_reliability=0 AND MODLAND_QA(bits0-1)=0 AND VI range -2000..10000,MOD13Q1 V061 Terra 250m 16-day
SO1602,Bandarbeyla,SO16,Bari,2017-06-10,0.1423022077393075,0.1415,0.1095782973523421,0.1088,0.9319010021257212,12275,0.0107045247494685,0.0009110233829334,pixel_reliability=0 AND MODLAND_QA(bits0-1)=0 AND VI range -2000..10000,MOD13Q1 V061 Terra 250m 16-day
SO1602,Bandarbeyla,SO16,Bari,2017-06-26,0.1362716515485821,0.1358,0.1033571953910272,0.1028,0.929016094746432,12237,0.0176890373519587,0.0051624658366231,pixel_reliability=0 AND MODLAND_QA(bits0-1)=0 AND VI range -2000..10000,MOD13Q1 V061 Terra 250m 16-day
SO1602,Bandarbeyla,SO16,Bari,2017-07-12,0.1308798024240411,0.1307,0.1008218080690685,0.1002,0.9145156392347404,12046,0.0188278165806255,0.0047828727604008,pixel_reliability=0 AND MODLAND_QA(bits0-1)=0 AND VI range -2000..10000,MOD13Q1 V061 Terra 250m 16-day
SO1602,Bandarbeyla,SO16,Bari,2017-07-28,0.1312983231083844,0.1312,0.1004752801635991,0.0999,0.9281050713634984,12225,0.0220923170361372,0.0028089887640449,pixel_reliability=0 AND MODLAND_QA(bits0-1)=0 AND VI range -2000..10000,MOD13Q1 V061 Terra 250m 16-day
SO1602,Bandarbeyla,SO16,Bari,2017-08-13,0.128319858277128,0.128,0.0990634337915137,0.0982,0.8892347403583358,11713,0.0190555724263589,0.0069845126024901,pixel_reliability=0 AND MODLAND_QA(bits0-1)=0 AND VI range -2000..10000,MOD13Q1 V061 Terra 250m 16-day
SO1602,Bandarbeyla,SO16,Bari,2017-08-29,0.1266275560995512,0.1261,0.0978947694818441,0.0972,0.930382629820832,12255,0.0141208624354691,0.0047828727604008,pixel_reliability=0 AND MODLAND_QA(bits0-1)=0 AND VI range -2000..10000,MOD13Q1 V061 Terra 250m 16-day
SO1602,Bandarbeyla,SO16,Bari,2017-09-14,0.13064834119369,0.1303,0.1019911692958204,0.1012,0.9336471302763436,12298,0.0078955359854236,0.0013665350744002,pixel_reliability=0 AND MODLAND_QA(bits0-1)=0 AND VI range -2000..10000,MOD13Q1 V061 Terra 250m 16-day
SO1602,Bandarbeyla,SO16,Bari,2017-09-30,0.1347715635014336,0.1337,0.1003129364142351,0.0997,0.9002429395687823,11858,0.0157151533556027,0.0007591861524445,pixel_reliability=0 AND MODLAND_QA(bits0-1)=0 AND VI range -2000..10000,MOD13Q1 V061 Terra 250m 16-day
SO1602,Bandarbeyla,SO16,Bari,2017-10-16,0.1357601482701812,0.1347,0.1031684019769357,0.1025,0.9216519890677194,12140,0.0138931065897358,0.0027330701488004,pixel_reliability=0 AND MODLAND_QA(bits0-1)=0 AND VI range -2000..10000,MOD13Q1 V061 Terra 250m 16-day
SO1602,Bandarbeyla,SO16,Bari,2017-11-01,0.14971183052241877,0.1452,0.111208778280543,0.1071,0.9227907682963863,12155,0.0060734892195566355,0.001290616459155785,pixel_reliability=0 AND MODLAND_QA(bits0-1)=0 AND VI range -2000..10000,MOD13Q1 V061 Terra 250m 16-day
SO1602,Bandarbeyla,SO16,Bari,2017-11-17,0.14619539216501706,0.14170000000000002,0.10941818181818183,0.10600000000000001,0.9127695110841179,12023,0.01989067719404798,0.0030367446097783178,pixel_reliability=0 AND MODLAND_QA(bits0-1)=0 AND VI range -2000..10000,MOD13Q1 V061 Terra 250m 16-day
SO1602,Bandarbeyla,SO16,Bari,2017-12-03,0.14185378522594633,0.1383,0.10710473570118392,0.1042,0.9105678712420285,11994,0.02064986334649256,0.003568174916489523,pixel_reliability=0 AND MODLAND_QA(bits0-1)=0 AND VI range -2000..10000,MOD13Q1 V061 Terra 250m 16-day
SO1602,Bandarbeyla,SO16,Bari,2017-12-19,0.13636286767858677,0.1342,0.10221116542320557,0.1003,0.885286972365624,11661,0.03431521409049499,0.006604919526267841,pixel_reliability=0 AND MODLAND_QA(bits0-1)=0 AND VI range -2000..10000,MOD13Q1 V061 Terra 250m 16-day
SO1603,Caluula,SO16,Bari,2017-01-01,0.2191825981473313,0.20585,0.1419895235994706,0.137,0.8479521226856181,4534,0.0467551898260706,0.0057976435384327,pixel_reliability=0 AND MODLAND_QA(bits0-1)=0 AND VI range -2000..10000,MOD13Q1 V061 Terra 250m 16-day
SO1603,Caluula,SO16,Bari,2017-01-17,0.2079293878587757,0.1984,0.1488428752857505,0.1445,0.7363007293809612,3937,0.0448849822330278,0.0065457265756498,pixel_reliability=0 AND MODLAND_QA(bits0-1)=0 AND VI range -2000..10000,MOD13Q1 V061 Terra 250m 16-day
SO1603,Caluula,SO16,Bari,2017-02-02,0.1992627349987123,0.1895,0.1392104300798352,0.1337,0.72620160837853,3883,0.0953805872451842,0.0099121002431269,pixel_reliability=0 AND MODLAND_QA(bits0-1)=0 AND VI range -2000..10000,MOD13Q1 V061 Terra 250m 16-day
SO1603,Caluula,SO16,Bari,2017-02-18,0.1929646391977327,0.1833,0.1383762589928057,0.1345,0.8578642229287451,4587,0.0359079857864222,0.004675518982607,pixel_reliability=0 AND MODLAND_QA(bits0-1)=0 AND VI range -2000..10000,MOD13Q1 V061 Terra 250m 16-day
SO1603,Caluula,SO16,Bari,2017-03-06,0.1794096010241092,0.1726,0.130534691700448,0.1279,0.8765662988591734,4687,0.021881428838601,0.0039274359453899,pixel_reliability=0 AND MODLAND_QA(bits0-1)=0 AND VI range -2000..10000,MOD13Q1 V061 Terra 250m 16-day
SO1603,Caluula,SO16,Bari,2017-03-22,0.1726854596219931,0.16945,0.1324406786941581,0.1317,0.8707686553207405,4656,0.0235646156723396,0.003366373667477,pixel_reliability=0 AND MODLAND_QA(bits0-1)=0 AND VI range -2000..10000,MOD13Q1 V061 Terra 250m 16-day
SO1603,Caluula,SO16,Bari,2017-04-07,0.1687813740132281,0.1658,0.128312481331342,0.1273,0.8765662988591734,4687,0.0235646156723396,0.0039274359453899,pixel_reliability=0 AND MODLAND_QA(bits0-1)=0 AND VI range -2000..10000,MOD13Q1 V061 Terra 250m 16-day
SO1603,Caluula,SO16,Bari,2017-04-23,0.1664495244722802,0.1626,0.1232865692414752,0.1223,0.806246493360763,4311,0.0351599027492051,0.0054236020198242,pixel_reliability=0 AND MODLAND_QA(bits0-1)=0 AND VI range -2000..10000,MOD13Q1 V061 Terra 250m 16-day
SO1603,Caluula,SO16,Bari,2017-05-09,0.1676049892008639,0.1619,0.126705161987041,0.1221,0.8659061155788292,4630,0.0321675706003366,0.0065457265756498,pixel_reliability=0 AND MODLAND_QA(bits0-1)=0 AND VI range -2000..10000,MOD13Q1 V061 Terra 250m 16-day
SO1603,Caluula,SO16,Bari,2017-05-25,0.166899840219128,0.1618,0.1226646656014608,0.1187,0.8193379465120628,4381,0.0420796708434636,0.0084159341686927,pixel_reliability=0 AND MODLAND_QA(bits0-1)=0 AND VI range -2000..10000,MOD13Q1 V061 Terra 250m 16-day
SO1603,Caluula,SO16,Bari,2017-06-10,0.1682691774891775,0.16415,0.1259760389610389,0.1224,0.8640359079857864,4620,0.0340377781933794,0.008602954927997,pixel_reliability=0 AND MODLAND_QA(bits0-1)=0 AND VI range -2000..10000,MOD13Q1 V061 Terra 250m 16-day
SO1603,Caluula,SO16,Bari,2017-06-26,0.1589068841394826,0.154,0.1180621822272216,0.1156,0.831307275107537,4445,0.0379652141387694,0.0082289134093884,pixel_reliability=0 AND MODLAND_QA(bits0-1)=0 AND VI range -2000..10000,MOD13Q1 V061 Terra 250m 16-day
SO1603,Caluula,SO16,Bari,2017-07-12,0.1538217353766458,0.1521,0.1072588819339521,0.106,0.8664671778567421,4633,0.0319805498410323,0.0123433701140826,pixel_reliability=0 AND MODLAND_QA(bits0-1)=0 AND VI range -2000..10000,MOD13Q1 V061 Terra 250m 16-day
SO1603,Caluula,SO16,Bari,2017-07-28,0.153577357670578,0.1522,0.1137148196436332,0.1129,0.8606695343183093,4602,0.0394613802132036,0.0074808303721713,pixel_reliability=0 AND MODLAND_QA(bits0-1)=0 AND VI range -2000..10000,MOD13Q1 V061 Terra 250m 16-day
SO1603,Caluula,SO16,Bari,2017-08-13,0.1529048345509239,0.15005,0.1159345079501504,0.1136,0.870394613802132,4654,0.0362820273050308,0.0104731625210398,pixel_reliability=0 AND MODLAND_QA(bits0-1)=0 AND VI range -2000..10000,MOD13Q1 V061 Terra 250m 16-day
SO1603,Caluula,SO16,Bari,2017-08-29,0.1575352611135088,0.1534,0.1194648036253776,0.1159,0.8666541986160464,4634,0.0418926500841593,0.0052365812605199,pixel_reliability=0 AND MODLAND_QA(bits0-1)=0 AND VI range -2000..10000,MOD13Q1 V061 Terra 250m 16-day
SO1603,Caluula,SO16,Bari,2017-09-14,0.1721103825136612,0.1644,0.1307063825136612,0.125,0.8556199738170936,4575,0.0278660931363381,0.0048625397419113,pixel_reliability=0 AND MODLAND_QA(bits0-1)=0 AND VI range -2000..10000,MOD13Q1 V061 Terra 250m 16-day
SO1603,Caluula,SO16,Bari,2017-09-30,0.1790336933045356,0.17125,0.1241823758099352,0.1191,0.8659061155788292,4630,0.0321675706003366,0.004675518982607,pixel_reliability=0 AND MODLAND_QA(bits0-1)=0 AND VI range -2000..10000,MOD13Q1 V061 Terra 250m 16-day
SO1603,Caluula,SO16,Bari,2017-10-16,0.1769999341816586,0.1698,0.1274764370337867,0.1209,0.8524406209089209,4558,0.0185150551711239,0.004675518982607,pixel_reliability=0 AND MODLAND_QA(bits0-1)=0 AND VI range -2000..10000,MOD13Q1 V061 Terra 250m 16-day
SO1603,Caluula,SO16,Bari,2017-11-01,0.18816864406779663,0.17535,0.13672283554741183,0.12510000000000002,0.8165326351224986,4366,0.021694408079296804,0.0031793529081728072,pixel_reliability=0 AND MODLAND_QA(bits0-1)=0 AND VI range -2000..10000,MOD13Q1 V061 Terra 250m 16-day
SO1603,Caluula,SO16,Bari,2017-11-17,0.19955512367491168,0.18445,0.13648632004038366,0.13035000000000002,0.7409762483635683,3962,0.04638114830746213,0.005984664297737049,pixel_reliability=0 AND MODLAND_QA(bits0-1)=0 AND VI range -2000..10000,MOD13Q1 V061 Terra 250m 16-day
SO1603,Caluula,SO16,Bari,2017-12-03,0.19325995151515152,0.18130000000000002,0.1410579393939394,0.1335,0.7714606321301665,4125,0.054797082476154856,0.008228913409388442,pixel_reliability=0 AND MODLAND_QA(bits0-1)=0 AND VI range -2000..10000,MOD13Q1 V061 Terra 250m 16-day
SO1603,Caluula,SO16,Bari,2017-12-19,0.19811870801033593,0.18425000000000002,0.13168581395348838,0.1268,0.7237703385075743,3870,0.08640359079857864,0.008976996446605573,pixel_reliability=0 AND MODLAND_QA(bits0-1)=0 AND VI range -2000..10000,MOD13Q1 V061 Terra 250m 16-day
SO1604,Iskushuban,SO16,Bari,2017-01-01,0.149917139869281,0.1486,0.1133608993464052,0.1134,0.8861140712597878,19125,0.031367279803549,0.0061159245702636,pixel_reliability=0 AND MODLAND_QA(bits0-1)=0 AND VI range -2000..10000,MOD13Q1 V061 Terra 250m 16-day
SO1604,Iskushuban,SO16,Bari,2017-01-17,0.1505336008217243,0.1503,0.1139034794889901,0.1142,0.7217254320530047,15577,0.1499791502571468,0.0069035815224945,pixel_reliability=0 AND MODLAND_QA(bits0-1)=0 AND VI range -2000..10000,MOD13Q1 V061 Terra 250m 16-day
SO1604,Iskushuban,SO16,Bari,2017-02-02,0.1444691931248508,0.1455,0.109770315111005,0.1107,0.3881758791641569,8378,0.2778575730899318,0.0418848167539267,pixel_reliability=0 AND MODLAND_QA(bits0-1)=0 AND VI range -2000..10000,MOD13Q1 V061 Terra 250m 16-day
SO1604,Iskushuban,SO16,Bari,2017-02-18,0.1453741339491917,0.1456,0.1121522140777186,0.1124,0.9228559514432656,19918,0.0179771116156234,0.005791595236992,pixel_reliability=0 AND MODLAND_QA(bits0-1)=0 AND VI range -2000..10000,MOD13Q1 V061 Terra 250m 16-day
SO1604,Iskushuban,SO16,Bari,2017-03-06,0.1413786959553696,0.1418,0.1094875772066148,0.1099,0.9301765278228236,20076,0.010934531807441,0.0030579622851318,pixel_reliability=0 AND MODLAND_QA(bits0-1)=0 AND VI range -2000..10000,MOD13Q1 V061 Terra 250m 16-day
SO1604,Iskushuban,SO16,Bari,2017-03-22,0.1409343140642741,0.141,0.1124773658488423,0.1126,0.938562757725988,20257,0.0123245146643191,0.0037066209516749,pixel_reliability=0 AND MODLAND_QA(bits0-1)=0 AND VI range -2000..10000,MOD13Q1 V061 Terra 250m 16-day
SO1604,Iskushuban,SO16,Bari,2017-04-07,0.1387803915766632,0.1388,0.1105061547566207,0.1109,0.9394894129639068,20277,0.0093592179029791,0.0026409674280683,pixel_reliability=0 AND MODLAND_QA(bits0-1)=0 AND VI range -2000..10000,MOD13Q1 V061 Terra 250m 16-day
SO1604,Iskushuban,SO16,Bari,2017-04-23,0.1364919173751907,0.1357,0.107949716590364,0.108,0.850113515266645,18348,0.0118611870453597,0.0039382847611546,pixel_reliability=0 AND MODLAND_QA(bits0-1)=0 AND VI range -2000..10000,MOD13Q1 V061 Terra 250m 16-day
SO1604,Iskushuban,SO16,Bari,2017-05-09,0.1395380278179371,0.1361,0.1079168203798793,0.1058,0.9293888708705926,20059,0.0132511699022378,0.0055135986656164,pixel_reliability=0 AND MODLAND_QA(bits0-1)=0 AND VI range -2000..10000,MOD13Q1 V061 Terra 250m 16-day
SO1604,Iskushuban,SO16,Bari,2017-05-25,0.1399364277144571,0.1358,0.1074339782043591,0.1047,0.926840568966316,20004,0.0151508131399712,0.0047722744752814,pixel_reliability=0 AND MODLAND_QA(bits0-1)=0 AND VI range -2000..10000,MOD13Q1 V061 Terra 250m 16-day
SO1604,Iskushuban,SO16,Bari,2017-06-10,0.1379599812095139,0.1343,0.1089292241507195,0.1067,0.9369874438215262,20223,0.0133438354260297,0.0061622573321595,pixel_reliability=0 AND MODLAND_QA(bits0-1)=0 AND VI range -2000..10000,MOD13Q1 V061 Terra 250m 16-day
SO1604,Iskushuban,SO16,Bari,2017-06-26,0.1346927070457355,0.1316,0.1059197873918418,0.1044,0.937080109345318,20225,0.0121855163786313,0.0074132419033498,pixel_reliability=0 AND MODLAND_QA(bits0-1)=0 AND VI range -2000..10000,MOD13Q1 V061 Terra 250m 16-day
SO1604,Iskushuban,SO16,Bari,2017-07-12,0.1296006600823862,0.1274,0.1000626383443347,0.0997,0.9335588194412268,20149,0.0127878422832785,0.008710559236436,pixel_reliability=0 AND MODLAND_QA(bits0-1)=0 AND VI range -2000..10000,MOD13Q1 V061 Terra 250m 16-day
SO1604,Iskushuban,SO16,Bari,2017-07-28,0.1297698928447978,0.1282,0.1018609648906226,0.1013,0.9382847611546123,20251,0.0146874855210119,0.0059769262845758,pixel_reliability=0 AND MODLAND_QA(bits0-1)=0 AND VI range -2000..10000,MOD13Q1 V061 Terra 250m 16-day
SO1604,Iskushuban,SO16,Bari,2017-08-13,0.1307688505573208,0.1291,0.1031390376758965,0.1023,0.9186396701107352,19827,0.0146411527591159,0.0062085900940555,pixel_reliability=0 AND MODLAND_QA(bits0-1)=0 AND VI range -2000..10000,MOD13Q1 V061 Terra 250m 16-day
SO1604,Iskushuban,SO16,Bari,2017-08-29,0.1335456162076481,0.1306,0.1054482415296215,0.1032,0.9353657971551684,20188,0.0113051939026085,0.0064865866654311,pixel_reliability=0 AND MODLAND_QA(bits0-1)=0 AND VI range -2000..10000,MOD13Q1 V061 Terra 250m 16-day
SO1604,Iskushuban,SO16,Bari,2017-09-14,0.141242961381912,0.1358,0.112504447533009,0.1087,0.9334198211555392,20146,0.0096372144743548,0.0023629708566927,pixel_reliability=0 AND MODLAND_QA(bits0-1)=0 AND VI range -2000..10000,MOD13Q1 V061 Terra 250m 16-day
SO1604,Iskushuban,SO16,Bari,2017-09-30,0.1425129613183343,0.1374,0.1089385928557332,0.1067,0.9390724181068434,20268,0.0059305935226798,0.0028262984756521,pixel_reliability=0 AND MODLAND_QA(bits0-1)=0 AND VI range -2000..10000,MOD13Q1 V061 Terra 250m 16-day
SO1604,Iskushuban,SO16,Bari,2017-10-16,0.1399538628836933,0.1354,0.1086140329197765,0.1068,0.9373581059166936,20231,0.0078765695223092,0.0031506278089236,pixel_reliability=0 AND MODLAND_QA(bits0-1)=0 AND VI range -2000..10000,MOD13Q1 V061 Terra 250m 16-day
SO1604,Iskushuban,SO16,Bari,2017-11-01,0.14324506004642246,0.13920000000000002,0.11024549904127563,0.10790000000000001,0.9182226752536718,19818,0.018996432377334012,0.0036602881897789927,pixel_reliability=0 AND MODLAND_QA(bits0-1)=0 AND VI range -2000..10000,MOD13Q1 V061 Terra 250m 16-day
SO1604,Iskushuban,SO16,Bari,2017-11-17,0.14241816997550935,0.1388,0.10986632796623418,0.10790000000000001,0.8891720335449196,19191,0.03266459713663532,0.005652596951304267,pixel_reliability=0 AND MODLAND_QA(bits0-1)=0 AND VI range -2000..10000,MOD13Q1 V061 Terra 250m 16-day
SO1604,Iskushuban,SO16,Bari,2017-12-03,0.14081805576337972,0.1375,0.10766995361364656,0.10650000000000001,0.9289255432516332,20049,0.013946161330676922,0.005003938284761154,pixel_reliability=0 AND MODLAND_QA(bits0-1)=0 AND VI range -2000..10000,MOD13Q1 V061 Terra 250m 16-day
SO1604,Iskushuban,SO16,Bari,2017-12-19,0.13899097824352358,0.1361,0.1073189158997819,0.1063,0.8710095908817125,18799,0.017930778853727472,0.009220219617291386,pixel_reliability=0 AND MODLAND_QA(bits0-1)=0 AND VI range -2000..10000,MOD13Q1 V061 Terra 250m 16-day
SO1605,Qandala,SO16,Bari,2017-01-01,0.1704162578162578,0.1639,0.1193762385762386,0.1176,0.9291620111731844,8316,0.0018994413407821,0.0,pixel_reliability=0 AND MODLAND_QA(bits0-1)=0 AND VI range -2000..10000,MOD13Q1 V061 Terra 250m 16-day
SO1605,Qandala,SO16,Bari,2017-01-17,0.1691125773456244,0.1629,0.1197512564717767,0.117,0.884804469273743,7919,0.0011173184357541,0.0001117318435754,pixel_reliability=0 AND MODLAND_QA(bits0-1)=0 AND VI range -2000..10000,MOD13Q1 V061 Terra 250m 16-day
SO1605,Qandala,SO16,Bari,2017-02-02,0.1649524118160289,0.1589,0.1150402841829739,0.1131,0.8964245810055866,8023,0.0072625698324022,0.0001117318435754,pixel_reliability=0 AND MODLAND_QA(bits0-1)=0 AND VI range -2000..10000,MOD13Q1 V061 Terra 250m 16-day
SO1605,Qandala,SO16,Bari,2017-02-18,0.164993338066501,0.1583,0.1209362797302094,0.1192,0.944245810055866,8451,0.0069273743016759,0.0001117318435754,pixel_reliability=0 AND MODLAND_QA(bits0-1)=0 AND VI range -2000..10000,MOD13Q1 V061 Terra 250m 16-day
SO1605,Qandala,SO16,Bari,2017-03-06,0.1593659224441833,0.1541,0.1186414806110458,0.117,0.9508379888268156,8510,0.0032402234636871,0.0,pixel_reliability=0 AND MODLAND_QA(bits0-1)=0 AND VI range -2000..10000,MOD13Q1 V061 Terra 250m 16-day
SO1605,Qandala,SO16,Bari,2017-03-22,0.1595387134640216,0.1546,0.1230407676957389,0.1223,0.9518435754189944,8519,0.0033519553072625,0.0,pixel_reliability=0 AND MODLAND_QA(bits0-1)=0 AND VI range -2000..10000,MOD13Q1 V061 Terra 250m 16-day
SO1605,Qandala,SO16,Bari,2017-04-07,0.1583204210526315,0.1539,0.1208728771929824,0.1199,0.9553072625698324,8550,0.0054748603351955,0.0001117318435754,pixel_reliability=0 AND MODLAND_QA(bits0-1)=0 AND VI range -2000..10000,MOD13Q1 V061 Terra 250m 16-day
SO1605,Qandala,SO16,Bari,2017-04-23,0.1605373595505618,0.1569,0.118958840922531,0.1173,0.7557541899441341,6764,0.0078212290502793,0.0001117318435754,pixel_reliability=0 AND MODLAND_QA(bits0-1)=0 AND VI range -2000..10000,MOD13Q1 V061 Terra 250m 16-day
SO1605,Qandala,SO16,Bari,2017-05-09,0.1732813457943925,0.1703,0.1263907912772585,0.1254,0.8966480446927374,8025,0.0081564245810055,0.0003351955307262,pixel_reliability=0 AND MODLAND_QA(bits0-1)=0 AND VI range -2000..10000,MOD13Q1 V061 Terra 250m 16-day
SO1605,Qandala,SO16,Bari,2017-05-25,0.1734960231295728,0.1719,0.1241556053811659,0.1239,0.9468156424581006,8474,0.0110614525139664,0.0021229050279329,pixel_reliability=0 AND MODLAND_QA(bits0-1)=0 AND VI range -2000..10000,MOD13Q1 V061 Terra 250m 16-day
SO1605,Qandala,SO16,Bari,2017-06-10,0.1704186548375494,0.166,0.123382604004316,0.1208,0.9319553072625698,8341,0.0110614525139664,0.000558659217877,pixel_reliability=0 AND MODLAND_QA(bits0-1)=0 AND VI range -2000..10000,MOD13Q1 V061 Terra 250m 16-day
SO1605,Qandala,SO16,Bari,2017-06-26,0.1592557369121025,0.1566,0.1193395599081126,0.1179,0.9241340782122904,8271,0.0170949720670391,0.0024581005586592,pixel_reliability=0 AND MODLAND_QA(bits0-1)=0 AND VI range -2000..10000,MOD13Q1 V061 Terra 250m 16-day
SO1605,Qandala,SO16,Bari,2017-07-12,0.153756817896192,0.1503,0.1091856855598844,0.1082,0.8890502793296089,7957,0.0115083798882681,0.0037988826815642,pixel_reliability=0 AND MODLAND_QA(bits0-1)=0 AND VI range -2000..10000,MOD13Q1 V061 Terra 250m 16-day
SO1605,Qandala,SO16,Bari,2017-07-28,0.1520255153728354,0.1496,0.1122965013546943,0.1115,0.9484916201117318,8489,0.0128491620111731,0.0010055865921787,pixel_reliability=0 AND MODLAND_QA(bits0-1)=0 AND VI range -2000..10000,MOD13Q1 V061 Terra 250m 16-day
SO1605,Qandala,SO16,Bari,2017-08-13,0.1523405171405171,0.1494,0.1157320697320697,0.1149,0.9549720670391062,8547,0.0113966480446927,0.0014525139664804,pixel_reliability=0 AND MODLAND_QA(bits0-1)=0 AND VI range -2000..10000,MOD13Q1 V061 Terra 250m 16-day
SO1605,Qandala,SO16,Bari,2017-08-29,0.1538364614111806,0.1509,0.1189124689752984,0.1176,0.94536312849162,8461,0.0088268156424581,0.0012290502793296,pixel_reliability=0 AND MODLAND_QA(bits0-1)=0 AND VI range -2000..10000,MOD13Q1 V061 Terra 250m 16-day
SO1605,Qandala,SO16,Bari,2017-09-14,0.1735736089598475,0.1708,0.1334500655307995,0.1321,0.9377653631284916,8393,0.0071508379888268,0.0004469273743016,pixel_reliability=0 AND MODLAND_QA(bits0-1)=0 AND VI range -2000..10000,MOD13Q1 V061 Terra 250m 16-day
SO1605,Qandala,SO16,Bari,2017-09-30,0.1783305837863389,0.1746,0.1305258213188371,0.1282,0.9454748603351956,8462,0.0027932960893854,0.0,pixel_reliability=0 AND MODLAND_QA(bits0-1)=0 AND VI range -2000..10000,MOD13Q1 V061 Terra 250m 16-day
SO1605,Qandala,SO16,Bari,2017-10-16,0.1753081946072684,0.17115,0.1291910316529894,0.1267,0.953072625698324,8530,0.0017877094972067,0.0,pixel_reliability=0 AND MODLAND_QA(bits0-1)=0 AND VI range -2000..10000,MOD13Q1 V061 Terra 250m 16-day
SO1605,Qandala,SO16,Bari,2017-11-01,0.17646673503861007,0.1736,0.12611683156370657,0.12480000000000001,0.9260335195530727,8288,0.002905027932960894,0.0,pixel_reliability=0 AND MODLAND_QA(bits0-1)=0 AND VI range -2000..10000,MOD13Q1 V061 Terra 250m 16-day
SO1605,Qandala,SO16,Bari,2017-11-17,0.1789498988877654,0.1741,0.12350322295247726,0.1222,0.8840223463687151,7912,0.000335195530726257,0.0,pixel_reliability=0 AND MODLAND_QA(bits0-1)=0 AND VI range -2000..10000,MOD13Q1 V061 Terra 250m 16-day
SO1605,Qandala,SO16,Bari,2017-12-03,0.17515521644745244,0.1708,0.12126200996041374,0.1208,0.8749720670391061,7831,0.002458100558659218,0.0,pixel_reliability=0 AND MODLAND_QA(bits0-1)=0 AND VI range -2000..10000,MOD13Q1 V061 Terra 250m 16-day
SO1605,Qandala,SO16,Bari,2017-12-19,0.1733269221556886,0.1671,0.1225585748502994,0.12150000000000001,0.9329608938547486,8350,0.002458100558659218,0.000223463687150838,pixel_reliability=0 AND MODLAND_QA(bits0-1)=0 AND VI range -2000..10000,MOD13Q1 V061 Terra 250m 16-day
SO1606,Qardho,SO16,Bari,2017-01-01,0.1374398151457897,0.1349,0.0982512178930705,0.096,0.8971504489646326,19583,0.0,0.0,pixel_reliability=0 AND MODLAND_QA(bits0-1)=0 AND VI range -2000..10000,MOD13Q1 V061 Terra 250m 16-day
SO1606,Qardho,SO16,Bari,2017-01-17,0.1361790083560315,0.1342,0.097659309357832,0.0956,0.9923492761590618,21661,0.0,0.0,pixel_reliability=0 AND MODLAND_QA(bits0-1)=0 AND VI range -2000..10000,MOD13Q1 V061 Terra 250m 16-day
SO1606,Qardho,SO16,Bari,2017-02-02,0.1336498021911138,0.1318,0.0956272773382024,0.094,0.903243540406817,19716,0.0024280740333516,0.0,pixel_reliability=0 AND MODLAND_QA(bits0-1)=0 AND VI range -2000..10000,MOD13Q1 V061 Terra 250m 16-day
SO1606,Qardho,SO16,Bari,2017-02-18,0.134823328324568,0.1335,0.0982842599549211,0.0967,0.9756276342312626,21296,0.0,0.0,pixel_reliability=0 AND MODLAND_QA(bits0-1)=0 AND VI range -2000..10000,MOD13Q1 V061 Terra 250m 16-day
SO1606,Qardho,SO16,Bari,2017-03-06,0.1318028690089746,0.1309,0.0972320221500859,0.0958,0.9596848085028404,20948,0.0,0.0,pixel_reliability=0 AND MODLAND_QA(bits0-1)=0 AND VI range -2000..10000,MOD13Q1 V061 Terra 250m 16-day
SO1606,Qardho,SO16,Bari,2017-03-22,0.1319516530093246,0.1314,0.098401299802204,0.0982,0.9727872457394172,21234,0.0,0.0,pixel_reliability=0 AND MODLAND_QA(bits0-1)=0 AND VI range -2000..10000,MOD13Q1 V061 Terra 250m 16-day
SO1606,Qardho,SO16,Bari,2017-04-07,0.1319945684972842,0.1313,0.0982802887516828,0.0973,0.9868517500458128,21541,0.0,0.0,pixel_reliability=0 AND MODLAND_QA(bits0-1)=0 AND VI range -2000..10000,MOD13Q1 V061 Terra 250m 16-day
SO1606,Qardho,SO16,Bari,2017-04-23,0.1321581453902609,0.1305,0.099000466063106,0.097,0.8551859996334983,18667,0.0038940809968847,4.581271761040865e-05,pixel_reliability=0 AND MODLAND_QA(bits0-1)=0 AND VI range -2000..10000,MOD13Q1 V061 Terra 250m 16-day
SO1606,Qardho,SO16,Bari,2017-05-09,0.1462934273882897,0.1429,0.1056966005392912,0.1037,0.9514385193329667,20768,0.0001374381528312,0.0,pixel_reliability=0 AND MODLAND_QA(bits0-1)=0 AND VI range -2000..10000,MOD13Q1 V061 Terra 250m 16-day
SO1606,Qardho,SO16,Bari,2017-05-25,0.1480060909508498,0.1444,0.1089650022967386,0.1065,0.9973428623785964,21770,0.0,0.0,pixel_reliability=0 AND MODLAND_QA(bits0-1)=0 AND VI range -2000..10000,MOD13Q1 V061 Terra 250m 16-day
SO1606,Qardho,SO16,Bari,2017-06-10,0.1424789527151828,0.1394,0.1052888067971924,0.1036,0.9921202125710096,21656,9.16254352208173e-05,0.0,pixel_reliability=0 AND MODLAND_QA(bits0-1)=0 AND VI range -2000..10000,MOD13Q1 V061 Terra 250m 16-day
SO1606,Qardho,SO16,Bari,2017-06-26,0.1351402630484508,0.1329,0.0999869723435225,0.0985,0.8812534359538208,19236,0.0031152647975077,0.0,pixel_reliability=0 AND MODLAND_QA(bits0-1)=0 AND VI range -2000..10000,MOD13Q1 V061 Terra 250m 16-day
SO1606,Qardho,SO16,Bari,2017-07-12,0.1288684061989404,0.1271,0.09595760756548,0.0946,0.9252794575774236,20197,0.0105827377680043,0.0,pixel_reliability=0 AND MODLAND_QA(bits0-1)=0 AND VI range -2000..10000,MOD13Q1 V061 Terra 250m 16-day
SO1606,Qardho,SO16,Bari,2017-07-28,0.1290863999216416,0.1278,0.0960296831382536,0.0949,0.9354498808869344,20419,0.0002748763056624,0.0,pixel_reliability=0 AND MODLAND_QA(bits0-1)=0 AND VI range -2000..10000,MOD13Q1 V061 Terra 250m 16-day
SO1606,Qardho,SO16,Bari,2017-08-13,0.1266990331272784,0.1251,0.0937388862471601,0.0927,0.8670973062122045,18927,0.0007788161993769,0.0,pixel_reliability=0 AND MODLAND_QA(bits0-1)=0 AND VI range -2000..10000,MOD13Q1 V061 Terra 250m 16-day
SO1606,Qardho,SO16,Bari,2017-08-29,0.1269426091432315,0.1253,0.0938979458144214,0.0925,0.9790635880520432,21371,0.0003665017408832,0.0,pixel_reliability=0 AND MODLAND_QA(bits0-1)=0 AND VI range -2000..10000,MOD13Q1 V061 Terra 250m 16-day
SO1606,Qardho,SO16,Bari,2017-09-14,0.1310640669085046,0.1289,0.0979501007658202,0.096,0.9092908191313908,19848,0.0,0.0,pixel_reliability=0 AND MODLAND_QA(bits0-1)=0 AND VI range -2000..10000,MOD13Q1 V061 Terra 250m 16-day
SO1606,Qardho,SO16,Bari,2017-09-30,0.1381180838839414,0.136,0.0992263382169874,0.0975,0.956844420010995,20886,4.581271761040865e-05,0.0,pixel_reliability=0 AND MODLAND_QA(bits0-1)=0 AND VI range -2000..10000,MOD13Q1 V061 Terra 250m 16-day
SO1606,Qardho,SO16,Bari,2017-10-16,0.1376474609824594,0.1356,0.1013778969660697,0.1001,0.9950980392156864,21721,0.0,0.0,pixel_reliability=0 AND MODLAND_QA(bits0-1)=0 AND VI range -2000..10000,MOD13Q1 V061 Terra 250m 16-day
SO1606,Qardho,SO16,Bari,2017-11-01,0.13787510900651695,0.1363,0.09930333348961506,0.0981,0.9771394539124061,21329,0.0,0.0,pixel_reliability=0 AND MODLAND_QA(bits0-1)=0 AND VI range -2000..10000,MOD13Q1 V061 Terra 250m 16-day
SO1606,Qardho,SO16,Bari,2017-11-17,0.13601765735092447,0.13440000000000002,0.09835618763890858,0.097,0.9688015393073117,21147,0.0,0.0,pixel_reliability=0 AND MODLAND_QA(bits0-1)=0 AND VI range -2000..10000,MOD13Q1 V061 Terra 250m 16-day
SO1606,Qardho,SO16,Bari,2017-12-03,0.13279421627731727,0.1316,0.09693232385079127,0.09570000000000001,0.9726956203041964,21232,0.0,0.0,pixel_reliability=0 AND MODLAND_QA(bits0-1)=0 AND VI range -2000..10000,MOD13Q1 V061 Terra 250m 16-day
SO1606,Qardho,SO16,Bari,2017-12-19,0.1323029287294412,0.1307,0.09636437433875157,0.095,0.9526296499908374,20794,4.581271761040865e-05,0.0,pixel_reliability=0 AND MODLAND_QA(bits0-1)=0 AND VI range -2000..10000,MOD13Q1 V061 Terra 250m 16-day
SO1701,Garoowe,SO17,Nugaal,2017-01-01,0.133329559350622,0.1341,0.0991107948555766,0.0993,0.938464582508904,9486,0.0,0.0,pixel_reliability=0 AND MODLAND_QA(bits0-1)=0 AND VI range -2000..10000,MOD13Q1 V061 Terra 250m 16-day
SO1701,Garoowe,SO17,Nugaal,2017-01-17,0.1319780921183244,0.1335,0.098005449672424,0.0985,0.9966363276612584,10074,9.893153937475268e-05,0.0,pixel_reliability=0 AND MODLAND_QA(bits0-1)=0 AND VI range -2000..10000,MOD13Q1 V061 Terra 250m 16-day
SO1701,Garoowe,SO17,Nugaal,2017-02-02,0.1299887375857479,0.1313,0.0972902324152759,0.0976,0.9662643450732094,9767,0.0006925207756232,0.0,pixel_reliability=0 AND MODLAND_QA(bits0-1)=0 AND VI range -2000..10000,MOD13Q1 V061 Terra 250m 16-day
SO1701,Garoowe,SO17,Nugaal,2017-02-18,0.1327600504540868,0.13455,0.0995528557013118,0.0998,0.980411555203799,9910,9.893153937475268e-05,0.0,pixel_reliability=0 AND MODLAND_QA(bits0-1)=0 AND VI range -2000..10000,MOD13Q1 V061 Terra 250m 16-day
SO1701,Garoowe,SO17,Nugaal,2017-03-06,0.1293404212435755,0.1313,0.0983506701602338,0.0987,0.9816976652156708,9923,0.0,0.0,pixel_reliability=0 AND MODLAND_QA(bits0-1)=0 AND VI range -2000..10000,MOD13Q1 V061 Terra 250m 16-day
SO1701,Garoowe,SO17,Nugaal,2017-03-22,0.1289507065162143,0.131,0.0982610653654569,0.0985,0.973189552829442,9837,9.893153937475268e-05,0.0,pixel_reliability=0 AND MODLAND_QA(bits0-1)=0 AND VI range -2000..10000,MOD13Q1 V061 Terra 250m 16-day
SO1701,Garoowe,SO17,Nugaal,2017-04-07,0.1299506335428514,0.1324,0.0992437693305397,0.0997,0.991590819153146,10023,9.893153937475268e-05,0.0,pixel_reliability=0 AND MODLAND_QA(bits0-1)=0 AND VI range -2000..10000,MOD13Q1 V061 Terra 250m 16-day
SO1701,Garoowe,SO17,Nugaal,2017-04-23,0.1396752598752599,0.1358,0.107360395010395,0.1051,0.7613771270280966,7696,0.0314602295211713,0.0002967946181242,pixel_reliability=0 AND MODLAND_QA(bits0-1)=0 AND VI range -2000..10000,MOD13Q1 V061 Terra 250m 16-day
SO1701,Garoowe,SO17,Nugaal,2017-05-09,0.1734134320987654,0.1707,0.1274145061728395,0.1254,0.8013454689354966,8100,0.0110803324099723,0.0,pixel_reliability=0 AND MODLAND_QA(bits0-1)=0 AND VI range -2000..10000,MOD13Q1 V061 Terra 250m 16-day
SO1701,Garoowe,SO17,Nugaal,2017-05-25,0.16152363414386,0.1572,0.1253187404618984,0.1219,0.972398100514444,9829,0.0022754254056193,0.0,pixel_reliability=0 AND MODLAND_QA(bits0-1)=0 AND VI range -2000..10000,MOD13Q1 V061 Terra 250m 16-day
SO1701,Garoowe,SO17,Nugaal,2017-06-10,0.147933911800735,0.1462,0.1133343201306655,0.112,0.9691333597150772,9796,0.0012861100118717,0.0,pixel_reliability=0 AND MODLAND_QA(bits0-1)=0 AND VI range -2000..10000,MOD13Q1 V061 Terra 250m 16-day
SO1701,Garoowe,SO17,Nugaal,2017-06-26,0.1380575989255088,0.1372,0.107152939353239,0.1061,0.9575583696082312,9679,0.0038583300356153,0.0,pixel_reliability=0 AND MODLAND_QA(bits0-1)=0 AND VI range -2000..10000,MOD13Q1 V061 Terra 250m 16-day
SO1701,Garoowe,SO17,Nugaal,2017-07-12,0.1341022678308198,0.1339,0.1021472956117473,0.1018,0.8724772457459438,8819,0.0513454689354966,0.0018796992481203,pixel_reliability=0 AND MODLAND_QA(bits0-1)=0 AND VI range -2000..10000,MOD13Q1 V061 Terra 250m 16-day
SO1701,Garoowe,SO17,Nugaal,2017-07-28,0.1316684160305344,0.1322,0.1020212786259542,0.1016,0.9331222793826672,9432,0.0002967946181242,0.0,pixel_reliability=0 AND MODLAND_QA(bits0-1)=0 AND VI range -2000..10000,MOD13Q1 V061 Terra 250m 16-day
SO1701,Garoowe,SO17,Nugaal,2017-08-13,0.1309945026737968,0.1319,0.1009788770053476,0.1005,0.9250098931539374,9350,0.000395726157499,0.0,pixel_reliability=0 AND MODLAND_QA(bits0-1)=0 AND VI range -2000..10000,MOD13Q1 V061 Terra 250m 16-day
SO1701,Garoowe,SO17,Nugaal,2017-08-29,0.1308289558883043,0.132,0.0996080635370295,0.0992,0.9778393351800554,9884,9.893153937475268e-05,0.0,pixel_reliability=0 AND MODLAND_QA(bits0-1)=0 AND VI range -2000..10000,MOD13Q1 V061 Terra 250m 16-day
SO1701,Garoowe,SO17,Nugaal,2017-09-14,0.1347464635364635,0.1351,0.1002753746253746,0.09995,0.9903047091412742,10010,9.893153937475268e-05,0.0,pixel_reliability=0 AND MODLAND_QA(bits0-1)=0 AND VI range -2000..10000,MOD13Q1 V061 Terra 250m 16-day
SO1701,Garoowe,SO17,Nugaal,2017-09-30,0.1557765330592668,0.1508,0.1151185908416124,0.1115,0.8663434903047091,8757,0.001582904629996,9.893153937475268e-05,pixel_reliability=0 AND MODLAND_QA(bits0-1)=0 AND VI range -2000..10000,MOD13Q1 V061 Terra 250m 16-day
SO1701,Garoowe,SO17,Nugaal,2017-10-16,0.1581730274314214,0.1547,0.1189618753117207,0.1178,0.9917886822318956,10025,0.000395726157499,0.0,pixel_reliability=0 AND MODLAND_QA(bits0-1)=0 AND VI range -2000..10000,MOD13Q1 V061 Terra 250m 16-day
SO1701,Garoowe,SO17,Nugaal,2017-11-01,0.1531172322966265,0.15030000000000002,0.11483206362070715,0.11380000000000001,0.9765532251681837,9871,0.000296794618124258,0.0,pixel_reliability=0 AND MODLAND_QA(bits0-1)=0 AND VI range -2000..10000,MOD13Q1 V061 Terra 250m 16-day
SO1701,Garoowe,SO17,Nugaal,2017-11-17,0.1435846153846154,0.14300000000000002,0.10745710955710958,0.1077,0.9761574990106846,9867,9.893153937475267e-05,0.0,pixel_reliability=0 AND MODLAND_QA(bits0-1)=0 AND VI range -2000..10000,MOD13Q1 V061 Terra 250m 16-day
SO1701,Garoowe,SO17,Nugaal,2017-12-03,0.13801161834258688,0.13820000000000002,0.10553996504215506,0.10590000000000001,0.9622081519588445,9726,0.0,0.0,pixel_reliability=0 AND MODLAND_QA(bits0-1)=0 AND VI range -2000..10000,MOD13Q1 V061 Terra 250m 16-day
SO1701,Garoowe,SO17,Nugaal,2017-12-19,0.137511018981019,0.1379,0.10279063936063935,0.1037,0.9903047091412742,10010,9.893153937475267e-05,0.0,pixel_reliability=0 AND MODLAND_QA(bits0-1)=0 AND VI range -2000..10000,MOD13Q1 V061 Terra 250m 16-day
SO1702,Burtinle,SO17,Nugaal,2017-01-01,0.1675207725088403,0.1692,0.1058233203372925,0.1063,0.9721463199647422,11029,0.0,0.0,pixel_reliability=0 AND MODLAND_QA(bits0-1)=0 AND VI range -2000..10000,MOD13Q1 V061 Terra 250m 16-day
SO1702,Burtinle,SO17,Nugaal,2017-01-17,0.1648902647006573,0.1666,0.1043212737608811,0.105,0.9923314235345968,11258,0.0,0.0,pixel_reliability=0 AND MODLAND_QA(bits0-1)=0 AND VI range -2000..10000,MOD13Q1 V061 Terra 250m 16-day
SO1702,Burtinle,SO17,Nugaal,2017-02-02,0.1604247587117748,0.1621,0.1041493345524738,0.1043,0.8676068752754518,9843,0.0240634640810929,0.0,pixel_reliability=0 AND MODLAND_QA(bits0-1)=0 AND VI range -2000..10000,MOD13Q1 V061 Terra 250m 16-day
SO1702,Burtinle,SO17,Nugaal,2017-02-18,0.1640123287671233,0.1656,0.1047203623508617,0.1052,0.997355663287792,11315,0.0,0.0,pixel_reliability=0 AND MODLAND_QA(bits0-1)=0 AND VI range -2000..10000,MOD13Q1 V061 Terra 250m 16-day
SO1702,Burtinle,SO17,Nugaal,2017-03-06,0.1596506741174383,0.1612,0.1039136774880255,0.1044,0.9937417364477744,11274,0.0,0.0,pixel_reliability=0 AND MODLAND_QA(bits0-1)=0 AND VI range -2000..10000,MOD13Q1 V061 Terra 250m 16-day
SO1702,Burtinle,SO17,Nugaal,2017-03-22,0.1599040352631101,0.1618,0.1046723439062074,0.1049,0.9698545614808286,11003,0.0016747465843984,0.0,pixel_reliability=0 AND MODLAND_QA(bits0-1)=0 AND VI range -2000..10000,MOD13Q1 V061 Terra 250m 16-day
SO1702,Burtinle,SO17,Nugaal,2017-04-07,0.1600837751573721,0.162,0.1044677896976682,0.1051,0.9941824592331424,11279,0.0005288673424416,0.0,pixel_reliability=0 AND MODLAND_QA(bits0-1)=0 AND VI range -2000..10000,MOD13Q1 V061 Terra 250m 16-day
SO1702,Burtinle,SO17,Nugaal,2017-04-23,0.1635373025199112,0.1618,0.1085866692779736,0.1076,0.6750991626267078,7659,0.031996474217717,0.0007933010136624,pixel_reliability=0 AND MODLAND_QA(bits0-1)=0 AND VI range -2000..10000,MOD13Q1 V061 Terra 250m 16-day
SO1702,Burtinle,SO17,Nugaal,2017-05-09,0.2162829075032341,0.2159,0.1391976228978008,0.1392,0.5450859409431468,6184,0.2146319964742177,0.0157778757161745,pixel_reliability=0 AND MODLAND_QA(bits0-1)=0 AND VI range -2000..10000,MOD13Q1 V061 Terra 250m 16-day
SO1702,Burtinle,SO17,Nugaal,2017-05-25,0.2127342044426576,0.2099,0.1431345461855463,0.1415,0.8769501983252534,9949,0.0120758043190832,0.0,pixel_reliability=0 AND MODLAND_QA(bits0-1)=0 AND VI range -2000..10000,MOD13Q1 V061 Terra 250m 16-day
SO1702,Burtinle,SO17,Nugaal,2017-06-10,0.1886117850953206,0.18655,0.1238105177642981,0.1221,0.8137505509034817,9232,0.0372851476421331,0.0,pixel_reliability=0 AND MODLAND_QA(bits0-1)=0 AND VI range -2000..10000,MOD13Q1 V061 Terra 250m 16-day
SO1702,Burtinle,SO17,Nugaal,2017-06-26,0.1765648674933139,0.175,0.1177770726963287,0.1166,0.7250771264874394,8226,0.0543851917144116,0.0,pixel_reliability=0 AND MODLAND_QA(bits0-1)=0 AND VI range -2000..10000,MOD13Q1 V061 Terra 250m 16-day
SO1702,Burtinle,SO17,Nugaal,2017-07-12,0.1577815350389321,0.1573,0.1041306451612903,0.1029,0.3169678272366681,3596,0.4124283825473777,0.0135742617893345,pixel_reliability=0 AND MODLAND_QA(bits0-1)=0 AND VI range -2000..10000,MOD13Q1 V061 Terra 250m 16-day
SO1702,Burtinle,SO17,Nugaal,2017-07-28,0.1604528004844081,0.1595,0.1086153294984357,0.1078,0.8734244160423094,9909,0.0111062141912736,0.0,pixel_reliability=0 AND MODLAND_QA(bits0-1)=0 AND VI range -2000..10000,MOD13Q1 V061 Terra 250m 16-day
SO1702,Burtinle,SO17,Nugaal,2017-08-13,0.1564198461234957,0.1563,0.106279177352535,0.1061,0.893609519612164,10138,0.002644336712208,0.0,pixel_reliability=0 AND MODLAND_QA(bits0-1)=0 AND VI range -2000..10000,MOD13Q1 V061 Terra 250m 16-day
SO1702,Burtinle,SO17,Nugaal,2017-08-29,0.1562826620432115,0.1566,0.1027867875878012,0.1028,0.9913618334067872,11247,8.814455707360071e-05,0.0,pixel_reliability=0 AND MODLAND_QA(bits0-1)=0 AND VI range -2000..10000,MOD13Q1 V061 Terra 250m 16-day
SO1702,Burtinle,SO17,Nugaal,2017-09-14,0.1598338439615247,0.1605,0.1020254809405058,0.1022,0.9896870868223888,11228,0.0007051564565888,0.0,pixel_reliability=0 AND MODLAND_QA(bits0-1)=0 AND VI range -2000..10000,MOD13Q1 V061 Terra 250m 16-day
SO1702,Burtinle,SO17,Nugaal,2017-09-30,0.2063697627407171,0.2067,0.1217735716565592,0.1212,0.8284706919347731,9399,0.0263552225650066,0.0001762891141472,pixel_reliability=0 AND MODLAND_QA(bits0-1)=0 AND VI range -2000..10000,MOD13Q1 V061 Terra 250m 16-day
SO1702,Burtinle,SO17,Nugaal,2017-10-16,0.2257673881278538,0.2278,0.1479398630136986,0.1488,0.9651828999559278,10950,0.0007933010136624,0.0,pixel_reliability=0 AND MODLAND_QA(bits0-1)=0 AND VI range -2000..10000,MOD13Q1 V061 Terra 250m 16-day
SO1702,Burtinle,SO17,Nugaal,2017-11-01,0.22595727167217214,0.22440000000000002,0.14747160967770737,0.1457,0.9873071837814015,11201,0.0007933010136624063,0.0,pixel_reliability=0 AND MODLAND_QA(bits0-1)=0 AND VI range -2000..10000,MOD13Q1 V061 Terra 250m 16-day
SO1702,Burtinle,SO17,Nugaal,2017-11-17,0.2029117836676218,0.19990000000000002,0.1325458452722063,0.12990000000000002,0.9843984133979726,11168,0.00017628911414720142,0.0,pixel_reliability=0 AND MODLAND_QA(bits0-1)=0 AND VI range -2000..10000,MOD13Q1 V061 Terra 250m 16-day
SO1702,Burtinle,SO17,Nugaal,2017-12-03,0.1854310839913855,0.18460000000000001,0.12052769203158652,0.11960000000000001,0.9822829440282063,11144,0.0,0.0,pixel_reliability=0 AND MODLAND_QA(bits0-1)=0 AND VI range -2000..10000,MOD13Q1 V061 Terra 250m 16-day
SO1702,Burtinle,SO17,Nugaal,2017-12-19,0.17954571858673515,0.1799,0.11561891437173472,0.11520000000000001,0.9954164830321728,11293,8.814455707360071e-05,0.0,pixel_reliability=0 AND MODLAND_QA(bits0-1)=0 AND VI range -2000..10000,MOD13Q1 V061 Terra 250m 16-day
SO1703,Eyl,SO17,Nugaal,2017-01-01,0.1539532135666718,0.1551,0.1085558928294873,0.1086,0.5816069176724914,6457,0.0217978742568906,0.0055845793550711,pixel_reliability=0 AND MODLAND_QA(bits0-1)=0 AND VI range -2000..10000,MOD13Q1 V061 Terra 250m 16-day
SO1703,Eyl,SO17,Nugaal,2017-01-17,0.1517668010224145,0.1534,0.106351700747149,0.1072,0.9162313096739326,10172,0.0183750675553954,0.0045937668888488,pixel_reliability=0 AND MODLAND_QA(bits0-1)=0 AND VI range -2000..10000,MOD13Q1 V061 Terra 250m 16-day
SO1703,Eyl,SO17,Nugaal,2017-02-02,0.144546340223653,0.1456,0.1006901389359539,0.1004,0.531615925058548,5902,0.2188794811745631,0.0098180508016573,pixel_reliability=0 AND MODLAND_QA(bits0-1)=0 AND VI range -2000..10000,MOD13Q1 V061 Terra 250m 16-day
SO1703,Eyl,SO17,Nugaal,2017-02-18,0.1491708570857085,0.1511,0.1046266326632663,0.1057,0.9006485317960727,9999,0.0190956584399207,0.0033327328409295,pixel_reliability=0 AND MODLAND_QA(bits0-1)=0 AND VI range -2000..10000,MOD13Q1 V061 Terra 250m 16-day
SO1703,Eyl,SO17,Nugaal,2017-03-06,0.1459776447497546,0.1475,0.1067829735034347,0.1079,0.9178526391641144,10190,0.0199063231850117,0.0050441361916771,pixel_reliability=0 AND MODLAND_QA(bits0-1)=0 AND VI range -2000..10000,MOD13Q1 V061 Terra 250m 16-day
SO1703,Eyl,SO17,Nugaal,2017-03-22,0.145938854231649,0.1473,0.1053798086920357,0.1052,0.8663303909205549,9618,0.0359394703656998,0.0013511079084849,pixel_reliability=0 AND MODLAND_QA(bits0-1)=0 AND VI range -2000..10000,MOD13Q1 V061 Terra 250m 16-day
SO1703,Eyl,SO17,Nugaal,2017-04-07,0.1461850232198142,0.148,0.106394765866873,0.1066,0.9310034228067016,10336,0.0171140335074761,0.0017114033507476,pixel_reliability=0 AND MODLAND_QA(bits0-1)=0 AND VI range -2000..10000,MOD13Q1 V061 Terra 250m 16-day
SO1703,Eyl,SO17,Nugaal,2017-04-23,0.1470716959598265,0.1469,0.1084049760328692,0.1086,0.7892271662763466,8762,0.0274725274725274,0.0026121419564042,pixel_reliability=0 AND MODLAND_QA(bits0-1)=0 AND VI range -2000..10000,MOD13Q1 V061 Terra 250m 16-day
SO1703,Eyl,SO17,Nugaal,2017-05-09,0.1735985143807939,0.1726,0.1248877584977418,0.1253,0.7578814627994955,8414,0.0272923797513961,0.0016213294901819,pixel_reliability=0 AND MODLAND_QA(bits0-1)=0 AND VI range -2000..10000,MOD13Q1 V061 Terra 250m 16-day
SO1703,Eyl,SO17,Nugaal,2017-05-25,0.1658367411225658,0.1652,0.1220813764795723,0.1227,0.9436137632858944,10476,0.0049540623311115,0.0009007386056566,pixel_reliability=0 AND MODLAND_QA(bits0-1)=0 AND VI range -2000..10000,MOD13Q1 V061 Terra 250m 16-day
SO1703,Eyl,SO17,Nugaal,2017-06-10,0.1544182392381692,0.1559,0.1126444174521426,0.1139,0.9269500990812466,10291,0.0154927040172941,0.0066654656818591,pixel_reliability=0 AND MODLAND_QA(bits0-1)=0 AND VI range -2000..10000,MOD13Q1 V061 Terra 250m 16-day
SO1703,Eyl,SO17,Nugaal,2017-06-26,0.1443530748384407,0.1455,0.1064328225974567,0.108,0.8641686182669789,9594,0.0315258511979823,0.0072959827058187,pixel_reliability=0 AND MODLAND_QA(bits0-1)=0 AND VI range -2000..10000,MOD13Q1 V061 Terra 250m 16-day
SO1703,Eyl,SO17,Nugaal,2017-07-12,0.1422148430624816,0.1446,0.105570636550308,0.1073,0.921185372005044,10227,0.0204467663484056,0.0072959827058187,pixel_reliability=0 AND MODLAND_QA(bits0-1)=0 AND VI range -2000..10000,MOD13Q1 V061 Terra 250m 16-day
SO1703,Eyl,SO17,Nugaal,2017-07-28,0.1431788153310104,0.1456,0.1054410452961672,0.107,0.9047919293820932,10045,0.020086470906143,0.0044136191677175,pixel_reliability=0 AND MODLAND_QA(bits0-1)=0 AND VI range -2000..10000,MOD13Q1 V061 Terra 250m 16-day
SO1703,Eyl,SO17,Nugaal,2017-08-13,0.1384808096688611,0.1413,0.1043288100619043,0.1058,0.9166816789767608,10177,0.0163934426229508,0.0065753918212934,pixel_reliability=0 AND MODLAND_QA(bits0-1)=0 AND VI range -2000..10000,MOD13Q1 V061 Terra 250m 16-day
SO1703,Eyl,SO17,Nugaal,2017-08-29,0.1370187290328764,0.1395,0.1035108214319946,0.1049,0.9397405872815708,10433,0.0155827778778598,0.0072059088452531,pixel_reliability=0 AND MODLAND_QA(bits0-1)=0 AND VI range -2000..10000,MOD13Q1 V061 Terra 250m 16-day
SO1703,Eyl,SO17,Nugaal,2017-09-14,0.1413678722179585,0.144,0.1078912509593246,0.1095,0.93892992253648,10424,0.0063952441001621,0.0036029544226265,pixel_reliability=0 AND MODLAND_QA(bits0-1)=0 AND VI range -2000..10000,MOD13Q1 V061 Terra 250m 16-day
SO1703,Eyl,SO17,Nugaal,2017-09-30,0.1484977833604256,0.1443,0.1089232008275454,0.1075,0.6095298144478473,6767,0.1708701134930643,0.0043235453071518,pixel_reliability=0 AND MODLAND_QA(bits0-1)=0 AND VI range -2000..10000,MOD13Q1 V061 Terra 250m 16-day
SO1703,Eyl,SO17,Nugaal,2017-10-16,0.1635821432079363,0.1595,0.1184962184461251,0.1159,0.9170419744190236,10181,0.0137813006665465,0.007746352008647,pixel_reliability=0 AND MODLAND_QA(bits0-1)=0 AND VI range -2000..10000,MOD13Q1 V061 Terra 250m 16-day
SO1703,Eyl,SO17,Nugaal,2017-11-01,0.16528580618385558,0.16155000000000003,0.11708289064121187,0.1159,0.8681318681318682,9638,0.0045937668888488565,0.0004503693028283192,pixel_reliability=0 AND MODLAND_QA(bits0-1)=0 AND VI range -2000..10000,MOD13Q1 V061 Terra 250m 16-day
SO1703,Eyl,SO17,Nugaal,2017-11-17,0.15962780622292244,0.1588,0.11416919062623081,0.11420000000000001,0.914790127904882,10156,0.018104845973698432,0.0036930282831922176,pixel_reliability=0 AND MODLAND_QA(bits0-1)=0 AND VI range -2000..10000,MOD13Q1 V061 Terra 250m 16-day
SO1703,Eyl,SO17,Nugaal,2017-12-03,0.1532812929987859,0.15330000000000002,0.11141087616349656,0.1125,0.8902900378310215,9884,0.015312556296162854,0.006125022518465141,pixel_reliability=0 AND MODLAND_QA(bits0-1)=0 AND VI range -2000..10000,MOD13Q1 V061 Terra 250m 16-day
SO1703,Eyl,SO17,Nugaal,2017-12-19,0.14997764944275582,0.1505,0.10772443768996963,0.109,0.8890290037831021,9870,0.015582777877859845,0.007566204287515763,pixel_reliability=0 AND MODLAND_QA(bits0-1)=0 AND VI range -2000..10000,MOD13Q1 V061 Terra 250m 16-day
SO1801,Gaalkacyo,SO18,Mudug,2017-01-01,0.1703303096081344,0.1723,0.1118328058951216,0.1113,0.9908869643968982,17506,0.0013018622290145,0.0,pixel_reliability=0 AND MODLAND_QA(bits0-1)=0 AND VI range -2000..10000,MOD13Q1 V061 Terra 250m 16-day
SO1801,Gaalkacyo,SO18,Mudug,2017-01-17,0.1679051223806008,0.1704,0.1108545800442955,0.1102,0.9967170430746588,17609,0.0,0.0,pixel_reliability=0 AND MODLAND_QA(bits0-1)=0 AND VI range -2000..10000,MOD13Q1 V061 Terra 250m 16-day
SO1801,Gaalkacyo,SO18,Mudug,2017-02-02,0.1641779135218114,0.1663,0.1100023090699757,0.1102,0.8849266994962359,15634,0.0106413086545536,0.0,pixel_reliability=0 AND MODLAND_QA(bits0-1)=0 AND VI range -2000..10000,MOD13Q1 V061 Terra 250m 16-day
SO1801,Gaalkacyo,SO18,Mudug,2017-02-18,0.1670191729323308,0.1695,0.1098600404858299,0.1097,0.9786607799852832,17290,0.0018678892851078,0.0,pixel_reliability=0 AND MODLAND_QA(bits0-1)=0 AND VI range -2000..10000,MOD13Q1 V061 Terra 250m 16-day
SO1801,Gaalkacyo,SO18,Mudug,2017-03-06,0.163452139252122,0.1664,0.108978389538885,0.1087,0.9869247750042452,17436,0.0,0.0,pixel_reliability=0 AND MODLAND_QA(bits0-1)=0 AND VI range -2000..10000,MOD13Q1 V061 Terra 250m 16-day
SO1801,Gaalkacyo,SO18,Mudug,2017-03-22,0.1634274942930039,0.1658,0.113380784208406,0.1135,0.8430406973453332,14894,0.0277353257485707,0.0,pixel_reliability=0 AND MODLAND_QA(bits0-1)=0 AND VI range -2000..10000,MOD13Q1 V061 Terra 250m 16-day
SO1801,Gaalkacyo,SO18,Mudug,2017-04-07,0.1640455951580363,0.1662,0.1087597358928899,0.1086,0.92585045565178,16357,0.0063395030282447,0.0,pixel_reliability=0 AND MODLAND_QA(bits0-1)=0 AND VI range -2000..10000,MOD13Q1 V061 Terra 250m 16-day
SO1801,Gaalkacyo,SO18,Mudug,2017-04-23,0.1639861688311688,0.1637,0.1106416753246753,0.1096,0.4358408331918266,7700,0.1613177109865851,0.0058866813833701,pixel_reliability=0 AND MODLAND_QA(bits0-1)=0 AND VI range -2000..10000,MOD13Q1 V061 Terra 250m 16-day
SO1801,Gaalkacyo,SO18,Mudug,2017-05-09,0.1940700206185567,0.1929,0.129675649484536,0.1282,0.5490462444104828,9700,0.1644308597950982,0.035546499122658,pixel_reliability=0 AND MODLAND_QA(bits0-1)=0 AND VI range -2000..10000,MOD13Q1 V061 Terra 250m 16-day
SO1801,Gaalkacyo,SO18,Mudug,2017-05-25,0.1994932102628285,0.1961,0.1344759824780976,0.1334,0.9045112356370636,15980,0.0075847625516499,0.0,pixel_reliability=0 AND MODLAND_QA(bits0-1)=0 AND VI range -2000..10000,MOD13Q1 V061 Terra 250m 16-day
SO1801,Gaalkacyo,SO18,Mudug,2017-06-10,0.1841811828307171,0.1828,0.122340011724093,0.1207,0.8690213392200147,15353,0.0394520858097017,0.0,pixel_reliability=0 AND MODLAND_QA(bits0-1)=0 AND VI range -2000..10000,MOD13Q1 V061 Terra 250m 16-day
SO1801,Gaalkacyo,SO18,Mudug,2017-06-26,0.1710170410783055,0.1709,0.1163997191912708,0.1151,0.7054961227146658,12464,0.1025641025641025,0.0,pixel_reliability=0 AND MODLAND_QA(bits0-1)=0 AND VI range -2000..10000,MOD13Q1 V061 Terra 250m 16-day
SO1801,Gaalkacyo,SO18,Mudug,2017-07-12,0.157947983014862,0.1596,0.1109101910828025,0.111,0.4265579894718967,7536,0.3022584479538122,0.0062829003226354,pixel_reliability=0 AND MODLAND_QA(bits0-1)=0 AND VI range -2000..10000,MOD13Q1 V061 Terra 250m 16-day
SO1801,Gaalkacyo,SO18,Mudug,2017-07-28,0.1585553355514079,0.1603,0.1103294327679948,0.1102,0.6975151412237505,12323,0.0463010131884304,0.0,pixel_reliability=0 AND MODLAND_QA(bits0-1)=0 AND VI range -2000..10000,MOD13Q1 V061 Terra 250m 16-day
SO1801,Gaalkacyo,SO18,Mudug,2017-08-13,0.1594018284913353,0.1609,0.1085748598369011,0.1083,0.8884360672440142,15696,0.0155091413369559,0.0,pixel_reliability=0 AND MODLAND_QA(bits0-1)=0 AND VI range -2000..10000,MOD13Q1 V061 Terra 250m 16-day
SO1801,Gaalkacyo,SO18,Mudug,2017-08-29,0.1599823083931215,0.1623,0.1074151805033595,0.1072,0.9940567159110204,17562,0.0001132054112186,0.0,pixel_reliability=0 AND MODLAND_QA(bits0-1)=0 AND VI range -2000..10000,MOD13Q1 V061 Terra 250m 16-day
SO1801,Gaalkacyo,SO18,Mudug,2017-09-14,0.1616215678751838,0.1636,0.1075118805550226,0.1073,0.8852097130242825,15639,0.0148299088696439,0.0,pixel_reliability=0 AND MODLAND_QA(bits0-1)=0 AND VI range -2000..10000,MOD13Q1 V061 Terra 250m 16-day
SO1801,Gaalkacyo,SO18,Mudug,2017-09-30,0.1758298889964985,0.1732,0.1121815242494226,0.11,0.7597781173940115,13423,0.0542819946793456,0.0003962189392652,pixel_reliability=0 AND MODLAND_QA(bits0-1)=0 AND VI range -2000..10000,MOD13Q1 V061 Terra 250m 16-day
SO1801,Gaalkacyo,SO18,Mudug,2017-10-16,0.1879653617382859,0.1817,0.1281880978392813,0.1237,0.9325861776192902,16476,0.0018112865794985,0.0,pixel_reliability=0 AND MODLAND_QA(bits0-1)=0 AND VI range -2000..10000,MOD13Q1 V061 Terra 250m 16-day
SO1801,Gaalkacyo,SO18,Mudug,2017-11-01,0.21388078754040551,0.2134,0.1426579312371437,0.1422,0.9630950359427181,17015,0.005037640799230203,0.0,pixel_reliability=0 AND MODLAND_QA(bits0-1)=0 AND VI range -2000..10000,MOD13Q1 V061 Terra 250m 16-day
SO1801,Gaalkacyo,SO18,Mudug,2017-11-17,0.2074246649591995,0.2058,0.1419203228304247,0.1404,0.9503028244750099,16789,0.0006226297617026094,0.0,pixel_reliability=0 AND MODLAND_QA(bits0-1)=0 AND VI range -2000..10000,MOD13Q1 V061 Terra 250m 16-day
SO1801,Gaalkacyo,SO18,Mudug,2017-12-03,0.18405543039198954,0.1831,0.1232821414348296,0.1217,0.9949057564951604,17577,0.00016980811682798438,0.0,pixel_reliability=0 AND MODLAND_QA(bits0-1)=0 AND VI range -2000..10000,MOD13Q1 V061 Terra 250m 16-day
SO1801,Gaalkacyo,SO18,Mudug,2017-12-19,0.1786860140258852,0.1792,0.1191638348822624,0.11850000000000001,0.992754853682006,17539,0.0005094243504839531,0.0,pixel_reliability=0 AND MODLAND_QA(bits0-1)=0 AND VI range -2000..10000,MOD13Q1 V061 Terra 250m 16-day
SO1802,Galdogob,SO18,Mudug,2017-01-01,0.1750908679555738,0.1756,0.1122480460715754,0.1122,0.9830165790537808,2431,0.0012131014961585,0.0,pixel_reliability=0 AND MODLAND_QA(bits0-1)=0 AND VI range -2000..10000,MOD13Q1 V061 Terra 250m 16-day
SO1802,Galdogob,SO18,Mudug,2017-01-17,0.1711831973898858,0.1711,0.1112777324632952,0.1115,0.9915082895268904,2452,0.0004043671653861,0.0,pixel_reliability=0 AND MODLAND_QA(bits0-1)=0 AND VI range -2000..10000,MOD13Q1 V061 Terra 250m 16-day
SO1802,Galdogob,SO18,Mudug,2017-02-02,0.1683405993431855,0.1678,0.1093898604269294,0.1091,0.9850384148807116,2436,0.0016174686615446,0.0,pixel_reliability=0 AND MODLAND_QA(bits0-1)=0 AND VI range -2000..10000,MOD13Q1 V061 Terra 250m 16-day
SO1802,Galdogob,SO18,Mudug,2017-02-18,0.1708503482179434,0.1705,0.1102062679229824,0.1101,0.9870602507076426,2441,0.0012131014961585,0.0,pixel_reliability=0 AND MODLAND_QA(bits0-1)=0 AND VI range -2000..10000,MOD13Q1 V061 Terra 250m 16-day
SO1802,Galdogob,SO18,Mudug,2017-03-06,0.1656264827018122,0.164,0.1092795304777594,0.1089,0.9818034775576224,2428,0.0008087343307723,0.0,pixel_reliability=0 AND MODLAND_QA(bits0-1)=0 AND VI range -2000..10000,MOD13Q1 V061 Terra 250m 16-day
SO1802,Galdogob,SO18,Mudug,2017-03-22,0.1656969038565997,0.1656,0.1141986420423682,0.1147,0.7444399514759401,1841,0.0210270926000808,0.0,pixel_reliability=0 AND MODLAND_QA(bits0-1)=0 AND VI range -2000..10000,MOD13Q1 V061 Terra 250m 16-day
SO1802,Galdogob,SO18,Mudug,2017-04-07,0.1689537067545304,0.1685,0.1073698517298187,0.1064,0.9818034775576224,2428,0.0012131014961585,0.0,pixel_reliability=0 AND MODLAND_QA(bits0-1)=0 AND VI range -2000..10000,MOD13Q1 V061 Terra 250m 16-day
SO1802,Galdogob,SO18,Mudug,2017-04-23,0.1734182061579652,0.1747,0.1145751004016064,0.1132,0.6041245450869389,1494,0.0679336837848766,0.0,pixel_reliability=0 AND MODLAND_QA(bits0-1)=0 AND VI range -2000..10000,MOD13Q1 V061 Terra 250m 16-day
SO1802,Galdogob,SO18,Mudug,2017-05-09,0.1518478873239436,0.1465,0.1150661971830985,0.1134,0.0287100687424181,71,0.2822482814395471,0.3465426607359482,pixel_reliability=0 AND MODLAND_QA(bits0-1)=0 AND VI range -2000..10000,MOD13Q1 V061 Terra 250m 16-day
SO1802,Galdogob,SO18,Mudug,2017-05-25,0.1969215313225058,0.1949,0.130211090487239,0.128,0.8714112414071977,2155,0.0105135463000404,0.0004043671653861,pixel_reliability=0 AND MODLAND_QA(bits0-1)=0 AND VI range -2000..10000,MOD13Q1 V061 Terra 250m 16-day
SO1802,Galdogob,SO18,Mudug,2017-06-10,0.1709097540983606,0.1673,0.1156013114754098,0.11235,0.4933279417711282,1220,0.2292761827739587,0.0,pixel_reliability=0 AND MODLAND_QA(bits0-1)=0 AND VI range -2000..10000,MOD13Q1 V061 Terra 250m 16-day
SO1802,Galdogob,SO18,Mudug,2017-06-26,0.1567640041493776,0.15785,0.1083497925311203,0.1073,0.3898099474322685,964,0.3336029114435908,0.0,pixel_reliability=0 AND MODLAND_QA(bits0-1)=0 AND VI range -2000..10000,MOD13Q1 V061 Terra 250m 16-day
SO1802,Galdogob,SO18,Mudug,2017-07-12,0.1490024447031432,0.1509,0.1037747380675203,0.1029,0.3473513950667206,859,0.5082895268904165,0.0,pixel_reliability=0 AND MODLAND_QA(bits0-1)=0 AND VI range -2000..10000,MOD13Q1 V061 Terra 250m 16-day
SO1802,Galdogob,SO18,Mudug,2017-07-28,0.1517633195020747,0.1532,0.1076209128630705,0.1077,0.4872624342903356,1205,0.1936918722199757,0.0,pixel_reliability=0 AND MODLAND_QA(bits0-1)=0 AND VI range -2000..10000,MOD13Q1 V061 Terra 250m 16-day
SO1802,Galdogob,SO18,Mudug,2017-08-13,0.1661248357963875,0.1651,0.1068439244663382,0.1056,0.9850384148807116,2436,0.0008087343307723,0.0,pixel_reliability=0 AND MODLAND_QA(bits0-1)=0 AND VI range -2000..10000,MOD13Q1 V061 Terra 250m 16-day
SO1802,Galdogob,SO18,Mudug,2017-08-29,0.162258363710004,0.1609,0.1082303361684892,0.1079,0.9983825313384552,2469,0.0,0.0,pixel_reliability=0 AND MODLAND_QA(bits0-1)=0 AND VI range -2000..10000,MOD13Q1 V061 Terra 250m 16-day
SO1802,Galdogob,SO18,Mudug,2017-09-14,0.1681163190184049,0.1675,0.1082615132924335,0.1071,0.9886777193691872,2445,0.0008087343307723,0.0,pixel_reliability=0 AND MODLAND_QA(bits0-1)=0 AND VI range -2000..10000,MOD13Q1 V061 Terra 250m 16-day
SO1802,Galdogob,SO18,Mudug,2017-09-30,0.1817614379084967,0.1804,0.1138280319535221,0.1135,0.556813586736757,1377,0.104326728669632,0.0,pixel_reliability=0 AND MODLAND_QA(bits0-1)=0 AND VI range -2000..10000,MOD13Q1 V061 Terra 250m 16-day
SO1802,Galdogob,SO18,Mudug,2017-10-16,0.1939065740245858,0.1913,0.1294612506680919,0.1272,0.7565709664375253,1871,0.0129397492923574,0.0,pixel_reliability=0 AND MODLAND_QA(bits0-1)=0 AND VI range -2000..10000,MOD13Q1 V061 Terra 250m 16-day
SO1802,Galdogob,SO18,Mudug,2017-11-01,0.23176326732673266,0.23450000000000001,0.1510680198019802,0.152,0.8168216740800647,2020,0.0372017792155277,0.0,pixel_reliability=0 AND MODLAND_QA(bits0-1)=0 AND VI range -2000..10000,MOD13Q1 V061 Terra 250m 16-day
SO1802,Galdogob,SO18,Mudug,2017-11-17,0.2279340179717587,0.2311,0.15408130081300814,0.1559,0.9450060655074808,2337,0.0016174686615446825,0.0,pixel_reliability=0 AND MODLAND_QA(bits0-1)=0 AND VI range -2000..10000,MOD13Q1 V061 Terra 250m 16-day
SO1802,Galdogob,SO18,Mudug,2017-12-03,0.19394212887438828,0.1947,0.12845603588907015,0.1279,0.9915082895268904,2452,0.001213101496158512,0.0,pixel_reliability=0 AND MODLAND_QA(bits0-1)=0 AND VI range -2000..10000,MOD13Q1 V061 Terra 250m 16-day
SO1802,Galdogob,SO18,Mudug,2017-12-19,0.1863135620915033,0.1888,0.1218933823529412,0.12200000000000001,0.9898908208653457,2448,0.0008087343307723412,0.0,pixel_reliability=0 AND MODLAND_QA(bits0-1)=0 AND VI range -2000..10000,MOD13Q1 V061 Terra 250m 16-day
SO1803,Hobyo,SO18,Mudug,2017-01-01,0.1526226145080974,0.1538,0.1091566865551119,0.1083,0.7434298292422625,22291,0.0215781750266808,0.0111059231590181,pixel_reliability=0 AND MODLAND_QA(bits0-1)=0 AND VI range -2000..10000,MOD13Q1 V061 Terra 250m 16-day
SO1803,Hobyo,SO18,Mudug,2017-01-17,0.1491191963932611,0.1501,0.1078948627699122,0.1075,0.8433164354322306,25286,0.0133737993596584,0.0104389007470651,pixel_reliability=0 AND MODLAND_QA(bits0-1)=0 AND VI range -2000..10000,MOD13Q1 V061 Terra 250m 16-day
SO1803,Hobyo,SO18,Mudug,2017-02-02,0.1436123710332013,0.1457,0.1048724023275145,0.1044,0.6820637673425827,20451,0.136406083244397,0.0146077908217716,pixel_reliability=0 AND MODLAND_QA(bits0-1)=0 AND VI range -2000..10000,MOD13Q1 V061 Terra 250m 16-day
SO1803,Hobyo,SO18,Mudug,2017-02-18,0.1463378541528971,0.1479,0.1041944348975545,0.1037,0.7569036819637139,22695,0.0606656883671291,0.0115061366061899,pixel_reliability=0 AND MODLAND_QA(bits0-1)=0 AND VI range -2000..10000,MOD13Q1 V061 Terra 250m 16-day
SO1803,Hobyo,SO18,Mudug,2017-03-06,0.1435514206059612,0.1453,0.104737128449018,0.1043,0.813467182497332,24391,0.0337513340448239,0.0105056029882604,pixel_reliability=0 AND MODLAND_QA(bits0-1)=0 AND VI range -2000..10000,MOD13Q1 V061 Terra 250m 16-day
SO1803,Hobyo,SO18,Mudug,2017-03-22,0.1404684216024235,0.1421,0.1062394756084822,0.1061,0.3192702774813233,9573,0.397812166488794,0.0087713447171824,pixel_reliability=0 AND MODLAND_QA(bits0-1)=0 AND VI range -2000..10000,MOD13Q1 V061 Terra 250m 16-day
SO1803,Hobyo,SO18,Mudug,2017-04-07,0.1443787181354698,0.1452,0.1046854770575382,0.1045,0.6868663287086446,20595,0.0285485592315901,0.0053028281750266,pixel_reliability=0 AND MODLAND_QA(bits0-1)=0 AND VI range -2000..10000,MOD13Q1 V061 Terra 250m 16-day
SO1803,Hobyo,SO18,Mudug,2017-04-23,0.144766592277,0.1449,0.107083289375803,0.1059,0.4931630202774813,14787,0.192102454642476,0.0156416755602988,pixel_reliability=0 AND MODLAND_QA(bits0-1)=0 AND VI range -2000..10000,MOD13Q1 V061 Terra 250m 16-day
SO1803,Hobyo,SO18,Mudug,2017-05-09,0.1546643836930455,0.1513,0.1142930263788968,0.1119,0.6953708644610459,20850,0.0446571504802561,0.0632003735325506,pixel_reliability=0 AND MODLAND_QA(bits0-1)=0 AND VI range -2000..10000,MOD13Q1 V061 Terra 250m 16-day
SO1803,Hobyo,SO18,Mudug,2017-05-25,0.1529933868460064,0.1501,0.112323032143761,0.1107,0.9223919423692636,27657,0.0134738527214514,0.0123065635005336,pixel_reliability=0 AND MODLAND_QA(bits0-1)=0 AND VI range -2000..10000,MOD13Q1 V061 Terra 250m 16-day
SO1803,Hobyo,SO18,Mudug,2017-06-10,0.1465940112806901,0.1454,0.1081124626741871,0.1075,0.804162219850587,24112,0.0243796691568836,0.0112393276414087,pixel_reliability=0 AND MODLAND_QA(bits0-1)=0 AND VI range -2000..10000,MOD13Q1 V061 Terra 250m 16-day
SO1803,Hobyo,SO18,Mudug,2017-06-26,0.1398399813650128,0.1394,0.1029086233403214,0.1027,0.7158818036286019,21465,0.0801427427961579,0.0185098719316969,pixel_reliability=0 AND MODLAND_QA(bits0-1)=0 AND VI range -2000..10000,MOD13Q1 V061 Terra 250m 16-day
SO1803,Hobyo,SO18,Mudug,2017-07-12,0.1312925938117182,0.1314,0.0999795753785385,0.1001,0.4052828175026681,12152,0.2058764674493063,0.0742062433297758,pixel_reliability=0 AND MODLAND_QA(bits0-1)=0 AND VI range -2000..10000,MOD13Q1 V061 Terra 250m 16-day
SO1803,Hobyo,SO18,Mudug,2017-07-28,0.1349224802677796,0.1357,0.1006719327244927,0.1004,0.8070637673425827,24199,0.0186099252934898,0.0146077908217716,pixel_reliability=0 AND MODLAND_QA(bits0-1)=0 AND VI range -2000..10000,MOD13Q1 V061 Terra 250m 16-day
SO1803,Hobyo,SO18,Mudug,2017-08-13,0.1353703532000157,0.1367,0.1009750284838722,0.1005,0.8488860725720384,25453,0.0221784951974386,0.013507203842049,pixel_reliability=0 AND MODLAND_QA(bits0-1)=0 AND VI range -2000..10000,MOD13Q1 V061 Terra 250m 16-day
SO1803,Hobyo,SO18,Mudug,2017-08-29,0.1361702190603648,0.1376,0.100424216383743,0.1001,0.9469717182497333,28394,0.0087379935965848,0.0110725720384204,pixel_reliability=0 AND MODLAND_QA(bits0-1)=0 AND VI range -2000..10000,MOD13Q1 V061 Terra 250m 16-day
SO1803,Hobyo,SO18,Mudug,2017-09-14,0.1380561035517954,0.1397,0.1044573277710632,0.1042,0.8554228922091782,25649,0.0168089647812166,0.0100386872998932,pixel_reliability=0 AND MODLAND_QA(bits0-1)=0 AND VI range -2000..10000,MOD13Q1 V061 Terra 250m 16-day
SO1803,Hobyo,SO18,Mudug,2017-09-30,0.1415623063408401,0.1424,0.1009312303678858,0.1,0.6264340981856991,18783,0.1564501067235859,0.0218783351120597,pixel_reliability=0 AND MODLAND_QA(bits0-1)=0 AND VI range -2000..10000,MOD13Q1 V061 Terra 250m 16-day
SO1803,Hobyo,SO18,Mudug,2017-10-16,0.1455266101760796,0.1461,0.1085248649278967,0.107,0.8580242796157951,25727,0.0283151013874066,0.0108057630736392,pixel_reliability=0 AND MODLAND_QA(bits0-1)=0 AND VI range -2000..10000,MOD13Q1 V061 Terra 250m 16-day
SO1803,Hobyo,SO18,Mudug,2017-11-01,0.17416734486649119,0.1729,0.125632309138774,0.12365000000000001,0.8868062966915689,26590,0.02471318036286019,0.0053028281750266805,pixel_reliability=0 AND MODLAND_QA(bits0-1)=0 AND VI range -2000..10000,MOD13Q1 V061 Terra 250m 16-day
SO1803,Hobyo,SO18,Mudug,2017-11-17,0.1759591419816139,0.17470000000000002,0.12845173646578142,0.1264,0.9142209178228389,27412,0.017375933831376734,0.009438367129135539,pixel_reliability=0 AND MODLAND_QA(bits0-1)=0 AND VI range -2000..10000,MOD13Q1 V061 Terra 250m 16-day
SO1803,Hobyo,SO18,Mudug,2017-12-03,0.17543145184036105,0.1704,0.13158975461853054,0.1267,0.9459711846318036,28364,0.010105389541088581,0.010205442902881537,pixel_reliability=0 AND MODLAND_QA(bits0-1)=0 AND VI range -2000..10000,MOD13Q1 V061 Terra 250m 16-day
SO1803,Hobyo,SO18,Mudug,2017-12-19,0.17285689854402592,0.16490000000000002,0.1284966104306294,0.1207,0.8658617929562433,25962,0.01377401280683031,0.01167289220917823,pixel_reliability=0 AND MODLAND_QA(bits0-1)=0 AND VI range -2000..10000,MOD13Q1 V061 Terra 250m 16-day
SO1804,Jariiban,SO18,Mudug,2017-01-01,0.1572578245915735,0.1578,0.1088305073086844,0.1089,0.905833787678168,11630,0.0098138484305631,0.0153438741334994,pixel_reliability=0 AND MODLAND_QA(bits0-1)=0 AND VI range -2000..10000,MOD13Q1 V061 Terra 250m 16-day
SO1804,Jariiban,SO18,Mudug,2017-01-17,0.1558622086295255,0.156,0.1066820962142502,0.1065,0.942285224705974,12098,0.0114494898356569,0.0133187942986213,pixel_reliability=0 AND MODLAND_QA(bits0-1)=0 AND VI range -2000..10000,MOD13Q1 V061 Terra 250m 16-day
SO1804,Jariiban,SO18,Mudug,2017-02-02,0.1515738408095454,0.1524,0.104957181694608,0.1047,0.5156943687203053,6621,0.1176882934808006,0.0153438741334994,pixel_reliability=0 AND MODLAND_QA(bits0-1)=0 AND VI range -2000..10000,MOD13Q1 V061 Terra 250m 16-day
SO1804,Jariiban,SO18,Mudug,2017-02-18,0.1551298947931526,0.1545,0.1054739211840228,0.1048,0.8735882856920321,11216,0.02546927330789,0.0116831528935275,pixel_reliability=0 AND MODLAND_QA(bits0-1)=0 AND VI range -2000..10000,MOD13Q1 V061 Terra 250m 16-day
SO1804,Jariiban,SO18,Mudug,2017-03-06,0.1523176246600181,0.1521,0.1067131459655484,0.1069,0.8591011761040579,11030,0.01557753719137,0.007243554793987,pixel_reliability=0 AND MODLAND_QA(bits0-1)=0 AND VI range -2000..10000,MOD13Q1 V061 Terra 250m 16-day
SO1804,Jariiban,SO18,Mudug,2017-03-22,0.1484709681512498,0.1482,0.1060864357315061,0.1064,0.6138328530259366,7881,0.1208038009190747,0.0061531271905911,pixel_reliability=0 AND MODLAND_QA(bits0-1)=0 AND VI range -2000..10000,MOD13Q1 V061 Terra 250m 16-day
SO1804,Jariiban,SO18,Mudug,2017-04-07,0.1515154039136979,0.1521,0.1053024887104867,0.1053,0.7761507905600125,9965,0.0212633382662201,0.0049069242152815,pixel_reliability=0 AND MODLAND_QA(bits0-1)=0 AND VI range -2000..10000,MOD13Q1 V061 Terra 250m 16-day
SO1804,Jariiban,SO18,Mudug,2017-04-23,0.1625265912003417,0.1608,0.1126976505766766,0.11005,0.3646701456499727,4682,0.2552379468805982,0.0170574032245502,pixel_reliability=0 AND MODLAND_QA(bits0-1)=0 AND VI range -2000..10000,MOD13Q1 V061 Terra 250m 16-day
SO1804,Jariiban,SO18,Mudug,2017-05-09,0.1801497802197802,0.1743,0.1283640293040293,0.1248,0.8505335306488044,10920,0.0277280162006386,0.0098917361165199,pixel_reliability=0 AND MODLAND_QA(bits0-1)=0 AND VI range -2000..10000,MOD13Q1 V061 Terra 250m 16-day
SO1804,Jariiban,SO18,Mudug,2017-05-25,0.1684495737813457,0.1628,0.1184029214599023,0.1149,0.9411169094166212,12083,0.0067762286782459,0.0119947036373549,pixel_reliability=0 AND MODLAND_QA(bits0-1)=0 AND VI range -2000..10000,MOD13Q1 V061 Terra 250m 16-day
SO1804,Jariiban,SO18,Mudug,2017-06-10,0.1570456245824983,0.1543,0.1097318804275217,0.1076,0.9327829270192384,11976,0.0137082327284056,0.0146428849598878,pixel_reliability=0 AND MODLAND_QA(bits0-1)=0 AND VI range -2000..10000,MOD13Q1 V061 Terra 250m 16-day
SO1804,Jariiban,SO18,Mudug,2017-06-26,0.1484845604395604,0.1464,0.1058675686813187,0.1049,0.5670223537658696,7280,0.065503543889711,0.0152659864475426,pixel_reliability=0 AND MODLAND_QA(bits0-1)=0 AND VI range -2000..10000,MOD13Q1 V061 Terra 250m 16-day
SO1804,Jariiban,SO18,Mudug,2017-07-12,0.1443734947315605,0.1433,0.1042379954841946,0.1033,0.62092063244801,7972,0.1470519510865332,0.0160448633071111,pixel_reliability=0 AND MODLAND_QA(bits0-1)=0 AND VI range -2000..10000,MOD13Q1 V061 Terra 250m 16-day
SO1804,Jariiban,SO18,Mudug,2017-07-28,0.146928195851423,0.147,0.1050187530149541,0.1043,0.645844691954202,8292,0.0361398862839785,0.0183036061998598,pixel_reliability=0 AND MODLAND_QA(bits0-1)=0 AND VI range -2000..10000,MOD13Q1 V061 Terra 250m 16-day
SO1804,Jariiban,SO18,Mudug,2017-08-13,0.1428663032524049,0.1423,0.1034825194686211,0.1031,0.8501440922190202,10915,0.0148765480177583,0.0161227509930679,pixel_reliability=0 AND MODLAND_QA(bits0-1)=0 AND VI range -2000..10000,MOD13Q1 V061 Terra 250m 16-day
SO1804,Jariiban,SO18,Mudug,2017-08-29,0.1446703879059722,0.1437,0.1025844505357587,0.1022,0.93768985123452,12039,0.0104369499182179,0.0146428849598878,pixel_reliability=0 AND MODLAND_QA(bits0-1)=0 AND VI range -2000..10000,MOD13Q1 V061 Terra 250m 16-day
SO1804,Jariiban,SO18,Mudug,2017-09-14,0.1457137159622261,0.1454,0.1055249106078665,0.1054,0.8495209907313653,10907,0.0300646467793441,0.0122283666952254,pixel_reliability=0 AND MODLAND_QA(bits0-1)=0 AND VI range -2000..10000,MOD13Q1 V061 Terra 250m 16-day
SO1804,Jariiban,SO18,Mudug,2017-09-30,0.1623762164673092,0.1598,0.1081392753454883,0.1067,0.6706908637744372,8611,0.1577225640626217,0.0181478308279461,pixel_reliability=0 AND MODLAND_QA(bits0-1)=0 AND VI range -2000..10000,MOD13Q1 V061 Terra 250m 16-day
SO1804,Jariiban,SO18,Mudug,2017-10-16,0.1667184819034853,0.1603,0.1179337382707774,0.1131,0.9296674195809642,11936,0.010359062232261,0.0148765480177583,pixel_reliability=0 AND MODLAND_QA(bits0-1)=0 AND VI range -2000..10000,MOD13Q1 V061 Terra 250m 16-day
SO1804,Jariiban,SO18,Mudug,2017-11-01,0.17308678327645052,0.16740000000000002,0.11998626279863482,0.1164,0.9128436794142846,11720,0.008567645455253525,0.005841576446763767,pixel_reliability=0 AND MODLAND_QA(bits0-1)=0 AND VI range -2000..10000,MOD13Q1 V061 Terra 250m 16-day
SO1804,Jariiban,SO18,Mudug,2017-11-17,0.16392499582009698,0.161,0.11560694699882963,0.1129,0.9316924994158423,11962,0.011683152893527534,0.01004751148843368,pixel_reliability=0 AND MODLAND_QA(bits0-1)=0 AND VI range -2000..10000,MOD13Q1 V061 Terra 250m 16-day
SO1804,Jariiban,SO18,Mudug,2017-12-03,0.15488732206775993,0.1532,0.10916188296012655,0.1076,0.9356647713996418,12013,0.01004751148843368,0.014642884959887841,pixel_reliability=0 AND MODLAND_QA(bits0-1)=0 AND VI range -2000..10000,MOD13Q1 V061 Terra 250m 16-day
SO1804,Jariiban,SO18,Mudug,2017-12-19,0.15287157055950645,0.15130000000000002,0.10689034358666781,0.1058,0.9090271828023989,11671,0.009969623802476828,0.016044863307111145,pixel_reliability=0 AND MODLAND_QA(bits0-1)=0 AND VI range -2000..10000,MOD13Q1 V061 Terra 250m 16-day
SO1805,Xarardheere,SO18,Mudug,2017-01-01,0.1773995091762697,0.18445,0.1212192701664532,0.1253,0.7560503388189739,4686,0.0809938689899967,0.0283962568570506,pixel_reliability=0 AND MODLAND_QA(bits0-1)=0 AND VI range -2000..10000,MOD13Q1 V061 Terra 250m 16-day
SO1805,Xarardheere,SO18,Mudug,2017-01-17,0.1720915949159491,0.1789,0.1177871463714637,0.1225,0.78702807357212,4878,0.0258147789609551,0.0271055179090029,pixel_reliability=0 AND MODLAND_QA(bits0-1)=0 AND VI range -2000..10000,MOD13Q1 V061 Terra 250m 16-day
SO1805,Xarardheere,SO18,Mudug,2017-02-02,0.1514706156716418,0.1524,0.1087180037313433,0.1105,0.345918038076799,2144,0.2944498225233946,0.0458212326556953,pixel_reliability=0 AND MODLAND_QA(bits0-1)=0 AND VI range -2000..10000,MOD13Q1 V061 Terra 250m 16-day
SO1805,Xarardheere,SO18,Mudug,2017-02-18,0.1588703082614057,0.162,0.1082048828606658,0.1107,0.654243304291707,4055,0.1208454340109712,0.0353339787028073,pixel_reliability=0 AND MODLAND_QA(bits0-1)=0 AND VI range -2000..10000,MOD13Q1 V061 Terra 250m 16-day
SO1805,Xarardheere,SO18,Mudug,2017-03-06,0.1488048468708389,0.1605,0.1081881491344873,0.112,0.6058405937399161,3755,0.1532752500806712,0.0298483381736043,pixel_reliability=0 AND MODLAND_QA(bits0-1)=0 AND VI range -2000..10000,MOD13Q1 V061 Terra 250m 16-day
SO1805,Xarardheere,SO18,Mudug,2017-03-22,0.1579605156723963,0.1645,0.1112714105156724,0.1147,0.638270409809616,3956,0.122136172959019,0.0182316876411745,pixel_reliability=0 AND MODLAND_QA(bits0-1)=0 AND VI range -2000..10000,MOD13Q1 V061 Terra 250m 16-day
SO1805,Xarardheere,SO18,Mudug,2017-04-07,0.1634878613861386,0.1692,0.1126028316831683,0.1151,0.8147789609551468,5050,0.0500161342368506,0.0162955792191029,pixel_reliability=0 AND MODLAND_QA(bits0-1)=0 AND VI range -2000..10000,MOD13Q1 V061 Terra 250m 16-day
SO1805,Xarardheere,SO18,Mudug,2017-04-23,0.1522423817863397,0.1289,0.1134060420315236,0.1096,0.1842529848338173,1142,0.3065505001613424,0.1182639561148757,pixel_reliability=0 AND MODLAND_QA(bits0-1)=0 AND VI range -2000..10000,MOD13Q1 V061 Terra 250m 16-day
SO1805,Xarardheere,SO18,Mudug,2017-05-09,0.196036732623034,0.1615,0.1404266362252663,0.1244,0.3180058083252662,1971,0.1555340432397547,0.2026460148434979,pixel_reliability=0 AND MODLAND_QA(bits0-1)=0 AND VI range -2000..10000,MOD13Q1 V061 Terra 250m 16-day
SO1805,Xarardheere,SO18,Mudug,2017-05-25,0.1854298529411764,0.1795,0.1320167058823529,0.128,0.5485640529202969,3400,0.2005485640529203,0.0514682155534043,pixel_reliability=0 AND MODLAND_QA(bits0-1)=0 AND VI range -2000..10000,MOD13Q1 V061 Terra 250m 16-day
SO1805,Xarardheere,SO18,Mudug,2017-06-10,0.1585752485795454,0.1424,0.1199462713068181,0.11495,0.4543401097128106,2816,0.2728299451435947,0.0393675379154566,pixel_reliability=0 AND MODLAND_QA(bits0-1)=0 AND VI range -2000..10000,MOD13Q1 V061 Terra 250m 16-day
SO1805,Xarardheere,SO18,Mudug,2017-06-26,0.1766502355712603,0.1777,0.1255150176678445,0.1266,0.2739593417231365,1698,0.2983220393675379,0.1098741529525653,pixel_reliability=0 AND MODLAND_QA(bits0-1)=0 AND VI range -2000..10000,MOD13Q1 V061 Terra 250m 16-day
SO1805,Xarardheere,SO18,Mudug,2017-07-12,0.1415811475409836,0.13175,0.1052295081967213,0.10145,0.0196837689577283,122,0.2754114230396902,0.4356243949661181,pixel_reliability=0 AND MODLAND_QA(bits0-1)=0 AND VI range -2000..10000,MOD13Q1 V061 Terra 250m 16-day
SO1805,Xarardheere,SO18,Mudug,2017-07-28,0.1482368499701135,0.1543,0.1091825463239689,0.1112,0.5398515650209745,3346,0.1105195224265892,0.0466279444982252,pixel_reliability=0 AND MODLAND_QA(bits0-1)=0 AND VI range -2000..10000,MOD13Q1 V061 Terra 250m 16-day
SO1805,Xarardheere,SO18,Mudug,2017-08-13,0.1483136818051985,0.151,0.1059378177663524,0.1089,0.5648596321393998,3501,0.0924491771539206,0.047434656340755,pixel_reliability=0 AND MODLAND_QA(bits0-1)=0 AND VI range -2000..10000,MOD13Q1 V061 Terra 250m 16-day
SO1805,Xarardheere,SO18,Mudug,2017-08-29,0.1483081849761181,0.1541,0.1046276161528441,0.1075,0.7431429493384963,4606,0.0542110358180058,0.037108744756373,pixel_reliability=0 AND MODLAND_QA(bits0-1)=0 AND VI range -2000..10000,MOD13Q1 V061 Terra 250m 16-day
SO1805,Xarardheere,SO18,Mudug,2017-09-14,0.1440284123803162,0.1535,0.1081724782899131,0.1123,0.7245885769603098,4491,0.0472733139722491,0.0253307518554372,pixel_reliability=0 AND MODLAND_QA(bits0-1)=0 AND VI range -2000..10000,MOD13Q1 V061 Terra 250m 16-day
SO1805,Xarardheere,SO18,Mudug,2017-09-30,0.1667979668674698,0.173,0.1120071536144578,0.1151,0.2142626653759277,1328,0.419974185221039,0.1508551145530816,pixel_reliability=0 AND MODLAND_QA(bits0-1)=0 AND VI range -2000..10000,MOD13Q1 V061 Terra 250m 16-day
SO1805,Xarardheere,SO18,Mudug,2017-10-16,0.1658067374438546,0.1399,0.1244935075541037,0.1153,0.3951274604711197,2449,0.1453694740238786,0.0505001613423685,pixel_reliability=0 AND MODLAND_QA(bits0-1)=0 AND VI range -2000..10000,MOD13Q1 V061 Terra 250m 16-day
SO1805,Xarardheere,SO18,Mudug,2017-11-01,0.23354426359666536,0.228,0.16267201270345374,0.1615,0.8128428525330752,5038,0.03823814133591481,0.01871571474669248,pixel_reliability=0 AND MODLAND_QA(bits0-1)=0 AND VI range -2000..10000,MOD13Q1 V061 Terra 250m 16-day
SO1805,Xarardheere,SO18,Mudug,2017-11-17,0.2282613741339492,0.22635,0.1616319284064665,0.1636,0.558889964504679,3464,0.14165859954824137,0.027105517909002903,pixel_reliability=0 AND MODLAND_QA(bits0-1)=0 AND VI range -2000..10000,MOD13Q1 V061 Terra 250m 16-day
SO1805,Xarardheere,SO18,Mudug,2017-12-03,0.24468832341473423,0.2431,0.180055674122717,0.182,0.7862213617295902,4873,0.03291384317521781,0.028557599225556632,pixel_reliability=0 AND MODLAND_QA(bits0-1)=0 AND VI range -2000..10000,MOD13Q1 V061 Terra 250m 16-day
SO1805,Xarardheere,SO18,Mudug,2017-12-19,0.24072417582417585,0.24400000000000002,0.17227737779461916,0.1768,0.8515650209745079,5278,0.025492094223943208,0.02888028396256857,pixel_reliability=0 AND MODLAND_QA(bits0-1)=0 AND VI range -2000..10000,MOD13Q1 V061 Terra 250m 16-day
SO1901,Dhuusamarreeb,SO19,Galgaduud,2017-01-01,0.1931270822138635,0.1923,0.1214242409994626,0.121,0.9925995066337756,14888,0.0006000400026668,0.0,pixel_reliability=0 AND MODLAND_QA(bits0-1)=0 AND VI range -2000..10000,MOD13Q1 V061 Terra 250m 16-day
SO1901,Dhuusamarreeb,SO19,Galgaduud,2017-01-17,0.1890468279112896,0.1886,0.1213691213971099,0.1208,0.8627908527235149,12941,0.0004000266684445,0.0,pixel_reliability=0 AND MODLAND_QA(bits0-1)=0 AND VI range -2000..10000,MOD13Q1 V061 Terra 250m 16-day
SO1901,Dhuusamarreeb,SO19,Galgaduud,2017-02-02,0.1842120658135283,0.1832,0.1193632134877107,0.1189,0.6564437629175278,9846,0.0637375825055003,0.0008667244482965,pixel_reliability=0 AND MODLAND_QA(bits0-1)=0 AND VI range -2000..10000,MOD13Q1 V061 Terra 250m 16-day
SO1901,Dhuusamarreeb,SO19,Galgaduud,2017-02-18,0.1871544561882032,0.1864,0.1179690146607569,0.1175,0.9777318487899194,14665,0.0014667644509633,0.0,pixel_reliability=0 AND MODLAND_QA(bits0-1)=0 AND VI range -2000..10000,MOD13Q1 V061 Terra 250m 16-day
SO1901,Dhuusamarreeb,SO19,Galgaduud,2017-03-06,0.1845047956292999,0.1839,0.1171416565493052,0.1167,0.988465897726515,14826,0.0005333688912594,0.0,pixel_reliability=0 AND MODLAND_QA(bits0-1)=0 AND VI range -2000..10000,MOD13Q1 V061 Terra 250m 16-day
SO1901,Dhuusamarreeb,SO19,Galgaduud,2017-03-22,0.1792790379665379,0.1792,0.118001472007722,0.1177,0.8288552570171345,12432,0.0126675111674111,0.0,pixel_reliability=0 AND MODLAND_QA(bits0-1)=0 AND VI range -2000..10000,MOD13Q1 V061 Terra 250m 16-day
SO1901,Dhuusamarreeb,SO19,Galgaduud,2017-04-07,0.1860832452506785,0.1857,0.1171439722896729,0.1169,0.9335289019267952,14002,0.0037335822388159,0.0,pixel_reliability=0 AND MODLAND_QA(bits0-1)=0 AND VI range -2000..10000,MOD13Q1 V061 Terra 250m 16-day
SO1901,Dhuusamarreeb,SO19,Galgaduud,2017-04-23,0.1852966614228282,0.1841,0.1166502534521936,0.1153,0.3814254283618908,5721,0.1932795519701313,0.018267884525635,pixel_reliability=0 AND MODLAND_QA(bits0-1)=0 AND VI range -2000..10000,MOD13Q1 V061 Terra 250m 16-day
SO1901,Dhuusamarreeb,SO19,Galgaduud,2017-05-09,0.2115979945615227,0.208,0.1376202498300476,0.1346,0.7845856390426028,11768,0.0248683245549703,0.0134675645043002,pixel_reliability=0 AND MODLAND_QA(bits0-1)=0 AND VI range -2000..10000,MOD13Q1 V061 Terra 250m 16-day
SO1901,Dhuusamarreeb,SO19,Galgaduud,2017-05-25,0.1976844191594788,0.1946,0.1287435951550743,0.12655,0.7265817721181412,10898,0.0475365024334955,0.0009333955597039,pixel_reliability=0 AND MODLAND_QA(bits0-1)=0 AND VI range -2000..10000,MOD13Q1 V061 Terra 250m 16-day
SO1901,Dhuusamarreeb,SO19,Galgaduud,2017-06-10,0.1863580266605902,0.1861,0.1213177965136151,0.1204,0.5851723448229882,8777,0.1402760184012267,0.0008000533368891,pixel_reliability=0 AND MODLAND_QA(bits0-1)=0 AND VI range -2000..10000,MOD13Q1 V061 Terra 250m 16-day
SO1901,Dhuusamarreeb,SO19,Galgaduud,2017-06-26,0.1799359780752987,0.179,0.1171409021475424,0.1164,0.7419827988532569,11129,0.0520034668977931,0.0,pixel_reliability=0 AND MODLAND_QA(bits0-1)=0 AND VI range -2000..10000,MOD13Q1 V061 Terra 250m 16-day
SO1901,Dhuusamarreeb,SO19,Galgaduud,2017-07-12,0.1705697214372224,0.1701,0.1094266047638272,0.1092,0.1651443429561971,2477,0.4409627308487232,0.0790719381292086,pixel_reliability=0 AND MODLAND_QA(bits0-1)=0 AND VI range -2000..10000,MOD13Q1 V061 Terra 250m 16-day
SO1901,Dhuusamarreeb,SO19,Galgaduud,2017-07-28,0.1728219383445945,0.1727,0.1125261507601351,0.1122,0.6315087672511501,9472,0.0554036935795719,0.0,pixel_reliability=0 AND MODLAND_QA(bits0-1)=0 AND VI range -2000..10000,MOD13Q1 V061 Terra 250m 16-day
SO1901,Dhuusamarreeb,SO19,Galgaduud,2017-08-13,0.1775460083873427,0.1776,0.1124495158215783,0.1121,0.8743916261084073,13115,0.0172011467431162,0.0,pixel_reliability=0 AND MODLAND_QA(bits0-1)=0 AND VI range -2000..10000,MOD13Q1 V061 Terra 250m 16-day
SO1901,Dhuusamarreeb,SO19,Galgaduud,2017-08-29,0.1752833922501699,0.1754,0.1118165805574439,0.1113,0.9807320488032536,14710,0.0008000533368891,0.0,pixel_reliability=0 AND MODLAND_QA(bits0-1)=0 AND VI range -2000..10000,MOD13Q1 V061 Terra 250m 16-day
SO1901,Dhuusamarreeb,SO19,Galgaduud,2017-09-14,0.1820166365411033,0.1823,0.1134021545802906,0.1125,0.9221281418761252,13831,0.0094672978198546,0.0,pixel_reliability=0 AND MODLAND_QA(bits0-1)=0 AND VI range -2000..10000,MOD13Q1 V061 Terra 250m 16-day
SO1901,Dhuusamarreeb,SO19,Galgaduud,2017-09-30,0.1944936748291078,0.1924,0.1231660378991087,0.1205,0.7705180345356357,11557,0.0352690179345289,6.667111140742716e-05,pixel_reliability=0 AND MODLAND_QA(bits0-1)=0 AND VI range -2000..10000,MOD13Q1 V061 Terra 250m 16-day
SO1901,Dhuusamarreeb,SO19,Galgaduud,2017-10-16,0.2057034722222222,0.1999,0.1374507426697531,0.1323,0.6912460830722048,10368,0.0446029735315687,0.0001333422228148,pixel_reliability=0 AND MODLAND_QA(bits0-1)=0 AND VI range -2000..10000,MOD13Q1 V061 Terra 250m 16-day
SO1901,Dhuusamarreeb,SO19,Galgaduud,2017-11-01,0.2648754397300596,0.2624,0.1732298872855194,0.17,0.9286619107940529,13929,0.006600440029335289,0.0,pixel_reliability=0 AND MODLAND_QA(bits0-1)=0 AND VI range -2000..10000,MOD13Q1 V061 Terra 250m 16-day
SO1901,Dhuusamarreeb,SO19,Galgaduud,2017-11-17,0.2630237577639752,0.26085,0.17412392938868915,0.1711,0.8157877191812788,12236,0.046603106873791586,0.0,pixel_reliability=0 AND MODLAND_QA(bits0-1)=0 AND VI range -2000..10000,MOD13Q1 V061 Terra 250m 16-day
SO1901,Dhuusamarreeb,SO19,Galgaduud,2017-12-03,0.24469656695442685,0.2436,0.1590250284414107,0.15860000000000002,0.9962664177611841,14943,0.00026668444562970864,0.0,pixel_reliability=0 AND MODLAND_QA(bits0-1)=0 AND VI range -2000..10000,MOD13Q1 V061 Terra 250m 16-day
SO1901,Dhuusamarreeb,SO19,Galgaduud,2017-12-19,0.22185108075040785,0.2209,0.1429843461120174,0.14170000000000002,0.9808653910260684,14712,0.0019334622308153878,0.0,pixel_reliability=0 AND MODLAND_QA(bits0-1)=0 AND VI range -2000..10000,MOD13Q1 V061 Terra 250m 16-day
SO1902,Cabudwaaq,SO19,Galgaduud,2017-01-01,0.195071737669668,0.1923,0.1185180352103212,0.1179,0.9995969908651264,7441,0.0,0.0,pixel_reliability=0 AND MODLAND_QA(bits0-1)=0 AND VI range -2000..10000,MOD13Q1 V061 Terra 250m 16-day
SO1902,Cabudwaaq,SO19,Galgaduud,2017-01-17,0.1874833654773385,0.1862,0.1155971070395371,0.1153,0.5572272971520688,4148,0.0,0.0,pixel_reliability=0 AND MODLAND_QA(bits0-1)=0 AND VI range -2000..10000,MOD13Q1 V061 Terra 250m 16-day
SO1902,Cabudwaaq,SO19,Galgaduud,2017-02-02,0.1860362827988338,0.1839,0.1153906413994169,0.1148,0.9215475550779152,6860,0.0024180548092423,0.0,pixel_reliability=0 AND MODLAND_QA(bits0-1)=0 AND VI range -2000..10000,MOD13Q1 V061 Terra 250m 16-day
SO1902,Cabudwaaq,SO19,Galgaduud,2017-02-18,0.188038779077585,0.1864,0.1160692483528304,0.1159,0.9990596453519612,7437,0.0,0.0,pixel_reliability=0 AND MODLAND_QA(bits0-1)=0 AND VI range -2000..10000,MOD13Q1 V061 Terra 250m 16-day
SO1902,Cabudwaaq,SO19,Galgaduud,2017-03-06,0.1866488306451613,0.1849,0.1147838575268817,0.1144,0.999462654486835,7440,0.0,0.0,pixel_reliability=0 AND MODLAND_QA(bits0-1)=0 AND VI range -2000..10000,MOD13Q1 V061 Terra 250m 16-day
SO1902,Cabudwaaq,SO19,Galgaduud,2017-03-22,0.1763954867529267,0.1761,0.1165274337646334,0.1163,0.8721117678667383,6492,0.0088662009672219,0.0,pixel_reliability=0 AND MODLAND_QA(bits0-1)=0 AND VI range -2000..10000,MOD13Q1 V061 Terra 250m 16-day
SO1902,Cabudwaaq,SO19,Galgaduud,2017-04-07,0.1880968621096052,0.1867,0.1151054213317619,0.1149,0.9118753358409456,6788,0.0080601826974744,0.0,pixel_reliability=0 AND MODLAND_QA(bits0-1)=0 AND VI range -2000..10000,MOD13Q1 V061 Terra 250m 16-day
SO1902,Cabudwaaq,SO19,Galgaduud,2017-04-23,0.1871917407878018,0.1818,0.1162275730622617,0.1158,0.4228909188608275,3148,0.1162009672219237,0.0107469102632993,pixel_reliability=0 AND MODLAND_QA(bits0-1)=0 AND VI range -2000..10000,MOD13Q1 V061 Terra 250m 16-day
SO1902,Cabudwaaq,SO19,Galgaduud,2017-05-09,0.21279604,0.204,0.13380654,0.1282,0.6716818914562064,5000,0.0518538420204191,0.0604513702310585,pixel_reliability=0 AND MODLAND_QA(bits0-1)=0 AND VI range -2000..10000,MOD13Q1 V061 Terra 250m 16-day
SO1902,Cabudwaaq,SO19,Galgaduud,2017-05-25,0.1983380116959064,0.1925,0.1250775078722447,0.1219,0.5972595378828587,4446,0.0797958087049973,0.0008060182697474,pixel_reliability=0 AND MODLAND_QA(bits0-1)=0 AND VI range -2000..10000,MOD13Q1 V061 Terra 250m 16-day
SO1902,Cabudwaaq,SO19,Galgaduud,2017-06-10,0.1886126263712626,0.1833,0.120869240696924,0.1188,0.6245298226759807,4649,0.1000806018269747,0.0004030091348737,pixel_reliability=0 AND MODLAND_QA(bits0-1)=0 AND VI range -2000..10000,MOD13Q1 V061 Terra 250m 16-day
SO1902,Cabudwaaq,SO19,Galgaduud,2017-06-26,0.178546876276031,0.175,0.1144331768068599,0.1138,0.6579795808704997,4898,0.0701235894680279,0.0,pixel_reliability=0 AND MODLAND_QA(bits0-1)=0 AND VI range -2000..10000,MOD13Q1 V061 Terra 250m 16-day
SO1902,Cabudwaaq,SO19,Galgaduud,2017-07-12,0.1733993626882966,0.17285,0.1106584588644264,0.1108,0.2318645889306824,1726,0.3856797420741537,0.0094035464803868,pixel_reliability=0 AND MODLAND_QA(bits0-1)=0 AND VI range -2000..10000,MOD13Q1 V061 Terra 250m 16-day
SO1902,Cabudwaaq,SO19,Galgaduud,2017-07-28,0.1728317836257309,0.171,0.1116046198830409,0.1115,0.4594304137560451,3420,0.1762493283181085,0.0001343363782912,pixel_reliability=0 AND MODLAND_QA(bits0-1)=0 AND VI range -2000..10000,MOD13Q1 V061 Terra 250m 16-day
SO1902,Cabudwaaq,SO19,Galgaduud,2017-08-13,0.1838498319798375,0.1808,0.1119803136376365,0.1114,0.9594304137560452,7142,0.0010746910263299,0.0,pixel_reliability=0 AND MODLAND_QA(bits0-1)=0 AND VI range -2000..10000,MOD13Q1 V061 Terra 250m 16-day
SO1902,Cabudwaaq,SO19,Galgaduud,2017-08-29,0.1786908748005223,0.1767,0.1120686928768315,0.1118,0.925980655561526,6893,0.0014777001612036,0.0,pixel_reliability=0 AND MODLAND_QA(bits0-1)=0 AND VI range -2000..10000,MOD13Q1 V061 Terra 250m 16-day
SO1902,Cabudwaaq,SO19,Galgaduud,2017-09-14,0.1845107435794003,0.1825,0.1108697593115503,0.1104,0.9990596453519612,7437,0.0,0.0,pixel_reliability=0 AND MODLAND_QA(bits0-1)=0 AND VI range -2000..10000,MOD13Q1 V061 Terra 250m 16-day
SO1902,Cabudwaaq,SO19,Galgaduud,2017-09-30,0.1944774684231971,0.1933,0.1220518538639141,0.1208,0.9891187533584096,7363,0.0,0.0,pixel_reliability=0 AND MODLAND_QA(bits0-1)=0 AND VI range -2000..10000,MOD13Q1 V061 Terra 250m 16-day
SO1902,Cabudwaaq,SO19,Galgaduud,2017-10-16,0.2150210084033613,0.2141,0.1411719327731092,0.1403,0.6394411606663084,4760,0.022299838796346,0.0004030091348737,pixel_reliability=0 AND MODLAND_QA(bits0-1)=0 AND VI range -2000..10000,MOD13Q1 V061 Terra 250m 16-day
SO1902,Cabudwaaq,SO19,Galgaduud,2017-11-01,0.2777651910081368,0.276,0.18044284926217075,0.1794,0.9740730789897905,7251,0.0024180548092423426,0.0,pixel_reliability=0 AND MODLAND_QA(bits0-1)=0 AND VI range -2000..10000,MOD13Q1 V061 Terra 250m 16-day
SO1902,Cabudwaaq,SO19,Galgaduud,2017-11-17,0.28367429940467553,0.28450000000000003,0.18703147959924496,0.18680000000000002,0.9251746372917786,6887,0.008060182697474477,0.0,pixel_reliability=0 AND MODLAND_QA(bits0-1)=0 AND VI range -2000..10000,MOD13Q1 V061 Terra 250m 16-day
SO1902,Cabudwaaq,SO19,Galgaduud,2017-12-03,0.25444755376344086,0.2525,0.15945911290322584,0.15860000000000002,0.999462654486835,7440,0.0,0.0,pixel_reliability=0 AND MODLAND_QA(bits0-1)=0 AND VI range -2000..10000,MOD13Q1 V061 Terra 250m 16-day
SO1902,Cabudwaaq,SO19,Galgaduud,2017-12-19,0.22564513870185834,0.22160000000000002,0.13982625908968488,0.1379,0.9975819451907576,7426,0.0,0.0,pixel_reliability=0 AND MODLAND_QA(bits0-1)=0 AND VI range -2000..10000,MOD13Q1 V061 Terra 250m 16-day
SO1903,Cadaado,SO19,Galgaduud,2017-01-01,0.1838494857916102,0.1866,0.1206911907983761,0.121,0.996091117401267,7390,0.0002695781102574,0.0,pixel_reliability=0 AND MODLAND_QA(bits0-1)=0 AND VI range -2000..10000,MOD13Q1 V061 Terra 250m 16-day
SO1903,Cadaado,SO19,Galgaduud,2017-01-17,0.1811033700231009,0.1838,0.120810884631064,0.1212,0.9919126566922766,7359,0.0002695781102574,0.0,pixel_reliability=0 AND MODLAND_QA(bits0-1)=0 AND VI range -2000..10000,MOD13Q1 V061 Terra 250m 16-day
SO1903,Cadaado,SO19,Galgaduud,2017-02-02,0.1771050481125092,0.1799,0.1176626943005181,0.1182,0.9105000673945276,6755,0.0047176169295053,0.0,pixel_reliability=0 AND MODLAND_QA(bits0-1)=0 AND VI range -2000..10000,MOD13Q1 V061 Terra 250m 16-day
SO1903,Cadaado,SO19,Galgaduud,2017-02-18,0.1797353410341034,0.1818,0.1180029565456545,0.1185,0.9801860088960777,7272,0.000943523385901,0.0,pixel_reliability=0 AND MODLAND_QA(bits0-1)=0 AND VI range -2000..10000,MOD13Q1 V061 Terra 250m 16-day
SO1903,Cadaado,SO19,Galgaduud,2017-03-06,0.1763511953273567,0.1787,0.1166740287965227,0.1172,0.9923170238576628,7362,0.0002695781102574,0.0,pixel_reliability=0 AND MODLAND_QA(bits0-1)=0 AND VI range -2000..10000,MOD13Q1 V061 Terra 250m 16-day
SO1903,Cadaado,SO19,Galgaduud,2017-03-22,0.1770090059845278,0.1791,0.1189569989782513,0.1193,0.923439816686885,6851,0.0140180617333872,0.0,pixel_reliability=0 AND MODLAND_QA(bits0-1)=0 AND VI range -2000..10000,MOD13Q1 V061 Terra 250m 16-day
SO1903,Cadaado,SO19,Galgaduud,2017-04-07,0.1777562744550028,0.18,0.1170135410844046,0.1172,0.9645504785011456,7156,0.0006739452756436,0.0,pixel_reliability=0 AND MODLAND_QA(bits0-1)=0 AND VI range -2000..10000,MOD13Q1 V061 Terra 250m 16-day
SO1903,Cadaado,SO19,Galgaduud,2017-04-23,0.1788453715775749,0.1802,0.116695110821382,0.116,0.4135328211349238,3068,0.1254886103248416,0.0062002965359212,pixel_reliability=0 AND MODLAND_QA(bits0-1)=0 AND VI range -2000..10000,MOD13Q1 V061 Terra 250m 16-day
SO1903,Cadaado,SO19,Galgaduud,2017-05-09,0.1967278116459953,0.1965,0.1296767290309018,0.1286,0.641191535247338,4757,0.0083569214179808,0.0002695781102574,pixel_reliability=0 AND MODLAND_QA(bits0-1)=0 AND VI range -2000..10000,MOD13Q1 V061 Terra 250m 16-day
SO1903,Cadaado,SO19,Galgaduud,2017-05-25,0.1842423381671401,0.1857,0.1233942143818209,0.1232,0.9016039897560318,6689,0.0103787572449117,0.0,pixel_reliability=0 AND MODLAND_QA(bits0-1)=0 AND VI range -2000..10000,MOD13Q1 V061 Terra 250m 16-day
SO1903,Cadaado,SO19,Galgaduud,2017-06-10,0.1813082196284728,0.1829,0.1184257274371198,0.1186,0.8199218223480254,6083,0.0088960776384957,0.0,pixel_reliability=0 AND MODLAND_QA(bits0-1)=0 AND VI range -2000..10000,MOD13Q1 V061 Terra 250m 16-day
SO1903,Cadaado,SO19,Galgaduud,2017-06-26,0.1711292495189224,0.1729,0.1137316549069916,0.1137,0.84054454778272,6236,0.0226445612616255,0.0,pixel_reliability=0 AND MODLAND_QA(bits0-1)=0 AND VI range -2000..10000,MOD13Q1 V061 Terra 250m 16-day
SO1903,Cadaado,SO19,Galgaduud,2017-07-12,0.164033774834437,0.1662,0.1098373300801673,0.1102,0.3867097991643078,2869,0.2325111200970481,0.0004043671653861,pixel_reliability=0 AND MODLAND_QA(bits0-1)=0 AND VI range -2000..10000,MOD13Q1 V061 Terra 250m 16-day
SO1903,Cadaado,SO19,Galgaduud,2017-07-28,0.1655917215568862,0.1682,0.1118466317365269,0.1126,0.9003908882598733,6680,0.0045828278743766,0.0,pixel_reliability=0 AND MODLAND_QA(bits0-1)=0 AND VI range -2000..10000,MOD13Q1 V061 Terra 250m 16-day
SO1903,Cadaado,SO19,Galgaduud,2017-08-13,0.1696337869476148,0.1722,0.1119284021071115,0.1125,0.9211484027496968,6834,0.0066046637013074,0.0,pixel_reliability=0 AND MODLAND_QA(bits0-1)=0 AND VI range -2000..10000,MOD13Q1 V061 Terra 250m 16-day
SO1903,Cadaado,SO19,Galgaduud,2017-08-29,0.1680309578961711,0.1707,0.1119023572693827,0.1125,0.9892168755897022,7339,0.0001347890551287,0.0,pixel_reliability=0 AND MODLAND_QA(bits0-1)=0 AND VI range -2000..10000,MOD13Q1 V061 Terra 250m 16-day
SO1903,Cadaado,SO19,Galgaduud,2017-09-14,0.1708595420913025,0.1733,0.1125019126064498,0.1129,0.9654940018870468,7163,0.0016174686615446,0.0,pixel_reliability=0 AND MODLAND_QA(bits0-1)=0 AND VI range -2000..10000,MOD13Q1 V061 Terra 250m 16-day
SO1903,Cadaado,SO19,Galgaduud,2017-09-30,0.1747059,0.1759,0.1150657333333333,0.1148,0.8087343307723412,6000,0.0152311632295457,0.000943523385901,pixel_reliability=0 AND MODLAND_QA(bits0-1)=0 AND VI range -2000..10000,MOD13Q1 V061 Terra 250m 16-day
SO1903,Cadaado,SO19,Galgaduud,2017-10-16,0.180659382662628,0.1813,0.1235095341122169,0.1229,0.9344925192074404,6933,0.0018870467718021,0.0,pixel_reliability=0 AND MODLAND_QA(bits0-1)=0 AND VI range -2000..10000,MOD13Q1 V061 Terra 250m 16-day
SO1903,Cadaado,SO19,Galgaduud,2017-11-01,0.22178590418166713,0.2252,0.1478915674328441,0.1486,0.9734465561396415,7222,0.001752257716673406,0.0,pixel_reliability=0 AND MODLAND_QA(bits0-1)=0 AND VI range -2000..10000,MOD13Q1 V061 Terra 250m 16-day
SO1903,Cadaado,SO19,Galgaduud,2017-11-17,0.22126089661999718,0.2235,0.15046656767076794,0.1516,0.9530934088152042,7071,0.0005391562205148942,0.0,pixel_reliability=0 AND MODLAND_QA(bits0-1)=0 AND VI range -2000..10000,MOD13Q1 V061 Terra 250m 16-day
SO1903,Cadaado,SO19,Galgaduud,2017-12-03,0.19850241257793444,0.19540000000000002,0.13213728652751425,0.1293,0.9944736487397223,7378,0.0002695781102574471,0.0,pixel_reliability=0 AND MODLAND_QA(bits0-1)=0 AND VI range -2000..10000,MOD13Q1 V061 Terra 250m 16-day
SO1903,Cadaado,SO19,Galgaduud,2017-12-19,0.1902199102407181,0.1904,0.12639148646810827,0.1254,0.9911039223615042,7353,0.0006739452756436178,0.0,pixel_reliability=0 AND MODLAND_QA(bits0-1)=0 AND VI range -2000..10000,MOD13Q1 V061 Terra 250m 16-day
SO1904,Ceel Buur,SO19,Galgaduud,2017-01-01,0.2016634488337603,0.2015,0.1304245854118916,0.13,0.96764514024788,14834,0.0049575994781474,0.0,pixel_reliability=0 AND MODLAND_QA(bits0-1)=0 AND VI range -2000..10000,MOD13Q1 V061 Terra 250m 16-day
SO1904,Ceel Buur,SO19,Galgaduud,2017-01-17,0.1958041661085063,0.1959,0.1293658004018754,0.1287,0.9739073711676453,14930,0.0022178734507501,0.0,pixel_reliability=0 AND MODLAND_QA(bits0-1)=0 AND VI range -2000..10000,MOD13Q1 V061 Terra 250m 16-day
SO1904,Ceel Buur,SO19,Galgaduud,2017-02-02,0.1851211119223949,0.1852,0.1228366538020235,0.1214,0.6253750815394651,9587,0.1088714938030006,0.0003913894324853,pixel_reliability=0 AND MODLAND_QA(bits0-1)=0 AND VI range -2000..10000,MOD13Q1 V061 Terra 250m 16-day
SO1904,Ceel Buur,SO19,Galgaduud,2017-02-18,0.1894609851940215,0.1895,0.1210279629499684,0.1209,0.9296151337247228,14251,0.0122635355512067,0.0,pixel_reliability=0 AND MODLAND_QA(bits0-1)=0 AND VI range -2000..10000,MOD13Q1 V061 Terra 250m 16-day
SO1904,Ceel Buur,SO19,Galgaduud,2017-03-06,0.1845963939372172,0.1845,0.1215340349112851,0.1211,0.90808871493803,13921,0.0035877364644487,0.0,pixel_reliability=0 AND MODLAND_QA(bits0-1)=0 AND VI range -2000..10000,MOD13Q1 V061 Terra 250m 16-day
SO1904,Ceel Buur,SO19,Galgaduud,2017-03-22,0.1805677986379532,0.1805,0.1220939536167863,0.1218,0.7088062622309198,10866,0.0187214611872146,0.0,pixel_reliability=0 AND MODLAND_QA(bits0-1)=0 AND VI range -2000..10000,MOD13Q1 V061 Terra 250m 16-day
SO1904,Ceel Buur,SO19,Galgaduud,2017-04-07,0.1940353833333333,0.1915,0.124746925,0.1234,0.7827788649706457,12000,0.0128506196999347,0.0,pixel_reliability=0 AND MODLAND_QA(bits0-1)=0 AND VI range -2000..10000,MOD13Q1 V061 Terra 250m 16-day
SO1904,Ceel Buur,SO19,Galgaduud,2017-04-23,0.2022110136452242,0.1949,0.1298978232618583,0.1272,0.2007827788649706,3078,0.2592954990215264,0.0983039791258969,pixel_reliability=0 AND MODLAND_QA(bits0-1)=0 AND VI range -2000..10000,MOD13Q1 V061 Terra 250m 16-day
SO1904,Ceel Buur,SO19,Galgaduud,2017-05-09,0.2418152610441767,0.238,0.1570379116465863,0.1551,0.4060665362035225,6225,0.1056751467710371,0.1218525766470972,pixel_reliability=0 AND MODLAND_QA(bits0-1)=0 AND VI range -2000..10000,MOD13Q1 V061 Terra 250m 16-day
SO1904,Ceel Buur,SO19,Galgaduud,2017-05-25,0.2103064541213063,0.2074,0.1424475427682737,0.1411,0.4194390084801043,6430,0.2671885192433137,0.0163078930202217,pixel_reliability=0 AND MODLAND_QA(bits0-1)=0 AND VI range -2000..10000,MOD13Q1 V061 Terra 250m 16-day
SO1904,Ceel Buur,SO19,Galgaduud,2017-06-10,0.2095982305630027,0.2081,0.1409771045576407,0.1401,0.7299412915851272,11190,0.0973255055446836,0.0080234833659491,pixel_reliability=0 AND MODLAND_QA(bits0-1)=0 AND VI range -2000..10000,MOD13Q1 V061 Terra 250m 16-day
SO1904,Ceel Buur,SO19,Galgaduud,2017-06-26,0.192876098334655,0.1928,0.130898017446471,0.1307,0.4112850619699935,6305,0.3704500978473581,0.0110893672537508,pixel_reliability=0 AND MODLAND_QA(bits0-1)=0 AND VI range -2000..10000,MOD13Q1 V061 Terra 250m 16-day
SO1904,Ceel Buur,SO19,Galgaduud,2017-07-12,0.1690036585365853,0.1708,0.1145219512195122,0.1133,0.0106979778212654,164,0.3515329419439008,0.3941291585127202,pixel_reliability=0 AND MODLAND_QA(bits0-1)=0 AND VI range -2000..10000,MOD13Q1 V061 Terra 250m 16-day
SO1904,Ceel Buur,SO19,Galgaduud,2017-07-28,0.1747492744479495,0.174,0.1193193690851735,0.1187,0.3101761252446184,4755,0.2416829745596868,0.0073059360730593,pixel_reliability=0 AND MODLAND_QA(bits0-1)=0 AND VI range -2000..10000,MOD13Q1 V061 Terra 250m 16-day
SO1904,Ceel Buur,SO19,Galgaduud,2017-08-13,0.1833844048620136,0.1838,0.1171072089289809,0.1169,0.8532941943900848,13081,0.0105675146771037,0.0,pixel_reliability=0 AND MODLAND_QA(bits0-1)=0 AND VI range -2000..10000,MOD13Q1 V061 Terra 250m 16-day
SO1904,Ceel Buur,SO19,Galgaduud,2017-08-29,0.176440820884029,0.177,0.1151544124441706,0.1146,0.8470971950424006,12986,0.0211350293542074,0.0,pixel_reliability=0 AND MODLAND_QA(bits0-1)=0 AND VI range -2000..10000,MOD13Q1 V061 Terra 250m 16-day
SO1904,Ceel Buur,SO19,Galgaduud,2017-09-14,0.1943296886693609,0.1926,0.1248906900164646,0.1239,0.8716242661448141,13362,0.0119373776908023,6.523157208088715e-05,pixel_reliability=0 AND MODLAND_QA(bits0-1)=0 AND VI range -2000..10000,MOD13Q1 V061 Terra 250m 16-day
SO1904,Ceel Buur,SO19,Galgaduud,2017-09-30,0.2334815875521479,0.2322,0.1509686097643477,0.1505,0.5785388127853881,8869,0.0603392041748206,0.0112198303979125,pixel_reliability=0 AND MODLAND_QA(bits0-1)=0 AND VI range -2000..10000,MOD13Q1 V061 Terra 250m 16-day
SO1904,Ceel Buur,SO19,Galgaduud,2017-10-16,0.2475355003186743,0.2454,0.1660089547482473,0.1653,0.6140900195694716,9414,0.0686236138290932,0.0243966079582517,pixel_reliability=0 AND MODLAND_QA(bits0-1)=0 AND VI range -2000..10000,MOD13Q1 V061 Terra 250m 16-day
SO1904,Ceel Buur,SO19,Galgaduud,2017-11-01,0.28469813481204087,0.2811,0.1881821762926689,0.18660000000000002,0.905805609915199,13886,0.019830397912589694,0.0,pixel_reliability=0 AND MODLAND_QA(bits0-1)=0 AND VI range -2000..10000,MOD13Q1 V061 Terra 250m 16-day
SO1904,Ceel Buur,SO19,Galgaduud,2017-11-17,0.27662310030395143,0.2731,0.18324320972644378,0.1811,0.5365296803652968,8225,0.20632746249184605,0.0001304631441617743,pixel_reliability=0 AND MODLAND_QA(bits0-1)=0 AND VI range -2000..10000,MOD13Q1 V061 Terra 250m 16-day
SO1904,Ceel Buur,SO19,Galgaduud,2017-12-03,0.24767088817976335,0.24585,0.1646539024065949,0.1626,0.9812133072407045,15042,0.0013698630136986301,0.0,pixel_reliability=0 AND MODLAND_QA(bits0-1)=0 AND VI range -2000..10000,MOD13Q1 V061 Terra 250m 16-day
SO1904,Ceel Buur,SO19,Galgaduud,2017-12-19,0.22517511183407893,0.22340000000000002,0.14836171207808052,0.14650000000000002,0.962426614481409,14754,0.004174820613176778,0.0,pixel_reliability=0 AND MODLAND_QA(bits0-1)=0 AND VI range -2000..10000,MOD13Q1 V061 Terra 250m 16-day
SO1905,Ceel Dheer,SO19,Galgaduud,2017-01-01,0.2098499493134273,0.2122,0.1393723712100267,0.1391,0.8906673233193795,10851,0.017155052121809,0.0169908889436099,pixel_reliability=0 AND MODLAND_QA(bits0-1)=0 AND VI range -2000..10000,MOD13Q1 V061 Terra 250m 16-day
SO1905,Ceel Dheer,SO19,Galgaduud,2017-01-17,0.1946525029103609,0.1984,0.1330436457120683,0.1347,0.8460970204383157,10308,0.0223261922350816,0.0174012968891077,pixel_reliability=0 AND MODLAND_QA(bits0-1)=0 AND VI range -2000..10000,MOD13Q1 V061 Terra 250m 16-day
SO1905,Ceel Dheer,SO19,Galgaduud,2017-02-02,0.1676740867279895,0.1745,0.1146502496714848,0.1188,0.3123204465238447,3805,0.2944266601001395,0.0242961503734712,pixel_reliability=0 AND MODLAND_QA(bits0-1)=0 AND VI range -2000..10000,MOD13Q1 V061 Terra 250m 16-day
SO1905,Ceel Dheer,SO19,Galgaduud,2017-02-18,0.1901318219206251,0.1928,0.1236747275344437,0.1258,0.7983255355823689,9726,0.0325043092834277,0.0129688910777312,pixel_reliability=0 AND MODLAND_QA(bits0-1)=0 AND VI range -2000..10000,MOD13Q1 V061 Terra 250m 16-day
SO1905,Ceel Dheer,SO19,Galgaduud,2017-03-06,0.1704087896424753,0.1752,0.1211031357643425,0.1234,0.6910448986292375,8419,0.0574571123696954,0.0154313387507182,pixel_reliability=0 AND MODLAND_QA(bits0-1)=0 AND VI range -2000..10000,MOD13Q1 V061 Terra 250m 16-day
SO1905,Ceel Dheer,SO19,Galgaduud,2017-03-22,0.1758414852410845,0.1786,0.121080780018699,0.1236,0.6145448575884429,7487,0.13018140031191,0.0140359517360256,pixel_reliability=0 AND MODLAND_QA(bits0-1)=0 AND VI range -2000..10000,MOD13Q1 V061 Terra 250m 16-day
SO1905,Ceel Dheer,SO19,Galgaduud,2017-04-07,0.1832205451348182,0.1861,0.1209249120750293,0.1238,0.5601247640154313,6824,0.1485676762702125,0.0080439957317573,pixel_reliability=0 AND MODLAND_QA(bits0-1)=0 AND VI range -2000..10000,MOD13Q1 V061 Terra 250m 16-day
SO1905,Ceel Dheer,SO19,Galgaduud,2017-04-23,0.1591098281786941,0.1316,0.1139980068728522,0.1143,0.119428712139867,1455,0.3361241073627185,0.1727817450545842,pixel_reliability=0 AND MODLAND_QA(bits0-1)=0 AND VI range -2000..10000,MOD13Q1 V061 Terra 250m 16-day
SO1905,Ceel Dheer,SO19,Galgaduud,2017-05-09,0.2853196463654224,0.3048,0.1909259724950884,0.1976,0.2088976442583928,2545,0.2481326438479849,0.1584174669621603,pixel_reliability=0 AND MODLAND_QA(bits0-1)=0 AND VI range -2000..10000,MOD13Q1 V061 Terra 250m 16-day
SO1905,Ceel Dheer,SO19,Galgaduud,2017-05-25,0.1909043143297381,0.158,0.148017218798151,0.13765,0.2130838053024706,2596,0.379627349585488,0.0907001559550192,pixel_reliability=0 AND MODLAND_QA(bits0-1)=0 AND VI range -2000..10000,MOD13Q1 V061 Terra 250m 16-day
SO1905,Ceel Dheer,SO19,Galgaduud,2017-06-10,0.2110276987447698,0.2246,0.1531152022315202,0.1573,0.2942624969219404,3585,0.2739883444143479,0.1582533037839612,pixel_reliability=0 AND MODLAND_QA(bits0-1)=0 AND VI range -2000..10000,MOD13Q1 V061 Terra 250m 16-day
SO1905,Ceel Dheer,SO19,Galgaduud,2017-06-26,0.1342817120622568,0.13115,0.1120392996108949,0.11265,0.0843798735943527,1028,0.2976278420750226,0.3211031765574981,pixel_reliability=0 AND MODLAND_QA(bits0-1)=0 AND VI range -2000..10000,MOD13Q1 V061 Terra 250m 16-day
SO1905,Ceel Dheer,SO19,Galgaduud,2017-07-12,0.1298558724832214,0.1229,0.1121360738255033,0.11165,0.0489206271033407,596,0.289994254288763,0.3710908643191332,pixel_reliability=0 AND MODLAND_QA(bits0-1)=0 AND VI range -2000..10000,MOD13Q1 V061 Terra 250m 16-day
SO1905,Ceel Dheer,SO19,Galgaduud,2017-07-28,0.1440730614074406,0.1282,0.1130675033617212,0.113,0.1831240252811294,2231,0.2913896413034556,0.1557908561109743,pixel_reliability=0 AND MODLAND_QA(bits0-1)=0 AND VI range -2000..10000,MOD13Q1 V061 Terra 250m 16-day
SO1905,Ceel Dheer,SO19,Galgaduud,2017-08-13,0.1721166137734052,0.1776,0.1174380038083148,0.1206,0.5172781745054584,6302,0.1337109086431913,0.0865139949109414,pixel_reliability=0 AND MODLAND_QA(bits0-1)=0 AND VI range -2000..10000,MOD13Q1 V061 Terra 250m 16-day
SO1905,Ceel Dheer,SO19,Galgaduud,2017-08-29,0.1624956597774245,0.16945,0.1150324642289348,0.1181,0.5162931954362636,6290,0.1780349667569564,0.0302881063777394,pixel_reliability=0 AND MODLAND_QA(bits0-1)=0 AND VI range -2000..10000,MOD13Q1 V061 Terra 250m 16-day
SO1905,Ceel Dheer,SO19,Galgaduud,2017-09-14,0.1387823884197828,0.1162,0.1079190591073582,0.10495,0.4082738241812361,4974,0.1532463268488877,0.0924238693261101,pixel_reliability=0 AND MODLAND_QA(bits0-1)=0 AND VI range -2000..10000,MOD13Q1 V061 Terra 250m 16-day
SO1905,Ceel Dheer,SO19,Galgaduud,2017-09-30,0.1986602693602693,0.18765,0.1334969696969697,0.12605,0.0975129278502831,1188,0.4851021915784289,0.1512763687104982,pixel_reliability=0 AND MODLAND_QA(bits0-1)=0 AND VI range -2000..10000,MOD13Q1 V061 Terra 250m 16-day
SO1905,Ceel Dheer,SO19,Galgaduud,2017-10-16,0.1740835907335907,0.128,0.1279921921921922,0.1068,0.3826643683821719,4662,0.2100467865057867,0.0692768612000328,pixel_reliability=0 AND MODLAND_QA(bits0-1)=0 AND VI range -2000..10000,MOD13Q1 V061 Terra 250m 16-day
SO1905,Ceel Dheer,SO19,Galgaduud,2017-11-01,0.27657645333612657,0.2821,0.187834953388499,0.1932,0.7836329311335467,9547,0.052778461791020276,0.009193137979151276,pixel_reliability=0 AND MODLAND_QA(bits0-1)=0 AND VI range -2000..10000,MOD13Q1 V061 Terra 250m 16-day
SO1905,Ceel Dheer,SO19,Galgaduud,2017-11-17,0.23176997802197802,0.24455000000000002,0.16841613186813187,0.17350000000000002,0.3734712304030206,4550,0.24058113765082492,0.015595501928917344,pixel_reliability=0 AND MODLAND_QA(bits0-1)=0 AND VI range -2000..10000,MOD13Q1 V061 Terra 250m 16-day
SO1905,Ceel Dheer,SO19,Galgaduud,2017-12-03,0.24658733131689162,0.2551,0.16876362261516986,0.17075,0.7055733398998605,8596,0.08610358696544365,0.018386275958302552,pixel_reliability=0 AND MODLAND_QA(bits0-1)=0 AND VI range -2000..10000,MOD13Q1 V061 Terra 250m 16-day
SO1905,Ceel Dheer,SO19,Galgaduud,2017-12-19,0.22706485057719278,0.2331,0.15483017585500053,0.157,0.7608142493638677,9269,0.07600755150619716,0.01822211278010342,pixel_reliability=0 AND MODLAND_QA(bits0-1)=0 AND VI range -2000..10000,MOD13Q1 V061 Terra 250m 16-day
SO2001,Belet Weyne,SO20,Hiraan,2017-01-01,0.208394598540146,0.2099,0.1254064467153284,0.1235,0.9878287955699124,17125,0.0007498846331333,0.0,pixel_reliability=0 AND MODLAND_QA(bits0-1)=0 AND VI range -2000..10000,MOD13Q1 V061 Terra 250m 16-day
SO2001,Belet Weyne,SO20,Hiraan,2017-01-17,0.2029212286527514,0.2057,0.1195394212523719,0.1165,0.4863867097369635,8432,0.0006345177664974,0.0,pixel_reliability=0 AND MODLAND_QA(bits0-1)=0 AND VI range -2000..10000,MOD13Q1 V061 Terra 250m 16-day
SO2001,Belet Weyne,SO20,Hiraan,2017-02-02,0.1934864492062115,0.1947,0.1215060032966079,0.1195,0.6649169358560222,11527,0.0241116751269035,0.0,pixel_reliability=0 AND MODLAND_QA(bits0-1)=0 AND VI range -2000..10000,MOD13Q1 V061 Terra 250m 16-day
SO2001,Belet Weyne,SO20,Hiraan,2017-02-18,0.1960506382978723,0.1988,0.1202092418339826,0.1197,0.962448084910014,16685,0.0042685740655283,0.0,pixel_reliability=0 AND MODLAND_QA(bits0-1)=0 AND VI range -2000..10000,MOD13Q1 V061 Terra 250m 16-day
SO2001,Belet Weyne,SO20,Hiraan,2017-03-06,0.1928861651202647,0.1958,0.119843679451569,0.1195,0.9760613751730502,16921,0.0008075680664513,0.0,pixel_reliability=0 AND MODLAND_QA(bits0-1)=0 AND VI range -2000..10000,MOD13Q1 V061 Terra 250m 16-day
SO2001,Belet Weyne,SO20,Hiraan,2017-03-22,0.1909617699771336,0.1924,0.1199162474507138,0.1193,0.9333756345177664,16181,0.0028264882325796,0.0,pixel_reliability=0 AND MODLAND_QA(bits0-1)=0 AND VI range -2000..10000,MOD13Q1 V061 Terra 250m 16-day
SO2001,Belet Weyne,SO20,Hiraan,2017-04-07,0.196924556392805,0.20045,0.1203276494895479,0.1198,0.949238578680203,16456,0.0061144439317028,0.0,pixel_reliability=0 AND MODLAND_QA(bits0-1)=0 AND VI range -2000..10000,MOD13Q1 V061 Terra 250m 16-day
SO2001,Belet Weyne,SO20,Hiraan,2017-04-23,0.2114936098465688,0.2109,0.1226211262856179,0.1202,0.3421204430087678,5931,0.1971042916474388,0.0893516382095062,pixel_reliability=0 AND MODLAND_QA(bits0-1)=0 AND VI range -2000..10000,MOD13Q1 V061 Terra 250m 16-day
SO2001,Belet Weyne,SO20,Hiraan,2017-05-09,0.2656982594165564,0.2657,0.1653882893545916,0.163,0.8285071527457314,14363,0.0413590216889709,0.0111905860636825,pixel_reliability=0 AND MODLAND_QA(bits0-1)=0 AND VI range -2000..10000,MOD13Q1 V061 Terra 250m 16-day
SO2001,Belet Weyne,SO20,Hiraan,2017-05-25,0.2547696274118429,0.25205,0.1636539421157684,0.159,0.3467928011075219,6012,0.3114328564836179,0.0057106598984771,pixel_reliability=0 AND MODLAND_QA(bits0-1)=0 AND VI range -2000..10000,MOD13Q1 V061 Terra 250m 16-day
SO2001,Belet Weyne,SO20,Hiraan,2017-06-10,0.2506157461442267,0.241,0.1570294601917465,0.1503,0.5535302261190586,9596,0.1504960775265343,0.003518689432395,pixel_reliability=0 AND MODLAND_QA(bits0-1)=0 AND VI range -2000..10000,MOD13Q1 V061 Terra 250m 16-day
SO2001,Belet Weyne,SO20,Hiraan,2017-06-26,0.2165550436070429,0.2089,0.1364652295540563,0.1312,0.3505422242731887,6077,0.2752653437932625,0.0038071065989847,pixel_reliability=0 AND MODLAND_QA(bits0-1)=0 AND VI range -2000..10000,MOD13Q1 V061 Terra 250m 16-day
SO2001,Belet Weyne,SO20,Hiraan,2017-07-12,0.1776821782178217,0.17135,0.1238638613861386,0.1219,0.0582602676511306,1010,0.4295685279187817,0.2686894323950161,pixel_reliability=0 AND MODLAND_QA(bits0-1)=0 AND VI range -2000..10000,MOD13Q1 V061 Terra 250m 16-day
SO2001,Belet Weyne,SO20,Hiraan,2017-07-28,0.1893531709365812,0.189,0.1218918381632367,0.1187,0.4120327641901246,7143,0.195719889247808,0.0005191508998615,pixel_reliability=0 AND MODLAND_QA(bits0-1)=0 AND VI range -2000..10000,MOD13Q1 V061 Terra 250m 16-day
SO2001,Belet Weyne,SO20,Hiraan,2017-08-13,0.192922403852246,0.195,0.1178152062345561,0.1163,0.910417628057222,15783,0.0020766035994462,0.0,pixel_reliability=0 AND MODLAND_QA(bits0-1)=0 AND VI range -2000..10000,MOD13Q1 V061 Terra 250m 16-day
SO2001,Belet Weyne,SO20,Hiraan,2017-08-29,0.1811649952858489,0.1828,0.1181634010456844,0.116,0.6729926165205353,11667,0.0410706045223811,0.0,pixel_reliability=0 AND MODLAND_QA(bits0-1)=0 AND VI range -2000..10000,MOD13Q1 V061 Terra 250m 16-day
SO2001,Belet Weyne,SO20,Hiraan,2017-09-14,0.1917642692239389,0.193,0.1155778784111762,0.1135,0.9744462390401476,16893,0.0039224734656206,0.0,pixel_reliability=0 AND MODLAND_QA(bits0-1)=0 AND VI range -2000..10000,MOD13Q1 V061 Terra 250m 16-day
SO2001,Belet Weyne,SO20,Hiraan,2017-09-30,0.2066864071163102,0.205,0.125233394260647,0.1215,0.9467581910475312,16413,0.0100369173973234,0.0001153668666359,pixel_reliability=0 AND MODLAND_QA(bits0-1)=0 AND VI range -2000..10000,MOD13Q1 V061 Terra 250m 16-day
SO2001,Belet Weyne,SO20,Hiraan,2017-10-16,0.2485693534178999,0.2495,0.1601227801268498,0.158,0.6548223350253807,11352,0.0653553299492385,0.0028264882325796,pixel_reliability=0 AND MODLAND_QA(bits0-1)=0 AND VI range -2000..10000,MOD13Q1 V061 Terra 250m 16-day
SO2001,Belet Weyne,SO20,Hiraan,2017-11-01,0.2967302090843548,0.3,0.1904364750606279,0.1897,0.8800761421319797,15257,0.024861559760036917,0.00011536686663590217,pixel_reliability=0 AND MODLAND_QA(bits0-1)=0 AND VI range -2000..10000,MOD13Q1 V061 Terra 250m 16-day
SO2001,Belet Weyne,SO20,Hiraan,2017-11-17,0.2692574151624548,0.26630000000000004,0.16881292418772564,0.1665,0.7989155514536225,13850,0.08191047531149054,0.0,pixel_reliability=0 AND MODLAND_QA(bits0-1)=0 AND VI range -2000..10000,MOD13Q1 V061 Terra 250m 16-day
SO2001,Belet Weyne,SO20,Hiraan,2017-12-03,0.23972633955090888,0.2343,0.14525552453368185,0.1413,0.9710429164743886,16834,0.0036917397323488694,0.0,pixel_reliability=0 AND MODLAND_QA(bits0-1)=0 AND VI range -2000..10000,MOD13Q1 V061 Terra 250m 16-day
SO2001,Belet Weyne,SO20,Hiraan,2017-12-19,0.21440684188814896,0.21200000000000002,0.12928643408568566,0.1258,0.9788301799723119,16969,0.0018458698661744347,0.0,pixel_reliability=0 AND MODLAND_QA(bits0-1)=0 AND VI range -2000..10000,MOD13Q1 V061 Terra 250m 16-day
SO2002,Bulo Burto,SO20,Hiraan,2017-01-01,0.2223475811257381,0.2241,0.1284331328891055,0.1283,0.9804015296367112,18459,0.0030805183768854,0.0,pixel_reliability=0 AND MODLAND_QA(bits0-1)=0 AND VI range -2000..10000,MOD13Q1 V061 Terra 250m 16-day
SO2002,Bulo Burto,SO20,Hiraan,2017-01-17,0.2204653229025305,0.224,0.129202777999521,0.1309,0.6653388570214575,12527,0.0035585298491608,0.0,pixel_reliability=0 AND MODLAND_QA(bits0-1)=0 AND VI range -2000..10000,MOD13Q1 V061 Terra 250m 16-day
SO2002,Bulo Burto,SO20,Hiraan,2017-02-02,0.2081013979591836,0.2112,0.1206112857142857,0.122,0.520501380922031,9800,0.110951773953686,0.0,pixel_reliability=0 AND MODLAND_QA(bits0-1)=0 AND VI range -2000..10000,MOD13Q1 V061 Terra 250m 16-day
SO2002,Bulo Burto,SO20,Hiraan,2017-02-18,0.2070347811428892,0.2096,0.1211576276900601,0.123,0.94524113023157,17797,0.0096664542171234,0.0,pixel_reliability=0 AND MODLAND_QA(bits0-1)=0 AND VI range -2000..10000,MOD13Q1 V061 Terra 250m 16-day
SO2002,Bulo Burto,SO20,Hiraan,2017-03-06,0.2013026683249477,0.2034,0.1208166318050766,0.1226,0.939504992564266,17689,0.0045676651795198,0.0,pixel_reliability=0 AND MODLAND_QA(bits0-1)=0 AND VI range -2000..10000,MOD13Q1 V061 Terra 250m 16-day
SO2002,Bulo Burto,SO20,Hiraan,2017-03-22,0.2074976748003063,0.2098,0.1223061822956559,0.1238,0.9707881878053962,18278,0.0032398555343106,5.311238580837051e-05,pixel_reliability=0 AND MODLAND_QA(bits0-1)=0 AND VI range -2000..10000,MOD13Q1 V061 Terra 250m 16-day
SO2002,Bulo Burto,SO20,Hiraan,2017-04-07,0.2172165472270643,0.2161,0.1275879140034863,0.1267,0.8226577437858509,15489,0.0173677501593371,0.0,pixel_reliability=0 AND MODLAND_QA(bits0-1)=0 AND VI range -2000..10000,MOD13Q1 V061 Terra 250m 16-day
SO2002,Bulo Burto,SO20,Hiraan,2017-04-23,0.2179168102818752,0.2171,0.1210759748795092,0.1214,0.3636605056299129,6847,0.1378797535585298,0.0771191841937539,pixel_reliability=0 AND MODLAND_QA(bits0-1)=0 AND VI range -2000..10000,MOD13Q1 V061 Terra 250m 16-day
SO2002,Bulo Burto,SO20,Hiraan,2017-05-09,0.3144105616189176,0.3099,0.1946487039563438,0.1942,0.467176545570427,8796,0.2177076694285107,0.0305927342256214,pixel_reliability=0 AND MODLAND_QA(bits0-1)=0 AND VI range -2000..10000,MOD13Q1 V061 Terra 250m 16-day
SO2002,Bulo Burto,SO20,Hiraan,2017-05-25,0.2769876225490196,0.2746,0.1705018137254901,0.1698,0.2166985340981516,4080,0.4916082430422774,0.0331421287444232,pixel_reliability=0 AND MODLAND_QA(bits0-1)=0 AND VI range -2000..10000,MOD13Q1 V061 Terra 250m 16-day
SO2002,Bulo Burto,SO20,Hiraan,2017-06-10,0.27434704675521,0.2731,0.1698901738473167,0.1689,0.4918738049713193,9261,0.2111217335882728,0.0144465689398767,pixel_reliability=0 AND MODLAND_QA(bits0-1)=0 AND VI range -2000..10000,MOD13Q1 V061 Terra 250m 16-day
SO2002,Bulo Burto,SO20,Hiraan,2017-06-26,0.2346012544802867,0.23775,0.1363557347670251,0.1377,0.0296367112810707,558,0.5088166560441895,0.2101657106437221,pixel_reliability=0 AND MODLAND_QA(bits0-1)=0 AND VI range -2000..10000,MOD13Q1 V061 Terra 250m 16-day
SO2002,Bulo Burto,SO20,Hiraan,2017-07-12,0.196121875,0.19925,0.13115,0.13445,0.0016995963458678,32,0.2617378372636499,0.512322073507542,pixel_reliability=0 AND MODLAND_QA(bits0-1)=0 AND VI range -2000..10000,MOD13Q1 V061 Terra 250m 16-day
SO2002,Bulo Burto,SO20,Hiraan,2017-07-28,0.2091058261700095,0.211,0.131487870105062,0.1323,0.0556086679413639,1047,0.6295411089866156,0.0950711705969832,pixel_reliability=0 AND MODLAND_QA(bits0-1)=0 AND VI range -2000..10000,MOD13Q1 V061 Terra 250m 16-day
SO2002,Bulo Burto,SO20,Hiraan,2017-08-13,0.2091032307692307,0.2106,0.123947141025641,0.1246,0.41427660930529,7800,0.1820692585510941,0.0893350329296792,pixel_reliability=0 AND MODLAND_QA(bits0-1)=0 AND VI range -2000..10000,MOD13Q1 V061 Terra 250m 16-day
SO2002,Bulo Burto,SO20,Hiraan,2017-08-29,0.1985089897447087,0.2001,0.1201058913375518,0.1213,0.243414064159762,4583,0.3937221159974506,0.0229976630550244,pixel_reliability=0 AND MODLAND_QA(bits0-1)=0 AND VI range -2000..10000,MOD13Q1 V061 Terra 250m 16-day
SO2002,Bulo Burto,SO20,Hiraan,2017-09-14,0.205741895852822,0.2056,0.1181664421577798,0.1183,0.8516571064372211,16035,0.0274059910771191,0.0033460803059273,pixel_reliability=0 AND MODLAND_QA(bits0-1)=0 AND VI range -2000..10000,MOD13Q1 V061 Terra 250m 16-day
SO2002,Bulo Burto,SO20,Hiraan,2017-09-30,0.2222939690086282,0.212,0.1256518753301637,0.1173,0.6032504780114722,11358,0.165285744635649,0.0198109199065222,pixel_reliability=0 AND MODLAND_QA(bits0-1)=0 AND VI range -2000..10000,MOD13Q1 V061 Terra 250m 16-day
SO2002,Bulo Burto,SO20,Hiraan,2017-10-16,0.3073794657647709,0.3115,0.1948681253451131,0.1969,0.769492245591672,14488,0.0761631612492033,0.0025493945188017,pixel_reliability=0 AND MODLAND_QA(bits0-1)=0 AND VI range -2000..10000,MOD13Q1 V061 Terra 250m 16-day
SO2002,Bulo Burto,SO20,Hiraan,2017-11-01,0.40299370112155203,0.4055,0.255285377387087,0.2553,0.8760888039090716,16495,0.03112385808370512,0.0,pixel_reliability=0 AND MODLAND_QA(bits0-1)=0 AND VI range -2000..10000,MOD13Q1 V061 Terra 250m 16-day
SO2002,Bulo Burto,SO20,Hiraan,2017-11-17,0.3802991889230057,0.38370000000000004,0.23137255083714736,0.23420000000000002,0.9167728914382834,17261,0.030539621839813045,0.0,pixel_reliability=0 AND MODLAND_QA(bits0-1)=0 AND VI range -2000..10000,MOD13Q1 V061 Terra 250m 16-day
SO2002,Bulo Burto,SO20,Hiraan,2017-12-03,0.32601899911426047,0.3276,0.19369443091231178,0.1925,0.9594221372424049,18064,0.004248990864669641,0.0,pixel_reliability=0 AND MODLAND_QA(bits0-1)=0 AND VI range -2000..10000,MOD13Q1 V061 Terra 250m 16-day
SO2002,Bulo Burto,SO20,Hiraan,2017-12-19,0.26919290741447977,0.26890000000000003,0.1593432920508484,0.1579,0.9734969194816231,18329,0.003505417463352454,0.0,pixel_reliability=0 AND MODLAND_QA(bits0-1)=0 AND VI range -2000..10000,MOD13Q1 V061 Terra 250m 16-day
SO2003,Jalalaqsi,SO20,Hiraan,2017-01-01,0.2331066206896551,0.239,0.1416376275862069,0.145,0.9877384196185286,3625,0.000817438692098,0.0,pixel_reliability=0 AND MODLAND_QA(bits0-1)=0 AND VI range -2000..10000,MOD13Q1 V061 Terra 250m 16-day
SO2003,Jalalaqsi,SO20,Hiraan,2017-01-17,0.2299256050338819,0.2389,0.1439785575992255,0.1459,0.5629427792915531,2066,0.003542234332425,0.0,pixel_reliability=0 AND MODLAND_QA(bits0-1)=0 AND VI range -2000..10000,MOD13Q1 V061 Terra 250m 16-day
SO2003,Jalalaqsi,SO20,Hiraan,2017-02-02,0.2136386316516931,0.223,0.1321704906703524,0.1357,0.3942779291553133,1447,0.1389645776566757,0.0,pixel_reliability=0 AND MODLAND_QA(bits0-1)=0 AND VI range -2000..10000,MOD13Q1 V061 Terra 250m 16-day
SO2003,Jalalaqsi,SO20,Hiraan,2017-02-18,0.2119116656993616,0.22095,0.1308529309344167,0.1373,0.9389645776566756,3446,0.0122615803814713,0.0,pixel_reliability=0 AND MODLAND_QA(bits0-1)=0 AND VI range -2000..10000,MOD13Q1 V061 Terra 250m 16-day
SO2003,Jalalaqsi,SO20,Hiraan,2017-03-06,0.2073578085286642,0.214,0.1272510872634848,0.1326,0.964850136239782,3541,0.0010899182561307,0.0,pixel_reliability=0 AND MODLAND_QA(bits0-1)=0 AND VI range -2000..10000,MOD13Q1 V061 Terra 250m 16-day
SO2003,Jalalaqsi,SO20,Hiraan,2017-03-22,0.221065145684442,0.2258,0.1371048653106102,0.1407,0.9912806539509535,3638,0.0,0.0,pixel_reliability=0 AND MODLAND_QA(bits0-1)=0 AND VI range -2000..10000,MOD13Q1 V061 Terra 250m 16-day
SO2003,Jalalaqsi,SO20,Hiraan,2017-04-07,0.2282399922269724,0.2324,0.1419923435678196,0.145,0.7010899182561308,2573,0.0520435967302452,0.0,pixel_reliability=0 AND MODLAND_QA(bits0-1)=0 AND VI range -2000..10000,MOD13Q1 V061 Terra 250m 16-day
SO2003,Jalalaqsi,SO20,Hiraan,2017-04-23,0.2310911532385466,0.23405,0.1328555292259084,0.1365,0.3449591280653951,1266,0.1433242506811989,0.1329700272479564,pixel_reliability=0 AND MODLAND_QA(bits0-1)=0 AND VI range -2000..10000,MOD13Q1 V061 Terra 250m 16-day
SO2003,Jalalaqsi,SO20,Hiraan,2017-05-09,0.3340166666666667,0.32,0.2127488095238094,0.21085,0.0228882833787465,84,0.5490463215258855,0.0817438692098092,pixel_reliability=0 AND MODLAND_QA(bits0-1)=0 AND VI range -2000..10000,MOD13Q1 V061 Terra 250m 16-day
SO2003,Jalalaqsi,SO20,Hiraan,2017-05-25,0.2578984536082475,0.25345,0.1518788659793814,0.1493,0.0528610354223433,194,0.7335149863760217,0.0637602179836512,pixel_reliability=0 AND MODLAND_QA(bits0-1)=0 AND VI range -2000..10000,MOD13Q1 V061 Terra 250m 16-day
SO2003,Jalalaqsi,SO20,Hiraan,2017-06-10,0.2999285714285714,0.2984,0.2005055555555555,0.20775,0.0343324250681198,126,0.5220708446866485,0.1032697547683923,pixel_reliability=0 AND MODLAND_QA(bits0-1)=0 AND VI range -2000..10000,MOD13Q1 V061 Terra 250m 16-day
SO2003,Jalalaqsi,SO20,Hiraan,2017-06-26,0.2523,0.2523,0.1597,0.1597,0.0002724795640326,1,0.3550408719346049,0.344141689373297,pixel_reliability=0 AND MODLAND_QA(bits0-1)=0 AND VI range -2000..10000,MOD13Q1 V061 Terra 250m 16-day
SO2003,Jalalaqsi,SO20,Hiraan,2017-07-12,,,,,0.0,0,0.0896457765667575,0.7465940054495913,pixel_reliability=0 AND MODLAND_QA(bits0-1)=0 AND VI range -2000..10000,MOD13Q1 V061 Terra 250m 16-day
SO2003,Jalalaqsi,SO20,Hiraan,2017-07-28,0.2296333333333333,0.2236,0.1400666666666666,0.1376,0.000817438692098,3,0.4043596730245231,0.3010899182561308,pixel_reliability=0 AND MODLAND_QA(bits0-1)=0 AND VI range -2000..10000,MOD13Q1 V061 Terra 250m 16-day
SO2003,Jalalaqsi,SO20,Hiraan,2017-08-13,0.2041181818181818,0.20435,0.1384318181818182,0.1325,0.0059945504087193,22,0.3403269754768392,0.3596730245231607,pixel_reliability=0 AND MODLAND_QA(bits0-1)=0 AND VI range -2000..10000,MOD13Q1 V061 Terra 250m 16-day
SO2003,Jalalaqsi,SO20,Hiraan,2017-08-29,0.194724,0.1924,0.130428,0.1268,0.0136239782016348,50,0.5038147138964577,0.1449591280653951,pixel_reliability=0 AND MODLAND_QA(bits0-1)=0 AND VI range -2000..10000,MOD13Q1 V061 Terra 250m 16-day
SO2003,Jalalaqsi,SO20,Hiraan,2017-09-14,0.2148563811684628,0.2137,0.1228520136131593,0.1244,0.4803814713896457,1763,0.1149863760217983,0.0588555858310626,pixel_reliability=0 AND MODLAND_QA(bits0-1)=0 AND VI range -2000..10000,MOD13Q1 V061 Terra 250m 16-day
SO2003,Jalalaqsi,SO20,Hiraan,2017-09-30,0.2991,0.3345,0.1803630662020906,0.1999,0.0782016348773842,287,0.338692098092643,0.2073569482288828,pixel_reliability=0 AND MODLAND_QA(bits0-1)=0 AND VI range -2000..10000,MOD13Q1 V061 Terra 250m 16-day
SO2003,Jalalaqsi,SO20,Hiraan,2017-10-16,0.3284816783831283,0.35525,0.2130247803163445,0.2284,0.6201634877384197,2276,0.138692098092643,0.0019073569482288,pixel_reliability=0 AND MODLAND_QA(bits0-1)=0 AND VI range -2000..10000,MOD13Q1 V061 Terra 250m 16-day
SO2003,Jalalaqsi,SO20,Hiraan,2017-11-01,0.4200371428571429,0.41900000000000004,0.2739864050235479,0.2723,0.8678474114441417,3185,0.04713896457765668,0.0,pixel_reliability=0 AND MODLAND_QA(bits0-1)=0 AND VI range -2000..10000,MOD13Q1 V061 Terra 250m 16-day
SO2003,Jalalaqsi,SO20,Hiraan,2017-11-17,0.4368061081535444,0.4315,0.271585374054357,0.2701,0.9724795640326975,3569,0.004904632152588556,0.0,pixel_reliability=0 AND MODLAND_QA(bits0-1)=0 AND VI range -2000..10000,MOD13Q1 V061 Terra 250m 16-day
SO2003,Jalalaqsi,SO20,Hiraan,2017-12-03,0.39214872966029124,0.397,0.2664499571795604,0.2684,0.9544959128065396,3503,0.0111716621253406,0.0,pixel_reliability=0 AND MODLAND_QA(bits0-1)=0 AND VI range -2000..10000,MOD13Q1 V061 Terra 250m 16-day
SO2003,Jalalaqsi,SO20,Hiraan,2017-12-19,0.30987138461538466,0.31220000000000003,0.1959612027972028,0.1953,0.9741144414168937,3575,0.0021798365122615805,0.0,pixel_reliability=0 AND MODLAND_QA(bits0-1)=0 AND VI range -2000..10000,MOD13Q1 V061 Terra 250m 16-day
SO2101,Jowhar,SO21,Middle Shabelle,2017-01-01,0.2479743913435527,0.228,0.1543397294860234,0.1418,0.9871817696279152,5545,0.0007121239095602,0.0,pixel_reliability=0 AND MODLAND_QA(bits0-1)=0 AND VI range -2000..10000,MOD13Q1 V061 Terra 250m 16-day
SO2101,Jowhar,SO21,Middle Shabelle,2017-01-17,0.2300434991012582,0.21895,0.1489280707010185,0.1442,0.5942674025280399,3338,0.0014242478191205,0.0,pixel_reliability=0 AND MODLAND_QA(bits0-1)=0 AND VI range -2000..10000,MOD13Q1 V061 Terra 250m 16-day
SO2101,Jowhar,SO21,Middle Shabelle,2017-02-02,0.2066401079136691,0.1936,0.1402557553956834,0.1333,0.3959408937155065,2224,0.2123909560263485,0.0008901548869503,pixel_reliability=0 AND MODLAND_QA(bits0-1)=0 AND VI range -2000..10000,MOD13Q1 V061 Terra 250m 16-day
SO2101,Jowhar,SO21,Middle Shabelle,2017-02-18,0.2144192911098199,0.2029,0.1355304280457099,0.1298,0.91917393626491,5163,0.0129962613494748,0.0,pixel_reliability=0 AND MODLAND_QA(bits0-1)=0 AND VI range -2000..10000,MOD13Q1 V061 Terra 250m 16-day
SO2101,Jowhar,SO21,Middle Shabelle,2017-03-06,0.2056030073729142,0.19655,0.1326698292588281,0.125,0.9175716574683996,5154,0.0092576108242834,0.0,pixel_reliability=0 AND MODLAND_QA(bits0-1)=0 AND VI range -2000..10000,MOD13Q1 V061 Terra 250m 16-day
SO2101,Jowhar,SO21,Middle Shabelle,2017-03-22,0.2131014919941776,0.20155,0.1325960516739447,0.1274,0.978458251735802,5496,0.0033825885704112,0.0005340929321701,pixel_reliability=0 AND MODLAND_QA(bits0-1)=0 AND VI range -2000..10000,MOD13Q1 V061 Terra 250m 16-day
SO2101,Jowhar,SO21,Middle Shabelle,2017-04-07,0.2109816482582837,0.20145,0.1409378079864061,0.134,0.419084920776215,2354,0.1280042727434573,0.0251023678119992,pixel_reliability=0 AND MODLAND_QA(bits0-1)=0 AND VI range -2000..10000,MOD13Q1 V061 Terra 250m 16-day
SO2101,Jowhar,SO21,Middle Shabelle,2017-04-23,0.232485,0.2206,0.13961075,0.1347,0.0712123909560263,400,0.2394516645896386,0.3348762684707139,pixel_reliability=0 AND MODLAND_QA(bits0-1)=0 AND VI range -2000..10000,MOD13Q1 V061 Terra 250m 16-day
SO2101,Jowhar,SO21,Middle Shabelle,2017-05-09,0.3324427631578947,0.32255,0.2216223684210526,0.21185,0.02706070856329,152,0.4876268470713904,0.1436709987537831,pixel_reliability=0 AND MODLAND_QA(bits0-1)=0 AND VI range -2000..10000,MOD13Q1 V061 Terra 250m 16-day
SO2101,Jowhar,SO21,Middle Shabelle,2017-05-25,0.2948416666666666,0.28915,0.2156333333333333,0.2094,0.0021363717286807,12,0.564892291258679,0.2736336122485312,pixel_reliability=0 AND MODLAND_QA(bits0-1)=0 AND VI range -2000..10000,MOD13Q1 V061 Terra 250m 16-day
SO2101,Jowhar,SO21,Middle Shabelle,2017-06-10,0.2869496666666666,0.2767,0.1883126666666666,0.18785,0.0534092932170197,300,0.5609756097560976,0.1018337190671176,pixel_reliability=0 AND MODLAND_QA(bits0-1)=0 AND VI range -2000..10000,MOD13Q1 V061 Terra 250m 16-day
SO2101,Jowhar,SO21,Middle Shabelle,2017-06-26,0.2280636363636363,0.2176,0.1549818181818182,0.1472,0.0019583407512907,11,0.3277550293751112,0.4128538365675627,pixel_reliability=0 AND MODLAND_QA(bits0-1)=0 AND VI range -2000..10000,MOD13Q1 V061 Terra 250m 16-day
SO2101,Jowhar,SO21,Middle Shabelle,2017-07-12,0.18618,0.1839,0.13554,0.1266,0.0008901548869503,5,0.2031333452020651,0.6371728680790457,pixel_reliability=0 AND MODLAND_QA(bits0-1)=0 AND VI range -2000..10000,MOD13Q1 V061 Terra 250m 16-day
SO2101,Jowhar,SO21,Middle Shabelle,2017-07-28,0.232985401459854,0.2144,0.1438948905109489,0.1317,0.024390243902439,137,0.3457361580915079,0.2957094534448994,pixel_reliability=0 AND MODLAND_QA(bits0-1)=0 AND VI range -2000..10000,MOD13Q1 V061 Terra 250m 16-day
SO2101,Jowhar,SO21,Middle Shabelle,2017-08-13,0.2042393939393939,0.1822,0.1259075757575757,0.11125,0.0117500445077443,66,0.3954068007833363,0.2971337012640199,pixel_reliability=0 AND MODLAND_QA(bits0-1)=0 AND VI range -2000..10000,MOD13Q1 V061 Terra 250m 16-day
SO2101,Jowhar,SO21,Middle Shabelle,2017-08-29,0.2075824561403508,0.1922,0.1396245614035088,0.1234,0.0101477657112337,57,0.3957628627381164,0.2907245860779776,pixel_reliability=0 AND MODLAND_QA(bits0-1)=0 AND VI range -2000..10000,MOD13Q1 V061 Terra 250m 16-day
SO2101,Jowhar,SO21,Middle Shabelle,2017-09-14,0.2149715914072775,0.1902,0.1193670758439281,0.1064,0.4060886594267403,2281,0.1176784760548335,0.1705536763396831,pixel_reliability=0 AND MODLAND_QA(bits0-1)=0 AND VI range -2000..10000,MOD13Q1 V061 Terra 250m 16-day
SO2101,Jowhar,SO21,Middle Shabelle,2017-09-30,0.2200089430894309,0.1858,0.1267967479674796,0.1107,0.0218978102189781,123,0.2435463770696101,0.4340395228769806,pixel_reliability=0 AND MODLAND_QA(bits0-1)=0 AND VI range -2000..10000,MOD13Q1 V061 Terra 250m 16-day
SO2101,Jowhar,SO21,Middle Shabelle,2017-10-16,0.2638492409240924,0.2507,0.1597934653465346,0.1504,0.2697169307459497,1515,0.3437778173402172,0.0859889620794018,pixel_reliability=0 AND MODLAND_QA(bits0-1)=0 AND VI range -2000..10000,MOD13Q1 V061 Terra 250m 16-day
SO2101,Jowhar,SO21,Middle Shabelle,2017-11-01,0.3887800928074246,0.37555000000000005,0.25764510440835264,0.2546,0.7673135125511839,4310,0.06124265622218266,0.00017803097739006588,pixel_reliability=0 AND MODLAND_QA(bits0-1)=0 AND VI range -2000..10000,MOD13Q1 V061 Terra 250m 16-day
SO2101,Jowhar,SO21,Middle Shabelle,2017-11-17,0.4296822407407408,0.41125,0.27870781481481477,0.2776,0.9613672779063557,5400,0.007477301050382767,0.0,pixel_reliability=0 AND MODLAND_QA(bits0-1)=0 AND VI range -2000..10000,MOD13Q1 V061 Terra 250m 16-day
SO2101,Jowhar,SO21,Middle Shabelle,2017-12-03,0.4040371164437451,0.38980000000000004,0.2778582415420928,0.27375,0.9051094890510949,5084,0.02492433683460922,0.0,pixel_reliability=0 AND MODLAND_QA(bits0-1)=0 AND VI range -2000..10000,MOD13Q1 V061 Terra 250m 16-day
SO2101,Jowhar,SO21,Middle Shabelle,2017-12-19,0.31936654804270465,0.30770000000000003,0.2059563026784042,0.20320000000000002,0.9505073882855617,5339,0.0060530532312622395,0.0,pixel_reliability=0 AND MODLAND_QA(bits0-1)=0 AND VI range -2000..10000,MOD13Q1 V061 Terra 250m 16-day
SO2102,Adan Yabaal,SO21,Middle Shabelle,2017-01-01,0.2430222608292795,0.248,0.1608945100764419,0.1611,0.9132642267823144,4317,0.0152316479796911,0.0114237359847683,pixel_reliability=0 AND MODLAND_QA(bits0-1)=0 AND VI range -2000..10000,MOD13Q1 V061 Terra 250m 16-day
SO2102,Adan Yabaal,SO21,Middle Shabelle,2017-01-17,0.2256109331084879,0.2315,0.1527447442383361,0.1538,0.7526972709964036,3558,0.0418870319441506,0.0112121853183837,pixel_reliability=0 AND MODLAND_QA(bits0-1)=0 AND VI range -2000..10000,MOD13Q1 V061 Terra 250m 16-day
SO2102,Adan Yabaal,SO21,Middle Shabelle,2017-02-02,0.1843967299578059,0.1936,0.1295160337552742,0.1292,0.2005500317325999,948,0.429024751427967,0.0340596572879204,pixel_reliability=0 AND MODLAND_QA(bits0-1)=0 AND VI range -2000..10000,MOD13Q1 V061 Terra 250m 16-day
SO2102,Adan Yabaal,SO21,Middle Shabelle,2017-02-18,0.2155892282065519,0.2177,0.1391217656857301,0.1383,0.762005500317326,3602,0.043790987941612,0.0067696213243071,pixel_reliability=0 AND MODLAND_QA(bits0-1)=0 AND VI range -2000..10000,MOD13Q1 V061 Terra 250m 16-day
SO2102,Adan Yabaal,SO21,Middle Shabelle,2017-03-06,0.2024262149402944,0.2058,0.1368333518467092,0.1358,0.7617939496509414,3601,0.0423101332769198,0.0099428813200761,pixel_reliability=0 AND MODLAND_QA(bits0-1)=0 AND VI range -2000..10000,MOD13Q1 V061 Terra 250m 16-day
SO2102,Adan Yabaal,SO21,Middle Shabelle,2017-03-22,0.2154868824039295,0.2151,0.1366381681594914,0.1355,0.7321768563570975,3461,0.0643114025809181,0.0118468373175375,pixel_reliability=0 AND MODLAND_QA(bits0-1)=0 AND VI range -2000..10000,MOD13Q1 V061 Terra 250m 16-day
SO2102,Adan Yabaal,SO21,Middle Shabelle,2017-04-07,0.2177094187526517,0.2147,0.1447931692829868,0.1415,0.4986249206685001,2357,0.1969536704040617,0.0139623439813835,pixel_reliability=0 AND MODLAND_QA(bits0-1)=0 AND VI range -2000..10000,MOD13Q1 V061 Terra 250m 16-day
SO2102,Adan Yabaal,SO21,Middle Shabelle,2017-04-23,0.1761594202898551,0.14855,0.1280376811594203,0.12335,0.0583879839221493,276,0.1810873704252168,0.4679500740427332,pixel_reliability=0 AND MODLAND_QA(bits0-1)=0 AND VI range -2000..10000,MOD13Q1 V061 Terra 250m 16-day
SO2102,Adan Yabaal,SO21,Middle Shabelle,2017-05-09,0.3473627486437613,0.3466,0.2365032549728752,0.2402,0.1169875185106833,553,0.3262111275650518,0.135603977152528,pixel_reliability=0 AND MODLAND_QA(bits0-1)=0 AND VI range -2000..10000,MOD13Q1 V061 Terra 250m 16-day
SO2102,Adan Yabaal,SO21,Middle Shabelle,2017-05-25,0.1540780386740331,0.1445,0.1361622928176795,0.1299,0.1531626824624497,724,0.3972921514702771,0.2534376983287497,pixel_reliability=0 AND MODLAND_QA(bits0-1)=0 AND VI range -2000..10000,MOD13Q1 V061 Terra 250m 16-day
SO2102,Adan Yabaal,SO21,Middle Shabelle,2017-06-10,0.2893113312693498,0.2918,0.2033607430340557,0.2064,0.3416543262111275,1615,0.2062618997249841,0.186799238417601,pixel_reliability=0 AND MODLAND_QA(bits0-1)=0 AND VI range -2000..10000,MOD13Q1 V061 Terra 250m 16-day
SO2102,Adan Yabaal,SO21,Middle Shabelle,2017-06-26,0.1493977777777778,0.14405,0.1206696296296296,0.1173,0.0571186799238417,270,0.1971652210704463,0.4330442140892744,pixel_reliability=0 AND MODLAND_QA(bits0-1)=0 AND VI range -2000..10000,MOD13Q1 V061 Terra 250m 16-day
SO2102,Adan Yabaal,SO21,Middle Shabelle,2017-07-12,0.1262804511278195,0.1208,0.1068383458646616,0.1044,0.0281362386291516,133,0.187856991749524,0.5493970806008039,pixel_reliability=0 AND MODLAND_QA(bits0-1)=0 AND VI range -2000..10000,MOD13Q1 V061 Terra 250m 16-day
SO2102,Adan Yabaal,SO21,Middle Shabelle,2017-07-28,0.1505509009009009,0.1225,0.1206342342342342,0.11055,0.046964247937381,222,0.2788237782949016,0.339327268880897,pixel_reliability=0 AND MODLAND_QA(bits0-1)=0 AND VI range -2000..10000,MOD13Q1 V061 Terra 250m 16-day
SO2102,Adan Yabaal,SO21,Middle Shabelle,2017-08-13,0.1478411764705882,0.1245,0.1147011764705882,0.10805,0.1078908398561455,510,0.226359213031521,0.3446160355405119,pixel_reliability=0 AND MODLAND_QA(bits0-1)=0 AND VI range -2000..10000,MOD13Q1 V061 Terra 250m 16-day
SO2102,Adan Yabaal,SO21,Middle Shabelle,2017-08-29,0.1608440924657534,0.1747,0.1190198630136986,0.12215,0.2470911783372117,1168,0.332980748889359,0.0611381425851491,pixel_reliability=0 AND MODLAND_QA(bits0-1)=0 AND VI range -2000..10000,MOD13Q1 V061 Terra 250m 16-day
SO2102,Adan Yabaal,SO21,Middle Shabelle,2017-09-14,0.1507663172606569,0.1584,0.114220824598183,0.1141,0.3027290035963613,1431,0.1157182145123757,0.2449756716733657,pixel_reliability=0 AND MODLAND_QA(bits0-1)=0 AND VI range -2000..10000,MOD13Q1 V061 Terra 250m 16-day
SO2102,Adan Yabaal,SO21,Middle Shabelle,2017-09-30,0.275518320610687,0.2892,0.1866541984732824,0.1869,0.0277131372963824,131,0.5333192299555743,0.2039348423947535,pixel_reliability=0 AND MODLAND_QA(bits0-1)=0 AND VI range -2000..10000,MOD13Q1 V061 Terra 250m 16-day
SO2102,Adan Yabaal,SO21,Middle Shabelle,2017-10-16,0.2324267471958585,0.2492,0.1685319240724763,0.178,0.2451872223397503,1159,0.2198011423735985,0.1656441717791411,pixel_reliability=0 AND MODLAND_QA(bits0-1)=0 AND VI range -2000..10000,MOD13Q1 V061 Terra 250m 16-day
SO2102,Adan Yabaal,SO21,Middle Shabelle,2017-11-01,0.3526266284680338,0.35095,0.23750364897466827,0.23700000000000002,0.7015020097313307,3316,0.07658134123122488,0.01903955997461392,pixel_reliability=0 AND MODLAND_QA(bits0-1)=0 AND VI range -2000..10000,MOD13Q1 V061 Terra 250m 16-day
SO2102,Adan Yabaal,SO21,Middle Shabelle,2017-11-17,0.31765082592121985,0.3351,0.2160148030495553,0.22510000000000002,0.665961497778718,3148,0.06896551724137931,0.011000634651999153,pixel_reliability=0 AND MODLAND_QA(bits0-1)=0 AND VI range -2000..10000,MOD13Q1 V061 Terra 250m 16-day
SO2102,Adan Yabaal,SO21,Middle Shabelle,2017-12-03,0.2998540766021995,0.3037,0.19956981418278344,0.20040000000000002,0.5578591072561878,2637,0.094986249206685,0.013116141315845145,pixel_reliability=0 AND MODLAND_QA(bits0-1)=0 AND VI range -2000..10000,MOD13Q1 V061 Terra 250m 16-day
SO2102,Adan Yabaal,SO21,Middle Shabelle,2017-12-19,0.27058845116028063,0.2649,0.17989244468429574,0.17815,0.7840067696213243,3706,0.07636979056484028,0.016289401311614132,pixel_reliability=0 AND MODLAND_QA(bits0-1)=0 AND VI range -2000..10000,MOD13Q1 V061 Terra 250m 16-day
SO2103,Balcad,SO21,Middle Shabelle,2017-01-01,0.3180164599025255,0.3139,0.214514554718653,0.22005,0.9058799919727072,4514,0.0184627734296608,0.0142484447120208,pixel_reliability=0 AND MODLAND_QA(bits0-1)=0 AND VI range -2000..10000,MOD13Q1 V061 Terra 250m 16-day
SO2103,Balcad,SO21,Middle Shabelle,2017-01-17,0.2780587110481586,0.28,0.2058611543909348,0.2103,0.566726871362633,2824,0.0236805137467389,0.0210716435881998,pixel_reliability=0 AND MODLAND_QA(bits0-1)=0 AND VI range -2000..10000,MOD13Q1 V061 Terra 250m 16-day
SO2103,Balcad,SO21,Middle Shabelle,2017-02-02,0.2610980837789661,0.25695,0.1832512032085561,0.1819,0.4503311258278146,2244,0.1326510134457154,0.0174593618302227,pixel_reliability=0 AND MODLAND_QA(bits0-1)=0 AND VI range -2000..10000,MOD13Q1 V061 Terra 250m 16-day
SO2103,Balcad,SO21,Middle Shabelle,2017-02-18,0.247707366014732,0.2382,0.167453619507239,0.1678,0.7900862933975517,3937,0.0507726269315673,0.0210716435881998,pixel_reliability=0 AND MODLAND_QA(bits0-1)=0 AND VI range -2000..10000,MOD13Q1 V061 Terra 250m 16-day
SO2103,Balcad,SO21,Middle Shabelle,2017-03-06,0.2287367017978921,0.2206,0.1733606633601984,0.1738,0.6474011639574554,3226,0.0638169777242625,0.0214730082279751,pixel_reliability=0 AND MODLAND_QA(bits0-1)=0 AND VI range -2000..10000,MOD13Q1 V061 Terra 250m 16-day
SO2103,Balcad,SO21,Middle Shabelle,2017-03-22,0.2416270483373328,0.2283,0.1530737401439835,0.1521,0.5853903271121814,2917,0.1884406983744732,0.0403371462974112,pixel_reliability=0 AND MODLAND_QA(bits0-1)=0 AND VI range -2000..10000,MOD13Q1 V061 Terra 250m 16-day
SO2103,Balcad,SO21,Middle Shabelle,2017-04-07,0.2317929017160686,0.2255,0.1653989859594384,0.1681,0.2572747340959261,1282,0.2550672285771623,0.0590006020469596,pixel_reliability=0 AND MODLAND_QA(bits0-1)=0 AND VI range -2000..10000,MOD13Q1 V061 Terra 250m 16-day
SO2103,Balcad,SO21,Middle Shabelle,2017-04-23,0.1731095744680851,0.1541,0.1447893617021277,0.134,0.018864138069436,94,0.1755970299016656,0.5777643989564519,pixel_reliability=0 AND MODLAND_QA(bits0-1)=0 AND VI range -2000..10000,MOD13Q1 V061 Terra 250m 16-day
SO2103,Balcad,SO21,Middle Shabelle,2017-05-09,0.3134752136752137,0.3068,0.2300435897435897,0.2298,0.0234798314268512,117,0.3979530403371463,0.2380092313867148,pixel_reliability=0 AND MODLAND_QA(bits0-1)=0 AND VI range -2000..10000,MOD13Q1 V061 Terra 250m 16-day
SO2103,Balcad,SO21,Middle Shabelle,2017-05-25,0.2682727272727273,0.1548,0.2025545454545455,0.1459,0.0044150110375275,22,0.632349989965884,0.1860325105358218,pixel_reliability=0 AND MODLAND_QA(bits0-1)=0 AND VI range -2000..10000,MOD13Q1 V061 Terra 250m 16-day
SO2103,Balcad,SO21,Middle Shabelle,2017-06-10,0.2595833333333333,0.2611,0.1989085526315789,0.1999,0.0915111378687537,456,0.4099939795304034,0.1312462372065021,pixel_reliability=0 AND MODLAND_QA(bits0-1)=0 AND VI range -2000..10000,MOD13Q1 V061 Terra 250m 16-day
SO2103,Balcad,SO21,Middle Shabelle,2017-06-26,0.2067,0.1989,0.1571736842105263,0.1373,0.0038129640778647,19,0.2402167369054786,0.5195665261890428,pixel_reliability=0 AND MODLAND_QA(bits0-1)=0 AND VI range -2000..10000,MOD13Q1 V061 Terra 250m 16-day
SO2103,Balcad,SO21,Middle Shabelle,2017-07-12,0.1582333333333333,0.1546,0.1354666666666667,0.1361,0.0060204695966285,30,0.1440899056793096,0.7250652217539635,pixel_reliability=0 AND MODLAND_QA(bits0-1)=0 AND VI range -2000..10000,MOD13Q1 V061 Terra 250m 16-day
SO2103,Balcad,SO21,Middle Shabelle,2017-07-28,0.2568440677966101,0.2296,0.1827754237288135,0.172,0.0236805137467389,118,0.3120610074252458,0.329319686935581,pixel_reliability=0 AND MODLAND_QA(bits0-1)=0 AND VI range -2000..10000,MOD13Q1 V061 Terra 250m 16-day
SO2103,Balcad,SO21,Middle Shabelle,2017-08-13,0.1695375,0.15035,0.13564375,0.1294,0.0064218342364037,32,0.1960666265302026,0.555689343768814,pixel_reliability=0 AND MODLAND_QA(bits0-1)=0 AND VI range -2000..10000,MOD13Q1 V061 Terra 250m 16-day
SO2103,Balcad,SO21,Middle Shabelle,2017-08-29,0.1451977777777778,0.1286,0.1234777777777778,0.1166,0.0090307043949428,45,0.2313867148304234,0.5560907084085892,pixel_reliability=0 AND MODLAND_QA(bits0-1)=0 AND VI range -2000..10000,MOD13Q1 V061 Terra 250m 16-day
SO2103,Balcad,SO21,Middle Shabelle,2017-09-14,0.2441881136950904,0.2165,0.1682808785529715,0.1622,0.0776640577965081,387,0.2163355408388521,0.4172185430463576,pixel_reliability=0 AND MODLAND_QA(bits0-1)=0 AND VI range -2000..10000,MOD13Q1 V061 Terra 250m 16-day
SO2103,Balcad,SO21,Middle Shabelle,2017-09-30,0.3173254901960784,0.3353,0.1930949579831932,0.2004,0.0716435881998796,357,0.2109171182018864,0.4776239213325306,pixel_reliability=0 AND MODLAND_QA(bits0-1)=0 AND VI range -2000..10000,MOD13Q1 V061 Terra 250m 16-day
SO2103,Balcad,SO21,Middle Shabelle,2017-10-16,0.318553937007874,0.33855,0.2044685039370078,0.21415,0.0509733092514549,254,0.3122616897451334,0.3849086895444511,pixel_reliability=0 AND MODLAND_QA(bits0-1)=0 AND VI range -2000..10000,MOD13Q1 V061 Terra 250m 16-day
SO2103,Balcad,SO21,Middle Shabelle,2017-11-01,0.36532771800679503,0.3459,0.26172624575311443,0.2579,0.7088099538430664,3532,0.07144290587999197,0.032109171182018864,pixel_reliability=0 AND MODLAND_QA(bits0-1)=0 AND VI range -2000..10000,MOD13Q1 V061 Terra 250m 16-day
SO2103,Balcad,SO21,Middle Shabelle,2017-11-17,0.40295508534019175,0.3809,0.2876254383913958,0.2782,0.8583182821593418,4277,0.029901665663255066,0.02087096126831226,pixel_reliability=0 AND MODLAND_QA(bits0-1)=0 AND VI range -2000..10000,MOD13Q1 V061 Terra 250m 16-day
SO2103,Balcad,SO21,Middle Shabelle,2017-12-03,0.4105562443575083,0.39180000000000004,0.29549674992476677,0.2878,0.6668673489865543,3323,0.07545655227774434,0.0212723259080875,pixel_reliability=0 AND MODLAND_QA(bits0-1)=0 AND VI range -2000..10000,MOD13Q1 V061 Terra 250m 16-day
SO2103,Balcad,SO21,Middle Shabelle,2017-12-19,0.3611585103724069,0.3441,0.254939615096226,0.25170000000000003,0.8029299618703593,4001,0.04736102749347783,0.04013646397752358,pixel_reliability=0 AND MODLAND_QA(bits0-1)=0 AND VI range -2000..10000,MOD13Q1 V061 Terra 250m 16-day
SO2104,Cadale,SO21,Middle Shabelle,2017-01-01,0.2530968759811617,0.2684,0.1758608477237048,0.1818,0.9156245508121316,6370,0.0165301135546931,0.0215610176800345,pixel_reliability=0 AND MODLAND_QA(bits0-1)=0 AND VI range -2000..10000,MOD13Q1 V061 Terra 250m 16-day
SO2104,Cadale,SO21,Middle Shabelle,2017-01-17,0.2359738227848101,0.252,0.1638125907172996,0.1683,0.8516601983613626,5925,0.0306166451056489,0.0196923961477648,pixel_reliability=0 AND MODLAND_QA(bits0-1)=0 AND VI range -2000..10000,MOD13Q1 V061 Terra 250m 16-day
SO2104,Cadale,SO21,Middle Shabelle,2017-02-02,0.216257981349424,0.2357,0.1472429511793746,0.1519,0.2620382348713526,1823,0.3339082938048009,0.02917924392698,pixel_reliability=0 AND MODLAND_QA(bits0-1)=0 AND VI range -2000..10000,MOD13Q1 V061 Terra 250m 16-day
SO2104,Cadale,SO21,Middle Shabelle,2017-02-18,0.2155442539793598,0.2279,0.1454693020815113,0.1493,0.8217622538450482,5717,0.040247233002731,0.0171050740261607,pixel_reliability=0 AND MODLAND_QA(bits0-1)=0 AND VI range -2000..10000,MOD13Q1 V061 Terra 250m 16-day
SO2104,Cadale,SO21,Middle Shabelle,2017-03-06,0.2045231558935361,0.2163,0.1490865209125475,0.1519,0.7560730199798764,5260,0.0612332902112979,0.0114992094293517,pixel_reliability=0 AND MODLAND_QA(bits0-1)=0 AND VI range -2000..10000,MOD13Q1 V061 Terra 250m 16-day
SO2104,Cadale,SO21,Middle Shabelle,2017-03-22,0.2288798714254045,0.2282,0.147600798049213,0.1447,0.6484116716975707,4511,0.1147046140577835,0.0265919218053758,pixel_reliability=0 AND MODLAND_QA(bits0-1)=0 AND VI range -2000..10000,MOD13Q1 V061 Terra 250m 16-day
SO2104,Cadale,SO21,Middle Shabelle,2017-04-07,0.2347114384205578,0.2341,0.1597294891883422,0.1535,0.4586747161132672,3191,0.191893057352307,0.0362225097024579,pixel_reliability=0 AND MODLAND_QA(bits0-1)=0 AND VI range -2000..10000,MOD13Q1 V061 Terra 250m 16-day
SO2104,Cadale,SO21,Middle Shabelle,2017-04-23,0.1319831632653061,0.1217,0.1182122448979592,0.1132,0.0281730631019117,196,0.1387092137415552,0.6251257726031335,pixel_reliability=0 AND MODLAND_QA(bits0-1)=0 AND VI range -2000..10000,MOD13Q1 V061 Terra 250m 16-day
SO2104,Cadale,SO21,Middle Shabelle,2017-05-09,0.3145982817869416,0.3309,0.2404862542955327,0.241,0.0418283742992669,291,0.4190024435820037,0.1591203104786546,pixel_reliability=0 AND MODLAND_QA(bits0-1)=0 AND VI range -2000..10000,MOD13Q1 V061 Terra 250m 16-day
SO2104,Cadale,SO21,Middle Shabelle,2017-05-25,0.1543542817679558,0.1411,0.1401194751381215,0.133,0.1040678453356331,724,0.5485122897800776,0.1323846485554118,pixel_reliability=0 AND MODLAND_QA(bits0-1)=0 AND VI range -2000..10000,MOD13Q1 V061 Terra 250m 16-day
SO2104,Cadale,SO21,Middle Shabelle,2017-06-10,0.2781710638297873,0.29675,0.2044294326241134,0.20805,0.2026735661923242,1410,0.2854678740836567,0.1412965358631594,pixel_reliability=0 AND MODLAND_QA(bits0-1)=0 AND VI range -2000..10000,MOD13Q1 V061 Terra 250m 16-day
SO2104,Cadale,SO21,Middle Shabelle,2017-06-26,0.1409957894736842,0.1255,0.1246615789473684,0.11395,0.0273106223947103,190,0.1910306166451056,0.4914474629869196,pixel_reliability=0 AND MODLAND_QA(bits0-1)=0 AND VI range -2000..10000,MOD13Q1 V061 Terra 250m 16-day
SO2104,Cadale,SO21,Middle Shabelle,2017-07-12,0.1543248226950354,0.12345,0.1277042553191489,0.11385,0.0405347132384648,282,0.1069426476929711,0.653730056058646,pixel_reliability=0 AND MODLAND_QA(bits0-1)=0 AND VI range -2000..10000,MOD13Q1 V061 Terra 250m 16-day
SO2104,Cadale,SO21,Middle Shabelle,2017-07-28,0.1570529284164858,0.1205,0.128529284164859,0.1125,0.0662641943366393,461,0.248957884145465,0.3301710507402616,pixel_reliability=0 AND MODLAND_QA(bits0-1)=0 AND VI range -2000..10000,MOD13Q1 V061 Terra 250m 16-day
SO2104,Cadale,SO21,Middle Shabelle,2017-08-13,0.123728064516129,0.11365,0.1080029032258064,0.10475,0.0445594365387379,310,0.3901106798907575,0.3281586890901251,pixel_reliability=0 AND MODLAND_QA(bits0-1)=0 AND VI range -2000..10000,MOD13Q1 V061 Terra 250m 16-day
SO2104,Cadale,SO21,Middle Shabelle,2017-08-29,0.1283082987551867,0.1091,0.109615214384509,0.1024,0.1039241052177662,723,0.2798620094868477,0.3012792870490153,pixel_reliability=0 AND MODLAND_QA(bits0-1)=0 AND VI range -2000..10000,MOD13Q1 V061 Terra 250m 16-day
SO2104,Cadale,SO21,Middle Shabelle,2017-09-14,0.1200259453781512,0.1005,0.1033810924369748,0.0977,0.1368405922092856,952,0.1256288630156676,0.4900100618082507,pixel_reliability=0 AND MODLAND_QA(bits0-1)=0 AND VI range -2000..10000,MOD13Q1 V061 Terra 250m 16-day
SO2104,Cadale,SO21,Middle Shabelle,2017-09-30,0.1476839285714286,0.1093,0.1221232142857143,0.10265,0.0080494466005462,56,0.4404197211441713,0.3642374586747161,pixel_reliability=0 AND MODLAND_QA(bits0-1)=0 AND VI range -2000..10000,MOD13Q1 V061 Terra 250m 16-day
SO2104,Cadale,SO21,Middle Shabelle,2017-10-16,0.3306450900163666,0.36685,0.2237090834697217,0.2418,0.1756504240333477,1222,0.2074169900819318,0.2871927554980595,pixel_reliability=0 AND MODLAND_QA(bits0-1)=0 AND VI range -2000..10000,MOD13Q1 V061 Terra 250m 16-day
SO2104,Cadale,SO21,Middle Shabelle,2017-11-01,0.3833116832092639,0.40805,0.27083598014888344,0.2842,0.6951272100043122,4836,0.07891332470892626,0.02917924392698002,pixel_reliability=0 AND MODLAND_QA(bits0-1)=0 AND VI range -2000..10000,MOD13Q1 V061 Terra 250m 16-day
SO2104,Cadale,SO21,Middle Shabelle,2017-11-17,0.38528649334178827,0.41400000000000003,0.268163094483196,0.2823,0.680034497628288,4731,0.09357481673134972,0.019548656029897943,pixel_reliability=0 AND MODLAND_QA(bits0-1)=0 AND VI range -2000..10000,MOD13Q1 V061 Terra 250m 16-day
SO2104,Cadale,SO21,Middle Shabelle,2017-12-03,0.3184398070262246,0.3492,0.23295893122216724,0.24945,0.5809975564179962,4042,0.12562886301566767,0.023429639212304156,pixel_reliability=0 AND MODLAND_QA(bits0-1)=0 AND VI range -2000..10000,MOD13Q1 V061 Terra 250m 16-day
SO2104,Cadale,SO21,Middle Shabelle,2017-12-19,0.2979193964733685,0.31070000000000003,0.20800374477367753,0.21530000000000002,0.7907143883857984,5501,0.055627425614489,0.02659192180537588,pixel_reliability=0 AND MODLAND_QA(bits0-1)=0 AND VI range -2000..10000,MOD13Q1 V061 Terra 250m 16-day
SO2201,Bondhere,SO22,Banadir,2017-01-01,0.173675,0.17585,0.11655,0.1184,0.5714285714285714,4,0.2857142857142857,0.0,pixel_reliability=0 AND MODLAND_QA(bits0-1)=0 AND VI range -2000..10000,MOD13Q1 V061 Terra 250m 16-day
SO2201,Bondhere,SO22,Banadir,2017-01-17,0.164,0.164,0.1125,0.1125,0.1428571428571428,1,0.5714285714285714,0.1428571428571428,pixel_reliability=0 AND MODLAND_QA(bits0-1)=0 AND VI range -2000..10000,MOD13Q1 V061 Terra 250m 16-day
SO2201,Bondhere,SO22,Banadir,2017-02-02,,,,,0.0,0,0.2857142857142857,0.2857142857142857,pixel_reliability=0 AND MODLAND_QA(bits0-1)=0 AND VI range -2000..10000,MOD13Q1 V061 Terra 250m 16-day
SO2201,Bondhere,SO22,Banadir,2017-02-18,,,,,0.0,0,0.5714285714285714,0.1428571428571428,pixel_reliability=0 AND MODLAND_QA(bits0-1)=0 AND VI range -2000..10000,MOD13Q1 V061 Terra 250m 16-day
SO2201,Bondhere,SO22,Banadir,2017-03-06,0.1907,0.1907,0.1316,0.1316,0.1428571428571428,1,0.7142857142857143,0.0,pixel_reliability=0 AND MODLAND_QA(bits0-1)=0 AND VI range -2000..10000,MOD13Q1 V061 Terra 250m 16-day
SO2201,Bondhere,SO22,Banadir,2017-03-22,,,,,0.0,0,0.8571428571428571,0.0,pixel_reliability=0 AND MODLAND_QA(bits0-1)=0 AND VI range -2000..10000,MOD13Q1 V061 Terra 250m 16-day
SO2201,Bondhere,SO22,Banadir,2017-04-07,,,,,0.0,0,0.0,0.7142857142857143,pixel_reliability=0 AND MODLAND_QA(bits0-1)=0 AND VI range -2000..10000,MOD13Q1 V061 Terra 250m 16-day
SO2201,Bondhere,SO22,Banadir,2017-04-23,,,,,0.0,0,0.0,0.4285714285714285,pixel_reliability=0 AND MODLAND_QA(bits0-1)=0 AND VI range -2000..10000,MOD13Q1 V061 Terra 250m 16-day
SO2201,Bondhere,SO22,Banadir,2017-05-09,,,,,0.0,0,0.2857142857142857,0.2857142857142857,pixel_reliability=0 AND MODLAND_QA(bits0-1)=0 AND VI range -2000..10000,MOD13Q1 V061 Terra 250m 16-day
SO2201,Bondhere,SO22,Banadir,2017-05-25,,,,,0.0,0,0.0,1.0,pixel_reliability=0 AND MODLAND_QA(bits0-1)=0 AND VI range -2000..10000,MOD13Q1 V061 Terra 250m 16-day
SO2201,Bondhere,SO22,Banadir,2017-06-10,,,,,0.0,0,0.2857142857142857,0.2857142857142857,pixel_reliability=0 AND MODLAND_QA(bits0-1)=0 AND VI range -2000..10000,MOD13Q1 V061 Terra 250m 16-day
SO2201,Bondhere,SO22,Banadir,2017-06-26,,,,,0.0,0,0.0,1.0,pixel_reliability=0 AND MODLAND_QA(bits0-1)=0 AND VI range -2000..10000,MOD13Q1 V061 Terra 250m 16-day
SO2201,Bondhere,SO22,Banadir,2017-07-12,,,,,0.0,0,0.1428571428571428,0.4285714285714285,pixel_reliability=0 AND MODLAND_QA(bits0-1)=0 AND VI range -2000..10000,MOD13Q1 V061 Terra 250m 16-day
SO2201,Bondhere,SO22,Banadir,2017-07-28,,,,,0.0,0,0.0,0.7142857142857143,pixel_reliability=0 AND MODLAND_QA(bits0-1)=0 AND VI range -2000..10000,MOD13Q1 V061 Terra 250m 16-day
SO2201,Bondhere,SO22,Banadir,2017-08-13,,,,,0.0,0,0.0,0.4285714285714285,pixel_reliability=0 AND MODLAND_QA(bits0-1)=0 AND VI range -2000..10000,MOD13Q1 V061 Terra 250m 16-day
SO2201,Bondhere,SO22,Banadir,2017-08-29,,,,,0.0,0,0.2857142857142857,0.5714285714285714,pixel_reliability=0 AND MODLAND_QA(bits0-1)=0 AND VI range -2000..10000,MOD13Q1 V061 Terra 250m 16-day
SO2201,Bondhere,SO22,Banadir,2017-09-14,,,,,0.0,0,0.1428571428571428,0.4285714285714285,pixel_reliability=0 AND MODLAND_QA(bits0-1)=0 AND VI range -2000..10000,MOD13Q1 V061 Terra 250m 16-day
SO2201,Bondhere,SO22,Banadir,2017-09-30,,,,,0.0,0,0.0,0.8571428571428571,pixel_reliability=0 AND MODLAND_QA(bits0-1)=0 AND VI range -2000..10000,MOD13Q1 V061 Terra 250m 16-day
SO2201,Bondhere,SO22,Banadir,2017-10-16,,,,,0.0,0,0.4285714285714285,0.0,pixel_reliability=0 AND MODLAND_QA(bits0-1)=0 AND VI range -2000..10000,MOD13Q1 V061 Terra 250m 16-day
SO2201,Bondhere,SO22,Banadir,2017-11-01,,,,,0.0,0,0.14285714285714285,0.5714285714285714,pixel_reliability=0 AND MODLAND_QA(bits0-1)=0 AND VI range -2000..10000,MOD13Q1 V061 Terra 250m 16-day
SO2201,Bondhere,SO22,Banadir,2017-11-17,,,,,0.0,0,0.0,0.42857142857142855,pixel_reliability=0 AND MODLAND_QA(bits0-1)=0 AND VI range -2000..10000,MOD13Q1 V061 Terra 250m 16-day
SO2201,Bondhere,SO22,Banadir,2017-12-03,,,,,0.0,0,0.14285714285714285,0.2857142857142857,pixel_reliability=0 AND MODLAND_QA(bits0-1)=0 AND VI range -2000..10000,MOD13Q1 V061 Terra 250m 16-day
SO2201,Bondhere,SO22,Banadir,2017-12-19,,,,,0.0,0,0.42857142857142855,0.14285714285714285,pixel_reliability=0 AND MODLAND_QA(bits0-1)=0 AND VI range -2000..10000,MOD13Q1 V061 Terra 250m 16-day
SO2202,Cabdulasis,SO22,Banadir,2017-01-01,,,,,0.0,0,1.0,0.0,pixel_reliability=0 AND MODLAND_QA(bits0-1)=0 AND VI range -2000..10000,MOD13Q1 V061 Terra 250m 16-day
SO2202,Cabdulasis,SO22,Banadir,2017-01-17,,,,,0.0,0,0.0,1.0,pixel_reliability=0 AND MODLAND_QA(bits0-1)=0 AND VI range -2000..10000,MOD13Q1 V061 Terra 250m 16-day
SO2202,Cabdulasis,SO22,Banadir,2017-02-02,,,,,0.0,0,0.0,0.0,pixel_reliability=0 AND MODLAND_QA(bits0-1)=0 AND VI range -2000..10000,MOD13Q1 V061 Terra 250m 16-day
SO2202,Cabdulasis,SO22,Banadir,2017-02-18,,,,,0.0,0,0.0,0.0,pixel_reliability=0 AND MODLAND_QA(bits0-1)=0 AND VI range -2000..10000,MOD13Q1 V061 Terra 250m 16-day
SO2202,Cabdulasis,SO22,Banadir,2017-03-06,,,,,0.0,0,1.0,0.0,pixel_reliability=0 AND MODLAND_QA(bits0-1)=0 AND VI range -2000..10000,MOD13Q1 V061 Terra 250m 16-day
SO2202,Cabdulasis,SO22,Banadir,2017-03-22,,,,,0.0,0,1.0,0.0,pixel_reliability=0 AND MODLAND_QA(bits0-1)=0 AND VI range -2000..10000,MOD13Q1 V061 Terra 250m 16-day
SO2202,Cabdulasis,SO22,Banadir,2017-04-07,,,,,0.0,0,0.0,1.0,pixel_reliability=0 AND MODLAND_QA(bits0-1)=0 AND VI range -2000..10000,MOD13Q1 V061 Terra 250m 16-day
SO2202,Cabdulasis,SO22,Banadir,2017-04-23,,,,,0.0,0,1.0,0.0,pixel_reliability=0 AND MODLAND_QA(bits0-1)=0 AND VI range -2000..10000,MOD13Q1 V061 Terra 250m 16-day
SO2202,Cabdulasis,SO22,Banadir,2017-05-09,,,,,0.0,0,0.0,0.0,pixel_reliability=0 AND MODLAND_QA(bits0-1)=0 AND VI range -2000..10000,MOD13Q1 V061 Terra 250m 16-day
SO2202,Cabdulasis,SO22,Banadir,2017-05-25,,,,,0.0,0,0.0,1.0,pixel_reliability=0 AND MODLAND_QA(bits0-1)=0 AND VI range -2000..10000,MOD13Q1 V061 Terra 250m 16-day
SO2202,Cabdulasis,SO22,Banadir,2017-06-10,,,,,0.0,0,0.0,0.0,pixel_reliability=0 AND MODLAND_QA(bits0-1)=0 AND VI range -2000..10000,MOD13Q1 V061 Terra 250m 16-day
SO2202,Cabdulasis,SO22,Banadir,2017-06-26,,,,,0.0,0,0.0,1.0,pixel_reliability=0 AND MODLAND_QA(bits0-1)=0 AND VI range -2000..10000,MOD13Q1 V061 Terra 250m 16-day
SO2202,Cabdulasis,SO22,Banadir,2017-07-12,,,,,0.0,0,0.0,1.0,pixel_reliability=0 AND MODLAND_QA(bits0-1)=0 AND VI range -2000..10000,MOD13Q1 V061 Terra 250m 16-day
SO2202,Cabdulasis,SO22,Banadir,2017-07-28,,,,,0.0,0,0.0,1.0,pixel_reliability=0 AND MODLAND_QA(bits0-1)=0 AND VI range -2000..10000,MOD13Q1 V061 Terra 250m 16-day
SO2202,Cabdulasis,SO22,Banadir,2017-08-13,,,,,0.0,0,0.0,1.0,pixel_reliability=0 AND MODLAND_QA(bits0-1)=0 AND VI range -2000..10000,MOD13Q1 V061 Terra 250m 16-day
SO2202,Cabdulasis,SO22,Banadir,2017-08-29,,,,,0.0,0,0.0,1.0,pixel_reliability=0 AND MODLAND_QA(bits0-1)=0 AND VI range -2000..10000,MOD13Q1 V061 Terra 250m 16-day
SO2202,Cabdulasis,SO22,Banadir,2017-09-14,,,,,0.0,0,1.0,0.0,pixel_reliability=0 AND MODLAND_QA(bits0-1)=0 AND VI range -2000..10000,MOD13Q1 V061 Terra 250m 16-day
SO2202,Cabdulasis,SO22,Banadir,2017-09-30,,,,,0.0,0,0.0,1.0,pixel_reliability=0 AND MODLAND_QA(bits0-1)=0 AND VI range -2000..10000,MOD13Q1 V061 Terra 250m 16-day
SO2202,Cabdulasis,SO22,Banadir,2017-10-16,,,,,0.0,0,0.0,1.0,pixel_reliability=0 AND MODLAND_QA(bits0-1)=0 AND VI range -2000..10000,MOD13Q1 V061 Terra 250m 16-day
SO2202,Cabdulasis,SO22,Banadir,2017-11-01,,,,,0.0,0,0.0,1.0,pixel_reliability=0 AND MODLAND_QA(bits0-1)=0 AND VI range -2000..10000,MOD13Q1 V061 Terra 250m 16-day
SO2202,Cabdulasis,SO22,Banadir,2017-11-17,,,,,0.0,0,0.0,1.0,pixel_reliability=0 AND MODLAND_QA(bits0-1)=0 AND VI range -2000..10000,MOD13Q1 V061 Terra 250m 16-day
SO2202,Cabdulasis,SO22,Banadir,2017-12-03,,,,,0.0,0,0.0,1.0,pixel_reliability=0 AND MODLAND_QA(bits0-1)=0 AND VI range -2000..10000,MOD13Q1 V061 Terra 250m 16-day
SO2202,Cabdulasis,SO22,Banadir,2017-12-19,,,,,0.0,0,0.0,1.0,pixel_reliability=0 AND MODLAND_QA(bits0-1)=0 AND VI range -2000..10000,MOD13Q1 V061 Terra 250m 16-day
SO2203,Daynile,SO22,Banadir,2017-01-01,0.2529931034482758,0.2559,0.189103448275862,0.1909,0.8787878787878788,29,0.0,0.0,pixel_reliability=0 AND MODLAND_QA(bits0-1)=0 AND VI range -2000..10000,MOD13Q1 V061 Terra 250m 16-day
SO2203,Daynile,SO22,Banadir,2017-01-17,0.2281875,0.22865,0.17353125,0.1727,0.4848484848484848,16,0.1818181818181818,0.0,pixel_reliability=0 AND MODLAND_QA(bits0-1)=0 AND VI range -2000..10000,MOD13Q1 V061 Terra 250m 16-day
SO2203,Daynile,SO22,Banadir,2017-02-02,0.21352,0.2113,0.1625599999999999,0.1583,0.1515151515151515,5,0.2727272727272727,0.0,pixel_reliability=0 AND MODLAND_QA(bits0-1)=0 AND VI range -2000..10000,MOD13Q1 V061 Terra 250m 16-day
SO2203,Daynile,SO22,Banadir,2017-02-18,0.2012875,0.20215,0.1485125,0.1481,0.4848484848484848,16,0.0909090909090909,0.0,pixel_reliability=0 AND MODLAND_QA(bits0-1)=0 AND VI range -2000..10000,MOD13Q1 V061 Terra 250m 16-day
SO2203,Daynile,SO22,Banadir,2017-03-06,0.201425,0.20035,0.1593125,0.15735,0.2424242424242424,8,0.3333333333333333,0.0,pixel_reliability=0 AND MODLAND_QA(bits0-1)=0 AND VI range -2000..10000,MOD13Q1 V061 Terra 250m 16-day
SO2203,Daynile,SO22,Banadir,2017-03-22,0.2004954545454546,0.2016,0.1498727272727272,0.14915,0.6666666666666666,22,0.1212121212121212,0.0,pixel_reliability=0 AND MODLAND_QA(bits0-1)=0 AND VI range -2000..10000,MOD13Q1 V061 Terra 250m 16-day
SO2203,Daynile,SO22,Banadir,2017-04-07,0.2057666666666666,0.20675,0.1523,0.15195,0.1818181818181818,6,0.3333333333333333,0.0,pixel_reliability=0 AND MODLAND_QA(bits0-1)=0 AND VI range -2000..10000,MOD13Q1 V061 Terra 250m 16-day
SO2203,Daynile,SO22,Banadir,2017-04-23,,,,,0.0,0,0.0,0.9393939393939394,pixel_reliability=0 AND MODLAND_QA(bits0-1)=0 AND VI range -2000..10000,MOD13Q1 V061 Terra 250m 16-day
SO2203,Daynile,SO22,Banadir,2017-05-09,0.3037333333333333,0.3059,0.244,0.2453,0.0909090909090909,3,0.2424242424242424,0.1515151515151515,pixel_reliability=0 AND MODLAND_QA(bits0-1)=0 AND VI range -2000..10000,MOD13Q1 V061 Terra 250m 16-day
SO2203,Daynile,SO22,Banadir,2017-05-25,,,,,0.0,0,0.0303030303030303,0.8484848484848485,pixel_reliability=0 AND MODLAND_QA(bits0-1)=0 AND VI range -2000..10000,MOD13Q1 V061 Terra 250m 16-day
SO2203,Daynile,SO22,Banadir,2017-06-10,0.3069,0.3069,0.2479,0.2479,0.0303030303030303,1,0.2727272727272727,0.1515151515151515,pixel_reliability=0 AND MODLAND_QA(bits0-1)=0 AND VI range -2000..10000,MOD13Q1 V061 Terra 250m 16-day
SO2203,Daynile,SO22,Banadir,2017-06-26,,,,,0.0,0,0.0,0.8787878787878788,pixel_reliability=0 AND MODLAND_QA(bits0-1)=0 AND VI range -2000..10000,MOD13Q1 V061 Terra 250m 16-day
SO2203,Daynile,SO22,Banadir,2017-07-12,,,,,0.0,0,0.0,1.0,pixel_reliability=0 AND MODLAND_QA(bits0-1)=0 AND VI range -2000..10000,MOD13Q1 V061 Terra 250m 16-day
SO2203,Daynile,SO22,Banadir,2017-07-28,,,,,0.0,0,0.0,0.9090909090909092,pixel_reliability=0 AND MODLAND_QA(bits0-1)=0 AND VI range -2000..10000,MOD13Q1 V061 Terra 250m 16-day
SO2203,Daynile,SO22,Banadir,2017-08-13,,,,,0.0,0,0.0909090909090909,0.7575757575757576,pixel_reliability=0 AND MODLAND_QA(bits0-1)=0 AND VI range -2000..10000,MOD13Q1 V061 Terra 250m 16-day
SO2203,Daynile,SO22,Banadir,2017-08-29,,,,,0.0,0,0.0,1.0,pixel_reliability=0 AND MODLAND_QA(bits0-1)=0 AND VI range -2000..10000,MOD13Q1 V061 Terra 250m 16-day
SO2203,Daynile,SO22,Banadir,2017-09-14,,,,,0.0,0,0.0,0.696969696969697,pixel_reliability=0 AND MODLAND_QA(bits0-1)=0 AND VI range -2000..10000,MOD13Q1 V061 Terra 250m 16-day
SO2203,Daynile,SO22,Banadir,2017-09-30,,,,,0.0,0,0.0,0.9393939393939394,pixel_reliability=0 AND MODLAND_QA(bits0-1)=0 AND VI range -2000..10000,MOD13Q1 V061 Terra 250m 16-day
SO2203,Daynile,SO22,Banadir,2017-10-16,,,,,0.0,0,0.303030303030303,0.4545454545454545,pixel_reliability=0 AND MODLAND_QA(bits0-1)=0 AND VI range -2000..10000,MOD13Q1 V061 Terra 250m 16-day
SO2203,Daynile,SO22,Banadir,2017-11-01,0.2549555555555556,0.2564,0.19774444444444444,0.19920000000000002,0.2727272727272727,9,0.30303030303030304,0.030303030303030304,pixel_reliability=0 AND MODLAND_QA(bits0-1)=0 AND VI range -2000..10000,MOD13Q1 V061 Terra 250m 16-day
SO2203,Daynile,SO22,Banadir,2017-11-17,0.2893800000000001,0.2655,0.2192,0.1996,0.15151515151515152,5,0.21212121212121213,0.030303030303030304,pixel_reliability=0 AND MODLAND_QA(bits0-1)=0 AND VI range -2000..10000,MOD13Q1 V061 Terra 250m 16-day
SO2203,Daynile,SO22,Banadir,2017-12-03,0.30160000000000003,0.30495,0.232875,0.23565,0.12121212121212122,4,0.3333333333333333,0.15151515151515152,pixel_reliability=0 AND MODLAND_QA(bits0-1)=0 AND VI range -2000..10000,MOD13Q1 V061 Terra 250m 16-day
SO2203,Daynile,SO22,Banadir,2017-12-19,0.22592500000000001,0.2257,0.16756666666666667,0.1713,0.36363636363636365,12,0.18181818181818182,0.0,pixel_reliability=0 AND MODLAND_QA(bits0-1)=0 AND VI range -2000..10000,MOD13Q1 V061 Terra 250m 16-day
SO2204,Dharkenley,SO22,Banadir,2017-01-01,0.26414,0.2539,0.19432,0.1814,0.3125,5,0.125,0.0,pixel_reliability=0 AND MODLAND_QA(bits0-1)=0 AND VI range -2000..10000,MOD13Q1 V061 Terra 250m 16-day
SO2204,Dharkenley,SO22,Banadir,2017-01-17,0.23392,0.2325,0.1774,0.1749,0.3125,5,0.1875,0.0,pixel_reliability=0 AND MODLAND_QA(bits0-1)=0 AND VI range -2000..10000,MOD13Q1 V061 Terra 250m 16-day
SO2204,Dharkenley,SO22,Banadir,2017-02-02,0.22305,0.22305,0.1644,0.1644,0.125,2,0.3125,0.0625,pixel_reliability=0 AND MODLAND_QA(bits0-1)=0 AND VI range -2000..10000,MOD13Q1 V061 Terra 250m 16-day
SO2204,Dharkenley,SO22,Banadir,2017-02-18,0.201325,0.20225,0.1461,0.1477,0.25,4,0.4375,0.0,pixel_reliability=0 AND MODLAND_QA(bits0-1)=0 AND VI range -2000..10000,MOD13Q1 V061 Terra 250m 16-day
SO2204,Dharkenley,SO22,Banadir,2017-03-06,0.20625,0.20625,0.15015,0.15015,0.125,2,0.3125,0.0,pixel_reliability=0 AND MODLAND_QA(bits0-1)=0 AND VI range -2000..10000,MOD13Q1 V061 Terra 250m 16-day
SO2204,Dharkenley,SO22,Banadir,2017-03-22,0.2035,0.2189,0.14626,0.1559,0.3125,5,0.25,0.0,pixel_reliability=0 AND MODLAND_QA(bits0-1)=0 AND VI range -2000..10000,MOD13Q1 V061 Terra 250m 16-day
SO2204,Dharkenley,SO22,Banadir,2017-04-07,0.1855,0.1855,0.13515,0.13515,0.125,2,0.25,0.0625,pixel_reliability=0 AND MODLAND_QA(bits0-1)=0 AND VI range -2000..10000,MOD13Q1 V061 Terra 250m 16-day
SO2204,Dharkenley,SO22,Banadir,2017-04-23,,,,,0.0,0,0.125,0.8125,pixel_reliability=0 AND MODLAND_QA(bits0-1)=0 AND VI range -2000..10000,MOD13Q1 V061 Terra 250m 16-day
SO2204,Dharkenley,SO22,Banadir,2017-05-09,,,,,0.0,0,0.4375,0.1875,pixel_reliability=0 AND MODLAND_QA(bits0-1)=0 AND VI range -2000..10000,MOD13Q1 V061 Terra 250m 16-day
SO2204,Dharkenley,SO22,Banadir,2017-05-25,,,,,0.0,0,0.0,0.6875,pixel_reliability=0 AND MODLAND_QA(bits0-1)=0 AND VI range -2000..10000,MOD13Q1 V061 Terra 250m 16-day
SO2204,Dharkenley,SO22,Banadir,2017-06-10,0.31955,0.31955,0.2433,0.2433,0.125,2,0.5,0.0,pixel_reliability=0 AND MODLAND_QA(bits0-1)=0 AND VI range -2000..10000,MOD13Q1 V061 Terra 250m 16-day
SO2204,Dharkenley,SO22,Banadir,2017-06-26,,,,,0.0,0,0.0625,0.8125,pixel_reliability=0 AND MODLAND_QA(bits0-1)=0 AND VI range -2000..10000,MOD13Q1 V061 Terra 250m 16-day
SO2204,Dharkenley,SO22,Banadir,2017-07-12,,,,,0.0,0,0.25,0.625,pixel_reliability=0 AND MODLAND_QA(bits0-1)=0 AND VI range -2000..10000,MOD13Q1 V061 Terra 250m 16-day
SO2204,Dharkenley,SO22,Banadir,2017-07-28,,,,,0.0,0,0.3125,0.5,pixel_reliability=0 AND MODLAND_QA(bits0-1)=0 AND VI range -2000..10000,MOD13Q1 V061 Terra 250m 16-day
SO2204,Dharkenley,SO22,Banadir,2017-08-13,,,,,0.0,0,0.1875,0.75,pixel_reliability=0 AND MODLAND_QA(bits0-1)=0 AND VI range -2000..10000,MOD13Q1 V061 Terra 250m 16-day
SO2204,Dharkenley,SO22,Banadir,2017-08-29,,,,,0.0,0,0.0625,0.75,pixel_reliability=0 AND MODLAND_QA(bits0-1)=0 AND VI range -2000..10000,MOD13Q1 V061 Terra 250m 16-day
SO2204,Dharkenley,SO22,Banadir,2017-09-14,,,,,0.0,0,0.1875,0.625,pixel_reliability=0 AND MODLAND_QA(bits0-1)=0 AND VI range -2000..10000,MOD13Q1 V061 Terra 250m 16-day
SO2204,Dharkenley,SO22,Banadir,2017-09-30,,,,,0.0,0,0.1875,0.5625,pixel_reliability=0 AND MODLAND_QA(bits0-1)=0 AND VI range -2000..10000,MOD13Q1 V061 Terra 250m 16-day
SO2204,Dharkenley,SO22,Banadir,2017-10-16,,,,,0.0,0,0.375,0.125,pixel_reliability=0 AND MODLAND_QA(bits0-1)=0 AND VI range -2000..10000,MOD13Q1 V061 Terra 250m 16-day
SO2204,Dharkenley,SO22,Banadir,2017-11-01,0.2572666666666667,0.2576,0.1945,0.195,0.1875,3,0.1875,0.1875,pixel_reliability=0 AND MODLAND_QA(bits0-1)=0 AND VI range -2000..10000,MOD13Q1 V061 Terra 250m 16-day
SO2204,Dharkenley,SO22,Banadir,2017-11-17,0.15760000000000002,0.15760000000000002,0.11470000000000001,0.11470000000000001,0.0625,1,0.4375,0.125,pixel_reliability=0 AND MODLAND_QA(bits0-1)=0 AND VI range -2000..10000,MOD13Q1 V061 Terra 250m 16-day
SO2204,Dharkenley,SO22,Banadir,2017-12-03,,,,,0.0,0,0.1875,0.5625,pixel_reliability=0 AND MODLAND_QA(bits0-1)=0 AND VI range -2000..10000,MOD13Q1 V061 Terra 250m 16-day
SO2204,Dharkenley,SO22,Banadir,2017-12-19,0.21695,0.21695,0.15685,0.15685,0.125,2,0.25,0.0,pixel_reliability=0 AND MODLAND_QA(bits0-1)=0 AND VI range -2000..10000,MOD13Q1 V061 Terra 250m 16-day
SO2205,Hamar Jabjab,SO22,Banadir,2017-01-01,,,,,0.0,0,0.0,1.0,pixel_reliability=0 AND MODLAND_QA(bits0-1)=0 AND VI range -2000..10000,MOD13Q1 V061 Terra 250m 16-day
SO2205,Hamar Jabjab,SO22,Banadir,2017-01-17,,,,,0.0,0,0.0,1.0,pixel_reliability=0 AND MODLAND_QA(bits0-1)=0 AND VI range -2000..10000,MOD13Q1 V061 Terra 250m 16-day
SO2205,Hamar Jabjab,SO22,Banadir,2017-02-02,,,,,0.0,0,0.0,0.0,pixel_reliability=0 AND MODLAND_QA(bits0-1)=0 AND VI range -2000..10000,MOD13Q1 V061 Terra 250m 16-day
SO2205,Hamar Jabjab,SO22,Banadir,2017-02-18,,,,,0.0,0,1.0,0.0,pixel_reliability=0 AND MODLAND_QA(bits0-1)=0 AND VI range -2000..10000,MOD13Q1 V061 Terra 250m 16-day
SO2205,Hamar Jabjab,SO22,Banadir,2017-03-06,,,,,0.0,0,0.0,0.0,pixel_reliability=0 AND MODLAND_QA(bits0-1)=0 AND VI range -2000..10000,MOD13Q1 V061 Terra 250m 16-day
SO2205,Hamar Jabjab,SO22,Banadir,2017-03-22,,,,,0.0,0,0.0,0.0,pixel_reliability=0 AND MODLAND_QA(bits0-1)=0 AND VI range -2000..10000,MOD13Q1 V061 Terra 250m 16-day
SO2205,Hamar Jabjab,SO22,Banadir,2017-04-07,,,,,0.0,0,1.0,0.0,pixel_reliability=0 AND MODLAND_QA(bits0-1)=0 AND VI range -2000..10000,MOD13Q1 V061 Terra 250m 16-day
SO2205,Hamar Jabjab,SO22,Banadir,2017-04-23,,,,,0.0,0,0.0,1.0,pixel_reliability=0 AND MODLAND_QA(bits0-1)=0 AND VI range -2000..10000,MOD13Q1 V061 Terra 250m 16-day
SO2205,Hamar Jabjab,SO22,Banadir,2017-05-09,,,,,0.0,0,0.0,1.0,pixel_reliability=0 AND MODLAND_QA(bits0-1)=0 AND VI range -2000..10000,MOD13Q1 V061 Terra 250m 16-day
SO2205,Hamar Jabjab,SO22,Banadir,2017-05-25,,,,,0.0,0,0.0,1.0,pixel_reliability=0 AND MODLAND_QA(bits0-1)=0 AND VI range -2000..10000,MOD13Q1 V061 Terra 250m 16-day
SO2205,Hamar Jabjab,SO22,Banadir,2017-06-10,,,,,0.0,0,1.0,0.0,pixel_reliability=0 AND MODLAND_QA(bits0-1)=0 AND VI range -2000..10000,MOD13Q1 V061 Terra 250m 16-day
SO2205,Hamar Jabjab,SO22,Banadir,2017-06-26,,,,,0.0,0,0.0,1.0,pixel_reliability=0 AND MODLAND_QA(bits0-1)=0 AND VI range -2000..10000,MOD13Q1 V061 Terra 250m 16-day
SO2205,Hamar Jabjab,SO22,Banadir,2017-07-12,,,,,0.0,0,0.0,0.0,pixel_reliability=0 AND MODLAND_QA(bits0-1)=0 AND VI range -2000..10000,MOD13Q1 V061 Terra 250m 16-day
SO2205,Hamar Jabjab,SO22,Banadir,2017-07-28,,,,,0.0,0,0.0,1.0,pixel_reliability=0 AND MODLAND_QA(bits0-1)=0 AND VI range -2000..10000,MOD13Q1 V061 Terra 250m 16-day
SO2205,Hamar Jabjab,SO22,Banadir,2017-08-13,,,,,0.0,0,0.0,1.0,pixel_reliability=0 AND MODLAND_QA(bits0-1)=0 AND VI range -2000..10000,MOD13Q1 V061 Terra 250m 16-day
SO2205,Hamar Jabjab,SO22,Banadir,2017-08-29,,,,,0.0,0,0.0,1.0,pixel_reliability=0 AND MODLAND_QA(bits0-1)=0 AND VI range -2000..10000,MOD13Q1 V061 Terra 250m 16-day
SO2205,Hamar Jabjab,SO22,Banadir,2017-09-14,,,,,0.0,0,0.0,0.0,pixel_reliability=0 AND MODLAND_QA(bits0-1)=0 AND VI range -2000..10000,MOD13Q1 V061 Terra 250m 16-day
SO2205,Hamar Jabjab,SO22,Banadir,2017-09-30,,,,,0.0,0,0.0,1.0,pixel_reliability=0 AND MODLAND_QA(bits0-1)=0 AND VI range -2000..10000,MOD13Q1 V061 Terra 250m 16-day
SO2205,Hamar Jabjab,SO22,Banadir,2017-10-16,,,,,0.0,0,0.0,1.0,pixel_reliability=0 AND MODLAND_QA(bits0-1)=0 AND VI range -2000..10000,MOD13Q1 V061 Terra 250m 16-day
SO2205,Hamar Jabjab,SO22,Banadir,2017-11-01,,,,,0.0,0,0.0,1.0,pixel_reliability=0 AND MODLAND_QA(bits0-1)=0 AND VI range -2000..10000,MOD13Q1 V061 Terra 250m 16-day
SO2205,Hamar Jabjab,SO22,Banadir,2017-11-17,,,,,0.0,0,0.0,1.0,pixel_reliability=0 AND MODLAND_QA(bits0-1)=0 AND VI range -2000..10000,MOD13Q1 V061 Terra 250m 16-day
SO2205,Hamar Jabjab,SO22,Banadir,2017-12-03,,,,,0.0,0,0.0,0.0,pixel_reliability=0 AND MODLAND_QA(bits0-1)=0 AND VI range -2000..10000,MOD13Q1 V061 Terra 250m 16-day
SO2205,Hamar Jabjab,SO22,Banadir,2017-12-19,,,,,0.0,0,1.0,0.0,pixel_reliability=0 AND MODLAND_QA(bits0-1)=0 AND VI range -2000..10000,MOD13Q1 V061 Terra 250m 16-day
SO2206,Hamar Weyne,SO22,Banadir,2017-01-01,0.1797,0.1797,0.1213,0.1213,0.25,1,0.25,0.0,pixel_reliability=0 AND MODLAND_QA(bits0-1)=0 AND VI range -2000..10000,MOD13Q1 V061 Terra 250m 16-day
SO2206,Hamar Weyne,SO22,Banadir,2017-01-17,,,,,0.0,0,1.0,0.0,pixel_reliability=0 AND MODLAND_QA(bits0-1)=0 AND VI range -2000..10000,MOD13Q1 V061 Terra 250m 16-day
SO2206,Hamar Weyne,SO22,Banadir,2017-02-02,,,,,0.0,0,0.0,0.5,pixel_reliability=0 AND MODLAND_QA(bits0-1)=0 AND VI range -2000..10000,MOD13Q1 V061 Terra 250m 16-day
SO2206,Hamar Weyne,SO22,Banadir,2017-02-18,0.1921,0.1921,0.1393,0.1393,0.25,1,0.5,0.0,pixel_reliability=0 AND MODLAND_QA(bits0-1)=0 AND VI range -2000..10000,MOD13Q1 V061 Terra 250m 16-day
SO2206,Hamar Weyne,SO22,Banadir,2017-03-06,0.1506,0.1506,0.0693,0.0693,0.25,1,0.25,0.0,pixel_reliability=0 AND MODLAND_QA(bits0-1)=0 AND VI range -2000..10000,MOD13Q1 V061 Terra 250m 16-day
SO2206,Hamar Weyne,SO22,Banadir,2017-03-22,,,,,0.0,0,0.5,0.0,pixel_reliability=0 AND MODLAND_QA(bits0-1)=0 AND VI range -2000..10000,MOD13Q1 V061 Terra 250m 16-day
SO2206,Hamar Weyne,SO22,Banadir,2017-04-07,,,,,0.0,0,0.0,0.5,pixel_reliability=0 AND MODLAND_QA(bits0-1)=0 AND VI range -2000..10000,MOD13Q1 V061 Terra 250m 16-day
SO2206,Hamar Weyne,SO22,Banadir,2017-04-23,,,,,0.0,0,0.0,1.0,pixel_reliability=0 AND MODLAND_QA(bits0-1)=0 AND VI range -2000..10000,MOD13Q1 V061 Terra 250m 16-day
SO2206,Hamar Weyne,SO22,Banadir,2017-05-09,,,,,0.0,0,0.75,0.0,pixel_reliability=0 AND MODLAND_QA(bits0-1)=0 AND VI range -2000..10000,MOD13Q1 V061 Terra 250m 16-day
SO2206,Hamar Weyne,SO22,Banadir,2017-05-25,,,,,0.0,0,0.0,1.0,pixel_reliability=0 AND MODLAND_QA(bits0-1)=0 AND VI range -2000..10000,MOD13Q1 V061 Terra 250m 16-day
SO2206,Hamar Weyne,SO22,Banadir,2017-06-10,,,,,0.0,0,0.5,0.25,pixel_reliability=0 AND MODLAND_QA(bits0-1)=0 AND VI range -2000..10000,MOD13Q1 V061 Terra 250m 16-day
SO2206,Hamar Weyne,SO22,Banadir,2017-06-26,,,,,0.0,0,0.0,1.0,pixel_reliability=0 AND MODLAND_QA(bits0-1)=0 AND VI range -2000..10000,MOD13Q1 V061 Terra 250m 16-day
SO2206,Hamar Weyne,SO22,Banadir,2017-07-12,,,,,0.0,0,0.5,0.0,pixel_reliability=0 AND MODLAND_QA(bits0-1)=0 AND VI range -2000..10000,MOD13Q1 V061 Terra 250m 16-day
SO2206,Hamar Weyne,SO22,Banadir,2017-07-28,,,,,0.0,0,0.0,1.0,pixel_reliability=0 AND MODLAND_QA(bits0-1)=0 AND VI range -2000..10000,MOD13Q1 V061 Terra 250m 16-day
SO2206,Hamar Weyne,SO22,Banadir,2017-08-13,,,,,0.0,0,0.0,0.5,pixel_reliability=0 AND MODLAND_QA(bits0-1)=0 AND VI range -2000..10000,MOD13Q1 V061 Terra 250m 16-day
SO2206,Hamar Weyne,SO22,Banadir,2017-08-29,,,,,0.0,0,0.0,1.0,pixel_reliability=0 AND MODLAND_QA(bits0-1)=0 AND VI range -2000..10000,MOD13Q1 V061 Terra 250m 16-day
SO2206,Hamar Weyne,SO22,Banadir,2017-09-14,,,,,0.0,0,0.25,0.25,pixel_reliability=0 AND MODLAND_QA(bits0-1)=0 AND VI range -2000..10000,MOD13Q1 V061 Terra 250m 16-day
SO2206,Hamar Weyne,SO22,Banadir,2017-09-30,,,,,0.0,0,0.0,0.75,pixel_reliability=0 AND MODLAND_QA(bits0-1)=0 AND VI range -2000..10000,MOD13Q1 V061 Terra 250m 16-day
SO2206,Hamar Weyne,SO22,Banadir,2017-10-16,,,,,0.0,0,0.25,0.25,pixel_reliability=0 AND MODLAND_QA(bits0-1)=0 AND VI range -2000..10000,MOD13Q1 V061 Terra 250m 16-day
SO2206,Hamar Weyne,SO22,Banadir,2017-11-01,,,,,0.0,0,0.0,0.75,pixel_reliability=0 AND MODLAND_QA(bits0-1)=0 AND VI range -2000..10000,MOD13Q1 V061 Terra 250m 16-day
SO2206,Hamar Weyne,SO22,Banadir,2017-11-17,,,,,0.0,0,0.25,0.5,pixel_reliability=0 AND MODLAND_QA(bits0-1)=0 AND VI range -2000..10000,MOD13Q1 V061 Terra 250m 16-day
SO2206,Hamar Weyne,SO22,Banadir,2017-12-03,,,,,0.0,0,0.25,0.0,pixel_reliability=0 AND MODLAND_QA(bits0-1)=0 AND VI range -2000..10000,MOD13Q1 V061 Terra 250m 16-day
SO2206,Hamar Weyne,SO22,Banadir,2017-12-19,,,,,0.0,0,0.75,0.0,pixel_reliability=0 AND MODLAND_QA(bits0-1)=0 AND VI range -2000..10000,MOD13Q1 V061 Terra 250m 16-day
SO2207,Hawl Wadaag,SO22,Banadir,2017-01-01,0.1772666666666666,0.1704,0.1224666666666666,0.1185,0.2307692307692307,3,0.3846153846153846,0.0,pixel_reliability=0 AND MODLAND_QA(bits0-1)=0 AND VI range -2000..10000,MOD13Q1 V061 Terra 250m 16-day
SO2207,Hawl Wadaag,SO22,Banadir,2017-01-17,,,,,0.0,0,0.6923076923076923,0.0,pixel_reliability=0 AND MODLAND_QA(bits0-1)=0 AND VI range -2000..10000,MOD13Q1 V061 Terra 250m 16-day
SO2207,Hawl Wadaag,SO22,Banadir,2017-02-02,,,,,0.0,0,0.5384615384615384,0.2307692307692307,pixel_reliability=0 AND MODLAND_QA(bits0-1)=0 AND VI range -2000..10000,MOD13Q1 V061 Terra 250m 16-day
SO2207,Hawl Wadaag,SO22,Banadir,2017-02-18,0.17225,0.17225,0.129,0.129,0.1538461538461538,2,0.6153846153846154,0.0,pixel_reliability=0 AND MODLAND_QA(bits0-1)=0 AND VI range -2000..10000,MOD13Q1 V061 Terra 250m 16-day
SO2207,Hawl Wadaag,SO22,Banadir,2017-03-06,0.1616,0.1616,0.1028,0.1028,0.0769230769230769,1,0.6153846153846154,0.0,pixel_reliability=0 AND MODLAND_QA(bits0-1)=0 AND VI range -2000..10000,MOD13Q1 V061 Terra 250m 16-day
SO2207,Hawl Wadaag,SO22,Banadir,2017-03-22,,,,,0.0,0,1.0,0.0,pixel_reliability=0 AND MODLAND_QA(bits0-1)=0 AND VI range -2000..10000,MOD13Q1 V061 Terra 250m 16-day
SO2207,Hawl Wadaag,SO22,Banadir,2017-04-07,,,,,0.0,0,0.4615384615384615,0.0769230769230769,pixel_reliability=0 AND MODLAND_QA(bits0-1)=0 AND VI range -2000..10000,MOD13Q1 V061 Terra 250m 16-day
SO2207,Hawl Wadaag,SO22,Banadir,2017-04-23,,,,,0.0,0,0.0769230769230769,0.5384615384615384,pixel_reliability=0 AND MODLAND_QA(bits0-1)=0 AND VI range -2000..10000,MOD13Q1 V061 Terra 250m 16-day
SO2207,Hawl Wadaag,SO22,Banadir,2017-05-09,0.2336,0.2336,0.1789,0.1789,0.0769230769230769,1,0.7692307692307693,0.0769230769230769,pixel_reliability=0 AND MODLAND_QA(bits0-1)=0 AND VI range -2000..10000,MOD13Q1 V061 Terra 250m 16-day
SO2207,Hawl Wadaag,SO22,Banadir,2017-05-25,,,,,0.0,0,0.1538461538461538,0.4615384615384615,pixel_reliability=0 AND MODLAND_QA(bits0-1)=0 AND VI range -2000..10000,MOD13Q1 V061 Terra 250m 16-day
SO2207,Hawl Wadaag,SO22,Banadir,2017-06-10,,,,,0.0,0,0.3076923076923077,0.1538461538461538,pixel_reliability=0 AND MODLAND_QA(bits0-1)=0 AND VI range -2000..10000,MOD13Q1 V061 Terra 250m 16-day
SO2207,Hawl Wadaag,SO22,Banadir,2017-06-26,,,,,0.0,0,0.0,1.0,pixel_reliability=0 AND MODLAND_QA(bits0-1)=0 AND VI range -2000..10000,MOD13Q1 V061 Terra 250m 16-day
SO2207,Hawl Wadaag,SO22,Banadir,2017-07-12,0.1921,0.1921,0.1238,0.1238,0.0769230769230769,1,0.3846153846153846,0.2307692307692307,pixel_reliability=0 AND MODLAND_QA(bits0-1)=0 AND VI range -2000..10000,MOD13Q1 V061 Terra 250m 16-day
SO2207,Hawl Wadaag,SO22,Banadir,2017-07-28,,,,,0.0,0,0.0,1.0,pixel_reliability=0 AND MODLAND_QA(bits0-1)=0 AND VI range -2000..10000,MOD13Q1 V061 Terra 250m 16-day
SO2207,Hawl Wadaag,SO22,Banadir,2017-08-13,,,,,0.0,0,0.2307692307692307,0.3076923076923077,pixel_reliability=0 AND MODLAND_QA(bits0-1)=0 AND VI range -2000..10000,MOD13Q1 V061 Terra 250m 16-day
SO2207,Hawl Wadaag,SO22,Banadir,2017-08-29,,,,,0.0,0,0.0769230769230769,0.7692307692307693,pixel_reliability=0 AND MODLAND_QA(bits0-1)=0 AND VI range -2000..10000,MOD13Q1 V061 Terra 250m 16-day
SO2207,Hawl Wadaag,SO22,Banadir,2017-09-14,,,,,0.0,0,0.1538461538461538,0.3076923076923077,pixel_reliability=0 AND MODLAND_QA(bits0-1)=0 AND VI range -2000..10000,MOD13Q1 V061 Terra 250m 16-day
SO2207,Hawl Wadaag,SO22,Banadir,2017-09-30,,,,,0.0,0,0.0,0.6923076923076923,pixel_reliability=0 AND MODLAND_QA(bits0-1)=0 AND VI range -2000..10000,MOD13Q1 V061 Terra 250m 16-day
SO2207,Hawl Wadaag,SO22,Banadir,2017-10-16,,,,,0.0,0,0.4615384615384615,0.0769230769230769,pixel_reliability=0 AND MODLAND_QA(bits0-1)=0 AND VI range -2000..10000,MOD13Q1 V061 Terra 250m 16-day
SO2207,Hawl Wadaag,SO22,Banadir,2017-11-01,0.275,0.275,0.20850000000000002,0.20850000000000002,0.07692307692307693,1,0.5384615384615384,0.15384615384615385,pixel_reliability=0 AND MODLAND_QA(bits0-1)=0 AND VI range -2000..10000,MOD13Q1 V061 Terra 250m 16-day
SO2207,Hawl Wadaag,SO22,Banadir,2017-11-17,,,,,0.0,0,0.3076923076923077,0.15384615384615385,pixel_reliability=0 AND MODLAND_QA(bits0-1)=0 AND VI range -2000..10000,MOD13Q1 V061 Terra 250m 16-day
SO2207,Hawl Wadaag,SO22,Banadir,2017-12-03,,,,,0.0,0,0.38461538461538464,0.3076923076923077,pixel_reliability=0 AND MODLAND_QA(bits0-1)=0 AND VI range -2000..10000,MOD13Q1 V061 Terra 250m 16-day
SO2207,Hawl Wadaag,SO22,Banadir,2017-12-19,0.1638,0.1638,0.113,0.113,0.07692307692307693,1,0.7692307692307693,0.0,pixel_reliability=0 AND MODLAND_QA(bits0-1)=0 AND VI range -2000..10000,MOD13Q1 V061 Terra 250m 16-day
SO2208,Heliwa,SO22,Banadir,2017-01-01,0.232,0.232,0.18,0.18,0.0909090909090909,1,0.0,0.0,pixel_reliability=0 AND MODLAND_QA(bits0-1)=0 AND VI range -2000..10000,MOD13Q1 V061 Terra 250m 16-day
SO2208,Heliwa,SO22,Banadir,2017-01-17,0.2427333333333333,0.2389,0.1824,0.1816,0.2727272727272727,3,0.0,0.0,pixel_reliability=0 AND MODLAND_QA(bits0-1)=0 AND VI range -2000..10000,MOD13Q1 V061 Terra 250m 16-day
SO2208,Heliwa,SO22,Banadir,2017-02-02,0.2468,0.2468,0.1958,0.1958,0.0909090909090909,1,0.1818181818181818,0.0,pixel_reliability=0 AND MODLAND_QA(bits0-1)=0 AND VI range -2000..10000,MOD13Q1 V061 Terra 250m 16-day
SO2208,Heliwa,SO22,Banadir,2017-02-18,0.23,0.2337,0.1774666666666667,0.1805,0.2727272727272727,3,0.2727272727272727,0.0,pixel_reliability=0 AND MODLAND_QA(bits0-1)=0 AND VI range -2000..10000,MOD13Q1 V061 Terra 250m 16-day
SO2208,Heliwa,SO22,Banadir,2017-03-06,0.2365,0.2365,0.1763,0.1763,0.0909090909090909,1,0.0,0.0,pixel_reliability=0 AND MODLAND_QA(bits0-1)=0 AND VI range -2000..10000,MOD13Q1 V061 Terra 250m 16-day
SO2208,Heliwa,SO22,Banadir,2017-03-22,0.2247333333333333,0.2245,0.1692,0.1668,0.2727272727272727,3,0.0909090909090909,0.0,pixel_reliability=0 AND MODLAND_QA(bits0-1)=0 AND VI range -2000..10000,MOD13Q1 V061 Terra 250m 16-day
SO2208,Heliwa,SO22,Banadir,2017-04-07,0.2294,0.2294,0.1742,0.1742,0.0909090909090909,1,0.0,0.0,pixel_reliability=0 AND MODLAND_QA(bits0-1)=0 AND VI range -2000..10000,MOD13Q1 V061 Terra 250m 16-day
SO2208,Heliwa,SO22,Banadir,2017-04-23,0.26955,0.26955,0.21,0.21,0.1818181818181818,2,0.0,0.0,pixel_reliability=0 AND MODLAND_QA(bits0-1)=0 AND VI range -2000..10000,MOD13Q1 V061 Terra 250m 16-day
SO2208,Heliwa,SO22,Banadir,2017-05-09,,,,,0.0,0,0.8181818181818182,0.0,pixel_reliability=0 AND MODLAND_QA(bits0-1)=0 AND VI range -2000..10000,MOD13Q1 V061 Terra 250m 16-day
SO2208,Heliwa,SO22,Banadir,2017-05-25,0.2818,0.2818,0.2216,0.2216,0.0909090909090909,1,0.7272727272727273,0.0909090909090909,pixel_reliability=0 AND MODLAND_QA(bits0-1)=0 AND VI range -2000..10000,MOD13Q1 V061 Terra 250m 16-day
SO2208,Heliwa,SO22,Banadir,2017-06-10,0.3396,0.3396,0.25555,0.25555,0.1818181818181818,2,0.4545454545454545,0.0,pixel_reliability=0 AND MODLAND_QA(bits0-1)=0 AND VI range -2000..10000,MOD13Q1 V061 Terra 250m 16-day
SO2208,Heliwa,SO22,Banadir,2017-06-26,,,,,0.0,0,0.5454545454545454,0.0909090909090909,pixel_reliability=0 AND MODLAND_QA(bits0-1)=0 AND VI range -2000..10000,MOD13Q1 V061 Terra 250m 16-day
SO2208,Heliwa,SO22,Banadir,2017-07-12,,,,,0.0,0,0.2727272727272727,0.2727272727272727,pixel_reliability=0 AND MODLAND_QA(bits0-1)=0 AND VI range -2000..10000,MOD13Q1 V061 Terra 250m 16-day
SO2208,Heliwa,SO22,Banadir,2017-07-28,,,,,0.0,0,0.0909090909090909,0.6363636363636364,pixel_reliability=0 AND MODLAND_QA(bits0-1)=0 AND VI range -2000..10000,MOD13Q1 V061 Terra 250m 16-day
SO2208,Heliwa,SO22,Banadir,2017-08-13,0.3168,0.3168,0.2521,0.2521,0.0909090909090909,1,0.5454545454545454,0.0909090909090909,pixel_reliability=0 AND MODLAND_QA(bits0-1)=0 AND VI range -2000..10000,MOD13Q1 V061 Terra 250m 16-day
SO2208,Heliwa,SO22,Banadir,2017-08-29,,,,,0.0,0,0.5454545454545454,0.0909090909090909,pixel_reliability=0 AND MODLAND_QA(bits0-1)=0 AND VI range -2000..10000,MOD13Q1 V061 Terra 250m 16-day
SO2208,Heliwa,SO22,Banadir,2017-09-14,,,,,0.0,0,0.4545454545454545,0.3636363636363636,pixel_reliability=0 AND MODLAND_QA(bits0-1)=0 AND VI range -2000..10000,MOD13Q1 V061 Terra 250m 16-day
SO2208,Heliwa,SO22,Banadir,2017-09-30,,,,,0.0,0,0.2727272727272727,0.4545454545454545,pixel_reliability=0 AND MODLAND_QA(bits0-1)=0 AND VI range -2000..10000,MOD13Q1 V061 Terra 250m 16-day
SO2208,Heliwa,SO22,Banadir,2017-10-16,0.2356,0.2356,0.1776,0.1776,0.0909090909090909,1,0.0909090909090909,0.0909090909090909,pixel_reliability=0 AND MODLAND_QA(bits0-1)=0 AND VI range -2000..10000,MOD13Q1 V061 Terra 250m 16-day
SO2208,Heliwa,SO22,Banadir,2017-11-01,0.28745,0.28745,0.22665000000000002,0.22665000000000002,0.18181818181818182,2,0.36363636363636365,0.0,pixel_reliability=0 AND MODLAND_QA(bits0-1)=0 AND VI range -2000..10000,MOD13Q1 V061 Terra 250m 16-day
SO2208,Heliwa,SO22,Banadir,2017-11-17,0.28535,0.28535,0.20850000000000002,0.20850000000000002,0.18181818181818182,2,0.36363636363636365,0.0,pixel_reliability=0 AND MODLAND_QA(bits0-1)=0 AND VI range -2000..10000,MOD13Q1 V061 Terra 250m 16-day
SO2208,Heliwa,SO22,Banadir,2017-12-03,0.2686,0.2686,0.2079,0.2079,0.09090909090909091,1,0.5454545454545454,0.0,pixel_reliability=0 AND MODLAND_QA(bits0-1)=0 AND VI range -2000..10000,MOD13Q1 V061 Terra 250m 16-day
SO2208,Heliwa,SO22,Banadir,2017-12-19,0.23995,0.23995,0.20035000000000003,0.20035000000000003,0.18181818181818182,2,0.09090909090909091,0.0,pixel_reliability=0 AND MODLAND_QA(bits0-1)=0 AND VI range -2000..10000,MOD13Q1 V061 Terra 250m 16-day
SO2209,Hodan,SO22,Banadir,2017-01-01,0.2029666666666666,0.2192,0.1412333333333333,0.1443,0.3,3,0.4,0.0,pixel_reliability=0 AND MODLAND_QA(bits0-1)=0 AND VI range -2000..10000,MOD13Q1 V061 Terra 250m 16-day
SO2209,Hodan,SO22,Banadir,2017-01-17,,,,,0.0,0,0.7,0.0,pixel_reliability=0 AND MODLAND_QA(bits0-1)=0 AND VI range -2000..10000,MOD13Q1 V061 Terra 250m 16-day
SO2209,Hodan,SO22,Banadir,2017-02-02,,,,,0.0,0,0.8,0.0,pixel_reliability=0 AND MODLAND_QA(bits0-1)=0 AND VI range -2000..10000,MOD13Q1 V061 Terra 250m 16-day
SO2209,Hodan,SO22,Banadir,2017-02-18,,,,,0.0,0,0.9,0.0,pixel_reliability=0 AND MODLAND_QA(bits0-1)=0 AND VI range -2000..10000,MOD13Q1 V061 Terra 250m 16-day
SO2209,Hodan,SO22,Banadir,2017-03-06,0.201,0.201,0.1263,0.1263,0.1,1,0.5,0.0,pixel_reliability=0 AND MODLAND_QA(bits0-1)=0 AND VI range -2000..10000,MOD13Q1 V061 Terra 250m 16-day
SO2209,Hodan,SO22,Banadir,2017-03-22,0.1774,0.1774,0.1275,0.1275,0.1,1,0.8,0.0,pixel_reliability=0 AND MODLAND_QA(bits0-1)=0 AND VI range -2000..10000,MOD13Q1 V061 Terra 250m 16-day
SO2209,Hodan,SO22,Banadir,2017-04-07,,,,,0.0,0,0.4,0.0,pixel_reliability=0 AND MODLAND_QA(bits0-1)=0 AND VI range -2000..10000,MOD13Q1 V061 Terra 250m 16-day
SO2209,Hodan,SO22,Banadir,2017-04-23,,,,,0.0,0,0.0,0.8,pixel_reliability=0 AND MODLAND_QA(bits0-1)=0 AND VI range -2000..10000,MOD13Q1 V061 Terra 250m 16-day
SO2209,Hodan,SO22,Banadir,2017-05-09,,,,,0.0,0,0.6,0.1,pixel_reliability=0 AND MODLAND_QA(bits0-1)=0 AND VI range -2000..10000,MOD13Q1 V061 Terra 250m 16-day
SO2209,Hodan,SO22,Banadir,2017-05-25,,,,,0.0,0,0.2,0.3,pixel_reliability=0 AND MODLAND_QA(bits0-1)=0 AND VI range -2000..10000,MOD13Q1 V061 Terra 250m 16-day
SO2209,Hodan,SO22,Banadir,2017-06-10,,,,,0.0,0,0.1,0.2,pixel_reliability=0 AND MODLAND_QA(bits0-1)=0 AND VI range -2000..10000,MOD13Q1 V061 Terra 250m 16-day
SO2209,Hodan,SO22,Banadir,2017-06-26,,,,,0.0,0,0.0,1.0,pixel_reliability=0 AND MODLAND_QA(bits0-1)=0 AND VI range -2000..10000,MOD13Q1 V061 Terra 250m 16-day
SO2209,Hodan,SO22,Banadir,2017-07-12,,,,,0.0,0,0.2,0.4,pixel_reliability=0 AND MODLAND_QA(bits0-1)=0 AND VI range -2000..10000,MOD13Q1 V061 Terra 250m 16-day
SO2209,Hodan,SO22,Banadir,2017-07-28,,,,,0.0,0,0.0,1.0,pixel_reliability=0 AND MODLAND_QA(bits0-1)=0 AND VI range -2000..10000,MOD13Q1 V061 Terra 250m 16-day
SO2209,Hodan,SO22,Banadir,2017-08-13,,,,,0.0,0,0.4,0.2,pixel_reliability=0 AND MODLAND_QA(bits0-1)=0 AND VI range -2000..10000,MOD13Q1 V061 Terra 250m 16-day
SO2209,Hodan,SO22,Banadir,2017-08-29,,,,,0.0,0,0.2,0.6,pixel_reliability=0 AND MODLAND_QA(bits0-1)=0 AND VI range -2000..10000,MOD13Q1 V061 Terra 250m 16-day
SO2209,Hodan,SO22,Banadir,2017-09-14,,,,,0.0,0,0.3,0.2,pixel_reliability=0 AND MODLAND_QA(bits0-1)=0 AND VI range -2000..10000,MOD13Q1 V061 Terra 250m 16-day
SO2209,Hodan,SO22,Banadir,2017-09-30,,,,,0.0,0,0.0,0.9,pixel_reliability=0 AND MODLAND_QA(bits0-1)=0 AND VI range -2000..10000,MOD13Q1 V061 Terra 250m 16-day
SO2209,Hodan,SO22,Banadir,2017-10-16,,,,,0.0,0,0.7,0.1,pixel_reliability=0 AND MODLAND_QA(bits0-1)=0 AND VI range -2000..10000,MOD13Q1 V061 Terra 250m 16-day
SO2209,Hodan,SO22,Banadir,2017-11-01,0.24980000000000002,0.24980000000000002,0.18245,0.18245,0.2,2,0.5,0.0,pixel_reliability=0 AND MODLAND_QA(bits0-1)=0 AND VI range -2000..10000,MOD13Q1 V061 Terra 250m 16-day
SO2209,Hodan,SO22,Banadir,2017-11-17,,,,,0.0,0,0.1,0.2,pixel_reliability=0 AND MODLAND_QA(bits0-1)=0 AND VI range -2000..10000,MOD13Q1 V061 Terra 250m 16-day
SO2209,Hodan,SO22,Banadir,2017-12-03,,,,,0.0,0,0.4,0.2,pixel_reliability=0 AND MODLAND_QA(bits0-1)=0 AND VI range -2000..10000,MOD13Q1 V061 Terra 250m 16-day
SO2209,Hodan,SO22,Banadir,2017-12-19,0.1638,0.1638,0.113,0.113,0.1,1,0.6,0.0,pixel_reliability=0 AND MODLAND_QA(bits0-1)=0 AND VI range -2000..10000,MOD13Q1 V061 Terra 250m 16-day
SO2210,Kahda,SO22,Banadir,2017-01-01,0.2336545454545454,0.237,0.1664878787878787,0.1681,0.9166666666666666,33,0.0,0.0,pixel_reliability=0 AND MODLAND_QA(bits0-1)=0 AND VI range -2000..10000,MOD13Q1 V061 Terra 250m 16-day
SO2210,Kahda,SO22,Banadir,2017-01-17,0.2116793103448276,0.2154,0.1580344827586207,0.163,0.8055555555555556,29,0.0277777777777777,0.0,pixel_reliability=0 AND MODLAND_QA(bits0-1)=0 AND VI range -2000..10000,MOD13Q1 V061 Terra 250m 16-day
SO2210,Kahda,SO22,Banadir,2017-02-02,0.2002625,0.2,0.143925,0.1464,0.4444444444444444,16,0.1111111111111111,0.0,pixel_reliability=0 AND MODLAND_QA(bits0-1)=0 AND VI range -2000..10000,MOD13Q1 V061 Terra 250m 16-day
SO2210,Kahda,SO22,Banadir,2017-02-18,0.1932148148148148,0.1951,0.1400814814814814,0.1421,0.75,27,0.0277777777777777,0.0,pixel_reliability=0 AND MODLAND_QA(bits0-1)=0 AND VI range -2000..10000,MOD13Q1 V061 Terra 250m 16-day
SO2210,Kahda,SO22,Banadir,2017-03-06,0.1819599999999999,0.18175,0.14042,0.1398,0.2777777777777778,10,0.2222222222222222,0.0,pixel_reliability=0 AND MODLAND_QA(bits0-1)=0 AND VI range -2000..10000,MOD13Q1 V061 Terra 250m 16-day
SO2210,Kahda,SO22,Banadir,2017-03-22,0.1963363636363636,0.19725,0.1413681818181818,0.1414,0.6111111111111112,22,0.1111111111111111,0.0,pixel_reliability=0 AND MODLAND_QA(bits0-1)=0 AND VI range -2000..10000,MOD13Q1 V061 Terra 250m 16-day
SO2210,Kahda,SO22,Banadir,2017-04-07,0.2005444444444444,0.2036,0.1483222222222222,0.1487,0.25,9,0.1944444444444444,0.1111111111111111,pixel_reliability=0 AND MODLAND_QA(bits0-1)=0 AND VI range -2000..10000,MOD13Q1 V061 Terra 250m 16-day
SO2210,Kahda,SO22,Banadir,2017-04-23,,,,,0.0,0,0.0,0.9444444444444444,pixel_reliability=0 AND MODLAND_QA(bits0-1)=0 AND VI range -2000..10000,MOD13Q1 V061 Terra 250m 16-day
SO2210,Kahda,SO22,Banadir,2017-05-09,0.29968,0.3045,0.23024,0.2351,0.1388888888888889,5,0.4166666666666667,0.0277777777777777,pixel_reliability=0 AND MODLAND_QA(bits0-1)=0 AND VI range -2000..10000,MOD13Q1 V061 Terra 250m 16-day
SO2210,Kahda,SO22,Banadir,2017-05-25,,,,,0.0,0,0.0555555555555555,0.8888888888888888,pixel_reliability=0 AND MODLAND_QA(bits0-1)=0 AND VI range -2000..10000,MOD13Q1 V061 Terra 250m 16-day
SO2210,Kahda,SO22,Banadir,2017-06-10,0.2685,0.2685,0.203,0.203,0.0277777777777777,1,0.2777777777777778,0.1388888888888889,pixel_reliability=0 AND MODLAND_QA(bits0-1)=0 AND VI range -2000..10000,MOD13Q1 V061 Terra 250m 16-day
SO2210,Kahda,SO22,Banadir,2017-06-26,,,,,0.0,0,0.0,1.0,pixel_reliability=0 AND MODLAND_QA(bits0-1)=0 AND VI range -2000..10000,MOD13Q1 V061 Terra 250m 16-day
SO2210,Kahda,SO22,Banadir,2017-07-12,,,,,0.0,0,0.0,1.0,pixel_reliability=0 AND MODLAND_QA(bits0-1)=0 AND VI range -2000..10000,MOD13Q1 V061 Terra 250m 16-day
SO2210,Kahda,SO22,Banadir,2017-07-28,,,,,0.0,0,0.0,0.8888888888888888,pixel_reliability=0 AND MODLAND_QA(bits0-1)=0 AND VI range -2000..10000,MOD13Q1 V061 Terra 250m 16-day
SO2210,Kahda,SO22,Banadir,2017-08-13,,,,,0.0,0,0.0,1.0,pixel_reliability=0 AND MODLAND_QA(bits0-1)=0 AND VI range -2000..10000,MOD13Q1 V061 Terra 250m 16-day
SO2210,Kahda,SO22,Banadir,2017-08-29,,,,,0.0,0,0.0,1.0,pixel_reliability=0 AND MODLAND_QA(bits0-1)=0 AND VI range -2000..10000,MOD13Q1 V061 Terra 250m 16-day
SO2210,Kahda,SO22,Banadir,2017-09-14,,,,,0.0,0,0.0833333333333333,0.75,pixel_reliability=0 AND MODLAND_QA(bits0-1)=0 AND VI range -2000..10000,MOD13Q1 V061 Terra 250m 16-day
SO2210,Kahda,SO22,Banadir,2017-09-30,,,,,0.0,0,0.0,1.0,pixel_reliability=0 AND MODLAND_QA(bits0-1)=0 AND VI range -2000..10000,MOD13Q1 V061 Terra 250m 16-day
SO2210,Kahda,SO22,Banadir,2017-10-16,,,,,0.0,0,0.0555555555555555,0.5833333333333334,pixel_reliability=0 AND MODLAND_QA(bits0-1)=0 AND VI range -2000..10000,MOD13Q1 V061 Terra 250m 16-day
SO2210,Kahda,SO22,Banadir,2017-11-01,0.22801666666666667,0.2333,0.17093333333333335,0.1708,0.16666666666666666,6,0.3055555555555556,0.027777777777777776,pixel_reliability=0 AND MODLAND_QA(bits0-1)=0 AND VI range -2000..10000,MOD13Q1 V061 Terra 250m 16-day
SO2210,Kahda,SO22,Banadir,2017-11-17,0.24063333333333334,0.23805,0.17705,0.17645,0.16666666666666666,6,0.3333333333333333,0.08333333333333333,pixel_reliability=0 AND MODLAND_QA(bits0-1)=0 AND VI range -2000..10000,MOD13Q1 V061 Terra 250m 16-day
SO2210,Kahda,SO22,Banadir,2017-12-03,0.21897500000000003,0.21655000000000002,0.16232500000000002,0.1597,0.1111111111111111,4,0.3611111111111111,0.2777777777777778,pixel_reliability=0 AND MODLAND_QA(bits0-1)=0 AND VI range -2000..10000,MOD13Q1 V061 Terra 250m 16-day
SO2210,Kahda,SO22,Banadir,2017-12-19,0.20479545454545453,0.20515,0.1495181818181818,0.14955000000000002,0.6111111111111112,22,0.05555555555555555,0.0,pixel_reliability=0 AND MODLAND_QA(bits0-1)=0 AND VI range -2000..10000,MOD13Q1 V061 Terra 250m 16-day
SO2211,Karaan,SO22,Banadir,2017-01-01,0.2538142857142857,0.2555,0.2013857142857142,0.2048,0.25,7,0.1785714285714285,0.0357142857142857,pixel_reliability=0 AND MODLAND_QA(bits0-1)=0 AND VI range -2000..10000,MOD13Q1 V061 Terra 250m 16-day
SO2211,Karaan,SO22,Banadir,2017-01-17,0.25645,0.2457,0.19545,0.18735,0.1428571428571428,4,0.3928571428571428,0.0357142857142857,pixel_reliability=0 AND MODLAND_QA(bits0-1)=0 AND VI range -2000..10000,MOD13Q1 V061 Terra 250m 16-day
SO2211,Karaan,SO22,Banadir,2017-02-02,,,,,0.0,0,0.4642857142857143,0.1071428571428571,pixel_reliability=0 AND MODLAND_QA(bits0-1)=0 AND VI range -2000..10000,MOD13Q1 V061 Terra 250m 16-day
SO2211,Karaan,SO22,Banadir,2017-02-18,,,,,0.0,0,0.5357142857142857,0.3214285714285714,pixel_reliability=0 AND MODLAND_QA(bits0-1)=0 AND VI range -2000..10000,MOD13Q1 V061 Terra 250m 16-day
SO2211,Karaan,SO22,Banadir,2017-03-06,0.2007,0.2007,0.1733,0.1733,0.0714285714285714,2,0.5714285714285714,0.1071428571428571,pixel_reliability=0 AND MODLAND_QA(bits0-1)=0 AND VI range -2000..10000,MOD13Q1 V061 Terra 250m 16-day
SO2211,Karaan,SO22,Banadir,2017-03-22,0.2125666666666666,0.2187,0.1721666666666666,0.1648,0.1071428571428571,3,0.4642857142857143,0.0714285714285714,pixel_reliability=0 AND MODLAND_QA(bits0-1)=0 AND VI range -2000..10000,MOD13Q1 V061 Terra 250m 16-day
SO2211,Karaan,SO22,Banadir,2017-04-07,0.2125,0.2125,0.1804,0.1804,0.0714285714285714,2,0.3214285714285714,0.25,pixel_reliability=0 AND MODLAND_QA(bits0-1)=0 AND VI range -2000..10000,MOD13Q1 V061 Terra 250m 16-day
SO2211,Karaan,SO22,Banadir,2017-04-23,0.2442666666666667,0.2308,0.1867,0.1775,0.1071428571428571,3,0.3571428571428571,0.1785714285714285,pixel_reliability=0 AND MODLAND_QA(bits0-1)=0 AND VI range -2000..10000,MOD13Q1 V061 Terra 250m 16-day
SO2211,Karaan,SO22,Banadir,2017-05-09,,,,,0.0,0,0.3928571428571428,0.2142857142857142,pixel_reliability=0 AND MODLAND_QA(bits0-1)=0 AND VI range -2000..10000,MOD13Q1 V061 Terra 250m 16-day
SO2211,Karaan,SO22,Banadir,2017-05-25,,,,,0.0,0,0.4285714285714285,0.3928571428571428,pixel_reliability=0 AND MODLAND_QA(bits0-1)=0 AND VI range -2000..10000,MOD13Q1 V061 Terra 250m 16-day
SO2211,Karaan,SO22,Banadir,2017-06-10,,,,,0.0,0,0.5714285714285714,0.1785714285714285,pixel_reliability=0 AND MODLAND_QA(bits0-1)=0 AND VI range -2000..10000,MOD13Q1 V061 Terra 250m 16-day
SO2211,Karaan,SO22,Banadir,2017-06-26,0.3515,0.3515,0.2736,0.2736,0.0357142857142857,1,0.1071428571428571,0.4642857142857143,pixel_reliability=0 AND MODLAND_QA(bits0-1)=0 AND VI range -2000..10000,MOD13Q1 V061 Terra 250m 16-day
SO2211,Karaan,SO22,Banadir,2017-07-12,0.3117,0.3117,0.2511,0.2511,0.0357142857142857,1,0.2857142857142857,0.4642857142857143,pixel_reliability=0 AND MODLAND_QA(bits0-1)=0 AND VI range -2000..10000,MOD13Q1 V061 Terra 250m 16-day
SO2211,Karaan,SO22,Banadir,2017-07-28,,,,,0.0,0,0.1071428571428571,0.5,pixel_reliability=0 AND MODLAND_QA(bits0-1)=0 AND VI range -2000..10000,MOD13Q1 V061 Terra 250m 16-day
SO2211,Karaan,SO22,Banadir,2017-08-13,,,,,0.0,0,0.0357142857142857,0.6428571428571429,pixel_reliability=0 AND MODLAND_QA(bits0-1)=0 AND VI range -2000..10000,MOD13Q1 V061 Terra 250m 16-day
SO2211,Karaan,SO22,Banadir,2017-08-29,,,,,0.0,0,0.1428571428571428,0.5714285714285714,pixel_reliability=0 AND MODLAND_QA(bits0-1)=0 AND VI range -2000..10000,MOD13Q1 V061 Terra 250m 16-day
SO2211,Karaan,SO22,Banadir,2017-09-14,0.2562,0.2976,0.184,0.2111,0.1071428571428571,3,0.25,0.25,pixel_reliability=0 AND MODLAND_QA(bits0-1)=0 AND VI range -2000..10000,MOD13Q1 V061 Terra 250m 16-day
SO2211,Karaan,SO22,Banadir,2017-09-30,,,,,0.0,0,0.2857142857142857,0.6428571428571429,pixel_reliability=0 AND MODLAND_QA(bits0-1)=0 AND VI range -2000..10000,MOD13Q1 V061 Terra 250m 16-day
SO2211,Karaan,SO22,Banadir,2017-10-16,0.21675,0.21675,0.17675,0.17675,0.0714285714285714,2,0.3571428571428571,0.1428571428571428,pixel_reliability=0 AND MODLAND_QA(bits0-1)=0 AND VI range -2000..10000,MOD13Q1 V061 Terra 250m 16-day
SO2211,Karaan,SO22,Banadir,2017-11-01,,,,,0.0,0,0.25,0.4642857142857143,pixel_reliability=0 AND MODLAND_QA(bits0-1)=0 AND VI range -2000..10000,MOD13Q1 V061 Terra 250m 16-day
SO2211,Karaan,SO22,Banadir,2017-11-17,0.2705666666666667,0.2696,0.21719999999999998,0.20550000000000002,0.10714285714285714,3,0.10714285714285714,0.21428571428571427,pixel_reliability=0 AND MODLAND_QA(bits0-1)=0 AND VI range -2000..10000,MOD13Q1 V061 Terra 250m 16-day
SO2211,Karaan,SO22,Banadir,2017-12-03,,,,,0.0,0,0.39285714285714285,0.17857142857142858,pixel_reliability=0 AND MODLAND_QA(bits0-1)=0 AND VI range -2000..10000,MOD13Q1 V061 Terra 250m 16-day
SO2211,Karaan,SO22,Banadir,2017-12-19,,,,,0.0,0,0.2857142857142857,0.35714285714285715,pixel_reliability=0 AND MODLAND_QA(bits0-1)=0 AND VI range -2000..10000,MOD13Q1 V061 Terra 250m 16-day
SO2212,Shangaani,SO22,Banadir,2017-01-01,,,,,0.0,0,0.0,0.0,pixel_reliability=0 AND MODLAND_QA(bits0-1)=0 AND VI range -2000..10000,MOD13Q1 V061 Terra 250m 16-day
SO2212,Shangaani,SO22,Banadir,2017-01-17,,,,,0.0,0,1.0,0.0,pixel_reliability=0 AND MODLAND_QA(bits0-1)=0 AND VI range -2000..10000,MOD13Q1 V061 Terra 250m 16-day
SO2212,Shangaani,SO22,Banadir,2017-02-02,,,,,0.0,0,0.0,1.0,pixel_reliability=0 AND MODLAND_QA(bits0-1)=0 AND VI range -2000..10000,MOD13Q1 V061 Terra 250m 16-day
SO2212,Shangaani,SO22,Banadir,2017-02-18,,,,,0.0,0,1.0,0.0,pixel_reliability=0 AND MODLAND_QA(bits0-1)=0 AND VI range -2000..10000,MOD13Q1 V061 Terra 250m 16-day
SO2212,Shangaani,SO22,Banadir,2017-03-06,0.1506,0.1506,0.0693,0.0693,1.0,1,0.0,0.0,pixel_reliability=0 AND MODLAND_QA(bits0-1)=0 AND VI range -2000..10000,MOD13Q1 V061 Terra 250m 16-day
SO2212,Shangaani,SO22,Banadir,2017-03-22,,,,,0.0,0,0.0,0.0,pixel_reliability=0 AND MODLAND_QA(bits0-1)=0 AND VI range -2000..10000,MOD13Q1 V061 Terra 250m 16-day
SO2212,Shangaani,SO22,Banadir,2017-04-07,,,,,0.0,0,0.0,0.0,pixel_reliability=0 AND MODLAND_QA(bits0-1)=0 AND VI range -2000..10000,MOD13Q1 V061 Terra 250m 16-day
SO2212,Shangaani,SO22,Banadir,2017-04-23,,,,,0.0,0,0.0,1.0,pixel_reliability=0 AND MODLAND_QA(bits0-1)=0 AND VI range -2000..10000,MOD13Q1 V061 Terra 250m 16-day
SO2212,Shangaani,SO22,Banadir,2017-05-09,,,,,0.0,0,1.0,0.0,pixel_reliability=0 AND MODLAND_QA(bits0-1)=0 AND VI range -2000..10000,MOD13Q1 V061 Terra 250m 16-day
SO2212,Shangaani,SO22,Banadir,2017-05-25,,,,,0.0,0,0.0,1.0,pixel_reliability=0 AND MODLAND_QA(bits0-1)=0 AND VI range -2000..10000,MOD13Q1 V061 Terra 250m 16-day
SO2212,Shangaani,SO22,Banadir,2017-06-10,,,,,0.0,0,0.0,1.0,pixel_reliability=0 AND MODLAND_QA(bits0-1)=0 AND VI range -2000..10000,MOD13Q1 V061 Terra 250m 16-day
SO2212,Shangaani,SO22,Banadir,2017-06-26,,,,,0.0,0,0.0,1.0,pixel_reliability=0 AND MODLAND_QA(bits0-1)=0 AND VI range -2000..10000,MOD13Q1 V061 Terra 250m 16-day
SO2212,Shangaani,SO22,Banadir,2017-07-12,,,,,0.0,0,0.0,0.0,pixel_reliability=0 AND MODLAND_QA(bits0-1)=0 AND VI range -2000..10000,MOD13Q1 V061 Terra 250m 16-day
SO2212,Shangaani,SO22,Banadir,2017-07-28,,,,,0.0,0,0.0,1.0,pixel_reliability=0 AND MODLAND_QA(bits0-1)=0 AND VI range -2000..10000,MOD13Q1 V061 Terra 250m 16-day
SO2212,Shangaani,SO22,Banadir,2017-08-13,,,,,0.0,0,0.0,1.0,pixel_reliability=0 AND MODLAND_QA(bits0-1)=0 AND VI range -2000..10000,MOD13Q1 V061 Terra 250m 16-day
SO2212,Shangaani,SO22,Banadir,2017-08-29,,,,,0.0,0,0.0,1.0,pixel_reliability=0 AND MODLAND_QA(bits0-1)=0 AND VI range -2000..10000,MOD13Q1 V061 Terra 250m 16-day
SO2212,Shangaani,SO22,Banadir,2017-09-14,,,,,0.0,0,0.0,1.0,pixel_reliability=0 AND MODLAND_QA(bits0-1)=0 AND VI range -2000..10000,MOD13Q1 V061 Terra 250m 16-day
SO2212,Shangaani,SO22,Banadir,2017-09-30,,,,,0.0,0,0.0,1.0,pixel_reliability=0 AND MODLAND_QA(bits0-1)=0 AND VI range -2000..10000,MOD13Q1 V061 Terra 250m 16-day
SO2212,Shangaani,SO22,Banadir,2017-10-16,,,,,0.0,0,0.0,0.0,pixel_reliability=0 AND MODLAND_QA(bits0-1)=0 AND VI range -2000..10000,MOD13Q1 V061 Terra 250m 16-day
SO2212,Shangaani,SO22,Banadir,2017-11-01,,,,,0.0,0,0.0,1.0,pixel_reliability=0 AND MODLAND_QA(bits0-1)=0 AND VI range -2000..10000,MOD13Q1 V061 Terra 250m 16-day
SO2212,Shangaani,SO22,Banadir,2017-11-17,,,,,0.0,0,0.0,1.0,pixel_reliability=0 AND MODLAND_QA(bits0-1)=0 AND VI range -2000..10000,MOD13Q1 V061 Terra 250m 16-day
SO2212,Shangaani,SO22,Banadir,2017-12-03,,,,,0.0,0,1.0,0.0,pixel_reliability=0 AND MODLAND_QA(bits0-1)=0 AND VI range -2000..10000,MOD13Q1 V061 Terra 250m 16-day
SO2212,Shangaani,SO22,Banadir,2017-12-19,,,,,0.0,0,1.0,0.0,pixel_reliability=0 AND MODLAND_QA(bits0-1)=0 AND VI range -2000..10000,MOD13Q1 V061 Terra 250m 16-day
SO2213,Shibis,SO22,Banadir,2017-01-01,,,,,0.0,0,0.5,0.0,pixel_reliability=0 AND MODLAND_QA(bits0-1)=0 AND VI range -2000..10000,MOD13Q1 V061 Terra 250m 16-day
SO2213,Shibis,SO22,Banadir,2017-01-17,,,,,0.0,0,0.5,0.25,pixel_reliability=0 AND MODLAND_QA(bits0-1)=0 AND VI range -2000..10000,MOD13Q1 V061 Terra 250m 16-day
SO2213,Shibis,SO22,Banadir,2017-02-02,,,,,0.0,0,0.25,0.5,pixel_reliability=0 AND MODLAND_QA(bits0-1)=0 AND VI range -2000..10000,MOD13Q1 V061 Terra 250m 16-day
SO2213,Shibis,SO22,Banadir,2017-02-18,,,,,0.0,0,0.25,0.5,pixel_reliability=0 AND MODLAND_QA(bits0-1)=0 AND VI range -2000..10000,MOD13Q1 V061 Terra 250m 16-day
SO2213,Shibis,SO22,Banadir,2017-03-06,,,,,0.0,0,1.0,0.0,pixel_reliability=0 AND MODLAND_QA(bits0-1)=0 AND VI range -2000..10000,MOD13Q1 V061 Terra 250m 16-day
SO2213,Shibis,SO22,Banadir,2017-03-22,,,,,0.0,0,0.5,0.0,pixel_reliability=0 AND MODLAND_QA(bits0-1)=0 AND VI range -2000..10000,MOD13Q1 V061 Terra 250m 16-day
SO2213,Shibis,SO22,Banadir,2017-04-07,,,,,0.0,0,0.0,1.0,pixel_reliability=0 AND MODLAND_QA(bits0-1)=0 AND VI range -2000..10000,MOD13Q1 V061 Terra 250m 16-day
SO2213,Shibis,SO22,Banadir,2017-04-23,,,,,0.0,0,0.0,0.25,pixel_reliability=0 AND MODLAND_QA(bits0-1)=0 AND VI range -2000..10000,MOD13Q1 V061 Terra 250m 16-day
SO2213,Shibis,SO22,Banadir,2017-05-09,,,,,0.0,0,0.25,0.5,pixel_reliability=0 AND MODLAND_QA(bits0-1)=0 AND VI range -2000..10000,MOD13Q1 V061 Terra 250m 16-day
SO2213,Shibis,SO22,Banadir,2017-05-25,,,,,0.0,0,0.0,1.0,pixel_reliability=0 AND MODLAND_QA(bits0-1)=0 AND VI range -2000..10000,MOD13Q1 V061 Terra 250m 16-day
SO2213,Shibis,SO22,Banadir,2017-06-10,,,,,0.0,0,0.0,0.0,pixel_reliability=0 AND MODLAND_QA(bits0-1)=0 AND VI range -2000..10000,MOD13Q1 V061 Terra 250m 16-day
SO2213,Shibis,SO22,Banadir,2017-06-26,,,,,0.0,0,0.0,1.0,pixel_reliability=0 AND MODLAND_QA(bits0-1)=0 AND VI range -2000..10000,MOD13Q1 V061 Terra 250m 16-day
SO2213,Shibis,SO22,Banadir,2017-07-12,,,,,0.0,0,0.0,1.0,pixel_reliability=0 AND MODLAND_QA(bits0-1)=0 AND VI range -2000..10000,MOD13Q1 V061 Terra 250m 16-day
SO2213,Shibis,SO22,Banadir,2017-07-28,,,,,0.0,0,0.0,1.0,pixel_reliability=0 AND MODLAND_QA(bits0-1)=0 AND VI range -2000..10000,MOD13Q1 V061 Terra 250m 16-day
SO2213,Shibis,SO22,Banadir,2017-08-13,,,,,0.0,0,0.0,1.0,pixel_reliability=0 AND MODLAND_QA(bits0-1)=0 AND VI range -2000..10000,MOD13Q1 V061 Terra 250m 16-day
SO2213,Shibis,SO22,Banadir,2017-08-29,,,,,0.0,0,0.0,0.75,pixel_reliability=0 AND MODLAND_QA(bits0-1)=0 AND VI range -2000..10000,MOD13Q1 V061 Terra 250m 16-day
SO2213,Shibis,SO22,Banadir,2017-09-14,,,,,0.0,0,0.0,0.25,pixel_reliability=0 AND MODLAND_QA(bits0-1)=0 AND VI range -2000..10000,MOD13Q1 V061 Terra 250m 16-day
SO2213,Shibis,SO22,Banadir,2017-09-30,,,,,0.0,0,0.0,1.0,pixel_reliability=0 AND MODLAND_QA(bits0-1)=0 AND VI range -2000..10000,MOD13Q1 V061 Terra 250m 16-day
SO2213,Shibis,SO22,Banadir,2017-10-16,,,,,0.0,0,0.25,0.0,pixel_reliability=0 AND MODLAND_QA(bits0-1)=0 AND VI range -2000..10000,MOD13Q1 V061 Terra 250m 16-day
SO2213,Shibis,SO22,Banadir,2017-11-01,,,,,0.0,0,0.0,1.0,pixel_reliability=0 AND MODLAND_QA(bits0-1)=0 AND VI range -2000..10000,MOD13Q1 V061 Terra 250m 16-day
SO2213,Shibis,SO22,Banadir,2017-11-17,,,,,0.0,0,0.0,0.75,pixel_reliability=0 AND MODLAND_QA(bits0-1)=0 AND VI range -2000..10000,MOD13Q1 V061 Terra 250m 16-day
SO2213,Shibis,SO22,Banadir,2017-12-03,,,,,0.0,0,0.0,1.0,pixel_reliability=0 AND MODLAND_QA(bits0-1)=0 AND VI range -2000..10000,MOD13Q1 V061 Terra 250m 16-day
SO2213,Shibis,SO22,Banadir,2017-12-19,,,,,0.0,0,0.25,0.25,pixel_reliability=0 AND MODLAND_QA(bits0-1)=0 AND VI range -2000..10000,MOD13Q1 V061 Terra 250m 16-day
SO2214,Waaberi,SO22,Banadir,2017-01-01,0.1814,0.1821,0.128925,0.1334,0.4444444444444444,4,0.3333333333333333,0.0,pixel_reliability=0 AND MODLAND_QA(bits0-1)=0 AND VI range -2000..10000,MOD13Q1 V061 Terra 250m 16-day
SO2214,Waaberi,SO22,Banadir,2017-01-17,,,,,0.0,0,0.4444444444444444,0.1111111111111111,pixel_reliability=0 AND MODLAND_QA(bits0-1)=0 AND VI range -2000..10000,MOD13Q1 V061 Terra 250m 16-day
SO2214,Waaberi,SO22,Banadir,2017-02-02,,,,,0.0,0,0.4444444444444444,0.1111111111111111,pixel_reliability=0 AND MODLAND_QA(bits0-1)=0 AND VI range -2000..10000,MOD13Q1 V061 Terra 250m 16-day
SO2214,Waaberi,SO22,Banadir,2017-02-18,0.1524,0.1524,0.1187,0.1187,0.1111111111111111,1,0.4444444444444444,0.0,pixel_reliability=0 AND MODLAND_QA(bits0-1)=0 AND VI range -2000..10000,MOD13Q1 V061 Terra 250m 16-day
SO2214,Waaberi,SO22,Banadir,2017-03-06,0.2226666666666666,0.2381,0.1058333333333333,0.0996,0.3333333333333333,3,0.2222222222222222,0.0,pixel_reliability=0 AND MODLAND_QA(bits0-1)=0 AND VI range -2000..10000,MOD13Q1 V061 Terra 250m 16-day
SO2214,Waaberi,SO22,Banadir,2017-03-22,,,,,0.0,0,0.4444444444444444,0.2222222222222222,pixel_reliability=0 AND MODLAND_QA(bits0-1)=0 AND VI range -2000..10000,MOD13Q1 V061 Terra 250m 16-day
SO2214,Waaberi,SO22,Banadir,2017-04-07,,,,,0.0,0,0.3333333333333333,0.1111111111111111,pixel_reliability=0 AND MODLAND_QA(bits0-1)=0 AND VI range -2000..10000,MOD13Q1 V061 Terra 250m 16-day
SO2214,Waaberi,SO22,Banadir,2017-04-23,0.1704,0.1704,0.1728,0.1728,0.1111111111111111,1,0.1111111111111111,0.4444444444444444,pixel_reliability=0 AND MODLAND_QA(bits0-1)=0 AND VI range -2000..10000,MOD13Q1 V061 Terra 250m 16-day
SO2214,Waaberi,SO22,Banadir,2017-05-09,0.2336,0.2336,0.1789,0.1789,0.1111111111111111,1,0.5555555555555556,0.1111111111111111,pixel_reliability=0 AND MODLAND_QA(bits0-1)=0 AND VI range -2000..10000,MOD13Q1 V061 Terra 250m 16-day
SO2214,Waaberi,SO22,Banadir,2017-05-25,,,,,0.0,0,0.0,0.8888888888888888,pixel_reliability=0 AND MODLAND_QA(bits0-1)=0 AND VI range -2000..10000,MOD13Q1 V061 Terra 250m 16-day
SO2214,Waaberi,SO22,Banadir,2017-06-10,,,,,0.0,0,0.5555555555555556,0.0,pixel_reliability=0 AND MODLAND_QA(bits0-1)=0 AND VI range -2000..10000,MOD13Q1 V061 Terra 250m 16-day
SO2214,Waaberi,SO22,Banadir,2017-06-26,,,,,0.0,0,0.0,1.0,pixel_reliability=0 AND MODLAND_QA(bits0-1)=0 AND VI range -2000..10000,MOD13Q1 V061 Terra 250m 16-day
SO2214,Waaberi,SO22,Banadir,2017-07-12,0.1921,0.1921,0.1238,0.1238,0.1111111111111111,1,0.1111111111111111,0.4444444444444444,pixel_reliability=0 AND MODLAND_QA(bits0-1)=0 AND VI range -2000..10000,MOD13Q1 V061 Terra 250m 16-day
SO2214,Waaberi,SO22,Banadir,2017-07-28,,,,,0.0,0,0.0,1.0,pixel_reliability=0 AND MODLAND_QA(bits0-1)=0 AND VI range -2000..10000,MOD13Q1 V061 Terra 250m 16-day
SO2214,Waaberi,SO22,Banadir,2017-08-13,,,,,0.0,0,0.0,0.7777777777777778,pixel_reliability=0 AND MODLAND_QA(bits0-1)=0 AND VI range -2000..10000,MOD13Q1 V061 Terra 250m 16-day
SO2214,Waaberi,SO22,Banadir,2017-08-29,,,,,0.0,0,0.0,0.5555555555555556,pixel_reliability=0 AND MODLAND_QA(bits0-1)=0 AND VI range -2000..10000,MOD13Q1 V061 Terra 250m 16-day
SO2214,Waaberi,SO22,Banadir,2017-09-14,,,,,0.0,0,0.0,0.4444444444444444,pixel_reliability=0 AND MODLAND_QA(bits0-1)=0 AND VI range -2000..10000,MOD13Q1 V061 Terra 250m 16-day
SO2214,Waaberi,SO22,Banadir,2017-09-30,,,,,0.0,0,0.0,0.8888888888888888,pixel_reliability=0 AND MODLAND_QA(bits0-1)=0 AND VI range -2000..10000,MOD13Q1 V061 Terra 250m 16-day
SO2214,Waaberi,SO22,Banadir,2017-10-16,0.1481,0.1481,0.0838,0.0838,0.2222222222222222,2,0.0,0.2222222222222222,pixel_reliability=0 AND MODLAND_QA(bits0-1)=0 AND VI range -2000..10000,MOD13Q1 V061 Terra 250m 16-day
SO2214,Waaberi,SO22,Banadir,2017-11-01,,,,,0.0,0,0.1111111111111111,0.6666666666666666,pixel_reliability=0 AND MODLAND_QA(bits0-1)=0 AND VI range -2000..10000,MOD13Q1 V061 Terra 250m 16-day
SO2214,Waaberi,SO22,Banadir,2017-11-17,,,,,0.0,0,0.5555555555555556,0.3333333333333333,pixel_reliability=0 AND MODLAND_QA(bits0-1)=0 AND VI range -2000..10000,MOD13Q1 V061 Terra 250m 16-day
SO2214,Waaberi,SO22,Banadir,2017-12-03,0.20980000000000001,0.20980000000000001,0.1778,0.1778,0.1111111111111111,1,0.3333333333333333,0.2222222222222222,pixel_reliability=0 AND MODLAND_QA(bits0-1)=0 AND VI range -2000..10000,MOD13Q1 V061 Terra 250m 16-day
SO2214,Waaberi,SO22,Banadir,2017-12-19,,,,,0.0,0,0.5555555555555556,0.2222222222222222,pixel_reliability=0 AND MODLAND_QA(bits0-1)=0 AND VI range -2000..10000,MOD13Q1 V061 Terra 250m 16-day
SO2215,Wadajir (Medina),SO22,Banadir,2017-01-01,0.1801,0.1774,0.1294,0.1236,0.2258064516129032,7,0.2580645161290322,0.0,pixel_reliability=0 AND MODLAND_QA(bits0-1)=0 AND VI range -2000..10000,MOD13Q1 V061 Terra 250m 16-day
SO2215,Wadajir (Medina),SO22,Banadir,2017-01-17,0.2547,0.2547,0.2024,0.2024,0.032258064516129,1,0.5806451612903226,0.032258064516129,pixel_reliability=0 AND MODLAND_QA(bits0-1)=0 AND VI range -2000..10000,MOD13Q1 V061 Terra 250m 16-day
SO2215,Wadajir (Medina),SO22,Banadir,2017-02-02,,,,,0.0,0,0.8387096774193549,0.0,pixel_reliability=0 AND MODLAND_QA(bits0-1)=0 AND VI range -2000..10000,MOD13Q1 V061 Terra 250m 16-day
SO2215,Wadajir (Medina),SO22,Banadir,2017-02-18,0.17475,0.1722,0.1369333333333333,0.1389,0.1935483870967742,6,0.4193548387096774,0.0,pixel_reliability=0 AND MODLAND_QA(bits0-1)=0 AND VI range -2000..10000,MOD13Q1 V061 Terra 250m 16-day
SO2215,Wadajir (Medina),SO22,Banadir,2017-03-06,0.18732,0.1908,0.13768,0.1292,0.1612903225806451,5,0.4838709677419355,0.064516129032258,pixel_reliability=0 AND MODLAND_QA(bits0-1)=0 AND VI range -2000..10000,MOD13Q1 V061 Terra 250m 16-day
SO2215,Wadajir (Medina),SO22,Banadir,2017-03-22,0.1838,0.1877,0.1329,0.1419,0.0967741935483871,3,0.7419354838709677,0.0,pixel_reliability=0 AND MODLAND_QA(bits0-1)=0 AND VI range -2000..10000,MOD13Q1 V061 Terra 250m 16-day
SO2215,Wadajir (Medina),SO22,Banadir,2017-04-07,0.19394,0.1979,0.1404,0.1463,0.1612903225806451,5,0.4193548387096774,0.032258064516129,pixel_reliability=0 AND MODLAND_QA(bits0-1)=0 AND VI range -2000..10000,MOD13Q1 V061 Terra 250m 16-day
SO2215,Wadajir (Medina),SO22,Banadir,2017-04-23,,,,,0.0,0,0.2258064516129032,0.4838709677419355,pixel_reliability=0 AND MODLAND_QA(bits0-1)=0 AND VI range -2000..10000,MOD13Q1 V061 Terra 250m 16-day
SO2215,Wadajir (Medina),SO22,Banadir,2017-05-09,0.1916,0.1749,0.1447,0.1296,0.0967741935483871,3,0.4193548387096774,0.2258064516129032,pixel_reliability=0 AND MODLAND_QA(bits0-1)=0 AND VI range -2000..10000,MOD13Q1 V061 Terra 250m 16-day
SO2215,Wadajir (Medina),SO22,Banadir,2017-05-25,,,,,0.0,0,0.064516129032258,0.6129032258064516,pixel_reliability=0 AND MODLAND_QA(bits0-1)=0 AND VI range -2000..10000,MOD13Q1 V061 Terra 250m 16-day
SO2215,Wadajir (Medina),SO22,Banadir,2017-06-10,0.22045,0.22045,0.1798,0.1798,0.064516129032258,2,0.3548387096774194,0.1290322580645161,pixel_reliability=0 AND MODLAND_QA(bits0-1)=0 AND VI range -2000..10000,MOD13Q1 V061 Terra 250m 16-day
SO2215,Wadajir (Medina),SO22,Banadir,2017-06-26,,,,,0.0,0,0.0,0.935483870967742,pixel_reliability=0 AND MODLAND_QA(bits0-1)=0 AND VI range -2000..10000,MOD13Q1 V061 Terra 250m 16-day
SO2215,Wadajir (Medina),SO22,Banadir,2017-07-12,0.1712,0.1712,0.1215,0.1215,0.032258064516129,1,0.0967741935483871,0.7096774193548387,pixel_reliability=0 AND MODLAND_QA(bits0-1)=0 AND VI range -2000..10000,MOD13Q1 V061 Terra 250m 16-day
SO2215,Wadajir (Medina),SO22,Banadir,2017-07-28,,,,,0.0,0,0.0,1.0,pixel_reliability=0 AND MODLAND_QA(bits0-1)=0 AND VI range -2000..10000,MOD13Q1 V061 Terra 250m 16-day
SO2215,Wadajir (Medina),SO22,Banadir,2017-08-13,0.2606,0.2606,0.1834,0.1834,0.032258064516129,1,0.1612903225806451,0.6129032258064516,pixel_reliability=0 AND MODLAND_QA(bits0-1)=0 AND VI range -2000..10000,MOD13Q1 V061 Terra 250m 16-day
SO2215,Wadajir (Medina),SO22,Banadir,2017-08-29,,,,,0.0,0,0.2258064516129032,0.4838709677419355,pixel_reliability=0 AND MODLAND_QA(bits0-1)=0 AND VI range -2000..10000,MOD13Q1 V061 Terra 250m 16-day
SO2215,Wadajir (Medina),SO22,Banadir,2017-09-14,,,,,0.0,0,0.4193548387096774,0.1935483870967742,pixel_reliability=0 AND MODLAND_QA(bits0-1)=0 AND VI range -2000..10000,MOD13Q1 V061 Terra 250m 16-day
SO2215,Wadajir (Medina),SO22,Banadir,2017-09-30,,,,,0.0,0,0.1935483870967742,0.5161290322580645,pixel_reliability=0 AND MODLAND_QA(bits0-1)=0 AND VI range -2000..10000,MOD13Q1 V061 Terra 250m 16-day
SO2215,Wadajir (Medina),SO22,Banadir,2017-10-16,0.163625,0.1949,0.1256499999999999,0.14105,0.1290322580645161,4,0.3225806451612903,0.064516129032258,pixel_reliability=0 AND MODLAND_QA(bits0-1)=0 AND VI range -2000..10000,MOD13Q1 V061 Terra 250m 16-day
SO2215,Wadajir (Medina),SO22,Banadir,2017-11-01,0.168,0.168,0.1237,0.1237,0.03225806451612903,1,0.3870967741935484,0.06451612903225806,pixel_reliability=0 AND MODLAND_QA(bits0-1)=0 AND VI range -2000..10000,MOD13Q1 V061 Terra 250m 16-day
SO2215,Wadajir (Medina),SO22,Banadir,2017-11-17,0.14,0.14,0.0668,0.0668,0.03225806451612903,1,0.25806451612903225,0.2903225806451613,pixel_reliability=0 AND MODLAND_QA(bits0-1)=0 AND VI range -2000..10000,MOD13Q1 V061 Terra 250m 16-day
SO2215,Wadajir (Medina),SO22,Banadir,2017-12-03,0.17020000000000002,0.17020000000000002,0.13870000000000002,0.13870000000000002,0.03225806451612903,1,0.25806451612903225,0.41935483870967744,pixel_reliability=0 AND MODLAND_QA(bits0-1)=0 AND VI range -2000..10000,MOD13Q1 V061 Terra 250m 16-day
SO2215,Wadajir (Medina),SO22,Banadir,2017-12-19,0.19305,0.19305,0.15685000000000002,0.15685000000000002,0.06451612903225806,2,0.45161290322580644,0.03225806451612903,pixel_reliability=0 AND MODLAND_QA(bits0-1)=0 AND VI range -2000..10000,MOD13Q1 V061 Terra 250m 16-day
SO2216,Wardhigley,SO22,Banadir,2017-01-01,0.1792333333333333,0.1797,0.1204666666666666,0.1213,0.2727272727272727,3,0.2727272727272727,0.0,pixel_reliability=0 AND MODLAND_QA(bits0-1)=0 AND VI range -2000..10000,MOD13Q1 V061 Terra 250m 16-day
SO2216,Wardhigley,SO22,Banadir,2017-01-17,,,,,0.0,0,0.8181818181818182,0.0,pixel_reliability=0 AND MODLAND_QA(bits0-1)=0 AND VI range -2000..10000,MOD13Q1 V061 Terra 250m 16-day
SO2216,Wardhigley,SO22,Banadir,2017-02-02,,,,,0.0,0,0.4545454545454545,0.3636363636363636,pixel_reliability=0 AND MODLAND_QA(bits0-1)=0 AND VI range -2000..10000,MOD13Q1 V061 Terra 250m 16-day
SO2216,Wardhigley,SO22,Banadir,2017-02-18,0.1921,0.1921,0.1393,0.1393,0.0909090909090909,1,0.6363636363636364,0.0,pixel_reliability=0 AND MODLAND_QA(bits0-1)=0 AND VI range -2000..10000,MOD13Q1 V061 Terra 250m 16-day
SO2216,Wardhigley,SO22,Banadir,2017-03-06,0.17615,0.17615,0.1172,0.1172,0.1818181818181818,2,0.6363636363636364,0.0,pixel_reliability=0 AND MODLAND_QA(bits0-1)=0 AND VI range -2000..10000,MOD13Q1 V061 Terra 250m 16-day
SO2216,Wardhigley,SO22,Banadir,2017-03-22,,,,,0.0,0,0.9090909090909092,0.0,pixel_reliability=0 AND MODLAND_QA(bits0-1)=0 AND VI range -2000..10000,MOD13Q1 V061 Terra 250m 16-day
SO2216,Wardhigley,SO22,Banadir,2017-04-07,,,,,0.0,0,0.2727272727272727,0.3636363636363636,pixel_reliability=0 AND MODLAND_QA(bits0-1)=0 AND VI range -2000..10000,MOD13Q1 V061 Terra 250m 16-day
SO2216,Wardhigley,SO22,Banadir,2017-04-23,,,,,0.0,0,0.0909090909090909,0.6363636363636364,pixel_reliability=0 AND MODLAND_QA(bits0-1)=0 AND VI range -2000..10000,MOD13Q1 V061 Terra 250m 16-day
SO2216,Wardhigley,SO22,Banadir,2017-05-09,,,,,0.0,0,0.7272727272727273,0.1818181818181818,pixel_reliability=0 AND MODLAND_QA(bits0-1)=0 AND VI range -2000..10000,MOD13Q1 V061 Terra 250m 16-day
SO2216,Wardhigley,SO22,Banadir,2017-05-25,,,,,0.0,0,0.0909090909090909,0.8181818181818182,pixel_reliability=0 AND MODLAND_QA(bits0-1)=0 AND VI range -2000..10000,MOD13Q1 V061 Terra 250m 16-day
SO2216,Wardhigley,SO22,Banadir,2017-06-10,,,,,0.0,0,0.3636363636363636,0.1818181818181818,pixel_reliability=0 AND MODLAND_QA(bits0-1)=0 AND VI range -2000..10000,MOD13Q1 V061 Terra 250m 16-day
SO2216,Wardhigley,SO22,Banadir,2017-06-26,,,,,0.0,0,0.0,1.0,pixel_reliability=0 AND MODLAND_QA(bits0-1)=0 AND VI range -2000..10000,MOD13Q1 V061 Terra 250m 16-day
SO2216,Wardhigley,SO22,Banadir,2017-07-12,,,,,0.0,0,0.3636363636363636,0.3636363636363636,pixel_reliability=0 AND MODLAND_QA(bits0-1)=0 AND VI range -2000..10000,MOD13Q1 V061 Terra 250m 16-day
SO2216,Wardhigley,SO22,Banadir,2017-07-28,,,,,0.0,0,0.0,0.9090909090909092,pixel_reliability=0 AND MODLAND_QA(bits0-1)=0 AND VI range -2000..10000,MOD13Q1 V061 Terra 250m 16-day
SO2216,Wardhigley,SO22,Banadir,2017-08-13,,,,,0.0,0,0.1818181818181818,0.1818181818181818,pixel_reliability=0 AND MODLAND_QA(bits0-1)=0 AND VI range -2000..10000,MOD13Q1 V061 Terra 250m 16-day
SO2216,Wardhigley,SO22,Banadir,2017-08-29,,,,,0.0,0,0.0909090909090909,0.6363636363636364,pixel_reliability=0 AND MODLAND_QA(bits0-1)=0 AND VI range -2000..10000,MOD13Q1 V061 Terra 250m 16-day
SO2216,Wardhigley,SO22,Banadir,2017-09-14,,,,,0.0,0,0.0909090909090909,0.3636363636363636,pixel_reliability=0 AND MODLAND_QA(bits0-1)=0 AND VI range -2000..10000,MOD13Q1 V061 Terra 250m 16-day
SO2216,Wardhigley,SO22,Banadir,2017-09-30,,,,,0.0,0,0.0,0.6363636363636364,pixel_reliability=0 AND MODLAND_QA(bits0-1)=0 AND VI range -2000..10000,MOD13Q1 V061 Terra 250m 16-day
SO2216,Wardhigley,SO22,Banadir,2017-10-16,,,,,0.0,0,0.4545454545454545,0.0909090909090909,pixel_reliability=0 AND MODLAND_QA(bits0-1)=0 AND VI range -2000..10000,MOD13Q1 V061 Terra 250m 16-day
SO2216,Wardhigley,SO22,Banadir,2017-11-01,,,,,0.0,0,0.5454545454545454,0.18181818181818182,pixel_reliability=0 AND MODLAND_QA(bits0-1)=0 AND VI range -2000..10000,MOD13Q1 V061 Terra 250m 16-day
SO2216,Wardhigley,SO22,Banadir,2017-11-17,,,,,0.0,0,0.18181818181818182,0.09090909090909091,pixel_reliability=0 AND MODLAND_QA(bits0-1)=0 AND VI range -2000..10000,MOD13Q1 V061 Terra 250m 16-day
SO2216,Wardhigley,SO22,Banadir,2017-12-03,,,,,0.0,0,0.18181818181818182,0.2727272727272727,pixel_reliability=0 AND MODLAND_QA(bits0-1)=0 AND VI range -2000..10000,MOD13Q1 V061 Terra 250m 16-day
SO2216,Wardhigley,SO22,Banadir,2017-12-19,,,,,0.0,0,0.7272727272727273,0.0,pixel_reliability=0 AND MODLAND_QA(bits0-1)=0 AND VI range -2000..10000,MOD13Q1 V061 Terra 250m 16-day
SO2217,Yaaqshid,SO22,Banadir,2017-01-01,0.19746,0.191,0.13348,0.1255,0.3571428571428571,5,0.2142857142857142,0.0,pixel_reliability=0 AND MODLAND_QA(bits0-1)=0 AND VI range -2000..10000,MOD13Q1 V061 Terra 250m 16-day
SO2217,Yaaqshid,SO22,Banadir,2017-01-17,0.1968,0.2053,0.1529,0.1682,0.2142857142857142,3,0.5714285714285714,0.0,pixel_reliability=0 AND MODLAND_QA(bits0-1)=0 AND VI range -2000..10000,MOD13Q1 V061 Terra 250m 16-day
SO2217,Yaaqshid,SO22,Banadir,2017-02-02,,,,,0.0,0,0.9285714285714286,0.0,pixel_reliability=0 AND MODLAND_QA(bits0-1)=0 AND VI range -2000..10000,MOD13Q1 V061 Terra 250m 16-day
SO2217,Yaaqshid,SO22,Banadir,2017-02-18,0.1939,0.1939,0.1384,0.1384,0.1428571428571428,2,0.7142857142857143,0.0,pixel_reliability=0 AND MODLAND_QA(bits0-1)=0 AND VI range -2000..10000,MOD13Q1 V061 Terra 250m 16-day
SO2217,Yaaqshid,SO22,Banadir,2017-03-06,0.1939,0.1939,0.1318,0.1318,0.0714285714285714,1,0.7142857142857143,0.0,pixel_reliability=0 AND MODLAND_QA(bits0-1)=0 AND VI range -2000..10000,MOD13Q1 V061 Terra 250m 16-day
SO2217,Yaaqshid,SO22,Banadir,2017-03-22,0.1961,0.1915,0.1448666666666666,0.1436,0.2142857142857142,3,0.5714285714285714,0.0,pixel_reliability=0 AND MODLAND_QA(bits0-1)=0 AND VI range -2000..10000,MOD13Q1 V061 Terra 250m 16-day
SO2217,Yaaqshid,SO22,Banadir,2017-04-07,,,,,0.0,0,0.6428571428571429,0.0714285714285714,pixel_reliability=0 AND MODLAND_QA(bits0-1)=0 AND VI range -2000..10000,MOD13Q1 V061 Terra 250m 16-day
SO2217,Yaaqshid,SO22,Banadir,2017-04-23,,,,,0.0,0,0.7142857142857143,0.0714285714285714,pixel_reliability=0 AND MODLAND_QA(bits0-1)=0 AND VI range -2000..10000,MOD13Q1 V061 Terra 250m 16-day
SO2217,Yaaqshid,SO22,Banadir,2017-05-09,,,,,0.0,0,0.6428571428571429,0.0,pixel_reliability=0 AND MODLAND_QA(bits0-1)=0 AND VI range -2000..10000,MOD13Q1 V061 Terra 250m 16-day
SO2217,Yaaqshid,SO22,Banadir,2017-05-25,,,,,0.0,0,0.1428571428571428,0.4285714285714285,pixel_reliability=0 AND MODLAND_QA(bits0-1)=0 AND VI range -2000..10000,MOD13Q1 V061 Terra 250m 16-day
SO2217,Yaaqshid,SO22,Banadir,2017-06-10,,,,,0.0,0,0.4285714285714285,0.0714285714285714,pixel_reliability=0 AND MODLAND_QA(bits0-1)=0 AND VI range -2000..10000,MOD13Q1 V061 Terra 250m 16-day
SO2217,Yaaqshid,SO22,Banadir,2017-06-26,,,,,0.0,0,0.3571428571428571,0.2857142857142857,pixel_reliability=0 AND MODLAND_QA(bits0-1)=0 AND VI range -2000..10000,MOD13Q1 V061 Terra 250m 16-day
SO2217,Yaaqshid,SO22,Banadir,2017-07-12,,,,,0.0,0,0.1428571428571428,0.7142857142857143,pixel_reliability=0 AND MODLAND_QA(bits0-1)=0 AND VI range -2000..10000,MOD13Q1 V061 Terra 250m 16-day
SO2217,Yaaqshid,SO22,Banadir,2017-07-28,,,,,0.0,0,0.0,0.9285714285714286,pixel_reliability=0 AND MODLAND_QA(bits0-1)=0 AND VI range -2000..10000,MOD13Q1 V061 Terra 250m 16-day
SO2217,Yaaqshid,SO22,Banadir,2017-08-13,,,,,0.0,0,0.3571428571428571,0.1428571428571428,pixel_reliability=0 AND MODLAND_QA(bits0-1)=0 AND VI range -2000..10000,MOD13Q1 V061 Terra 250m 16-day
SO2217,Yaaqshid,SO22,Banadir,2017-08-29,,,,,0.0,0,0.1428571428571428,0.5714285714285714,pixel_reliability=0 AND MODLAND_QA(bits0-1)=0 AND VI range -2000..10000,MOD13Q1 V061 Terra 250m 16-day
SO2217,Yaaqshid,SO22,Banadir,2017-09-14,,,,,0.0,0,0.0714285714285714,0.7142857142857143,pixel_reliability=0 AND MODLAND_QA(bits0-1)=0 AND VI range -2000..10000,MOD13Q1 V061 Terra 250m 16-day
SO2217,Yaaqshid,SO22,Banadir,2017-09-30,,,,,0.0,0,0.0,0.6428571428571429,pixel_reliability=0 AND MODLAND_QA(bits0-1)=0 AND VI range -2000..10000,MOD13Q1 V061 Terra 250m 16-day
SO2217,Yaaqshid,SO22,Banadir,2017-10-16,,,,,0.0,0,1.0,0.0,pixel_reliability=0 AND MODLAND_QA(bits0-1)=0 AND VI range -2000..10000,MOD13Q1 V061 Terra 250m 16-day
SO2217,Yaaqshid,SO22,Banadir,2017-11-01,0.2544,0.2544,0.19210000000000002,0.19210000000000002,0.07142857142857142,1,0.6428571428571429,0.07142857142857142,pixel_reliability=0 AND MODLAND_QA(bits0-1)=0 AND VI range -2000..10000,MOD13Q1 V061 Terra 250m 16-day
SO2217,Yaaqshid,SO22,Banadir,2017-11-17,,,,,0.0,0,0.6428571428571429,0.14285714285714285,pixel_reliability=0 AND MODLAND_QA(bits0-1)=0 AND VI range -2000..10000,MOD13Q1 V061 Terra 250m 16-day
SO2217,Yaaqshid,SO22,Banadir,2017-12-03,,,,,0.0,0,0.2857142857142857,0.14285714285714285,pixel_reliability=0 AND MODLAND_QA(bits0-1)=0 AND VI range -2000..10000,MOD13Q1 V061 Terra 250m 16-day
SO2217,Yaaqshid,SO22,Banadir,2017-12-19,,,,,0.0,0,1.0,0.0,pixel_reliability=0 AND MODLAND_QA(bits0-1)=0 AND VI range -2000..10000,MOD13Q1 V061 Terra 250m 16-day
SO2301,Marka,SO23,Lower Shabelle,2017-01-01,0.3745096846846847,0.35175,0.2360347972972973,0.2263,0.6986624704956726,888,0.020456333595594,0.0,pixel_reliability=0 AND MODLAND_QA(bits0-1)=0 AND VI range -2000..10000,MOD13Q1 V061 Terra 250m 16-day
SO2301,Marka,SO23,Lower Shabelle,2017-01-17,0.3151468085106383,0.291,0.2094870921985815,0.1944,0.5546813532651456,705,0.058221872541306,0.000786782061369,pixel_reliability=0 AND MODLAND_QA(bits0-1)=0 AND VI range -2000..10000,MOD13Q1 V061 Terra 250m 16-day
SO2301,Marka,SO23,Lower Shabelle,2017-02-02,0.3017639669421488,0.28,0.1981862809917355,0.1864,0.4760031471282455,605,0.0952006294256491,0.000786782061369,pixel_reliability=0 AND MODLAND_QA(bits0-1)=0 AND VI range -2000..10000,MOD13Q1 V061 Terra 250m 16-day
SO2301,Marka,SO23,Lower Shabelle,2017-02-18,0.2761651898734177,0.2496,0.1724972573839662,0.17035,0.3729346970889063,474,0.2336742722265932,0.0,pixel_reliability=0 AND MODLAND_QA(bits0-1)=0 AND VI range -2000..10000,MOD13Q1 V061 Terra 250m 16-day
SO2301,Marka,SO23,Lower Shabelle,2017-03-06,0.2601828711256117,0.2393,0.1856818923327895,0.172,0.4822974036191975,613,0.066876475216365,0.000786782061369,pixel_reliability=0 AND MODLAND_QA(bits0-1)=0 AND VI range -2000..10000,MOD13Q1 V061 Terra 250m 16-day
SO2301,Marka,SO23,Lower Shabelle,2017-03-22,0.2821612204724409,0.25595,0.1664218503937007,0.1565,0.3996852871754524,508,0.0959874114870181,0.0,pixel_reliability=0 AND MODLAND_QA(bits0-1)=0 AND VI range -2000..10000,MOD13Q1 V061 Terra 250m 16-day
SO2301,Marka,SO23,Lower Shabelle,2017-04-07,0.2287948936170213,0.221,0.1514965957446808,0.1446,0.1848937844217152,235,0.3257277734067663,0.050354051927616,pixel_reliability=0 AND MODLAND_QA(bits0-1)=0 AND VI range -2000..10000,MOD13Q1 V061 Terra 250m 16-day
SO2301,Marka,SO23,Lower Shabelle,2017-04-23,0.3020617924528301,0.2784,0.1783759433962264,0.1652,0.1667977970102281,212,0.2344610542879622,0.1361132966168371,pixel_reliability=0 AND MODLAND_QA(bits0-1)=0 AND VI range -2000..10000,MOD13Q1 V061 Terra 250m 16-day
SO2301,Marka,SO23,Lower Shabelle,2017-05-09,0.3163294642857143,0.3066,0.2238125,0.2125,0.1762391817466561,224,0.3139260424862313,0.0936270653029111,pixel_reliability=0 AND MODLAND_QA(bits0-1)=0 AND VI range -2000..10000,MOD13Q1 V061 Terra 250m 16-day
SO2301,Marka,SO23,Lower Shabelle,2017-05-25,0.2806051282051282,0.2817,0.1843846153846153,0.1849,0.030684500393391,39,0.2564909520062942,0.3099921321793863,pixel_reliability=0 AND MODLAND_QA(bits0-1)=0 AND VI range -2000..10000,MOD13Q1 V061 Terra 250m 16-day
SO2301,Marka,SO23,Lower Shabelle,2017-06-10,0.2967526315789474,0.29345,0.1859535087719298,0.17875,0.089693154996066,114,0.3918174665617624,0.1549960660896931,pixel_reliability=0 AND MODLAND_QA(bits0-1)=0 AND VI range -2000..10000,MOD13Q1 V061 Terra 250m 16-day
SO2301,Marka,SO23,Lower Shabelle,2017-06-26,0.2730333333333333,0.27315,0.1733351851851852,0.1709,0.042486231313926,54,0.4618410700236035,0.1935483870967742,pixel_reliability=0 AND MODLAND_QA(bits0-1)=0 AND VI range -2000..10000,MOD13Q1 V061 Terra 250m 16-day
SO2301,Marka,SO23,Lower Shabelle,2017-07-12,0.2391454545454545,0.2521,0.1616363636363636,0.1613,0.008654602675059,11,0.2470495672698662,0.5460267505900865,pixel_reliability=0 AND MODLAND_QA(bits0-1)=0 AND VI range -2000..10000,MOD13Q1 V061 Terra 250m 16-day
SO2301,Marka,SO23,Lower Shabelle,2017-07-28,0.2436675675675675,0.253,0.1647621621621621,0.177,0.029110936270653,37,0.3831628638867034,0.1990558615263572,pixel_reliability=0 AND MODLAND_QA(bits0-1)=0 AND VI range -2000..10000,MOD13Q1 V061 Terra 250m 16-day
SO2301,Marka,SO23,Lower Shabelle,2017-08-13,0.2828691823899371,0.2629,0.1602125786163521,0.1429,0.1250983477576711,159,0.2856018882769472,0.1880409126671912,pixel_reliability=0 AND MODLAND_QA(bits0-1)=0 AND VI range -2000..10000,MOD13Q1 V061 Terra 250m 16-day
SO2301,Marka,SO23,Lower Shabelle,2017-08-29,0.3586289308176101,0.3737,0.2171893081761006,0.2098,0.1250983477576711,159,0.2911093627065303,0.2014162077104642,pixel_reliability=0 AND MODLAND_QA(bits0-1)=0 AND VI range -2000..10000,MOD13Q1 V061 Terra 250m 16-day
SO2301,Marka,SO23,Lower Shabelle,2017-09-14,0.3406536144578314,0.31955,0.2325216867469879,0.20175,0.1306058221872541,166,0.3099921321793863,0.2029897718332022,pixel_reliability=0 AND MODLAND_QA(bits0-1)=0 AND VI range -2000..10000,MOD13Q1 V061 Terra 250m 16-day
SO2301,Marka,SO23,Lower Shabelle,2017-09-30,0.2218240740740741,0.2217,0.1516759259259259,0.15065,0.042486231313926,54,0.4799370574350904,0.1636506687647521,pixel_reliability=0 AND MODLAND_QA(bits0-1)=0 AND VI range -2000..10000,MOD13Q1 V061 Terra 250m 16-day
SO2301,Marka,SO23,Lower Shabelle,2017-10-16,0.2759484375,0.23885,0.18678515625,0.1647,0.2014162077104642,256,0.2525570416994492,0.1156569630212431,pixel_reliability=0 AND MODLAND_QA(bits0-1)=0 AND VI range -2000..10000,MOD13Q1 V061 Terra 250m 16-day
SO2301,Marka,SO23,Lower Shabelle,2017-11-01,0.37843600000000005,0.3569,0.255417052631579,0.23750000000000002,0.37372147915027537,475,0.12903225806451613,0.05507474429583006,pixel_reliability=0 AND MODLAND_QA(bits0-1)=0 AND VI range -2000..10000,MOD13Q1 V061 Terra 250m 16-day
SO2301,Marka,SO23,Lower Shabelle,2017-11-17,0.4239155102040816,0.41475,0.26837000000000005,0.26475000000000004,0.38552321007081036,490,0.14004720692368214,0.010228166797797011,pixel_reliability=0 AND MODLAND_QA(bits0-1)=0 AND VI range -2000..10000,MOD13Q1 V061 Terra 250m 16-day
SO2301,Marka,SO23,Lower Shabelle,2017-12-03,0.4135031189083821,0.39940000000000003,0.2770651072124756,0.2713,0.4036191974822974,513,0.13375295043273014,0.024390243902439025,pixel_reliability=0 AND MODLAND_QA(bits0-1)=0 AND VI range -2000..10000,MOD13Q1 V061 Terra 250m 16-day
SO2301,Marka,SO23,Lower Shabelle,2017-12-19,0.38035893271461724,0.3592,0.24500058004640374,0.23415000000000002,0.6782061369000787,862,0.02753737214791503,0.0023603461841070024,pixel_reliability=0 AND MODLAND_QA(bits0-1)=0 AND VI range -2000..10000,MOD13Q1 V061 Terra 250m 16-day
SO2302,Afgooye,SO23,Lower Shabelle,2017-01-01,0.2924520179372197,0.2733,0.1762965777672882,0.1661,0.9691216834400732,4237,0.0098353156450137,0.0,pixel_reliability=0 AND MODLAND_QA(bits0-1)=0 AND VI range -2000..10000,MOD13Q1 V061 Terra 250m 16-day
SO2302,Afgooye,SO23,Lower Shabelle,2017-01-17,0.2550682965299684,0.23955,0.1682850683491062,0.1616,0.4350411710887465,1902,0.0130375114364135,0.0032021957913998,pixel_reliability=0 AND MODLAND_QA(bits0-1)=0 AND VI range -2000..10000,MOD13Q1 V061 Terra 250m 16-day
SO2302,Afgooye,SO23,Lower Shabelle,2017-02-02,0.2346404899135446,0.21635,0.142354562920269,0.1322,0.4762122598353156,2082,0.0121225983531564,0.0032021957913998,pixel_reliability=0 AND MODLAND_QA(bits0-1)=0 AND VI range -2000..10000,MOD13Q1 V061 Terra 250m 16-day
SO2302,Afgooye,SO23,Lower Shabelle,2017-02-18,0.2193446197991392,0.2056,0.134726944045911,0.1276,0.7971180237877402,3485,0.046203110704483,0.0013723696248856,pixel_reliability=0 AND MODLAND_QA(bits0-1)=0 AND VI range -2000..10000,MOD13Q1 V061 Terra 250m 16-day
SO2302,Afgooye,SO23,Lower Shabelle,2017-03-06,0.2042005784061696,0.1942,0.1378587403598971,0.1316,0.7118023787740164,3112,0.0709057639524245,0.0029734675205855,pixel_reliability=0 AND MODLAND_QA(bits0-1)=0 AND VI range -2000..10000,MOD13Q1 V061 Terra 250m 16-day
SO2302,Afgooye,SO23,Lower Shabelle,2017-03-22,0.2088711495116454,0.2003,0.1248805409466566,0.1209,0.9133119853613908,3993,0.0194419030192131,0.0020585544373284,pixel_reliability=0 AND MODLAND_QA(bits0-1)=0 AND VI range -2000..10000,MOD13Q1 V061 Terra 250m 16-day
SO2302,Afgooye,SO23,Lower Shabelle,2017-04-07,0.2101222113022113,0.1967,0.1374037837837838,0.1312,0.4654620311070448,2035,0.1653705397987191,0.0128087831655992,pixel_reliability=0 AND MODLAND_QA(bits0-1)=0 AND VI range -2000..10000,MOD13Q1 V061 Terra 250m 16-day
SO2302,Afgooye,SO23,Lower Shabelle,2017-04-23,0.2516063829787234,0.21555,0.1383372340425532,0.1244,0.0215004574565416,94,0.3668801463860933,0.2708142726440988,pixel_reliability=0 AND MODLAND_QA(bits0-1)=0 AND VI range -2000..10000,MOD13Q1 V061 Terra 250m 16-day
SO2302,Afgooye,SO23,Lower Shabelle,2017-05-09,0.2996820143884892,0.2963,0.1948503597122302,0.1912,0.0317932296431838,139,0.4903934126258005,0.1411253430924062,pixel_reliability=0 AND MODLAND_QA(bits0-1)=0 AND VI range -2000..10000,MOD13Q1 V061 Terra 250m 16-day
SO2302,Afgooye,SO23,Lower Shabelle,2017-05-25,0.3101297872340426,0.3116,0.183495744680851,0.1891,0.0107502287282708,47,0.3954711802378774,0.2721866422689844,pixel_reliability=0 AND MODLAND_QA(bits0-1)=0 AND VI range -2000..10000,MOD13Q1 V061 Terra 250m 16-day
SO2302,Afgooye,SO23,Lower Shabelle,2017-06-10,0.2779992805755396,0.2774,0.1719007194244604,0.1748,0.0317932296431838,139,0.4682067703568161,0.1360933211344922,pixel_reliability=0 AND MODLAND_QA(bits0-1)=0 AND VI range -2000..10000,MOD13Q1 V061 Terra 250m 16-day
SO2302,Afgooye,SO23,Lower Shabelle,2017-06-26,0.2419045454545454,0.22875,0.155590909090909,0.146,0.0150960658737419,66,0.5311070448307411,0.1832113449222324,pixel_reliability=0 AND MODLAND_QA(bits0-1)=0 AND VI range -2000..10000,MOD13Q1 V061 Terra 250m 16-day
SO2302,Afgooye,SO23,Lower Shabelle,2017-07-12,0.2368285714285714,0.2257,0.1509,0.1554,0.0016010978956999,7,0.3138151875571821,0.4338975297346752,pixel_reliability=0 AND MODLAND_QA(bits0-1)=0 AND VI range -2000..10000,MOD13Q1 V061 Terra 250m 16-day
SO2302,Afgooye,SO23,Lower Shabelle,2017-07-28,0.2471268656716418,0.22245,0.1446335820895522,0.1371,0.0306495882891125,134,0.4316102470265325,0.2150045745654162,pixel_reliability=0 AND MODLAND_QA(bits0-1)=0 AND VI range -2000..10000,MOD13Q1 V061 Terra 250m 16-day
SO2302,Afgooye,SO23,Lower Shabelle,2017-08-13,0.2842508771929825,0.2705,0.1853666666666666,0.1683,0.0130375114364135,57,0.3700823421774931,0.312900274473925,pixel_reliability=0 AND MODLAND_QA(bits0-1)=0 AND VI range -2000..10000,MOD13Q1 V061 Terra 250m 16-day
SO2302,Afgooye,SO23,Lower Shabelle,2017-08-29,0.205,0.1813,0.1338341463414634,0.112,0.0093778591033851,41,0.3899817017383348,0.3209057639524245,pixel_reliability=0 AND MODLAND_QA(bits0-1)=0 AND VI range -2000..10000,MOD13Q1 V061 Terra 250m 16-day
SO2302,Afgooye,SO23,Lower Shabelle,2017-09-14,0.2367679389312977,0.1936,0.1507886344359627,0.1155,0.2696706312900274,1179,0.192131747483989,0.1809240622140896,pixel_reliability=0 AND MODLAND_QA(bits0-1)=0 AND VI range -2000..10000,MOD13Q1 V061 Terra 250m 16-day
SO2302,Afgooye,SO23,Lower Shabelle,2017-09-30,0.2406406182602444,0.2103,0.1268721782890007,0.1104,0.3181610247026532,1391,0.164455626715462,0.2053979871912168,pixel_reliability=0 AND MODLAND_QA(bits0-1)=0 AND VI range -2000..10000,MOD13Q1 V061 Terra 250m 16-day
SO2302,Afgooye,SO23,Lower Shabelle,2017-10-16,0.1870142076502732,0.1797,0.1148196721311475,0.106,0.0418572735590118,183,0.4277218664226898,0.2913998170173833,pixel_reliability=0 AND MODLAND_QA(bits0-1)=0 AND VI range -2000..10000,MOD13Q1 V061 Terra 250m 16-day
SO2302,Afgooye,SO23,Lower Shabelle,2017-11-01,0.3549449726775957,0.34385,0.2301954098360656,0.22185,0.8371454711802379,3660,0.03453796889295517,0.006861848124428179,pixel_reliability=0 AND MODLAND_QA(bits0-1)=0 AND VI range -2000..10000,MOD13Q1 V061 Terra 250m 16-day
SO2302,Afgooye,SO23,Lower Shabelle,2017-11-17,0.4008304443359375,0.38705,0.2585964111328125,0.25035,0.9368709972552608,4096,0.016239707227813358,0.003888380603842635,pixel_reliability=0 AND MODLAND_QA(bits0-1)=0 AND VI range -2000..10000,MOD13Q1 V061 Terra 250m 16-day
SO2302,Afgooye,SO23,Lower Shabelle,2017-12-03,0.39064847350230414,0.37875000000000003,0.24081388248847926,0.23170000000000002,0.7941445562671546,3472,0.0368252516010979,0.005946935041171089,pixel_reliability=0 AND MODLAND_QA(bits0-1)=0 AND VI range -2000..10000,MOD13Q1 V061 Terra 250m 16-day
SO2302,Afgooye,SO23,Lower Shabelle,2017-12-19,0.32762581827064,0.3128,0.2072665852467025,0.19575,0.9364135407136323,4094,0.01738334858188472,0.012580054894784995,pixel_reliability=0 AND MODLAND_QA(bits0-1)=0 AND VI range -2000..10000,MOD13Q1 V061 Terra 250m 16-day
SO2303,Baraawe,SO23,Lower Shabelle,2017-01-01,0.2962468327402135,0.23885,0.1919564412811387,0.16345,0.7348326359832636,2810,0.0455020920502092,0.0002615062761506,pixel_reliability=0 AND MODLAND_QA(bits0-1)=0 AND VI range -2000..10000,MOD13Q1 V061 Terra 250m 16-day
SO2303,Baraawe,SO23,Lower Shabelle,2017-01-17,0.286861,0.2544,0.1826732,0.1655,0.5230125523012552,2000,0.1702405857740585,0.0067991631799163,pixel_reliability=0 AND MODLAND_QA(bits0-1)=0 AND VI range -2000..10000,MOD13Q1 V061 Terra 250m 16-day
SO2303,Baraawe,SO23,Lower Shabelle,2017-02-02,0.2227137515078407,0.1875,0.1484137515078407,0.1335,0.2167887029288702,829,0.4105648535564853,0.0211820083682008,pixel_reliability=0 AND MODLAND_QA(bits0-1)=0 AND VI range -2000..10000,MOD13Q1 V061 Terra 250m 16-day
SO2303,Baraawe,SO23,Lower Shabelle,2017-02-18,0.2393333801498127,0.20985,0.1510605337078651,0.14325,0.5585774058577406,2136,0.178347280334728,0.0005230125523012,pixel_reliability=0 AND MODLAND_QA(bits0-1)=0 AND VI range -2000..10000,MOD13Q1 V061 Terra 250m 16-day
SO2303,Baraawe,SO23,Lower Shabelle,2017-03-06,0.2324803778445685,0.2106,0.1429473164448261,0.1382,0.6090481171548117,2329,0.1153242677824267,0.0033995815899581,pixel_reliability=0 AND MODLAND_QA(bits0-1)=0 AND VI range -2000..10000,MOD13Q1 V061 Terra 250m 16-day
SO2303,Baraawe,SO23,Lower Shabelle,2017-03-22,0.219703123680878,0.2004,0.1412967074715069,0.1371,0.6195083682008368,2369,0.1038179916317991,0.0039225941422594,pixel_reliability=0 AND MODLAND_QA(bits0-1)=0 AND VI range -2000..10000,MOD13Q1 V061 Terra 250m 16-day
SO2303,Baraawe,SO23,Lower Shabelle,2017-04-07,0.1815597902097902,0.1741,0.1183262237762237,0.1143,0.1495815899581589,572,0.4270397489539749,0.0721757322175732,pixel_reliability=0 AND MODLAND_QA(bits0-1)=0 AND VI range -2000..10000,MOD13Q1 V061 Terra 250m 16-day
SO2303,Baraawe,SO23,Lower Shabelle,2017-04-23,0.1876561403508772,0.1825999999999999,0.1254609649122807,0.11595,0.0596234309623431,228,0.294194560669456,0.294194560669456,pixel_reliability=0 AND MODLAND_QA(bits0-1)=0 AND VI range -2000..10000,MOD13Q1 V061 Terra 250m 16-day
SO2303,Baraawe,SO23,Lower Shabelle,2017-05-09,0.2522761363636364,0.2228,0.1749829545454545,0.1409,0.0230125523012552,88,0.3321129707112971,0.2944560669456067,pixel_reliability=0 AND MODLAND_QA(bits0-1)=0 AND VI range -2000..10000,MOD13Q1 V061 Terra 250m 16-day
SO2303,Baraawe,SO23,Lower Shabelle,2017-05-25,0.3198153191489362,0.3552,0.2276761702127659,0.2357,0.0614539748953974,235,0.4615585774058577,0.1592573221757322,pixel_reliability=0 AND MODLAND_QA(bits0-1)=0 AND VI range -2000..10000,MOD13Q1 V061 Terra 250m 16-day
SO2303,Baraawe,SO23,Lower Shabelle,2017-06-10,0.3612600609756097,0.38585,0.234840243902439,0.2501,0.0857740585774058,328,0.3692468619246862,0.1618723849372385,pixel_reliability=0 AND MODLAND_QA(bits0-1)=0 AND VI range -2000..10000,MOD13Q1 V061 Terra 250m 16-day
SO2303,Baraawe,SO23,Lower Shabelle,2017-06-26,0.2950742424242424,0.32585,0.1975204545454545,0.20895,0.0345188284518828,132,0.4845711297071129,0.1652719665271966,pixel_reliability=0 AND MODLAND_QA(bits0-1)=0 AND VI range -2000..10000,MOD13Q1 V061 Terra 250m 16-day
SO2303,Baraawe,SO23,Lower Shabelle,2017-07-12,0.3296781316348195,0.3297,0.2012619957537154,0.2009,0.1231694560669456,471,0.2392782426778242,0.3308054393305439,pixel_reliability=0 AND MODLAND_QA(bits0-1)=0 AND VI range -2000..10000,MOD13Q1 V061 Terra 250m 16-day
SO2303,Baraawe,SO23,Lower Shabelle,2017-07-28,0.2712866071428571,0.28645,0.1828535714285714,0.1959,0.0292887029288702,112,0.4301778242677824,0.2010983263598326,pixel_reliability=0 AND MODLAND_QA(bits0-1)=0 AND VI range -2000..10000,MOD13Q1 V061 Terra 250m 16-day
SO2303,Baraawe,SO23,Lower Shabelle,2017-08-13,0.2529693811074919,0.2759,0.1613231270358306,0.1794,0.0802824267782426,307,0.2751046025104602,0.2486924686192468,pixel_reliability=0 AND MODLAND_QA(bits0-1)=0 AND VI range -2000..10000,MOD13Q1 V061 Terra 250m 16-day
SO2303,Baraawe,SO23,Lower Shabelle,2017-08-29,0.2155416309012875,0.2213,0.1417579399141631,0.1448,0.0609309623430962,233,0.3046548117154811,0.2586297071129707,pixel_reliability=0 AND MODLAND_QA(bits0-1)=0 AND VI range -2000..10000,MOD13Q1 V061 Terra 250m 16-day
SO2303,Baraawe,SO23,Lower Shabelle,2017-09-14,0.2564580286168522,0.2548,0.1593430047694753,0.1579,0.3289748953974895,1258,0.1673640167364016,0.1736401673640167,pixel_reliability=0 AND MODLAND_QA(bits0-1)=0 AND VI range -2000..10000,MOD13Q1 V061 Terra 250m 16-day
SO2303,Baraawe,SO23,Lower Shabelle,2017-09-30,0.2461631860126275,0.2379,0.142029528897523,0.1408,0.5384414225941423,2059,0.0928347280334728,0.1161087866108786,pixel_reliability=0 AND MODLAND_QA(bits0-1)=0 AND VI range -2000..10000,MOD13Q1 V061 Terra 250m 16-day
SO2303,Baraawe,SO23,Lower Shabelle,2017-10-16,0.1516301369863013,0.1525,0.1108780821917808,0.1081,0.0190899581589958,73,0.1867154811715481,0.5285041841004184,pixel_reliability=0 AND MODLAND_QA(bits0-1)=0 AND VI range -2000..10000,MOD13Q1 V061 Terra 250m 16-day
SO2303,Baraawe,SO23,Lower Shabelle,2017-11-01,0.3349781453362256,0.28945,0.22609219088937096,0.2023,0.48221757322175735,1844,0.17494769874476987,0.032426778242677826,pixel_reliability=0 AND MODLAND_QA(bits0-1)=0 AND VI range -2000..10000,MOD13Q1 V061 Terra 250m 16-day
SO2303,Baraawe,SO23,Lower Shabelle,2017-11-17,0.3443140995260664,0.3103,0.21635284360189577,0.2033,0.44142259414225943,1688,0.18305439330543932,0.01882845188284519,pixel_reliability=0 AND MODLAND_QA(bits0-1)=0 AND VI range -2000..10000,MOD13Q1 V061 Terra 250m 16-day
SO2303,Baraawe,SO23,Lower Shabelle,2017-12-03,0.35756699365262556,0.32270000000000004,0.23774910559723025,0.22210000000000002,0.45319037656903766,1733,0.1665794979079498,0.05360878661087866,pixel_reliability=0 AND MODLAND_QA(bits0-1)=0 AND VI range -2000..10000,MOD13Q1 V061 Terra 250m 16-day
SO2303,Baraawe,SO23,Lower Shabelle,2017-12-19,0.29809572553430824,0.2622,0.19280082489688793,0.1789,0.6974372384937239,2667,0.0672071129707113,0.00889121338912134,pixel_reliability=0 AND MODLAND_QA(bits0-1)=0 AND VI range -2000..10000,MOD13Q1 V061 Terra 250m 16-day
SO2304,Kurtunwaarey,SO23,Lower Shabelle,2017-01-01,0.479032147887324,0.5164500000000001,0.2807398943661972,0.29855,0.9776247848537004,2840,0.0024096385542168,0.0,pixel_reliability=0 AND MODLAND_QA(bits0-1)=0 AND VI range -2000..10000,MOD13Q1 V061 Terra 250m 16-day
SO2304,Kurtunwaarey,SO23,Lower Shabelle,2017-01-17,0.4216404820261438,0.44325,0.246188725490196,0.2569,0.8426850258175559,2448,0.0471600688468158,0.0,pixel_reliability=0 AND MODLAND_QA(bits0-1)=0 AND VI range -2000..10000,MOD13Q1 V061 Terra 250m 16-day
SO2304,Kurtunwaarey,SO23,Lower Shabelle,2017-02-02,0.3565063498566161,0.3768,0.2152788201556739,0.2269,0.8402753872633391,2441,0.0808950086058519,0.0,pixel_reliability=0 AND MODLAND_QA(bits0-1)=0 AND VI range -2000..10000,MOD13Q1 V061 Terra 250m 16-day
SO2304,Kurtunwaarey,SO23,Lower Shabelle,2017-02-18,0.3543167988107036,0.3655,0.2019698711595639,0.2081,0.6946643717728055,2018,0.1301204819277108,0.0,pixel_reliability=0 AND MODLAND_QA(bits0-1)=0 AND VI range -2000..10000,MOD13Q1 V061 Terra 250m 16-day
SO2304,Kurtunwaarey,SO23,Lower Shabelle,2017-03-06,0.3228505938242281,0.3485,0.1886207244655582,0.1981,0.5796901893287435,1684,0.1817555938037865,0.0051635111876075,pixel_reliability=0 AND MODLAND_QA(bits0-1)=0 AND VI range -2000..10000,MOD13Q1 V061 Terra 250m 16-day
SO2304,Kurtunwaarey,SO23,Lower Shabelle,2017-03-22,0.3197711632021229,0.3369,0.1760158779301194,0.1866,0.7783132530120482,2261,0.027538726333907,0.0,pixel_reliability=0 AND MODLAND_QA(bits0-1)=0 AND VI range -2000..10000,MOD13Q1 V061 Terra 250m 16-day
SO2304,Kurtunwaarey,SO23,Lower Shabelle,2017-04-07,0.2878800480769231,0.2305,0.1757146634615384,0.1334,0.1432013769363166,416,0.5769363166953528,0.0037865748709122,pixel_reliability=0 AND MODLAND_QA(bits0-1)=0 AND VI range -2000..10000,MOD13Q1 V061 Terra 250m 16-day
SO2304,Kurtunwaarey,SO23,Lower Shabelle,2017-04-23,0.227272972972973,0.1774,0.1305378378378378,0.0926,0.012736660929432,37,0.4912220309810671,0.1549053356282272,pixel_reliability=0 AND MODLAND_QA(bits0-1)=0 AND VI range -2000..10000,MOD13Q1 V061 Terra 250m 16-day
SO2304,Kurtunwaarey,SO23,Lower Shabelle,2017-05-09,0.6212188679245283,0.6919000000000001,0.382545283018868,0.4201,0.0182444061962134,53,0.504302925989673,0.1635111876075731,pixel_reliability=0 AND MODLAND_QA(bits0-1)=0 AND VI range -2000..10000,MOD13Q1 V061 Terra 250m 16-day
SO2304,Kurtunwaarey,SO23,Lower Shabelle,2017-05-25,0.3706538461538461,0.2365,0.2135461538461538,0.1404,0.0044750430292598,13,0.5301204819277109,0.1390705679862306,pixel_reliability=0 AND MODLAND_QA(bits0-1)=0 AND VI range -2000..10000,MOD13Q1 V061 Terra 250m 16-day
SO2304,Kurtunwaarey,SO23,Lower Shabelle,2017-06-10,0.2707666666666666,0.221,0.1339333333333333,0.1101,0.002065404475043,6,0.412736660929432,0.270223752151463,pixel_reliability=0 AND MODLAND_QA(bits0-1)=0 AND VI range -2000..10000,MOD13Q1 V061 Terra 250m 16-day
SO2304,Kurtunwaarey,SO23,Lower Shabelle,2017-06-26,0.284535,0.25365,0.1476025,0.12975,0.0137693631669535,40,0.5208261617900172,0.1993115318416523,pixel_reliability=0 AND MODLAND_QA(bits0-1)=0 AND VI range -2000..10000,MOD13Q1 V061 Terra 250m 16-day
SO2304,Kurtunwaarey,SO23,Lower Shabelle,2017-07-12,,,,,0.0,0,0.1900172117039587,0.5590361445783133,pixel_reliability=0 AND MODLAND_QA(bits0-1)=0 AND VI range -2000..10000,MOD13Q1 V061 Terra 250m 16-day
SO2304,Kurtunwaarey,SO23,Lower Shabelle,2017-07-28,0.443471875,0.51105,0.242478125,0.28465,0.0110154905335628,32,0.470223752151463,0.216867469879518,pixel_reliability=0 AND MODLAND_QA(bits0-1)=0 AND VI range -2000..10000,MOD13Q1 V061 Terra 250m 16-day
SO2304,Kurtunwaarey,SO23,Lower Shabelle,2017-08-13,0.2531391304347826,0.2292,0.1306188405797101,0.1215,0.0237521514629948,69,0.4044750430292599,0.272289156626506,pixel_reliability=0 AND MODLAND_QA(bits0-1)=0 AND VI range -2000..10000,MOD13Q1 V061 Terra 250m 16-day
SO2304,Kurtunwaarey,SO23,Lower Shabelle,2017-08-29,0.24696,0.22525,0.13418,0.1196,0.0034423407917383,10,0.3091222030981067,0.3294320137693631,pixel_reliability=0 AND MODLAND_QA(bits0-1)=0 AND VI range -2000..10000,MOD13Q1 V061 Terra 250m 16-day
SO2304,Kurtunwaarey,SO23,Lower Shabelle,2017-09-14,0.3555201576576577,0.37905,0.1886076576576577,0.1968,0.6113597246127367,1776,0.1848537005163511,0.0110154905335628,pixel_reliability=0 AND MODLAND_QA(bits0-1)=0 AND VI range -2000..10000,MOD13Q1 V061 Terra 250m 16-day
SO2304,Kurtunwaarey,SO23,Lower Shabelle,2017-09-30,0.3389740665584415,0.35205,0.169664448051948,0.1794,0.8481927710843373,2464,0.0385542168674698,0.0,pixel_reliability=0 AND MODLAND_QA(bits0-1)=0 AND VI range -2000..10000,MOD13Q1 V061 Terra 250m 16-day
SO2304,Kurtunwaarey,SO23,Lower Shabelle,2017-10-16,0.2739714285714286,0.2604,0.1607,0.1498,0.0024096385542168,7,0.7087779690189329,0.0915662650602409,pixel_reliability=0 AND MODLAND_QA(bits0-1)=0 AND VI range -2000..10000,MOD13Q1 V061 Terra 250m 16-day
SO2304,Kurtunwaarey,SO23,Lower Shabelle,2017-11-01,0.6075647684938797,0.6626000000000001,0.39086423629590206,0.42660000000000003,0.646815834767642,1879,0.13907056798623063,0.00034423407917383823,pixel_reliability=0 AND MODLAND_QA(bits0-1)=0 AND VI range -2000..10000,MOD13Q1 V061 Terra 250m 16-day
SO2304,Kurtunwaarey,SO23,Lower Shabelle,2017-11-17,0.6024101162790698,0.6543,0.3368441860465117,0.36115,0.8881239242685026,2580,0.03166953528399311,0.0,pixel_reliability=0 AND MODLAND_QA(bits0-1)=0 AND VI range -2000..10000,MOD13Q1 V061 Terra 250m 16-day
SO2304,Kurtunwaarey,SO23,Lower Shabelle,2017-12-03,0.5368375648702595,0.5575,0.3144567265469062,0.32130000000000003,0.8623063683304647,2505,0.030292598967297763,0.0,pixel_reliability=0 AND MODLAND_QA(bits0-1)=0 AND VI range -2000..10000,MOD13Q1 V061 Terra 250m 16-day
SO2304,Kurtunwaarey,SO23,Lower Shabelle,2017-12-19,0.468631182408075,0.48535,0.2763041816870945,0.28300000000000003,0.9549053356282272,2774,0.008261617900172116,0.0,pixel_reliability=0 AND MODLAND_QA(bits0-1)=0 AND VI range -2000..10000,MOD13Q1 V061 Terra 250m 16-day
SO2305,Qoryooley,SO23,Lower Shabelle,2017-01-01,0.4097278201219512,0.4,0.2373534552845528,0.2295,0.9997459994919988,3936,0.0,0.0,pixel_reliability=0 AND MODLAND_QA(bits0-1)=0 AND VI range -2000..10000,MOD13Q1 V061 Terra 250m 16-day
SO2305,Qoryooley,SO23,Lower Shabelle,2017-01-17,0.3426204571428571,0.3305,0.2151221428571428,0.2105,0.889001778003556,3500,0.0203200406400812,0.0,pixel_reliability=0 AND MODLAND_QA(bits0-1)=0 AND VI range -2000..10000,MOD13Q1 V061 Terra 250m 16-day
SO2305,Qoryooley,SO23,Lower Shabelle,2017-02-02,0.305248565748367,0.2961,0.1817842090315251,0.1755,0.8943357886715774,3521,0.0228600457200914,0.0,pixel_reliability=0 AND MODLAND_QA(bits0-1)=0 AND VI range -2000..10000,MOD13Q1 V061 Terra 250m 16-day
SO2305,Qoryooley,SO23,Lower Shabelle,2017-02-18,0.3111835264900662,0.3159,0.1768193708609271,0.18,0.6136652273304547,2416,0.1247142494284988,0.0,pixel_reliability=0 AND MODLAND_QA(bits0-1)=0 AND VI range -2000..10000,MOD13Q1 V061 Terra 250m 16-day
SO2305,Qoryooley,SO23,Lower Shabelle,2017-03-06,0.2721877989263055,0.2663,0.1809592972181552,0.1826,0.5204470408940818,2049,0.1668783337566675,0.0,pixel_reliability=0 AND MODLAND_QA(bits0-1)=0 AND VI range -2000..10000,MOD13Q1 V061 Terra 250m 16-day
SO2305,Qoryooley,SO23,Lower Shabelle,2017-03-22,0.2781188934297391,0.2734,0.162502483495756,0.1626,0.8079756159512319,3181,0.0106680213360426,0.0,pixel_reliability=0 AND MODLAND_QA(bits0-1)=0 AND VI range -2000..10000,MOD13Q1 V061 Terra 250m 16-day
SO2305,Qoryooley,SO23,Lower Shabelle,2017-04-07,0.268252652259332,0.2646,0.1753471512770137,0.1749,0.1292862585725171,509,0.5913131826263652,0.0045720091440182,pixel_reliability=0 AND MODLAND_QA(bits0-1)=0 AND VI range -2000..10000,MOD13Q1 V061 Terra 250m 16-day
SO2305,Qoryooley,SO23,Lower Shabelle,2017-04-23,0.3368,0.3188,0.1847042553191489,0.1778,0.0119380238760477,47,0.4241808483616967,0.2082804165608331,pixel_reliability=0 AND MODLAND_QA(bits0-1)=0 AND VI range -2000..10000,MOD13Q1 V061 Terra 250m 16-day
SO2305,Qoryooley,SO23,Lower Shabelle,2017-05-09,0.4854627450980391,0.4519,0.2979274509803922,0.2793,0.0129540259080518,51,0.5430530861061722,0.1511303022606045,pixel_reliability=0 AND MODLAND_QA(bits0-1)=0 AND VI range -2000..10000,MOD13Q1 V061 Terra 250m 16-day
SO2305,Qoryooley,SO23,Lower Shabelle,2017-05-25,,,,,0.0,0,0.3787147574295149,0.2778765557531115,pixel_reliability=0 AND MODLAND_QA(bits0-1)=0 AND VI range -2000..10000,MOD13Q1 V061 Terra 250m 16-day
SO2305,Qoryooley,SO23,Lower Shabelle,2017-06-10,0.4339545454545454,0.41955,0.2612090909090909,0.2551,0.0055880111760223,22,0.4810769621539243,0.2186944373888747,pixel_reliability=0 AND MODLAND_QA(bits0-1)=0 AND VI range -2000..10000,MOD13Q1 V061 Terra 250m 16-day
SO2305,Qoryooley,SO23,Lower Shabelle,2017-06-26,0.4068222222222222,0.4255,0.2327111111111111,0.2407,0.0022860045720091,9,0.5204470408940818,0.2143764287528575,pixel_reliability=0 AND MODLAND_QA(bits0-1)=0 AND VI range -2000..10000,MOD13Q1 V061 Terra 250m 16-day
SO2305,Qoryooley,SO23,Lower Shabelle,2017-07-12,,,,,0.0,0,0.1793243586487173,0.5453390906781813,pixel_reliability=0 AND MODLAND_QA(bits0-1)=0 AND VI range -2000..10000,MOD13Q1 V061 Terra 250m 16-day
SO2305,Qoryooley,SO23,Lower Shabelle,2017-07-28,0.4341454545454546,0.4537,0.2233636363636364,0.237,0.0027940055880111,11,0.4886969773939548,0.2242824485648971,pixel_reliability=0 AND MODLAND_QA(bits0-1)=0 AND VI range -2000..10000,MOD13Q1 V061 Terra 250m 16-day
SO2305,Qoryooley,SO23,Lower Shabelle,2017-08-13,0.2512999999999999,0.2512999999999999,0.1255,0.1255,0.000508001016002,2,0.3865887731775463,0.3157226314452629,pixel_reliability=0 AND MODLAND_QA(bits0-1)=0 AND VI range -2000..10000,MOD13Q1 V061 Terra 250m 16-day
SO2305,Qoryooley,SO23,Lower Shabelle,2017-08-29,0.4055757575757576,0.4199,0.2379151515151515,0.2316,0.0083820167640335,33,0.2809245618491237,0.3751587503175006,pixel_reliability=0 AND MODLAND_QA(bits0-1)=0 AND VI range -2000..10000,MOD13Q1 V061 Terra 250m 16-day
SO2305,Qoryooley,SO23,Lower Shabelle,2017-09-14,0.3230971250971251,0.3272,0.1763996891996892,0.1784,0.3268986537973076,1287,0.3312166624333248,0.0259080518161036,pixel_reliability=0 AND MODLAND_QA(bits0-1)=0 AND VI range -2000..10000,MOD13Q1 V061 Terra 250m 16-day
SO2305,Qoryooley,SO23,Lower Shabelle,2017-09-30,0.29865446366782,0.2962,0.1532375432525951,0.153,0.7340614681229363,2890,0.1028702057404114,0.0213360426720853,pixel_reliability=0 AND MODLAND_QA(bits0-1)=0 AND VI range -2000..10000,MOD13Q1 V061 Terra 250m 16-day
SO2305,Qoryooley,SO23,Lower Shabelle,2017-10-16,0.4855075471698113,0.5036,0.3118075471698114,0.3189,0.0134620269240538,53,0.6098552197104394,0.1473202946405893,pixel_reliability=0 AND MODLAND_QA(bits0-1)=0 AND VI range -2000..10000,MOD13Q1 V061 Terra 250m 16-day
SO2305,Qoryooley,SO23,Lower Shabelle,2017-11-01,0.5409250599520384,0.5455,0.3446930055955236,0.34795000000000004,0.635509271018542,2502,0.11176022352044704,0.004572009144018288,pixel_reliability=0 AND MODLAND_QA(bits0-1)=0 AND VI range -2000..10000,MOD13Q1 V061 Terra 250m 16-day
SO2305,Qoryooley,SO23,Lower Shabelle,2017-11-17,0.5755977594643318,0.5730000000000001,0.32920267834148853,0.326,0.9862839725679451,3883,0.003556007112014224,0.0,pixel_reliability=0 AND MODLAND_QA(bits0-1)=0 AND VI range -2000..10000,MOD13Q1 V061 Terra 250m 16-day
SO2305,Qoryooley,SO23,Lower Shabelle,2017-12-03,0.4991370717344754,0.49410000000000004,0.28700157922912206,0.28165,0.9489458978917957,3736,0.004572009144018288,0.0,pixel_reliability=0 AND MODLAND_QA(bits0-1)=0 AND VI range -2000..10000,MOD13Q1 V061 Terra 250m 16-day
SO2305,Qoryooley,SO23,Lower Shabelle,2017-12-19,0.4339677304059229,0.4254,0.2582377584886393,0.2508,0.9949199898399796,3917,0.000254000508001016,0.0,pixel_reliability=0 AND MODLAND_QA(bits0-1)=0 AND VI range -2000..10000,MOD13Q1 V061 Terra 250m 16-day
SO2306,Sablaale,SO23,Lower Shabelle,2017-01-01,0.5204634467455622,0.5289,0.3096544526627219,0.3115,0.9465135816297956,6760,0.021422570708485,0.0,pixel_reliability=0 AND MODLAND_QA(bits0-1)=0 AND VI range -2000..10000,MOD13Q1 V061 Terra 250m 16-day
SO2306,Sablaale,SO23,Lower Shabelle,2017-01-17,0.4639120349104272,0.4683,0.2628348032460573,0.2628,0.9144497339680762,6531,0.0413049565947913,0.0,pixel_reliability=0 AND MODLAND_QA(bits0-1)=0 AND VI range -2000..10000,MOD13Q1 V061 Terra 250m 16-day
SO2306,Sablaale,SO23,Lower Shabelle,2017-02-02,0.3936175009409108,0.3941,0.2425472901768912,0.2423,0.7440492859143097,5314,0.1499579949593951,0.0001400168020162,pixel_reliability=0 AND MODLAND_QA(bits0-1)=0 AND VI range -2000..10000,MOD13Q1 V061 Terra 250m 16-day
SO2306,Sablaale,SO23,Lower Shabelle,2017-02-18,0.3749138500851788,0.373,0.2142980749574105,0.2129,0.8218986278353403,5870,0.0887706524782974,0.0,pixel_reliability=0 AND MODLAND_QA(bits0-1)=0 AND VI range -2000..10000,MOD13Q1 V061 Terra 250m 16-day
SO2306,Sablaale,SO23,Lower Shabelle,2017-03-06,0.3491713142094729,0.35015,0.202195797198132,0.2022,0.8395407448893867,5996,0.0569868384206104,0.0,pixel_reliability=0 AND MODLAND_QA(bits0-1)=0 AND VI range -2000..10000,MOD13Q1 V061 Terra 250m 16-day
SO2306,Sablaale,SO23,Lower Shabelle,2017-03-22,0.3397840572556762,0.3411,0.1950972194800921,0.19475,0.8510221226547185,6078,0.0613273592831139,0.0,pixel_reliability=0 AND MODLAND_QA(bits0-1)=0 AND VI range -2000..10000,MOD13Q1 V061 Terra 250m 16-day
SO2306,Sablaale,SO23,Lower Shabelle,2017-04-07,0.4157081803005008,0.4073,0.2598878130217029,0.2481,0.0838700644077289,599,0.7065247829739568,0.0058807056846821,pixel_reliability=0 AND MODLAND_QA(bits0-1)=0 AND VI range -2000..10000,MOD13Q1 V061 Terra 250m 16-day
SO2306,Sablaale,SO23,Lower Shabelle,2017-04-23,0.5837644970414202,0.5920000000000001,0.3595745562130177,0.3631,0.0236628395407448,169,0.577569308316998,0.1156538784654158,pixel_reliability=0 AND MODLAND_QA(bits0-1)=0 AND VI range -2000..10000,MOD13Q1 V061 Terra 250m 16-day
SO2306,Sablaale,SO23,Lower Shabelle,2017-05-09,0.7196881355932204,0.7230000000000001,0.4472169491525423,0.4434,0.0082609913189582,59,0.5662279473536824,0.1442173060767292,pixel_reliability=0 AND MODLAND_QA(bits0-1)=0 AND VI range -2000..10000,MOD13Q1 V061 Terra 250m 16-day
SO2306,Sablaale,SO23,Lower Shabelle,2017-05-25,0.5483142857142858,0.5675,0.3085,0.3144,0.0009801176141136,7,0.7684122094651358,0.0732287874544945,pixel_reliability=0 AND MODLAND_QA(bits0-1)=0 AND VI range -2000..10000,MOD13Q1 V061 Terra 250m 16-day
SO2306,Sablaale,SO23,Lower Shabelle,2017-06-10,0.6640285714285714,0.6621,0.3954714285714286,0.394,0.0068608232987958,49,0.5848501820218426,0.125595071408569,pixel_reliability=0 AND MODLAND_QA(bits0-1)=0 AND VI range -2000..10000,MOD13Q1 V061 Terra 250m 16-day
SO2306,Sablaale,SO23,Lower Shabelle,2017-06-26,0.5055333333333333,0.6053000000000001,0.3001,0.3549,0.0004200504060487,3,0.5413049565947914,0.1601792215065808,pixel_reliability=0 AND MODLAND_QA(bits0-1)=0 AND VI range -2000..10000,MOD13Q1 V061 Terra 250m 16-day
SO2306,Sablaale,SO23,Lower Shabelle,2017-07-12,0.5879,0.5879,0.3346,0.3346,0.0001400168020162,1,0.2215065807896947,0.5588070568468216,pixel_reliability=0 AND MODLAND_QA(bits0-1)=0 AND VI range -2000..10000,MOD13Q1 V061 Terra 250m 16-day
SO2306,Sablaale,SO23,Lower Shabelle,2017-07-28,0.5720155555555556,0.5802,0.3400266666666667,0.3523,0.0063007560907308,45,0.552086250350042,0.1785214225707085,pixel_reliability=0 AND MODLAND_QA(bits0-1)=0 AND VI range -2000..10000,MOD13Q1 V061 Terra 250m 16-day
SO2306,Sablaale,SO23,Lower Shabelle,2017-08-13,0.535,0.535,0.34345,0.34345,0.0002800336040324,2,0.3822458695043405,0.3139176701204144,pixel_reliability=0 AND MODLAND_QA(bits0-1)=0 AND VI range -2000..10000,MOD13Q1 V061 Terra 250m 16-day
SO2306,Sablaale,SO23,Lower Shabelle,2017-08-29,0.4196444444444445,0.4298,0.2508333333333333,0.2455,0.0012601512181461,9,0.3641837020442453,0.3028563427611313,pixel_reliability=0 AND MODLAND_QA(bits0-1)=0 AND VI range -2000..10000,MOD13Q1 V061 Terra 250m 16-day
SO2306,Sablaale,SO23,Lower Shabelle,2017-09-14,0.3912774208712002,0.3906,0.2085810404261987,0.20835,0.8935872304676561,6382,0.0408849061887426,0.0014001680201624,pixel_reliability=0 AND MODLAND_QA(bits0-1)=0 AND VI range -2000..10000,MOD13Q1 V061 Terra 250m 16-day
SO2306,Sablaale,SO23,Lower Shabelle,2017-09-30,0.3672832150101419,0.3675,0.1942626943881001,0.1944,0.8283394007280873,5916,0.0470456454774572,0.0,pixel_reliability=0 AND MODLAND_QA(bits0-1)=0 AND VI range -2000..10000,MOD13Q1 V061 Terra 250m 16-day
SO2306,Sablaale,SO23,Lower Shabelle,2017-10-16,0.3651666666666666,0.3697,0.2157666666666666,0.2276,0.0004200504060487,3,0.4530943713245589,0.2500700084010081,pixel_reliability=0 AND MODLAND_QA(bits0-1)=0 AND VI range -2000..10000,MOD13Q1 V061 Terra 250m 16-day
SO2306,Sablaale,SO23,Lower Shabelle,2017-11-01,0.6367217575304954,0.6403,0.4096502613890964,0.4101,0.562447493699244,4017,0.20078409409129094,0.0,pixel_reliability=0 AND MODLAND_QA(bits0-1)=0 AND VI range -2000..10000,MOD13Q1 V061 Terra 250m 16-day
SO2306,Sablaale,SO23,Lower Shabelle,2017-11-17,0.6289881402936379,0.6345000000000001,0.34732047308319736,0.3488,0.8583029963595632,6130,0.06034724166900028,0.00014001680201624196,pixel_reliability=0 AND MODLAND_QA(bits0-1)=0 AND VI range -2000..10000,MOD13Q1 V061 Terra 250m 16-day
SO2306,Sablaale,SO23,Lower Shabelle,2017-12-03,0.5471662105602061,0.549,0.3133988409529942,0.3114,0.869784374124895,6212,0.0547465695883506,0.0,pixel_reliability=0 AND MODLAND_QA(bits0-1)=0 AND VI range -2000..10000,MOD13Q1 V061 Terra 250m 16-day
SO2306,Sablaale,SO23,Lower Shabelle,2017-12-19,0.4749217287984554,0.47240000000000004,0.2812618892024358,0.2793,0.942733127975357,6733,0.024642957154858584,0.0,pixel_reliability=0 AND MODLAND_QA(bits0-1)=0 AND VI range -2000..10000,MOD13Q1 V061 Terra 250m 16-day
SO2307,Wanla Weyn,SO23,Lower Shabelle,2017-01-01,0.2351426295413937,0.2332,0.1385325491363907,0.1381,0.9875018379650052,6716,0.0020585208057638,0.0,pixel_reliability=0 AND MODLAND_QA(bits0-1)=0 AND VI range -2000..10000,MOD13Q1 V061 Terra 250m 16-day
SO2307,Wanla Weyn,SO23,Lower Shabelle,2017-01-17,0.2176701175040518,0.2169,0.1327595218800648,0.1315,0.7257756212321718,4936,0.0076459344214086,0.0,pixel_reliability=0 AND MODLAND_QA(bits0-1)=0 AND VI range -2000..10000,MOD13Q1 V061 Terra 250m 16-day
SO2307,Wanla Weyn,SO23,Lower Shabelle,2017-02-02,0.2036558464610605,0.202,0.1226105169735966,0.1235,0.6626966622555507,4507,0.0372004117041611,0.0,pixel_reliability=0 AND MODLAND_QA(bits0-1)=0 AND VI range -2000..10000,MOD13Q1 V061 Terra 250m 16-day
SO2307,Wanla Weyn,SO23,Lower Shabelle,2017-02-18,0.2053704909819639,0.2047,0.1248469438877755,0.1251,0.8804587560652846,5988,0.0222026172621673,0.0,pixel_reliability=0 AND MODLAND_QA(bits0-1)=0 AND VI range -2000..10000,MOD13Q1 V061 Terra 250m 16-day
SO2307,Wanla Weyn,SO23,Lower Shabelle,2017-03-06,0.1993972516248839,0.1981,0.1213980687093779,0.1214,0.7917953242170269,5385,0.0438170857226878,0.0,pixel_reliability=0 AND MODLAND_QA(bits0-1)=0 AND VI range -2000..10000,MOD13Q1 V061 Terra 250m 16-day
SO2307,Wanla Weyn,SO23,Lower Shabelle,2017-03-22,0.2063895871281117,0.2051,0.1220917273831208,0.122,0.968681076312307,6588,0.0024996324069989,0.0,pixel_reliability=0 AND MODLAND_QA(bits0-1)=0 AND VI range -2000..10000,MOD13Q1 V061 Terra 250m 16-day
SO2307,Wanla Weyn,SO23,Lower Shabelle,2017-04-07,0.2103313211543553,0.206,0.1365241990998147,0.1352,0.5553595059550066,3777,0.1151301279223643,0.002940744008234,pixel_reliability=0 AND MODLAND_QA(bits0-1)=0 AND VI range -2000..10000,MOD13Q1 V061 Terra 250m 16-day
SO2307,Wanla Weyn,SO23,Lower Shabelle,2017-04-23,0.2533454703832752,0.25105,0.1394306620209059,0.1359,0.0843993530363182,574,0.3999411851198353,0.1583590648434054,pixel_reliability=0 AND MODLAND_QA(bits0-1)=0 AND VI range -2000..10000,MOD13Q1 V061 Terra 250m 16-day
SO2307,Wanla Weyn,SO23,Lower Shabelle,2017-05-09,0.3681617486338797,0.3578,0.2288448087431694,0.228,0.0269078076753418,183,0.5274224378767828,0.1102779003087781,pixel_reliability=0 AND MODLAND_QA(bits0-1)=0 AND VI range -2000..10000,MOD13Q1 V061 Terra 250m 16-day
SO2307,Wanla Weyn,SO23,Lower Shabelle,2017-05-25,0.3716988505747126,0.3655,0.2173379310344827,0.2156,0.0127922364358182,87,0.419497132774592,0.2526099103073077,pixel_reliability=0 AND MODLAND_QA(bits0-1)=0 AND VI range -2000..10000,MOD13Q1 V061 Terra 250m 16-day
SO2307,Wanla Weyn,SO23,Lower Shabelle,2017-06-10,0.2972181818181818,0.28545,0.1821284090909091,0.17335,0.0129392736362299,88,0.5365387443023085,0.116306425525658,pixel_reliability=0 AND MODLAND_QA(bits0-1)=0 AND VI range -2000..10000,MOD13Q1 V061 Terra 250m 16-day
SO2307,Wanla Weyn,SO23,Lower Shabelle,2017-06-26,0.2718333333333333,0.26855,0.1674916666666666,0.1671,0.0017644464049404,12,0.2974562564328775,0.4177326863696515,pixel_reliability=0 AND MODLAND_QA(bits0-1)=0 AND VI range -2000..10000,MOD13Q1 V061 Terra 250m 16-day
SO2307,Wanla Weyn,SO23,Lower Shabelle,2017-07-12,0.2203,0.2302,0.15238,0.1499,0.0007351860020585,5,0.2145272754006763,0.5524187619467725,pixel_reliability=0 AND MODLAND_QA(bits0-1)=0 AND VI range -2000..10000,MOD13Q1 V061 Terra 250m 16-day
SO2307,Wanla Weyn,SO23,Lower Shabelle,2017-07-28,0.2318192592592592,0.2284,0.1349185185185185,0.1328,0.01985002205558,135,0.423467137185708,0.2098220849875018,pixel_reliability=0 AND MODLAND_QA(bits0-1)=0 AND VI range -2000..10000,MOD13Q1 V061 Terra 250m 16-day
SO2307,Wanla Weyn,SO23,Lower Shabelle,2017-08-13,0.3283619047619048,0.3346,0.1687583333333333,0.17105,0.0123511248345831,84,0.2734891927657697,0.4214086163799441,pixel_reliability=0 AND MODLAND_QA(bits0-1)=0 AND VI range -2000..10000,MOD13Q1 V061 Terra 250m 16-day
SO2307,Wanla Weyn,SO23,Lower Shabelle,2017-08-29,0.2272357142857142,0.2204,0.1519607142857142,0.1472,0.0041170416115277,28,0.4150860167622408,0.2571680635200706,pixel_reliability=0 AND MODLAND_QA(bits0-1)=0 AND VI range -2000..10000,MOD13Q1 V061 Terra 250m 16-day
SO2307,Wanla Weyn,SO23,Lower Shabelle,2017-09-14,0.2181844990929248,0.2098,0.1170628703890344,0.1108,0.7294515512424643,4961,0.0464637553300985,0.0358770769004558,pixel_reliability=0 AND MODLAND_QA(bits0-1)=0 AND VI range -2000..10000,MOD13Q1 V061 Terra 250m 16-day
SO2307,Wanla Weyn,SO23,Lower Shabelle,2017-09-30,0.2033579682047305,0.1988,0.1082935633966653,0.103,0.379208939861785,2579,0.2617262167328334,0.070577856197618,pixel_reliability=0 AND MODLAND_QA(bits0-1)=0 AND VI range -2000..10000,MOD13Q1 V061 Terra 250m 16-day
SO2307,Wanla Weyn,SO23,Lower Shabelle,2017-10-16,0.2390961224489796,0.21195,0.1431426530612245,0.12215,0.14409645640347,980,0.5613880311718865,0.028819291280694,pixel_reliability=0 AND MODLAND_QA(bits0-1)=0 AND VI range -2000..10000,MOD13Q1 V061 Terra 250m 16-day
SO2307,Wanla Weyn,SO23,Lower Shabelle,2017-11-01,0.4054234195402299,0.38575000000000004,0.2622759698275862,0.2508,0.8187031318923688,5568,0.04675782973092192,0.0,pixel_reliability=0 AND MODLAND_QA(bits0-1)=0 AND VI range -2000..10000,MOD13Q1 V061 Terra 250m 16-day
SO2307,Wanla Weyn,SO23,Lower Shabelle,2017-11-17,0.4308906464104856,0.4169,0.2668495829609771,0.2669,0.9872077635641817,6714,0.0016174092045287457,0.0,pixel_reliability=0 AND MODLAND_QA(bits0-1)=0 AND VI range -2000..10000,MOD13Q1 V061 Terra 250m 16-day
SO2307,Wanla Weyn,SO23,Lower Shabelle,2017-12-03,0.39486542159180466,0.39080000000000004,0.23764587864460204,0.2389,0.9329510366122629,6345,0.006322599617703279,0.0,pixel_reliability=0 AND MODLAND_QA(bits0-1)=0 AND VI range -2000..10000,MOD13Q1 V061 Terra 250m 16-day
SO2307,Wanla Weyn,SO23,Lower Shabelle,2017-12-19,0.3048503889886296,0.3028,0.18819842908438061,0.1888,0.9827966475518306,6684,0.0023525952065872667,0.0,pixel_reliability=0 AND MODLAND_QA(bits0-1)=0 AND VI range -2000..10000,MOD13Q1 V061 Terra 250m 16-day
SO2401,Baydhaba,SO24,Bay,2017-01-01,0.2796606274137814,0.2841,0.1380689748627956,0.1364,0.979427964695733,14759,0.0032517088061583,0.0,pixel_reliability=0 AND MODLAND_QA(bits0-1)=0 AND VI range -2000..10000,MOD13Q1 V061 Terra 250m 16-day
SO2401,Baydhaba,SO24,Bay,2017-01-17,0.2626006533278889,0.2679,0.1294372124676739,0.1299,0.9751144734222577,14694,0.0041144070608534,0.0,pixel_reliability=0 AND MODLAND_QA(bits0-1)=0 AND VI range -2000..10000,MOD13Q1 V061 Terra 250m 16-day
SO2401,Baydhaba,SO24,Bay,2017-02-02,0.2565178068337788,0.2606,0.1221721230947049,0.1245,0.9186409184418344,13843,0.0185148317738403,0.0,pixel_reliability=0 AND MODLAND_QA(bits0-1)=0 AND VI range -2000..10000,MOD13Q1 V061 Terra 250m 16-day
SO2401,Baydhaba,SO24,Bay,2017-02-18,0.2518626041302065,0.2561,0.1228103395169758,0.1249,0.9479726591014666,14285,0.0092242351848165,0.0,pixel_reliability=0 AND MODLAND_QA(bits0-1)=0 AND VI range -2000..10000,MOD13Q1 V061 Terra 250m 16-day
SO2401,Baydhaba,SO24,Bay,2017-03-06,0.2456943198594025,0.2497,0.1259743620386643,0.1286,0.9439909748490278,14225,0.0101532948437188,0.0,pixel_reliability=0 AND MODLAND_QA(bits0-1)=0 AND VI range -2000..10000,MOD13Q1 V061 Terra 250m 16-day
SO2401,Baydhaba,SO24,Bay,2017-03-22,0.2731072599694317,0.2714,0.1375553633458385,0.1359,0.9552060521600636,14394,0.0075652000796336,0.0,pixel_reliability=0 AND MODLAND_QA(bits0-1)=0 AND VI range -2000..10000,MOD13Q1 V061 Terra 250m 16-day
SO2401,Baydhaba,SO24,Bay,2017-04-07,0.3279758319012654,0.3137,0.1795736837994063,0.1662,0.8495586966620213,12802,0.0404140951622536,0.0,pixel_reliability=0 AND MODLAND_QA(bits0-1)=0 AND VI range -2000..10000,MOD13Q1 V061 Terra 250m 16-day
SO2401,Baydhaba,SO24,Bay,2017-04-23,0.417950959752322,0.4056,0.2142397523219814,0.20475,0.214347335589621,3230,0.4082553586833897,0.0434003583515827,pixel_reliability=0 AND MODLAND_QA(bits0-1)=0 AND VI range -2000..10000,MOD13Q1 V061 Terra 250m 16-day
SO2401,Baydhaba,SO24,Bay,2017-05-09,0.5122196521208422,0.5232,0.3010267927982911,0.3051,0.2174663215873647,3277,0.4588891100935696,0.0514300882606676,pixel_reliability=0 AND MODLAND_QA(bits0-1)=0 AND VI range -2000..10000,MOD13Q1 V061 Terra 250m 16-day
SO2401,Baydhaba,SO24,Bay,2017-05-25,0.4450635897435898,0.4479,0.2397887179487179,0.2447,0.0388214214612781,585,0.6569115402481916,0.07186940075652,pixel_reliability=0 AND MODLAND_QA(bits0-1)=0 AND VI range -2000..10000,MOD13Q1 V061 Terra 250m 16-day
SO2401,Baydhaba,SO24,Bay,2017-06-10,0.4230732782369146,0.4212,0.206706290174472,0.20065,0.1445351383635277,2178,0.5393854933970402,0.0277390669586568,pixel_reliability=0 AND MODLAND_QA(bits0-1)=0 AND VI range -2000..10000,MOD13Q1 V061 Terra 250m 16-day
SO2401,Baydhaba,SO24,Bay,2017-06-26,0.2895669841269842,0.29,0.1445857142857143,0.1417,0.0209038423253036,315,0.4105780078306457,0.2858185679208972,pixel_reliability=0 AND MODLAND_QA(bits0-1)=0 AND VI range -2000..10000,MOD13Q1 V061 Terra 250m 16-day
SO2401,Baydhaba,SO24,Bay,2017-07-12,0.255391891891892,0.2454,0.1392405405405405,0.1302,0.0024553719556705,37,0.3902714181432079,0.3306125157608335,pixel_reliability=0 AND MODLAND_QA(bits0-1)=0 AND VI range -2000..10000,MOD13Q1 V061 Terra 250m 16-day
SO2401,Baydhaba,SO24,Bay,2017-07-28,0.3017769230769231,0.2949,0.16584,0.1603,0.0086269825469506,130,0.8146525980489747,0.0458557303072533,pixel_reliability=0 AND MODLAND_QA(bits0-1)=0 AND VI range -2000..10000,MOD13Q1 V061 Terra 250m 16-day
SO2401,Baydhaba,SO24,Bay,2017-08-13,0.2633566351606805,0.2639,0.1397800756143667,0.1382,0.1755259141283429,2645,0.4895480788373482,0.0658305129736545,pixel_reliability=0 AND MODLAND_QA(bits0-1)=0 AND VI range -2000..10000,MOD13Q1 V061 Terra 250m 16-day
SO2401,Baydhaba,SO24,Bay,2017-08-29,0.2822068181818182,0.2797,0.1551922077922078,0.15125,0.0817572499834096,1232,0.5912801114871591,0.0708739796934103,pixel_reliability=0 AND MODLAND_QA(bits0-1)=0 AND VI range -2000..10000,MOD13Q1 V061 Terra 250m 16-day
SO2401,Baydhaba,SO24,Bay,2017-09-14,0.2760499231714813,0.274,0.1435559234787953,0.1431,0.8637600371623864,13016,0.032649810869998,0.0,pixel_reliability=0 AND MODLAND_QA(bits0-1)=0 AND VI range -2000..10000,MOD13Q1 V061 Terra 250m 16-day
SO2401,Baydhaba,SO24,Bay,2017-09-30,0.2961864768926206,0.2914,0.1434361662912144,0.1384,0.9721282102329284,14649,0.005308912336585,0.0,pixel_reliability=0 AND MODLAND_QA(bits0-1)=0 AND VI range -2000..10000,MOD13Q1 V061 Terra 250m 16-day
SO2401,Baydhaba,SO24,Bay,2017-10-16,0.4304013563986633,0.4318,0.2403325928838215,0.2401,0.3375804632026014,5087,0.3434866281770522,0.0001327228084146,pixel_reliability=0 AND MODLAND_QA(bits0-1)=0 AND VI range -2000..10000,MOD13Q1 V061 Terra 250m 16-day
SO2401,Baydhaba,SO24,Bay,2017-11-01,0.5500386945951,0.5765,0.33481372732373293,0.3539,0.7096688565930055,10694,0.09410047116596987,0.0,pixel_reliability=0 AND MODLAND_QA(bits0-1)=0 AND VI range -2000..10000,MOD13Q1 V061 Terra 250m 16-day
SO2401,Baydhaba,SO24,Bay,2017-11-17,0.5041627943700653,0.514,0.2776407895640233,0.2876,0.9665538522795142,14565,0.006105249187072798,0.0,pixel_reliability=0 AND MODLAND_QA(bits0-1)=0 AND VI range -2000..10000,MOD13Q1 V061 Terra 250m 16-day
SO2401,Baydhaba,SO24,Bay,2017-12-03,0.4270014084507042,0.4248,0.2300980701516793,0.227,0.9800252173335988,14768,0.004048045656646094,0.0,pixel_reliability=0 AND MODLAND_QA(bits0-1)=0 AND VI range -2000..10000,MOD13Q1 V061 Terra 250m 16-day
SO2401,Baydhaba,SO24,Bay,2017-12-19,0.35843278534523254,0.3509,0.18886022948399653,0.1834,0.988984006901586,14903,0.0013935894883535735,0.0,pixel_reliability=0 AND MODLAND_QA(bits0-1)=0 AND VI range -2000..10000,MOD13Q1 V061 Terra 250m 16-day
SO2402,Buur Hakaba,SO24,Bay,2017-01-01,0.3046029234780865,0.2916,0.1744889579781366,0.1632,0.9521581359816654,19942,0.0077349121466768,0.0,pixel_reliability=0 AND MODLAND_QA(bits0-1)=0 AND VI range -2000..10000,MOD13Q1 V061 Terra 250m 16-day
SO2402,Buur Hakaba,SO24,Bay,2017-01-17,0.2774494532941111,0.2676,0.1599788921574069,0.1516,0.8602463712757831,18017,0.0309396485867074,0.0,pixel_reliability=0 AND MODLAND_QA(bits0-1)=0 AND VI range -2000..10000,MOD13Q1 V061 Terra 250m 16-day
SO2402,Buur Hakaba,SO24,Bay,2017-02-02,0.2541471112600536,0.2488,0.1447415348525469,0.1362,0.712375859434683,14920,0.1057582123758594,0.0,pixel_reliability=0 AND MODLAND_QA(bits0-1)=0 AND VI range -2000..10000,MOD13Q1 V061 Terra 250m 16-day
SO2402,Buur Hakaba,SO24,Bay,2017-02-18,0.2545059111319617,0.2494,0.1451806514308692,0.137,0.7124236058059588,14921,0.0674656226126814,0.0,pixel_reliability=0 AND MODLAND_QA(bits0-1)=0 AND VI range -2000..10000,MOD13Q1 V061 Terra 250m 16-day
SO2402,Buur Hakaba,SO24,Bay,2017-03-06,0.2476856573457059,0.2441,0.1454818272404558,0.1385,0.7666634835752483,16057,0.0520912910618793,0.0,pixel_reliability=0 AND MODLAND_QA(bits0-1)=0 AND VI range -2000..10000,MOD13Q1 V061 Terra 250m 16-day
SO2402,Buur Hakaba,SO24,Bay,2017-03-22,0.2536352400657214,0.2488,0.1451770887847623,0.139,0.7846161191749427,16433,0.0479851031321619,0.0,pixel_reliability=0 AND MODLAND_QA(bits0-1)=0 AND VI range -2000..10000,MOD13Q1 V061 Terra 250m 16-day
SO2402,Buur Hakaba,SO24,Bay,2017-04-07,0.2939744163150492,0.2681,0.1838797890295359,0.16535,0.3394766997708174,7110,0.3353227654698243,0.0009071810542398,pixel_reliability=0 AND MODLAND_QA(bits0-1)=0 AND VI range -2000..10000,MOD13Q1 V061 Terra 250m 16-day
SO2402,Buur Hakaba,SO24,Bay,2017-04-23,0.3160249425287356,0.2751,0.1747448275862069,0.14855,0.0415393430099312,870,0.4842914438502674,0.1301566080977845,pixel_reliability=0 AND MODLAND_QA(bits0-1)=0 AND VI range -2000..10000,MOD13Q1 V061 Terra 250m 16-day
SO2402,Buur Hakaba,SO24,Bay,2017-05-09,0.5045794392523365,0.5101500000000001,0.3177226635514019,0.3167999999999999,0.0204354469060351,428,0.621466768525592,0.0768716577540107,pixel_reliability=0 AND MODLAND_QA(bits0-1)=0 AND VI range -2000..10000,MOD13Q1 V061 Terra 250m 16-day
SO2402,Buur Hakaba,SO24,Bay,2017-05-25,0.394878064516129,0.3807,0.2267832258064516,0.2175,0.0074006875477463,155,0.459511077158136,0.232381588999236,pixel_reliability=0 AND MODLAND_QA(bits0-1)=0 AND VI range -2000..10000,MOD13Q1 V061 Terra 250m 16-day
SO2402,Buur Hakaba,SO24,Bay,2017-06-10,0.4489335347432024,0.4464,0.2508229607250755,0.2535,0.0158040488922841,331,0.488779602750191,0.1616692131398013,pixel_reliability=0 AND MODLAND_QA(bits0-1)=0 AND VI range -2000..10000,MOD13Q1 V061 Terra 250m 16-day
SO2402,Buur Hakaba,SO24,Bay,2017-06-26,0.3383666666666667,0.331,0.1971333333333333,0.1936,0.0001432391138273,3,0.3161287242169595,0.3810160427807487,pixel_reliability=0 AND MODLAND_QA(bits0-1)=0 AND VI range -2000..10000,MOD13Q1 V061 Terra 250m 16-day
SO2402,Buur Hakaba,SO24,Bay,2017-07-12,,,,,0.0,0,0.1580404889228418,0.5947765469824293,pixel_reliability=0 AND MODLAND_QA(bits0-1)=0 AND VI range -2000..10000,MOD13Q1 V061 Terra 250m 16-day
SO2402,Buur Hakaba,SO24,Bay,2017-07-28,0.2870106598984772,0.2767,0.1692934010152284,0.1608,0.0094060351413292,197,0.4175897631779984,0.2311879297173414,pixel_reliability=0 AND MODLAND_QA(bits0-1)=0 AND VI range -2000..10000,MOD13Q1 V061 Terra 250m 16-day
SO2402,Buur Hakaba,SO24,Bay,2017-08-13,0.277934,0.2732,0.156286,0.1534,0.0023873185637891,50,0.2545836516424751,0.435064935064935,pixel_reliability=0 AND MODLAND_QA(bits0-1)=0 AND VI range -2000..10000,MOD13Q1 V061 Terra 250m 16-day
SO2402,Buur Hakaba,SO24,Bay,2017-08-29,0.2701604166666667,0.264,0.161975,0.1524,0.0045836516424751,96,0.3438216195569136,0.3144098548510313,pixel_reliability=0 AND MODLAND_QA(bits0-1)=0 AND VI range -2000..10000,MOD13Q1 V061 Terra 250m 16-day
SO2402,Buur Hakaba,SO24,Bay,2017-09-14,0.2688809937971952,0.2644,0.1439258292880259,0.1381,0.7081741787624141,14832,0.0613540870893812,0.0118888464476699,pixel_reliability=0 AND MODLAND_QA(bits0-1)=0 AND VI range -2000..10000,MOD13Q1 V061 Terra 250m 16-day
SO2402,Buur Hakaba,SO24,Bay,2017-09-30,0.3511599396253219,0.3435,0.1980241853857764,0.1934,0.5377673796791443,11263,0.2011077158135981,0.0078781512605042,pixel_reliability=0 AND MODLAND_QA(bits0-1)=0 AND VI range -2000..10000,MOD13Q1 V061 Terra 250m 16-day
SO2402,Buur Hakaba,SO24,Bay,2017-10-16,0.4109876877761414,0.41,0.2382885714285714,0.2386,0.1620989304812834,3395,0.6213235294117647,0.01494461420932,pixel_reliability=0 AND MODLAND_QA(bits0-1)=0 AND VI range -2000..10000,MOD13Q1 V061 Terra 250m 16-day
SO2402,Buur Hakaba,SO24,Bay,2017-11-01,0.5215555564588245,0.5219,0.33905927973335503,0.34590000000000004,0.5873281130634072,12301,0.15617838044308632,0.0,pixel_reliability=0 AND MODLAND_QA(bits0-1)=0 AND VI range -2000..10000,MOD13Q1 V061 Terra 250m 16-day
SO2402,Buur Hakaba,SO24,Bay,2017-11-17,0.5379261955011067,0.5387000000000001,0.3168230915735832,0.31970000000000004,0.9275687547746372,19427,0.013416730328495035,0.0,pixel_reliability=0 AND MODLAND_QA(bits0-1)=0 AND VI range -2000..10000,MOD13Q1 V061 Terra 250m 16-day
SO2402,Buur Hakaba,SO24,Bay,2017-12-03,0.472633301536831,0.4718,0.2720923211446741,0.27080000000000004,0.900974025974026,18870,0.02153361344537815,0.0,pixel_reliability=0 AND MODLAND_QA(bits0-1)=0 AND VI range -2000..10000,MOD13Q1 V061 Terra 250m 16-day
SO2402,Buur Hakaba,SO24,Bay,2017-12-19,0.3777833252450743,0.3695,0.22534257012520623,0.2194,0.9838617265087853,20606,0.002244079449961803,0.0,pixel_reliability=0 AND MODLAND_QA(bits0-1)=0 AND VI range -2000..10000,MOD13Q1 V061 Terra 250m 16-day
SO2403,Diinsoor,SO24,Bay,2017-01-01,0.3265653507161219,0.3151,0.1868715571061329,0.1792,0.9635527246992216,10892,0.0075194621372965,0.0,pixel_reliability=0 AND MODLAND_QA(bits0-1)=0 AND VI range -2000..10000,MOD13Q1 V061 Terra 250m 16-day
SO2403,Diinsoor,SO24,Bay,2017-01-17,0.2906153976311337,0.2809,0.1674499435984207,0.1605,0.9410828025477708,10638,0.0108811040339702,0.0,pixel_reliability=0 AND MODLAND_QA(bits0-1)=0 AND VI range -2000..10000,MOD13Q1 V061 Terra 250m 16-day
SO2403,Diinsoor,SO24,Bay,2017-02-02,0.2596510307998013,0.2536,0.1482411326378539,0.1428,0.7123142250530785,8052,0.1487968860580325,0.0,pixel_reliability=0 AND MODLAND_QA(bits0-1)=0 AND VI range -2000..10000,MOD13Q1 V061 Terra 250m 16-day
SO2403,Diinsoor,SO24,Bay,2017-02-18,0.2608465867579908,0.2542,0.1497275799086758,0.1442,0.7749469214437368,8760,0.0455590941259731,0.0,pixel_reliability=0 AND MODLAND_QA(bits0-1)=0 AND VI range -2000..10000,MOD13Q1 V061 Terra 250m 16-day
SO2403,Diinsoor,SO24,Bay,2017-03-06,0.2521906145624583,0.2463,0.1504281117791138,0.1454,0.7945859872611465,8982,0.0499823071479122,0.0,pixel_reliability=0 AND MODLAND_QA(bits0-1)=0 AND VI range -2000..10000,MOD13Q1 V061 Terra 250m 16-day
SO2403,Diinsoor,SO24,Bay,2017-03-22,0.2658223875351453,0.2612,0.1548421860356138,0.151,0.7551309271054494,8536,0.0536093418259023,0.0002653927813163,pixel_reliability=0 AND MODLAND_QA(bits0-1)=0 AND VI range -2000..10000,MOD13Q1 V061 Terra 250m 16-day
SO2403,Diinsoor,SO24,Bay,2017-04-07,0.3369316975060338,0.3334,0.2127429605792438,0.2131,0.3298832271762208,3729,0.3002476999292286,0.0004423213021939,pixel_reliability=0 AND MODLAND_QA(bits0-1)=0 AND VI range -2000..10000,MOD13Q1 V061 Terra 250m 16-day
SO2403,Diinsoor,SO24,Bay,2017-04-23,0.4090462765957446,0.4115,0.2582872340425532,0.2571,0.0166312809624911,188,0.440552016985138,0.1993984430290162,pixel_reliability=0 AND MODLAND_QA(bits0-1)=0 AND VI range -2000..10000,MOD13Q1 V061 Terra 250m 16-day
SO2403,Diinsoor,SO24,Bay,2017-05-09,0.5373943820224719,0.5325,0.3509831460674157,0.3534,0.0078733191790516,89,0.5287508846426043,0.1368542108987968,pixel_reliability=0 AND MODLAND_QA(bits0-1)=0 AND VI range -2000..10000,MOD13Q1 V061 Terra 250m 16-day
SO2403,Diinsoor,SO24,Bay,2017-05-25,0.5353354166666667,0.5599500000000001,0.3010916666666667,0.30995,0.0042462845010615,48,0.4493984430290162,0.2989207360226468,pixel_reliability=0 AND MODLAND_QA(bits0-1)=0 AND VI range -2000..10000,MOD13Q1 V061 Terra 250m 16-day
SO2403,Diinsoor,SO24,Bay,2017-06-10,0.4701947368421053,0.46125,0.28345,0.28855,0.0033616418966737,38,0.4102972399150743,0.245488322717622,pixel_reliability=0 AND MODLAND_QA(bits0-1)=0 AND VI range -2000..10000,MOD13Q1 V061 Terra 250m 16-day
SO2403,Diinsoor,SO24,Bay,2017-06-26,0.3843666666666667,0.4179,0.2460222222222222,0.2676,0.000796178343949,9,0.3715498938428874,0.2929936305732484,pixel_reliability=0 AND MODLAND_QA(bits0-1)=0 AND VI range -2000..10000,MOD13Q1 V061 Terra 250m 16-day
SO2403,Diinsoor,SO24,Bay,2017-07-12,,,,,0.0,0,0.1831210191082802,0.5874026893135174,pixel_reliability=0 AND MODLAND_QA(bits0-1)=0 AND VI range -2000..10000,MOD13Q1 V061 Terra 250m 16-day
SO2403,Diinsoor,SO24,Bay,2017-07-28,0.36539,0.3569,0.22609,0.21095,0.0008846426043878,10,0.431174805378627,0.2123142250530785,pixel_reliability=0 AND MODLAND_QA(bits0-1)=0 AND VI range -2000..10000,MOD13Q1 V061 Terra 250m 16-day
SO2403,Diinsoor,SO24,Bay,2017-08-13,,,,,0.0,0,0.2040870488322717,0.4877034677990092,pixel_reliability=0 AND MODLAND_QA(bits0-1)=0 AND VI range -2000..10000,MOD13Q1 V061 Terra 250m 16-day
SO2403,Diinsoor,SO24,Bay,2017-08-29,0.2590068833652008,0.2577,0.1477774378585086,0.1463,0.0462668082094833,523,0.4870842179759377,0.1079263977353149,pixel_reliability=0 AND MODLAND_QA(bits0-1)=0 AND VI range -2000..10000,MOD13Q1 V061 Terra 250m 16-day
SO2403,Diinsoor,SO24,Bay,2017-09-14,0.2729398839662448,0.2664,0.146717805907173,0.1425,0.8386411889596603,9480,0.0360934182590233,0.0010615711252653,pixel_reliability=0 AND MODLAND_QA(bits0-1)=0 AND VI range -2000..10000,MOD13Q1 V061 Terra 250m 16-day
SO2403,Diinsoor,SO24,Bay,2017-09-30,0.2824693434503109,0.2664,0.153562640952682,0.144,0.8394373673036093,9489,0.0290162774239207,0.0005307855626326,pixel_reliability=0 AND MODLAND_QA(bits0-1)=0 AND VI range -2000..10000,MOD13Q1 V061 Terra 250m 16-day
SO2403,Diinsoor,SO24,Bay,2017-10-16,0.3496362612612613,0.3572,0.2031771396396396,0.20925,0.078556263269639,888,0.5947452229299363,0.1328733191790516,pixel_reliability=0 AND MODLAND_QA(bits0-1)=0 AND VI range -2000..10000,MOD13Q1 V061 Terra 250m 16-day
SO2403,Diinsoor,SO24,Bay,2017-11-01,0.5123456751985879,0.5133,0.34131348190644306,0.34390000000000004,0.4009200283085633,4532,0.31687898089171973,0.00017692852087756547,pixel_reliability=0 AND MODLAND_QA(bits0-1)=0 AND VI range -2000..10000,MOD13Q1 V061 Terra 250m 16-day
SO2403,Diinsoor,SO24,Bay,2017-11-17,0.5229228225430833,0.5236000000000001,0.3034971308802981,0.3057,0.9496638358103326,10735,0.010084925690021231,0.0,pixel_reliability=0 AND MODLAND_QA(bits0-1)=0 AND VI range -2000..10000,MOD13Q1 V061 Terra 250m 16-day
SO2403,Diinsoor,SO24,Bay,2017-12-03,0.453107108223429,0.45065,0.2578233514352211,0.2577,0.9122434536447275,10312,0.020169851380042462,0.0,pixel_reliability=0 AND MODLAND_QA(bits0-1)=0 AND VI range -2000..10000,MOD13Q1 V061 Terra 250m 16-day
SO2403,Diinsoor,SO24,Bay,2017-12-19,0.3654019484658108,0.36100000000000004,0.21373821360284073,0.21180000000000002,0.9716029723991507,10983,0.005661712668082095,0.0,pixel_reliability=0 AND MODLAND_QA(bits0-1)=0 AND VI range -2000..10000,MOD13Q1 V061 Terra 250m 16-day
SO2404,Qansax Dheere,SO24,Bay,2017-01-01,0.2876034911399101,0.2832,0.157737900026448,0.1557,0.9864336029219932,3781,0.0015653535090007,0.0,pixel_reliability=0 AND MODLAND_QA(bits0-1)=0 AND VI range -2000..10000,MOD13Q1 V061 Terra 250m 16-day
SO2404,Qansax Dheere,SO24,Bay,2017-01-17,0.2636921165152325,0.26,0.1402905130946018,0.14,0.9762588051134882,3742,0.0026089225150013,0.0,pixel_reliability=0 AND MODLAND_QA(bits0-1)=0 AND VI range -2000..10000,MOD13Q1 V061 Terra 250m 16-day
SO2404,Qansax Dheere,SO24,Bay,2017-02-02,0.2397985915492957,0.239,0.1297195715962441,0.1319,0.8891207931124445,3408,0.0307852856770153,0.0,pixel_reliability=0 AND MODLAND_QA(bits0-1)=0 AND VI range -2000..10000,MOD13Q1 V061 Terra 250m 16-day
SO2404,Qansax Dheere,SO24,Bay,2017-02-18,0.23384083784554,0.2331,0.1268578227415218,0.1294,0.9154709105139576,3509,0.0096530133055048,0.0,pixel_reliability=0 AND MODLAND_QA(bits0-1)=0 AND VI range -2000..10000,MOD13Q1 V061 Terra 250m 16-day
SO2404,Qansax Dheere,SO24,Bay,2017-03-06,0.2229946454001709,0.2215,0.1270620051267445,0.1289,0.915992695016958,3511,0.0151317505870075,0.0,pixel_reliability=0 AND MODLAND_QA(bits0-1)=0 AND VI range -2000..10000,MOD13Q1 V061 Terra 250m 16-day
SO2404,Qansax Dheere,SO24,Bay,2017-03-22,0.2375527918781726,0.235,0.1355624365482233,0.1378,0.9251239238194624,3546,0.0104356900600052,0.0,pixel_reliability=0 AND MODLAND_QA(bits0-1)=0 AND VI range -2000..10000,MOD13Q1 V061 Terra 250m 16-day
SO2404,Qansax Dheere,SO24,Bay,2017-04-07,0.2999595383135621,0.288,0.1756814684193652,0.1665,0.8137229324289068,3119,0.0412209757370206,0.0,pixel_reliability=0 AND MODLAND_QA(bits0-1)=0 AND VI range -2000..10000,MOD13Q1 V061 Terra 250m 16-day
SO2404,Qansax Dheere,SO24,Bay,2017-04-23,0.3270155172413793,0.3294,0.1874155172413793,0.1934,0.0756587529350378,290,0.4294286459692147,0.118184189929559,pixel_reliability=0 AND MODLAND_QA(bits0-1)=0 AND VI range -2000..10000,MOD13Q1 V061 Terra 250m 16-day
SO2404,Qansax Dheere,SO24,Bay,2017-05-09,0.4428230769230769,0.447,0.2792807692307692,0.29245,0.0067831985390033,26,0.4826506652752413,0.1690581789720845,pixel_reliability=0 AND MODLAND_QA(bits0-1)=0 AND VI range -2000..10000,MOD13Q1 V061 Terra 250m 16-day
SO2404,Qansax Dheere,SO24,Bay,2017-05-25,0.3558741798941799,0.3465,0.1951612698412698,0.1927,0.2465431776676232,945,0.4917818940777459,0.0135663970780067,pixel_reliability=0 AND MODLAND_QA(bits0-1)=0 AND VI range -2000..10000,MOD13Q1 V061 Terra 250m 16-day
SO2404,Qansax Dheere,SO24,Bay,2017-06-10,0.3556114285714286,0.3662,0.1746228571428572,0.1771,0.0091312288025045,35,0.3790764414296895,0.264022958518132,pixel_reliability=0 AND MODLAND_QA(bits0-1)=0 AND VI range -2000..10000,MOD13Q1 V061 Terra 250m 16-day
SO2404,Qansax Dheere,SO24,Bay,2017-06-26,0.24554,0.24395,0.13762,0.13565,0.0026089225150013,10,0.3117662405426559,0.362118445082181,pixel_reliability=0 AND MODLAND_QA(bits0-1)=0 AND VI range -2000..10000,MOD13Q1 V061 Terra 250m 16-day
SO2404,Qansax Dheere,SO24,Bay,2017-07-12,0.2283,0.2324,0.1353461538461538,0.1364,0.0033915992695016,13,0.7722410644403861,0.070180015653535,pixel_reliability=0 AND MODLAND_QA(bits0-1)=0 AND VI range -2000..10000,MOD13Q1 V061 Terra 250m 16-day
SO2404,Qansax Dheere,SO24,Bay,2017-07-28,0.2301818181818181,0.2254,0.1332909090909091,0.13445,0.0057396295330028,22,0.8173754239499087,0.0487868510305243,pixel_reliability=0 AND MODLAND_QA(bits0-1)=0 AND VI range -2000..10000,MOD13Q1 V061 Terra 250m 16-day
SO2404,Qansax Dheere,SO24,Bay,2017-08-13,0.2263375,0.22555,0.1399691666666666,0.14175,0.0313070701800156,120,0.405948343334203,0.1987998956430994,pixel_reliability=0 AND MODLAND_QA(bits0-1)=0 AND VI range -2000..10000,MOD13Q1 V061 Terra 250m 16-day
SO2404,Qansax Dheere,SO24,Bay,2017-08-29,0.2211576470588235,0.2236,0.1274211764705883,0.1288,0.022175841377511,85,0.5611792329767806,0.0936603182885468,pixel_reliability=0 AND MODLAND_QA(bits0-1)=0 AND VI range -2000..10000,MOD13Q1 V061 Terra 250m 16-day
SO2404,Qansax Dheere,SO24,Bay,2017-09-14,0.2267202094240837,0.2223,0.1243250610820244,0.126,0.7474563005478737,2865,0.0506130967910253,0.0,pixel_reliability=0 AND MODLAND_QA(bits0-1)=0 AND VI range -2000..10000,MOD13Q1 V061 Terra 250m 16-day
SO2404,Qansax Dheere,SO24,Bay,2017-09-30,0.2270076386952885,0.2218,0.1201437412879843,0.1209,0.935820506130968,3587,0.0073049830420036,0.0,pixel_reliability=0 AND MODLAND_QA(bits0-1)=0 AND VI range -2000..10000,MOD13Q1 V061 Terra 250m 16-day
SO2404,Qansax Dheere,SO24,Bay,2017-10-16,0.2561714285714286,0.2493,0.1320902255639098,0.1289,0.0346986694495173,133,0.7571093138533785,0.0391338377250195,pixel_reliability=0 AND MODLAND_QA(bits0-1)=0 AND VI range -2000..10000,MOD13Q1 V061 Terra 250m 16-day
SO2404,Qansax Dheere,SO24,Bay,2017-11-01,0.4504317764804004,0.46540000000000004,0.2873789407839867,0.30195000000000005,0.6256196190973128,2398,0.15470910513957736,0.0,pixel_reliability=0 AND MODLAND_QA(bits0-1)=0 AND VI range -2000..10000,MOD13Q1 V061 Terra 250m 16-day
SO2404,Qansax Dheere,SO24,Bay,2017-11-17,0.45606445301736015,0.45780000000000004,0.2690251033342519,0.2743,0.9467779806939733,3629,0.012001043569006,0.0,pixel_reliability=0 AND MODLAND_QA(bits0-1)=0 AND VI range -2000..10000,MOD13Q1 V061 Terra 250m 16-day
SO2404,Qansax Dheere,SO24,Bay,2017-12-03,0.40697142470938086,0.39780000000000004,0.22885831305758314,0.22640000000000002,0.9650404382989826,3699,0.004435168275502218,0.0,pixel_reliability=0 AND MODLAND_QA(bits0-1)=0 AND VI range -2000..10000,MOD13Q1 V061 Terra 250m 16-day
SO2404,Qansax Dheere,SO24,Bay,2017-12-19,0.3326767123287671,0.32725000000000004,0.18852716016859855,0.18560000000000001,0.9903469866944952,3796,0.0005217845030002609,0.0,pixel_reliability=0 AND MODLAND_QA(bits0-1)=0 AND VI range -2000..10000,MOD13Q1 V061 Terra 250m 16-day
SO2501,Xudur,SO25,Bakool,2017-01-01,0.2182501326259947,0.2157,0.1210353409268216,0.1206,0.9876714439821236,6409,0.0007705347511172,0.0,pixel_reliability=0 AND MODLAND_QA(bits0-1)=0 AND VI range -2000..10000,MOD13Q1 V061 Terra 250m 16-day
SO2501,Xudur,SO25,Bakool,2017-01-17,0.2119038533541341,0.2094,0.1116543057722309,0.1115,0.987825550932347,6410,0.0001541069502234,0.0,pixel_reliability=0 AND MODLAND_QA(bits0-1)=0 AND VI range -2000..10000,MOD13Q1 V061 Terra 250m 16-day
SO2501,Xudur,SO25,Bakool,2017-02-02,0.1984637741505663,0.19565,0.1096500166555629,0.1098,0.9252581291416244,6004,0.0064724919093851,0.0,pixel_reliability=0 AND MODLAND_QA(bits0-1)=0 AND VI range -2000..10000,MOD13Q1 V061 Terra 250m 16-day
SO2501,Xudur,SO25,Bakool,2017-02-18,0.2012402568922305,0.1987,0.1104855576441102,0.1106,0.9838187702265372,6384,0.0007705347511172,0.0,pixel_reliability=0 AND MODLAND_QA(bits0-1)=0 AND VI range -2000..10000,MOD13Q1 V061 Terra 250m 16-day
SO2501,Xudur,SO25,Bakool,2017-03-06,0.1961344273164263,0.1931,0.1117118680590087,0.1116,0.9297272306981044,6033,0.001386962552011,0.0,pixel_reliability=0 AND MODLAND_QA(bits0-1)=0 AND VI range -2000..10000,MOD13Q1 V061 Terra 250m 16-day
SO2501,Xudur,SO25,Bakool,2017-03-22,0.2089890946502057,0.2052,0.1171769072491294,0.1165,0.9736477115117892,6318,0.0004623208506703,0.0,pixel_reliability=0 AND MODLAND_QA(bits0-1)=0 AND VI range -2000..10000,MOD13Q1 V061 Terra 250m 16-day
SO2501,Xudur,SO25,Bakool,2017-04-07,0.2194506391818472,0.2128,0.1252077341003515,0.1231,0.964401294498382,6258,0.0030821390044691,0.0,pixel_reliability=0 AND MODLAND_QA(bits0-1)=0 AND VI range -2000..10000,MOD13Q1 V061 Terra 250m 16-day
SO2501,Xudur,SO25,Bakool,2017-04-23,0.3221004350663476,0.321,0.1856770502501631,0.1863,0.708429650177223,4597,0.083988287871783,0.0058560641084912,pixel_reliability=0 AND MODLAND_QA(bits0-1)=0 AND VI range -2000..10000,MOD13Q1 V061 Terra 250m 16-day
SO2501,Xudur,SO25,Bakool,2017-05-09,0.3415106946810524,0.3349,0.2104045050160893,0.2092,0.8141470180305131,5283,0.0103251656649714,0.0,pixel_reliability=0 AND MODLAND_QA(bits0-1)=0 AND VI range -2000..10000,MOD13Q1 V061 Terra 250m 16-day
SO2501,Xudur,SO25,Bakool,2017-05-25,0.3138661825726141,0.3074,0.1750770228215767,0.17145,0.2971182000308214,1928,0.4278008938203113,0.0134073046694405,pixel_reliability=0 AND MODLAND_QA(bits0-1)=0 AND VI range -2000..10000,MOD13Q1 V061 Terra 250m 16-day
SO2501,Xudur,SO25,Bakool,2017-06-10,0.2838707491082045,0.28195,0.1641448275862068,0.1619,0.5184157805517029,3364,0.1501001695176452,0.0024657112035752,pixel_reliability=0 AND MODLAND_QA(bits0-1)=0 AND VI range -2000..10000,MOD13Q1 V061 Terra 250m 16-day
SO2501,Xudur,SO25,Bakool,2017-06-26,0.2376184255561894,0.2346,0.129178646130443,0.1255,0.8104484512251503,5259,0.0423794113114501,0.0,pixel_reliability=0 AND MODLAND_QA(bits0-1)=0 AND VI range -2000..10000,MOD13Q1 V061 Terra 250m 16-day
SO2501,Xudur,SO25,Bakool,2017-07-12,0.2264852102464959,0.2242,0.1250791203479942,0.123,0.3188472800123285,2069,0.3472029588534442,0.0591770688858067,pixel_reliability=0 AND MODLAND_QA(bits0-1)=0 AND VI range -2000..10000,MOD13Q1 V061 Terra 250m 16-day
SO2501,Xudur,SO25,Bakool,2017-07-28,0.2070825507246377,0.208,0.1199365217391304,0.1196,0.26583448913546,1725,0.3940514717213746,0.0,pixel_reliability=0 AND MODLAND_QA(bits0-1)=0 AND VI range -2000..10000,MOD13Q1 V061 Terra 250m 16-day
SO2501,Xudur,SO25,Bakool,2017-08-13,0.2042648819152378,0.2032,0.1186849886768036,0.1182,0.9526891662813992,6182,0.005085529357374,0.0,pixel_reliability=0 AND MODLAND_QA(bits0-1)=0 AND VI range -2000..10000,MOD13Q1 V061 Terra 250m 16-day
SO2501,Xudur,SO25,Bakool,2017-08-29,0.2003478114478115,0.1983,0.1233077182077182,0.123,0.59500693481276,3861,0.1209739559254122,0.0,pixel_reliability=0 AND MODLAND_QA(bits0-1)=0 AND VI range -2000..10000,MOD13Q1 V061 Terra 250m 16-day
SO2501,Xudur,SO25,Bakool,2017-09-14,0.2090725631192074,0.2042,0.1171613614573346,0.1158,0.964401294498382,6258,0.0040067807058098,0.0,pixel_reliability=0 AND MODLAND_QA(bits0-1)=0 AND VI range -2000..10000,MOD13Q1 V061 Terra 250m 16-day
SO2501,Xudur,SO25,Bakool,2017-09-30,0.2142191228070175,0.2054,0.1155953859649123,0.1113,0.878409616273694,5700,0.0394513792572045,0.0,pixel_reliability=0 AND MODLAND_QA(bits0-1)=0 AND VI range -2000..10000,MOD13Q1 V061 Terra 250m 16-day
SO2501,Xudur,SO25,Bakool,2017-10-16,0.3174898629078973,0.3009,0.1981768874300058,0.1883,0.7981198952072739,5179,0.0349822777007243,0.0004623208506703,pixel_reliability=0 AND MODLAND_QA(bits0-1)=0 AND VI range -2000..10000,MOD13Q1 V061 Terra 250m 16-day
SO2501,Xudur,SO25,Bakool,2017-11-01,0.3874020838440794,0.37670000000000003,0.24163596469722973,0.23870000000000002,0.6286022499614733,4079,0.031129603945137925,0.0,pixel_reliability=0 AND MODLAND_QA(bits0-1)=0 AND VI range -2000..10000,MOD13Q1 V061 Terra 250m 16-day
SO2501,Xudur,SO25,Bakool,2017-11-17,0.3281282055262342,0.3195,0.1939099348028563,0.1915,0.9927569733394976,6442,0.0004623208506703652,0.0,pixel_reliability=0 AND MODLAND_QA(bits0-1)=0 AND VI range -2000..10000,MOD13Q1 V061 Terra 250m 16-day
SO2501,Xudur,SO25,Bakool,2017-12-03,0.2744816122480862,0.2691,0.15845413216684895,0.1569,0.9864385883803359,6401,0.0010787486515641855,0.0,pixel_reliability=0 AND MODLAND_QA(bits0-1)=0 AND VI range -2000..10000,MOD13Q1 V061 Terra 250m 16-day
SO2501,Xudur,SO25,Bakool,2017-12-19,0.2373823037621923,0.23390000000000002,0.13542464777829386,0.13440000000000002,0.9953767914932964,6459,0.0001541069502234551,0.0,pixel_reliability=0 AND MODLAND_QA(bits0-1)=0 AND VI range -2000..10000,MOD13Q1 V061 Terra 250m 16-day
SO2502,Ceel Barde,SO25,Bakool,2017-01-01,0.2053964945682607,0.2108,0.1196735692686751,0.1225,0.9986578682473995,8929,0.0,0.0,pixel_reliability=0 AND MODLAND_QA(bits0-1)=0 AND VI range -2000..10000,MOD13Q1 V061 Terra 250m 16-day
SO2502,Ceel Barde,SO25,Bakool,2017-01-17,0.204708128988915,0.2101,0.111760743477774,0.1123,0.998881556872833,8931,0.0,0.0,pixel_reliability=0 AND MODLAND_QA(bits0-1)=0 AND VI range -2000..10000,MOD13Q1 V061 Terra 250m 16-day
SO2502,Ceel Barde,SO25,Bakool,2017-02-02,0.1932552865312082,0.2021,0.1166927971772721,0.12,0.9192484062185438,8219,0.003690862319651,0.0,pixel_reliability=0 AND MODLAND_QA(bits0-1)=0 AND VI range -2000..10000,MOD13Q1 V061 Terra 250m 16-day
SO2502,Ceel Barde,SO25,Bakool,2017-02-18,0.1950205572963294,0.2014,0.1144099373321396,0.1172,0.9994407784364164,8936,0.0,0.0,pixel_reliability=0 AND MODLAND_QA(bits0-1)=0 AND VI range -2000..10000,MOD13Q1 V061 Terra 250m 16-day
SO2502,Ceel Barde,SO25,Bakool,2017-03-06,0.1895654989862581,0.1966,0.1157880265825636,0.1185,0.992953808298848,8878,0.0002236886254333,0.0,pixel_reliability=0 AND MODLAND_QA(bits0-1)=0 AND VI range -2000..10000,MOD13Q1 V061 Terra 250m 16-day
SO2502,Ceel Barde,SO25,Bakool,2017-03-22,0.1968629882701287,0.2016,0.1184576699692517,0.1196,0.9821049099653284,8781,0.0,0.0,pixel_reliability=0 AND MODLAND_QA(bits0-1)=0 AND VI range -2000..10000,MOD13Q1 V061 Terra 250m 16-day
SO2502,Ceel Barde,SO25,Bakool,2017-04-07,0.2048819858315529,0.2034,0.1267994939840323,0.1237,0.9946314729895984,8893,0.0,0.0,pixel_reliability=0 AND MODLAND_QA(bits0-1)=0 AND VI range -2000..10000,MOD13Q1 V061 Terra 250m 16-day
SO2502,Ceel Barde,SO25,Bakool,2017-04-23,0.3072714696026807,0.2748,0.1822102920057443,0.1651,0.7009283077955486,6267,0.0728106475785706,0.0337769824404429,pixel_reliability=0 AND MODLAND_QA(bits0-1)=0 AND VI range -2000..10000,MOD13Q1 V061 Terra 250m 16-day
SO2502,Ceel Barde,SO25,Bakool,2017-05-09,0.3126698736637512,0.2959,0.1911723275024295,0.1801,0.9207023822838608,8232,0.0210267307907392,0.0090593893300525,pixel_reliability=0 AND MODLAND_QA(bits0-1)=0 AND VI range -2000..10000,MOD13Q1 V061 Terra 250m 16-day
SO2502,Ceel Barde,SO25,Bakool,2017-05-25,0.2791470800288392,0.2759,0.1661154830569574,0.16045,0.6205122469522425,5548,0.1138575103455989,0.0449614137121127,pixel_reliability=0 AND MODLAND_QA(bits0-1)=0 AND VI range -2000..10000,MOD13Q1 V061 Terra 250m 16-day
SO2502,Ceel Barde,SO25,Bakool,2017-06-10,0.2310387917329094,0.2266,0.1334379014308426,0.1316,0.7035007269880327,6290,0.181299630913768,0.0029079521306341,pixel_reliability=0 AND MODLAND_QA(bits0-1)=0 AND VI range -2000..10000,MOD13Q1 V061 Terra 250m 16-day
SO2502,Ceel Barde,SO25,Bakool,2017-06-26,0.207495530726257,0.2125,0.1186774177529484,0.1193,0.9009059389330052,8055,0.0139805390895872,0.0002236886254333,pixel_reliability=0 AND MODLAND_QA(bits0-1)=0 AND VI range -2000..10000,MOD13Q1 V061 Terra 250m 16-day
SO2502,Ceel Barde,SO25,Bakool,2017-07-12,0.1879252802690583,0.1867,0.1219382286995515,0.122,0.1995302538865898,1784,0.4555418856951124,0.0479812101554636,pixel_reliability=0 AND MODLAND_QA(bits0-1)=0 AND VI range -2000..10000,MOD13Q1 V061 Terra 250m 16-day
SO2502,Ceel Barde,SO25,Bakool,2017-07-28,0.1911853767070738,0.1961,0.118664630965168,0.1196,0.7288893859747232,6517,0.0729224918912873,0.0,pixel_reliability=0 AND MODLAND_QA(bits0-1)=0 AND VI range -2000..10000,MOD13Q1 V061 Terra 250m 16-day
SO2502,Ceel Barde,SO25,Bakool,2017-08-13,0.187993337091319,0.193,0.1181111724915445,0.1198,0.9920590537971145,8870,0.0001118443127166,0.0,pixel_reliability=0 AND MODLAND_QA(bits0-1)=0 AND VI range -2000..10000,MOD13Q1 V061 Terra 250m 16-day
SO2502,Ceel Barde,SO25,Bakool,2017-08-29,0.1882143881334981,0.1929,0.1206992830655129,0.1205,0.9048204898780896,8090,0.0126384073369869,0.0,pixel_reliability=0 AND MODLAND_QA(bits0-1)=0 AND VI range -2000..10000,MOD13Q1 V061 Terra 250m 16-day
SO2502,Ceel Barde,SO25,Bakool,2017-09-14,0.1967100956066469,0.2025,0.119351866605964,0.121,0.9826641315289116,8786,0.0007829101890168,0.0,pixel_reliability=0 AND MODLAND_QA(bits0-1)=0 AND VI range -2000..10000,MOD13Q1 V061 Terra 250m 16-day
SO2502,Ceel Barde,SO25,Bakool,2017-09-30,0.1998825545588432,0.2056,0.1199713616280626,0.1184,0.83536517168102,7469,0.0390336651381277,0.0,pixel_reliability=0 AND MODLAND_QA(bits0-1)=0 AND VI range -2000..10000,MOD13Q1 V061 Terra 250m 16-day
SO2502,Ceel Barde,SO25,Bakool,2017-10-16,0.3305893900501161,0.3164,0.2104867620095343,0.203,0.9149983223353092,8181,0.0147634492786041,0.00033553293815,pixel_reliability=0 AND MODLAND_QA(bits0-1)=0 AND VI range -2000..10000,MOD13Q1 V061 Terra 250m 16-day
SO2502,Ceel Barde,SO25,Bakool,2017-11-01,0.3831856390352093,0.38870000000000005,0.24918581924036595,0.25070000000000003,0.8068448719382619,7214,0.01990828766357231,0.0,pixel_reliability=0 AND MODLAND_QA(bits0-1)=0 AND VI range -2000..10000,MOD13Q1 V061 Terra 250m 16-day
SO2502,Ceel Barde,SO25,Bakool,2017-11-17,0.32021892363129145,0.3113,0.19834134604207834,0.1918,0.962196622301756,8603,0.0036908623196510457,0.0,pixel_reliability=0 AND MODLAND_QA(bits0-1)=0 AND VI range -2000..10000,MOD13Q1 V061 Terra 250m 16-day
SO2502,Ceel Barde,SO25,Bakool,2017-12-03,0.2606651431779899,0.2564,0.1584757551937114,0.156,0.9959736047421989,8905,0.00011184431271669836,0.0,pixel_reliability=0 AND MODLAND_QA(bits0-1)=0 AND VI range -2000..10000,MOD13Q1 V061 Terra 250m 16-day
SO2502,Ceel Barde,SO25,Bakool,2017-12-19,0.22452135410828383,0.2225,0.1357918731083959,0.13440000000000002,0.9977631137456661,8921,0.00011184431271669836,0.0,pixel_reliability=0 AND MODLAND_QA(bits0-1)=0 AND VI range -2000..10000,MOD13Q1 V061 Terra 250m 16-day
SO2503,Tayeeglow,SO25,Bakool,2017-01-01,0.2587984377104377,0.2591,0.1286255892255892,0.1274,0.985663082437276,7425,0.0010619938935351,0.0,pixel_reliability=0 AND MODLAND_QA(bits0-1)=0 AND VI range -2000..10000,MOD13Q1 V061 Terra 250m 16-day
SO2503,Tayeeglow,SO25,Bakool,2017-01-17,0.2534391722948699,0.256,0.1168932030464147,0.1174,0.9238019381388556,6959,0.001194743130227,0.0,pixel_reliability=0 AND MODLAND_QA(bits0-1)=0 AND VI range -2000..10000,MOD13Q1 V061 Terra 250m 16-day
SO2503,Tayeeglow,SO25,Bakool,2017-02-02,0.2405563304900485,0.2437,0.1180552768021408,0.1185,0.7937076861808045,5979,0.0443382450550909,0.0,pixel_reliability=0 AND MODLAND_QA(bits0-1)=0 AND VI range -2000..10000,MOD13Q1 V061 Terra 250m 16-day
SO2503,Tayeeglow,SO25,Bakool,2017-02-18,0.2348853234179879,0.2363,0.1210035218184369,0.1224,0.9461038099030932,7127,0.0126111774857294,0.0,pixel_reliability=0 AND MODLAND_QA(bits0-1)=0 AND VI range -2000..10000,MOD13Q1 V061 Terra 250m 16-day
SO2503,Tayeeglow,SO25,Bakool,2017-03-06,0.2279664182138501,0.2271,0.1239054885485838,0.1247,0.9795566175494492,7379,0.0027877339705296,0.0,pixel_reliability=0 AND MODLAND_QA(bits0-1)=0 AND VI range -2000..10000,MOD13Q1 V061 Terra 250m 16-day
SO2503,Tayeeglow,SO25,Bakool,2017-03-22,0.2400261586272125,0.2402,0.1247785434400756,0.1249,0.9824771007566706,7401,0.0019912385503783,0.0,pixel_reliability=0 AND MODLAND_QA(bits0-1)=0 AND VI range -2000..10000,MOD13Q1 V061 Terra 250m 16-day
SO2503,Tayeeglow,SO25,Bakool,2017-04-07,0.2741609454545454,0.2456,0.150469309090909,0.1379,0.912651002256737,6875,0.0102216912252754,0.0,pixel_reliability=0 AND MODLAND_QA(bits0-1)=0 AND VI range -2000..10000,MOD13Q1 V061 Terra 250m 16-day
SO2503,Tayeeglow,SO25,Bakool,2017-04-23,0.3204013205828779,0.29405,0.1533171220400728,0.13905,0.2915173237753883,2196,0.2567370237621134,0.0702243462100093,pixel_reliability=0 AND MODLAND_QA(bits0-1)=0 AND VI range -2000..10000,MOD13Q1 V061 Terra 250m 16-day
SO2503,Tayeeglow,SO25,Bakool,2017-05-09,0.3600849212303076,0.3461,0.2049163165791448,0.19685,0.7078189300411523,5332,0.1407141908934023,0.0066374618345944,pixel_reliability=0 AND MODLAND_QA(bits0-1)=0 AND VI range -2000..10000,MOD13Q1 V061 Terra 250m 16-day
SO2503,Tayeeglow,SO25,Bakool,2017-05-25,0.276044873046875,0.2753,0.164363916015625,0.1644,0.2718704367449887,2048,0.4484269215452011,0.07168458781362,pixel_reliability=0 AND MODLAND_QA(bits0-1)=0 AND VI range -2000..10000,MOD13Q1 V061 Terra 250m 16-day
SO2503,Tayeeglow,SO25,Bakool,2017-06-10,0.304381328821901,0.3015,0.1592804060289142,0.159,0.4315677684853312,3251,0.2577990176556485,0.0076994557281295,pixel_reliability=0 AND MODLAND_QA(bits0-1)=0 AND VI range -2000..10000,MOD13Q1 V061 Terra 250m 16-day
SO2503,Tayeeglow,SO25,Bakool,2017-06-26,0.2566883611467693,0.253,0.1346994009413778,0.1327,0.3102349661489446,2337,0.3031992566042745,0.1417761847869375,pixel_reliability=0 AND MODLAND_QA(bits0-1)=0 AND VI range -2000..10000,MOD13Q1 V061 Terra 250m 16-day
SO2503,Tayeeglow,SO25,Bakool,2017-07-12,0.228351282051282,0.22245,0.1236358974358974,0.12505,0.0103544404619673,78,0.4192220894729855,0.3817868047258728,pixel_reliability=0 AND MODLAND_QA(bits0-1)=0 AND VI range -2000..10000,MOD13Q1 V061 Terra 250m 16-day
SO2503,Tayeeglow,SO25,Bakool,2017-07-28,0.2202044558071585,0.2206,0.1292879474068663,0.129,0.181733705031196,1369,0.5475906013540423,0.0504447099429178,pixel_reliability=0 AND MODLAND_QA(bits0-1)=0 AND VI range -2000..10000,MOD13Q1 V061 Terra 250m 16-day
SO2503,Tayeeglow,SO25,Bakool,2017-08-13,0.21865677116656,0.2168,0.1228405843463425,0.123,0.6224611708482676,4689,0.1628833134209478,0.0889419885835656,pixel_reliability=0 AND MODLAND_QA(bits0-1)=0 AND VI range -2000..10000,MOD13Q1 V061 Terra 250m 16-day
SO2503,Tayeeglow,SO25,Bakool,2017-08-29,0.2139731274638633,0.21035,0.1268048620236531,0.126,0.4040886764901101,3044,0.3159431833266958,0.0070357095446701,pixel_reliability=0 AND MODLAND_QA(bits0-1)=0 AND VI range -2000..10000,MOD13Q1 V061 Terra 250m 16-day
SO2503,Tayeeglow,SO25,Bakool,2017-09-14,0.2427806333917104,0.2416,0.1260196730881494,0.1258,0.9095977698128236,6852,0.014336917562724,0.0,pixel_reliability=0 AND MODLAND_QA(bits0-1)=0 AND VI range -2000..10000,MOD13Q1 V061 Terra 250m 16-day
SO2503,Tayeeglow,SO25,Bakool,2017-09-30,0.2766846105821757,0.2571,0.1364272670516622,0.1269,0.850524359484933,6407,0.0662418691092526,0.0005309969467675,pixel_reliability=0 AND MODLAND_QA(bits0-1)=0 AND VI range -2000..10000,MOD13Q1 V061 Terra 250m 16-day
SO2503,Tayeeglow,SO25,Bakool,2017-10-16,0.3624055529300567,0.3444,0.2225804820415879,0.2111,0.5617947696800744,4232,0.229656179476968,0.0,pixel_reliability=0 AND MODLAND_QA(bits0-1)=0 AND VI range -2000..10000,MOD13Q1 V061 Terra 250m 16-day
SO2503,Tayeeglow,SO25,Bakool,2017-11-01,0.4980124738259049,0.49595,0.29955172001196534,0.30560000000000004,0.88756139652197,6686,0.0314615690959777,0.0,pixel_reliability=0 AND MODLAND_QA(bits0-1)=0 AND VI range -2000..10000,MOD13Q1 V061 Terra 250m 16-day
SO2503,Tayeeglow,SO25,Bakool,2017-11-17,0.4152358223191171,0.4038,0.22954820820275243,0.2232,0.9742466480817735,7339,0.0047789725209080045,0.0,pixel_reliability=0 AND MODLAND_QA(bits0-1)=0 AND VI range -2000..10000,MOD13Q1 V061 Terra 250m 16-day
SO2503,Tayeeglow,SO25,Bakool,2017-12-03,0.34907676331759946,0.3432,0.1831668240053945,0.1776,0.9843355900703571,7415,0.0017257400769945573,0.0,pixel_reliability=0 AND MODLAND_QA(bits0-1)=0 AND VI range -2000..10000,MOD13Q1 V061 Terra 250m 16-day
SO2503,Tayeeglow,SO25,Bakool,2017-12-19,0.2917540277965187,0.2893,0.1514733909054109,0.1479,0.9838045931235896,7411,0.0025222354971458916,0.0,pixel_reliability=0 AND MODLAND_QA(bits0-1)=0 AND VI range -2000..10000,MOD13Q1 V061 Terra 250m 16-day
SO2504,Waajid,SO25,Bakool,2017-01-01,0.2182747736093143,0.21685,0.1263779107373868,0.1264,0.964140941690053,3092,0.0040536326785157,0.0,pixel_reliability=0 AND MODLAND_QA(bits0-1)=0 AND VI range -2000..10000,MOD13Q1 V061 Terra 250m 16-day
SO2504,Waajid,SO25,Bakool,2017-01-17,0.2091904807692308,0.2065,0.1211347756410256,0.1216,0.9728718428437793,3120,0.0031181789834736,0.0,pixel_reliability=0 AND MODLAND_QA(bits0-1)=0 AND VI range -2000..10000,MOD13Q1 V061 Terra 250m 16-day
SO2504,Waajid,SO25,Bakool,2017-02-02,0.2064916756368855,0.2032,0.1174445999282382,0.1178,0.8690364826941066,2787,0.036794512004989,0.0,pixel_reliability=0 AND MODLAND_QA(bits0-1)=0 AND VI range -2000..10000,MOD13Q1 V061 Terra 250m 16-day
SO2504,Waajid,SO25,Bakool,2017-02-18,0.2073642695173307,0.2037,0.1181657596371882,0.1187,0.9625818521983162,3087,0.0074836295603367,0.0,pixel_reliability=0 AND MODLAND_QA(bits0-1)=0 AND VI range -2000..10000,MOD13Q1 V061 Terra 250m 16-day
SO2504,Waajid,SO25,Bakool,2017-03-06,0.2000405923931336,0.1971,0.1195458094917536,0.1201,0.926410975990022,2971,0.0093545369504209,0.0,pixel_reliability=0 AND MODLAND_QA(bits0-1)=0 AND VI range -2000..10000,MOD13Q1 V061 Terra 250m 16-day
SO2504,Waajid,SO25,Bakool,2017-03-22,0.2160906520292748,0.2113,0.1261347305389221,0.1255,0.9373246024321796,3006,0.0037418147801683,0.0,pixel_reliability=0 AND MODLAND_QA(bits0-1)=0 AND VI range -2000..10000,MOD13Q1 V061 Terra 250m 16-day
SO2504,Waajid,SO25,Bakool,2017-04-07,0.2445545772187281,0.2334,0.1477254018169112,0.1413,0.892422825070159,2862,0.0208917991892734,0.0,pixel_reliability=0 AND MODLAND_QA(bits0-1)=0 AND VI range -2000..10000,MOD13Q1 V061 Terra 250m 16-day
SO2504,Waajid,SO25,Bakool,2017-04-23,0.3365045884923525,0.3125,0.1953174435542607,0.18745,0.8562519488618646,2746,0.0252572497661365,0.0003118178983473,pixel_reliability=0 AND MODLAND_QA(bits0-1)=0 AND VI range -2000..10000,MOD13Q1 V061 Terra 250m 16-day
SO2504,Waajid,SO25,Bakool,2017-05-09,0.3388567749160134,0.33,0.2194901829040687,0.2181,0.8353601496725912,2679,0.0604926722793888,0.0003118178983473,pixel_reliability=0 AND MODLAND_QA(bits0-1)=0 AND VI range -2000..10000,MOD13Q1 V061 Terra 250m 16-day
SO2504,Waajid,SO25,Bakool,2017-05-25,0.3304162352941176,0.3208,0.1834901176470588,0.1802,0.2650452135952603,850,0.3769878391019644,0.0087309011537262,pixel_reliability=0 AND MODLAND_QA(bits0-1)=0 AND VI range -2000..10000,MOD13Q1 V061 Terra 250m 16-day
SO2504,Waajid,SO25,Bakool,2017-06-10,0.2755314117647059,0.24975,0.1697028235294117,0.1611,0.2650452135952603,850,0.5263486124103524,0.0,pixel_reliability=0 AND MODLAND_QA(bits0-1)=0 AND VI range -2000..10000,MOD13Q1 V061 Terra 250m 16-day
SO2504,Waajid,SO25,Bakool,2017-06-26,0.2265615170494085,0.2191,0.1274206680584551,0.126,0.4480823199251637,1437,0.2753352042407234,0.0087309011537262,pixel_reliability=0 AND MODLAND_QA(bits0-1)=0 AND VI range -2000..10000,MOD13Q1 V061 Terra 250m 16-day
SO2504,Waajid,SO25,Bakool,2017-07-12,0.2068313541666667,0.2051,0.123221875,0.1224,0.2993451824134705,960,0.3557842220143436,0.0514499532273152,pixel_reliability=0 AND MODLAND_QA(bits0-1)=0 AND VI range -2000..10000,MOD13Q1 V061 Terra 250m 16-day
SO2504,Waajid,SO25,Bakool,2017-07-28,0.1920108843537415,0.1901,0.1211319727891156,0.1195,0.0458372310570626,147,0.8746492048643593,0.0,pixel_reliability=0 AND MODLAND_QA(bits0-1)=0 AND VI range -2000..10000,MOD13Q1 V061 Terra 250m 16-day
SO2504,Waajid,SO25,Bakool,2017-08-13,0.199007488622259,0.1965,0.1225827472072817,0.1225,0.7536638603055815,2417,0.0767072029934518,0.0003118178983473,pixel_reliability=0 AND MODLAND_QA(bits0-1)=0 AND VI range -2000..10000,MOD13Q1 V061 Terra 250m 16-day
SO2504,Waajid,SO25,Bakool,2017-08-29,0.191682911392405,0.19095,0.1189395569620253,0.1186,0.0985344558777673,316,0.6488930464608669,0.0003118178983473,pixel_reliability=0 AND MODLAND_QA(bits0-1)=0 AND VI range -2000..10000,MOD13Q1 V061 Terra 250m 16-day
SO2504,Waajid,SO25,Bakool,2017-09-14,0.2113089248067463,0.2051,0.1234202389318341,0.1226,0.8874337386966011,2846,0.033364515123168,0.0,pixel_reliability=0 AND MODLAND_QA(bits0-1)=0 AND VI range -2000..10000,MOD13Q1 V061 Terra 250m 16-day
SO2504,Waajid,SO25,Bakool,2017-09-30,0.2155020048392672,0.2074,0.1210830625648116,0.1182,0.9020891799189272,2893,0.0280636108512628,0.0,pixel_reliability=0 AND MODLAND_QA(bits0-1)=0 AND VI range -2000..10000,MOD13Q1 V061 Terra 250m 16-day
SO2504,Waajid,SO25,Bakool,2017-10-16,0.3371714140386572,0.3201,0.2064506612410986,0.20435,0.6130339881509199,1966,0.1630807608356719,0.0093545369504209,pixel_reliability=0 AND MODLAND_QA(bits0-1)=0 AND VI range -2000..10000,MOD13Q1 V061 Terra 250m 16-day
SO2504,Waajid,SO25,Bakool,2017-11-01,0.39229243697478994,0.37995,0.2535511029411765,0.2472,0.5937012784533833,1904,0.10321172435297786,0.0,pixel_reliability=0 AND MODLAND_QA(bits0-1)=0 AND VI range -2000..10000,MOD13Q1 V061 Terra 250m 16-day
SO2504,Waajid,SO25,Bakool,2017-11-17,0.3366831262262917,0.32580000000000003,0.20697027468933946,0.2039,0.9535391331462426,3058,0.008730901153726224,0.0,pixel_reliability=0 AND MODLAND_QA(bits0-1)=0 AND VI range -2000..10000,MOD13Q1 V061 Terra 250m 16-day
SO2504,Waajid,SO25,Bakool,2017-12-03,0.2705069105691057,0.25885,0.16059728997289974,0.1573,0.9204864359214219,2952,0.01933270969753664,0.0,pixel_reliability=0 AND MODLAND_QA(bits0-1)=0 AND VI range -2000..10000,MOD13Q1 V061 Terra 250m 16-day
SO2504,Waajid,SO25,Bakool,2017-12-19,0.23114174281984334,0.22285,0.13613328981723238,0.1342,0.9554100405363268,3064,0.007483629560336763,0.0,pixel_reliability=0 AND MODLAND_QA(bits0-1)=0 AND VI range -2000..10000,MOD13Q1 V061 Terra 250m 16-day
SO2505,Rab Dhuure,SO25,Bakool,2017-01-01,0.1579379162191192,0.15645,0.0930254296455424,0.0938,0.9812911725955203,3724,0.0005270092226613,0.0,pixel_reliability=0 AND MODLAND_QA(bits0-1)=0 AND VI range -2000..10000,MOD13Q1 V061 Terra 250m 16-day
SO2505,Rab Dhuure,SO25,Bakool,2017-01-17,0.1543528430836522,0.1533,0.0907092673592126,0.092,0.9638998682476944,3658,0.0028985507246376,0.0,pixel_reliability=0 AND MODLAND_QA(bits0-1)=0 AND VI range -2000..10000,MOD13Q1 V061 Terra 250m 16-day
SO2505,Rab Dhuure,SO25,Bakool,2017-02-02,0.1484233274126702,0.147,0.0857096506808762,0.0878,0.8901185770750988,3378,0.0181818181818181,0.0,pixel_reliability=0 AND MODLAND_QA(bits0-1)=0 AND VI range -2000..10000,MOD13Q1 V061 Terra 250m 16-day
SO2505,Rab Dhuure,SO25,Bakool,2017-02-18,0.153409715242881,0.1527,0.0900980737018425,0.092,0.9438735177865611,3582,0.0073781291172595,0.0,pixel_reliability=0 AND MODLAND_QA(bits0-1)=0 AND VI range -2000..10000,MOD13Q1 V061 Terra 250m 16-day
SO2505,Rab Dhuure,SO25,Bakool,2017-03-06,0.1477195210247842,0.1472,0.0890345029239766,0.0904,0.9462450592885376,3591,0.0036890645586297,0.0,pixel_reliability=0 AND MODLAND_QA(bits0-1)=0 AND VI range -2000..10000,MOD13Q1 V061 Terra 250m 16-day
SO2505,Rab Dhuure,SO25,Bakool,2017-03-22,0.1554337784090909,0.1523,0.0928699431818181,0.0931,0.927536231884058,3520,0.0036890645586297,0.0,pixel_reliability=0 AND MODLAND_QA(bits0-1)=0 AND VI range -2000..10000,MOD13Q1 V061 Terra 250m 16-day
SO2505,Rab Dhuure,SO25,Bakool,2017-04-07,0.1622837716843873,0.1572,0.096917963066592,0.0952,0.9417654808959156,3574,0.0084321475625823,0.0,pixel_reliability=0 AND MODLAND_QA(bits0-1)=0 AND VI range -2000..10000,MOD13Q1 V061 Terra 250m 16-day
SO2505,Rab Dhuure,SO25,Bakool,2017-04-23,0.1968101960784313,0.1787,0.1173126559714795,0.1067,0.7391304347826086,2805,0.0487483530961791,0.0005270092226613,pixel_reliability=0 AND MODLAND_QA(bits0-1)=0 AND VI range -2000..10000,MOD13Q1 V061 Terra 250m 16-day
SO2505,Rab Dhuure,SO25,Bakool,2017-05-09,0.2028417191435768,0.1852,0.127265459697733,0.1131,0.8368906455862978,3176,0.0371541501976284,0.0142292490118577,pixel_reliability=0 AND MODLAND_QA(bits0-1)=0 AND VI range -2000..10000,MOD13Q1 V061 Terra 250m 16-day
SO2505,Rab Dhuure,SO25,Bakool,2017-05-25,0.1851312007874015,0.16965,0.1058238188976378,0.0964,0.2677206851119895,1016,0.3275362318840579,0.0239789196310935,pixel_reliability=0 AND MODLAND_QA(bits0-1)=0 AND VI range -2000..10000,MOD13Q1 V061 Terra 250m 16-day
SO2505,Rab Dhuure,SO25,Bakool,2017-06-10,0.1731817694369973,0.1663,0.1021707774798927,0.0964,0.0982872200263504,373,0.7046113306982872,0.0039525691699604,pixel_reliability=0 AND MODLAND_QA(bits0-1)=0 AND VI range -2000..10000,MOD13Q1 V061 Terra 250m 16-day
SO2505,Rab Dhuure,SO25,Bakool,2017-06-26,0.1601781553398058,0.1539,0.089215105653912,0.0872,0.9227931488801054,3502,0.0213438735177865,0.0,pixel_reliability=0 AND MODLAND_QA(bits0-1)=0 AND VI range -2000..10000,MOD13Q1 V061 Terra 250m 16-day
SO2505,Rab Dhuure,SO25,Bakool,2017-07-12,0.1642450171821306,0.1587,0.0969257731958763,0.0957,0.0766798418972332,291,0.7098814229249012,0.0063241106719367,pixel_reliability=0 AND MODLAND_QA(bits0-1)=0 AND VI range -2000..10000,MOD13Q1 V061 Terra 250m 16-day
SO2505,Rab Dhuure,SO25,Bakool,2017-07-28,0.1379773623385452,0.1366,0.0871906186267845,0.087,0.3876152832674572,1471,0.3662714097496706,0.0002635046113306,pixel_reliability=0 AND MODLAND_QA(bits0-1)=0 AND VI range -2000..10000,MOD13Q1 V061 Terra 250m 16-day
SO2505,Rab Dhuure,SO25,Bakool,2017-08-13,0.143405152471083,0.1406,0.0886502628811777,0.0889,0.7517786561264822,2853,0.0374176548089591,0.0005270092226613,pixel_reliability=0 AND MODLAND_QA(bits0-1)=0 AND VI range -2000..10000,MOD13Q1 V061 Terra 250m 16-day
SO2505,Rab Dhuure,SO25,Bakool,2017-08-29,0.1394102928127773,0.1378,0.087828660159716,0.0869,0.296969696969697,1127,0.3193675889328063,0.0,pixel_reliability=0 AND MODLAND_QA(bits0-1)=0 AND VI range -2000..10000,MOD13Q1 V061 Terra 250m 16-day
SO2505,Rab Dhuure,SO25,Bakool,2017-09-14,0.1465685819416926,0.1446,0.0868021794508916,0.0871,0.9309617918313572,3533,0.0155467720685111,0.0,pixel_reliability=0 AND MODLAND_QA(bits0-1)=0 AND VI range -2000..10000,MOD13Q1 V061 Terra 250m 16-day
SO2505,Rab Dhuure,SO25,Bakool,2017-09-30,0.1447107359307359,0.1438,0.0824967388167388,0.0829,0.9130434782608696,3465,0.0131752305665349,0.0,pixel_reliability=0 AND MODLAND_QA(bits0-1)=0 AND VI range -2000..10000,MOD13Q1 V061 Terra 250m 16-day
SO2505,Rab Dhuure,SO25,Bakool,2017-10-16,0.1697603566529492,0.1587,0.1035737311385459,0.0969,0.7683794466403162,2916,0.036627140974967,0.0010540184453227,pixel_reliability=0 AND MODLAND_QA(bits0-1)=0 AND VI range -2000..10000,MOD13Q1 V061 Terra 250m 16-day
SO2505,Rab Dhuure,SO25,Bakool,2017-11-01,0.23583827667057444,0.23360000000000003,0.14782584994138334,0.1466,0.44953886693017125,1706,0.11488801054018445,0.0,pixel_reliability=0 AND MODLAND_QA(bits0-1)=0 AND VI range -2000..10000,MOD13Q1 V061 Terra 250m 16-day
SO2505,Rab Dhuure,SO25,Bakool,2017-11-17,0.2202022659022659,0.2164,0.1344757302757303,0.1325,0.9652173913043478,3663,0.003689064558629776,0.0,pixel_reliability=0 AND MODLAND_QA(bits0-1)=0 AND VI range -2000..10000,MOD13Q1 V061 Terra 250m 16-day
SO2505,Rab Dhuure,SO25,Bakool,2017-12-03,0.1859413563090606,0.1842,0.11157604224569205,0.1114,0.9480895915678524,3598,0.01080368906455863,0.0,pixel_reliability=0 AND MODLAND_QA(bits0-1)=0 AND VI range -2000..10000,MOD13Q1 V061 Terra 250m 16-day
SO2505,Rab Dhuure,SO25,Bakool,2017-12-19,0.16706529850746268,0.16770000000000002,0.09936244669509596,0.1004,0.98866930171278,3752,0.0005270092226613965,0.0,pixel_reliability=0 AND MODLAND_QA(bits0-1)=0 AND VI range -2000..10000,MOD13Q1 V061 Terra 250m 16-day
SO2601,Garbahaarey,SO26,Gedo,2017-01-01,0.2390510792860108,0.2379,0.1325619759236197,0.1318,0.9798657718120806,9636,0.0014236322961155,0.0,pixel_reliability=0 AND MODLAND_QA(bits0-1)=0 AND VI range -2000..10000,MOD13Q1 V061 Terra 250m 16-day
SO2601,Garbahaarey,SO26,Gedo,2017-01-17,0.2251236189876076,0.2251,0.1252345410628019,0.1253,0.9682733374008542,9522,0.0021354484441732,0.0,pixel_reliability=0 AND MODLAND_QA(bits0-1)=0 AND VI range -2000..10000,MOD13Q1 V061 Terra 250m 16-day
SO2601,Garbahaarey,SO26,Gedo,2017-02-02,0.220810731707317,0.221,0.1187999241192412,0.1192,0.938071995118975,9225,0.007524913565182,0.0,pixel_reliability=0 AND MODLAND_QA(bits0-1)=0 AND VI range -2000..10000,MOD13Q1 V061 Terra 250m 16-day
SO2601,Garbahaarey,SO26,Gedo,2017-02-18,0.2169312079426365,0.2179,0.12318333149476,0.1235,0.9218019117347976,9065,0.007524913565182,0.0,pixel_reliability=0 AND MODLAND_QA(bits0-1)=0 AND VI range -2000..10000,MOD13Q1 V061 Terra 250m 16-day
SO2601,Garbahaarey,SO26,Gedo,2017-03-06,0.2081944577006508,0.209,0.1214787527114967,0.122,0.9375635550132194,9220,0.005694529184462,0.0,pixel_reliability=0 AND MODLAND_QA(bits0-1)=0 AND VI range -2000..10000,MOD13Q1 V061 Terra 250m 16-day
SO2601,Garbahaarey,SO26,Gedo,2017-03-22,0.2181521212770516,0.2191,0.1288775551746303,0.1285,0.9491559894244458,9334,0.0036607687614399,0.0,pixel_reliability=0 AND MODLAND_QA(bits0-1)=0 AND VI range -2000..10000,MOD13Q1 V061 Terra 250m 16-day
SO2601,Garbahaarey,SO26,Gedo,2017-04-07,0.2581428299930892,0.24605,0.151282394609537,0.136,0.5885702664226155,5788,0.0704697986577181,0.0,pixel_reliability=0 AND MODLAND_QA(bits0-1)=0 AND VI range -2000..10000,MOD13Q1 V061 Terra 250m 16-day
SO2601,Garbahaarey,SO26,Gedo,2017-04-23,0.312904266211604,0.29175,0.1805027303754266,0.1711,0.0595891803945495,586,0.3147244254626805,0.2555419971527354,pixel_reliability=0 AND MODLAND_QA(bits0-1)=0 AND VI range -2000..10000,MOD13Q1 V061 Terra 250m 16-day
SO2601,Garbahaarey,SO26,Gedo,2017-05-09,0.2951316620241411,0.2849,0.1833264623955432,0.1778,0.1095179987797437,1077,0.4219035997559487,0.0819605450477933,pixel_reliability=0 AND MODLAND_QA(bits0-1)=0 AND VI range -2000..10000,MOD13Q1 V061 Terra 250m 16-day
SO2601,Garbahaarey,SO26,Gedo,2017-05-25,0.2889103416003744,0.2873,0.1596361722040243,0.1589,0.651921903599756,6411,0.0860280658938377,0.0111856823266219,pixel_reliability=0 AND MODLAND_QA(bits0-1)=0 AND VI range -2000..10000,MOD13Q1 V061 Terra 250m 16-day
SO2601,Garbahaarey,SO26,Gedo,2017-06-10,0.243061163032191,0.2437,0.1441060228452751,0.1432,0.0979255643685173,963,0.639719341061623,0.0452511694122432,pixel_reliability=0 AND MODLAND_QA(bits0-1)=0 AND VI range -2000..10000,MOD13Q1 V061 Terra 250m 16-day
SO2601,Garbahaarey,SO26,Gedo,2017-06-26,0.2282368217054264,0.2275,0.1266994944388271,0.1273,0.6034167175106773,5934,0.1674801708358755,0.0252186292454748,pixel_reliability=0 AND MODLAND_QA(bits0-1)=0 AND VI range -2000..10000,MOD13Q1 V061 Terra 250m 16-day
SO2601,Garbahaarey,SO26,Gedo,2017-07-12,0.2034704225352112,0.1983,0.1234661971830985,0.1198,0.0072198495017286,71,0.7377465934512915,0.0755541997152735,pixel_reliability=0 AND MODLAND_QA(bits0-1)=0 AND VI range -2000..10000,MOD13Q1 V061 Terra 250m 16-day
SO2601,Garbahaarey,SO26,Gedo,2017-07-28,0.2127103163686382,0.2073,0.1206553645116919,0.1186,0.1478543827537116,1454,0.5817571690054911,0.0262355094569859,pixel_reliability=0 AND MODLAND_QA(bits0-1)=0 AND VI range -2000..10000,MOD13Q1 V061 Terra 250m 16-day
SO2601,Garbahaarey,SO26,Gedo,2017-08-13,0.2069742452392011,0.2077,0.121077310729215,0.1222,0.4378686190766728,4306,0.1971730730119991,0.012202562538133,pixel_reliability=0 AND MODLAND_QA(bits0-1)=0 AND VI range -2000..10000,MOD13Q1 V061 Terra 250m 16-day
SO2601,Garbahaarey,SO26,Gedo,2017-08-29,0.2092930760164997,0.2114,0.1199530642309958,0.1209,0.3451291437868619,3394,0.268354687817775,0.0032540166768354,pixel_reliability=0 AND MODLAND_QA(bits0-1)=0 AND VI range -2000..10000,MOD13Q1 V061 Terra 250m 16-day
SO2601,Garbahaarey,SO26,Gedo,2017-09-14,0.2080721054316508,0.2085,0.1217357272436239,0.1229,0.9529184462070368,9371,0.0059995932479153,0.0,pixel_reliability=0 AND MODLAND_QA(bits0-1)=0 AND VI range -2000..10000,MOD13Q1 V061 Terra 250m 16-day
SO2601,Garbahaarey,SO26,Gedo,2017-09-30,0.2081898252716812,0.20705,0.1184562859578095,0.1181,0.9544437665243034,9386,0.0061012812690665,0.0001016880211511,pixel_reliability=0 AND MODLAND_QA(bits0-1)=0 AND VI range -2000..10000,MOD13Q1 V061 Terra 250m 16-day
SO2601,Garbahaarey,SO26,Gedo,2017-10-16,0.2782685633001422,0.269,0.1487327169274537,0.1422,0.2859467154769168,2812,0.5551149074639008,0.0118974984746796,pixel_reliability=0 AND MODLAND_QA(bits0-1)=0 AND VI range -2000..10000,MOD13Q1 V061 Terra 250m 16-day
SO2601,Garbahaarey,SO26,Gedo,2017-11-01,0.39321664152840624,0.39385000000000003,0.25642576671694317,0.2554,0.4045149481391092,3978,0.22361195851128737,0.001016880211511084,pixel_reliability=0 AND MODLAND_QA(bits0-1)=0 AND VI range -2000..10000,MOD13Q1 V061 Terra 250m 16-day
SO2601,Garbahaarey,SO26,Gedo,2017-11-17,0.36985696691368336,0.3685,0.22200869429078388,0.2182,0.9742729306487695,9581,0.002745576571079927,0.0,pixel_reliability=0 AND MODLAND_QA(bits0-1)=0 AND VI range -2000..10000,MOD13Q1 V061 Terra 250m 16-day
SO2601,Garbahaarey,SO26,Gedo,2017-12-03,0.2944055415086389,0.28805000000000003,0.17101459123472398,0.1633,0.9652226967663209,9492,0.004982713036404312,0.0,pixel_reliability=0 AND MODLAND_QA(bits0-1)=0 AND VI range -2000..10000,MOD13Q1 V061 Terra 250m 16-day
SO2601,Garbahaarey,SO26,Gedo,2017-12-19,0.2488708162622124,0.2474,0.14405691774346047,0.1399,0.9679682733374009,9519,0.002847264592231035,0.0,pixel_reliability=0 AND MODLAND_QA(bits0-1)=0 AND VI range -2000..10000,MOD13Q1 V061 Terra 250m 16-day
SO2602,Baardheere,SO26,Gedo,2017-01-01,0.2845813328701291,0.282,0.16552673846332,0.1622,0.974771418896038,17271,0.0047973811942657,0.0,pixel_reliability=0 AND MODLAND_QA(bits0-1)=0 AND VI range -2000..10000,MOD13Q1 V061 Terra 250m 16-day
SO2602,Baardheere,SO26,Gedo,2017-01-17,0.2591683727724219,0.2585,0.1492108384458077,0.1475,0.9659668134100914,17115,0.0046845016367535,0.0,pixel_reliability=0 AND MODLAND_QA(bits0-1)=0 AND VI range -2000..10000,MOD13Q1 V061 Terra 250m 16-day
SO2602,Baardheere,SO26,Gedo,2017-02-02,0.2461546732726299,0.2468,0.1386122121049812,0.1376,0.8429845355006208,14936,0.024381984422621,0.0,pixel_reliability=0 AND MODLAND_QA(bits0-1)=0 AND VI range -2000..10000,MOD13Q1 V061 Terra 250m 16-day
SO2602,Baardheere,SO26,Gedo,2017-02-18,0.2386194850337946,0.2405,0.1426915996137753,0.142,0.8767919629755051,15535,0.0180607292019415,0.0,pixel_reliability=0 AND MODLAND_QA(bits0-1)=0 AND VI range -2000..10000,MOD13Q1 V061 Terra 250m 16-day
SO2602,Baardheere,SO26,Gedo,2017-03-06,0.2261614014658538,0.2278,0.1428837043633125,0.1424,0.8239643300598262,14599,0.0341460661474207,0.0,pixel_reliability=0 AND MODLAND_QA(bits0-1)=0 AND VI range -2000..10000,MOD13Q1 V061 Terra 250m 16-day
SO2602,Baardheere,SO26,Gedo,2017-03-22,0.2366389820950232,0.2381,0.141457577893698,0.1406,0.8006547014335704,14186,0.0320013545546901,0.0014109944689016,pixel_reliability=0 AND MODLAND_QA(bits0-1)=0 AND VI range -2000..10000,MOD13Q1 V061 Terra 250m 16-day
SO2602,Baardheere,SO26,Gedo,2017-04-07,0.2727727272727273,0.2577,0.1773096147919876,0.167,0.3662941641268766,6490,0.274353764533243,0.038661248447906,pixel_reliability=0 AND MODLAND_QA(bits0-1)=0 AND VI range -2000..10000,MOD13Q1 V061 Terra 250m 16-day
SO2602,Baardheere,SO26,Gedo,2017-04-23,0.3384603896103896,0.33275,0.2082551948051948,0.2073,0.0086917259284343,154,0.3387515520939158,0.3508861045264702,pixel_reliability=0 AND MODLAND_QA(bits0-1)=0 AND VI range -2000..10000,MOD13Q1 V061 Terra 250m 16-day
SO2602,Baardheere,SO26,Gedo,2017-05-09,0.3775717391304348,0.37005,0.2501434782608696,0.26165,0.002596229822779,46,0.3566429619595891,0.3084433909019076,pixel_reliability=0 AND MODLAND_QA(bits0-1)=0 AND VI range -2000..10000,MOD13Q1 V061 Terra 250m 16-day
SO2602,Baardheere,SO26,Gedo,2017-05-25,0.3684924731182796,0.363,0.2075032258064516,0.2039,0.0052488994243142,93,0.3244722880686307,0.3384129134213794,pixel_reliability=0 AND MODLAND_QA(bits0-1)=0 AND VI range -2000..10000,MOD13Q1 V061 Terra 250m 16-day
SO2602,Baardheere,SO26,Gedo,2017-06-10,0.2582605797101449,0.2387,0.1637942028985507,0.1599,0.0194717236708432,345,0.3739699740377017,0.3009369003273507,pixel_reliability=0 AND MODLAND_QA(bits0-1)=0 AND VI range -2000..10000,MOD13Q1 V061 Terra 250m 16-day
SO2602,Baardheere,SO26,Gedo,2017-06-26,0.265436216839677,0.2685,0.1565982698961937,0.1541,0.0489332881815103,867,0.60576814538887,0.069703126763743,pixel_reliability=0 AND MODLAND_QA(bits0-1)=0 AND VI range -2000..10000,MOD13Q1 V061 Terra 250m 16-day
SO2602,Baardheere,SO26,Gedo,2017-07-12,0.2173357142857143,0.2194,0.1432142857142857,0.13955,0.0007901569025849,14,0.2679760695338074,0.5222372728298905,pixel_reliability=0 AND MODLAND_QA(bits0-1)=0 AND VI range -2000..10000,MOD13Q1 V061 Terra 250m 16-day
SO2602,Baardheere,SO26,Gedo,2017-07-28,0.2472155172413793,0.24295,0.1557741379310344,0.1501,0.0032735071678519,58,0.4609436731008014,0.2014900101591601,pixel_reliability=0 AND MODLAND_QA(bits0-1)=0 AND VI range -2000..10000,MOD13Q1 V061 Terra 250m 16-day
SO2602,Baardheere,SO26,Gedo,2017-08-13,0.2396210526315789,0.2412,0.1405447368421052,0.13855,0.0042894231854611,76,0.3441133310757421,0.3495315498363246,pixel_reliability=0 AND MODLAND_QA(bits0-1)=0 AND VI range -2000..10000,MOD13Q1 V061 Terra 250m 16-day
SO2602,Baardheere,SO26,Gedo,2017-08-29,0.2275324512534819,0.22985,0.1303689415041783,0.1298,0.0405237611468563,718,0.5814990405237611,0.1010836437521165,pixel_reliability=0 AND MODLAND_QA(bits0-1)=0 AND VI range -2000..10000,MOD13Q1 V061 Terra 250m 16-day
SO2602,Baardheere,SO26,Gedo,2017-09-14,0.2247578531073446,0.2276,0.1332559056164838,0.133,0.8491364713850321,15045,0.0323964330059826,0.0033299469466079,pixel_reliability=0 AND MODLAND_QA(bits0-1)=0 AND VI range -2000..10000,MOD13Q1 V061 Terra 250m 16-day
SO2602,Baardheere,SO26,Gedo,2017-09-30,0.2230745131839366,0.2246,0.1329164527868224,0.132,0.8840162546562818,15663,0.0262444971215712,0.0001693193362682,pixel_reliability=0 AND MODLAND_QA(bits0-1)=0 AND VI range -2000..10000,MOD13Q1 V061 Terra 250m 16-day
SO2602,Baardheere,SO26,Gedo,2017-10-16,0.2683108774235951,0.2422,0.1528182714426553,0.1342,0.1717462467547127,3043,0.479060842081499,0.0928998758324867,pixel_reliability=0 AND MODLAND_QA(bits0-1)=0 AND VI range -2000..10000,MOD13Q1 V061 Terra 250m 16-day
SO2602,Baardheere,SO26,Gedo,2017-11-01,0.4384425787106446,0.4433,0.29444527736131937,0.2982,0.03764533243029687,667,0.6307709673778079,0.10734845919403996,pixel_reliability=0 AND MODLAND_QA(bits0-1)=0 AND VI range -2000..10000,MOD13Q1 V061 Terra 250m 16-day
SO2602,Baardheere,SO26,Gedo,2017-11-17,0.4740204601377953,0.4777,0.3007615157480315,0.30160000000000003,0.9174850434586297,16256,0.02088271813974489,0.0,pixel_reliability=0 AND MODLAND_QA(bits0-1)=0 AND VI range -2000..10000,MOD13Q1 V061 Terra 250m 16-day
SO2602,Baardheere,SO26,Gedo,2017-12-03,0.4173701045597971,0.4163,0.25487786920744915,0.2534,0.9122361440343154,16163,0.022237272829890506,0.0,pixel_reliability=0 AND MODLAND_QA(bits0-1)=0 AND VI range -2000..10000,MOD13Q1 V061 Terra 250m 16-day
SO2602,Baardheere,SO26,Gedo,2017-12-19,0.33870764275256227,0.3347,0.206912093704246,0.2036,0.9637092222598488,17075,0.005136019866802122,0.0,pixel_reliability=0 AND MODLAND_QA(bits0-1)=0 AND VI range -2000..10000,MOD13Q1 V061 Terra 250m 16-day
SO2603,Belet Xaawo,SO26,Gedo,2017-01-01,0.2567448252383114,0.2586,0.1386257149341806,0.1379,0.9993195735994556,4406,0.0,0.0,pixel_reliability=0 AND MODLAND_QA(bits0-1)=0 AND VI range -2000..10000,MOD13Q1 V061 Terra 250m 16-day
SO2603,Belet Xaawo,SO26,Gedo,2017-01-17,0.2366824299494717,0.2411,0.1281648598989435,0.12845,0.9875255159900204,4354,0.0006804264005443,0.0,pixel_reliability=0 AND MODLAND_QA(bits0-1)=0 AND VI range -2000..10000,MOD13Q1 V061 Terra 250m 16-day
SO2603,Belet Xaawo,SO26,Gedo,2017-02-02,0.2258380720092915,0.2306,0.1184095470383275,0.1192,0.9764118847811296,4305,0.0004536176003628,0.0,pixel_reliability=0 AND MODLAND_QA(bits0-1)=0 AND VI range -2000..10000,MOD13Q1 V061 Terra 250m 16-day
SO2603,Belet Xaawo,SO26,Gedo,2017-02-18,0.2257971495877503,0.2317,0.122624640753828,0.1237,0.9628033567702426,4245,0.0038557496030845,0.0,pixel_reliability=0 AND MODLAND_QA(bits0-1)=0 AND VI range -2000..10000,MOD13Q1 V061 Terra 250m 16-day
SO2603,Belet Xaawo,SO26,Gedo,2017-03-06,0.2165724959518852,0.2214,0.1220682859125607,0.1233,0.9804944431843956,4323,0.0011340440009072,0.0,pixel_reliability=0 AND MODLAND_QA(bits0-1)=0 AND VI range -2000..10000,MOD13Q1 V061 Terra 250m 16-day
SO2603,Belet Xaawo,SO26,Gedo,2017-03-22,0.2253594440484675,0.2298,0.1268083392729864,0.1275,0.9546382399637106,4209,0.0004536176003628,0.0,pixel_reliability=0 AND MODLAND_QA(bits0-1)=0 AND VI range -2000..10000,MOD13Q1 V061 Terra 250m 16-day
SO2603,Belet Xaawo,SO26,Gedo,2017-04-07,0.2404434115138592,0.2407,0.1255398720682302,0.1201,0.5318666364254933,2345,0.0780222272624177,0.0002268088001814,pixel_reliability=0 AND MODLAND_QA(bits0-1)=0 AND VI range -2000..10000,MOD13Q1 V061 Terra 250m 16-day
SO2603,Belet Xaawo,SO26,Gedo,2017-04-23,0.3118233785822021,0.3216,0.178805580693816,0.182,0.1503742345202993,663,0.2889544114311635,0.1680653209344522,pixel_reliability=0 AND MODLAND_QA(bits0-1)=0 AND VI range -2000..10000,MOD13Q1 V061 Terra 250m 16-day
SO2603,Belet Xaawo,SO26,Gedo,2017-05-09,0.3055339735099338,0.3049,0.1856638410596026,0.1836,0.342481288273985,1510,0.2338398729870719,0.0229076888183261,pixel_reliability=0 AND MODLAND_QA(bits0-1)=0 AND VI range -2000..10000,MOD13Q1 V061 Terra 250m 16-day
SO2603,Belet Xaawo,SO26,Gedo,2017-05-25,0.3012782258064516,0.3008,0.1636712701612903,0.1625,0.6749829893399864,2976,0.117713767294171,0.0102063960081651,pixel_reliability=0 AND MODLAND_QA(bits0-1)=0 AND VI range -2000..10000,MOD13Q1 V061 Terra 250m 16-day
SO2603,Belet Xaawo,SO26,Gedo,2017-06-10,0.2402144886363636,0.2435,0.1385316287878787,0.1389,0.239510092991608,1056,0.4697210251757768,0.0072578816058063,pixel_reliability=0 AND MODLAND_QA(bits0-1)=0 AND VI range -2000..10000,MOD13Q1 V061 Terra 250m 16-day
SO2603,Belet Xaawo,SO26,Gedo,2017-06-26,0.2427794235588972,0.248,0.1290802756892231,0.12985,0.9049671127239736,3990,0.025402585620322,0.0002268088001814,pixel_reliability=0 AND MODLAND_QA(bits0-1)=0 AND VI range -2000..10000,MOD13Q1 V061 Terra 250m 16-day
SO2603,Belet Xaawo,SO26,Gedo,2017-07-12,0.1991072727272727,0.1992,0.1209109090909091,0.1199,0.0124744840099795,55,0.7740984350192788,0.0732592424586073,pixel_reliability=0 AND MODLAND_QA(bits0-1)=0 AND VI range -2000..10000,MOD13Q1 V061 Terra 250m 16-day
SO2603,Belet Xaawo,SO26,Gedo,2017-07-28,0.2136871154962275,0.2174,0.1165743470690655,0.1183,0.3907915627126332,1723,0.3892039011113631,0.0,pixel_reliability=0 AND MODLAND_QA(bits0-1)=0 AND VI range -2000..10000,MOD13Q1 V061 Terra 250m 16-day
SO2603,Belet Xaawo,SO26,Gedo,2017-08-13,0.2174134621099554,0.2233,0.1219034769687964,0.1235,0.7632116126105692,3365,0.0312996144250396,0.0,pixel_reliability=0 AND MODLAND_QA(bits0-1)=0 AND VI range -2000..10000,MOD13Q1 V061 Terra 250m 16-day
SO2603,Belet Xaawo,SO26,Gedo,2017-08-29,0.2137538641686182,0.21845,0.1164634074941452,0.1165,0.3873894307099115,1708,0.1599002041279201,0.0,pixel_reliability=0 AND MODLAND_QA(bits0-1)=0 AND VI range -2000..10000,MOD13Q1 V061 Terra 250m 16-day
SO2603,Belet Xaawo,SO26,Gedo,2017-09-14,0.2192851220635652,0.22505,0.1222836480884385,0.1238,0.984803810387843,4342,0.0018144704014515,0.0,pixel_reliability=0 AND MODLAND_QA(bits0-1)=0 AND VI range -2000..10000,MOD13Q1 V061 Terra 250m 16-day
SO2603,Belet Xaawo,SO26,Gedo,2017-09-30,0.2207774843975036,0.22335,0.1202924387902064,0.1204,0.9448854615559084,4166,0.0108868224087094,0.0043093672034474,pixel_reliability=0 AND MODLAND_QA(bits0-1)=0 AND VI range -2000..10000,MOD13Q1 V061 Terra 250m 16-day
SO2603,Belet Xaawo,SO26,Gedo,2017-10-16,0.2734059168131224,0.2689,0.1617577035735208,0.1601,0.3871626219097301,1707,0.4375141755500113,0.0095259696076207,pixel_reliability=0 AND MODLAND_QA(bits0-1)=0 AND VI range -2000..10000,MOD13Q1 V061 Terra 250m 16-day
SO2603,Belet Xaawo,SO26,Gedo,2017-11-01,0.40123508771929833,0.4047,0.2661888544891641,0.267,0.21977772737582218,969,0.3656157858924926,0.044000907235200726,pixel_reliability=0 AND MODLAND_QA(bits0-1)=0 AND VI range -2000..10000,MOD13Q1 V061 Terra 250m 16-day
SO2603,Belet Xaawo,SO26,Gedo,2017-11-17,0.38635434237519944,0.38670000000000004,0.22828372464098473,0.225,0.9950102063960081,4387,0.0,0.0,pixel_reliability=0 AND MODLAND_QA(bits0-1)=0 AND VI range -2000..10000,MOD13Q1 V061 Terra 250m 16-day
SO2603,Belet Xaawo,SO26,Gedo,2017-12-03,0.304785451238918,0.3027,0.17370259149806774,0.1706,0.9977319119981856,4399,0.0,0.0,pixel_reliability=0 AND MODLAND_QA(bits0-1)=0 AND VI range -2000..10000,MOD13Q1 V061 Terra 250m 16-day
SO2603,Belet Xaawo,SO26,Gedo,2017-12-19,0.2585734392735528,0.258,0.1455216572077185,0.1442,0.9990927647992742,4405,0.0,0.0,pixel_reliability=0 AND MODLAND_QA(bits0-1)=0 AND VI range -2000..10000,MOD13Q1 V061 Terra 250m 16-day
SO2604,Ceel Waaq,SO26,Gedo,2017-01-01,0.2929149578728526,0.2898,0.1549736294999453,0.1529,0.9862939779840276,9139,0.0014029786315562,0.0,pixel_reliability=0 AND MODLAND_QA(bits0-1)=0 AND VI range -2000..10000,MOD13Q1 V061 Terra 250m 16-day
SO2604,Ceel Waaq,SO26,Gedo,2017-01-17,0.2645618099547511,0.2634,0.140375701357466,0.1392,0.9540254694582344,8840,0.0030218001295057,0.0,pixel_reliability=0 AND MODLAND_QA(bits0-1)=0 AND VI range -2000..10000,MOD13Q1 V061 Terra 250m 16-day
SO2604,Ceel Waaq,SO26,Gedo,2017-02-02,0.2531475134948892,0.2525,0.1301353278970942,0.1293,0.9396719188430822,8707,0.0147852363479387,0.0,pixel_reliability=0 AND MODLAND_QA(bits0-1)=0 AND VI range -2000..10000,MOD13Q1 V061 Terra 250m 16-day
SO2604,Ceel Waaq,SO26,Gedo,2017-02-18,0.2499336185960449,0.2492,0.1330611657222158,0.1323,0.9331966328512844,8647,0.0133822577163824,0.0,pixel_reliability=0 AND MODLAND_QA(bits0-1)=0 AND VI range -2000..10000,MOD13Q1 V061 Terra 250m 16-day
SO2604,Ceel Waaq,SO26,Gedo,2017-03-06,0.237067377474081,0.236,0.1330481503298774,0.1321,0.9160371249730196,8488,0.013813943449169,0.0,pixel_reliability=0 AND MODLAND_QA(bits0-1)=0 AND VI range -2000..10000,MOD13Q1 V061 Terra 250m 16-day
SO2604,Ceel Waaq,SO26,Gedo,2017-03-22,0.2467198905959031,0.2456,0.1369233589385474,0.136,0.9272609540254696,8592,0.0147852363479387,0.0,pixel_reliability=0 AND MODLAND_QA(bits0-1)=0 AND VI range -2000..10000,MOD13Q1 V061 Terra 250m 16-day
SO2604,Ceel Waaq,SO26,Gedo,2017-04-07,0.2941990934844192,0.2852,0.1732633994334277,0.1671,0.571443988776171,5295,0.0621627455212605,0.0,pixel_reliability=0 AND MODLAND_QA(bits0-1)=0 AND VI range -2000..10000,MOD13Q1 V061 Terra 250m 16-day
SO2604,Ceel Waaq,SO26,Gedo,2017-04-23,0.3635252100840336,0.3482,0.2068033613445378,0.2,0.0128426505503993,119,0.3354198143751349,0.3379020073386574,pixel_reliability=0 AND MODLAND_QA(bits0-1)=0 AND VI range -2000..10000,MOD13Q1 V061 Terra 250m 16-day
SO2604,Ceel Waaq,SO26,Gedo,2017-05-09,0.3765423868312756,0.3755,0.2301209876543209,0.2277,0.0262249082667817,243,0.4514353550615152,0.1673861428879775,pixel_reliability=0 AND MODLAND_QA(bits0-1)=0 AND VI range -2000..10000,MOD13Q1 V061 Terra 250m 16-day
SO2604,Ceel Waaq,SO26,Gedo,2017-05-25,0.3305790476190476,0.3275,0.1824859523809524,0.18015,0.0453270019425858,420,0.5780271962011656,0.1356572415281675,pixel_reliability=0 AND MODLAND_QA(bits0-1)=0 AND VI range -2000..10000,MOD13Q1 V061 Terra 250m 16-day
SO2604,Ceel Waaq,SO26,Gedo,2017-06-10,0.2663244897959184,0.2643,0.1482704081632653,0.1474,0.02115260090654,196,0.5801856248650982,0.1842218864666522,pixel_reliability=0 AND MODLAND_QA(bits0-1)=0 AND VI range -2000..10000,MOD13Q1 V061 Terra 250m 16-day
SO2604,Ceel Waaq,SO26,Gedo,2017-06-26,0.253044983277592,0.25435,0.1314046822742475,0.1315,0.1936110511547593,1794,0.4337362400172674,0.065832074249946,pixel_reliability=0 AND MODLAND_QA(bits0-1)=0 AND VI range -2000..10000,MOD13Q1 V061 Terra 250m 16-day
SO2604,Ceel Waaq,SO26,Gedo,2017-07-12,0.18306,0.17895,0.13638,0.1366,0.0010792143319663,10,0.2981869199222965,0.4738830131664148,pixel_reliability=0 AND MODLAND_QA(bits0-1)=0 AND VI range -2000..10000,MOD13Q1 V061 Terra 250m 16-day
SO2604,Ceel Waaq,SO26,Gedo,2017-07-28,0.2282201086956521,0.23285,0.1225130434782608,0.12315,0.0198575437081804,184,0.62756313403842,0.1028491258363911,pixel_reliability=0 AND MODLAND_QA(bits0-1)=0 AND VI range -2000..10000,MOD13Q1 V061 Terra 250m 16-day
SO2604,Ceel Waaq,SO26,Gedo,2017-08-13,0.2263939393939394,0.2272,0.1277974025974026,0.1283,0.1745089574789553,1617,0.368012087200518,0.1170947550183466,pixel_reliability=0 AND MODLAND_QA(bits0-1)=0 AND VI range -2000..10000,MOD13Q1 V061 Terra 250m 16-day
SO2604,Ceel Waaq,SO26,Gedo,2017-08-29,0.2307440677966102,0.2312,0.1232918245264207,0.1243,0.1082451974962227,1003,0.54262896611267,0.0483488020720915,pixel_reliability=0 AND MODLAND_QA(bits0-1)=0 AND VI range -2000..10000,MOD13Q1 V061 Terra 250m 16-day
SO2604,Ceel Waaq,SO26,Gedo,2017-09-14,0.2333789364640884,0.2326,0.1286539594843462,0.1282,0.9376214116123462,8688,0.0160802935462982,0.0,pixel_reliability=0 AND MODLAND_QA(bits0-1)=0 AND VI range -2000..10000,MOD13Q1 V061 Terra 250m 16-day
SO2604,Ceel Waaq,SO26,Gedo,2017-09-30,0.2364331016909891,0.2335,0.1268465601111883,0.1251,0.931793654219728,8634,0.0172674293114612,0.0,pixel_reliability=0 AND MODLAND_QA(bits0-1)=0 AND VI range -2000..10000,MOD13Q1 V061 Terra 250m 16-day
SO2604,Ceel Waaq,SO26,Gedo,2017-10-16,0.29085652938222,0.2725,0.1473312656956303,0.136,0.429743146988992,3982,0.2884739909345996,0.0074465788905676,pixel_reliability=0 AND MODLAND_QA(bits0-1)=0 AND VI range -2000..10000,MOD13Q1 V061 Terra 250m 16-day
SO2604,Ceel Waaq,SO26,Gedo,2017-11-01,0.34270222222222224,0.32630000000000003,0.1729166666666667,0.15265,0.009712928987696956,90,0.6065184545650766,0.16166630692855602,pixel_reliability=0 AND MODLAND_QA(bits0-1)=0 AND VI range -2000..10000,MOD13Q1 V061 Terra 250m 16-day
SO2604,Ceel Waaq,SO26,Gedo,2017-11-17,0.44334420653507306,0.436,0.2620786996765919,0.25620000000000004,0.9677314914742068,8967,0.004424778761061947,0.0,pixel_reliability=0 AND MODLAND_QA(bits0-1)=0 AND VI range -2000..10000,MOD13Q1 V061 Terra 250m 16-day
SO2604,Ceel Waaq,SO26,Gedo,2017-12-03,0.3684781190019194,0.3574,0.20939473862481653,0.20170000000000002,0.9558601338225772,8857,0.013058493416792575,0.0,pixel_reliability=0 AND MODLAND_QA(bits0-1)=0 AND VI range -2000..10000,MOD13Q1 V061 Terra 250m 16-day
SO2604,Ceel Waaq,SO26,Gedo,2017-12-19,0.29716419400855926,0.2884,0.16327550751673436,0.1578,0.9834880207209151,9113,0.0017267429311461256,0.0,pixel_reliability=0 AND MODLAND_QA(bits0-1)=0 AND VI range -2000..10000,MOD13Q1 V061 Terra 250m 16-day
SO2605,Doolow,SO26,Gedo,2017-01-01,0.1912158088235294,0.1797,0.1155972163865546,0.1081,0.9906347554630592,1904,0.0,0.0,pixel_reliability=0 AND MODLAND_QA(bits0-1)=0 AND VI range -2000..10000,MOD13Q1 V061 Terra 250m 16-day
SO2605,Doolow,SO26,Gedo,2017-01-17,0.1797817880794702,0.1701,0.1085959161147902,0.1025,0.9427679500520292,1812,0.0,0.0,pixel_reliability=0 AND MODLAND_QA(bits0-1)=0 AND VI range -2000..10000,MOD13Q1 V061 Terra 250m 16-day
SO2605,Doolow,SO26,Gedo,2017-02-02,0.1715487262872628,0.1631,0.1017486720867208,0.0969,0.9599375650364204,1845,0.0,0.0,pixel_reliability=0 AND MODLAND_QA(bits0-1)=0 AND VI range -2000..10000,MOD13Q1 V061 Terra 250m 16-day
SO2605,Doolow,SO26,Gedo,2017-02-18,0.1703817928730512,0.164,0.1034807906458797,0.0997,0.9344432882414152,1796,0.0062434963579604,0.0,pixel_reliability=0 AND MODLAND_QA(bits0-1)=0 AND VI range -2000..10000,MOD13Q1 V061 Terra 250m 16-day
SO2605,Doolow,SO26,Gedo,2017-03-06,0.1670266560678325,0.161,0.1017845257021727,0.0983,0.981789802289282,1887,0.0,0.0,pixel_reliability=0 AND MODLAND_QA(bits0-1)=0 AND VI range -2000..10000,MOD13Q1 V061 Terra 250m 16-day
SO2605,Doolow,SO26,Gedo,2017-03-22,0.1671190954773869,0.1624,0.1017696608040201,0.0989,0.8283038501560874,1592,0.0020811654526534,0.0,pixel_reliability=0 AND MODLAND_QA(bits0-1)=0 AND VI range -2000..10000,MOD13Q1 V061 Terra 250m 16-day
SO2605,Doolow,SO26,Gedo,2017-04-07,0.1699602424242424,0.1634,0.1025151515151515,0.1007,0.4292403746097815,825,0.0593132154006243,0.0,pixel_reliability=0 AND MODLAND_QA(bits0-1)=0 AND VI range -2000..10000,MOD13Q1 V061 Terra 250m 16-day
SO2605,Doolow,SO26,Gedo,2017-04-23,0.1899224155578301,0.1791,0.1172545547594677,0.1105,0.508324661810614,977,0.1347554630593132,0.0385015608740894,pixel_reliability=0 AND MODLAND_QA(bits0-1)=0 AND VI range -2000..10000,MOD13Q1 V061 Terra 250m 16-day
SO2605,Doolow,SO26,Gedo,2017-05-09,0.2023053619302949,0.19155,0.131181836461126,0.12315,0.7762747138397502,1492,0.0385015608740894,0.0150884495317377,pixel_reliability=0 AND MODLAND_QA(bits0-1)=0 AND VI range -2000..10000,MOD13Q1 V061 Terra 250m 16-day
SO2605,Doolow,SO26,Gedo,2017-05-25,0.2094771276595744,0.1956,0.1257917553191489,0.1176,0.1956295525494276,376,0.3876170655567117,0.0478668054110301,pixel_reliability=0 AND MODLAND_QA(bits0-1)=0 AND VI range -2000..10000,MOD13Q1 V061 Terra 250m 16-day
SO2605,Doolow,SO26,Gedo,2017-06-10,0.1785072274881516,0.17245,0.1109340047393364,0.10575,0.4391259105098855,844,0.287200832466181,0.005723204994797,pixel_reliability=0 AND MODLAND_QA(bits0-1)=0 AND VI range -2000..10000,MOD13Q1 V061 Terra 250m 16-day
SO2605,Doolow,SO26,Gedo,2017-06-26,0.1691881875563571,0.1632,0.1001889990982867,0.0967,0.577003121748179,1109,0.1904266389177939,0.0541103017689906,pixel_reliability=0 AND MODLAND_QA(bits0-1)=0 AND VI range -2000..10000,MOD13Q1 V061 Terra 250m 16-day
SO2605,Doolow,SO26,Gedo,2017-07-12,0.1666301886792452,0.1569,0.1075301886792452,0.10225,0.0551508844953173,106,0.696149843912591,0.0234131113423517,pixel_reliability=0 AND MODLAND_QA(bits0-1)=0 AND VI range -2000..10000,MOD13Q1 V061 Terra 250m 16-day
SO2605,Doolow,SO26,Gedo,2017-07-28,0.1651422513492675,0.1588,0.0981003084040092,0.0944,0.6748178980228928,1297,0.0816857440166493,0.0005202913631633,pixel_reliability=0 AND MODLAND_QA(bits0-1)=0 AND VI range -2000..10000,MOD13Q1 V061 Terra 250m 16-day
SO2605,Doolow,SO26,Gedo,2017-08-13,0.1608969375,0.15295,0.1010913125,0.0965,0.8324661810613944,1600,0.0286160249739854,0.0,pixel_reliability=0 AND MODLAND_QA(bits0-1)=0 AND VI range -2000..10000,MOD13Q1 V061 Terra 250m 16-day
SO2605,Doolow,SO26,Gedo,2017-08-29,0.1653431051108968,0.1589,0.0979702025072324,0.0935,0.5395421436004162,1037,0.0374609781477627,0.0,pixel_reliability=0 AND MODLAND_QA(bits0-1)=0 AND VI range -2000..10000,MOD13Q1 V061 Terra 250m 16-day
SO2605,Doolow,SO26,Gedo,2017-09-14,0.1673778996865204,0.15935,0.1030558516196447,0.0983,0.9958376690946932,1914,0.0,0.0,pixel_reliability=0 AND MODLAND_QA(bits0-1)=0 AND VI range -2000..10000,MOD13Q1 V061 Terra 250m 16-day
SO2605,Doolow,SO26,Gedo,2017-09-30,0.1667062646370023,0.15925,0.1025384660421545,0.0979,0.8886576482830385,1708,0.0202913631633714,0.0109261186264308,pixel_reliability=0 AND MODLAND_QA(bits0-1)=0 AND VI range -2000..10000,MOD13Q1 V061 Terra 250m 16-day
SO2605,Doolow,SO26,Gedo,2017-10-16,0.1902654664484452,0.1791,0.1216809328968903,0.1149,0.63579604578564,1222,0.0593132154006243,0.018210197710718,pixel_reliability=0 AND MODLAND_QA(bits0-1)=0 AND VI range -2000..10000,MOD13Q1 V061 Terra 250m 16-day
SO2605,Doolow,SO26,Gedo,2017-11-01,0.27110523917995444,0.25455,0.18213280182232347,0.17015000000000002,0.45681581685744016,878,0.12278876170655567,0.0,pixel_reliability=0 AND MODLAND_QA(bits0-1)=0 AND VI range -2000..10000,MOD13Q1 V061 Terra 250m 16-day
SO2605,Doolow,SO26,Gedo,2017-11-17,0.2877573419078242,0.25229999999999997,0.18640707395498393,0.15785,0.9708636836628513,1866,0.004162330905306972,0.0,pixel_reliability=0 AND MODLAND_QA(bits0-1)=0 AND VI range -2000..10000,MOD13Q1 V061 Terra 250m 16-day
SO2605,Doolow,SO26,Gedo,2017-12-03,0.24192563424947144,0.20615,0.15398757928118395,0.12815000000000001,0.9843912591050988,1892,0.003121748178980229,0.0,pixel_reliability=0 AND MODLAND_QA(bits0-1)=0 AND VI range -2000..10000,MOD13Q1 V061 Terra 250m 16-day
SO2605,Doolow,SO26,Gedo,2017-12-19,0.20824498945147682,0.18330000000000002,0.13034852320675105,0.11265,0.9864724245577523,1896,0.0,0.0,pixel_reliability=0 AND MODLAND_QA(bits0-1)=0 AND VI range -2000..10000,MOD13Q1 V061 Terra 250m 16-day
SO2606,Luuq,SO26,Gedo,2017-01-01,0.1852999689151383,0.1841,0.1086175111387421,0.1099,0.9737665220462112,9651,0.0037332257088083,0.0,pixel_reliability=0 AND MODLAND_QA(bits0-1)=0 AND VI range -2000..10000,MOD13Q1 V061 Terra 250m 16-day
SO2606,Luuq,SO26,Gedo,2017-01-17,0.1764504296793125,0.1751,0.1034911339341857,0.1047,0.962768640904046,9542,0.0054484915750176,0.0,pixel_reliability=0 AND MODLAND_QA(bits0-1)=0 AND VI range -2000..10000,MOD13Q1 V061 Terra 250m 16-day
SO2606,Luuq,SO26,Gedo,2017-02-02,0.1737536039033045,0.1703,0.0992639831448214,0.0991,0.9098980930279488,9018,0.0187670265361719,0.0,pixel_reliability=0 AND MODLAND_QA(bits0-1)=0 AND VI range -2000..10000,MOD13Q1 V061 Terra 250m 16-day
SO2606,Luuq,SO26,Gedo,2017-02-18,0.17214071197411,0.1696,0.1023882200647249,0.1035,0.9353243870446978,9270,0.0084754313389163,0.0,pixel_reliability=0 AND MODLAND_QA(bits0-1)=0 AND VI range -2000..10000,MOD13Q1 V061 Terra 250m 16-day
SO2606,Luuq,SO26,Gedo,2017-03-06,0.1661784620293554,0.1642,0.1006073388640714,0.1008,0.948642922005852,9402,0.0074664514176167,0.0,pixel_reliability=0 AND MODLAND_QA(bits0-1)=0 AND VI range -2000..10000,MOD13Q1 V061 Terra 250m 16-day
SO2606,Luuq,SO26,Gedo,2017-03-22,0.1723075010624734,0.1682,0.1059347003824904,0.1054,0.9496519019271517,9412,0.0053475935828877,0.0,pixel_reliability=0 AND MODLAND_QA(bits0-1)=0 AND VI range -2000..10000,MOD13Q1 V061 Terra 250m 16-day
SO2606,Luuq,SO26,Gedo,2017-04-07,0.1990829733353195,0.1846,0.1244518546104573,0.1155,0.6773282211683987,6713,0.0418726667339319,0.0006053879527797,pixel_reliability=0 AND MODLAND_QA(bits0-1)=0 AND VI range -2000..10000,MOD13Q1 V061 Terra 250m 16-day
SO2606,Luuq,SO26,Gedo,2017-04-23,0.214183612300506,0.2039,0.1301758660957571,0.1249,0.2592069417818585,2569,0.3141963474926849,0.0722429623650489,pixel_reliability=0 AND MODLAND_QA(bits0-1)=0 AND VI range -2000..10000,MOD13Q1 V061 Terra 250m 16-day
SO2606,Luuq,SO26,Gedo,2017-05-09,0.2177326567317574,0.211,0.138236125385406,0.1323,0.3926949853697911,3892,0.1915043890626576,0.04651397437191,pixel_reliability=0 AND MODLAND_QA(bits0-1)=0 AND VI range -2000..10000,MOD13Q1 V061 Terra 250m 16-day
SO2606,Luuq,SO26,Gedo,2017-05-25,0.2332422604422604,0.2214,0.1317829101829102,0.124,0.369589345172031,3663,0.23246897386742,0.0578145494904651,pixel_reliability=0 AND MODLAND_QA(bits0-1)=0 AND VI range -2000..10000,MOD13Q1 V061 Terra 250m 16-day
SO2606,Luuq,SO26,Gedo,2017-06-10,0.1812023749999999,0.17915,0.107712125,0.1063,0.1614367874079305,1600,0.6018565230551912,0.0121077590555947,pixel_reliability=0 AND MODLAND_QA(bits0-1)=0 AND VI range -2000..10000,MOD13Q1 V061 Terra 250m 16-day
SO2606,Luuq,SO26,Gedo,2017-06-26,0.1749592074303405,0.1722,0.1004214736842105,0.1006,0.8147512864493996,8075,0.064978306931692,0.0020179598425991,pixel_reliability=0 AND MODLAND_QA(bits0-1)=0 AND VI range -2000..10000,MOD13Q1 V061 Terra 250m 16-day
SO2606,Luuq,SO26,Gedo,2017-07-12,0.1680963478260869,0.1641,0.1048777391304347,0.1042,0.058016345474725,575,0.6572495207345374,0.0431843406316214,pixel_reliability=0 AND MODLAND_QA(bits0-1)=0 AND VI range -2000..10000,MOD13Q1 V061 Terra 250m 16-day
SO2606,Luuq,SO26,Gedo,2017-07-28,0.1576036603221083,0.1565,0.0952242313323572,0.0969,0.1378266572495207,1366,0.6636060942387246,0.0028251437796387,pixel_reliability=0 AND MODLAND_QA(bits0-1)=0 AND VI range -2000..10000,MOD13Q1 V061 Terra 250m 16-day
SO2606,Luuq,SO26,Gedo,2017-08-13,0.1593075195644777,0.1577,0.099808829533855,0.1005,0.593078397739885,5878,0.1307637978004237,0.0056502875592775,pixel_reliability=0 AND MODLAND_QA(bits0-1)=0 AND VI range -2000..10000,MOD13Q1 V061 Terra 250m 16-day
SO2606,Luuq,SO26,Gedo,2017-08-29,0.1585998114630467,0.1573,0.0953598039215686,0.0954,0.2675814751286449,2652,0.3910806174957118,0.0012107759055594,pixel_reliability=0 AND MODLAND_QA(bits0-1)=0 AND VI range -2000..10000,MOD13Q1 V061 Terra 250m 16-day
SO2606,Luuq,SO26,Gedo,2017-09-14,0.1623482221731448,0.1588,0.0986330278268551,0.0983,0.913732216728887,9056,0.018464332559782,0.0,pixel_reliability=0 AND MODLAND_QA(bits0-1)=0 AND VI range -2000..10000,MOD13Q1 V061 Terra 250m 16-day
SO2606,Luuq,SO26,Gedo,2017-09-30,0.1615922977066205,0.1563,0.0953286347901341,0.0942,0.9327010392493188,9244,0.0113005751185551,0.0024215518111189,pixel_reliability=0 AND MODLAND_QA(bits0-1)=0 AND VI range -2000..10000,MOD13Q1 V061 Terra 250m 16-day
SO2606,Luuq,SO26,Gedo,2017-10-16,0.1879565757290686,0.1784,0.1173494261523988,0.1137,0.5362728281707194,5315,0.1575017657148622,0.0135203309454141,pixel_reliability=0 AND MODLAND_QA(bits0-1)=0 AND VI range -2000..10000,MOD13Q1 V061 Terra 250m 16-day
SO2606,Luuq,SO26,Gedo,2017-11-01,0.32884076467420575,0.3109,0.21442417878298334,0.20085000000000003,0.3747351427706589,3714,0.1923115729996973,0.000504489960649783,pixel_reliability=0 AND MODLAND_QA(bits0-1)=0 AND VI range -2000..10000,MOD13Q1 V061 Terra 250m 16-day
SO2606,Luuq,SO26,Gedo,2017-11-17,0.3010826391840204,0.2871,0.18599321079473013,0.1744,0.9496519019271517,9412,0.007970941378266573,0.0,pixel_reliability=0 AND MODLAND_QA(bits0-1)=0 AND VI range -2000..10000,MOD13Q1 V061 Terra 250m 16-day
SO2606,Luuq,SO26,Gedo,2017-12-03,0.23901829938570968,0.22840000000000002,0.14449561375148184,0.1358,0.9362324689738675,9279,0.012006861063464836,0.0,pixel_reliability=0 AND MODLAND_QA(bits0-1)=0 AND VI range -2000..10000,MOD13Q1 V061 Terra 250m 16-day
SO2606,Luuq,SO26,Gedo,2017-12-19,0.20371980394201689,0.1968,0.12241364062988841,0.1179,0.967510846534154,9589,0.0035314297245484815,0.0,pixel_reliability=0 AND MODLAND_QA(bits0-1)=0 AND VI range -2000..10000,MOD13Q1 V061 Terra 250m 16-day
SO2701,Bu'aale,SO27,Middle Juba,2017-01-01,0.4325568003913895,0.4317,0.2652647749510763,0.26325,0.9560336763330216,6132,0.0057686311194262,0.0,pixel_reliability=0 AND MODLAND_QA(bits0-1)=0 AND VI range -2000..10000,MOD13Q1 V061 Terra 250m 16-day
SO2701,Bu'aale,SO27,Middle Juba,2017-01-17,0.3743009200401472,0.36665,0.230472131147541,0.2271,0.9320236981602744,5978,0.010757717492984,0.0,pixel_reliability=0 AND MODLAND_QA(bits0-1)=0 AND VI range -2000..10000,MOD13Q1 V061 Terra 250m 16-day
SO2701,Bu'aale,SO27,Middle Juba,2017-02-02,0.3274684809775062,0.3267,0.2123185781727297,0.2102,0.5614281259744309,3601,0.2842220143436233,0.0,pixel_reliability=0 AND MODLAND_QA(bits0-1)=0 AND VI range -2000..10000,MOD13Q1 V061 Terra 250m 16-day
SO2701,Bu'aale,SO27,Middle Juba,2017-02-18,0.3311129581636431,0.32805,0.1947086634579785,0.1926,0.8422201434362332,5402,0.0358590583099469,0.0,pixel_reliability=0 AND MODLAND_QA(bits0-1)=0 AND VI range -2000..10000,MOD13Q1 V061 Terra 250m 16-day
SO2701,Bu'aale,SO27,Middle Juba,2017-03-06,0.3088305764411027,0.31135,0.1881165726817042,0.1863,0.4976613657623948,3192,0.2636420330526972,0.0,pixel_reliability=0 AND MODLAND_QA(bits0-1)=0 AND VI range -2000..10000,MOD13Q1 V061 Terra 250m 16-day
SO2701,Bu'aale,SO27,Middle Juba,2017-03-22,0.3187074834037417,0.3238,0.1891652182659425,0.1881,0.775023386342376,4971,0.0548799501091362,0.0,pixel_reliability=0 AND MODLAND_QA(bits0-1)=0 AND VI range -2000..10000,MOD13Q1 V061 Terra 250m 16-day
SO2701,Bu'aale,SO27,Middle Juba,2017-04-07,0.4008589743589744,0.3733,0.2758512820512821,0.2735,0.0060804490177736,39,0.6555971312753353,0.0681322107888992,pixel_reliability=0 AND MODLAND_QA(bits0-1)=0 AND VI range -2000..10000,MOD13Q1 V061 Terra 250m 16-day
SO2701,Bu'aale,SO27,Middle Juba,2017-04-23,0.6527464285714285,0.6519,0.4168142857142857,0.39725,0.0087309011537262,56,0.5807608356719676,0.1248830682881197,pixel_reliability=0 AND MODLAND_QA(bits0-1)=0 AND VI range -2000..10000,MOD13Q1 V061 Terra 250m 16-day
SO2701,Bu'aale,SO27,Middle Juba,2017-05-09,0.6842,0.7186,0.4480755102040816,0.4432,0.0076395385095104,49,0.5949485500467727,0.1128780792017461,pixel_reliability=0 AND MODLAND_QA(bits0-1)=0 AND VI range -2000..10000,MOD13Q1 V061 Terra 250m 16-day
SO2701,Bu'aale,SO27,Middle Juba,2017-05-25,0.6406304761904762,0.6503,0.3850571428571428,0.3883,0.0163704396632366,105,0.5274399750545681,0.173838478328656,pixel_reliability=0 AND MODLAND_QA(bits0-1)=0 AND VI range -2000..10000,MOD13Q1 V061 Terra 250m 16-day
SO2701,Bu'aale,SO27,Middle Juba,2017-06-10,0.6335851851851851,0.6723,0.4178444444444444,0.4362,0.0042095416276894,27,0.5944808231992517,0.1227003429996881,pixel_reliability=0 AND MODLAND_QA(bits0-1)=0 AND VI range -2000..10000,MOD13Q1 V061 Terra 250m 16-day
SO2701,Bu'aale,SO27,Middle Juba,2017-06-26,0.35285,0.33685,0.2361166666666666,0.236,0.000935453695042,6,0.5277517929529155,0.1626130339881509,pixel_reliability=0 AND MODLAND_QA(bits0-1)=0 AND VI range -2000..10000,MOD13Q1 V061 Terra 250m 16-day
SO2701,Bu'aale,SO27,Middle Juba,2017-07-12,,,,,0.0,0,0.0901153726223885,0.715622076707203,pixel_reliability=0 AND MODLAND_QA(bits0-1)=0 AND VI range -2000..10000,MOD13Q1 V061 Terra 250m 16-day
SO2701,Bu'aale,SO27,Middle Juba,2017-07-28,0.5700633333333334,0.57965,0.3643266666666667,0.36145,0.0093545369504209,60,0.4159650763953851,0.2619270346117867,pixel_reliability=0 AND MODLAND_QA(bits0-1)=0 AND VI range -2000..10000,MOD13Q1 V061 Terra 250m 16-day
SO2701,Bu'aale,SO27,Middle Juba,2017-08-13,0.4756875,0.5038,0.3003125,0.3096,0.0012472715933894,8,0.255378858746492,0.4395073277206112,pixel_reliability=0 AND MODLAND_QA(bits0-1)=0 AND VI range -2000..10000,MOD13Q1 V061 Terra 250m 16-day
SO2701,Bu'aale,SO27,Middle Juba,2017-08-29,0.4089846153846155,0.40865,0.2569653846153846,0.2498,0.0040536326785157,26,0.3995946367321484,0.2411911443716869,pixel_reliability=0 AND MODLAND_QA(bits0-1)=0 AND VI range -2000..10000,MOD13Q1 V061 Terra 250m 16-day
SO2701,Bu'aale,SO27,Middle Juba,2017-09-14,0.3542936193029491,0.3582,0.1969301340482573,0.1956,0.872310570626754,5595,0.0483317742438415,0.000467726847521,pixel_reliability=0 AND MODLAND_QA(bits0-1)=0 AND VI range -2000..10000,MOD13Q1 V061 Terra 250m 16-day
SO2701,Bu'aale,SO27,Middle Juba,2017-09-30,0.3496938312403613,0.3563,0.1957267459792906,0.1946,0.7076707202993452,4539,0.1138135328967882,0.0010913626442157,pixel_reliability=0 AND MODLAND_QA(bits0-1)=0 AND VI range -2000..10000,MOD13Q1 V061 Terra 250m 16-day
SO2701,Bu'aale,SO27,Middle Juba,2017-10-16,0.2908625,0.2881,0.1660249999999999,0.1666,0.0012472715933894,8,0.4190832553788587,0.3794823822887433,pixel_reliability=0 AND MODLAND_QA(bits0-1)=0 AND VI range -2000..10000,MOD13Q1 V061 Terra 250m 16-day
SO2701,Bu'aale,SO27,Middle Juba,2017-11-01,0.6307669701726845,0.6482,0.4182857456828885,0.4243,0.496570003118179,3185,0.2536638603055815,0.0023386342376052385,pixel_reliability=0 AND MODLAND_QA(bits0-1)=0 AND VI range -2000..10000,MOD13Q1 V061 Terra 250m 16-day
SO2701,Bu'aale,SO27,Middle Juba,2017-11-17,0.6363866587957497,0.6642,0.3773538876707708,0.38120000000000004,0.9243841596507639,5929,0.012628624883068288,0.0,pixel_reliability=0 AND MODLAND_QA(bits0-1)=0 AND VI range -2000..10000,MOD13Q1 V061 Terra 250m 16-day
SO2701,Bu'aale,SO27,Middle Juba,2017-12-03,0.5512269156920929,0.5660000000000001,0.344000733112236,0.34500000000000003,0.8932023698160274,5729,0.024009978172747116,0.0,pixel_reliability=0 AND MODLAND_QA(bits0-1)=0 AND VI range -2000..10000,MOD13Q1 V061 Terra 250m 16-day
SO2701,Bu'aale,SO27,Middle Juba,2017-12-19,0.4798221461187215,0.48610000000000003,0.28992827788649705,0.2923,0.9560336763330215,6132,0.00545681322107889,0.0,pixel_reliability=0 AND MODLAND_QA(bits0-1)=0 AND VI range -2000..10000,MOD13Q1 V061 Terra 250m 16-day
SO2702,Jilib,SO27,Middle Juba,2017-01-01,0.4624050418569254,0.50685,0.2879657724505327,0.3044,0.8290220820189275,5256,0.0107255520504731,0.0,pixel_reliability=0 AND MODLAND_QA(bits0-1)=0 AND VI range -2000..10000,MOD13Q1 V061 Terra 250m 16-day
SO2702,Jilib,SO27,Middle Juba,2017-01-17,0.4356105711147721,0.46295,0.2682858868753432,0.2784,0.5744479495268139,3642,0.1564668769716088,0.0031545741324921,pixel_reliability=0 AND MODLAND_QA(bits0-1)=0 AND VI range -2000..10000,MOD13Q1 V061 Terra 250m 16-day
SO2702,Jilib,SO27,Middle Juba,2017-02-02,0.3580950718685831,0.3802,0.2468738535249829,0.2578,0.2304416403785489,1461,0.361198738170347,0.0563091482649842,pixel_reliability=0 AND MODLAND_QA(bits0-1)=0 AND VI range -2000..10000,MOD13Q1 V061 Terra 250m 16-day
SO2702,Jilib,SO27,Middle Juba,2017-02-18,0.3429608258011504,0.36505,0.1986087099424815,0.205,0.7678233438485804,4868,0.0452681388012618,0.0001577287066246,pixel_reliability=0 AND MODLAND_QA(bits0-1)=0 AND VI range -2000..10000,MOD13Q1 V061 Terra 250m 16-day
SO2702,Jilib,SO27,Middle Juba,2017-03-06,0.3183704705614912,0.3376,0.1831407137985906,0.1863,0.6938485804416403,4399,0.0645110410094637,0.0004731861198738,pixel_reliability=0 AND MODLAND_QA(bits0-1)=0 AND VI range -2000..10000,MOD13Q1 V061 Terra 250m 16-day
SO2702,Jilib,SO27,Middle Juba,2017-03-22,0.3127906557377049,0.32535,0.1913260109289617,0.1962,0.5772870662460567,3660,0.0859621451104101,0.0148264984227129,pixel_reliability=0 AND MODLAND_QA(bits0-1)=0 AND VI range -2000..10000,MOD13Q1 V061 Terra 250m 16-day
SO2702,Jilib,SO27,Middle Juba,2017-04-07,0.2941987654320988,0.2451,0.1941851851851852,0.1643,0.012776025236593,81,0.4722397476340694,0.1982649842271293,pixel_reliability=0 AND MODLAND_QA(bits0-1)=0 AND VI range -2000..10000,MOD13Q1 V061 Terra 250m 16-day
SO2702,Jilib,SO27,Middle Juba,2017-04-23,0.4786435483870968,0.4318,0.2998629032258064,0.2599,0.0097791798107255,62,0.3831230283911672,0.3285488958990536,pixel_reliability=0 AND MODLAND_QA(bits0-1)=0 AND VI range -2000..10000,MOD13Q1 V061 Terra 250m 16-day
SO2702,Jilib,SO27,Middle Juba,2017-05-09,0.4667663461538461,0.3849,0.3187730769230769,0.2721,0.0164037854889589,104,0.4839116719242902,0.1973186119873817,pixel_reliability=0 AND MODLAND_QA(bits0-1)=0 AND VI range -2000..10000,MOD13Q1 V061 Terra 250m 16-day
SO2702,Jilib,SO27,Middle Juba,2017-05-25,0.3555831460674157,0.3692,0.2425640449438202,0.2515,0.0140378548895899,89,0.5779179810725552,0.116403785488959,pixel_reliability=0 AND MODLAND_QA(bits0-1)=0 AND VI range -2000..10000,MOD13Q1 V061 Terra 250m 16-day
SO2702,Jilib,SO27,Middle Juba,2017-06-10,0.4479415254237288,0.43415,0.3082716101694915,0.30205,0.0372239747634069,236,0.4711356466876971,0.1632492113564669,pixel_reliability=0 AND MODLAND_QA(bits0-1)=0 AND VI range -2000..10000,MOD13Q1 V061 Terra 250m 16-day
SO2702,Jilib,SO27,Middle Juba,2017-06-26,0.3424811111111111,0.3459,0.22078,0.2221,0.0141955835962145,90,0.5635646687697161,0.1438485804416403,pixel_reliability=0 AND MODLAND_QA(bits0-1)=0 AND VI range -2000..10000,MOD13Q1 V061 Terra 250m 16-day
SO2702,Jilib,SO27,Middle Juba,2017-07-12,0.3947186274509804,0.37905,0.2321,0.2265,0.0160883280757097,102,0.3126182965299685,0.4129337539432177,pixel_reliability=0 AND MODLAND_QA(bits0-1)=0 AND VI range -2000..10000,MOD13Q1 V061 Terra 250m 16-day
SO2702,Jilib,SO27,Middle Juba,2017-07-28,0.4147440154440154,0.3351,0.2653405405405405,0.2123,0.0408517350157728,259,0.5676656151419558,0.1042586750788643,pixel_reliability=0 AND MODLAND_QA(bits0-1)=0 AND VI range -2000..10000,MOD13Q1 V061 Terra 250m 16-day
SO2702,Jilib,SO27,Middle Juba,2017-08-13,0.3027631299734748,0.2883,0.1863148541114058,0.1807,0.0594637223974763,377,0.3629337539432176,0.2545741324921136,pixel_reliability=0 AND MODLAND_QA(bits0-1)=0 AND VI range -2000..10000,MOD13Q1 V061 Terra 250m 16-day
SO2702,Jilib,SO27,Middle Juba,2017-08-29,0.2729558139534884,0.2309,0.1707317829457364,0.1544,0.0406940063091482,258,0.4458990536277603,0.1742902208201892,pixel_reliability=0 AND MODLAND_QA(bits0-1)=0 AND VI range -2000..10000,MOD13Q1 V061 Terra 250m 16-day
SO2702,Jilib,SO27,Middle Juba,2017-09-14,0.3947211573236889,0.4009,0.2135654352880392,0.2142,0.6105678233438486,3871,0.0531545741324921,0.096372239747634,pixel_reliability=0 AND MODLAND_QA(bits0-1)=0 AND VI range -2000..10000,MOD13Q1 V061 Terra 250m 16-day
SO2702,Jilib,SO27,Middle Juba,2017-09-30,0.3562547931123104,0.3715,0.1925133384734001,0.195,0.6137223974763407,3891,0.0927444794952681,0.0367507886435331,pixel_reliability=0 AND MODLAND_QA(bits0-1)=0 AND VI range -2000..10000,MOD13Q1 V061 Terra 250m 16-day
SO2702,Jilib,SO27,Middle Juba,2017-10-16,0.20737,0.22865,0.13671,0.15055,0.0031545741324921,20,0.1358044164037855,0.6179810725552051,pixel_reliability=0 AND MODLAND_QA(bits0-1)=0 AND VI range -2000..10000,MOD13Q1 V061 Terra 250m 16-day
SO2702,Jilib,SO27,Middle Juba,2017-11-01,0.5454752421307506,0.6285000000000001,0.3622100484261501,0.40605,0.2605678233438486,1652,0.2662460567823344,0.1056782334384858,pixel_reliability=0 AND MODLAND_QA(bits0-1)=0 AND VI range -2000..10000,MOD13Q1 V061 Terra 250m 16-day
SO2702,Jilib,SO27,Middle Juba,2017-11-17,0.5768879665379666,0.6243000000000001,0.34749221364221367,0.3687,0.24511041009463722,1554,0.3654574132492114,0.0305993690851735,pixel_reliability=0 AND MODLAND_QA(bits0-1)=0 AND VI range -2000..10000,MOD13Q1 V061 Terra 250m 16-day
SO2702,Jilib,SO27,Middle Juba,2017-12-03,0.5620288941736029,0.5909,0.35901697384066583,0.36975,0.5305993690851735,3364,0.12476340694006309,0.02365930599369085,pixel_reliability=0 AND MODLAND_QA(bits0-1)=0 AND VI range -2000..10000,MOD13Q1 V061 Terra 250m 16-day
SO2702,Jilib,SO27,Middle Juba,2017-12-19,0.47383780036968576,0.5035000000000001,0.289647449168207,0.2993,0.8533123028391167,5410,0.006309148264984227,0.0026813880126182964,pixel_reliability=0 AND MODLAND_QA(bits0-1)=0 AND VI range -2000..10000,MOD13Q1 V061 Terra 250m 16-day
SO2703,Saakow,SO27,Middle Juba,2017-01-01,0.3239911342465753,0.3234,0.1881578410958904,0.1884,0.9412068076328004,9125,0.0135121196493037,0.0,pixel_reliability=0 AND MODLAND_QA(bits0-1)=0 AND VI range -2000..10000,MOD13Q1 V061 Terra 250m 16-day
SO2703,Saakow,SO27,Middle Juba,2017-01-17,0.2884841756513926,0.2862,0.1661703279424977,0.166,0.9184115523465703,8904,0.0178442496132026,0.0,pixel_reliability=0 AND MODLAND_QA(bits0-1)=0 AND VI range -2000..10000,MOD13Q1 V061 Terra 250m 16-day
SO2703,Saakow,SO27,Middle Juba,2017-02-02,0.2614848324781165,0.2604,0.1533270147902203,0.1523,0.6834450747808148,6626,0.1314079422382671,0.0,pixel_reliability=0 AND MODLAND_QA(bits0-1)=0 AND VI range -2000..10000,MOD13Q1 V061 Terra 250m 16-day
SO2703,Saakow,SO27,Middle Juba,2017-02-18,0.2532219950738916,0.2541,0.1512361330049261,0.1523,0.8375451263537906,8120,0.0365136668385765,0.0,pixel_reliability=0 AND MODLAND_QA(bits0-1)=0 AND VI range -2000..10000,MOD13Q1 V061 Terra 250m 16-day
SO2703,Saakow,SO27,Middle Juba,2017-03-06,0.2411192046556741,0.242,0.1517832063184148,0.1509,0.7444043321299639,7217,0.0770500257864878,0.0,pixel_reliability=0 AND MODLAND_QA(bits0-1)=0 AND VI range -2000..10000,MOD13Q1 V061 Terra 250m 16-day
SO2703,Saakow,SO27,Middle Juba,2017-03-22,0.2545133720163524,0.2531,0.1515321113015957,0.151,0.7821557503867973,7583,0.0503352243424445,0.0006188757091284,pixel_reliability=0 AND MODLAND_QA(bits0-1)=0 AND VI range -2000..10000,MOD13Q1 V061 Terra 250m 16-day
SO2703,Saakow,SO27,Middle Juba,2017-04-07,0.3074618279569893,0.29705,0.2055856630824372,0.2014,0.0575554409489427,558,0.5760701392470345,0.0631253223310985,pixel_reliability=0 AND MODLAND_QA(bits0-1)=0 AND VI range -2000..10000,MOD13Q1 V061 Terra 250m 16-day
SO2703,Saakow,SO27,Middle Juba,2017-04-23,0.388835294117647,0.3724,0.2467670588235294,0.2341,0.0087674058793192,85,0.3873130479628675,0.2977823620422898,pixel_reliability=0 AND MODLAND_QA(bits0-1)=0 AND VI range -2000..10000,MOD13Q1 V061 Terra 250m 16-day
SO2703,Saakow,SO27,Middle Juba,2017-05-09,0.4491461538461538,0.4686,0.3007692307692308,0.3081,0.0013408973697782,13,0.3402784940691077,0.3035585353274884,pixel_reliability=0 AND MODLAND_QA(bits0-1)=0 AND VI range -2000..10000,MOD13Q1 V061 Terra 250m 16-day
SO2703,Saakow,SO27,Middle Juba,2017-05-25,0.5400238938053097,0.5359,0.3140924778761062,0.30395,0.023310985043837,226,0.3642083548220732,0.2716864363073749,pixel_reliability=0 AND MODLAND_QA(bits0-1)=0 AND VI range -2000..10000,MOD13Q1 V061 Terra 250m 16-day
SO2703,Saakow,SO27,Middle Juba,2017-06-10,0.4924695652173915,0.496,0.2912260869565217,0.3044,0.0023723568849922,23,0.3543063434760186,0.3137699845281073,pixel_reliability=0 AND MODLAND_QA(bits0-1)=0 AND VI range -2000..10000,MOD13Q1 V061 Terra 250m 16-day
SO2703,Saakow,SO27,Middle Juba,2017-06-26,0.3412031055900621,0.3357,0.2117372670807454,0.2077,0.0166064981949458,161,0.5973182052604435,0.1086126869520371,pixel_reliability=0 AND MODLAND_QA(bits0-1)=0 AND VI range -2000..10000,MOD13Q1 V061 Terra 250m 16-day
SO2703,Saakow,SO27,Middle Juba,2017-07-12,0.325125,0.3103,0.2156,0.203,0.0004125838060856,4,0.1579164517792676,0.6260959257349149,pixel_reliability=0 AND MODLAND_QA(bits0-1)=0 AND VI range -2000..10000,MOD13Q1 V061 Terra 250m 16-day
SO2703,Saakow,SO27,Middle Juba,2017-07-28,0.2854622641509434,0.2639,0.1822245283018868,0.1607,0.0054667354306343,53,0.453532748839608,0.2173285198555956,pixel_reliability=0 AND MODLAND_QA(bits0-1)=0 AND VI range -2000..10000,MOD13Q1 V061 Terra 250m 16-day
SO2703,Saakow,SO27,Middle Juba,2017-08-13,0.2915666666666667,0.30525,0.16735,0.178,0.0006188757091284,6,0.2574522949974213,0.4033006704486849,pixel_reliability=0 AND MODLAND_QA(bits0-1)=0 AND VI range -2000..10000,MOD13Q1 V061 Terra 250m 16-day
SO2703,Saakow,SO27,Middle Juba,2017-08-29,0.248862,0.2448,0.142038,0.14155,0.0051572975760701,50,0.518308406395049,0.1781330582774626,pixel_reliability=0 AND MODLAND_QA(bits0-1)=0 AND VI range -2000..10000,MOD13Q1 V061 Terra 250m 16-day
SO2703,Saakow,SO27,Middle Juba,2017-09-14,0.2466867477203647,0.245,0.1431450577507599,0.1432,0.8483754512635379,8225,0.0344507478081485,0.0009283135636926,pixel_reliability=0 AND MODLAND_QA(bits0-1)=0 AND VI range -2000..10000,MOD13Q1 V061 Terra 250m 16-day
SO2703,Saakow,SO27,Middle Juba,2017-09-30,0.2412108177172061,0.23985,0.1414026648819664,0.142,0.8476534296028881,8218,0.0349664775657555,0.0006188757091284,pixel_reliability=0 AND MODLAND_QA(bits0-1)=0 AND VI range -2000..10000,MOD13Q1 V061 Terra 250m 16-day
SO2703,Saakow,SO27,Middle Juba,2017-10-16,0.2427991989319092,0.2416,0.1314556742323097,0.1301,0.0772563176895306,749,0.6127900979886539,0.076328004125838,pixel_reliability=0 AND MODLAND_QA(bits0-1)=0 AND VI range -2000..10000,MOD13Q1 V061 Terra 250m 16-day
SO2703,Saakow,SO27,Middle Juba,2017-11-01,0.4545940881763528,0.45510000000000006,0.3113349699398798,0.3166,0.10293965961835998,998,0.6495100567302733,0.04713769984528107,pixel_reliability=0 AND MODLAND_QA(bits0-1)=0 AND VI range -2000..10000,MOD13Q1 V061 Terra 250m 16-day
SO2703,Saakow,SO27,Middle Juba,2017-11-17,0.5125817086527931,0.5123,0.31774365340148475,0.3181,0.8475502836513666,8217,0.041258380608561115,0.00010314595152140278,pixel_reliability=0 AND MODLAND_QA(bits0-1)=0 AND VI range -2000..10000,MOD13Q1 V061 Terra 250m 16-day
SO2703,Saakow,SO27,Middle Juba,2017-12-03,0.4744436086404067,0.4766,0.2876376747141042,0.2899,0.8117586384734399,7870,0.052294997421351214,0.0,pixel_reliability=0 AND MODLAND_QA(bits0-1)=0 AND VI range -2000..10000,MOD13Q1 V061 Terra 250m 16-day
SO2703,Saakow,SO27,Middle Juba,2017-12-19,0.397704409363092,0.4015,0.23951988023952095,0.2434,0.9473955647240846,9185,0.008767405879319236,0.0,pixel_reliability=0 AND MODLAND_QA(bits0-1)=0 AND VI range -2000..10000,MOD13Q1 V061 Terra 250m 16-day
SO2801,Kismaayo,SO28,Lower Juba,2017-01-01,0.4232442716289404,0.4289,0.2740751562283016,0.2797,0.6433485213973019,7201,0.0850531582238899,0.0109890109890109,pixel_reliability=0 AND MODLAND_QA(bits0-1)=0 AND VI range -2000..10000,MOD13Q1 V061 Terra 250m 16-day
SO2801,Kismaayo,SO28,Lower Juba,2017-01-17,0.3940318415000884,0.3902,0.2327371130373253,0.2273,0.5050477977307246,5653,0.2661484856606808,0.0226034128473152,pixel_reliability=0 AND MODLAND_QA(bits0-1)=0 AND VI range -2000..10000,MOD13Q1 V061 Terra 250m 16-day
SO2801,Kismaayo,SO28,Lower Juba,2017-02-02,0.3968888781431334,0.39175,0.219014410058027,0.214,0.1847583310997945,2068,0.3305637451978915,0.1047976413830072,pixel_reliability=0 AND MODLAND_QA(bits0-1)=0 AND VI range -2000..10000,MOD13Q1 V061 Terra 250m 16-day
SO2801,Kismaayo,SO28,Lower Juba,2017-02-18,0.315160409556314,0.3033,0.1940975798945082,0.1891,0.5758956490663808,6446,0.1106941838649155,0.0042883945322969,pixel_reliability=0 AND MODLAND_QA(bits0-1)=0 AND VI range -2000..10000,MOD13Q1 V061 Terra 250m 16-day
SO2801,Kismaayo,SO28,Lower Juba,2017-03-06,0.3165127548673924,0.3149,0.1798610915223057,0.1756,0.5827749486286071,6523,0.1411596533547753,0.014383989993746,pixel_reliability=0 AND MODLAND_QA(bits0-1)=0 AND VI range -2000..10000,MOD13Q1 V061 Terra 250m 16-day
SO2801,Kismaayo,SO28,Lower Juba,2017-03-22,0.2571483276450512,0.2465,0.1575335153583617,0.151,0.1308853747878138,1465,0.4325024568927008,0.0697757527025819,pixel_reliability=0 AND MODLAND_QA(bits0-1)=0 AND VI range -2000..10000,MOD13Q1 V061 Terra 250m 16-day
SO2801,Kismaayo,SO28,Lower Juba,2017-04-07,0.2185450666666666,0.2005,0.1386901333333333,0.1321,0.03350308228357,375,0.4190118824265165,0.2122755293487001,pixel_reliability=0 AND MODLAND_QA(bits0-1)=0 AND VI range -2000..10000,MOD13Q1 V061 Terra 250m 16-day
SO2801,Kismaayo,SO28,Lower Juba,2017-04-23,0.2645649006622517,0.2432,0.1646397350993377,0.1488,0.0404717233985526,453,0.2964352720450281,0.3154650227820959,pixel_reliability=0 AND MODLAND_QA(bits0-1)=0 AND VI range -2000..10000,MOD13Q1 V061 Terra 250m 16-day
SO2801,Kismaayo,SO28,Lower Juba,2017-05-09,0.4848054545454545,0.49205,0.3217372727272726,0.3243,0.0098275708031805,110,0.3595104082908961,0.328419547931743,pixel_reliability=0 AND MODLAND_QA(bits0-1)=0 AND VI range -2000..10000,MOD13Q1 V061 Terra 250m 16-day
SO2801,Kismaayo,SO28,Lower Juba,2017-05-25,0.5031165322580645,0.4981,0.3363967741935484,0.33795,0.0221567050835343,248,0.5644599303135889,0.113285088894845,pixel_reliability=0 AND MODLAND_QA(bits0-1)=0 AND VI range -2000..10000,MOD13Q1 V061 Terra 250m 16-day
SO2801,Kismaayo,SO28,Lower Juba,2017-06-10,0.5706125560538116,0.5751000000000001,0.3631959641255606,0.3539,0.0199231662646296,223,0.5240775484677924,0.1450013401232913,pixel_reliability=0 AND MODLAND_QA(bits0-1)=0 AND VI range -2000..10000,MOD13Q1 V061 Terra 250m 16-day
SO2801,Kismaayo,SO28,Lower Juba,2017-06-26,0.5967058593750001,0.6031000000000001,0.415044921875,0.4294,0.0228714375055838,256,0.6000178683105513,0.109979451442866,pixel_reliability=0 AND MODLAND_QA(bits0-1)=0 AND VI range -2000..10000,MOD13Q1 V061 Terra 250m 16-day
SO2801,Kismaayo,SO28,Lower Juba,2017-07-12,0.5262302325581395,0.5207,0.3457302325581395,0.3574,0.003841686768516,43,0.180201911909229,0.6046636290538729,pixel_reliability=0 AND MODLAND_QA(bits0-1)=0 AND VI range -2000..10000,MOD13Q1 V061 Terra 250m 16-day
SO2801,Kismaayo,SO28,Lower Juba,2017-07-28,0.4136461971830986,0.3849,0.2615318309859155,0.2525,0.0317162512284463,355,0.5495398910033057,0.0977396587152684,pixel_reliability=0 AND MODLAND_QA(bits0-1)=0 AND VI range -2000..10000,MOD13Q1 V061 Terra 250m 16-day
SO2801,Kismaayo,SO28,Lower Juba,2017-08-13,0.3316700767263427,0.3152,0.2010951406649616,0.1959,0.034932547127669,391,0.4912891986062718,0.1399088716161887,pixel_reliability=0 AND MODLAND_QA(bits0-1)=0 AND VI range -2000..10000,MOD13Q1 V061 Terra 250m 16-day
SO2801,Kismaayo,SO28,Lower Juba,2017-08-29,0.2896278481012658,0.2823,0.1693852320675105,0.1653,0.0211739480032162,237,0.4705619583668364,0.1608147949611364,pixel_reliability=0 AND MODLAND_QA(bits0-1)=0 AND VI range -2000..10000,MOD13Q1 V061 Terra 250m 16-day
SO2801,Kismaayo,SO28,Lower Juba,2017-09-14,0.329177768701132,0.3212,0.1885334461430738,0.185,0.7655677655677655,8569,0.0599481818994014,0.0055391762708835,pixel_reliability=0 AND MODLAND_QA(bits0-1)=0 AND VI range -2000..10000,MOD13Q1 V061 Terra 250m 16-day
SO2801,Kismaayo,SO28,Lower Juba,2017-09-30,0.3025649510362104,0.2959,0.1732791619221134,0.1691,0.3922987581524167,4391,0.2614133833646029,0.0284106137764674,pixel_reliability=0 AND MODLAND_QA(bits0-1)=0 AND VI range -2000..10000,MOD13Q1 V061 Terra 250m 16-day
SO2801,Kismaayo,SO28,Lower Juba,2017-10-16,0.317812,0.31645,0.1743584,0.1717,0.1116769409452336,1250,0.5111230233181453,0.0629857946931117,pixel_reliability=0 AND MODLAND_QA(bits0-1)=0 AND VI range -2000..10000,MOD13Q1 V061 Terra 250m 16-day
SO2801,Kismaayo,SO28,Lower Juba,2017-11-01,0.2679268292682927,0.24415,0.1579060975609756,0.1456,0.014652014652014652,164,0.2394353613865809,0.4385776824801215,pixel_reliability=0 AND MODLAND_QA(bits0-1)=0 AND VI range -2000..10000,MOD13Q1 V061 Terra 250m 16-day
SO2801,Kismaayo,SO28,Lower Juba,2017-11-17,0.4462238202247192,0.44210000000000005,0.2917911048689139,0.28035,0.47708389171803806,5340,0.27392120075046905,0.005807200929152149,pixel_reliability=0 AND MODLAND_QA(bits0-1)=0 AND VI range -2000..10000,MOD13Q1 V061 Terra 250m 16-day
SO2801,Kismaayo,SO28,Lower Juba,2017-12-03,0.47906666666666675,0.4889,0.30275667506297227,0.3068,0.1064057893326186,1191,0.5675868846600554,0.1268650049137854,pixel_reliability=0 AND MODLAND_QA(bits0-1)=0 AND VI range -2000..10000,MOD13Q1 V061 Terra 250m 16-day
SO2801,Kismaayo,SO28,Lower Juba,2017-12-19,0.423389695826456,0.4157,0.25179589719405804,0.24825000000000003,0.7577950504779773,8482,0.0880014294648441,0.00982757080318056,pixel_reliability=0 AND MODLAND_QA(bits0-1)=0 AND VI range -2000..10000,MOD13Q1 V061 Terra 250m 16-day
SO2802,Afmadow,SO28,Lower Juba,2017-01-01,0.3608795741849634,0.3298,0.2414176208985538,0.2213,0.917199293399711,28557,0.0057491568973823,3.211819495744339e-05,pixel_reliability=0 AND MODLAND_QA(bits0-1)=0 AND VI range -2000..10000,MOD13Q1 V061 Terra 250m 16-day
SO2802,Afmadow,SO28,Lower Juba,2017-01-17,0.3222995655265029,0.298,0.2031943676435737,0.1889,0.8131684599325518,25318,0.0386060703388469,0.0011883732134254,pixel_reliability=0 AND MODLAND_QA(bits0-1)=0 AND VI range -2000..10000,MOD13Q1 V061 Terra 250m 16-day
SO2802,Afmadow,SO28,Lower Juba,2017-02-02,0.3035122993636622,0.271,0.1923881755152436,0.1777,0.3381724747069214,10529,0.2747069214710133,0.0749317488357154,pixel_reliability=0 AND MODLAND_QA(bits0-1)=0 AND VI range -2000..10000,MOD13Q1 V061 Terra 250m 16-day
SO2802,Afmadow,SO28,Lower Juba,2017-02-18,0.2784550095251535,0.261,0.1804974352642348,0.1736,0.9104223542636904,28346,0.0167656977677854,3.211819495744339e-05,pixel_reliability=0 AND MODLAND_QA(bits0-1)=0 AND VI range -2000..10000,MOD13Q1 V061 Terra 250m 16-day
SO2802,Afmadow,SO28,Lower Juba,2017-03-06,0.2723209903513563,0.2555,0.1674911296195157,0.1618,0.7057009796049462,21972,0.1200578127509233,0.007612012204914,pixel_reliability=0 AND MODLAND_QA(bits0-1)=0 AND VI range -2000..10000,MOD13Q1 V061 Terra 250m 16-day
SO2802,Afmadow,SO28,Lower Juba,2017-03-22,0.270110873070721,0.2612,0.1721297320125931,0.1672,0.4182752529307852,13023,0.2333708045607836,0.0577163963385257,pixel_reliability=0 AND MODLAND_QA(bits0-1)=0 AND VI range -2000..10000,MOD13Q1 V061 Terra 250m 16-day
SO2802,Afmadow,SO28,Lower Juba,2017-04-07,0.4023219512195122,0.3605,0.281560162601626,0.2562,0.0039505379797655,123,0.4613778705636743,0.2482094106311225,pixel_reliability=0 AND MODLAND_QA(bits0-1)=0 AND VI range -2000..10000,MOD13Q1 V061 Terra 250m 16-day
SO2802,Afmadow,SO28,Lower Juba,2017-04-23,0.4276271375464684,0.4162,0.2793858736059479,0.2792,0.0086397944435522,269,0.3832021840372571,0.3060221615545206,pixel_reliability=0 AND MODLAND_QA(bits0-1)=0 AND VI range -2000..10000,MOD13Q1 V061 Terra 250m 16-day
SO2802,Afmadow,SO28,Lower Juba,2017-05-09,0.5375185185185186,0.51675,0.3631555555555556,0.3687,0.0034687650554038,108,0.2951019752689899,0.437963706439698,pixel_reliability=0 AND MODLAND_QA(bits0-1)=0 AND VI range -2000..10000,MOD13Q1 V061 Terra 250m 16-day
SO2802,Afmadow,SO28,Lower Juba,2017-05-25,0.4599765478424015,0.4481,0.2861215759849906,0.2783,0.0171189979123173,533,0.5314276537658583,0.1754938172474706,pixel_reliability=0 AND MODLAND_QA(bits0-1)=0 AND VI range -2000..10000,MOD13Q1 V061 Terra 250m 16-day
SO2802,Afmadow,SO28,Lower Juba,2017-06-10,0.2366642473805264,0.2283,0.1655730641451571,0.1603,0.125678496868476,3913,0.3864461217279589,0.1760719447567046,pixel_reliability=0 AND MODLAND_QA(bits0-1)=0 AND VI range -2000..10000,MOD13Q1 V061 Terra 250m 16-day
SO2802,Afmadow,SO28,Lower Juba,2017-06-26,0.2824346839546191,0.2667,0.197517017828201,0.1905,0.0198169262887425,617,0.5141801830737113,0.1625180664846635,pixel_reliability=0 AND MODLAND_QA(bits0-1)=0 AND VI range -2000..10000,MOD13Q1 V061 Terra 250m 16-day
SO2802,Afmadow,SO28,Lower Juba,2017-07-12,0.2266514285714285,0.2224,0.1528914285714286,0.1479,0.0011241368235105,35,0.183555484181789,0.5804079010759595,pixel_reliability=0 AND MODLAND_QA(bits0-1)=0 AND VI range -2000..10000,MOD13Q1 V061 Terra 250m 16-day
SO2802,Afmadow,SO28,Lower Juba,2017-07-28,0.2857106782106782,0.2508,0.1861525252525252,0.1631,0.0222579091055082,693,0.4602858519351212,0.1977517263529789,pixel_reliability=0 AND MODLAND_QA(bits0-1)=0 AND VI range -2000..10000,MOD13Q1 V061 Terra 250m 16-day
SO2802,Afmadow,SO28,Lower Juba,2017-08-13,0.271808,0.2577,0.1822674285714285,0.1746,0.0056206841175525,175,0.2721695840693753,0.4166051067929982,pixel_reliability=0 AND MODLAND_QA(bits0-1)=0 AND VI range -2000..10000,MOD13Q1 V061 Terra 250m 16-day
SO2802,Afmadow,SO28,Lower Juba,2017-08-29,0.2804410714285714,0.23805,0.1719095238095238,0.15475,0.0053958567528504,168,0.3241047053155613,0.376746426850811,pixel_reliability=0 AND MODLAND_QA(bits0-1)=0 AND VI range -2000..10000,MOD13Q1 V061 Terra 250m 16-day
SO2802,Afmadow,SO28,Lower Juba,2017-09-14,0.2800325667962611,0.26,0.1726885226238729,0.1676,0.7765537176810663,24178,0.04535089127991,0.0321503131524008,pixel_reliability=0 AND MODLAND_QA(bits0-1)=0 AND VI range -2000..10000,MOD13Q1 V061 Terra 250m 16-day
SO2802,Afmadow,SO28,Lower Juba,2017-09-30,0.2555863912698712,0.237,0.1624070724615791,0.1556,0.8505861570579734,26483,0.036582624056528,0.0007708366789786,pixel_reliability=0 AND MODLAND_QA(bits0-1)=0 AND VI range -2000..10000,MOD13Q1 V061 Terra 250m 16-day
SO2802,Afmadow,SO28,Lower Juba,2017-10-16,0.247838973706531,0.2407,0.1462075063613231,0.1402,0.0757347037096515,2358,0.3558374819335153,0.3366308013489641,pixel_reliability=0 AND MODLAND_QA(bits0-1)=0 AND VI range -2000..10000,MOD13Q1 V061 Terra 250m 16-day
SO2802,Afmadow,SO28,Lower Juba,2017-11-01,0.46509870903674283,0.4485,0.3147576961271103,0.3022,0.0323430223221455,1007,0.45572506825116427,0.2497510839890798,pixel_reliability=0 AND MODLAND_QA(bits0-1)=0 AND VI range -2000..10000,MOD13Q1 V061 Terra 250m 16-day
SO2802,Afmadow,SO28,Lower Juba,2017-11-17,0.4764249616724739,0.4607,0.31907201393728224,0.3159,0.691344146458969,21525,0.09947004978320219,0.0024731010117231412,pixel_reliability=0 AND MODLAND_QA(bits0-1)=0 AND VI range -2000..10000,MOD13Q1 V061 Terra 250m 16-day
SO2802,Afmadow,SO28,Lower Juba,2017-12-03,0.4143848721961398,0.3942,0.2777173824842057,0.2679,0.5541352176007709,17253,0.15066645254536695,0.03728922434559178,pixel_reliability=0 AND MODLAND_QA(bits0-1)=0 AND VI range -2000..10000,MOD13Q1 V061 Terra 250m 16-day
SO2802,Afmadow,SO28,Lower Juba,2017-12-19,0.3686492383079436,0.34940000000000004,0.23736122537417914,0.22640000000000002,0.9635137305283443,29999,0.0049462020234462825,0.0,pixel_reliability=0 AND MODLAND_QA(bits0-1)=0 AND VI range -2000..10000,MOD13Q1 V061 Terra 250m 16-day
SO2803,Badhaadhe,SO28,Lower Juba,2017-01-01,0.4712483161094226,0.4694,0.3034818966565349,0.3037,0.7100923767590435,8225,0.0422170422170422,0.0035396702063368,pixel_reliability=0 AND MODLAND_QA(bits0-1)=0 AND VI range -2000..10000,MOD13Q1 V061 Terra 250m 16-day
SO2803,Badhaadhe,SO28,Lower Juba,2017-01-17,0.4507373023881601,0.4473,0.2693844489292522,0.269,0.77000777000777,8919,0.0847794181127514,0.0056980056980056,pixel_reliability=0 AND MODLAND_QA(bits0-1)=0 AND VI range -2000..10000,MOD13Q1 V061 Terra 250m 16-day
SO2803,Badhaadhe,SO28,Lower Juba,2017-02-02,0.3573611014492754,0.3502,0.2121045217391304,0.2077,0.1489251489251489,1725,0.3891047224380558,0.1192264525597859,pixel_reliability=0 AND MODLAND_QA(bits0-1)=0 AND VI range -2000..10000,MOD13Q1 V061 Terra 250m 16-day
SO2803,Badhaadhe,SO28,Lower Juba,2017-02-18,0.3436194715142429,0.3354,0.218494340329835,0.2142,0.460675127341794,5336,0.318397651730985,0.0121730121730121,pixel_reliability=0 AND MODLAND_QA(bits0-1)=0 AND VI range -2000..10000,MOD13Q1 V061 Terra 250m 16-day
SO2803,Badhaadhe,SO28,Lower Juba,2017-03-06,0.3592956337616823,0.3484,0.2336170268691589,0.22445,0.5912112578779245,6848,0.1181904515237848,0.015022015022015,pixel_reliability=0 AND MODLAND_QA(bits0-1)=0 AND VI range -2000..10000,MOD13Q1 V061 Terra 250m 16-day
SO2803,Badhaadhe,SO28,Lower Juba,2017-03-22,0.3732720574162679,0.3683,0.2206523444976076,0.2202,0.0902184235517568,1045,0.5520158853492186,0.038418371751705,pixel_reliability=0 AND MODLAND_QA(bits0-1)=0 AND VI range -2000..10000,MOD13Q1 V061 Terra 250m 16-day
SO2803,Badhaadhe,SO28,Lower Juba,2017-04-07,0.3224435857805255,0.3123,0.1857598145285935,0.1804,0.0558577225243891,647,0.6018302684969352,0.0499870499870499,pixel_reliability=0 AND MODLAND_QA(bits0-1)=0 AND VI range -2000..10000,MOD13Q1 V061 Terra 250m 16-day
SO2803,Badhaadhe,SO28,Lower Juba,2017-04-23,0.3505069321533923,0.3087,0.2092243362831858,0.17815,0.0585340585340585,678,0.431667098333765,0.180350513683847,pixel_reliability=0 AND MODLAND_QA(bits0-1)=0 AND VI range -2000..10000,MOD13Q1 V061 Terra 250m 16-day
SO2803,Badhaadhe,SO28,Lower Juba,2017-05-09,0.5497522727272728,0.5405500000000001,0.3513943181818181,0.33445,0.0075973409306742,88,0.3613916947250281,0.3404990071656738,pixel_reliability=0 AND MODLAND_QA(bits0-1)=0 AND VI range -2000..10000,MOD13Q1 V061 Terra 250m 16-day
SO2803,Badhaadhe,SO28,Lower Juba,2017-05-25,0.5196029233870968,0.4627,0.3282900201612903,0.3102,0.0856427523094189,992,0.6699473366140033,0.015367348700682,pixel_reliability=0 AND MODLAND_QA(bits0-1)=0 AND VI range -2000..10000,MOD13Q1 V061 Terra 250m 16-day
SO2803,Badhaadhe,SO28,Lower Juba,2017-06-10,0.6418865979381443,0.675,0.3930376288659794,0.3936,0.01674868341535,194,0.5643615643615644,0.1359751359751359,pixel_reliability=0 AND MODLAND_QA(bits0-1)=0 AND VI range -2000..10000,MOD13Q1 V061 Terra 250m 16-day
SO2803,Badhaadhe,SO28,Lower Juba,2017-06-26,0.7212684848484848,0.778,0.4934624242424242,0.5295,0.0142450142450142,165,0.69662436329103,0.0874557541224207,pixel_reliability=0 AND MODLAND_QA(bits0-1)=0 AND VI range -2000..10000,MOD13Q1 V061 Terra 250m 16-day
SO2803,Badhaadhe,SO28,Lower Juba,2017-07-12,0.6335206896551724,0.6544,0.3914896551724137,0.4184,0.0025036691703358,29,0.4951221617888284,0.2374169040835707,pixel_reliability=0 AND MODLAND_QA(bits0-1)=0 AND VI range -2000..10000,MOD13Q1 V061 Terra 250m 16-day
SO2803,Badhaadhe,SO28,Lower Juba,2017-07-28,0.5227458801498127,0.52905,0.3336533707865169,0.32265,0.0461020461020461,534,0.6517309850643184,0.0499007165673832,pixel_reliability=0 AND MODLAND_QA(bits0-1)=0 AND VI range -2000..10000,MOD13Q1 V061 Terra 250m 16-day
SO2803,Badhaadhe,SO28,Lower Juba,2017-08-13,0.6212594444444444,0.6499,0.4004794444444445,0.418,0.0155400155400155,180,0.5235258568591902,0.1446084779418112,pixel_reliability=0 AND MODLAND_QA(bits0-1)=0 AND VI range -2000..10000,MOD13Q1 V061 Terra 250m 16-day
SO2803,Badhaadhe,SO28,Lower Juba,2017-08-29,0.5125646258503402,0.5496,0.3053265306122449,0.3233,0.0126910126910126,147,0.5565915565915566,0.1225071225071225,pixel_reliability=0 AND MODLAND_QA(bits0-1)=0 AND VI range -2000..10000,MOD13Q1 V061 Terra 250m 16-day
SO2803,Badhaadhe,SO28,Lower Juba,2017-09-14,0.3596925168717745,0.343,0.2215172687574434,0.21325,0.4349477682811016,5038,0.2705689372356039,0.0467927134593801,pixel_reliability=0 AND MODLAND_QA(bits0-1)=0 AND VI range -2000..10000,MOD13Q1 V061 Terra 250m 16-day
SO2803,Badhaadhe,SO28,Lower Juba,2017-09-30,0.3697041806020067,0.34925,0.2196581103678929,0.2126,0.1032547699214365,1196,0.518000518000518,0.0599153932487265,pixel_reliability=0 AND MODLAND_QA(bits0-1)=0 AND VI range -2000..10000,MOD13Q1 V061 Terra 250m 16-day
SO2803,Badhaadhe,SO28,Lower Juba,2017-10-16,0.3531826463314098,0.3498,0.2035203215169002,0.2011,0.2094448761115427,2426,0.5092808426141759,0.0334973668307001,pixel_reliability=0 AND MODLAND_QA(bits0-1)=0 AND VI range -2000..10000,MOD13Q1 V061 Terra 250m 16-day
SO2803,Badhaadhe,SO28,Lower Juba,2017-11-01,0.46007341389728096,0.44870000000000004,0.25903534743202417,0.24200000000000002,0.028576361909695244,331,0.2972459639126306,0.31727531727531727,pixel_reliability=0 AND MODLAND_QA(bits0-1)=0 AND VI range -2000..10000,MOD13Q1 V061 Terra 250m 16-day
SO2803,Badhaadhe,SO28,Lower Juba,2017-11-17,0.5676220191625266,0.5717,0.37424558197303054,0.3773,0.48657515324181994,5636,0.3311749978416645,0.001899335232668566,pixel_reliability=0 AND MODLAND_QA(bits0-1)=0 AND VI range -2000..10000,MOD13Q1 V061 Terra 250m 16-day
SO2803,Badhaadhe,SO28,Lower Juba,2017-12-03,0.4507716719607277,0.4476,0.29699809413803063,0.2978,0.29897263230596566,3463,0.4270914270914271,0.05387205387205387,pixel_reliability=0 AND MODLAND_QA(bits0-1)=0 AND VI range -2000..10000,MOD13Q1 V061 Terra 250m 16-day
SO2803,Badhaadhe,SO28,Lower Juba,2017-12-19,0.4776371441849657,0.47890000000000005,0.2962693970024399,0.2973,0.7430717430717431,8607,0.15160148493481826,0.001295001295001295,pixel_reliability=0 AND MODLAND_QA(bits0-1)=0 AND VI range -2000..10000,MOD13Q1 V061 Terra 250m 16-day
SO2804,Jamaame,SO28,Lower Juba,2017-01-01,0.3564972488803583,0.3464,0.236657197696737,0.2209,0.6127009016072129,1563,0.0901607212857702,0.0074480595844766,pixel_reliability=0 AND MODLAND_QA(bits0-1)=0 AND VI range -2000..10000,MOD13Q1 V061 Terra 250m 16-day
SO2804,Jamaame,SO28,Lower Juba,2017-01-17,0.33486993006993,0.3174,0.216576923076923,0.2107,0.1681693453547628,429,0.6056448451587613,0.0129361034888279,pixel_reliability=0 AND MODLAND_QA(bits0-1)=0 AND VI range -2000..10000,MOD13Q1 V061 Terra 250m 16-day
SO2804,Jamaame,SO28,Lower Juba,2017-02-02,0.3194002583979328,0.2927,0.1865348837209302,0.1772,0.1517052136417091,387,0.3845550764406115,0.0423363386907095,pixel_reliability=0 AND MODLAND_QA(bits0-1)=0 AND VI range -2000..10000,MOD13Q1 V061 Terra 250m 16-day
SO2804,Jamaame,SO28,Lower Juba,2017-02-18,0.287767740011926,0.2716,0.1725000596302922,0.1645,0.6573892591140729,1677,0.0674245393963151,0.0,pixel_reliability=0 AND MODLAND_QA(bits0-1)=0 AND VI range -2000..10000,MOD13Q1 V061 Terra 250m 16-day
SO2804,Jamaame,SO28,Lower Juba,2017-03-06,0.2634013300083125,0.2529,0.1542738154613466,0.1523,0.4715797726381811,1203,0.1497451979615837,0.0054880439043512,pixel_reliability=0 AND MODLAND_QA(bits0-1)=0 AND VI range -2000..10000,MOD13Q1 V061 Terra 250m 16-day
SO2804,Jamaame,SO28,Lower Juba,2017-03-22,0.2476421610169491,0.24385,0.1557692796610169,0.15595,0.1850254802038416,472,0.3449627597020776,0.0717365738925911,pixel_reliability=0 AND MODLAND_QA(bits0-1)=0 AND VI range -2000..10000,MOD13Q1 V061 Terra 250m 16-day
SO2804,Jamaame,SO28,Lower Juba,2017-04-07,0.2185,0.2248,0.1457975903614458,0.153,0.0325362602900823,83,0.3351626813014504,0.2399059192473539,pixel_reliability=0 AND MODLAND_QA(bits0-1)=0 AND VI range -2000..10000,MOD13Q1 V061 Terra 250m 16-day
SO2804,Jamaame,SO28,Lower Juba,2017-04-23,0.2429263888888889,0.2613,0.1619347222222222,0.1765,0.0282242257938063,72,0.3547628381027048,0.2418659349274794,pixel_reliability=0 AND MODLAND_QA(bits0-1)=0 AND VI range -2000..10000,MOD13Q1 V061 Terra 250m 16-day
SO2804,Jamaame,SO28,Lower Juba,2017-05-09,0.3706809523809523,0.3902,0.25634,0.2727,0.0411603292826342,105,0.4558996471971775,0.1262250098000784,pixel_reliability=0 AND MODLAND_QA(bits0-1)=0 AND VI range -2000..10000,MOD13Q1 V061 Terra 250m 16-day
SO2804,Jamaame,SO28,Lower Juba,2017-05-25,0.3645923076923076,0.4205,0.2562892307692307,0.2854,0.0254802038416307,65,0.4739317914543316,0.1309290474323794,pixel_reliability=0 AND MODLAND_QA(bits0-1)=0 AND VI range -2000..10000,MOD13Q1 V061 Terra 250m 16-day
SO2804,Jamaame,SO28,Lower Juba,2017-06-10,0.5340690058479532,0.5708,0.3773520467836257,0.4016,0.06703253626029,171,0.4751078008624069,0.0960407683261466,pixel_reliability=0 AND MODLAND_QA(bits0-1)=0 AND VI range -2000..10000,MOD13Q1 V061 Terra 250m 16-day
SO2804,Jamaame,SO28,Lower Juba,2017-06-26,0.4760166666666667,0.5371,0.3372966666666666,0.3861,0.0352802822422579,90,0.5727165817326538,0.0740885927087416,pixel_reliability=0 AND MODLAND_QA(bits0-1)=0 AND VI range -2000..10000,MOD13Q1 V061 Terra 250m 16-day
SO2804,Jamaame,SO28,Lower Juba,2017-07-12,0.4306740740740742,0.4468,0.2728148148148148,0.2924,0.0105840846726773,27,0.4190513524108193,0.3641709133673069,pixel_reliability=0 AND MODLAND_QA(bits0-1)=0 AND VI range -2000..10000,MOD13Q1 V061 Terra 250m 16-day
SO2804,Jamaame,SO28,Lower Juba,2017-07-28,0.3871051948051948,0.3982,0.2465006493506493,0.2528,0.0603684829478635,154,0.5762446099568796,0.053704429635437,pixel_reliability=0 AND MODLAND_QA(bits0-1)=0 AND VI range -2000..10000,MOD13Q1 V061 Terra 250m 16-day
SO2804,Jamaame,SO28,Lower Juba,2017-08-13,0.3691416913946587,0.37095,0.2119181008902077,0.21435,0.2642101136809094,674,0.2967463739709918,0.0862406899255194,pixel_reliability=0 AND MODLAND_QA(bits0-1)=0 AND VI range -2000..10000,MOD13Q1 V061 Terra 250m 16-day
SO2804,Jamaame,SO28,Lower Juba,2017-08-29,0.3320504132231405,0.3414,0.1854702479338843,0.19575,0.0948647589180713,242,0.4774598196785574,0.039984319874559,pixel_reliability=0 AND MODLAND_QA(bits0-1)=0 AND VI range -2000..10000,MOD13Q1 V061 Terra 250m 16-day
SO2804,Jamaame,SO28,Lower Juba,2017-09-14,0.3387883365200765,0.341,0.1900732313575525,0.1912,0.2050176401411211,523,0.377891023128185,0.049000392003136,pixel_reliability=0 AND MODLAND_QA(bits0-1)=0 AND VI range -2000..10000,MOD13Q1 V061 Terra 250m 16-day
SO2804,Jamaame,SO28,Lower Juba,2017-09-30,0.3018506903353057,0.304,0.1736974358974358,0.1765,0.1987455899647197,507,0.3116424931399451,0.0560564484515876,pixel_reliability=0 AND MODLAND_QA(bits0-1)=0 AND VI range -2000..10000,MOD13Q1 V061 Terra 250m 16-day
SO2804,Jamaame,SO28,Lower Juba,2017-10-16,0.2472725806451612,0.26065,0.1507935483870968,0.15215,0.0243041944335554,62,0.5915327322618581,0.0948647589180713,pixel_reliability=0 AND MODLAND_QA(bits0-1)=0 AND VI range -2000..10000,MOD13Q1 V061 Terra 250m 16-day
SO2804,Jamaame,SO28,Lower Juba,2017-11-01,0.340691755319149,0.34685,0.21561968085106384,0.22125,0.14739317914543315,376,0.3053704429635437,0.19678557428459428,pixel_reliability=0 AND MODLAND_QA(bits0-1)=0 AND VI range -2000..10000,MOD13Q1 V061 Terra 250m 16-day
SO2804,Jamaame,SO28,Lower Juba,2017-11-17,0.4391621481481482,0.43775000000000003,0.2614325925925926,0.26130000000000003,0.529204233633869,1350,0.11407291258330067,0.006272050176401411,pixel_reliability=0 AND MODLAND_QA(bits0-1)=0 AND VI range -2000..10000,MOD13Q1 V061 Terra 250m 16-day
SO2804,Jamaame,SO28,Lower Juba,2017-12-03,0.3398887005649718,0.3341,0.2248,0.2258,0.06938455507644062,177,0.5531164249313995,0.07879263034104272,pixel_reliability=0 AND MODLAND_QA(bits0-1)=0 AND VI range -2000..10000,MOD13Q1 V061 Terra 250m 16-day
SO2804,Jamaame,SO28,Lower Juba,2017-12-19,0.38996949685534593,0.37355000000000005,0.2428315094339623,0.23,0.6232849862798903,1590,0.07095256762054096,0.007840062720501764,pixel_reliability=0 AND MODLAND_QA(bits0-1)=0 AND VI range -2000..10000,MOD13Q1 V061 Terra 250m 16-day
Unspecified,Unspecified,SO22,Banadir,2017-01-01,0.2347025974025974,0.2319,0.1731987012987013,0.171,0.4583333333333333,77,0.0535714285714285,0.0654761904761904,pixel_reliability=0 AND MODLAND_QA(bits0-1)=0 AND VI range -2000..10000,MOD13Q1 V061 Terra 250m 16-day
Unspecified,Unspecified,SO22,Banadir,2017-01-17,0.2139961038961038,0.2116,0.163038961038961,0.1614,0.4583333333333333,77,0.0892857142857142,0.119047619047619,pixel_reliability=0 AND MODLAND_QA(bits0-1)=0 AND VI range -2000..10000,MOD13Q1 V061 Terra 250m 16-day
Unspecified,Unspecified,SO22,Banadir,2017-02-02,0.192626,0.19295,0.151172,0.1482,0.2976190476190476,50,0.2202380952380952,0.0833333333333333,pixel_reliability=0 AND MODLAND_QA(bits0-1)=0 AND VI range -2000..10000,MOD13Q1 V061 Terra 250m 16-day
Unspecified,Unspecified,SO22,Banadir,2017-02-18,0.1899314814814815,0.1872,0.1445833333333333,0.14245,0.3214285714285714,54,0.2083333333333333,0.0833333333333333,pixel_reliability=0 AND MODLAND_QA(bits0-1)=0 AND VI range -2000..10000,MOD13Q1 V061 Terra 250m 16-day
Unspecified,Unspecified,SO22,Banadir,2017-03-06,0.1818018518518518,0.179,0.1444,0.1426,0.3214285714285714,54,0.2321428571428571,0.0654761904761904,pixel_reliability=0 AND MODLAND_QA(bits0-1)=0 AND VI range -2000..10000,MOD13Q1 V061 Terra 250m 16-day
Unspecified,Unspecified,SO22,Banadir,2017-03-22,0.1924414285714285,0.18915,0.1449857142857142,0.1435,0.4166666666666667,70,0.244047619047619,0.0178571428571428,pixel_reliability=0 AND MODLAND_QA(bits0-1)=0 AND VI range -2000..10000,MOD13Q1 V061 Terra 250m 16-day
Unspecified,Unspecified,SO22,Banadir,2017-04-07,0.1863179487179487,0.1868,0.1480384615384615,0.1458,0.2321428571428571,39,0.2142857142857142,0.0535714285714285,pixel_reliability=0 AND MODLAND_QA(bits0-1)=0 AND VI range -2000..10000,MOD13Q1 V061 Terra 250m 16-day
Unspecified,Unspecified,SO22,Banadir,2017-04-23,0.219675,0.2331,0.17362,0.18575,0.119047619047619,20,0.2738095238095238,0.2321428571428571,pixel_reliability=0 AND MODLAND_QA(bits0-1)=0 AND VI range -2000..10000,MOD13Q1 V061 Terra 250m 16-day
Unspecified,Unspecified,SO22,Banadir,2017-05-09,0.2533818181818182,0.2565,0.2010090909090909,0.2004,0.0654761904761904,11,0.3452380952380952,0.2202380952380952,pixel_reliability=0 AND MODLAND_QA(bits0-1)=0 AND VI range -2000..10000,MOD13Q1 V061 Terra 250m 16-day
Unspecified,Unspecified,SO22,Banadir,2017-05-25,0.2169,0.2169,0.1672,0.1672,0.0059523809523809,1,0.1130952380952381,0.5059523809523809,pixel_reliability=0 AND MODLAND_QA(bits0-1)=0 AND VI range -2000..10000,MOD13Q1 V061 Terra 250m 16-day
Unspecified,Unspecified,SO22,Banadir,2017-06-10,0.2551892857142857,0.25795,0.2018928571428571,0.20305,0.1666666666666666,28,0.244047619047619,0.1488095238095238,pixel_reliability=0 AND MODLAND_QA(bits0-1)=0 AND VI range -2000..10000,MOD13Q1 V061 Terra 250m 16-day
Unspecified,Unspecified,SO22,Banadir,2017-06-26,,,,,0.0,0,0.0773809523809523,0.7619047619047619,pixel_reliability=0 AND MODLAND_QA(bits0-1)=0 AND VI range -2000..10000,MOD13Q1 V061 Terra 250m 16-day
Unspecified,Unspecified,SO22,Banadir,2017-07-12,,,,,0.0,0,0.0357142857142857,0.8392857142857143,pixel_reliability=0 AND MODLAND_QA(bits0-1)=0 AND VI range -2000..10000,MOD13Q1 V061 Terra 250m 16-day
Unspecified,Unspecified,SO22,Banadir,2017-07-28,0.06385,0.06385,0.0851,0.0851,0.0119047619047619,2,0.0952380952380952,0.6666666666666666,pixel_reliability=0 AND MODLAND_QA(bits0-1)=0 AND VI range -2000..10000,MOD13Q1 V061 Terra 250m 16-day
Unspecified,Unspecified,SO22,Banadir,2017-08-13,0.2404,0.24375,0.192725,0.19195,0.0238095238095238,4,0.1785714285714285,0.6428571428571429,pixel_reliability=0 AND MODLAND_QA(bits0-1)=0 AND VI range -2000..10000,MOD13Q1 V061 Terra 250m 16-day
Unspecified,Unspecified,SO22,Banadir,2017-08-29,0.199275,0.197,0.1578125,0.1625,0.0476190476190476,8,0.1785714285714285,0.494047619047619,pixel_reliability=0 AND MODLAND_QA(bits0-1)=0 AND VI range -2000..10000,MOD13Q1 V061 Terra 250m 16-day
Unspecified,Unspecified,SO22,Banadir,2017-09-14,0.1946142857142857,0.1906,0.1512,0.1463,0.0416666666666666,7,0.3333333333333333,0.25,pixel_reliability=0 AND MODLAND_QA(bits0-1)=0 AND VI range -2000..10000,MOD13Q1 V061 Terra 250m 16-day
Unspecified,Unspecified,SO22,Banadir,2017-09-30,0.1805333333333333,0.1815999999999999,0.1398833333333333,0.1386,0.0357142857142857,6,0.3571428571428571,0.2321428571428571,pixel_reliability=0 AND MODLAND_QA(bits0-1)=0 AND VI range -2000..10000,MOD13Q1 V061 Terra 250m 16-day
Unspecified,Unspecified,SO22,Banadir,2017-10-16,0.18134,0.1782,0.149024,0.1513,0.1488095238095238,25,0.1726190476190476,0.125,pixel_reliability=0 AND MODLAND_QA(bits0-1)=0 AND VI range -2000..10000,MOD13Q1 V061 Terra 250m 16-day
Unspecified,Unspecified,SO22,Banadir,2017-11-01,0.23557254901960786,0.23170000000000002,0.1858176470588235,0.1819,0.30357142857142855,51,0.11904761904761904,0.16071428571428573,pixel_reliability=0 AND MODLAND_QA(bits0-1)=0 AND VI range -2000..10000,MOD13Q1 V061 Terra 250m 16-day
Unspecified,Unspecified,SO22,Banadir,2017-11-17,0.23845833333333338,0.23520000000000002,0.19055000000000002,0.18560000000000001,0.21428571428571427,36,0.23809523809523808,0.08928571428571429,pixel_reliability=0 AND MODLAND_QA(bits0-1)=0 AND VI range -2000..10000,MOD13Q1 V061 Terra 250m 16-day
Unspecified,Unspecified,SO22,Banadir,2017-12-03,0.2568076923076923,0.2574,0.20603076923076927,0.21030000000000001,0.07738095238095238,13,0.5,0.08333333333333333,pixel_reliability=0 AND MODLAND_QA(bits0-1)=0 AND VI range -2000..10000,MOD13Q1 V061 Terra 250m 16-day
Unspecified,Unspecified,SO22,Banadir,2017-12-19,0.210423076923077,0.2083,0.16797692307692308,0.1654,0.30952380952380953,52,0.17261904761904762,0.10119047619047619,pixel_reliability=0 AND MODLAND_QA(bits0-1)=0 AND VI range -2000..10000,MOD13Q1 V061 Terra 250m 16-day
