district_id,district_name,region_id,region_name,date,ndvi_mean,ndvi_median,evi_mean,evi_median,valid_pixel_fraction,good_pixel_count,marginal_pixel_fraction,cloudy_pixel_fraction,qa_rule,source_version
SO1101,Borama,SO11,Awdal,2015-01-01,0.1688984100877193,0.1653,0.1096608278508772,0.1102,0.9972662657189721,3648,0.0,0.0,pixel_reliability=0 AND MODLAND_QA(bits0-1)=0 AND VI range -2000..10000,MOD13Q1 V061 Terra 250m 16-day
SO1101,Borama,SO11,Awdal,2015-01-17,0.1667505571847507,0.1628,0.1086481524926686,0.10875,0.9322033898305084,3410,0.0434663750683433,0.0,pixel_reliability=0 AND MODLAND_QA(bits0-1)=0 AND VI range -2000..10000,MOD13Q1 V061 Terra 250m 16-day
SO1101,Borama,SO11,Awdal,2015-02-02,0.1556664569083447,0.153,0.1029250341997264,0.1031,0.9991798797156916,3655,0.0,0.0,pixel_reliability=0 AND MODLAND_QA(bits0-1)=0 AND VI range -2000..10000,MOD13Q1 V061 Terra 250m 16-day
SO1101,Borama,SO11,Awdal,2015-02-18,0.15174765625,0.1491,0.1032969866071428,0.1031,0.9797703663203936,3584,0.0,0.0,pixel_reliability=0 AND MODLAND_QA(bits0-1)=0 AND VI range -2000..10000,MOD13Q1 V061 Terra 250m 16-day
SO1101,Borama,SO11,Awdal,2015-03-06,0.1465569706929608,0.1448,0.0968068200493015,0.0977,0.9980863860032804,3651,0.0,0.0,pixel_reliability=0 AND MODLAND_QA(bits0-1)=0 AND VI range -2000..10000,MOD13Q1 V061 Terra 250m 16-day
SO1101,Borama,SO11,Awdal,2015-03-22,0.1617477164471841,0.1589,0.1121918464555898,0.1126,0.9756697648988518,3569,0.002460360852925,0.0,pixel_reliability=0 AND MODLAND_QA(bits0-1)=0 AND VI range -2000..10000,MOD13Q1 V061 Terra 250m 16-day
SO1101,Borama,SO11,Awdal,2015-04-07,0.1643054237288135,0.1609,0.1147853389830508,0.11415,0.967741935483871,3540,0.0002733734281027,0.0,pixel_reliability=0 AND MODLAND_QA(bits0-1)=0 AND VI range -2000..10000,MOD13Q1 V061 Terra 250m 16-day
SO1101,Borama,SO11,Awdal,2015-04-23,0.1620127947096032,0.1608,0.1139721966647498,0.114,0.950792782941498,3478,0.007654455986878,0.0,pixel_reliability=0 AND MODLAND_QA(bits0-1)=0 AND VI range -2000..10000,MOD13Q1 V061 Terra 250m 16-day
SO1101,Borama,SO11,Awdal,2015-05-09,0.175131483223581,0.1686,0.1234011915961116,0.1215,0.8717878622197922,3189,0.0352651722252597,0.0,pixel_reliability=0 AND MODLAND_QA(bits0-1)=0 AND VI range -2000..10000,MOD13Q1 V061 Terra 250m 16-day
SO1101,Borama,SO11,Awdal,2015-05-25,0.175710840636157,0.1711,0.1191290814670561,0.1186,0.8422635319846911,3081,0.0478403499179879,0.0,pixel_reliability=0 AND MODLAND_QA(bits0-1)=0 AND VI range -2000..10000,MOD13Q1 V061 Terra 250m 16-day
SO1101,Borama,SO11,Awdal,2015-06-10,0.161769940652819,0.1587,0.1104591988130564,0.1106,0.9212684527063968,3370,0.0185893931109896,0.0,pixel_reliability=0 AND MODLAND_QA(bits0-1)=0 AND VI range -2000..10000,MOD13Q1 V061 Terra 250m 16-day
SO1101,Borama,SO11,Awdal,2015-06-26,0.160754990700558,0.1569,0.1128754184748915,0.11225,0.8819026790595954,3226,0.0407326407873154,0.0,pixel_reliability=0 AND MODLAND_QA(bits0-1)=0 AND VI range -2000..10000,MOD13Q1 V061 Terra 250m 16-day
SO1101,Borama,SO11,Awdal,2015-07-12,0.1560351792480326,0.1526,0.1094535412416205,0.1089,0.937944231820667,3431,0.0131219245489338,0.0,pixel_reliability=0 AND MODLAND_QA(bits0-1)=0 AND VI range -2000..10000,MOD13Q1 V061 Terra 250m 16-day
SO1101,Borama,SO11,Awdal,2015-07-28,0.163113869047619,0.15785,0.1094541369047619,0.1079,0.918534718425369,3360,0.0194095133952979,0.0,pixel_reliability=0 AND MODLAND_QA(bits0-1)=0 AND VI range -2000..10000,MOD13Q1 V061 Terra 250m 16-day
SO1101,Borama,SO11,Awdal,2015-08-13,0.1833002412545235,0.17885,0.1216854644149577,0.1192,0.9065062875888464,3316,0.0248769819573537,0.0,pixel_reliability=0 AND MODLAND_QA(bits0-1)=0 AND VI range -2000..10000,MOD13Q1 V061 Terra 250m 16-day
SO1101,Borama,SO11,Awdal,2015-08-29,0.19765235062177738,0.1935,0.13461601455868974,0.1356,0.9013121924548934,3297,0.036905412793876435,0.0,pixel_reliability=0 AND MODLAND_QA(bits0-1)=0 AND VI range -2000..10000,MOD13Q1 V061 Terra 250m 16-day
SO1101,Borama,SO11,Awdal,2015-09-14,0.2068567765567766,0.20035,0.143418376068376,0.14265,0.8955713504647348,3276,0.023236741388737,0.0,pixel_reliability=0 AND MODLAND_QA(bits0-1)=0 AND VI range -2000..10000,MOD13Q1 V061 Terra 250m 16-day
SO1101,Borama,SO11,Awdal,2015-09-30,0.1925637337845459,0.1883,0.137271714608009,0.1371,0.9693821760524876,3546,0.0043739748496446,0.0,pixel_reliability=0 AND MODLAND_QA(bits0-1)=0 AND VI range -2000..10000,MOD13Q1 V061 Terra 250m 16-day
SO1101,Borama,SO11,Awdal,2015-10-16,0.1859237492811961,0.1814,0.1224959746981023,0.1224,0.950792782941498,3478,0.0103881902679059,0.0,pixel_reliability=0 AND MODLAND_QA(bits0-1)=0 AND VI range -2000..10000,MOD13Q1 V061 Terra 250m 16-day
SO1101,Borama,SO11,Awdal,2015-11-01,0.1784611264494754,0.1738,0.1199000276090557,0.1203,0.9901585565882997,3622,0.0013668671405139,0.0,pixel_reliability=0 AND MODLAND_QA(bits0-1)=0 AND VI range -2000..10000,MOD13Q1 V061 Terra 250m 16-day
SO1101,Borama,SO11,Awdal,2015-11-17,0.17235561042524,0.1676,0.1151277091906721,0.1158,0.9964461454346636,3645,0.0002733734281027,0.0,pixel_reliability=0 AND MODLAND_QA(bits0-1)=0 AND VI range -2000..10000,MOD13Q1 V061 Terra 250m 16-day
SO1101,Borama,SO11,Awdal,2015-12-03,0.1710159680638722,0.1658,0.1085686911890504,0.1086,0.958720612356479,3507,0.0065609622744669,0.0,pixel_reliability=0 AND MODLAND_QA(bits0-1)=0 AND VI range -2000..10000,MOD13Q1 V061 Terra 250m 16-day
SO1101,Borama,SO11,Awdal,2015-12-19,0.1663198605215282,0.161,0.1099778956943602,0.1112,0.9015855658829962,3298,0.0153089119737561,0.0,pixel_reliability=0 AND MODLAND_QA(bits0-1)=0 AND VI range -2000..10000,MOD13Q1 V061 Terra 250m 16-day
SO1102,Baki,SO11,Awdal,2015-01-01,0.14047109017496634,0.1321,0.09684269179004039,0.09240000000000001,0.9714958158995816,3715,0.0020920502092050207,0.0,pixel_reliability=0 AND MODLAND_QA(bits0-1)=0 AND VI range -2000..10000,MOD13Q1 V061 Terra 250m 16-day
SO1102,Baki,SO11,Awdal,2015-01-17,0.1485322676579926,0.1418,0.0946472862453531,0.0903,0.3517259414225941,1345,0.4592050209205021,0.0371338912133891,pixel_reliability=0 AND MODLAND_QA(bits0-1)=0 AND VI range -2000..10000,MOD13Q1 V061 Terra 250m 16-day
SO1102,Baki,SO11,Awdal,2015-02-02,0.1296547102444383,0.1226,0.0879195001373249,0.0838,0.9521443514644352,3641,0.0107217573221757,0.0,pixel_reliability=0 AND MODLAND_QA(bits0-1)=0 AND VI range -2000..10000,MOD13Q1 V061 Terra 250m 16-day
SO1102,Baki,SO11,Awdal,2015-02-18,0.1263205978975033,0.1199,0.0888636990801576,0.0855,0.7960251046025104,3044,0.0054916317991631,0.0,pixel_reliability=0 AND MODLAND_QA(bits0-1)=0 AND VI range -2000..10000,MOD13Q1 V061 Terra 250m 16-day
SO1102,Baki,SO11,Awdal,2015-03-06,0.1209983713355049,0.1145,0.0870622421281216,0.0839,0.963389121338912,3684,0.0052301255230125,0.0,pixel_reliability=0 AND MODLAND_QA(bits0-1)=0 AND VI range -2000..10000,MOD13Q1 V061 Terra 250m 16-day
SO1102,Baki,SO11,Awdal,2015-03-22,0.1247952188006483,0.1164,0.0871837655321447,0.0826,0.9680962343096234,3702,0.0049686192468619,0.0002615062761506,pixel_reliability=0 AND MODLAND_QA(bits0-1)=0 AND VI range -2000..10000,MOD13Q1 V061 Terra 250m 16-day
SO1102,Baki,SO11,Awdal,2015-04-07,0.1219219060402684,0.1125,0.0868980402684563,0.0814,0.974110878661088,3725,0.002092050209205,0.0,pixel_reliability=0 AND MODLAND_QA(bits0-1)=0 AND VI range -2000..10000,MOD13Q1 V061 Terra 250m 16-day
SO1102,Baki,SO11,Awdal,2015-04-23,0.1207921357615894,0.1113,0.0894101545253863,0.0839,0.9476987447698744,3624,0.0107217573221757,0.0,pixel_reliability=0 AND MODLAND_QA(bits0-1)=0 AND VI range -2000..10000,MOD13Q1 V061 Terra 250m 16-day
SO1102,Baki,SO11,Awdal,2015-05-09,0.1294605012964563,0.1175,0.0930747623163353,0.0857,0.9076882845188284,3471,0.0128138075313807,0.0,pixel_reliability=0 AND MODLAND_QA(bits0-1)=0 AND VI range -2000..10000,MOD13Q1 V061 Terra 250m 16-day
SO1102,Baki,SO11,Awdal,2015-05-25,0.1330019915848527,0.1209,0.0945224964936886,0.087,0.9322698744769874,3565,0.0122907949790794,0.0,pixel_reliability=0 AND MODLAND_QA(bits0-1)=0 AND VI range -2000..10000,MOD13Q1 V061 Terra 250m 16-day
SO1102,Baki,SO11,Awdal,2015-06-10,0.1207856588072122,0.1097,0.0851973370319001,0.0784,0.9427301255230126,3605,0.0088912133891213,0.0023535564853556,pixel_reliability=0 AND MODLAND_QA(bits0-1)=0 AND VI range -2000..10000,MOD13Q1 V061 Terra 250m 16-day
SO1102,Baki,SO11,Awdal,2015-06-26,0.1190655653659926,0.1071,0.08521837083452,0.0785,0.9181485355648537,3511,0.0180439330543933,0.0015690376569037,pixel_reliability=0 AND MODLAND_QA(bits0-1)=0 AND VI range -2000..10000,MOD13Q1 V061 Terra 250m 16-day
SO1102,Baki,SO11,Awdal,2015-07-12,0.1182123287671232,0.1079,0.0857683287671232,0.0799,0.9544979079497908,3650,0.0091527196652719,0.0002615062761506,pixel_reliability=0 AND MODLAND_QA(bits0-1)=0 AND VI range -2000..10000,MOD13Q1 V061 Terra 250m 16-day
SO1102,Baki,SO11,Awdal,2015-07-28,0.1153117696393626,0.1033,0.0820486161587922,0.0761,0.935407949790795,3577,0.0135983263598326,0.0047071129707112,pixel_reliability=0 AND MODLAND_QA(bits0-1)=0 AND VI range -2000..10000,MOD13Q1 V061 Terra 250m 16-day
SO1102,Baki,SO11,Awdal,2015-08-13,0.1218882752992383,0.108,0.0909165397170837,0.0833,0.9612970711297072,3676,0.0065376569037656,0.0005230125523012,pixel_reliability=0 AND MODLAND_QA(bits0-1)=0 AND VI range -2000..10000,MOD13Q1 V061 Terra 250m 16-day
SO1102,Baki,SO11,Awdal,2015-08-29,0.1311324790936067,0.1102,0.09142311842460212,0.0806,0.9694037656903766,3707,0.007060669456066946,0.0,pixel_reliability=0 AND MODLAND_QA(bits0-1)=0 AND VI range -2000..10000,MOD13Q1 V061 Terra 250m 16-day
SO1102,Baki,SO11,Awdal,2015-09-14,0.1379307944307944,0.1192,0.0977236145236145,0.0875,0.957897489539749,3663,0.0049686192468619,0.0,pixel_reliability=0 AND MODLAND_QA(bits0-1)=0 AND VI range -2000..10000,MOD13Q1 V061 Terra 250m 16-day
SO1102,Baki,SO11,Awdal,2015-09-30,0.1341402314316469,0.11895,0.0962353067814854,0.0873,0.9717573221757322,3716,0.0013075313807531,0.0,pixel_reliability=0 AND MODLAND_QA(bits0-1)=0 AND VI range -2000..10000,MOD13Q1 V061 Terra 250m 16-day
SO1102,Baki,SO11,Awdal,2015-10-16,0.1361949748743718,0.1227,0.0946660656222288,0.0871,0.8846757322175732,3383,0.0253661087866108,0.0,pixel_reliability=0 AND MODLAND_QA(bits0-1)=0 AND VI range -2000..10000,MOD13Q1 V061 Terra 250m 16-day
SO1102,Baki,SO11,Awdal,2015-11-01,0.1353562415380449,0.1233,0.0929311399945843,0.0864,0.9657426778242678,3693,0.0075836820083682,0.0002615062761506,pixel_reliability=0 AND MODLAND_QA(bits0-1)=0 AND VI range -2000..10000,MOD13Q1 V061 Terra 250m 16-day
SO1102,Baki,SO11,Awdal,2015-11-17,0.1390542778541953,0.1305,0.0957386519944979,0.0905,0.9505753138075314,3635,0.0049686192468619,0.0,pixel_reliability=0 AND MODLAND_QA(bits0-1)=0 AND VI range -2000..10000,MOD13Q1 V061 Terra 250m 16-day
SO1102,Baki,SO11,Awdal,2015-12-03,0.1479896945010183,0.1392,0.1011284317718941,0.0939,0.6419979079497908,2455,0.1176778242677824,0.0,pixel_reliability=0 AND MODLAND_QA(bits0-1)=0 AND VI range -2000..10000,MOD13Q1 V061 Terra 250m 16-day
SO1102,Baki,SO11,Awdal,2015-12-19,0.1435287655050207,0.1358,0.0921987595983461,0.0866,0.4427301255230125,1693,0.3070083682008368,0.0128138075313807,pixel_reliability=0 AND MODLAND_QA(bits0-1)=0 AND VI range -2000..10000,MOD13Q1 V061 Terra 250m 16-day
SO1103,Lughaye,SO11,Awdal,2015-01-01,0.10532962462867947,0.1038,0.07924534161490684,0.07830000000000001,0.9358099570381602,3703,0.0020217336365933787,0.00025271670457417233,pixel_reliability=0 AND MODLAND_QA(bits0-1)=0 AND VI range -2000..10000,MOD13Q1 V061 Terra 250m 16-day
SO1103,Lughaye,SO11,Awdal,2015-01-17,0.0953910690121786,0.0947,0.0732523004059539,0.0724,0.3735152893606267,1478,0.3373768006065201,0.0181956027293404,pixel_reliability=0 AND MODLAND_QA(bits0-1)=0 AND VI range -2000..10000,MOD13Q1 V061 Terra 250m 16-day
SO1103,Lughaye,SO11,Awdal,2015-02-02,0.0995279017857143,0.0976,0.0730520089285714,0.07205,0.9057366691938336,3584,0.0111195350012635,0.0007581501137225,pixel_reliability=0 AND MODLAND_QA(bits0-1)=0 AND VI range -2000..10000,MOD13Q1 V061 Terra 250m 16-day
SO1103,Lughaye,SO11,Awdal,2015-02-18,0.0972901944209636,0.0958,0.0718291631445477,0.071,0.8968915845337376,3549,0.0111195350012635,0.0005054334091483,pixel_reliability=0 AND MODLAND_QA(bits0-1)=0 AND VI range -2000..10000,MOD13Q1 V061 Terra 250m 16-day
SO1103,Lughaye,SO11,Awdal,2015-03-06,0.0958976858154097,0.0949,0.072803103729921,0.072,0.9282284559009352,3673,0.010361384887541,0.0020217336365933,pixel_reliability=0 AND MODLAND_QA(bits0-1)=0 AND VI range -2000..10000,MOD13Q1 V061 Terra 250m 16-day
SO1103,Lughaye,SO11,Awdal,2015-03-22,0.0987133909287257,0.0978,0.0726135529157667,0.0716,0.9360626737427344,3704,0.0080869345463735,0.0010108668182966,pixel_reliability=0 AND MODLAND_QA(bits0-1)=0 AND VI range -2000..10000,MOD13Q1 V061 Terra 250m 16-day
SO1103,Lughaye,SO11,Awdal,2015-04-07,0.0957325827455236,0.0954,0.072090206185567,0.0714,0.9315137730603992,3686,0.0126358352287086,0.0007581501137225,pixel_reliability=0 AND MODLAND_QA(bits0-1)=0 AND VI range -2000..10000,MOD13Q1 V061 Terra 250m 16-day
SO1103,Lughaye,SO11,Awdal,2015-04-23,0.0939976601345422,0.094,0.0728425270546943,0.0724,0.8640384129390952,3419,0.0159211523881728,0.0010108668182966,pixel_reliability=0 AND MODLAND_QA(bits0-1)=0 AND VI range -2000..10000,MOD13Q1 V061 Terra 250m 16-day
SO1103,Lughaye,SO11,Awdal,2015-05-09,0.0919218265833106,0.0911,0.069354552867627,0.0685,0.92974475612838,3679,0.0055597675006317,0.0002527167045741,pixel_reliability=0 AND MODLAND_QA(bits0-1)=0 AND VI range -2000..10000,MOD13Q1 V061 Terra 250m 16-day
SO1103,Lughaye,SO11,Awdal,2015-05-25,0.091579544838797,0.0905,0.0681737198591167,0.0672,0.93277735658327,3691,0.0113722517058377,0.0,pixel_reliability=0 AND MODLAND_QA(bits0-1)=0 AND VI range -2000..10000,MOD13Q1 V061 Terra 250m 16-day
SO1103,Lughaye,SO11,Awdal,2015-06-10,0.0879734030837004,0.0877,0.0671513766519823,0.067,0.917867071013394,3632,0.0169320192064695,0.0050543340914834,pixel_reliability=0 AND MODLAND_QA(bits0-1)=0 AND VI range -2000..10000,MOD13Q1 V061 Terra 250m 16-day
SO1103,Lughaye,SO11,Awdal,2015-06-26,0.0879837089329351,0.0874,0.0668052402932392,0.0663,0.9307556229466768,3683,0.0118776851149861,0.0010108668182966,pixel_reliability=0 AND MODLAND_QA(bits0-1)=0 AND VI range -2000..10000,MOD13Q1 V061 Terra 250m 16-day
SO1103,Lughaye,SO11,Awdal,2015-07-12,0.0906707257406904,0.0903,0.0691589562381082,0.0689,0.92974475612838,3679,0.016173869092747,0.0063179176143543,pixel_reliability=0 AND MODLAND_QA(bits0-1)=0 AND VI range -2000..10000,MOD13Q1 V061 Terra 250m 16-day
SO1103,Lughaye,SO11,Awdal,2015-07-28,0.0888288786064235,0.08845,0.0671800217746325,0.067,0.9284811726055092,3674,0.0189537528430629,0.0075815011372251,pixel_reliability=0 AND MODLAND_QA(bits0-1)=0 AND VI range -2000..10000,MOD13Q1 V061 Terra 250m 16-day
SO1103,Lughaye,SO11,Awdal,2015-08-13,0.0898233576642335,0.0891,0.069195971884293,0.0684,0.9347990902198636,3699,0.0202173363659337,0.0,pixel_reliability=0 AND MODLAND_QA(bits0-1)=0 AND VI range -2000..10000,MOD13Q1 V061 Terra 250m 16-day
SO1103,Lughaye,SO11,Awdal,2015-08-29,0.091165275142315,0.0903,0.06835337489834645,0.068,0.9322719231741218,3689,0.020975486479656306,0.001516300227445034,pixel_reliability=0 AND MODLAND_QA(bits0-1)=0 AND VI range -2000..10000,MOD13Q1 V061 Terra 250m 16-day
SO1103,Lughaye,SO11,Awdal,2015-09-14,0.0929706384149697,0.0918,0.0704218492019812,0.0697,0.9183725044225424,3634,0.0101086681829668,0.0002527167045741,pixel_reliability=0 AND MODLAND_QA(bits0-1)=0 AND VI range -2000..10000,MOD13Q1 V061 Terra 250m 16-day
SO1103,Lughaye,SO11,Awdal,2015-09-30,0.0946815803667745,0.0932,0.0717510517799352,0.0707,0.9370735405610312,3708,0.0085923679555218,0.0,pixel_reliability=0 AND MODLAND_QA(bits0-1)=0 AND VI range -2000..10000,MOD13Q1 V061 Terra 250m 16-day
SO1103,Lughaye,SO11,Awdal,2015-10-16,0.0951814563928873,0.0936,0.0713704487722269,0.0702,0.5969168562041951,2362,0.1900429618397776,0.0002527167045741,pixel_reliability=0 AND MODLAND_QA(bits0-1)=0 AND VI range -2000..10000,MOD13Q1 V061 Terra 250m 16-day
SO1103,Lughaye,SO11,Awdal,2015-11-01,0.0989417047593439,0.0971,0.0720797795106211,0.0706,0.939853424311347,3719,0.0080869345463735,0.0002527167045741,pixel_reliability=0 AND MODLAND_QA(bits0-1)=0 AND VI range -2000..10000,MOD13Q1 V061 Terra 250m 16-day
SO1103,Lughaye,SO11,Awdal,2015-11-17,0.1155907426246185,0.1097,0.0857452017633096,0.0813,0.7452615617892343,2949,0.1076573161485974,0.0020217336365933,pixel_reliability=0 AND MODLAND_QA(bits0-1)=0 AND VI range -2000..10000,MOD13Q1 V061 Terra 250m 16-day
SO1103,Lughaye,SO11,Awdal,2015-12-03,0.121957314148681,0.1092,0.0906466426858513,0.08065,0.4215314632297194,1668,0.313874147081122,0.0042961839777609,pixel_reliability=0 AND MODLAND_QA(bits0-1)=0 AND VI range -2000..10000,MOD13Q1 V061 Terra 250m 16-day
SO1103,Lughaye,SO11,Awdal,2015-12-19,0.10447,0.1012,0.0762981818181818,0.07395,0.1111953500126358,440,0.568865301996462,0.0384129390952742,pixel_reliability=0 AND MODLAND_QA(bits0-1)=0 AND VI range -2000..10000,MOD13Q1 V061 Terra 250m 16-day
SO1104,Zeylac,SO11,Awdal,2015-01-01,0.10272532380527022,0.10110000000000001,0.06893726365937175,0.06760000000000001,0.9125118869718788,6717,0.016981388398315447,0.0012226599646787122,pixel_reliability=0 AND MODLAND_QA(bits0-1)=0 AND VI range -2000..10000,MOD13Q1 V061 Terra 250m 16-day
SO1104,Zeylac,SO11,Awdal,2015-01-17,0.105266020482809,0.102,0.0705664228237015,0.0686,0.3714169270479554,2734,0.3801113979078929,0.029343839152289,pixel_reliability=0 AND MODLAND_QA(bits0-1)=0 AND VI range -2000..10000,MOD13Q1 V061 Terra 250m 16-day
SO1104,Zeylac,SO11,Awdal,2015-02-02,0.0973333333333333,0.0957,0.0651523079633544,0.0637,0.7710908843907078,5676,0.0688765113435674,0.0027170221437304,pixel_reliability=0 AND MODLAND_QA(bits0-1)=0 AND VI range -2000..10000,MOD13Q1 V061 Terra 250m 16-day
SO1104,Zeylac,SO11,Awdal,2015-02-18,0.095103738317757,0.0938,0.064263385589388,0.0627,0.9012362450753972,6634,0.0187474527917402,0.0028528732509169,pixel_reliability=0 AND MODLAND_QA(bits0-1)=0 AND VI range -2000..10000,MOD13Q1 V061 Terra 250m 16-day
SO1104,Zeylac,SO11,Awdal,2015-03-06,0.093639742754803,0.0924,0.0668911917942038,0.0659,0.8343975003396278,6142,0.0714576823801114,0.0052981931802744,pixel_reliability=0 AND MODLAND_QA(bits0-1)=0 AND VI range -2000..10000,MOD13Q1 V061 Terra 250m 16-day
SO1104,Zeylac,SO11,Awdal,2015-03-22,0.0990730047972089,0.0979,0.0683196104084896,0.0671,0.9345197663360956,6879,0.0111397907892949,0.000543404428746,pixel_reliability=0 AND MODLAND_QA(bits0-1)=0 AND VI range -2000..10000,MOD13Q1 V061 Terra 250m 16-day
SO1104,Zeylac,SO11,Awdal,2015-04-07,0.0934737284252329,0.0923,0.0649254925920268,0.0637,0.8894171987501698,6547,0.0241814970792011,0.0013585110718652,pixel_reliability=0 AND MODLAND_QA(bits0-1)=0 AND VI range -2000..10000,MOD13Q1 V061 Terra 250m 16-day
SO1104,Zeylac,SO11,Awdal,2015-04-23,0.0931481469493445,0.0913,0.0666654151157145,0.0655,0.8394239913055291,6179,0.0349137345469365,0.00312457546529,pixel_reliability=0 AND MODLAND_QA(bits0-1)=0 AND VI range -2000..10000,MOD13Q1 V061 Terra 250m 16-day
SO1104,Zeylac,SO11,Awdal,2015-05-09,0.0917698016294722,0.0886,0.0653957314913212,0.0626,0.7670153511751121,5646,0.0558348050536611,0.0014943621790517,pixel_reliability=0 AND MODLAND_QA(bits0-1)=0 AND VI range -2000..10000,MOD13Q1 V061 Terra 250m 16-day
SO1104,Zeylac,SO11,Awdal,2015-05-25,0.0957928984184914,0.0924,0.0642754866180048,0.06165,0.893356880858579,6576,0.0201059638636054,0.0009509577503056,pixel_reliability=0 AND MODLAND_QA(bits0-1)=0 AND VI range -2000..10000,MOD13Q1 V061 Terra 250m 16-day
SO1104,Zeylac,SO11,Awdal,2015-06-10,0.0899497926093514,0.0864,0.0648484728506787,0.0634,0.7205542725173211,5304,0.109767694606711,0.0014943621790517,pixel_reliability=0 AND MODLAND_QA(bits0-1)=0 AND VI range -2000..10000,MOD13Q1 V061 Terra 250m 16-day
SO1104,Zeylac,SO11,Awdal,2015-06-26,0.0899482425787652,0.0869,0.0650853578583136,0.0634,0.745958429561201,5491,0.0828691753837793,0.0006792555359326,pixel_reliability=0 AND MODLAND_QA(bits0-1)=0 AND VI range -2000..10000,MOD13Q1 V061 Terra 250m 16-day
SO1104,Zeylac,SO11,Awdal,2015-07-12,0.0908205519779209,0.0887,0.0661886844526219,0.0652,0.7383507675587556,5435,0.1282434451840782,0.0010868088574921,pixel_reliability=0 AND MODLAND_QA(bits0-1)=0 AND VI range -2000..10000,MOD13Q1 V061 Terra 250m 16-day
SO1104,Zeylac,SO11,Awdal,2015-07-28,0.0902522723157704,0.0887,0.0646610718812239,0.0637,0.7503056649911697,5523,0.0843635375628311,0.0028528732509169,pixel_reliability=0 AND MODLAND_QA(bits0-1)=0 AND VI range -2000..10000,MOD13Q1 V061 Terra 250m 16-day
SO1104,Zeylac,SO11,Awdal,2015-08-13,0.0914196442533229,0.0885,0.0657452892885066,0.0649,0.6950142643662546,5116,0.1380247249015079,0.0035321287868496,pixel_reliability=0 AND MODLAND_QA(bits0-1)=0 AND VI range -2000..10000,MOD13Q1 V061 Terra 250m 16-day
SO1104,Zeylac,SO11,Awdal,2015-08-29,0.09576398860398862,0.09190000000000001,0.06779019943019943,0.0663,0.7152560793370466,5265,0.11071865235701671,0.0017660643934248063,pixel_reliability=0 AND MODLAND_QA(bits0-1)=0 AND VI range -2000..10000,MOD13Q1 V061 Terra 250m 16-day
SO1104,Zeylac,SO11,Awdal,2015-09-14,0.1008585686653771,0.0948,0.0713556866537717,0.0677,0.7023502241543269,5170,0.1080016302132862,0.0019019155006113,pixel_reliability=0 AND MODLAND_QA(bits0-1)=0 AND VI range -2000..10000,MOD13Q1 V061 Terra 250m 16-day
SO1104,Zeylac,SO11,Awdal,2015-09-30,0.1013362883804936,0.0988,0.0711462071041541,0.0682,0.9025947561472626,6644,0.0201059638636054,0.000543404428746,pixel_reliability=0 AND MODLAND_QA(bits0-1)=0 AND VI range -2000..10000,MOD13Q1 V061 Terra 250m 16-day
SO1104,Zeylac,SO11,Awdal,2015-10-16,0.1018867839607201,0.09895,0.070151616202946,0.0681,0.6640402119277272,4888,0.1396549381877462,0.000543404428746,pixel_reliability=0 AND MODLAND_QA(bits0-1)=0 AND VI range -2000..10000,MOD13Q1 V061 Terra 250m 16-day
SO1104,Zeylac,SO11,Awdal,2015-11-01,0.0991376610070257,0.098,0.0663841774004683,0.0648,0.9281347642983292,6832,0.0126341529683466,0.0006792555359326,pixel_reliability=0 AND MODLAND_QA(bits0-1)=0 AND VI range -2000..10000,MOD13Q1 V061 Terra 250m 16-day
SO1104,Zeylac,SO11,Awdal,2015-11-17,0.1004711295418641,0.1003,0.0674586492890995,0.066,0.6879500067925554,5064,0.1465833446542589,0.0077435131096318,pixel_reliability=0 AND MODLAND_QA(bits0-1)=0 AND VI range -2000..10000,MOD13Q1 V061 Terra 250m 16-day
SO1104,Zeylac,SO11,Awdal,2015-12-03,0.0991543969849246,0.0977,0.0676344974874371,0.0661,0.5406874066023638,3980,0.2064936829235158,0.014536068468958,pixel_reliability=0 AND MODLAND_QA(bits0-1)=0 AND VI range -2000..10000,MOD13Q1 V061 Terra 250m 16-day
SO1104,Zeylac,SO11,Awdal,2015-12-19,0.1048062214089661,0.10205,0.0688483989021043,0.0665,0.2969705203097405,2186,0.415160983562016,0.0441516098356201,pixel_reliability=0 AND MODLAND_QA(bits0-1)=0 AND VI range -2000..10000,MOD13Q1 V061 Terra 250m 16-day
SO1201,Hargeysa,SO12,Woqooyi Galbeed,2015-01-01,0.1619934272588055,0.15660000000000002,0.10469482388973966,0.1024,0.9967030954270713,16325,0.0004884303071005556,0.0,pixel_reliability=0 AND MODLAND_QA(bits0-1)=0 AND VI range -2000..10000,MOD13Q1 V061 Terra 250m 16-day
SO1201,Hargeysa,SO12,Woqooyi Galbeed,2015-01-17,0.1560715075983977,0.1513,0.1008125770967126,0.0984,0.9601929299713048,15727,0.0228341168569509,0.0006105378838756,pixel_reliability=0 AND MODLAND_QA(bits0-1)=0 AND VI range -2000..10000,MOD13Q1 V061 Terra 250m 16-day
SO1201,Hargeysa,SO12,Woqooyi Galbeed,2015-02-02,0.1513388214373313,0.1482,0.0974595842531273,0.0959,0.9956651810244824,16308,0.0002442151535502,0.0,pixel_reliability=0 AND MODLAND_QA(bits0-1)=0 AND VI range -2000..10000,MOD13Q1 V061 Terra 250m 16-day
SO1201,Hargeysa,SO12,Woqooyi Galbeed,2015-02-18,0.147423411989403,0.1452,0.0965392212432998,0.0949,0.9909640393186396,16231,0.0015873984980768,0.0,pixel_reliability=0 AND MODLAND_QA(bits0-1)=0 AND VI range -2000..10000,MOD13Q1 V061 Terra 250m 16-day
SO1201,Hargeysa,SO12,Woqooyi Galbeed,2015-03-06,0.1428867937608319,0.1411,0.0957045407279029,0.0945,0.8807008974906892,14425,0.0007936992490384,0.0,pixel_reliability=0 AND MODLAND_QA(bits0-1)=0 AND VI range -2000..10000,MOD13Q1 V061 Terra 250m 16-day
SO1201,Hargeysa,SO12,Woqooyi Galbeed,2015-03-22,0.1511107625,0.1492,0.10087435,0.0996,0.9768606142011113,16000,0.0023200439587276,0.0,pixel_reliability=0 AND MODLAND_QA(bits0-1)=0 AND VI range -2000..10000,MOD13Q1 V061 Terra 250m 16-day
SO1201,Hargeysa,SO12,Woqooyi Galbeed,2015-04-07,0.1497432652799178,0.149,0.1018665382639959,0.1012,0.9509738079247816,15576,0.0034190121497038,0.0,pixel_reliability=0 AND MODLAND_QA(bits0-1)=0 AND VI range -2000..10000,MOD13Q1 V061 Terra 250m 16-day
SO1201,Hargeysa,SO12,Woqooyi Galbeed,2015-04-23,0.1530926910828025,0.15055,0.1053601910828025,0.1044,0.7668355821478723,12560,0.0526894193784724,0.0002442151535502,pixel_reliability=0 AND MODLAND_QA(bits0-1)=0 AND VI range -2000..10000,MOD13Q1 V061 Terra 250m 16-day
SO1201,Hargeysa,SO12,Woqooyi Galbeed,2015-05-09,0.178435252380656,0.1746,0.1216217713325449,0.1194,0.9809512180230784,16067,0.0033579583613163,0.0,pixel_reliability=0 AND MODLAND_QA(bits0-1)=0 AND VI range -2000..10000,MOD13Q1 V061 Terra 250m 16-day
SO1201,Hargeysa,SO12,Woqooyi Galbeed,2015-05-25,0.1919952655231343,0.1879,0.129396271915944,0.1268,0.9645888027352096,15799,0.0078148849136088,0.0,pixel_reliability=0 AND MODLAND_QA(bits0-1)=0 AND VI range -2000..10000,MOD13Q1 V061 Terra 250m 16-day
SO1201,Hargeysa,SO12,Woqooyi Galbeed,2015-06-10,0.1824178889606197,0.1782,0.1249170819883796,0.1221,0.9457231821234507,15490,0.01105073569815,0.0,pixel_reliability=0 AND MODLAND_QA(bits0-1)=0 AND VI range -2000..10000,MOD13Q1 V061 Terra 250m 16-day
SO1201,Hargeysa,SO12,Woqooyi Galbeed,2015-06-26,0.1732294563843236,0.1684,0.1190438938053097,0.116,0.9658709322913488,15820,0.0078148849136088,0.0,pixel_reliability=0 AND MODLAND_QA(bits0-1)=0 AND VI range -2000..10000,MOD13Q1 V061 Terra 250m 16-day
SO1201,Hargeysa,SO12,Woqooyi Galbeed,2015-07-12,0.1642204913781926,0.1596,0.1144600803837676,0.1114,0.9418157396666464,15426,0.0117223273704133,0.0,pixel_reliability=0 AND MODLAND_QA(bits0-1)=0 AND VI range -2000..10000,MOD13Q1 V061 Terra 250m 16-day
SO1201,Hargeysa,SO12,Woqooyi Galbeed,2015-07-28,0.1553033017077799,0.1503,0.104485192915876,0.1008,0.965260394407473,15810,0.0072654008181207,0.0,pixel_reliability=0 AND MODLAND_QA(bits0-1)=0 AND VI range -2000..10000,MOD13Q1 V061 Terra 250m 16-day
SO1201,Hargeysa,SO12,Woqooyi Galbeed,2015-08-13,0.155430212581881,0.1496,0.1052809232480534,0.1001,0.9879724036876488,16182,0.0031747969961536,0.0,pixel_reliability=0 AND MODLAND_QA(bits0-1)=0 AND VI range -2000..10000,MOD13Q1 V061 Terra 250m 16-day
SO1201,Hargeysa,SO12,Woqooyi Galbeed,2015-08-29,0.16043776169552856,0.15330000000000002,0.10770794779012666,0.10160000000000001,0.9448684290860248,15476,0.003419012149703889,0.0,pixel_reliability=0 AND MODLAND_QA(bits0-1)=0 AND VI range -2000..10000,MOD13Q1 V061 Terra 250m 16-day
SO1201,Hargeysa,SO12,Woqooyi Galbeed,2015-09-14,0.1621105438401776,0.1567,0.1118909838741268,0.1085,0.9351608767324012,15317,0.004395872763905,0.0,pixel_reliability=0 AND MODLAND_QA(bits0-1)=0 AND VI range -2000..10000,MOD13Q1 V061 Terra 250m 16-day
SO1201,Hargeysa,SO12,Woqooyi Galbeed,2015-09-30,0.1630125025746653,0.1582,0.1119289598352214,0.1092,0.8892484278649491,14565,0.0037242810916417,0.0,pixel_reliability=0 AND MODLAND_QA(bits0-1)=0 AND VI range -2000..10000,MOD13Q1 V061 Terra 250m 16-day
SO1201,Hargeysa,SO12,Woqooyi Galbeed,2015-10-16,0.165982494870162,0.1613,0.1146136135286209,0.1125,0.8628731912815191,14133,0.0039074424568044,0.0,pixel_reliability=0 AND MODLAND_QA(bits0-1)=0 AND VI range -2000..10000,MOD13Q1 V061 Terra 250m 16-day
SO1201,Hargeysa,SO12,Woqooyi Galbeed,2015-11-01,0.172434242181235,0.1679,0.1151529578681142,0.1135,0.9897429635508884,16211,0.0018926674400146,0.0,pixel_reliability=0 AND MODLAND_QA(bits0-1)=0 AND VI range -2000..10000,MOD13Q1 V061 Terra 250m 16-day
SO1201,Hargeysa,SO12,Woqooyi Galbeed,2015-11-17,0.1725869826146136,0.1683,0.1152591907442925,0.1136,0.986812381708285,16163,0.0015263447096892,0.0,pixel_reliability=0 AND MODLAND_QA(bits0-1)=0 AND VI range -2000..10000,MOD13Q1 V061 Terra 250m 16-day
SO1201,Hargeysa,SO12,Woqooyi Galbeed,2015-12-03,0.1672186024551463,0.1619,0.1115998237330815,0.109,0.9698394285365408,15885,0.0073264546065083,0.0,pixel_reliability=0 AND MODLAND_QA(bits0-1)=0 AND VI range -2000..10000,MOD13Q1 V061 Terra 250m 16-day
SO1201,Hargeysa,SO12,Woqooyi Galbeed,2015-12-19,0.1617882630410655,0.157,0.1066199084350721,0.1045,0.8801514133952012,14416,0.0356554124183405,0.0004273765187129,pixel_reliability=0 AND MODLAND_QA(bits0-1)=0 AND VI range -2000..10000,MOD13Q1 V061 Terra 250m 16-day
SO1202,Berbera,SO12,Woqooyi Galbeed,2015-01-01,0.12863911337079653,0.12440000000000001,0.09097837837837838,0.08800000000000001,0.9165304120340092,11211,0.00882930019620667,0.0007357750163505559,pixel_reliability=0 AND MODLAND_QA(bits0-1)=0 AND VI range -2000..10000,MOD13Q1 V061 Terra 250m 16-day
SO1202,Berbera,SO12,Woqooyi Galbeed,2015-01-17,0.1208005517410495,0.1163,0.0860153629230014,0.0834,0.6667756703727927,8156,0.0822432962720732,0.0044964028776978,pixel_reliability=0 AND MODLAND_QA(bits0-1)=0 AND VI range -2000..10000,MOD13Q1 V061 Terra 250m 16-day
SO1202,Berbera,SO12,Woqooyi Galbeed,2015-02-02,0.1199485543910372,0.1167,0.0828693259848211,0.0813,0.9048397645519948,11068,0.0109548724656638,0.001144538914323,pixel_reliability=0 AND MODLAND_QA(bits0-1)=0 AND VI range -2000..10000,MOD13Q1 V061 Terra 250m 16-day
SO1202,Berbera,SO12,Woqooyi Galbeed,2015-02-18,0.1148946137359053,0.1118,0.0835715124405926,0.0818,0.8772890778286462,10731,0.0204381948986265,0.0019620667102681,pixel_reliability=0 AND MODLAND_QA(bits0-1)=0 AND VI range -2000..10000,MOD13Q1 V061 Terra 250m 16-day
SO1202,Berbera,SO12,Woqooyi Galbeed,2015-03-06,0.1129848410987156,0.1105,0.0815050060935595,0.0803,0.8720568999345978,10667,0.0260791366906474,0.0019620667102681,pixel_reliability=0 AND MODLAND_QA(bits0-1)=0 AND VI range -2000..10000,MOD13Q1 V061 Terra 250m 16-day
SO1202,Berbera,SO12,Woqooyi Galbeed,2015-03-22,0.1189642179002673,0.1159,0.0848791501520877,0.0831,0.886935905820798,10849,0.0178221059516023,0.0033518639633747,pixel_reliability=0 AND MODLAND_QA(bits0-1)=0 AND VI range -2000..10000,MOD13Q1 V061 Terra 250m 16-day
SO1202,Berbera,SO12,Woqooyi Galbeed,2015-04-07,0.1147888669115569,0.1119,0.0833566826787228,0.0804,0.8679692609548725,10617,0.0170045781556572,0.0015533028122956,pixel_reliability=0 AND MODLAND_QA(bits0-1)=0 AND VI range -2000..10000,MOD13Q1 V061 Terra 250m 16-day
SO1202,Berbera,SO12,Woqooyi Galbeed,2015-04-23,0.1139155485398579,0.1117,0.082453679952644,0.0805,0.828646173969915,10136,0.0228090255068672,0.0044964028776978,pixel_reliability=0 AND MODLAND_QA(bits0-1)=0 AND VI range -2000..10000,MOD13Q1 V061 Terra 250m 16-day
SO1202,Berbera,SO12,Woqooyi Galbeed,2015-05-09,0.1203273535952557,0.1173,0.0882883710155671,0.08505,0.882275997383911,10792,0.0212557226945716,0.0033518639633747,pixel_reliability=0 AND MODLAND_QA(bits0-1)=0 AND VI range -2000..10000,MOD13Q1 V061 Terra 250m 16-day
SO1202,Berbera,SO12,Woqooyi Galbeed,2015-05-25,0.1234874079597353,0.1203,0.0901663808369838,0.0869,0.8771255722694572,10729,0.0227272727272727,0.0020438194898626,pixel_reliability=0 AND MODLAND_QA(bits0-1)=0 AND VI range -2000..10000,MOD13Q1 V061 Terra 250m 16-day
SO1202,Berbera,SO12,Woqooyi Galbeed,2015-06-10,0.1120884339815762,0.1109,0.0839139315364494,0.0828,0.7188521909744932,8793,0.0824885546108567,0.0098920863309352,pixel_reliability=0 AND MODLAND_QA(bits0-1)=0 AND VI range -2000..10000,MOD13Q1 V061 Terra 250m 16-day
SO1202,Berbera,SO12,Woqooyi Galbeed,2015-06-26,0.1125117743808049,0.1105,0.0828182856037151,0.0809,0.8449967298888162,10336,0.0381785480706344,0.006948986265533,pixel_reliability=0 AND MODLAND_QA(bits0-1)=0 AND VI range -2000..10000,MOD13Q1 V061 Terra 250m 16-day
SO1202,Berbera,SO12,Woqooyi Galbeed,2015-07-12,0.1082837689133425,0.1071,0.080375388847741,0.0794,0.7726455199476783,9451,0.0606605624591236,0.0089110529758011,pixel_reliability=0 AND MODLAND_QA(bits0-1)=0 AND VI range -2000..10000,MOD13Q1 V061 Terra 250m 16-day
SO1202,Berbera,SO12,Woqooyi Galbeed,2015-07-28,0.1061422784328642,0.1051,0.0791055629516926,0.0779,0.8597122302158273,10516,0.0321288423806409,0.006785480706344,pixel_reliability=0 AND MODLAND_QA(bits0-1)=0 AND VI range -2000..10000,MOD13Q1 V061 Terra 250m 16-day
SO1202,Berbera,SO12,Woqooyi Galbeed,2015-08-13,0.1066674538270697,0.1059,0.0792594964623725,0.0784,0.8897155003270111,10883,0.02068345323741,0.0042511445389143,pixel_reliability=0 AND MODLAND_QA(bits0-1)=0 AND VI range -2000..10000,MOD13Q1 V061 Terra 250m 16-day
SO1202,Berbera,SO12,Woqooyi Galbeed,2015-08-29,0.10698381161216515,0.10590000000000001,0.07955381828582325,0.07880000000000001,0.8575049051667757,10489,0.0354807063440157,0.0036788750817527797,pixel_reliability=0 AND MODLAND_QA(bits0-1)=0 AND VI range -2000..10000,MOD13Q1 V061 Terra 250m 16-day
SO1202,Berbera,SO12,Woqooyi Galbeed,2015-09-14,0.1097350979106155,0.1085,0.0811975545769699,0.0805,0.8725474166121648,10673,0.0239535644211903,0.0012262916939175,pixel_reliability=0 AND MODLAND_QA(bits0-1)=0 AND VI range -2000..10000,MOD13Q1 V061 Terra 250m 16-day
SO1202,Berbera,SO12,Woqooyi Galbeed,2015-09-30,0.1142533699857462,0.1126,0.0847542252087151,0.0828,0.80297580117724,9822,0.0157782864617396,0.001308044473512,pixel_reliability=0 AND MODLAND_QA(bits0-1)=0 AND VI range -2000..10000,MOD13Q1 V061 Terra 250m 16-day
SO1202,Berbera,SO12,Woqooyi Galbeed,2015-10-16,0.112598430854964,0.1105,0.083514400938554,0.0819,0.5574722040549379,6819,0.1131458469587966,0.0022073250490516,pixel_reliability=0 AND MODLAND_QA(bits0-1)=0 AND VI range -2000..10000,MOD13Q1 V061 Terra 250m 16-day
SO1202,Berbera,SO12,Woqooyi Galbeed,2015-11-01,0.1217218160377358,0.11835,0.0876532837445573,0.0847,0.9012426422498364,11024,0.0162688031393067,0.0026160889470241,pixel_reliability=0 AND MODLAND_QA(bits0-1)=0 AND VI range -2000..10000,MOD13Q1 V061 Terra 250m 16-day
SO1202,Berbera,SO12,Woqooyi Galbeed,2015-11-17,0.1318318145052575,0.1248,0.0921178619574009,0.0873,0.6064421190320471,7418,0.1164159581425768,0.0053956834532374,pixel_reliability=0 AND MODLAND_QA(bits0-1)=0 AND VI range -2000..10000,MOD13Q1 V061 Terra 250m 16-day
SO1202,Berbera,SO12,Woqooyi Galbeed,2015-12-03,0.1328880471872867,0.1248,0.094951759773813,0.09,0.8385382603008502,10257,0.0294310006540222,0.000490516677567,pixel_reliability=0 AND MODLAND_QA(bits0-1)=0 AND VI range -2000..10000,MOD13Q1 V061 Terra 250m 16-day
SO1202,Berbera,SO12,Woqooyi Galbeed,2015-12-19,0.1279353734439834,0.1229,0.090681867219917,0.0866,0.3940483976455199,4820,0.2335676913015042,0.0087475474166121,pixel_reliability=0 AND MODLAND_QA(bits0-1)=0 AND VI range -2000..10000,MOD13Q1 V061 Terra 250m 16-day
SO1203,Gebiley,SO12,Woqooyi Galbeed,2015-01-01,0.17801233392821736,0.1781,0.11000202260559193,0.1135,0.9994054696789536,5043,0.0,0.0,pixel_reliability=0 AND MODLAND_QA(bits0-1)=0 AND VI range -2000..10000,MOD13Q1 V061 Terra 250m 16-day
SO1203,Gebiley,SO12,Woqooyi Galbeed,2015-01-17,0.1747776243751488,0.1749,0.1068536300880742,0.1128,0.8325406262386048,4201,0.1504161712247324,0.0,pixel_reliability=0 AND MODLAND_QA(bits0-1)=0 AND VI range -2000..10000,MOD13Q1 V061 Terra 250m 16-day
SO1203,Gebiley,SO12,Woqooyi Galbeed,2015-02-02,0.1627925382020242,0.1617,0.1008617384401667,0.1034,0.9986127625842252,5039,0.0,0.0,pixel_reliability=0 AND MODLAND_QA(bits0-1)=0 AND VI range -2000..10000,MOD13Q1 V061 Terra 250m 16-day
SO1203,Gebiley,SO12,Woqooyi Galbeed,2015-02-18,0.157413832913518,0.15605,0.10256513434089,0.10605,0.9441141498216408,4764,0.0001981767736821,0.0,pixel_reliability=0 AND MODLAND_QA(bits0-1)=0 AND VI range -2000..10000,MOD13Q1 V061 Terra 250m 16-day
SO1203,Gebiley,SO12,Woqooyi Galbeed,2015-03-06,0.1497193781344032,0.1485,0.1013603811434303,0.1054,0.9879112168053904,4985,0.0027744748315497,0.0,pixel_reliability=0 AND MODLAND_QA(bits0-1)=0 AND VI range -2000..10000,MOD13Q1 V061 Terra 250m 16-day
SO1203,Gebiley,SO12,Woqooyi Galbeed,2015-03-22,0.158828904522613,0.1607,0.1039254271356783,0.1097,0.9859294490685692,4975,0.0023781212841854,0.0,pixel_reliability=0 AND MODLAND_QA(bits0-1)=0 AND VI range -2000..10000,MOD13Q1 V061 Terra 250m 16-day
SO1203,Gebiley,SO12,Woqooyi Galbeed,2015-04-07,0.1557661657189277,0.16,0.1048909423233143,0.1105,0.9758224336107808,4924,0.0043598890210067,0.0,pixel_reliability=0 AND MODLAND_QA(bits0-1)=0 AND VI range -2000..10000,MOD13Q1 V061 Terra 250m 16-day
SO1203,Gebiley,SO12,Woqooyi Galbeed,2015-04-23,0.1568502575587906,0.1624,0.1072669652855543,0.1123,0.8848592944906857,4465,0.0245739199365834,0.0,pixel_reliability=0 AND MODLAND_QA(bits0-1)=0 AND VI range -2000..10000,MOD13Q1 V061 Terra 250m 16-day
SO1203,Gebiley,SO12,Woqooyi Galbeed,2015-05-09,0.1712757709251101,0.1775,0.1143334382211034,0.1183,0.9447086801426872,4767,0.0093143083630598,0.0,pixel_reliability=0 AND MODLAND_QA(bits0-1)=0 AND VI range -2000..10000,MOD13Q1 V061 Terra 250m 16-day
SO1203,Gebiley,SO12,Woqooyi Galbeed,2015-05-25,0.1898121655613995,0.1934,0.1274892750971873,0.1301,0.8666270313119302,4373,0.0467697185889813,0.0,pixel_reliability=0 AND MODLAND_QA(bits0-1)=0 AND VI range -2000..10000,MOD13Q1 V061 Terra 250m 16-day
SO1203,Gebiley,SO12,Woqooyi Galbeed,2015-06-10,0.1797206325932132,0.18245,0.1180680561374109,0.1226,0.946095917558462,4774,0.0132778438367023,0.0,pixel_reliability=0 AND MODLAND_QA(bits0-1)=0 AND VI range -2000..10000,MOD13Q1 V061 Terra 250m 16-day
SO1203,Gebiley,SO12,Woqooyi Galbeed,2015-06-26,0.1855935743846656,0.187,0.1231884338923981,0.1281,0.9098295679746332,4591,0.0301228695996829,0.0,pixel_reliability=0 AND MODLAND_QA(bits0-1)=0 AND VI range -2000..10000,MOD13Q1 V061 Terra 250m 16-day
SO1203,Gebiley,SO12,Woqooyi Galbeed,2015-07-12,0.1745868246051538,0.17765,0.1200959684123025,0.1238,0.9536266349583828,4812,0.017637732857709,0.0,pixel_reliability=0 AND MODLAND_QA(bits0-1)=0 AND VI range -2000..10000,MOD13Q1 V061 Terra 250m 16-day
SO1203,Gebiley,SO12,Woqooyi Galbeed,2015-07-28,0.1787801890669955,0.1773,0.1162565145910398,0.1182,0.9643281807372176,4866,0.0124851367419738,0.0,pixel_reliability=0 AND MODLAND_QA(bits0-1)=0 AND VI range -2000..10000,MOD13Q1 V061 Terra 250m 16-day
SO1203,Gebiley,SO12,Woqooyi Galbeed,2015-08-13,0.189874528110412,0.1911,0.1291251065557134,0.131,0.9764169639318272,4927,0.0075307173999207,0.0,pixel_reliability=0 AND MODLAND_QA(bits0-1)=0 AND VI range -2000..10000,MOD13Q1 V061 Terra 250m 16-day
SO1203,Gebiley,SO12,Woqooyi Galbeed,2015-08-29,0.20795775266792216,0.2101,0.13852634442351955,0.1406,0.9470868014268727,4779,0.012881490289338089,0.0,pixel_reliability=0 AND MODLAND_QA(bits0-1)=0 AND VI range -2000..10000,MOD13Q1 V061 Terra 250m 16-day
SO1203,Gebiley,SO12,Woqooyi Galbeed,2015-09-14,0.2121503084450117,0.2115,0.1456366943203573,0.1455,0.9316290130796672,4701,0.0206103844629409,0.0,pixel_reliability=0 AND MODLAND_QA(bits0-1)=0 AND VI range -2000..10000,MOD13Q1 V061 Terra 250m 16-day
SO1203,Gebiley,SO12,Woqooyi Galbeed,2015-09-30,0.2003075529315961,0.1992,0.1354637825732899,0.1349,0.9734443123265952,4912,0.0015854141894569,0.0,pixel_reliability=0 AND MODLAND_QA(bits0-1)=0 AND VI range -2000..10000,MOD13Q1 V061 Terra 250m 16-day
SO1203,Gebiley,SO12,Woqooyi Galbeed,2015-10-16,0.1958506231198968,0.1945,0.1323738719381177,0.1346,0.9223147047166071,4654,0.0182322631787554,0.0,pixel_reliability=0 AND MODLAND_QA(bits0-1)=0 AND VI range -2000..10000,MOD13Q1 V061 Terra 250m 16-day
SO1203,Gebiley,SO12,Woqooyi Galbeed,2015-11-01,0.1902328134494632,0.1865,0.1227859428802916,0.1231,0.9783987316686484,4937,0.0043598890210067,0.0,pixel_reliability=0 AND MODLAND_QA(bits0-1)=0 AND VI range -2000..10000,MOD13Q1 V061 Terra 250m 16-day
SO1203,Gebiley,SO12,Woqooyi Galbeed,2015-11-17,0.1836252347652347,0.1818,0.1172103696303696,0.1191,0.9918747522790328,5005,0.0005945303210463,0.0,pixel_reliability=0 AND MODLAND_QA(bits0-1)=0 AND VI range -2000..10000,MOD13Q1 V061 Terra 250m 16-day
SO1203,Gebiley,SO12,Woqooyi Galbeed,2015-12-03,0.1771256543321299,0.176,0.1143752707581227,0.1159,0.8783194609591756,4432,0.0085216012683313,0.0,pixel_reliability=0 AND MODLAND_QA(bits0-1)=0 AND VI range -2000..10000,MOD13Q1 V061 Terra 250m 16-day
SO1203,Gebiley,SO12,Woqooyi Galbeed,2015-12-19,0.1736561859356376,0.1723,0.109035589988081,0.1131,0.8313515655965121,4195,0.0806579468886246,0.0003963535473642,pixel_reliability=0 AND MODLAND_QA(bits0-1)=0 AND VI range -2000..10000,MOD13Q1 V061 Terra 250m 16-day
SO1301,Burco,SO13,Togdheer,2015-01-01,0.18788992401541096,0.1884,0.11749928831335617,0.11720000000000001,0.9961620469083156,18688,0.00037313432835820896,0.0,pixel_reliability=0 AND MODLAND_QA(bits0-1)=0 AND VI range -2000..10000,MOD13Q1 V061 Terra 250m 16-day
SO1301,Burco,SO13,Togdheer,2015-01-17,0.1794115226557079,0.1797,0.1117856006831403,0.1119,0.998773987206823,18737,0.0001599147121535,0.0,pixel_reliability=0 AND MODLAND_QA(bits0-1)=0 AND VI range -2000..10000,MOD13Q1 V061 Terra 250m 16-day
SO1301,Burco,SO13,Togdheer,2015-02-02,0.1731264536126549,0.17235,0.1075645361265498,0.1079,0.9974413646055436,18712,0.0001599147121535,0.0,pixel_reliability=0 AND MODLAND_QA(bits0-1)=0 AND VI range -2000..10000,MOD13Q1 V061 Terra 250m 16-day
SO1301,Burco,SO13,Togdheer,2015-02-18,0.1691160265681075,0.1669,0.1056035192029568,0.1057,0.9951492537313432,18669,0.0002132196162046,0.0,pixel_reliability=0 AND MODLAND_QA(bits0-1)=0 AND VI range -2000..10000,MOD13Q1 V061 Terra 250m 16-day
SO1301,Burco,SO13,Togdheer,2015-03-06,0.1682724615220179,0.1652,0.1055069367250962,0.1056,0.9974413646055436,18712,0.0002665245202558,0.0,pixel_reliability=0 AND MODLAND_QA(bits0-1)=0 AND VI range -2000..10000,MOD13Q1 V061 Terra 250m 16-day
SO1301,Burco,SO13,Togdheer,2015-03-22,0.1882736386604311,0.1787,0.1204271354082674,0.1147,0.991631130063966,18603,0.0006929637526652,0.0,pixel_reliability=0 AND MODLAND_QA(bits0-1)=0 AND VI range -2000..10000,MOD13Q1 V061 Terra 250m 16-day
SO1301,Burco,SO13,Togdheer,2015-04-07,0.1863434695151557,0.1762,0.1199723867656239,0.1146,0.768496801705757,14417,0.0397654584221748,0.0,pixel_reliability=0 AND MODLAND_QA(bits0-1)=0 AND VI range -2000..10000,MOD13Q1 V061 Terra 250m 16-day
SO1301,Burco,SO13,Togdheer,2015-04-23,0.1914619729043183,0.1746,0.1222385351397121,0.1136,0.6295309168443497,11810,0.1143390191897654,0.0020255863539445,pixel_reliability=0 AND MODLAND_QA(bits0-1)=0 AND VI range -2000..10000,MOD13Q1 V061 Terra 250m 16-day
SO1301,Burco,SO13,Togdheer,2015-05-09,0.2270504528385244,0.2113,0.1486291307709299,0.1386,0.9652452025586354,18108,0.0020255863539445,0.0,pixel_reliability=0 AND MODLAND_QA(bits0-1)=0 AND VI range -2000..10000,MOD13Q1 V061 Terra 250m 16-day
SO1301,Burco,SO13,Togdheer,2015-05-25,0.2211659426135054,0.2112,0.1427257086886379,0.136,0.9251599147121536,17356,0.0027185501066098,0.0,pixel_reliability=0 AND MODLAND_QA(bits0-1)=0 AND VI range -2000..10000,MOD13Q1 V061 Terra 250m 16-day
SO1301,Burco,SO13,Togdheer,2015-06-10,0.178838416249632,0.1747,0.1173791384554999,0.1151,0.5432302771855011,10191,0.3134328358208955,0.0,pixel_reliability=0 AND MODLAND_QA(bits0-1)=0 AND VI range -2000..10000,MOD13Q1 V061 Terra 250m 16-day
SO1301,Burco,SO13,Togdheer,2015-06-26,0.1917806734593799,0.1885,0.1225017163406527,0.1203,0.9783049040511728,18353,0.0026119402985074,0.0,pixel_reliability=0 AND MODLAND_QA(bits0-1)=0 AND VI range -2000..10000,MOD13Q1 V061 Terra 250m 16-day
SO1301,Burco,SO13,Togdheer,2015-07-12,0.161198012672811,0.159,0.107534005376344,0.1063,0.5552238805970149,10416,0.3394456289978678,0.0019189765458422,pixel_reliability=0 AND MODLAND_QA(bits0-1)=0 AND VI range -2000..10000,MOD13Q1 V061 Terra 250m 16-day
SO1301,Burco,SO13,Togdheer,2015-07-28,0.157747157517511,0.1539,0.1013820247597328,0.1006,0.6544776119402985,12278,0.15,0.0,pixel_reliability=0 AND MODLAND_QA(bits0-1)=0 AND VI range -2000..10000,MOD13Q1 V061 Terra 250m 16-day
SO1301,Burco,SO13,Togdheer,2015-08-13,0.1617061066107744,0.1577,0.1030102985328272,0.1018,0.9409914712153518,17653,0.0070895522388059,0.0,pixel_reliability=0 AND MODLAND_QA(bits0-1)=0 AND VI range -2000..10000,MOD13Q1 V061 Terra 250m 16-day
SO1301,Burco,SO13,Togdheer,2015-08-29,0.16096717547930153,0.1552,0.10194114666015386,0.10070000000000001,0.8730277185501066,16378,0.011194029850746268,0.0,pixel_reliability=0 AND MODLAND_QA(bits0-1)=0 AND VI range -2000..10000,MOD13Q1 V061 Terra 250m 16-day
SO1301,Burco,SO13,Togdheer,2015-09-14,0.1728638707865168,0.1698,0.1104825056179775,0.1087,0.9488272921108742,17800,0.0059168443496801,0.0,pixel_reliability=0 AND MODLAND_QA(bits0-1)=0 AND VI range -2000..10000,MOD13Q1 V061 Terra 250m 16-day
SO1301,Burco,SO13,Togdheer,2015-09-30,0.1796550703596158,0.1775,0.1148262955103864,0.1131,0.9545842217484009,17908,0.0019722814498933,0.0,pixel_reliability=0 AND MODLAND_QA(bits0-1)=0 AND VI range -2000..10000,MOD13Q1 V061 Terra 250m 16-day
SO1301,Burco,SO13,Togdheer,2015-10-16,0.1752168685121107,0.1617,0.118042508650519,0.1119,0.3081023454157782,5780,0.3858208955223881,0.005277185501066,pixel_reliability=0 AND MODLAND_QA(bits0-1)=0 AND VI range -2000..10000,MOD13Q1 V061 Terra 250m 16-day
SO1301,Burco,SO13,Togdheer,2015-11-01,0.2261504168494953,0.2095,0.142585465116279,0.1332,0.9718550106609808,18232,0.0026119402985074,0.0,pixel_reliability=0 AND MODLAND_QA(bits0-1)=0 AND VI range -2000..10000,MOD13Q1 V061 Terra 250m 16-day
SO1301,Burco,SO13,Togdheer,2015-11-17,0.2326574634937804,0.2154,0.1475365765278529,0.138,0.9856076759061834,18490,0.0019722814498933,0.0,pixel_reliability=0 AND MODLAND_QA(bits0-1)=0 AND VI range -2000..10000,MOD13Q1 V061 Terra 250m 16-day
SO1301,Burco,SO13,Togdheer,2015-12-03,0.2180322570281125,0.2069,0.1383682891566265,0.133,0.9954690831556504,18675,0.000639658848614,0.0,pixel_reliability=0 AND MODLAND_QA(bits0-1)=0 AND VI range -2000..10000,MOD13Q1 V061 Terra 250m 16-day
SO1301,Burco,SO13,Togdheer,2015-12-19,0.2024009177301113,0.1958,0.12720686396959,0.1243,0.9816098081023454,18415,0.0111940298507462,0.0,pixel_reliability=0 AND MODLAND_QA(bits0-1)=0 AND VI range -2000..10000,MOD13Q1 V061 Terra 250m 16-day
SO1302,Buuhoodle,SO13,Togdheer,2015-01-01,0.19377986128313104,0.19720000000000001,0.12069640822392866,0.1213,0.9909180166912126,8074,0.0,0.0,pixel_reliability=0 AND MODLAND_QA(bits0-1)=0 AND VI range -2000..10000,MOD13Q1 V061 Terra 250m 16-day
SO1302,Buuhoodle,SO13,Togdheer,2015-01-17,0.1858267027292844,0.1897,0.1159275264322596,0.1169,0.9982817869415808,8134,0.0,0.0,pixel_reliability=0 AND MODLAND_QA(bits0-1)=0 AND VI range -2000..10000,MOD13Q1 V061 Terra 250m 16-day
SO1302,Buuhoodle,SO13,Togdheer,2015-02-02,0.1798083691778296,0.1838,0.1120576256605628,0.1132,0.9986499754540992,8137,0.0,0.0,pixel_reliability=0 AND MODLAND_QA(bits0-1)=0 AND VI range -2000..10000,MOD13Q1 V061 Terra 250m 16-day
SO1302,Buuhoodle,SO13,Togdheer,2015-02-18,0.1772626781326781,0.1804,0.1112208108108108,0.1123,0.9990181639666176,8140,0.0,0.0,pixel_reliability=0 AND MODLAND_QA(bits0-1)=0 AND VI range -2000..10000,MOD13Q1 V061 Terra 250m 16-day
SO1302,Buuhoodle,SO13,Togdheer,2015-03-06,0.1752714936584164,0.1774,0.1097875507942371,0.1106,0.9966863033873344,8121,0.0,0.0,pixel_reliability=0 AND MODLAND_QA(bits0-1)=0 AND VI range -2000..10000,MOD13Q1 V061 Terra 250m 16-day
SO1302,Buuhoodle,SO13,Togdheer,2015-03-22,0.2056714549938347,0.2069,0.1320531319358816,0.1299,0.9953362788414336,8110,0.0001227295041728,0.0,pixel_reliability=0 AND MODLAND_QA(bits0-1)=0 AND VI range -2000..10000,MOD13Q1 V061 Terra 250m 16-day
SO1302,Buuhoodle,SO13,Togdheer,2015-04-07,0.199876411257524,0.1959,0.1330605173255246,0.1259,0.7544182621502209,6147,0.0271232204221894,0.0,pixel_reliability=0 AND MODLAND_QA(bits0-1)=0 AND VI range -2000..10000,MOD13Q1 V061 Terra 250m 16-day
SO1302,Buuhoodle,SO13,Togdheer,2015-04-23,0.2484462801108506,0.2485,0.1544123214666382,0.1539,0.5757241040746195,4691,0.1152430044182621,0.0071183112420225,pixel_reliability=0 AND MODLAND_QA(bits0-1)=0 AND VI range -2000..10000,MOD13Q1 V061 Terra 250m 16-day
SO1302,Buuhoodle,SO13,Togdheer,2015-05-09,0.3025979802087569,0.3034,0.2095396773756269,0.2078,0.9053755522827688,7377,0.0100638193421698,0.0,pixel_reliability=0 AND MODLAND_QA(bits0-1)=0 AND VI range -2000..10000,MOD13Q1 V061 Terra 250m 16-day
SO1302,Buuhoodle,SO13,Togdheer,2015-05-25,0.2834130446159885,0.2842,0.1926418422085568,0.1912,0.9380216003927344,7643,0.0029455081001472,0.0,pixel_reliability=0 AND MODLAND_QA(bits0-1)=0 AND VI range -2000..10000,MOD13Q1 V061 Terra 250m 16-day
SO1302,Buuhoodle,SO13,Togdheer,2015-06-10,0.220775354969574,0.2204,0.1520671906693712,0.1506,0.4840451644575356,3944,0.197594501718213,0.0,pixel_reliability=0 AND MODLAND_QA(bits0-1)=0 AND VI range -2000..10000,MOD13Q1 V061 Terra 250m 16-day
SO1302,Buuhoodle,SO13,Togdheer,2015-06-26,0.2189668173258003,0.2188,0.1413938104205901,0.1404,0.977540500736377,7965,0.00306823760432,0.0,pixel_reliability=0 AND MODLAND_QA(bits0-1)=0 AND VI range -2000..10000,MOD13Q1 V061 Terra 250m 16-day
SO1302,Buuhoodle,SO13,Togdheer,2015-07-12,0.1698634443923041,0.167,0.1217163303613327,0.1216,0.2615365733922435,2131,0.4861315660284732,0.009327442317133,pixel_reliability=0 AND MODLAND_QA(bits0-1)=0 AND VI range -2000..10000,MOD13Q1 V061 Terra 250m 16-day
SO1302,Buuhoodle,SO13,Togdheer,2015-07-28,0.1739383399209486,0.1729,0.1188123320158102,0.1199,0.4657584683357879,3795,0.3392243495336279,0.0,pixel_reliability=0 AND MODLAND_QA(bits0-1)=0 AND VI range -2000..10000,MOD13Q1 V061 Terra 250m 16-day
SO1302,Buuhoodle,SO13,Togdheer,2015-08-13,0.1826756533530572,0.1838,0.116179474852071,0.1163,0.9955817378497792,8112,0.0001227295041728,0.0,pixel_reliability=0 AND MODLAND_QA(bits0-1)=0 AND VI range -2000..10000,MOD13Q1 V061 Terra 250m 16-day
SO1302,Buuhoodle,SO13,Togdheer,2015-08-29,0.17466137254901962,0.1751,0.11746421568627453,0.11810000000000001,0.625920471281296,5100,0.054982817869415807,0.0,pixel_reliability=0 AND MODLAND_QA(bits0-1)=0 AND VI range -2000..10000,MOD13Q1 V061 Terra 250m 16-day
SO1302,Buuhoodle,SO13,Togdheer,2015-09-14,0.1830047964739435,0.1843,0.1192293362717137,0.1185,0.9467353951890034,7714,0.0023318605792832,0.0,pixel_reliability=0 AND MODLAND_QA(bits0-1)=0 AND VI range -2000..10000,MOD13Q1 V061 Terra 250m 16-day
SO1302,Buuhoodle,SO13,Togdheer,2015-09-30,0.1969428944277698,0.1935,0.1241962808299621,0.1198,0.9404761904761904,7663,0.0042955326460481,0.0,pixel_reliability=0 AND MODLAND_QA(bits0-1)=0 AND VI range -2000..10000,MOD13Q1 V061 Terra 250m 16-day
SO1302,Buuhoodle,SO13,Togdheer,2015-10-16,0.2620872427983539,0.2579,0.1794493827160493,0.1761,0.0894698085419734,729,0.5470054000981837,0.0683603338242513,pixel_reliability=0 AND MODLAND_QA(bits0-1)=0 AND VI range -2000..10000,MOD13Q1 V061 Terra 250m 16-day
SO1302,Buuhoodle,SO13,Togdheer,2015-11-01,0.3334326189455637,0.33005,0.213263030432919,0.2106,0.5726558664702994,4666,0.2619047619047619,0.0003681885125184,pixel_reliability=0 AND MODLAND_QA(bits0-1)=0 AND VI range -2000..10000,MOD13Q1 V061 Terra 250m 16-day
SO1302,Buuhoodle,SO13,Togdheer,2015-11-17,0.341271293494705,0.34575,0.2242710917801311,0.2228,0.9734904270986744,7932,0.0023318605792832,0.0,pixel_reliability=0 AND MODLAND_QA(bits0-1)=0 AND VI range -2000..10000,MOD13Q1 V061 Terra 250m 16-day
SO1302,Buuhoodle,SO13,Togdheer,2015-12-03,0.2995953125,0.29775,0.1902682086614173,0.1866,0.997545409916544,8128,0.0,0.0,pixel_reliability=0 AND MODLAND_QA(bits0-1)=0 AND VI range -2000..10000,MOD13Q1 V061 Terra 250m 16-day
SO1302,Buuhoodle,SO13,Togdheer,2015-12-19,0.2572711803844258,0.2547,0.1616444677180877,0.158,0.9960726558664704,8116,0.0,0.0,pixel_reliability=0 AND MODLAND_QA(bits0-1)=0 AND VI range -2000..10000,MOD13Q1 V061 Terra 250m 16-day
SO1303,Owdweyne,SO13,Togdheer,2015-01-01,0.16860030677983434,0.16590000000000002,0.11001537989569486,0.1087,0.9983665135273099,9779,0.0,0.0,pixel_reliability=0 AND MODLAND_QA(bits0-1)=0 AND VI range -2000..10000,MOD13Q1 V061 Terra 250m 16-day
SO1303,Owdweyne,SO13,Togdheer,2015-01-17,0.1619521427840851,0.1599,0.1055122327912447,0.1047,0.9981623277182236,9777,0.0,0.0,pixel_reliability=0 AND MODLAND_QA(bits0-1)=0 AND VI range -2000..10000,MOD13Q1 V061 Terra 250m 16-day
SO1303,Owdweyne,SO13,Togdheer,2015-02-02,0.1573504090816118,0.1556,0.1025994170587032,0.1018,0.9982644206227668,9778,0.0,0.0,pixel_reliability=0 AND MODLAND_QA(bits0-1)=0 AND VI range -2000..10000,MOD13Q1 V061 Terra 250m 16-day
SO1303,Owdweyne,SO13,Togdheer,2015-02-18,0.15496997546514,0.15345,0.1011316499693314,0.1004,0.9986727922409392,9782,0.0,0.0,pixel_reliability=0 AND MODLAND_QA(bits0-1)=0 AND VI range -2000..10000,MOD13Q1 V061 Terra 250m 16-day
SO1303,Owdweyne,SO13,Togdheer,2015-03-06,0.1538384215991692,0.1521,0.1014130737279335,0.1009,0.9831546707503828,9630,0.0,0.0,pixel_reliability=0 AND MODLAND_QA(bits0-1)=0 AND VI range -2000..10000,MOD13Q1 V061 Terra 250m 16-day
SO1303,Owdweyne,SO13,Togdheer,2015-03-22,0.1581834758131776,0.1564,0.1036479045037531,0.10205,0.9792751403777438,9592,0.0001020929045431,0.0,pixel_reliability=0 AND MODLAND_QA(bits0-1)=0 AND VI range -2000..10000,MOD13Q1 V061 Terra 250m 16-day
SO1303,Owdweyne,SO13,Togdheer,2015-04-07,0.1567413379997307,0.1538,0.1035860681114551,0.102,0.7584481878509444,7429,0.0382848392036753,0.0,pixel_reliability=0 AND MODLAND_QA(bits0-1)=0 AND VI range -2000..10000,MOD13Q1 V061 Terra 250m 16-day
SO1303,Owdweyne,SO13,Togdheer,2015-04-23,0.1589872547114824,0.1523,0.1058979988342724,0.1027,0.525472179683512,5147,0.1617151607963246,0.002348136804492,pixel_reliability=0 AND MODLAND_QA(bits0-1)=0 AND VI range -2000..10000,MOD13Q1 V061 Terra 250m 16-day
SO1303,Owdweyne,SO13,Togdheer,2015-05-09,0.189963944432751,0.1838,0.1275696905914544,0.1245,0.9700867789688616,9502,0.0003062787136294,0.0,pixel_reliability=0 AND MODLAND_QA(bits0-1)=0 AND VI range -2000..10000,MOD13Q1 V061 Terra 250m 16-day
SO1303,Owdweyne,SO13,Togdheer,2015-05-25,0.2112790762554247,0.2097,0.1350733932630708,0.1335,0.9880551301684533,9678,0.0002041858090862,0.0,pixel_reliability=0 AND MODLAND_QA(bits0-1)=0 AND VI range -2000..10000,MOD13Q1 V061 Terra 250m 16-day
SO1303,Owdweyne,SO13,Togdheer,2015-06-10,0.1885862369337979,0.18655,0.1236317617595818,0.1223,0.937621235324145,9184,0.009188361408882,0.0,pixel_reliability=0 AND MODLAND_QA(bits0-1)=0 AND VI range -2000..10000,MOD13Q1 V061 Terra 250m 16-day
SO1303,Owdweyne,SO13,Togdheer,2015-06-26,0.186843540620838,0.1846,0.125217457227743,0.1239,0.9965288412455334,9761,0.0,0.0,pixel_reliability=0 AND MODLAND_QA(bits0-1)=0 AND VI range -2000..10000,MOD13Q1 V061 Terra 250m 16-day
SO1303,Owdweyne,SO13,Togdheer,2015-07-12,0.168213575854946,0.1665,0.1127063002065641,0.1112,0.8896375701888719,8714,0.0388973966309341,0.0,pixel_reliability=0 AND MODLAND_QA(bits0-1)=0 AND VI range -2000..10000,MOD13Q1 V061 Terra 250m 16-day
SO1303,Owdweyne,SO13,Togdheer,2015-07-28,0.1537635555555555,0.1516,0.1047285925925925,0.1023,0.7580398162327718,7425,0.0535987748851454,0.0,pixel_reliability=0 AND MODLAND_QA(bits0-1)=0 AND VI range -2000..10000,MOD13Q1 V061 Terra 250m 16-day
SO1303,Owdweyne,SO13,Togdheer,2015-08-13,0.1535514797747056,0.1528,0.1025017921146953,0.1011,0.996937212863706,9765,0.0001020929045431,0.0,pixel_reliability=0 AND MODLAND_QA(bits0-1)=0 AND VI range -2000..10000,MOD13Q1 V061 Terra 250m 16-day
SO1303,Owdweyne,SO13,Togdheer,2015-08-29,0.15441452919516044,0.1535,0.10284788006312467,0.1013,0.9703930576824911,9505,0.00010209290454313425,0.0,pixel_reliability=0 AND MODLAND_QA(bits0-1)=0 AND VI range -2000..10000,MOD13Q1 V061 Terra 250m 16-day
SO1303,Owdweyne,SO13,Togdheer,2015-09-14,0.163393979604374,0.1622,0.1075380636441823,0.105,0.8309341500765697,8139,0.0004083716181725,0.0,pixel_reliability=0 AND MODLAND_QA(bits0-1)=0 AND VI range -2000..10000,MOD13Q1 V061 Terra 250m 16-day
SO1303,Owdweyne,SO13,Togdheer,2015-09-30,0.1641078237519834,0.1615,0.10850139143171,0.1065,0.8364471669218989,8193,0.0007146503318019,0.0,pixel_reliability=0 AND MODLAND_QA(bits0-1)=0 AND VI range -2000..10000,MOD13Q1 V061 Terra 250m 16-day
SO1303,Owdweyne,SO13,Togdheer,2015-10-16,0.1716338501812324,0.166,0.1169794200563834,0.1139,0.5069933639612046,4966,0.1517100561510975,0.0004083716181725,pixel_reliability=0 AND MODLAND_QA(bits0-1)=0 AND VI range -2000..10000,MOD13Q1 V061 Terra 250m 16-day
SO1303,Owdweyne,SO13,Togdheer,2015-11-01,0.2046220405224725,0.1921,0.1362170729198807,0.13,0.9926493108728944,9723,0.0004083716181725,0.0,pixel_reliability=0 AND MODLAND_QA(bits0-1)=0 AND VI range -2000..10000,MOD13Q1 V061 Terra 250m 16-day
SO1303,Owdweyne,SO13,Togdheer,2015-11-17,0.2064104667900473,0.1946,0.135996319144561,0.1302,0.9929555895865236,9726,0.0,0.0,pixel_reliability=0 AND MODLAND_QA(bits0-1)=0 AND VI range -2000..10000,MOD13Q1 V061 Terra 250m 16-day
SO1303,Owdweyne,SO13,Togdheer,2015-12-03,0.1953957745037855,0.18585,0.1288137303048905,0.1242,0.997856049004594,9774,0.0,0.0,pixel_reliability=0 AND MODLAND_QA(bits0-1)=0 AND VI range -2000..10000,MOD13Q1 V061 Terra 250m 16-day
SO1303,Owdweyne,SO13,Togdheer,2015-12-19,0.183296875,0.1757,0.1197873360655737,0.1168,0.9964267483409904,9760,0.0003062787136294,0.0,pixel_reliability=0 AND MODLAND_QA(bits0-1)=0 AND VI range -2000..10000,MOD13Q1 V061 Terra 250m 16-day
SO1304,Sheikh,SO13,Togdheer,2015-01-01,0.21685595750789552,0.1766,0.13262403100775197,0.1199,0.9994261119081779,3483,0.0,0.0,pixel_reliability=0 AND MODLAND_QA(bits0-1)=0 AND VI range -2000..10000,MOD13Q1 V061 Terra 250m 16-day
SO1304,Sheikh,SO13,Togdheer,2015-01-17,0.2051100972091564,0.1706,0.1248422389463781,0.1149,0.91506456241033,3189,0.0,0.0,pixel_reliability=0 AND MODLAND_QA(bits0-1)=0 AND VI range -2000..10000,MOD13Q1 V061 Terra 250m 16-day
SO1304,Sheikh,SO13,Togdheer,2015-02-02,0.1906183908045977,0.16125,0.118245948275862,0.1096,0.9985652797704448,3480,0.0,0.0,pixel_reliability=0 AND MODLAND_QA(bits0-1)=0 AND VI range -2000..10000,MOD13Q1 V061 Terra 250m 16-day
SO1304,Sheikh,SO13,Togdheer,2015-02-18,0.1786000862316757,0.155,0.1145703937913193,0.1064,0.9982783357245336,3479,0.0,0.0,pixel_reliability=0 AND MODLAND_QA(bits0-1)=0 AND VI range -2000..10000,MOD13Q1 V061 Terra 250m 16-day
SO1304,Sheikh,SO13,Togdheer,2015-03-06,0.1695080126364158,0.15025,0.110467719701321,0.1044,0.9991391678622668,3482,0.0,0.0,pixel_reliability=0 AND MODLAND_QA(bits0-1)=0 AND VI range -2000..10000,MOD13Q1 V061 Terra 250m 16-day
SO1304,Sheikh,SO13,Togdheer,2015-03-22,0.1904160632183908,0.1649,0.1221850287356321,0.1152,0.9985652797704448,3480,0.0,0.0,pixel_reliability=0 AND MODLAND_QA(bits0-1)=0 AND VI range -2000..10000,MOD13Q1 V061 Terra 250m 16-day
SO1304,Sheikh,SO13,Togdheer,2015-04-07,0.1830792517006803,0.164,0.1189784168212739,0.1127,0.9279770444763272,3234,0.000573888091822,0.0,pixel_reliability=0 AND MODLAND_QA(bits0-1)=0 AND VI range -2000..10000,MOD13Q1 V061 Terra 250m 16-day
SO1304,Sheikh,SO13,Togdheer,2015-04-23,0.1782831501831501,0.1593,0.1181141858141858,0.1114,0.8616929698708752,3003,0.0220946915351506,0.0,pixel_reliability=0 AND MODLAND_QA(bits0-1)=0 AND VI range -2000..10000,MOD13Q1 V061 Terra 250m 16-day
SO1304,Sheikh,SO13,Togdheer,2015-05-09,0.2293045935327893,0.1972,0.1520815352070111,0.138,0.9494978479196556,3309,0.0057388809182209,0.0,pixel_reliability=0 AND MODLAND_QA(bits0-1)=0 AND VI range -2000..10000,MOD13Q1 V061 Terra 250m 16-day
SO1304,Sheikh,SO13,Togdheer,2015-05-25,0.2491460534124629,0.2191,0.1614703264094955,0.1474,0.9670014347202296,3370,0.0034433285509325,0.0,pixel_reliability=0 AND MODLAND_QA(bits0-1)=0 AND VI range -2000..10000,MOD13Q1 V061 Terra 250m 16-day
SO1304,Sheikh,SO13,Togdheer,2015-06-10,0.1942239217429969,0.1884,0.136657225433526,0.131,0.6453371592539455,2249,0.1767575322812051,0.0,pixel_reliability=0 AND MODLAND_QA(bits0-1)=0 AND VI range -2000..10000,MOD13Q1 V061 Terra 250m 16-day
SO1304,Sheikh,SO13,Togdheer,2015-06-26,0.2066309392265193,0.1868,0.1377837743530096,0.1289,0.9868005738880918,3439,0.0025824964131994,0.0,pixel_reliability=0 AND MODLAND_QA(bits0-1)=0 AND VI range -2000..10000,MOD13Q1 V061 Terra 250m 16-day
SO1304,Sheikh,SO13,Togdheer,2015-07-12,0.1723847935973041,0.1645,0.1188125526537489,0.117,0.6812051649928264,2374,0.0662840746054519,0.0,pixel_reliability=0 AND MODLAND_QA(bits0-1)=0 AND VI range -2000..10000,MOD13Q1 V061 Terra 250m 16-day
SO1304,Sheikh,SO13,Togdheer,2015-07-28,0.1691019759184933,0.1592,0.1165269527631985,0.1112,0.9294117647058824,3239,0.0143472022955523,0.0,pixel_reliability=0 AND MODLAND_QA(bits0-1)=0 AND VI range -2000..10000,MOD13Q1 V061 Terra 250m 16-day
SO1304,Sheikh,SO13,Togdheer,2015-08-13,0.165698930326684,0.1549,0.1127875686614628,0.1081,0.9925394548063128,3459,0.000573888091822,0.0,pixel_reliability=0 AND MODLAND_QA(bits0-1)=0 AND VI range -2000..10000,MOD13Q1 V061 Terra 250m 16-day
SO1304,Sheikh,SO13,Togdheer,2015-08-29,0.1658450542635659,0.15360000000000001,0.11592762790697675,0.1111,0.9253945480631277,3225,0.01406025824964132,0.0,pixel_reliability=0 AND MODLAND_QA(bits0-1)=0 AND VI range -2000..10000,MOD13Q1 V061 Terra 250m 16-day
SO1304,Sheikh,SO13,Togdheer,2015-09-14,0.1666451830785638,0.1571,0.1144784216139353,0.11,0.8071736011477761,2813,0.0502152080344332,0.0,pixel_reliability=0 AND MODLAND_QA(bits0-1)=0 AND VI range -2000..10000,MOD13Q1 V061 Terra 250m 16-day
SO1304,Sheikh,SO13,Togdheer,2015-09-30,0.2015707385478342,0.1695,0.1364766282330944,0.1209,0.9208034433285508,3209,0.000286944045911,0.0,pixel_reliability=0 AND MODLAND_QA(bits0-1)=0 AND VI range -2000..10000,MOD13Q1 V061 Terra 250m 16-day
SO1304,Sheikh,SO13,Togdheer,2015-10-16,0.2110414379993053,0.1736,0.1405209795067732,0.1247,0.8261119081779054,2879,0.0054519368723099,0.0,pixel_reliability=0 AND MODLAND_QA(bits0-1)=0 AND VI range -2000..10000,MOD13Q1 V061 Terra 250m 16-day
SO1304,Sheikh,SO13,Togdheer,2015-11-01,0.236130625717566,0.18945,0.1513039035591274,0.13055,0.999713055954089,3484,0.0,0.0,pixel_reliability=0 AND MODLAND_QA(bits0-1)=0 AND VI range -2000..10000,MOD13Q1 V061 Terra 250m 16-day
SO1304,Sheikh,SO13,Togdheer,2015-11-17,0.2644129513578037,0.2186,0.1568816472694718,0.1415,0.9615494978479197,3351,0.0028694404591104,0.0,pixel_reliability=0 AND MODLAND_QA(bits0-1)=0 AND VI range -2000..10000,MOD13Q1 V061 Terra 250m 16-day
SO1304,Sheikh,SO13,Togdheer,2015-12-03,0.2545884101040119,0.2108,0.1569225260029717,0.1409,0.9655667144906744,3365,0.0045911047345767,0.0,pixel_reliability=0 AND MODLAND_QA(bits0-1)=0 AND VI range -2000..10000,MOD13Q1 V061 Terra 250m 16-day
SO1304,Sheikh,SO13,Togdheer,2015-12-19,0.2278322326454034,0.1924,0.1436216885553471,0.1319,0.7647058823529411,2665,0.067144906743185,0.0,pixel_reliability=0 AND MODLAND_QA(bits0-1)=0 AND VI range -2000..10000,MOD13Q1 V061 Terra 250m 16-day
SO1401,Laas Caanood,SO14,Sool,2015-01-01,0.15824541014879814,0.1555,0.1148209767264403,0.11460000000000001,0.9746392979324706,13105,0.0,0.0,pixel_reliability=0 AND MODLAND_QA(bits0-1)=0 AND VI range -2000..10000,MOD13Q1 V061 Terra 250m 16-day
SO1401,Laas Caanood,SO14,Sool,2015-01-17,0.1524525151213536,0.1502,0.1104944644361075,0.1105,0.971366949278596,13061,0.0,0.0,pixel_reliability=0 AND MODLAND_QA(bits0-1)=0 AND VI range -2000..10000,MOD13Q1 V061 Terra 250m 16-day
SO1401,Laas Caanood,SO14,Sool,2015-02-02,0.1474705225279256,0.1458,0.1076780793162905,0.1078,0.9920422430462592,13339,0.0,0.0,pixel_reliability=0 AND MODLAND_QA(bits0-1)=0 AND VI range -2000..10000,MOD13Q1 V061 Terra 250m 16-day
SO1401,Laas Caanood,SO14,Sool,2015-02-18,0.1443488608748481,0.1426,0.1061333232077764,0.1062,0.9793247062323368,13168,0.0,0.0,pixel_reliability=0 AND MODLAND_QA(bits0-1)=0 AND VI range -2000..10000,MOD13Q1 V061 Terra 250m 16-day
SO1401,Laas Caanood,SO14,Sool,2015-03-06,0.1399834332294414,0.1385,0.1042062415088308,0.1043,0.930611334225792,12513,0.0,0.0,pixel_reliability=0 AND MODLAND_QA(bits0-1)=0 AND VI range -2000..10000,MOD13Q1 V061 Terra 250m 16-day
SO1401,Laas Caanood,SO14,Sool,2015-03-22,0.1530868304629483,0.15,0.1084279823036814,0.1072,0.9413952104715156,12658,7.437156031533541e-05,0.0,pixel_reliability=0 AND MODLAND_QA(bits0-1)=0 AND VI range -2000..10000,MOD13Q1 V061 Terra 250m 16-day
SO1401,Laas Caanood,SO14,Sool,2015-04-07,0.1486615192725517,0.1428,0.1107063007966524,0.1084,0.9242153800386732,12427,0.0003718578015766,0.0,pixel_reliability=0 AND MODLAND_QA(bits0-1)=0 AND VI range -2000..10000,MOD13Q1 V061 Terra 250m 16-day
SO1401,Laas Caanood,SO14,Sool,2015-04-23,0.1808381619781759,0.1706,0.1264410051056162,0.1225,0.7428975159898855,9989,0.073404730031236,0.0002974862412613,pixel_reliability=0 AND MODLAND_QA(bits0-1)=0 AND VI range -2000..10000,MOD13Q1 V061 Terra 250m 16-day
SO1401,Laas Caanood,SO14,Sool,2015-05-09,0.1978400072674418,0.1854,0.1477302143895349,0.1393,0.8186821359512123,11008,0.0516882344191581,0.000446229361892,pixel_reliability=0 AND MODLAND_QA(bits0-1)=0 AND VI range -2000..10000,MOD13Q1 V061 Terra 250m 16-day
SO1401,Laas Caanood,SO14,Sool,2015-05-25,0.2085912447013487,0.1979,0.1518957764932562,0.1457,0.964970995091477,12975,0.0005949724825226,0.0,pixel_reliability=0 AND MODLAND_QA(bits0-1)=0 AND VI range -2000..10000,MOD13Q1 V061 Terra 250m 16-day
SO1401,Laas Caanood,SO14,Sool,2015-06-10,0.1780028153626355,0.1698,0.1308624002016976,0.1282,0.8849471961921761,11899,0.012866279934553,0.0,pixel_reliability=0 AND MODLAND_QA(bits0-1)=0 AND VI range -2000..10000,MOD13Q1 V061 Terra 250m 16-day
SO1401,Laas Caanood,SO14,Sool,2015-06-26,0.1640391620992567,0.156,0.1207269840078084,0.1188,0.9905548118399524,13319,0.0014874312063067,0.0,pixel_reliability=0 AND MODLAND_QA(bits0-1)=0 AND VI range -2000..10000,MOD13Q1 V061 Terra 250m 16-day
SO1401,Laas Caanood,SO14,Sool,2015-07-12,0.1433215456431535,0.14,0.109406234439834,0.1078,0.7169418414398334,9640,0.1166889781347612,0.0014130596459913,pixel_reliability=0 AND MODLAND_QA(bits0-1)=0 AND VI range -2000..10000,MOD13Q1 V061 Terra 250m 16-day
SO1401,Laas Caanood,SO14,Sool,2015-07-28,0.1458118460662273,0.141,0.1101009030998291,0.1096,0.9141008478357876,12291,0.0014874312063067,0.0,pixel_reliability=0 AND MODLAND_QA(bits0-1)=0 AND VI range -2000..10000,MOD13Q1 V061 Terra 250m 16-day
SO1401,Laas Caanood,SO14,Sool,2015-08-13,0.1456830233087844,0.1411,0.1055508617417052,0.1053,0.9795478209132829,13171,0.0,0.0,pixel_reliability=0 AND MODLAND_QA(bits0-1)=0 AND VI range -2000..10000,MOD13Q1 V061 Terra 250m 16-day
SO1401,Laas Caanood,SO14,Sool,2015-08-29,0.1373525083907437,0.13490000000000002,0.10502549019607843,0.1047,0.8420348058902276,11322,0.0142793395805444,0.0,pixel_reliability=0 AND MODLAND_QA(bits0-1)=0 AND VI range -2000..10000,MOD13Q1 V061 Terra 250m 16-day
SO1401,Laas Caanood,SO14,Sool,2015-09-14,0.1458370503024514,0.142,0.1071714262973575,0.10635,0.934404283801874,12564,7.437156031533541e-05,0.0,pixel_reliability=0 AND MODLAND_QA(bits0-1)=0 AND VI range -2000..10000,MOD13Q1 V061 Terra 250m 16-day
SO1401,Laas Caanood,SO14,Sool,2015-09-30,0.161938087909974,0.1555,0.1139291237857074,0.1094,0.7732411125985423,10397,0.0059497248252268,0.0,pixel_reliability=0 AND MODLAND_QA(bits0-1)=0 AND VI range -2000..10000,MOD13Q1 V061 Terra 250m 16-day
SO1401,Laas Caanood,SO14,Sool,2015-10-16,0.1720798638132296,0.1599,0.1265827604842196,0.1201,0.6880856760374833,9252,0.1356537260151718,0.0058753532649114,pixel_reliability=0 AND MODLAND_QA(bits0-1)=0 AND VI range -2000..10000,MOD13Q1 V061 Terra 250m 16-day
SO1401,Laas Caanood,SO14,Sool,2015-11-01,0.2227076542269611,0.2119,0.1582684183802995,0.1531,0.5858991521642124,7878,0.107318161535029,0.000669344042838,pixel_reliability=0 AND MODLAND_QA(bits0-1)=0 AND VI range -2000..10000,MOD13Q1 V061 Terra 250m 16-day
SO1401,Laas Caanood,SO14,Sool,2015-11-17,0.2180160860249186,0.2046,0.1551781207840647,0.1492,0.9371560315335415,12601,7.437156031533541e-05,0.0,pixel_reliability=0 AND MODLAND_QA(bits0-1)=0 AND VI range -2000..10000,MOD13Q1 V061 Terra 250m 16-day
SO1401,Laas Caanood,SO14,Sool,2015-12-03,0.1904637654742918,0.1782,0.1379078149920255,0.1325,0.9792503346720214,13167,7.437156031533541e-05,0.0,pixel_reliability=0 AND MODLAND_QA(bits0-1)=0 AND VI range -2000..10000,MOD13Q1 V061 Terra 250m 16-day
SO1401,Laas Caanood,SO14,Sool,2015-12-19,0.1721384101697642,0.1623,0.1252762651862579,0.122,0.9243641231593038,12429,0.0,0.0,pixel_reliability=0 AND MODLAND_QA(bits0-1)=0 AND VI range -2000..10000,MOD13Q1 V061 Terra 250m 16-day
SO1402,Caynabo,SO14,Sool,2015-01-01,0.160432885760693,0.16,0.10835701136978886,0.10840000000000001,0.9872781697669446,9235,0.0,0.0,pixel_reliability=0 AND MODLAND_QA(bits0-1)=0 AND VI range -2000..10000,MOD13Q1 V061 Terra 250m 16-day
SO1402,Caynabo,SO14,Sool,2015-01-17,0.1542852701543739,0.1543,0.1044267367066895,0.1047,0.997220440453282,9328,0.0,0.0,pixel_reliability=0 AND MODLAND_QA(bits0-1)=0 AND VI range -2000..10000,MOD13Q1 V061 Terra 250m 16-day
SO1402,Caynabo,SO14,Sool,2015-02-02,0.1493832511258846,0.1498,0.101164464936736,0.1017,0.9970066281804576,9326,0.0,0.0,pixel_reliability=0 AND MODLAND_QA(bits0-1)=0 AND VI range -2000..10000,MOD13Q1 V061 Terra 250m 16-day
SO1402,Caynabo,SO14,Sool,2015-02-18,0.1465469682283252,0.1472,0.1000430479267635,0.1009,0.992623476587556,9285,0.0002138122728244,0.0,pixel_reliability=0 AND MODLAND_QA(bits0-1)=0 AND VI range -2000..10000,MOD13Q1 V061 Terra 250m 16-day
SO1402,Caynabo,SO14,Sool,2015-03-06,0.1453437318723816,0.1459,0.0993163712536255,0.1003,0.9951892238614496,9309,0.0,0.0,pixel_reliability=0 AND MODLAND_QA(bits0-1)=0 AND VI range -2000..10000,MOD13Q1 V061 Terra 250m 16-day
SO1402,Caynabo,SO14,Sool,2015-03-22,0.1655393747314138,0.1621,0.1145520412548345,0.11215,0.9950823177250374,9308,0.0002138122728244,0.0,pixel_reliability=0 AND MODLAND_QA(bits0-1)=0 AND VI range -2000..10000,MOD13Q1 V061 Terra 250m 16-day
SO1402,Caynabo,SO14,Sool,2015-04-07,0.1714808629776021,0.1673,0.1171430281071585,0.1146,0.9737010904425916,9108,0.0024588411374812,0.0,pixel_reliability=0 AND MODLAND_QA(bits0-1)=0 AND VI range -2000..10000,MOD13Q1 V061 Terra 250m 16-day
SO1402,Caynabo,SO14,Sool,2015-04-23,0.1893171709414836,0.1848,0.1247933497158654,0.1228,0.69606585418003,6511,0.086914688903143,0.0013897797733589,pixel_reliability=0 AND MODLAND_QA(bits0-1)=0 AND VI range -2000..10000,MOD13Q1 V061 Terra 250m 16-day
SO1402,Caynabo,SO14,Sool,2015-05-09,0.208034321788486,0.2004,0.1472704969303834,0.1408,0.9229206756467822,8633,0.0043831515929014,0.0,pixel_reliability=0 AND MODLAND_QA(bits0-1)=0 AND VI range -2000..10000,MOD13Q1 V061 Terra 250m 16-day
SO1402,Caynabo,SO14,Sool,2015-05-25,0.2074970682546953,0.2008,0.1443101923957856,0.1385,0.9335043831515928,8732,0.0019243104554201,0.0,pixel_reliability=0 AND MODLAND_QA(bits0-1)=0 AND VI range -2000..10000,MOD13Q1 V061 Terra 250m 16-day
SO1402,Caynabo,SO14,Sool,2015-06-10,0.1863699377754732,0.1842,0.12855071298937,0.1263,0.8246739362839427,7714,0.0394483643361128,0.0,pixel_reliability=0 AND MODLAND_QA(bits0-1)=0 AND VI range -2000..10000,MOD13Q1 V061 Terra 250m 16-day
SO1402,Caynabo,SO14,Sool,2015-06-26,0.1773964531267052,0.175,0.1225136418203645,0.121,0.979580927945264,9163,0.0056660252298481,0.0,pixel_reliability=0 AND MODLAND_QA(bits0-1)=0 AND VI range -2000..10000,MOD13Q1 V061 Terra 250m 16-day
SO1402,Caynabo,SO14,Sool,2015-07-12,0.1576015927359333,0.1566,0.1102545846978267,0.1102,0.7181954244173615,6718,0.0536668804789394,0.0,pixel_reliability=0 AND MODLAND_QA(bits0-1)=0 AND VI range -2000..10000,MOD13Q1 V061 Terra 250m 16-day
SO1402,Caynabo,SO14,Sool,2015-07-28,0.1478309944311853,0.1479,0.101718106603023,0.1018,0.671905067350866,6285,0.0718409236690186,0.0,pixel_reliability=0 AND MODLAND_QA(bits0-1)=0 AND VI range -2000..10000,MOD13Q1 V061 Terra 250m 16-day
SO1402,Caynabo,SO14,Sool,2015-08-13,0.1480463498548543,0.1483,0.1023538651757875,0.1025,0.9943339747701518,9301,0.0005345306820611,0.0,pixel_reliability=0 AND MODLAND_QA(bits0-1)=0 AND VI range -2000..10000,MOD13Q1 V061 Terra 250m 16-day
SO1402,Caynabo,SO14,Sool,2015-08-29,0.1462900260601753,0.1464,0.10135402748163942,0.1015,0.9025016035920462,8442,0.004917682274962583,0.0,pixel_reliability=0 AND MODLAND_QA(bits0-1)=0 AND VI range -2000..10000,MOD13Q1 V061 Terra 250m 16-day
SO1402,Caynabo,SO14,Sool,2015-09-14,0.1466037998453551,0.146,0.1032231967303656,0.103,0.9678212529399188,9053,0.0063074620483215,0.0,pixel_reliability=0 AND MODLAND_QA(bits0-1)=0 AND VI range -2000..10000,MOD13Q1 V061 Terra 250m 16-day
SO1402,Caynabo,SO14,Sool,2015-09-30,0.1552731653404067,0.1526,0.1059668656056587,0.1048,0.9672867222578576,9048,0.0033140902287791,0.0,pixel_reliability=0 AND MODLAND_QA(bits0-1)=0 AND VI range -2000..10000,MOD13Q1 V061 Terra 250m 16-day
SO1402,Caynabo,SO14,Sool,2015-10-16,0.169518722574354,0.1637,0.1205920282788883,0.1166,0.4385289715629677,4102,0.2402180885182809,0.0043831515929014,pixel_reliability=0 AND MODLAND_QA(bits0-1)=0 AND VI range -2000..10000,MOD13Q1 V061 Terra 250m 16-day
SO1402,Caynabo,SO14,Sool,2015-11-01,0.1879319294809011,0.1794,0.1268023288714767,0.1227,0.982360487491982,9189,0.0036348086380158,0.0,pixel_reliability=0 AND MODLAND_QA(bits0-1)=0 AND VI range -2000..10000,MOD13Q1 V061 Terra 250m 16-day
SO1402,Caynabo,SO14,Sool,2015-11-17,0.1958388392857143,0.1904,0.1337731054006968,0.1305,0.9818259568099208,9184,0.0025657472738935,0.0,pixel_reliability=0 AND MODLAND_QA(bits0-1)=0 AND VI range -2000..10000,MOD13Q1 V061 Terra 250m 16-day
SO1402,Caynabo,SO14,Sool,2015-12-03,0.1854376716030699,0.1817,0.1260884120635607,0.1246,0.9889886679495404,9251,0.0007483429548856,0.0,pixel_reliability=0 AND MODLAND_QA(bits0-1)=0 AND VI range -2000..10000,MOD13Q1 V061 Terra 250m 16-day
SO1402,Caynabo,SO14,Sool,2015-12-19,0.1726120253164557,0.1703,0.1169480030554342,0.1162,0.9796878340816764,9164,0.0012828736369467,0.0,pixel_reliability=0 AND MODLAND_QA(bits0-1)=0 AND VI range -2000..10000,MOD13Q1 V061 Terra 250m 16-day
SO1403,Taleex,SO14,Sool,2015-01-01,0.15429771889630442,0.15180000000000002,0.11592441478234884,0.11380000000000001,0.9850848788146404,10039,0.0,0.0,pixel_reliability=0 AND MODLAND_QA(bits0-1)=0 AND VI range -2000..10000,MOD13Q1 V061 Terra 250m 16-day
SO1403,Taleex,SO14,Sool,2015-01-17,0.1501821048482459,0.1479,0.1116111647615293,0.1093,0.9957805907172996,10148,0.0,0.0,pixel_reliability=0 AND MODLAND_QA(bits0-1)=0 AND VI range -2000..10000,MOD13Q1 V061 Terra 250m 16-day
SO1403,Taleex,SO14,Sool,2015-02-02,0.1459649290500591,0.1441,0.1094483247930626,0.107,0.9957805907172996,10148,0.0,0.0,pixel_reliability=0 AND MODLAND_QA(bits0-1)=0 AND VI range -2000..10000,MOD13Q1 V061 Terra 250m 16-day
SO1403,Taleex,SO14,Sool,2015-02-18,0.1419805552820714,0.1404,0.1069310032489908,0.1048,0.9966637228927484,10157,0.0,0.0,pixel_reliability=0 AND MODLAND_QA(bits0-1)=0 AND VI range -2000..10000,MOD13Q1 V061 Terra 250m 16-day
SO1403,Taleex,SO14,Sool,2015-03-06,0.1382196734289955,0.1369,0.1048199999999999,0.1026,0.9915611814345991,10105,0.0,0.0,pixel_reliability=0 AND MODLAND_QA(bits0-1)=0 AND VI range -2000..10000,MOD13Q1 V061 Terra 250m 16-day
SO1403,Taleex,SO14,Sool,2015-03-22,0.1475736018411967,0.1444,0.107090333716916,0.10615,0.8527131782945736,8690,0.0039250318908841,0.0,pixel_reliability=0 AND MODLAND_QA(bits0-1)=0 AND VI range -2000..10000,MOD13Q1 V061 Terra 250m 16-day
SO1403,Taleex,SO14,Sool,2015-04-07,0.1390364012205925,0.1343,0.1066445811595629,0.1033,0.9968599744872928,10159,0.0,0.0,pixel_reliability=0 AND MODLAND_QA(bits0-1)=0 AND VI range -2000..10000,MOD13Q1 V061 Terra 250m 16-day
SO1403,Taleex,SO14,Sool,2015-04-23,0.146345446265938,0.1405,0.1084770997773729,0.1045,0.9696791286429204,9882,0.0015700127563536,0.0,pixel_reliability=0 AND MODLAND_QA(bits0-1)=0 AND VI range -2000..10000,MOD13Q1 V061 Terra 250m 16-day
SO1403,Taleex,SO14,Sool,2015-05-09,0.1445263163919413,0.1384,0.1114041208791208,0.1063,0.8572269649690903,8736,0.0165832597389853,0.0,pixel_reliability=0 AND MODLAND_QA(bits0-1)=0 AND VI range -2000..10000,MOD13Q1 V061 Terra 250m 16-day
SO1403,Taleex,SO14,Sool,2015-05-25,0.1652195089514066,0.1581,0.1218070588235294,0.1162,0.9591796683348052,9775,0.0014718869590815,0.0,pixel_reliability=0 AND MODLAND_QA(bits0-1)=0 AND VI range -2000..10000,MOD13Q1 V061 Terra 250m 16-day
SO1403,Taleex,SO14,Sool,2015-06-10,0.1593506967637913,0.1558,0.1199172175515374,0.1148,0.8520262977136689,8683,0.0107938376999313,0.0,pixel_reliability=0 AND MODLAND_QA(bits0-1)=0 AND VI range -2000..10000,MOD13Q1 V061 Terra 250m 16-day
SO1403,Taleex,SO14,Sool,2015-06-26,0.1502787931034482,0.1472,0.1138893306288032,0.109,0.967520361102934,9860,0.0069669316063193,0.0,pixel_reliability=0 AND MODLAND_QA(bits0-1)=0 AND VI range -2000..10000,MOD13Q1 V061 Terra 250m 16-day
SO1403,Taleex,SO14,Sool,2015-07-12,0.1333307372030369,0.1316,0.0992479304433015,0.097,0.4006476302619959,4083,0.2165636345795309,0.0940045137866745,pixel_reliability=0 AND MODLAND_QA(bits0-1)=0 AND VI range -2000..10000,MOD13Q1 V061 Terra 250m 16-day
SO1403,Taleex,SO14,Sool,2015-07-28,0.1329951350006221,0.1302,0.104927696901829,0.1009,0.7886370326758905,8037,0.0098125797272102,0.0,pixel_reliability=0 AND MODLAND_QA(bits0-1)=0 AND VI range -2000..10000,MOD13Q1 V061 Terra 250m 16-day
SO1403,Taleex,SO14,Sool,2015-08-13,0.1349725585069616,0.1324,0.1013456107435568,0.0985,0.9937199489745854,10127,0.0001962515945442,0.0,pixel_reliability=0 AND MODLAND_QA(bits0-1)=0 AND VI range -2000..10000,MOD13Q1 V061 Terra 250m 16-day
SO1403,Taleex,SO14,Sool,2015-08-29,0.1292122296544036,0.1278,0.10185794871794872,0.0985,0.8801884015307624,8970,0.0052006672554214504,0.0,pixel_reliability=0 AND MODLAND_QA(bits0-1)=0 AND VI range -2000..10000,MOD13Q1 V061 Terra 250m 16-day
SO1403,Taleex,SO14,Sool,2015-09-14,0.1345512828568436,0.1327,0.1016133940726777,0.0986,0.93700323815131,9549,0.0013737611618094,0.0,pixel_reliability=0 AND MODLAND_QA(bits0-1)=0 AND VI range -2000..10000,MOD13Q1 V061 Terra 250m 16-day
SO1403,Taleex,SO14,Sool,2015-09-30,0.1421841390832202,0.1393,0.1061602171870105,0.1025,0.9397507604749288,9577,0.0043175350799725,0.0,pixel_reliability=0 AND MODLAND_QA(bits0-1)=0 AND VI range -2000..10000,MOD13Q1 V061 Terra 250m 16-day
SO1403,Taleex,SO14,Sool,2015-10-16,0.1389457885870709,0.1352,0.1051479048220678,0.1007,0.9319988224904328,9498,0.0,0.0,pixel_reliability=0 AND MODLAND_QA(bits0-1)=0 AND VI range -2000..10000,MOD13Q1 V061 Terra 250m 16-day
SO1403,Taleex,SO14,Sool,2015-11-01,0.1574761474908201,0.1515,0.1225697215422276,0.1205,0.6413502109704642,6536,0.1395348837209302,0.003826906093612,pixel_reliability=0 AND MODLAND_QA(bits0-1)=0 AND VI range -2000..10000,MOD13Q1 V061 Terra 250m 16-day
SO1403,Taleex,SO14,Sool,2015-11-17,0.1600710673301513,0.1538,0.1213787549507464,0.1167,0.9662447257383966,9847,0.0,0.0,pixel_reliability=0 AND MODLAND_QA(bits0-1)=0 AND VI range -2000..10000,MOD13Q1 V061 Terra 250m 16-day
SO1403,Taleex,SO14,Sool,2015-12-03,0.1533031776263031,0.1486,0.1159437550120288,0.1122,0.978902953586498,9976,0.0026493965263467,0.0,pixel_reliability=0 AND MODLAND_QA(bits0-1)=0 AND VI range -2000..10000,MOD13Q1 V061 Terra 250m 16-day
SO1403,Taleex,SO14,Sool,2015-12-19,0.1435011811811812,0.1396,0.1079183783783784,0.1051,0.9802767147483074,9990,0.0004906289863605,0.0,pixel_reliability=0 AND MODLAND_QA(bits0-1)=0 AND VI range -2000..10000,MOD13Q1 V061 Terra 250m 16-day
SO1404,Xudun,SO14,Sool,2015-01-01,0.14510006515870802,0.13720000000000002,0.1094871265009774,0.1043,0.9874988509973344,10743,0.0,0.0,pixel_reliability=0 AND MODLAND_QA(bits0-1)=0 AND VI range -2000..10000,MOD13Q1 V061 Terra 250m 16-day
SO1404,Xudun,SO14,Sool,2015-01-17,0.1404342394392877,0.1337,0.1060033434362568,0.1015,0.9704936115451788,10558,0.0,0.0,pixel_reliability=0 AND MODLAND_QA(bits0-1)=0 AND VI range -2000..10000,MOD13Q1 V061 Terra 250m 16-day
SO1404,Xudun,SO14,Sool,2015-02-02,0.1361162613839076,0.1303,0.1035464275654868,0.0993,0.979042191377884,10651,0.0,0.0,pixel_reliability=0 AND MODLAND_QA(bits0-1)=0 AND VI range -2000..10000,MOD13Q1 V061 Terra 250m 16-day
SO1404,Xudun,SO14,Sool,2015-02-18,0.1329905509616278,0.1282,0.1017401375081297,0.0981,0.9893372552624322,10763,0.0,0.0,pixel_reliability=0 AND MODLAND_QA(bits0-1)=0 AND VI range -2000..10000,MOD13Q1 V061 Terra 250m 16-day
SO1404,Xudun,SO14,Sool,2015-03-06,0.1297806036567669,0.1259,0.1002159330560124,0.0971,0.950179244415847,10337,0.0,0.0,pixel_reliability=0 AND MODLAND_QA(bits0-1)=0 AND VI range -2000..10000,MOD13Q1 V061 Terra 250m 16-day
SO1404,Xudun,SO14,Sool,2015-03-22,0.1405042962822458,0.1347,0.1031740041729893,0.0999,0.9692067285596102,10544,0.0004596010662744,0.0,pixel_reliability=0 AND MODLAND_QA(bits0-1)=0 AND VI range -2000..10000,MOD13Q1 V061 Terra 250m 16-day
SO1404,Xudun,SO14,Sool,2015-04-07,0.140254063805545,0.1302,0.108753038359286,0.1025,0.9681036860005516,10532,9.192021325489476e-05,0.0,pixel_reliability=0 AND MODLAND_QA(bits0-1)=0 AND VI range -2000..10000,MOD13Q1 V061 Terra 250m 16-day
SO1404,Xudun,SO14,Sool,2015-04-23,0.1600818686624819,0.1503,0.1178298527281506,0.1111,0.7614670466035481,8284,0.0729846493243864,0.0014707234120783,pixel_reliability=0 AND MODLAND_QA(bits0-1)=0 AND VI range -2000..10000,MOD13Q1 V061 Terra 250m 16-day
SO1404,Xudun,SO14,Sool,2015-05-09,0.1801252784407319,0.1718,0.1370037092283214,0.1314,0.9243496644912216,10056,0.00432025002298,0.0,pixel_reliability=0 AND MODLAND_QA(bits0-1)=0 AND VI range -2000..10000,MOD13Q1 V061 Terra 250m 16-day
SO1404,Xudun,SO14,Sool,2015-05-25,0.1910018626877316,0.1818,0.1400427540472011,0.13515,0.9425498667156909,10254,0.0022060851181174,0.0,pixel_reliability=0 AND MODLAND_QA(bits0-1)=0 AND VI range -2000..10000,MOD13Q1 V061 Terra 250m 16-day
SO1404,Xudun,SO14,Sool,2015-06-10,0.1758423640845984,0.1685,0.1316372129233164,0.1273,0.7084290835554738,7707,0.0400772129791341,0.0,pixel_reliability=0 AND MODLAND_QA(bits0-1)=0 AND VI range -2000..10000,MOD13Q1 V061 Terra 250m 16-day
SO1404,Xudun,SO14,Sool,2015-06-26,0.160202583572553,0.1531,0.1226743957773868,0.1178,0.9926463829396084,10799,0.000827281919294,0.0,pixel_reliability=0 AND MODLAND_QA(bits0-1)=0 AND VI range -2000..10000,MOD13Q1 V061 Terra 250m 16-day
SO1404,Xudun,SO14,Sool,2015-07-12,0.1329589650563299,0.1307,0.1040136910444911,0.1019,0.4813861568158838,5237,0.206085118117474,0.0266568618439194,pixel_reliability=0 AND MODLAND_QA(bits0-1)=0 AND VI range -2000..10000,MOD13Q1 V061 Terra 250m 16-day
SO1404,Xudun,SO14,Sool,2015-07-28,0.1353892786031551,0.1303,0.1069617705621075,0.1029,0.6001470723412078,6529,0.1261145325857156,9.192021325489476e-05,pixel_reliability=0 AND MODLAND_QA(bits0-1)=0 AND VI range -2000..10000,MOD13Q1 V061 Terra 250m 16-day
SO1404,Xudun,SO14,Sool,2015-08-13,0.1392417869034406,0.1349,0.1048595541990381,0.1025,0.993841345711922,10812,0.0,0.0,pixel_reliability=0 AND MODLAND_QA(bits0-1)=0 AND VI range -2000..10000,MOD13Q1 V061 Terra 250m 16-day
SO1404,Xudun,SO14,Sool,2015-08-29,0.13219145797598628,0.1292,0.10521366495140079,0.10210000000000001,0.8038422649140546,8745,0.01838404265097895,0.0,pixel_reliability=0 AND MODLAND_QA(bits0-1)=0 AND VI range -2000..10000,MOD13Q1 V061 Terra 250m 16-day
SO1404,Xudun,SO14,Sool,2015-09-14,0.1358697649363369,0.1324,0.1052452987267384,0.1026,0.9385053773324754,10210,0.0,0.0,pixel_reliability=0 AND MODLAND_QA(bits0-1)=0 AND VI range -2000..10000,MOD13Q1 V061 Terra 250m 16-day
SO1404,Xudun,SO14,Sool,2015-09-30,0.1449698760330578,0.1382,0.1065346694214876,0.1036,0.6673407482305359,7260,0.0007353617060391,0.0,pixel_reliability=0 AND MODLAND_QA(bits0-1)=0 AND VI range -2000..10000,MOD13Q1 V061 Terra 250m 16-day
SO1404,Xudun,SO14,Sool,2015-10-16,0.1591206334175084,0.152,0.118650484006734,0.1148,0.8736097067745198,9504,0.0189355639305083,0.0,pixel_reliability=0 AND MODLAND_QA(bits0-1)=0 AND VI range -2000..10000,MOD13Q1 V061 Terra 250m 16-day
SO1404,Xudun,SO14,Sool,2015-11-01,0.1620236104092976,0.1539,0.1196162329459323,0.1152,0.7276404081257468,7916,0.0100193032447835,0.0,pixel_reliability=0 AND MODLAND_QA(bits0-1)=0 AND VI range -2000..10000,MOD13Q1 V061 Terra 250m 16-day
SO1404,Xudun,SO14,Sool,2015-11-17,0.1684522426397945,0.1602,0.1231785220312191,0.1205,0.9304163985660446,10122,9.192021325489476e-05,0.0,pixel_reliability=0 AND MODLAND_QA(bits0-1)=0 AND VI range -2000..10000,MOD13Q1 V061 Terra 250m 16-day
SO1404,Xudun,SO14,Sool,2015-12-03,0.154500377109456,0.1494,0.1154075893278023,0.1131,0.9749977019946686,10607,0.0002757606397646,0.0,pixel_reliability=0 AND MODLAND_QA(bits0-1)=0 AND VI range -2000..10000,MOD13Q1 V061 Terra 250m 16-day
SO1404,Xudun,SO14,Sool,2015-12-19,0.1444778979907264,0.1406,0.1093676004636785,0.1072,0.9515580476146704,10352,0.0004596010662744,0.0,pixel_reliability=0 AND MODLAND_QA(bits0-1)=0 AND VI range -2000..10000,MOD13Q1 V061 Terra 250m 16-day
SO1501,Ceerigaabo,SO15,Sanaag,2015-01-01,0.14425069058418308,0.1313,0.10151409132762677,0.0974,0.966161449752883,29323,0.00046128500823723227,3.2948929159802305e-05,pixel_reliability=0 AND MODLAND_QA(bits0-1)=0 AND VI range -2000..10000,MOD13Q1 V061 Terra 250m 16-day
SO1501,Ceerigaabo,SO15,Sanaag,2015-01-17,0.1399916779549165,0.129,0.0985750026049807,0.0953,0.9486326194398682,28791,0.0030313014827018,0.0015156507413509,pixel_reliability=0 AND MODLAND_QA(bits0-1)=0 AND VI range -2000..10000,MOD13Q1 V061 Terra 250m 16-day
SO1501,Ceerigaabo,SO15,Sanaag,2015-02-02,0.1370941601798997,0.1269,0.0971621795537104,0.0937,0.9523887973640855,28905,0.0014168039538714,6.589785831960461e-05,pixel_reliability=0 AND MODLAND_QA(bits0-1)=0 AND VI range -2000..10000,MOD13Q1 V061 Terra 250m 16-day
SO1501,Ceerigaabo,SO15,Sanaag,2015-02-18,0.134119566327399,0.1254,0.0965988834802736,0.0931,0.9679406919275124,29377,0.0018780889621087,0.0,pixel_reliability=0 AND MODLAND_QA(bits0-1)=0 AND VI range -2000..10000,MOD13Q1 V061 Terra 250m 16-day
SO1501,Ceerigaabo,SO15,Sanaag,2015-03-06,0.1311009891840087,0.1233,0.0957202354874041,0.0928,0.9626359143327842,29216,0.0022734761120263,0.0002965403624382,pixel_reliability=0 AND MODLAND_QA(bits0-1)=0 AND VI range -2000..10000,MOD13Q1 V061 Terra 250m 16-day
SO1501,Ceerigaabo,SO15,Sanaag,2015-03-22,0.1428075022277058,0.1301,0.100081386661183,0.0953,0.9613838550247116,29178,0.0040856672158154,0.0001317957166392,pixel_reliability=0 AND MODLAND_QA(bits0-1)=0 AND VI range -2000..10000,MOD13Q1 V061 Terra 250m 16-day
SO1501,Ceerigaabo,SO15,Sanaag,2015-04-07,0.135010634230452,0.1221,0.1012576729889797,0.0947,0.8790115321252059,26678,0.0020098846787479,6.589785831960461e-05,pixel_reliability=0 AND MODLAND_QA(bits0-1)=0 AND VI range -2000..10000,MOD13Q1 V061 Terra 250m 16-day
SO1501,Ceerigaabo,SO15,Sanaag,2015-04-23,0.1341648575827559,0.1271,0.0983374711316397,0.0947,0.8560131795716639,25980,0.0190444810543657,0.0009555189456342,pixel_reliability=0 AND MODLAND_QA(bits0-1)=0 AND VI range -2000..10000,MOD13Q1 V061 Terra 250m 16-day
SO1501,Ceerigaabo,SO15,Sanaag,2015-05-09,0.1550053563636363,0.1374,0.1142618763636363,0.1036,0.9060955518945636,27500,0.0126194398682042,0.0003624382207578,pixel_reliability=0 AND MODLAND_QA(bits0-1)=0 AND VI range -2000..10000,MOD13Q1 V061 Terra 250m 16-day
SO1501,Ceerigaabo,SO15,Sanaag,2015-05-25,0.1626899861111111,0.1466,0.1180012187499999,0.1079,0.9489291598023064,28800,0.0048434925864909,0.000164744645799,pixel_reliability=0 AND MODLAND_QA(bits0-1)=0 AND VI range -2000..10000,MOD13Q1 V061 Terra 250m 16-day
SO1501,Ceerigaabo,SO15,Sanaag,2015-06-10,0.1504003237164925,0.1378,0.1109910268059972,0.1034,0.580164744645799,17608,0.0306754530477759,0.0016144975288303,pixel_reliability=0 AND MODLAND_QA(bits0-1)=0 AND VI range -2000..10000,MOD13Q1 V061 Terra 250m 16-day
SO1501,Ceerigaabo,SO15,Sanaag,2015-06-26,0.1440333252131546,0.1325,0.1071750304506699,0.1004,0.9467874794069192,28735,0.0109719934102141,0.000823723228995,pixel_reliability=0 AND MODLAND_QA(bits0-1)=0 AND VI range -2000..10000,MOD13Q1 V061 Terra 250m 16-day
SO1501,Ceerigaabo,SO15,Sanaag,2015-07-12,0.1352125063456378,0.1251,0.1007962433824062,0.0948,0.908665568369028,27578,0.0163756177924217,0.001153212520593,pixel_reliability=0 AND MODLAND_QA(bits0-1)=0 AND VI range -2000..10000,MOD13Q1 V061 Terra 250m 16-day
SO1501,Ceerigaabo,SO15,Sanaag,2015-07-28,0.132310698275207,0.1211,0.0977881088063217,0.0924,0.8672817133443164,26322,0.0084678747940691,0.0007578253706754,pixel_reliability=0 AND MODLAND_QA(bits0-1)=0 AND VI range -2000..10000,MOD13Q1 V061 Terra 250m 16-day
SO1501,Ceerigaabo,SO15,Sanaag,2015-08-13,0.132132680359871,0.1225,0.0966817755898828,0.0915,0.970510708401977,29455,0.0038879736408566,0.0005601317957166,pixel_reliability=0 AND MODLAND_QA(bits0-1)=0 AND VI range -2000..10000,MOD13Q1 V061 Terra 250m 16-day
SO1501,Ceerigaabo,SO15,Sanaag,2015-08-29,0.13354442176870748,0.1231,0.09924243107769426,0.0922,0.9202635914332784,27930,0.009489291598023064,0.0,pixel_reliability=0 AND MODLAND_QA(bits0-1)=0 AND VI range -2000..10000,MOD13Q1 V061 Terra 250m 16-day
SO1501,Ceerigaabo,SO15,Sanaag,2015-09-14,0.1413003551710799,0.1243,0.1033078840946654,0.0941,0.936968698517298,28437,0.0057331136738056,0.0002306425041186,pixel_reliability=0 AND MODLAND_QA(bits0-1)=0 AND VI range -2000..10000,MOD13Q1 V061 Terra 250m 16-day
SO1501,Ceerigaabo,SO15,Sanaag,2015-09-30,0.1456162573944146,0.1285,0.1046776413536937,0.0952,0.9580230642504118,29076,0.0026359143327841,0.0,pixel_reliability=0 AND MODLAND_QA(bits0-1)=0 AND VI range -2000..10000,MOD13Q1 V061 Terra 250m 16-day
SO1501,Ceerigaabo,SO15,Sanaag,2015-10-16,0.133275970481974,0.1228,0.0995203474517641,0.0935,0.8572652388797364,26018,0.0596046128500823,0.0009225700164744,pixel_reliability=0 AND MODLAND_QA(bits0-1)=0 AND VI range -2000..10000,MOD13Q1 V061 Terra 250m 16-day
SO1501,Ceerigaabo,SO15,Sanaag,2015-11-01,0.1553373512185906,0.1332,0.1059555639523899,0.0975,0.6975947281713344,21172,0.0645140032948929,0.0002635914332784,pixel_reliability=0 AND MODLAND_QA(bits0-1)=0 AND VI range -2000..10000,MOD13Q1 V061 Terra 250m 16-day
SO1501,Ceerigaabo,SO15,Sanaag,2015-11-17,0.1544890038481086,0.133,0.1105123575110724,0.1012,0.9076112026359144,27546,0.00332784184514,6.589785831960461e-05,pixel_reliability=0 AND MODLAND_QA(bits0-1)=0 AND VI range -2000..10000,MOD13Q1 V061 Terra 250m 16-day
SO1501,Ceerigaabo,SO15,Sanaag,2015-12-03,0.1515996859425138,0.1321,0.1079704171502696,0.0994,0.9652059308072488,29294,0.0017462932454695,3.2948929159802305e-05,pixel_reliability=0 AND MODLAND_QA(bits0-1)=0 AND VI range -2000..10000,MOD13Q1 V061 Terra 250m 16-day
SO1501,Ceerigaabo,SO15,Sanaag,2015-12-19,0.1471560134656272,0.1281,0.1045215379163713,0.0966,0.9298187808896212,28220,0.0025700164744645,0.0002306425041186,pixel_reliability=0 AND MODLAND_QA(bits0-1)=0 AND VI range -2000..10000,MOD13Q1 V061 Terra 250m 16-day
SO1502,Ceel Afweyn,SO15,Sanaag,2015-01-01,0.15068044305595002,0.14650000000000002,0.10623100255609201,0.1062,0.973458667403926,17605,0.0008294166436273154,0.0,pixel_reliability=0 AND MODLAND_QA(bits0-1)=0 AND VI range -2000..10000,MOD13Q1 V061 Terra 250m 16-day
SO1502,Ceel Afweyn,SO15,Sanaag,2015-01-17,0.1451574483902327,0.1421,0.1024212557900154,0.103,0.9669339231407243,17487,0.0028200165883328,0.0009952999723527,pixel_reliability=0 AND MODLAND_QA(bits0-1)=0 AND VI range -2000..10000,MOD13Q1 V061 Terra 250m 16-day
SO1502,Ceel Afweyn,SO15,Sanaag,2015-02-02,0.1417848249927683,0.1396,0.1002910326873011,0.1009,0.9557644456732098,17285,0.0008847110865358,5.52944429084877e-05,pixel_reliability=0 AND MODLAND_QA(bits0-1)=0 AND VI range -2000..10000,MOD13Q1 V061 Terra 250m 16-day
SO1502,Ceel Afweyn,SO15,Sanaag,2015-02-18,0.1377613350125945,0.1361,0.0991548202427295,0.0997,0.9658833287254632,17468,0.0035941387890517,0.0002764722145424,pixel_reliability=0 AND MODLAND_QA(bits0-1)=0 AND VI range -2000..10000,MOD13Q1 V061 Terra 250m 16-day
SO1502,Ceel Afweyn,SO15,Sanaag,2015-03-06,0.1363291754515926,0.1354,0.098479531597242,0.0998,0.9703621786010506,17549,0.0055294442908487,0.0002764722145424,pixel_reliability=0 AND MODLAND_QA(bits0-1)=0 AND VI range -2000..10000,MOD13Q1 V061 Terra 250m 16-day
SO1502,Ceel Afweyn,SO15,Sanaag,2015-03-22,0.1494406125469657,0.144,0.1076193043379255,0.1059,0.9713021841304949,17566,0.0023776610450649,5.52944429084877e-05,pixel_reliability=0 AND MODLAND_QA(bits0-1)=0 AND VI range -2000..10000,MOD13Q1 V061 Terra 250m 16-day
SO1502,Ceel Afweyn,SO15,Sanaag,2015-04-07,0.1460354304635761,0.1391,0.1066121945649691,0.1037,0.9685374619850704,17516,0.0033176665745092,0.0001105888858169,pixel_reliability=0 AND MODLAND_QA(bits0-1)=0 AND VI range -2000..10000,MOD13Q1 V061 Terra 250m 16-day
SO1502,Ceel Afweyn,SO15,Sanaag,2015-04-23,0.1458065556978233,0.1413,0.1062041485275288,0.1046,0.8636991982305778,15620,0.0303566491567597,0.0019905999447055,pixel_reliability=0 AND MODLAND_QA(bits0-1)=0 AND VI range -2000..10000,MOD13Q1 V061 Terra 250m 16-day
SO1502,Ceel Afweyn,SO15,Sanaag,2015-05-09,0.1686314619811436,0.1602,0.1246977776417289,0.1223,0.903179430467238,16334,0.0038706110035941,0.0004976499861763,pixel_reliability=0 AND MODLAND_QA(bits0-1)=0 AND VI range -2000..10000,MOD13Q1 V061 Terra 250m 16-day
SO1502,Ceel Afweyn,SO15,Sanaag,2015-05-25,0.1723504767408263,0.1633,0.1266153597226235,0.1228,0.9568703345313796,17305,0.0018800110588885,0.0002764722145424,pixel_reliability=0 AND MODLAND_QA(bits0-1)=0 AND VI range -2000..10000,MOD13Q1 V061 Terra 250m 16-day
SO1502,Ceel Afweyn,SO15,Sanaag,2015-06-10,0.1587581317289423,0.154,0.1175462001266624,0.1156,0.8730992535250207,15790,0.03107547691457,0.0011611833010782,pixel_reliability=0 AND MODLAND_QA(bits0-1)=0 AND VI range -2000..10000,MOD13Q1 V061 Terra 250m 16-day
SO1502,Ceel Afweyn,SO15,Sanaag,2015-06-26,0.1548704984105359,0.1492,0.113548785195277,0.1121,0.9740669062759192,17616,0.0045341443184959,0.0011058888581697,pixel_reliability=0 AND MODLAND_QA(bits0-1)=0 AND VI range -2000..10000,MOD13Q1 V061 Terra 250m 16-day
SO1502,Ceel Afweyn,SO15,Sanaag,2015-07-12,0.1456564108522628,0.1417,0.1073763376517748,0.1072,0.9517832457837988,17213,0.0102847663809787,0.00182471661598,pixel_reliability=0 AND MODLAND_QA(bits0-1)=0 AND VI range -2000..10000,MOD13Q1 V061 Terra 250m 16-day
SO1502,Ceel Afweyn,SO15,Sanaag,2015-07-28,0.1374277202227678,0.1352,0.1015742918737649,0.1024,0.923361902128836,16699,0.0055294442908487,0.0007188277578103,pixel_reliability=0 AND MODLAND_QA(bits0-1)=0 AND VI range -2000..10000,MOD13Q1 V061 Terra 250m 16-day
SO1502,Ceel Afweyn,SO15,Sanaag,2015-08-13,0.1378197789806044,0.1361,0.1019709517365809,0.1032,0.9807022394249378,17736,0.0035388443461432,0.0004423555432679,pixel_reliability=0 AND MODLAND_QA(bits0-1)=0 AND VI range -2000..10000,MOD13Q1 V061 Terra 250m 16-day
SO1502,Ceel Afweyn,SO15,Sanaag,2015-08-29,0.137143802259887,0.13540000000000002,0.10231754237288136,0.10310000000000001,0.9787116394802322,17700,0.0030411943599668234,0.0004976499861763893,pixel_reliability=0 AND MODLAND_QA(bits0-1)=0 AND VI range -2000..10000,MOD13Q1 V061 Terra 250m 16-day
SO1502,Ceel Afweyn,SO15,Sanaag,2015-09-14,0.1403717637083098,0.1377,0.1059919446014697,0.1058,0.9781586950511474,17690,0.001935305501797,0.0003317666574509,pixel_reliability=0 AND MODLAND_QA(bits0-1)=0 AND VI range -2000..10000,MOD13Q1 V061 Terra 250m 16-day
SO1502,Ceel Afweyn,SO15,Sanaag,2015-09-30,0.1443668484125631,0.1406,0.1066516215141705,0.1063,0.9735692562897428,17607,0.0022117777163395,0.0001105888858169,pixel_reliability=0 AND MODLAND_QA(bits0-1)=0 AND VI range -2000..10000,MOD13Q1 V061 Terra 250m 16-day
SO1502,Ceel Afweyn,SO15,Sanaag,2015-10-16,0.1501348886673313,0.1466,0.1119977201728149,0.1113,0.8319048935581974,15045,0.0891346419684821,0.0014376555156206,pixel_reliability=0 AND MODLAND_QA(bits0-1)=0 AND VI range -2000..10000,MOD13Q1 V061 Terra 250m 16-day
SO1502,Ceel Afweyn,SO15,Sanaag,2015-11-01,0.1562647397197858,0.1492,0.1120082298667274,0.1103,0.970859828587227,17558,0.0050870887475808,0.0006635333149018,pixel_reliability=0 AND MODLAND_QA(bits0-1)=0 AND VI range -2000..10000,MOD13Q1 V061 Terra 250m 16-day
SO1502,Ceel Afweyn,SO15,Sanaag,2015-11-17,0.1813585529937006,0.1713,0.1265630725949483,0.1233,0.9041194359966824,16351,0.0228366049212054,0.0011611833010782,pixel_reliability=0 AND MODLAND_QA(bits0-1)=0 AND VI range -2000..10000,MOD13Q1 V061 Terra 250m 16-day
SO1502,Ceel Afweyn,SO15,Sanaag,2015-12-03,0.1758911117528155,0.1649,0.1253298469535085,0.1214,0.9574232789604644,17315,0.0007741222007188,0.0,pixel_reliability=0 AND MODLAND_QA(bits0-1)=0 AND VI range -2000..10000,MOD13Q1 V061 Terra 250m 16-day
SO1502,Ceel Afweyn,SO15,Sanaag,2015-12-19,0.1680590828716256,0.1588,0.1197205705528704,0.1166,0.9381255183854024,16966,0.0185236383743433,0.0003870611003594,pixel_reliability=0 AND MODLAND_QA(bits0-1)=0 AND VI range -2000..10000,MOD13Q1 V061 Terra 250m 16-day
SO1503,Laasqoray,SO15,Sanaag,2015-01-01,0.17367033296743506,0.1441,0.1117393340651299,0.10400000000000001,0.9387236381122483,13665,0.0006869547296833139,0.0,pixel_reliability=0 AND MODLAND_QA(bits0-1)=0 AND VI range -2000..10000,MOD13Q1 V061 Terra 250m 16-day
SO1503,Laasqoray,SO15,Sanaag,2015-01-17,0.1642172092682211,0.1405,0.1092092315588796,0.1015,0.9368688603421036,13638,0.0035721645943532,0.0001373909459366,pixel_reliability=0 AND MODLAND_QA(bits0-1)=0 AND VI range -2000..10000,MOD13Q1 V061 Terra 250m 16-day
SO1503,Laasqoray,SO15,Sanaag,2015-02-02,0.1630601116758537,0.1392,0.1081043954470613,0.1007,0.9596070618946212,13969,0.0002747818918733,0.0,pixel_reliability=0 AND MODLAND_QA(bits0-1)=0 AND VI range -2000..10000,MOD13Q1 V061 Terra 250m 16-day
SO1503,Laasqoray,SO15,Sanaag,2015-02-18,0.157706651932126,0.1365,0.1066085341508626,0.1001,0.963522703853816,14026,0.0015799958782716,0.0,pixel_reliability=0 AND MODLAND_QA(bits0-1)=0 AND VI range -2000..10000,MOD13Q1 V061 Terra 250m 16-day
SO1503,Laasqoray,SO15,Sanaag,2015-03-06,0.1527501067919692,0.1337,0.1053926811903745,0.0991,0.9648966133131828,14046,0.0021295596620182,0.0,pixel_reliability=0 AND MODLAND_QA(bits0-1)=0 AND VI range -2000..10000,MOD13Q1 V061 Terra 250m 16-day
SO1503,Laasqoray,SO15,Sanaag,2015-03-22,0.1634334367841572,0.1385,0.1073471587970147,0.1007,0.9296558356804286,13533,0.0068695472968331,0.0,pixel_reliability=0 AND MODLAND_QA(bits0-1)=0 AND VI range -2000..10000,MOD13Q1 V061 Terra 250m 16-day
SO1503,Laasqoray,SO15,Sanaag,2015-04-07,0.1498621897705201,0.1305,0.1073440831594849,0.0995,0.9549357697327746,13901,0.0024730370268599,0.0002747818918733,pixel_reliability=0 AND MODLAND_QA(bits0-1)=0 AND VI range -2000..10000,MOD13Q1 V061 Terra 250m 16-day
SO1503,Laasqoray,SO15,Sanaag,2015-04-23,0.1521760178024223,0.1351,0.1071818692543411,0.1001,0.94154015250395,13706,0.0045339012159098,0.0002060864189049,pixel_reliability=0 AND MODLAND_QA(bits0-1)=0 AND VI range -2000..10000,MOD13Q1 V061 Terra 250m 16-day
SO1503,Laasqoray,SO15,Sanaag,2015-05-09,0.1620899606586041,0.1371,0.1126573218709019,0.103,0.9429140619633166,13726,0.0084495431751047,0.0013052139863982,pixel_reliability=0 AND MODLAND_QA(bits0-1)=0 AND VI range -2000..10000,MOD13Q1 V061 Terra 250m 16-day
SO1503,Laasqoray,SO15,Sanaag,2015-05-25,0.1628878060117756,0.1489,0.1141727920669352,0.1087,0.8867211650752216,12908,0.0291268805385725,0.0003434773648416,pixel_reliability=0 AND MODLAND_QA(bits0-1)=0 AND VI range -2000..10000,MOD13Q1 V061 Terra 250m 16-day
SO1503,Laasqoray,SO15,Sanaag,2015-06-10,0.1414625459764959,0.1398,0.1047718578989862,0.1036,0.76574843717799,11147,0.1213162052620732,0.0019921687160816,pixel_reliability=0 AND MODLAND_QA(bits0-1)=0 AND VI range -2000..10000,MOD13Q1 V061 Terra 250m 16-day
SO1503,Laasqoray,SO15,Sanaag,2015-06-26,0.1560677842670704,0.1405,0.1109212199870214,0.1045,0.952737514597788,13869,0.010785189256028,0.0008930411485883,pixel_reliability=0 AND MODLAND_QA(bits0-1)=0 AND VI range -2000..10000,MOD13Q1 V061 Terra 250m 16-day
SO1503,Laasqoray,SO15,Sanaag,2015-07-12,0.1479670164131005,0.1334,0.1043904744060555,0.099,0.9166036958164456,13343,0.0133956172288246,0.0010991275674933,pixel_reliability=0 AND MODLAND_QA(bits0-1)=0 AND VI range -2000..10000,MOD13Q1 V061 Terra 250m 16-day
SO1503,Laasqoray,SO15,Sanaag,2015-07-28,0.149639582679636,0.1312,0.1046617587072482,0.0982,0.8757298894002885,12748,0.0107164937830596,0.0007556502026516,pixel_reliability=0 AND MODLAND_QA(bits0-1)=0 AND VI range -2000..10000,MOD13Q1 V061 Terra 250m 16-day
SO1503,Laasqoray,SO15,Sanaag,2015-08-13,0.1472636809205853,0.1303,0.1031276814888478,0.0973,0.9670948684481692,14078,0.0054956378374665,0.0004121728378099,pixel_reliability=0 AND MODLAND_QA(bits0-1)=0 AND VI range -2000..10000,MOD13Q1 V061 Terra 250m 16-day
SO1503,Laasqoray,SO15,Sanaag,2015-08-29,0.1496552356594812,0.12990000000000002,0.10567052977712825,0.0978,0.940097547571615,13685,0.00494607405371986,0.00034347736484165696,pixel_reliability=0 AND MODLAND_QA(bits0-1)=0 AND VI range -2000..10000,MOD13Q1 V061 Terra 250m 16-day
SO1503,Laasqoray,SO15,Sanaag,2015-09-14,0.1533998097557263,0.1322,0.1078484057529868,0.0987,0.9027272102768428,13141,0.0076938929724531,0.0,pixel_reliability=0 AND MODLAND_QA(bits0-1)=0 AND VI range -2000..10000,MOD13Q1 V061 Terra 250m 16-day
SO1503,Laasqoray,SO15,Sanaag,2015-09-30,0.1684519436901529,0.1378,0.1131283049878519,0.1012,0.9613244487188294,13994,0.0016486913512399,0.0,pixel_reliability=0 AND MODLAND_QA(bits0-1)=0 AND VI range -2000..10000,MOD13Q1 V061 Terra 250m 16-day
SO1503,Laasqoray,SO15,Sanaag,2015-10-16,0.1624537097011629,0.1342,0.1110002576181363,0.1012,0.9332966957477502,13586,0.0084495431751047,0.0,pixel_reliability=0 AND MODLAND_QA(bits0-1)=0 AND VI range -2000..10000,MOD13Q1 V061 Terra 250m 16-day
SO1503,Laasqoray,SO15,Sanaag,2015-11-01,0.1700025595567867,0.1385,0.1100641883656509,0.0996,0.6199766435391908,9025,0.2081472830940441,0.0008930411485883,pixel_reliability=0 AND MODLAND_QA(bits0-1)=0 AND VI range -2000..10000,MOD13Q1 V061 Terra 250m 16-day
SO1503,Laasqoray,SO15,Sanaag,2015-11-17,0.1632836889314639,0.1376,0.1117671949838892,0.1025,0.7888301160953494,11483,0.0293329669574775,0.0004121728378099,pixel_reliability=0 AND MODLAND_QA(bits0-1)=0 AND VI range -2000..10000,MOD13Q1 V061 Terra 250m 16-day
SO1503,Laasqoray,SO15,Sanaag,2015-12-03,0.172868583575744,0.1406,0.1152016707690012,0.1038,0.9210002060864187,13407,0.0168303908772411,0.0,pixel_reliability=0 AND MODLAND_QA(bits0-1)=0 AND VI range -2000..10000,MOD13Q1 V061 Terra 250m 16-day
SO1503,Laasqoray,SO15,Sanaag,2015-12-19,0.1680929901153212,0.1379,0.1134532701812191,0.1029,0.833963041835543,12140,0.0787250120217077,0.0021982551349866,pixel_reliability=0 AND MODLAND_QA(bits0-1)=0 AND VI range -2000..10000,MOD13Q1 V061 Terra 250m 16-day
SO1601,Bossaso,SO16,Bari,2015-01-01,0.16120433771368764,0.1545,0.11688696360041867,0.1131,0.9510064145100642,8599,0.007962840079628402,0.0005529750055297501,pixel_reliability=0 AND MODLAND_QA(bits0-1)=0 AND VI range -2000..10000,MOD13Q1 V061 Terra 250m 16-day
SO1601,Bossaso,SO16,Bari,2015-01-17,0.1573450402144772,0.1521,0.1114393285930761,0.1091,0.9487945144879452,8579,0.0085158150851581,0.0015483300154833,pixel_reliability=0 AND MODLAND_QA(bits0-1)=0 AND VI range -2000..10000,MOD13Q1 V061 Terra 250m 16-day
SO1601,Bossaso,SO16,Bari,2015-02-02,0.1559029690239626,0.1523,0.1111245470485096,0.1095,0.9461402344614024,8555,0.0046449900464499,0.0002211900022119,pixel_reliability=0 AND MODLAND_QA(bits0-1)=0 AND VI range -2000..10000,MOD13Q1 V061 Terra 250m 16-day
SO1601,Bossaso,SO16,Bari,2015-02-18,0.1525694492353685,0.1498,0.1107340807174887,0.1098,0.9618447246184472,8697,0.0045343950453439,0.0001105950011059,pixel_reliability=0 AND MODLAND_QA(bits0-1)=0 AND VI range -2000..10000,MOD13Q1 V061 Terra 250m 16-day
SO1601,Bossaso,SO16,Bari,2015-03-06,0.1489994049662432,0.1472,0.1096104359766563,0.109,0.9664897146648972,8739,0.0056403450564034,0.0002211900022119,pixel_reliability=0 AND MODLAND_QA(bits0-1)=0 AND VI range -2000..10000,MOD13Q1 V061 Terra 250m 16-day
SO1601,Bossaso,SO16,Bari,2015-03-22,0.1599713268937468,0.1549,0.1157138112184375,0.1139,0.652621101526211,5901,0.0075204600752046,0.0002211900022119,pixel_reliability=0 AND MODLAND_QA(bits0-1)=0 AND VI range -2000..10000,MOD13Q1 V061 Terra 250m 16-day
SO1601,Bossaso,SO16,Bari,2015-04-07,0.1516633356227106,0.1476,0.1135981456043956,0.1117,0.9661579296615792,8736,0.0042026100420261,0.0006635700066357,pixel_reliability=0 AND MODLAND_QA(bits0-1)=0 AND VI range -2000..10000,MOD13Q1 V061 Terra 250m 16-day
SO1601,Bossaso,SO16,Bari,2015-04-23,0.1544221884142773,0.1488,0.1155473961380924,0.1128,0.9450342844503428,8545,0.0064145100641451,0.0002211900022119,pixel_reliability=0 AND MODLAND_QA(bits0-1)=0 AND VI range -2000..10000,MOD13Q1 V061 Terra 250m 16-day
SO1601,Bossaso,SO16,Bari,2015-05-09,0.1586047866278333,0.1503,0.1198825503355704,0.1149,0.8733687237336872,7897,0.0108383101083831,0.0012165450121654,pixel_reliability=0 AND MODLAND_QA(bits0-1)=0 AND VI range -2000..10000,MOD13Q1 V061 Terra 250m 16-day
SO1601,Bossaso,SO16,Bari,2015-05-25,0.1628965276159403,0.1522,0.1177687601957585,0.1138,0.949126299491263,8582,0.0122760451227604,0.0007741650077416,pixel_reliability=0 AND MODLAND_QA(bits0-1)=0 AND VI range -2000..10000,MOD13Q1 V061 Terra 250m 16-day
SO1601,Bossaso,SO16,Bari,2015-06-10,0.1446371908259631,0.1395,0.10780989356918,0.1058,0.7377792523777925,6671,0.1099314310993143,0.004313205043132,pixel_reliability=0 AND MODLAND_QA(bits0-1)=0 AND VI range -2000..10000,MOD13Q1 V061 Terra 250m 16-day
SO1601,Bossaso,SO16,Bari,2015-06-26,0.1539266283744974,0.1476,0.1125958989086731,0.1103,0.9627294846272948,8705,0.0081840300818403,0.0024330900243309,pixel_reliability=0 AND MODLAND_QA(bits0-1)=0 AND VI range -2000..10000,MOD13Q1 V061 Terra 250m 16-day
SO1601,Bossaso,SO16,Bari,2015-07-12,0.1470412048192771,0.1433,0.108653585771658,0.1079,0.9638354346383544,8715,0.0092899800928998,0.0016589250165892,pixel_reliability=0 AND MODLAND_QA(bits0-1)=0 AND VI range -2000..10000,MOD13Q1 V061 Terra 250m 16-day
SO1601,Bossaso,SO16,Bari,2015-07-28,0.1476268620733409,0.145,0.1083462377870828,0.1082,0.8715992037159921,7881,0.0081840300818403,0.0025436850254368,pixel_reliability=0 AND MODLAND_QA(bits0-1)=0 AND VI range -2000..10000,MOD13Q1 V061 Terra 250m 16-day
SO1601,Bossaso,SO16,Bari,2015-08-13,0.1458756422018348,0.1455,0.1080303899082568,0.1083,0.964388409643884,8720,0.0072992700729927,0.002211900022119,pixel_reliability=0 AND MODLAND_QA(bits0-1)=0 AND VI range -2000..10000,MOD13Q1 V061 Terra 250m 16-day
SO1601,Bossaso,SO16,Bari,2015-08-29,0.14692708140610547,0.1457,0.11038222710453284,0.10990000000000001,0.9564255695642557,8648,0.007852245078522451,0.0019907100199071004,pixel_reliability=0 AND MODLAND_QA(bits0-1)=0 AND VI range -2000..10000,MOD13Q1 V061 Terra 250m 16-day
SO1601,Bossaso,SO16,Bari,2015-09-14,0.152905836939993,0.1488,0.1143365656801965,0.1121,0.9454766644547666,8549,0.0095111700951117,0.0009953550099535,pixel_reliability=0 AND MODLAND_QA(bits0-1)=0 AND VI range -2000..10000,MOD13Q1 V061 Terra 250m 16-day
SO1601,Bossaso,SO16,Bari,2015-09-30,0.1572262340352088,0.1496,0.1176681969853872,0.1149,0.9611811546118116,8691,0.0053085600530856,0.0002211900022119,pixel_reliability=0 AND MODLAND_QA(bits0-1)=0 AND VI range -2000..10000,MOD13Q1 V061 Terra 250m 16-day
SO1601,Bossaso,SO16,Bari,2015-10-16,0.1595130823704808,0.152,0.1179623804199279,0.1141,0.8901791639017916,8049,0.0047555850475558,0.0003317850033178,pixel_reliability=0 AND MODLAND_QA(bits0-1)=0 AND VI range -2000..10000,MOD13Q1 V061 Terra 250m 16-day
SO1601,Bossaso,SO16,Bari,2015-11-01,0.1562338141950375,0.1492,0.1128719946143489,0.1088,0.5749834107498341,5199,0.0945587259455872,0.0011059500110595,pixel_reliability=0 AND MODLAND_QA(bits0-1)=0 AND VI range -2000..10000,MOD13Q1 V061 Terra 250m 16-day
SO1601,Bossaso,SO16,Bari,2015-11-17,0.1655673425572519,0.1567,0.1195284589694656,0.1151,0.9272284892722849,8384,0.0284229152842291,0.002101305021013,pixel_reliability=0 AND MODLAND_QA(bits0-1)=0 AND VI range -2000..10000,MOD13Q1 V061 Terra 250m 16-day
SO1601,Bossaso,SO16,Bari,2015-12-03,0.1651308219178082,0.1572,0.1183292744799594,0.1131,0.8719309887193099,7884,0.0261004202610042,0.0018801150188011,pixel_reliability=0 AND MODLAND_QA(bits0-1)=0 AND VI range -2000..10000,MOD13Q1 V061 Terra 250m 16-day
SO1601,Bossaso,SO16,Bari,2015-12-19,0.1629908455974058,0.1567,0.1150939635819406,0.1122,0.8867507188675072,8018,0.061933200619332,0.0013271400132714,pixel_reliability=0 AND MODLAND_QA(bits0-1)=0 AND VI range -2000..10000,MOD13Q1 V061 Terra 250m 16-day
SO1602,Bandarbeyla,SO16,Bari,2015-01-01,0.15873923714759536,0.15710000000000002,0.11827194029850747,0.1163,0.9155784998481628,12060,0.017537200121469785,0.00516246583662314,pixel_reliability=0 AND MODLAND_QA(bits0-1)=0 AND VI range -2000..10000,MOD13Q1 V061 Terra 250m 16-day
SO1602,Bandarbeyla,SO16,Bari,2015-01-17,0.1536087905774203,0.1515,0.1077362970410801,0.1063,0.5285453993319161,6962,0.2042210750075918,0.0057698147585788,pixel_reliability=0 AND MODLAND_QA(bits0-1)=0 AND VI range -2000..10000,MOD13Q1 V061 Terra 250m 16-day
SO1602,Bandarbeyla,SO16,Bari,2015-02-02,0.151023852752561,0.1502,0.1118521862247022,0.1102,0.9115548132402064,12007,0.0206498633464925,0.0034163376860006,pixel_reliability=0 AND MODLAND_QA(bits0-1)=0 AND VI range -2000..10000,MOD13Q1 V061 Terra 250m 16-day
SO1602,Bandarbeyla,SO16,Bari,2015-02-18,0.1464246600181323,0.1459,0.108824692986071,0.1074,0.9211205587610082,12133,0.0172335256604919,0.004479198299423,pixel_reliability=0 AND MODLAND_QA(bits0-1)=0 AND VI range -2000..10000,MOD13Q1 V061 Terra 250m 16-day
SO1602,Bandarbeyla,SO16,Bari,2015-03-06,0.1435388214904679,0.1429,0.106988431542461,0.1049,0.8761008199210446,11540,0.0269511084117825,0.0034163376860006,pixel_reliability=0 AND MODLAND_QA(bits0-1)=0 AND VI range -2000..10000,MOD13Q1 V061 Terra 250m 16-day
SO1602,Bandarbeyla,SO16,Bari,2015-03-22,0.1492042905215928,0.1461,0.1150723125817909,0.112,0.8121773458852111,10698,0.0436532037655633,0.0021257212268448,pixel_reliability=0 AND MODLAND_QA(bits0-1)=0 AND VI range -2000..10000,MOD13Q1 V061 Terra 250m 16-day
SO1602,Bandarbeyla,SO16,Bari,2015-04-07,0.1408372339537601,0.1383,0.1054525832568233,0.1023,0.9095809292438506,11981,0.0211812936532037,0.0018979653811114,pixel_reliability=0 AND MODLAND_QA(bits0-1)=0 AND VI range -2000..10000,MOD13Q1 V061 Terra 250m 16-day
SO1602,Bandarbeyla,SO16,Bari,2015-04-23,0.1474073744210901,0.1447,0.105014517278233,0.1019,0.8524142119647737,11228,0.0254327361068934,0.0013665350744002,pixel_reliability=0 AND MODLAND_QA(bits0-1)=0 AND VI range -2000..10000,MOD13Q1 V061 Terra 250m 16-day
SO1602,Bandarbeyla,SO16,Bari,2015-05-09,0.1488001164919287,0.1457,0.1109358046263937,0.1083,0.9123899180078956,12018,0.0110841178256908,0.0020498026116003,pixel_reliability=0 AND MODLAND_QA(bits0-1)=0 AND VI range -2000..10000,MOD13Q1 V061 Terra 250m 16-day
SO1602,Bandarbeyla,SO16,Bari,2015-05-25,0.1571147053941908,0.1556,0.1170182572614108,0.1151,0.9148193136957182,12050,0.0074400242939568,0.0059975706043121,pixel_reliability=0 AND MODLAND_QA(bits0-1)=0 AND VI range -2000..10000,MOD13Q1 V061 Terra 250m 16-day
SO1602,Bandarbeyla,SO16,Bari,2015-06-10,0.1484109105824446,0.1477,0.1099819606234618,0.1086,0.9254479198299423,12190,0.0195110841178256,0.0064530822957789,pixel_reliability=0 AND MODLAND_QA(bits0-1)=0 AND VI range -2000..10000,MOD13Q1 V061 Terra 250m 16-day
SO1602,Bandarbeyla,SO16,Bari,2015-06-26,0.1430092332789559,0.1424,0.1071036215334421,0.1059,0.9307622228970543,12260,0.0169298511995141,0.0040996052232007,pixel_reliability=0 AND MODLAND_QA(bits0-1)=0 AND VI range -2000..10000,MOD13Q1 V061 Terra 250m 16-day
SO1602,Bandarbeyla,SO16,Bari,2015-07-12,0.1385556739041376,0.138,0.1038879967226546,0.1026,0.9265866990586092,12205,0.0173853628909808,0.007971454600668,pixel_reliability=0 AND MODLAND_QA(bits0-1)=0 AND VI range -2000..10000,MOD13Q1 V061 Terra 250m 16-day
SO1602,Bandarbeyla,SO16,Bari,2015-07-28,0.1380145778580814,0.1374,0.1046215259526938,0.1036,0.92438505921652,12176,0.0195110841178256,0.0040996052232007,pixel_reliability=0 AND MODLAND_QA(bits0-1)=0 AND VI range -2000..10000,MOD13Q1 V061 Terra 250m 16-day
SO1602,Bandarbeyla,SO16,Bari,2015-08-13,0.1357298703416782,0.1353,0.102995025687026,0.1019,0.9309899787427878,12263,0.0176890373519587,0.0074400242939568,pixel_reliability=0 AND MODLAND_QA(bits0-1)=0 AND VI range -2000..10000,MOD13Q1 V061 Terra 250m 16-day
SO1602,Bandarbeyla,SO16,Bari,2015-08-29,0.13556307352580355,0.1351,0.10261261143371228,0.10160000000000001,0.9282569085939872,12227,0.014955967203158215,0.005845733373823261,pixel_reliability=0 AND MODLAND_QA(bits0-1)=0 AND VI range -2000..10000,MOD13Q1 V061 Terra 250m 16-day
SO1602,Bandarbeyla,SO16,Bari,2015-09-14,0.1389421581440941,0.1388,0.1031717938245384,0.1022,0.929395687822654,12242,0.0151078044336471,0.0038718493774673,pixel_reliability=0 AND MODLAND_QA(bits0-1)=0 AND VI range -2000..10000,MOD13Q1 V061 Terra 250m 16-day
SO1602,Bandarbeyla,SO16,Bari,2015-09-30,0.141939477006312,0.1415,0.109644869251578,0.1089,0.8419374430610386,11090,0.0204221075007591,0.0022775584573337,pixel_reliability=0 AND MODLAND_QA(bits0-1)=0 AND VI range -2000..10000,MOD13Q1 V061 Terra 250m 16-day
SO1602,Bandarbeyla,SO16,Bari,2015-10-16,0.146848773209549,0.146,0.1110754752431476,0.1103,0.6869116307318555,9048,0.1163073185545095,0.001670209535378,pixel_reliability=0 AND MODLAND_QA(bits0-1)=0 AND VI range -2000..10000,MOD13Q1 V061 Terra 250m 16-day
SO1602,Bandarbeyla,SO16,Bari,2015-11-01,0.1500535896746437,0.1465,0.109546356547459,0.1052,0.2823413300941391,3719,0.4321287579714546,0.0047828727604008,pixel_reliability=0 AND MODLAND_QA(bits0-1)=0 AND VI range -2000..10000,MOD13Q1 V061 Terra 250m 16-day
SO1602,Bandarbeyla,SO16,Bari,2015-11-17,0.1563606684447407,0.1488,0.1176417319553258,0.1108,0.9108715457030064,11998,0.0140449438202247,0.0034163376860006,pixel_reliability=0 AND MODLAND_QA(bits0-1)=0 AND VI range -2000..10000,MOD13Q1 V061 Terra 250m 16-day
SO1602,Bandarbeyla,SO16,Bari,2015-12-03,0.1521923315639036,0.146,0.1135536218864843,0.108,0.9296234436683876,12245,0.0188278165806255,0.0050865472213786,pixel_reliability=0 AND MODLAND_QA(bits0-1)=0 AND VI range -2000..10000,MOD13Q1 V061 Terra 250m 16-day
SO1602,Bandarbeyla,SO16,Bari,2015-12-19,0.1459659838334625,0.1415,0.105632144834459,0.1013,0.6856210142726996,9031,0.1230640753112663,0.0119192225933798,pixel_reliability=0 AND MODLAND_QA(bits0-1)=0 AND VI range -2000..10000,MOD13Q1 V061 Terra 250m 16-day
SO1603,Caluula,SO16,Bari,2015-01-01,0.21225365721997305,0.2023,0.13565983805668017,0.1326,0.6929119132223677,3705,0.10809799887787544,0.01009912100243127,pixel_reliability=0 AND MODLAND_QA(bits0-1)=0 AND VI range -2000..10000,MOD13Q1 V061 Terra 250m 16-day
SO1603,Caluula,SO16,Bari,2015-01-17,0.1967493604004449,0.1888,0.1316065628476084,0.1292,0.6725266504582008,3596,0.1138956424163082,0.0194501589676454,pixel_reliability=0 AND MODLAND_QA(bits0-1)=0 AND VI range -2000..10000,MOD13Q1 V061 Terra 250m 16-day
SO1603,Caluula,SO16,Bari,2015-02-02,0.1915663440860215,0.1846,0.1295501075268817,0.12695,0.8696465307649149,4650,0.0205722835234711,0.0061716850570413,pixel_reliability=0 AND MODLAND_QA(bits0-1)=0 AND VI range -2000..10000,MOD13Q1 V061 Terra 250m 16-day
SO1603,Caluula,SO16,Bari,2015-02-18,0.1790234693877551,0.174,0.1278116709183673,0.1269,0.8797456517673462,4704,0.021881428838601,0.0056106227791284,pixel_reliability=0 AND MODLAND_QA(bits0-1)=0 AND VI range -2000..10000,MOD13Q1 V061 Terra 250m 16-day
SO1603,Caluula,SO16,Bari,2015-03-06,0.1710396503943722,0.1683,0.1228191217224472,0.1225,0.8773143818963905,4691,0.023190574153731,0.0044884982233027,pixel_reliability=0 AND MODLAND_QA(bits0-1)=0 AND VI range -2000..10000,MOD13Q1 V061 Terra 250m 16-day
SO1603,Caluula,SO16,Bari,2015-03-22,0.1781559027777778,0.1772,0.1389748842592592,0.1391,0.8079296801945016,4320,0.024499719468861,0.0044884982233027,pixel_reliability=0 AND MODLAND_QA(bits0-1)=0 AND VI range -2000..10000,MOD13Q1 V061 Terra 250m 16-day
SO1603,Caluula,SO16,Bari,2015-04-07,0.1619640102279991,0.1603,0.1201141913488174,0.1203,0.8776884234149991,4693,0.0246867402281653,0.0031793529081728,pixel_reliability=0 AND MODLAND_QA(bits0-1)=0 AND VI range -2000..10000,MOD13Q1 V061 Terra 250m 16-day
SO1603,Caluula,SO16,Bari,2015-04-23,0.1620704574604532,0.1605,0.1184374305258657,0.1183,0.8748831120254348,4678,0.0215073873199925,0.0063587058163456,pixel_reliability=0 AND MODLAND_QA(bits0-1)=0 AND VI range -2000..10000,MOD13Q1 V061 Terra 250m 16-day
SO1603,Caluula,SO16,Bari,2015-05-09,0.1625347779215178,0.1599,0.1212373436826218,0.1196,0.8674022816532635,4638,0.0200112212455582,0.0056106227791284,pixel_reliability=0 AND MODLAND_QA(bits0-1)=0 AND VI range -2000..10000,MOD13Q1 V061 Terra 250m 16-day
SO1603,Caluula,SO16,Bari,2015-05-25,0.1684649768569539,0.163,0.123811152744104,0.1201,0.8485131849635309,4537,0.0274920516177295,0.0078548718907798,pixel_reliability=0 AND MODLAND_QA(bits0-1)=0 AND VI range -2000..10000,MOD13Q1 V061 Terra 250m 16-day
SO1603,Caluula,SO16,Bari,2015-06-10,0.1472891711229946,0.1426,0.1079381684491978,0.1055,0.5595661118384141,2992,0.1666354965401159,0.0140265569478212,pixel_reliability=0 AND MODLAND_QA(bits0-1)=0 AND VI range -2000..10000,MOD13Q1 V061 Terra 250m 16-day
SO1603,Caluula,SO16,Bari,2015-06-26,0.1583403004572175,0.1559,0.1161198563030698,0.1148,0.8589863474845708,4593,0.0345988404712923,0.0095380587245184,pixel_reliability=0 AND MODLAND_QA(bits0-1)=0 AND VI range -2000..10000,MOD13Q1 V061 Terra 250m 16-day
SO1603,Caluula,SO16,Bari,2015-07-12,0.1532002840288399,0.1522,0.112476993663972,0.1113,0.8559940153357023,4577,0.034411819711988,0.0130914531512997,pixel_reliability=0 AND MODLAND_QA(bits0-1)=0 AND VI range -2000..10000,MOD13Q1 V061 Terra 250m 16-day
SO1603,Caluula,SO16,Bari,2015-07-28,0.1558161533491277,0.154,0.1157524014645703,0.1144,0.8683373854497849,4643,0.0387132971759865,0.0071067888535627,pixel_reliability=0 AND MODLAND_QA(bits0-1)=0 AND VI range -2000..10000,MOD13Q1 V061 Terra 250m 16-day
SO1603,Caluula,SO16,Bari,2015-08-13,0.1563690092413496,0.1546,0.1161340640447023,0.1146,0.8702075930428278,4653,0.0389003179352908,0.0078548718907798,pixel_reliability=0 AND MODLAND_QA(bits0-1)=0 AND VI range -2000..10000,MOD13Q1 V061 Terra 250m 16-day
SO1603,Caluula,SO16,Bari,2015-08-29,0.1588838117850205,0.15660000000000002,0.11837912799481978,0.11660000000000001,0.8664671778567421,4633,0.03833925565737797,0.006919768094258463,pixel_reliability=0 AND MODLAND_QA(bits0-1)=0 AND VI range -2000..10000,MOD13Q1 V061 Terra 250m 16-day
SO1603,Caluula,SO16,Bari,2015-09-14,0.1647506089604176,0.1592,0.1216890822096563,0.1187,0.8599214512810922,4598,0.0368430895829437,0.0080418926500841,pixel_reliability=0 AND MODLAND_QA(bits0-1)=0 AND VI range -2000..10000,MOD13Q1 V061 Terra 250m 16-day
SO1603,Caluula,SO16,Bari,2015-09-30,0.1679522200977268,0.1636,0.1244499256426598,0.1234,0.8803067140452591,4707,0.0230035533944267,0.0044884982233027,pixel_reliability=0 AND MODLAND_QA(bits0-1)=0 AND VI range -2000..10000,MOD13Q1 V061 Terra 250m 16-day
SO1603,Caluula,SO16,Bari,2015-10-16,0.1723973853312652,0.1683,0.1257139596720584,0.1243,0.8440246867402281,4513,0.0209463250420796,0.0056106227791284,pixel_reliability=0 AND MODLAND_QA(bits0-1)=0 AND VI range -2000..10000,MOD13Q1 V061 Terra 250m 16-day
SO1603,Caluula,SO16,Bari,2015-11-01,0.1839674539770753,0.1755,0.1307807572073637,0.1265,0.5384327660370302,2879,0.160089769964466,0.007293809612867,pixel_reliability=0 AND MODLAND_QA(bits0-1)=0 AND VI range -2000..10000,MOD13Q1 V061 Terra 250m 16-day
SO1603,Caluula,SO16,Bari,2015-11-17,0.2267156330275229,0.2227,0.1575744220183486,0.1571,0.5096315691041705,2725,0.1847765101926314,0.0142135777071254,pixel_reliability=0 AND MODLAND_QA(bits0-1)=0 AND VI range -2000..10000,MOD13Q1 V061 Terra 250m 16-day
SO1603,Caluula,SO16,Bari,2015-12-03,0.2125436713545521,0.2146,0.1482923019985196,0.1496,0.252665045820086,1351,0.5421731812231158,0.0284271554142509,pixel_reliability=0 AND MODLAND_QA(bits0-1)=0 AND VI range -2000..10000,MOD13Q1 V061 Terra 250m 16-day
SO1603,Caluula,SO16,Bari,2015-12-19,0.2208607661822985,0.22,0.144485997357992,0.1432,0.141574714793342,757,0.6392369553020385,0.0605947260145876,pixel_reliability=0 AND MODLAND_QA(bits0-1)=0 AND VI range -2000..10000,MOD13Q1 V061 Terra 250m 16-day
SO1604,Iskushuban,SO16,Bari,2015-01-01,0.14913169043190744,0.14730000000000001,0.11118640731556106,0.1109,0.8968169392577492,19356,0.020618079043691794,0.007552240189037668,pixel_reliability=0 AND MODLAND_QA(bits0-1)=0 AND VI range -2000..10000,MOD13Q1 V061 Terra 250m 16-day
SO1604,Iskushuban,SO16,Bari,2015-01-17,0.1435164719125214,0.1426,0.1085294275300171,0.1079,0.8643840059305935,18656,0.0668118426539406,0.006579252189223,pixel_reliability=0 AND MODLAND_QA(bits0-1)=0 AND VI range -2000..10000,MOD13Q1 V061 Terra 250m 16-day
SO1604,Iskushuban,SO16,Bari,2015-02-02,0.1435001759501307,0.1426,0.1101541272873517,0.1097,0.9216512996339712,19892,0.0132975026641338,0.0052819348561367,pixel_reliability=0 AND MODLAND_QA(bits0-1)=0 AND VI range -2000..10000,MOD13Q1 V061 Terra 250m 16-day
SO1604,Iskushuban,SO16,Bari,2015-02-18,0.1414041627527562,0.1408,0.1091433035052158,0.1087,0.93717277486911,20227,0.0114441921882963,0.0038919519992586,pixel_reliability=0 AND MODLAND_QA(bits0-1)=0 AND VI range -2000..10000,MOD13Q1 V061 Terra 250m 16-day
SO1604,Iskushuban,SO16,Bari,2015-03-06,0.1389784402515723,0.1386,0.1069320855345912,0.107,0.9208636426817404,19875,0.0151971459018672,0.0055599314275123,pixel_reliability=0 AND MODLAND_QA(bits0-1)=0 AND VI range -2000..10000,MOD13Q1 V061 Terra 250m 16-day
SO1604,Iskushuban,SO16,Bari,2015-03-22,0.1471407753853394,0.1457,0.1183262148488057,0.1174,0.7875642867071306,16998,0.0107492007598572,0.0024556363804846,pixel_reliability=0 AND MODLAND_QA(bits0-1)=0 AND VI range -2000..10000,MOD13Q1 V061 Terra 250m 16-day
SO1604,Iskushuban,SO16,Bari,2015-04-07,0.1363022989639861,0.1359,0.1065443315244203,0.10655,0.9391650836306352,20270,0.0102858731408979,0.0047259417133855,pixel_reliability=0 AND MODLAND_QA(bits0-1)=0 AND VI range -2000..10000,MOD13Q1 V061 Terra 250m 16-day
SO1604,Iskushuban,SO16,Bari,2015-04-23,0.1383246115077698,0.1383,0.1047978580428391,0.1051,0.8825464485938007,19048,0.0078302367604132,0.0037529537135708,pixel_reliability=0 AND MODLAND_QA(bits0-1)=0 AND VI range -2000..10000,MOD13Q1 V061 Terra 250m 16-day
SO1604,Iskushuban,SO16,Bari,2015-05-09,0.1380176905920519,0.1364,0.1076491636253041,0.1067,0.9140527266830376,19728,0.0096835472362507,0.003613955427883,pixel_reliability=0 AND MODLAND_QA(bits0-1)=0 AND VI range -2000..10000,MOD13Q1 V061 Terra 250m 16-day
SO1604,Iskushuban,SO16,Bari,2015-05-25,0.1473004050782986,0.1442,0.1129769105369757,0.1105,0.9379140990594448,20243,0.0120001853310475,0.0046796089514895,pixel_reliability=0 AND MODLAND_QA(bits0-1)=0 AND VI range -2000..10000,MOD13Q1 V061 Terra 250m 16-day
SO1604,Iskushuban,SO16,Bari,2015-06-10,0.1374511660992836,0.1355,0.1070506732381484,0.1051,0.9118750868739286,19681,0.0252976879951813,0.0090812213316035,pixel_reliability=0 AND MODLAND_QA(bits0-1)=0 AND VI range -2000..10000,MOD13Q1 V061 Terra 250m 16-day
SO1604,Iskushuban,SO16,Bari,2015-06-26,0.1399583899222517,0.1373,0.1085663664993603,0.1066,0.941574387249224,20322,0.015336144187555,0.0067182504749108,pixel_reliability=0 AND MODLAND_QA(bits0-1)=0 AND VI range -2000..10000,MOD13Q1 V061 Terra 250m 16-day
SO1604,Iskushuban,SO16,Bari,2015-07-12,0.1357850810014727,0.1336,0.1052394894452626,0.1039,0.9437983598202287,20370,0.0132511699022378,0.0076912384747254,pixel_reliability=0 AND MODLAND_QA(bits0-1)=0 AND VI range -2000..10000,MOD13Q1 V061 Terra 250m 16-day
SO1604,Iskushuban,SO16,Bari,2015-07-28,0.1355803675814921,0.1338,0.1067044139502625,0.1056,0.9352731316313766,20186,0.0128341750451744,0.0056525969513042,pixel_reliability=0 AND MODLAND_QA(bits0-1)=0 AND VI range -2000..10000,MOD13Q1 V061 Terra 250m 16-day
SO1604,Iskushuban,SO16,Bari,2015-08-13,0.1345713001620904,0.1327,0.1054135861289847,0.1044,0.9432886994393735,20359,0.0126025112356947,0.0063012556178473,pixel_reliability=0 AND MODLAND_QA(bits0-1)=0 AND VI range -2000..10000,MOD13Q1 V061 Terra 250m 16-day
SO1604,Iskushuban,SO16,Bari,2015-08-29,0.13523652815343007,0.1333,0.1061916842881731,0.10490000000000001,0.9421767131538711,20335,0.0117685215215679,0.005142936570448965,pixel_reliability=0 AND MODLAND_QA(bits0-1)=0 AND VI range -2000..10000,MOD13Q1 V061 Terra 250m 16-day
SO1604,Iskushuban,SO16,Bari,2015-09-14,0.1390469693978282,0.1353,0.1079826456071076,0.1057,0.9387017560116758,20260,0.0096372144743548,0.0036602881897789,pixel_reliability=0 AND MODLAND_QA(bits0-1)=0 AND VI range -2000..10000,MOD13Q1 V061 Terra 250m 16-day
SO1604,Iskushuban,SO16,Bari,2015-09-30,0.140845778153938,0.1376,0.1113729662451458,0.1092,0.9306398554417828,20086,0.0083862299031645,0.003613955427883,pixel_reliability=0 AND MODLAND_QA(bits0-1)=0 AND VI range -2000..10000,MOD13Q1 V061 Terra 250m 16-day
SO1604,Iskushuban,SO16,Bari,2015-10-16,0.1447172656716417,0.1416,0.1145588776119403,0.113,0.7760737617569383,16750,0.0172357874252884,0.0037992864754668,pixel_reliability=0 AND MODLAND_QA(bits0-1)=0 AND VI range -2000..10000,MOD13Q1 V061 Terra 250m 16-day
SO1604,Iskushuban,SO16,Bari,2015-11-01,0.1503862752384491,0.1464,0.1171964449399232,0.1153,0.3740443867858963,8073,0.3716350831673076,0.0098225455219385,pixel_reliability=0 AND MODLAND_QA(bits0-1)=0 AND VI range -2000..10000,MOD13Q1 V061 Terra 250m 16-day
SO1604,Iskushuban,SO16,Bari,2015-11-17,0.153877396569122,0.1475,0.1177268314833501,0.1136,0.9183153407774638,19820,0.0136681647593013,0.0089422230459157,pixel_reliability=0 AND MODLAND_QA(bits0-1)=0 AND VI range -2000..10000,MOD13Q1 V061 Terra 250m 16-day
SO1604,Iskushuban,SO16,Bari,2015-12-03,0.1516589129340714,0.1476,0.1172097584297936,0.1144,0.9206319788722606,19870,0.0264560070425798,0.0071815780938701,pixel_reliability=0 AND MODLAND_QA(bits0-1)=0 AND VI range -2000..10000,MOD13Q1 V061 Terra 250m 16-day
SO1604,Iskushuban,SO16,Bari,2015-12-19,0.1500772500933649,0.1459,0.1130082161085522,0.1105,0.7443821526201176,16066,0.1050363712180883,0.0094055506648751,pixel_reliability=0 AND MODLAND_QA(bits0-1)=0 AND VI range -2000..10000,MOD13Q1 V061 Terra 250m 16-day
SO1605,Qandala,SO16,Bari,2015-01-01,0.19526745065595083,0.1917,0.12727044084623568,0.1265,0.9453631284916201,8461,0.010502793296089385,0.000223463687150838,pixel_reliability=0 AND MODLAND_QA(bits0-1)=0 AND VI range -2000..10000,MOD13Q1 V061 Terra 250m 16-day
SO1605,Qandala,SO16,Bari,2015-01-17,0.1809072523584905,0.1777,0.1240807783018867,0.1241,0.9474860335195532,8480,0.006145251396648,0.0002234636871508,pixel_reliability=0 AND MODLAND_QA(bits0-1)=0 AND VI range -2000..10000,MOD13Q1 V061 Terra 250m 16-day
SO1605,Qandala,SO16,Bari,2015-02-02,0.1774963037080635,0.1745,0.123051936433196,0.1234,0.9491620111731844,8495,0.0018994413407821,0.0015642458100558,pixel_reliability=0 AND MODLAND_QA(bits0-1)=0 AND VI range -2000..10000,MOD13Q1 V061 Terra 250m 16-day
SO1605,Qandala,SO16,Bari,2015-02-18,0.1724232105628909,0.1705,0.1209299861014593,0.1213,0.9646927374301676,8634,0.001340782122905,0.0,pixel_reliability=0 AND MODLAND_QA(bits0-1)=0 AND VI range -2000..10000,MOD13Q1 V061 Terra 250m 16-day
SO1605,Qandala,SO16,Bari,2015-03-06,0.1665381626261454,0.1653,0.119058833082009,0.1196,0.9632402234636872,8621,0.0045810055865921,0.0,pixel_reliability=0 AND MODLAND_QA(bits0-1)=0 AND VI range -2000..10000,MOD13Q1 V061 Terra 250m 16-day
SO1605,Qandala,SO16,Bari,2015-03-22,0.1766507315469341,0.1753,0.1364525891829689,0.1365,0.6796648044692738,6083,0.0070391061452513,0.000558659217877,pixel_reliability=0 AND MODLAND_QA(bits0-1)=0 AND VI range -2000..10000,MOD13Q1 V061 Terra 250m 16-day
SO1605,Qandala,SO16,Bari,2015-04-07,0.1638765218401487,0.1621,0.1196648234200743,0.1197,0.9617877094972068,8608,0.0064804469273743,0.0003351955307262,pixel_reliability=0 AND MODLAND_QA(bits0-1)=0 AND VI range -2000..10000,MOD13Q1 V061 Terra 250m 16-day
SO1605,Qandala,SO16,Bari,2015-04-23,0.1642224069767441,0.1623,0.1185744999999999,0.1181,0.9608938547486032,8600,0.0054748603351955,0.0001117318435754,pixel_reliability=0 AND MODLAND_QA(bits0-1)=0 AND VI range -2000..10000,MOD13Q1 V061 Terra 250m 16-day
SO1605,Qandala,SO16,Bari,2015-05-09,0.1714629352934088,0.1705,0.1292069405952524,0.1287,0.9272625698324022,8299,0.0054748603351955,0.0002234636871508,pixel_reliability=0 AND MODLAND_QA(bits0-1)=0 AND VI range -2000..10000,MOD13Q1 V061 Terra 250m 16-day
SO1605,Qandala,SO16,Bari,2015-05-25,0.1868781295137217,0.186,0.1313057775637939,0.1318,0.928268156424581,8308,0.0127374301675977,0.0012290502793296,pixel_reliability=0 AND MODLAND_QA(bits0-1)=0 AND VI range -2000..10000,MOD13Q1 V061 Terra 250m 16-day
SO1605,Qandala,SO16,Bari,2015-06-10,0.1732410004400763,0.1726,0.1247948804459439,0.1241,0.7616759776536313,6817,0.086145251396648,0.0042458100558659,pixel_reliability=0 AND MODLAND_QA(bits0-1)=0 AND VI range -2000..10000,MOD13Q1 V061 Terra 250m 16-day
SO1605,Qandala,SO16,Bari,2015-06-26,0.1756084316244307,0.1753,0.1243181244890809,0.1248,0.9567597765363128,8563,0.0101675977653631,0.0021229050279329,pixel_reliability=0 AND MODLAND_QA(bits0-1)=0 AND VI range -2000..10000,MOD13Q1 V061 Terra 250m 16-day
SO1605,Qandala,SO16,Bari,2015-07-12,0.1674330085690809,0.1678,0.120428935321047,0.1204,0.9518435754189944,8519,0.0108379888268156,0.0018994413407821,pixel_reliability=0 AND MODLAND_QA(bits0-1)=0 AND VI range -2000..10000,MOD13Q1 V061 Terra 250m 16-day
SO1605,Qandala,SO16,Bari,2015-07-28,0.1637280474903021,0.1635,0.1182789820148113,0.1183,0.9505027932960892,8507,0.0089385474860335,0.0020111731843575,pixel_reliability=0 AND MODLAND_QA(bits0-1)=0 AND VI range -2000..10000,MOD13Q1 V061 Terra 250m 16-day
SO1605,Qandala,SO16,Bari,2015-08-13,0.1623204202461109,0.1621,0.1176240538657998,0.1179,0.9624581005586592,8614,0.0090502793296089,0.0016759776536312,pixel_reliability=0 AND MODLAND_QA(bits0-1)=0 AND VI range -2000..10000,MOD13Q1 V061 Terra 250m 16-day
SO1605,Qandala,SO16,Bari,2015-08-29,0.16485489876658135,0.163,0.1203226437049104,0.1194,0.9602234636871508,8594,0.009162011173184357,0.002122905027932961,pixel_reliability=0 AND MODLAND_QA(bits0-1)=0 AND VI range -2000..10000,MOD13Q1 V061 Terra 250m 16-day
SO1605,Qandala,SO16,Bari,2015-09-14,0.1740994493263034,0.1715,0.1271992267135325,0.1254,0.9536312849162012,8535,0.0093854748603351,0.0016759776536312,pixel_reliability=0 AND MODLAND_QA(bits0-1)=0 AND VI range -2000..10000,MOD13Q1 V061 Terra 250m 16-day
SO1605,Qandala,SO16,Bari,2015-09-30,0.1769121777674093,0.1744,0.1303301061472063,0.1288,0.9578770949720672,8573,0.0025698324022346,0.0002234636871508,pixel_reliability=0 AND MODLAND_QA(bits0-1)=0 AND VI range -2000..10000,MOD13Q1 V061 Terra 250m 16-day
SO1605,Qandala,SO16,Bari,2015-10-16,0.1764223367697594,0.1738,0.1299696537139836,0.1296,0.8453631284916201,7566,0.0007821229050279,0.0,pixel_reliability=0 AND MODLAND_QA(bits0-1)=0 AND VI range -2000..10000,MOD13Q1 V061 Terra 250m 16-day
SO1605,Qandala,SO16,Bari,2015-11-01,0.1799971453590192,0.1784,0.1316251138353765,0.1316,0.6379888268156425,5710,0.1044692737430167,0.0001117318435754,pixel_reliability=0 AND MODLAND_QA(bits0-1)=0 AND VI range -2000..10000,MOD13Q1 V061 Terra 250m 16-day
SO1605,Qandala,SO16,Bari,2015-11-17,0.1967353641456582,0.1951,0.1371017740429505,0.13745,0.95731843575419,8568,0.0075977653631284,0.001340782122905,pixel_reliability=0 AND MODLAND_QA(bits0-1)=0 AND VI range -2000..10000,MOD13Q1 V061 Terra 250m 16-day
SO1605,Qandala,SO16,Bari,2015-12-03,0.1949095268956578,0.1937,0.138668282566429,0.138,0.8620111731843575,7715,0.0324022346368715,0.0010055865921787,pixel_reliability=0 AND MODLAND_QA(bits0-1)=0 AND VI range -2000..10000,MOD13Q1 V061 Terra 250m 16-day
SO1605,Qandala,SO16,Bari,2015-12-19,0.1923315099042372,0.1908,0.1313332677423586,0.1296,0.851731843575419,7623,0.0493854748603352,0.0006703910614525,pixel_reliability=0 AND MODLAND_QA(bits0-1)=0 AND VI range -2000..10000,MOD13Q1 V061 Terra 250m 16-day
SO1606,Qardho,SO16,Bari,2015-01-01,0.1501193042260098,0.1492,0.10991649778192857,0.10930000000000001,0.9810793476269012,21415,4.581271761040865e-05,0.0,pixel_reliability=0 AND MODLAND_QA(bits0-1)=0 AND VI range -2000..10000,MOD13Q1 V061 Terra 250m 16-day
SO1606,Qardho,SO16,Bari,2015-01-17,0.1475203627716124,0.1467,0.1043344353259349,0.1038,0.9824995418728238,21446,0.000229063588052,0.0,pixel_reliability=0 AND MODLAND_QA(bits0-1)=0 AND VI range -2000..10000,MOD13Q1 V061 Terra 250m 16-day
SO1606,Qardho,SO16,Bari,2015-02-02,0.1444202466976573,0.1437,0.1028821788558015,0.1025,0.9953729155213488,21727,0.0,0.0,pixel_reliability=0 AND MODLAND_QA(bits0-1)=0 AND VI range -2000..10000,MOD13Q1 V061 Terra 250m 16-day
SO1606,Qardho,SO16,Bari,2015-02-18,0.1416249424758398,0.1413,0.101592664519098,0.1011,0.99551035367418,21730,0.0,0.0,pixel_reliability=0 AND MODLAND_QA(bits0-1)=0 AND VI range -2000..10000,MOD13Q1 V061 Terra 250m 16-day
SO1606,Qardho,SO16,Bari,2015-03-06,0.1384762279249448,0.1382,0.1000959115158204,0.0995,0.9961517317207256,21744,0.0,0.0,pixel_reliability=0 AND MODLAND_QA(bits0-1)=0 AND VI range -2000..10000,MOD13Q1 V061 Terra 250m 16-day
SO1606,Qardho,SO16,Bari,2015-03-22,0.1467034378159757,0.1457,0.1059832760364004,0.1055,0.4530877771669415,9890,0.0029320139270661,0.0,pixel_reliability=0 AND MODLAND_QA(bits0-1)=0 AND VI range -2000..10000,MOD13Q1 V061 Terra 250m 16-day
SO1606,Qardho,SO16,Bari,2015-04-07,0.1379561557155303,0.1373,0.1007797010408547,0.0992,0.9991295583654022,21809,0.0,0.0,pixel_reliability=0 AND MODLAND_QA(bits0-1)=0 AND VI range -2000..10000,MOD13Q1 V061 Terra 250m 16-day
SO1606,Qardho,SO16,Bari,2015-04-23,0.1442469298040499,0.1418,0.102280353551887,0.101,0.979613340663368,21383,0.0005039398937144,0.0,pixel_reliability=0 AND MODLAND_QA(bits0-1)=0 AND VI range -2000..10000,MOD13Q1 V061 Terra 250m 16-day
SO1606,Qardho,SO16,Bari,2015-05-09,0.1409109024717378,0.1387,0.1045414638819697,0.1028,0.956386292834891,20876,0.0003665017408832,0.0,pixel_reliability=0 AND MODLAND_QA(bits0-1)=0 AND VI range -2000..10000,MOD13Q1 V061 Terra 250m 16-day
SO1606,Qardho,SO16,Bari,2015-05-25,0.1523090608249825,0.1502,0.1092928734560708,0.1081,0.9829118563313176,21455,0.0,0.0,pixel_reliability=0 AND MODLAND_QA(bits0-1)=0 AND VI range -2000..10000,MOD13Q1 V061 Terra 250m 16-day
SO1606,Qardho,SO16,Bari,2015-06-10,0.1467601573776598,0.1451,0.1065652977603948,0.105,0.9839197361187466,21477,0.0009162543522081,0.0,pixel_reliability=0 AND MODLAND_QA(bits0-1)=0 AND VI range -2000..10000,MOD13Q1 V061 Terra 250m 16-day
SO1606,Qardho,SO16,Bari,2015-06-26,0.142507380886808,0.1409,0.1032409942164692,0.1018,0.9980758658603628,21786,0.0,0.0,pixel_reliability=0 AND MODLAND_QA(bits0-1)=0 AND VI range -2000..10000,MOD13Q1 V061 Terra 250m 16-day
SO1606,Qardho,SO16,Bari,2015-07-12,0.1356408336173735,0.1342,0.0989941033257048,0.0972,0.9408557815649624,20537,0.0093916071101337,9.16254352208173e-05,pixel_reliability=0 AND MODLAND_QA(bits0-1)=0 AND VI range -2000..10000,MOD13Q1 V061 Terra 250m 16-day
SO1606,Qardho,SO16,Bari,2015-07-28,0.1337138486937943,0.1325,0.0990372487132174,0.0974,0.9434671064687558,20594,9.16254352208173e-05,0.0,pixel_reliability=0 AND MODLAND_QA(bits0-1)=0 AND VI range -2000..10000,MOD13Q1 V061 Terra 250m 16-day
SO1606,Qardho,SO16,Bari,2015-08-13,0.1327997982761782,0.132,0.0973589262791124,0.0958,0.9992669965182336,21812,0.0,0.0,pixel_reliability=0 AND MODLAND_QA(bits0-1)=0 AND VI range -2000..10000,MOD13Q1 V061 Terra 250m 16-day
SO1606,Qardho,SO16,Bari,2015-08-29,0.13209386419926164,0.1312,0.09749131267816254,0.09570000000000001,0.9803463441451347,21399,4.581271761040865e-05,0.0,pixel_reliability=0 AND MODLAND_QA(bits0-1)=0 AND VI range -2000..10000,MOD13Q1 V061 Terra 250m 16-day
SO1606,Qardho,SO16,Bari,2015-09-14,0.1374170601166013,0.1353,0.1006396349039472,0.0979,0.9586769287154114,20926,0.0,0.0,pixel_reliability=0 AND MODLAND_QA(bits0-1)=0 AND VI range -2000..10000,MOD13Q1 V061 Terra 250m 16-day
SO1606,Qardho,SO16,Bari,2015-09-30,0.1415822463591642,0.1397,0.1049981686230578,0.1031,0.9405809052593,20531,0.0003206890232728,0.0,pixel_reliability=0 AND MODLAND_QA(bits0-1)=0 AND VI range -2000..10000,MOD13Q1 V061 Terra 250m 16-day
SO1606,Qardho,SO16,Bari,2015-10-16,0.1429727674624226,0.1415,0.1043253825749846,0.1027,0.6735843870258383,14703,0.0001832508704416,0.0,pixel_reliability=0 AND MODLAND_QA(bits0-1)=0 AND VI range -2000..10000,MOD13Q1 V061 Terra 250m 16-day
SO1606,Qardho,SO16,Bari,2015-11-01,0.1405477735290489,0.1387,0.1000877389909954,0.0988,0.3714037016675829,8107,0.3989371449514385,0.0169048927982407,pixel_reliability=0 AND MODLAND_QA(bits0-1)=0 AND VI range -2000..10000,MOD13Q1 V061 Terra 250m 16-day
SO1606,Qardho,SO16,Bari,2015-11-17,0.1403737551340625,0.1391,0.1015539895703539,0.1,0.992715777899945,21669,0.0,0.0,pixel_reliability=0 AND MODLAND_QA(bits0-1)=0 AND VI range -2000..10000,MOD13Q1 V061 Terra 250m 16-day
SO1606,Qardho,SO16,Bari,2015-12-03,0.1390063397790055,0.1379,0.1014557965009208,0.0996,0.995052226498076,21720,0.0,0.0,pixel_reliability=0 AND MODLAND_QA(bits0-1)=0 AND VI range -2000..10000,MOD13Q1 V061 Terra 250m 16-day
SO1606,Qardho,SO16,Bari,2015-12-19,0.1360693978464809,0.1349,0.0976853505245159,0.096,0.9913413963716328,21639,0.0,0.0,pixel_reliability=0 AND MODLAND_QA(bits0-1)=0 AND VI range -2000..10000,MOD13Q1 V061 Terra 250m 16-day
SO1701,Garoowe,SO17,Nugaal,2015-01-01,0.15912524019215374,0.1567,0.120224579663731,0.1187,0.9885239414325286,9992,0.0,0.0,pixel_reliability=0 AND MODLAND_QA(bits0-1)=0 AND VI range -2000..10000,MOD13Q1 V061 Terra 250m 16-day
SO1701,Garoowe,SO17,Nugaal,2015-01-17,0.1548745607870695,0.1531,0.1149718602549944,0.1135,0.9854570637119112,9961,0.0,0.0,pixel_reliability=0 AND MODLAND_QA(bits0-1)=0 AND VI range -2000..10000,MOD13Q1 V061 Terra 250m 16-day
SO1701,Garoowe,SO17,Nugaal,2015-02-02,0.150534703196347,0.149,0.1128548044470915,0.1116,0.9966363276612584,10074,0.0,0.0,pixel_reliability=0 AND MODLAND_QA(bits0-1)=0 AND VI range -2000..10000,MOD13Q1 V061 Terra 250m 16-day
SO1701,Garoowe,SO17,Nugaal,2015-02-18,0.1476337797019734,0.1463,0.1109928312525171,0.1098,0.9825880490700436,9932,0.0,0.0,pixel_reliability=0 AND MODLAND_QA(bits0-1)=0 AND VI range -2000..10000,MOD13Q1 V061 Terra 250m 16-day
SO1701,Garoowe,SO17,Nugaal,2015-03-06,0.143928309006057,0.1427,0.1088403435607189,0.1077,0.9963395330431342,10071,0.0,0.0,pixel_reliability=0 AND MODLAND_QA(bits0-1)=0 AND VI range -2000..10000,MOD13Q1 V061 Terra 250m 16-day
SO1701,Garoowe,SO17,Nugaal,2015-03-22,0.1491296802951122,0.1479,0.1089053642791269,0.1083,0.6436485951721409,6506,0.0013850415512465,0.0,pixel_reliability=0 AND MODLAND_QA(bits0-1)=0 AND VI range -2000..10000,MOD13Q1 V061 Terra 250m 16-day
SO1701,Garoowe,SO17,Nugaal,2015-04-07,0.1416065466122774,0.1405,0.1082369018008158,0.1075,0.9943609022556392,10051,0.0,0.0,pixel_reliability=0 AND MODLAND_QA(bits0-1)=0 AND VI range -2000..10000,MOD13Q1 V061 Terra 250m 16-day
SO1701,Garoowe,SO17,Nugaal,2015-04-23,0.1535451243046884,0.149,0.1137842320354183,0.1101,0.8714879303521963,8809,0.0442223981005144,0.000395726157499,pixel_reliability=0 AND MODLAND_QA(bits0-1)=0 AND VI range -2000..10000,MOD13Q1 V061 Terra 250m 16-day
SO1701,Garoowe,SO17,Nugaal,2015-05-09,0.1556958051563821,0.1506,0.120253360101437,0.1168,0.9362880886426592,9464,0.0091017016224772,0.0,pixel_reliability=0 AND MODLAND_QA(bits0-1)=0 AND VI range -2000..10000,MOD13Q1 V061 Terra 250m 16-day
SO1701,Garoowe,SO17,Nugaal,2015-05-25,0.16236942,0.1583,0.1231643,0.1201,0.9893153937475268,10000,0.0005935892362485,0.0,pixel_reliability=0 AND MODLAND_QA(bits0-1)=0 AND VI range -2000..10000,MOD13Q1 V061 Terra 250m 16-day
SO1701,Garoowe,SO17,Nugaal,2015-06-10,0.1519926024955436,0.1506,0.1154920008912655,0.1142,0.88800949742778,8976,0.0025722200237435,0.0,pixel_reliability=0 AND MODLAND_QA(bits0-1)=0 AND VI range -2000..10000,MOD13Q1 V061 Terra 250m 16-day
SO1701,Garoowe,SO17,Nugaal,2015-06-26,0.1447565239143486,0.1438,0.1097480388232939,0.1089,0.9887218045112782,9994,0.000791452314998,0.0,pixel_reliability=0 AND MODLAND_QA(bits0-1)=0 AND VI range -2000..10000,MOD13Q1 V061 Terra 250m 16-day
SO1701,Garoowe,SO17,Nugaal,2015-07-12,0.1380482077542063,0.1378,0.105754781063852,0.1053,0.9466759002770084,9569,0.0108824693312227,0.0004946576968737,pixel_reliability=0 AND MODLAND_QA(bits0-1)=0 AND VI range -2000..10000,MOD13Q1 V061 Terra 250m 16-day
SO1701,Garoowe,SO17,Nugaal,2015-07-28,0.1353969616368286,0.1351,0.1053998465473145,0.1048,0.9670557973882072,9775,0.0014839730906212,0.0,pixel_reliability=0 AND MODLAND_QA(bits0-1)=0 AND VI range -2000..10000,MOD13Q1 V061 Terra 250m 16-day
SO1701,Garoowe,SO17,Nugaal,2015-08-13,0.1356402656661934,0.13585,0.1033229365240316,0.103,0.9756628413138108,9862,0.0001978630787495,0.0,pixel_reliability=0 AND MODLAND_QA(bits0-1)=0 AND VI range -2000..10000,MOD13Q1 V061 Terra 250m 16-day
SO1701,Garoowe,SO17,Nugaal,2015-08-29,0.1334742351046699,0.1337,0.10380693438003223,0.10310000000000001,0.9829837752275425,9936,0.0003957261574990107,0.0,pixel_reliability=0 AND MODLAND_QA(bits0-1)=0 AND VI range -2000..10000,MOD13Q1 V061 Terra 250m 16-day
SO1701,Garoowe,SO17,Nugaal,2015-09-14,0.1400442610966057,0.1387,0.1066778485639686,0.1051,0.9472694895132568,9575,0.000395726157499,0.0,pixel_reliability=0 AND MODLAND_QA(bits0-1)=0 AND VI range -2000..10000,MOD13Q1 V061 Terra 250m 16-day
SO1701,Garoowe,SO17,Nugaal,2015-09-30,0.1473468539201592,0.1441,0.1129970584982859,0.1104,0.8946379105658884,9043,0.003165809259992,0.0,pixel_reliability=0 AND MODLAND_QA(bits0-1)=0 AND VI range -2000..10000,MOD13Q1 V061 Terra 250m 16-day
SO1701,Garoowe,SO17,Nugaal,2015-10-16,0.1518379950771985,0.14695,0.1147418885656746,0.111,0.8842500989315394,8938,0.0063316185199841,0.0,pixel_reliability=0 AND MODLAND_QA(bits0-1)=0 AND VI range -2000..10000,MOD13Q1 V061 Terra 250m 16-day
SO1701,Garoowe,SO17,Nugaal,2015-11-01,0.1675710862619808,0.15795,0.1286726837060703,0.1233,0.4954491491887614,5008,0.2183419074000791,0.0069252077562326,pixel_reliability=0 AND MODLAND_QA(bits0-1)=0 AND VI range -2000..10000,MOD13Q1 V061 Terra 250m 16-day
SO1701,Garoowe,SO17,Nugaal,2015-11-17,0.165504833836858,0.1601,0.1242097583081571,0.1211,0.982390185991294,9930,0.000395726157499,0.0,pixel_reliability=0 AND MODLAND_QA(bits0-1)=0 AND VI range -2000..10000,MOD13Q1 V061 Terra 250m 16-day
SO1701,Garoowe,SO17,Nugaal,2015-12-03,0.1553567831193391,0.1526,0.1166717029959192,0.1153,0.99396517609814,10047,0.0002967946181242,0.0,pixel_reliability=0 AND MODLAND_QA(bits0-1)=0 AND VI range -2000..10000,MOD13Q1 V061 Terra 250m 16-day
SO1701,Garoowe,SO17,Nugaal,2015-12-19,0.1475082051282051,0.1452,0.1110306686777275,0.1105,0.9838741590819152,9945,0.0,0.0,pixel_reliability=0 AND MODLAND_QA(bits0-1)=0 AND VI range -2000..10000,MOD13Q1 V061 Terra 250m 16-day
SO1702,Burtinle,SO17,Nugaal,2015-01-01,0.18886891519088725,0.19,0.12175745305686571,0.12190000000000001,0.9904803878360511,11237,0.0,0.0,pixel_reliability=0 AND MODLAND_QA(bits0-1)=0 AND VI range -2000..10000,MOD13Q1 V061 Terra 250m 16-day
SO1702,Burtinle,SO17,Nugaal,2015-01-17,0.1821242704626334,0.1833,0.115959946619217,0.1164,0.990744821507272,11240,0.0,0.0,pixel_reliability=0 AND MODLAND_QA(bits0-1)=0 AND VI range -2000..10000,MOD13Q1 V061 Terra 250m 16-day
SO1702,Burtinle,SO17,Nugaal,2015-02-02,0.1757877637503311,0.1772,0.1129710779553279,0.1133,0.9984133979726753,11327,0.0,0.0,pixel_reliability=0 AND MODLAND_QA(bits0-1)=0 AND VI range -2000..10000,MOD13Q1 V061 Terra 250m 16-day
SO1702,Burtinle,SO17,Nugaal,2015-02-18,0.1729105719851248,0.1742,0.1113482202939614,0.1118,0.9955046275892464,11294,0.0,0.0,pixel_reliability=0 AND MODLAND_QA(bits0-1)=0 AND VI range -2000..10000,MOD13Q1 V061 Terra 250m 16-day
SO1702,Burtinle,SO17,Nugaal,2015-03-06,0.1680741400931565,0.1695,0.1102976173414546,0.111,0.9840458351696784,11164,0.0,0.0,pixel_reliability=0 AND MODLAND_QA(bits0-1)=0 AND VI range -2000..10000,MOD13Q1 V061 Terra 250m 16-day
SO1702,Burtinle,SO17,Nugaal,2015-03-22,0.1842565983696849,0.1854,0.1139034478960123,0.1125,0.8001762891141472,9078,0.0011458792419568,0.0,pixel_reliability=0 AND MODLAND_QA(bits0-1)=0 AND VI range -2000..10000,MOD13Q1 V061 Terra 250m 16-day
SO1702,Burtinle,SO17,Nugaal,2015-04-07,0.1791235534934498,0.1775,0.1154027656477438,0.1144,0.968884971353019,10992,0.0014984574702512,0.0,pixel_reliability=0 AND MODLAND_QA(bits0-1)=0 AND VI range -2000..10000,MOD13Q1 V061 Terra 250m 16-day
SO1702,Burtinle,SO17,Nugaal,2015-04-23,0.2171376165803109,0.21325,0.136960725388601,0.13335,0.1701189951520493,1930,0.4646099603349493,0.0327897752313794,pixel_reliability=0 AND MODLAND_QA(bits0-1)=0 AND VI range -2000..10000,MOD13Q1 V061 Terra 250m 16-day
SO1702,Burtinle,SO17,Nugaal,2015-05-09,0.2270898755186722,0.2299,0.1538557676348547,0.1552,0.6372851476421331,7230,0.180784486557955,0.0,pixel_reliability=0 AND MODLAND_QA(bits0-1)=0 AND VI range -2000..10000,MOD13Q1 V061 Terra 250m 16-day
SO1702,Burtinle,SO17,Nugaal,2015-05-25,0.2275642326621924,0.227,0.1509201342281879,0.15,0.985015425297488,11175,0.0,0.0,pixel_reliability=0 AND MODLAND_QA(bits0-1)=0 AND VI range -2000..10000,MOD13Q1 V061 Terra 250m 16-day
SO1702,Burtinle,SO17,Nugaal,2015-06-10,0.1966418288726683,0.1963,0.1295657339821573,0.129,0.8694579109739974,9864,0.0082855883649184,0.0,pixel_reliability=0 AND MODLAND_QA(bits0-1)=0 AND VI range -2000..10000,MOD13Q1 V061 Terra 250m 16-day
SO1702,Burtinle,SO17,Nugaal,2015-06-26,0.1848740325593808,0.1844,0.1202324170447469,0.1196,0.9908329660643456,11241,0.001762891141472,0.0,pixel_reliability=0 AND MODLAND_QA(bits0-1)=0 AND VI range -2000..10000,MOD13Q1 V061 Terra 250m 16-day
SO1702,Burtinle,SO17,Nugaal,2015-07-12,0.1713507437854766,0.1717,0.1112043844196516,0.111,0.900661084178052,10218,0.0256500661084178,0.0,pixel_reliability=0 AND MODLAND_QA(bits0-1)=0 AND VI range -2000..10000,MOD13Q1 V061 Terra 250m 16-day
SO1702,Burtinle,SO17,Nugaal,2015-07-28,0.1673564911318339,0.1683,0.1137419363686231,0.1141,0.9641251652710444,10938,0.0014103129131776,0.0,pixel_reliability=0 AND MODLAND_QA(bits0-1)=0 AND VI range -2000..10000,MOD13Q1 V061 Terra 250m 16-day
SO1702,Burtinle,SO17,Nugaal,2015-08-13,0.1621873075478783,0.1628,0.107249173864063,0.1077,0.9389158219479948,10652,0.0121639488761568,0.0,pixel_reliability=0 AND MODLAND_QA(bits0-1)=0 AND VI range -2000..10000,MOD13Q1 V061 Terra 250m 16-day
SO1702,Burtinle,SO17,Nugaal,2015-08-29,0.16032390165255944,0.16190000000000002,0.10767957476823863,0.10890000000000001,0.8747465843984134,9924,0.007933010136624064,0.0,pixel_reliability=0 AND MODLAND_QA(bits0-1)=0 AND VI range -2000..10000,MOD13Q1 V061 Terra 250m 16-day
SO1702,Burtinle,SO17,Nugaal,2015-09-14,0.1670499163568773,0.1662,0.1097861338289962,0.108,0.9484354341119436,10760,0.000440722785368,0.0,pixel_reliability=0 AND MODLAND_QA(bits0-1)=0 AND VI range -2000..10000,MOD13Q1 V061 Terra 250m 16-day
SO1702,Burtinle,SO17,Nugaal,2015-09-30,0.180647655046899,0.1797,0.1186328013439731,0.1165,0.6296165711767299,7143,0.0510356985456148,8.814455707360071e-05,pixel_reliability=0 AND MODLAND_QA(bits0-1)=0 AND VI range -2000..10000,MOD13Q1 V061 Terra 250m 16-day
SO1702,Burtinle,SO17,Nugaal,2015-10-16,0.2150470350131552,0.2145,0.1393291236591783,0.1379,0.435522256500661,4941,0.2431908329660643,0.009255178492728,pixel_reliability=0 AND MODLAND_QA(bits0-1)=0 AND VI range -2000..10000,MOD13Q1 V061 Terra 250m 16-day
SO1702,Burtinle,SO17,Nugaal,2015-11-01,0.2647763353524229,0.2621,0.1808236508810572,0.1789,0.6402820625826355,7264,0.0479506390480387,0.000440722785368,pixel_reliability=0 AND MODLAND_QA(bits0-1)=0 AND VI range -2000..10000,MOD13Q1 V061 Terra 250m 16-day
SO1702,Burtinle,SO17,Nugaal,2015-11-17,0.2547567611777536,0.2534,0.1667012995274445,0.1656,0.969942706037902,11004,0.0002644336712208,0.0,pixel_reliability=0 AND MODLAND_QA(bits0-1)=0 AND VI range -2000..10000,MOD13Q1 V061 Terra 250m 16-day
SO1702,Burtinle,SO17,Nugaal,2015-12-03,0.2228764079822616,0.2207,0.1442890731707317,0.1429,0.993829881004848,11275,0.0,0.0,pixel_reliability=0 AND MODLAND_QA(bits0-1)=0 AND VI range -2000..10000,MOD13Q1 V061 Terra 250m 16-day
SO1702,Burtinle,SO17,Nugaal,2015-12-19,0.2033399533129826,0.20315,0.1313564104866224,0.1309,0.9817540766857646,11138,0.0001762891141472,0.0,pixel_reliability=0 AND MODLAND_QA(bits0-1)=0 AND VI range -2000..10000,MOD13Q1 V061 Terra 250m 16-day
SO1703,Eyl,SO17,Nugaal,2015-01-01,0.17212071767095466,0.1729,0.1227084534287649,0.1245,0.9312736443883984,10339,0.018375067555395426,0.004954062331111512,pixel_reliability=0 AND MODLAND_QA(bits0-1)=0 AND VI range -2000..10000,MOD13Q1 V061 Terra 250m 16-day
SO1703,Eyl,SO17,Nugaal,2015-01-17,0.1683068565400844,0.1683,0.1136126977848101,0.1152,0.6831201585299946,7584,0.1762745451270041,0.008016573590344,pixel_reliability=0 AND MODLAND_QA(bits0-1)=0 AND VI range -2000..10000,MOD13Q1 V061 Terra 250m 16-day
SO1703,Eyl,SO17,Nugaal,2015-02-02,0.1629700077175381,0.1638,0.1144750048234613,0.1163,0.9337056386236714,10366,0.0182849936948297,0.0051342100522428,pixel_reliability=0 AND MODLAND_QA(bits0-1)=0 AND VI range -2000..10000,MOD13Q1 V061 Terra 250m 16-day
SO1703,Eyl,SO17,Nugaal,2015-02-18,0.158588068474786,0.1595,0.1104847169227596,0.1124,0.8734462259052423,9697,0.0298144478472347,0.008016573590344,pixel_reliability=0 AND MODLAND_QA(bits0-1)=0 AND VI range -2000..10000,MOD13Q1 V061 Terra 250m 16-day
SO1703,Eyl,SO17,Nugaal,2015-03-06,0.1552654418011894,0.1566,0.1102187128292268,0.1118,0.8481354710862907,9416,0.0235092776076382,0.0054044316339398,pixel_reliability=0 AND MODLAND_QA(bits0-1)=0 AND VI range -2000..10000,MOD13Q1 V061 Terra 250m 16-day
SO1703,Eyl,SO17,Nugaal,2015-03-22,0.1661070126227209,0.1661,0.1220989013557737,0.1215,0.3853359754999099,4278,0.2433795712484237,0.0024319942352729,pixel_reliability=0 AND MODLAND_QA(bits0-1)=0 AND VI range -2000..10000,MOD13Q1 V061 Terra 250m 16-day
SO1703,Eyl,SO17,Nugaal,2015-04-07,0.1602931809376211,0.1605,0.11347793490895,0.1133,0.9299225364799136,10324,0.0166636642046478,0.0043235453071518,pixel_reliability=0 AND MODLAND_QA(bits0-1)=0 AND VI range -2000..10000,MOD13Q1 V061 Terra 250m 16-day
SO1703,Eyl,SO17,Nugaal,2015-04-23,0.1776261518987341,0.172,0.1232863670886075,0.1178,0.7115834984687444,7900,0.1333093136371824,0.0040533237254548,pixel_reliability=0 AND MODLAND_QA(bits0-1)=0 AND VI range -2000..10000,MOD13Q1 V061 Terra 250m 16-day
SO1703,Eyl,SO17,Nugaal,2015-05-09,0.195829698306104,0.1944,0.1423495239049814,0.1436,0.8986669068636282,9977,0.0178346243920014,0.0090073860565663,pixel_reliability=0 AND MODLAND_QA(bits0-1)=0 AND VI range -2000..10000,MOD13Q1 V061 Terra 250m 16-day
SO1703,Eyl,SO17,Nugaal,2015-05-25,0.1984906629675691,0.1992,0.1410458241653114,0.143,0.941542064492884,10453,0.0065753918212934,0.0010808863267879,pixel_reliability=0 AND MODLAND_QA(bits0-1)=0 AND VI range -2000..10000,MOD13Q1 V061 Terra 250m 16-day
SO1703,Eyl,SO17,Nugaal,2015-06-10,0.1801269828850855,0.1814,0.1281236968215159,0.1296,0.9210052242839128,10225,0.0208070617906683,0.008016573590344,pixel_reliability=0 AND MODLAND_QA(bits0-1)=0 AND VI range -2000..10000,MOD13Q1 V061 Terra 250m 16-day
SO1703,Eyl,SO17,Nugaal,2015-06-26,0.1681659491006506,0.1693,0.1193274684270953,0.1209,0.9414519906323184,10452,0.0145018915510718,0.0053143577733741,pixel_reliability=0 AND MODLAND_QA(bits0-1)=0 AND VI range -2000..10000,MOD13Q1 V061 Terra 250m 16-day
SO1703,Eyl,SO17,Nugaal,2015-07-12,0.1581199782091917,0.1594,0.1128536251980982,0.1145,0.909385696270942,10096,0.0226085390019816,0.0083768690326067,pixel_reliability=0 AND MODLAND_QA(bits0-1)=0 AND VI range -2000..10000,MOD13Q1 V061 Terra 250m 16-day
SO1703,Eyl,SO17,Nugaal,2015-07-28,0.1551250293772033,0.1568,0.1144888170779475,0.1163,0.9198342640965592,10212,0.0164835164835164,0.0091875337776977,pixel_reliability=0 AND MODLAND_QA(bits0-1)=0 AND VI range -2000..10000,MOD13Q1 V061 Terra 250m 16-day
SO1703,Eyl,SO17,Nugaal,2015-08-13,0.1524329257726003,0.1547,0.1108143352267257,0.1125,0.9355971896955504,10387,0.0149522608539001,0.0081066474509097,pixel_reliability=0 AND MODLAND_QA(bits0-1)=0 AND VI range -2000..10000,MOD13Q1 V061 Terra 250m 16-day
SO1703,Eyl,SO17,Nugaal,2015-08-29,0.15123048334296166,0.15330000000000002,0.10992065280184864,0.11170000000000001,0.9355071158349847,10386,0.013060709782021257,0.007386056566384435,pixel_reliability=0 AND MODLAND_QA(bits0-1)=0 AND VI range -2000..10000,MOD13Q1 V061 Terra 250m 16-day
SO1703,Eyl,SO17,Nugaal,2015-09-14,0.1607000901352028,0.1604,0.1150481321982974,0.1146,0.8993874977481535,9985,0.0145018915510718,0.0078364258692127,pixel_reliability=0 AND MODLAND_QA(bits0-1)=0 AND VI range -2000..10000,MOD13Q1 V061 Terra 250m 16-day
SO1703,Eyl,SO17,Nugaal,2015-09-30,0.168375862607338,0.1666,0.1239309914129586,0.123,0.5769230769230769,6405,0.0271122320302648,0.0072959827058187,pixel_reliability=0 AND MODLAND_QA(bits0-1)=0 AND VI range -2000..10000,MOD13Q1 V061 Terra 250m 16-day
SO1703,Eyl,SO17,Nugaal,2015-10-16,0.1789197841171935,0.177,0.1298142636854279,0.131,0.5841289857683301,6485,0.1635741307872455,0.0063952441001621,pixel_reliability=0 AND MODLAND_QA(bits0-1)=0 AND VI range -2000..10000,MOD13Q1 V061 Terra 250m 16-day
SO1703,Eyl,SO17,Nugaal,2015-11-01,0.1976111111111111,0.19955,0.1453407668231612,0.14435,0.1151143938029184,1278,0.4860385516123221,0.0655737704918032,pixel_reliability=0 AND MODLAND_QA(bits0-1)=0 AND VI range -2000..10000,MOD13Q1 V061 Terra 250m 16-day
SO1703,Eyl,SO17,Nugaal,2015-11-17,0.1912531905781584,0.1931,0.1357744325481799,0.1345,0.8412898576833003,9340,0.0145018915510718,0.0044136191677175,pixel_reliability=0 AND MODLAND_QA(bits0-1)=0 AND VI range -2000..10000,MOD13Q1 V061 Terra 250m 16-day
SO1703,Eyl,SO17,Nugaal,2015-12-03,0.1798270153550863,0.1808,0.1260769385796545,0.1251,0.9385696270942172,10420,0.0173842550891731,0.0060349486578994,pixel_reliability=0 AND MODLAND_QA(bits0-1)=0 AND VI range -2000..10000,MOD13Q1 V061 Terra 250m 16-day
SO1703,Eyl,SO17,Nugaal,2015-12-19,0.1711223619126133,0.1735,0.1194458264633141,0.1207,0.8740767429292019,9704,0.0376508737164474,0.0084669428931724,pixel_reliability=0 AND MODLAND_QA(bits0-1)=0 AND VI range -2000..10000,MOD13Q1 V061 Terra 250m 16-day
SO1801,Gaalkacyo,SO18,Mudug,2015-01-01,0.17939827466016034,0.1811,0.11758881724177996,0.1169,0.9743589743589743,17214,0.00011320541121865625,0.0,pixel_reliability=0 AND MODLAND_QA(bits0-1)=0 AND VI range -2000..10000,MOD13Q1 V061 Terra 250m 16-day
SO1801,Gaalkacyo,SO18,Mudug,2015-01-17,0.1749756263585402,0.1771,0.1141188994394234,0.1137,0.9895284994622744,17482,0.0006792324673119,0.0,pixel_reliability=0 AND MODLAND_QA(bits0-1)=0 AND VI range -2000..10000,MOD13Q1 V061 Terra 250m 16-day
SO1801,Gaalkacyo,SO18,Mudug,2015-02-02,0.1703878497619876,0.1728,0.1117025078369906,0.1114,0.9750382068262864,17226,0.0014150676402332,0.0,pixel_reliability=0 AND MODLAND_QA(bits0-1)=0 AND VI range -2000..10000,MOD13Q1 V061 Terra 250m 16-day
SO1801,Gaalkacyo,SO18,Mudug,2015-02-18,0.169843714022565,0.1725,0.1117663078517154,0.1116,0.9833022018452482,17372,0.0011886568177958,0.0,pixel_reliability=0 AND MODLAND_QA(bits0-1)=0 AND VI range -2000..10000,MOD13Q1 V061 Terra 250m 16-day
SO1801,Gaalkacyo,SO18,Mudug,2015-03-06,0.1676749075367798,0.1695,0.1100710117531026,0.1105,0.6886851191486953,12167,0.0045282164487462,0.0,pixel_reliability=0 AND MODLAND_QA(bits0-1)=0 AND VI range -2000..10000,MOD13Q1 V061 Terra 250m 16-day
SO1801,Gaalkacyo,SO18,Mudug,2015-03-22,0.1827405535130719,0.1821,0.1221887765522875,0.1183,0.5542536933265411,9792,0.1366955340465274,0.0,pixel_reliability=0 AND MODLAND_QA(bits0-1)=0 AND VI range -2000..10000,MOD13Q1 V061 Terra 250m 16-day
SO1801,Gaalkacyo,SO18,Mudug,2015-04-07,0.1820886965291201,0.1778,0.1202363812085049,0.1162,0.6735155940453954,11899,0.1292805796117054,0.0006792324673119,pixel_reliability=0 AND MODLAND_QA(bits0-1)=0 AND VI range -2000..10000,MOD13Q1 V061 Terra 250m 16-day
SO1801,Gaalkacyo,SO18,Mudug,2015-04-23,0.2336624697336562,0.2353,0.1519037933817595,0.1529,0.0701307522499575,1239,0.5072734476707986,0.0646402898058527,pixel_reliability=0 AND MODLAND_QA(bits0-1)=0 AND VI range -2000..10000,MOD13Q1 V061 Terra 250m 16-day
SO1801,Gaalkacyo,SO18,Mudug,2015-05-09,0.2366442626222311,0.2389,0.1601337058471363,0.1608,0.8509084734250297,15033,0.0216222335427633,0.0001132054112186,pixel_reliability=0 AND MODLAND_QA(bits0-1)=0 AND VI range -2000..10000,MOD13Q1 V061 Terra 250m 16-day
SO1801,Gaalkacyo,SO18,Mudug,2015-05-25,0.2163429056625871,0.2134,0.1455688821221526,0.1435,0.9666044036904964,17077,0.0014716703458425,0.0,pixel_reliability=0 AND MODLAND_QA(bits0-1)=0 AND VI range -2000..10000,MOD13Q1 V061 Terra 250m 16-day
SO1801,Gaalkacyo,SO18,Mudug,2015-06-10,0.1897032567247243,0.1894,0.127646243429867,0.126,0.5492160525273108,9703,0.1515820456217807,0.0,pixel_reliability=0 AND MODLAND_QA(bits0-1)=0 AND VI range -2000..10000,MOD13Q1 V061 Terra 250m 16-day
SO1801,Gaalkacyo,SO18,Mudug,2015-06-26,0.1817115246027527,0.1817,0.1203196585740445,0.1192,0.958227203260316,16929,0.0073583517292126,0.0,pixel_reliability=0 AND MODLAND_QA(bits0-1)=0 AND VI range -2000..10000,MOD13Q1 V061 Terra 250m 16-day
SO1801,Gaalkacyo,SO18,Mudug,2015-07-12,0.1677970316934721,0.171,0.1138645695364238,0.1132,0.4786324786324786,8456,0.242202977302315,0.0002830135280466,pixel_reliability=0 AND MODLAND_QA(bits0-1)=0 AND VI range -2000..10000,MOD13Q1 V061 Terra 250m 16-day
SO1801,Gaalkacyo,SO18,Mudug,2015-07-28,0.1694997481758894,0.1707,0.1157578872602828,0.1151,0.8766061017716646,15487,0.0046414218599649,0.0,pixel_reliability=0 AND MODLAND_QA(bits0-1)=0 AND VI range -2000..10000,MOD13Q1 V061 Terra 250m 16-day
SO1801,Gaalkacyo,SO18,Mudug,2015-08-13,0.1698333253664755,0.1704,0.1106172323135755,0.1101,0.7104771608082866,12552,0.0309050772626931,0.0,pixel_reliability=0 AND MODLAND_QA(bits0-1)=0 AND VI range -2000..10000,MOD13Q1 V061 Terra 250m 16-day
SO1801,Gaalkacyo,SO18,Mudug,2015-08-29,0.16514938578329885,0.16640000000000002,0.11131705314009663,0.11080000000000001,0.8201732042791645,14490,0.005999886794588781,0.0,pixel_reliability=0 AND MODLAND_QA(bits0-1)=0 AND VI range -2000..10000,MOD13Q1 V061 Terra 250m 16-day
SO1801,Gaalkacyo,SO18,Mudug,2015-09-14,0.1670558622344894,0.1685,0.1110627925117004,0.1105,0.9433406916850624,16666,0.0015848757570611,0.0,pixel_reliability=0 AND MODLAND_QA(bits0-1)=0 AND VI range -2000..10000,MOD13Q1 V061 Terra 250m 16-day
SO1801,Gaalkacyo,SO18,Mudug,2015-09-30,0.1724219779241588,0.1718,0.1133787520028484,0.1105,0.6358747948151922,11234,0.1192619007188543,5.6602705609328126e-05,pixel_reliability=0 AND MODLAND_QA(bits0-1)=0 AND VI range -2000..10000,MOD13Q1 V061 Terra 250m 16-day
SO1801,Gaalkacyo,SO18,Mudug,2015-10-16,0.222539886039886,0.2228,0.1450943019943019,0.1452,0.0397350993377483,702,0.6366106299881135,0.0716024225958,pixel_reliability=0 AND MODLAND_QA(bits0-1)=0 AND VI range -2000..10000,MOD13Q1 V061 Terra 250m 16-day
SO1801,Gaalkacyo,SO18,Mudug,2015-11-01,0.2792103672532517,0.2789,0.1930420524100994,0.1928,0.5918378898511348,10456,0.1823173147676459,0.0002830135280466,pixel_reliability=0 AND MODLAND_QA(bits0-1)=0 AND VI range -2000..10000,MOD13Q1 V061 Terra 250m 16-day
SO1801,Gaalkacyo,SO18,Mudug,2015-11-17,0.2569962888470771,0.2607,0.1715773048725102,0.1725,0.8724175015565744,15413,0.0106413086545536,0.0,pixel_reliability=0 AND MODLAND_QA(bits0-1)=0 AND VI range -2000..10000,MOD13Q1 V061 Terra 250m 16-day
SO1801,Gaalkacyo,SO18,Mudug,2015-12-03,0.2255713395638629,0.2252,0.1493392229471581,0.1489,0.9629818305314994,17013,0.0054338597384955,0.0,pixel_reliability=0 AND MODLAND_QA(bits0-1)=0 AND VI range -2000..10000,MOD13Q1 V061 Terra 250m 16-day
SO1801,Gaalkacyo,SO18,Mudug,2015-12-19,0.2050051342439943,0.2053,0.135245990343853,0.1347,0.9613403520688288,16984,0.0038489839814343,0.0,pixel_reliability=0 AND MODLAND_QA(bits0-1)=0 AND VI range -2000..10000,MOD13Q1 V061 Terra 250m 16-day
SO1802,Galdogob,SO18,Mudug,2015-01-01,0.18562219020172913,0.18860000000000002,0.11996216550020584,0.1203,0.9822078447230085,2429,0.0,0.0,pixel_reliability=0 AND MODLAND_QA(bits0-1)=0 AND VI range -2000..10000,MOD13Q1 V061 Terra 250m 16-day
SO1802,Galdogob,SO18,Mudug,2015-01-17,0.1803961427985227,0.1829,0.1161145670906853,0.1165,0.9854427820460978,2437,0.0,0.0,pixel_reliability=0 AND MODLAND_QA(bits0-1)=0 AND VI range -2000..10000,MOD13Q1 V061 Terra 250m 16-day
SO1802,Galdogob,SO18,Mudug,2015-02-02,0.174270947886746,0.1756,0.1128571604431678,0.1132,0.9854427820460978,2437,0.0,0.0,pixel_reliability=0 AND MODLAND_QA(bits0-1)=0 AND VI range -2000..10000,MOD13Q1 V061 Terra 250m 16-day
SO1802,Galdogob,SO18,Mudug,2015-02-18,0.172879909427748,0.1735,0.1124682585426101,0.1127,0.9822078447230084,2429,0.0,0.0,pixel_reliability=0 AND MODLAND_QA(bits0-1)=0 AND VI range -2000..10000,MOD13Q1 V061 Terra 250m 16-day
SO1802,Galdogob,SO18,Mudug,2015-03-06,0.1702069400630915,0.17125,0.1083388012618296,0.1072,0.2563687828548321,634,0.0,0.0,pixel_reliability=0 AND MODLAND_QA(bits0-1)=0 AND VI range -2000..10000,MOD13Q1 V061 Terra 250m 16-day
SO1802,Galdogob,SO18,Mudug,2015-03-22,0.2057742158092848,0.2084,0.1363042659974906,0.1365,0.644561261625556,1594,0.0533764658309745,0.0,pixel_reliability=0 AND MODLAND_QA(bits0-1)=0 AND VI range -2000..10000,MOD13Q1 V061 Terra 250m 16-day
SO1802,Galdogob,SO18,Mudug,2015-04-07,0.2083450753186558,0.2114,0.1383950173812282,0.1375,0.3489688637282652,863,0.2280630812778002,0.0004043671653861,pixel_reliability=0 AND MODLAND_QA(bits0-1)=0 AND VI range -2000..10000,MOD13Q1 V061 Terra 250m 16-day
SO1802,Galdogob,SO18,Mudug,2015-04-23,0.2413,0.2347,0.1575,0.1583,0.0254751314193287,63,0.5107157298827335,0.1241407197735543,pixel_reliability=0 AND MODLAND_QA(bits0-1)=0 AND VI range -2000..10000,MOD13Q1 V061 Terra 250m 16-day
SO1802,Galdogob,SO18,Mudug,2015-05-09,0.2408899068322981,0.244,0.1594130952380952,0.16,0.7812373635260816,1932,0.021431459765467,0.0064698746461787,pixel_reliability=0 AND MODLAND_QA(bits0-1)=0 AND VI range -2000..10000,MOD13Q1 V061 Terra 250m 16-day
SO1802,Galdogob,SO18,Mudug,2015-05-25,0.2210708280254777,0.2188,0.1472898089171974,0.1452,0.952284674484432,2355,0.0032349373230893,0.0,pixel_reliability=0 AND MODLAND_QA(bits0-1)=0 AND VI range -2000..10000,MOD13Q1 V061 Terra 250m 16-day
SO1802,Galdogob,SO18,Mudug,2015-06-10,0.1862567928730512,0.1859,0.1249292501855976,0.1231,0.5446825717751719,1347,0.1504245855236554,0.0,pixel_reliability=0 AND MODLAND_QA(bits0-1)=0 AND VI range -2000..10000,MOD13Q1 V061 Terra 250m 16-day
SO1802,Galdogob,SO18,Mudug,2015-06-26,0.1871247572815534,0.1868,0.1221239805825242,0.1206,0.8329963606955115,2060,0.0303275374039628,0.0,pixel_reliability=0 AND MODLAND_QA(bits0-1)=0 AND VI range -2000..10000,MOD13Q1 V061 Terra 250m 16-day
SO1802,Galdogob,SO18,Mudug,2015-07-12,0.1674503362151777,0.1688,0.1128042267050912,0.1124,0.4209462191670036,1041,0.187221997573797,0.0,pixel_reliability=0 AND MODLAND_QA(bits0-1)=0 AND VI range -2000..10000,MOD13Q1 V061 Terra 250m 16-day
SO1802,Galdogob,SO18,Mudug,2015-07-28,0.1730777256129368,0.1738,0.1168536776212832,0.117,0.7751718560452892,1917,0.0169834209462191,0.0,pixel_reliability=0 AND MODLAND_QA(bits0-1)=0 AND VI range -2000..10000,MOD13Q1 V061 Terra 250m 16-day
SO1802,Galdogob,SO18,Mudug,2015-08-13,0.178626,0.1807,0.1122830833333333,0.1121,0.4852405984634048,1200,0.0141528507885159,0.0,pixel_reliability=0 AND MODLAND_QA(bits0-1)=0 AND VI range -2000..10000,MOD13Q1 V061 Terra 250m 16-day
SO1802,Galdogob,SO18,Mudug,2015-08-29,0.16853923227065712,0.169,0.1117626545217957,0.11220000000000001,0.6215123331985443,1537,0.020622725434694702,0.0,pixel_reliability=0 AND MODLAND_QA(bits0-1)=0 AND VI range -2000..10000,MOD13Q1 V061 Terra 250m 16-day
SO1802,Galdogob,SO18,Mudug,2015-09-14,0.1697661469933185,0.1696,0.1102769265033407,0.1097,0.9078042862919532,2245,0.0020218358269308,0.0,pixel_reliability=0 AND MODLAND_QA(bits0-1)=0 AND VI range -2000..10000,MOD13Q1 V061 Terra 250m 16-day
SO1802,Galdogob,SO18,Mudug,2015-09-30,0.1709289864428663,0.1709,0.1084178179470626,0.108,0.6263647391831784,1549,0.1027092600080873,0.0,pixel_reliability=0 AND MODLAND_QA(bits0-1)=0 AND VI range -2000..10000,MOD13Q1 V061 Terra 250m 16-day
SO1802,Galdogob,SO18,Mudug,2015-10-16,0.1868625,0.18875,0.1303541666666667,0.1296999999999999,0.009704811969268,24,0.5224423776789324,0.1661949049737161,pixel_reliability=0 AND MODLAND_QA(bits0-1)=0 AND VI range -2000..10000,MOD13Q1 V061 Terra 250m 16-day
SO1802,Galdogob,SO18,Mudug,2015-11-01,0.2993103383458647,0.3024,0.2029231203007518,0.2037,0.4302466639708855,1064,0.4965628790942175,0.0,pixel_reliability=0 AND MODLAND_QA(bits0-1)=0 AND VI range -2000..10000,MOD13Q1 V061 Terra 250m 16-day
SO1802,Galdogob,SO18,Mudug,2015-11-17,0.259338389261745,0.26425,0.1738179194630872,0.1757,0.6025070764253943,1490,0.0768297614233724,0.0,pixel_reliability=0 AND MODLAND_QA(bits0-1)=0 AND VI range -2000..10000,MOD13Q1 V061 Terra 250m 16-day
SO1802,Galdogob,SO18,Mudug,2015-12-03,0.2308878453038674,0.2324,0.1499484806629834,0.1494,0.8782854832187627,2172,0.021431459765467,0.0,pixel_reliability=0 AND MODLAND_QA(bits0-1)=0 AND VI range -2000..10000,MOD13Q1 V061 Terra 250m 16-day
SO1802,Galdogob,SO18,Mudug,2015-12-19,0.2082722571942446,0.21055,0.1340580485611511,0.13335,0.8993125758188435,2224,0.0157703194500606,0.0,pixel_reliability=0 AND MODLAND_QA(bits0-1)=0 AND VI range -2000..10000,MOD13Q1 V061 Terra 250m 16-day
SO1803,Hobyo,SO18,Mudug,2015-01-01,0.17642595452428994,0.1693,0.12447975322054944,0.12250000000000001,0.8595250800426895,25772,0.03808697972251868,0.009871931696905017,pixel_reliability=0 AND MODLAND_QA(bits0-1)=0 AND VI range -2000..10000,MOD13Q1 V061 Terra 250m 16-day
SO1803,Hobyo,SO18,Mudug,2015-01-17,0.1674086875219136,0.1629,0.1168472554443102,0.1155,0.8560899146211313,25669,0.0447905549626467,0.0090715048025613,pixel_reliability=0 AND MODLAND_QA(bits0-1)=0 AND VI range -2000..10000,MOD13Q1 V061 Terra 250m 16-day
SO1803,Hobyo,SO18,Mudug,2015-02-02,0.1573377878996218,0.1562,0.1109665305947061,0.1105,0.7761472785485592,23272,0.0531283351120597,0.012940234791889,pixel_reliability=0 AND MODLAND_QA(bits0-1)=0 AND VI range -2000..10000,MOD13Q1 V061 Terra 250m 16-day
SO1803,Hobyo,SO18,Mudug,2015-02-18,0.1562914450915843,0.1552,0.1107925972820123,0.1103,0.7902214514407684,23694,0.0626667556029882,0.0092382604055496,pixel_reliability=0 AND MODLAND_QA(bits0-1)=0 AND VI range -2000..10000,MOD13Q1 V061 Terra 250m 16-day
SO1803,Hobyo,SO18,Mudug,2015-03-06,0.1540927537473233,0.1531,0.1096316830835117,0.1092,0.7787486659551761,23350,0.0397545357524012,0.0099719850586979,pixel_reliability=0 AND MODLAND_QA(bits0-1)=0 AND VI range -2000..10000,MOD13Q1 V061 Terra 250m 16-day
SO1803,Hobyo,SO18,Mudug,2015-03-22,0.1649208084996113,0.1625,0.1217639932625032,0.1205,0.2574039487726787,7718,0.3877067769477054,0.0095717716115261,pixel_reliability=0 AND MODLAND_QA(bits0-1)=0 AND VI range -2000..10000,MOD13Q1 V061 Terra 250m 16-day
SO1803,Hobyo,SO18,Mudug,2015-04-07,0.1627089921286789,0.1602,0.1158318702943189,0.1135,0.3898078975453575,11688,0.3453508537886873,0.0145077374599786,pixel_reliability=0 AND MODLAND_QA(bits0-1)=0 AND VI range -2000..10000,MOD13Q1 V061 Terra 250m 16-day
SO1803,Hobyo,SO18,Mudug,2015-04-23,0.2125254860524091,0.2047,0.1531957945900253,0.15035,0.1578175026680896,4732,0.3747665421558164,0.0817769477054429,pixel_reliability=0 AND MODLAND_QA(bits0-1)=0 AND VI range -2000..10000,MOD13Q1 V061 Terra 250m 16-day
SO1803,Hobyo,SO18,Mudug,2015-05-09,0.2156236472153309,0.2084,0.1555216265774997,0.1499,0.9275947171824972,27813,0.0148412486659551,0.0085712379935965,pixel_reliability=0 AND MODLAND_QA(bits0-1)=0 AND VI range -2000..10000,MOD13Q1 V061 Terra 250m 16-day
SO1803,Hobyo,SO18,Mudug,2015-05-25,0.1946523571070892,0.1866,0.1394985907432577,0.1346,0.9324306296691568,27958,0.0146077908217716,0.0118062966915688,pixel_reliability=0 AND MODLAND_QA(bits0-1)=0 AND VI range -2000..10000,MOD13Q1 V061 Terra 250m 16-day
SO1803,Hobyo,SO18,Mudug,2015-06-10,0.1738302310577039,0.1676,0.12630414129602,0.1228,0.827074439701174,24799,0.0470250800426894,0.011973052294557,pixel_reliability=0 AND MODLAND_QA(bits0-1)=0 AND VI range -2000..10000,MOD13Q1 V061 Terra 250m 16-day
SO1803,Hobyo,SO18,Mudug,2015-06-26,0.1669860052919641,0.1635,0.1190151038457356,0.1168,0.9201240661686232,27589,0.0170090715048025,0.0111726254002134,pixel_reliability=0 AND MODLAND_QA(bits0-1)=0 AND VI range -2000..10000,MOD13Q1 V061 Terra 250m 16-day
SO1803,Hobyo,SO18,Mudug,2015-07-12,0.1509810320228281,0.1506,0.1098731531388712,0.1085,0.4207577374599786,12616,0.2092782817502668,0.0361859658484525,pixel_reliability=0 AND MODLAND_QA(bits0-1)=0 AND VI range -2000..10000,MOD13Q1 V061 Terra 250m 16-day
SO1803,Hobyo,SO18,Mudug,2015-07-28,0.155892011890697,0.1544,0.1153077175197225,0.1135,0.875100053361793,26239,0.0166422091782283,0.0103388473852721,pixel_reliability=0 AND MODLAND_QA(bits0-1)=0 AND VI range -2000..10000,MOD13Q1 V061 Terra 250m 16-day
SO1803,Hobyo,SO18,Mudug,2015-08-13,0.1511938702058261,0.151,0.1117698309151576,0.1105,0.889574439701174,26673,0.0197105122732123,0.0128068303094983,pixel_reliability=0 AND MODLAND_QA(bits0-1)=0 AND VI range -2000..10000,MOD13Q1 V061 Terra 250m 16-day
SO1803,Hobyo,SO18,Mudug,2015-08-29,0.14864952821030558,0.1486,0.11213821690676815,0.1109,0.8588914087513341,25753,0.01567502668089648,0.01410752401280683,pixel_reliability=0 AND MODLAND_QA(bits0-1)=0 AND VI range -2000..10000,MOD13Q1 V061 Terra 250m 16-day
SO1803,Hobyo,SO18,Mudug,2015-09-14,0.1516945289304077,0.1519,0.1098226012021145,0.1086,0.9210912486659552,27618,0.0130736392742796,0.0129735859124866,pixel_reliability=0 AND MODLAND_QA(bits0-1)=0 AND VI range -2000..10000,MOD13Q1 V061 Terra 250m 16-day
SO1803,Hobyo,SO18,Mudug,2015-09-30,0.1472259987543375,0.1496,0.1054803185336773,0.1037,0.3748332443970117,11239,0.3745330843116328,0.0189100853788687,pixel_reliability=0 AND MODLAND_QA(bits0-1)=0 AND VI range -2000..10000,MOD13Q1 V061 Terra 250m 16-day
SO1803,Hobyo,SO18,Mudug,2015-10-16,0.205657107928746,0.202,0.1467534055186866,0.1451,0.0954842582710779,2863,0.4493062966915688,0.1307363927427961,pixel_reliability=0 AND MODLAND_QA(bits0-1)=0 AND VI range -2000..10000,MOD13Q1 V061 Terra 250m 16-day
SO1803,Hobyo,SO18,Mudug,2015-11-01,0.2327925374925015,0.2278,0.1613068026394721,0.1578,0.2779815901814301,8335,0.4019143543223052,0.0406216648879402,pixel_reliability=0 AND MODLAND_QA(bits0-1)=0 AND VI range -2000..10000,MOD13Q1 V061 Terra 250m 16-day
SO1803,Hobyo,SO18,Mudug,2015-11-17,0.2203295118419692,0.218,0.157974604405833,0.1539,0.6449439701173959,19338,0.1634204909284952,0.0119397011739594,pixel_reliability=0 AND MODLAND_QA(bits0-1)=0 AND VI range -2000..10000,MOD13Q1 V061 Terra 250m 16-day
SO1803,Hobyo,SO18,Mudug,2015-12-03,0.2002057031729785,0.1956,0.141711426816786,0.1395,0.8146011205976521,24425,0.0831776947705442,0.0138740661686232,pixel_reliability=0 AND MODLAND_QA(bits0-1)=0 AND VI range -2000..10000,MOD13Q1 V061 Terra 250m 16-day
SO1803,Hobyo,SO18,Mudug,2015-12-19,0.1856838366396273,0.1823,0.1310450887478917,0.1295,0.8305096051227321,24902,0.0581643543223052,0.012940234791889,pixel_reliability=0 AND MODLAND_QA(bits0-1)=0 AND VI range -2000..10000,MOD13Q1 V061 Terra 250m 16-day
SO1804,Jariiban,SO18,Mudug,2015-01-01,0.17860662295626195,0.1791,0.12262441696406341,0.12240000000000001,0.9384687280940883,12049,0.012929355868837138,0.011527377521613832,pixel_reliability=0 AND MODLAND_QA(bits0-1)=0 AND VI range -2000..10000,MOD13Q1 V061 Terra 250m 16-day
SO1804,Jariiban,SO18,Mudug,2015-01-17,0.1726947921736591,0.1738,0.115514922612674,0.1155,0.8001401978347223,10273,0.0503154451281252,0.010904276033959,pixel_reliability=0 AND MODLAND_QA(bits0-1)=0 AND VI range -2000..10000,MOD13Q1 V061 Terra 250m 16-day
SO1804,Jariiban,SO18,Mudug,2015-02-02,0.1652174692049272,0.1665,0.115045077095357,0.1148,0.9041981462730744,11609,0.0147986603318015,0.0120725913233117,pixel_reliability=0 AND MODLAND_QA(bits0-1)=0 AND VI range -2000..10000,MOD13Q1 V061 Terra 250m 16-day
SO1804,Jariiban,SO18,Mudug,2015-02-18,0.1626707843846014,0.164,0.1121640610880173,0.1121,0.8619051327985046,11066,0.0235999688449256,0.0138640081003193,pixel_reliability=0 AND MODLAND_QA(bits0-1)=0 AND VI range -2000..10000,MOD13Q1 V061 Terra 250m 16-day
SO1804,Jariiban,SO18,Mudug,2015-03-06,0.1602280612244898,0.1617,0.1105778684807256,0.1107,0.6869693901394189,8820,0.0323233896720928,0.0111379390918295,pixel_reliability=0 AND MODLAND_QA(bits0-1)=0 AND VI range -2000..10000,MOD13Q1 V061 Terra 250m 16-day
SO1804,Jariiban,SO18,Mudug,2015-03-22,0.1675977736549165,0.1697,0.1167851113172541,0.1149,0.3358517018459381,4312,0.2624036139886284,0.0067762286782459,pixel_reliability=0 AND MODLAND_QA(bits0-1)=0 AND VI range -2000..10000,MOD13Q1 V061 Terra 250m 16-day
SO1804,Jariiban,SO18,Mudug,2015-04-07,0.1636196297214646,0.1638,0.1126300603355649,0.1117,0.9423631123919308,12099,0.0136303450424487,0.0069320040501596,pixel_reliability=0 AND MODLAND_QA(bits0-1)=0 AND VI range -2000..10000,MOD13Q1 V061 Terra 250m 16-day
SO1804,Jariiban,SO18,Mudug,2015-04-23,0.2261837643069097,0.2212,0.158272488342518,0.1574,0.1837370511722096,2359,0.3859334839161928,0.0568580107485006,pixel_reliability=0 AND MODLAND_QA(bits0-1)=0 AND VI range -2000..10000,MOD13Q1 V061 Terra 250m 16-day
SO1804,Jariiban,SO18,Mudug,2015-05-09,0.2205460525211846,0.2197,0.155218088765836,0.156,0.9283433289196978,11919,0.0144092219020172,0.0087234208271672,pixel_reliability=0 AND MODLAND_QA(bits0-1)=0 AND VI range -2000..10000,MOD13Q1 V061 Terra 250m 16-day
SO1804,Jariiban,SO18,Mudug,2015-05-25,0.2026581366865354,0.2,0.1401695680574834,0.1407,0.9538904899135446,12247,0.0052963626450658,0.0060752395046343,pixel_reliability=0 AND MODLAND_QA(bits0-1)=0 AND VI range -2000..10000,MOD13Q1 V061 Terra 250m 16-day
SO1804,Jariiban,SO18,Mudug,2015-06-10,0.17913059566787,0.1778,0.1250916155234657,0.1249,0.8629955604019005,11080,0.0425266765324402,0.0114494898356569,pixel_reliability=0 AND MODLAND_QA(bits0-1)=0 AND VI range -2000..10000,MOD13Q1 V061 Terra 250m 16-day
SO1804,Jariiban,SO18,Mudug,2015-06-26,0.1706586386138614,0.17045,0.11786800330033,0.1174,0.9439987537970248,12120,0.0132409066126645,0.0105927252901316,pixel_reliability=0 AND MODLAND_QA(bits0-1)=0 AND VI range -2000..10000,MOD13Q1 V061 Terra 250m 16-day
SO1804,Jariiban,SO18,Mudug,2015-07-12,0.1616408678756476,0.1618,0.1132599201208981,0.1128,0.7215515227042605,9264,0.0990731365371134,0.0187709323156009,pixel_reliability=0 AND MODLAND_QA(bits0-1)=0 AND VI range -2000..10000,MOD13Q1 V061 Terra 250m 16-day
SO1804,Jariiban,SO18,Mudug,2015-07-28,0.1614655833333333,0.1623,0.1150051833333333,0.1147,0.9346522314822028,12000,0.0110600514058727,0.0159669756211542,pixel_reliability=0 AND MODLAND_QA(bits0-1)=0 AND VI range -2000..10000,MOD13Q1 V061 Terra 250m 16-day
SO1804,Jariiban,SO18,Mudug,2015-08-13,0.1553242615273775,0.1562,0.1117463076368876,0.1117,0.8648648648648649,11104,0.0355167847963237,0.0172131785964638,pixel_reliability=0 AND MODLAND_QA(bits0-1)=0 AND VI range -2000..10000,MOD13Q1 V061 Terra 250m 16-day
SO1804,Jariiban,SO18,Mudug,2015-08-29,0.15707830557443916,0.1585,0.11187093813732155,0.1119,0.9165822883402134,11768,0.012462029753096035,0.0169016278526365,pixel_reliability=0 AND MODLAND_QA(bits0-1)=0 AND VI range -2000..10000,MOD13Q1 V061 Terra 250m 16-day
SO1804,Jariiban,SO18,Mudug,2015-09-14,0.1601416915847928,0.1618,0.1116028961982058,0.1117,0.911675364124932,11705,0.010904276033959,0.0190824830594283,pixel_reliability=0 AND MODLAND_QA(bits0-1)=0 AND VI range -2000..10000,MOD13Q1 V061 Terra 250m 16-day
SO1804,Jariiban,SO18,Mudug,2015-09-30,0.1632463971551563,0.1639,0.115530058019839,0.1133,0.4161539060674507,5343,0.2088947737362723,0.01557753719137,pixel_reliability=0 AND MODLAND_QA(bits0-1)=0 AND VI range -2000..10000,MOD13Q1 V061 Terra 250m 16-day
SO1804,Jariiban,SO18,Mudug,2015-10-16,0.2107591117917304,0.2069,0.1463055130168453,0.1445,0.1017213178596463,1306,0.5036217773969935,0.0674507360386322,pixel_reliability=0 AND MODLAND_QA(bits0-1)=0 AND VI range -2000..10000,MOD13Q1 V061 Terra 250m 16-day
SO1804,Jariiban,SO18,Mudug,2015-11-01,0.2503156933646718,0.2497,0.1790699511842343,0.1788,0.4307967910273386,5531,0.1931614611729885,0.0175247293402913,pixel_reliability=0 AND MODLAND_QA(bits0-1)=0 AND VI range -2000..10000,MOD13Q1 V061 Terra 250m 16-day
SO1804,Jariiban,SO18,Mudug,2015-11-17,0.244844936540339,0.2443,0.1687774562882755,0.1686,0.8775605576758314,11267,0.0125399174390528,0.0108263883480021,pixel_reliability=0 AND MODLAND_QA(bits0-1)=0 AND VI range -2000..10000,MOD13Q1 V061 Terra 250m 16-day
SO1804,Jariiban,SO18,Mudug,2015-12-03,0.2191443272846166,0.2168,0.1512587297694948,0.1513,0.9528779499961056,12234,0.0092686346288651,0.0123062543811823,pixel_reliability=0 AND MODLAND_QA(bits0-1)=0 AND VI range -2000..10000,MOD13Q1 V061 Terra 250m 16-day
SO1804,Jariiban,SO18,Mudug,2015-12-19,0.1996553318602177,0.1978,0.1373573205663311,0.1367,0.9517096347067528,12219,0.0102032868603473,0.0123062543811823,pixel_reliability=0 AND MODLAND_QA(bits0-1)=0 AND VI range -2000..10000,MOD13Q1 V061 Terra 250m 16-day
SO1805,Xarardheere,SO18,Mudug,2015-01-01,0.21803403457612994,0.2247,0.14430820662362007,0.1491,0.7746047111971603,4801,0.05808325266214908,0.027105517909002903,pixel_reliability=0 AND MODLAND_QA(bits0-1)=0 AND VI range -2000..10000,MOD13Q1 V061 Terra 250m 16-day
SO1805,Xarardheere,SO18,Mudug,2015-01-17,0.2015345802522836,0.2108,0.132088995215311,0.1371,0.7418522103904486,4598,0.0593739916101968,0.0256534365924491,pixel_reliability=0 AND MODLAND_QA(bits0-1)=0 AND VI range -2000..10000,MOD13Q1 V061 Terra 250m 16-day
SO1805,Xarardheere,SO18,Mudug,2015-02-02,0.1894537696503048,0.1981,0.1231936156560795,0.1279,0.5029041626331074,3117,0.2410454985479186,0.0267828331719909,pixel_reliability=0 AND MODLAND_QA(bits0-1)=0 AND VI range -2000..10000,MOD13Q1 V061 Terra 250m 16-day
SO1805,Xarardheere,SO18,Mudug,2015-02-18,0.1838569529652352,0.1954,0.1216578220858895,0.1266,0.6311713455953534,3912,0.1660212971926427,0.0219425621168118,pixel_reliability=0 AND MODLAND_QA(bits0-1)=0 AND VI range -2000..10000,MOD13Q1 V061 Terra 250m 16-day
SO1805,Xarardheere,SO18,Mudug,2015-03-06,0.1703798235628913,0.17475,0.1158770347182697,0.11725,0.5669570829299774,3514,0.1210067763794772,0.0259761213294611,pixel_reliability=0 AND MODLAND_QA(bits0-1)=0 AND VI range -2000..10000,MOD13Q1 V061 Terra 250m 16-day
SO1805,Xarardheere,SO18,Mudug,2015-03-22,0.1466175102599179,0.1361,0.1167760601915184,0.116,0.1179412713778638,731,0.5127460471119716,0.0374314294933849,pixel_reliability=0 AND MODLAND_QA(bits0-1)=0 AND VI range -2000..10000,MOD13Q1 V061 Terra 250m 16-day
SO1805,Xarardheere,SO18,Mudug,2015-04-07,0.1692120307167235,0.13905,0.1258172354948805,0.1178,0.1890932558889964,1172,0.3962568570506615,0.0692158760890609,pixel_reliability=0 AND MODLAND_QA(bits0-1)=0 AND VI range -2000..10000,MOD13Q1 V061 Terra 250m 16-day
SO1805,Xarardheere,SO18,Mudug,2015-04-23,0.2258390922401171,0.2069,0.1658879941434846,0.16325,0.2203936753791545,1366,0.2399161019683769,0.1640851887705711,pixel_reliability=0 AND MODLAND_QA(bits0-1)=0 AND VI range -2000..10000,MOD13Q1 V061 Terra 250m 16-day
SO1805,Xarardheere,SO18,Mudug,2015-05-09,0.3314368664482559,0.3229,0.2314258816727693,0.2261,0.8372055501774766,5189,0.0293643110680864,0.0288802839625685,pixel_reliability=0 AND MODLAND_QA(bits0-1)=0 AND VI range -2000..10000,MOD13Q1 V061 Terra 250m 16-day
SO1805,Xarardheere,SO18,Mudug,2015-05-25,0.2951032204637468,0.28875,0.2047501288185498,0.2014,0.8767344304614392,5434,0.0295256534365924,0.0298483381736043,pixel_reliability=0 AND MODLAND_QA(bits0-1)=0 AND VI range -2000..10000,MOD13Q1 V061 Terra 250m 16-day
SO1805,Xarardheere,SO18,Mudug,2015-06-10,0.2365522321428571,0.2413,0.1668461415816326,0.1696,0.5059696676347208,3136,0.1526298806066473,0.0332365279122297,pixel_reliability=0 AND MODLAND_QA(bits0-1)=0 AND VI range -2000..10000,MOD13Q1 V061 Terra 250m 16-day
SO1805,Xarardheere,SO18,Mudug,2015-06-26,0.2363642586750788,0.23495,0.1574587697160883,0.1589,0.5114553081639238,3170,0.1887705711519845,0.0250080671184253,pixel_reliability=0 AND MODLAND_QA(bits0-1)=0 AND VI range -2000..10000,MOD13Q1 V061 Terra 250m 16-day
SO1805,Xarardheere,SO18,Mudug,2015-07-12,0.1960523992322457,0.2044,0.1385763915547025,0.1441,0.0840593739916102,521,0.3801226202000645,0.2176508551145531,pixel_reliability=0 AND MODLAND_QA(bits0-1)=0 AND VI range -2000..10000,MOD13Q1 V061 Terra 250m 16-day
SO1805,Xarardheere,SO18,Mudug,2015-07-28,0.1955002281616688,0.2007,0.139163331160365,0.14125,0.4949983865763149,3068,0.1865117779929009,0.0350112939657954,pixel_reliability=0 AND MODLAND_QA(bits0-1)=0 AND VI range -2000..10000,MOD13Q1 V061 Terra 250m 16-day
SO1805,Xarardheere,SO18,Mudug,2015-08-13,0.1619213333333333,0.1614,0.1219045925925925,0.1249,0.3267182962245886,2025,0.3436592449177154,0.0579219102936431,pixel_reliability=0 AND MODLAND_QA(bits0-1)=0 AND VI range -2000..10000,MOD13Q1 V061 Terra 250m 16-day
SO1805,Xarardheere,SO18,Mudug,2015-08-29,0.17379630547979172,0.1769,0.12781348871807588,0.1291,0.6506937721845757,4033,0.0664730558244595,0.033720555017747664,pixel_reliability=0 AND MODLAND_QA(bits0-1)=0 AND VI range -2000..10000,MOD13Q1 V061 Terra 250m 16-day
SO1805,Xarardheere,SO18,Mudug,2015-09-14,0.174518127340824,0.1728,0.1243082397003745,0.1246,0.6461761858664086,4005,0.042271700548564,0.0346886092287834,pixel_reliability=0 AND MODLAND_QA(bits0-1)=0 AND VI range -2000..10000,MOD13Q1 V061 Terra 250m 16-day
SO1805,Xarardheere,SO18,Mudug,2015-09-30,0.1257341130604288,0.1211,0.1075130604288499,0.1089,0.0827686350435624,513,0.7295901903839949,0.0553404323975475,pixel_reliability=0 AND MODLAND_QA(bits0-1)=0 AND VI range -2000..10000,MOD13Q1 V061 Terra 250m 16-day
SO1805,Xarardheere,SO18,Mudug,2015-10-16,0.217753216374269,0.2065,0.1527491228070175,0.1506,0.0275895450145208,171,0.345595353339787,0.2939657954178767,pixel_reliability=0 AND MODLAND_QA(bits0-1)=0 AND VI range -2000..10000,MOD13Q1 V061 Terra 250m 16-day
SO1805,Xarardheere,SO18,Mudug,2015-11-01,0.3664865027932961,0.368,0.2346556648044692,0.2361,0.7220070990642142,4475,0.0522749273959341,0.0354953210713133,pixel_reliability=0 AND MODLAND_QA(bits0-1)=0 AND VI range -2000..10000,MOD13Q1 V061 Terra 250m 16-day
SO1805,Xarardheere,SO18,Mudug,2015-11-17,0.2152627287853577,0.1807,0.1690104825291181,0.1577,0.0969667634720877,601,0.7505646982897709,0.0254920942239432,pixel_reliability=0 AND MODLAND_QA(bits0-1)=0 AND VI range -2000..10000,MOD13Q1 V061 Terra 250m 16-day
SO1805,Xarardheere,SO18,Mudug,2015-12-03,0.2821977973568281,0.2962,0.1898574522760646,0.1971,0.4394966118102614,2724,0.2586318167150693,0.0409809616005162,pixel_reliability=0 AND MODLAND_QA(bits0-1)=0 AND VI range -2000..10000,MOD13Q1 V061 Terra 250m 16-day
SO1805,Xarardheere,SO18,Mudug,2015-12-19,0.2697865168539325,0.2659,0.1756062756919704,0.1755,0.5887383026782833,3649,0.0958373668925459,0.0313004194901581,pixel_reliability=0 AND MODLAND_QA(bits0-1)=0 AND VI range -2000..10000,MOD13Q1 V061 Terra 250m 16-day
SO1901,Dhuusamarreeb,SO19,Galgaduud,2015-01-01,0.19237637337760338,0.19210000000000002,0.12055356927256264,0.12000000000000001,0.8835255683712248,13252,0.0017334488965931062,0.0,pixel_reliability=0 AND MODLAND_QA(bits0-1)=0 AND VI range -2000..10000,MOD13Q1 V061 Terra 250m 16-day
SO1901,Dhuusamarreeb,SO19,Galgaduud,2015-01-17,0.1869211701412239,0.1872,0.1164115736381977,0.1162,0.991399426628442,14870,0.0012000800053336,0.0,pixel_reliability=0 AND MODLAND_QA(bits0-1)=0 AND VI range -2000..10000,MOD13Q1 V061 Terra 250m 16-day
SO1901,Dhuusamarreeb,SO19,Galgaduud,2015-02-02,0.1838077481323372,0.1841,0.112691853432942,0.1125,0.9370624708313888,14055,0.0028001866791119,0.0,pixel_reliability=0 AND MODLAND_QA(bits0-1)=0 AND VI range -2000..10000,MOD13Q1 V061 Terra 250m 16-day
SO1901,Dhuusamarreeb,SO19,Galgaduud,2015-02-18,0.183742415295937,0.1842,0.1141735554618304,0.114,0.9484632308820587,14226,0.0044002933528901,0.0,pixel_reliability=0 AND MODLAND_QA(bits0-1)=0 AND VI range -2000..10000,MOD13Q1 V061 Terra 250m 16-day
SO1901,Dhuusamarreeb,SO19,Galgaduud,2015-03-06,0.1820111739197769,0.1825,0.1137891822827938,0.1138,0.8609907327155144,12914,0.0029335289019267,0.0,pixel_reliability=0 AND MODLAND_QA(bits0-1)=0 AND VI range -2000..10000,MOD13Q1 V061 Terra 250m 16-day
SO1901,Dhuusamarreeb,SO19,Galgaduud,2015-03-22,0.2080975867829961,0.2015,0.1296707815110451,0.1245,0.3591572771518101,5387,0.2791519434628975,0.0012667511167411,pixel_reliability=0 AND MODLAND_QA(bits0-1)=0 AND VI range -2000..10000,MOD13Q1 V061 Terra 250m 16-day
SO1901,Dhuusamarreeb,SO19,Galgaduud,2015-04-07,0.2366377880184332,0.2355,0.1532743910467413,0.1516,0.1012734182278818,1519,0.7321154743649577,0.002200146676445,pixel_reliability=0 AND MODLAND_QA(bits0-1)=0 AND VI range -2000..10000,MOD13Q1 V061 Terra 250m 16-day
SO1901,Dhuusamarreeb,SO19,Galgaduud,2015-04-23,0.2554393122049899,0.2568,0.1635847943358058,0.1639,0.1977465164344289,2966,0.3016867791186079,0.0945396359757317,pixel_reliability=0 AND MODLAND_QA(bits0-1)=0 AND VI range -2000..10000,MOD13Q1 V061 Terra 250m 16-day
SO1901,Dhuusamarreeb,SO19,Galgaduud,2015-05-09,0.2785321367642877,0.2806,0.1832278077907307,0.184,0.9379291952796852,14068,0.0020668044536302,6.667111140742716e-05,pixel_reliability=0 AND MODLAND_QA(bits0-1)=0 AND VI range -2000..10000,MOD13Q1 V061 Terra 250m 16-day
SO1901,Dhuusamarreeb,SO19,Galgaduud,2015-05-25,0.2554242391304348,0.256,0.1653724048913043,0.1655,0.9813987599173278,14720,0.0018667911194079,0.0,pixel_reliability=0 AND MODLAND_QA(bits0-1)=0 AND VI range -2000..10000,MOD13Q1 V061 Terra 250m 16-day
SO1901,Dhuusamarreeb,SO19,Galgaduud,2015-06-10,0.2218869466178072,0.2184,0.1423613845696741,0.1396,0.6731782118807921,10097,0.106607107140476,0.0,pixel_reliability=0 AND MODLAND_QA(bits0-1)=0 AND VI range -2000..10000,MOD13Q1 V061 Terra 250m 16-day
SO1901,Dhuusamarreeb,SO19,Galgaduud,2015-06-26,0.2072013504343105,0.206,0.1314653298045602,0.1302,0.9824654976998468,14736,0.0033335555703713,0.0,pixel_reliability=0 AND MODLAND_QA(bits0-1)=0 AND VI range -2000..10000,MOD13Q1 V061 Terra 250m 16-day
SO1901,Dhuusamarreeb,SO19,Galgaduud,2015-07-12,0.1924891891891892,0.1914,0.1243654083431257,0.12435,0.4538969264617641,6808,0.2662844189612641,0.0098673244882992,pixel_reliability=0 AND MODLAND_QA(bits0-1)=0 AND VI range -2000..10000,MOD13Q1 V061 Terra 250m 16-day
SO1901,Dhuusamarreeb,SO19,Galgaduud,2015-07-28,0.1904792144026186,0.1907,0.1256406301145662,0.1257,0.4888325888392559,7332,0.1202746849789986,0.0,pixel_reliability=0 AND MODLAND_QA(bits0-1)=0 AND VI range -2000..10000,MOD13Q1 V061 Terra 250m 16-day
SO1901,Dhuusamarreeb,SO19,Galgaduud,2015-08-13,0.1902627192189477,0.19045,0.1187871361417465,0.1187,0.7375158343889593,11062,0.0178678578571904,0.0,pixel_reliability=0 AND MODLAND_QA(bits0-1)=0 AND VI range -2000..10000,MOD13Q1 V061 Terra 250m 16-day
SO1901,Dhuusamarreeb,SO19,Galgaduud,2015-08-29,0.18468695536897922,0.185,0.11950146707909858,0.1194,0.7543836255750384,11315,0.006200413360890726,0.0,pixel_reliability=0 AND MODLAND_QA(bits0-1)=0 AND VI range -2000..10000,MOD13Q1 V061 Terra 250m 16-day
SO1901,Dhuusamarreeb,SO19,Galgaduud,2015-09-14,0.1831098266694289,0.1834,0.1175611145639113,0.1174,0.9654643642909528,14481,0.0020001333422228,0.0,pixel_reliability=0 AND MODLAND_QA(bits0-1)=0 AND VI range -2000..10000,MOD13Q1 V061 Terra 250m 16-day
SO1901,Dhuusamarreeb,SO19,Galgaduud,2015-09-30,0.183232627118644,0.1825,0.1140555583250249,0.1134,0.2674844989665977,4012,0.4487632508833922,0.0002000133342222,pixel_reliability=0 AND MODLAND_QA(bits0-1)=0 AND VI range -2000..10000,MOD13Q1 V061 Terra 250m 16-day
SO1901,Dhuusamarreeb,SO19,Galgaduud,2015-10-16,0.2447159541188738,0.245,0.1522715328467153,0.1521,0.0639375958397226,959,0.4928328555237016,0.1280752050136675,pixel_reliability=0 AND MODLAND_QA(bits0-1)=0 AND VI range -2000..10000,MOD13Q1 V061 Terra 250m 16-day
SO1901,Dhuusamarreeb,SO19,Galgaduud,2015-11-01,0.3236515614315022,0.3254,0.1956367221335764,0.1962,0.2924861657443829,4387,0.5444362957530502,0.0030668711247416,pixel_reliability=0 AND MODLAND_QA(bits0-1)=0 AND VI range -2000..10000,MOD13Q1 V061 Terra 250m 16-day
SO1901,Dhuusamarreeb,SO19,Galgaduud,2015-11-17,0.3138074553799082,0.313,0.2007026721060683,0.1993,0.6537102473498233,9805,0.0378025201680112,0.0008667244482965,pixel_reliability=0 AND MODLAND_QA(bits0-1)=0 AND VI range -2000..10000,MOD13Q1 V061 Terra 250m 16-day
SO1901,Dhuusamarreeb,SO19,Galgaduud,2015-12-03,0.2808248464352267,0.2746,0.1818905169438885,0.1785,0.9659977331822122,14489,0.0056003733582238,0.0,pixel_reliability=0 AND MODLAND_QA(bits0-1)=0 AND VI range -2000..10000,MOD13Q1 V061 Terra 250m 16-day
SO1901,Dhuusamarreeb,SO19,Galgaduud,2015-12-19,0.2549664699423552,0.24925,0.1627702374416689,0.1599,0.9715314354290286,14572,0.0054003600240016,0.0,pixel_reliability=0 AND MODLAND_QA(bits0-1)=0 AND VI range -2000..10000,MOD13Q1 V061 Terra 250m 16-day
SO1902,Cabudwaaq,SO19,Galgaduud,2015-01-01,0.20121363447415822,0.1955,0.12079160315920744,0.11850000000000001,0.9695056421278883,7217,0.00013433637829124128,0.0,pixel_reliability=0 AND MODLAND_QA(bits0-1)=0 AND VI range -2000..10000,MOD13Q1 V061 Terra 250m 16-day
SO1902,Cabudwaaq,SO19,Galgaduud,2015-01-17,0.1930266693591815,0.1899,0.1166353392568659,0.1158,0.99785061794734,7428,0.0,0.0,pixel_reliability=0 AND MODLAND_QA(bits0-1)=0 AND VI range -2000..10000,MOD13Q1 V061 Terra 250m 16-day
SO1902,Cabudwaaq,SO19,Galgaduud,2015-02-02,0.1869675102040816,0.1846,0.1133291020408163,0.1129,0.9873723804406234,7350,0.0001343363782912,0.0,pixel_reliability=0 AND MODLAND_QA(bits0-1)=0 AND VI range -2000..10000,MOD13Q1 V061 Terra 250m 16-day
SO1902,Cabudwaaq,SO19,Galgaduud,2015-02-18,0.1866290764887754,0.1854,0.1128002419680064,0.1124,0.9993283181085438,7439,0.0,0.0,pixel_reliability=0 AND MODLAND_QA(bits0-1)=0 AND VI range -2000..10000,MOD13Q1 V061 Terra 250m 16-day
SO1902,Cabudwaaq,SO19,Galgaduud,2015-03-06,0.1848580829367777,0.1839,0.1117458735554045,0.1116,0.9880440623320796,7355,0.0,0.0,pixel_reliability=0 AND MODLAND_QA(bits0-1)=0 AND VI range -2000..10000,MOD13Q1 V061 Terra 250m 16-day
SO1902,Cabudwaaq,SO19,Galgaduud,2015-03-22,0.2035200364902969,0.1979,0.1244295073809918,0.1207,0.8099140247178936,6029,0.0296883396023643,0.0,pixel_reliability=0 AND MODLAND_QA(bits0-1)=0 AND VI range -2000..10000,MOD13Q1 V061 Terra 250m 16-day
SO1902,Cabudwaaq,SO19,Galgaduud,2015-04-07,0.2434209090909091,0.24,0.1509018181818182,0.14625,0.1034390112842557,770,0.596856528747985,0.0198817839871037,pixel_reliability=0 AND MODLAND_QA(bits0-1)=0 AND VI range -2000..10000,MOD13Q1 V061 Terra 250m 16-day
SO1902,Cabudwaaq,SO19,Galgaduud,2015-04-23,0.2585507936507936,0.258,0.1666099017384731,0.1695,0.1777270284793122,1323,0.2988984416980118,0.1833691563675443,pixel_reliability=0 AND MODLAND_QA(bits0-1)=0 AND VI range -2000..10000,MOD13Q1 V061 Terra 250m 16-day
SO1902,Cabudwaaq,SO19,Galgaduud,2015-05-09,0.2786785061708607,0.2801,0.1833021477800929,0.1855,0.8381246641590543,6239,0.0103439011284255,0.0001343363782912,pixel_reliability=0 AND MODLAND_QA(bits0-1)=0 AND VI range -2000..10000,MOD13Q1 V061 Terra 250m 16-day
SO1902,Cabudwaaq,SO19,Galgaduud,2015-05-25,0.252396316286601,0.2472,0.1583943192551612,0.1564,0.995566899516389,7411,0.0,0.0,pixel_reliability=0 AND MODLAND_QA(bits0-1)=0 AND VI range -2000..10000,MOD13Q1 V061 Terra 250m 16-day
SO1902,Cabudwaaq,SO19,Galgaduud,2015-06-10,0.2207606390097022,0.215,0.1388494479759116,0.1369,0.8030628694250403,5978,0.064078452444922,0.0001343363782912,pixel_reliability=0 AND MODLAND_QA(bits0-1)=0 AND VI range -2000..10000,MOD13Q1 V061 Terra 250m 16-day
SO1902,Cabudwaaq,SO19,Galgaduud,2015-06-26,0.2040035152008686,0.1999,0.1257507736156352,0.1247,0.9897904352498657,7368,0.0010746910263299,0.0,pixel_reliability=0 AND MODLAND_QA(bits0-1)=0 AND VI range -2000..10000,MOD13Q1 V061 Terra 250m 16-day
SO1902,Cabudwaaq,SO19,Galgaduud,2015-07-12,0.1848618520382486,0.1855,0.1179234776044287,0.1174,0.5338527673293928,3974,0.1903546480386888,0.0,pixel_reliability=0 AND MODLAND_QA(bits0-1)=0 AND VI range -2000..10000,MOD13Q1 V061 Terra 250m 16-day
SO1902,Cabudwaaq,SO19,Galgaduud,2015-07-28,0.1872855835750948,0.1862,0.1192131443874135,0.1191,0.6019613111230521,4481,0.049032778076303,0.0,pixel_reliability=0 AND MODLAND_QA(bits0-1)=0 AND VI range -2000..10000,MOD13Q1 V061 Terra 250m 16-day
SO1902,Cabudwaaq,SO19,Galgaduud,2015-08-13,0.1915526487714813,0.1891,0.1156607016048856,0.1156,0.9458624395486298,7041,0.0009403546480386,0.0,pixel_reliability=0 AND MODLAND_QA(bits0-1)=0 AND VI range -2000..10000,MOD13Q1 V061 Terra 250m 16-day
SO1902,Cabudwaaq,SO19,Galgaduud,2015-08-29,0.1842317934782609,0.18180000000000002,0.11490497711670482,0.1148,0.939279957012359,6992,0.0012090274046211713,0.0,pixel_reliability=0 AND MODLAND_QA(bits0-1)=0 AND VI range -2000..10000,MOD13Q1 V061 Terra 250m 16-day
SO1902,Cabudwaaq,SO19,Galgaduud,2015-09-14,0.1805068007662835,0.1787,0.1138282293377121,0.114,0.9817302525523912,7308,0.0010746910263299,0.0,pixel_reliability=0 AND MODLAND_QA(bits0-1)=0 AND VI range -2000..10000,MOD13Q1 V061 Terra 250m 16-day
SO1902,Cabudwaaq,SO19,Galgaduud,2015-09-30,0.1846414178420956,0.183,0.1146924528301886,0.1134,0.733342289091886,5459,0.0709296077377753,0.0002686727565824,pixel_reliability=0 AND MODLAND_QA(bits0-1)=0 AND VI range -2000..10000,MOD13Q1 V061 Terra 250m 16-day
SO1902,Cabudwaaq,SO19,Galgaduud,2015-10-16,0.2560896610169492,0.25795,0.1506366101694915,0.15045,0.0792584631918323,590,0.4603707684040838,0.1213057495969908,pixel_reliability=0 AND MODLAND_QA(bits0-1)=0 AND VI range -2000..10000,MOD13Q1 V061 Terra 250m 16-day
SO1902,Cabudwaaq,SO19,Galgaduud,2015-11-01,0.3664970979443773,0.3829,0.2108841596130592,0.2166,0.1110961848468565,827,0.8031972058033315,0.0112842557764642,pixel_reliability=0 AND MODLAND_QA(bits0-1)=0 AND VI range -2000..10000,MOD13Q1 V061 Terra 250m 16-day
SO1902,Cabudwaaq,SO19,Galgaduud,2015-11-17,0.3008245014662757,0.2917,0.1872143255131964,0.1832,0.9161740999462654,6820,0.018941429339065,0.0,pixel_reliability=0 AND MODLAND_QA(bits0-1)=0 AND VI range -2000..10000,MOD13Q1 V061 Terra 250m 16-day
SO1902,Cabudwaaq,SO19,Galgaduud,2015-12-03,0.2671285812388408,0.2492,0.1695336080208762,0.1585,0.9781031703385276,7281,0.0021493820526598,0.0,pixel_reliability=0 AND MODLAND_QA(bits0-1)=0 AND VI range -2000..10000,MOD13Q1 V061 Terra 250m 16-day
SO1902,Cabudwaaq,SO19,Galgaduud,2015-12-19,0.2474767654986522,0.2286,0.1520382345013477,0.141,0.9967759269210102,7420,0.0001343363782912,0.0,pixel_reliability=0 AND MODLAND_QA(bits0-1)=0 AND VI range -2000..10000,MOD13Q1 V061 Terra 250m 16-day
SO1903,Cadaado,SO19,Galgaduud,2015-01-01,0.1899453539823009,0.1913,0.12503332806573958,0.125,0.8529451408545626,6328,0.00013478905512872354,0.0,pixel_reliability=0 AND MODLAND_QA(bits0-1)=0 AND VI range -2000..10000,MOD13Q1 V061 Terra 250m 16-day
SO1903,Cadaado,SO19,Galgaduud,2015-01-17,0.1847054629882545,0.1867,0.1201105572248019,0.1203,0.9869254616525138,7322,0.0001347890551287,0.0,pixel_reliability=0 AND MODLAND_QA(bits0-1)=0 AND VI range -2000..10000,MOD13Q1 V061 Terra 250m 16-day
SO1903,Cadaado,SO19,Galgaduud,2015-02-02,0.1803525598219254,0.1823,0.1166618809126321,0.1168,0.9688637282652648,7188,0.0008087343307723,0.0,pixel_reliability=0 AND MODLAND_QA(bits0-1)=0 AND VI range -2000..10000,MOD13Q1 V061 Terra 250m 16-day
SO1903,Cadaado,SO19,Galgaduud,2015-02-18,0.1802248036378669,0.1823,0.117522185476092,0.1177,0.9781641730691468,7257,0.0012131014961585,0.0,pixel_reliability=0 AND MODLAND_QA(bits0-1)=0 AND VI range -2000..10000,MOD13Q1 V061 Terra 250m 16-day
SO1903,Cadaado,SO19,Galgaduud,2015-03-06,0.1785436682144364,0.1814,0.1149691008864499,0.1154,0.6386305431998922,4738,0.002426202992317,0.0,pixel_reliability=0 AND MODLAND_QA(bits0-1)=0 AND VI range -2000..10000,MOD13Q1 V061 Terra 250m 16-day
SO1903,Cadaado,SO19,Galgaduud,2015-03-22,0.2103261213720317,0.21085,0.1358738786279683,0.1359,0.5108505189378623,3790,0.1515028979646852,0.0,pixel_reliability=0 AND MODLAND_QA(bits0-1)=0 AND VI range -2000..10000,MOD13Q1 V061 Terra 250m 16-day
SO1903,Cadaado,SO19,Galgaduud,2015-04-07,0.2101832127351664,0.2079,0.1402913892908827,0.13985,0.1862784741878959,1382,0.5814799838253134,0.0040436716538617,pixel_reliability=0 AND MODLAND_QA(bits0-1)=0 AND VI range -2000..10000,MOD13Q1 V061 Terra 250m 16-day
SO1903,Cadaado,SO19,Galgaduud,2015-04-23,0.2129668918918919,0.2112,0.1396486486486486,0.14085,0.019948780159051,148,0.319854427820461,0.2912791481331716,pixel_reliability=0 AND MODLAND_QA(bits0-1)=0 AND VI range -2000..10000,MOD13Q1 V061 Terra 250m 16-day
SO1903,Cadaado,SO19,Galgaduud,2015-05-09,0.2454235616053887,0.2485,0.1641878753859108,0.1653,0.960506806847284,7126,0.0005391562205148,0.0,pixel_reliability=0 AND MODLAND_QA(bits0-1)=0 AND VI range -2000..10000,MOD13Q1 V061 Terra 250m 16-day
SO1903,Cadaado,SO19,Galgaduud,2015-05-25,0.2225662717001928,0.2248,0.148414053458253,0.1487,0.9782989621242756,7258,0.0010783124410297,0.0,pixel_reliability=0 AND MODLAND_QA(bits0-1)=0 AND VI range -2000..10000,MOD13Q1 V061 Terra 250m 16-day
SO1903,Cadaado,SO19,Galgaduud,2015-06-10,0.2007489285036981,0.2019,0.1337390290157405,0.1335,0.7107426876937593,5273,0.079929909691333,0.0,pixel_reliability=0 AND MODLAND_QA(bits0-1)=0 AND VI range -2000..10000,MOD13Q1 V061 Terra 250m 16-day
SO1903,Cadaado,SO19,Galgaduud,2015-06-26,0.1906949150219298,0.1926,0.1250219846491228,0.1251,0.983420946219167,7296,0.0014826796064159,0.0,pixel_reliability=0 AND MODLAND_QA(bits0-1)=0 AND VI range -2000..10000,MOD13Q1 V061 Terra 250m 16-day
SO1903,Cadaado,SO19,Galgaduud,2015-07-12,0.1798638894296282,0.1823,0.1188917850885731,0.1189,0.6924113761962528,5137,0.0634856449656287,0.0,pixel_reliability=0 AND MODLAND_QA(bits0-1)=0 AND VI range -2000..10000,MOD13Q1 V061 Terra 250m 16-day
SO1903,Cadaado,SO19,Galgaduud,2015-07-28,0.1768434446764092,0.1791,0.1192383507306889,0.1195,0.6456395740665858,4790,0.0173877881116053,0.0,pixel_reliability=0 AND MODLAND_QA(bits0-1)=0 AND VI range -2000..10000,MOD13Q1 V061 Terra 250m 16-day
SO1903,Cadaado,SO19,Galgaduud,2015-08-13,0.17879735898887,0.1812,0.1151637804187889,0.1153,0.7145167812373635,5301,0.0026957811025744,0.0,pixel_reliability=0 AND MODLAND_QA(bits0-1)=0 AND VI range -2000..10000,MOD13Q1 V061 Terra 250m 16-day
SO1903,Cadaado,SO19,Galgaduud,2015-08-29,0.1717143271822517,0.1741,0.1165092266224342,0.1168,0.6500876128858337,4823,0.003908882598732983,0.0,pixel_reliability=0 AND MODLAND_QA(bits0-1)=0 AND VI range -2000..10000,MOD13Q1 V061 Terra 250m 16-day
SO1903,Cadaado,SO19,Galgaduud,2015-09-14,0.1763022464071438,0.1779,0.1164091949211664,0.1162,0.9660331581075616,7167,0.0013478905512872,0.0,pixel_reliability=0 AND MODLAND_QA(bits0-1)=0 AND VI range -2000..10000,MOD13Q1 V061 Terra 250m 16-day
SO1903,Cadaado,SO19,Galgaduud,2015-09-30,0.1809232554284767,0.1819,0.1158231228244654,0.1152,0.8131823695915892,6033,0.0250707642539425,0.0010783124410297,pixel_reliability=0 AND MODLAND_QA(bits0-1)=0 AND VI range -2000..10000,MOD13Q1 V061 Terra 250m 16-day
SO1903,Cadaado,SO19,Galgaduud,2015-10-16,0.2207273170731707,0.2201,0.1471897560975609,0.1477,0.0552635126027766,410,0.5167812373635261,0.123331985442782,pixel_reliability=0 AND MODLAND_QA(bits0-1)=0 AND VI range -2000..10000,MOD13Q1 V061 Terra 250m 16-day
SO1903,Cadaado,SO19,Galgaduud,2015-11-01,0.2652485928705441,0.26495,0.1690158536585366,0.1692,0.1436851327672193,1066,0.7077773284809273,0.0051219840948914,pixel_reliability=0 AND MODLAND_QA(bits0-1)=0 AND VI range -2000..10000,MOD13Q1 V061 Terra 250m 16-day
SO1903,Cadaado,SO19,Galgaduud,2015-11-17,0.256401775466284,0.2578,0.1688555595408895,0.1687,0.7515837713977626,5576,0.0202183582693085,0.0,pixel_reliability=0 AND MODLAND_QA(bits0-1)=0 AND VI range -2000..10000,MOD13Q1 V061 Terra 250m 16-day
SO1903,Cadaado,SO19,Galgaduud,2015-12-03,0.2397834749895499,0.2369,0.1585164692768566,0.157,0.9673810486588488,7177,0.0029653592128319,0.0,pixel_reliability=0 AND MODLAND_QA(bits0-1)=0 AND VI range -2000..10000,MOD13Q1 V061 Terra 250m 16-day
SO1903,Cadaado,SO19,Galgaduud,2015-12-19,0.219974260724698,0.2163,0.1451930029154519,0.1427,0.9708855640921956,7203,0.0014826796064159,0.0,pixel_reliability=0 AND MODLAND_QA(bits0-1)=0 AND VI range -2000..10000,MOD13Q1 V061 Terra 250m 16-day
SO1904,Ceel Buur,SO19,Galgaduud,2015-01-01,0.22164190621320218,0.21960000000000002,0.14120432915425643,0.14020000000000002,0.9417482061317678,14437,0.003587736464448793,0.0,pixel_reliability=0 AND MODLAND_QA(bits0-1)=0 AND VI range -2000..10000,MOD13Q1 V061 Terra 250m 16-day
SO1904,Ceel Buur,SO19,Galgaduud,2015-01-17,0.2078324984892231,0.206,0.1316552138588598,0.131,0.9714938030006524,14893,0.0031311154598825,0.0,pixel_reliability=0 AND MODLAND_QA(bits0-1)=0 AND VI range -2000..10000,MOD13Q1 V061 Terra 250m 16-day
SO1904,Ceel Buur,SO19,Galgaduud,2015-02-02,0.2008867347652697,0.1995,0.1237815923878821,0.1233,0.93235485975212,14293,0.0056099151989562,0.0,pixel_reliability=0 AND MODLAND_QA(bits0-1)=0 AND VI range -2000..10000,MOD13Q1 V061 Terra 250m 16-day
SO1904,Ceel Buur,SO19,Galgaduud,2015-02-18,0.1967294383716547,0.1953,0.1244983716547305,0.124,0.865296803652968,13265,0.0133724722765818,0.0,pixel_reliability=0 AND MODLAND_QA(bits0-1)=0 AND VI range -2000..10000,MOD13Q1 V061 Terra 250m 16-day
SO1904,Ceel Buur,SO19,Galgaduud,2015-03-06,0.1933785873015873,0.192,0.1209468571428571,0.1205,0.821917808219178,12600,0.0122635355512067,0.0,pixel_reliability=0 AND MODLAND_QA(bits0-1)=0 AND VI range -2000..10000,MOD13Q1 V061 Terra 250m 16-day
SO1904,Ceel Buur,SO19,Galgaduud,2015-03-22,0.2251167657992565,0.2204,0.1438180297397769,0.1385,0.1754729288975864,2690,0.5251793868232224,0.0020874103065883,pixel_reliability=0 AND MODLAND_QA(bits0-1)=0 AND VI range -2000..10000,MOD13Q1 V061 Terra 250m 16-day
SO1904,Ceel Buur,SO19,Galgaduud,2015-04-07,0.2526328048780488,0.25065,0.1655769512195122,0.1645,0.1069797782126549,1640,0.6943900848010437,0.0061317677756033,pixel_reliability=0 AND MODLAND_QA(bits0-1)=0 AND VI range -2000..10000,MOD13Q1 V061 Terra 250m 16-day
SO1904,Ceel Buur,SO19,Galgaduud,2015-04-23,0.2918720578114246,0.2898,0.1914849736178022,0.1909,0.2843444227005871,4359,0.2617090671885192,0.0347031963470319,pixel_reliability=0 AND MODLAND_QA(bits0-1)=0 AND VI range -2000..10000,MOD13Q1 V061 Terra 250m 16-day
SO1904,Ceel Buur,SO19,Galgaduud,2015-05-09,0.3222921532073553,0.3193,0.2151301669350055,0.2139,0.7697977821265493,11801,0.0387475538160469,0.0033268101761252,pixel_reliability=0 AND MODLAND_QA(bits0-1)=0 AND VI range -2000..10000,MOD13Q1 V061 Terra 250m 16-day
SO1904,Ceel Buur,SO19,Galgaduud,2015-05-25,0.2880277279265703,0.2864,0.1917567710117131,0.1905,0.9523157208088716,14599,0.0090671885192433,0.0002609262883235,pixel_reliability=0 AND MODLAND_QA(bits0-1)=0 AND VI range -2000..10000,MOD13Q1 V061 Terra 250m 16-day
SO1904,Ceel Buur,SO19,Galgaduud,2015-06-10,0.2497916569086651,0.2486,0.1611788348946136,0.1597,0.445662100456621,6832,0.190737116764514,0.0189171559034572,pixel_reliability=0 AND MODLAND_QA(bits0-1)=0 AND VI range -2000..10000,MOD13Q1 V061 Terra 250m 16-day
SO1904,Ceel Buur,SO19,Galgaduud,2015-06-26,0.2290200683487239,0.2266,0.1486775830727841,0.1467,0.897129810828441,13753,0.0270711024135681,0.0,pixel_reliability=0 AND MODLAND_QA(bits0-1)=0 AND VI range -2000..10000,MOD13Q1 V061 Terra 250m 16-day
SO1904,Ceel Buur,SO19,Galgaduud,2015-07-12,0.2051541577825159,0.2059,0.1436539445628998,0.1422,0.030593607305936,469,0.5236138290932811,0.1744292237442922,pixel_reliability=0 AND MODLAND_QA(bits0-1)=0 AND VI range -2000..10000,MOD13Q1 V061 Terra 250m 16-day
SO1904,Ceel Buur,SO19,Galgaduud,2015-07-28,0.2068038206826286,0.2057,0.1407921888266259,0.139,0.3841487279843444,5889,0.2449445531637312,0.0,pixel_reliability=0 AND MODLAND_QA(bits0-1)=0 AND VI range -2000..10000,MOD13Q1 V061 Terra 250m 16-day
SO1904,Ceel Buur,SO19,Galgaduud,2015-08-13,0.1999247136241774,0.1974,0.1295829880575189,0.129,0.26764514024788,4103,0.3195042400521852,0.0238095238095238,pixel_reliability=0 AND MODLAND_QA(bits0-1)=0 AND VI range -2000..10000,MOD13Q1 V061 Terra 250m 16-day
SO1904,Ceel Buur,SO19,Galgaduud,2015-08-29,0.19710608740448182,0.1968,0.1306323774362497,0.1291,0.7597521200260926,11647,0.03796477495107632,0.0,pixel_reliability=0 AND MODLAND_QA(bits0-1)=0 AND VI range -2000..10000,MOD13Q1 V061 Terra 250m 16-day
SO1904,Ceel Buur,SO19,Galgaduud,2015-09-14,0.1998042274217249,0.1972,0.1273696507290607,0.1257,0.5771037181996086,8847,0.0086105675146771,0.0001956947162426,pixel_reliability=0 AND MODLAND_QA(bits0-1)=0 AND VI range -2000..10000,MOD13Q1 V061 Terra 250m 16-day
SO1904,Ceel Buur,SO19,Galgaduud,2015-09-30,0.2040242574257426,0.20065,0.141009900990099,0.13855,0.0131767775603392,202,0.922635355512068,0.0140247879973907,pixel_reliability=0 AND MODLAND_QA(bits0-1)=0 AND VI range -2000..10000,MOD13Q1 V061 Terra 250m 16-day
SO1904,Ceel Buur,SO19,Galgaduud,2015-10-16,0.2715173913043478,0.2714499999999999,0.1754597186700767,0.17525,0.0510110893672537,782,0.342791911285062,0.2823222439660796,pixel_reliability=0 AND MODLAND_QA(bits0-1)=0 AND VI range -2000..10000,MOD13Q1 V061 Terra 250m 16-day
SO1904,Ceel Buur,SO19,Galgaduud,2015-11-01,0.3867128412660063,0.3882,0.235212225175163,0.237,0.5399869536855838,8278,0.308675799086758,0.0027397260273972,pixel_reliability=0 AND MODLAND_QA(bits0-1)=0 AND VI range -2000..10000,MOD13Q1 V061 Terra 250m 16-day
SO1904,Ceel Buur,SO19,Galgaduud,2015-11-17,0.3373065152838428,0.3389,0.2128094497816594,0.212,0.3734507501630789,5725,0.5129158512720157,0.0015655577299412,pixel_reliability=0 AND MODLAND_QA(bits0-1)=0 AND VI range -2000..10000,MOD13Q1 V061 Terra 250m 16-day
SO1904,Ceel Buur,SO19,Galgaduud,2015-12-03,0.3153298244396642,0.3142,0.2066754978835611,0.2072,0.9400521852576648,14411,0.0133072407045009,0.0,pixel_reliability=0 AND MODLAND_QA(bits0-1)=0 AND VI range -2000..10000,MOD13Q1 V061 Terra 250m 16-day
SO1904,Ceel Buur,SO19,Galgaduud,2015-12-19,0.2822407184771719,0.279,0.1803735508802061,0.18,0.911545988258317,13974,0.0156555772994129,0.0,pixel_reliability=0 AND MODLAND_QA(bits0-1)=0 AND VI range -2000..10000,MOD13Q1 V061 Terra 250m 16-day
SO1905,Ceel Dheer,SO19,Galgaduud,2015-01-01,0.24956137851366966,0.24295,0.16305232961108973,0.16010000000000002,0.8526635475662809,10388,0.024296150373471232,0.016252154641713864,pixel_reliability=0 AND MODLAND_QA(bits0-1)=0 AND VI range -2000..10000,MOD13Q1 V061 Terra 250m 16-day
SO1905,Ceel Dheer,SO19,Galgaduud,2015-01-17,0.2250139341328083,0.22285,0.1465749865759799,0.1449,0.9171796765985388,11174,0.0141180333251251,0.0169088073545103,pixel_reliability=0 AND MODLAND_QA(bits0-1)=0 AND VI range -2000..10000,MOD13Q1 V061 Terra 250m 16-day
SO1905,Ceel Dheer,SO19,Galgaduud,2015-02-02,0.1973264856355765,0.2047,0.1296445100354191,0.1317,0.6257079537059838,7623,0.1817286382664368,0.0150209308052203,pixel_reliability=0 AND MODLAND_QA(bits0-1)=0 AND VI range -2000..10000,MOD13Q1 V061 Terra 250m 16-day
SO1905,Ceel Dheer,SO19,Galgaduud,2015-02-18,0.2035454344827586,0.2048,0.1310991310344827,0.13305,0.595091520971846,7250,0.072642206353115,0.0124764015431338,pixel_reliability=0 AND MODLAND_QA(bits0-1)=0 AND VI range -2000..10000,MOD13Q1 V061 Terra 250m 16-day
SO1905,Ceel Dheer,SO19,Galgaduud,2015-03-06,0.2002008103727714,0.2064,0.1292346299297677,0.1295,0.4557990642698842,5553,0.2007715669375359,0.0174833784782073,pixel_reliability=0 AND MODLAND_QA(bits0-1)=0 AND VI range -2000..10000,MOD13Q1 V061 Terra 250m 16-day
SO1905,Ceel Dheer,SO19,Galgaduud,2015-03-22,0.1744439503619441,0.1489,0.1247499482936918,0.1219,0.1587457933185586,1934,0.5157186243125667,0.0136255437905277,pixel_reliability=0 AND MODLAND_QA(bits0-1)=0 AND VI range -2000..10000,MOD13Q1 V061 Terra 250m 16-day
SO1905,Ceel Dheer,SO19,Galgaduud,2015-04-07,0.1995442192538001,0.2092,0.1425288807001382,0.1464,0.1781991299351555,2171,0.3923499958959205,0.0807682836739719,pixel_reliability=0 AND MODLAND_QA(bits0-1)=0 AND VI range -2000..10000,MOD13Q1 V061 Terra 250m 16-day
SO1905,Ceel Dheer,SO19,Galgaduud,2015-04-23,0.290912134375905,0.3018,0.2023872574572835,0.2086,0.2834277271607978,3453,0.3242222769432816,0.0528605433801198,pixel_reliability=0 AND MODLAND_QA(bits0-1)=0 AND VI range -2000..10000,MOD13Q1 V061 Terra 250m 16-day
SO1905,Ceel Dheer,SO19,Galgaduud,2015-05-09,0.3208453276463746,0.29495,0.2316601977510663,0.2301,0.4233768365755561,5158,0.2162029056882541,0.0358696544365098,pixel_reliability=0 AND MODLAND_QA(bits0-1)=0 AND VI range -2000..10000,MOD13Q1 V061 Terra 250m 16-day
SO1905,Ceel Dheer,SO19,Galgaduud,2015-05-25,0.330228408527516,0.3122,0.2250649644686828,0.2146,0.4966756956414676,6051,0.1265698103915291,0.0336534515308216,pixel_reliability=0 AND MODLAND_QA(bits0-1)=0 AND VI range -2000..10000,MOD13Q1 V061 Terra 250m 16-day
SO1905,Ceel Dheer,SO19,Galgaduud,2015-06-10,0.2362688038277512,0.23905,0.1684294736842105,0.175,0.1715505212180907,2090,0.3679717639333497,0.1141754904374948,pixel_reliability=0 AND MODLAND_QA(bits0-1)=0 AND VI range -2000..10000,MOD13Q1 V061 Terra 250m 16-day
SO1905,Ceel Dheer,SO19,Galgaduud,2015-06-26,0.221641530740276,0.2299,0.151812756168967,0.1535,0.1962570795370598,2391,0.4735286875153903,0.065090700155955,pixel_reliability=0 AND MODLAND_QA(bits0-1)=0 AND VI range -2000..10000,MOD13Q1 V061 Terra 250m 16-day
SO1905,Ceel Dheer,SO19,Galgaduud,2015-07-12,0.1422012875536481,0.1389,0.1158377682403433,0.118,0.0191250102601986,233,0.2935237626200443,0.4141016170073052,pixel_reliability=0 AND MODLAND_QA(bits0-1)=0 AND VI range -2000..10000,MOD13Q1 V061 Terra 250m 16-day
SO1905,Ceel Dheer,SO19,Galgaduud,2015-07-28,0.1833660153937241,0.1925,0.1382640615748964,0.1436,0.1386358039891652,1689,0.6290732988590659,0.0296314536649429,pixel_reliability=0 AND MODLAND_QA(bits0-1)=0 AND VI range -2000..10000,MOD13Q1 V061 Terra 250m 16-day
SO1905,Ceel Dheer,SO19,Galgaduud,2015-08-13,0.1489226508407517,0.1442,0.1290481701285855,0.1294,0.0829844865796601,1011,0.4076992530575392,0.1873922679143068,pixel_reliability=0 AND MODLAND_QA(bits0-1)=0 AND VI range -2000..10000,MOD13Q1 V061 Terra 250m 16-day
SO1905,Ceel Dheer,SO19,Galgaduud,2015-08-29,0.17975901639344263,0.1763,0.13339110414657668,0.1337,0.34047443158499546,4148,0.26110153492571614,0.019699581383895593,pixel_reliability=0 AND MODLAND_QA(bits0-1)=0 AND VI range -2000..10000,MOD13Q1 V061 Terra 250m 16-day
SO1905,Ceel Dheer,SO19,Galgaduud,2015-09-14,0.1986239532619279,0.20455,0.1357085929892892,0.1343,0.3371911680210129,4108,0.1664614626939177,0.0291389641303455,pixel_reliability=0 AND MODLAND_QA(bits0-1)=0 AND VI range -2000..10000,MOD13Q1 V061 Terra 250m 16-day
SO1905,Ceel Dheer,SO19,Galgaduud,2015-09-30,0.1246156069364162,0.12105,0.1116186897880539,0.1116,0.0852006894853484,1038,0.7178034966756957,0.0721497168185176,pixel_reliability=0 AND MODLAND_QA(bits0-1)=0 AND VI range -2000..10000,MOD13Q1 V061 Terra 250m 16-day
SO1905,Ceel Dheer,SO19,Galgaduud,2015-10-16,0.1747029074215761,0.1375,0.1355833205814843,0.1215,0.1072806369531314,1307,0.2890092752195682,0.2476401543133875,pixel_reliability=0 AND MODLAND_QA(bits0-1)=0 AND VI range -2000..10000,MOD13Q1 V061 Terra 250m 16-day
SO1905,Ceel Dheer,SO19,Galgaduud,2015-11-01,0.4443615990308904,0.4271,0.280853260650111,0.2734,0.4065501108101453,4953,0.2745629155380448,0.0199458261511942,pixel_reliability=0 AND MODLAND_QA(bits0-1)=0 AND VI range -2000..10000,MOD13Q1 V061 Terra 250m 16-day
SO1905,Ceel Dheer,SO19,Galgaduud,2015-11-17,0.2994412587412587,0.31605,0.2256968531468531,0.24465,0.0939013379299023,1144,0.7476811951079373,0.0203562340966921,pixel_reliability=0 AND MODLAND_QA(bits0-1)=0 AND VI range -2000..10000,MOD13Q1 V061 Terra 250m 16-day
SO1905,Ceel Dheer,SO19,Galgaduud,2015-12-03,0.3725214060529634,0.3741,0.2502252522068096,0.2499,0.5207256012476401,6344,0.2043831568579167,0.0202741525075925,pixel_reliability=0 AND MODLAND_QA(bits0-1)=0 AND VI range -2000..10000,MOD13Q1 V061 Terra 250m 16-day
SO1905,Ceel Dheer,SO19,Galgaduud,2015-12-19,0.3102486360718869,0.32495,0.2051783055198973,0.2121,0.5115324632684889,6232,0.2120988262332759,0.0200279077402938,pixel_reliability=0 AND MODLAND_QA(bits0-1)=0 AND VI range -2000..10000,MOD13Q1 V061 Terra 250m 16-day
SO2001,Belet Weyne,SO20,Hiraan,2015-01-01,0.21491932466615682,0.2116,0.12912019530560623,0.125,0.9805606829718505,16999,0.0010383017997231195,0.0,pixel_reliability=0 AND MODLAND_QA(bits0-1)=0 AND VI range -2000..10000,MOD13Q1 V061 Terra 250m 16-day
SO2001,Belet Weyne,SO20,Hiraan,2015-01-17,0.1991561102050326,0.1991,0.1203241146318732,0.1179,0.9903091832025842,17168,0.0012113520996769,0.0,pixel_reliability=0 AND MODLAND_QA(bits0-1)=0 AND VI range -2000..10000,MOD13Q1 V061 Terra 250m 16-day
SO2001,Belet Weyne,SO20,Hiraan,2015-02-02,0.1923327350222115,0.1933,0.1158573358146236,0.1142,0.9608906322104293,16658,0.0017305029995385,0.0,pixel_reliability=0 AND MODLAND_QA(bits0-1)=0 AND VI range -2000..10000,MOD13Q1 V061 Terra 250m 16-day
SO2001,Belet Weyne,SO20,Hiraan,2015-02-18,0.1886836839617066,0.1901,0.1143957274553835,0.1133,0.9761190586063684,16922,0.0017881864328564,0.0,pixel_reliability=0 AND MODLAND_QA(bits0-1)=0 AND VI range -2000..10000,MOD13Q1 V061 Terra 250m 16-day
SO2001,Belet Weyne,SO20,Hiraan,2015-03-06,0.1855510703363914,0.188,0.113675929193131,0.11305,0.9808491001384404,17004,0.0005768343331795,0.0,pixel_reliability=0 AND MODLAND_QA(bits0-1)=0 AND VI range -2000..10000,MOD13Q1 V061 Terra 250m 16-day
SO2001,Belet Weyne,SO20,Hiraan,2015-03-22,0.2043166989948862,0.1994,0.1232090636572033,0.1198,0.6542455006922012,11342,0.1157706506691278,0.0,pixel_reliability=0 AND MODLAND_QA(bits0-1)=0 AND VI range -2000..10000,MOD13Q1 V061 Terra 250m 16-day
SO2001,Belet Weyne,SO20,Hiraan,2015-04-07,0.2227129340277777,0.2147,0.1473046875,0.14065,0.0664513151822796,1152,0.6847023534840794,0.0399746192893401,pixel_reliability=0 AND MODLAND_QA(bits0-1)=0 AND VI range -2000..10000,MOD13Q1 V061 Terra 250m 16-day
SO2001,Belet Weyne,SO20,Hiraan,2015-04-23,0.3111199570623491,0.3054,0.2052579747741301,0.2,0.6448431010613752,11179,0.08248730964467,0.0122288878634056,pixel_reliability=0 AND MODLAND_QA(bits0-1)=0 AND VI range -2000..10000,MOD13Q1 V061 Terra 250m 16-day
SO2001,Belet Weyne,SO20,Hiraan,2015-05-09,0.3397264113213352,0.33175,0.2207654591601292,0.2139,0.75,13002,0.034090909090909,0.0098638670973696,pixel_reliability=0 AND MODLAND_QA(bits0-1)=0 AND VI range -2000..10000,MOD13Q1 V061 Terra 250m 16-day
SO2001,Belet Weyne,SO20,Hiraan,2015-05-25,0.3232439695329221,0.3192,0.2076814553695077,0.2018,0.9163590216889708,15886,0.0272842639593908,0.0009806183664051,pixel_reliability=0 AND MODLAND_QA(bits0-1)=0 AND VI range -2000..10000,MOD13Q1 V061 Terra 250m 16-day
SO2001,Belet Weyne,SO20,Hiraan,2015-06-10,0.2734471509292668,0.2692,0.1731309347130506,0.1692,0.8473119520073835,14689,0.0352445777572681,0.0009229349330872,pixel_reliability=0 AND MODLAND_QA(bits0-1)=0 AND VI range -2000..10000,MOD13Q1 V061 Terra 250m 16-day
SO2001,Belet Weyne,SO20,Hiraan,2015-06-26,0.2394628353481156,0.2361,0.1506593380309005,0.1478,0.8923050299953853,15469,0.0130941393631748,0.0003461005999077,pixel_reliability=0 AND MODLAND_QA(bits0-1)=0 AND VI range -2000..10000,MOD13Q1 V061 Terra 250m 16-day
SO2001,Belet Weyne,SO20,Hiraan,2015-07-12,0.2130922672672673,0.2103,0.1402239114114114,0.1373,0.3073373327180433,5328,0.3170858329487771,0.0078449469312413,pixel_reliability=0 AND MODLAND_QA(bits0-1)=0 AND VI range -2000..10000,MOD13Q1 V061 Terra 250m 16-day
SO2001,Belet Weyne,SO20,Hiraan,2015-07-28,0.2068123501470255,0.2052,0.133790465957928,0.1313,0.5100369173973235,8842,0.2478080295339178,0.0007498846331333,pixel_reliability=0 AND MODLAND_QA(bits0-1)=0 AND VI range -2000..10000,MOD13Q1 V061 Terra 250m 16-day
SO2001,Belet Weyne,SO20,Hiraan,2015-08-13,0.2064174014281279,0.207,0.1259693883886991,0.1243,0.7431933548684818,12884,0.0311490539916935,0.0,pixel_reliability=0 AND MODLAND_QA(bits0-1)=0 AND VI range -2000..10000,MOD13Q1 V061 Terra 250m 16-day
SO2001,Belet Weyne,SO20,Hiraan,2015-08-29,0.20422192729371033,0.20420000000000002,0.12329024171314999,0.12240000000000001,0.899688509460083,15597,0.007556529764651592,0.0,pixel_reliability=0 AND MODLAND_QA(bits0-1)=0 AND VI range -2000..10000,MOD13Q1 V061 Terra 250m 16-day
SO2001,Belet Weyne,SO20,Hiraan,2015-09-14,0.1969358076526974,0.1972,0.121365230135467,0.1208,0.7281379787724965,12623,0.0103253345639132,0.0,pixel_reliability=0 AND MODLAND_QA(bits0-1)=0 AND VI range -2000..10000,MOD13Q1 V061 Terra 250m 16-day
SO2001,Belet Weyne,SO20,Hiraan,2015-09-30,0.1842455050561173,0.1808,0.1167817535281698,0.1154,0.5190932164282418,8999,0.2442893401015228,0.0003461005999077,pixel_reliability=0 AND MODLAND_QA(bits0-1)=0 AND VI range -2000..10000,MOD13Q1 V061 Terra 250m 16-day
SO2001,Belet Weyne,SO20,Hiraan,2015-10-16,0.3548829387595382,0.337,0.2029803952259831,0.1937,0.294820027688048,5111,0.3131056760498384,0.0679510844485463,pixel_reliability=0 AND MODLAND_QA(bits0-1)=0 AND VI range -2000..10000,MOD13Q1 V061 Terra 250m 16-day
SO2001,Belet Weyne,SO20,Hiraan,2015-11-01,0.4041356725146199,0.4048,0.2263001949317739,0.2258,0.1479580064605445,2565,0.6406898938624827,0.052953391785879,pixel_reliability=0 AND MODLAND_QA(bits0-1)=0 AND VI range -2000..10000,MOD13Q1 V061 Terra 250m 16-day
SO2001,Belet Weyne,SO20,Hiraan,2015-11-17,0.4053038702143632,0.4008,0.2519826757861373,0.2446,0.6915666820489156,11989,0.1844716197508075,0.0,pixel_reliability=0 AND MODLAND_QA(bits0-1)=0 AND VI range -2000..10000,MOD13Q1 V061 Terra 250m 16-day
SO2001,Belet Weyne,SO20,Hiraan,2015-12-03,0.3671301736972705,0.3663,0.2331275248138958,0.2299,0.9298569450853716,16120,0.0162090447623442,0.0,pixel_reliability=0 AND MODLAND_QA(bits0-1)=0 AND VI range -2000..10000,MOD13Q1 V061 Terra 250m 16-day
SO2001,Belet Weyne,SO20,Hiraan,2015-12-19,0.3321459091998083,0.329,0.2029839242932438,0.1994,0.9630826026765114,16696,0.0065182279649284,0.0,pixel_reliability=0 AND MODLAND_QA(bits0-1)=0 AND VI range -2000..10000,MOD13Q1 V061 Terra 250m 16-day
SO2002,Bulo Burto,SO20,Hiraan,2015-01-01,0.25066703115555805,0.24750000000000003,0.1436273201824276,0.14100000000000001,0.966592309326535,18199,0.004673889951136605,0.0,pixel_reliability=0 AND MODLAND_QA(bits0-1)=0 AND VI range -2000..10000,MOD13Q1 V061 Terra 250m 16-day
SO2002,Bulo Burto,SO20,Hiraan,2015-01-17,0.2249832275075333,0.2266,0.1301285675850193,0.1292,0.9870405778627576,18584,0.0015402591884427,0.0,pixel_reliability=0 AND MODLAND_QA(bits0-1)=0 AND VI range -2000..10000,MOD13Q1 V061 Terra 250m 16-day
SO2002,Bulo Burto,SO20,Hiraan,2015-02-02,0.2175703876745091,0.2195,0.1248978419266922,0.1242,0.9549075844486934,17979,0.0016464839600594,0.0,pixel_reliability=0 AND MODLAND_QA(bits0-1)=0 AND VI range -2000..10000,MOD13Q1 V061 Terra 250m 16-day
SO2002,Bulo Burto,SO20,Hiraan,2015-02-18,0.2115471543804616,0.2147,0.1221156341026215,0.1215,0.9481623114510304,17852,0.0059485872105374,0.0,pixel_reliability=0 AND MODLAND_QA(bits0-1)=0 AND VI range -2000..10000,MOD13Q1 V061 Terra 250m 16-day
SO2002,Bulo Burto,SO20,Hiraan,2015-03-06,0.2060369402985074,0.209,0.1209264925373134,0.1206,0.9394518801784576,17688,0.0055236881240705,0.0,pixel_reliability=0 AND MODLAND_QA(bits0-1)=0 AND VI range -2000..10000,MOD13Q1 V061 Terra 250m 16-day
SO2002,Bulo Burto,SO20,Hiraan,2015-03-22,0.2342552235833084,0.232,0.1309617567971317,0.127,0.5333014659018483,10041,0.2451667728914383,0.0010622477161674,pixel_reliability=0 AND MODLAND_QA(bits0-1)=0 AND VI range -2000..10000,MOD13Q1 V061 Terra 250m 16-day
SO2002,Bulo Burto,SO20,Hiraan,2015-04-07,0.2741448640483384,0.26915,0.1769827794561933,0.1692,0.0351603994051412,662,0.5034523050775441,0.16199277671553,pixel_reliability=0 AND MODLAND_QA(bits0-1)=0 AND VI range -2000..10000,MOD13Q1 V061 Terra 250m 16-day
SO2002,Bulo Burto,SO20,Hiraan,2015-04-23,0.397661871887732,0.3986,0.249776324128565,0.25035,0.4693010410027618,8836,0.181909921393669,0.0174208625451455,pixel_reliability=0 AND MODLAND_QA(bits0-1)=0 AND VI range -2000..10000,MOD13Q1 V061 Terra 250m 16-day
SO2002,Bulo Burto,SO20,Hiraan,2015-05-09,0.419109866962306,0.4203,0.2696130958980044,0.2693,0.3832589759932016,7216,0.252443169747185,0.016783513915445,pixel_reliability=0 AND MODLAND_QA(bits0-1)=0 AND VI range -2000..10000,MOD13Q1 V061 Terra 250m 16-day
SO2002,Bulo Burto,SO20,Hiraan,2015-05-25,0.3778188659554731,0.3733,0.2343415816326531,0.232,0.4580412152113873,8624,0.303909071595496,0.0148714680263437,pixel_reliability=0 AND MODLAND_QA(bits0-1)=0 AND VI range -2000..10000,MOD13Q1 V061 Terra 250m 16-day
SO2002,Bulo Burto,SO20,Hiraan,2015-06-10,0.3045974871656309,0.3022,0.1855333423399081,0.18425,0.3931378797535585,7402,0.2642341193966433,0.1045782876566815,pixel_reliability=0 AND MODLAND_QA(bits0-1)=0 AND VI range -2000..10000,MOD13Q1 V061 Terra 250m 16-day
SO2002,Bulo Burto,SO20,Hiraan,2015-06-26,0.2626011534276388,0.2603,0.1617631338411316,0.1603,0.2440514127894625,4595,0.3532504780114723,0.0743573401317187,pixel_reliability=0 AND MODLAND_QA(bits0-1)=0 AND VI range -2000..10000,MOD13Q1 V061 Terra 250m 16-day
SO2002,Bulo Burto,SO20,Hiraan,2015-07-12,0.2011949771689497,0.1981,0.1320538812785388,0.1297,0.0116316124920331,219,0.6087210537497344,0.191948162311451,pixel_reliability=0 AND MODLAND_QA(bits0-1)=0 AND VI range -2000..10000,MOD13Q1 V061 Terra 250m 16-day
SO2002,Bulo Burto,SO20,Hiraan,2015-07-28,0.218012029611351,0.2146,0.1379901295496607,0.137,0.0860951773953686,1621,0.6357021457403866,0.0431272572763968,pixel_reliability=0 AND MODLAND_QA(bits0-1)=0 AND VI range -2000..10000,MOD13Q1 V061 Terra 250m 16-day
SO2002,Bulo Burto,SO20,Hiraan,2015-08-13,0.2194676280457484,0.2206,0.1380745068788331,0.1384,0.3204270235818993,6033,0.3480985765880603,0.0075419587847886,pixel_reliability=0 AND MODLAND_QA(bits0-1)=0 AND VI range -2000..10000,MOD13Q1 V061 Terra 250m 16-day
SO2002,Bulo Burto,SO20,Hiraan,2015-08-29,0.23502909522072235,0.2343,0.13795232579350603,0.1373,0.5823241980029743,10964,0.149511366050563,0.0007966857871255577,pixel_reliability=0 AND MODLAND_QA(bits0-1)=0 AND VI range -2000..10000,MOD13Q1 V061 Terra 250m 16-day
SO2002,Bulo Burto,SO20,Hiraan,2015-09-14,0.2247502115059221,0.227,0.129481972645234,0.1286,0.7533460803059273,14184,0.0531654981941788,0.0008497981729339,pixel_reliability=0 AND MODLAND_QA(bits0-1)=0 AND VI range -2000..10000,MOD13Q1 V061 Terra 250m 16-day
SO2002,Bulo Burto,SO20,Hiraan,2015-09-30,0.2003953846153846,0.1954,0.1240560839160839,0.1228,0.0379753558529849,715,0.8905353728489483,0.0122158487359252,pixel_reliability=0 AND MODLAND_QA(bits0-1)=0 AND VI range -2000..10000,MOD13Q1 V061 Terra 250m 16-day
SO2002,Bulo Burto,SO20,Hiraan,2015-10-16,0.4474775308641975,0.4538,0.2618040740740741,0.2673,0.0860420650095602,1620,0.3581899298916507,0.2599320161461653,pixel_reliability=0 AND MODLAND_QA(bits0-1)=0 AND VI range -2000..10000,MOD13Q1 V061 Terra 250m 16-day
SO2002,Bulo Burto,SO20,Hiraan,2015-11-01,0.4720131386861314,0.46575,0.2919018248175182,0.2925,0.0145527937114935,274,0.7436265137029955,0.0833864457191417,pixel_reliability=0 AND MODLAND_QA(bits0-1)=0 AND VI range -2000..10000,MOD13Q1 V061 Terra 250m 16-day
SO2002,Bulo Burto,SO20,Hiraan,2015-11-17,0.4885048357098574,0.4917,0.2956688158710477,0.2937,0.0856702783089016,1613,0.7914807733163374,0.0074888463989802,pixel_reliability=0 AND MODLAND_QA(bits0-1)=0 AND VI range -2000..10000,MOD13Q1 V061 Terra 250m 16-day
SO2002,Bulo Burto,SO20,Hiraan,2015-12-03,0.4663511896471681,0.46925,0.2944735376044567,0.2958,0.9152326322498406,17232,0.0185362226471213,0.0,pixel_reliability=0 AND MODLAND_QA(bits0-1)=0 AND VI range -2000..10000,MOD13Q1 V061 Terra 250m 16-day
SO2002,Bulo Burto,SO20,Hiraan,2015-12-19,0.4253835159306875,0.4265,0.2499526103968697,0.2508,0.9501805821117484,17890,0.0074888463989802,0.0,pixel_reliability=0 AND MODLAND_QA(bits0-1)=0 AND VI range -2000..10000,MOD13Q1 V061 Terra 250m 16-day
SO2003,Jalalaqsi,SO20,Hiraan,2015-01-01,0.27635272318921955,0.27035000000000003,0.16803559797866366,0.16455,0.9705722070844687,3562,0.004359673024523161,0.0,pixel_reliability=0 AND MODLAND_QA(bits0-1)=0 AND VI range -2000..10000,MOD13Q1 V061 Terra 250m 16-day
SO2003,Jalalaqsi,SO20,Hiraan,2015-01-17,0.2460579063360881,0.2451,0.1512442699724518,0.1507,0.989100817438692,3630,0.000817438692098,0.0,pixel_reliability=0 AND MODLAND_QA(bits0-1)=0 AND VI range -2000..10000,MOD13Q1 V061 Terra 250m 16-day
SO2003,Jalalaqsi,SO20,Hiraan,2015-02-02,0.233995785440613,0.2356,0.1421593869731801,0.1449,0.9956403269754768,3654,0.0,0.0,pixel_reliability=0 AND MODLAND_QA(bits0-1)=0 AND VI range -2000..10000,MOD13Q1 V061 Terra 250m 16-day
SO2003,Jalalaqsi,SO20,Hiraan,2015-02-18,0.2263242029387302,0.23,0.1397237593568062,0.143,0.98283378746594,3607,0.0027247956403269,0.0,pixel_reliability=0 AND MODLAND_QA(bits0-1)=0 AND VI range -2000..10000,MOD13Q1 V061 Terra 250m 16-day
SO2003,Jalalaqsi,SO20,Hiraan,2015-03-06,0.2158573364081867,0.2185,0.1387239262035168,0.1443,0.9452316076294278,3469,0.003542234332425,0.0,pixel_reliability=0 AND MODLAND_QA(bits0-1)=0 AND VI range -2000..10000,MOD13Q1 V061 Terra 250m 16-day
SO2003,Jalalaqsi,SO20,Hiraan,2015-03-22,0.2389410735586481,0.2485,0.140565129224652,0.1453,0.6852861035422343,2515,0.0899182561307901,0.0,pixel_reliability=0 AND MODLAND_QA(bits0-1)=0 AND VI range -2000..10000,MOD13Q1 V061 Terra 250m 16-day
SO2003,Jalalaqsi,SO20,Hiraan,2015-04-07,0.303868287037037,0.3153,0.2094611111111111,0.2142,0.1177111716621253,432,0.3272479564032697,0.2354223433242507,pixel_reliability=0 AND MODLAND_QA(bits0-1)=0 AND VI range -2000..10000,MOD13Q1 V061 Terra 250m 16-day
SO2003,Jalalaqsi,SO20,Hiraan,2015-04-23,0.3582061802575107,0.3765,0.2296321030042918,0.2454,0.3174386920980926,1165,0.2465940054495912,0.0337874659400544,pixel_reliability=0 AND MODLAND_QA(bits0-1)=0 AND VI range -2000..10000,MOD13Q1 V061 Terra 250m 16-day
SO2003,Jalalaqsi,SO20,Hiraan,2015-05-09,0.4434436438195664,0.4447,0.2952955477445811,0.3008,0.4651226158038147,1707,0.1980926430517711,0.0095367847411444,pixel_reliability=0 AND MODLAND_QA(bits0-1)=0 AND VI range -2000..10000,MOD13Q1 V061 Terra 250m 16-day
SO2003,Jalalaqsi,SO20,Hiraan,2015-05-25,0.4214323529411765,0.4326,0.2736156862745098,0.28045,0.0277929155313351,102,0.482016348773842,0.1427792915531335,pixel_reliability=0 AND MODLAND_QA(bits0-1)=0 AND VI range -2000..10000,MOD13Q1 V061 Terra 250m 16-day
SO2003,Jalalaqsi,SO20,Hiraan,2015-06-10,0.3074769230769231,0.28815,0.2185192307692307,0.20255,0.0070844686648501,26,0.4893732970027248,0.1994550408719346,pixel_reliability=0 AND MODLAND_QA(bits0-1)=0 AND VI range -2000..10000,MOD13Q1 V061 Terra 250m 16-day
SO2003,Jalalaqsi,SO20,Hiraan,2015-06-26,0.3228999999999999,0.3178,0.2072639344262295,0.202,0.0166212534059945,61,0.4803814713896457,0.173841961852861,pixel_reliability=0 AND MODLAND_QA(bits0-1)=0 AND VI range -2000..10000,MOD13Q1 V061 Terra 250m 16-day
SO2003,Jalalaqsi,SO20,Hiraan,2015-07-12,0.238,0.238,0.1644,0.1644,0.0002724795640326,1,0.3539509536784741,0.3623978201634877,pixel_reliability=0 AND MODLAND_QA(bits0-1)=0 AND VI range -2000..10000,MOD13Q1 V061 Terra 250m 16-day
SO2003,Jalalaqsi,SO20,Hiraan,2015-07-28,0.3065944444444444,0.33165,0.2017222222222222,0.2198,0.0049046321525885,18,0.5081743869209809,0.1820163487738419,pixel_reliability=0 AND MODLAND_QA(bits0-1)=0 AND VI range -2000..10000,MOD13Q1 V061 Terra 250m 16-day
SO2003,Jalalaqsi,SO20,Hiraan,2015-08-13,0.2165849056603773,0.2181,0.1455905660377358,0.1451,0.0433242506811989,159,0.5283378746594005,0.1264305177111716,pixel_reliability=0 AND MODLAND_QA(bits0-1)=0 AND VI range -2000..10000,MOD13Q1 V061 Terra 250m 16-day
SO2003,Jalalaqsi,SO20,Hiraan,2015-08-29,0.27246370854740776,0.28350000000000003,0.1802558617468473,0.18580000000000002,0.5833787465940055,2141,0.13542234332425068,0.0019073569482288828,pixel_reliability=0 AND MODLAND_QA(bits0-1)=0 AND VI range -2000..10000,MOD13Q1 V061 Terra 250m 16-day
SO2003,Jalalaqsi,SO20,Hiraan,2015-09-14,0.2156750992063492,0.21535,0.1448714285714286,0.1458,0.2746594005449591,1008,0.4463215258855585,0.0204359673024523,pixel_reliability=0 AND MODLAND_QA(bits0-1)=0 AND VI range -2000..10000,MOD13Q1 V061 Terra 250m 16-day
SO2003,Jalalaqsi,SO20,Hiraan,2015-09-30,0.2369,0.24795,0.15875,0.17115,0.0021798365122615,8,0.7073569482288828,0.1487738419618528,pixel_reliability=0 AND MODLAND_QA(bits0-1)=0 AND VI range -2000..10000,MOD13Q1 V061 Terra 250m 16-day
SO2003,Jalalaqsi,SO20,Hiraan,2015-10-16,0.35583,0.36455,0.2249333333333333,0.23415,0.0081743869209809,30,0.364850136239782,0.2776566757493188,pixel_reliability=0 AND MODLAND_QA(bits0-1)=0 AND VI range -2000..10000,MOD13Q1 V061 Terra 250m 16-day
SO2003,Jalalaqsi,SO20,Hiraan,2015-11-01,0.4984532258064516,0.5107,0.3182903225806451,0.31675,0.0168937329700272,62,0.7501362397820164,0.0463215258855585,pixel_reliability=0 AND MODLAND_QA(bits0-1)=0 AND VI range -2000..10000,MOD13Q1 V061 Terra 250m 16-day
SO2003,Jalalaqsi,SO20,Hiraan,2015-11-17,0.57686,0.5931,0.3745900000000001,0.3785,0.0027247956403269,10,0.7983651226158038,0.0602179836512261,pixel_reliability=0 AND MODLAND_QA(bits0-1)=0 AND VI range -2000..10000,MOD13Q1 V061 Terra 250m 16-day
SO2003,Jalalaqsi,SO20,Hiraan,2015-12-03,0.4787057812036763,0.4819,0.3091852060480285,0.3106,0.9190735694822888,3373,0.026975476839237,0.0,pixel_reliability=0 AND MODLAND_QA(bits0-1)=0 AND VI range -2000..10000,MOD13Q1 V061 Terra 250m 16-day
SO2003,Jalalaqsi,SO20,Hiraan,2015-12-19,0.4565464057971015,0.4589,0.2793922028985507,0.2813,0.9400544959128064,3450,0.0128065395095367,0.0,pixel_reliability=0 AND MODLAND_QA(bits0-1)=0 AND VI range -2000..10000,MOD13Q1 V061 Terra 250m 16-day
SO2101,Jowhar,SO21,Middle Shabelle,2015-01-01,0.2921582027732757,0.2726,0.1813663785341257,0.17120000000000002,0.9886060174470358,5553,0.0005340929321701976,0.0,pixel_reliability=0 AND MODLAND_QA(bits0-1)=0 AND VI range -2000..10000,MOD13Q1 V061 Terra 250m 16-day
SO2101,Jowhar,SO21,Middle Shabelle,2015-01-17,0.2613961462627711,0.2451,0.1629829539343968,0.1549,0.9932348228591776,5579,0.0003560619547801,0.0,pixel_reliability=0 AND MODLAND_QA(bits0-1)=0 AND VI range -2000..10000,MOD13Q1 V061 Terra 250m 16-day
SO2101,Jowhar,SO21,Middle Shabelle,2015-02-02,0.2472644472101224,0.2263,0.1547993984650487,0.1441,0.8582873419975076,4821,0.0265266156311198,0.0014242478191205,pixel_reliability=0 AND MODLAND_QA(bits0-1)=0 AND VI range -2000..10000,MOD13Q1 V061 Terra 250m 16-day
SO2101,Jowhar,SO21,Middle Shabelle,2015-02-18,0.2470712430426716,0.2225,0.1550619851576994,0.1434,0.959586968132455,5390,0.0051628983443119,0.0,pixel_reliability=0 AND MODLAND_QA(bits0-1)=0 AND VI range -2000..10000,MOD13Q1 V061 Terra 250m 16-day
SO2101,Jowhar,SO21,Middle Shabelle,2015-03-06,0.2336094081110705,0.2113,0.1539271099744245,0.14205,0.9745415702332206,5474,0.0007121239095602,0.0,pixel_reliability=0 AND MODLAND_QA(bits0-1)=0 AND VI range -2000..10000,MOD13Q1 V061 Terra 250m 16-day
SO2101,Jowhar,SO21,Middle Shabelle,2015-03-22,0.2192515554213228,0.2134,0.1346058894593778,0.1319,0.5894605661385081,3311,0.1502581449172156,0.0,pixel_reliability=0 AND MODLAND_QA(bits0-1)=0 AND VI range -2000..10000,MOD13Q1 V061 Terra 250m 16-day
SO2101,Jowhar,SO21,Middle Shabelle,2015-04-07,0.2601394321766562,0.23545,0.1707796529968454,0.14995,0.2257432793306035,1268,0.2697169307459497,0.1287163966530176,pixel_reliability=0 AND MODLAND_QA(bits0-1)=0 AND VI range -2000..10000,MOD13Q1 V061 Terra 250m 16-day
SO2101,Jowhar,SO21,Middle Shabelle,2015-04-23,0.3910405982905983,0.3803,0.2359788766788767,0.2276,0.2916147409649279,1638,0.221648566850632,0.0382766601388641,pixel_reliability=0 AND MODLAND_QA(bits0-1)=0 AND VI range -2000..10000,MOD13Q1 V061 Terra 250m 16-day
SO2101,Jowhar,SO21,Middle Shabelle,2015-05-09,0.4807541310541311,0.4736,0.316280056980057,0.3155,0.0624888730639131,351,0.5390777995371194,0.0489585187822681,pixel_reliability=0 AND MODLAND_QA(bits0-1)=0 AND VI range -2000..10000,MOD13Q1 V061 Terra 250m 16-day
SO2101,Jowhar,SO21,Middle Shabelle,2015-05-25,0.5388981132075472,0.517,0.3701603773584906,0.3682,0.0094356418016734,53,0.4751646786540858,0.1666369948371016,pixel_reliability=0 AND MODLAND_QA(bits0-1)=0 AND VI range -2000..10000,MOD13Q1 V061 Terra 250m 16-day
SO2101,Jowhar,SO21,Middle Shabelle,2015-06-10,0.3797682926829269,0.3754,0.2697268292682927,0.2673,0.0072992700729927,41,0.5040056969912765,0.2123909560263485,pixel_reliability=0 AND MODLAND_QA(bits0-1)=0 AND VI range -2000..10000,MOD13Q1 V061 Terra 250m 16-day
SO2101,Jowhar,SO21,Middle Shabelle,2015-06-26,0.3224224137931034,0.2971,0.2019155172413793,0.19,0.0103257966886238,58,0.4942139932348228,0.1988606017447035,pixel_reliability=0 AND MODLAND_QA(bits0-1)=0 AND VI range -2000..10000,MOD13Q1 V061 Terra 250m 16-day
SO2101,Jowhar,SO21,Middle Shabelle,2015-07-12,0.2246083333333333,0.22335,0.165175,0.1662,0.0021363717286807,12,0.3836567562755919,0.3546377069610112,pixel_reliability=0 AND MODLAND_QA(bits0-1)=0 AND VI range -2000..10000,MOD13Q1 V061 Terra 250m 16-day
SO2101,Jowhar,SO21,Middle Shabelle,2015-07-28,0.2618896551724138,0.2313,0.165703448275862,0.1546,0.0051628983443119,29,0.4559373330959587,0.2068719957272565,pixel_reliability=0 AND MODLAND_QA(bits0-1)=0 AND VI range -2000..10000,MOD13Q1 V061 Terra 250m 16-day
SO2101,Jowhar,SO21,Middle Shabelle,2015-08-13,0.2331613636363636,0.222,0.1572159090909091,0.165,0.0078333630051628,44,0.4230016022787965,0.2681146519494392,pixel_reliability=0 AND MODLAND_QA(bits0-1)=0 AND VI range -2000..10000,MOD13Q1 V061 Terra 250m 16-day
SO2101,Jowhar,SO21,Middle Shabelle,2015-08-29,0.2656317757009346,0.2635,0.18164205607476638,0.1826,0.057147943742211146,321,0.5346270251023678,0.1100231440270607,pixel_reliability=0 AND MODLAND_QA(bits0-1)=0 AND VI range -2000..10000,MOD13Q1 V061 Terra 250m 16-day
SO2101,Jowhar,SO21,Middle Shabelle,2015-09-14,0.2204769230769231,0.216,0.1599538461538461,0.1583,0.0208296243546377,117,0.5965818052341108,0.148655866120705,pixel_reliability=0 AND MODLAND_QA(bits0-1)=0 AND VI range -2000..10000,MOD13Q1 V061 Terra 250m 16-day
SO2101,Jowhar,SO21,Middle Shabelle,2015-09-30,0.2062279999999999,0.1962,0.1365253333333333,0.1315,0.0133523233042549,75,0.3088837457717643,0.394694676873776,pixel_reliability=0 AND MODLAND_QA(bits0-1)=0 AND VI range -2000..10000,MOD13Q1 V061 Terra 250m 16-day
SO2101,Jowhar,SO21,Middle Shabelle,2015-10-16,0.3678982035928144,0.379,0.2487131736526946,0.2522,0.029731173224141,167,0.4034181947658892,0.2497774612782624,pixel_reliability=0 AND MODLAND_QA(bits0-1)=0 AND VI range -2000..10000,MOD13Q1 V061 Terra 250m 16-day
SO2101,Jowhar,SO21,Middle Shabelle,2015-11-01,0.5834808917197453,0.5764,0.3754174097664543,0.3746,0.083852590350721,471,0.5992522698949617,0.0826063735089905,pixel_reliability=0 AND MODLAND_QA(bits0-1)=0 AND VI range -2000..10000,MOD13Q1 V061 Terra 250m 16-day
SO2101,Jowhar,SO21,Middle Shabelle,2015-11-17,0.5637631578947366,0.5754,0.3882436090225563,0.3968,0.0236781199928787,133,0.6834609222004628,0.0546555100587502,pixel_reliability=0 AND MODLAND_QA(bits0-1)=0 AND VI range -2000..10000,MOD13Q1 V061 Terra 250m 16-day
SO2101,Jowhar,SO21,Middle Shabelle,2015-12-03,0.5141961678004534,0.5119,0.3439998639455782,0.3413,0.7851166102901905,4410,0.0669396474986647,0.0003560619547801,pixel_reliability=0 AND MODLAND_QA(bits0-1)=0 AND VI range -2000..10000,MOD13Q1 V061 Terra 250m 16-day
SO2101,Jowhar,SO21,Middle Shabelle,2015-12-19,0.5068549547920435,0.5016,0.3180335623869801,0.3148,0.9845113049670644,5530,0.0012462168417304,0.0,pixel_reliability=0 AND MODLAND_QA(bits0-1)=0 AND VI range -2000..10000,MOD13Q1 V061 Terra 250m 16-day
SO2102,Adan Yabaal,SO21,Middle Shabelle,2015-01-01,0.3080970561594203,0.30665000000000003,0.20483238224637682,0.20105,0.9342077427543897,4416,0.012481489316691347,0.010365982652845357,pixel_reliability=0 AND MODLAND_QA(bits0-1)=0 AND VI range -2000..10000,MOD13Q1 V061 Terra 250m 16-day
SO2102,Adan Yabaal,SO21,Middle Shabelle,2015-01-17,0.2755021324354658,0.2742,0.1764303479236812,0.1757,0.9424582187433892,4455,0.0122699386503067,0.0110006346519991,pixel_reliability=0 AND MODLAND_QA(bits0-1)=0 AND VI range -2000..10000,MOD13Q1 V061 Terra 250m 16-day
SO2102,Adan Yabaal,SO21,Middle Shabelle,2015-02-02,0.232420366972477,0.2438,0.1533157798165137,0.1538,0.6917706790776391,3270,0.1411042944785276,0.0112121853183837,pixel_reliability=0 AND MODLAND_QA(bits0-1)=0 AND VI range -2000..10000,MOD13Q1 V061 Terra 250m 16-day
SO2102,Adan Yabaal,SO21,Middle Shabelle,2015-02-18,0.2346605378361476,0.2412,0.1500241713570982,0.1511,0.676539031097948,3198,0.0207319653056907,0.0110006346519991,pixel_reliability=0 AND MODLAND_QA(bits0-1)=0 AND VI range -2000..10000,MOD13Q1 V061 Terra 250m 16-day
SO2102,Adan Yabaal,SO21,Middle Shabelle,2015-03-06,0.218950358917725,0.2259,0.1447049696300386,0.1442,0.383118256822509,1811,0.2667653903109794,0.0126930399830759,pixel_reliability=0 AND MODLAND_QA(bits0-1)=0 AND VI range -2000..10000,MOD13Q1 V061 Terra 250m 16-day
SO2102,Adan Yabaal,SO21,Middle Shabelle,2015-03-22,0.2222014492753623,0.2273,0.1476553945249597,0.1436,0.3941188914745081,1863,0.32980748889359,0.0112121853183837,pixel_reliability=0 AND MODLAND_QA(bits0-1)=0 AND VI range -2000..10000,MOD13Q1 V061 Terra 250m 16-day
SO2102,Adan Yabaal,SO21,Middle Shabelle,2015-04-07,0.3026480558325025,0.307,0.2123310069790628,0.2115,0.2121853183837529,1003,0.2788237782949016,0.0655807065792257,pixel_reliability=0 AND MODLAND_QA(bits0-1)=0 AND VI range -2000..10000,MOD13Q1 V061 Terra 250m 16-day
SO2102,Adan Yabaal,SO21,Middle Shabelle,2015-04-23,0.3860697498545666,0.3789,0.2701322862129144,0.2618,0.3636555955151259,1719,0.227416966363444,0.0272900359636132,pixel_reliability=0 AND MODLAND_QA(bits0-1)=0 AND VI range -2000..10000,MOD13Q1 V061 Terra 250m 16-day
SO2102,Adan Yabaal,SO21,Middle Shabelle,2015-05-09,0.4520267166762839,0.4526,0.3218494518176573,0.319,0.3666173048445102,1733,0.2223397503702136,0.0357520626189972,pixel_reliability=0 AND MODLAND_QA(bits0-1)=0 AND VI range -2000..10000,MOD13Q1 V061 Terra 250m 16-day
SO2102,Adan Yabaal,SO21,Middle Shabelle,2015-05-25,0.428322905027933,0.4375,0.2924608240223463,0.2913,0.3029405542627459,1432,0.2635921303152105,0.0275015866299978,pixel_reliability=0 AND MODLAND_QA(bits0-1)=0 AND VI range -2000..10000,MOD13Q1 V061 Terra 250m 16-day
SO2102,Adan Yabaal,SO21,Middle Shabelle,2015-06-10,0.2319426666666666,0.224,0.193916,0.1962,0.0158662999788449,75,0.338269515548974,0.3490585995345885,pixel_reliability=0 AND MODLAND_QA(bits0-1)=0 AND VI range -2000..10000,MOD13Q1 V061 Terra 250m 16-day
SO2102,Adan Yabaal,SO21,Middle Shabelle,2015-06-26,0.2504614814814815,0.2519,0.1927577777777777,0.1911,0.0285593399619208,135,0.7010789083985615,0.0829278612227628,pixel_reliability=0 AND MODLAND_QA(bits0-1)=0 AND VI range -2000..10000,MOD13Q1 V061 Terra 250m 16-day
SO2102,Adan Yabaal,SO21,Middle Shabelle,2015-07-12,0.1743142857142857,0.1699,0.1481,0.1492,0.0044425639940765,21,0.3101332769198223,0.4742965940342712,pixel_reliability=0 AND MODLAND_QA(bits0-1)=0 AND VI range -2000..10000,MOD13Q1 V061 Terra 250m 16-day
SO2102,Adan Yabaal,SO21,Middle Shabelle,2015-07-28,0.2315309523809524,0.2378,0.168718253968254,0.1701,0.0533107679289189,252,0.7015020097313307,0.042733234609689,pixel_reliability=0 AND MODLAND_QA(bits0-1)=0 AND VI range -2000..10000,MOD13Q1 V061 Terra 250m 16-day
SO2102,Adan Yabaal,SO21,Middle Shabelle,2015-08-13,0.1694632206759443,0.1623,0.1379992047713718,0.1367,0.1064099851914533,503,0.3344616035540512,0.237994499682674,pixel_reliability=0 AND MODLAND_QA(bits0-1)=0 AND VI range -2000..10000,MOD13Q1 V061 Terra 250m 16-day
SO2102,Adan Yabaal,SO21,Middle Shabelle,2015-08-29,0.23415837193911318,0.23950000000000002,0.16079702183984118,0.16110000000000002,0.31965305690712925,1511,0.24264861434313517,0.014808546646921938,pixel_reliability=0 AND MODLAND_QA(bits0-1)=0 AND VI range -2000..10000,MOD13Q1 V061 Terra 250m 16-day
SO2102,Adan Yabaal,SO21,Middle Shabelle,2015-09-14,0.2075884201077199,0.2169,0.1478076301615799,0.14645,0.2356674423524434,1114,0.2525914956632113,0.1040829278612227,pixel_reliability=0 AND MODLAND_QA(bits0-1)=0 AND VI range -2000..10000,MOD13Q1 V061 Terra 250m 16-day
SO2102,Adan Yabaal,SO21,Middle Shabelle,2015-09-30,0.1437125925925926,0.1293,0.1257377777777777,0.1194,0.0285593399619208,135,0.6107467738523377,0.1798180664269092,pixel_reliability=0 AND MODLAND_QA(bits0-1)=0 AND VI range -2000..10000,MOD13Q1 V061 Terra 250m 16-day
SO2102,Adan Yabaal,SO21,Middle Shabelle,2015-10-16,0.2151725274725274,0.1621,0.1669164835164835,0.13365,0.038502221281997,182,0.3532896128622805,0.2758620689655172,pixel_reliability=0 AND MODLAND_QA(bits0-1)=0 AND VI range -2000..10000,MOD13Q1 V061 Terra 250m 16-day
SO2102,Adan Yabaal,SO21,Middle Shabelle,2015-11-01,0.4786930041152263,0.4869,0.315754732510288,0.3166,0.0514068119314575,243,0.7048868203934843,0.0454833932726888,pixel_reliability=0 AND MODLAND_QA(bits0-1)=0 AND VI range -2000..10000,MOD13Q1 V061 Terra 250m 16-day
SO2102,Adan Yabaal,SO21,Middle Shabelle,2015-11-17,0.5162320930232558,0.5594,0.3507079069767441,0.3726,0.0454833932726888,215,0.7438121430082505,0.0404061772794584,pixel_reliability=0 AND MODLAND_QA(bits0-1)=0 AND VI range -2000..10000,MOD13Q1 V061 Terra 250m 16-day
SO2102,Adan Yabaal,SO21,Middle Shabelle,2015-12-03,0.4755988551803091,0.4808,0.3204784773898111,0.3237,0.3695790141738946,1747,0.4000423101332769,0.0236936746350751,pixel_reliability=0 AND MODLAND_QA(bits0-1)=0 AND VI range -2000..10000,MOD13Q1 V061 Terra 250m 16-day
SO2102,Adan Yabaal,SO21,Middle Shabelle,2015-12-19,0.4438148695652174,0.4457,0.2819848260869565,0.2802,0.4865665326845779,2300,0.2504759889993653,0.0236936746350751,pixel_reliability=0 AND MODLAND_QA(bits0-1)=0 AND VI range -2000..10000,MOD13Q1 V061 Terra 250m 16-day
SO2103,Balcad,SO21,Middle Shabelle,2015-01-01,0.35235923612779246,0.3332,0.23819183281287531,0.23340000000000002,0.8354404976921533,4163,0.02789484246437889,0.019867549668874173,pixel_reliability=0 AND MODLAND_QA(bits0-1)=0 AND VI range -2000..10000,MOD13Q1 V061 Terra 250m 16-day
SO2103,Balcad,SO21,Middle Shabelle,2015-01-17,0.3010869817209095,0.2826,0.2040454748105216,0.1985,0.9002608870158539,4486,0.0226771021473008,0.0196668673489865,pixel_reliability=0 AND MODLAND_QA(bits0-1)=0 AND VI range -2000..10000,MOD13Q1 V061 Terra 250m 16-day
SO2103,Balcad,SO21,Middle Shabelle,2015-02-02,0.275739435483871,0.2598,0.1876820967741935,0.1834,0.4976921533212924,2480,0.1029500301023479,0.1489062813566125,pixel_reliability=0 AND MODLAND_QA(bits0-1)=0 AND VI range -2000..10000,MOD13Q1 V061 Terra 250m 16-day
SO2103,Balcad,SO21,Middle Shabelle,2015-02-18,0.2626647679842868,0.2427,0.1749368769948441,0.1698,0.8173790889022677,4073,0.0252859723058398,0.0236805137467389,pixel_reliability=0 AND MODLAND_QA(bits0-1)=0 AND VI range -2000..10000,MOD13Q1 V061 Terra 250m 16-day
SO2103,Balcad,SO21,Middle Shabelle,2015-03-06,0.2430494371904547,0.2245,0.1647809095002251,0.1606,0.8914308649407987,4442,0.020469596628537,0.0210716435881998,pixel_reliability=0 AND MODLAND_QA(bits0-1)=0 AND VI range -2000..10000,MOD13Q1 V061 Terra 250m 16-day
SO2103,Balcad,SO21,Middle Shabelle,2015-03-22,0.2186630877742946,0.2145,0.1499810344827586,0.1512,0.5121412803532008,2552,0.1782059000602047,0.0262893839052779,pixel_reliability=0 AND MODLAND_QA(bits0-1)=0 AND VI range -2000..10000,MOD13Q1 V061 Terra 250m 16-day
SO2103,Balcad,SO21,Middle Shabelle,2015-04-07,0.3063778050778051,0.2724,0.2124707616707617,0.1879,0.2450331125827814,1221,0.2151314469195264,0.1936584386915512,pixel_reliability=0 AND MODLAND_QA(bits0-1)=0 AND VI range -2000..10000,MOD13Q1 V061 Terra 250m 16-day
SO2103,Balcad,SO21,Middle Shabelle,2015-04-23,0.39839324055666,0.4366,0.2767540755467197,0.301,0.1009432069034718,503,0.2067027894842464,0.3710616094722055,pixel_reliability=0 AND MODLAND_QA(bits0-1)=0 AND VI range -2000..10000,MOD13Q1 V061 Terra 250m 16-day
SO2103,Balcad,SO21,Middle Shabelle,2015-05-09,0.4411531986531987,0.4638,0.3255582491582491,0.3382,0.0596026490066225,297,0.3686534216335541,0.2496488059401966,pixel_reliability=0 AND MODLAND_QA(bits0-1)=0 AND VI range -2000..10000,MOD13Q1 V061 Terra 250m 16-day
SO2103,Balcad,SO21,Middle Shabelle,2015-05-25,0.3181657894736842,0.19345,0.247928947368421,0.1815999999999999,0.0228777844671884,114,0.2865743527995184,0.3646397752358017,pixel_reliability=0 AND MODLAND_QA(bits0-1)=0 AND VI range -2000..10000,MOD13Q1 V061 Terra 250m 16-day
SO2103,Balcad,SO21,Middle Shabelle,2015-06-10,0.2191555555555555,0.2158,0.1871821256038647,0.1859,0.0415412402167369,207,0.2939995986353602,0.3550070238811961,pixel_reliability=0 AND MODLAND_QA(bits0-1)=0 AND VI range -2000..10000,MOD13Q1 V061 Terra 250m 16-day
SO2103,Balcad,SO21,Middle Shabelle,2015-06-26,0.2574653846153847,0.25885,0.2030679487179487,0.1946,0.0156532209512341,78,0.4627734296608469,0.2903873168773831,pixel_reliability=0 AND MODLAND_QA(bits0-1)=0 AND VI range -2000..10000,MOD13Q1 V061 Terra 250m 16-day
SO2103,Balcad,SO21,Middle Shabelle,2015-07-12,0.2092185185185185,0.1526,0.169637037037037,0.1422,0.0054184226369656,27,0.2502508528998595,0.5095324101946619,pixel_reliability=0 AND MODLAND_QA(bits0-1)=0 AND VI range -2000..10000,MOD13Q1 V061 Terra 250m 16-day
SO2103,Balcad,SO21,Middle Shabelle,2015-07-28,0.1970405940594059,0.1623,0.1581742574257425,0.145,0.0202689143086494,101,0.3584186233192856,0.2960064218342364,pixel_reliability=0 AND MODLAND_QA(bits0-1)=0 AND VI range -2000..10000,MOD13Q1 V061 Terra 250m 16-day
SO2103,Balcad,SO21,Middle Shabelle,2015-08-13,0.1931111111111111,0.1713,0.1583962962962963,0.1568,0.0054184226369656,27,0.1988761790086293,0.5530804736102749,pixel_reliability=0 AND MODLAND_QA(bits0-1)=0 AND VI range -2000..10000,MOD13Q1 V061 Terra 250m 16-day
SO2103,Balcad,SO21,Middle Shabelle,2015-08-29,0.2536072115384616,0.2335,0.18630240384615385,0.17435,0.04174192253662452,208,0.2871763997591812,0.32791491069636763,pixel_reliability=0 AND MODLAND_QA(bits0-1)=0 AND VI range -2000..10000,MOD13Q1 V061 Terra 250m 16-day
SO2103,Balcad,SO21,Middle Shabelle,2015-09-14,0.1911449438202247,0.17185,0.1589168539325842,0.15435,0.0357214529399959,178,0.3198876179008629,0.3548063415613084,pixel_reliability=0 AND MODLAND_QA(bits0-1)=0 AND VI range -2000..10000,MOD13Q1 V061 Terra 250m 16-day
SO2103,Balcad,SO21,Middle Shabelle,2015-09-30,0.1822688888888888,0.1437,0.1502777777777778,0.1328,0.0180614087898856,90,0.1623519967890828,0.6267308850090307,pixel_reliability=0 AND MODLAND_QA(bits0-1)=0 AND VI range -2000..10000,MOD13Q1 V061 Terra 250m 16-day
SO2103,Balcad,SO21,Middle Shabelle,2015-10-16,0.1792330357142857,0.16125,0.1541294642857143,0.14445,0.0224764198274132,112,0.1665663255067228,0.6195063214930765,pixel_reliability=0 AND MODLAND_QA(bits0-1)=0 AND VI range -2000..10000,MOD13Q1 V061 Terra 250m 16-day
SO2103,Balcad,SO21,Middle Shabelle,2015-11-01,0.5104536363636364,0.5522,0.3562027272727271,0.35525,0.0220750551876379,110,0.3499899658840056,0.3437688139674895,pixel_reliability=0 AND MODLAND_QA(bits0-1)=0 AND VI range -2000..10000,MOD13Q1 V061 Terra 250m 16-day
SO2103,Balcad,SO21,Middle Shabelle,2015-11-17,0.4410284722222222,0.4753,0.3244840277777778,0.3366,0.0288982540638169,144,0.4770218743728677,0.1880393337346979,pixel_reliability=0 AND MODLAND_QA(bits0-1)=0 AND VI range -2000..10000,MOD13Q1 V061 Terra 250m 16-day
SO2103,Balcad,SO21,Middle Shabelle,2015-12-03,0.5598783595113439,0.5637,0.3929010471204189,0.4001,0.114990969295605,573,0.4888621312462372,0.0638169777242625,pixel_reliability=0 AND MODLAND_QA(bits0-1)=0 AND VI range -2000..10000,MOD13Q1 V061 Terra 250m 16-day
SO2103,Balcad,SO21,Middle Shabelle,2015-12-19,0.524841384863124,0.5375,0.3592594202898551,0.3675,0.872366044551475,4347,0.0266907485450531,0.020469596628537,pixel_reliability=0 AND MODLAND_QA(bits0-1)=0 AND VI range -2000..10000,MOD13Q1 V061 Terra 250m 16-day
SO2104,Cadale,SO21,Middle Shabelle,2015-01-01,0.33761624761574477,0.34190000000000004,0.22989535286977633,0.2291,0.828949259738393,5767,0.024867040390973122,0.015523932729624839,pixel_reliability=0 AND MODLAND_QA(bits0-1)=0 AND VI range -2000..10000,MOD13Q1 V061 Terra 250m 16-day
SO2104,Cadale,SO21,Middle Shabelle,2015-01-17,0.2829903937007874,0.29195,0.1896343149606299,0.192,0.9127497484547936,6350,0.0191174356762972,0.0208423170907,pixel_reliability=0 AND MODLAND_QA(bits0-1)=0 AND VI range -2000..10000,MOD13Q1 V061 Terra 250m 16-day
SO2104,Cadale,SO21,Middle Shabelle,2015-02-02,0.2470794799718904,0.2622,0.1665192785195596,0.1711,0.6136265631737818,4269,0.1713382204973408,0.0149489722581572,pixel_reliability=0 AND MODLAND_QA(bits0-1)=0 AND VI range -2000..10000,MOD13Q1 V061 Terra 250m 16-day
SO2104,Cadale,SO21,Middle Shabelle,2015-02-18,0.2561670073317041,0.2628,0.1654658075983115,0.1684,0.6469742705189018,4501,0.0550524651430214,0.0146614920224234,pixel_reliability=0 AND MODLAND_QA(bits0-1)=0 AND VI range -2000..10000,MOD13Q1 V061 Terra 250m 16-day
SO2104,Cadale,SO21,Middle Shabelle,2015-03-06,0.2275887738670347,0.2451,0.1546808833678399,0.1607,0.6248382923673997,4347,0.1625700733074601,0.0136553111973551,pixel_reliability=0 AND MODLAND_QA(bits0-1)=0 AND VI range -2000..10000,MOD13Q1 V061 Terra 250m 16-day
SO2104,Cadale,SO21,Middle Shabelle,2015-03-22,0.2236492052980132,0.2367,0.1474066225165563,0.1497,0.6511427339370418,4530,0.1122610320540462,0.0127928704901538,pixel_reliability=0 AND MODLAND_QA(bits0-1)=0 AND VI range -2000..10000,MOD13Q1 V061 Terra 250m 16-day
SO2104,Cadale,SO21,Middle Shabelle,2015-04-07,0.2858458487084871,0.3083,0.2093172509225092,0.21665,0.1558142877677159,1084,0.2673566192324277,0.1720569210866752,pixel_reliability=0 AND MODLAND_QA(bits0-1)=0 AND VI range -2000..10000,MOD13Q1 V061 Terra 250m 16-day
SO2104,Cadale,SO21,Middle Shabelle,2015-04-23,0.4244276916631755,0.444,0.2999383745286971,0.309,0.3431076613482823,2387,0.2121604139715394,0.0455656173638062,pixel_reliability=0 AND MODLAND_QA(bits0-1)=0 AND VI range -2000..10000,MOD13Q1 V061 Terra 250m 16-day
SO2104,Cadale,SO21,Middle Shabelle,2015-05-09,0.4254281221922732,0.4587,0.3189544474393531,0.3397,0.1599827511858559,1113,0.415840160988932,0.0560586459680896,pixel_reliability=0 AND MODLAND_QA(bits0-1)=0 AND VI range -2000..10000,MOD13Q1 V061 Terra 250m 16-day
SO2104,Cadale,SO21,Middle Shabelle,2015-05-25,0.3208739393939394,0.24765,0.2456515151515151,0.22055,0.0474342388960759,330,0.4303579128934885,0.1722006612045422,pixel_reliability=0 AND MODLAND_QA(bits0-1)=0 AND VI range -2000..10000,MOD13Q1 V061 Terra 250m 16-day
SO2104,Cadale,SO21,Middle Shabelle,2015-06-10,0.1684270491803279,0.15495,0.1512426229508197,0.1435,0.0175362943797613,122,0.3392266781658761,0.3041540894063533,pixel_reliability=0 AND MODLAND_QA(bits0-1)=0 AND VI range -2000..10000,MOD13Q1 V061 Terra 250m 16-day
SO2104,Cadale,SO21,Middle Shabelle,2015-06-26,0.183451652892562,0.152,0.1544859504132231,0.13265,0.0347851085237889,242,0.6882276843467011,0.10004312203536,pixel_reliability=0 AND MODLAND_QA(bits0-1)=0 AND VI range -2000..10000,MOD13Q1 V061 Terra 250m 16-day
SO2104,Cadale,SO21,Middle Shabelle,2015-07-12,0.1662075,0.1586,0.1455425,0.1454,0.0057496047146758,40,0.2417708782521201,0.5029466724162713,pixel_reliability=0 AND MODLAND_QA(bits0-1)=0 AND VI range -2000..10000,MOD13Q1 V061 Terra 250m 16-day
SO2104,Cadale,SO21,Middle Shabelle,2015-07-28,0.1668543478260869,0.14395,0.1415184782608695,0.1338,0.0264481816875089,184,0.5344257582291218,0.1490585022279718,pixel_reliability=0 AND MODLAND_QA(bits0-1)=0 AND VI range -2000..10000,MOD13Q1 V061 Terra 250m 16-day
SO2104,Cadale,SO21,Middle Shabelle,2015-08-13,0.1520028436018957,0.1365,0.1327554502369668,0.1268,0.0303291648699151,211,0.2972545637487422,0.3508696277130947,pixel_reliability=0 AND MODLAND_QA(bits0-1)=0 AND VI range -2000..10000,MOD13Q1 V061 Terra 250m 16-day
SO2104,Cadale,SO21,Middle Shabelle,2015-08-29,0.22990989862850328,0.252,0.16561902206320814,0.1733,0.2410521776627857,1677,0.23458387235877534,0.1757941641512146,pixel_reliability=0 AND MODLAND_QA(bits0-1)=0 AND VI range -2000..10000,MOD13Q1 V061 Terra 250m 16-day
SO2104,Cadale,SO21,Middle Shabelle,2015-09-14,0.1365636482939632,0.123,0.1207846456692913,0.11465,0.1095299698145752,762,0.3146471180106368,0.2953859422164726,pixel_reliability=0 AND MODLAND_QA(bits0-1)=0 AND VI range -2000..10000,MOD13Q1 V061 Terra 250m 16-day
SO2104,Cadale,SO21,Middle Shabelle,2015-09-30,0.1213463203463203,0.1143,0.1154307359307359,0.1108,0.0332039672272531,231,0.2981170044559436,0.4684490441282162,pixel_reliability=0 AND MODLAND_QA(bits0-1)=0 AND VI range -2000..10000,MOD13Q1 V061 Terra 250m 16-day
SO2104,Cadale,SO21,Middle Shabelle,2015-10-16,0.2578960674157303,0.16725,0.197811797752809,0.1543,0.0255857409803076,178,0.2926548799770015,0.3652436394997844,pixel_reliability=0 AND MODLAND_QA(bits0-1)=0 AND VI range -2000..10000,MOD13Q1 V061 Terra 250m 16-day
SO2104,Cadale,SO21,Middle Shabelle,2015-11-01,0.4763374429223744,0.5169,0.3215919837645865,0.3401,0.2833117723156533,1971,0.411671697570792,0.0643955728043697,pixel_reliability=0 AND MODLAND_QA(bits0-1)=0 AND VI range -2000..10000,MOD13Q1 V061 Terra 250m 16-day
SO2104,Cadale,SO21,Middle Shabelle,2015-11-17,0.3159135483870968,0.3085,0.2719338709677419,0.27135,0.0445594365387379,310,0.5955153083225528,0.0738824205835848,pixel_reliability=0 AND MODLAND_QA(bits0-1)=0 AND VI range -2000..10000,MOD13Q1 V061 Terra 250m 16-day
SO2104,Cadale,SO21,Middle Shabelle,2015-12-03,0.5299942598187312,0.5371,0.3573469572723349,0.3615,0.3330458530975995,2317,0.4090843754491878,0.0396722725312634,pixel_reliability=0 AND MODLAND_QA(bits0-1)=0 AND VI range -2000..10000,MOD13Q1 V061 Terra 250m 16-day
SO2104,Cadale,SO21,Middle Shabelle,2015-12-19,0.4939341452310494,0.5245000000000001,0.3292292966082404,0.3405,0.631450337789277,4393,0.168175937904269,0.0215610176800345,pixel_reliability=0 AND MODLAND_QA(bits0-1)=0 AND VI range -2000..10000,MOD13Q1 V061 Terra 250m 16-day
SO2201,Bondhere,SO22,Banadir,2015-01-01,,,,,0.0,0,0.42857142857142855,0.0,pixel_reliability=0 AND MODLAND_QA(bits0-1)=0 AND VI range -2000..10000,MOD13Q1 V061 Terra 250m 16-day
SO2201,Bondhere,SO22,Banadir,2015-01-17,,,,,0.0,0,0.5714285714285714,0.1428571428571428,pixel_reliability=0 AND MODLAND_QA(bits0-1)=0 AND VI range -2000..10000,MOD13Q1 V061 Terra 250m 16-day
SO2201,Bondhere,SO22,Banadir,2015-02-02,,,,,0.0,0,0.2857142857142857,0.2857142857142857,pixel_reliability=0 AND MODLAND_QA(bits0-1)=0 AND VI range -2000..10000,MOD13Q1 V061 Terra 250m 16-day
SO2201,Bondhere,SO22,Banadir,2015-02-18,,,,,0.0,0,0.4285714285714285,0.1428571428571428,pixel_reliability=0 AND MODLAND_QA(bits0-1)=0 AND VI range -2000..10000,MOD13Q1 V061 Terra 250m 16-day
SO2201,Bondhere,SO22,Banadir,2015-03-06,,,,,0.0,0,1.0,0.0,pixel_reliability=0 AND MODLAND_QA(bits0-1)=0 AND VI range -2000..10000,MOD13Q1 V061 Terra 250m 16-day
SO2201,Bondhere,SO22,Banadir,2015-03-22,,,,,0.0,0,0.5714285714285714,0.0,pixel_reliability=0 AND MODLAND_QA(bits0-1)=0 AND VI range -2000..10000,MOD13Q1 V061 Terra 250m 16-day
SO2201,Bondhere,SO22,Banadir,2015-04-07,,,,,0.0,0,0.1428571428571428,0.2857142857142857,pixel_reliability=0 AND MODLAND_QA(bits0-1)=0 AND VI range -2000..10000,MOD13Q1 V061 Terra 250m 16-day
SO2201,Bondhere,SO22,Banadir,2015-04-23,,,,,0.0,0,0.1428571428571428,0.2857142857142857,pixel_reliability=0 AND MODLAND_QA(bits0-1)=0 AND VI range -2000..10000,MOD13Q1 V061 Terra 250m 16-day
SO2201,Bondhere,SO22,Banadir,2015-05-09,,,,,0.0,0,0.0,1.0,pixel_reliability=0 AND MODLAND_QA(bits0-1)=0 AND VI range -2000..10000,MOD13Q1 V061 Terra 250m 16-day
SO2201,Bondhere,SO22,Banadir,2015-05-25,,,,,0.0,0,0.1428571428571428,0.5714285714285714,pixel_reliability=0 AND MODLAND_QA(bits0-1)=0 AND VI range -2000..10000,MOD13Q1 V061 Terra 250m 16-day
SO2201,Bondhere,SO22,Banadir,2015-06-10,,,,,0.0,0,0.1428571428571428,0.4285714285714285,pixel_reliability=0 AND MODLAND_QA(bits0-1)=0 AND VI range -2000..10000,MOD13Q1 V061 Terra 250m 16-day
SO2201,Bondhere,SO22,Banadir,2015-06-26,,,,,0.0,0,0.1428571428571428,0.2857142857142857,pixel_reliability=0 AND MODLAND_QA(bits0-1)=0 AND VI range -2000..10000,MOD13Q1 V061 Terra 250m 16-day
SO2201,Bondhere,SO22,Banadir,2015-07-12,,,,,0.0,0,0.0,0.5714285714285714,pixel_reliability=0 AND MODLAND_QA(bits0-1)=0 AND VI range -2000..10000,MOD13Q1 V061 Terra 250m 16-day
SO2201,Bondhere,SO22,Banadir,2015-07-28,,,,,0.0,0,0.1428571428571428,0.5714285714285714,pixel_reliability=0 AND MODLAND_QA(bits0-1)=0 AND VI range -2000..10000,MOD13Q1 V061 Terra 250m 16-day
SO2201,Bondhere,SO22,Banadir,2015-08-13,,,,,0.0,0,0.0,0.8571428571428571,pixel_reliability=0 AND MODLAND_QA(bits0-1)=0 AND VI range -2000..10000,MOD13Q1 V061 Terra 250m 16-day
SO2201,Bondhere,SO22,Banadir,2015-08-29,,,,,0.0,0,0.0,1.0,pixel_reliability=0 AND MODLAND_QA(bits0-1)=0 AND VI range -2000..10000,MOD13Q1 V061 Terra 250m 16-day
SO2201,Bondhere,SO22,Banadir,2015-09-14,,,,,0.0,0,0.1428571428571428,0.1428571428571428,pixel_reliability=0 AND MODLAND_QA(bits0-1)=0 AND VI range -2000..10000,MOD13Q1 V061 Terra 250m 16-day
SO2201,Bondhere,SO22,Banadir,2015-09-30,,,,,0.0,0,0.0,1.0,pixel_reliability=0 AND MODLAND_QA(bits0-1)=0 AND VI range -2000..10000,MOD13Q1 V061 Terra 250m 16-day
SO2201,Bondhere,SO22,Banadir,2015-10-16,,,,,0.0,0,0.8571428571428571,0.0,pixel_reliability=0 AND MODLAND_QA(bits0-1)=0 AND VI range -2000..10000,MOD13Q1 V061 Terra 250m 16-day
SO2201,Bondhere,SO22,Banadir,2015-11-01,,,,,0.0,0,0.1428571428571428,0.7142857142857143,pixel_reliability=0 AND MODLAND_QA(bits0-1)=0 AND VI range -2000..10000,MOD13Q1 V061 Terra 250m 16-day
SO2201,Bondhere,SO22,Banadir,2015-11-17,,,,,0.0,0,0.0,1.0,pixel_reliability=0 AND MODLAND_QA(bits0-1)=0 AND VI range -2000..10000,MOD13Q1 V061 Terra 250m 16-day
SO2201,Bondhere,SO22,Banadir,2015-12-03,,,,,0.0,0,0.1428571428571428,0.7142857142857143,pixel_reliability=0 AND MODLAND_QA(bits0-1)=0 AND VI range -2000..10000,MOD13Q1 V061 Terra 250m 16-day
SO2201,Bondhere,SO22,Banadir,2015-12-19,,,,,0.0,0,0.7142857142857143,0.0,pixel_reliability=0 AND MODLAND_QA(bits0-1)=0 AND VI range -2000..10000,MOD13Q1 V061 Terra 250m 16-day
SO2202,Cabdulasis,SO22,Banadir,2015-01-01,,,,,0.0,0,1.0,0.0,pixel_reliability=0 AND MODLAND_QA(bits0-1)=0 AND VI range -2000..10000,MOD13Q1 V061 Terra 250m 16-day
SO2202,Cabdulasis,SO22,Banadir,2015-01-17,,,,,0.0,0,0.0,0.0,pixel_reliability=0 AND MODLAND_QA(bits0-1)=0 AND VI range -2000..10000,MOD13Q1 V061 Terra 250m 16-day
SO2202,Cabdulasis,SO22,Banadir,2015-02-02,,,,,0.0,0,0.0,1.0,pixel_reliability=0 AND MODLAND_QA(bits0-1)=0 AND VI range -2000..10000,MOD13Q1 V061 Terra 250m 16-day
SO2202,Cabdulasis,SO22,Banadir,2015-02-18,,,,,0.0,0,1.0,0.0,pixel_reliability=0 AND MODLAND_QA(bits0-1)=0 AND VI range -2000..10000,MOD13Q1 V061 Terra 250m 16-day
SO2202,Cabdulasis,SO22,Banadir,2015-03-06,,,,,0.0,0,0.0,0.0,pixel_reliability=0 AND MODLAND_QA(bits0-1)=0 AND VI range -2000..10000,MOD13Q1 V061 Terra 250m 16-day
SO2202,Cabdulasis,SO22,Banadir,2015-03-22,,,,,0.0,0,0.0,0.0,pixel_reliability=0 AND MODLAND_QA(bits0-1)=0 AND VI range -2000..10000,MOD13Q1 V061 Terra 250m 16-day
SO2202,Cabdulasis,SO22,Banadir,2015-04-07,,,,,0.0,0,0.0,0.0,pixel_reliability=0 AND MODLAND_QA(bits0-1)=0 AND VI range -2000..10000,MOD13Q1 V061 Terra 250m 16-day
SO2202,Cabdulasis,SO22,Banadir,2015-04-23,,,,,0.0,0,1.0,0.0,pixel_reliability=0 AND MODLAND_QA(bits0-1)=0 AND VI range -2000..10000,MOD13Q1 V061 Terra 250m 16-day
SO2202,Cabdulasis,SO22,Banadir,2015-05-09,,,,,0.0,0,0.0,1.0,pixel_reliability=0 AND MODLAND_QA(bits0-1)=0 AND VI range -2000..10000,MOD13Q1 V061 Terra 250m 16-day
SO2202,Cabdulasis,SO22,Banadir,2015-05-25,,,,,0.0,0,0.0,1.0,pixel_reliability=0 AND MODLAND_QA(bits0-1)=0 AND VI range -2000..10000,MOD13Q1 V061 Terra 250m 16-day
SO2202,Cabdulasis,SO22,Banadir,2015-06-10,,,,,0.0,0,0.0,0.0,pixel_reliability=0 AND MODLAND_QA(bits0-1)=0 AND VI range -2000..10000,MOD13Q1 V061 Terra 250m 16-day
SO2202,Cabdulasis,SO22,Banadir,2015-06-26,,,,,0.0,0,0.0,1.0,pixel_reliability=0 AND MODLAND_QA(bits0-1)=0 AND VI range -2000..10000,MOD13Q1 V061 Terra 250m 16-day
SO2202,Cabdulasis,SO22,Banadir,2015-07-12,,,,,0.0,0,0.0,1.0,pixel_reliability=0 AND MODLAND_QA(bits0-1)=0 AND VI range -2000..10000,MOD13Q1 V061 Terra 250m 16-day
SO2202,Cabdulasis,SO22,Banadir,2015-07-28,,,,,0.0,0,0.0,1.0,pixel_reliability=0 AND MODLAND_QA(bits0-1)=0 AND VI range -2000..10000,MOD13Q1 V061 Terra 250m 16-day
SO2202,Cabdulasis,SO22,Banadir,2015-08-13,,,,,0.0,0,0.0,1.0,pixel_reliability=0 AND MODLAND_QA(bits0-1)=0 AND VI range -2000..10000,MOD13Q1 V061 Terra 250m 16-day
SO2202,Cabdulasis,SO22,Banadir,2015-08-29,,,,,0.0,0,0.0,1.0,pixel_reliability=0 AND MODLAND_QA(bits0-1)=0 AND VI range -2000..10000,MOD13Q1 V061 Terra 250m 16-day
SO2202,Cabdulasis,SO22,Banadir,2015-09-14,,,,,0.0,0,0.0,1.0,pixel_reliability=0 AND MODLAND_QA(bits0-1)=0 AND VI range -2000..10000,MOD13Q1 V061 Terra 250m 16-day
SO2202,Cabdulasis,SO22,Banadir,2015-09-30,,,,,0.0,0,0.0,1.0,pixel_reliability=0 AND MODLAND_QA(bits0-1)=0 AND VI range -2000..10000,MOD13Q1 V061 Terra 250m 16-day
SO2202,Cabdulasis,SO22,Banadir,2015-10-16,,,,,0.0,0,0.0,0.0,pixel_reliability=0 AND MODLAND_QA(bits0-1)=0 AND VI range -2000..10000,MOD13Q1 V061 Terra 250m 16-day
SO2202,Cabdulasis,SO22,Banadir,2015-11-01,,,,,0.0,0,0.0,1.0,pixel_reliability=0 AND MODLAND_QA(bits0-1)=0 AND VI range -2000..10000,MOD13Q1 V061 Terra 250m 16-day
SO2202,Cabdulasis,SO22,Banadir,2015-11-17,,,,,0.0,0,0.0,1.0,pixel_reliability=0 AND MODLAND_QA(bits0-1)=0 AND VI range -2000..10000,MOD13Q1 V061 Terra 250m 16-day
SO2202,Cabdulasis,SO22,Banadir,2015-12-03,,,,,0.0,0,0.0,1.0,pixel_reliability=0 AND MODLAND_QA(bits0-1)=0 AND VI range -2000..10000,MOD13Q1 V061 Terra 250m 16-day
SO2202,Cabdulasis,SO22,Banadir,2015-12-19,,,,,0.0,0,0.0,1.0,pixel_reliability=0 AND MODLAND_QA(bits0-1)=0 AND VI range -2000..10000,MOD13Q1 V061 Terra 250m 16-day
SO2203,Daynile,SO22,Banadir,2015-01-01,0.2554933333333333,0.26085,0.19381333333333334,0.1988,0.9090909090909091,30,0.0,0.0,pixel_reliability=0 AND MODLAND_QA(bits0-1)=0 AND VI range -2000..10000,MOD13Q1 V061 Terra 250m 16-day
SO2203,Daynile,SO22,Banadir,2015-01-17,0.2278645161290322,0.2335,0.1722999999999999,0.1748,0.9393939393939394,31,0.0,0.0,pixel_reliability=0 AND MODLAND_QA(bits0-1)=0 AND VI range -2000..10000,MOD13Q1 V061 Terra 250m 16-day
SO2203,Daynile,SO22,Banadir,2015-02-02,0.206888,0.2086,0.155172,0.156,0.7575757575757576,25,0.0,0.0,pixel_reliability=0 AND MODLAND_QA(bits0-1)=0 AND VI range -2000..10000,MOD13Q1 V061 Terra 250m 16-day
SO2203,Daynile,SO22,Banadir,2015-02-18,0.1963041666666667,0.19905,0.1495208333333333,0.1503,0.7272727272727273,24,0.0303030303030303,0.0,pixel_reliability=0 AND MODLAND_QA(bits0-1)=0 AND VI range -2000..10000,MOD13Q1 V061 Terra 250m 16-day
SO2203,Daynile,SO22,Banadir,2015-03-06,0.19311875,0.1953,0.144240625,0.1465,0.9696969696969696,32,0.0,0.0,pixel_reliability=0 AND MODLAND_QA(bits0-1)=0 AND VI range -2000..10000,MOD13Q1 V061 Terra 250m 16-day
SO2203,Daynile,SO22,Banadir,2015-03-22,0.1992388888888888,0.1996,0.1442833333333333,0.14435,0.5454545454545454,18,0.1212121212121212,0.0,pixel_reliability=0 AND MODLAND_QA(bits0-1)=0 AND VI range -2000..10000,MOD13Q1 V061 Terra 250m 16-day
SO2203,Daynile,SO22,Banadir,2015-04-07,0.1913,0.1877,0.1529571428571428,0.1534,0.2121212121212121,7,0.303030303030303,0.0,pixel_reliability=0 AND MODLAND_QA(bits0-1)=0 AND VI range -2000..10000,MOD13Q1 V061 Terra 250m 16-day
SO2203,Daynile,SO22,Banadir,2015-04-23,,,,,0.0,0,0.0,0.9696969696969696,pixel_reliability=0 AND MODLAND_QA(bits0-1)=0 AND VI range -2000..10000,MOD13Q1 V061 Terra 250m 16-day
SO2203,Daynile,SO22,Banadir,2015-05-09,,,,,0.0,0,0.0,1.0,pixel_reliability=0 AND MODLAND_QA(bits0-1)=0 AND VI range -2000..10000,MOD13Q1 V061 Terra 250m 16-day
SO2203,Daynile,SO22,Banadir,2015-05-25,,,,,0.0,0,0.0,0.9090909090909092,pixel_reliability=0 AND MODLAND_QA(bits0-1)=0 AND VI range -2000..10000,MOD13Q1 V061 Terra 250m 16-day
SO2203,Daynile,SO22,Banadir,2015-06-10,,,,,0.0,0,0.0303030303030303,0.7878787878787878,pixel_reliability=0 AND MODLAND_QA(bits0-1)=0 AND VI range -2000..10000,MOD13Q1 V061 Terra 250m 16-day
SO2203,Daynile,SO22,Banadir,2015-06-26,,,,,0.0,0,0.0303030303030303,0.9696969696969696,pixel_reliability=0 AND MODLAND_QA(bits0-1)=0 AND VI range -2000..10000,MOD13Q1 V061 Terra 250m 16-day
SO2203,Daynile,SO22,Banadir,2015-07-12,,,,,0.0,0,0.0,0.9696969696969696,pixel_reliability=0 AND MODLAND_QA(bits0-1)=0 AND VI range -2000..10000,MOD13Q1 V061 Terra 250m 16-day
SO2203,Daynile,SO22,Banadir,2015-07-28,,,,,0.0,0,0.2121212121212121,0.4545454545454545,pixel_reliability=0 AND MODLAND_QA(bits0-1)=0 AND VI range -2000..10000,MOD13Q1 V061 Terra 250m 16-day
SO2203,Daynile,SO22,Banadir,2015-08-13,,,,,0.0,0,0.0303030303030303,0.8181818181818182,pixel_reliability=0 AND MODLAND_QA(bits0-1)=0 AND VI range -2000..10000,MOD13Q1 V061 Terra 250m 16-day
SO2203,Daynile,SO22,Banadir,2015-08-29,,,,,0.0,0,0.24242424242424243,0.30303030303030304,pixel_reliability=0 AND MODLAND_QA(bits0-1)=0 AND VI range -2000..10000,MOD13Q1 V061 Terra 250m 16-day
SO2203,Daynile,SO22,Banadir,2015-09-14,,,,,0.0,0,0.0606060606060606,0.8181818181818182,pixel_reliability=0 AND MODLAND_QA(bits0-1)=0 AND VI range -2000..10000,MOD13Q1 V061 Terra 250m 16-day
SO2203,Daynile,SO22,Banadir,2015-09-30,,,,,0.0,0,0.0,1.0,pixel_reliability=0 AND MODLAND_QA(bits0-1)=0 AND VI range -2000..10000,MOD13Q1 V061 Terra 250m 16-day
SO2203,Daynile,SO22,Banadir,2015-10-16,,,,,0.0,0,0.2727272727272727,0.4848484848484848,pixel_reliability=0 AND MODLAND_QA(bits0-1)=0 AND VI range -2000..10000,MOD13Q1 V061 Terra 250m 16-day
SO2203,Daynile,SO22,Banadir,2015-11-01,,,,,0.0,0,0.0303030303030303,0.9393939393939394,pixel_reliability=0 AND MODLAND_QA(bits0-1)=0 AND VI range -2000..10000,MOD13Q1 V061 Terra 250m 16-day
SO2203,Daynile,SO22,Banadir,2015-11-17,,,,,0.0,0,0.3333333333333333,0.3636363636363636,pixel_reliability=0 AND MODLAND_QA(bits0-1)=0 AND VI range -2000..10000,MOD13Q1 V061 Terra 250m 16-day
SO2203,Daynile,SO22,Banadir,2015-12-03,,,,,0.0,0,0.0606060606060606,0.6060606060606061,pixel_reliability=0 AND MODLAND_QA(bits0-1)=0 AND VI range -2000..10000,MOD13Q1 V061 Terra 250m 16-day
SO2203,Daynile,SO22,Banadir,2015-12-19,0.3251578947368421,0.3223,0.2438052631578948,0.2403,0.5757575757575758,19,0.1212121212121212,0.0,pixel_reliability=0 AND MODLAND_QA(bits0-1)=0 AND VI range -2000..10000,MOD13Q1 V061 Terra 250m 16-day
SO2204,Dharkenley,SO22,Banadir,2015-01-01,0.234275,0.25845,0.169775,0.1822,0.25,4,0.25,0.0,pixel_reliability=0 AND MODLAND_QA(bits0-1)=0 AND VI range -2000..10000,MOD13Q1 V061 Terra 250m 16-day
SO2204,Dharkenley,SO22,Banadir,2015-01-17,0.2298666666666666,0.2314,0.1615333333333333,0.1621,0.1875,3,0.25,0.0,pixel_reliability=0 AND MODLAND_QA(bits0-1)=0 AND VI range -2000..10000,MOD13Q1 V061 Terra 250m 16-day
SO2204,Dharkenley,SO22,Banadir,2015-02-02,0.15445,0.15445,0.1115,0.1115,0.125,2,0.3125,0.0,pixel_reliability=0 AND MODLAND_QA(bits0-1)=0 AND VI range -2000..10000,MOD13Q1 V061 Terra 250m 16-day
SO2204,Dharkenley,SO22,Banadir,2015-02-18,0.21275,0.22135,0.156825,0.15615,0.25,4,0.125,0.0,pixel_reliability=0 AND MODLAND_QA(bits0-1)=0 AND VI range -2000..10000,MOD13Q1 V061 Terra 250m 16-day
SO2204,Dharkenley,SO22,Banadir,2015-03-06,0.20935,0.21085,0.1533333333333333,0.15045,0.375,6,0.0,0.0,pixel_reliability=0 AND MODLAND_QA(bits0-1)=0 AND VI range -2000..10000,MOD13Q1 V061 Terra 250m 16-day
SO2204,Dharkenley,SO22,Banadir,2015-03-22,0.21805,0.21805,0.15875,0.15875,0.125,2,0.1875,0.0,pixel_reliability=0 AND MODLAND_QA(bits0-1)=0 AND VI range -2000..10000,MOD13Q1 V061 Terra 250m 16-day
SO2204,Dharkenley,SO22,Banadir,2015-04-07,0.195525,0.20775,0.1455499999999999,0.15395,0.25,4,0.1875,0.0625,pixel_reliability=0 AND MODLAND_QA(bits0-1)=0 AND VI range -2000..10000,MOD13Q1 V061 Terra 250m 16-day
SO2204,Dharkenley,SO22,Banadir,2015-04-23,,,,,0.0,0,0.25,0.5625,pixel_reliability=0 AND MODLAND_QA(bits0-1)=0 AND VI range -2000..10000,MOD13Q1 V061 Terra 250m 16-day
SO2204,Dharkenley,SO22,Banadir,2015-05-09,,,,,0.0,0,0.125,0.8125,pixel_reliability=0 AND MODLAND_QA(bits0-1)=0 AND VI range -2000..10000,MOD13Q1 V061 Terra 250m 16-day
SO2204,Dharkenley,SO22,Banadir,2015-05-25,,,,,0.0,0,0.0,0.75,pixel_reliability=0 AND MODLAND_QA(bits0-1)=0 AND VI range -2000..10000,MOD13Q1 V061 Terra 250m 16-day
SO2204,Dharkenley,SO22,Banadir,2015-06-10,,,,,0.0,0,0.25,0.6875,pixel_reliability=0 AND MODLAND_QA(bits0-1)=0 AND VI range -2000..10000,MOD13Q1 V061 Terra 250m 16-day
SO2204,Dharkenley,SO22,Banadir,2015-06-26,,,,,0.0,0,0.125,0.8125,pixel_reliability=0 AND MODLAND_QA(bits0-1)=0 AND VI range -2000..10000,MOD13Q1 V061 Terra 250m 16-day
SO2204,Dharkenley,SO22,Banadir,2015-07-12,0.3674,0.3674,0.2776,0.2776,0.0625,1,0.125,0.6875,pixel_reliability=0 AND MODLAND_QA(bits0-1)=0 AND VI range -2000..10000,MOD13Q1 V061 Terra 250m 16-day
SO2204,Dharkenley,SO22,Banadir,2015-07-28,0.2633,0.3096,0.18915,0.2247,0.25,4,0.1875,0.1875,pixel_reliability=0 AND MODLAND_QA(bits0-1)=0 AND VI range -2000..10000,MOD13Q1 V061 Terra 250m 16-day
SO2204,Dharkenley,SO22,Banadir,2015-08-13,,,,,0.0,0,0.0625,0.75,pixel_reliability=0 AND MODLAND_QA(bits0-1)=0 AND VI range -2000..10000,MOD13Q1 V061 Terra 250m 16-day
SO2204,Dharkenley,SO22,Banadir,2015-08-29,0.267,0.267,0.1978,0.1978,0.0625,1,0.25,0.3125,pixel_reliability=0 AND MODLAND_QA(bits0-1)=0 AND VI range -2000..10000,MOD13Q1 V061 Terra 250m 16-day
SO2204,Dharkenley,SO22,Banadir,2015-09-14,0.3032,0.3032,0.2227,0.2227,0.0625,1,0.3125,0.3125,pixel_reliability=0 AND MODLAND_QA(bits0-1)=0 AND VI range -2000..10000,MOD13Q1 V061 Terra 250m 16-day
SO2204,Dharkenley,SO22,Banadir,2015-09-30,,,,,0.0,0,0.0625,0.625,pixel_reliability=0 AND MODLAND_QA(bits0-1)=0 AND VI range -2000..10000,MOD13Q1 V061 Terra 250m 16-day
SO2204,Dharkenley,SO22,Banadir,2015-10-16,,,,,0.0,0,0.1875,0.5,pixel_reliability=0 AND MODLAND_QA(bits0-1)=0 AND VI range -2000..10000,MOD13Q1 V061 Terra 250m 16-day
SO2204,Dharkenley,SO22,Banadir,2015-11-01,,,,,0.0,0,0.3125,0.5,pixel_reliability=0 AND MODLAND_QA(bits0-1)=0 AND VI range -2000..10000,MOD13Q1 V061 Terra 250m 16-day
SO2204,Dharkenley,SO22,Banadir,2015-11-17,,,,,0.0,0,0.0625,0.5625,pixel_reliability=0 AND MODLAND_QA(bits0-1)=0 AND VI range -2000..10000,MOD13Q1 V061 Terra 250m 16-day
SO2204,Dharkenley,SO22,Banadir,2015-12-03,,,,,0.0,0,0.125,0.6875,pixel_reliability=0 AND MODLAND_QA(bits0-1)=0 AND VI range -2000..10000,MOD13Q1 V061 Terra 250m 16-day
SO2204,Dharkenley,SO22,Banadir,2015-12-19,0.298725,0.29535,0.218325,0.21865,0.25,4,0.4375,0.0,pixel_reliability=0 AND MODLAND_QA(bits0-1)=0 AND VI range -2000..10000,MOD13Q1 V061 Terra 250m 16-day
SO2205,Hamar Jabjab,SO22,Banadir,2015-01-01,,,,,0.0,0,0.0,1.0,pixel_reliability=0 AND MODLAND_QA(bits0-1)=0 AND VI range -2000..10000,MOD13Q1 V061 Terra 250m 16-day
SO2205,Hamar Jabjab,SO22,Banadir,2015-01-17,,,,,0.0,0,1.0,0.0,pixel_reliability=0 AND MODLAND_QA(bits0-1)=0 AND VI range -2000..10000,MOD13Q1 V061 Terra 250m 16-day
SO2205,Hamar Jabjab,SO22,Banadir,2015-02-02,,,,,0.0,0,0.0,1.0,pixel_reliability=0 AND MODLAND_QA(bits0-1)=0 AND VI range -2000..10000,MOD13Q1 V061 Terra 250m 16-day
SO2205,Hamar Jabjab,SO22,Banadir,2015-02-18,,,,,0.0,0,0.0,0.0,pixel_reliability=0 AND MODLAND_QA(bits0-1)=0 AND VI range -2000..10000,MOD13Q1 V061 Terra 250m 16-day
SO2205,Hamar Jabjab,SO22,Banadir,2015-03-06,,,,,0.0,0,0.0,1.0,pixel_reliability=0 AND MODLAND_QA(bits0-1)=0 AND VI range -2000..10000,MOD13Q1 V061 Terra 250m 16-day
SO2205,Hamar Jabjab,SO22,Banadir,2015-03-22,,,,,0.0,0,0.0,0.0,pixel_reliability=0 AND MODLAND_QA(bits0-1)=0 AND VI range -2000..10000,MOD13Q1 V061 Terra 250m 16-day
SO2205,Hamar Jabjab,SO22,Banadir,2015-04-07,,,,,0.0,0,0.0,0.0,pixel_reliability=0 AND MODLAND_QA(bits0-1)=0 AND VI range -2000..10000,MOD13Q1 V061 Terra 250m 16-day
SO2205,Hamar Jabjab,SO22,Banadir,2015-04-23,,,,,0.0,0,0.0,1.0,pixel_reliability=0 AND MODLAND_QA(bits0-1)=0 AND VI range -2000..10000,MOD13Q1 V061 Terra 250m 16-day
SO2205,Hamar Jabjab,SO22,Banadir,2015-05-09,,,,,0.0,0,0.0,1.0,pixel_reliability=0 AND MODLAND_QA(bits0-1)=0 AND VI range -2000..10000,MOD13Q1 V061 Terra 250m 16-day
SO2205,Hamar Jabjab,SO22,Banadir,2015-05-25,,,,,0.0,0,0.0,1.0,pixel_reliability=0 AND MODLAND_QA(bits0-1)=0 AND VI range -2000..10000,MOD13Q1 V061 Terra 250m 16-day
SO2205,Hamar Jabjab,SO22,Banadir,2015-06-10,,,,,0.0,0,0.0,1.0,pixel_reliability=0 AND MODLAND_QA(bits0-1)=0 AND VI range -2000..10000,MOD13Q1 V061 Terra 250m 16-day
SO2205,Hamar Jabjab,SO22,Banadir,2015-06-26,,,,,0.0,0,0.0,1.0,pixel_reliability=0 AND MODLAND_QA(bits0-1)=0 AND VI range -2000..10000,MOD13Q1 V061 Terra 250m 16-day
SO2205,Hamar Jabjab,SO22,Banadir,2015-07-12,,,,,0.0,0,0.0,1.0,pixel_reliability=0 AND MODLAND_QA(bits0-1)=0 AND VI range -2000..10000,MOD13Q1 V061 Terra 250m 16-day
SO2205,Hamar Jabjab,SO22,Banadir,2015-07-28,,,,,0.0,0,0.0,1.0,pixel_reliability=0 AND MODLAND_QA(bits0-1)=0 AND VI range -2000..10000,MOD13Q1 V061 Terra 250m 16-day
SO2205,Hamar Jabjab,SO22,Banadir,2015-08-13,,,,,0.0,0,0.0,1.0,pixel_reliability=0 AND MODLAND_QA(bits0-1)=0 AND VI range -2000..10000,MOD13Q1 V061 Terra 250m 16-day
SO2205,Hamar Jabjab,SO22,Banadir,2015-08-29,,,,,0.0,0,0.0,1.0,pixel_reliability=0 AND MODLAND_QA(bits0-1)=0 AND VI range -2000..10000,MOD13Q1 V061 Terra 250m 16-day
SO2205,Hamar Jabjab,SO22,Banadir,2015-09-14,,,,,0.0,0,1.0,0.0,pixel_reliability=0 AND MODLAND_QA(bits0-1)=0 AND VI range -2000..10000,MOD13Q1 V061 Terra 250m 16-day
SO2205,Hamar Jabjab,SO22,Banadir,2015-09-30,,,,,0.0,0,0.0,1.0,pixel_reliability=0 AND MODLAND_QA(bits0-1)=0 AND VI range -2000..10000,MOD13Q1 V061 Terra 250m 16-day
SO2205,Hamar Jabjab,SO22,Banadir,2015-10-16,,,,,0.0,0,0.0,0.0,pixel_reliability=0 AND MODLAND_QA(bits0-1)=0 AND VI range -2000..10000,MOD13Q1 V061 Terra 250m 16-day
SO2205,Hamar Jabjab,SO22,Banadir,2015-11-01,,,,,0.0,0,0.0,1.0,pixel_reliability=0 AND MODLAND_QA(bits0-1)=0 AND VI range -2000..10000,MOD13Q1 V061 Terra 250m 16-day
SO2205,Hamar Jabjab,SO22,Banadir,2015-11-17,,,,,0.0,0,0.0,1.0,pixel_reliability=0 AND MODLAND_QA(bits0-1)=0 AND VI range -2000..10000,MOD13Q1 V061 Terra 250m 16-day
SO2205,Hamar Jabjab,SO22,Banadir,2015-12-03,,,,,0.0,0,0.0,1.0,pixel_reliability=0 AND MODLAND_QA(bits0-1)=0 AND VI range -2000..10000,MOD13Q1 V061 Terra 250m 16-day
SO2205,Hamar Jabjab,SO22,Banadir,2015-12-19,,,,,0.0,0,0.0,0.0,pixel_reliability=0 AND MODLAND_QA(bits0-1)=0 AND VI range -2000..10000,MOD13Q1 V061 Terra 250m 16-day
SO2206,Hamar Weyne,SO22,Banadir,2015-01-01,,,,,0.0,0,0.5,0.0,pixel_reliability=0 AND MODLAND_QA(bits0-1)=0 AND VI range -2000..10000,MOD13Q1 V061 Terra 250m 16-day
SO2206,Hamar Weyne,SO22,Banadir,2015-01-17,,,,,0.0,0,0.0,0.0,pixel_reliability=0 AND MODLAND_QA(bits0-1)=0 AND VI range -2000..10000,MOD13Q1 V061 Terra 250m 16-day
SO2206,Hamar Weyne,SO22,Banadir,2015-02-02,,,,,0.0,0,0.25,0.0,pixel_reliability=0 AND MODLAND_QA(bits0-1)=0 AND VI range -2000..10000,MOD13Q1 V061 Terra 250m 16-day
SO2206,Hamar Weyne,SO22,Banadir,2015-02-18,,,,,0.0,0,0.5,0.5,pixel_reliability=0 AND MODLAND_QA(bits0-1)=0 AND VI range -2000..10000,MOD13Q1 V061 Terra 250m 16-day
SO2206,Hamar Weyne,SO22,Banadir,2015-03-06,,,,,0.0,0,0.5,0.25,pixel_reliability=0 AND MODLAND_QA(bits0-1)=0 AND VI range -2000..10000,MOD13Q1 V061 Terra 250m 16-day
SO2206,Hamar Weyne,SO22,Banadir,2015-03-22,,,,,0.0,0,0.5,0.0,pixel_reliability=0 AND MODLAND_QA(bits0-1)=0 AND VI range -2000..10000,MOD13Q1 V061 Terra 250m 16-day
SO2206,Hamar Weyne,SO22,Banadir,2015-04-07,,,,,0.0,0,0.0,0.75,pixel_reliability=0 AND MODLAND_QA(bits0-1)=0 AND VI range -2000..10000,MOD13Q1 V061 Terra 250m 16-day
SO2206,Hamar Weyne,SO22,Banadir,2015-04-23,,,,,0.0,0,0.0,1.0,pixel_reliability=0 AND MODLAND_QA(bits0-1)=0 AND VI range -2000..10000,MOD13Q1 V061 Terra 250m 16-day
SO2206,Hamar Weyne,SO22,Banadir,2015-05-09,,,,,0.0,0,0.0,1.0,pixel_reliability=0 AND MODLAND_QA(bits0-1)=0 AND VI range -2000..10000,MOD13Q1 V061 Terra 250m 16-day
SO2206,Hamar Weyne,SO22,Banadir,2015-05-25,,,,,0.0,0,0.0,0.75,pixel_reliability=0 AND MODLAND_QA(bits0-1)=0 AND VI range -2000..10000,MOD13Q1 V061 Terra 250m 16-day
SO2206,Hamar Weyne,SO22,Banadir,2015-06-10,,,,,0.0,0,0.0,0.75,pixel_reliability=0 AND MODLAND_QA(bits0-1)=0 AND VI range -2000..10000,MOD13Q1 V061 Terra 250m 16-day
SO2206,Hamar Weyne,SO22,Banadir,2015-06-26,,,,,0.0,0,0.25,0.25,pixel_reliability=0 AND MODLAND_QA(bits0-1)=0 AND VI range -2000..10000,MOD13Q1 V061 Terra 250m 16-day
SO2206,Hamar Weyne,SO22,Banadir,2015-07-12,,,,,0.0,0,0.0,1.0,pixel_reliability=0 AND MODLAND_QA(bits0-1)=0 AND VI range -2000..10000,MOD13Q1 V061 Terra 250m 16-day
SO2206,Hamar Weyne,SO22,Banadir,2015-07-28,,,,,0.0,0,0.0,1.0,pixel_reliability=0 AND MODLAND_QA(bits0-1)=0 AND VI range -2000..10000,MOD13Q1 V061 Terra 250m 16-day
SO2206,Hamar Weyne,SO22,Banadir,2015-08-13,,,,,0.0,0,0.0,1.0,pixel_reliability=0 AND MODLAND_QA(bits0-1)=0 AND VI range -2000..10000,MOD13Q1 V061 Terra 250m 16-day
SO2206,Hamar Weyne,SO22,Banadir,2015-08-29,,,,,0.0,0,0.0,1.0,pixel_reliability=0 AND MODLAND_QA(bits0-1)=0 AND VI range -2000..10000,MOD13Q1 V061 Terra 250m 16-day
SO2206,Hamar Weyne,SO22,Banadir,2015-09-14,,,,,0.0,0,0.5,0.0,pixel_reliability=0 AND MODLAND_QA(bits0-1)=0 AND VI range -2000..10000,MOD13Q1 V061 Terra 250m 16-day
SO2206,Hamar Weyne,SO22,Banadir,2015-09-30,,,,,0.0,0,0.0,0.75,pixel_reliability=0 AND MODLAND_QA(bits0-1)=0 AND VI range -2000..10000,MOD13Q1 V061 Terra 250m 16-day
SO2206,Hamar Weyne,SO22,Banadir,2015-10-16,,,,,0.0,0,0.25,0.5,pixel_reliability=0 AND MODLAND_QA(bits0-1)=0 AND VI range -2000..10000,MOD13Q1 V061 Terra 250m 16-day
SO2206,Hamar Weyne,SO22,Banadir,2015-11-01,,,,,0.0,0,0.0,1.0,pixel_reliability=0 AND MODLAND_QA(bits0-1)=0 AND VI range -2000..10000,MOD13Q1 V061 Terra 250m 16-day
SO2206,Hamar Weyne,SO22,Banadir,2015-11-17,,,,,0.0,0,0.0,1.0,pixel_reliability=0 AND MODLAND_QA(bits0-1)=0 AND VI range -2000..10000,MOD13Q1 V061 Terra 250m 16-day
SO2206,Hamar Weyne,SO22,Banadir,2015-12-03,,,,,0.0,0,0.0,1.0,pixel_reliability=0 AND MODLAND_QA(bits0-1)=0 AND VI range -2000..10000,MOD13Q1 V061 Terra 250m 16-day
SO2206,Hamar Weyne,SO22,Banadir,2015-12-19,0.1727,0.1727,0.112,0.112,0.25,1,0.5,0.0,pixel_reliability=0 AND MODLAND_QA(bits0-1)=0 AND VI range -2000..10000,MOD13Q1 V061 Terra 250m 16-day
SO2207,Hawl Wadaag,SO22,Banadir,2015-01-01,0.18166666666666667,0.1766,0.13303333333333334,0.12350000000000001,0.23076923076923078,3,0.6153846153846154,0.0,pixel_reliability=0 AND MODLAND_QA(bits0-1)=0 AND VI range -2000..10000,MOD13Q1 V061 Terra 250m 16-day
SO2207,Hawl Wadaag,SO22,Banadir,2015-01-17,0.1878,0.1878,0.1394,0.1394,0.1538461538461538,2,0.5384615384615384,0.0,pixel_reliability=0 AND MODLAND_QA(bits0-1)=0 AND VI range -2000..10000,MOD13Q1 V061 Terra 250m 16-day
SO2207,Hawl Wadaag,SO22,Banadir,2015-02-02,,,,,0.0,0,0.6923076923076923,0.0,pixel_reliability=0 AND MODLAND_QA(bits0-1)=0 AND VI range -2000..10000,MOD13Q1 V061 Terra 250m 16-day
SO2207,Hawl Wadaag,SO22,Banadir,2015-02-18,0.16315,0.16315,0.1184,0.1184,0.1538461538461538,2,0.5384615384615384,0.0,pixel_reliability=0 AND MODLAND_QA(bits0-1)=0 AND VI range -2000..10000,MOD13Q1 V061 Terra 250m 16-day
SO2207,Hawl Wadaag,SO22,Banadir,2015-03-06,0.15145,0.15145,0.1108,0.1108,0.1538461538461538,2,0.3846153846153846,0.0,pixel_reliability=0 AND MODLAND_QA(bits0-1)=0 AND VI range -2000..10000,MOD13Q1 V061 Terra 250m 16-day
SO2207,Hawl Wadaag,SO22,Banadir,2015-03-22,0.1555,0.1555,0.1176,0.1176,0.0769230769230769,1,0.3846153846153846,0.0,pixel_reliability=0 AND MODLAND_QA(bits0-1)=0 AND VI range -2000..10000,MOD13Q1 V061 Terra 250m 16-day
SO2207,Hawl Wadaag,SO22,Banadir,2015-04-07,,,,,0.0,0,0.6153846153846154,0.1538461538461538,pixel_reliability=0 AND MODLAND_QA(bits0-1)=0 AND VI range -2000..10000,MOD13Q1 V061 Terra 250m 16-day
SO2207,Hawl Wadaag,SO22,Banadir,2015-04-23,,,,,0.0,0,0.2307692307692307,0.4615384615384615,pixel_reliability=0 AND MODLAND_QA(bits0-1)=0 AND VI range -2000..10000,MOD13Q1 V061 Terra 250m 16-day
SO2207,Hawl Wadaag,SO22,Banadir,2015-05-09,,,,,0.0,0,0.0,1.0,pixel_reliability=0 AND MODLAND_QA(bits0-1)=0 AND VI range -2000..10000,MOD13Q1 V061 Terra 250m 16-day
SO2207,Hawl Wadaag,SO22,Banadir,2015-05-25,,,,,0.0,0,0.0769230769230769,0.6923076923076923,pixel_reliability=0 AND MODLAND_QA(bits0-1)=0 AND VI range -2000..10000,MOD13Q1 V061 Terra 250m 16-day
SO2207,Hawl Wadaag,SO22,Banadir,2015-06-10,,,,,0.0,0,0.3076923076923077,0.0769230769230769,pixel_reliability=0 AND MODLAND_QA(bits0-1)=0 AND VI range -2000..10000,MOD13Q1 V061 Terra 250m 16-day
SO2207,Hawl Wadaag,SO22,Banadir,2015-06-26,,,,,0.0,0,0.0,0.7692307692307693,pixel_reliability=0 AND MODLAND_QA(bits0-1)=0 AND VI range -2000..10000,MOD13Q1 V061 Terra 250m 16-day
SO2207,Hawl Wadaag,SO22,Banadir,2015-07-12,,,,,0.0,0,0.0769230769230769,0.6923076923076923,pixel_reliability=0 AND MODLAND_QA(bits0-1)=0 AND VI range -2000..10000,MOD13Q1 V061 Terra 250m 16-day
SO2207,Hawl Wadaag,SO22,Banadir,2015-07-28,,,,,0.0,0,0.1538461538461538,0.5384615384615384,pixel_reliability=0 AND MODLAND_QA(bits0-1)=0 AND VI range -2000..10000,MOD13Q1 V061 Terra 250m 16-day
SO2207,Hawl Wadaag,SO22,Banadir,2015-08-13,,,,,0.0,0,0.0,0.7692307692307693,pixel_reliability=0 AND MODLAND_QA(bits0-1)=0 AND VI range -2000..10000,MOD13Q1 V061 Terra 250m 16-day
SO2207,Hawl Wadaag,SO22,Banadir,2015-08-29,,,,,0.0,0,0.07692307692307693,0.6153846153846154,pixel_reliability=0 AND MODLAND_QA(bits0-1)=0 AND VI range -2000..10000,MOD13Q1 V061 Terra 250m 16-day
SO2207,Hawl Wadaag,SO22,Banadir,2015-09-14,,,,,0.0,0,0.4615384615384615,0.3076923076923077,pixel_reliability=0 AND MODLAND_QA(bits0-1)=0 AND VI range -2000..10000,MOD13Q1 V061 Terra 250m 16-day
SO2207,Hawl Wadaag,SO22,Banadir,2015-09-30,,,,,0.0,0,0.0769230769230769,0.6153846153846154,pixel_reliability=0 AND MODLAND_QA(bits0-1)=0 AND VI range -2000..10000,MOD13Q1 V061 Terra 250m 16-day
SO2207,Hawl Wadaag,SO22,Banadir,2015-10-16,,,,,0.0,0,0.3076923076923077,0.3076923076923077,pixel_reliability=0 AND MODLAND_QA(bits0-1)=0 AND VI range -2000..10000,MOD13Q1 V061 Terra 250m 16-day
SO2207,Hawl Wadaag,SO22,Banadir,2015-11-01,,,,,0.0,0,0.3846153846153846,0.3846153846153846,pixel_reliability=0 AND MODLAND_QA(bits0-1)=0 AND VI range -2000..10000,MOD13Q1 V061 Terra 250m 16-day
SO2207,Hawl Wadaag,SO22,Banadir,2015-11-17,,,,,0.0,0,0.0,0.8461538461538461,pixel_reliability=0 AND MODLAND_QA(bits0-1)=0 AND VI range -2000..10000,MOD13Q1 V061 Terra 250m 16-day
SO2207,Hawl Wadaag,SO22,Banadir,2015-12-03,,,,,0.0,0,0.2307692307692307,0.3076923076923077,pixel_reliability=0 AND MODLAND_QA(bits0-1)=0 AND VI range -2000..10000,MOD13Q1 V061 Terra 250m 16-day
SO2207,Hawl Wadaag,SO22,Banadir,2015-12-19,,,,,0.0,0,0.6923076923076923,0.0,pixel_reliability=0 AND MODLAND_QA(bits0-1)=0 AND VI range -2000..10000,MOD13Q1 V061 Terra 250m 16-day
SO2208,Heliwa,SO22,Banadir,2015-01-01,0.27840000000000004,0.27840000000000004,0.2102,0.2102,0.09090909090909091,1,0.09090909090909091,0.0,pixel_reliability=0 AND MODLAND_QA(bits0-1)=0 AND VI range -2000..10000,MOD13Q1 V061 Terra 250m 16-day
SO2208,Heliwa,SO22,Banadir,2015-01-17,0.26605,0.2588,0.20575,0.2042,0.3636363636363636,4,0.1818181818181818,0.0,pixel_reliability=0 AND MODLAND_QA(bits0-1)=0 AND VI range -2000..10000,MOD13Q1 V061 Terra 250m 16-day
SO2208,Heliwa,SO22,Banadir,2015-02-02,0.2513,0.2513,0.1887,0.1887,0.1818181818181818,2,0.0,0.0,pixel_reliability=0 AND MODLAND_QA(bits0-1)=0 AND VI range -2000..10000,MOD13Q1 V061 Terra 250m 16-day
SO2208,Heliwa,SO22,Banadir,2015-02-18,,,,,0.0,0,0.0,0.0,pixel_reliability=0 AND MODLAND_QA(bits0-1)=0 AND VI range -2000..10000,MOD13Q1 V061 Terra 250m 16-day
SO2208,Heliwa,SO22,Banadir,2015-03-06,0.23615,0.23615,0.18095,0.18095,0.1818181818181818,2,0.0,0.0,pixel_reliability=0 AND MODLAND_QA(bits0-1)=0 AND VI range -2000..10000,MOD13Q1 V061 Terra 250m 16-day
SO2208,Heliwa,SO22,Banadir,2015-03-22,0.19745,0.19745,0.15465,0.15465,0.1818181818181818,2,0.0,0.0,pixel_reliability=0 AND MODLAND_QA(bits0-1)=0 AND VI range -2000..10000,MOD13Q1 V061 Terra 250m 16-day
SO2208,Heliwa,SO22,Banadir,2015-04-07,0.2318,0.2318,0.17995,0.17995,0.1818181818181818,2,0.4545454545454545,0.0,pixel_reliability=0 AND MODLAND_QA(bits0-1)=0 AND VI range -2000..10000,MOD13Q1 V061 Terra 250m 16-day
SO2208,Heliwa,SO22,Banadir,2015-04-23,0.2505,0.2505,0.2034,0.2034,0.1818181818181818,2,0.0909090909090909,0.0,pixel_reliability=0 AND MODLAND_QA(bits0-1)=0 AND VI range -2000..10000,MOD13Q1 V061 Terra 250m 16-day
SO2208,Heliwa,SO22,Banadir,2015-05-09,,,,,0.0,0,0.0,0.5454545454545454,pixel_reliability=0 AND MODLAND_QA(bits0-1)=0 AND VI range -2000..10000,MOD13Q1 V061 Terra 250m 16-day
SO2208,Heliwa,SO22,Banadir,2015-05-25,,,,,0.0,0,0.4545454545454545,0.2727272727272727,pixel_reliability=0 AND MODLAND_QA(bits0-1)=0 AND VI range -2000..10000,MOD13Q1 V061 Terra 250m 16-day
SO2208,Heliwa,SO22,Banadir,2015-06-10,0.3004,0.3004,0.232,0.232,0.0909090909090909,1,0.6363636363636364,0.0909090909090909,pixel_reliability=0 AND MODLAND_QA(bits0-1)=0 AND VI range -2000..10000,MOD13Q1 V061 Terra 250m 16-day
SO2208,Heliwa,SO22,Banadir,2015-06-26,0.3332,0.3332,0.2471,0.2471,0.0909090909090909,1,0.3636363636363636,0.0909090909090909,pixel_reliability=0 AND MODLAND_QA(bits0-1)=0 AND VI range -2000..10000,MOD13Q1 V061 Terra 250m 16-day
SO2208,Heliwa,SO22,Banadir,2015-07-12,,,,,0.0,0,0.1818181818181818,0.4545454545454545,pixel_reliability=0 AND MODLAND_QA(bits0-1)=0 AND VI range -2000..10000,MOD13Q1 V061 Terra 250m 16-day
SO2208,Heliwa,SO22,Banadir,2015-07-28,,,,,0.0,0,0.6363636363636364,0.0909090909090909,pixel_reliability=0 AND MODLAND_QA(bits0-1)=0 AND VI range -2000..10000,MOD13Q1 V061 Terra 250m 16-day
SO2208,Heliwa,SO22,Banadir,2015-08-13,,,,,0.0,0,0.3636363636363636,0.1818181818181818,pixel_reliability=0 AND MODLAND_QA(bits0-1)=0 AND VI range -2000..10000,MOD13Q1 V061 Terra 250m 16-day
SO2208,Heliwa,SO22,Banadir,2015-08-29,,,,,0.0,0,0.6363636363636364,0.0,pixel_reliability=0 AND MODLAND_QA(bits0-1)=0 AND VI range -2000..10000,MOD13Q1 V061 Terra 250m 16-day
SO2208,Heliwa,SO22,Banadir,2015-09-14,,,,,0.0,0,0.2727272727272727,0.1818181818181818,pixel_reliability=0 AND MODLAND_QA(bits0-1)=0 AND VI range -2000..10000,MOD13Q1 V061 Terra 250m 16-day
SO2208,Heliwa,SO22,Banadir,2015-09-30,,,,,0.0,0,0.5454545454545454,0.0909090909090909,pixel_reliability=0 AND MODLAND_QA(bits0-1)=0 AND VI range -2000..10000,MOD13Q1 V061 Terra 250m 16-day
SO2208,Heliwa,SO22,Banadir,2015-10-16,0.30335,0.30335,0.24505,0.24505,0.1818181818181818,2,0.4545454545454545,0.0,pixel_reliability=0 AND MODLAND_QA(bits0-1)=0 AND VI range -2000..10000,MOD13Q1 V061 Terra 250m 16-day
SO2208,Heliwa,SO22,Banadir,2015-11-01,0.32675,0.32675,0.25505,0.25505,0.1818181818181818,2,0.2727272727272727,0.0,pixel_reliability=0 AND MODLAND_QA(bits0-1)=0 AND VI range -2000..10000,MOD13Q1 V061 Terra 250m 16-day
SO2208,Heliwa,SO22,Banadir,2015-11-17,0.3564,0.3564,0.3144,0.3144,0.0909090909090909,1,0.5454545454545454,0.1818181818181818,pixel_reliability=0 AND MODLAND_QA(bits0-1)=0 AND VI range -2000..10000,MOD13Q1 V061 Terra 250m 16-day
SO2208,Heliwa,SO22,Banadir,2015-12-03,,,,,0.0,0,0.6363636363636364,0.0,pixel_reliability=0 AND MODLAND_QA(bits0-1)=0 AND VI range -2000..10000,MOD13Q1 V061 Terra 250m 16-day
SO2208,Heliwa,SO22,Banadir,2015-12-19,0.3374333333333334,0.3336,0.2546333333333333,0.2443,0.2727272727272727,3,0.0,0.0,pixel_reliability=0 AND MODLAND_QA(bits0-1)=0 AND VI range -2000..10000,MOD13Q1 V061 Terra 250m 16-day
SO2209,Hodan,SO22,Banadir,2015-01-01,0.19,0.19,0.14275000000000002,0.14275000000000002,0.2,2,0.6,0.0,pixel_reliability=0 AND MODLAND_QA(bits0-1)=0 AND VI range -2000..10000,MOD13Q1 V061 Terra 250m 16-day
SO2209,Hodan,SO22,Banadir,2015-01-17,0.2097,0.2097,0.15675,0.15675,0.2,2,0.4,0.0,pixel_reliability=0 AND MODLAND_QA(bits0-1)=0 AND VI range -2000..10000,MOD13Q1 V061 Terra 250m 16-day
SO2209,Hodan,SO22,Banadir,2015-02-02,0.1759,0.1759,0.1233,0.1233,0.1,1,0.4,0.0,pixel_reliability=0 AND MODLAND_QA(bits0-1)=0 AND VI range -2000..10000,MOD13Q1 V061 Terra 250m 16-day
SO2209,Hodan,SO22,Banadir,2015-02-18,0.16315,0.16315,0.1184,0.1184,0.2,2,0.2,0.0,pixel_reliability=0 AND MODLAND_QA(bits0-1)=0 AND VI range -2000..10000,MOD13Q1 V061 Terra 250m 16-day
SO2209,Hodan,SO22,Banadir,2015-03-06,0.15145,0.15145,0.1108,0.1108,0.2,2,0.0,0.0,pixel_reliability=0 AND MODLAND_QA(bits0-1)=0 AND VI range -2000..10000,MOD13Q1 V061 Terra 250m 16-day
SO2209,Hodan,SO22,Banadir,2015-03-22,0.1667,0.1667,0.1257,0.1257,0.2,2,0.5,0.0,pixel_reliability=0 AND MODLAND_QA(bits0-1)=0 AND VI range -2000..10000,MOD13Q1 V061 Terra 250m 16-day
SO2209,Hodan,SO22,Banadir,2015-04-07,,,,,0.0,0,0.6,0.0,pixel_reliability=0 AND MODLAND_QA(bits0-1)=0 AND VI range -2000..10000,MOD13Q1 V061 Terra 250m 16-day
SO2209,Hodan,SO22,Banadir,2015-04-23,,,,,0.0,0,0.1,0.7,pixel_reliability=0 AND MODLAND_QA(bits0-1)=0 AND VI range -2000..10000,MOD13Q1 V061 Terra 250m 16-day
SO2209,Hodan,SO22,Banadir,2015-05-09,,,,,0.0,0,0.0,1.0,pixel_reliability=0 AND MODLAND_QA(bits0-1)=0 AND VI range -2000..10000,MOD13Q1 V061 Terra 250m 16-day
SO2209,Hodan,SO22,Banadir,2015-05-25,,,,,0.0,0,0.0,1.0,pixel_reliability=0 AND MODLAND_QA(bits0-1)=0 AND VI range -2000..10000,MOD13Q1 V061 Terra 250m 16-day
SO2209,Hodan,SO22,Banadir,2015-06-10,,,,,0.0,0,0.6,0.1,pixel_reliability=0 AND MODLAND_QA(bits0-1)=0 AND VI range -2000..10000,MOD13Q1 V061 Terra 250m 16-day
SO2209,Hodan,SO22,Banadir,2015-06-26,,,,,0.0,0,0.0,1.0,pixel_reliability=0 AND MODLAND_QA(bits0-1)=0 AND VI range -2000..10000,MOD13Q1 V061 Terra 250m 16-day
SO2209,Hodan,SO22,Banadir,2015-07-12,,,,,0.0,0,0.0,0.8,pixel_reliability=0 AND MODLAND_QA(bits0-1)=0 AND VI range -2000..10000,MOD13Q1 V061 Terra 250m 16-day
SO2209,Hodan,SO22,Banadir,2015-07-28,,,,,0.0,0,0.1,0.3,pixel_reliability=0 AND MODLAND_QA(bits0-1)=0 AND VI range -2000..10000,MOD13Q1 V061 Terra 250m 16-day
SO2209,Hodan,SO22,Banadir,2015-08-13,,,,,0.0,0,0.1,0.3,pixel_reliability=0 AND MODLAND_QA(bits0-1)=0 AND VI range -2000..10000,MOD13Q1 V061 Terra 250m 16-day
SO2209,Hodan,SO22,Banadir,2015-08-29,,,,,0.0,0,0.3,0.2,pixel_reliability=0 AND MODLAND_QA(bits0-1)=0 AND VI range -2000..10000,MOD13Q1 V061 Terra 250m 16-day
SO2209,Hodan,SO22,Banadir,2015-09-14,,,,,0.0,0,0.2,0.6,pixel_reliability=0 AND MODLAND_QA(bits0-1)=0 AND VI range -2000..10000,MOD13Q1 V061 Terra 250m 16-day
SO2209,Hodan,SO22,Banadir,2015-09-30,,,,,0.0,0,0.1,0.5,pixel_reliability=0 AND MODLAND_QA(bits0-1)=0 AND VI range -2000..10000,MOD13Q1 V061 Terra 250m 16-day
SO2209,Hodan,SO22,Banadir,2015-10-16,,,,,0.0,0,0.2,0.3,pixel_reliability=0 AND MODLAND_QA(bits0-1)=0 AND VI range -2000..10000,MOD13Q1 V061 Terra 250m 16-day
SO2209,Hodan,SO22,Banadir,2015-11-01,,,,,0.0,0,0.5,0.3,pixel_reliability=0 AND MODLAND_QA(bits0-1)=0 AND VI range -2000..10000,MOD13Q1 V061 Terra 250m 16-day
SO2209,Hodan,SO22,Banadir,2015-11-17,,,,,0.0,0,0.1,0.5,pixel_reliability=0 AND MODLAND_QA(bits0-1)=0 AND VI range -2000..10000,MOD13Q1 V061 Terra 250m 16-day
SO2209,Hodan,SO22,Banadir,2015-12-03,,,,,0.0,0,0.2,0.6,pixel_reliability=0 AND MODLAND_QA(bits0-1)=0 AND VI range -2000..10000,MOD13Q1 V061 Terra 250m 16-day
SO2209,Hodan,SO22,Banadir,2015-12-19,0.2482,0.2482,0.1745,0.1745,0.1,1,0.6,0.0,pixel_reliability=0 AND MODLAND_QA(bits0-1)=0 AND VI range -2000..10000,MOD13Q1 V061 Terra 250m 16-day
SO2210,Kahda,SO22,Banadir,2015-01-01,0.24679047619047623,0.2462,0.17780952380952383,0.1797,0.5833333333333334,21,0.027777777777777776,0.0,pixel_reliability=0 AND MODLAND_QA(bits0-1)=0 AND VI range -2000..10000,MOD13Q1 V061 Terra 250m 16-day
SO2210,Kahda,SO22,Banadir,2015-01-17,0.2246931034482759,0.2209,0.1615931034482758,0.1623,0.8055555555555556,29,0.0277777777777777,0.0,pixel_reliability=0 AND MODLAND_QA(bits0-1)=0 AND VI range -2000..10000,MOD13Q1 V061 Terra 250m 16-day
SO2210,Kahda,SO22,Banadir,2015-02-02,0.20583,0.2042,0.14917,0.15035,0.5555555555555556,20,0.1388888888888889,0.0,pixel_reliability=0 AND MODLAND_QA(bits0-1)=0 AND VI range -2000..10000,MOD13Q1 V061 Terra 250m 16-day
SO2210,Kahda,SO22,Banadir,2015-02-18,0.1907684210526316,0.1933,0.1392315789473684,0.1394,0.5277777777777778,19,0.1388888888888889,0.0,pixel_reliability=0 AND MODLAND_QA(bits0-1)=0 AND VI range -2000..10000,MOD13Q1 V061 Terra 250m 16-day
SO2210,Kahda,SO22,Banadir,2015-03-06,0.192940625,0.1906,0.137596875,0.13765,0.8888888888888888,32,0.0,0.0,pixel_reliability=0 AND MODLAND_QA(bits0-1)=0 AND VI range -2000..10000,MOD13Q1 V061 Terra 250m 16-day
SO2210,Kahda,SO22,Banadir,2015-03-22,0.1934136363636363,0.18905,0.1390409090909091,0.1378,0.6111111111111112,22,0.0277777777777777,0.0,pixel_reliability=0 AND MODLAND_QA(bits0-1)=0 AND VI range -2000..10000,MOD13Q1 V061 Terra 250m 16-day
SO2210,Kahda,SO22,Banadir,2015-04-07,0.1914571428571428,0.1962,0.1466571428571428,0.1509,0.1944444444444444,7,0.25,0.1111111111111111,pixel_reliability=0 AND MODLAND_QA(bits0-1)=0 AND VI range -2000..10000,MOD13Q1 V061 Terra 250m 16-day
SO2210,Kahda,SO22,Banadir,2015-04-23,,,,,0.0,0,0.0,1.0,pixel_reliability=0 AND MODLAND_QA(bits0-1)=0 AND VI range -2000..10000,MOD13Q1 V061 Terra 250m 16-day
SO2210,Kahda,SO22,Banadir,2015-05-09,,,,,0.0,0,0.0277777777777777,0.8611111111111112,pixel_reliability=0 AND MODLAND_QA(bits0-1)=0 AND VI range -2000..10000,MOD13Q1 V061 Terra 250m 16-day
SO2210,Kahda,SO22,Banadir,2015-05-25,,,,,0.0,0,0.0277777777777777,0.8888888888888888,pixel_reliability=0 AND MODLAND_QA(bits0-1)=0 AND VI range -2000..10000,MOD13Q1 V061 Terra 250m 16-day
SO2210,Kahda,SO22,Banadir,2015-06-10,,,,,0.0,0,0.0555555555555555,0.8888888888888888,pixel_reliability=0 AND MODLAND_QA(bits0-1)=0 AND VI range -2000..10000,MOD13Q1 V061 Terra 250m 16-day
SO2210,Kahda,SO22,Banadir,2015-06-26,,,,,0.0,0,0.0,0.7777777777777778,pixel_reliability=0 AND MODLAND_QA(bits0-1)=0 AND VI range -2000..10000,MOD13Q1 V061 Terra 250m 16-day
SO2210,Kahda,SO22,Banadir,2015-07-12,,,,,0.0,0,0.1111111111111111,0.6944444444444444,pixel_reliability=0 AND MODLAND_QA(bits0-1)=0 AND VI range -2000..10000,MOD13Q1 V061 Terra 250m 16-day
SO2210,Kahda,SO22,Banadir,2015-07-28,0.3441,0.3441,0.2552,0.2552,0.0555555555555555,2,0.6388888888888888,0.0555555555555555,pixel_reliability=0 AND MODLAND_QA(bits0-1)=0 AND VI range -2000..10000,MOD13Q1 V061 Terra 250m 16-day
SO2210,Kahda,SO22,Banadir,2015-08-13,,,,,0.0,0,0.0277777777777777,0.7777777777777778,pixel_reliability=0 AND MODLAND_QA(bits0-1)=0 AND VI range -2000..10000,MOD13Q1 V061 Terra 250m 16-day
SO2210,Kahda,SO22,Banadir,2015-08-29,0.37056666666666666,0.3699,0.2709833333333334,0.27215,0.16666666666666666,6,0.3055555555555556,0.027777777777777776,pixel_reliability=0 AND MODLAND_QA(bits0-1)=0 AND VI range -2000..10000,MOD13Q1 V061 Terra 250m 16-day
SO2210,Kahda,SO22,Banadir,2015-09-14,0.3351,0.3351,0.2478,0.2478,0.0277777777777777,1,0.1666666666666666,0.4166666666666667,pixel_reliability=0 AND MODLAND_QA(bits0-1)=0 AND VI range -2000..10000,MOD13Q1 V061 Terra 250m 16-day
SO2210,Kahda,SO22,Banadir,2015-09-30,,,,,0.0,0,0.0,1.0,pixel_reliability=0 AND MODLAND_QA(bits0-1)=0 AND VI range -2000..10000,MOD13Q1 V061 Terra 250m 16-day
SO2210,Kahda,SO22,Banadir,2015-10-16,,,,,0.0,0,0.2222222222222222,0.6111111111111112,pixel_reliability=0 AND MODLAND_QA(bits0-1)=0 AND VI range -2000..10000,MOD13Q1 V061 Terra 250m 16-day
SO2210,Kahda,SO22,Banadir,2015-11-01,0.3599,0.3599,0.2581,0.2581,0.0277777777777777,1,0.0833333333333333,0.8055555555555556,pixel_reliability=0 AND MODLAND_QA(bits0-1)=0 AND VI range -2000..10000,MOD13Q1 V061 Terra 250m 16-day
SO2210,Kahda,SO22,Banadir,2015-11-17,,,,,0.0,0,0.1111111111111111,0.6111111111111112,pixel_reliability=0 AND MODLAND_QA(bits0-1)=0 AND VI range -2000..10000,MOD13Q1 V061 Terra 250m 16-day
SO2210,Kahda,SO22,Banadir,2015-12-03,,,,,0.0,0,0.1388888888888889,0.6388888888888888,pixel_reliability=0 AND MODLAND_QA(bits0-1)=0 AND VI range -2000..10000,MOD13Q1 V061 Terra 250m 16-day
SO2210,Kahda,SO22,Banadir,2015-12-19,0.3130235294117647,0.3199,0.2233647058823529,0.2238,0.4722222222222222,17,0.1111111111111111,0.0,pixel_reliability=0 AND MODLAND_QA(bits0-1)=0 AND VI range -2000..10000,MOD13Q1 V061 Terra 250m 16-day
SO2211,Karaan,SO22,Banadir,2015-01-01,0.26615,0.26615,0.21065,0.21065,0.07142857142857142,2,0.5,0.0,pixel_reliability=0 AND MODLAND_QA(bits0-1)=0 AND VI range -2000..10000,MOD13Q1 V061 Terra 250m 16-day
SO2211,Karaan,SO22,Banadir,2015-01-17,,,,,0.0,0,0.3571428571428571,0.5,pixel_reliability=0 AND MODLAND_QA(bits0-1)=0 AND VI range -2000..10000,MOD13Q1 V061 Terra 250m 16-day
SO2211,Karaan,SO22,Banadir,2015-02-02,0.23035,0.23035,0.18955,0.18955,0.0714285714285714,2,0.2857142857142857,0.3928571428571428,pixel_reliability=0 AND MODLAND_QA(bits0-1)=0 AND VI range -2000..10000,MOD13Q1 V061 Terra 250m 16-day
SO2211,Karaan,SO22,Banadir,2015-02-18,0.212,0.212,0.1702,0.1702,0.0714285714285714,2,0.2857142857142857,0.25,pixel_reliability=0 AND MODLAND_QA(bits0-1)=0 AND VI range -2000..10000,MOD13Q1 V061 Terra 250m 16-day
SO2211,Karaan,SO22,Banadir,2015-03-06,0.1854,0.1854,0.13695,0.13695,0.0714285714285714,2,0.4285714285714285,0.1071428571428571,pixel_reliability=0 AND MODLAND_QA(bits0-1)=0 AND VI range -2000..10000,MOD13Q1 V061 Terra 250m 16-day
SO2211,Karaan,SO22,Banadir,2015-03-22,0.2211,0.2211,0.1758,0.1758,0.0357142857142857,1,0.5,0.2142857142857142,pixel_reliability=0 AND MODLAND_QA(bits0-1)=0 AND VI range -2000..10000,MOD13Q1 V061 Terra 250m 16-day
SO2211,Karaan,SO22,Banadir,2015-04-07,0.2878333333333333,0.2783,0.2069333333333333,0.2072,0.1071428571428571,3,0.5,0.1071428571428571,pixel_reliability=0 AND MODLAND_QA(bits0-1)=0 AND VI range -2000..10000,MOD13Q1 V061 Terra 250m 16-day
SO2211,Karaan,SO22,Banadir,2015-04-23,0.2112,0.2112,0.1694,0.1694,0.0357142857142857,1,0.25,0.3571428571428571,pixel_reliability=0 AND MODLAND_QA(bits0-1)=0 AND VI range -2000..10000,MOD13Q1 V061 Terra 250m 16-day
SO2211,Karaan,SO22,Banadir,2015-05-09,,,,,0.0,0,0.0357142857142857,0.6428571428571429,pixel_reliability=0 AND MODLAND_QA(bits0-1)=0 AND VI range -2000..10000,MOD13Q1 V061 Terra 250m 16-day
SO2211,Karaan,SO22,Banadir,2015-05-25,0.3488,0.3488,0.2676,0.2676,0.0357142857142857,1,0.1071428571428571,0.4642857142857143,pixel_reliability=0 AND MODLAND_QA(bits0-1)=0 AND VI range -2000..10000,MOD13Q1 V061 Terra 250m 16-day
SO2211,Karaan,SO22,Banadir,2015-06-10,0.30875,0.30875,0.2465999999999999,0.2465999999999999,0.0714285714285714,2,0.25,0.2857142857142857,pixel_reliability=0 AND MODLAND_QA(bits0-1)=0 AND VI range -2000..10000,MOD13Q1 V061 Terra 250m 16-day
SO2211,Karaan,SO22,Banadir,2015-06-26,,,,,0.0,0,0.1785714285714285,0.3928571428571428,pixel_reliability=0 AND MODLAND_QA(bits0-1)=0 AND VI range -2000..10000,MOD13Q1 V061 Terra 250m 16-day
SO2211,Karaan,SO22,Banadir,2015-07-12,,,,,0.0,0,0.1428571428571428,0.7857142857142857,pixel_reliability=0 AND MODLAND_QA(bits0-1)=0 AND VI range -2000..10000,MOD13Q1 V061 Terra 250m 16-day
SO2211,Karaan,SO22,Banadir,2015-07-28,,,,,0.0,0,0.1428571428571428,0.5,pixel_reliability=0 AND MODLAND_QA(bits0-1)=0 AND VI range -2000..10000,MOD13Q1 V061 Terra 250m 16-day
SO2211,Karaan,SO22,Banadir,2015-08-13,0.3533,0.3533,0.2645,0.2645,0.0357142857142857,1,0.0,0.7857142857142857,pixel_reliability=0 AND MODLAND_QA(bits0-1)=0 AND VI range -2000..10000,MOD13Q1 V061 Terra 250m 16-day
SO2211,Karaan,SO22,Banadir,2015-08-29,,,,,0.0,0,0.10714285714285714,0.7142857142857143,pixel_reliability=0 AND MODLAND_QA(bits0-1)=0 AND VI range -2000..10000,MOD13Q1 V061 Terra 250m 16-day
SO2211,Karaan,SO22,Banadir,2015-09-14,,,,,0.0,0,0.3571428571428571,0.3571428571428571,pixel_reliability=0 AND MODLAND_QA(bits0-1)=0 AND VI range -2000..10000,MOD13Q1 V061 Terra 250m 16-day
SO2211,Karaan,SO22,Banadir,2015-09-30,0.2424,0.2424,0.2155,0.2155,0.0357142857142857,1,0.2142857142857142,0.4285714285714285,pixel_reliability=0 AND MODLAND_QA(bits0-1)=0 AND VI range -2000..10000,MOD13Q1 V061 Terra 250m 16-day
SO2211,Karaan,SO22,Banadir,2015-10-16,0.2951,0.2951,0.2097,0.2097,0.0357142857142857,1,0.3928571428571428,0.1785714285714285,pixel_reliability=0 AND MODLAND_QA(bits0-1)=0 AND VI range -2000..10000,MOD13Q1 V061 Terra 250m 16-day
SO2211,Karaan,SO22,Banadir,2015-11-01,,,,,0.0,0,0.2142857142857142,0.5,pixel_reliability=0 AND MODLAND_QA(bits0-1)=0 AND VI range -2000..10000,MOD13Q1 V061 Terra 250m 16-day
SO2211,Karaan,SO22,Banadir,2015-11-17,0.33865,0.33865,0.3022,0.3022,0.0714285714285714,2,0.2857142857142857,0.2857142857142857,pixel_reliability=0 AND MODLAND_QA(bits0-1)=0 AND VI range -2000..10000,MOD13Q1 V061 Terra 250m 16-day
SO2211,Karaan,SO22,Banadir,2015-12-03,0.3462666666666667,0.3344,0.2926333333333333,0.3033,0.1071428571428571,3,0.3214285714285714,0.3571428571428571,pixel_reliability=0 AND MODLAND_QA(bits0-1)=0 AND VI range -2000..10000,MOD13Q1 V061 Terra 250m 16-day
SO2211,Karaan,SO22,Banadir,2015-12-19,0.1897,0.1897,0.12715,0.12715,0.0714285714285714,2,0.4285714285714285,0.1071428571428571,pixel_reliability=0 AND MODLAND_QA(bits0-1)=0 AND VI range -2000..10000,MOD13Q1 V061 Terra 250m 16-day
SO2212,Shangaani,SO22,Banadir,2015-01-01,,,,,0.0,0,0.0,0.0,pixel_reliability=0 AND MODLAND_QA(bits0-1)=0 AND VI range -2000..10000,MOD13Q1 V061 Terra 250m 16-day
SO2212,Shangaani,SO22,Banadir,2015-01-17,,,,,0.0,0,0.0,0.0,pixel_reliability=0 AND MODLAND_QA(bits0-1)=0 AND VI range -2000..10000,MOD13Q1 V061 Terra 250m 16-day
SO2212,Shangaani,SO22,Banadir,2015-02-02,,,,,0.0,0,0.0,0.0,pixel_reliability=0 AND MODLAND_QA(bits0-1)=0 AND VI range -2000..10000,MOD13Q1 V061 Terra 250m 16-day
SO2212,Shangaani,SO22,Banadir,2015-02-18,,,,,0.0,0,0.0,1.0,pixel_reliability=0 AND MODLAND_QA(bits0-1)=0 AND VI range -2000..10000,MOD13Q1 V061 Terra 250m 16-day
SO2212,Shangaani,SO22,Banadir,2015-03-06,,,,,0.0,0,0.0,1.0,pixel_reliability=0 AND MODLAND_QA(bits0-1)=0 AND VI range -2000..10000,MOD13Q1 V061 Terra 250m 16-day
SO2212,Shangaani,SO22,Banadir,2015-03-22,,,,,0.0,0,1.0,0.0,pixel_reliability=0 AND MODLAND_QA(bits0-1)=0 AND VI range -2000..10000,MOD13Q1 V061 Terra 250m 16-day
SO2212,Shangaani,SO22,Banadir,2015-04-07,,,,,0.0,0,0.0,1.0,pixel_reliability=0 AND MODLAND_QA(bits0-1)=0 AND VI range -2000..10000,MOD13Q1 V061 Terra 250m 16-day
SO2212,Shangaani,SO22,Banadir,2015-04-23,,,,,0.0,0,0.0,1.0,pixel_reliability=0 AND MODLAND_QA(bits0-1)=0 AND VI range -2000..10000,MOD13Q1 V061 Terra 250m 16-day
SO2212,Shangaani,SO22,Banadir,2015-05-09,,,,,0.0,0,0.0,1.0,pixel_reliability=0 AND MODLAND_QA(bits0-1)=0 AND VI range -2000..10000,MOD13Q1 V061 Terra 250m 16-day
SO2212,Shangaani,SO22,Banadir,2015-05-25,,,,,0.0,0,0.0,1.0,pixel_reliability=0 AND MODLAND_QA(bits0-1)=0 AND VI range -2000..10000,MOD13Q1 V061 Terra 250m 16-day
SO2212,Shangaani,SO22,Banadir,2015-06-10,,,,,0.0,0,0.0,1.0,pixel_reliability=0 AND MODLAND_QA(bits0-1)=0 AND VI range -2000..10000,MOD13Q1 V061 Terra 250m 16-day
SO2212,Shangaani,SO22,Banadir,2015-06-26,,,,,0.0,0,1.0,0.0,pixel_reliability=0 AND MODLAND_QA(bits0-1)=0 AND VI range -2000..10000,MOD13Q1 V061 Terra 250m 16-day
SO2212,Shangaani,SO22,Banadir,2015-07-12,,,,,0.0,0,0.0,1.0,pixel_reliability=0 AND MODLAND_QA(bits0-1)=0 AND VI range -2000..10000,MOD13Q1 V061 Terra 250m 16-day
SO2212,Shangaani,SO22,Banadir,2015-07-28,,,,,0.0,0,0.0,1.0,pixel_reliability=0 AND MODLAND_QA(bits0-1)=0 AND VI range -2000..10000,MOD13Q1 V061 Terra 250m 16-day
SO2212,Shangaani,SO22,Banadir,2015-08-13,,,,,0.0,0,0.0,1.0,pixel_reliability=0 AND MODLAND_QA(bits0-1)=0 AND VI range -2000..10000,MOD13Q1 V061 Terra 250m 16-day
SO2212,Shangaani,SO22,Banadir,2015-08-29,,,,,0.0,0,0.0,1.0,pixel_reliability=0 AND MODLAND_QA(bits0-1)=0 AND VI range -2000..10000,MOD13Q1 V061 Terra 250m 16-day
SO2212,Shangaani,SO22,Banadir,2015-09-14,,,,,0.0,0,0.0,0.0,pixel_reliability=0 AND MODLAND_QA(bits0-1)=0 AND VI range -2000..10000,MOD13Q1 V061 Terra 250m 16-day
SO2212,Shangaani,SO22,Banadir,2015-09-30,,,,,0.0,0,0.0,1.0,pixel_reliability=0 AND MODLAND_QA(bits0-1)=0 AND VI range -2000..10000,MOD13Q1 V061 Terra 250m 16-day
SO2212,Shangaani,SO22,Banadir,2015-10-16,,,,,0.0,0,0.0,1.0,pixel_reliability=0 AND MODLAND_QA(bits0-1)=0 AND VI range -2000..10000,MOD13Q1 V061 Terra 250m 16-day
SO2212,Shangaani,SO22,Banadir,2015-11-01,,,,,0.0,0,0.0,1.0,pixel_reliability=0 AND MODLAND_QA(bits0-1)=0 AND VI range -2000..10000,MOD13Q1 V061 Terra 250m 16-day
SO2212,Shangaani,SO22,Banadir,2015-11-17,,,,,0.0,0,0.0,1.0,pixel_reliability=0 AND MODLAND_QA(bits0-1)=0 AND VI range -2000..10000,MOD13Q1 V061 Terra 250m 16-day
SO2212,Shangaani,SO22,Banadir,2015-12-03,,,,,0.0,0,0.0,1.0,pixel_reliability=0 AND MODLAND_QA(bits0-1)=0 AND VI range -2000..10000,MOD13Q1 V061 Terra 250m 16-day
SO2212,Shangaani,SO22,Banadir,2015-12-19,,,,,0.0,0,1.0,0.0,pixel_reliability=0 AND MODLAND_QA(bits0-1)=0 AND VI range -2000..10000,MOD13Q1 V061 Terra 250m 16-day
SO2213,Shibis,SO22,Banadir,2015-01-01,,,,,0.0,0,0.25,0.0,pixel_reliability=0 AND MODLAND_QA(bits0-1)=0 AND VI range -2000..10000,MOD13Q1 V061 Terra 250m 16-day
SO2213,Shibis,SO22,Banadir,2015-01-17,,,,,0.0,0,0.25,0.25,pixel_reliability=0 AND MODLAND_QA(bits0-1)=0 AND VI range -2000..10000,MOD13Q1 V061 Terra 250m 16-day
SO2213,Shibis,SO22,Banadir,2015-02-02,,,,,0.0,0,0.0,1.0,pixel_reliability=0 AND MODLAND_QA(bits0-1)=0 AND VI range -2000..10000,MOD13Q1 V061 Terra 250m 16-day
SO2213,Shibis,SO22,Banadir,2015-02-18,,,,,0.0,0,0.75,0.0,pixel_reliability=0 AND MODLAND_QA(bits0-1)=0 AND VI range -2000..10000,MOD13Q1 V061 Terra 250m 16-day
SO2213,Shibis,SO22,Banadir,2015-03-06,,,,,0.0,0,0.5,0.0,pixel_reliability=0 AND MODLAND_QA(bits0-1)=0 AND VI range -2000..10000,MOD13Q1 V061 Terra 250m 16-day
SO2213,Shibis,SO22,Banadir,2015-03-22,,,,,0.0,0,0.25,0.25,pixel_reliability=0 AND MODLAND_QA(bits0-1)=0 AND VI range -2000..10000,MOD13Q1 V061 Terra 250m 16-day
SO2213,Shibis,SO22,Banadir,2015-04-07,,,,,0.0,0,0.0,0.5,pixel_reliability=0 AND MODLAND_QA(bits0-1)=0 AND VI range -2000..10000,MOD13Q1 V061 Terra 250m 16-day
SO2213,Shibis,SO22,Banadir,2015-04-23,,,,,0.0,0,0.25,0.0,pixel_reliability=0 AND MODLAND_QA(bits0-1)=0 AND VI range -2000..10000,MOD13Q1 V061 Terra 250m 16-day
SO2213,Shibis,SO22,Banadir,2015-05-09,,,,,0.0,0,0.0,1.0,pixel_reliability=0 AND MODLAND_QA(bits0-1)=0 AND VI range -2000..10000,MOD13Q1 V061 Terra 250m 16-day
SO2213,Shibis,SO22,Banadir,2015-05-25,,,,,0.0,0,0.0,1.0,pixel_reliability=0 AND MODLAND_QA(bits0-1)=0 AND VI range -2000..10000,MOD13Q1 V061 Terra 250m 16-day
SO2213,Shibis,SO22,Banadir,2015-06-10,,,,,0.0,0,0.5,0.25,pixel_reliability=0 AND MODLAND_QA(bits0-1)=0 AND VI range -2000..10000,MOD13Q1 V061 Terra 250m 16-day
SO2213,Shibis,SO22,Banadir,2015-06-26,,,,,0.0,0,0.0,0.25,pixel_reliability=0 AND MODLAND_QA(bits0-1)=0 AND VI range -2000..10000,MOD13Q1 V061 Terra 250m 16-day
SO2213,Shibis,SO22,Banadir,2015-07-12,,,,,0.0,0,0.0,0.75,pixel_reliability=0 AND MODLAND_QA(bits0-1)=0 AND VI range -2000..10000,MOD13Q1 V061 Terra 250m 16-day
SO2213,Shibis,SO22,Banadir,2015-07-28,,,,,0.0,0,0.25,0.5,pixel_reliability=0 AND MODLAND_QA(bits0-1)=0 AND VI range -2000..10000,MOD13Q1 V061 Terra 250m 16-day
SO2213,Shibis,SO22,Banadir,2015-08-13,,,,,0.0,0,0.0,0.75,pixel_reliability=0 AND MODLAND_QA(bits0-1)=0 AND VI range -2000..10000,MOD13Q1 V061 Terra 250m 16-day
SO2213,Shibis,SO22,Banadir,2015-08-29,,,,,0.0,0,0.0,1.0,pixel_reliability=0 AND MODLAND_QA(bits0-1)=0 AND VI range -2000..10000,MOD13Q1 V061 Terra 250m 16-day
SO2213,Shibis,SO22,Banadir,2015-09-14,,,,,0.0,0,0.0,0.5,pixel_reliability=0 AND MODLAND_QA(bits0-1)=0 AND VI range -2000..10000,MOD13Q1 V061 Terra 250m 16-day
SO2213,Shibis,SO22,Banadir,2015-09-30,,,,,0.0,0,0.0,1.0,pixel_reliability=0 AND MODLAND_QA(bits0-1)=0 AND VI range -2000..10000,MOD13Q1 V061 Terra 250m 16-day
SO2213,Shibis,SO22,Banadir,2015-10-16,,,,,0.0,0,0.75,0.0,pixel_reliability=0 AND MODLAND_QA(bits0-1)=0 AND VI range -2000..10000,MOD13Q1 V061 Terra 250m 16-day
SO2213,Shibis,SO22,Banadir,2015-11-01,,,,,0.0,0,0.0,1.0,pixel_reliability=0 AND MODLAND_QA(bits0-1)=0 AND VI range -2000..10000,MOD13Q1 V061 Terra 250m 16-day
SO2213,Shibis,SO22,Banadir,2015-11-17,,,,,0.0,0,0.0,1.0,pixel_reliability=0 AND MODLAND_QA(bits0-1)=0 AND VI range -2000..10000,MOD13Q1 V061 Terra 250m 16-day
SO2213,Shibis,SO22,Banadir,2015-12-03,,,,,0.0,0,0.0,1.0,pixel_reliability=0 AND MODLAND_QA(bits0-1)=0 AND VI range -2000..10000,MOD13Q1 V061 Terra 250m 16-day
SO2213,Shibis,SO22,Banadir,2015-12-19,,,,,0.0,0,0.25,0.0,pixel_reliability=0 AND MODLAND_QA(bits0-1)=0 AND VI range -2000..10000,MOD13Q1 V061 Terra 250m 16-day
SO2214,Waaberi,SO22,Banadir,2015-01-01,0.19080000000000003,0.19080000000000003,0.14355,0.14355,0.2222222222222222,2,0.2222222222222222,0.0,pixel_reliability=0 AND MODLAND_QA(bits0-1)=0 AND VI range -2000..10000,MOD13Q1 V061 Terra 250m 16-day
SO2214,Waaberi,SO22,Banadir,2015-01-17,0.0085,0.0085,0.0156,0.0156,0.1111111111111111,1,0.2222222222222222,0.0,pixel_reliability=0 AND MODLAND_QA(bits0-1)=0 AND VI range -2000..10000,MOD13Q1 V061 Terra 250m 16-day
SO2214,Waaberi,SO22,Banadir,2015-02-02,,,,,0.0,0,0.6666666666666666,0.0,pixel_reliability=0 AND MODLAND_QA(bits0-1)=0 AND VI range -2000..10000,MOD13Q1 V061 Terra 250m 16-day
SO2214,Waaberi,SO22,Banadir,2015-02-18,0.1626,0.1626,0.1182,0.1182,0.1111111111111111,1,0.4444444444444444,0.0,pixel_reliability=0 AND MODLAND_QA(bits0-1)=0 AND VI range -2000..10000,MOD13Q1 V061 Terra 250m 16-day
SO2214,Waaberi,SO22,Banadir,2015-03-06,,,,,0.0,0,0.4444444444444444,0.0,pixel_reliability=0 AND MODLAND_QA(bits0-1)=0 AND VI range -2000..10000,MOD13Q1 V061 Terra 250m 16-day
SO2214,Waaberi,SO22,Banadir,2015-03-22,,,,,0.0,0,0.2222222222222222,0.0,pixel_reliability=0 AND MODLAND_QA(bits0-1)=0 AND VI range -2000..10000,MOD13Q1 V061 Terra 250m 16-day
SO2214,Waaberi,SO22,Banadir,2015-04-07,,,,,0.0,0,0.4444444444444444,0.3333333333333333,pixel_reliability=0 AND MODLAND_QA(bits0-1)=0 AND VI range -2000..10000,MOD13Q1 V061 Terra 250m 16-day
SO2214,Waaberi,SO22,Banadir,2015-04-23,,,,,0.0,0,0.0,0.7777777777777778,pixel_reliability=0 AND MODLAND_QA(bits0-1)=0 AND VI range -2000..10000,MOD13Q1 V061 Terra 250m 16-day
SO2214,Waaberi,SO22,Banadir,2015-05-09,,,,,0.0,0,0.0,1.0,pixel_reliability=0 AND MODLAND_QA(bits0-1)=0 AND VI range -2000..10000,MOD13Q1 V061 Terra 250m 16-day
SO2214,Waaberi,SO22,Banadir,2015-05-25,,,,,0.0,0,0.0,0.7777777777777778,pixel_reliability=0 AND MODLAND_QA(bits0-1)=0 AND VI range -2000..10000,MOD13Q1 V061 Terra 250m 16-day
SO2214,Waaberi,SO22,Banadir,2015-06-10,,,,,0.0,0,0.3333333333333333,0.4444444444444444,pixel_reliability=0 AND MODLAND_QA(bits0-1)=0 AND VI range -2000..10000,MOD13Q1 V061 Terra 250m 16-day
SO2214,Waaberi,SO22,Banadir,2015-06-26,0.2553,0.2553,0.2039,0.2039,0.1111111111111111,1,0.0,0.7777777777777778,pixel_reliability=0 AND MODLAND_QA(bits0-1)=0 AND VI range -2000..10000,MOD13Q1 V061 Terra 250m 16-day
SO2214,Waaberi,SO22,Banadir,2015-07-12,,,,,0.0,0,0.0,0.6666666666666666,pixel_reliability=0 AND MODLAND_QA(bits0-1)=0 AND VI range -2000..10000,MOD13Q1 V061 Terra 250m 16-day
SO2214,Waaberi,SO22,Banadir,2015-07-28,,,,,0.0,0,0.4444444444444444,0.3333333333333333,pixel_reliability=0 AND MODLAND_QA(bits0-1)=0 AND VI range -2000..10000,MOD13Q1 V061 Terra 250m 16-day
SO2214,Waaberi,SO22,Banadir,2015-08-13,,,,,0.0,0,0.0,1.0,pixel_reliability=0 AND MODLAND_QA(bits0-1)=0 AND VI range -2000..10000,MOD13Q1 V061 Terra 250m 16-day
SO2214,Waaberi,SO22,Banadir,2015-08-29,,,,,0.0,0,0.0,1.0,pixel_reliability=0 AND MODLAND_QA(bits0-1)=0 AND VI range -2000..10000,MOD13Q1 V061 Terra 250m 16-day
SO2214,Waaberi,SO22,Banadir,2015-09-14,,,,,0.0,0,1.0,0.0,pixel_reliability=0 AND MODLAND_QA(bits0-1)=0 AND VI range -2000..10000,MOD13Q1 V061 Terra 250m 16-day
SO2214,Waaberi,SO22,Banadir,2015-09-30,,,,,0.0,0,0.0,0.7777777777777778,pixel_reliability=0 AND MODLAND_QA(bits0-1)=0 AND VI range -2000..10000,MOD13Q1 V061 Terra 250m 16-day
SO2214,Waaberi,SO22,Banadir,2015-10-16,,,,,0.0,0,0.4444444444444444,0.1111111111111111,pixel_reliability=0 AND MODLAND_QA(bits0-1)=0 AND VI range -2000..10000,MOD13Q1 V061 Terra 250m 16-day
SO2214,Waaberi,SO22,Banadir,2015-11-01,,,,,0.0,0,0.0,1.0,pixel_reliability=0 AND MODLAND_QA(bits0-1)=0 AND VI range -2000..10000,MOD13Q1 V061 Terra 250m 16-day
SO2214,Waaberi,SO22,Banadir,2015-11-17,,,,,0.0,0,0.0,1.0,pixel_reliability=0 AND MODLAND_QA(bits0-1)=0 AND VI range -2000..10000,MOD13Q1 V061 Terra 250m 16-day
SO2214,Waaberi,SO22,Banadir,2015-12-03,,,,,0.0,0,0.1111111111111111,0.4444444444444444,pixel_reliability=0 AND MODLAND_QA(bits0-1)=0 AND VI range -2000..10000,MOD13Q1 V061 Terra 250m 16-day
SO2214,Waaberi,SO22,Banadir,2015-12-19,0.1941,0.1941,0.1129,0.1129,0.2222222222222222,2,0.2222222222222222,0.0,pixel_reliability=0 AND MODLAND_QA(bits0-1)=0 AND VI range -2000..10000,MOD13Q1 V061 Terra 250m 16-day
SO2215,Wadajir (Medina),SO22,Banadir,2015-01-01,0.23584,0.23370000000000002,0.19396000000000005,0.18860000000000002,0.16129032258064516,5,0.25806451612903225,0.0,pixel_reliability=0 AND MODLAND_QA(bits0-1)=0 AND VI range -2000..10000,MOD13Q1 V061 Terra 250m 16-day
SO2215,Wadajir (Medina),SO22,Banadir,2015-01-17,0.147,0.1476,0.1192199999999999,0.1079,0.1612903225806451,5,0.2903225806451613,0.0,pixel_reliability=0 AND MODLAND_QA(bits0-1)=0 AND VI range -2000..10000,MOD13Q1 V061 Terra 250m 16-day
SO2215,Wadajir (Medina),SO22,Banadir,2015-02-02,0.2029666666666666,0.2117,0.1201666666666666,0.1045,0.0967741935483871,3,0.5483870967741935,0.0,pixel_reliability=0 AND MODLAND_QA(bits0-1)=0 AND VI range -2000..10000,MOD13Q1 V061 Terra 250m 16-day
SO2215,Wadajir (Medina),SO22,Banadir,2015-02-18,0.187225,0.18565,0.143875,0.1361,0.2580645161290322,8,0.2258064516129032,0.0,pixel_reliability=0 AND MODLAND_QA(bits0-1)=0 AND VI range -2000..10000,MOD13Q1 V061 Terra 250m 16-day
SO2215,Wadajir (Medina),SO22,Banadir,2015-03-06,0.1722666666666666,0.16345,0.1360833333333333,0.1294,0.1935483870967742,6,0.1935483870967742,0.0,pixel_reliability=0 AND MODLAND_QA(bits0-1)=0 AND VI range -2000..10000,MOD13Q1 V061 Terra 250m 16-day
SO2215,Wadajir (Medina),SO22,Banadir,2015-03-22,0.1683,0.1683,0.1281,0.1281,0.032258064516129,1,0.5483870967741935,0.032258064516129,pixel_reliability=0 AND MODLAND_QA(bits0-1)=0 AND VI range -2000..10000,MOD13Q1 V061 Terra 250m 16-day
SO2215,Wadajir (Medina),SO22,Banadir,2015-04-07,0.17916,0.1656,0.12676,0.1261,0.1612903225806451,5,0.4516129032258064,0.0,pixel_reliability=0 AND MODLAND_QA(bits0-1)=0 AND VI range -2000..10000,MOD13Q1 V061 Terra 250m 16-day
SO2215,Wadajir (Medina),SO22,Banadir,2015-04-23,0.2711,0.2711,0.2415,0.2415,0.032258064516129,1,0.2258064516129032,0.3870967741935484,pixel_reliability=0 AND MODLAND_QA(bits0-1)=0 AND VI range -2000..10000,MOD13Q1 V061 Terra 250m 16-day
SO2215,Wadajir (Medina),SO22,Banadir,2015-05-09,0.1782,0.1782,0.1188,0.1188,0.032258064516129,1,0.032258064516129,0.7419354838709677,pixel_reliability=0 AND MODLAND_QA(bits0-1)=0 AND VI range -2000..10000,MOD13Q1 V061 Terra 250m 16-day
SO2215,Wadajir (Medina),SO22,Banadir,2015-05-25,,,,,0.0,0,0.1290322580645161,0.5161290322580645,pixel_reliability=0 AND MODLAND_QA(bits0-1)=0 AND VI range -2000..10000,MOD13Q1 V061 Terra 250m 16-day
SO2215,Wadajir (Medina),SO22,Banadir,2015-06-10,,,,,0.0,0,0.2258064516129032,0.5483870967741935,pixel_reliability=0 AND MODLAND_QA(bits0-1)=0 AND VI range -2000..10000,MOD13Q1 V061 Terra 250m 16-day
SO2215,Wadajir (Medina),SO22,Banadir,2015-06-26,,,,,0.0,0,0.1612903225806451,0.5161290322580645,pixel_reliability=0 AND MODLAND_QA(bits0-1)=0 AND VI range -2000..10000,MOD13Q1 V061 Terra 250m 16-day
SO2215,Wadajir (Medina),SO22,Banadir,2015-07-12,,,,,0.0,0,0.032258064516129,0.9032258064516128,pixel_reliability=0 AND MODLAND_QA(bits0-1)=0 AND VI range -2000..10000,MOD13Q1 V061 Terra 250m 16-day
SO2215,Wadajir (Medina),SO22,Banadir,2015-07-28,0.2104,0.2104,0.166,0.166,0.032258064516129,1,0.3548387096774194,0.1612903225806451,pixel_reliability=0 AND MODLAND_QA(bits0-1)=0 AND VI range -2000..10000,MOD13Q1 V061 Terra 250m 16-day
SO2215,Wadajir (Medina),SO22,Banadir,2015-08-13,,,,,0.0,0,0.0,0.7741935483870968,pixel_reliability=0 AND MODLAND_QA(bits0-1)=0 AND VI range -2000..10000,MOD13Q1 V061 Terra 250m 16-day
SO2215,Wadajir (Medina),SO22,Banadir,2015-08-29,,,,,0.0,0,0.0967741935483871,0.5161290322580645,pixel_reliability=0 AND MODLAND_QA(bits0-1)=0 AND VI range -2000..10000,MOD13Q1 V061 Terra 250m 16-day
SO2215,Wadajir (Medina),SO22,Banadir,2015-09-14,,,,,0.0,0,0.5161290322580645,0.2258064516129032,pixel_reliability=0 AND MODLAND_QA(bits0-1)=0 AND VI range -2000..10000,MOD13Q1 V061 Terra 250m 16-day
SO2215,Wadajir (Medina),SO22,Banadir,2015-09-30,,,,,0.0,0,0.2903225806451613,0.5161290322580645,pixel_reliability=0 AND MODLAND_QA(bits0-1)=0 AND VI range -2000..10000,MOD13Q1 V061 Terra 250m 16-day
SO2215,Wadajir (Medina),SO22,Banadir,2015-10-16,0.2323,0.2323,0.1718,0.1718,0.032258064516129,1,0.3870967741935484,0.064516129032258,pixel_reliability=0 AND MODLAND_QA(bits0-1)=0 AND VI range -2000..10000,MOD13Q1 V061 Terra 250m 16-day
SO2215,Wadajir (Medina),SO22,Banadir,2015-11-01,,,,,0.0,0,0.3548387096774194,0.2580645161290322,pixel_reliability=0 AND MODLAND_QA(bits0-1)=0 AND VI range -2000..10000,MOD13Q1 V061 Terra 250m 16-day
SO2215,Wadajir (Medina),SO22,Banadir,2015-11-17,,,,,0.0,0,0.032258064516129,0.7096774193548387,pixel_reliability=0 AND MODLAND_QA(bits0-1)=0 AND VI range -2000..10000,MOD13Q1 V061 Terra 250m 16-day
SO2215,Wadajir (Medina),SO22,Banadir,2015-12-03,,,,,0.0,0,0.064516129032258,0.7096774193548387,pixel_reliability=0 AND MODLAND_QA(bits0-1)=0 AND VI range -2000..10000,MOD13Q1 V061 Terra 250m 16-day
SO2215,Wadajir (Medina),SO22,Banadir,2015-12-19,0.218575,0.21975,0.158475,0.16325,0.1290322580645161,4,0.3225806451612903,0.0,pixel_reliability=0 AND MODLAND_QA(bits0-1)=0 AND VI range -2000..10000,MOD13Q1 V061 Terra 250m 16-day
SO2216,Wardhigley,SO22,Banadir,2015-01-01,,,,,0.0,0,0.6363636363636364,0.0,pixel_reliability=0 AND MODLAND_QA(bits0-1)=0 AND VI range -2000..10000,MOD13Q1 V061 Terra 250m 16-day
SO2216,Wardhigley,SO22,Banadir,2015-01-17,0.1909,0.1909,0.1376,0.1376,0.1818181818181818,2,0.6363636363636364,0.0,pixel_reliability=0 AND MODLAND_QA(bits0-1)=0 AND VI range -2000..10000,MOD13Q1 V061 Terra 250m 16-day
SO2216,Wardhigley,SO22,Banadir,2015-02-02,,,,,0.0,0,0.6363636363636364,0.0,pixel_reliability=0 AND MODLAND_QA(bits0-1)=0 AND VI range -2000..10000,MOD13Q1 V061 Terra 250m 16-day
SO2216,Wardhigley,SO22,Banadir,2015-02-18,,,,,0.0,0,0.7272727272727273,0.0909090909090909,pixel_reliability=0 AND MODLAND_QA(bits0-1)=0 AND VI range -2000..10000,MOD13Q1 V061 Terra 250m 16-day
SO2216,Wardhigley,SO22,Banadir,2015-03-06,,,,,0.0,0,0.6363636363636364,0.0,pixel_reliability=0 AND MODLAND_QA(bits0-1)=0 AND VI range -2000..10000,MOD13Q1 V061 Terra 250m 16-day
SO2216,Wardhigley,SO22,Banadir,2015-03-22,,,,,0.0,0,0.5454545454545454,0.0,pixel_reliability=0 AND MODLAND_QA(bits0-1)=0 AND VI range -2000..10000,MOD13Q1 V061 Terra 250m 16-day
SO2216,Wardhigley,SO22,Banadir,2015-04-07,,,,,0.0,0,0.5454545454545454,0.2727272727272727,pixel_reliability=0 AND MODLAND_QA(bits0-1)=0 AND VI range -2000..10000,MOD13Q1 V061 Terra 250m 16-day
SO2216,Wardhigley,SO22,Banadir,2015-04-23,,,,,0.0,0,0.2727272727272727,0.5454545454545454,pixel_reliability=0 AND MODLAND_QA(bits0-1)=0 AND VI range -2000..10000,MOD13Q1 V061 Terra 250m 16-day
SO2216,Wardhigley,SO22,Banadir,2015-05-09,,,,,0.0,0,0.0,1.0,pixel_reliability=0 AND MODLAND_QA(bits0-1)=0 AND VI range -2000..10000,MOD13Q1 V061 Terra 250m 16-day
SO2216,Wardhigley,SO22,Banadir,2015-05-25,,,,,0.0,0,0.1818181818181818,0.4545454545454545,pixel_reliability=0 AND MODLAND_QA(bits0-1)=0 AND VI range -2000..10000,MOD13Q1 V061 Terra 250m 16-day
SO2216,Wardhigley,SO22,Banadir,2015-06-10,,,,,0.0,0,0.0909090909090909,0.2727272727272727,pixel_reliability=0 AND MODLAND_QA(bits0-1)=0 AND VI range -2000..10000,MOD13Q1 V061 Terra 250m 16-day
SO2216,Wardhigley,SO22,Banadir,2015-06-26,,,,,0.0,0,0.0909090909090909,0.3636363636363636,pixel_reliability=0 AND MODLAND_QA(bits0-1)=0 AND VI range -2000..10000,MOD13Q1 V061 Terra 250m 16-day
SO2216,Wardhigley,SO22,Banadir,2015-07-12,,,,,0.0,0,0.0909090909090909,0.4545454545454545,pixel_reliability=0 AND MODLAND_QA(bits0-1)=0 AND VI range -2000..10000,MOD13Q1 V061 Terra 250m 16-day
SO2216,Wardhigley,SO22,Banadir,2015-07-28,,,,,0.0,0,0.2727272727272727,0.4545454545454545,pixel_reliability=0 AND MODLAND_QA(bits0-1)=0 AND VI range -2000..10000,MOD13Q1 V061 Terra 250m 16-day
SO2216,Wardhigley,SO22,Banadir,2015-08-13,,,,,0.0,0,0.0,1.0,pixel_reliability=0 AND MODLAND_QA(bits0-1)=0 AND VI range -2000..10000,MOD13Q1 V061 Terra 250m 16-day
SO2216,Wardhigley,SO22,Banadir,2015-08-29,,,,,0.0,0,0.0,0.9090909090909091,pixel_reliability=0 AND MODLAND_QA(bits0-1)=0 AND VI range -2000..10000,MOD13Q1 V061 Terra 250m 16-day
SO2216,Wardhigley,SO22,Banadir,2015-09-14,,,,,0.0,0,0.3636363636363636,0.0909090909090909,pixel_reliability=0 AND MODLAND_QA(bits0-1)=0 AND VI range -2000..10000,MOD13Q1 V061 Terra 250m 16-day
SO2216,Wardhigley,SO22,Banadir,2015-09-30,,,,,0.0,0,0.0909090909090909,0.8181818181818182,pixel_reliability=0 AND MODLAND_QA(bits0-1)=0 AND VI range -2000..10000,MOD13Q1 V061 Terra 250m 16-day
SO2216,Wardhigley,SO22,Banadir,2015-10-16,,,,,0.0,0,0.5454545454545454,0.2727272727272727,pixel_reliability=0 AND MODLAND_QA(bits0-1)=0 AND VI range -2000..10000,MOD13Q1 V061 Terra 250m 16-day
SO2216,Wardhigley,SO22,Banadir,2015-11-01,,,,,0.0,0,0.2727272727272727,0.5454545454545454,pixel_reliability=0 AND MODLAND_QA(bits0-1)=0 AND VI range -2000..10000,MOD13Q1 V061 Terra 250m 16-day
SO2216,Wardhigley,SO22,Banadir,2015-11-17,,,,,0.0,0,0.0,0.8181818181818182,pixel_reliability=0 AND MODLAND_QA(bits0-1)=0 AND VI range -2000..10000,MOD13Q1 V061 Terra 250m 16-day
SO2216,Wardhigley,SO22,Banadir,2015-12-03,,,,,0.0,0,0.1818181818181818,0.4545454545454545,pixel_reliability=0 AND MODLAND_QA(bits0-1)=0 AND VI range -2000..10000,MOD13Q1 V061 Terra 250m 16-day
SO2216,Wardhigley,SO22,Banadir,2015-12-19,0.2614,0.2614,0.19,0.19,0.0909090909090909,1,0.7272727272727273,0.0,pixel_reliability=0 AND MODLAND_QA(bits0-1)=0 AND VI range -2000..10000,MOD13Q1 V061 Terra 250m 16-day
SO2217,Yaaqshid,SO22,Banadir,2015-01-01,0.23585,0.23585,0.1652,0.1652,0.14285714285714285,2,0.5,0.0,pixel_reliability=0 AND MODLAND_QA(bits0-1)=0 AND VI range -2000..10000,MOD13Q1 V061 Terra 250m 16-day
SO2217,Yaaqshid,SO22,Banadir,2015-01-17,0.2244666666666666,0.224,0.1641666666666666,0.1682,0.2142857142857142,3,0.4285714285714285,0.0714285714285714,pixel_reliability=0 AND MODLAND_QA(bits0-1)=0 AND VI range -2000..10000,MOD13Q1 V061 Terra 250m 16-day
SO2217,Yaaqshid,SO22,Banadir,2015-02-02,0.2083,0.2083,0.1538,0.1538,0.0714285714285714,1,0.4285714285714285,0.0,pixel_reliability=0 AND MODLAND_QA(bits0-1)=0 AND VI range -2000..10000,MOD13Q1 V061 Terra 250m 16-day
SO2217,Yaaqshid,SO22,Banadir,2015-02-18,0.1654,0.1654,0.1286,0.1286,0.1428571428571428,2,0.3571428571428571,0.0,pixel_reliability=0 AND MODLAND_QA(bits0-1)=0 AND VI range -2000..10000,MOD13Q1 V061 Terra 250m 16-day
SO2217,Yaaqshid,SO22,Banadir,2015-03-06,0.1952,0.1983,0.1461333333333333,0.1473,0.2142857142857142,3,0.3571428571428571,0.0,pixel_reliability=0 AND MODLAND_QA(bits0-1)=0 AND VI range -2000..10000,MOD13Q1 V061 Terra 250m 16-day
SO2217,Yaaqshid,SO22,Banadir,2015-03-22,,,,,0.0,0,0.5,0.0,pixel_reliability=0 AND MODLAND_QA(bits0-1)=0 AND VI range -2000..10000,MOD13Q1 V061 Terra 250m 16-day
SO2217,Yaaqshid,SO22,Banadir,2015-04-07,,,,,0.0,0,0.7142857142857143,0.0714285714285714,pixel_reliability=0 AND MODLAND_QA(bits0-1)=0 AND VI range -2000..10000,MOD13Q1 V061 Terra 250m 16-day
SO2217,Yaaqshid,SO22,Banadir,2015-04-23,0.2246333333333333,0.2278,0.1792666666666666,0.1803,0.2142857142857142,3,0.2857142857142857,0.0,pixel_reliability=0 AND MODLAND_QA(bits0-1)=0 AND VI range -2000..10000,MOD13Q1 V061 Terra 250m 16-day
SO2217,Yaaqshid,SO22,Banadir,2015-05-09,,,,,0.0,0,0.0,0.8571428571428571,pixel_reliability=0 AND MODLAND_QA(bits0-1)=0 AND VI range -2000..10000,MOD13Q1 V061 Terra 250m 16-day
SO2217,Yaaqshid,SO22,Banadir,2015-05-25,,,,,0.0,0,0.5714285714285714,0.1428571428571428,pixel_reliability=0 AND MODLAND_QA(bits0-1)=0 AND VI range -2000..10000,MOD13Q1 V061 Terra 250m 16-day
SO2217,Yaaqshid,SO22,Banadir,2015-06-10,,,,,0.0,0,0.4285714285714285,0.1428571428571428,pixel_reliability=0 AND MODLAND_QA(bits0-1)=0 AND VI range -2000..10000,MOD13Q1 V061 Terra 250m 16-day
SO2217,Yaaqshid,SO22,Banadir,2015-06-26,,,,,0.0,0,0.2857142857142857,0.4285714285714285,pixel_reliability=0 AND MODLAND_QA(bits0-1)=0 AND VI range -2000..10000,MOD13Q1 V061 Terra 250m 16-day
SO2217,Yaaqshid,SO22,Banadir,2015-07-12,,,,,0.0,0,0.3571428571428571,0.3571428571428571,pixel_reliability=0 AND MODLAND_QA(bits0-1)=0 AND VI range -2000..10000,MOD13Q1 V061 Terra 250m 16-day
SO2217,Yaaqshid,SO22,Banadir,2015-07-28,,,,,0.0,0,0.4285714285714285,0.0714285714285714,pixel_reliability=0 AND MODLAND_QA(bits0-1)=0 AND VI range -2000..10000,MOD13Q1 V061 Terra 250m 16-day
SO2217,Yaaqshid,SO22,Banadir,2015-08-13,,,,,0.0,0,0.0714285714285714,0.7857142857142857,pixel_reliability=0 AND MODLAND_QA(bits0-1)=0 AND VI range -2000..10000,MOD13Q1 V061 Terra 250m 16-day
SO2217,Yaaqshid,SO22,Banadir,2015-08-29,,,,,0.0,0,0.0,0.5,pixel_reliability=0 AND MODLAND_QA(bits0-1)=0 AND VI range -2000..10000,MOD13Q1 V061 Terra 250m 16-day
SO2217,Yaaqshid,SO22,Banadir,2015-09-14,,,,,0.0,0,0.3571428571428571,0.2857142857142857,pixel_reliability=0 AND MODLAND_QA(bits0-1)=0 AND VI range -2000..10000,MOD13Q1 V061 Terra 250m 16-day
SO2217,Yaaqshid,SO22,Banadir,2015-09-30,,,,,0.0,0,0.2142857142857142,0.2857142857142857,pixel_reliability=0 AND MODLAND_QA(bits0-1)=0 AND VI range -2000..10000,MOD13Q1 V061 Terra 250m 16-day
SO2217,Yaaqshid,SO22,Banadir,2015-10-16,,,,,0.0,0,0.8571428571428571,0.0,pixel_reliability=0 AND MODLAND_QA(bits0-1)=0 AND VI range -2000..10000,MOD13Q1 V061 Terra 250m 16-day
SO2217,Yaaqshid,SO22,Banadir,2015-11-01,,,,,0.0,0,0.5,0.1428571428571428,pixel_reliability=0 AND MODLAND_QA(bits0-1)=0 AND VI range -2000..10000,MOD13Q1 V061 Terra 250m 16-day
SO2217,Yaaqshid,SO22,Banadir,2015-11-17,,,,,0.0,0,0.1428571428571428,0.2857142857142857,pixel_reliability=0 AND MODLAND_QA(bits0-1)=0 AND VI range -2000..10000,MOD13Q1 V061 Terra 250m 16-day
SO2217,Yaaqshid,SO22,Banadir,2015-12-03,,,,,0.0,0,0.0,0.7857142857142857,pixel_reliability=0 AND MODLAND_QA(bits0-1)=0 AND VI range -2000..10000,MOD13Q1 V061 Terra 250m 16-day
SO2217,Yaaqshid,SO22,Banadir,2015-12-19,0.2648,0.2648,0.1871,0.1871,0.1428571428571428,2,0.4285714285714285,0.0,pixel_reliability=0 AND MODLAND_QA(bits0-1)=0 AND VI range -2000..10000,MOD13Q1 V061 Terra 250m 16-day
SO2301,Marka,SO23,Lower Shabelle,2015-01-01,0.34121714922049,0.3027,0.21234342984409801,0.1923,0.7065302911093627,898,0.025963808025177025,0.0015735641227380016,pixel_reliability=0 AND MODLAND_QA(bits0-1)=0 AND VI range -2000..10000,MOD13Q1 V061 Terra 250m 16-day
SO2301,Marka,SO23,Lower Shabelle,2015-01-17,0.3078152173913043,0.2695,0.1926617848970251,0.1729,0.6876475216365067,874,0.025963808025177,0.002360346184107,pixel_reliability=0 AND MODLAND_QA(bits0-1)=0 AND VI range -2000..10000,MOD13Q1 V061 Terra 250m 16-day
SO2301,Marka,SO23,Lower Shabelle,2015-02-02,0.2773700154559505,0.2386,0.1854449768160742,0.1585,0.5090479937057435,647,0.076317859952793,0.003933910306845,pixel_reliability=0 AND MODLAND_QA(bits0-1)=0 AND VI range -2000..10000,MOD13Q1 V061 Terra 250m 16-day
SO2301,Marka,SO23,Lower Shabelle,2015-02-18,0.2923986684420772,0.2412,0.1743376830892143,0.1547,0.5908733280881195,751,0.036978756884343,0.004720692368214,pixel_reliability=0 AND MODLAND_QA(bits0-1)=0 AND VI range -2000..10000,MOD13Q1 V061 Terra 250m 16-day
SO2301,Marka,SO23,Lower Shabelle,2015-03-06,0.274610213776722,0.23535,0.175272565320665,0.15295,0.6624704956726987,842,0.055861526357199,0.001573564122738,pixel_reliability=0 AND MODLAND_QA(bits0-1)=0 AND VI range -2000..10000,MOD13Q1 V061 Terra 250m 16-day
SO2301,Marka,SO23,Lower Shabelle,2015-03-22,0.264467248908297,0.2308,0.1627628820960699,0.1461,0.5405192761605035,687,0.079464988198269,0.019669551534225,pixel_reliability=0 AND MODLAND_QA(bits0-1)=0 AND VI range -2000..10000,MOD13Q1 V061 Terra 250m 16-day
SO2301,Marka,SO23,Lower Shabelle,2015-04-07,0.2258060240963855,0.2204,0.1506114457831325,0.14995,0.1306058221872541,166,0.2722265932336742,0.1243115656963021,pixel_reliability=0 AND MODLAND_QA(bits0-1)=0 AND VI range -2000..10000,MOD13Q1 V061 Terra 250m 16-day
SO2301,Marka,SO23,Lower Shabelle,2015-04-23,0.2566293650793651,0.24735,0.171697619047619,0.1639,0.0991345397324941,126,0.2832415420928403,0.1518489378442171,pixel_reliability=0 AND MODLAND_QA(bits0-1)=0 AND VI range -2000..10000,MOD13Q1 V061 Terra 250m 16-day
SO2301,Marka,SO23,Lower Shabelle,2015-05-09,0.3371780898876405,0.30515,0.213391011235955,0.1942,0.1400472069236821,178,0.2887490165224233,0.1479150275373721,pixel_reliability=0 AND MODLAND_QA(bits0-1)=0 AND VI range -2000..10000,MOD13Q1 V061 Terra 250m 16-day
SO2301,Marka,SO23,Lower Shabelle,2015-05-25,0.290804347826087,0.3047,0.1874260869565217,0.1959,0.018095987411487,23,0.3446105428796223,0.2714398111723052,pixel_reliability=0 AND MODLAND_QA(bits0-1)=0 AND VI range -2000..10000,MOD13Q1 V061 Terra 250m 16-day
SO2301,Marka,SO23,Lower Shabelle,2015-06-10,0.2856655172413793,0.2874,0.2053137931034482,0.199,0.022816679779701,29,0.3776553894571204,0.2360346184107002,pixel_reliability=0 AND MODLAND_QA(bits0-1)=0 AND VI range -2000..10000,MOD13Q1 V061 Terra 250m 16-day
SO2301,Marka,SO23,Lower Shabelle,2015-06-26,0.3263459459459459,0.3158,0.2196135135135135,0.2257,0.029110936270653,37,0.3886703383162864,0.2210857592446892,pixel_reliability=0 AND MODLAND_QA(bits0-1)=0 AND VI range -2000..10000,MOD13Q1 V061 Terra 250m 16-day
SO2301,Marka,SO23,Lower Shabelle,2015-07-12,0.25808,0.2335,0.18754,0.16575,0.00786782061369,10,0.1203776553894571,0.6664044059795436,pixel_reliability=0 AND MODLAND_QA(bits0-1)=0 AND VI range -2000..10000,MOD13Q1 V061 Terra 250m 16-day
SO2301,Marka,SO23,Lower Shabelle,2015-07-28,0.3427619047619047,0.3291,0.205447619047619,0.2054,0.016522423288749,21,0.4539732494099134,0.2423288749016522,pixel_reliability=0 AND MODLAND_QA(bits0-1)=0 AND VI range -2000..10000,MOD13Q1 V061 Terra 250m 16-day
SO2301,Marka,SO23,Lower Shabelle,2015-08-13,0.4019473282442748,0.3855,0.2504351145038168,0.2479,0.1030684500393391,131,0.3847364280094414,0.1298190401258851,pixel_reliability=0 AND MODLAND_QA(bits0-1)=0 AND VI range -2000..10000,MOD13Q1 V061 Terra 250m 16-day
SO2301,Marka,SO23,Lower Shabelle,2015-08-29,0.4042258928571429,0.3915,0.26343392857142856,0.2612,0.08811959087332809,112,0.45082612116443743,0.07395751376868608,pixel_reliability=0 AND MODLAND_QA(bits0-1)=0 AND VI range -2000..10000,MOD13Q1 V061 Terra 250m 16-day
SO2301,Marka,SO23,Lower Shabelle,2015-09-14,0.3297650943396227,0.32205,0.2407169811320754,0.24835,0.083398898505114,106,0.6766325727773407,0.040912667191188,pixel_reliability=0 AND MODLAND_QA(bits0-1)=0 AND VI range -2000..10000,MOD13Q1 V061 Terra 250m 16-day
SO2301,Marka,SO23,Lower Shabelle,2015-09-30,0.3963663212435234,0.3624,0.2542383419689119,0.2429,0.1518489378442171,193,0.2738001573564123,0.088119590873328,pixel_reliability=0 AND MODLAND_QA(bits0-1)=0 AND VI range -2000..10000,MOD13Q1 V061 Terra 250m 16-day
SO2301,Marka,SO23,Lower Shabelle,2015-10-16,0.3088950980392157,0.2874,0.2027549019607843,0.2006,0.080251770259638,102,0.3658536585365853,0.1848937844217152,pixel_reliability=0 AND MODLAND_QA(bits0-1)=0 AND VI range -2000..10000,MOD13Q1 V061 Terra 250m 16-day
SO2301,Marka,SO23,Lower Shabelle,2015-11-01,0.341631,0.3323,0.2281829999999999,0.2315,0.0786782061369,100,0.2745869394177813,0.2297403619197482,pixel_reliability=0 AND MODLAND_QA(bits0-1)=0 AND VI range -2000..10000,MOD13Q1 V061 Terra 250m 16-day
SO2301,Marka,SO23,Lower Shabelle,2015-11-17,0.29118125,0.28385,0.221975,0.2139,0.025177025963808,32,0.3029110936270653,0.3068450039339103,pixel_reliability=0 AND MODLAND_QA(bits0-1)=0 AND VI range -2000..10000,MOD13Q1 V061 Terra 250m 16-day
SO2301,Marka,SO23,Lower Shabelle,2015-12-03,0.322687037037037,0.33705,0.229287037037037,0.23305,0.042486231313926,54,0.4791502753737214,0.1597167584579071,pixel_reliability=0 AND MODLAND_QA(bits0-1)=0 AND VI range -2000..10000,MOD13Q1 V061 Terra 250m 16-day
SO2301,Marka,SO23,Lower Shabelle,2015-12-19,0.4722381231671554,0.4759,0.3192016129032258,0.317,0.5365853658536586,682,0.1022816679779701,0.027537372147915,pixel_reliability=0 AND MODLAND_QA(bits0-1)=0 AND VI range -2000..10000,MOD13Q1 V061 Terra 250m 16-day
SO2302,Afgooye,SO23,Lower Shabelle,2015-01-01,0.3176353860729512,0.29910000000000003,0.19561421127427758,0.18755,0.9656907593778591,4222,0.008005489478499543,0.0022872827081427266,pixel_reliability=0 AND MODLAND_QA(bits0-1)=0 AND VI range -2000..10000,MOD13Q1 V061 Terra 250m 16-day
SO2302,Afgooye,SO23,Lower Shabelle,2015-01-17,0.2633090544682858,0.2446,0.162118368309361,0.152,0.9700365965233304,4241,0.0064043915827996,0.0029734675205855,pixel_reliability=0 AND MODLAND_QA(bits0-1)=0 AND VI range -2000..10000,MOD13Q1 V061 Terra 250m 16-day
SO2302,Afgooye,SO23,Lower Shabelle,2015-02-02,0.2392778235142783,0.2217,0.1462016979675842,0.1369,0.8890667886550778,3887,0.0128087831655992,0.0032021957913998,pixel_reliability=0 AND MODLAND_QA(bits0-1)=0 AND VI range -2000..10000,MOD13Q1 V061 Terra 250m 16-day
SO2302,Afgooye,SO23,Lower Shabelle,2015-02-18,0.2292664514586322,0.21385,0.138987900526064,0.1319,0.9565416285452882,4182,0.0075480329368709,0.0032021957913998,pixel_reliability=0 AND MODLAND_QA(bits0-1)=0 AND VI range -2000..10000,MOD13Q1 V061 Terra 250m 16-day
SO2302,Afgooye,SO23,Lower Shabelle,2015-03-06,0.2185825100449066,0.2057,0.136434105412432,0.131,0.9677493138151876,4231,0.0050320219579139,0.0027447392497712,pixel_reliability=0 AND MODLAND_QA(bits0-1)=0 AND VI range -2000..10000,MOD13Q1 V061 Terra 250m 16-day
SO2302,Afgooye,SO23,Lower Shabelle,2015-03-22,0.2071953459889773,0.2023,0.1234971218616044,0.1212,0.3735132662397072,1633,0.2522872827081427,0.0100640439158279,pixel_reliability=0 AND MODLAND_QA(bits0-1)=0 AND VI range -2000..10000,MOD13Q1 V061 Terra 250m 16-day
SO2302,Afgooye,SO23,Lower Shabelle,2015-04-07,0.240264193548387,0.22465,0.1580982258064516,0.148,0.141811527904849,620,0.2902561756633119,0.1587374199451052,pixel_reliability=0 AND MODLAND_QA(bits0-1)=0 AND VI range -2000..10000,MOD13Q1 V061 Terra 250m 16-day
SO2302,Afgooye,SO23,Lower Shabelle,2015-04-23,0.3583086956521739,0.3484,0.2258701863354037,0.2184,0.0368252516010979,161,0.2712717291857273,0.3289112534309241,pixel_reliability=0 AND MODLAND_QA(bits0-1)=0 AND VI range -2000..10000,MOD13Q1 V061 Terra 250m 16-day
SO2302,Afgooye,SO23,Lower Shabelle,2015-05-09,0.426174427480916,0.41835,0.266,0.25855,0.0599268069533394,262,0.4983989021043001,0.1363220494053064,pixel_reliability=0 AND MODLAND_QA(bits0-1)=0 AND VI range -2000..10000,MOD13Q1 V061 Terra 250m 16-day
SO2302,Afgooye,SO23,Lower Shabelle,2015-05-25,0.4434035087719298,0.404,0.287861403508772,0.2724,0.0130375114364135,57,0.3929551692589204,0.2209515096065873,pixel_reliability=0 AND MODLAND_QA(bits0-1)=0 AND VI range -2000..10000,MOD13Q1 V061 Terra 250m 16-day
SO2302,Afgooye,SO23,Lower Shabelle,2015-06-10,0.2985666666666667,0.2702,0.2352666666666667,0.2217,0.0006861848124428,3,0.2243824336688014,0.4906221408966148,pixel_reliability=0 AND MODLAND_QA(bits0-1)=0 AND VI range -2000..10000,MOD13Q1 V061 Terra 250m 16-day
SO2302,Afgooye,SO23,Lower Shabelle,2015-06-26,0.3322423076923077,0.31935,0.2253307692307692,0.2208,0.005946935041171,26,0.3067246111619396,0.3913540713632205,pixel_reliability=0 AND MODLAND_QA(bits0-1)=0 AND VI range -2000..10000,MOD13Q1 V061 Terra 250m 16-day
SO2302,Afgooye,SO23,Lower Shabelle,2015-07-12,0.251776923076923,0.2417,0.1703846153846153,0.1519,0.0029734675205855,13,0.3060384263494968,0.454711802378774,pixel_reliability=0 AND MODLAND_QA(bits0-1)=0 AND VI range -2000..10000,MOD13Q1 V061 Terra 250m 16-day
SO2302,Afgooye,SO23,Lower Shabelle,2015-07-28,0.3574,0.3394,0.2392733333333333,0.2473,0.003430924062214,15,0.3879231473010064,0.2765324794144556,pixel_reliability=0 AND MODLAND_QA(bits0-1)=0 AND VI range -2000..10000,MOD13Q1 V061 Terra 250m 16-day
SO2302,Afgooye,SO23,Lower Shabelle,2015-08-13,0.2504888888888889,0.2124,0.1587666666666666,0.1342,0.0020585544373284,9,0.2664684354986276,0.4224611161939616,pixel_reliability=0 AND MODLAND_QA(bits0-1)=0 AND VI range -2000..10000,MOD13Q1 V061 Terra 250m 16-day
SO2302,Afgooye,SO23,Lower Shabelle,2015-08-29,0.3590064102564103,0.3631,0.2298803418803419,0.23965000000000003,0.0535224153705398,234,0.3940988106129918,0.19990850869167429,pixel_reliability=0 AND MODLAND_QA(bits0-1)=0 AND VI range -2000..10000,MOD13Q1 V061 Terra 250m 16-day
SO2302,Afgooye,SO23,Lower Shabelle,2015-09-14,0.2791987951807229,0.2596,0.1943518072289157,0.189,0.0189844464775846,83,0.4981701738334858,0.1729185727355901,pixel_reliability=0 AND MODLAND_QA(bits0-1)=0 AND VI range -2000..10000,MOD13Q1 V061 Terra 250m 16-day
SO2302,Afgooye,SO23,Lower Shabelle,2015-09-30,0.2509346153846153,0.238,0.1677461538461538,0.1618,0.005946935041171,26,0.253430924062214,0.4560841720036596,pixel_reliability=0 AND MODLAND_QA(bits0-1)=0 AND VI range -2000..10000,MOD13Q1 V061 Terra 250m 16-day
SO2302,Afgooye,SO23,Lower Shabelle,2015-10-16,0.2769777777777778,0.27115,0.1868249999999999,0.1852,0.0082342177493138,36,0.2799634034766697,0.4686642268984446,pixel_reliability=0 AND MODLAND_QA(bits0-1)=0 AND VI range -2000..10000,MOD13Q1 V061 Terra 250m 16-day
SO2302,Afgooye,SO23,Lower Shabelle,2015-11-01,0.3538696078431373,0.3256,0.2158588235294117,0.18955,0.0233302836230558,102,0.3510978956999085,0.2939158279963403,pixel_reliability=0 AND MODLAND_QA(bits0-1)=0 AND VI range -2000..10000,MOD13Q1 V061 Terra 250m 16-day
SO2302,Afgooye,SO23,Lower Shabelle,2015-11-17,0.5569423487544484,0.5566,0.3552281138790036,0.3516,0.0642726440988106,281,0.3643641354071363,0.19967978042086,pixel_reliability=0 AND MODLAND_QA(bits0-1)=0 AND VI range -2000..10000,MOD13Q1 V061 Terra 250m 16-day
SO2302,Afgooye,SO23,Lower Shabelle,2015-12-03,0.4673,0.4648,0.3107267857142857,0.30495,0.0128087831655992,56,0.5571820677035682,0.1161939615736505,pixel_reliability=0 AND MODLAND_QA(bits0-1)=0 AND VI range -2000..10000,MOD13Q1 V061 Terra 250m 16-day
SO2302,Afgooye,SO23,Lower Shabelle,2015-12-19,0.4547264050387596,0.44705,0.290878003875969,0.28285,0.9441903019213176,4128,0.0114364135407136,0.0043458371454711,pixel_reliability=0 AND MODLAND_QA(bits0-1)=0 AND VI range -2000..10000,MOD13Q1 V061 Terra 250m 16-day
SO2303,Baraawe,SO23,Lower Shabelle,2015-01-01,0.3077277815934066,0.28485,0.19486802884615384,0.18385,0.7615062761506276,2912,0.04628661087866109,0.0,pixel_reliability=0 AND MODLAND_QA(bits0-1)=0 AND VI range -2000..10000,MOD13Q1 V061 Terra 250m 16-day
SO2303,Baraawe,SO23,Lower Shabelle,2015-01-17,0.265501733102253,0.2462,0.1707140381282495,0.164,0.7544456066945606,2885,0.0562238493723849,0.002092050209205,pixel_reliability=0 AND MODLAND_QA(bits0-1)=0 AND VI range -2000..10000,MOD13Q1 V061 Terra 250m 16-day
SO2303,Baraawe,SO23,Lower Shabelle,2015-02-02,0.2529195779601407,0.23045,0.1529042790152403,0.1493,0.4461297071129707,1706,0.2411087866108786,0.0120292887029288,pixel_reliability=0 AND MODLAND_QA(bits0-1)=0 AND VI range -2000..10000,MOD13Q1 V061 Terra 250m 16-day
SO2303,Baraawe,SO23,Lower Shabelle,2015-02-18,0.2417413543441226,0.23205,0.1462626490630323,0.14495,0.6140167364016736,2348,0.0802824267782426,0.0073221757322175,pixel_reliability=0 AND MODLAND_QA(bits0-1)=0 AND VI range -2000..10000,MOD13Q1 V061 Terra 250m 16-day
SO2303,Baraawe,SO23,Lower Shabelle,2015-03-06,0.2145385341896487,0.2055,0.1465193048734416,0.1445,0.6922071129707112,2647,0.0551778242677824,0.0005230125523012,pixel_reliability=0 AND MODLAND_QA(bits0-1)=0 AND VI range -2000..10000,MOD13Q1 V061 Terra 250m 16-day
SO2303,Baraawe,SO23,Lower Shabelle,2015-03-22,0.1916127147766322,0.1945,0.1261164948453608,0.1313,0.2282949790794979,873,0.2910564853556485,0.0313807531380753,pixel_reliability=0 AND MODLAND_QA(bits0-1)=0 AND VI range -2000..10000,MOD13Q1 V061 Terra 250m 16-day
SO2303,Baraawe,SO23,Lower Shabelle,2015-04-07,0.2181238267148014,0.2032,0.1390985559566787,0.1314,0.0724372384937238,277,0.3043933054393305,0.2076359832635983,pixel_reliability=0 AND MODLAND_QA(bits0-1)=0 AND VI range -2000..10000,MOD13Q1 V061 Terra 250m 16-day
SO2303,Baraawe,SO23,Lower Shabelle,2015-04-23,0.2084555555555555,0.20795,0.1504576388888888,0.1395,0.0376569037656903,144,0.2337866108786611,0.3574790794979079,pixel_reliability=0 AND MODLAND_QA(bits0-1)=0 AND VI range -2000..10000,MOD13Q1 V061 Terra 250m 16-day
SO2303,Baraawe,SO23,Lower Shabelle,2015-05-09,0.2957005494505495,0.29585,0.2057203296703297,0.2057,0.0475941422594142,182,0.3901673640167364,0.2186192468619247,pixel_reliability=0 AND MODLAND_QA(bits0-1)=0 AND VI range -2000..10000,MOD13Q1 V061 Terra 250m 16-day
SO2303,Baraawe,SO23,Lower Shabelle,2015-05-25,0.4122842465753424,0.3668,0.2756931506849315,0.2505,0.0381799163179916,146,0.3757845188284519,0.2439853556485355,pixel_reliability=0 AND MODLAND_QA(bits0-1)=0 AND VI range -2000..10000,MOD13Q1 V061 Terra 250m 16-day
SO2303,Baraawe,SO23,Lower Shabelle,2015-06-10,0.2895375,0.3199,0.19546375,0.21505,0.0209205020920502,80,0.3993200836820084,0.2931485355648535,pixel_reliability=0 AND MODLAND_QA(bits0-1)=0 AND VI range -2000..10000,MOD13Q1 V061 Terra 250m 16-day
SO2303,Baraawe,SO23,Lower Shabelle,2015-06-26,0.280296015936255,0.2873,0.1795924302788845,0.1847,0.0656380753138075,251,0.381276150627615,0.1359832635983263,pixel_reliability=0 AND MODLAND_QA(bits0-1)=0 AND VI range -2000..10000,MOD13Q1 V061 Terra 250m 16-day
SO2303,Baraawe,SO23,Lower Shabelle,2015-07-12,0.2328999999999999,0.2309,0.1600526315789473,0.1549,0.0049686192468619,19,0.1302301255230125,0.6893305439330544,pixel_reliability=0 AND MODLAND_QA(bits0-1)=0 AND VI range -2000..10000,MOD13Q1 V061 Terra 250m 16-day
SO2303,Baraawe,SO23,Lower Shabelle,2015-07-28,0.2566557046979866,0.2791,0.1714087248322147,0.1785,0.0389644351464435,149,0.5198744769874477,0.1417364016736401,pixel_reliability=0 AND MODLAND_QA(bits0-1)=0 AND VI range -2000..10000,MOD13Q1 V061 Terra 250m 16-day
SO2303,Baraawe,SO23,Lower Shabelle,2015-08-13,0.3118916666666667,0.33605,0.2050041666666667,0.22065,0.0439330543933054,168,0.4236401673640167,0.1668410041841004,pixel_reliability=0 AND MODLAND_QA(bits0-1)=0 AND VI range -2000..10000,MOD13Q1 V061 Terra 250m 16-day
SO2303,Baraawe,SO23,Lower Shabelle,2015-08-29,0.3454083032490975,0.38630000000000003,0.24597761732851986,0.26940000000000003,0.07243723849372385,277,0.5096757322175732,0.06929916317991631,pixel_reliability=0 AND MODLAND_QA(bits0-1)=0 AND VI range -2000..10000,MOD13Q1 V061 Terra 250m 16-day
SO2303,Baraawe,SO23,Lower Shabelle,2015-09-14,0.4728750802139038,0.4601,0.3216197860962567,0.3272,0.2445083682008368,935,0.4382845188284519,0.0366108786610878,pixel_reliability=0 AND MODLAND_QA(bits0-1)=0 AND VI range -2000..10000,MOD13Q1 V061 Terra 250m 16-day
SO2303,Baraawe,SO23,Lower Shabelle,2015-09-30,0.3104338888888889,0.32945,0.2151583333333333,0.22815,0.0470711297071129,180,0.327928870292887,0.2455543933054393,pixel_reliability=0 AND MODLAND_QA(bits0-1)=0 AND VI range -2000..10000,MOD13Q1 V061 Terra 250m 16-day
SO2303,Baraawe,SO23,Lower Shabelle,2015-10-16,0.2612289115646258,0.27205,0.1810557823129251,0.188,0.0768828451882845,294,0.3135460251046025,0.2089435146443514,pixel_reliability=0 AND MODLAND_QA(bits0-1)=0 AND VI range -2000..10000,MOD13Q1 V061 Terra 250m 16-day
SO2303,Baraawe,SO23,Lower Shabelle,2015-11-01,0.2512551401869159,0.2679,0.1679504672897197,0.1712,0.0279811715481171,107,0.2531380753138075,0.375,pixel_reliability=0 AND MODLAND_QA(bits0-1)=0 AND VI range -2000..10000,MOD13Q1 V061 Terra 250m 16-day
SO2303,Baraawe,SO23,Lower Shabelle,2015-11-17,0.3336596774193548,0.3087,0.2216209677419355,0.2203,0.0324267782426778,124,0.343357740585774,0.2607217573221757,pixel_reliability=0 AND MODLAND_QA(bits0-1)=0 AND VI range -2000..10000,MOD13Q1 V061 Terra 250m 16-day
SO2303,Baraawe,SO23,Lower Shabelle,2015-12-03,0.2544742574257426,0.27795,0.18454900990099,0.20025,0.0528242677824267,202,0.3987970711297071,0.1765167364016736,pixel_reliability=0 AND MODLAND_QA(bits0-1)=0 AND VI range -2000..10000,MOD13Q1 V061 Terra 250m 16-day
SO2303,Baraawe,SO23,Lower Shabelle,2015-12-19,0.4011582487309645,0.38015,0.2673696065989848,0.25545,0.4121338912133891,1576,0.2133891213389121,0.0253661087866108,pixel_reliability=0 AND MODLAND_QA(bits0-1)=0 AND VI range -2000..10000,MOD13Q1 V061 Terra 250m 16-day
SO2304,Kurtunwaarey,SO23,Lower Shabelle,2015-01-01,0.46850389655172414,0.48850000000000005,0.26948165517241385,0.2756,0.9982788296041308,2900,0.0,0.0,pixel_reliability=0 AND MODLAND_QA(bits0-1)=0 AND VI range -2000..10000,MOD13Q1 V061 Terra 250m 16-day
SO2304,Kurtunwaarey,SO23,Lower Shabelle,2015-01-17,0.3941892248870352,0.4089,0.2276837678136948,0.2325,0.9903614457831326,2877,0.0010327022375215,0.0,pixel_reliability=0 AND MODLAND_QA(bits0-1)=0 AND VI range -2000..10000,MOD13Q1 V061 Terra 250m 16-day
SO2304,Kurtunwaarey,SO23,Lower Shabelle,2015-02-02,0.360784702549575,0.3698,0.2029652367462565,0.2065,0.8506024096385543,2471,0.0299483648881239,0.0,pixel_reliability=0 AND MODLAND_QA(bits0-1)=0 AND VI range -2000..10000,MOD13Q1 V061 Terra 250m 16-day
SO2304,Kurtunwaarey,SO23,Lower Shabelle,2015-02-18,0.3307414306463326,0.3379,0.1860829339143064,0.1909,0.9480206540447504,2754,0.0006884681583476,0.0,pixel_reliability=0 AND MODLAND_QA(bits0-1)=0 AND VI range -2000..10000,MOD13Q1 V061 Terra 250m 16-day
SO2304,Kurtunwaarey,SO23,Lower Shabelle,2015-03-06,0.3029647646219686,0.3156,0.186608880171184,0.1952,0.9652323580034424,2804,0.004130808950086,0.0,pixel_reliability=0 AND MODLAND_QA(bits0-1)=0 AND VI range -2000..10000,MOD13Q1 V061 Terra 250m 16-day
SO2304,Kurtunwaarey,SO23,Lower Shabelle,2015-03-22,0.2540246376811594,0.2544,0.1479845410628019,0.1464,0.2137693631669535,621,0.5222030981067126,0.0089500860585197,pixel_reliability=0 AND MODLAND_QA(bits0-1)=0 AND VI range -2000..10000,MOD13Q1 V061 Terra 250m 16-day
SO2304,Kurtunwaarey,SO23,Lower Shabelle,2015-04-07,0.5294360465116279,0.59815,0.3161790697674418,0.32455,0.02960413080895,86,0.5163511187607573,0.106368330464716,pixel_reliability=0 AND MODLAND_QA(bits0-1)=0 AND VI range -2000..10000,MOD13Q1 V061 Terra 250m 16-day
SO2304,Kurtunwaarey,SO23,Lower Shabelle,2015-04-23,0.55888,0.6214000000000001,0.3606,0.4314,0.0017211703958691,5,0.4430292598967297,0.2282271944922547,pixel_reliability=0 AND MODLAND_QA(bits0-1)=0 AND VI range -2000..10000,MOD13Q1 V061 Terra 250m 16-day
SO2304,Kurtunwaarey,SO23,Lower Shabelle,2015-05-09,0.534131914893617,0.6355000000000001,0.3485936170212765,0.3924,0.0161790017211703,47,0.6327022375215147,0.1043029259896729,pixel_reliability=0 AND MODLAND_QA(bits0-1)=0 AND VI range -2000..10000,MOD13Q1 V061 Terra 250m 16-day
SO2304,Kurtunwaarey,SO23,Lower Shabelle,2015-05-25,0.5740875000000001,0.6318,0.3471390625,0.37455,0.0220309810671256,64,0.4485370051635112,0.176592082616179,pixel_reliability=0 AND MODLAND_QA(bits0-1)=0 AND VI range -2000..10000,MOD13Q1 V061 Terra 250m 16-day
SO2304,Kurtunwaarey,SO23,Lower Shabelle,2015-06-10,0.25325,0.25325,0.16275,0.16275,0.0006884681583476,2,0.4450946643717728,0.2612736660929432,pixel_reliability=0 AND MODLAND_QA(bits0-1)=0 AND VI range -2000..10000,MOD13Q1 V061 Terra 250m 16-day
SO2304,Kurtunwaarey,SO23,Lower Shabelle,2015-06-26,0.4570904761904762,0.4716,0.2514285714285714,0.2545,0.0072289156626506,21,0.4901893287435456,0.1707401032702237,pixel_reliability=0 AND MODLAND_QA(bits0-1)=0 AND VI range -2000..10000,MOD13Q1 V061 Terra 250m 16-day
SO2304,Kurtunwaarey,SO23,Lower Shabelle,2015-07-12,0.2166,0.2166,0.1432,0.1432,0.0003442340791738,1,0.046815834767642,0.8402753872633391,pixel_reliability=0 AND MODLAND_QA(bits0-1)=0 AND VI range -2000..10000,MOD13Q1 V061 Terra 250m 16-day
SO2304,Kurtunwaarey,SO23,Lower Shabelle,2015-07-28,0.36708,0.32785,0.20584,0.1842,0.0034423407917383,10,0.3500860585197934,0.3500860585197934,pixel_reliability=0 AND MODLAND_QA(bits0-1)=0 AND VI range -2000..10000,MOD13Q1 V061 Terra 250m 16-day
SO2304,Kurtunwaarey,SO23,Lower Shabelle,2015-08-13,0.3917854838709678,0.3612,0.2223758064516129,0.21875,0.0213425129087779,62,0.4633390705679862,0.1986230636833046,pixel_reliability=0 AND MODLAND_QA(bits0-1)=0 AND VI range -2000..10000,MOD13Q1 V061 Terra 250m 16-day
SO2304,Kurtunwaarey,SO23,Lower Shabelle,2015-08-29,0.38665000000000005,0.38665000000000005,0.24165,0.24165,0.0006884681583476765,2,0.6716006884681583,0.0757314974182444,pixel_reliability=0 AND MODLAND_QA(bits0-1)=0 AND VI range -2000..10000,MOD13Q1 V061 Terra 250m 16-day
SO2304,Kurtunwaarey,SO23,Lower Shabelle,2015-09-14,0.528240625,0.5405500000000001,0.3208062499999999,0.32605,0.0110154905335628,32,0.6864027538726334,0.0643717728055077,pixel_reliability=0 AND MODLAND_QA(bits0-1)=0 AND VI range -2000..10000,MOD13Q1 V061 Terra 250m 16-day
SO2304,Kurtunwaarey,SO23,Lower Shabelle,2015-09-30,0.3082882352941176,0.3016,0.1663470588235294,0.1575,0.0058519793459552,17,0.3321858864027538,0.3810671256454389,pixel_reliability=0 AND MODLAND_QA(bits0-1)=0 AND VI range -2000..10000,MOD13Q1 V061 Terra 250m 16-day
SO2304,Kurtunwaarey,SO23,Lower Shabelle,2015-10-16,0.3305,0.2473,0.1962454545454545,0.1449,0.0037865748709122,11,0.2932874354561101,0.4516351118760757,pixel_reliability=0 AND MODLAND_QA(bits0-1)=0 AND VI range -2000..10000,MOD13Q1 V061 Terra 250m 16-day
SO2304,Kurtunwaarey,SO23,Lower Shabelle,2015-11-01,,,,,0.0,0,0.3332185886402753,0.2953528399311532,pixel_reliability=0 AND MODLAND_QA(bits0-1)=0 AND VI range -2000..10000,MOD13Q1 V061 Terra 250m 16-day
SO2304,Kurtunwaarey,SO23,Lower Shabelle,2015-11-17,0.83644,0.8316,0.53778,0.5441,0.0017211703958691,5,0.3521514629948364,0.2746987951807229,pixel_reliability=0 AND MODLAND_QA(bits0-1)=0 AND VI range -2000..10000,MOD13Q1 V061 Terra 250m 16-day
SO2304,Kurtunwaarey,SO23,Lower Shabelle,2015-12-03,0.6479897506925208,0.6567500000000001,0.4186897506925207,0.4209,0.2485370051635111,722,0.4619621342512909,0.0172117039586919,pixel_reliability=0 AND MODLAND_QA(bits0-1)=0 AND VI range -2000..10000,MOD13Q1 V061 Terra 250m 16-day
SO2304,Kurtunwaarey,SO23,Lower Shabelle,2015-12-19,0.5703218939124244,0.5901000000000001,0.3494066215735137,0.3585,0.9669535283993116,2809,0.0065404475043029,0.0,pixel_reliability=0 AND MODLAND_QA(bits0-1)=0 AND VI range -2000..10000,MOD13Q1 V061 Terra 250m 16-day
SO2305,Qoryooley,SO23,Lower Shabelle,2015-01-01,0.4318941325882652,0.4284,0.25143243586487174,0.24600000000000002,1.0,3937,0.0,0.0,pixel_reliability=0 AND MODLAND_QA(bits0-1)=0 AND VI range -2000..10000,MOD13Q1 V061 Terra 250m 16-day
SO2305,Qoryooley,SO23,Lower Shabelle,2015-01-17,0.3549880873761747,0.3512,0.2088074676149352,0.2043,1.0,3937,0.0,0.0,pixel_reliability=0 AND MODLAND_QA(bits0-1)=0 AND VI range -2000..10000,MOD13Q1 V061 Terra 250m 16-day
SO2305,Qoryooley,SO23,Lower Shabelle,2015-02-02,0.3244417266187051,0.3258,0.1922958204864679,0.1881,0.7414274828549657,2919,0.0614681229362458,0.0,pixel_reliability=0 AND MODLAND_QA(bits0-1)=0 AND VI range -2000..10000,MOD13Q1 V061 Terra 250m 16-day
SO2305,Qoryooley,SO23,Lower Shabelle,2015-02-18,0.306359282051282,0.30135,0.1770703333333333,0.17405,0.9906019812039624,3900,0.000254000508001,0.0,pixel_reliability=0 AND MODLAND_QA(bits0-1)=0 AND VI range -2000..10000,MOD13Q1 V061 Terra 250m 16-day
SO2305,Qoryooley,SO23,Lower Shabelle,2015-03-06,0.2903783591567183,0.2867,0.1786673101346202,0.1773,1.0,3937,0.0,0.0,pixel_reliability=0 AND MODLAND_QA(bits0-1)=0 AND VI range -2000..10000,MOD13Q1 V061 Terra 250m 16-day
SO2305,Qoryooley,SO23,Lower Shabelle,2015-03-22,0.3079066115702479,0.2941,0.1766013774104683,0.1649,0.0922021844043688,363,0.7122174244348489,0.0,pixel_reliability=0 AND MODLAND_QA(bits0-1)=0 AND VI range -2000..10000,MOD13Q1 V061 Terra 250m 16-day
SO2305,Qoryooley,SO23,Lower Shabelle,2015-04-07,0.5275883161512027,0.5321,0.346239175257732,0.353,0.0739141478282956,291,0.3464566929133858,0.1965963931927863,pixel_reliability=0 AND MODLAND_QA(bits0-1)=0 AND VI range -2000..10000,MOD13Q1 V061 Terra 250m 16-day
SO2305,Qoryooley,SO23,Lower Shabelle,2015-04-23,0.580454054054054,0.63105,0.3430972972972972,0.36755,0.0187960375920751,74,0.4490728981457963,0.1894843789687579,pixel_reliability=0 AND MODLAND_QA(bits0-1)=0 AND VI range -2000..10000,MOD13Q1 V061 Terra 250m 16-day
SO2305,Qoryooley,SO23,Lower Shabelle,2015-05-09,0.6021372881355933,0.6252,0.3614525423728814,0.3628,0.0149860299720599,59,0.5534671069342139,0.1386842773685547,pixel_reliability=0 AND MODLAND_QA(bits0-1)=0 AND VI range -2000..10000,MOD13Q1 V061 Terra 250m 16-day
SO2305,Qoryooley,SO23,Lower Shabelle,2015-05-25,0.5499400000000001,0.53885,0.3439,0.3173,0.0025400050800101,10,0.3987807975615951,0.2471424942849885,pixel_reliability=0 AND MODLAND_QA(bits0-1)=0 AND VI range -2000..10000,MOD13Q1 V061 Terra 250m 16-day
SO2305,Qoryooley,SO23,Lower Shabelle,2015-06-10,,,,,0.0,0,0.3543307086614173,0.3789687579375159,pixel_reliability=0 AND MODLAND_QA(bits0-1)=0 AND VI range -2000..10000,MOD13Q1 V061 Terra 250m 16-day
SO2305,Qoryooley,SO23,Lower Shabelle,2015-06-26,0.4656017857142857,0.45215,0.2583107142857143,0.2505,0.0284480568961137,112,0.5029210058420117,0.1209042418084836,pixel_reliability=0 AND MODLAND_QA(bits0-1)=0 AND VI range -2000..10000,MOD13Q1 V061 Terra 250m 16-day
SO2305,Qoryooley,SO23,Lower Shabelle,2015-07-12,,,,,0.0,0,0.1198882397764795,0.7183134366268733,pixel_reliability=0 AND MODLAND_QA(bits0-1)=0 AND VI range -2000..10000,MOD13Q1 V061 Terra 250m 16-day
SO2305,Qoryooley,SO23,Lower Shabelle,2015-07-28,0.3944,0.3944,0.2071,0.2016,0.000762001524003,3,0.3619507239014478,0.301752603505207,pixel_reliability=0 AND MODLAND_QA(bits0-1)=0 AND VI range -2000..10000,MOD13Q1 V061 Terra 250m 16-day
SO2305,Qoryooley,SO23,Lower Shabelle,2015-08-13,0.4516567567567568,0.4708,0.2492621621621622,0.2575,0.0093980187960375,37,0.5031750063500127,0.2032004064008128,pixel_reliability=0 AND MODLAND_QA(bits0-1)=0 AND VI range -2000..10000,MOD13Q1 V061 Terra 250m 16-day
SO2305,Qoryooley,SO23,Lower Shabelle,2015-08-29,0.6782956521739131,0.6934,0.41158260869565216,0.4252,0.005842011684023368,23,0.6619253238506477,0.0665481330962662,pixel_reliability=0 AND MODLAND_QA(bits0-1)=0 AND VI range -2000..10000,MOD13Q1 V061 Terra 250m 16-day
SO2305,Qoryooley,SO23,Lower Shabelle,2015-09-14,0.542075,0.5514,0.340925,0.33955,0.001016002032004,4,0.7564135128270256,0.0439420878841757,pixel_reliability=0 AND MODLAND_QA(bits0-1)=0 AND VI range -2000..10000,MOD13Q1 V061 Terra 250m 16-day
SO2305,Qoryooley,SO23,Lower Shabelle,2015-09-30,0.5466142857142857,0.5863,0.3461857142857142,0.3483,0.0017780035560071,7,0.2872745745491491,0.3911607823215646,pixel_reliability=0 AND MODLAND_QA(bits0-1)=0 AND VI range -2000..10000,MOD13Q1 V061 Terra 250m 16-day
SO2305,Qoryooley,SO23,Lower Shabelle,2015-10-16,0.4268,0.4268,0.2662,0.2662,0.000508001016002,2,0.3324866649733299,0.3990347980695961,pixel_reliability=0 AND MODLAND_QA(bits0-1)=0 AND VI range -2000..10000,MOD13Q1 V061 Terra 250m 16-day
SO2305,Qoryooley,SO23,Lower Shabelle,2015-11-01,0.70665,0.70955,0.495025,0.4956,0.001016002032004,4,0.3611887223774447,0.2738125476250952,pixel_reliability=0 AND MODLAND_QA(bits0-1)=0 AND VI range -2000..10000,MOD13Q1 V061 Terra 250m 16-day
SO2305,Qoryooley,SO23,Lower Shabelle,2015-11-17,0.6986000000000001,0.6772,0.4300190476190476,0.3982,0.0053340106680213,21,0.571501143002286,0.1059182118364236,pixel_reliability=0 AND MODLAND_QA(bits0-1)=0 AND VI range -2000..10000,MOD13Q1 V061 Terra 250m 16-day
SO2305,Qoryooley,SO23,Lower Shabelle,2015-12-03,0.6344097826086957,0.6355500000000001,0.4132369565217391,0.40885,0.0233680467360934,92,0.5775971551943104,0.0835661671323342,pixel_reliability=0 AND MODLAND_QA(bits0-1)=0 AND VI range -2000..10000,MOD13Q1 V061 Terra 250m 16-day
SO2305,Qoryooley,SO23,Lower Shabelle,2015-12-19,0.5532974871794872,0.5501,0.3379780256410256,0.33335,0.9906019812039624,3900,0.000254000508001,0.0,pixel_reliability=0 AND MODLAND_QA(bits0-1)=0 AND VI range -2000..10000,MOD13Q1 V061 Terra 250m 16-day
SO2306,Sablaale,SO23,Lower Shabelle,2015-01-01,0.4983753857245855,0.49810000000000004,0.29186507570295606,0.2911,0.9710165219826379,6935,0.006020722486698404,0.0,pixel_reliability=0 AND MODLAND_QA(bits0-1)=0 AND VI range -2000..10000,MOD13Q1 V061 Terra 250m 16-day
SO2306,Sablaale,SO23,Lower Shabelle,2015-01-17,0.414232233538947,0.4119,0.2445849375986228,0.2431,0.9760571268552226,6971,0.0051806216746009,0.0,pixel_reliability=0 AND MODLAND_QA(bits0-1)=0 AND VI range -2000..10000,MOD13Q1 V061 Terra 250m 16-day
SO2306,Sablaale,SO23,Lower Shabelle,2015-02-02,0.3705208626491282,0.3658,0.2175618843683083,0.21695,0.9154298515821898,6538,0.0240828899467936,0.0,pixel_reliability=0 AND MODLAND_QA(bits0-1)=0 AND VI range -2000..10000,MOD13Q1 V061 Terra 250m 16-day
SO2306,Sablaale,SO23,Lower Shabelle,2015-02-18,0.3371363491373061,0.3379,0.19974910830796,0.2005,0.9656958835060208,6897,0.0046205544665359,0.0,pixel_reliability=0 AND MODLAND_QA(bits0-1)=0 AND VI range -2000..10000,MOD13Q1 V061 Terra 250m 16-day
SO2306,Sablaale,SO23,Lower Shabelle,2015-03-06,0.3136807790262172,0.314,0.2080024119850187,0.2089,0.934612153458415,6675,0.0226827219266311,0.0,pixel_reliability=0 AND MODLAND_QA(bits0-1)=0 AND VI range -2000..10000,MOD13Q1 V061 Terra 250m 16-day
SO2306,Sablaale,SO23,Lower Shabelle,2015-03-22,0.3423151230101302,0.3447,0.1965968162083936,0.198,0.1935032203864463,1382,0.4619154298515822,0.0068608232987958,pixel_reliability=0 AND MODLAND_QA(bits0-1)=0 AND VI range -2000..10000,MOD13Q1 V061 Terra 250m 16-day
SO2306,Sablaale,SO23,Lower Shabelle,2015-04-07,0.6209366071428571,0.62775,0.3695290178571428,0.3613,0.0313637636516382,224,0.5228227387286475,0.1212545505460655,pixel_reliability=0 AND MODLAND_QA(bits0-1)=0 AND VI range -2000..10000,MOD13Q1 V061 Terra 250m 16-day
SO2306,Sablaale,SO23,Lower Shabelle,2015-04-23,0.7355160000000001,0.7493000000000001,0.492552,0.4894,0.003500420050406,25,0.4746569588350602,0.1921030523662839,pixel_reliability=0 AND MODLAND_QA(bits0-1)=0 AND VI range -2000..10000,MOD13Q1 V061 Terra 250m 16-day
SO2306,Sablaale,SO23,Lower Shabelle,2015-05-09,0.7327388888888888,0.7484500000000001,0.4537166666666666,0.454,0.0025203024362923,18,0.5483057966956034,0.1584990198823858,pixel_reliability=0 AND MODLAND_QA(bits0-1)=0 AND VI range -2000..10000,MOD13Q1 V061 Terra 250m 16-day
SO2306,Sablaale,SO23,Lower Shabelle,2015-05-25,0.6592426470588235,0.66145,0.4401823529411764,0.43155,0.0095211425371044,68,0.5394847381685802,0.1386166339960795,pixel_reliability=0 AND MODLAND_QA(bits0-1)=0 AND VI range -2000..10000,MOD13Q1 V061 Terra 250m 16-day
SO2306,Sablaale,SO23,Lower Shabelle,2015-06-10,0.65299375,0.65255,0.359775,0.35755,0.0022402688322598,16,0.4238308597031643,0.2584710165219826,pixel_reliability=0 AND MODLAND_QA(bits0-1)=0 AND VI range -2000..10000,MOD13Q1 V061 Terra 250m 16-day
SO2306,Sablaale,SO23,Lower Shabelle,2015-06-26,0.5815250000000001,0.6122000000000001,0.3504875,0.3726,0.0011201344161299,8,0.4425931111733408,0.2489498739848782,pixel_reliability=0 AND MODLAND_QA(bits0-1)=0 AND VI range -2000..10000,MOD13Q1 V061 Terra 250m 16-day
SO2306,Sablaale,SO23,Lower Shabelle,2015-07-12,,,,,0.0,0,0.0977317278073368,0.7301876225147018,pixel_reliability=0 AND MODLAND_QA(bits0-1)=0 AND VI range -2000..10000,MOD13Q1 V061 Terra 250m 16-day
SO2306,Sablaale,SO23,Lower Shabelle,2015-07-28,0.4108142857142857,0.3755,0.225,0.2059,0.0009801176141136,7,0.2840940912909549,0.4077289274712966,pixel_reliability=0 AND MODLAND_QA(bits0-1)=0 AND VI range -2000..10000,MOD13Q1 V061 Terra 250m 16-day
SO2306,Sablaale,SO23,Lower Shabelle,2015-08-13,0.5700625,0.5796000000000001,0.320465625,0.3248499999999999,0.0044805376645197,32,0.6458975077009241,0.1318958274992999,pixel_reliability=0 AND MODLAND_QA(bits0-1)=0 AND VI range -2000..10000,MOD13Q1 V061 Terra 250m 16-day
SO2306,Sablaale,SO23,Lower Shabelle,2015-08-29,0.6400693548387095,0.66085,0.342091935483871,0.3478,0.008681041725007001,62,0.7006440772892747,0.05614673760851302,pixel_reliability=0 AND MODLAND_QA(bits0-1)=0 AND VI range -2000..10000,MOD13Q1 V061 Terra 250m 16-day
SO2306,Sablaale,SO23,Lower Shabelle,2015-09-14,0.6184468118195957,0.6248,0.3795038102643857,0.38035,0.1800616073928871,1286,0.4523942873144777,0.0456454774572948,pixel_reliability=0 AND MODLAND_QA(bits0-1)=0 AND VI range -2000..10000,MOD13Q1 V061 Terra 250m 16-day
SO2306,Sablaale,SO23,Lower Shabelle,2015-09-30,0.6177,0.6142000000000001,0.3804666666666667,0.3856,0.0004200504060487,3,0.2985158218986278,0.4298515821898628,pixel_reliability=0 AND MODLAND_QA(bits0-1)=0 AND VI range -2000..10000,MOD13Q1 V061 Terra 250m 16-day
SO2306,Sablaale,SO23,Lower Shabelle,2015-10-16,0.566125,0.58415,0.355025,0.3551,0.0005600672080649,4,0.2265471856622794,0.4938392607112853,pixel_reliability=0 AND MODLAND_QA(bits0-1)=0 AND VI range -2000..10000,MOD13Q1 V061 Terra 250m 16-day
SO2306,Sablaale,SO23,Lower Shabelle,2015-11-01,,,,,0.0,0,0.3515821898627835,0.3095771492579109,pixel_reliability=0 AND MODLAND_QA(bits0-1)=0 AND VI range -2000..10000,MOD13Q1 V061 Terra 250m 16-day
SO2306,Sablaale,SO23,Lower Shabelle,2015-11-17,0.6727500000000001,0.6829000000000001,0.4070666666666667,0.412,0.0008401008120974,6,0.4028283394007281,0.2121254550546065,pixel_reliability=0 AND MODLAND_QA(bits0-1)=0 AND VI range -2000..10000,MOD13Q1 V061 Terra 250m 16-day
SO2306,Sablaale,SO23,Lower Shabelle,2015-12-03,0.6070990835579514,0.6137,0.3951870080862533,0.3967,0.2597311677401288,1855,0.4441332959955195,0.0284234108092971,pixel_reliability=0 AND MODLAND_QA(bits0-1)=0 AND VI range -2000..10000,MOD13Q1 V061 Terra 250m 16-day
SO2306,Sablaale,SO23,Lower Shabelle,2015-12-19,0.5834627239599149,0.5889,0.3688133768600061,0.3683,0.9221506580789696,6586,0.0235228227387286,0.0,pixel_reliability=0 AND MODLAND_QA(bits0-1)=0 AND VI range -2000..10000,MOD13Q1 V061 Terra 250m 16-day
SO2307,Wanla Weyn,SO23,Lower Shabelle,2015-01-01,0.27455609501045714,0.2721,0.16245790259934267,0.16010000000000002,0.9842670195559476,6694,0.0030877812086457872,0.0,pixel_reliability=0 AND MODLAND_QA(bits0-1)=0 AND VI range -2000..10000,MOD13Q1 V061 Terra 250m 16-day
SO2307,Wanla Weyn,SO23,Lower Shabelle,2015-01-17,0.2327502240143369,0.2332,0.1389584378733572,0.1394,0.984561093956771,6696,0.0019114836053521,0.0,pixel_reliability=0 AND MODLAND_QA(bits0-1)=0 AND VI range -2000..10000,MOD13Q1 V061 Terra 250m 16-day
SO2307,Wanla Weyn,SO23,Lower Shabelle,2015-02-02,0.2188280381254964,0.2182,0.1298027402700556,0.1302,0.7404793412733421,5036,0.0147037200411704,0.0,pixel_reliability=0 AND MODLAND_QA(bits0-1)=0 AND VI range -2000..10000,MOD13Q1 V061 Terra 250m 16-day
SO2307,Wanla Weyn,SO23,Lower Shabelle,2015-02-18,0.2150755711512617,0.2148,0.1278458115574137,0.128,0.9847081311571828,6697,0.0022055580061755,0.0,pixel_reliability=0 AND MODLAND_QA(bits0-1)=0 AND VI range -2000..10000,MOD13Q1 V061 Terra 250m 16-day
SO2307,Wanla Weyn,SO23,Lower Shabelle,2015-03-06,0.2078308311406903,0.2081,0.1286756539235412,0.1285,0.9500073518600206,6461,0.0023525952065872,0.0,pixel_reliability=0 AND MODLAND_QA(bits0-1)=0 AND VI range -2000..10000,MOD13Q1 V061 Terra 250m 16-day
SO2307,Wanla Weyn,SO23,Lower Shabelle,2015-03-22,0.2175359999999999,0.2153,0.1299283870967741,0.1307,0.3418614909572122,2325,0.3174533156888693,0.0,pixel_reliability=0 AND MODLAND_QA(bits0-1)=0 AND VI range -2000..10000,MOD13Q1 V061 Terra 250m 16-day
SO2307,Wanla Weyn,SO23,Lower Shabelle,2015-04-07,0.2615821003621314,0.2523,0.1644377133988619,0.1571,0.2842229083958241,1933,0.2889280988089986,0.0823408322305543,pixel_reliability=0 AND MODLAND_QA(bits0-1)=0 AND VI range -2000..10000,MOD13Q1 V061 Terra 250m 16-day
SO2307,Wanla Weyn,SO23,Lower Shabelle,2015-04-23,0.3989631017770598,0.4062,0.248097802907916,0.2585,0.4550801352742243,3095,0.1679164828701661,0.0658726657844434,pixel_reliability=0 AND MODLAND_QA(bits0-1)=0 AND VI range -2000..10000,MOD13Q1 V061 Terra 250m 16-day
SO2307,Wanla Weyn,SO23,Lower Shabelle,2015-05-09,0.4551347079037801,0.4482,0.2999037800687285,0.2961,0.0427878253198059,291,0.5674165563887663,0.079988237023967,pixel_reliability=0 AND MODLAND_QA(bits0-1)=0 AND VI range -2000..10000,MOD13Q1 V061 Terra 250m 16-day
SO2307,Wanla Weyn,SO23,Lower Shabelle,2015-05-25,0.4668307692307692,0.45375,0.3001461538461539,0.29675,0.0038229672107043,26,0.3628878106160859,0.266872518747243,pixel_reliability=0 AND MODLAND_QA(bits0-1)=0 AND VI range -2000..10000,MOD13Q1 V061 Terra 250m 16-day
SO2307,Wanla Weyn,SO23,Lower Shabelle,2015-06-10,0.3681540540540541,0.35215,0.2300986486486486,0.2193,0.0108807528304661,74,0.3855315394794883,0.3005440376415233,pixel_reliability=0 AND MODLAND_QA(bits0-1)=0 AND VI range -2000..10000,MOD13Q1 V061 Terra 250m 16-day
SO2307,Wanla Weyn,SO23,Lower Shabelle,2015-06-26,0.2965917355371901,0.2899,0.1784322314049586,0.1707,0.0177915012498162,121,0.3847963534774298,0.2577562123217174,pixel_reliability=0 AND MODLAND_QA(bits0-1)=0 AND VI range -2000..10000,MOD13Q1 V061 Terra 250m 16-day
SO2307,Wanla Weyn,SO23,Lower Shabelle,2015-07-12,0.22148125,0.21915,0.16338125,0.1689999999999999,0.0023525952065872,16,0.2901043964122923,0.4868401705631525,pixel_reliability=0 AND MODLAND_QA(bits0-1)=0 AND VI range -2000..10000,MOD13Q1 V061 Terra 250m 16-day
SO2307,Wanla Weyn,SO23,Lower Shabelle,2015-07-28,0.266050909090909,0.2644,0.1518509090909091,0.1479,0.0080870460226437,55,0.4359652992207028,0.2133509777973827,pixel_reliability=0 AND MODLAND_QA(bits0-1)=0 AND VI range -2000..10000,MOD13Q1 V061 Terra 250m 16-day
SO2307,Wanla Weyn,SO23,Lower Shabelle,2015-08-13,0.2345237410071942,0.2318,0.1385388489208633,0.1354,0.0204381708572268,139,0.5697691515953536,0.1114541979120717,pixel_reliability=0 AND MODLAND_QA(bits0-1)=0 AND VI range -2000..10000,MOD13Q1 V061 Terra 250m 16-day
SO2307,Wanla Weyn,SO23,Lower Shabelle,2015-08-29,0.2522846153846154,0.2504,0.1580953846153846,0.1575,0.00955741802676077,65,0.752977503308337,0.04469930892515807,pixel_reliability=0 AND MODLAND_QA(bits0-1)=0 AND VI range -2000..10000,MOD13Q1 V061 Terra 250m 16-day
SO2307,Wanla Weyn,SO23,Lower Shabelle,2015-09-14,0.2582531855955678,0.25095,0.1696462603878116,0.1661,0.1061608586972504,722,0.6574033230407293,0.0311718864872812,pixel_reliability=0 AND MODLAND_QA(bits0-1)=0 AND VI range -2000..10000,MOD13Q1 V061 Terra 250m 16-day
SO2307,Wanla Weyn,SO23,Lower Shabelle,2015-09-30,0.2726766666666667,0.24145,0.1795866666666666,0.15855,0.0044111160123511,30,0.3915600646963681,0.3149536832818703,pixel_reliability=0 AND MODLAND_QA(bits0-1)=0 AND VI range -2000..10000,MOD13Q1 V061 Terra 250m 16-day
SO2307,Wanla Weyn,SO23,Lower Shabelle,2015-10-16,0.3438809523809524,0.3564,0.2060142857142857,0.2165,0.0030877812086457,21,0.2736362299661814,0.4690486693133363,pixel_reliability=0 AND MODLAND_QA(bits0-1)=0 AND VI range -2000..10000,MOD13Q1 V061 Terra 250m 16-day
SO2307,Wanla Weyn,SO23,Lower Shabelle,2015-11-01,0.5956615384615385,0.5808,0.4019346153846154,0.40025,0.0038229672107043,26,0.4606675488898691,0.1879135421261579,pixel_reliability=0 AND MODLAND_QA(bits0-1)=0 AND VI range -2000..10000,MOD13Q1 V061 Terra 250m 16-day
SO2307,Wanla Weyn,SO23,Lower Shabelle,2015-11-17,0.5242095808383234,0.5266000000000001,0.332908383233533,0.3237,0.0245552124687545,167,0.6579914718423762,0.070577856197618,pixel_reliability=0 AND MODLAND_QA(bits0-1)=0 AND VI range -2000..10000,MOD13Q1 V061 Terra 250m 16-day
SO2307,Wanla Weyn,SO23,Lower Shabelle,2015-12-03,0.4595783153727732,0.4638,0.2951444029030129,0.299,0.6685781502720188,4547,0.1696809292751066,0.0033818556094691,pixel_reliability=0 AND MODLAND_QA(bits0-1)=0 AND VI range -2000..10000,MOD13Q1 V061 Terra 250m 16-day
SO2307,Wanla Weyn,SO23,Lower Shabelle,2015-12-19,0.4421111868424952,0.447,0.2676352793006371,0.2692,0.9923540655785914,6749,0.0010292604028819,0.0,pixel_reliability=0 AND MODLAND_QA(bits0-1)=0 AND VI range -2000..10000,MOD13Q1 V061 Terra 250m 16-day
SO2401,Baydhaba,SO24,Bay,2015-01-01,0.33830609780639975,0.3331,0.17242575971020327,0.16620000000000001,0.9892494525184153,14907,0.0017917579135974518,0.0,pixel_reliability=0 AND MODLAND_QA(bits0-1)=0 AND VI range -2000..10000,MOD13Q1 V061 Terra 250m 16-day
SO2401,Baydhaba,SO24,Bay,2015-01-17,0.2874997053308332,0.2881,0.1468764733458344,0.1431,0.990908487623598,14932,0.001061782467317,0.0,pixel_reliability=0 AND MODLAND_QA(bits0-1)=0 AND VI range -2000..10000,MOD13Q1 V061 Terra 250m 16-day
SO2401,Baydhaba,SO24,Bay,2015-02-02,0.2675228767399636,0.2716,0.1374202676349943,0.1366,0.986860441966952,14871,0.002123564934634,0.0,pixel_reliability=0 AND MODLAND_QA(bits0-1)=0 AND VI range -2000..10000,MOD13Q1 V061 Terra 250m 16-day
SO2401,Baydhaba,SO24,Bay,2015-02-18,0.257557320115989,0.2631,0.1319252208510351,0.1331,0.9840732629902448,14829,0.0030526245935363,0.0,pixel_reliability=0 AND MODLAND_QA(bits0-1)=0 AND VI range -2000..10000,MOD13Q1 V061 Terra 250m 16-day
SO2401,Baydhaba,SO24,Bay,2015-03-06,0.2526259293286219,0.25935,0.1330439929328622,0.1352,0.9390138695334792,14150,0.0048443825071338,0.0,pixel_reliability=0 AND MODLAND_QA(bits0-1)=0 AND VI range -2000..10000,MOD13Q1 V061 Terra 250m 16-day
SO2401,Baydhaba,SO24,Bay,2015-03-22,0.2509287581699346,0.2497,0.1349490196078431,0.1329,0.0101532948437188,153,0.4947242683655186,0.2783197292454708,pixel_reliability=0 AND MODLAND_QA(bits0-1)=0 AND VI range -2000..10000,MOD13Q1 V061 Terra 250m 16-day
SO2401,Baydhaba,SO24,Bay,2015-04-07,0.3972178797468354,0.39075,0.2188421149789029,0.2117,0.251642444754131,3792,0.410445285022231,0.0359015196761563,pixel_reliability=0 AND MODLAND_QA(bits0-1)=0 AND VI range -2000..10000,MOD13Q1 V061 Terra 250m 16-day
SO2401,Baydhaba,SO24,Bay,2015-04-23,0.6207696639418712,0.6692,0.3707934604904632,0.3944,0.2191917180967549,3303,0.2943128276594333,0.1570774437587099,pixel_reliability=0 AND MODLAND_QA(bits0-1)=0 AND VI range -2000..10000,MOD13Q1 V061 Terra 250m 16-day
SO2401,Baydhaba,SO24,Bay,2015-05-09,0.5400863401427517,0.5559000000000001,0.2840119616047255,0.289,0.2696263852943128,4063,0.3951158006503417,0.039219589886522,pixel_reliability=0 AND MODLAND_QA(bits0-1)=0 AND VI range -2000..10000,MOD13Q1 V061 Terra 250m 16-day
SO2401,Baydhaba,SO24,Bay,2015-05-25,0.4941771792763159,0.502,0.2715486019736842,0.2709,0.1613909350321852,2432,0.514101798394054,0.0461875373282898,pixel_reliability=0 AND MODLAND_QA(bits0-1)=0 AND VI range -2000..10000,MOD13Q1 V061 Terra 250m 16-day
SO2401,Baydhaba,SO24,Bay,2015-06-10,0.4364887195842192,0.4408,0.2423219820458303,0.2421,0.5618156480191121,8466,0.1809011878691353,0.0144004247129869,pixel_reliability=0 AND MODLAND_QA(bits0-1)=0 AND VI range -2000..10000,MOD13Q1 V061 Terra 250m 16-day
SO2401,Baydhaba,SO24,Bay,2015-06-26,0.3245659793814434,0.31975,0.1742250859106529,0.17095,0.0386223372486561,582,0.369301214413697,0.2448072201207777,pixel_reliability=0 AND MODLAND_QA(bits0-1)=0 AND VI range -2000..10000,MOD13Q1 V061 Terra 250m 16-day
SO2401,Baydhaba,SO24,Bay,2015-07-12,0.2945203389830508,0.29195,0.1716169491525424,0.16985,0.0078306456964629,118,0.3438184351980888,0.4527838609064968,pixel_reliability=0 AND MODLAND_QA(bits0-1)=0 AND VI range -2000..10000,MOD13Q1 V061 Terra 250m 16-day
SO2401,Baydhaba,SO24,Bay,2015-07-28,0.2749450151057401,0.26545,0.1375581570996979,0.13405,0.0439312495852412,662,0.679872586103922,0.0798991306656048,pixel_reliability=0 AND MODLAND_QA(bits0-1)=0 AND VI range -2000..10000,MOD13Q1 V061 Terra 250m 16-day
SO2401,Baydhaba,SO24,Bay,2015-08-13,0.2787977876106194,0.2711,0.1449942477876106,0.1429,0.0149976773508527,226,0.7791492467980623,0.0632424182095693,pixel_reliability=0 AND MODLAND_QA(bits0-1)=0 AND VI range -2000..10000,MOD13Q1 V061 Terra 250m 16-day
SO2401,Baydhaba,SO24,Bay,2015-08-29,0.31981202514348184,0.32555,0.14888592511615195,0.1479,0.4856327559891167,7318,0.15216669984736877,0.0,pixel_reliability=0 AND MODLAND_QA(bits0-1)=0 AND VI range -2000..10000,MOD13Q1 V061 Terra 250m 16-day
SO2401,Baydhaba,SO24,Bay,2015-09-14,0.3094722432560341,0.31455,0.1537503312825366,0.1536,0.5608865883602097,8452,0.1378326365385891,0.0,pixel_reliability=0 AND MODLAND_QA(bits0-1)=0 AND VI range -2000..10000,MOD13Q1 V061 Terra 250m 16-day
SO2401,Baydhaba,SO24,Bay,2015-09-30,0.2490675675675675,0.2277,0.1412054054054053,0.1332,0.0024553719556705,37,0.347468312429491,0.316942066494127,pixel_reliability=0 AND MODLAND_QA(bits0-1)=0 AND VI range -2000..10000,MOD13Q1 V061 Terra 250m 16-day
SO2401,Baydhaba,SO24,Bay,2015-10-16,0.6176555102040818,0.6662,0.3433914285714285,0.3635,0.0162585440307916,245,0.3635277722476607,0.2971663680403477,pixel_reliability=0 AND MODLAND_QA(bits0-1)=0 AND VI range -2000..10000,MOD13Q1 V061 Terra 250m 16-day
SO2401,Baydhaba,SO24,Bay,2015-11-01,0.5769522727272727,0.5738000000000001,0.3433477272727273,0.3228499999999999,0.0029199017851217,44,0.3542371756586369,0.3195301612582122,pixel_reliability=0 AND MODLAND_QA(bits0-1)=0 AND VI range -2000..10000,MOD13Q1 V061 Terra 250m 16-day
SO2401,Baydhaba,SO24,Bay,2015-11-17,0.6072034725093015,0.6297,0.3529288824583161,0.3707,0.4815847103324706,7257,0.2597385360674232,0.0111487159068285,pixel_reliability=0 AND MODLAND_QA(bits0-1)=0 AND VI range -2000..10000,MOD13Q1 V061 Terra 250m 16-day
SO2401,Baydhaba,SO24,Bay,2015-12-03,0.5763506885145012,0.5803,0.3393051080852374,0.3389,0.862631893290862,12999,0.0400159267370097,0.0,pixel_reliability=0 AND MODLAND_QA(bits0-1)=0 AND VI range -2000..10000,MOD13Q1 V061 Terra 250m 16-day
SO2401,Baydhaba,SO24,Bay,2015-12-19,0.501206664402174,0.5085000000000001,0.2742219769021739,0.2758,0.9768398699316476,14720,0.0055079965492069,0.0,pixel_reliability=0 AND MODLAND_QA(bits0-1)=0 AND VI range -2000..10000,MOD13Q1 V061 Terra 250m 16-day
SO2402,Buur Hakaba,SO24,Bay,2015-01-01,0.36128341271384135,0.3551,0.20872793545878693,0.2058,0.9824293353705118,20576,0.002387318563789152,0.0,pixel_reliability=0 AND MODLAND_QA(bits0-1)=0 AND VI range -2000..10000,MOD13Q1 V061 Terra 250m 16-day
SO2402,Buur Hakaba,SO24,Bay,2015-01-17,0.304611860284102,0.2984,0.1771090192644483,0.1723,0.9814744079449962,20556,0.0022440794499618,0.0,pixel_reliability=0 AND MODLAND_QA(bits0-1)=0 AND VI range -2000..10000,MOD13Q1 V061 Terra 250m 16-day
SO2402,Buur Hakaba,SO24,Bay,2015-02-02,0.2804673208771654,0.2767,0.1609043230229759,0.1551,0.9122899159663864,19107,0.0084033613445378,0.0,pixel_reliability=0 AND MODLAND_QA(bits0-1)=0 AND VI range -2000..10000,MOD13Q1 V061 Terra 250m 16-day
SO2402,Buur Hakaba,SO24,Bay,2015-02-18,0.2642186532192339,0.2621,0.1561550988182559,0.1505,0.9373567608861728,19632,0.0130825057295645,0.0,pixel_reliability=0 AND MODLAND_QA(bits0-1)=0 AND VI range -2000..10000,MOD13Q1 V061 Terra 250m 16-day
SO2402,Buur Hakaba,SO24,Bay,2015-03-06,0.2551530682172153,0.2543,0.1567410341605233,0.1519,0.9196906035141328,19262,0.0119843391902215,0.0,pixel_reliability=0 AND MODLAND_QA(bits0-1)=0 AND VI range -2000..10000,MOD13Q1 V061 Terra 250m 16-day
SO2402,Buur Hakaba,SO24,Bay,2015-03-22,0.2753745172413793,0.2701,0.1622450344827586,0.1579,0.1384644766997708,2900,0.5575343773873186,0.0276928953399541,pixel_reliability=0 AND MODLAND_QA(bits0-1)=0 AND VI range -2000..10000,MOD13Q1 V061 Terra 250m 16-day
SO2402,Buur Hakaba,SO24,Bay,2015-04-07,0.4597905825242718,0.4599499999999999,0.2598483009708738,0.2598,0.098357524828113,2060,0.470063025210084,0.1057104660045836,pixel_reliability=0 AND MODLAND_QA(bits0-1)=0 AND VI range -2000..10000,MOD13Q1 V061 Terra 250m 16-day
SO2402,Buur Hakaba,SO24,Bay,2015-04-23,0.5554910821290097,0.5748,0.3387631653154741,0.3414,0.1354564553093964,2837,0.2821810542398777,0.2376814362108479,pixel_reliability=0 AND MODLAND_QA(bits0-1)=0 AND VI range -2000..10000,MOD13Q1 V061 Terra 250m 16-day
SO2402,Buur Hakaba,SO24,Bay,2015-05-09,0.5673428143712576,0.5655,0.3681601796407185,0.3722,0.0159472880061115,334,0.5730996944232238,0.1239495798319327,pixel_reliability=0 AND MODLAND_QA(bits0-1)=0 AND VI range -2000..10000,MOD13Q1 V061 Terra 250m 16-day
SO2402,Buur Hakaba,SO24,Bay,2015-05-25,0.5438693693693695,0.5484,0.3620162162162162,0.363,0.0052998472116119,111,0.5238254392666157,0.1482524828113063,pixel_reliability=0 AND MODLAND_QA(bits0-1)=0 AND VI range -2000..10000,MOD13Q1 V061 Terra 250m 16-day
SO2402,Buur Hakaba,SO24,Bay,2015-06-10,0.4708279587186704,0.4731,0.2895965956306126,0.2889,0.3562356760886173,7461,0.2505252100840336,0.1281990068754774,pixel_reliability=0 AND MODLAND_QA(bits0-1)=0 AND VI range -2000..10000,MOD13Q1 V061 Terra 250m 16-day
SO2402,Buur Hakaba,SO24,Bay,2015-06-26,0.3615808035714286,0.3541,0.2250879464285714,0.21565,0.0106951871657754,224,0.4780844155844156,0.2058346065699006,pixel_reliability=0 AND MODLAND_QA(bits0-1)=0 AND VI range -2000..10000,MOD13Q1 V061 Terra 250m 16-day
SO2402,Buur Hakaba,SO24,Bay,2015-07-12,0.23875,0.23875,0.15405,0.15405,9.549274255156608e-05,2,0.0925324675324675,0.7747326203208557,pixel_reliability=0 AND MODLAND_QA(bits0-1)=0 AND VI range -2000..10000,MOD13Q1 V061 Terra 250m 16-day
SO2402,Buur Hakaba,SO24,Bay,2015-07-28,0.3062525,0.2911,0.1724425,0.1637,0.0019098548510313,40,0.3820664629488159,0.2991787624140565,pixel_reliability=0 AND MODLAND_QA(bits0-1)=0 AND VI range -2000..10000,MOD13Q1 V061 Terra 250m 16-day
SO2402,Buur Hakaba,SO24,Bay,2015-08-13,0.2908426829268293,0.2718,0.1699426829268292,0.1601,0.0039152024446142,82,0.6074770817417876,0.1471065699006875,pixel_reliability=0 AND MODLAND_QA(bits0-1)=0 AND VI range -2000..10000,MOD13Q1 V061 Terra 250m 16-day
SO2402,Buur Hakaba,SO24,Bay,2015-08-29,0.5022347399411188,0.5012,0.2652514229636899,0.262,0.04865355233002292,1019,0.8409568372803667,0.014419404125286478,pixel_reliability=0 AND MODLAND_QA(bits0-1)=0 AND VI range -2000..10000,MOD13Q1 V061 Terra 250m 16-day
SO2402,Buur Hakaba,SO24,Bay,2015-09-14,0.3301482648289441,0.3308,0.2038945360571006,0.2,0.1939935064935065,4063,0.4824293353705118,0.0205786860198624,pixel_reliability=0 AND MODLAND_QA(bits0-1)=0 AND VI range -2000..10000,MOD13Q1 V061 Terra 250m 16-day
SO2402,Buur Hakaba,SO24,Bay,2015-09-30,0.3649071428571429,0.3629,0.232675,0.22495,0.0013368983957219,28,0.3055290297937357,0.4119556913674561,pixel_reliability=0 AND MODLAND_QA(bits0-1)=0 AND VI range -2000..10000,MOD13Q1 V061 Terra 250m 16-day
SO2402,Buur Hakaba,SO24,Bay,2015-10-16,0.538242105263158,0.5573,0.3610789473684211,0.3671,0.0027215431627196,57,0.2374904507257448,0.5344251336898396,pixel_reliability=0 AND MODLAND_QA(bits0-1)=0 AND VI range -2000..10000,MOD13Q1 V061 Terra 250m 16-day
SO2402,Buur Hakaba,SO24,Bay,2015-11-01,0.5891339869281046,0.5844,0.3983437908496732,0.3968,0.0073051948051948,153,0.3615832696715049,0.2853323147440794,pixel_reliability=0 AND MODLAND_QA(bits0-1)=0 AND VI range -2000..10000,MOD13Q1 V061 Terra 250m 16-day
SO2402,Buur Hakaba,SO24,Bay,2015-11-17,0.5902076923076923,0.5844,0.3567801619433198,0.3579,0.0117933537051184,247,0.5141329258976318,0.1360294117647058,pixel_reliability=0 AND MODLAND_QA(bits0-1)=0 AND VI range -2000..10000,MOD13Q1 V061 Terra 250m 16-day
SO2402,Buur Hakaba,SO24,Bay,2015-12-03,0.5190520855292878,0.5217,0.3260065728053004,0.3263,0.6341673032849503,13282,0.1458174178762414,0.0012414056531703,pixel_reliability=0 AND MODLAND_QA(bits0-1)=0 AND VI range -2000..10000,MOD13Q1 V061 Terra 250m 16-day
SO2402,Buur Hakaba,SO24,Bay,2015-12-19,0.4873907471572886,0.4858,0.2913836318383681,0.2895,0.9783708938120704,20491,0.0033422459893048,0.0,pixel_reliability=0 AND MODLAND_QA(bits0-1)=0 AND VI range -2000..10000,MOD13Q1 V061 Terra 250m 16-day
SO2403,Diinsoor,SO24,Bay,2015-01-01,0.37322805999464337,0.3647,0.21056988661726636,0.20600000000000002,0.9908881811748054,11201,0.0015923566878980893,0.0,pixel_reliability=0 AND MODLAND_QA(bits0-1)=0 AND VI range -2000..10000,MOD13Q1 V061 Terra 250m 16-day
SO2403,Diinsoor,SO24,Bay,2015-01-17,0.3067652990077769,0.3011,0.1717717529275051,0.1683,0.9896496815286624,11187,0.0011500353857041,0.0,pixel_reliability=0 AND MODLAND_QA(bits0-1)=0 AND VI range -2000..10000,MOD13Q1 V061 Terra 250m 16-day
SO2403,Diinsoor,SO24,Bay,2015-02-02,0.2807189671016357,0.2764,0.1596793328432273,0.1558,0.9626680820948336,10882,0.0074309978768577,0.0,pixel_reliability=0 AND MODLAND_QA(bits0-1)=0 AND VI range -2000..10000,MOD13Q1 V061 Terra 250m 16-day
SO2403,Diinsoor,SO24,Bay,2015-02-18,0.2715404268675455,0.2686,0.1509052013272352,0.149,0.9864649681528662,11151,0.0038039631988676,0.0,pixel_reliability=0 AND MODLAND_QA(bits0-1)=0 AND VI range -2000..10000,MOD13Q1 V061 Terra 250m 16-day
SO2403,Diinsoor,SO24,Bay,2015-03-06,0.264829558523465,0.2632,0.1512212020033389,0.1482,0.9538216560509554,10782,0.0106157112526539,0.0,pixel_reliability=0 AND MODLAND_QA(bits0-1)=0 AND VI range -2000..10000,MOD13Q1 V061 Terra 250m 16-day
SO2403,Diinsoor,SO24,Bay,2015-03-22,0.2882290803645402,0.2882,0.1668852526926263,0.1684,0.2135527246992215,2414,0.3857041755130927,0.0219391365888181,pixel_reliability=0 AND MODLAND_QA(bits0-1)=0 AND VI range -2000..10000,MOD13Q1 V061 Terra 250m 16-day
SO2403,Diinsoor,SO24,Bay,2015-04-07,0.4733258003766478,0.4737,0.2885973634651601,0.2889,0.0469745222929936,531,0.7503538570417552,0.0326433121019108,pixel_reliability=0 AND MODLAND_QA(bits0-1)=0 AND VI range -2000..10000,MOD13Q1 V061 Terra 250m 16-day
SO2403,Diinsoor,SO24,Bay,2015-04-23,0.6623793103448276,0.6975,0.3871224137931034,0.40075,0.0051309271054493,58,0.328556263269639,0.3129865534324133,pixel_reliability=0 AND MODLAND_QA(bits0-1)=0 AND VI range -2000..10000,MOD13Q1 V061 Terra 250m 16-day
SO2403,Diinsoor,SO24,Bay,2015-05-09,0.5720792929292929,0.5795,0.3675353535353535,0.3752,0.0175159235668789,198,0.554140127388535,0.1239384288747346,pixel_reliability=0 AND MODLAND_QA(bits0-1)=0 AND VI range -2000..10000,MOD13Q1 V061 Terra 250m 16-day
SO2403,Diinsoor,SO24,Bay,2015-05-25,0.5887819047619047,0.5798000000000001,0.392897619047619,0.3977,0.0185774946921443,210,0.6614472753007785,0.0746638358103326,pixel_reliability=0 AND MODLAND_QA(bits0-1)=0 AND VI range -2000..10000,MOD13Q1 V061 Terra 250m 16-day
SO2403,Diinsoor,SO24,Bay,2015-06-10,0.5044721251002406,0.5064000000000001,0.3142599198075381,0.3176,0.5515746638358103,6235,0.1675513092710545,0.0471514508138712,pixel_reliability=0 AND MODLAND_QA(bits0-1)=0 AND VI range -2000..10000,MOD13Q1 V061 Terra 250m 16-day
SO2403,Diinsoor,SO24,Bay,2015-06-26,0.4067283018867924,0.4063,0.2630283018867924,0.2573,0.0046886058032554,53,0.474345364472753,0.2082448690728945,pixel_reliability=0 AND MODLAND_QA(bits0-1)=0 AND VI range -2000..10000,MOD13Q1 V061 Terra 250m 16-day
SO2403,Diinsoor,SO24,Bay,2015-07-12,,,,,0.0,0,0.0970452937013446,0.698690728945506,pixel_reliability=0 AND MODLAND_QA(bits0-1)=0 AND VI range -2000..10000,MOD13Q1 V061 Terra 250m 16-day
SO2403,Diinsoor,SO24,Bay,2015-07-28,0.3447652173913043,0.3398,0.1838405797101449,0.1867,0.006104033970276,69,0.362791932059448,0.293170559094126,pixel_reliability=0 AND MODLAND_QA(bits0-1)=0 AND VI range -2000..10000,MOD13Q1 V061 Terra 250m 16-day
SO2403,Diinsoor,SO24,Bay,2015-08-13,,,,,0.0,0,0.9794762915782024,0.005661712668082,pixel_reliability=0 AND MODLAND_QA(bits0-1)=0 AND VI range -2000..10000,MOD13Q1 V061 Terra 250m 16-day
SO2403,Diinsoor,SO24,Bay,2015-08-29,0.3919280057154521,0.3894,0.19513225147989385,0.1945,0.4333864118895966,4899,0.2207183297947629,0.00097310686482661,pixel_reliability=0 AND MODLAND_QA(bits0-1)=0 AND VI range -2000..10000,MOD13Q1 V061 Terra 250m 16-day
SO2403,Diinsoor,SO24,Bay,2015-09-14,0.3506943068002108,0.3316,0.2181862414338429,0.2051,0.1678167020523708,1897,0.4562986553432413,0.0115888181174805,pixel_reliability=0 AND MODLAND_QA(bits0-1)=0 AND VI range -2000..10000,MOD13Q1 V061 Terra 250m 16-day
SO2403,Diinsoor,SO24,Bay,2015-09-30,0.3656117647058823,0.3742,0.2477941176470588,0.2508,0.0015038924274593,17,0.3324486907289455,0.3802193913658881,pixel_reliability=0 AND MODLAND_QA(bits0-1)=0 AND VI range -2000..10000,MOD13Q1 V061 Terra 250m 16-day
SO2403,Diinsoor,SO24,Bay,2015-10-16,0.5903409090909092,0.61555,0.3543682601880877,0.3745,0.1128803963198867,1276,0.2260261854210898,0.3974699221514508,pixel_reliability=0 AND MODLAND_QA(bits0-1)=0 AND VI range -2000..10000,MOD13Q1 V061 Terra 250m 16-day
SO2403,Diinsoor,SO24,Bay,2015-11-01,0.5590692307692308,0.5227,0.3603384615384616,0.3375,0.0011500353857041,13,0.3190021231422505,0.363588110403397,pixel_reliability=0 AND MODLAND_QA(bits0-1)=0 AND VI range -2000..10000,MOD13Q1 V061 Terra 250m 16-day
SO2403,Diinsoor,SO24,Bay,2015-11-17,0.5927544338051625,0.5958,0.36681259367194,0.36915,0.4249823071479122,4804,0.2883050247699929,0.017073602264685,pixel_reliability=0 AND MODLAND_QA(bits0-1)=0 AND VI range -2000..10000,MOD13Q1 V061 Terra 250m 16-day
SO2403,Diinsoor,SO24,Bay,2015-12-03,0.5103938765592094,0.5054000000000001,0.3066056050542686,0.3038,0.5460898796886058,6173,0.1695859872611465,0.0,pixel_reliability=0 AND MODLAND_QA(bits0-1)=0 AND VI range -2000..10000,MOD13Q1 V061 Terra 250m 16-day
SO2403,Diinsoor,SO24,Bay,2015-12-19,0.468488384854582,0.4638,0.2814932046826413,0.27755,0.9672682236376504,10934,0.0084925690021231,0.0,pixel_reliability=0 AND MODLAND_QA(bits0-1)=0 AND VI range -2000..10000,MOD13Q1 V061 Terra 250m 16-day
SO2404,Qansax Dheere,SO24,Bay,2015-01-01,0.3267619109947644,0.32380000000000003,0.17962196335078534,0.1782,0.9966084007304983,3820,0.0,0.0,pixel_reliability=0 AND MODLAND_QA(bits0-1)=0 AND VI range -2000..10000,MOD13Q1 V061 Terra 250m 16-day
SO2404,Qansax Dheere,SO24,Bay,2015-01-17,0.2690187108559498,0.2697,0.1478294363256785,0.148,0.9997391077484998,3832,0.0,0.0,pixel_reliability=0 AND MODLAND_QA(bits0-1)=0 AND VI range -2000..10000,MOD13Q1 V061 Terra 250m 16-day
SO2404,Qansax Dheere,SO24,Bay,2015-02-02,0.248178201058201,0.24815,0.1360455555555555,0.138,0.9861727106704932,3780,0.0013044612575006,0.0,pixel_reliability=0 AND MODLAND_QA(bits0-1)=0 AND VI range -2000..10000,MOD13Q1 V061 Terra 250m 16-day
SO2404,Qansax Dheere,SO24,Bay,2015-02-18,0.24056906568961,0.2402,0.1304873069876995,0.1337,0.9968692929819984,3821,0.0002608922515001,0.0,pixel_reliability=0 AND MODLAND_QA(bits0-1)=0 AND VI range -2000..10000,MOD13Q1 V061 Terra 250m 16-day
SO2404,Qansax Dheere,SO24,Bay,2015-03-06,0.2355951075268817,0.2351,0.1282741935483871,0.1317,0.9705191755804852,3720,0.0049569527785024,0.0,pixel_reliability=0 AND MODLAND_QA(bits0-1)=0 AND VI range -2000..10000,MOD13Q1 V061 Terra 250m 16-day
SO2404,Qansax Dheere,SO24,Bay,2015-03-22,0.2520905660377359,0.2497,0.1408462264150943,0.1395,0.0276545786590138,106,0.5572658492042787,0.1497521523610748,pixel_reliability=0 AND MODLAND_QA(bits0-1)=0 AND VI range -2000..10000,MOD13Q1 V061 Terra 250m 16-day
SO2404,Qansax Dheere,SO24,Bay,2015-04-07,0.4246304619225968,0.43515,0.2471407615480649,0.24955,0.417949386903209,1602,0.2585442212366293,0.0292199321680146,pixel_reliability=0 AND MODLAND_QA(bits0-1)=0 AND VI range -2000..10000,MOD13Q1 V061 Terra 250m 16-day
SO2404,Qansax Dheere,SO24,Bay,2015-04-23,0.5883186440677965,0.6156,0.3326830508474577,0.3369,0.0153926428385076,59,0.3691625358726846,0.2434124706496217,pixel_reliability=0 AND MODLAND_QA(bits0-1)=0 AND VI range -2000..10000,MOD13Q1 V061 Terra 250m 16-day
SO2404,Qansax Dheere,SO24,Bay,2015-05-09,0.4957380952380953,0.49845,0.2909829365079365,0.29955,0.0657448473780328,252,0.5502217584137751,0.0767023219410383,pixel_reliability=0 AND MODLAND_QA(bits0-1)=0 AND VI range -2000..10000,MOD13Q1 V061 Terra 250m 16-day
SO2404,Qansax Dheere,SO24,Bay,2015-05-25,0.429748717948718,0.4422,0.2748307692307692,0.2778,0.010174797808505,39,0.7769371249673884,0.0425254369945212,pixel_reliability=0 AND MODLAND_QA(bits0-1)=0 AND VI range -2000..10000,MOD13Q1 V061 Terra 250m 16-day
SO2404,Qansax Dheere,SO24,Bay,2015-06-10,0.4109535344827586,0.4107,0.2446329310344827,0.2396,0.3026350117401513,1160,0.2890686146621445,0.002087138012001,pixel_reliability=0 AND MODLAND_QA(bits0-1)=0 AND VI range -2000..10000,MOD13Q1 V061 Terra 250m 16-day
SO2404,Qansax Dheere,SO24,Bay,2015-06-26,0.3209066666666667,0.3182,0.1977333333333333,0.1955,0.0039133837725019,15,0.4111661883642056,0.2561961909731281,pixel_reliability=0 AND MODLAND_QA(bits0-1)=0 AND VI range -2000..10000,MOD13Q1 V061 Terra 250m 16-day
SO2404,Qansax Dheere,SO24,Bay,2015-07-12,,,,,0.0,0,0.162014088181581,0.6034437777198017,pixel_reliability=0 AND MODLAND_QA(bits0-1)=0 AND VI range -2000..10000,MOD13Q1 V061 Terra 250m 16-day
SO2404,Qansax Dheere,SO24,Bay,2015-07-28,0.2691622950819672,0.2683,0.1422748633879781,0.1415,0.0477432820245238,183,0.5097834594312549,0.1124445603965562,pixel_reliability=0 AND MODLAND_QA(bits0-1)=0 AND VI range -2000..10000,MOD13Q1 V061 Terra 250m 16-day
SO2404,Qansax Dheere,SO24,Bay,2015-08-13,0.2330294117647058,0.2286,0.1414435294117647,0.1427,0.022175841377511,85,0.8040699191234021,0.0224367336290112,pixel_reliability=0 AND MODLAND_QA(bits0-1)=0 AND VI range -2000..10000,MOD13Q1 V061 Terra 250m 16-day
SO2404,Qansax Dheere,SO24,Bay,2015-08-29,0.2924247148288973,0.271,0.1400945247148289,0.13820000000000002,0.34307331072267155,1315,0.23871641012261935,0.0,pixel_reliability=0 AND MODLAND_QA(bits0-1)=0 AND VI range -2000..10000,MOD13Q1 V061 Terra 250m 16-day
SO2404,Qansax Dheere,SO24,Bay,2015-09-14,0.2666484876260311,0.26,0.1399868010999083,0.1365,0.2846334463866423,1091,0.3331594051656665,0.0005217845030002,pixel_reliability=0 AND MODLAND_QA(bits0-1)=0 AND VI range -2000..10000,MOD13Q1 V061 Terra 250m 16-day
SO2404,Qansax Dheere,SO24,Bay,2015-09-30,0.31165,0.32545,0.2227,0.23125,0.0010435690060005,4,0.2413253326376206,0.4474302113227237,pixel_reliability=0 AND MODLAND_QA(bits0-1)=0 AND VI range -2000..10000,MOD13Q1 V061 Terra 250m 16-day
SO2404,Qansax Dheere,SO24,Bay,2015-10-16,0.5392658773527627,0.5676,0.3133349726775957,0.3308,0.4296895382207148,1647,0.2355857031046178,0.0866162274980433,pixel_reliability=0 AND MODLAND_QA(bits0-1)=0 AND VI range -2000..10000,MOD13Q1 V061 Terra 250m 16-day
SO2404,Qansax Dheere,SO24,Bay,2015-11-01,0.5687034482758621,0.5768,0.3275344827586207,0.3358,0.0075658752935037,29,0.4328202452387164,0.2614140360031307,pixel_reliability=0 AND MODLAND_QA(bits0-1)=0 AND VI range -2000..10000,MOD13Q1 V061 Terra 250m 16-day
SO2404,Qansax Dheere,SO24,Bay,2015-11-17,0.5432479321314952,0.5658000000000001,0.3324489395546129,0.3501,0.492042786329246,1886,0.2715888338116358,0.0028698147665014,pixel_reliability=0 AND MODLAND_QA(bits0-1)=0 AND VI range -2000..10000,MOD13Q1 V061 Terra 250m 16-day
SO2404,Qansax Dheere,SO24,Bay,2015-12-03,0.5034286176232821,0.49775,0.3012164106709781,0.299,0.6454474302113227,2474,0.118184189929559,0.0,pixel_reliability=0 AND MODLAND_QA(bits0-1)=0 AND VI range -2000..10000,MOD13Q1 V061 Terra 250m 16-day
SO2404,Qansax Dheere,SO24,Bay,2015-12-19,0.4622322820037106,0.4548,0.2675199840975351,0.2639,0.9843464649099922,3773,0.0007826767545003,0.0,pixel_reliability=0 AND MODLAND_QA(bits0-1)=0 AND VI range -2000..10000,MOD13Q1 V061 Terra 250m 16-day
SO2501,Xudur,SO25,Bakool,2015-01-01,0.22914512422360253,0.22615000000000002,0.12749667701863354,0.127,0.9924487594390508,6440,0.0001541069502234551,0.0,pixel_reliability=0 AND MODLAND_QA(bits0-1)=0 AND VI range -2000..10000,MOD13Q1 V061 Terra 250m 16-day
SO2501,Xudur,SO25,Bakool,2015-01-17,0.2117733374670594,0.2096,0.1182956440861881,0.1183,0.9941439358915088,6451,0.0001541069502234,0.0,pixel_reliability=0 AND MODLAND_QA(bits0-1)=0 AND VI range -2000..10000,MOD13Q1 V061 Terra 250m 16-day
SO2501,Xudur,SO25,Bakool,2015-02-02,0.203104672169444,0.2003,0.1141066812023049,0.1139,0.989520727384805,6421,0.0009246417013407,0.0,pixel_reliability=0 AND MODLAND_QA(bits0-1)=0 AND VI range -2000..10000,MOD13Q1 V061 Terra 250m 16-day
SO2501,Xudur,SO25,Bakool,2015-02-18,0.1989978772854044,0.1958,0.1122303222807561,0.1122,0.9946062567421792,6454,0.0003082139004469,0.0,pixel_reliability=0 AND MODLAND_QA(bits0-1)=0 AND VI range -2000..10000,MOD13Q1 V061 Terra 250m 16-day
SO2501,Xudur,SO25,Bakool,2015-03-06,0.1969013456686291,0.1936,0.112309251471825,0.1123,0.9161658190784404,5945,0.0003082139004469,0.0,pixel_reliability=0 AND MODLAND_QA(bits0-1)=0 AND VI range -2000..10000,MOD13Q1 V061 Terra 250m 16-day
SO2501,Xudur,SO25,Bakool,2015-03-22,0.2371203647416413,0.2387,0.1386655927051671,0.1362,0.2535059331175836,1645,0.4715672676837725,0.0029280320542456,pixel_reliability=0 AND MODLAND_QA(bits0-1)=0 AND VI range -2000..10000,MOD13Q1 V061 Terra 250m 16-day
SO2501,Xudur,SO25,Bakool,2015-04-07,0.2414853973376361,0.2318,0.1455278338039532,0.1398,0.3820311296039451,2479,0.361689012174449,0.0023116042533518,pixel_reliability=0 AND MODLAND_QA(bits0-1)=0 AND VI range -2000..10000,MOD13Q1 V061 Terra 250m 16-day
SO2501,Xudur,SO25,Bakool,2015-04-23,0.4022746478873239,0.4084,0.2492793066088841,0.2537,0.142240715056249,923,0.2518107566651256,0.2465711203575281,pixel_reliability=0 AND MODLAND_QA(bits0-1)=0 AND VI range -2000..10000,MOD13Q1 V061 Terra 250m 16-day
SO2501,Xudur,SO25,Bakool,2015-05-09,0.3863850678733032,0.3747,0.216228431372549,0.21305,0.6130374479889042,3978,0.1141932501155802,0.075204191709046,pixel_reliability=0 AND MODLAND_QA(bits0-1)=0 AND VI range -2000..10000,MOD13Q1 V061 Terra 250m 16-day
SO2501,Xudur,SO25,Bakool,2015-05-25,0.3559333673469388,0.3487,0.2141197193877551,0.21195,0.6040992448759439,3920,0.0188010479272615,0.0001541069502234,pixel_reliability=0 AND MODLAND_QA(bits0-1)=0 AND VI range -2000..10000,MOD13Q1 V061 Terra 250m 16-day
SO2501,Xudur,SO25,Bakool,2015-06-10,0.2958472755988418,0.2888,0.1725226638589102,0.1706,0.5854523038989058,3799,0.1547233780243489,0.0197256896286022,pixel_reliability=0 AND MODLAND_QA(bits0-1)=0 AND VI range -2000..10000,MOD13Q1 V061 Terra 250m 16-day
SO2501,Xudur,SO25,Bakool,2015-06-26,0.2615747831474598,0.2564,0.1540368649318463,0.1518,0.7461858529819695,4842,0.05486207427955,0.0001541069502234,pixel_reliability=0 AND MODLAND_QA(bits0-1)=0 AND VI range -2000..10000,MOD13Q1 V061 Terra 250m 16-day
SO2501,Xudur,SO25,Bakool,2015-07-12,0.2345062458908613,0.2328,0.1415301775147929,0.1405,0.4687933425797503,3042,0.2413314840499306,0.0010787486515641,pixel_reliability=0 AND MODLAND_QA(bits0-1)=0 AND VI range -2000..10000,MOD13Q1 V061 Terra 250m 16-day
SO2501,Xudur,SO25,Bakool,2015-07-28,0.2247188577586207,0.2222,0.129117198275862,0.1284,0.7150562490368315,4640,0.1312991215903837,0.0,pixel_reliability=0 AND MODLAND_QA(bits0-1)=0 AND VI range -2000..10000,MOD13Q1 V061 Terra 250m 16-day
SO2501,Xudur,SO25,Bakool,2015-08-13,0.2277980856098085,0.2255,0.1271967089696709,0.1271,0.7164432115888426,4649,0.0619509939898289,0.0,pixel_reliability=0 AND MODLAND_QA(bits0-1)=0 AND VI range -2000..10000,MOD13Q1 V061 Terra 250m 16-day
SO2501,Xudur,SO25,Bakool,2015-08-29,0.2299568072745643,0.22340000000000002,0.12319987370548117,0.1221,0.6101094159346586,3959,0.004006780705809832,0.0,pixel_reliability=0 AND MODLAND_QA(bits0-1)=0 AND VI range -2000..10000,MOD13Q1 V061 Terra 250m 16-day
SO2501,Xudur,SO25,Bakool,2015-09-14,0.2212455141242937,0.2153,0.1252082937853107,0.1239,0.6819232547387887,4425,0.0331329942980428,0.0,pixel_reliability=0 AND MODLAND_QA(bits0-1)=0 AND VI range -2000..10000,MOD13Q1 V061 Terra 250m 16-day
SO2501,Xudur,SO25,Bakool,2015-09-30,0.2208207929143821,0.2179,0.1318632644453817,0.1302,0.365387578979812,2371,0.3262444136230544,0.0192633687779318,pixel_reliability=0 AND MODLAND_QA(bits0-1)=0 AND VI range -2000..10000,MOD13Q1 V061 Terra 250m 16-day
SO2501,Xudur,SO25,Bakool,2015-10-16,0.4573162393162392,0.4748,0.2491548229548229,0.2615,0.1262135922330097,819,0.3846509477577439,0.0987825550932347,pixel_reliability=0 AND MODLAND_QA(bits0-1)=0 AND VI range -2000..10000,MOD13Q1 V061 Terra 250m 16-day
SO2501,Xudur,SO25,Bakool,2015-11-01,0.4958454347826087,0.5052,0.2913323913043478,0.2956,0.0708891971027893,460,0.5268916628139929,0.1100323624595469,pixel_reliability=0 AND MODLAND_QA(bits0-1)=0 AND VI range -2000..10000,MOD13Q1 V061 Terra 250m 16-day
SO2501,Xudur,SO25,Bakool,2015-11-17,0.4713947004608295,0.4737,0.284760394265233,0.2872,0.6019417475728155,3906,0.1992602866389274,0.0007705347511172,pixel_reliability=0 AND MODLAND_QA(bits0-1)=0 AND VI range -2000..10000,MOD13Q1 V061 Terra 250m 16-day
SO2501,Xudur,SO25,Bakool,2015-12-03,0.4113353126091512,0.40635,0.250045337059029,0.245,0.8824163969795038,5726,0.0302049622437971,0.0,pixel_reliability=0 AND MODLAND_QA(bits0-1)=0 AND VI range -2000..10000,MOD13Q1 V061 Terra 250m 16-day
SO2501,Xudur,SO25,Bakool,2015-12-19,0.351265527654164,0.3452,0.2039526700572155,0.2037,0.9696409308059794,6292,0.0027739251040221,0.0,pixel_reliability=0 AND MODLAND_QA(bits0-1)=0 AND VI range -2000..10000,MOD13Q1 V061 Terra 250m 16-day
SO2502,Ceel Barde,SO25,Bakool,2015-01-01,0.22620121225726791,0.22660000000000002,0.13158665394544844,0.13090000000000002,0.9964209819930656,8909,0.00011184431271669836,0.0,pixel_reliability=0 AND MODLAND_QA(bits0-1)=0 AND VI range -2000..10000,MOD13Q1 V061 Terra 250m 16-day
SO2502,Ceel Barde,SO25,Bakool,2015-01-17,0.2077134524612272,0.2096,0.1218432681501461,0.1227,0.995190694553182,8898,0.0,0.0,pixel_reliability=0 AND MODLAND_QA(bits0-1)=0 AND VI range -2000..10000,MOD13Q1 V061 Terra 250m 16-day
SO2502,Ceel Barde,SO25,Bakool,2015-02-02,0.2002261728395062,0.2026,0.118620808080808,0.1199,0.9965328263057824,8910,0.0,0.0,pixel_reliability=0 AND MODLAND_QA(bits0-1)=0 AND VI range -2000..10000,MOD13Q1 V061 Terra 250m 16-day
SO2502,Ceel Barde,SO25,Bakool,2015-02-18,0.1951336094012311,0.1981,0.1168685730274202,0.1185,0.9993289341236998,8935,0.0,0.0,pixel_reliability=0 AND MODLAND_QA(bits0-1)=0 AND VI range -2000..10000,MOD13Q1 V061 Terra 250m 16-day
SO2502,Ceel Barde,SO25,Bakool,2015-03-06,0.1939855070682237,0.199,0.1182036877688998,0.1203,0.9098534839503412,8135,0.0,0.0,pixel_reliability=0 AND MODLAND_QA(bits0-1)=0 AND VI range -2000..10000,MOD13Q1 V061 Terra 250m 16-day
SO2502,Ceel Barde,SO25,Bakool,2015-03-22,0.2097422385997236,0.2004,0.126839014279134,0.1226,0.7284420087238563,6513,0.0996532826305782,0.0007829101890168,pixel_reliability=0 AND MODLAND_QA(bits0-1)=0 AND VI range -2000..10000,MOD13Q1 V061 Terra 250m 16-day
SO2502,Ceel Barde,SO25,Bakool,2015-04-07,0.1814186006825938,0.16495,0.1246482935153583,0.1176,0.1966223017559557,1758,0.6233083547701599,0.0180069343473884,pixel_reliability=0 AND MODLAND_QA(bits0-1)=0 AND VI range -2000..10000,MOD13Q1 V061 Terra 250m 16-day
SO2502,Ceel Barde,SO25,Bakool,2015-04-23,0.4354747867803837,0.44835,0.2859809701492538,0.2921,0.4196398613130522,3752,0.1372329717033888,0.1413712112739067,pixel_reliability=0 AND MODLAND_QA(bits0-1)=0 AND VI range -2000..10000,MOD13Q1 V061 Terra 250m 16-day
SO2502,Ceel Barde,SO25,Bakool,2015-05-09,0.4602815056977395,0.4702,0.2836870353073044,0.2895,0.5987026059724863,5353,0.2113857510345599,0.0346717369421764,pixel_reliability=0 AND MODLAND_QA(bits0-1)=0 AND VI range -2000..10000,MOD13Q1 V061 Terra 250m 16-day
SO2502,Ceel Barde,SO25,Bakool,2015-05-25,0.3494041935483871,0.3568,0.2165886827956989,0.2183,0.8321216866122357,7440,0.0145397606531707,0.00033553293815,pixel_reliability=0 AND MODLAND_QA(bits0-1)=0 AND VI range -2000..10000,MOD13Q1 V061 Terra 250m 16-day
SO2502,Ceel Barde,SO25,Bakool,2015-06-10,0.2929749397931718,0.2957,0.1749075789771922,0.1753,0.7895090034671737,7059,0.0369086231965104,0.0011184431271669,pixel_reliability=0 AND MODLAND_QA(bits0-1)=0 AND VI range -2000..10000,MOD13Q1 V061 Terra 250m 16-day
SO2502,Ceel Barde,SO25,Bakool,2015-06-26,0.2413408671362642,0.2442,0.1468545542871022,0.1479,0.9209260709092942,8234,0.0071580360138686,0.0,pixel_reliability=0 AND MODLAND_QA(bits0-1)=0 AND VI range -2000..10000,MOD13Q1 V061 Terra 250m 16-day
SO2502,Ceel Barde,SO25,Bakool,2015-07-12,0.2133879932219801,0.2148,0.1343931735657226,0.1353,0.4620288558326809,4131,0.2260373560004474,0.0,pixel_reliability=0 AND MODLAND_QA(bits0-1)=0 AND VI range -2000..10000,MOD13Q1 V061 Terra 250m 16-day
SO2502,Ceel Barde,SO25,Bakool,2015-07-28,0.2211220070652885,0.224,0.1257084260107288,0.127,0.8548260820937256,7643,0.0876859411698915,0.0,pixel_reliability=0 AND MODLAND_QA(bits0-1)=0 AND VI range -2000..10000,MOD13Q1 V061 Terra 250m 16-day
SO2502,Ceel Barde,SO25,Bakool,2015-08-13,0.2151625783244372,0.2168,0.1292196565328382,0.1313,0.9638742869925064,8618,0.0039145509450844,0.0,pixel_reliability=0 AND MODLAND_QA(bits0-1)=0 AND VI range -2000..10000,MOD13Q1 V061 Terra 250m 16-day
SO2502,Ceel Barde,SO25,Bakool,2015-08-29,0.2225033583806165,0.22610000000000002,0.12614476307314829,0.1275,0.7293367632255899,6521,0.0011184431271669835,0.0,pixel_reliability=0 AND MODLAND_QA(bits0-1)=0 AND VI range -2000..10000,MOD13Q1 V061 Terra 250m 16-day
SO2502,Ceel Barde,SO25,Bakool,2015-09-14,0.2113120895127118,0.2147,0.1303259666313559,0.1324,0.844648249636506,7552,0.0074935689520187,0.0,pixel_reliability=0 AND MODLAND_QA(bits0-1)=0 AND VI range -2000..10000,MOD13Q1 V061 Terra 250m 16-day
SO2502,Ceel Barde,SO25,Bakool,2015-09-30,0.2144473684210526,0.2138,0.1308957518796992,0.1304,0.5950117436528353,5320,0.1338776423218879,0.0060395928867017,pixel_reliability=0 AND MODLAND_QA(bits0-1)=0 AND VI range -2000..10000,MOD13Q1 V061 Terra 250m 16-day
SO2502,Ceel Barde,SO25,Bakool,2015-10-16,0.2894068181818183,0.29195,0.1827613636363636,0.1898,0.0049211497595347,44,0.3668493457107706,0.2833016441113969,pixel_reliability=0 AND MODLAND_QA(bits0-1)=0 AND VI range -2000..10000,MOD13Q1 V061 Terra 250m 16-day
SO2502,Ceel Barde,SO25,Bakool,2015-11-01,0.4331956632653061,0.4272,0.2778816326530612,0.26945,0.0438429705849457,392,0.410804160608433,0.2040040263952578,pixel_reliability=0 AND MODLAND_QA(bits0-1)=0 AND VI range -2000..10000,MOD13Q1 V061 Terra 250m 16-day
SO2502,Ceel Barde,SO25,Bakool,2015-11-17,0.4244312701921442,0.4224,0.2731871620472709,0.2763,0.6577564030869031,5881,0.1984118107594228,0.0010065988144502,pixel_reliability=0 AND MODLAND_QA(bits0-1)=0 AND VI range -2000..10000,MOD13Q1 V061 Terra 250m 16-day
SO2502,Ceel Barde,SO25,Bakool,2015-12-03,0.3926558652729384,0.4098,0.2399573519163763,0.24385,0.9629795324907728,8610,0.0045856168213846,0.0,pixel_reliability=0 AND MODLAND_QA(bits0-1)=0 AND VI range -2000..10000,MOD13Q1 V061 Terra 250m 16-day
SO2502,Ceel Barde,SO25,Bakool,2015-12-19,0.3276033314187249,0.3377,0.1952185410683515,0.1986,0.9736047421988592,8705,0.0032434850687842,0.0,pixel_reliability=0 AND MODLAND_QA(bits0-1)=0 AND VI range -2000..10000,MOD13Q1 V061 Terra 250m 16-day
SO2503,Tayeeglow,SO25,Bakool,2015-01-01,0.28690253471754085,0.2872,0.14503834434407445,0.1443,0.9846010885437408,7417,0.0018584893136864462,0.0,pixel_reliability=0 AND MODLAND_QA(bits0-1)=0 AND VI range -2000..10000,MOD13Q1 V061 Terra 250m 16-day
SO2503,Tayeeglow,SO25,Bakool,2015-01-17,0.2528899839098954,0.2518,0.1294740412979351,0.1297,0.9900438072481084,7458,0.0009292446568432,0.0,pixel_reliability=0 AND MODLAND_QA(bits0-1)=0 AND VI range -2000..10000,MOD13Q1 V061 Terra 250m 16-day
SO2503,Tayeeglow,SO25,Bakool,2015-02-02,0.2452191124842016,0.2463,0.126188344333661,0.1266,0.9453073144829416,7121,0.0017257400769945,0.0,pixel_reliability=0 AND MODLAND_QA(bits0-1)=0 AND VI range -2000..10000,MOD13Q1 V061 Terra 250m 16-day
SO2503,Tayeeglow,SO25,Bakool,2015-02-18,0.2376509390931043,0.237,0.1238227394687416,0.1248,0.9895128103013408,7454,0.0014602416036107,0.0,pixel_reliability=0 AND MODLAND_QA(bits0-1)=0 AND VI range -2000..10000,MOD13Q1 V061 Terra 250m 16-day
SO2503,Tayeeglow,SO25,Bakool,2015-03-06,0.2320686419091031,0.2316,0.1243715377396433,0.1254,0.9901765564848002,7459,0.0005309969467675,0.0,pixel_reliability=0 AND MODLAND_QA(bits0-1)=0 AND VI range -2000..10000,MOD13Q1 V061 Terra 250m 16-day
SO2503,Tayeeglow,SO25,Bakool,2015-03-22,0.2671821232876712,0.2662,0.148355205479452,0.14435,0.1938138855701579,1460,0.3961237222885968,0.1250497809637594,pixel_reliability=0 AND MODLAND_QA(bits0-1)=0 AND VI range -2000..10000,MOD13Q1 V061 Terra 250m 16-day
SO2503,Tayeeglow,SO25,Bakool,2015-04-07,0.3644434676434676,0.3554,0.2124815628815629,0.2091,0.1087216248506571,819,0.6682596575069694,0.0362405416168857,pixel_reliability=0 AND MODLAND_QA(bits0-1)=0 AND VI range -2000..10000,MOD13Q1 V061 Terra 250m 16-day
SO2503,Tayeeglow,SO25,Bakool,2015-04-23,0.5456116903146206,0.52135,0.3289715299198026,0.3185,0.4303730253551042,3242,0.178149475640515,0.1002256737023762,pixel_reliability=0 AND MODLAND_QA(bits0-1)=0 AND VI range -2000..10000,MOD13Q1 V061 Terra 250m 16-day
SO2503,Tayeeglow,SO25,Bakool,2015-05-09,0.4730570275403609,0.4842,0.2753119420702754,0.2843,0.5591397849462365,4212,0.1800079649542015,0.0331873091729722,pixel_reliability=0 AND MODLAND_QA(bits0-1)=0 AND VI range -2000..10000,MOD13Q1 V061 Terra 250m 16-day
SO2503,Tayeeglow,SO25,Bakool,2015-05-25,0.4308790810608891,0.4184,0.2517960216660441,0.2475,0.7107394132483739,5354,0.1527943714323642,0.0037169786273728,pixel_reliability=0 AND MODLAND_QA(bits0-1)=0 AND VI range -2000..10000,MOD13Q1 V061 Terra 250m 16-day
SO2503,Tayeeglow,SO25,Bakool,2015-06-10,0.3583531263292216,0.3477,0.1999125265844321,0.1978,0.6241869109252621,4702,0.1515996283021372,0.0325235629895128,pixel_reliability=0 AND MODLAND_QA(bits0-1)=0 AND VI range -2000..10000,MOD13Q1 V061 Terra 250m 16-day
SO2503,Tayeeglow,SO25,Bakool,2015-06-26,0.2902086465103137,0.2881,0.1689061881887539,0.1684,0.4697995486525952,3539,0.222487720695606,0.0769945572812956,pixel_reliability=0 AND MODLAND_QA(bits0-1)=0 AND VI range -2000..10000,MOD13Q1 V061 Terra 250m 16-day
SO2503,Tayeeglow,SO25,Bakool,2015-07-12,0.2643307787391842,0.2628,0.155427564894932,0.1544,0.1073941324837382,809,0.4720562856763574,0.238019381388557,pixel_reliability=0 AND MODLAND_QA(bits0-1)=0 AND VI range -2000..10000,MOD13Q1 V061 Terra 250m 16-day
SO2503,Tayeeglow,SO25,Bakool,2015-07-28,0.2496592519685039,0.2487,0.1361768503937007,0.1356,0.3371830611973981,2540,0.3959909730519049,0.0750033187309173,pixel_reliability=0 AND MODLAND_QA(bits0-1)=0 AND VI range -2000..10000,MOD13Q1 V061 Terra 250m 16-day
SO2503,Tayeeglow,SO25,Bakool,2015-08-13,0.2521157427937916,0.2471,0.1374716186252771,0.134,0.2394796229921678,1804,0.5187840169919022,0.005973715651135,pixel_reliability=0 AND MODLAND_QA(bits0-1)=0 AND VI range -2000..10000,MOD13Q1 V061 Terra 250m 16-day
SO2503,Tayeeglow,SO25,Bakool,2015-08-29,0.2882640344827586,0.27165,0.14664029310344828,0.14300000000000002,0.7699455728129563,5800,0.11841231912916501,0.0,pixel_reliability=0 AND MODLAND_QA(bits0-1)=0 AND VI range -2000..10000,MOD13Q1 V061 Terra 250m 16-day
SO2503,Tayeeglow,SO25,Bakool,2015-09-14,0.281257518734388,0.2839,0.1468394004995837,0.1457,0.7971591663347936,6005,0.0436744988716314,0.0,pixel_reliability=0 AND MODLAND_QA(bits0-1)=0 AND VI range -2000..10000,MOD13Q1 V061 Terra 250m 16-day
SO2503,Tayeeglow,SO25,Bakool,2015-09-30,0.2388355676581483,0.2336,0.1376481776288227,0.1351,0.3168724279835391,2387,0.2874020974379397,0.1377937076861808,pixel_reliability=0 AND MODLAND_QA(bits0-1)=0 AND VI range -2000..10000,MOD13Q1 V061 Terra 250m 16-day
SO2503,Tayeeglow,SO25,Bakool,2015-10-16,0.5212508571428571,0.5517000000000001,0.2835328571428571,0.29725,0.0464622328421611,350,0.4813487322447896,0.1283685118810567,pixel_reliability=0 AND MODLAND_QA(bits0-1)=0 AND VI range -2000..10000,MOD13Q1 V061 Terra 250m 16-day
SO2503,Tayeeglow,SO25,Bakool,2015-11-01,0.6199828571428572,0.666,0.3329085714285714,0.35305,0.0092924465684322,70,0.2852781096508695,0.3709013673171379,pixel_reliability=0 AND MODLAND_QA(bits0-1)=0 AND VI range -2000..10000,MOD13Q1 V061 Terra 250m 16-day
SO2503,Tayeeglow,SO25,Bakool,2015-11-17,0.4674275064267352,0.5098,0.2735508997429305,0.3075,0.0516394530731448,389,0.6807380857560069,0.0468604805522368,pixel_reliability=0 AND MODLAND_QA(bits0-1)=0 AND VI range -2000..10000,MOD13Q1 V061 Terra 250m 16-day
SO2503,Tayeeglow,SO25,Bakool,2015-12-03,0.5443055312735494,0.549,0.3246673097211755,0.3271,0.8807911854506837,6635,0.0365060400902694,0.0,pixel_reliability=0 AND MODLAND_QA(bits0-1)=0 AND VI range -2000..10000,MOD13Q1 V061 Terra 250m 16-day
SO2503,Tayeeglow,SO25,Bakool,2015-12-19,0.4840734934797529,0.4879,0.260098846945779,0.2632,0.9670781893004116,7285,0.0069029603079782,0.0,pixel_reliability=0 AND MODLAND_QA(bits0-1)=0 AND VI range -2000..10000,MOD13Q1 V061 Terra 250m 16-day
SO2504,Waajid,SO25,Bakool,2015-01-01,0.2213242149562965,0.2149,0.12167957267724183,0.1199,0.9632054879950109,3089,0.005924540068599937,0.0,pixel_reliability=0 AND MODLAND_QA(bits0-1)=0 AND VI range -2000..10000,MOD13Q1 V061 Terra 250m 16-day
SO2504,Waajid,SO25,Bakool,2015-01-17,0.2068147488874762,0.2034,0.1141101080737444,0.1134,0.9809791082008108,3146,0.0031181789834736,0.0,pixel_reliability=0 AND MODLAND_QA(bits0-1)=0 AND VI range -2000..10000,MOD13Q1 V061 Terra 250m 16-day
SO2504,Waajid,SO25,Bakool,2015-02-02,0.2039331809274983,0.20045,0.1130838667537557,0.1128,0.954786404739632,3062,0.0093545369504209,0.0,pixel_reliability=0 AND MODLAND_QA(bits0-1)=0 AND VI range -2000..10000,MOD13Q1 V061 Terra 250m 16-day
SO2504,Waajid,SO25,Bakool,2015-02-18,0.2019552338530067,0.1988,0.1118686923321667,0.112,0.9800436545057686,3143,0.0024945431867789,0.0,pixel_reliability=0 AND MODLAND_QA(bits0-1)=0 AND VI range -2000..10000,MOD13Q1 V061 Terra 250m 16-day
SO2504,Waajid,SO25,Bakool,2015-03-06,0.2039452978643686,0.2005,0.1131425252903709,0.1132,0.8322419706891175,2669,0.0077954474586841,0.0,pixel_reliability=0 AND MODLAND_QA(bits0-1)=0 AND VI range -2000..10000,MOD13Q1 V061 Terra 250m 16-day
SO2504,Waajid,SO25,Bakool,2015-03-22,0.2036714828897338,0.1939,0.1250638783269962,0.1203,0.082008107265357,263,0.6682257561584035,0.0221390707826629,pixel_reliability=0 AND MODLAND_QA(bits0-1)=0 AND VI range -2000..10000,MOD13Q1 V061 Terra 250m 16-day
SO2504,Waajid,SO25,Bakool,2015-04-07,0.2388893076248905,0.213,0.1483767747589833,0.1356,0.3557842220143436,1141,0.3598378546928594,0.0118490801371998,pixel_reliability=0 AND MODLAND_QA(bits0-1)=0 AND VI range -2000..10000,MOD13Q1 V061 Terra 250m 16-day
SO2504,Waajid,SO25,Bakool,2015-04-23,0.4215465703971119,0.41595,0.2657929602888086,0.26535,0.1727471156844403,554,0.2790770190208918,0.2017461802307452,pixel_reliability=0 AND MODLAND_QA(bits0-1)=0 AND VI range -2000..10000,MOD13Q1 V061 Terra 250m 16-day
SO2504,Waajid,SO25,Bakool,2015-05-09,0.3629517819706499,0.36,0.216743396226415,0.2155,0.1487371375116931,477,0.4555659494855004,0.0324290614281259,pixel_reliability=0 AND MODLAND_QA(bits0-1)=0 AND VI range -2000..10000,MOD13Q1 V061 Terra 250m 16-day
SO2504,Waajid,SO25,Bakool,2015-05-25,0.3662115646258503,0.3613,0.2229143990929705,0.2246,0.275023386342376,882,0.3451824134705332,0.0096663548487683,pixel_reliability=0 AND MODLAND_QA(bits0-1)=0 AND VI range -2000..10000,MOD13Q1 V061 Terra 250m 16-day
SO2504,Waajid,SO25,Bakool,2015-06-10,0.2866634314627415,0.26985,0.1705842686292548,0.1642,0.6778921110071718,2174,0.1290926099158091,0.0,pixel_reliability=0 AND MODLAND_QA(bits0-1)=0 AND VI range -2000..10000,MOD13Q1 V061 Terra 250m 16-day
SO2504,Waajid,SO25,Bakool,2015-06-26,0.2553592163846839,0.2493,0.1560921638468388,0.1557,0.350171499844091,1123,0.3345806049267228,0.0155908949173682,pixel_reliability=0 AND MODLAND_QA(bits0-1)=0 AND VI range -2000..10000,MOD13Q1 V061 Terra 250m 16-day
SO2504,Waajid,SO25,Bakool,2015-07-12,0.2271430155210642,0.22365,0.1448743902439024,0.1449,0.2812597443093234,902,0.3277206111630807,0.029934518241347,pixel_reliability=0 AND MODLAND_QA(bits0-1)=0 AND VI range -2000..10000,MOD13Q1 V061 Terra 250m 16-day
SO2504,Waajid,SO25,Bakool,2015-07-28,0.220450353892821,0.2188,0.1271976744186046,0.1273,0.3083879014655441,989,0.4434050514499532,0.0021827252884315,pixel_reliability=0 AND MODLAND_QA(bits0-1)=0 AND VI range -2000..10000,MOD13Q1 V061 Terra 250m 16-day
SO2504,Waajid,SO25,Bakool,2015-08-13,0.2136143576826196,0.212,0.1323617968094038,0.1331,0.3713751169317119,1191,0.3230433426878702,0.0006236357966947,pixel_reliability=0 AND MODLAND_QA(bits0-1)=0 AND VI range -2000..10000,MOD13Q1 V061 Terra 250m 16-day
SO2504,Waajid,SO25,Bakool,2015-08-29,0.23143107024988216,0.22540000000000002,0.1259855728429986,0.1255,0.6613657623947614,2121,0.010601808543810414,0.0,pixel_reliability=0 AND MODLAND_QA(bits0-1)=0 AND VI range -2000..10000,MOD13Q1 V061 Terra 250m 16-day
SO2504,Waajid,SO25,Bakool,2015-09-14,0.2265439361702127,0.2202,0.126165159574468,0.1258,0.5862176488930465,1880,0.0679763018397256,0.0003118178983473,pixel_reliability=0 AND MODLAND_QA(bits0-1)=0 AND VI range -2000..10000,MOD13Q1 V061 Terra 250m 16-day
SO2504,Waajid,SO25,Bakool,2015-09-30,0.2030956043956044,0.1973,0.1295769230769231,0.1292,0.0283754287496102,91,0.463673214842532,0.1449953227315248,pixel_reliability=0 AND MODLAND_QA(bits0-1)=0 AND VI range -2000..10000,MOD13Q1 V061 Terra 250m 16-day
SO2504,Waajid,SO25,Bakool,2015-10-16,0.4460615456238361,0.43935,0.2406229050279329,0.2395,0.3348924228250701,1074,0.3401933270969753,0.0386654193950732,pixel_reliability=0 AND MODLAND_QA(bits0-1)=0 AND VI range -2000..10000,MOD13Q1 V061 Terra 250m 16-day
SO2504,Waajid,SO25,Bakool,2015-11-01,0.5693999999999999,0.58665,0.3168867647058824,0.32075,0.0212036170876208,68,0.4783286560648581,0.1705643903960087,pixel_reliability=0 AND MODLAND_QA(bits0-1)=0 AND VI range -2000..10000,MOD13Q1 V061 Terra 250m 16-day
SO2504,Waajid,SO25,Bakool,2015-11-17,0.5200623886506104,0.5119,0.3218598152424942,0.3199,0.9451200498908636,3031,0.0109136264421577,0.0,pixel_reliability=0 AND MODLAND_QA(bits0-1)=0 AND VI range -2000..10000,MOD13Q1 V061 Terra 250m 16-day
SO2504,Waajid,SO25,Bakool,2015-12-03,0.4405225210758731,0.4331,0.2629986350863107,0.262,0.7767383847832866,2491,0.0614281259744309,0.0,pixel_reliability=0 AND MODLAND_QA(bits0-1)=0 AND VI range -2000..10000,MOD13Q1 V061 Terra 250m 16-day
SO2504,Waajid,SO25,Bakool,2015-12-19,0.3740673822714682,0.3719,0.2234045360110804,0.222,0.9005300904271906,2888,0.0258808855628313,0.0,pixel_reliability=0 AND MODLAND_QA(bits0-1)=0 AND VI range -2000..10000,MOD13Q1 V061 Terra 250m 16-day
SO2505,Rab Dhuure,SO25,Bakool,2015-01-01,0.17362051696284334,0.17400000000000002,0.1001916801292407,0.10070000000000001,0.9786561264822135,3714,0.002108036890645586,0.0,pixel_reliability=0 AND MODLAND_QA(bits0-1)=0 AND VI range -2000..10000,MOD13Q1 V061 Terra 250m 16-day
SO2505,Rab Dhuure,SO25,Bakool,2015-01-17,0.1607684519051425,0.1613,0.0926474287236877,0.0938,0.9889328063241106,3753,0.0,0.0,pixel_reliability=0 AND MODLAND_QA(bits0-1)=0 AND VI range -2000..10000,MOD13Q1 V061 Terra 250m 16-day
SO2505,Rab Dhuure,SO25,Bakool,2015-02-02,0.1549188846982758,0.1551,0.0891097521551724,0.0905,0.978129117259552,3712,0.000790513833992,0.0,pixel_reliability=0 AND MODLAND_QA(bits0-1)=0 AND VI range -2000..10000,MOD13Q1 V061 Terra 250m 16-day
SO2505,Rab Dhuure,SO25,Bakool,2015-02-18,0.1522533864541832,0.1525,0.0874558565737051,0.0892,0.9920948616600792,3765,0.0002635046113306,0.0,pixel_reliability=0 AND MODLAND_QA(bits0-1)=0 AND VI range -2000..10000,MOD13Q1 V061 Terra 250m 16-day
SO2505,Rab Dhuure,SO25,Bakool,2015-03-06,0.1516194892977844,0.1513,0.0868553886594066,0.0887,0.7017127799736496,2663,0.0026350461133069,0.0,pixel_reliability=0 AND MODLAND_QA(bits0-1)=0 AND VI range -2000..10000,MOD13Q1 V061 Terra 250m 16-day
SO2505,Rab Dhuure,SO25,Bakool,2015-03-22,0.1649139053254438,0.1601,0.1036866124260355,0.1028,0.3562582345191041,1352,0.4023715415019763,0.0,pixel_reliability=0 AND MODLAND_QA(bits0-1)=0 AND VI range -2000..10000,MOD13Q1 V061 Terra 250m 16-day
SO2505,Rab Dhuure,SO25,Bakool,2015-04-07,0.1817772146847565,0.1768,0.1119197924980048,0.10925,0.6603425559947299,2506,0.0534914361001317,0.0,pixel_reliability=0 AND MODLAND_QA(bits0-1)=0 AND VI range -2000..10000,MOD13Q1 V061 Terra 250m 16-day
SO2505,Rab Dhuure,SO25,Bakool,2015-04-23,0.3231419011082694,0.3141,0.1905307757885763,0.1858,0.6181818181818182,2346,0.1006587615283267,0.0115942028985507,pixel_reliability=0 AND MODLAND_QA(bits0-1)=0 AND VI range -2000..10000,MOD13Q1 V061 Terra 250m 16-day
SO2505,Rab Dhuure,SO25,Bakool,2015-05-09,0.3521557692307693,0.35055,0.2196538461538461,0.22325,0.0137022397891963,52,0.627931488801054,0.1130434782608695,pixel_reliability=0 AND MODLAND_QA(bits0-1)=0 AND VI range -2000..10000,MOD13Q1 V061 Terra 250m 16-day
SO2505,Rab Dhuure,SO25,Bakool,2015-05-25,0.2919961458333333,0.28295,0.1750991145833333,0.16515,0.5059288537549407,1920,0.1135704874835309,0.0023715415019762,pixel_reliability=0 AND MODLAND_QA(bits0-1)=0 AND VI range -2000..10000,MOD13Q1 V061 Terra 250m 16-day
SO2505,Rab Dhuure,SO25,Bakool,2015-06-10,0.2345105633802817,0.2327,0.1435222334004024,0.1414,0.2619235836627141,994,0.2303030303030303,0.0005270092226613,pixel_reliability=0 AND MODLAND_QA(bits0-1)=0 AND VI range -2000..10000,MOD13Q1 V061 Terra 250m 16-day
SO2505,Rab Dhuure,SO25,Bakool,2015-06-26,0.1986690548780488,0.19405,0.1245205284552845,0.1205,0.5185770750988142,1968,0.2426877470355731,0.0010540184453227,pixel_reliability=0 AND MODLAND_QA(bits0-1)=0 AND VI range -2000..10000,MOD13Q1 V061 Terra 250m 16-day
SO2505,Rab Dhuure,SO25,Bakool,2015-07-12,0.2046960459183673,0.20465,0.1342892857142857,0.13535,0.2065876152832674,784,0.4308300395256917,0.0450592885375494,pixel_reliability=0 AND MODLAND_QA(bits0-1)=0 AND VI range -2000..10000,MOD13Q1 V061 Terra 250m 16-day
SO2505,Rab Dhuure,SO25,Bakool,2015-07-28,0.1765167520117044,0.1736,0.1088411119239209,0.1061,0.3602108036890645,1367,0.3810276679841897,0.0,pixel_reliability=0 AND MODLAND_QA(bits0-1)=0 AND VI range -2000..10000,MOD13Q1 V061 Terra 250m 16-day
SO2505,Rab Dhuure,SO25,Bakool,2015-08-13,0.1783310324656332,0.1746,0.1044191868967534,0.1036,0.9009222661396574,3419,0.0123847167325428,0.0,pixel_reliability=0 AND MODLAND_QA(bits0-1)=0 AND VI range -2000..10000,MOD13Q1 V061 Terra 250m 16-day
SO2505,Rab Dhuure,SO25,Bakool,2015-08-29,0.17287157088122607,0.17,0.1000376245210728,0.09970000000000001,0.6877470355731226,2610,0.002898550724637681,0.0,pixel_reliability=0 AND MODLAND_QA(bits0-1)=0 AND VI range -2000..10000,MOD13Q1 V061 Terra 250m 16-day
SO2505,Rab Dhuure,SO25,Bakool,2015-09-14,0.1662414163090129,0.16355,0.097092618025751,0.0965,0.613965744400527,2330,0.0337285902503293,0.0,pixel_reliability=0 AND MODLAND_QA(bits0-1)=0 AND VI range -2000..10000,MOD13Q1 V061 Terra 250m 16-day
SO2505,Rab Dhuure,SO25,Bakool,2015-09-30,0.1555260162601626,0.1534,0.1027174796747967,0.10205,0.0648221343873517,246,0.4859025032938076,0.0748353096179183,pixel_reliability=0 AND MODLAND_QA(bits0-1)=0 AND VI range -2000..10000,MOD13Q1 V061 Terra 250m 16-day
SO2505,Rab Dhuure,SO25,Bakool,2015-10-16,0.4057358267716536,0.43955,0.2255452755905511,0.2486,0.1338603425559947,508,0.419235836627141,0.11699604743083,pixel_reliability=0 AND MODLAND_QA(bits0-1)=0 AND VI range -2000..10000,MOD13Q1 V061 Terra 250m 16-day
SO2505,Rab Dhuure,SO25,Bakool,2015-11-01,0.3678690515806989,0.3482,0.2192455906821963,0.2085,0.1583662714097496,601,0.4121212121212121,0.0426877470355731,pixel_reliability=0 AND MODLAND_QA(bits0-1)=0 AND VI range -2000..10000,MOD13Q1 V061 Terra 250m 16-day
SO2505,Rab Dhuure,SO25,Bakool,2015-11-17,0.337831118266979,0.323,0.2070071721311475,0.195,0.9001317523056653,3416,0.0179183135704874,0.0,pixel_reliability=0 AND MODLAND_QA(bits0-1)=0 AND VI range -2000..10000,MOD13Q1 V061 Terra 250m 16-day
SO2505,Rab Dhuure,SO25,Bakool,2015-12-03,0.2658810058027079,0.2512,0.1654397292069632,0.1577,0.6811594202898551,2585,0.081159420289855,0.0,pixel_reliability=0 AND MODLAND_QA(bits0-1)=0 AND VI range -2000..10000,MOD13Q1 V061 Terra 250m 16-day
SO2505,Rab Dhuure,SO25,Bakool,2015-12-19,0.2344235385091246,0.2226,0.1421862047633776,0.1378,0.8519104084321476,3233,0.0229249011857707,0.0,pixel_reliability=0 AND MODLAND_QA(bits0-1)=0 AND VI range -2000..10000,MOD13Q1 V061 Terra 250m 16-day
SO2601,Garbahaarey,SO26,Gedo,2015-01-01,0.2507358517905196,0.24910000000000002,0.1433987269716415,0.14170000000000002,0.9825096603620094,9662,0.0012202562538133007,0.0,pixel_reliability=0 AND MODLAND_QA(bits0-1)=0 AND VI range -2000..10000,MOD13Q1 V061 Terra 250m 16-day
SO2601,Garbahaarey,SO26,Gedo,2015-01-17,0.2264417011589403,0.227,0.1301252173013245,0.1299,0.9827130364043116,9664,0.0001016880211511,0.0,pixel_reliability=0 AND MODLAND_QA(bits0-1)=0 AND VI range -2000..10000,MOD13Q1 V061 Terra 250m 16-day
SO2601,Garbahaarey,SO26,Gedo,2015-02-02,0.2184598116332022,0.2199,0.1241328503415441,0.1247,0.9825096603620094,9662,0.0011185682326621,0.0,pixel_reliability=0 AND MODLAND_QA(bits0-1)=0 AND VI range -2000..10000,MOD13Q1 V061 Terra 250m 16-day
SO2601,Garbahaarey,SO26,Gedo,2015-02-18,0.2137458346269275,0.2147,0.1222873848701231,0.1233,0.9826113483831604,9663,0.0009151921903599,0.0,pixel_reliability=0 AND MODLAND_QA(bits0-1)=0 AND VI range -2000..10000,MOD13Q1 V061 Terra 250m 16-day
SO2601,Garbahaarey,SO26,Gedo,2015-03-06,0.2081339061467283,0.2081,0.1194031064111037,0.1198,0.923123856009762,9078,0.0020337604230221,0.0,pixel_reliability=0 AND MODLAND_QA(bits0-1)=0 AND VI range -2000..10000,MOD13Q1 V061 Terra 250m 16-day
SO2601,Garbahaarey,SO26,Gedo,2015-03-22,0.2314327533265097,0.2277,0.1347401228249744,0.1317,0.0993491966646329,977,0.5308114704087858,0.0715883668903803,pixel_reliability=0 AND MODLAND_QA(bits0-1)=0 AND VI range -2000..10000,MOD13Q1 V061 Terra 250m 16-day
SO2601,Garbahaarey,SO26,Gedo,2015-04-07,0.3049339124624123,0.2768,0.1871615101904443,0.1653,0.3043522473052674,2993,0.2507626601586333,0.0342688631279235,pixel_reliability=0 AND MODLAND_QA(bits0-1)=0 AND VI range -2000..10000,MOD13Q1 V061 Terra 250m 16-day
SO2601,Garbahaarey,SO26,Gedo,2015-04-23,0.3318538628158845,0.3155,0.2107313357400722,0.2009,0.1408379092942851,1385,0.3140126093146227,0.1580231848688224,pixel_reliability=0 AND MODLAND_QA(bits0-1)=0 AND VI range -2000..10000,MOD13Q1 V061 Terra 250m 16-day
SO2601,Garbahaarey,SO26,Gedo,2015-05-09,0.4029613434396237,0.3957,0.2517185572399373,0.2471,0.3890583689241407,3826,0.2638804148871262,0.0135245068130974,pixel_reliability=0 AND MODLAND_QA(bits0-1)=0 AND VI range -2000..10000,MOD13Q1 V061 Terra 250m 16-day
SO2601,Garbahaarey,SO26,Gedo,2015-05-25,0.3009660765895954,0.2965,0.1817746748554913,0.17965,0.2814724425462681,2768,0.4907463900752491,0.0086434817978442,pixel_reliability=0 AND MODLAND_QA(bits0-1)=0 AND VI range -2000..10000,MOD13Q1 V061 Terra 250m 16-day
SO2601,Garbahaarey,SO26,Gedo,2015-06-10,0.2496580520732883,0.2399,0.1499829636772741,0.1438,0.3163514338010982,3111,0.3249949155989424,0.0009151921903599,pixel_reliability=0 AND MODLAND_QA(bits0-1)=0 AND VI range -2000..10000,MOD13Q1 V061 Terra 250m 16-day
SO2601,Garbahaarey,SO26,Gedo,2015-06-26,0.2417796420047732,0.2381,0.1462830548926014,0.1441,0.4260728086231442,4190,0.2293064876957494,0.0621313809233272,pixel_reliability=0 AND MODLAND_QA(bits0-1)=0 AND VI range -2000..10000,MOD13Q1 V061 Terra 250m 16-day
SO2601,Garbahaarey,SO26,Gedo,2015-07-12,0.2218151674641148,0.2157,0.1410927751196172,0.1361,0.2125279642058165,2090,0.3727882855399634,0.1443969900345739,pixel_reliability=0 AND MODLAND_QA(bits0-1)=0 AND VI range -2000..10000,MOD13Q1 V061 Terra 250m 16-day
SO2601,Garbahaarey,SO26,Gedo,2015-07-28,0.2312857435058294,0.2284,0.1280057271425649,0.1272,0.4971527354077689,4889,0.1787675411836485,0.0051860890787065,pixel_reliability=0 AND MODLAND_QA(bits0-1)=0 AND VI range -2000..10000,MOD13Q1 V061 Terra 250m 16-day
SO2601,Garbahaarey,SO26,Gedo,2015-08-13,0.2172558176100628,0.2117,0.1300441823899371,0.1267,0.1940207443563148,1908,0.6255847061216189,0.0022371364653243,pixel_reliability=0 AND MODLAND_QA(bits0-1)=0 AND VI range -2000..10000,MOD13Q1 V061 Terra 250m 16-day
SO2601,Garbahaarey,SO26,Gedo,2015-08-29,0.22453842111409553,0.22260000000000002,0.1274993343454397,0.1275,0.8707545251169412,8563,0.02348993288590604,0.0,pixel_reliability=0 AND MODLAND_QA(bits0-1)=0 AND VI range -2000..10000,MOD13Q1 V061 Terra 250m 16-day
SO2601,Garbahaarey,SO26,Gedo,2015-09-14,0.2242047674082635,0.2231,0.122670254261774,0.1219,0.7038844824079723,6922,0.0612161887329672,0.0,pixel_reliability=0 AND MODLAND_QA(bits0-1)=0 AND VI range -2000..10000,MOD13Q1 V061 Terra 250m 16-day
SO2601,Garbahaarey,SO26,Gedo,2015-09-30,0.2173714285714285,0.2025,0.1415142857142857,0.1372,0.0007118161480577,7,0.2260524710189139,0.4899328859060403,pixel_reliability=0 AND MODLAND_QA(bits0-1)=0 AND VI range -2000..10000,MOD13Q1 V061 Terra 250m 16-day
SO2601,Garbahaarey,SO26,Gedo,2015-10-16,0.4746817237163814,0.4935,0.2746544009779951,0.282,0.1663616026032133,1636,0.3664836282285946,0.1471425666056538,pixel_reliability=0 AND MODLAND_QA(bits0-1)=0 AND VI range -2000..10000,MOD13Q1 V061 Terra 250m 16-day
SO2601,Garbahaarey,SO26,Gedo,2015-11-01,0.4257366336633663,0.4114,0.2608960396039604,0.2494,0.0205409802725238,202,0.481289404108196,0.1983933292658125,pixel_reliability=0 AND MODLAND_QA(bits0-1)=0 AND VI range -2000..10000,MOD13Q1 V061 Terra 250m 16-day
SO2601,Garbahaarey,SO26,Gedo,2015-11-17,0.4987555452436195,0.4991,0.30531656612529,0.3041,0.2191376855806386,2155,0.4611551759202766,0.0417937766931055,pixel_reliability=0 AND MODLAND_QA(bits0-1)=0 AND VI range -2000..10000,MOD13Q1 V061 Terra 250m 16-day
SO2601,Garbahaarey,SO26,Gedo,2015-12-03,0.39456777529346,0.3883,0.233604443823365,0.22845,0.3638397396786658,3578,0.3254016676835469,0.0,pixel_reliability=0 AND MODLAND_QA(bits0-1)=0 AND VI range -2000..10000,MOD13Q1 V061 Terra 250m 16-day
SO2601,Garbahaarey,SO26,Gedo,2015-12-19,0.3454993843053845,0.3376,0.2050167580879883,0.1981,0.9083790929428514,8933,0.0114907463900752,0.0,pixel_reliability=0 AND MODLAND_QA(bits0-1)=0 AND VI range -2000..10000,MOD13Q1 V061 Terra 250m 16-day
SO2602,Baardheere,SO26,Gedo,2015-01-01,0.2940231491617215,0.2919,0.17387774384974364,0.1706,0.9796252398690597,17357,0.004571622079241449,0.0,pixel_reliability=0 AND MODLAND_QA(bits0-1)=0 AND VI range -2000..10000,MOD13Q1 V061 Terra 250m 16-day
SO2602,Baardheere,SO26,Gedo,2015-01-17,0.2548355673637298,0.2535,0.153156713518455,0.1508,0.9878090077886896,17502,0.0011852353538774,0.0,pixel_reliability=0 AND MODLAND_QA(bits0-1)=0 AND VI range -2000..10000,MOD13Q1 V061 Terra 250m 16-day
SO2602,Baardheere,SO26,Gedo,2015-02-02,0.2425333981727085,0.243,0.1443197583259652,0.1429,0.9575008465966812,16965,0.0098769612823117,0.0,pixel_reliability=0 AND MODLAND_QA(bits0-1)=0 AND VI range -2000..10000,MOD13Q1 V061 Terra 250m 16-day
SO2602,Baardheere,SO26,Gedo,2015-02-18,0.2326627805271032,0.2339,0.1411940729658188,0.1412,0.9808104752229372,17378,0.0036121458403883,0.0,pixel_reliability=0 AND MODLAND_QA(bits0-1)=0 AND VI range -2000..10000,MOD13Q1 V061 Terra 250m 16-day
SO2602,Baardheere,SO26,Gedo,2015-03-06,0.2301420847827368,0.2321,0.1371143800483462,0.1364,0.957275087481657,16961,0.0124167513263348,0.0,pixel_reliability=0 AND MODLAND_QA(bits0-1)=0 AND VI range -2000..10000,MOD13Q1 V061 Terra 250m 16-day
SO2602,Baardheere,SO26,Gedo,2015-03-22,0.2720178918708674,0.2713,0.1680263710618436,0.1661,0.1451066711818489,2571,0.4195168754938481,0.0772096173383,pixel_reliability=0 AND MODLAND_QA(bits0-1)=0 AND VI range -2000..10000,MOD13Q1 V061 Terra 250m 16-day
SO2602,Baardheere,SO26,Gedo,2015-04-07,0.4471022458628842,0.4589,0.2782859338061466,0.2781,0.0477480528276329,846,0.5512473191105091,0.1011400835308725,pixel_reliability=0 AND MODLAND_QA(bits0-1)=0 AND VI range -2000..10000,MOD13Q1 V061 Terra 250m 16-day
SO2602,Baardheere,SO26,Gedo,2015-04-23,0.4888010714285715,0.4983,0.3053828571428572,0.30035,0.0158031380516988,280,0.2863754374082853,0.3854272491251834,pixel_reliability=0 AND MODLAND_QA(bits0-1)=0 AND VI range -2000..10000,MOD13Q1 V061 Terra 250m 16-day
SO2602,Baardheere,SO26,Gedo,2015-05-09,0.4754091040462428,0.4753,0.3021531791907514,0.2989,0.0390563268991985,692,0.5557625014109945,0.120047409414155,pixel_reliability=0 AND MODLAND_QA(bits0-1)=0 AND VI range -2000..10000,MOD13Q1 V061 Terra 250m 16-day
SO2602,Baardheere,SO26,Gedo,2015-05-25,0.3686329457364341,0.36295,0.2226453488372093,0.2179,0.0291229258381307,516,0.5049102607517778,0.1815103284795123,pixel_reliability=0 AND MODLAND_QA(bits0-1)=0 AND VI range -2000..10000,MOD13Q1 V061 Terra 250m 16-day
SO2602,Baardheere,SO26,Gedo,2015-06-10,0.3111566263141128,0.3071,0.1942167728575979,0.1875,0.3543289310305904,6278,0.3004289423185461,0.0002257591150242,pixel_reliability=0 AND MODLAND_QA(bits0-1)=0 AND VI range -2000..10000,MOD13Q1 V061 Terra 250m 16-day
SO2602,Baardheere,SO26,Gedo,2015-06-26,0.3014297802475372,0.2994,0.1884905531699924,0.1878,0.2234450840952703,3959,0.5116830342025059,0.0275426120329608,pixel_reliability=0 AND MODLAND_QA(bits0-1)=0 AND VI range -2000..10000,MOD13Q1 V061 Terra 250m 16-day
SO2602,Baardheere,SO26,Gedo,2015-07-12,0.2631571428571429,0.2606,0.1497428571428571,0.1497,0.0003950784512924,7,0.1170561011400835,0.6701094931707867,pixel_reliability=0 AND MODLAND_QA(bits0-1)=0 AND VI range -2000..10000,MOD13Q1 V061 Terra 250m 16-day
SO2602,Baardheere,SO26,Gedo,2015-07-28,0.2553878440366973,0.2542,0.1461385321100917,0.1435,0.0246077435376453,436,0.4783835647364262,0.2085449825036686,pixel_reliability=0 AND MODLAND_QA(bits0-1)=0 AND VI range -2000..10000,MOD13Q1 V061 Terra 250m 16-day
SO2602,Baardheere,SO26,Gedo,2015-08-13,0.2480518115942029,0.2462,0.1500289855072464,0.14705,0.0155773789366745,276,0.9354893328818152,0.0093125634947511,pixel_reliability=0 AND MODLAND_QA(bits0-1)=0 AND VI range -2000..10000,MOD13Q1 V061 Terra 250m 16-day
SO2602,Baardheere,SO26,Gedo,2015-08-29,0.2661813718614111,0.2654,0.14053327254874456,0.13870000000000002,0.4023591827520036,7129,0.28552884072694434,0.0018625126989502202,pixel_reliability=0 AND MODLAND_QA(bits0-1)=0 AND VI range -2000..10000,MOD13Q1 V061 Terra 250m 16-day
SO2602,Baardheere,SO26,Gedo,2015-09-14,0.2526655502392344,0.25035,0.1578644338118022,0.15375,0.0707754825601083,1254,0.5431764307483915,0.0668246980471836,pixel_reliability=0 AND MODLAND_QA(bits0-1)=0 AND VI range -2000..10000,MOD13Q1 V061 Terra 250m 16-day
SO2602,Baardheere,SO26,Gedo,2015-09-30,0.288125641025641,0.2735,0.1700794871794872,0.1496,0.0022011513714866,39,0.3055085224065921,0.4188395981487752,pixel_reliability=0 AND MODLAND_QA(bits0-1)=0 AND VI range -2000..10000,MOD13Q1 V061 Terra 250m 16-day
SO2602,Baardheere,SO26,Gedo,2015-10-16,0.5279475163593099,0.5373,0.3050777662105889,0.3083,0.3795010723557964,6724,0.4534371825262445,0.0387176882266621,pixel_reliability=0 AND MODLAND_QA(bits0-1)=0 AND VI range -2000..10000,MOD13Q1 V061 Terra 250m 16-day
SO2602,Baardheere,SO26,Gedo,2015-11-01,0.4714599999999999,0.4906,0.2835533333333334,0.2922,0.000846596681341,15,0.216502991308274,0.5253414606614742,pixel_reliability=0 AND MODLAND_QA(bits0-1)=0 AND VI range -2000..10000,MOD13Q1 V061 Terra 250m 16-day
SO2602,Baardheere,SO26,Gedo,2015-11-17,0.4961877612910213,0.5008,0.292093241633272,0.2956,0.5211084772547692,9233,0.2246867592279038,0.0156338187154306,pixel_reliability=0 AND MODLAND_QA(bits0-1)=0 AND VI range -2000..10000,MOD13Q1 V061 Terra 250m 16-day
SO2602,Baardheere,SO26,Gedo,2015-12-03,0.4340692126602145,0.4304,0.2629686633533874,0.2603,0.4315385483688904,7646,0.2888587876735523,0.0007901569025849,pixel_reliability=0 AND MODLAND_QA(bits0-1)=0 AND VI range -2000..10000,MOD13Q1 V061 Terra 250m 16-day
SO2602,Baardheere,SO26,Gedo,2015-12-19,0.3858418294333784,0.3822,0.2353846193515116,0.2325,0.8755502878428717,15513,0.0323399932272265,0.0002821988937803,pixel_reliability=0 AND MODLAND_QA(bits0-1)=0 AND VI range -2000..10000,MOD13Q1 V061 Terra 250m 16-day
SO2603,Belet Xaawo,SO26,Gedo,2015-01-01,0.2554705346985211,0.2584,0.1427493287827076,0.1424,0.9968246767974598,4395,0.00022680880018144704,0.0,pixel_reliability=0 AND MODLAND_QA(bits0-1)=0 AND VI range -2000..10000,MOD13Q1 V061 Terra 250m 16-day
SO2603,Belet Xaawo,SO26,Gedo,2015-01-17,0.2333159671532847,0.2367,0.1310068430656934,0.131,0.9943297799954638,4384,0.0,0.0,pixel_reliability=0 AND MODLAND_QA(bits0-1)=0 AND VI range -2000..10000,MOD13Q1 V061 Terra 250m 16-day
SO2603,Belet Xaawo,SO26,Gedo,2015-02-02,0.2267262582555226,0.2312,0.1266906627191983,0.127,0.995917441596734,4391,0.0,0.0,pixel_reliability=0 AND MODLAND_QA(bits0-1)=0 AND VI range -2000..10000,MOD13Q1 V061 Terra 250m 16-day
SO2603,Belet Xaawo,SO26,Gedo,2015-02-18,0.2216498964803312,0.2266,0.1239888428801472,0.1246,0.9859378543887504,4347,0.0,0.0,pixel_reliability=0 AND MODLAND_QA(bits0-1)=0 AND VI range -2000..10000,MOD13Q1 V061 Terra 250m 16-day
SO2603,Belet Xaawo,SO26,Gedo,2015-03-06,0.2217072277920261,0.2257,0.1202236185591047,0.1208,0.9727829439782264,4289,0.0031753232025402,0.0,pixel_reliability=0 AND MODLAND_QA(bits0-1)=0 AND VI range -2000..10000,MOD13Q1 V061 Terra 250m 16-day
SO2603,Belet Xaawo,SO26,Gedo,2015-03-22,0.2789957403651116,0.27425,0.1568541582150101,0.1505,0.2236334769789068,986,0.3823996371059197,0.0244953504195962,pixel_reliability=0 AND MODLAND_QA(bits0-1)=0 AND VI range -2000..10000,MOD13Q1 V061 Terra 250m 16-day
SO2603,Belet Xaawo,SO26,Gedo,2015-04-07,0.2441307159353349,0.2364,0.1512900692840646,0.14495,0.1964164209571331,866,0.5420730324336585,0.0210932184168745,pixel_reliability=0 AND MODLAND_QA(bits0-1)=0 AND VI range -2000..10000,MOD13Q1 V061 Terra 250m 16-day
SO2603,Belet Xaawo,SO26,Gedo,2015-04-23,0.3021978260869565,0.27585,0.1902886956521738,0.1801,0.0521660240417328,230,0.2903152642322522,0.2712633250170106,pixel_reliability=0 AND MODLAND_QA(bits0-1)=0 AND VI range -2000..10000,MOD13Q1 V061 Terra 250m 16-day
SO2603,Belet Xaawo,SO26,Gedo,2015-05-09,0.3303177795031056,0.3266,0.1806000776397515,0.1739,0.2921297346337038,1288,0.378997505103198,0.0367430256293944,pixel_reliability=0 AND MODLAND_QA(bits0-1)=0 AND VI range -2000..10000,MOD13Q1 V061 Terra 250m 16-day
SO2603,Belet Xaawo,SO26,Gedo,2015-05-25,0.272512682379349,0.2674,0.1545994388327722,0.1494,0.2020866409616693,891,0.5978679972782944,0.0027217056021773,pixel_reliability=0 AND MODLAND_QA(bits0-1)=0 AND VI range -2000..10000,MOD13Q1 V061 Terra 250m 16-day
SO2603,Belet Xaawo,SO26,Gedo,2015-06-10,0.2453026052104208,0.2471,0.1309229792919171,0.1301,0.6790655477432525,2994,0.1381265593105012,0.0,pixel_reliability=0 AND MODLAND_QA(bits0-1)=0 AND VI range -2000..10000,MOD13Q1 V061 Terra 250m 16-day
SO2603,Belet Xaawo,SO26,Gedo,2015-06-26,0.2427072717180127,0.2462,0.1367897307799056,0.1369,0.8171921070537537,3603,0.0494443184395554,0.0,pixel_reliability=0 AND MODLAND_QA(bits0-1)=0 AND VI range -2000..10000,MOD13Q1 V061 Terra 250m 16-day
SO2603,Belet Xaawo,SO26,Gedo,2015-07-12,0.2078778156996587,0.2052,0.1269153583617747,0.1268,0.0664549784531639,293,0.7486958493989567,0.0356089816284871,pixel_reliability=0 AND MODLAND_QA(bits0-1)=0 AND VI range -2000..10000,MOD13Q1 V061 Terra 250m 16-day
SO2603,Belet Xaawo,SO26,Gedo,2015-07-28,0.2385726492391728,0.2463,0.1222180647678501,0.1226,0.5813109548650488,2563,0.2032206849625765,0.0002268088001814,pixel_reliability=0 AND MODLAND_QA(bits0-1)=0 AND VI range -2000..10000,MOD13Q1 V061 Terra 250m 16-day
SO2603,Belet Xaawo,SO26,Gedo,2015-08-13,0.2227332671957672,0.22795,0.1245496693121693,0.12555,0.6858698117486959,3024,0.1029711952823769,0.0,pixel_reliability=0 AND MODLAND_QA(bits0-1)=0 AND VI range -2000..10000,MOD13Q1 V061 Terra 250m 16-day
SO2603,Belet Xaawo,SO26,Gedo,2015-08-29,0.22878717247664615,0.23470000000000002,0.12479865573023469,0.1252,0.995463823996371,4389,0.00022680880018144704,0.0,pixel_reliability=0 AND MODLAND_QA(bits0-1)=0 AND VI range -2000..10000,MOD13Q1 V061 Terra 250m 16-day
SO2603,Belet Xaawo,SO26,Gedo,2015-09-14,0.2337371819491118,0.2398,0.1197184589534325,0.1207,0.9448854615559084,4166,0.0070310728056248,0.0,pixel_reliability=0 AND MODLAND_QA(bits0-1)=0 AND VI range -2000..10000,MOD13Q1 V061 Terra 250m 16-day
SO2603,Belet Xaawo,SO26,Gedo,2015-09-30,,,,,0.0,0,0.2315717849852574,0.4658652755726922,pixel_reliability=0 AND MODLAND_QA(bits0-1)=0 AND VI range -2000..10000,MOD13Q1 V061 Terra 250m 16-day
SO2603,Belet Xaawo,SO26,Gedo,2015-10-16,0.3528043478260869,0.3531,0.2004632775919732,0.1978,0.3390791562712633,1495,0.2733046042186436,0.0362894080290315,pixel_reliability=0 AND MODLAND_QA(bits0-1)=0 AND VI range -2000..10000,MOD13Q1 V061 Terra 250m 16-day
SO2603,Belet Xaawo,SO26,Gedo,2015-11-01,0.3891636029411765,0.38295,0.2461441176470588,0.2425,0.0616919936493535,272,0.5726922204581538,0.1068269448854615,pixel_reliability=0 AND MODLAND_QA(bits0-1)=0 AND VI range -2000..10000,MOD13Q1 V061 Terra 250m 16-day
SO2603,Belet Xaawo,SO26,Gedo,2015-11-17,0.4190068568294021,0.4325,0.2548535929786067,0.2575,0.4134724427307779,1823,0.2320254025856203,0.0535268768428215,pixel_reliability=0 AND MODLAND_QA(bits0-1)=0 AND VI range -2000..10000,MOD13Q1 V061 Terra 250m 16-day
SO2603,Belet Xaawo,SO26,Gedo,2015-12-03,0.3427939686369119,0.3338,0.1951438681141938,0.1886,0.5640734860512588,2487,0.1308686777046949,0.0,pixel_reliability=0 AND MODLAND_QA(bits0-1)=0 AND VI range -2000..10000,MOD13Q1 V061 Terra 250m 16-day
SO2603,Belet Xaawo,SO26,Gedo,2015-12-19,0.3106547454275828,0.3049,0.1792195254572417,0.1745,0.9176684055341348,4046,0.0024948968019959,0.0,pixel_reliability=0 AND MODLAND_QA(bits0-1)=0 AND VI range -2000..10000,MOD13Q1 V061 Terra 250m 16-day
SO2604,Ceel Waaq,SO26,Gedo,2015-01-01,0.2813189453125,0.2745,0.15375530598958334,0.1496,0.9946039283401683,9216,0.00075545003237643,0.0,pixel_reliability=0 AND MODLAND_QA(bits0-1)=0 AND VI range -2000..10000,MOD13Q1 V061 Terra 250m 16-day
SO2604,Ceel Waaq,SO26,Gedo,2015-01-17,0.2491831995661605,0.2445,0.1377162581344902,0.1349,0.9950356140729548,9220,0.0003237642995898,0.0,pixel_reliability=0 AND MODLAND_QA(bits0-1)=0 AND VI range -2000..10000,MOD13Q1 V061 Terra 250m 16-day
SO2604,Ceel Waaq,SO26,Gedo,2015-02-02,0.2417884526048003,0.2395,0.1336225970578476,0.1324,0.9757176775307576,9041,0.0051802287934383,0.0,pixel_reliability=0 AND MODLAND_QA(bits0-1)=0 AND VI range -2000..10000,MOD13Q1 V061 Terra 250m 16-day
SO2604,Ceel Waaq,SO26,Gedo,2015-02-18,0.2357596584022038,0.2341,0.1308096308539945,0.1299,0.9793870062594432,9075,0.0028059572631124,0.0,pixel_reliability=0 AND MODLAND_QA(bits0-1)=0 AND VI range -2000..10000,MOD13Q1 V061 Terra 250m 16-day
SO2604,Ceel Waaq,SO26,Gedo,2015-03-06,0.2369150250417362,0.236,0.1282651196438508,0.1274,0.969674077271746,8985,0.0033455644290956,0.0,pixel_reliability=0 AND MODLAND_QA(bits0-1)=0 AND VI range -2000..10000,MOD13Q1 V061 Terra 250m 16-day
SO2604,Ceel Waaq,SO26,Gedo,2015-03-22,0.2761879303961496,0.2706,0.1570330248056275,0.1526,0.2914957910641053,2701,0.3071443988776171,0.0050723073602417,pixel_reliability=0 AND MODLAND_QA(bits0-1)=0 AND VI range -2000..10000,MOD13Q1 V061 Terra 250m 16-day
SO2604,Ceel Waaq,SO26,Gedo,2015-04-07,0.4669863636363637,0.46245,0.2760666666666666,0.27835,0.0071228145909777,66,0.482948413554932,0.2714224044895316,pixel_reliability=0 AND MODLAND_QA(bits0-1)=0 AND VI range -2000..10000,MOD13Q1 V061 Terra 250m 16-day
SO2604,Ceel Waaq,SO26,Gedo,2015-04-23,0.442016,0.4423,0.2836143999999999,0.2896,0.0134901791495791,125,0.2622490826678178,0.3849557522123893,pixel_reliability=0 AND MODLAND_QA(bits0-1)=0 AND VI range -2000..10000,MOD13Q1 V061 Terra 250m 16-day
SO2604,Ceel Waaq,SO26,Gedo,2015-05-09,0.4607269696969697,0.4542,0.2825093939393939,0.2724499999999999,0.0356140729548888,330,0.6953377940859055,0.0583854953593783,pixel_reliability=0 AND MODLAND_QA(bits0-1)=0 AND VI range -2000..10000,MOD13Q1 V061 Terra 250m 16-day
SO2604,Ceel Waaq,SO26,Gedo,2015-05-25,0.3667525423728814,0.3563,0.2118653194263364,0.2029,0.0827757392618174,767,0.7123893805309734,0.0364774444204619,pixel_reliability=0 AND MODLAND_QA(bits0-1)=0 AND VI range -2000..10000,MOD13Q1 V061 Terra 250m 16-day
SO2604,Ceel Waaq,SO26,Gedo,2015-06-10,0.272718135935397,0.2704,0.1484274226110363,0.1466,0.3207424994603928,2972,0.3832290092812432,0.0,pixel_reliability=0 AND MODLAND_QA(bits0-1)=0 AND VI range -2000..10000,MOD13Q1 V061 Terra 250m 16-day
SO2604,Ceel Waaq,SO26,Gedo,2015-06-26,0.2773582207868467,0.2723,0.1592280093951849,0.156,0.3675804014677314,3406,0.3599179797107705,0.0015109000647528,pixel_reliability=0 AND MODLAND_QA(bits0-1)=0 AND VI range -2000..10000,MOD13Q1 V061 Terra 250m 16-day
SO2604,Ceel Waaq,SO26,Gedo,2015-07-12,,,,,0.0,0,0.1817396935031297,0.5805093891646881,pixel_reliability=0 AND MODLAND_QA(bits0-1)=0 AND VI range -2000..10000,MOD13Q1 V061 Terra 250m 16-day
SO2604,Ceel Waaq,SO26,Gedo,2015-07-28,0.2510860927152318,0.2502,0.1281343046357616,0.1271,0.0814806820634578,755,0.5766242175696094,0.1242175696093244,pixel_reliability=0 AND MODLAND_QA(bits0-1)=0 AND VI range -2000..10000,MOD13Q1 V061 Terra 250m 16-day
SO2604,Ceel Waaq,SO26,Gedo,2015-08-13,0.232105985267035,0.23185,0.1342008287292818,0.13375,0.1172026764515432,1086,0.7844808979063242,0.0016188214979494,pixel_reliability=0 AND MODLAND_QA(bits0-1)=0 AND VI range -2000..10000,MOD13Q1 V061 Terra 250m 16-day
SO2604,Ceel Waaq,SO26,Gedo,2015-08-29,0.24886015407092577,0.24700000000000003,0.12737801832912737,0.1267,0.8125404705374487,7529,0.05406863803151306,0.0,pixel_reliability=0 AND MODLAND_QA(bits0-1)=0 AND VI range -2000..10000,MOD13Q1 V061 Terra 250m 16-day
SO2604,Ceel Waaq,SO26,Gedo,2015-09-14,0.2463301640024912,0.2448,0.1250427859663691,0.1242,0.5198575437081805,4817,0.2691560543924023,0.0048564644938484,pixel_reliability=0 AND MODLAND_QA(bits0-1)=0 AND VI range -2000..10000,MOD13Q1 V061 Terra 250m 16-day
SO2604,Ceel Waaq,SO26,Gedo,2015-09-30,0.2801708333333333,0.2615,0.15220625,0.13955,0.0051802287934383,48,0.315670192100151,0.3996330671271314,pixel_reliability=0 AND MODLAND_QA(bits0-1)=0 AND VI range -2000..10000,MOD13Q1 V061 Terra 250m 16-day
SO2604,Ceel Waaq,SO26,Gedo,2015-10-16,0.4791759470331881,0.4786,0.2563474689909487,0.2555,0.6438592704511116,5966,0.1668465357219944,0.0409022231815238,pixel_reliability=0 AND MODLAND_QA(bits0-1)=0 AND VI range -2000..10000,MOD13Q1 V061 Terra 250m 16-day
SO2604,Ceel Waaq,SO26,Gedo,2015-11-01,0.4973666666666666,0.4878,0.2877179487179487,0.2813,0.0042089358946686,39,0.3470753291603712,0.3492337578243039,pixel_reliability=0 AND MODLAND_QA(bits0-1)=0 AND VI range -2000..10000,MOD13Q1 V061 Terra 250m 16-day
SO2604,Ceel Waaq,SO26,Gedo,2015-11-17,0.5208572290367987,0.5166000000000001,0.310222501508144,0.3089,0.5366932872868552,4973,0.2214547809194906,0.0094970861213036,pixel_reliability=0 AND MODLAND_QA(bits0-1)=0 AND VI range -2000..10000,MOD13Q1 V061 Terra 250m 16-day
SO2604,Ceel Waaq,SO26,Gedo,2015-12-03,0.4705031056966369,0.469,0.2742491420727522,0.2731,0.6289661126699763,5828,0.1278868983380099,0.0002158428663932,pixel_reliability=0 AND MODLAND_QA(bits0-1)=0 AND VI range -2000..10000,MOD13Q1 V061 Terra 250m 16-day
SO2604,Ceel Waaq,SO26,Gedo,2015-12-19,0.3990477272727272,0.3911,0.2335951762523191,0.2281,0.9307144398877616,8624,0.0159723721131016,0.0,pixel_reliability=0 AND MODLAND_QA(bits0-1)=0 AND VI range -2000..10000,MOD13Q1 V061 Terra 250m 16-day
SO2605,Doolow,SO26,Gedo,2015-01-01,0.22214855186940494,0.2093,0.14044265402843603,0.1308,0.9880332986472424,1899,0.001040582726326743,0.0,pixel_reliability=0 AND MODLAND_QA(bits0-1)=0 AND VI range -2000..10000,MOD13Q1 V061 Terra 250m 16-day
SO2605,Doolow,SO26,Gedo,2015-01-17,0.2017543103448276,0.1918,0.1275206896551724,0.12025,0.9656607700312176,1856,0.0,0.0,pixel_reliability=0 AND MODLAND_QA(bits0-1)=0 AND VI range -2000..10000,MOD13Q1 V061 Terra 250m 16-day
SO2605,Doolow,SO26,Gedo,2015-02-02,0.1914414994720168,0.18425,0.12049651531151,0.1155,0.9854318418314256,1894,0.0015608740894901,0.0,pixel_reliability=0 AND MODLAND_QA(bits0-1)=0 AND VI range -2000..10000,MOD13Q1 V061 Terra 250m 16-day
SO2605,Doolow,SO26,Gedo,2015-02-18,0.1824251718667371,0.1772,0.1150570597567424,0.1113,0.9838709677419356,1891,0.0,0.0,pixel_reliability=0 AND MODLAND_QA(bits0-1)=0 AND VI range -2000..10000,MOD13Q1 V061 Terra 250m 16-day
SO2605,Doolow,SO26,Gedo,2015-03-06,0.1804940709370037,0.1766,0.11107188988883,0.1081,0.9828303850156088,1889,0.0,0.0,pixel_reliability=0 AND MODLAND_QA(bits0-1)=0 AND VI range -2000..10000,MOD13Q1 V061 Terra 250m 16-day
SO2605,Doolow,SO26,Gedo,2015-03-22,0.1854125161290322,0.1839,0.1155619354838709,0.1143,0.4032258064516129,775,0.2091571279916753,0.0072840790842872,pixel_reliability=0 AND MODLAND_QA(bits0-1)=0 AND VI range -2000..10000,MOD13Q1 V061 Terra 250m 16-day
SO2605,Doolow,SO26,Gedo,2015-04-07,0.1858195833333333,0.17595,0.1191801388888888,0.11295,0.3746097814776274,720,0.0296566077003121,0.0,pixel_reliability=0 AND MODLAND_QA(bits0-1)=0 AND VI range -2000..10000,MOD13Q1 V061 Terra 250m 16-day
SO2605,Doolow,SO26,Gedo,2015-04-23,0.2761003062787137,0.2613,0.1646750382848392,0.1549,0.3397502601456816,653,0.222684703433923,0.0301768990634755,pixel_reliability=0 AND MODLAND_QA(bits0-1)=0 AND VI range -2000..10000,MOD13Q1 V061 Terra 250m 16-day
SO2605,Doolow,SO26,Gedo,2015-05-09,0.3400708860759494,0.3389,0.2245962025316456,0.2251,0.0411030176899063,79,0.9105098855359,0.0052029136316337,pixel_reliability=0 AND MODLAND_QA(bits0-1)=0 AND VI range -2000..10000,MOD13Q1 V061 Terra 250m 16-day
SO2605,Doolow,SO26,Gedo,2015-05-25,0.265723786407767,0.24855,0.1743373786407767,0.15995,0.4287200832466181,824,0.0525494276795005,0.0015608740894901,pixel_reliability=0 AND MODLAND_QA(bits0-1)=0 AND VI range -2000..10000,MOD13Q1 V061 Terra 250m 16-day
SO2605,Doolow,SO26,Gedo,2015-06-10,0.2137969387755102,0.2065,0.1320015606242497,0.12485,0.8668054110301769,1666,0.0312174817898022,0.0010405827263267,pixel_reliability=0 AND MODLAND_QA(bits0-1)=0 AND VI range -2000..10000,MOD13Q1 V061 Terra 250m 16-day
SO2605,Doolow,SO26,Gedo,2015-06-26,0.2045742776203966,0.196,0.130413597733711,0.1231,0.9183142559833508,1765,0.0036420395421436,0.0,pixel_reliability=0 AND MODLAND_QA(bits0-1)=0 AND VI range -2000..10000,MOD13Q1 V061 Terra 250m 16-day
SO2605,Doolow,SO26,Gedo,2015-07-12,0.1836363636363636,0.1827,0.1220545454545454,0.1197,0.005723204994797,11,0.1524453694068678,0.5754422476586889,pixel_reliability=0 AND MODLAND_QA(bits0-1)=0 AND VI range -2000..10000,MOD13Q1 V061 Terra 250m 16-day
SO2605,Doolow,SO26,Gedo,2015-07-28,0.181606512605042,0.17475,0.1160869747899159,0.111,0.2476586888657648,476,0.4255983350676379,0.0124869927159209,pixel_reliability=0 AND MODLAND_QA(bits0-1)=0 AND VI range -2000..10000,MOD13Q1 V061 Terra 250m 16-day
SO2605,Doolow,SO26,Gedo,2015-08-13,0.1845121228448276,0.17835,0.1140605064655172,0.1095,0.9656607700312176,1856,0.0,0.0,pixel_reliability=0 AND MODLAND_QA(bits0-1)=0 AND VI range -2000..10000,MOD13Q1 V061 Terra 250m 16-day
SO2605,Doolow,SO26,Gedo,2015-08-29,0.18111333333333332,0.17565,0.11276015873015874,0.10930000000000001,0.9833506763787722,1890,0.001040582726326743,0.0,pixel_reliability=0 AND MODLAND_QA(bits0-1)=0 AND VI range -2000..10000,MOD13Q1 V061 Terra 250m 16-day
SO2605,Doolow,SO26,Gedo,2015-09-14,0.1752959318306761,0.1712,0.1056245739417262,0.1034,0.9464099895941728,1819,0.009885535900104,0.0,pixel_reliability=0 AND MODLAND_QA(bits0-1)=0 AND VI range -2000..10000,MOD13Q1 V061 Terra 250m 16-day
SO2605,Doolow,SO26,Gedo,2015-09-30,0.1547260869565217,0.1474,0.106095652173913,0.0986,0.0119667013527575,23,0.2996878251821019,0.3465140478668054,pixel_reliability=0 AND MODLAND_QA(bits0-1)=0 AND VI range -2000..10000,MOD13Q1 V061 Terra 250m 16-day
SO2605,Doolow,SO26,Gedo,2015-10-16,0.2278004566210045,0.21895,0.1387442922374429,0.13345,0.2278876170655567,438,0.3361082206035379,0.0161290322580645,pixel_reliability=0 AND MODLAND_QA(bits0-1)=0 AND VI range -2000..10000,MOD13Q1 V061 Terra 250m 16-day
SO2605,Doolow,SO26,Gedo,2015-11-01,0.3288103225806452,0.2846,0.2151329032258064,0.1823,0.0806451612903225,155,0.5671175858480749,0.0811654526534859,pixel_reliability=0 AND MODLAND_QA(bits0-1)=0 AND VI range -2000..10000,MOD13Q1 V061 Terra 250m 16-day
SO2605,Doolow,SO26,Gedo,2015-11-17,0.2889266554433222,0.2725,0.1864502244668911,0.1735,0.927159209157128,1782,0.0135275754422476,0.0,pixel_reliability=0 AND MODLAND_QA(bits0-1)=0 AND VI range -2000..10000,MOD13Q1 V061 Terra 250m 16-day
SO2605,Doolow,SO26,Gedo,2015-12-03,0.2468115602263541,0.2307,0.1517421988682296,0.141,0.6436004162330905,1237,0.0639958376690947,0.0031217481789802,pixel_reliability=0 AND MODLAND_QA(bits0-1)=0 AND VI range -2000..10000,MOD13Q1 V061 Terra 250m 16-day
SO2605,Doolow,SO26,Gedo,2015-12-19,0.2191239130434782,0.20545,0.1355191471571906,0.1273,0.6222684703433923,1196,0.0052029136316337,0.0,pixel_reliability=0 AND MODLAND_QA(bits0-1)=0 AND VI range -2000..10000,MOD13Q1 V061 Terra 250m 16-day
SO2606,Luuq,SO26,Gedo,2015-01-01,0.19288354127677274,0.18760000000000002,0.11425608234560199,0.11435000000000001,0.9704368883059227,9618,0.003329633740288568,0.0,pixel_reliability=0 AND MODLAND_QA(bits0-1)=0 AND VI range -2000..10000,MOD13Q1 V061 Terra 250m 16-day
SO2606,Luuq,SO26,Gedo,2015-01-17,0.1776405192924381,0.1736,0.1053286334953967,0.1067,0.9753808899202906,9667,0.0010089799212995,0.0,pixel_reliability=0 AND MODLAND_QA(bits0-1)=0 AND VI range -2000..10000,MOD13Q1 V061 Terra 250m 16-day
SO2606,Luuq,SO26,Gedo,2015-02-02,0.1721239341186282,0.1691,0.1021163661002814,0.1036,0.9679144385026738,9593,0.0037332257088083,0.0,pixel_reliability=0 AND MODLAND_QA(bits0-1)=0 AND VI range -2000..10000,MOD13Q1 V061 Terra 250m 16-day
SO2606,Luuq,SO26,Gedo,2015-02-18,0.1689418607036619,0.1659,0.1002163503949123,0.1022,0.983654525274947,9749,0.0012107759055594,0.0,pixel_reliability=0 AND MODLAND_QA(bits0-1)=0 AND VI range -2000..10000,MOD13Q1 V061 Terra 250m 16-day
SO2606,Luuq,SO26,Gedo,2015-03-06,0.164281418764302,0.1626,0.0978556750572082,0.0994,0.8818484512158208,8740,0.006861063464837,0.0,pixel_reliability=0 AND MODLAND_QA(bits0-1)=0 AND VI range -2000..10000,MOD13Q1 V061 Terra 250m 16-day
SO2606,Luuq,SO26,Gedo,2015-03-22,0.1694812376563528,0.1656,0.1072567478604345,0.1065,0.1532640500454041,1519,0.4880435879326001,0.0428816466552315,pixel_reliability=0 AND MODLAND_QA(bits0-1)=0 AND VI range -2000..10000,MOD13Q1 V061 Terra 250m 16-day
SO2606,Luuq,SO26,Gedo,2015-04-07,0.1946688670187229,0.1713,0.1218881901104176,0.1118,0.4203410352133992,4166,0.1861567954797699,0.0051457975986277,pixel_reliability=0 AND MODLAND_QA(bits0-1)=0 AND VI range -2000..10000,MOD13Q1 V061 Terra 250m 16-day
SO2606,Luuq,SO26,Gedo,2015-04-23,0.3177716037110669,0.2993,0.1965377402253148,0.18385,0.304510140248209,3018,0.2340833417414993,0.0726465543335687,pixel_reliability=0 AND MODLAND_QA(bits0-1)=0 AND VI range -2000..10000,MOD13Q1 V061 Terra 250m 16-day
SO2606,Luuq,SO26,Gedo,2015-05-09,0.3549088353413654,0.34955,0.2199779116465863,0.21895,0.0502472000807183,498,0.6821713247906367,0.0436888305922712,pixel_reliability=0 AND MODLAND_QA(bits0-1)=0 AND VI range -2000..10000,MOD13Q1 V061 Terra 250m 16-day
SO2606,Luuq,SO26,Gedo,2015-05-25,0.263189603960396,0.2512,0.1613579207920792,0.1504,0.3261023105640198,3232,0.3825042881646655,0.0055493895671476,pixel_reliability=0 AND MODLAND_QA(bits0-1)=0 AND VI range -2000..10000,MOD13Q1 V061 Terra 250m 16-day
SO2606,Luuq,SO26,Gedo,2015-06-10,0.2133595044763689,0.2097,0.1349383093899646,0.1321,0.4846130562001816,4803,0.2033094541418625,0.0026233477953788,pixel_reliability=0 AND MODLAND_QA(bits0-1)=0 AND VI range -2000..10000,MOD13Q1 V061 Terra 250m 16-day
SO2606,Luuq,SO26,Gedo,2015-06-26,0.1978472119815668,0.1941,0.128135599078341,0.1265,0.4378972858440117,4340,0.2093633336696599,0.0318837655130662,pixel_reliability=0 AND MODLAND_QA(bits0-1)=0 AND VI range -2000..10000,MOD13Q1 V061 Terra 250m 16-day
SO2606,Luuq,SO26,Gedo,2015-07-12,0.1953066426209798,0.1932,0.1307585211902615,0.1292,0.3356876198163656,3327,0.2869538896175966,0.1146201190596307,pixel_reliability=0 AND MODLAND_QA(bits0-1)=0 AND VI range -2000..10000,MOD13Q1 V061 Terra 250m 16-day
SO2606,Luuq,SO26,Gedo,2015-07-28,0.1905777520576131,0.1869,0.1142495627572016,0.11495,0.3922913934012713,3888,0.3160125113510241,0.0087781253153062,pixel_reliability=0 AND MODLAND_QA(bits0-1)=0 AND VI range -2000..10000,MOD13Q1 V061 Terra 250m 16-day
SO2606,Luuq,SO26,Gedo,2015-08-13,0.1755533637000701,0.1735,0.1100802382620882,0.1098,0.5759257390777923,5708,0.2401372212692967,0.0,pixel_reliability=0 AND MODLAND_QA(bits0-1)=0 AND VI range -2000..10000,MOD13Q1 V061 Terra 250m 16-day
SO2606,Luuq,SO26,Gedo,2015-08-29,0.18282061956521742,0.1792,0.11062017391304348,0.11180000000000001,0.9282615275956009,9200,0.007365553425486833,0.0,pixel_reliability=0 AND MODLAND_QA(bits0-1)=0 AND VI range -2000..10000,MOD13Q1 V061 Terra 250m 16-day
SO2606,Luuq,SO26,Gedo,2015-09-14,0.17301627215108,0.169,0.1059171646617514,0.1073,0.7800423771566946,7731,0.0444960145293108,0.0,pixel_reliability=0 AND MODLAND_QA(bits0-1)=0 AND VI range -2000..10000,MOD13Q1 V061 Terra 250m 16-day
SO2606,Luuq,SO26,Gedo,2015-09-30,0.2025499999999999,0.18575,0.1401863636363636,0.12525,0.002219755826859,22,0.2623347795378872,0.4152961356069014,pixel_reliability=0 AND MODLAND_QA(bits0-1)=0 AND VI range -2000..10000,MOD13Q1 V061 Terra 250m 16-day
SO2606,Luuq,SO26,Gedo,2015-10-16,0.2717070929070929,0.2582,0.1617188811188811,0.1508,0.1009988901220865,1001,0.3934012713147008,0.1703158107153667,pixel_reliability=0 AND MODLAND_QA(bits0-1)=0 AND VI range -2000..10000,MOD13Q1 V061 Terra 250m 16-day
SO2606,Luuq,SO26,Gedo,2015-11-01,0.3349551618814905,0.3271,0.2053356750152718,0.1994,0.1651700131167389,1637,0.3669659973766522,0.1521541721319745,pixel_reliability=0 AND MODLAND_QA(bits0-1)=0 AND VI range -2000..10000,MOD13Q1 V061 Terra 250m 16-day
SO2606,Luuq,SO26,Gedo,2015-11-17,0.3653056220529561,0.3541,0.2290816467174465,0.2198,0.8345272929068711,8271,0.0410654827968923,0.0005044899606497,pixel_reliability=0 AND MODLAND_QA(bits0-1)=0 AND VI range -2000..10000,MOD13Q1 V061 Terra 250m 16-day
SO2606,Luuq,SO26,Gedo,2015-12-03,0.2867120880813058,0.2673,0.1752934554973822,0.1598,0.6552315608919382,6494,0.0749672081525577,0.0006053879527797,pixel_reliability=0 AND MODLAND_QA(bits0-1)=0 AND VI range -2000..10000,MOD13Q1 V061 Terra 250m 16-day
SO2606,Luuq,SO26,Gedo,2015-12-19,0.2558430337338262,0.2444,0.1558143368761552,0.1485,0.8733730198769044,8656,0.0192715164968217,0.0,pixel_reliability=0 AND MODLAND_QA(bits0-1)=0 AND VI range -2000..10000,MOD13Q1 V061 Terra 250m 16-day
SO2701,Bu'aale,SO27,Middle Juba,2015-01-01,0.43498665274654674,0.42765000000000003,0.2637581272084806,0.25830000000000003,0.9706891175553477,6226,0.0018709073900841909,0.0,pixel_reliability=0 AND MODLAND_QA(bits0-1)=0 AND VI range -2000..10000,MOD13Q1 V061 Terra 250m 16-day
SO2701,Bu'aale,SO27,Middle Juba,2015-01-17,0.3610059275873117,0.3506,0.2114691765459788,0.2017,0.9731836607421266,6242,0.000467726847521,0.0,pixel_reliability=0 AND MODLAND_QA(bits0-1)=0 AND VI range -2000..10000,MOD13Q1 V061 Terra 250m 16-day
SO2701,Bu'aale,SO27,Middle Juba,2015-02-02,0.3356279705369258,0.3378,0.1983230083349486,0.1904,0.8043342687870284,5159,0.0183972560024945,0.0,pixel_reliability=0 AND MODLAND_QA(bits0-1)=0 AND VI range -2000..10000,MOD13Q1 V061 Terra 250m 16-day
SO2701,Bu'aale,SO27,Middle Juba,2015-02-18,0.3203881585306911,0.3187,0.1907542290961817,0.1859,0.9677268475210478,6207,0.0014031805425631,0.0,pixel_reliability=0 AND MODLAND_QA(bits0-1)=0 AND VI range -2000..10000,MOD13Q1 V061 Terra 250m 16-day
SO2701,Bu'aale,SO27,Middle Juba,2015-03-06,0.3032629944482998,0.3022,0.2016421408743927,0.1978,0.8986591830371063,5764,0.023542251325226,0.0,pixel_reliability=0 AND MODLAND_QA(bits0-1)=0 AND VI range -2000..10000,MOD13Q1 V061 Terra 250m 16-day
SO2701,Bu'aale,SO27,Middle Juba,2015-03-22,0.3215485018726592,0.3119,0.1924760299625468,0.1874,0.0832553788587465,534,0.6209853445587776,0.0198004365450576,pixel_reliability=0 AND MODLAND_QA(bits0-1)=0 AND VI range -2000..10000,MOD13Q1 V061 Terra 250m 16-day
SO2701,Bu'aale,SO27,Middle Juba,2015-04-07,0.5763619718309859,0.5798,0.3630098591549296,0.3716,0.0110695353913314,71,0.5601808543810415,0.1067976301839725,pixel_reliability=0 AND MODLAND_QA(bits0-1)=0 AND VI range -2000..10000,MOD13Q1 V061 Terra 250m 16-day
SO2701,Bu'aale,SO27,Middle Juba,2015-04-23,0.7536117647058825,0.7568,0.5195823529411765,0.523,0.0026504521359526,17,0.3328656064858122,0.3183660742126598,pixel_reliability=0 AND MODLAND_QA(bits0-1)=0 AND VI range -2000..10000,MOD13Q1 V061 Terra 250m 16-day
SO2701,Bu'aale,SO27,Middle Juba,2015-05-09,0.5760204545454545,0.5604,0.4087272727272728,0.38865,0.013719987527284,88,0.4748986591830371,0.1758652946679139,pixel_reliability=0 AND MODLAND_QA(bits0-1)=0 AND VI range -2000..10000,MOD13Q1 V061 Terra 250m 16-day
SO2701,Bu'aale,SO27,Middle Juba,2015-05-25,0.6669684210526314,0.6931,0.4326894736842105,0.4442,0.0029622700342999,19,0.5198004365450577,0.166978484565014,pixel_reliability=0 AND MODLAND_QA(bits0-1)=0 AND VI range -2000..10000,MOD13Q1 V061 Terra 250m 16-day
SO2701,Bu'aale,SO27,Middle Juba,2015-06-10,0.4875166666666666,0.45495,0.3056388888888889,0.2783,0.0028063610851262,18,0.3910196445275959,0.2985656376676021,pixel_reliability=0 AND MODLAND_QA(bits0-1)=0 AND VI range -2000..10000,MOD13Q1 V061 Terra 250m 16-day
SO2701,Bu'aale,SO27,Middle Juba,2015-06-26,0.4431545454545455,0.4092,0.2974272727272727,0.2825,0.0017149984409105,11,0.4066105394449641,0.2502338634237605,pixel_reliability=0 AND MODLAND_QA(bits0-1)=0 AND VI range -2000..10000,MOD13Q1 V061 Terra 250m 16-day
SO2701,Bu'aale,SO27,Middle Juba,2015-07-12,0.366,0.366,0.2522999999999999,0.2522999999999999,0.0003118178983473,2,0.1877143748051138,0.5377299657000312,pixel_reliability=0 AND MODLAND_QA(bits0-1)=0 AND VI range -2000..10000,MOD13Q1 V061 Terra 250m 16-day
SO2701,Bu'aale,SO27,Middle Juba,2015-07-28,0.5241142857142858,0.5186000000000001,0.2974571428571428,0.2949,0.0010913626442157,7,0.2187402556906766,0.4784845650140318,pixel_reliability=0 AND MODLAND_QA(bits0-1)=0 AND VI range -2000..10000,MOD13Q1 V061 Terra 250m 16-day
SO2701,Bu'aale,SO27,Middle Juba,2015-08-13,0.3131,0.3024,0.2081333333333333,0.201,0.000467726847521,3,0.4833177424384159,0.231836607421266,pixel_reliability=0 AND MODLAND_QA(bits0-1)=0 AND VI range -2000..10000,MOD13Q1 V061 Terra 250m 16-day
SO2701,Bu'aale,SO27,Middle Juba,2015-08-29,0.47297752808988763,0.46640000000000004,0.2522101123595506,0.2541,0.013875896476457749,89,0.663548487683193,0.07280947926410976,pixel_reliability=0 AND MODLAND_QA(bits0-1)=0 AND VI range -2000..10000,MOD13Q1 V061 Terra 250m 16-day
SO2701,Bu'aale,SO27,Middle Juba,2015-09-14,0.4926614457831325,0.5048,0.3154030981067126,0.3196,0.0905830994699095,581,0.5293108824446523,0.0357031493607733,pixel_reliability=0 AND MODLAND_QA(bits0-1)=0 AND VI range -2000..10000,MOD13Q1 V061 Terra 250m 16-day
SO2701,Bu'aale,SO27,Middle Juba,2015-09-30,0.5043529411764707,0.5228,0.2935264705882353,0.3028,0.0053009042719052,34,0.4148737137511693,0.2743997505456813,pixel_reliability=0 AND MODLAND_QA(bits0-1)=0 AND VI range -2000..10000,MOD13Q1 V061 Terra 250m 16-day
SO2701,Bu'aale,SO27,Middle Juba,2015-10-16,0.67456,0.67515,0.420908,0.4195,0.0077954474586841,50,0.3779232927970065,0.3194574368568756,pixel_reliability=0 AND MODLAND_QA(bits0-1)=0 AND VI range -2000..10000,MOD13Q1 V061 Terra 250m 16-day
SO2701,Bu'aale,SO27,Middle Juba,2015-11-01,0.8115666666666668,0.8444,0.5333000000000001,0.5710000000000001,0.000467726847521,3,0.213127533520424,0.5191768007483629,pixel_reliability=0 AND MODLAND_QA(bits0-1)=0 AND VI range -2000..10000,MOD13Q1 V061 Terra 250m 16-day
SO2701,Bu'aale,SO27,Middle Juba,2015-11-17,0.6418147286821707,0.6386000000000001,0.3977850129198967,0.3811,0.0603367633302151,387,0.5522294979731837,0.046616775802931,pixel_reliability=0 AND MODLAND_QA(bits0-1)=0 AND VI range -2000..10000,MOD13Q1 V061 Terra 250m 16-day
SO2701,Bu'aale,SO27,Middle Juba,2015-12-03,0.5390302401746725,0.52525,0.3279484716157205,0.32085,0.1428125974430932,916,0.5955721858434674,0.0063922669161209,pixel_reliability=0 AND MODLAND_QA(bits0-1)=0 AND VI range -2000..10000,MOD13Q1 V061 Terra 250m 16-day
SO2701,Bu'aale,SO27,Middle Juba,2015-12-19,0.5199413327882256,0.51545,0.3138801512673753,0.3046,0.7627065793576552,4892,0.0843467415029622,0.0007795447458684,pixel_reliability=0 AND MODLAND_QA(bits0-1)=0 AND VI range -2000..10000,MOD13Q1 V061 Terra 250m 16-day
SO2702,Jilib,SO27,Middle Juba,2015-01-01,0.46902286541244576,0.50525,0.2871445188133141,0.29910000000000003,0.8719242902208202,5528,0.007728706624605678,0.0,pixel_reliability=0 AND MODLAND_QA(bits0-1)=0 AND VI range -2000..10000,MOD13Q1 V061 Terra 250m 16-day
SO2702,Jilib,SO27,Middle Juba,2015-01-17,0.4002305425448868,0.4162,0.2413106557377049,0.2428,0.8082018927444795,5124,0.0099369085173501,0.0004731861198738,pixel_reliability=0 AND MODLAND_QA(bits0-1)=0 AND VI range -2000..10000,MOD13Q1 V061 Terra 250m 16-day
SO2702,Jilib,SO27,Middle Juba,2015-02-02,0.3993006420545746,0.4058,0.2166418940609951,0.2139,0.3930599369085173,2492,0.1362776025236593,0.028391167192429,pixel_reliability=0 AND MODLAND_QA(bits0-1)=0 AND VI range -2000..10000,MOD13Q1 V061 Terra 250m 16-day
SO2702,Jilib,SO27,Middle Juba,2015-02-18,0.3439948348348348,0.3533,0.2017468468468468,0.1994,0.7878548895899053,4995,0.005993690851735,0.001577287066246,pixel_reliability=0 AND MODLAND_QA(bits0-1)=0 AND VI range -2000..10000,MOD13Q1 V061 Terra 250m 16-day
SO2702,Jilib,SO27,Middle Juba,2015-03-06,0.3154889365017531,0.32605,0.200834086482275,0.1972,0.8097791798107256,5134,0.0205047318611987,0.0004731861198738,pixel_reliability=0 AND MODLAND_QA(bits0-1)=0 AND VI range -2000..10000,MOD13Q1 V061 Terra 250m 16-day
SO2702,Jilib,SO27,Middle Juba,2015-03-22,0.2825200177935943,0.2571,0.1704797153024911,0.1605,0.1772870662460567,1124,0.4261829652996845,0.0282334384858044,pixel_reliability=0 AND MODLAND_QA(bits0-1)=0 AND VI range -2000..10000,MOD13Q1 V061 Terra 250m 16-day
SO2702,Jilib,SO27,Middle Juba,2015-04-07,0.5427301204819278,0.5972000000000001,0.329277108433735,0.3462,0.0130914826498422,83,0.4235015772870662,0.2580441640378549,pixel_reliability=0 AND MODLAND_QA(bits0-1)=0 AND VI range -2000..10000,MOD13Q1 V061 Terra 250m 16-day
SO2702,Jilib,SO27,Middle Juba,2015-04-23,0.3560908045977011,0.3043,0.2414977011494253,0.2031,0.0137223974763406,87,0.3553627760252366,0.3154574132492113,pixel_reliability=0 AND MODLAND_QA(bits0-1)=0 AND VI range -2000..10000,MOD13Q1 V061 Terra 250m 16-day
SO2702,Jilib,SO27,Middle Juba,2015-05-09,0.5811877551020408,0.6855,0.3873102040816327,0.4606,0.0077287066246056,49,0.4063091482649842,0.2946372239747634,pixel_reliability=0 AND MODLAND_QA(bits0-1)=0 AND VI range -2000..10000,MOD13Q1 V061 Terra 250m 16-day
SO2702,Jilib,SO27,Middle Juba,2015-05-25,0.4814693333333334,0.4342,0.3242746666666666,0.31485,0.0236593059936908,150,0.6992113564668769,0.0910094637223974,pixel_reliability=0 AND MODLAND_QA(bits0-1)=0 AND VI range -2000..10000,MOD13Q1 V061 Terra 250m 16-day
SO2702,Jilib,SO27,Middle Juba,2015-06-10,0.45902,0.39275,0.2836433333333333,0.25765,0.0047318611987381,30,0.3484227129337539,0.3659305993690852,pixel_reliability=0 AND MODLAND_QA(bits0-1)=0 AND VI range -2000..10000,MOD13Q1 V061 Terra 250m 16-day
SO2702,Jilib,SO27,Middle Juba,2015-06-26,0.3649982142857143,0.34265,0.2407348214285714,0.22755,0.0176656151419558,112,0.4564668769716088,0.1976340694006309,pixel_reliability=0 AND MODLAND_QA(bits0-1)=0 AND VI range -2000..10000,MOD13Q1 V061 Terra 250m 16-day
SO2702,Jilib,SO27,Middle Juba,2015-07-12,0.3611,0.3611,0.1994,0.1994,0.0001577287066246,1,0.1462145110410094,0.6337539432176656,pixel_reliability=0 AND MODLAND_QA(bits0-1)=0 AND VI range -2000..10000,MOD13Q1 V061 Terra 250m 16-day
SO2702,Jilib,SO27,Middle Juba,2015-07-28,0.3903678260869565,0.353,0.2417095652173913,0.231,0.0181388012618296,115,0.3673501577287066,0.302365930599369,pixel_reliability=0 AND MODLAND_QA(bits0-1)=0 AND VI range -2000..10000,MOD13Q1 V061 Terra 250m 16-day
SO2702,Jilib,SO27,Middle Juba,2015-08-13,0.4134466666666666,0.4116,0.2711,0.2674,0.0260252365930599,165,0.4364353312302839,0.1993690851735015,pixel_reliability=0 AND MODLAND_QA(bits0-1)=0 AND VI range -2000..10000,MOD13Q1 V061 Terra 250m 16-day
SO2702,Jilib,SO27,Middle Juba,2015-08-29,0.4852125996810207,0.4515,0.2982464114832536,0.2907,0.09889589905362776,627,0.4755520504731861,0.09037854889589905,pixel_reliability=0 AND MODLAND_QA(bits0-1)=0 AND VI range -2000..10000,MOD13Q1 V061 Terra 250m 16-day
SO2702,Jilib,SO27,Middle Juba,2015-09-14,0.4946458578720063,0.5022,0.314570239497448,0.3143,0.4017350157728707,2547,0.3001577287066246,0.0293375394321766,pixel_reliability=0 AND MODLAND_QA(bits0-1)=0 AND VI range -2000..10000,MOD13Q1 V061 Terra 250m 16-day
SO2702,Jilib,SO27,Middle Juba,2015-09-30,0.3462267857142857,0.3420499999999999,0.2273678571428571,0.2272,0.0176656151419558,112,0.388801261829653,0.2495268138801261,pixel_reliability=0 AND MODLAND_QA(bits0-1)=0 AND VI range -2000..10000,MOD13Q1 V061 Terra 250m 16-day
SO2702,Jilib,SO27,Middle Juba,2015-10-16,0.3735923868312757,0.3028,0.2467602880658436,0.20695,0.0766561514195583,486,0.3856466876971609,0.1774447949526814,pixel_reliability=0 AND MODLAND_QA(bits0-1)=0 AND VI range -2000..10000,MOD13Q1 V061 Terra 250m 16-day
SO2702,Jilib,SO27,Middle Juba,2015-11-01,0.3812569444444445,0.30015,0.2360680555555555,0.18665,0.0113564668769716,72,0.3397476340694006,0.3452681388012618,pixel_reliability=0 AND MODLAND_QA(bits0-1)=0 AND VI range -2000..10000,MOD13Q1 V061 Terra 250m 16-day
SO2702,Jilib,SO27,Middle Juba,2015-11-17,0.712624905944319,0.7494000000000001,0.4377428893905192,0.4531,0.2096214511041009,1329,0.3135646687697161,0.0872239747634069,pixel_reliability=0 AND MODLAND_QA(bits0-1)=0 AND VI range -2000..10000,MOD13Q1 V061 Terra 250m 16-day
SO2702,Jilib,SO27,Middle Juba,2015-12-03,0.4131634655532359,0.3869,0.2913860125260959,0.2719,0.0755520504731861,479,0.6553627760252366,0.046372239747634,pixel_reliability=0 AND MODLAND_QA(bits0-1)=0 AND VI range -2000..10000,MOD13Q1 V061 Terra 250m 16-day
SO2702,Jilib,SO27,Middle Juba,2015-12-19,0.5873224729666198,0.6305000000000001,0.3901706393982135,0.40795,0.6709779179810725,4254,0.0460567823343848,0.005993690851735,pixel_reliability=0 AND MODLAND_QA(bits0-1)=0 AND VI range -2000..10000,MOD13Q1 V061 Terra 250m 16-day
SO2703,Saakow,SO27,Middle Juba,2015-01-01,0.31335854335753954,0.30860000000000004,0.1848339705254165,0.1836,0.9658586900464157,9364,0.0041258380608561115,0.0,pixel_reliability=0 AND MODLAND_QA(bits0-1)=0 AND VI range -2000..10000,MOD13Q1 V061 Terra 250m 16-day
SO2703,Saakow,SO27,Middle Juba,2015-01-17,0.2702857188841202,0.2665,0.159571126609442,0.1591,0.961320268179474,9320,0.0049510056730273,0.0,pixel_reliability=0 AND MODLAND_QA(bits0-1)=0 AND VI range -2000..10000,MOD13Q1 V061 Terra 250m 16-day
SO2703,Saakow,SO27,Middle Juba,2015-02-02,0.2566694413156116,0.2546,0.1539385221896823,0.1533,0.915729757607014,8878,0.0212480660134089,0.0,pixel_reliability=0 AND MODLAND_QA(bits0-1)=0 AND VI range -2000..10000,MOD13Q1 V061 Terra 250m 16-day
SO2703,Saakow,SO27,Middle Juba,2015-02-18,0.2485416836899258,0.247,0.1488649715084399,0.1491,0.9593604951005672,9301,0.0054667354306343,0.0,pixel_reliability=0 AND MODLAND_QA(bits0-1)=0 AND VI range -2000..10000,MOD13Q1 V061 Terra 250m 16-day
SO2703,Saakow,SO27,Middle Juba,2015-03-06,0.2365023438415563,0.2345,0.156271991093402,0.1585,0.8801444043321299,8533,0.037132542547705,0.0,pixel_reliability=0 AND MODLAND_QA(bits0-1)=0 AND VI range -2000..10000,MOD13Q1 V061 Terra 250m 16-day
SO2703,Saakow,SO27,Middle Juba,2015-03-22,0.2744531561461794,0.27225,0.1691617940199335,0.1702,0.0620938628158844,602,0.5333677153171738,0.0775657555440949,pixel_reliability=0 AND MODLAND_QA(bits0-1)=0 AND VI range -2000..10000,MOD13Q1 V061 Terra 250m 16-day
SO2703,Saakow,SO27,Middle Juba,2015-04-07,0.5428208904109589,0.5597000000000001,0.2942979452054794,0.2995,0.0301186178442496,292,0.4810727178958225,0.147498710675606,pixel_reliability=0 AND MODLAND_QA(bits0-1)=0 AND VI range -2000..10000,MOD13Q1 V061 Terra 250m 16-day
SO2703,Saakow,SO27,Middle Juba,2015-04-23,0.5693423076923078,0.5669,0.3675884615384616,0.36535,0.0026817947395564,26,0.2123775141825683,0.4935533780299123,pixel_reliability=0 AND MODLAND_QA(bits0-1)=0 AND VI range -2000..10000,MOD13Q1 V061 Terra 250m 16-day
SO2703,Saakow,SO27,Middle Juba,2015-05-09,0.4947709251101322,0.49275,0.311623127753304,0.3042,0.0468282619907168,454,0.4717895822588963,0.1337802991232594,pixel_reliability=0 AND MODLAND_QA(bits0-1)=0 AND VI range -2000..10000,MOD13Q1 V061 Terra 250m 16-day
SO2703,Saakow,SO27,Middle Juba,2015-05-25,0.4700272727272727,0.4706,0.312039393939394,0.3134,0.0034038164002062,33,0.4931407942238267,0.2521918514698298,pixel_reliability=0 AND MODLAND_QA(bits0-1)=0 AND VI range -2000..10000,MOD13Q1 V061 Terra 250m 16-day
SO2703,Saakow,SO27,Middle Juba,2015-06-10,0.3709880022962112,0.3703,0.2300311136624569,0.23245,0.1796802475502836,1742,0.5040742650850955,0.0173285198555956,pixel_reliability=0 AND MODLAND_QA(bits0-1)=0 AND VI range -2000..10000,MOD13Q1 V061 Terra 250m 16-day
SO2703,Saakow,SO27,Middle Juba,2015-06-26,0.3412883720930233,0.3428,0.206256976744186,0.20025,0.0088705518308406,86,0.5082001031459515,0.1758638473439917,pixel_reliability=0 AND MODLAND_QA(bits0-1)=0 AND VI range -2000..10000,MOD13Q1 V061 Terra 250m 16-day
SO2703,Saakow,SO27,Middle Juba,2015-07-12,,,,,0.0,0,0.1274883960804538,0.624858174316658,pixel_reliability=0 AND MODLAND_QA(bits0-1)=0 AND VI range -2000..10000,MOD13Q1 V061 Terra 250m 16-day
SO2703,Saakow,SO27,Middle Juba,2015-07-28,0.2848542056074766,0.2834,0.156992523364486,0.1579,0.01103661681279,107,0.3733883445074781,0.2840639504899432,pixel_reliability=0 AND MODLAND_QA(bits0-1)=0 AND VI range -2000..10000,MOD13Q1 V061 Terra 250m 16-day
SO2703,Saakow,SO27,Middle Juba,2015-08-13,,,,,0.0,0,0.978236204228984,0.0055698813821557,pixel_reliability=0 AND MODLAND_QA(bits0-1)=0 AND VI range -2000..10000,MOD13Q1 V061 Terra 250m 16-day
SO2703,Saakow,SO27,Middle Juba,2015-08-29,0.29954975369458126,0.28850000000000003,0.15076972338006822,0.1463,0.27220216606498193,2639,0.44899432697266634,0.006910778751933987,pixel_reliability=0 AND MODLAND_QA(bits0-1)=0 AND VI range -2000..10000,MOD13Q1 V061 Terra 250m 16-day
SO2703,Saakow,SO27,Middle Juba,2015-09-14,0.3062811320754717,0.2916,0.1967806603773585,0.18515,0.0656008251676121,636,0.6110366168127901,0.0366168127900979,pixel_reliability=0 AND MODLAND_QA(bits0-1)=0 AND VI range -2000..10000,MOD13Q1 V061 Terra 250m 16-day
SO2703,Saakow,SO27,Middle Juba,2015-09-30,0.3081666666666666,0.2865,0.1713266666666666,0.159,0.001547189272821,15,0.3028365136668385,0.4120680763280041,pixel_reliability=0 AND MODLAND_QA(bits0-1)=0 AND VI range -2000..10000,MOD13Q1 V061 Terra 250m 16-day
SO2703,Saakow,SO27,Middle Juba,2015-10-16,0.4973713709677419,0.5069,0.2945181451612904,0.2988,0.0255801959773078,248,0.5446106240330068,0.1840123775141825,pixel_reliability=0 AND MODLAND_QA(bits0-1)=0 AND VI range -2000..10000,MOD13Q1 V061 Terra 250m 16-day
SO2703,Saakow,SO27,Middle Juba,2015-11-01,0.5896,0.5896,0.3386,0.3386,0.0001031459515214,1,0.1115007735946364,0.6695203713254255,pixel_reliability=0 AND MODLAND_QA(bits0-1)=0 AND VI range -2000..10000,MOD13Q1 V061 Terra 250m 16-day
SO2703,Saakow,SO27,Middle Juba,2015-11-17,0.5151126672819567,0.5189,0.2949790493770189,0.2923,0.4470345538937597,4334,0.2847859721505931,0.009489427539969,pixel_reliability=0 AND MODLAND_QA(bits0-1)=0 AND VI range -2000..10000,MOD13Q1 V061 Terra 250m 16-day
SO2703,Saakow,SO27,Middle Juba,2015-12-03,0.4615954941860465,0.46375,0.2679828488372093,0.2652,0.3548220732336256,3440,0.3440948942753997,0.001031459515214,pixel_reliability=0 AND MODLAND_QA(bits0-1)=0 AND VI range -2000..10000,MOD13Q1 V061 Terra 250m 16-day
SO2703,Saakow,SO27,Middle Juba,2015-12-19,0.3991733244130884,0.399,0.241679126626931,0.241,0.8479628674574523,8221,0.0357916451779267,0.0,pixel_reliability=0 AND MODLAND_QA(bits0-1)=0 AND VI range -2000..10000,MOD13Q1 V061 Terra 250m 16-day
SO2801,Kismaayo,SO28,Lower Juba,2015-01-01,0.4324583020833333,0.4315,0.2724355625,0.27080000000000004,0.8576789064593943,9600,0.035557937996962385,0.003841686768516037,pixel_reliability=0 AND MODLAND_QA(bits0-1)=0 AND VI range -2000..10000,MOD13Q1 V061 Terra 250m 16-day
SO2801,Kismaayo,SO28,Lower Juba,2015-01-17,0.3856720010274853,0.379,0.2500116362702286,0.2422,0.6956133297596713,7786,0.1828821584919145,0.0144733315465022,pixel_reliability=0 AND MODLAND_QA(bits0-1)=0 AND VI range -2000..10000,MOD13Q1 V061 Terra 250m 16-day
SO2801,Kismaayo,SO28,Lower Juba,2015-02-02,0.3435838471558837,0.341,0.2018096106527717,0.1948,0.6172607879924953,6909,0.1135531135531135,0.0138479406772089,pixel_reliability=0 AND MODLAND_QA(bits0-1)=0 AND VI range -2000..10000,MOD13Q1 V061 Terra 250m 16-day
SO2801,Kismaayo,SO28,Lower Juba,2015-02-18,0.3220437206823027,0.3161,0.195065842217484,0.1897,0.8380237648530331,9380,0.0196551416063611,0.0040203698740284,pixel_reliability=0 AND MODLAND_QA(bits0-1)=0 AND VI range -2000..10000,MOD13Q1 V061 Terra 250m 16-day
SO2801,Kismaayo,SO28,Lower Juba,2015-03-06,0.3143318022747157,0.3105,0.1912833989501312,0.1866,0.816939158402573,9144,0.0475297060662914,0.0050924685071026,pixel_reliability=0 AND MODLAND_QA(bits0-1)=0 AND VI range -2000..10000,MOD13Q1 V061 Terra 250m 16-day
SO2801,Kismaayo,SO28,Lower Juba,2015-03-22,0.2307497907949791,0.21715,0.1450807531380753,0.1372,0.0427052622174573,478,0.3218976145805414,0.2707049048512463,pixel_reliability=0 AND MODLAND_QA(bits0-1)=0 AND VI range -2000..10000,MOD13Q1 V061 Terra 250m 16-day
SO2801,Kismaayo,SO28,Lower Juba,2015-04-07,0.4764985849056604,0.36845,0.282045964360587,0.201,0.1704636826588046,1908,0.3889931207004378,0.0896989189672116,pixel_reliability=0 AND MODLAND_QA(bits0-1)=0 AND VI range -2000..10000,MOD13Q1 V061 Terra 250m 16-day
SO2801,Kismaayo,SO28,Lower Juba,2015-04-23,0.4939687943262412,0.4708,0.3384656028368795,0.2943,0.0251943178772447,282,0.3982846421870812,0.2172786563030465,pixel_reliability=0 AND MODLAND_QA(bits0-1)=0 AND VI range -2000..10000,MOD13Q1 V061 Terra 250m 16-day
SO2801,Kismaayo,SO28,Lower Juba,2015-05-09,0.4905972361809045,0.463,0.3231959798994975,0.2826,0.0355579379969623,398,0.536853390511927,0.1196283391405342,pixel_reliability=0 AND MODLAND_QA(bits0-1)=0 AND VI range -2000..10000,MOD13Q1 V061 Terra 250m 16-day
SO2801,Kismaayo,SO28,Lower Juba,2015-05-25,0.616539605418139,0.6494500000000001,0.3596247055359246,0.37105,0.3034039131600107,3396,0.3253819351380327,0.0618243545072813,pixel_reliability=0 AND MODLAND_QA(bits0-1)=0 AND VI range -2000..10000,MOD13Q1 V061 Terra 250m 16-day
SO2801,Kismaayo,SO28,Lower Juba,2015-06-10,0.4641780575539568,0.4572,0.3050028776978417,0.30255,0.0248369516662199,278,0.5703564727954972,0.1402662378272134,pixel_reliability=0 AND MODLAND_QA(bits0-1)=0 AND VI range -2000..10000,MOD13Q1 V061 Terra 250m 16-day
SO2801,Kismaayo,SO28,Lower Juba,2015-06-26,0.5000988235294118,0.5068,0.3168923529411765,0.3193,0.0151880639685517,170,0.3566514786026981,0.2830340391316001,pixel_reliability=0 AND MODLAND_QA(bits0-1)=0 AND VI range -2000..10000,MOD13Q1 V061 Terra 250m 16-day
SO2801,Kismaayo,SO28,Lower Juba,2015-07-12,0.5163493150684932,0.5124000000000001,0.3477520547945206,0.3508,0.0065219333512016,73,0.4107924595729473,0.2942017332261235,pixel_reliability=0 AND MODLAND_QA(bits0-1)=0 AND VI range -2000..10000,MOD13Q1 V061 Terra 250m 16-day
SO2801,Kismaayo,SO28,Lower Juba,2015-07-28,0.5386583333333334,0.5332000000000001,0.3264861111111111,0.33685,0.0289466630930045,324,0.6336996336996337,0.073617439471098,pixel_reliability=0 AND MODLAND_QA(bits0-1)=0 AND VI range -2000..10000,MOD13Q1 V061 Terra 250m 16-day
SO2801,Kismaayo,SO28,Lower Juba,2015-08-13,0.5034503448275863,0.52515,0.322731724137931,0.31905,0.0259090502992942,290,0.5714285714285714,0.1112302331814527,pixel_reliability=0 AND MODLAND_QA(bits0-1)=0 AND VI range -2000..10000,MOD13Q1 V061 Terra 250m 16-day
SO2801,Kismaayo,SO28,Lower Juba,2015-08-29,0.4913574277168495,0.5148,0.3003546360917248,0.3049,0.08960957741445547,1003,0.5647279549718575,0.04744036451353525,pixel_reliability=0 AND MODLAND_QA(bits0-1)=0 AND VI range -2000..10000,MOD13Q1 V061 Terra 250m 16-day
SO2801,Kismaayo,SO28,Lower Juba,2015-09-14,0.3542092378752887,0.3474,0.21689792147806,0.2051,0.0386848923434289,433,0.5398910033056374,0.1067631555436433,pixel_reliability=0 AND MODLAND_QA(bits0-1)=0 AND VI range -2000..10000,MOD13Q1 V061 Terra 250m 16-day
SO2801,Kismaayo,SO28,Lower Juba,2015-09-30,0.3180831325301205,0.3333,0.213008032128514,0.2073,0.0222460466362905,249,0.3060841597426963,0.3155543643348521,pixel_reliability=0 AND MODLAND_QA(bits0-1)=0 AND VI range -2000..10000,MOD13Q1 V061 Terra 250m 16-day
SO2801,Kismaayo,SO28,Lower Juba,2015-10-16,0.3693325301204819,0.3081,0.2370671686746988,0.19,0.029661395515054,332,0.6412936656839096,0.0708478513356562,pixel_reliability=0 AND MODLAND_QA(bits0-1)=0 AND VI range -2000..10000,MOD13Q1 V061 Terra 250m 16-day
SO2801,Kismaayo,SO28,Lower Juba,2015-11-01,0.4070006600660066,0.3378,0.2429194719471947,0.2087,0.0270704904851246,303,0.3214509068167605,0.2899133386938265,pixel_reliability=0 AND MODLAND_QA(bits0-1)=0 AND VI range -2000..10000,MOD13Q1 V061 Terra 250m 16-day
SO2801,Kismaayo,SO28,Lower Juba,2015-11-17,0.5970265273311898,0.6731,0.3894076902465165,0.42555,0.3334226748860895,3732,0.309300455641919,0.0171535781291878,pixel_reliability=0 AND MODLAND_QA(bits0-1)=0 AND VI range -2000..10000,MOD13Q1 V061 Terra 250m 16-day
SO2801,Kismaayo,SO28,Lower Juba,2015-12-03,0.4124624040920716,0.3672,0.2863590792838874,0.237,0.034932547127669,391,0.6721165013847941,0.0565532028946663,pixel_reliability=0 AND MODLAND_QA(bits0-1)=0 AND VI range -2000..10000,MOD13Q1 V061 Terra 250m 16-day
SO2801,Kismaayo,SO28,Lower Juba,2015-12-19,0.6553410256410257,0.6818000000000001,0.4633333012820512,0.47895,0.5574912891986062,6240,0.2313946216385241,0.009112838381131,pixel_reliability=0 AND MODLAND_QA(bits0-1)=0 AND VI range -2000..10000,MOD13Q1 V061 Terra 250m 16-day
SO2802,Afmadow,SO28,Lower Juba,2015-01-01,0.3522632407858419,0.3296,0.2326011917519078,0.225,0.9890798137144693,30795,0.0,0.0,pixel_reliability=0 AND MODLAND_QA(bits0-1)=0 AND VI range -2000..10000,MOD13Q1 V061 Terra 250m 16-day
SO2802,Afmadow,SO28,Lower Juba,2015-01-17,0.2967358602010181,0.2768,0.195573250881086,0.1877,0.9842299662758952,30644,0.0002248273647021,0.0,pixel_reliability=0 AND MODLAND_QA(bits0-1)=0 AND VI range -2000..10000,MOD13Q1 V061 Terra 250m 16-day
SO2802,Afmadow,SO28,Lower Juba,2015-02-02,0.2751081537780401,0.26,0.1704197867473435,0.1656,0.8705315561265456,27104,0.013329050907339,0.0026979283764252,pixel_reliability=0 AND MODLAND_QA(bits0-1)=0 AND VI range -2000..10000,MOD13Q1 V061 Terra 250m 16-day
SO2802,Afmadow,SO28,Lower Juba,2015-02-18,0.2640954656742729,0.2512,0.1721082166291254,0.1692,0.9838766661313634,30633,0.0003854183394893,0.0,pixel_reliability=0 AND MODLAND_QA(bits0-1)=0 AND VI range -2000..10000,MOD13Q1 V061 Terra 250m 16-day
SO2802,Afmadow,SO28,Lower Juba,2015-03-06,0.256493726343996,0.2434,0.1706817584994138,0.1679,0.9588887104544724,29855,0.0075477758149991,3.211819495744339e-05,pixel_reliability=0 AND MODLAND_QA(bits0-1)=0 AND VI range -2000..10000,MOD13Q1 V061 Terra 250m 16-day
SO2802,Afmadow,SO28,Lower Juba,2015-03-22,0.3269270142180094,0.3067,0.2046,0.1911,0.0067769391360205,211,0.398843744981532,0.2879717359884374,pixel_reliability=0 AND MODLAND_QA(bits0-1)=0 AND VI range -2000..10000,MOD13Q1 V061 Terra 250m 16-day
SO2802,Afmadow,SO28,Lower Juba,2015-04-07,0.4906029772981019,0.4757,0.3257536285820617,0.3279,0.0863015898506504,2687,0.386960012847278,0.1711578609282158,pixel_reliability=0 AND MODLAND_QA(bits0-1)=0 AND VI range -2000..10000,MOD13Q1 V061 Terra 250m 16-day
SO2802,Afmadow,SO28,Lower Juba,2015-04-23,0.6174754601226995,0.6072000000000001,0.4389957055214723,0.4439,0.0052352657780632,163,0.2741609121567367,0.4250200738718484,pixel_reliability=0 AND MODLAND_QA(bits0-1)=0 AND VI range -2000..10000,MOD13Q1 V061 Terra 250m 16-day
SO2802,Afmadow,SO28,Lower Juba,2015-05-09,0.5496640644753477,0.53095,0.3964431573957017,0.3863,0.2032439376907018,6328,0.4221936727155934,0.0610566886140998,pixel_reliability=0 AND MODLAND_QA(bits0-1)=0 AND VI range -2000..10000,MOD13Q1 V061 Terra 250m 16-day
SO2802,Afmadow,SO28,Lower Juba,2015-05-25,0.5089879929370218,0.4693,0.3036666022029766,0.2914,0.3819816926288742,11893,0.2466677372731652,0.0902521278304159,pixel_reliability=0 AND MODLAND_QA(bits0-1)=0 AND VI range -2000..10000,MOD13Q1 V061 Terra 250m 16-day
SO2802,Afmadow,SO28,Lower Juba,2015-06-10,0.3126219002375297,0.3024,0.2105022802850356,0.2032,0.0676088003854183,2105,0.6012204914083829,0.1132487554199454,pixel_reliability=0 AND MODLAND_QA(bits0-1)=0 AND VI range -2000..10000,MOD13Q1 V061 Terra 250m 16-day
SO2802,Afmadow,SO28,Lower Juba,2015-06-26,0.403553125,0.35635,0.2725796874999999,0.24565,0.0041111289545527,128,0.3511482254697286,0.3132487554199454,pixel_reliability=0 AND MODLAND_QA(bits0-1)=0 AND VI range -2000..10000,MOD13Q1 V061 Terra 250m 16-day
SO2802,Afmadow,SO28,Lower Juba,2015-07-12,0.3095615384615385,0.2508,0.2078923076923076,0.1766,0.0004175365344467,13,0.2330175044162518,0.4662277180022482,pixel_reliability=0 AND MODLAND_QA(bits0-1)=0 AND VI range -2000..10000,MOD13Q1 V061 Terra 250m 16-day
SO2802,Afmadow,SO28,Lower Juba,2015-07-28,0.3494791366906475,0.3082,0.2142568345323741,0.1932,0.0044644290990846,139,0.4458969005941866,0.2554681226915047,pixel_reliability=0 AND MODLAND_QA(bits0-1)=0 AND VI range -2000..10000,MOD13Q1 V061 Terra 250m 16-day
SO2802,Afmadow,SO28,Lower Juba,2015-08-13,0.3574706666666667,0.3772,0.2369106666666666,0.2426,0.0024088646218082,75,0.4403404528665489,0.2668700819013971,pixel_reliability=0 AND MODLAND_QA(bits0-1)=0 AND VI range -2000..10000,MOD13Q1 V061 Terra 250m 16-day
SO2802,Afmadow,SO28,Lower Juba,2015-08-29,0.2904049040139616,0.2868,0.18305108202443282,0.18130000000000002,0.18403725710615063,5730,0.5204432310904127,0.04246025373374016,pixel_reliability=0 AND MODLAND_QA(bits0-1)=0 AND VI range -2000..10000,MOD13Q1 V061 Terra 250m 16-day
SO2802,Afmadow,SO28,Lower Juba,2015-09-14,0.3093251798561151,0.2842,0.182281654676259,0.1699,0.0089288581981692,278,0.5566725550024089,0.1469728601252609,pixel_reliability=0 AND MODLAND_QA(bits0-1)=0 AND VI range -2000..10000,MOD13Q1 V061 Terra 250m 16-day
SO2802,Afmadow,SO28,Lower Juba,2015-09-30,0.2999195652173913,0.28545,0.2059059782608696,0.20055,0.0059097478721695,184,0.3173920025694556,0.3724425887265136,pixel_reliability=0 AND MODLAND_QA(bits0-1)=0 AND VI range -2000..10000,MOD13Q1 V061 Terra 250m 16-day
SO2802,Afmadow,SO28,Lower Juba,2015-10-16,0.4138204633204633,0.3641,0.2825711711711712,0.2564,0.0249558374819335,777,0.6410470531556126,0.1145334832182431,pixel_reliability=0 AND MODLAND_QA(bits0-1)=0 AND VI range -2000..10000,MOD13Q1 V061 Terra 250m 16-day
SO2802,Afmadow,SO28,Lower Juba,2015-11-01,0.4847803921568627,0.46985,0.3168166666666667,0.2939,0.0032760558856592,102,0.222964509394572,0.5102938814838606,pixel_reliability=0 AND MODLAND_QA(bits0-1)=0 AND VI range -2000..10000,MOD13Q1 V061 Terra 250m 16-day
SO2802,Afmadow,SO28,Lower Juba,2015-11-17,0.5768281805359662,0.5699000000000001,0.3650467136812412,0.3679,0.3415770033724105,10635,0.3388148386060703,0.0268829291793801,pixel_reliability=0 AND MODLAND_QA(bits0-1)=0 AND VI range -2000..10000,MOD13Q1 V061 Terra 250m 16-day
SO2802,Afmadow,SO28,Lower Juba,2015-12-03,0.4726464725643897,0.4666,0.2997444568868981,0.2889,0.0286815480969969,893,0.6372892243455918,0.0716556929500562,pixel_reliability=0 AND MODLAND_QA(bits0-1)=0 AND VI range -2000..10000,MOD13Q1 V061 Terra 250m 16-day
SO2802,Afmadow,SO28,Lower Juba,2015-12-19,0.5064127571484022,0.5002,0.3332305041618148,0.3253,0.7447245864782399,23187,0.0442267544563995,0.0047213746587441,pixel_reliability=0 AND MODLAND_QA(bits0-1)=0 AND VI range -2000..10000,MOD13Q1 V061 Terra 250m 16-day
SO2803,Badhaadhe,SO28,Lower Juba,2015-01-01,0.4912182795698926,0.4904,0.3203334419463452,0.32,0.7948717948717948,9207,0.09660709660709661,0.002158335491668825,pixel_reliability=0 AND MODLAND_QA(bits0-1)=0 AND VI range -2000..10000,MOD13Q1 V061 Terra 250m 16-day
SO2803,Badhaadhe,SO28,Lower Juba,2015-01-17,0.4212971731023698,0.4187,0.2868967641044148,0.2854,0.7176897176897177,8313,0.2084088750755417,0.0026763360096693,pixel_reliability=0 AND MODLAND_QA(bits0-1)=0 AND VI range -2000..10000,MOD13Q1 V061 Terra 250m 16-day
SO2803,Badhaadhe,SO28,Lower Juba,2015-02-02,0.393274842401319,0.3834,0.2326964988846862,0.2302,0.8901838901838902,10311,0.0347060347060347,0.0050936717603384,pixel_reliability=0 AND MODLAND_QA(bits0-1)=0 AND VI range -2000..10000,MOD13Q1 V061 Terra 250m 16-day
SO2803,Badhaadhe,SO28,Lower Juba,2015-02-18,0.3721856100489517,0.3606,0.2343301653274222,0.2308,0.9347319347319348,10827,0.0201156867823534,0.0030216696883363,pixel_reliability=0 AND MODLAND_QA(bits0-1)=0 AND VI range -2000..10000,MOD13Q1 V061 Terra 250m 16-day
SO2803,Badhaadhe,SO28,Lower Juba,2015-03-06,0.3589768117606524,0.3491,0.2276281612495693,0.2171,0.7517050850384184,8707,0.0839160839160839,0.0061296727963394,pixel_reliability=0 AND MODLAND_QA(bits0-1)=0 AND VI range -2000..10000,MOD13Q1 V061 Terra 250m 16-day
SO2803,Badhaadhe,SO28,Lower Juba,2015-03-22,0.4152897058823529,0.3649,0.2340933823529412,0.20445,0.0117413450746784,136,0.2914616247949581,0.3815073815073815,pixel_reliability=0 AND MODLAND_QA(bits0-1)=0 AND VI range -2000..10000,MOD13Q1 V061 Terra 250m 16-day
SO2803,Badhaadhe,SO28,Lower Juba,2015-04-07,0.5196164907651715,0.5318,0.3267362796833774,0.3375,0.0654407321073987,758,0.5244755244755245,0.0688940688940688,pixel_reliability=0 AND MODLAND_QA(bits0-1)=0 AND VI range -2000..10000,MOD13Q1 V061 Terra 250m 16-day
SO2803,Badhaadhe,SO28,Lower Juba,2015-04-23,0.5474276315789475,0.6112500000000001,0.3628002192982456,0.4021,0.0393680393680393,456,0.3937667271000604,0.2194595527928861,pixel_reliability=0 AND MODLAND_QA(bits0-1)=0 AND VI range -2000..10000,MOD13Q1 V061 Terra 250m 16-day
SO2803,Badhaadhe,SO28,Lower Juba,2015-05-09,0.6434468879668049,0.6672,0.4066107883817427,0.4197,0.0208063541396874,241,0.5586635586635587,0.1192264525597859,pixel_reliability=0 AND MODLAND_QA(bits0-1)=0 AND VI range -2000..10000,MOD13Q1 V061 Terra 250m 16-day
SO2803,Badhaadhe,SO28,Lower Juba,2015-05-25,0.5512291711134828,0.5437000000000001,0.3292298114549983,0.3187,0.2426832426832426,2811,0.482690149356816,0.036001036001036,pixel_reliability=0 AND MODLAND_QA(bits0-1)=0 AND VI range -2000..10000,MOD13Q1 V061 Terra 250m 16-day
SO2803,Badhaadhe,SO28,Lower Juba,2015-06-10,0.6320460431654676,0.6914,0.4200510791366906,0.4599,0.0120003453336786,139,0.605369938703272,0.150997150997151,pixel_reliability=0 AND MODLAND_QA(bits0-1)=0 AND VI range -2000..10000,MOD13Q1 V061 Terra 250m 16-day
SO2803,Badhaadhe,SO28,Lower Juba,2015-06-26,0.6661242990654206,0.7014,0.4332102803738317,0.448,0.0092376759043425,107,0.445307778641112,0.2269705603038936,pixel_reliability=0 AND MODLAND_QA(bits0-1)=0 AND VI range -2000..10000,MOD13Q1 V061 Terra 250m 16-day
SO2803,Badhaadhe,SO28,Lower Juba,2015-07-12,0.6949228915662651,0.7231000000000001,0.4412626506024096,0.4537,0.0071656738323404,83,0.5162738496071829,0.1963221963221963,pixel_reliability=0 AND MODLAND_QA(bits0-1)=0 AND VI range -2000..10000,MOD13Q1 V061 Terra 250m 16-day
SO2803,Badhaadhe,SO28,Lower Juba,2015-07-28,0.644444171779141,0.6864,0.4098104294478527,0.4268,0.0140723474056807,163,0.6877320210653544,0.0748510748510748,pixel_reliability=0 AND MODLAND_QA(bits0-1)=0 AND VI range -2000..10000,MOD13Q1 V061 Terra 250m 16-day
SO2803,Badhaadhe,SO28,Lower Juba,2015-08-13,0.5553512195121951,0.5716,0.3562268292682927,0.36895,0.0070793404126737,82,0.5904342571009238,0.1177587844254511,pixel_reliability=0 AND MODLAND_QA(bits0-1)=0 AND VI range -2000..10000,MOD13Q1 V061 Terra 250m 16-day
SO2803,Badhaadhe,SO28,Lower Juba,2015-08-29,0.6139690265486727,0.61745,0.3507035398230089,0.34915,0.019511352844686178,226,0.5799015799015799,0.1008374341707675,pixel_reliability=0 AND MODLAND_QA(bits0-1)=0 AND VI range -2000..10000,MOD13Q1 V061 Terra 250m 16-day
SO2803,Badhaadhe,SO28,Lower Juba,2015-09-14,0.4725582089552239,0.4971,0.2899626865671642,0.3089,0.0057843391176724,67,0.4592937926271259,0.2214452214452214,pixel_reliability=0 AND MODLAND_QA(bits0-1)=0 AND VI range -2000..10000,MOD13Q1 V061 Terra 250m 16-day
SO2803,Badhaadhe,SO28,Lower Juba,2015-09-30,0.4481539682539683,0.4267,0.2630952380952381,0.2553,0.0054390054390054,63,0.2325822325822326,0.4371924371924371,pixel_reliability=0 AND MODLAND_QA(bits0-1)=0 AND VI range -2000..10000,MOD13Q1 V061 Terra 250m 16-day
SO2803,Badhaadhe,SO28,Lower Juba,2015-10-16,0.5327565891472869,0.512,0.3273193798449612,0.3109,0.0334110334110334,387,0.7002503669170336,0.0575843909177242,pixel_reliability=0 AND MODLAND_QA(bits0-1)=0 AND VI range -2000..10000,MOD13Q1 V061 Terra 250m 16-day
SO2803,Badhaadhe,SO28,Lower Juba,2015-11-01,0.5072344444444444,0.49635,0.2964944444444444,0.28565,0.0155400155400155,180,0.3300526633859967,0.3302253302253302,pixel_reliability=0 AND MODLAND_QA(bits0-1)=0 AND VI range -2000..10000,MOD13Q1 V061 Terra 250m 16-day
SO2803,Badhaadhe,SO28,Lower Juba,2015-11-17,0.5746436567164179,0.6172,0.3642444029850746,0.3954499999999999,0.0231373564706898,268,0.4889061555728222,0.1339894673228006,pixel_reliability=0 AND MODLAND_QA(bits0-1)=0 AND VI range -2000..10000,MOD13Q1 V061 Terra 250m 16-day
SO2803,Badhaadhe,SO28,Lower Juba,2015-12-03,0.5615652555910543,0.57385,0.404563178913738,0.41685,0.1080894414227747,1252,0.6018302684969352,0.0480013813347146,pixel_reliability=0 AND MODLAND_QA(bits0-1)=0 AND VI range -2000..10000,MOD13Q1 V061 Terra 250m 16-day
SO2803,Badhaadhe,SO28,Lower Juba,2015-12-19,0.6182453365774534,0.6333000000000001,0.4229057096512571,0.4364,0.5322455322455323,6165,0.1438314771648105,0.0016403349736683,pixel_reliability=0 AND MODLAND_QA(bits0-1)=0 AND VI range -2000..10000,MOD13Q1 V061 Terra 250m 16-day
SO2804,Jamaame,SO28,Lower Juba,2015-01-01,0.4019165903307888,0.3945,0.25037882951653945,0.2436,0.7702861622892984,1965,0.03920031360250882,0.0007840062720501764,pixel_reliability=0 AND MODLAND_QA(bits0-1)=0 AND VI range -2000..10000,MOD13Q1 V061 Terra 250m 16-day
SO2804,Jamaame,SO28,Lower Juba,2015-01-17,0.3597780032467532,0.34885,0.2278446428571428,0.21965,0.4829478635829086,1232,0.1654253234025872,0.0039200313602508,pixel_reliability=0 AND MODLAND_QA(bits0-1)=0 AND VI range -2000..10000,MOD13Q1 V061 Terra 250m 16-day
SO2804,Jamaame,SO28,Lower Juba,2015-02-02,0.3551801825293351,0.3578,0.2073105606258148,0.2043,0.3006664053312426,767,0.2802822422579381,0.0548804390435123,pixel_reliability=0 AND MODLAND_QA(bits0-1)=0 AND VI range -2000..10000,MOD13Q1 V061 Terra 250m 16-day
SO2804,Jamaame,SO28,Lower Juba,2015-02-18,0.3219881685575365,0.293,0.1920012425715829,0.1768,0.7255978047824383,1851,0.0439043512348098,0.004704037632301,pixel_reliability=0 AND MODLAND_QA(bits0-1)=0 AND VI range -2000..10000,MOD13Q1 V061 Terra 250m 16-day
SO2804,Jamaame,SO28,Lower Juba,2015-03-06,0.3221279861511829,0.2949,0.1905639353721869,0.1754,0.6793414347314779,1733,0.0858486867894943,0.0035280282242257,pixel_reliability=0 AND MODLAND_QA(bits0-1)=0 AND VI range -2000..10000,MOD13Q1 V061 Terra 250m 16-day
SO2804,Jamaame,SO28,Lower Juba,2015-03-22,0.2512859929078014,0.25675,0.1524604609929077,0.1566,0.2210897687181497,564,0.2861622892983144,0.0705605644845158,pixel_reliability=0 AND MODLAND_QA(bits0-1)=0 AND VI range -2000..10000,MOD13Q1 V061 Terra 250m 16-day
SO2804,Jamaame,SO28,Lower Juba,2015-04-07,0.3146179347826087,0.29065,0.1862451086956522,0.1661,0.1442571540572324,368,0.3249705997647981,0.1724813798510388,pixel_reliability=0 AND MODLAND_QA(bits0-1)=0 AND VI range -2000..10000,MOD13Q1 V061 Terra 250m 16-day
SO2804,Jamaame,SO28,Lower Juba,2015-04-23,0.2829538461538461,0.2869,0.1801792307692307,0.18345,0.0509604076832614,130,0.2383379067032536,0.3551548412387299,pixel_reliability=0 AND MODLAND_QA(bits0-1)=0 AND VI range -2000..10000,MOD13Q1 V061 Terra 250m 16-day
SO2804,Jamaame,SO28,Lower Juba,2015-05-09,0.3046178217821782,0.268,0.1881544554455445,0.1719,0.0791846334770678,202,0.3531948255586045,0.2054096432771462,pixel_reliability=0 AND MODLAND_QA(bits0-1)=0 AND VI range -2000..10000,MOD13Q1 V061 Terra 250m 16-day
SO2804,Jamaame,SO28,Lower Juba,2015-05-25,0.5430811697574892,0.5683,0.3077609129814551,0.3128,0.2747941983535868,701,0.1995295962367698,0.1732653861230889,pixel_reliability=0 AND MODLAND_QA(bits0-1)=0 AND VI range -2000..10000,MOD13Q1 V061 Terra 250m 16-day
SO2804,Jamaame,SO28,Lower Juba,2015-06-10,0.303135294117647,0.34695,0.2144397058823529,0.2462,0.0266562132497059,68,0.2571540572324579,0.4155233241865935,pixel_reliability=0 AND MODLAND_QA(bits0-1)=0 AND VI range -2000..10000,MOD13Q1 V061 Terra 250m 16-day
SO2804,Jamaame,SO28,Lower Juba,2015-06-26,0.34699875,0.3768,0.2343225,0.2588,0.031360250882007,80,0.315562524500196,0.2822422579380635,pixel_reliability=0 AND MODLAND_QA(bits0-1)=0 AND VI range -2000..10000,MOD13Q1 V061 Terra 250m 16-day
SO2804,Jamaame,SO28,Lower Juba,2015-07-12,0.3762,0.4285,0.25745,0.2833,0.0070560564484515,18,0.2873382987063896,0.4280674245393963,pixel_reliability=0 AND MODLAND_QA(bits0-1)=0 AND VI range -2000..10000,MOD13Q1 V061 Terra 250m 16-day
SO2804,Jamaame,SO28,Lower Juba,2015-07-28,0.3894361445783132,0.4305,0.2634048192771084,0.2898,0.0325362602900823,83,0.4602116816934535,0.1477851822814582,pixel_reliability=0 AND MODLAND_QA(bits0-1)=0 AND VI range -2000..10000,MOD13Q1 V061 Terra 250m 16-day
SO2804,Jamaame,SO28,Lower Juba,2015-08-13,0.3409720930232558,0.4136,0.237653488372093,0.2706,0.0168561348490787,43,0.2771462171697373,0.3332026656213249,pixel_reliability=0 AND MODLAND_QA(bits0-1)=0 AND VI range -2000..10000,MOD13Q1 V061 Terra 250m 16-day
SO2804,Jamaame,SO28,Lower Juba,2015-08-29,0.49433862212943636,0.5065000000000001,0.3074221294363257,0.3209,0.18776950215601726,479,0.39709917679341433,0.01764014112112897,pixel_reliability=0 AND MODLAND_QA(bits0-1)=0 AND VI range -2000..10000,MOD13Q1 V061 Terra 250m 16-day
SO2804,Jamaame,SO28,Lower Juba,2015-09-14,0.4628939271255061,0.4764,0.2737678812415655,0.2842,0.2904743237945903,741,0.2500980007840063,0.009016072128577,pixel_reliability=0 AND MODLAND_QA(bits0-1)=0 AND VI range -2000..10000,MOD13Q1 V061 Terra 250m 16-day
SO2804,Jamaame,SO28,Lower Juba,2015-09-30,0.3221689393939393,0.35555,0.2165522727272727,0.24155,0.0517444139553116,132,0.4319874558996472,0.1038808310466483,pixel_reliability=0 AND MODLAND_QA(bits0-1)=0 AND VI range -2000..10000,MOD13Q1 V061 Terra 250m 16-day
SO2804,Jamaame,SO28,Lower Juba,2015-10-16,0.311717358490566,0.3377,0.2009803773584906,0.2143,0.1038808310466483,265,0.3375147001176009,0.1571932575460603,pixel_reliability=0 AND MODLAND_QA(bits0-1)=0 AND VI range -2000..10000,MOD13Q1 V061 Terra 250m 16-day
SO2804,Jamaame,SO28,Lower Juba,2015-11-01,0.2930022222222221,0.3007,0.1900674074074074,0.1987,0.0529204233633869,135,0.2963543708349667,0.2693061544492356,pixel_reliability=0 AND MODLAND_QA(bits0-1)=0 AND VI range -2000..10000,MOD13Q1 V061 Terra 250m 16-day
SO2804,Jamaame,SO28,Lower Juba,2015-11-17,0.4189392935982339,0.4133,0.2601600441501103,0.2631,0.1775774206193649,453,0.3602508820070561,0.0529204233633869,pixel_reliability=0 AND MODLAND_QA(bits0-1)=0 AND VI range -2000..10000,MOD13Q1 V061 Terra 250m 16-day
SO2804,Jamaame,SO28,Lower Juba,2015-12-03,0.443340997229917,0.4461,0.3075626038781163,0.3076,0.1415131321050568,361,0.46687573500588,0.0384163073304586,pixel_reliability=0 AND MODLAND_QA(bits0-1)=0 AND VI range -2000..10000,MOD13Q1 V061 Terra 250m 16-day
SO2804,Jamaame,SO28,Lower Juba,2015-12-19,0.4770458585858586,0.48345,0.3271891919191919,0.3194,0.3880831046648373,990,0.2747941983535868,0.0141121128969031,pixel_reliability=0 AND MODLAND_QA(bits0-1)=0 AND VI range -2000..10000,MOD13Q1 V061 Terra 250m 16-day
Unspecified,Unspecified,SO22,Banadir,2015-01-01,0.22733066666666668,0.2222,0.17110933333333336,0.16820000000000002,0.44642857142857145,75,0.1488095238095238,0.07142857142857142,pixel_reliability=0 AND MODLAND_QA(bits0-1)=0 AND VI range -2000..10000,MOD13Q1 V061 Terra 250m 16-day
Unspecified,Unspecified,SO22,Banadir,2015-01-17,0.2076905405405405,0.2035,0.1565662162162162,0.15425,0.4404761904761904,74,0.1488095238095238,0.0833333333333333,pixel_reliability=0 AND MODLAND_QA(bits0-1)=0 AND VI range -2000..10000,MOD13Q1 V061 Terra 250m 16-day
Unspecified,Unspecified,SO22,Banadir,2015-02-02,0.181059375,0.18025,0.143046875,0.14395,0.1904761904761904,32,0.2083333333333333,0.0833333333333333,pixel_reliability=0 AND MODLAND_QA(bits0-1)=0 AND VI range -2000..10000,MOD13Q1 V061 Terra 250m 16-day
Unspecified,Unspecified,SO22,Banadir,2015-02-18,0.186889552238806,0.1825,0.1391776119402985,0.1363,0.3988095238095238,67,0.1011904761904761,0.1011904761904761,pixel_reliability=0 AND MODLAND_QA(bits0-1)=0 AND VI range -2000..10000,MOD13Q1 V061 Terra 250m 16-day
Unspecified,Unspecified,SO22,Banadir,2015-03-06,0.1854442857142857,0.18125,0.1379828571428571,0.135,0.4166666666666667,70,0.1726190476190476,0.0773809523809523,pixel_reliability=0 AND MODLAND_QA(bits0-1)=0 AND VI range -2000..10000,MOD13Q1 V061 Terra 250m 16-day
Unspecified,Unspecified,SO22,Banadir,2015-03-22,0.1847550724637681,0.1829,0.1413202898550724,0.1406,0.4107142857142857,69,0.2142857142857142,0.0416666666666666,pixel_reliability=0 AND MODLAND_QA(bits0-1)=0 AND VI range -2000..10000,MOD13Q1 V061 Terra 250m 16-day
Unspecified,Unspecified,SO22,Banadir,2015-04-07,0.1793131578947368,0.1815,0.1344947368421053,0.13615,0.2261904761904762,38,0.2023809523809523,0.0535714285714285,pixel_reliability=0 AND MODLAND_QA(bits0-1)=0 AND VI range -2000..10000,MOD13Q1 V061 Terra 250m 16-day
Unspecified,Unspecified,SO22,Banadir,2015-04-23,0.2278068965517242,0.2257,0.1843310344827586,0.185,0.1726190476190476,29,0.1428571428571428,0.3273809523809524,pixel_reliability=0 AND MODLAND_QA(bits0-1)=0 AND VI range -2000..10000,MOD13Q1 V061 Terra 250m 16-day
Unspecified,Unspecified,SO22,Banadir,2015-05-09,0.2406,0.2315,0.19626,0.1908,0.0297619047619047,5,0.1130952380952381,0.625,pixel_reliability=0 AND MODLAND_QA(bits0-1)=0 AND VI range -2000..10000,MOD13Q1 V061 Terra 250m 16-day
Unspecified,Unspecified,SO22,Banadir,2015-05-25,,,,,0.0,0,0.1071428571428571,0.7440476190476191,pixel_reliability=0 AND MODLAND_QA(bits0-1)=0 AND VI range -2000..10000,MOD13Q1 V061 Terra 250m 16-day
Unspecified,Unspecified,SO22,Banadir,2015-06-10,0.2323333333333333,0.2296,0.1932666666666666,0.1952,0.0178571428571428,3,0.2261904761904762,0.375,pixel_reliability=0 AND MODLAND_QA(bits0-1)=0 AND VI range -2000..10000,MOD13Q1 V061 Terra 250m 16-day
Unspecified,Unspecified,SO22,Banadir,2015-06-26,,,,,0.0,0,0.0952380952380952,0.6547619047619048,pixel_reliability=0 AND MODLAND_QA(bits0-1)=0 AND VI range -2000..10000,MOD13Q1 V061 Terra 250m 16-day
Unspecified,Unspecified,SO22,Banadir,2015-07-12,0.25118,0.2593,0.19556,0.1934,0.0297619047619047,5,0.1071428571428571,0.6666666666666666,pixel_reliability=0 AND MODLAND_QA(bits0-1)=0 AND VI range -2000..10000,MOD13Q1 V061 Terra 250m 16-day
Unspecified,Unspecified,SO22,Banadir,2015-07-28,,,,,0.0,0,0.1726190476190476,0.5714285714285714,pixel_reliability=0 AND MODLAND_QA(bits0-1)=0 AND VI range -2000..10000,MOD13Q1 V061 Terra 250m 16-day
Unspecified,Unspecified,SO22,Banadir,2015-08-13,0.2226999999999999,0.2253,0.17925,0.1792,0.0238095238095238,4,0.0773809523809523,0.6369047619047619,pixel_reliability=0 AND MODLAND_QA(bits0-1)=0 AND VI range -2000..10000,MOD13Q1 V061 Terra 250m 16-day
Unspecified,Unspecified,SO22,Banadir,2015-08-29,0.2554,0.2571,0.191575,0.18805,0.047619047619047616,8,0.2916666666666667,0.2619047619047619,pixel_reliability=0 AND MODLAND_QA(bits0-1)=0 AND VI range -2000..10000,MOD13Q1 V061 Terra 250m 16-day
Unspecified,Unspecified,SO22,Banadir,2015-09-14,0.21625,0.21085,0.1763857142857143,0.17415,0.0833333333333333,14,0.2916666666666667,0.1666666666666666,pixel_reliability=0 AND MODLAND_QA(bits0-1)=0 AND VI range -2000..10000,MOD13Q1 V061 Terra 250m 16-day
Unspecified,Unspecified,SO22,Banadir,2015-09-30,0.2094333333333333,0.2039,0.1646,0.1627,0.0535714285714285,9,0.2678571428571428,0.3035714285714285,pixel_reliability=0 AND MODLAND_QA(bits0-1)=0 AND VI range -2000..10000,MOD13Q1 V061 Terra 250m 16-day
Unspecified,Unspecified,SO22,Banadir,2015-10-16,0.2028294117647059,0.2049,0.1623058823529411,0.161,0.1011904761904761,17,0.2202380952380952,0.2619047619047619,pixel_reliability=0 AND MODLAND_QA(bits0-1)=0 AND VI range -2000..10000,MOD13Q1 V061 Terra 250m 16-day
Unspecified,Unspecified,SO22,Banadir,2015-11-01,0.2320625,0.22905,0.184425,0.18355,0.0476190476190476,8,0.1845238095238095,0.3630952380952381,pixel_reliability=0 AND MODLAND_QA(bits0-1)=0 AND VI range -2000..10000,MOD13Q1 V061 Terra 250m 16-day
Unspecified,Unspecified,SO22,Banadir,2015-11-17,0.2414666666666666,0.22705,0.2111333333333333,0.20365,0.0357142857142857,6,0.1428571428571428,0.4642857142857143,pixel_reliability=0 AND MODLAND_QA(bits0-1)=0 AND VI range -2000..10000,MOD13Q1 V061 Terra 250m 16-day
Unspecified,Unspecified,SO22,Banadir,2015-12-03,-0.0209,-0.0209,-0.0207,-0.0207,0.0059523809523809,1,0.2321428571428571,0.4523809523809524,pixel_reliability=0 AND MODLAND_QA(bits0-1)=0 AND VI range -2000..10000,MOD13Q1 V061 Terra 250m 16-day
Unspecified,Unspecified,SO22,Banadir,2015-12-19,0.3101206896551723,0.3146,0.23615,0.2424,0.3452380952380952,58,0.1428571428571428,0.1130952380952381,pixel_reliability=0 AND MODLAND_QA(bits0-1)=0 AND VI range -2000..10000,MOD13Q1 V061 Terra 250m 16-day
