district_id,district_name,region_id,region_name,date,ndvi_mean,ndvi_median,evi_mean,evi_median,valid_pixel_fraction,good_pixel_count,marginal_pixel_fraction,cloudy_pixel_fraction,qa_rule,source_version
SO1101,Borama,SO11,Awdal,2022-01-01,0.1926877718158712,0.1863,0.1212708556904829,0.1213,0.9680153089119736,3541,0.0153089119737561,0.0002733734281027,pixel_reliability=0 AND MODLAND_QA(bits0-1)=0 AND VI range -2000..10000,MOD13Q1 V061 Terra 250m 16-day
SO1101,Borama,SO11,Awdal,2022-01-17,0.1828962719952281,0.1796,0.1155751864002385,0.1168,0.9166211044286496,3353,0.0,0.0,pixel_reliability=0 AND MODLAND_QA(bits0-1)=0 AND VI range -2000..10000,MOD13Q1 V061 Terra 250m 16-day
SO1101,Borama,SO11,Awdal,2022-02-02,0.1746044432254525,0.17135,0.1112051014810751,0.1119,0.9967195188627666,3646,0.0,0.0,pixel_reliability=0 AND MODLAND_QA(bits0-1)=0 AND VI range -2000..10000,MOD13Q1 V061 Terra 250m 16-day
SO1101,Borama,SO11,Awdal,2022-02-18,0.1681427975528365,0.1657,0.1065046996662958,0.10765,0.9830508474576272,3596,0.0010934937124111,0.0,pixel_reliability=0 AND MODLAND_QA(bits0-1)=0 AND VI range -2000..10000,MOD13Q1 V061 Terra 250m 16-day
SO1101,Borama,SO11,Awdal,2022-03-06,0.1642597685312758,0.1627,0.109161835216313,0.1104,0.9920721705850192,3629,0.0,0.0,pixel_reliability=0 AND MODLAND_QA(bits0-1)=0 AND VI range -2000..10000,MOD13Q1 V061 Terra 250m 16-day
SO1101,Borama,SO11,Awdal,2022-03-22,0.159972663277278,0.1592,0.104559992178334,0.1051,0.69901585565883,2557,0.0311645708037178,0.0,pixel_reliability=0 AND MODLAND_QA(bits0-1)=0 AND VI range -2000..10000,MOD13Q1 V061 Terra 250m 16-day
SO1101,Borama,SO11,Awdal,2022-04-07,0.1595212611422912,0.1578,0.1181502806206668,0.1183,0.8280481137233461,3029,0.0333515582285401,0.0,pixel_reliability=0 AND MODLAND_QA(bits0-1)=0 AND VI range -2000..10000,MOD13Q1 V061 Terra 250m 16-day
SO1101,Borama,SO11,Awdal,2022-04-23,0.205729968847352,0.199,0.1444638629283489,0.1419,0.8775287042099508,3210,0.0169491525423728,0.0,pixel_reliability=0 AND MODLAND_QA(bits0-1)=0 AND VI range -2000..10000,MOD13Q1 V061 Terra 250m 16-day
SO1101,Borama,SO11,Awdal,2022-05-09,0.2091059372085794,0.2015,0.1478770282872241,0.144,0.8794423182066703,3217,0.0254237288135593,0.0,pixel_reliability=0 AND MODLAND_QA(bits0-1)=0 AND VI range -2000..10000,MOD13Q1 V061 Terra 250m 16-day
SO1101,Borama,SO11,Awdal,2022-05-25,0.1854232739059967,0.1794,0.1297784116693679,0.1268,0.8433570256971022,3085,0.0462001093493712,0.0,pixel_reliability=0 AND MODLAND_QA(bits0-1)=0 AND VI range -2000..10000,MOD13Q1 V061 Terra 250m 16-day
SO1101,Borama,SO11,Awdal,2022-06-10,0.1920745290975541,0.1858,0.1279630587573798,0.1257,0.9723892837616184,3557,0.0041006014215418,0.0,pixel_reliability=0 AND MODLAND_QA(bits0-1)=0 AND VI range -2000..10000,MOD13Q1 V061 Terra 250m 16-day
SO1101,Borama,SO11,Awdal,2022-06-26,0.1785237551538217,0.1723,0.1232960355217253,0.1213,0.8619464188080919,3153,0.0585019136139967,0.0,pixel_reliability=0 AND MODLAND_QA(bits0-1)=0 AND VI range -2000..10000,MOD13Q1 V061 Terra 250m 16-day
SO1101,Borama,SO11,Awdal,2022-07-12,0.1850823416506718,0.1812,0.1234832739237729,0.1222,0.9969928922908692,3647,0.0,0.0,pixel_reliability=0 AND MODLAND_QA(bits0-1)=0 AND VI range -2000..10000,MOD13Q1 V061 Terra 250m 16-day
SO1101,Borama,SO11,Awdal,2022-07-28,0.1947062977682666,0.1911,0.1286238764903699,0.1269,0.8942044833242209,3271,0.0319846910880262,0.0,pixel_reliability=0 AND MODLAND_QA(bits0-1)=0 AND VI range -2000..10000,MOD13Q1 V061 Terra 250m 16-day
SO1101,Borama,SO11,Awdal,2022-08-13,0.2623256078634247,0.2636,0.1662366787377134,0.168,0.52843083652269,1933,0.0459267359212684,0.0,pixel_reliability=0 AND MODLAND_QA(bits0-1)=0 AND VI range -2000..10000,MOD13Q1 V061 Terra 250m 16-day
SO1101,Borama,SO11,Awdal,2022-08-29,0.26989670433145013,0.26930000000000004,0.1890585687382298,0.1912,0.8709677419354839,3186,0.026790595954073265,0.0,pixel_reliability=0 AND MODLAND_QA(bits0-1)=0 AND VI range -2000..10000,MOD13Q1 V061 Terra 250m 16-day
SO1101,Borama,SO11,Awdal,2022-09-14,0.2921978805970149,0.29050000000000004,0.19480555223880597,0.19935000000000003,0.9158009841443412,3350,0.017769272826681247,0.0,pixel_reliability=0 AND MODLAND_QA(bits0-1)=0 AND VI range -2000..10000,MOD13Q1 V061 Terra 250m 16-day
SO1101,Borama,SO11,Awdal,2022-09-30,0.28193027865555875,0.2792,0.19094714162596954,0.1915,0.9516129032258065,3481,0.005740841990158557,0.0,pixel_reliability=0 AND MODLAND_QA(bits0-1)=0 AND VI range -2000..10000,MOD13Q1 V061 Terra 250m 16-day
SO1101,Borama,SO11,Awdal,2022-10-16,0.23596822301565504,0.23120000000000002,0.1525712441636913,0.153,0.9953526517222526,3641,0.0002733734281027884,0.0,pixel_reliability=0 AND MODLAND_QA(bits0-1)=0 AND VI range -2000..10000,MOD13Q1 V061 Terra 250m 16-day
SO1101,Borama,SO11,Awdal,2022-11-01,0.24137039167351412,0.23120000000000002,0.1453231991235278,0.1448,0.9980863860032805,3651,0.0,0.0,pixel_reliability=0 AND MODLAND_QA(bits0-1)=0 AND VI range -2000..10000,MOD13Q1 V061 Terra 250m 16-day
SO1101,Borama,SO11,Awdal,2022-11-17,0.21538104647926523,0.2092,0.1360873921514055,0.1358,0.9822307271733187,3593,0.0,0.0,pixel_reliability=0 AND MODLAND_QA(bits0-1)=0 AND VI range -2000..10000,MOD13Q1 V061 Terra 250m 16-day
SO1101,Borama,SO11,Awdal,2022-12-03,0.20240253129346314,0.1966,0.12943360222531294,0.13,0.9827774740295243,3595,0.0030071077091306723,0.0,pixel_reliability=0 AND MODLAND_QA(bits0-1)=0 AND VI range -2000..10000,MOD13Q1 V061 Terra 250m 16-day
SO1101,Borama,SO11,Awdal,2022-12-19,0.18734620601949978,0.1812,0.130447689699025,0.1282,0.6448879168944779,2359,0.0008201202843083652,0.0,pixel_reliability=0 AND MODLAND_QA(bits0-1)=0 AND VI range -2000..10000,MOD13Q1 V061 Terra 250m 16-day
SO1102,Baki,SO11,Awdal,2022-01-01,0.1556187990762124,0.1491,0.1007823094688221,0.0961,0.5661610878661087,2165,0.2361401673640167,0.0122907949790794,pixel_reliability=0 AND MODLAND_QA(bits0-1)=0 AND VI range -2000..10000,MOD13Q1 V061 Terra 250m 16-day
SO1102,Baki,SO11,Awdal,2022-01-17,0.147511075367647,0.1396,0.0961611672794117,0.0911,0.5690376569037657,2176,0.2798117154811715,0.0,pixel_reliability=0 AND MODLAND_QA(bits0-1)=0 AND VI range -2000..10000,MOD13Q1 V061 Terra 250m 16-day
SO1102,Baki,SO11,Awdal,2022-02-02,0.1351404582210242,0.12315,0.0923083288409703,0.0869,0.9701882845188284,3710,0.0007845188284518,0.0,pixel_reliability=0 AND MODLAND_QA(bits0-1)=0 AND VI range -2000..10000,MOD13Q1 V061 Terra 250m 16-day
SO1102,Baki,SO11,Awdal,2022-02-18,0.1529828307692307,0.1499,0.0948012307692307,0.0904,0.4249476987447699,1625,0.3951359832635983,0.006276150627615,pixel_reliability=0 AND MODLAND_QA(bits0-1)=0 AND VI range -2000..10000,MOD13Q1 V061 Terra 250m 16-day
SO1102,Baki,SO11,Awdal,2022-03-06,0.1295275515895148,0.1201,0.0889385108756274,0.0851,0.9377615062761506,3586,0.0180439330543933,0.0,pixel_reliability=0 AND MODLAND_QA(bits0-1)=0 AND VI range -2000..10000,MOD13Q1 V061 Terra 250m 16-day
SO1102,Baki,SO11,Awdal,2022-03-22,0.1208142112125163,0.113,0.0838637874837027,0.08045,0.8023012552301255,3068,0.0371338912133891,0.0,pixel_reliability=0 AND MODLAND_QA(bits0-1)=0 AND VI range -2000..10000,MOD13Q1 V061 Terra 250m 16-day
SO1102,Baki,SO11,Awdal,2022-04-07,0.1223563489599503,0.1157,0.091028873020801,0.0877,0.8423117154811716,3221,0.0203974895397489,0.0,pixel_reliability=0 AND MODLAND_QA(bits0-1)=0 AND VI range -2000..10000,MOD13Q1 V061 Terra 250m 16-day
SO1102,Baki,SO11,Awdal,2022-04-23,0.1391776425178147,0.1251,0.0979953384798099,0.0919,0.8807531380753139,3368,0.0067991631799163,0.0,pixel_reliability=0 AND MODLAND_QA(bits0-1)=0 AND VI range -2000..10000,MOD13Q1 V061 Terra 250m 16-day
SO1102,Baki,SO11,Awdal,2022-05-09,0.1374579994316567,0.121,0.0959298380221653,0.0865,0.9202405857740584,3519,0.021705020920502,0.0,pixel_reliability=0 AND MODLAND_QA(bits0-1)=0 AND VI range -2000..10000,MOD13Q1 V061 Terra 250m 16-day
SO1102,Baki,SO11,Awdal,2022-05-25,0.1246917444574095,0.1114,0.0880981621936989,0.0806,0.8964435146443515,3428,0.0185669456066945,0.0018305439330543,pixel_reliability=0 AND MODLAND_QA(bits0-1)=0 AND VI range -2000..10000,MOD13Q1 V061 Terra 250m 16-day
SO1102,Baki,SO11,Awdal,2022-06-10,0.1289471903982542,0.1144,0.0886089743589743,0.0818,0.9586820083682008,3666,0.0101987447698744,0.0007845188284518,pixel_reliability=0 AND MODLAND_QA(bits0-1)=0 AND VI range -2000..10000,MOD13Q1 V061 Terra 250m 16-day
SO1102,Baki,SO11,Awdal,2022-06-26,0.1167494584837545,0.10485,0.0827741576413959,0.0774,0.8692468619246861,3324,0.051255230125523,0.0065376569037656,pixel_reliability=0 AND MODLAND_QA(bits0-1)=0 AND VI range -2000..10000,MOD13Q1 V061 Terra 250m 16-day
SO1102,Baki,SO11,Awdal,2022-07-12,0.1231658292814694,0.1091,0.0847687466234467,0.0786,0.9680962343096234,3702,0.0146443514644351,0.0007845188284518,pixel_reliability=0 AND MODLAND_QA(bits0-1)=0 AND VI range -2000..10000,MOD13Q1 V061 Terra 250m 16-day
SO1102,Baki,SO11,Awdal,2022-07-28,0.1267605650382578,0.1102,0.0861920247204237,0.0777,0.8885983263598326,3398,0.0334728033472803,0.0010460251046025,pixel_reliability=0 AND MODLAND_QA(bits0-1)=0 AND VI range -2000..10000,MOD13Q1 V061 Terra 250m 16-day
SO1102,Baki,SO11,Awdal,2022-08-13,0.1473467079783114,0.11375,0.1023052285050348,0.084,0.6752092050209205,2582,0.0261506276150627,0.0023535564853556,pixel_reliability=0 AND MODLAND_QA(bits0-1)=0 AND VI range -2000..10000,MOD13Q1 V061 Terra 250m 16-day
SO1102,Baki,SO11,Awdal,2022-08-29,0.1583860948477752,0.12990000000000002,0.11177737119437939,0.097,0.893305439330544,3416,0.030334728033472803,0.0005230125523012552,pixel_reliability=0 AND MODLAND_QA(bits0-1)=0 AND VI range -2000..10000,MOD13Q1 V061 Terra 250m 16-day
SO1102,Baki,SO11,Awdal,2022-09-14,0.17092718818380745,0.1383,0.11673306892778995,0.10075,0.9560669456066946,3656,0.006014644351464435,0.0,pixel_reliability=0 AND MODLAND_QA(bits0-1)=0 AND VI range -2000..10000,MOD13Q1 V061 Terra 250m 16-day
SO1102,Baki,SO11,Awdal,2022-09-30,0.17071287236949986,0.14780000000000001,0.11640122984421973,0.1053,0.9568514644351465,3659,0.010460251046025104,0.0,pixel_reliability=0 AND MODLAND_QA(bits0-1)=0 AND VI range -2000..10000,MOD13Q1 V061 Terra 250m 16-day
SO1102,Baki,SO11,Awdal,2022-10-16,0.15928497028021513,0.1433,0.1122286442117181,0.1075,0.9239016736401674,3533,0.014644351464435146,0.0007845188284518828,pixel_reliability=0 AND MODLAND_QA(bits0-1)=0 AND VI range -2000..10000,MOD13Q1 V061 Terra 250m 16-day
SO1102,Baki,SO11,Awdal,2022-11-01,0.18216200796107918,0.1738,0.11287054400707651,0.1095,0.5912656903765691,2261,0.05936192468619247,0.0002615062761506276,pixel_reliability=0 AND MODLAND_QA(bits0-1)=0 AND VI range -2000..10000,MOD13Q1 V061 Terra 250m 16-day
SO1102,Baki,SO11,Awdal,2022-11-17,0.1540914373088685,0.1401,0.10360339171531832,0.0979,0.9406380753138075,3597,0.002615062761506276,0.0,pixel_reliability=0 AND MODLAND_QA(bits0-1)=0 AND VI range -2000..10000,MOD13Q1 V061 Terra 250m 16-day
SO1102,Baki,SO11,Awdal,2022-12-03,0.15820254462590203,0.1453,0.10412362324344855,0.0971,0.6885460251046025,2633,0.12264644351464435,0.0,pixel_reliability=0 AND MODLAND_QA(bits0-1)=0 AND VI range -2000..10000,MOD13Q1 V061 Terra 250m 16-day
SO1102,Baki,SO11,Awdal,2022-12-19,0.1506363773584906,0.14015,0.10573400000000001,0.0998,0.6929916317991632,2650,0.1354602510460251,0.003399581589958159,pixel_reliability=0 AND MODLAND_QA(bits0-1)=0 AND VI range -2000..10000,MOD13Q1 V061 Terra 250m 16-day
SO1103,Lughaye,SO11,Awdal,2022-01-01,0.1118627906976744,0.10705,0.0811127906976744,0.07605,0.0434672731867576,172,0.6411422795046753,0.0561031084154662,pixel_reliability=0 AND MODLAND_QA(bits0-1)=0 AND VI range -2000..10000,MOD13Q1 V061 Terra 250m 16-day
SO1103,Lughaye,SO11,Awdal,2022-01-17,0.1081341931613677,0.1037,0.078520875824835,0.0763,0.4212787465251453,1667,0.4596916856204195,0.0002527167045741,pixel_reliability=0 AND MODLAND_QA(bits0-1)=0 AND VI range -2000..10000,MOD13Q1 V061 Terra 250m 16-day
SO1103,Lughaye,SO11,Awdal,2022-02-02,0.1066541937229437,0.1026,0.07938658008658,0.0771,0.934040940106141,3696,0.0048016173869092,0.0,pixel_reliability=0 AND MODLAND_QA(bits0-1)=0 AND VI range -2000..10000,MOD13Q1 V061 Terra 250m 16-day
SO1103,Lughaye,SO11,Awdal,2022-02-18,0.1065661040787623,0.1042,0.0741372714486638,0.0723,0.1796815769522365,711,0.4553955016426586,0.0290624210260298,pixel_reliability=0 AND MODLAND_QA(bits0-1)=0 AND VI range -2000..10000,MOD13Q1 V061 Terra 250m 16-day
SO1103,Lughaye,SO11,Awdal,2022-03-06,0.1043555151515151,0.10095,0.0768437575757575,0.0752,0.8339651250947687,3300,0.0298205711397523,0.0020217336365933,pixel_reliability=0 AND MODLAND_QA(bits0-1)=0 AND VI range -2000..10000,MOD13Q1 V061 Terra 250m 16-day
SO1103,Lughaye,SO11,Awdal,2022-03-22,0.1002636287973366,0.0987,0.0730914689970869,0.0723,0.6072782410917361,2403,0.0298205711397523,0.0,pixel_reliability=0 AND MODLAND_QA(bits0-1)=0 AND VI range -2000..10000,MOD13Q1 V061 Terra 250m 16-day
SO1103,Lughaye,SO11,Awdal,2022-04-07,0.1024476543209876,0.1004,0.0781388477366255,0.0767,0.9211523881728584,3645,0.0187010361384887,0.0,pixel_reliability=0 AND MODLAND_QA(bits0-1)=0 AND VI range -2000..10000,MOD13Q1 V061 Terra 250m 16-day
SO1103,Lughaye,SO11,Awdal,2022-04-23,0.1038164032697547,0.0994,0.076712234332425,0.0738,0.9274703057872126,3670,0.0111195350012635,0.001516300227445,pixel_reliability=0 AND MODLAND_QA(bits0-1)=0 AND VI range -2000..10000,MOD13Q1 V061 Terra 250m 16-day
SO1103,Lughaye,SO11,Awdal,2022-05-09,0.1024356907894736,0.0986,0.0761470942982456,0.0743,0.9219105382865808,3648,0.0184483194339145,0.0,pixel_reliability=0 AND MODLAND_QA(bits0-1)=0 AND VI range -2000..10000,MOD13Q1 V061 Terra 250m 16-day
SO1103,Lughaye,SO11,Awdal,2022-05-25,0.0952833865814696,0.0932,0.0708658146964856,0.0696,0.8701036138488754,3443,0.032347738185494,0.0020217336365933,pixel_reliability=0 AND MODLAND_QA(bits0-1)=0 AND VI range -2000..10000,MOD13Q1 V061 Terra 250m 16-day
SO1103,Lughaye,SO11,Awdal,2022-06-10,0.0996629219551714,0.0965,0.0734394274912233,0.0719,0.9358099570381602,3703,0.016173869092747,0.0007581501137225,pixel_reliability=0 AND MODLAND_QA(bits0-1)=0 AND VI range -2000..10000,MOD13Q1 V061 Terra 250m 16-day
SO1103,Lughaye,SO11,Awdal,2022-06-26,0.0845593026941362,0.0838,0.0649620285261489,0.0649,0.7973212029315138,3155,0.0727824109173616,0.032347738185494,pixel_reliability=0 AND MODLAND_QA(bits0-1)=0 AND VI range -2000..10000,MOD13Q1 V061 Terra 250m 16-day
SO1103,Lughaye,SO11,Awdal,2022-07-12,0.0943298943948009,0.0915,0.0697077173030056,0.0681,0.9332827899924184,3693,0.0260298205711397,0.0010108668182966,pixel_reliability=0 AND MODLAND_QA(bits0-1)=0 AND VI range -2000..10000,MOD13Q1 V061 Terra 250m 16-day
SO1103,Lughaye,SO11,Awdal,2022-07-28,0.0944862665585293,0.0914,0.0688628007569613,0.0671,0.9347990902198636,3699,0.0187010361384887,0.0002527167045741,pixel_reliability=0 AND MODLAND_QA(bits0-1)=0 AND VI range -2000..10000,MOD13Q1 V061 Terra 250m 16-day
SO1103,Lughaye,SO11,Awdal,2022-08-13,0.0938239804810038,0.0888,0.069390240501917,0.0671,0.7250442254233005,2869,0.0192064695476371,0.00303260045489,pixel_reliability=0 AND MODLAND_QA(bits0-1)=0 AND VI range -2000..10000,MOD13Q1 V061 Terra 250m 16-day
SO1103,Lughaye,SO11,Awdal,2022-08-29,0.09997378614293509,0.09480000000000001,0.07494061647572287,0.0719,0.9264594389689158,3666,0.01491028556987617,0.00025271670457417233,pixel_reliability=0 AND MODLAND_QA(bits0-1)=0 AND VI range -2000..10000,MOD13Q1 V061 Terra 250m 16-day
SO1103,Lughaye,SO11,Awdal,2022-09-14,0.10279433848016954,0.0979,0.07658946412352408,0.07390000000000001,0.8347232752084913,3303,0.015163002274450341,0.00025271670457417233,pixel_reliability=0 AND MODLAND_QA(bits0-1)=0 AND VI range -2000..10000,MOD13Q1 V061 Terra 250m 16-day
SO1103,Lughaye,SO11,Awdal,2022-09-30,0.10324572440087146,0.0983,0.07600070806100219,0.07335,0.9279757391963609,3672,0.013393985342431134,0.00025271670457417233,pixel_reliability=0 AND MODLAND_QA(bits0-1)=0 AND VI range -2000..10000,MOD13Q1 V061 Terra 250m 16-day
SO1103,Lughaye,SO11,Awdal,2022-10-16,0.10468072146658783,0.10020000000000001,0.08039934949733886,0.07775000000000001,0.8546878948698509,3382,0.028304270912307302,0.000758150113722517,pixel_reliability=0 AND MODLAND_QA(bits0-1)=0 AND VI range -2000..10000,MOD13Q1 V061 Terra 250m 16-day
SO1103,Lughaye,SO11,Awdal,2022-11-01,0.10864585045193098,0.10540000000000001,0.07898701725554642,0.0772,0.6151124589335355,2434,0.13292898660601465,0.0012635835228708618,pixel_reliability=0 AND MODLAND_QA(bits0-1)=0 AND VI range -2000..10000,MOD13Q1 V061 Terra 250m 16-day
SO1103,Lughaye,SO11,Awdal,2022-11-17,0.10597678177810434,0.0995,0.0786844232182219,0.0752,0.6878948698508971,2722,0.032853171594642405,0.0,pixel_reliability=0 AND MODLAND_QA(bits0-1)=0 AND VI range -2000..10000,MOD13Q1 V061 Terra 250m 16-day
SO1103,Lughaye,SO11,Awdal,2022-12-03,0.11041326676176892,0.10830000000000001,0.08137318116975749,0.0796,0.1771544099064948,701,0.5686125852918877,0.0010108668182966893,pixel_reliability=0 AND MODLAND_QA(bits0-1)=0 AND VI range -2000..10000,MOD13Q1 V061 Terra 250m 16-day
SO1103,Lughaye,SO11,Awdal,2022-12-19,0.11464603293413174,0.10990000000000001,0.08528532934131737,0.0826,0.33762951731109425,1336,0.36643922163254994,0.025018953752843062,pixel_reliability=0 AND MODLAND_QA(bits0-1)=0 AND VI range -2000..10000,MOD13Q1 V061 Terra 250m 16-day
SO1104,Zeylac,SO11,Awdal,2022-01-01,0.1245569868995633,0.118,0.0761005458515283,0.074,0.2488792283657112,1832,0.4450482271430512,0.083820133134085,pixel_reliability=0 AND MODLAND_QA(bits0-1)=0 AND VI range -2000..10000,MOD13Q1 V061 Terra 250m 16-day
SO1104,Zeylac,SO11,Awdal,2022-01-17,0.1173026468455402,0.1129,0.074728426395939,0.0729,0.374677353620432,2758,0.4042928949870941,0.0289362858307295,pixel_reliability=0 AND MODLAND_QA(bits0-1)=0 AND VI range -2000..10000,MOD13Q1 V061 Terra 250m 16-day
SO1104,Zeylac,SO11,Awdal,2022-02-02,0.1086507341694708,0.1052,0.0745263995105536,0.0733,0.8881945387854912,6538,0.0164379839695693,0.0008151066431191,pixel_reliability=0 AND MODLAND_QA(bits0-1)=0 AND VI range -2000..10000,MOD13Q1 V061 Terra 250m 16-day
SO1104,Zeylac,SO11,Awdal,2022-02-18,0.1151656947444204,0.1123,0.0729889488840892,0.0715,0.3773943757641624,2778,0.3510392609699769,0.0123624507539736,pixel_reliability=0 AND MODLAND_QA(bits0-1)=0 AND VI range -2000..10000,MOD13Q1 V061 Terra 250m 16-day
SO1104,Zeylac,SO11,Awdal,2022-03-06,0.1072009856630824,0.1048,0.0721033452807646,0.0712,0.9096590137209618,6696,0.0201059638636054,0.0019019155006113,pixel_reliability=0 AND MODLAND_QA(bits0-1)=0 AND VI range -2000..10000,MOD13Q1 V061 Terra 250m 16-day
SO1104,Zeylac,SO11,Awdal,2022-03-22,0.1020752879868348,0.0987,0.0711160998354361,0.0696,0.4953131368020649,3646,0.1484852601548702,0.0020377666077978,pixel_reliability=0 AND MODLAND_QA(bits0-1)=0 AND VI range -2000..10000,MOD13Q1 V061 Terra 250m 16-day
SO1104,Zeylac,SO11,Awdal,2022-04-07,0.1036204953457447,0.1009,0.0748549534574468,0.0727,0.8172802608341257,6016,0.0459176742290449,0.000543404428746,pixel_reliability=0 AND MODLAND_QA(bits0-1)=0 AND VI range -2000..10000,MOD13Q1 V061 Terra 250m 16-day
SO1104,Zeylac,SO11,Awdal,2022-04-23,0.104683072050673,0.1013,0.0724800950118765,0.0694,0.8578997418828963,6315,0.0292079880451025,0.0027170221437304,pixel_reliability=0 AND MODLAND_QA(bits0-1)=0 AND VI range -2000..10000,MOD13Q1 V061 Terra 250m 16-day
SO1104,Zeylac,SO11,Awdal,2022-05-09,0.0989308056872038,0.094,0.0708066548183254,0.0678,0.6879500067925554,5064,0.1247113163972286,0.000543404428746,pixel_reliability=0 AND MODLAND_QA(bits0-1)=0 AND VI range -2000..10000,MOD13Q1 V061 Terra 250m 16-day
SO1104,Zeylac,SO11,Awdal,2022-05-25,0.0920669332079021,0.0877,0.0672329727187206,0.0655,0.5776389077570983,4252,0.2170900692840646,0.0020377666077978,pixel_reliability=0 AND MODLAND_QA(bits0-1)=0 AND VI range -2000..10000,MOD13Q1 V061 Terra 250m 16-day
SO1104,Zeylac,SO11,Awdal,2022-06-10,0.0998087332680378,0.0965,0.0689476983349657,0.0675,0.8322238826246434,6126,0.0438799076212471,0.0021736177149843,pixel_reliability=0 AND MODLAND_QA(bits0-1)=0 AND VI range -2000..10000,MOD13Q1 V061 Terra 250m 16-day
SO1104,Zeylac,SO11,Awdal,2022-06-26,0.0924822415751609,0.088,0.065813517606967,0.0642,0.7175655481592175,5282,0.1408775981524249,0.0046189376443418,pixel_reliability=0 AND MODLAND_QA(bits0-1)=0 AND VI range -2000..10000,MOD13Q1 V061 Terra 250m 16-day
SO1104,Zeylac,SO11,Awdal,2022-07-12,0.1014109779841246,0.0968,0.0694807698067994,0.0668,0.9070778426844178,6677,0.0232305393288955,0.0021736177149843,pixel_reliability=0 AND MODLAND_QA(bits0-1)=0 AND VI range -2000..10000,MOD13Q1 V061 Terra 250m 16-day
SO1104,Zeylac,SO11,Awdal,2022-07-28,0.1042567303420702,0.0984,0.0678840219161854,0.0654,0.9174025268305936,6753,0.0133134085042793,0.00312457546529,pixel_reliability=0 AND MODLAND_QA(bits0-1)=0 AND VI range -2000..10000,MOD13Q1 V061 Terra 250m 16-day
SO1104,Zeylac,SO11,Awdal,2022-08-13,0.1225908224400871,0.1059,0.0814172930283224,0.07275,0.4988452655889145,3672,0.106643119141421,0.0021736177149843,pixel_reliability=0 AND MODLAND_QA(bits0-1)=0 AND VI range -2000..10000,MOD13Q1 V061 Terra 250m 16-day
SO1104,Zeylac,SO11,Awdal,2022-08-29,0.12266398725875961,0.10650000000000001,0.0875976578602211,0.07590000000000001,0.7250373590544763,5337,0.08382013313408504,0.0036679798940361364,pixel_reliability=0 AND MODLAND_QA(bits0-1)=0 AND VI range -2000..10000,MOD13Q1 V061 Terra 250m 16-day
SO1104,Zeylac,SO11,Awdal,2022-09-14,0.12615527089458212,0.1119,0.0888157496850063,0.0801,0.6469229724222253,4762,0.1279717429697052,0.0006792555359326179,pixel_reliability=0 AND MODLAND_QA(bits0-1)=0 AND VI range -2000..10000,MOD13Q1 V061 Terra 250m 16-day
SO1104,Zeylac,SO11,Awdal,2022-09-30,0.1270898427260813,0.1143,0.08585378440366973,0.076,0.8292351582665398,6104,0.04849884526558892,0.0013585110718652357,pixel_reliability=0 AND MODLAND_QA(bits0-1)=0 AND VI range -2000..10000,MOD13Q1 V061 Terra 250m 16-day
SO1104,Zeylac,SO11,Awdal,2022-10-16,0.12740583119193516,0.11960000000000001,0.08554607629966397,0.0799,0.6872707512566227,5059,0.07390300230946882,0.0036679798940361364,pixel_reliability=0 AND MODLAND_QA(bits0-1)=0 AND VI range -2000..10000,MOD13Q1 V061 Terra 250m 16-day
SO1104,Zeylac,SO11,Awdal,2022-11-01,0.14779026409144658,0.1361,0.09216066219944817,0.0854,0.3446542589322103,2537,0.5127020785219399,0.005434044287460943,pixel_reliability=0 AND MODLAND_QA(bits0-1)=0 AND VI range -2000..10000,MOD13Q1 V061 Terra 250m 16-day
SO1104,Zeylac,SO11,Awdal,2022-11-17,0.12253340740740741,0.1143,0.08145041975308642,0.0767,0.5501969841054205,4050,0.14902866458361635,0.0006792555359326179,pixel_reliability=0 AND MODLAND_QA(bits0-1)=0 AND VI range -2000..10000,MOD13Q1 V061 Terra 250m 16-day
SO1104,Zeylac,SO11,Awdal,2022-12-03,0.13627549699491448,0.1307,0.08638515950069348,0.0816,0.2938459448444505,2163,0.548023366390436,0.008286917538377937,pixel_reliability=0 AND MODLAND_QA(bits0-1)=0 AND VI range -2000..10000,MOD13Q1 V061 Terra 250m 16-day
SO1104,Zeylac,SO11,Awdal,2022-12-19,0.11807262882748318,0.1148,0.08088491411501121,0.07880000000000001,0.36380926504551014,2678,0.2621926368699905,0.013041706289906262,pixel_reliability=0 AND MODLAND_QA(bits0-1)=0 AND VI range -2000..10000,MOD13Q1 V061 Terra 250m 16-day
SO1201,Hargeysa,SO12,Woqooyi Galbeed,2022-01-01,0.1692354427259843,0.1628,0.107565617105182,0.1042,0.9908419317418646,16229,0.0017705598632395,0.0,pixel_reliability=0 AND MODLAND_QA(bits0-1)=0 AND VI range -2000..10000,MOD13Q1 V061 Terra 250m 16-day
SO1201,Hargeysa,SO12,Woqooyi Galbeed,2022-01-17,0.1626153007542625,0.1569,0.104636141218229,0.1014,0.9632456193906832,15777,0.0147750167897918,0.0,pixel_reliability=0 AND MODLAND_QA(bits0-1)=0 AND VI range -2000..10000,MOD13Q1 V061 Terra 250m 16-day
SO1201,Hargeysa,SO12,Woqooyi Galbeed,2022-02-02,0.1570459734839185,0.1529,0.102500583108274,0.0999,0.9946883204102814,16292,0.0010379144025886,0.0,pixel_reliability=0 AND MODLAND_QA(bits0-1)=0 AND VI range -2000..10000,MOD13Q1 V061 Terra 250m 16-day
SO1201,Hargeysa,SO12,Woqooyi Galbeed,2022-02-18,0.1541894403796717,0.1496,0.0993533517895985,0.0972,0.926247023627816,15171,0.0366322730325416,0.0,pixel_reliability=0 AND MODLAND_QA(bits0-1)=0 AND VI range -2000..10000,MOD13Q1 V061 Terra 250m 16-day
SO1201,Hargeysa,SO12,Woqooyi Galbeed,2022-03-06,0.1498576118303982,0.1474,0.0987437319752101,0.0967,0.9949935893522192,16297,0.0009158068258135,0.0,pixel_reliability=0 AND MODLAND_QA(bits0-1)=0 AND VI range -2000..10000,MOD13Q1 V061 Terra 250m 16-day
SO1201,Hargeysa,SO12,Woqooyi Galbeed,2022-03-22,0.1476449567905128,0.146,0.0957846779789314,0.0935,0.9678857073081384,15853,0.0061053788387569,0.0,pixel_reliability=0 AND MODLAND_QA(bits0-1)=0 AND VI range -2000..10000,MOD13Q1 V061 Terra 250m 16-day
SO1201,Hargeysa,SO12,Woqooyi Galbeed,2022-04-07,0.1486853088245651,0.1476,0.1041867455454609,0.1015,0.8669027413150986,14199,0.0072654008181207,0.0,pixel_reliability=0 AND MODLAND_QA(bits0-1)=0 AND VI range -2000..10000,MOD13Q1 V061 Terra 250m 16-day
SO1201,Hargeysa,SO12,Woqooyi Galbeed,2022-04-23,0.1580287124401219,0.1547,0.1067686819567426,0.1045,0.8411990964039319,13778,0.0109896819097625,0.0,pixel_reliability=0 AND MODLAND_QA(bits0-1)=0 AND VI range -2000..10000,MOD13Q1 V061 Terra 250m 16-day
SO1201,Hargeysa,SO12,Woqooyi Galbeed,2022-05-09,0.1617309580762936,0.1594,0.1103819715472743,0.108,0.9699004823249284,15886,0.0050064106477806,0.0,pixel_reliability=0 AND MODLAND_QA(bits0-1)=0 AND VI range -2000..10000,MOD13Q1 V061 Terra 250m 16-day
SO1201,Hargeysa,SO12,Woqooyi Galbeed,2022-05-25,0.1552980071607106,0.1546,0.1064551982706208,0.1061,0.9037792295011904,14803,0.0266805055253678,0.0,pixel_reliability=0 AND MODLAND_QA(bits0-1)=0 AND VI range -2000..10000,MOD13Q1 V061 Terra 250m 16-day
SO1201,Hargeysa,SO12,Woqooyi Galbeed,2022-06-10,0.1604890348525469,0.158,0.1080330361930295,0.1078,0.9109225227425362,14920,0.0239941388363147,0.0,pixel_reliability=0 AND MODLAND_QA(bits0-1)=0 AND VI range -2000..10000,MOD13Q1 V061 Terra 250m 16-day
SO1201,Hargeysa,SO12,Woqooyi Galbeed,2022-06-26,0.1505697259274006,0.1486,0.1029269427301081,0.1006,0.920019537212284,15069,0.021979363819525,0.0,pixel_reliability=0 AND MODLAND_QA(bits0-1)=0 AND VI range -2000..10000,MOD13Q1 V061 Terra 250m 16-day
SO1201,Hargeysa,SO12,Woqooyi Galbeed,2022-07-12,0.1535036804865938,0.1507,0.1015492241807348,0.0993,0.983698638500519,16112,0.0009768606142011,0.0,pixel_reliability=0 AND MODLAND_QA(bits0-1)=0 AND VI range -2000..10000,MOD13Q1 V061 Terra 250m 16-day
SO1201,Hargeysa,SO12,Woqooyi Galbeed,2022-07-28,0.150016306999437,0.1464,0.0992279727278413,0.0967,0.9760669149520728,15987,0.0050064106477806,0.0,pixel_reliability=0 AND MODLAND_QA(bits0-1)=0 AND VI range -2000..10000,MOD13Q1 V061 Terra 250m 16-day
SO1201,Hargeysa,SO12,Woqooyi Galbeed,2022-08-13,0.1481209331191588,0.1411,0.1033475102219626,0.0978,0.8361926857561511,13696,0.0224677941266255,0.0,pixel_reliability=0 AND MODLAND_QA(bits0-1)=0 AND VI range -2000..10000,MOD13Q1 V061 Terra 250m 16-day
SO1201,Hargeysa,SO12,Woqooyi Galbeed,2022-08-29,0.17003536381283887,0.1615,0.11708565499698775,0.11080000000000001,0.9120825447219,14939,0.006471701569082362,0.0,pixel_reliability=0 AND MODLAND_QA(bits0-1)=0 AND VI range -2000..10000,MOD13Q1 V061 Terra 250m 16-day
SO1201,Hargeysa,SO12,Woqooyi Galbeed,2022-09-14,0.18903812496137448,0.1773,0.12850210122983746,0.1197,0.9879113498992612,16181,0.0014042371329140973,0.0,pixel_reliability=0 AND MODLAND_QA(bits0-1)=0 AND VI range -2000..10000,MOD13Q1 V061 Terra 250m 16-day
SO1201,Hargeysa,SO12,Woqooyi Galbeed,2022-09-30,0.1888231719490891,0.1768,0.12872331544796609,0.12000000000000001,0.9785701202759631,16028,0.0025032053238903474,0.0,pixel_reliability=0 AND MODLAND_QA(bits0-1)=0 AND VI range -2000..10000,MOD13Q1 V061 Terra 250m 16-day
SO1201,Hargeysa,SO12,Woqooyi Galbeed,2022-10-16,0.18250703626129075,0.17600000000000002,0.12482683597329494,0.1213,0.9327797789852861,15278,0.0034800659380914587,0.0,pixel_reliability=0 AND MODLAND_QA(bits0-1)=0 AND VI range -2000..10000,MOD13Q1 V061 Terra 250m 16-day
SO1201,Hargeysa,SO12,Woqooyi Galbeed,2022-11-01,0.18526880714131452,0.1796,0.12684060182852208,0.12290000000000001,0.8480981744917272,13891,0.000671591672263264,0.0,pixel_reliability=0 AND MODLAND_QA(bits0-1)=0 AND VI range -2000..10000,MOD13Q1 V061 Terra 250m 16-day
SO1201,Hargeysa,SO12,Woqooyi Galbeed,2022-11-17,0.17735482627844387,0.1714,0.1184646072914118,0.1154,0.9981073325599853,16348,6.105378838756945e-05,0.0,pixel_reliability=0 AND MODLAND_QA(bits0-1)=0 AND VI range -2000..10000,MOD13Q1 V061 Terra 250m 16-day
SO1201,Hargeysa,SO12,Woqooyi Galbeed,2022-12-03,0.17252600197921825,0.1668,0.11269167491340921,0.10985,0.9871176506502228,16168,0.0010379144025886807,0.0,pixel_reliability=0 AND MODLAND_QA(bits0-1)=0 AND VI range -2000..10000,MOD13Q1 V061 Terra 250m 16-day
SO1201,Hargeysa,SO12,Woqooyi Galbeed,2022-12-19,0.1624260679153753,0.1574,0.10846047028702333,0.1057,0.9061603272483058,14842,0.006776970511020209,0.0,pixel_reliability=0 AND MODLAND_QA(bits0-1)=0 AND VI range -2000..10000,MOD13Q1 V061 Terra 250m 16-day
SO1202,Berbera,SO12,Woqooyi Galbeed,2022-01-01,0.1238219597346677,0.12,0.0875166647271034,0.085,0.7025016350555919,8593,0.093034663178548,0.0076847612818835,pixel_reliability=0 AND MODLAND_QA(bits0-1)=0 AND VI range -2000..10000,MOD13Q1 V061 Terra 250m 16-day
SO1202,Berbera,SO12,Woqooyi Galbeed,2022-01-17,0.1184165666127915,0.1144,0.0836272916185638,0.0815,0.7081425768476128,8662,0.1210758665794637,0.0026978417266187,pixel_reliability=0 AND MODLAND_QA(bits0-1)=0 AND VI range -2000..10000,MOD13Q1 V061 Terra 250m 16-day
SO1202,Berbera,SO12,Woqooyi Galbeed,2022-02-02,0.123787754919499,0.1196,0.087069007155635,0.0844,0.9139960758665796,11180,0.0095650752125572,0.0005722694571615,pixel_reliability=0 AND MODLAND_QA(bits0-1)=0 AND VI range -2000..10000,MOD13Q1 V061 Terra 250m 16-day
SO1202,Berbera,SO12,Woqooyi Galbeed,2022-02-18,0.1221458377687886,0.119,0.0875486693634234,0.0855,0.3839928057553957,4697,0.244359058207979,0.0053956834532374,pixel_reliability=0 AND MODLAND_QA(bits0-1)=0 AND VI range -2000..10000,MOD13Q1 V061 Terra 250m 16-day
SO1202,Berbera,SO12,Woqooyi Galbeed,2022-03-06,0.1177995089666951,0.1152,0.0834490179333902,0.0821,0.7658600392413342,9368,0.0825703073904512,0.0058044473512099,pixel_reliability=0 AND MODLAND_QA(bits0-1)=0 AND VI range -2000..10000,MOD13Q1 V061 Terra 250m 16-day
SO1202,Berbera,SO12,Woqooyi Galbeed,2022-03-22,0.1155701115861925,0.1123,0.0822411826050683,0.0797,0.7839274035317201,9589,0.0542838456507521,0.0034336167429692,pixel_reliability=0 AND MODLAND_QA(bits0-1)=0 AND VI range -2000..10000,MOD13Q1 V061 Terra 250m 16-day
SO1202,Berbera,SO12,Woqooyi Galbeed,2022-04-07,0.1170392350999806,0.115,0.0846819258396427,0.083,0.842217135382603,10302,0.0343361674296926,0.0019620667102681,pixel_reliability=0 AND MODLAND_QA(bits0-1)=0 AND VI range -2000..10000,MOD13Q1 V061 Terra 250m 16-day
SO1202,Berbera,SO12,Woqooyi Galbeed,2022-04-23,0.1168610456765297,0.114,0.0839604232500239,0.0813,0.8537442773054283,10443,0.0241170699803793,0.0038423806409417,pixel_reliability=0 AND MODLAND_QA(bits0-1)=0 AND VI range -2000..10000,MOD13Q1 V061 Terra 250m 16-day
SO1202,Berbera,SO12,Woqooyi Galbeed,2022-05-09,0.1134822757749489,0.1102,0.0821663492371975,0.0793,0.8413178548070634,10291,0.0372792674950948,0.0033518639633747,pixel_reliability=0 AND MODLAND_QA(bits0-1)=0 AND VI range -2000..10000,MOD13Q1 V061 Terra 250m 16-day
SO1202,Berbera,SO12,Woqooyi Galbeed,2022-05-25,0.1061916018509402,0.104,0.0770348823471497,0.0754,0.8303629823413996,10157,0.0380967952910398,0.0031066056245912,pixel_reliability=0 AND MODLAND_QA(bits0-1)=0 AND VI range -2000..10000,MOD13Q1 V061 Terra 250m 16-day
SO1202,Berbera,SO12,Woqooyi Galbeed,2022-06-10,0.1034537845546292,0.1008,0.0765146994295743,0.0749,0.7452583387835187,9116,0.0750490516677567,0.0063767168083714,pixel_reliability=0 AND MODLAND_QA(bits0-1)=0 AND VI range -2000..10000,MOD13Q1 V061 Terra 250m 16-day
SO1202,Berbera,SO12,Woqooyi Galbeed,2022-06-26,0.0945933918058392,0.0933,0.0707247627057551,0.0702,0.6804283845650753,8323,0.1263080444735121,0.0183943754087639,pixel_reliability=0 AND MODLAND_QA(bits0-1)=0 AND VI range -2000..10000,MOD13Q1 V061 Terra 250m 16-day
SO1202,Berbera,SO12,Woqooyi Galbeed,2022-07-12,0.1063639175257732,0.1053,0.0744649300441826,0.0739,0.8881621975147155,10864,0.0210922171353826,0.0068672334859385,pixel_reliability=0 AND MODLAND_QA(bits0-1)=0 AND VI range -2000..10000,MOD13Q1 V061 Terra 250m 16-day
SO1202,Berbera,SO12,Woqooyi Galbeed,2022-07-28,0.1087271935764728,0.107,0.0768675437747895,0.076,0.8450784826684107,10337,0.0451275343361674,0.0078482668410725,pixel_reliability=0 AND MODLAND_QA(bits0-1)=0 AND VI range -2000..10000,MOD13Q1 V061 Terra 250m 16-day
SO1202,Berbera,SO12,Woqooyi Galbeed,2022-08-13,0.1041402009079494,0.1026,0.0774564763836569,0.0759,0.8463865271419229,10353,0.032946370176586,0.0101373446697187,pixel_reliability=0 AND MODLAND_QA(bits0-1)=0 AND VI range -2000..10000,MOD13Q1 V061 Terra 250m 16-day
SO1202,Berbera,SO12,Woqooyi Galbeed,2022-08-29,0.10841014755137143,0.10700000000000001,0.07857264415678464,0.07730000000000001,0.9031229561805101,11047,0.017004578155657292,0.002616088947024199,pixel_reliability=0 AND MODLAND_QA(bits0-1)=0 AND VI range -2000..10000,MOD13Q1 V061 Terra 250m 16-day
SO1202,Berbera,SO12,Woqooyi Galbeed,2022-09-14,0.11242147777082029,0.1111,0.08110814920833707,0.0796,0.913914323086985,11179,0.013489208633093525,0.0010627861347285807,pixel_reliability=0 AND MODLAND_QA(bits0-1)=0 AND VI range -2000..10000,MOD13Q1 V061 Terra 250m 16-day
SO1202,Berbera,SO12,Woqooyi Galbeed,2022-09-30,0.11615552093833045,0.1136,0.08075377073215433,0.0796,0.8921680837148463,10913,0.02133747547416612,0.001880313930673643,pixel_reliability=0 AND MODLAND_QA(bits0-1)=0 AND VI range -2000..10000,MOD13Q1 V061 Terra 250m 16-day
SO1202,Berbera,SO12,Woqooyi Galbeed,2022-10-16,0.12156043461970777,0.1177,0.08734952229299363,0.08460000000000001,0.8727926749509484,10676,0.011200130804447352,0.0009810333551340746,pixel_reliability=0 AND MODLAND_QA(bits0-1)=0 AND VI range -2000..10000,MOD13Q1 V061 Terra 250m 16-day
SO1202,Berbera,SO12,Woqooyi Galbeed,2022-11-01,0.12856359442060086,0.1241,0.09473004291845494,0.0911,0.761935905820798,9320,0.04594506213211249,0.0013080444735120995,pixel_reliability=0 AND MODLAND_QA(bits0-1)=0 AND VI range -2000..10000,MOD13Q1 V061 Terra 250m 16-day
SO1202,Berbera,SO12,Woqooyi Galbeed,2022-11-17,0.12843720714020082,0.12355000000000001,0.09000739122350317,0.0864,0.8793328973185088,10756,0.017331589274035317,0.0009810333551340746,pixel_reliability=0 AND MODLAND_QA(bits0-1)=0 AND VI range -2000..10000,MOD13Q1 V061 Terra 250m 16-day
SO1202,Berbera,SO12,Woqooyi Galbeed,2022-12-03,0.1256690731613028,0.12100000000000001,0.08684849714893206,0.08410000000000001,0.8458960104643558,10347,0.03090255068672335,0.0010627861347285807,pixel_reliability=0 AND MODLAND_QA(bits0-1)=0 AND VI range -2000..10000,MOD13Q1 V061 Terra 250m 16-day
SO1202,Berbera,SO12,Woqooyi Galbeed,2022-12-19,0.12063950756356615,0.1154,0.08656197296427423,0.08310000000000001,0.5080117724002616,6214,0.20863309352517986,0.0036788750817527797,pixel_reliability=0 AND MODLAND_QA(bits0-1)=0 AND VI range -2000..10000,MOD13Q1 V061 Terra 250m 16-day
SO1203,Gebiley,SO12,Woqooyi Galbeed,2022-01-01,0.1932540568158594,0.1958,0.1173008992438177,0.1218,0.9696789536266348,4893,0.0067380103051922,0.0,pixel_reliability=0 AND MODLAND_QA(bits0-1)=0 AND VI range -2000..10000,MOD13Q1 V061 Terra 250m 16-day
SO1203,Gebiley,SO12,Woqooyi Galbeed,2022-01-17,0.1810925616291533,0.1856,0.1129522186495176,0.1178,0.9244946492271106,4665,0.0003963535473642,0.0,pixel_reliability=0 AND MODLAND_QA(bits0-1)=0 AND VI range -2000..10000,MOD13Q1 V061 Terra 250m 16-day
SO1203,Gebiley,SO12,Woqooyi Galbeed,2022-02-02,0.1750852393350691,0.1778,0.1069049669537352,0.1105,0.9894966309948474,4993,0.0011890606420927,0.0,pixel_reliability=0 AND MODLAND_QA(bits0-1)=0 AND VI range -2000..10000,MOD13Q1 V061 Terra 250m 16-day
SO1203,Gebiley,SO12,Woqooyi Galbeed,2022-02-18,0.1706644554011653,0.1729,0.1043413939937248,0.109,0.8842647641696393,4462,0.0253666270313119,0.0,pixel_reliability=0 AND MODLAND_QA(bits0-1)=0 AND VI range -2000..10000,MOD13Q1 V061 Terra 250m 16-day
SO1203,Gebiley,SO12,Woqooyi Galbeed,2022-03-06,0.1644196727853152,0.1667,0.102783399840383,0.1068,0.9932619896948076,5012,0.0011890606420927,0.0,pixel_reliability=0 AND MODLAND_QA(bits0-1)=0 AND VI range -2000..10000,MOD13Q1 V061 Terra 250m 16-day
SO1203,Gebiley,SO12,Woqooyi Galbeed,2022-03-22,0.159151487363006,0.1629,0.0996092820398121,0.1039,0.8860483551327785,4471,0.016052318668252,0.0,pixel_reliability=0 AND MODLAND_QA(bits0-1)=0 AND VI range -2000..10000,MOD13Q1 V061 Terra 250m 16-day
SO1203,Gebiley,SO12,Woqooyi Galbeed,2022-04-07,0.1610064160725859,0.16195,0.1089450097213221,0.1112,0.6115735235830361,3086,0.0204122076892588,0.0,pixel_reliability=0 AND MODLAND_QA(bits0-1)=0 AND VI range -2000..10000,MOD13Q1 V061 Terra 250m 16-day
SO1203,Gebiley,SO12,Woqooyi Galbeed,2022-04-23,0.188592800409941,0.1901,0.1235890084550345,0.1248,0.7734839476813318,3903,0.0120887831946095,0.0001981767736821,pixel_reliability=0 AND MODLAND_QA(bits0-1)=0 AND VI range -2000..10000,MOD13Q1 V061 Terra 250m 16-day
SO1203,Gebiley,SO12,Woqooyi Galbeed,2022-05-09,0.1931676593959731,0.1912,0.1258177642617449,0.1247,0.9449068569163694,4768,0.0087197780420134,0.0,pixel_reliability=0 AND MODLAND_QA(bits0-1)=0 AND VI range -2000..10000,MOD13Q1 V061 Terra 250m 16-day
SO1203,Gebiley,SO12,Woqooyi Galbeed,2022-05-25,0.1755986939486286,0.1776,0.116076578145407,0.1185,0.9104240982956796,4594,0.036662703131193,0.0,pixel_reliability=0 AND MODLAND_QA(bits0-1)=0 AND VI range -2000..10000,MOD13Q1 V061 Terra 250m 16-day
SO1203,Gebiley,SO12,Woqooyi Galbeed,2022-06-10,0.1849256582976117,0.1879,0.1160352316799346,0.121,0.9708680142687276,4899,0.0059453032104637,0.0,pixel_reliability=0 AND MODLAND_QA(bits0-1)=0 AND VI range -2000..10000,MOD13Q1 V061 Terra 250m 16-day
SO1203,Gebiley,SO12,Woqooyi Galbeed,2022-06-26,0.1790137914803483,0.1833,0.1172045187102847,0.1214,0.8420531113753468,4249,0.0275465715418153,0.0,pixel_reliability=0 AND MODLAND_QA(bits0-1)=0 AND VI range -2000..10000,MOD13Q1 V061 Terra 250m 16-day
SO1203,Gebiley,SO12,Woqooyi Galbeed,2022-07-12,0.1859829129373474,0.1895,0.1206993694060211,0.12405,0.9742370194213238,4916,0.0027744748315497,0.0,pixel_reliability=0 AND MODLAND_QA(bits0-1)=0 AND VI range -2000..10000,MOD13Q1 V061 Terra 250m 16-day
SO1203,Gebiley,SO12,Woqooyi Galbeed,2022-07-28,0.1988824937314793,0.2032,0.1293946660588101,0.1314,0.86940150614348,4387,0.0380499405469678,0.0,pixel_reliability=0 AND MODLAND_QA(bits0-1)=0 AND VI range -2000..10000,MOD13Q1 V061 Terra 250m 16-day
SO1203,Gebiley,SO12,Woqooyi Galbeed,2022-08-13,0.2299223529411764,0.2343,0.1583645751633987,0.1605,0.7580261593341261,3825,0.0447879508521601,0.0001981767736821,pixel_reliability=0 AND MODLAND_QA(bits0-1)=0 AND VI range -2000..10000,MOD13Q1 V061 Terra 250m 16-day
SO1203,Gebiley,SO12,Woqooyi Galbeed,2022-08-29,0.2628492866407263,0.2665,0.1696399481193256,0.17175,0.9167657550535078,4626,0.013079667063020214,0.0,pixel_reliability=0 AND MODLAND_QA(bits0-1)=0 AND VI range -2000..10000,MOD13Q1 V061 Terra 250m 16-day
SO1203,Gebiley,SO12,Woqooyi Galbeed,2022-09-14,0.2831170463629097,0.28400000000000003,0.18462188249400482,0.18480000000000002,0.9916765755053508,5004,0.0005945303210463733,0.0,pixel_reliability=0 AND MODLAND_QA(bits0-1)=0 AND VI range -2000..10000,MOD13Q1 V061 Terra 250m 16-day
SO1203,Gebiley,SO12,Woqooyi Galbeed,2022-09-30,0.2660491038652559,0.26580000000000004,0.17519136255668324,0.1743,0.9177566389219184,4631,0.006539833531510107,0.0,pixel_reliability=0 AND MODLAND_QA(bits0-1)=0 AND VI range -2000..10000,MOD13Q1 V061 Terra 250m 16-day
SO1203,Gebiley,SO12,Woqooyi Galbeed,2022-10-16,0.22656936299292213,0.22940000000000002,0.14553296258847323,0.14850000000000002,0.9799841458581054,4945,0.0009908838684106222,0.0,pixel_reliability=0 AND MODLAND_QA(bits0-1)=0 AND VI range -2000..10000,MOD13Q1 V061 Terra 250m 16-day
SO1203,Gebiley,SO12,Woqooyi Galbeed,2022-11-01,0.22578818731117822,0.22505000000000003,0.13844655589123867,0.1391,0.655965120887832,3310,0.0009908838684106222,0.0,pixel_reliability=0 AND MODLAND_QA(bits0-1)=0 AND VI range -2000..10000,MOD13Q1 V061 Terra 250m 16-day
SO1203,Gebiley,SO12,Woqooyi Galbeed,2022-11-17,0.20877407847800242,0.2093,0.1295360285374554,0.1316,1.0,5046,0.0,0.0,pixel_reliability=0 AND MODLAND_QA(bits0-1)=0 AND VI range -2000..10000,MOD13Q1 V061 Terra 250m 16-day
SO1203,Gebiley,SO12,Woqooyi Galbeed,2022-12-03,0.20012453713123093,0.2008,0.12352659206510681,0.12660000000000002,0.9740388426476417,4915,0.009512485136741973,0.0,pixel_reliability=0 AND MODLAND_QA(bits0-1)=0 AND VI range -2000..10000,MOD13Q1 V061 Terra 250m 16-day
SO1203,Gebiley,SO12,Woqooyi Galbeed,2022-12-19,0.18992293654085443,0.1908,0.12391038987971796,0.1255,0.9556084026952041,4822,0.00931430836305985,0.0,pixel_reliability=0 AND MODLAND_QA(bits0-1)=0 AND VI range -2000..10000,MOD13Q1 V061 Terra 250m 16-day
SO1301,Burco,SO13,Togdheer,2022-01-01,0.1811408269157245,0.1799,0.1090795783494456,0.1089,0.9759594882729212,18309,0.002185501066098,0.0,pixel_reliability=0 AND MODLAND_QA(bits0-1)=0 AND VI range -2000..10000,MOD13Q1 V061 Terra 250m 16-day
SO1301,Burco,SO13,Togdheer,2022-01-17,0.1777534754751521,0.1766,0.1078906046411457,0.1081,0.9900319829424308,18573,0.0010660980810234,0.0,pixel_reliability=0 AND MODLAND_QA(bits0-1)=0 AND VI range -2000..10000,MOD13Q1 V061 Terra 250m 16-day
SO1301,Burco,SO13,Togdheer,2022-02-02,0.176164369415164,0.1744,0.1074009096259832,0.1077,0.9962153518123668,18689,0.0007995735607675,0.0,pixel_reliability=0 AND MODLAND_QA(bits0-1)=0 AND VI range -2000..10000,MOD13Q1 V061 Terra 250m 16-day
SO1301,Burco,SO13,Togdheer,2022-02-18,0.1718103060046189,0.1705,0.1061334295612009,0.1064,0.9232409381663113,17320,0.0095415778251599,0.0,pixel_reliability=0 AND MODLAND_QA(bits0-1)=0 AND VI range -2000..10000,MOD13Q1 V061 Terra 250m 16-day
SO1301,Burco,SO13,Togdheer,2022-03-06,0.1730143386499114,0.1705,0.1061793351592288,0.1064,0.992590618336887,18621,0.0012260127931769,0.0,pixel_reliability=0 AND MODLAND_QA(bits0-1)=0 AND VI range -2000..10000,MOD13Q1 V061 Terra 250m 16-day
SO1301,Burco,SO13,Togdheer,2022-03-22,0.1695942513863216,0.1664,0.106309605668515,0.1051,0.8651385927505331,16230,0.031183368869936,0.0,pixel_reliability=0 AND MODLAND_QA(bits0-1)=0 AND VI range -2000..10000,MOD13Q1 V061 Terra 250m 16-day
SO1301,Burco,SO13,Togdheer,2022-04-07,0.1725782993010826,0.169,0.1084053446621899,0.1079,0.7779317697228145,14594,0.0562899786780383,0.0,pixel_reliability=0 AND MODLAND_QA(bits0-1)=0 AND VI range -2000..10000,MOD13Q1 V061 Terra 250m 16-day
SO1301,Burco,SO13,Togdheer,2022-04-23,0.1825182567652612,0.1786,0.112546412838263,0.11,0.8470149253731343,15890,0.0152985074626865,0.0,pixel_reliability=0 AND MODLAND_QA(bits0-1)=0 AND VI range -2000..10000,MOD13Q1 V061 Terra 250m 16-day
SO1301,Burco,SO13,Togdheer,2022-05-09,0.1985680991921005,0.1875,0.1252471947935368,0.1186,0.9501066098081024,17824,0.0078358208955223,0.0,pixel_reliability=0 AND MODLAND_QA(bits0-1)=0 AND VI range -2000..10000,MOD13Q1 V061 Terra 250m 16-day
SO1301,Burco,SO13,Togdheer,2022-05-25,0.1751260356494471,0.1655,0.1138444710348242,0.1093,0.6459488272921109,12118,0.1122068230277185,0.0,pixel_reliability=0 AND MODLAND_QA(bits0-1)=0 AND VI range -2000..10000,MOD13Q1 V061 Terra 250m 16-day
SO1301,Burco,SO13,Togdheer,2022-06-10,0.1795012358999509,0.1716,0.1144570671897989,0.1114,0.5434434968017058,10195,0.1759594882729211,0.0,pixel_reliability=0 AND MODLAND_QA(bits0-1)=0 AND VI range -2000..10000,MOD13Q1 V061 Terra 250m 16-day
SO1301,Burco,SO13,Togdheer,2022-06-26,0.1374827935792734,0.1361,0.0940900309771895,0.0928,0.1892857142857142,3551,0.7340085287846482,0.0,pixel_reliability=0 AND MODLAND_QA(bits0-1)=0 AND VI range -2000..10000,MOD13Q1 V061 Terra 250m 16-day
SO1301,Burco,SO13,Togdheer,2022-07-12,0.1712525848831257,0.1687,0.1045247398054939,0.1039,0.9372601279317696,17583,0.0101279317697228,0.0,pixel_reliability=0 AND MODLAND_QA(bits0-1)=0 AND VI range -2000..10000,MOD13Q1 V061 Terra 250m 16-day
SO1301,Burco,SO13,Togdheer,2022-07-28,0.1540598057882711,0.1527,0.0998072067783701,0.0998,0.5599147121535181,10504,0.2438699360341151,0.0,pixel_reliability=0 AND MODLAND_QA(bits0-1)=0 AND VI range -2000..10000,MOD13Q1 V061 Terra 250m 16-day
SO1301,Burco,SO13,Togdheer,2022-08-13,0.1538104298567144,0.1501,0.0972127540819726,0.0971,0.6398720682302772,12004,0.1077825159914712,0.0012260127931769,pixel_reliability=0 AND MODLAND_QA(bits0-1)=0 AND VI range -2000..10000,MOD13Q1 V061 Terra 250m 16-day
SO1301,Burco,SO13,Togdheer,2022-08-29,0.16409470764522094,0.16090000000000002,0.10198146400561119,0.1015,0.8359808102345416,15683,0.018923240938166313,0.0,pixel_reliability=0 AND MODLAND_QA(bits0-1)=0 AND VI range -2000..10000,MOD13Q1 V061 Terra 250m 16-day
SO1301,Burco,SO13,Togdheer,2022-09-14,0.1758155179863887,0.1752,0.10895742681214217,0.1077,0.9868869936034115,18514,0.0008528784648187633,0.0,pixel_reliability=0 AND MODLAND_QA(bits0-1)=0 AND VI range -2000..10000,MOD13Q1 V061 Terra 250m 16-day
SO1301,Burco,SO13,Togdheer,2022-09-30,0.18478432378745244,0.1827,0.1180053881807648,0.1159,0.6440298507462686,12082,0.1031449893390192,0.0,pixel_reliability=0 AND MODLAND_QA(bits0-1)=0 AND VI range -2000..10000,MOD13Q1 V061 Terra 250m 16-day
SO1301,Burco,SO13,Togdheer,2022-10-16,0.1972479418318283,0.1903,0.12586959071185647,0.1236,0.45453091684434965,8527,0.21593816631130064,0.03859275053304904,pixel_reliability=0 AND MODLAND_QA(bits0-1)=0 AND VI range -2000..10000,MOD13Q1 V061 Terra 250m 16-day
SO1301,Burco,SO13,Togdheer,2022-11-01,0.23718298743855817,0.2331,0.15481715592572365,0.1521,0.7808102345415778,14648,0.017643923240938168,0.0,pixel_reliability=0 AND MODLAND_QA(bits0-1)=0 AND VI range -2000..10000,MOD13Q1 V061 Terra 250m 16-day
SO1301,Burco,SO13,Togdheer,2022-11-17,0.23303832922516343,0.2281,0.1480913031829386,0.14550000000000002,0.994776119402985,18662,0.00010660980810234541,0.0,pixel_reliability=0 AND MODLAND_QA(bits0-1)=0 AND VI range -2000..10000,MOD13Q1 V061 Terra 250m 16-day
SO1301,Burco,SO13,Togdheer,2022-12-03,0.21420796110279977,0.21080000000000002,0.1339212759136568,0.1318,0.9976545842217484,18716,0.00015991471215351814,0.0,pixel_reliability=0 AND MODLAND_QA(bits0-1)=0 AND VI range -2000..10000,MOD13Q1 V061 Terra 250m 16-day
SO1301,Burco,SO13,Togdheer,2022-12-19,0.2032993830141102,0.20070000000000002,0.12714627394173506,0.12560000000000002,0.9935501066098081,18639,5.3304904051172706e-05,0.0,pixel_reliability=0 AND MODLAND_QA(bits0-1)=0 AND VI range -2000..10000,MOD13Q1 V061 Terra 250m 16-day
SO1302,Buuhoodle,SO13,Togdheer,2022-01-01,0.1894328181031285,0.1929,0.1126913564980833,0.1136,0.992513500245459,8087,0.0,0.0,pixel_reliability=0 AND MODLAND_QA(bits0-1)=0 AND VI range -2000..10000,MOD13Q1 V061 Terra 250m 16-day
SO1302,Buuhoodle,SO13,Togdheer,2022-01-17,0.18606129745669,0.1879,0.1113393537289593,0.1123,0.9988954344624448,8139,0.0,0.0,pixel_reliability=0 AND MODLAND_QA(bits0-1)=0 AND VI range -2000..10000,MOD13Q1 V061 Terra 250m 16-day
SO1302,Buuhoodle,SO13,Togdheer,2022-02-02,0.1839515926700282,0.1856,0.1110776042307219,0.1121,0.9979135984290624,8131,0.0,0.0,pixel_reliability=0 AND MODLAND_QA(bits0-1)=0 AND VI range -2000..10000,MOD13Q1 V061 Terra 250m 16-day
SO1302,Buuhoodle,SO13,Togdheer,2022-02-18,0.1800366303121474,0.1818,0.1090090259496051,0.11,0.9790132547864506,7977,0.0,0.0,pixel_reliability=0 AND MODLAND_QA(bits0-1)=0 AND VI range -2000..10000,MOD13Q1 V061 Terra 250m 16-day
SO1302,Buuhoodle,SO13,Togdheer,2022-03-06,0.1810829541261837,0.1825,0.1111211290124215,0.1124,0.9979135984290624,8131,0.0002454590083456,0.0,pixel_reliability=0 AND MODLAND_QA(bits0-1)=0 AND VI range -2000..10000,MOD13Q1 V061 Terra 250m 16-day
SO1302,Buuhoodle,SO13,Togdheer,2022-03-22,0.1954547169811321,0.185,0.1248028631745612,0.1182,0.930166912125675,7579,0.0132547864506627,0.0,pixel_reliability=0 AND MODLAND_QA(bits0-1)=0 AND VI range -2000..10000,MOD13Q1 V061 Terra 250m 16-day
SO1302,Buuhoodle,SO13,Togdheer,2022-04-07,0.1939966440101954,0.1829,0.1232129283489096,0.1171,0.8667157584683358,7062,0.0310505645557191,0.0,pixel_reliability=0 AND MODLAND_QA(bits0-1)=0 AND VI range -2000..10000,MOD13Q1 V061 Terra 250m 16-day
SO1302,Buuhoodle,SO13,Togdheer,2022-04-23,0.2163724120149542,0.212,0.1308754673198401,0.1277,0.952012763868434,7757,0.0055228276877761,0.0,pixel_reliability=0 AND MODLAND_QA(bits0-1)=0 AND VI range -2000..10000,MOD13Q1 V061 Terra 250m 16-day
SO1302,Buuhoodle,SO13,Togdheer,2022-05-09,0.2409196878556332,0.2363,0.1564838887985693,0.1558,0.7549091801669121,6151,0.0591556210112911,0.0,pixel_reliability=0 AND MODLAND_QA(bits0-1)=0 AND VI range -2000..10000,MOD13Q1 V061 Terra 250m 16-day
SO1302,Buuhoodle,SO13,Togdheer,2022-05-25,0.2145727769243898,0.2127,0.1387722136883427,0.1379,0.7190721649484536,5859,0.0483554246440844,0.0003681885125184,pixel_reliability=0 AND MODLAND_QA(bits0-1)=0 AND VI range -2000..10000,MOD13Q1 V061 Terra 250m 16-day
SO1302,Buuhoodle,SO13,Togdheer,2022-06-10,0.2015191231732777,0.197,0.127380375782881,0.1269,0.5878743249877271,4790,0.1048109965635738,0.0,pixel_reliability=0 AND MODLAND_QA(bits0-1)=0 AND VI range -2000..10000,MOD13Q1 V061 Terra 250m 16-day
SO1302,Buuhoodle,SO13,Togdheer,2022-06-26,0.1356409556313993,0.1364,0.1019788395904437,0.102,0.0359597447226313,293,0.917771232204222,0.0,pixel_reliability=0 AND MODLAND_QA(bits0-1)=0 AND VI range -2000..10000,MOD13Q1 V061 Terra 250m 16-day
SO1302,Buuhoodle,SO13,Togdheer,2022-07-12,0.1825239805825243,0.1821,0.1089621844660194,0.109,0.7584683357879234,6180,0.0688512518409425,0.0214776632302405,pixel_reliability=0 AND MODLAND_QA(bits0-1)=0 AND VI range -2000..10000,MOD13Q1 V061 Terra 250m 16-day
SO1302,Buuhoodle,SO13,Togdheer,2022-07-28,0.1596562041737168,0.1544,0.1025699661590524,0.1019,0.4351988217967599,3546,0.3064555719194894,0.0015954835542464,pixel_reliability=0 AND MODLAND_QA(bits0-1)=0 AND VI range -2000..10000,MOD13Q1 V061 Terra 250m 16-day
SO1302,Buuhoodle,SO13,Togdheer,2022-08-13,0.1487707440592131,0.1465,0.1000289053369692,0.0988,0.3150466372115856,2567,0.456308296514482,0.0195139911634757,pixel_reliability=0 AND MODLAND_QA(bits0-1)=0 AND VI range -2000..10000,MOD13Q1 V061 Terra 250m 16-day
SO1302,Buuhoodle,SO13,Togdheer,2022-08-29,0.16642564671101256,0.1652,0.10553346637102734,0.10550000000000001,0.8302650957290133,6765,0.01804123711340206,0.0,pixel_reliability=0 AND MODLAND_QA(bits0-1)=0 AND VI range -2000..10000,MOD13Q1 V061 Terra 250m 16-day
SO1302,Buuhoodle,SO13,Togdheer,2022-09-14,0.177743999489861,0.1802,0.10985676571865835,0.11,0.9623220422189495,7841,0.0033136966126656848,0.0,pixel_reliability=0 AND MODLAND_QA(bits0-1)=0 AND VI range -2000..10000,MOD13Q1 V061 Terra 250m 16-day
SO1302,Buuhoodle,SO13,Togdheer,2022-09-30,0.2084259385665529,0.20140000000000002,0.13764129692832763,0.1317,0.6832351497299951,5567,0.11426116838487972,0.0,pixel_reliability=0 AND MODLAND_QA(bits0-1)=0 AND VI range -2000..10000,MOD13Q1 V061 Terra 250m 16-day
SO1302,Buuhoodle,SO13,Togdheer,2022-10-16,0.22644999999999998,0.21745,0.15325571428571427,0.15165,0.00859106529209622,70,0.34597447226313205,0.2712322042218949,pixel_reliability=0 AND MODLAND_QA(bits0-1)=0 AND VI range -2000..10000,MOD13Q1 V061 Terra 250m 16-day
SO1302,Buuhoodle,SO13,Togdheer,2022-11-01,0.27501421811142185,0.2711,0.1840513658851366,0.1814,0.5705694648993618,4649,0.03203240058910162,0.0,pixel_reliability=0 AND MODLAND_QA(bits0-1)=0 AND VI range -2000..10000,MOD13Q1 V061 Terra 250m 16-day
SO1302,Buuhoodle,SO13,Togdheer,2022-11-17,0.25709745499689635,0.254,0.16151612662942272,0.1589,0.9885861561119293,8055,0.0,0.0,pixel_reliability=0 AND MODLAND_QA(bits0-1)=0 AND VI range -2000..10000,MOD13Q1 V061 Terra 250m 16-day
SO1302,Buuhoodle,SO13,Togdheer,2022-12-03,0.22671041948579163,0.22510000000000002,0.1411101365481609,0.139,0.9976681394207167,8129,0.0,0.0,pixel_reliability=0 AND MODLAND_QA(bits0-1)=0 AND VI range -2000..10000,MOD13Q1 V061 Terra 250m 16-day
SO1302,Buuhoodle,SO13,Togdheer,2022-12-19,0.21293427277302468,0.21250000000000002,0.1305242325113236,0.12890000000000001,0.9754540991654393,7948,0.0,0.0,pixel_reliability=0 AND MODLAND_QA(bits0-1)=0 AND VI range -2000..10000,MOD13Q1 V061 Terra 250m 16-day
SO1303,Owdweyne,SO13,Togdheer,2022-01-01,0.1687994456289978,0.1662,0.1049860447761194,0.1033,0.9576314446145991,9380,0.0074527820316488,0.0,pixel_reliability=0 AND MODLAND_QA(bits0-1)=0 AND VI range -2000..10000,MOD13Q1 V061 Terra 250m 16-day
SO1303,Owdweyne,SO13,Togdheer,2022-01-17,0.1658483544562551,0.1632,0.1034192150449713,0.1017,0.9988769780500256,9784,0.0,0.0,pixel_reliability=0 AND MODLAND_QA(bits0-1)=0 AND VI range -2000..10000,MOD13Q1 V061 Terra 250m 16-day
SO1303,Owdweyne,SO13,Togdheer,2022-02-02,0.1634560098119378,0.1609,0.1038700531479967,0.1021,0.9988769780500256,9784,0.0,0.0,pixel_reliability=0 AND MODLAND_QA(bits0-1)=0 AND VI range -2000..10000,MOD13Q1 V061 Terra 250m 16-day
SO1303,Owdweyne,SO13,Togdheer,2022-02-18,0.1590417936573311,0.1562,0.1025633957990115,0.1011,0.9915262889229198,9712,0.0003062787136294,0.0,pixel_reliability=0 AND MODLAND_QA(bits0-1)=0 AND VI range -2000..10000,MOD13Q1 V061 Terra 250m 16-day
SO1303,Owdweyne,SO13,Togdheer,2022-03-06,0.1600026886117358,0.1572,0.1018080760580658,0.1001,0.9986727922409392,9782,0.0,0.0,pixel_reliability=0 AND MODLAND_QA(bits0-1)=0 AND VI range -2000..10000,MOD13Q1 V061 Terra 250m 16-day
SO1303,Owdweyne,SO13,Togdheer,2022-03-22,0.158740953505852,0.1561,0.0987647696767958,0.0971,0.9507912200102092,9313,0.0036753445635528,0.0,pixel_reliability=0 AND MODLAND_QA(bits0-1)=0 AND VI range -2000..10000,MOD13Q1 V061 Terra 250m 16-day
SO1303,Owdweyne,SO13,Togdheer,2022-04-07,0.1583143436192468,0.1558,0.1056846757322175,0.1028,0.7808065339458907,7648,0.0275650842266462,0.0,pixel_reliability=0 AND MODLAND_QA(bits0-1)=0 AND VI range -2000..10000,MOD13Q1 V061 Terra 250m 16-day
SO1303,Owdweyne,SO13,Togdheer,2022-04-23,0.1691766015447524,0.1652,0.1076361956686354,0.105,0.6741194486983154,6603,0.021337417049515,0.0,pixel_reliability=0 AND MODLAND_QA(bits0-1)=0 AND VI range -2000..10000,MOD13Q1 V061 Terra 250m 16-day
SO1303,Owdweyne,SO13,Togdheer,2022-05-09,0.1787883924886504,0.1699,0.1162827796120512,0.1119,0.9894844308320572,9692,0.0013272077590607,0.0,pixel_reliability=0 AND MODLAND_QA(bits0-1)=0 AND VI range -2000..10000,MOD13Q1 V061 Terra 250m 16-day
SO1303,Owdweyne,SO13,Togdheer,2022-05-25,0.1645224659606656,0.159,0.1103247201210287,0.10795,0.6748340990301174,6610,0.084430832057172,0.0,pixel_reliability=0 AND MODLAND_QA(bits0-1)=0 AND VI range -2000..10000,MOD13Q1 V061 Terra 250m 16-day
SO1303,Owdweyne,SO13,Togdheer,2022-06-10,0.1736739811066127,0.168,0.1111210661268556,0.1097,0.7565084226646248,7410,0.0990301174068402,0.0,pixel_reliability=0 AND MODLAND_QA(bits0-1)=0 AND VI range -2000..10000,MOD13Q1 V061 Terra 250m 16-day
SO1303,Owdweyne,SO13,Togdheer,2022-06-26,0.1469082841235026,0.1458,0.0981987514762949,0.0969,0.6051046452271567,5927,0.2735068912710566,0.0,pixel_reliability=0 AND MODLAND_QA(bits0-1)=0 AND VI range -2000..10000,MOD13Q1 V061 Terra 250m 16-day
SO1303,Owdweyne,SO13,Togdheer,2022-07-12,0.1618717198004771,0.1607,0.1015620147473433,0.1005,0.941500765696784,9222,0.0096988259315977,0.0,pixel_reliability=0 AND MODLAND_QA(bits0-1)=0 AND VI range -2000..10000,MOD13Q1 V061 Terra 250m 16-day
SO1303,Owdweyne,SO13,Togdheer,2022-07-28,0.1566799504417151,0.1545,0.0999483947425124,0.0986,0.9476263399693722,9282,0.0042879019908116,0.0,pixel_reliability=0 AND MODLAND_QA(bits0-1)=0 AND VI range -2000..10000,MOD13Q1 V061 Terra 250m 16-day
SO1303,Owdweyne,SO13,Togdheer,2022-08-13,0.147106506147541,0.1443,0.0971340846994535,0.0935,0.5978560490045942,5856,0.1240428790199081,0.0,pixel_reliability=0 AND MODLAND_QA(bits0-1)=0 AND VI range -2000..10000,MOD13Q1 V061 Terra 250m 16-day
SO1303,Owdweyne,SO13,Togdheer,2022-08-29,0.16265093647675183,0.1597,0.10458741322855274,0.0993,0.77947932618683,7635,0.031138335885655948,0.0,pixel_reliability=0 AND MODLAND_QA(bits0-1)=0 AND VI range -2000..10000,MOD13Q1 V061 Terra 250m 16-day
SO1303,Owdweyne,SO13,Togdheer,2022-09-14,0.1811754266211604,0.17800000000000002,0.11564256903506051,0.1106,0.9871362940275651,9669,0.0,0.0,pixel_reliability=0 AND MODLAND_QA(bits0-1)=0 AND VI range -2000..10000,MOD13Q1 V061 Terra 250m 16-day
SO1303,Owdweyne,SO13,Togdheer,2022-09-30,0.19107487343165308,0.1882,0.12329087607307947,0.1211,0.9276161306789178,9086,0.006636038795303726,0.0,pixel_reliability=0 AND MODLAND_QA(bits0-1)=0 AND VI range -2000..10000,MOD13Q1 V061 Terra 250m 16-day
SO1303,Owdweyne,SO13,Togdheer,2022-10-16,0.1950998985415346,0.1903,0.12668046924540266,0.12440000000000001,0.8050025523226135,7885,0.01919346605410924,0.0,pixel_reliability=0 AND MODLAND_QA(bits0-1)=0 AND VI range -2000..10000,MOD13Q1 V061 Terra 250m 16-day
SO1303,Owdweyne,SO13,Togdheer,2022-11-01,0.19962122545700745,0.1932,0.13028090724441438,0.1269,0.9047473200612557,8862,0.01031138335885656,0.0,pixel_reliability=0 AND MODLAND_QA(bits0-1)=0 AND VI range -2000..10000,MOD13Q1 V061 Terra 250m 16-day
SO1303,Owdweyne,SO13,Togdheer,2022-11-17,0.19544525786937356,0.18710000000000002,0.12752765302983698,0.124,0.9957120980091884,9753,0.0,0.0,pixel_reliability=0 AND MODLAND_QA(bits0-1)=0 AND VI range -2000..10000,MOD13Q1 V061 Terra 250m 16-day
SO1303,Owdweyne,SO13,Togdheer,2022-12-03,0.18611433098231625,0.17930000000000001,0.11842581007870796,0.11560000000000001,0.9987748851454824,9783,0.0,0.0,pixel_reliability=0 AND MODLAND_QA(bits0-1)=0 AND VI range -2000..10000,MOD13Q1 V061 Terra 250m 16-day
SO1303,Owdweyne,SO13,Togdheer,2022-12-19,0.17596722931247427,0.1694,0.11369166323589956,0.1111,0.9919346605410924,9716,0.0005104645227156713,0.0,pixel_reliability=0 AND MODLAND_QA(bits0-1)=0 AND VI range -2000..10000,MOD13Q1 V061 Terra 250m 16-day
SO1304,Sheikh,SO13,Togdheer,2022-01-01,0.2221290583477758,0.18275,0.123606614673599,0.114,0.993400286944046,3462,0.0020086083213773,0.0,pixel_reliability=0 AND MODLAND_QA(bits0-1)=0 AND VI range -2000..10000,MOD13Q1 V061 Terra 250m 16-day
SO1304,Sheikh,SO13,Togdheer,2022-01-17,0.2011774594907407,0.17075,0.1207087094907407,0.1115,0.9916786226685796,3456,0.0028694404591104,0.0,pixel_reliability=0 AND MODLAND_QA(bits0-1)=0 AND VI range -2000..10000,MOD13Q1 V061 Terra 250m 16-day
SO1304,Sheikh,SO13,Togdheer,2022-02-02,0.1899916164226242,0.1654,0.1160487223657766,0.1095,0.999426111908178,3483,0.0,0.0,pixel_reliability=0 AND MODLAND_QA(bits0-1)=0 AND VI range -2000..10000,MOD13Q1 V061 Terra 250m 16-day
SO1304,Sheikh,SO13,Togdheer,2022-02-18,0.1895090560471976,0.1644,0.1088115929203539,0.1036,0.9727403156384504,3390,0.0,0.0,pixel_reliability=0 AND MODLAND_QA(bits0-1)=0 AND VI range -2000..10000,MOD13Q1 V061 Terra 250m 16-day
SO1304,Sheikh,SO13,Togdheer,2022-03-06,0.1761026972740316,0.157,0.1087342611190818,0.1046,1.0,3485,0.0,0.0,pixel_reliability=0 AND MODLAND_QA(bits0-1)=0 AND VI range -2000..10000,MOD13Q1 V061 Terra 250m 16-day
SO1304,Sheikh,SO13,Togdheer,2022-03-22,0.1668696455168304,0.1521,0.1013417634792969,0.0986,0.963271162123386,3357,0.0031563845050215,0.0,pixel_reliability=0 AND MODLAND_QA(bits0-1)=0 AND VI range -2000..10000,MOD13Q1 V061 Terra 250m 16-day
SO1304,Sheikh,SO13,Togdheer,2022-04-07,0.1686334551495016,0.1537,0.1116770099667774,0.1073,0.8637015781922525,3010,0.030703012912482,0.0,pixel_reliability=0 AND MODLAND_QA(bits0-1)=0 AND VI range -2000..10000,MOD13Q1 V061 Terra 250m 16-day
SO1304,Sheikh,SO13,Togdheer,2022-04-23,0.2053470499698976,0.17,0.1361437989163154,0.11965,0.9532281205164992,3322,0.0083213773314203,0.0,pixel_reliability=0 AND MODLAND_QA(bits0-1)=0 AND VI range -2000..10000,MOD13Q1 V061 Terra 250m 16-day
SO1304,Sheikh,SO13,Togdheer,2022-05-09,0.194653358802929,0.1716,0.1277297039159503,0.1178,0.9012912482065996,3141,0.0292682926829268,0.0,pixel_reliability=0 AND MODLAND_QA(bits0-1)=0 AND VI range -2000..10000,MOD13Q1 V061 Terra 250m 16-day
SO1304,Sheikh,SO13,Togdheer,2022-05-25,0.1646191624790619,0.1559,0.1091030150753768,0.1067,0.8565279770444764,2985,0.0453371592539454,0.0,pixel_reliability=0 AND MODLAND_QA(bits0-1)=0 AND VI range -2000..10000,MOD13Q1 V061 Terra 250m 16-day
SO1304,Sheikh,SO13,Togdheer,2022-06-10,0.161443041926851,0.1545,0.1075731935771632,0.106,0.6433285509325681,2242,0.1870875179340028,0.0,pixel_reliability=0 AND MODLAND_QA(bits0-1)=0 AND VI range -2000..10000,MOD13Q1 V061 Terra 250m 16-day
SO1304,Sheikh,SO13,Togdheer,2022-06-26,0.1314886669561441,0.1308,0.0919743812418584,0.0922,0.6608321377331421,2303,0.1802008608321377,0.0,pixel_reliability=0 AND MODLAND_QA(bits0-1)=0 AND VI range -2000..10000,MOD13Q1 V061 Terra 250m 16-day
SO1304,Sheikh,SO13,Togdheer,2022-07-12,0.1640191997697179,0.1523,0.0989378526194588,0.0968,0.9968436154949784,3474,0.0,0.0,pixel_reliability=0 AND MODLAND_QA(bits0-1)=0 AND VI range -2000..10000,MOD13Q1 V061 Terra 250m 16-day
SO1304,Sheikh,SO13,Togdheer,2022-07-28,0.1562890145395799,0.1484,0.1005594911147011,0.0989,0.7104734576757532,2476,0.1210903873744619,0.0,pixel_reliability=0 AND MODLAND_QA(bits0-1)=0 AND VI range -2000..10000,MOD13Q1 V061 Terra 250m 16-day
SO1304,Sheikh,SO13,Togdheer,2022-08-13,0.1502566008153026,0.1425,0.104564408905613,0.1024,0.91506456241033,3189,0.0143472022955523,0.0,pixel_reliability=0 AND MODLAND_QA(bits0-1)=0 AND VI range -2000..10000,MOD13Q1 V061 Terra 250m 16-day
SO1304,Sheikh,SO13,Togdheer,2022-08-29,0.17293696951583978,0.1613,0.10956057979677226,0.1056,0.9601147776183644,3346,0.0014347202295552368,0.0,pixel_reliability=0 AND MODLAND_QA(bits0-1)=0 AND VI range -2000..10000,MOD13Q1 V061 Terra 250m 16-day
SO1304,Sheikh,SO13,Togdheer,2022-09-14,0.20008932568149213,0.1794,0.12983862266857965,0.1237,1.0,3485,0.0,0.0,pixel_reliability=0 AND MODLAND_QA(bits0-1)=0 AND VI range -2000..10000,MOD13Q1 V061 Terra 250m 16-day
SO1304,Sheikh,SO13,Togdheer,2022-09-30,0.21497959438377537,0.1879,0.13103853354134168,0.12490000000000001,0.9196556671449068,3205,0.0109038737446198,0.0,pixel_reliability=0 AND MODLAND_QA(bits0-1)=0 AND VI range -2000..10000,MOD13Q1 V061 Terra 250m 16-day
SO1304,Sheikh,SO13,Togdheer,2022-10-16,0.2347779198140616,0.1943,0.14934601975595588,0.1328,0.987661406025825,3442,0.0,0.0,pixel_reliability=0 AND MODLAND_QA(bits0-1)=0 AND VI range -2000..10000,MOD13Q1 V061 Terra 250m 16-day
SO1304,Sheikh,SO13,Togdheer,2022-11-01,0.24984142480211083,0.2034,0.15613125183230725,0.1369,0.9787661406025825,3411,0.0,0.0,pixel_reliability=0 AND MODLAND_QA(bits0-1)=0 AND VI range -2000..10000,MOD13Q1 V061 Terra 250m 16-day
SO1304,Sheikh,SO13,Togdheer,2022-11-17,0.2417053386911596,0.1981,0.14928630884041333,0.1335,0.999713055954089,3484,0.0,0.0,pixel_reliability=0 AND MODLAND_QA(bits0-1)=0 AND VI range -2000..10000,MOD13Q1 V061 Terra 250m 16-day
SO1304,Sheikh,SO13,Togdheer,2022-12-03,0.2293779534348951,0.1885,0.13667418798505318,0.1246,0.9982783357245337,3479,0.0,0.0,pixel_reliability=0 AND MODLAND_QA(bits0-1)=0 AND VI range -2000..10000,MOD13Q1 V061 Terra 250m 16-day
SO1304,Sheikh,SO13,Togdheer,2022-12-19,0.21082709946396666,0.1777,0.13086420488385944,0.1207,0.9635581061692969,3358,0.0005738880918220947,0.0,pixel_reliability=0 AND MODLAND_QA(bits0-1)=0 AND VI range -2000..10000,MOD13Q1 V061 Terra 250m 16-day
SO1401,Laas Caanood,SO14,Sool,2022-01-01,0.1417371998494543,0.1389,0.1004393074896499,0.1003,0.988026178789231,13285,0.0001487431206306,0.0,pixel_reliability=0 AND MODLAND_QA(bits0-1)=0 AND VI range -2000..10000,MOD13Q1 V061 Terra 250m 16-day
SO1401,Laas Caanood,SO14,Sool,2022-01-17,0.1397742044063647,0.1373,0.0993084149326805,0.099,0.9721850364420646,13072,7.437156031533541e-05,0.0,pixel_reliability=0 AND MODLAND_QA(bits0-1)=0 AND VI range -2000..10000,MOD13Q1 V061 Terra 250m 16-day
SO1401,Laas Caanood,SO14,Sool,2022-02-02,0.1387638708704178,0.1366,0.099724008146025,0.1001,0.986018146660717,13258,7.437156031533541e-05,0.0,pixel_reliability=0 AND MODLAND_QA(bits0-1)=0 AND VI range -2000..10000,MOD13Q1 V061 Terra 250m 16-day
SO1401,Laas Caanood,SO14,Sool,2022-02-18,0.1361587815504807,0.1334,0.0989609224759615,0.0991,0.990034210917745,13312,0.0,0.0,pixel_reliability=0 AND MODLAND_QA(bits0-1)=0 AND VI range -2000..10000,MOD13Q1 V061 Terra 250m 16-day
SO1401,Laas Caanood,SO14,Sool,2022-03-06,0.1371653949932544,0.1347,0.1007878578923699,0.1011,0.9922653577272053,13342,0.0,0.0,pixel_reliability=0 AND MODLAND_QA(bits0-1)=0 AND VI range -2000..10000,MOD13Q1 V061 Terra 250m 16-day
SO1401,Laas Caanood,SO14,Sool,2022-03-22,0.1447776861981118,0.1401,0.1054122283830361,0.1047,0.9925628439684664,13346,0.0003718578015766,0.0,pixel_reliability=0 AND MODLAND_QA(bits0-1)=0 AND VI range -2000..10000,MOD13Q1 V061 Terra 250m 16-day
SO1401,Laas Caanood,SO14,Sool,2022-04-07,0.144727550713749,0.1402,0.1079390458302028,0.107,0.9898854677971144,13310,0.0008180871634686,0.0,pixel_reliability=0 AND MODLAND_QA(bits0-1)=0 AND VI range -2000..10000,MOD13Q1 V061 Terra 250m 16-day
SO1401,Laas Caanood,SO14,Sool,2022-04-23,0.1524237405590594,0.1468,0.1081484154792494,0.1048,0.9551539491298529,12843,0.0087758441172095,0.0,pixel_reliability=0 AND MODLAND_QA(bits0-1)=0 AND VI range -2000..10000,MOD13Q1 V061 Terra 250m 16-day
SO1401,Laas Caanood,SO14,Sool,2022-05-09,0.14775721000188,0.1347,0.1125957322805038,0.1048,0.7911646586345381,10638,0.097798601814666,0.000669344042838,pixel_reliability=0 AND MODLAND_QA(bits0-1)=0 AND VI range -2000..10000,MOD13Q1 V061 Terra 250m 16-day
SO1401,Laas Caanood,SO14,Sool,2022-05-25,0.14903253823328,0.1372,0.1126639237616982,0.1065,0.6516436114829689,8762,0.0926669641529079,0.0002974862412613,pixel_reliability=0 AND MODLAND_QA(bits0-1)=0 AND VI range -2000..10000,MOD13Q1 V061 Terra 250m 16-day
SO1401,Laas Caanood,SO14,Sool,2022-06-10,0.1418416764839148,0.1311,0.1065149705482555,0.1014,0.8206901680797263,11035,0.0183697753978878,0.0,pixel_reliability=0 AND MODLAND_QA(bits0-1)=0 AND VI range -2000..10000,MOD13Q1 V061 Terra 250m 16-day
SO1401,Laas Caanood,SO14,Sool,2022-06-26,0.1280805651672433,0.1204,0.0979860553633218,0.0953,0.644801427933958,8670,0.2260895433586196,0.0007437156031533,pixel_reliability=0 AND MODLAND_QA(bits0-1)=0 AND VI range -2000..10000,MOD13Q1 V061 Terra 250m 16-day
SO1401,Laas Caanood,SO14,Sool,2022-07-12,0.1319050781671158,0.1268,0.0961134663072776,0.0957,0.689796221924736,9275,0.0428380187416332,0.0037929495760821,pixel_reliability=0 AND MODLAND_QA(bits0-1)=0 AND VI range -2000..10000,MOD13Q1 V061 Terra 250m 16-day
SO1401,Laas Caanood,SO14,Sool,2022-07-28,0.1274766040242976,0.1252,0.0951009870918754,0.0942,0.783578759482374,10536,0.0589766473300609,0.000446229361892,pixel_reliability=0 AND MODLAND_QA(bits0-1)=0 AND VI range -2000..10000,MOD13Q1 V061 Terra 250m 16-day
SO1401,Laas Caanood,SO14,Sool,2022-08-13,0.1200220077661032,0.1178,0.0912711740520785,0.0907,0.6511973821210769,8756,0.083816748475383,0.0100401606425702,pixel_reliability=0 AND MODLAND_QA(bits0-1)=0 AND VI range -2000..10000,MOD13Q1 V061 Terra 250m 16-day
SO1401,Laas Caanood,SO14,Sool,2022-08-29,0.1298715636197301,0.1273,0.09525116261340245,0.0951,0.9755317566562547,13117,0.0,0.0,pixel_reliability=0 AND MODLAND_QA(bits0-1)=0 AND VI range -2000..10000,MOD13Q1 V061 Terra 250m 16-day
SO1401,Laas Caanood,SO14,Sool,2022-09-14,0.13220060336375292,0.13040000000000002,0.09723281544611208,0.09680000000000001,0.9860925182210323,13259,0.0006693440428380187,0.0,pixel_reliability=0 AND MODLAND_QA(bits0-1)=0 AND VI range -2000..10000,MOD13Q1 V061 Terra 250m 16-day
SO1401,Laas Caanood,SO14,Sool,2022-09-30,0.15157021227503462,0.14250000000000002,0.1083975696046762,0.1029,0.9669790272199911,13002,0.0012643165253607021,0.0,pixel_reliability=0 AND MODLAND_QA(bits0-1)=0 AND VI range -2000..10000,MOD13Q1 V061 Terra 250m 16-day
SO1401,Laas Caanood,SO14,Sool,2022-10-16,0.15775856215676484,0.1481,0.11804215343651189,0.112,0.44689870593485054,6009,0.3767663245574892,0.02253458277554663,pixel_reliability=0 AND MODLAND_QA(bits0-1)=0 AND VI range -2000..10000,MOD13Q1 V061 Terra 250m 16-day
SO1401,Laas Caanood,SO14,Sool,2022-11-01,0.19017639234598632,0.18025000000000002,0.1391852364654636,0.13470000000000001,0.9561207794139521,12856,0.00029748624126134165,0.0,pixel_reliability=0 AND MODLAND_QA(bits0-1)=0 AND VI range -2000..10000,MOD13Q1 V061 Terra 250m 16-day
SO1401,Laas Caanood,SO14,Sool,2022-11-17,0.17998201541108702,0.1701,0.1278509164359991,0.12340000000000001,0.9941246467350885,13367,7.437156031533541e-05,0.0,pixel_reliability=0 AND MODLAND_QA(bits0-1)=0 AND VI range -2000..10000,MOD13Q1 V061 Terra 250m 16-day
SO1401,Laas Caanood,SO14,Sool,2022-12-03,0.16579459254196097,0.1595,0.11714347231715654,0.11510000000000001,0.9792503346720214,13167,0.0,0.0,pixel_reliability=0 AND MODLAND_QA(bits0-1)=0 AND VI range -2000..10000,MOD13Q1 V061 Terra 250m 16-day
SO1401,Laas Caanood,SO14,Sool,2022-12-19,0.15760258453746465,0.1522,0.1103859228362878,0.10905000000000001,0.9985125687936933,13426,0.0,0.0,pixel_reliability=0 AND MODLAND_QA(bits0-1)=0 AND VI range -2000..10000,MOD13Q1 V061 Terra 250m 16-day
SO1402,Caynabo,SO14,Sool,2022-01-01,0.1592911184210526,0.1575,0.1047502850877192,0.1042,0.974983964079538,9120,0.0,0.0,pixel_reliability=0 AND MODLAND_QA(bits0-1)=0 AND VI range -2000..10000,MOD13Q1 V061 Terra 250m 16-day
SO1402,Caynabo,SO14,Sool,2022-01-17,0.1549801134539227,0.1541,0.1032788183666916,0.1032,0.9988240324994656,9343,0.0,0.0,pixel_reliability=0 AND MODLAND_QA(bits0-1)=0 AND VI range -2000..10000,MOD13Q1 V061 Terra 250m 16-day
SO1402,Caynabo,SO14,Sool,2022-02-02,0.1538909042153813,0.1534,0.102720465515392,0.1028,0.9966859097712208,9323,0.0,0.0,pixel_reliability=0 AND MODLAND_QA(bits0-1)=0 AND VI range -2000..10000,MOD13Q1 V061 Terra 250m 16-day
SO1402,Caynabo,SO14,Sool,2022-02-18,0.1504206806579694,0.1503,0.1014855360181508,0.1016,0.942377592473808,8815,0.0002138122728244,0.0,pixel_reliability=0 AND MODLAND_QA(bits0-1)=0 AND VI range -2000..10000,MOD13Q1 V061 Terra 250m 16-day
SO1402,Caynabo,SO14,Sool,2022-03-06,0.1500977683891236,0.1499,0.1017527028490954,0.102,0.9868505452212956,9231,0.0017104981825956,0.0,pixel_reliability=0 AND MODLAND_QA(bits0-1)=0 AND VI range -2000..10000,MOD13Q1 V061 Terra 250m 16-day
SO1402,Caynabo,SO14,Sool,2022-03-22,0.1521512722788925,0.1513,0.1059632664499495,0.1051,0.9537096429335044,8921,0.0052384006841992,0.0,pixel_reliability=0 AND MODLAND_QA(bits0-1)=0 AND VI range -2000..10000,MOD13Q1 V061 Terra 250m 16-day
SO1402,Caynabo,SO14,Sool,2022-04-07,0.1535336265771501,0.1523,0.1046183586063201,0.1038,0.9235621124652555,8639,0.014432328415651,0.0,pixel_reliability=0 AND MODLAND_QA(bits0-1)=0 AND VI range -2000..10000,MOD13Q1 V061 Terra 250m 16-day
SO1402,Caynabo,SO14,Sool,2022-04-23,0.1669017705554208,0.1624,0.1097658622362357,0.1077,0.8815480008552491,8246,0.009300833867864,0.0,pixel_reliability=0 AND MODLAND_QA(bits0-1)=0 AND VI range -2000..10000,MOD13Q1 V061 Terra 250m 16-day
SO1402,Caynabo,SO14,Sool,2022-05-09,0.1744241580453444,0.1697,0.1195273277569887,0.1156,0.9713491554415224,9086,0.0048107761385503,0.0,pixel_reliability=0 AND MODLAND_QA(bits0-1)=0 AND VI range -2000..10000,MOD13Q1 V061 Terra 250m 16-day
SO1402,Caynabo,SO14,Sool,2022-05-25,0.1659154766450299,0.1637,0.1150915998472699,0.1126,0.8399615137908916,7857,0.0070558050032071,0.0,pixel_reliability=0 AND MODLAND_QA(bits0-1)=0 AND VI range -2000..10000,MOD13Q1 V061 Terra 250m 16-day
SO1402,Caynabo,SO14,Sool,2022-06-10,0.1540064788732394,0.1535,0.106791455399061,0.1061,0.7969852469531751,7455,0.0332478084242035,0.0,pixel_reliability=0 AND MODLAND_QA(bits0-1)=0 AND VI range -2000..10000,MOD13Q1 V061 Terra 250m 16-day
SO1402,Caynabo,SO14,Sool,2022-06-26,0.1304929310854776,0.1285,0.0910565217391304,0.0899,0.3614496472097498,3381,0.3810134701731879,0.0,pixel_reliability=0 AND MODLAND_QA(bits0-1)=0 AND VI range -2000..10000,MOD13Q1 V061 Terra 250m 16-day
SO1402,Caynabo,SO14,Sool,2022-07-12,0.1442334728506787,0.1439,0.0982457126696832,0.0982,0.9450502458841138,8840,0.0028864656831302,0.0,pixel_reliability=0 AND MODLAND_QA(bits0-1)=0 AND VI range -2000..10000,MOD13Q1 V061 Terra 250m 16-day
SO1402,Caynabo,SO14,Sool,2022-07-28,0.1442548556430446,0.1443,0.0973899737532808,0.0975,0.8146247594611931,7620,0.0322856531964934,0.0,pixel_reliability=0 AND MODLAND_QA(bits0-1)=0 AND VI range -2000..10000,MOD13Q1 V061 Terra 250m 16-day
SO1402,Caynabo,SO14,Sool,2022-08-13,0.1379250878533231,0.1371,0.0946280519480519,0.0944,0.6997006628180458,6545,0.0943981184519991,0.0,pixel_reliability=0 AND MODLAND_QA(bits0-1)=0 AND VI range -2000..10000,MOD13Q1 V061 Terra 250m 16-day
SO1402,Caynabo,SO14,Sool,2022-08-29,0.14486205592482237,0.1446,0.09771095576438231,0.0976,0.9328629463331195,8726,0.007911054094505024,0.0,pixel_reliability=0 AND MODLAND_QA(bits0-1)=0 AND VI range -2000..10000,MOD13Q1 V061 Terra 250m 16-day
SO1402,Caynabo,SO14,Sool,2022-09-14,0.1516092693565976,0.1499,0.10256907306434025,0.10060000000000001,0.9803292709001497,9170,0.0005345306820611504,0.0,pixel_reliability=0 AND MODLAND_QA(bits0-1)=0 AND VI range -2000..10000,MOD13Q1 V061 Terra 250m 16-day
SO1402,Caynabo,SO14,Sool,2022-09-30,0.15574073380756273,0.1517,0.10550813677773617,0.10210000000000001,0.8566388710711995,8013,0.014111610006414367,0.0,pixel_reliability=0 AND MODLAND_QA(bits0-1)=0 AND VI range -2000..10000,MOD13Q1 V061 Terra 250m 16-day
SO1402,Caynabo,SO14,Sool,2022-10-16,0.1791543294401933,0.18100000000000002,0.11813350785340315,0.1188,0.26544793671156725,2483,0.3249946546931794,0.06735086593970493,pixel_reliability=0 AND MODLAND_QA(bits0-1)=0 AND VI range -2000..10000,MOD13Q1 V061 Terra 250m 16-day
SO1402,Caynabo,SO14,Sool,2022-11-01,0.1835272046859746,0.17835,0.12926770257077774,0.12560000000000002,0.6570451143895659,6146,0.027474877057943124,0.0,pixel_reliability=0 AND MODLAND_QA(bits0-1)=0 AND VI range -2000..10000,MOD13Q1 V061 Terra 250m 16-day
SO1402,Caynabo,SO14,Sool,2022-11-17,0.1817378887334553,0.1766,0.12356120736037879,0.1206,0.993478725678854,9293,0.0,0.0,pixel_reliability=0 AND MODLAND_QA(bits0-1)=0 AND VI range -2000..10000,MOD13Q1 V061 Terra 250m 16-day
SO1402,Caynabo,SO14,Sool,2022-12-03,0.16909629867351306,0.1655,0.11382059264013691,0.1125,0.9993585631815266,9348,0.0,0.0,pixel_reliability=0 AND MODLAND_QA(bits0-1)=0 AND VI range -2000..10000,MOD13Q1 V061 Terra 250m 16-day
SO1402,Caynabo,SO14,Sool,2022-12-19,0.1625131185652607,0.16,0.10970197055241893,0.109,0.9656831302116742,9033,0.0,0.0,pixel_reliability=0 AND MODLAND_QA(bits0-1)=0 AND VI range -2000..10000,MOD13Q1 V061 Terra 250m 16-day
SO1403,Taleex,SO14,Sool,2022-01-01,0.1360665616074066,0.1353,0.1004580419580419,0.0973,0.99627121970366,10153,0.0,0.0,pixel_reliability=0 AND MODLAND_QA(bits0-1)=0 AND VI range -2000..10000,MOD13Q1 V061 Terra 250m 16-day
SO1403,Taleex,SO14,Sool,2022-01-17,0.133072359006734,0.1332,0.0991196338383838,0.0965,0.9325875772740654,9504,0.0005887547836326,0.0,pixel_reliability=0 AND MODLAND_QA(bits0-1)=0 AND VI range -2000..10000,MOD13Q1 V061 Terra 250m 16-day
SO1403,Taleex,SO14,Sool,2022-02-02,0.1330397277838051,0.1332,0.0993588716835979,0.0968,0.9948974585418506,10139,0.0,0.0,pixel_reliability=0 AND MODLAND_QA(bits0-1)=0 AND VI range -2000..10000,MOD13Q1 V061 Terra 250m 16-day
SO1403,Taleex,SO14,Sool,2022-02-18,0.1297934098851722,0.1298,0.0978943584623065,0.0953,0.98272985968011,10015,0.0001962515945442,0.0,pixel_reliability=0 AND MODLAND_QA(bits0-1)=0 AND VI range -2000..10000,MOD13Q1 V061 Terra 250m 16-day
SO1403,Taleex,SO14,Sool,2022-03-06,0.1316786188447438,0.1319,0.0999929356980085,0.097,0.990383671867334,10093,0.0001962515945442,0.0,pixel_reliability=0 AND MODLAND_QA(bits0-1)=0 AND VI range -2000..10000,MOD13Q1 V061 Terra 250m 16-day
SO1403,Taleex,SO14,Sool,2022-03-22,0.1329258189783929,0.1322,0.1009656078860898,0.0978,0.9854773820037288,10043,0.0014718869590815,0.0,pixel_reliability=0 AND MODLAND_QA(bits0-1)=0 AND VI range -2000..10000,MOD13Q1 V061 Terra 250m 16-day
SO1403,Taleex,SO14,Sool,2022-04-07,0.1315007128835623,0.1312,0.1002154561421634,0.0971,0.9497595917966832,9679,0.0022568933372583,0.0,pixel_reliability=0 AND MODLAND_QA(bits0-1)=0 AND VI range -2000..10000,MOD13Q1 V061 Terra 250m 16-day
SO1403,Taleex,SO14,Sool,2022-04-23,0.1333179632389468,0.1316,0.0988460307998013,0.097,0.987636149543715,10065,0.0,0.0,pixel_reliability=0 AND MODLAND_QA(bits0-1)=0 AND VI range -2000..10000,MOD13Q1 V061 Terra 250m 16-day
SO1403,Taleex,SO14,Sool,2022-05-09,0.131030017118115,0.128,0.0996484543349108,0.0964,0.9744872927092532,9931,0.0025512707290746,0.0,pixel_reliability=0 AND MODLAND_QA(bits0-1)=0 AND VI range -2000..10000,MOD13Q1 V061 Terra 250m 16-day
SO1403,Taleex,SO14,Sool,2022-05-25,0.1329611771177118,0.1301,0.1006659625962596,0.0977,0.8919634972034147,9090,0.0014718869590815,0.0,pixel_reliability=0 AND MODLAND_QA(bits0-1)=0 AND VI range -2000..10000,MOD13Q1 V061 Terra 250m 16-day
SO1403,Taleex,SO14,Sool,2022-06-10,0.1271560471617843,0.1257,0.0983126656132247,0.096,0.8072809341575901,8227,0.0289471101952703,0.0,pixel_reliability=0 AND MODLAND_QA(bits0-1)=0 AND VI range -2000..10000,MOD13Q1 V061 Terra 250m 16-day
SO1403,Taleex,SO14,Sool,2022-06-26,0.1249352403311503,0.1231,0.0991215989126405,0.0972,0.7941320773231283,8093,0.0392503189088411,0.0001962515945442,pixel_reliability=0 AND MODLAND_QA(bits0-1)=0 AND VI range -2000..10000,MOD13Q1 V061 Terra 250m 16-day
SO1403,Taleex,SO14,Sool,2022-07-12,0.1182069090088056,0.117,0.0907299503273876,0.0887,0.869198312236287,8858,0.0209007948189579,0.0,pixel_reliability=0 AND MODLAND_QA(bits0-1)=0 AND VI range -2000..10000,MOD13Q1 V061 Terra 250m 16-day
SO1403,Taleex,SO14,Sool,2022-07-28,0.1226048755320521,0.1207,0.0917269186121501,0.09,0.7607693062506132,7753,0.0080463153763124,0.0,pixel_reliability=0 AND MODLAND_QA(bits0-1)=0 AND VI range -2000..10000,MOD13Q1 V061 Terra 250m 16-day
SO1403,Taleex,SO14,Sool,2022-08-13,0.116304325731284,0.1151,0.0888676127912741,0.0878,0.7916789323913257,8068,0.0240408203316651,0.0,pixel_reliability=0 AND MODLAND_QA(bits0-1)=0 AND VI range -2000..10000,MOD13Q1 V061 Terra 250m 16-day
SO1403,Taleex,SO14,Sool,2022-08-29,0.1214692134601616,0.1203,0.09255879104019639,0.0906,0.9593759199293495,9777,0.0004906289863605142,0.0,pixel_reliability=0 AND MODLAND_QA(bits0-1)=0 AND VI range -2000..10000,MOD13Q1 V061 Terra 250m 16-day
SO1403,Taleex,SO14,Sool,2022-09-14,0.12371219873567761,0.1227,0.09580980837613591,0.0935,0.9934255715827691,10124,0.0,0.0,pixel_reliability=0 AND MODLAND_QA(bits0-1)=0 AND VI range -2000..10000,MOD13Q1 V061 Terra 250m 16-day
SO1403,Taleex,SO14,Sool,2022-09-30,0.13241239647692918,0.13,0.09806400683580913,0.0965,0.7464429398488863,7607,0.09891080365027966,0.0,pixel_reliability=0 AND MODLAND_QA(bits0-1)=0 AND VI range -2000..10000,MOD13Q1 V061 Terra 250m 16-day
SO1403,Taleex,SO14,Sool,2022-10-16,0.14573330398415144,0.1413,0.10664285714285715,0.10260000000000001,0.4457854970071632,4543,0.34824845451869296,0.0,pixel_reliability=0 AND MODLAND_QA(bits0-1)=0 AND VI range -2000..10000,MOD13Q1 V061 Terra 250m 16-day
SO1403,Taleex,SO14,Sool,2022-11-01,0.15242347250509164,0.14930000000000002,0.11512067209775967,0.11230000000000001,0.9635953292120498,9820,0.0,0.0,pixel_reliability=0 AND MODLAND_QA(bits0-1)=0 AND VI range -2000..10000,MOD13Q1 V061 Terra 250m 16-day
SO1403,Taleex,SO14,Sool,2022-11-17,0.14468320872903617,0.14250000000000002,0.10963012729844414,0.1071,0.9712491413992739,9898,0.0,0.0,pixel_reliability=0 AND MODLAND_QA(bits0-1)=0 AND VI range -2000..10000,MOD13Q1 V061 Terra 250m 16-day
SO1403,Taleex,SO14,Sool,2022-12-03,0.13991435134325378,0.1378,0.10547877758913414,0.1032,0.9825336080855657,10013,0.0,0.0,pixel_reliability=0 AND MODLAND_QA(bits0-1)=0 AND VI range -2000..10000,MOD13Q1 V061 Terra 250m 16-day
SO1403,Taleex,SO14,Sool,2022-12-19,0.1356932081067721,0.1338,0.10201079584775086,0.0995,0.9925424394073202,10115,0.0,0.0,pixel_reliability=0 AND MODLAND_QA(bits0-1)=0 AND VI range -2000..10000,MOD13Q1 V061 Terra 250m 16-day
SO1404,Xudun,SO14,Sool,2022-01-01,0.137905651242901,0.1359,0.1013412717624057,0.1003,0.9873150105708244,10741,9.192021325489476e-05,0.0,pixel_reliability=0 AND MODLAND_QA(bits0-1)=0 AND VI range -2000..10000,MOD13Q1 V061 Terra 250m 16-day
SO1404,Xudun,SO14,Sool,2022-01-17,0.135161163434903,0.1335,0.1009283841181902,0.1,0.99549590955051,10830,0.0,0.0,pixel_reliability=0 AND MODLAND_QA(bits0-1)=0 AND VI range -2000..10000,MOD13Q1 V061 Terra 250m 16-day
SO1404,Xudun,SO14,Sool,2022-02-02,0.135003252409192,0.1337,0.1004615270570793,0.0999,0.992002941446824,10792,0.0,0.0,pixel_reliability=0 AND MODLAND_QA(bits0-1)=0 AND VI range -2000..10000,MOD13Q1 V061 Terra 250m 16-day
SO1404,Xudun,SO14,Sool,2022-02-18,0.1321037245841035,0.1306,0.0997132624768946,0.0987,0.9945767074179612,10820,0.0,0.0,pixel_reliability=0 AND MODLAND_QA(bits0-1)=0 AND VI range -2000..10000,MOD13Q1 V061 Terra 250m 16-day
SO1404,Xudun,SO14,Sool,2022-03-06,0.1330043373938723,0.1316,0.1015844407530454,0.1006,0.9960474308300395,10836,0.0,0.0,pixel_reliability=0 AND MODLAND_QA(bits0-1)=0 AND VI range -2000..10000,MOD13Q1 V061 Terra 250m 16-day
SO1404,Xudun,SO14,Sool,2022-03-22,0.1359724687355257,0.1329,0.1036100324224177,0.1018,0.9922787020865887,10795,0.0,0.0,pixel_reliability=0 AND MODLAND_QA(bits0-1)=0 AND VI range -2000..10000,MOD13Q1 V061 Terra 250m 16-day
SO1404,Xudun,SO14,Sool,2022-04-07,0.1350541275011633,0.1326,0.1036960446719404,0.102,0.987682691423844,10745,0.0011030425590587,0.0,pixel_reliability=0 AND MODLAND_QA(bits0-1)=0 AND VI range -2000..10000,MOD13Q1 V061 Terra 250m 16-day
SO1404,Xudun,SO14,Sool,2022-04-23,0.1486817078861409,0.1396,0.1067532057862809,0.1038,0.9849250850261972,10715,0.0,0.0,pixel_reliability=0 AND MODLAND_QA(bits0-1)=0 AND VI range -2000..10000,MOD13Q1 V061 Terra 250m 16-day
SO1404,Xudun,SO14,Sool,2022-05-09,0.1409235176167287,0.1362,0.1070248352907476,0.1034,0.9626803934185127,10473,0.0007353617060391,0.0,pixel_reliability=0 AND MODLAND_QA(bits0-1)=0 AND VI range -2000..10000,MOD13Q1 V061 Terra 250m 16-day
SO1404,Xudun,SO14,Sool,2022-05-25,0.1448638111514633,0.1409,0.1090737022003845,0.1064,0.8605570364923246,9362,0.001746484051843,0.0,pixel_reliability=0 AND MODLAND_QA(bits0-1)=0 AND VI range -2000..10000,MOD13Q1 V061 Terra 250m 16-day
SO1404,Xudun,SO14,Sool,2022-06-10,0.1304607119600608,0.1284,0.0991758628174517,0.0971,0.8469528449306002,9214,0.0038606489567055,0.0,pixel_reliability=0 AND MODLAND_QA(bits0-1)=0 AND VI range -2000..10000,MOD13Q1 V061 Terra 250m 16-day
SO1404,Xudun,SO14,Sool,2022-06-26,0.1262626320845341,0.1241,0.0975302977905859,0.0954,0.4784447099917271,5205,0.4559242577442779,0.0002757606397646,pixel_reliability=0 AND MODLAND_QA(bits0-1)=0 AND VI range -2000..10000,MOD13Q1 V061 Terra 250m 16-day
SO1404,Xudun,SO14,Sool,2022-07-12,0.123166353301268,0.1227,0.0935406646261478,0.0921,0.8408861108557771,9148,0.0031252872506664,0.0,pixel_reliability=0 AND MODLAND_QA(bits0-1)=0 AND VI range -2000..10000,MOD13Q1 V061 Terra 250m 16-day
SO1404,Xudun,SO14,Sool,2022-07-28,0.1247597319434102,0.1241,0.0928447952345495,0.0922,0.6172442320066183,6715,0.0804301865980329,0.0,pixel_reliability=0 AND MODLAND_QA(bits0-1)=0 AND VI range -2000..10000,MOD13Q1 V061 Terra 250m 16-day
SO1404,Xudun,SO14,Sool,2022-08-13,0.1193202158979391,0.1192,0.089903532875368,0.0894,0.749333578453902,8152,0.0343781597573306,0.0003676808530195,pixel_reliability=0 AND MODLAND_QA(bits0-1)=0 AND VI range -2000..10000,MOD13Q1 V061 Terra 250m 16-day
SO1404,Xudun,SO14,Sool,2022-08-29,0.1219853267446551,0.12140000000000001,0.093548759580476,0.09240000000000001,0.9114808346355363,9916,0.0004596010662744738,0.0,pixel_reliability=0 AND MODLAND_QA(bits0-1)=0 AND VI range -2000..10000,MOD13Q1 V061 Terra 250m 16-day
SO1404,Xudun,SO14,Sool,2022-09-14,0.12579733259749815,0.12380000000000001,0.09554037895511407,0.0936,0.9993565585072157,10872,0.0,0.0,pixel_reliability=0 AND MODLAND_QA(bits0-1)=0 AND VI range -2000..10000,MOD13Q1 V061 Terra 250m 16-day
SO1404,Xudun,SO14,Sool,2022-09-30,0.13548177116318344,0.1296,0.10188948701709943,0.0988,0.8708521003768729,9474,0.014155712841253791,0.0,pixel_reliability=0 AND MODLAND_QA(bits0-1)=0 AND VI range -2000..10000,MOD13Q1 V061 Terra 250m 16-day
SO1404,Xudun,SO14,Sool,2022-10-16,0.17391173913043478,0.16705,0.12626818181818183,0.1222,0.23255813953488372,2530,0.49186506112694184,0.009835462818273738,pixel_reliability=0 AND MODLAND_QA(bits0-1)=0 AND VI range -2000..10000,MOD13Q1 V061 Terra 250m 16-day
SO1404,Xudun,SO14,Sool,2022-11-01,0.16933677055396285,0.1617,0.12852995468417647,0.124,0.993933265925177,10813,0.0,0.0,pixel_reliability=0 AND MODLAND_QA(bits0-1)=0 AND VI range -2000..10000,MOD13Q1 V061 Terra 250m 16-day
SO1404,Xudun,SO14,Sool,2022-11-17,0.15769773441834659,0.15280000000000002,0.11779295357869429,0.1149,0.9940251861384318,10814,0.0,0.0,pixel_reliability=0 AND MODLAND_QA(bits0-1)=0 AND VI range -2000..10000,MOD13Q1 V061 Terra 250m 16-day
SO1404,Xudun,SO14,Sool,2022-12-03,0.15004351180516826,0.1452,0.11183369585424802,0.10940000000000001,0.9888776541961577,10758,0.0,0.0,pixel_reliability=0 AND MODLAND_QA(bits0-1)=0 AND VI range -2000..10000,MOD13Q1 V061 Terra 250m 16-day
SO1404,Xudun,SO14,Sool,2022-12-19,0.1431228737113402,0.1396,0.10624480854197349,0.1046,0.9986211968011766,10864,0.0,0.0,pixel_reliability=0 AND MODLAND_QA(bits0-1)=0 AND VI range -2000..10000,MOD13Q1 V061 Terra 250m 16-day
SO1501,Ceerigaabo,SO15,Sanaag,2022-01-01,0.1553356572753939,0.1398,0.10664562384883,0.1016,0.965996705107084,29318,0.0055683690280065,3.2948929159802305e-05,pixel_reliability=0 AND MODLAND_QA(bits0-1)=0 AND VI range -2000..10000,MOD13Q1 V061 Terra 250m 16-day
SO1501,Ceerigaabo,SO15,Sanaag,2022-01-17,0.1524730600493556,0.1381,0.1052685220729366,0.1005,0.961317957166392,29176,0.0009555189456342,3.2948929159802305e-05,pixel_reliability=0 AND MODLAND_QA(bits0-1)=0 AND VI range -2000..10000,MOD13Q1 V061 Terra 250m 16-day
SO1501,Ceerigaabo,SO15,Sanaag,2022-02-02,0.1497672013536379,0.1352,0.1033469001692047,0.0998,0.9736408566721582,29550,0.0004612850082372,0.0,pixel_reliability=0 AND MODLAND_QA(bits0-1)=0 AND VI range -2000..10000,MOD13Q1 V061 Terra 250m 16-day
SO1501,Ceerigaabo,SO15,Sanaag,2022-02-18,0.1451227079767203,0.1326,0.1034531872646354,0.0984,0.9624382207578254,29210,0.0054036243822075,0.0001317957166392,pixel_reliability=0 AND MODLAND_QA(bits0-1)=0 AND VI range -2000..10000,MOD13Q1 V061 Terra 250m 16-day
SO1501,Ceerigaabo,SO15,Sanaag,2022-03-06,0.145038458631116,0.1327,0.1041124003573392,0.0999,0.9589456342668864,29104,0.0064579901153212,0.0001976935749588,pixel_reliability=0 AND MODLAND_QA(bits0-1)=0 AND VI range -2000..10000,MOD13Q1 V061 Terra 250m 16-day
SO1501,Ceerigaabo,SO15,Sanaag,2022-03-22,0.1420161600442646,0.132,0.104160217173289,0.0995,0.9527841845140032,28917,0.0074135090609555,0.0001976935749588,pixel_reliability=0 AND MODLAND_QA(bits0-1)=0 AND VI range -2000..10000,MOD13Q1 V061 Terra 250m 16-day
SO1501,Ceerigaabo,SO15,Sanaag,2022-04-07,0.1427248740756617,0.1333,0.1038590540492266,0.1001,0.922339373970346,27993,0.0282701812191103,0.0001976935749588,pixel_reliability=0 AND MODLAND_QA(bits0-1)=0 AND VI range -2000..10000,MOD13Q1 V061 Terra 250m 16-day
SO1501,Ceerigaabo,SO15,Sanaag,2022-04-23,0.1444275108087036,0.1295,0.1042596746757389,0.0968,0.9297528830313014,28218,0.0134102141680395,9.884678747940691e-05,pixel_reliability=0 AND MODLAND_QA(bits0-1)=0 AND VI range -2000..10000,MOD13Q1 V061 Terra 250m 16-day
SO1501,Ceerigaabo,SO15,Sanaag,2022-05-09,0.1372657335736754,0.1241,0.0999901919202629,0.0932,0.9322240527182868,28293,0.0206919275123558,0.000164744645799,pixel_reliability=0 AND MODLAND_QA(bits0-1)=0 AND VI range -2000..10000,MOD13Q1 V061 Terra 250m 16-day
SO1501,Ceerigaabo,SO15,Sanaag,2022-05-25,0.1364877551020408,0.1245,0.0985061363320838,0.0922,0.949324546952224,28812,0.0053047775947281,3.2948929159802305e-05,pixel_reliability=0 AND MODLAND_QA(bits0-1)=0 AND VI range -2000..10000,MOD13Q1 V061 Terra 250m 16-day
SO1501,Ceerigaabo,SO15,Sanaag,2022-06-10,0.134828266050408,0.1238,0.0991857261500686,0.0922,0.912487644151565,27694,0.0297528830313014,3.2948929159802305e-05,pixel_reliability=0 AND MODLAND_QA(bits0-1)=0 AND VI range -2000..10000,MOD13Q1 V061 Terra 250m 16-day
SO1501,Ceerigaabo,SO15,Sanaag,2022-06-26,0.1236229698636287,0.1149,0.0932333464279701,0.0893,0.5871169686985173,17819,0.2153871499176276,0.0029654036243822,pixel_reliability=0 AND MODLAND_QA(bits0-1)=0 AND VI range -2000..10000,MOD13Q1 V061 Terra 250m 16-day
SO1501,Ceerigaabo,SO15,Sanaag,2022-07-12,0.1267803152452912,0.1185,0.0924346155236614,0.0886,0.9114003294892916,27661,0.0088962108731466,0.0012520593080724,pixel_reliability=0 AND MODLAND_QA(bits0-1)=0 AND VI range -2000..10000,MOD13Q1 V061 Terra 250m 16-day
SO1501,Ceerigaabo,SO15,Sanaag,2022-07-28,0.1328240893329853,0.1213,0.0947749226352485,0.0897,0.8837232289950576,26821,0.0311037891268533,0.0003624382207578,pixel_reliability=0 AND MODLAND_QA(bits0-1)=0 AND VI range -2000..10000,MOD13Q1 V061 Terra 250m 16-day
SO1501,Ceerigaabo,SO15,Sanaag,2022-08-13,0.1283568467966573,0.1181,0.0940206685236769,0.0883,0.8871499176276771,26925,0.0097858319604612,0.0009555189456342,pixel_reliability=0 AND MODLAND_QA(bits0-1)=0 AND VI range -2000..10000,MOD13Q1 V061 Terra 250m 16-day
SO1501,Ceerigaabo,SO15,Sanaag,2022-08-29,0.13321128572935342,0.1217,0.09680049572829871,0.0897,0.937166392092257,28443,0.010510708401976935,0.0005271828665568369,pixel_reliability=0 AND MODLAND_QA(bits0-1)=0 AND VI range -2000..10000,MOD13Q1 V061 Terra 250m 16-day
SO1501,Ceerigaabo,SO15,Sanaag,2022-09-14,0.14373491808325067,0.1247,0.10524529534493964,0.0922,0.9633278418451401,29237,0.001383855024711697,3.2948929159802305e-05,pixel_reliability=0 AND MODLAND_QA(bits0-1)=0 AND VI range -2000..10000,MOD13Q1 V061 Terra 250m 16-day
SO1501,Ceerigaabo,SO15,Sanaag,2022-09-30,0.14969220732410612,0.1282,0.10740694925028835,0.0959,0.9141350906095552,27744,0.009555189456342669,6.589785831960461e-05,pixel_reliability=0 AND MODLAND_QA(bits0-1)=0 AND VI range -2000..10000,MOD13Q1 V061 Terra 250m 16-day
SO1501,Ceerigaabo,SO15,Sanaag,2022-10-16,0.1625773194719719,0.14020000000000002,0.11382305822519727,0.10450000000000001,0.8810873146622735,26741,0.020790774299835255,0.0,pixel_reliability=0 AND MODLAND_QA(bits0-1)=0 AND VI range -2000..10000,MOD13Q1 V061 Terra 250m 16-day
SO1501,Ceerigaabo,SO15,Sanaag,2022-11-01,0.16483033263389635,0.1439,0.11766278765780333,0.108,0.9578583196046129,29071,0.005864909390444811,0.0,pixel_reliability=0 AND MODLAND_QA(bits0-1)=0 AND VI range -2000..10000,MOD13Q1 V061 Terra 250m 16-day
SO1501,Ceerigaabo,SO15,Sanaag,2022-11-17,0.1606991056001626,0.1398,0.11165512416573499,0.10310000000000001,0.9725535420098846,29517,6.589785831960461e-05,0.0,pixel_reliability=0 AND MODLAND_QA(bits0-1)=0 AND VI range -2000..10000,MOD13Q1 V061 Terra 250m 16-day
SO1501,Ceerigaabo,SO15,Sanaag,2022-12-03,0.1538301362434759,0.13520000000000001,0.10749151697959738,0.1003,0.9721911037891269,29506,0.00029654036243822074,3.2948929159802305e-05,pixel_reliability=0 AND MODLAND_QA(bits0-1)=0 AND VI range -2000..10000,MOD13Q1 V061 Terra 250m 16-day
SO1501,Ceerigaabo,SO15,Sanaag,2022-12-19,0.14844579305161754,0.1323,0.10272369077306734,0.0971,0.9645140032948929,29273,0.00556836902800659,0.0,pixel_reliability=0 AND MODLAND_QA(bits0-1)=0 AND VI range -2000..10000,MOD13Q1 V061 Terra 250m 16-day
SO1502,Ceel Afweyn,SO15,Sanaag,2022-01-01,0.1565172206001118,0.1497,0.1064163198111449,0.1058,0.8900746474979264,16097,0.0427978988111694,0.0003870611003594,pixel_reliability=0 AND MODLAND_QA(bits0-1)=0 AND VI range -2000..10000,MOD13Q1 V061 Terra 250m 16-day
SO1502,Ceel Afweyn,SO15,Sanaag,2022-01-17,0.1477488554485749,0.1432,0.1054150226359752,0.105,0.8671827481338126,15683,0.0526403096488802,0.0027094277025158,pixel_reliability=0 AND MODLAND_QA(bits0-1)=0 AND VI range -2000..10000,MOD13Q1 V061 Terra 250m 16-day
SO1502,Ceel Afweyn,SO15,Sanaag,2022-02-02,0.1488541579394282,0.145,0.1038813246532691,0.1042,0.9767763339784352,17665,0.0016035388443461,0.0001105888858169,pixel_reliability=0 AND MODLAND_QA(bits0-1)=0 AND VI range -2000..10000,MOD13Q1 V061 Terra 250m 16-day
SO1502,Ceel Afweyn,SO15,Sanaag,2022-02-18,0.1434014428809921,0.1408,0.1048289887908418,0.1041,0.9273983964611556,16772,0.0186895217030688,0.0001658833287254,pixel_reliability=0 AND MODLAND_QA(bits0-1)=0 AND VI range -2000..10000,MOD13Q1 V061 Terra 250m 16-day
SO1502,Ceel Afweyn,SO15,Sanaag,2022-03-06,0.1427410891974021,0.1403,0.1023645355419174,0.1028,0.928006635333149,16783,0.0340060823887199,0.0004423555432679,pixel_reliability=0 AND MODLAND_QA(bits0-1)=0 AND VI range -2000..10000,MOD13Q1 V061 Terra 250m 16-day
SO1502,Ceel Afweyn,SO15,Sanaag,2022-03-22,0.1413227222059254,0.1392,0.106563103549428,0.1068,0.9424937793751728,17045,0.0101188830522532,0.0003317666574509,pixel_reliability=0 AND MODLAND_QA(bits0-1)=0 AND VI range -2000..10000,MOD13Q1 V061 Terra 250m 16-day
SO1502,Ceel Afweyn,SO15,Sanaag,2022-04-07,0.1440825112896604,0.1412,0.1044560319042871,0.1046,0.9428255460326236,17051,0.0084047553220901,0.0004423555432679,pixel_reliability=0 AND MODLAND_QA(bits0-1)=0 AND VI range -2000..10000,MOD13Q1 V061 Terra 250m 16-day
SO1502,Ceel Afweyn,SO15,Sanaag,2022-04-23,0.1499851124720966,0.1434,0.109232442333009,0.1068,0.9660492120541886,17471,0.0029306054741498,0.0006635333149018,pixel_reliability=0 AND MODLAND_QA(bits0-1)=0 AND VI range -2000..10000,MOD13Q1 V061 Terra 250m 16-day
SO1502,Ceel Afweyn,SO15,Sanaag,2022-05-09,0.1472180494237716,0.1388,0.1064543030789518,0.1036,0.964390378766934,17441,0.0067459220348354,0.0003870611003594,pixel_reliability=0 AND MODLAND_QA(bits0-1)=0 AND VI range -2000..10000,MOD13Q1 V061 Terra 250m 16-day
SO1502,Ceel Afweyn,SO15,Sanaag,2022-05-25,0.142636568287037,0.1365,0.1051564525462963,0.10355,0.9554879734586674,17280,0.0035388443461432,0.0002764722145424,pixel_reliability=0 AND MODLAND_QA(bits0-1)=0 AND VI range -2000..10000,MOD13Q1 V061 Terra 250m 16-day
SO1502,Ceel Afweyn,SO15,Sanaag,2022-06-10,0.1373776674774834,0.1334,0.1008390178160541,0.0996,0.8410837710810064,15211,0.0464473320431296,0.0006635333149018,pixel_reliability=0 AND MODLAND_QA(bits0-1)=0 AND VI range -2000..10000,MOD13Q1 V061 Terra 250m 16-day
SO1502,Ceel Afweyn,SO15,Sanaag,2022-06-26,0.1275998064085447,0.1258,0.094136388518024,0.0947,0.8283107547691457,14980,0.0461708598285872,0.0024329554879734,pixel_reliability=0 AND MODLAND_QA(bits0-1)=0 AND VI range -2000..10000,MOD13Q1 V061 Terra 250m 16-day
SO1502,Ceel Afweyn,SO15,Sanaag,2022-07-12,0.133876356145571,0.1319,0.0975228542000457,0.0982,0.966325684268731,17476,0.0059717998341166,0.0009400055294442,pixel_reliability=0 AND MODLAND_QA(bits0-1)=0 AND VI range -2000..10000,MOD13Q1 V061 Terra 250m 16-day
SO1502,Ceel Afweyn,SO15,Sanaag,2022-07-28,0.138040583107905,0.1365,0.0974430057108506,0.0981,0.9198230577826928,16635,0.015427149571468,0.0007741222007188,pixel_reliability=0 AND MODLAND_QA(bits0-1)=0 AND VI range -2000..10000,MOD13Q1 V061 Terra 250m 16-day
SO1502,Ceel Afweyn,SO15,Sanaag,2022-08-13,0.1316976918570591,0.1304,0.0977421909783245,0.0987,0.943876140447885,17070,0.013381255183854,0.0007741222007188,pixel_reliability=0 AND MODLAND_QA(bits0-1)=0 AND VI range -2000..10000,MOD13Q1 V061 Terra 250m 16-day
SO1502,Ceel Afweyn,SO15,Sanaag,2022-08-29,0.13685689584672003,0.1355,0.09949766341491911,0.10010000000000001,0.9465855681504008,17119,0.00912358307990047,5.52944429084877e-05,pixel_reliability=0 AND MODLAND_QA(bits0-1)=0 AND VI range -2000..10000,MOD13Q1 V061 Terra 250m 16-day
SO1502,Ceel Afweyn,SO15,Sanaag,2022-09-14,0.14595847000737758,0.14200000000000002,0.10661852902786449,0.10540000000000001,0.9743433784904617,17621,0.0023223666021564833,0.0002211777716339508,pixel_reliability=0 AND MODLAND_QA(bits0-1)=0 AND VI range -2000..10000,MOD13Q1 V061 Terra 250m 16-day
SO1502,Ceel Afweyn,SO15,Sanaag,2022-09-30,0.1528354194749342,0.1458,0.10790225303292894,0.1052,0.8614321260713298,15579,0.003925905446502627,0.00033176665745092616,pixel_reliability=0 AND MODLAND_QA(bits0-1)=0 AND VI range -2000..10000,MOD13Q1 V061 Terra 250m 16-day
SO1502,Ceel Afweyn,SO15,Sanaag,2022-10-16,0.16655468563864992,0.1573,0.11768250165453342,0.1155,0.8354990323472491,15110,0.04406967099806469,0.0,pixel_reliability=0 AND MODLAND_QA(bits0-1)=0 AND VI range -2000..10000,MOD13Q1 V061 Terra 250m 16-day
SO1502,Ceel Afweyn,SO15,Sanaag,2022-11-01,0.1730159692287287,0.1645,0.12634081172491546,0.1246,0.833784904617086,15079,0.02980370472767487,5.52944429084877e-05,pixel_reliability=0 AND MODLAND_QA(bits0-1)=0 AND VI range -2000..10000,MOD13Q1 V061 Terra 250m 16-day
SO1502,Ceel Afweyn,SO15,Sanaag,2022-11-17,0.16844271362586605,0.16060000000000002,0.1198886143187067,0.11800000000000001,0.9576997511750069,17320,0.0016035388443461432,0.0,pixel_reliability=0 AND MODLAND_QA(bits0-1)=0 AND VI range -2000..10000,MOD13Q1 V061 Terra 250m 16-day
SO1502,Ceel Afweyn,SO15,Sanaag,2022-12-03,0.16010288289329253,0.15410000000000001,0.11339432665087527,0.1126,0.9570915123030136,17309,0.00503179430467238,0.0001105888858169754,pixel_reliability=0 AND MODLAND_QA(bits0-1)=0 AND VI range -2000..10000,MOD13Q1 V061 Terra 250m 16-day
SO1502,Ceel Afweyn,SO15,Sanaag,2022-12-19,0.15538002562381795,0.1502,0.11005227868952473,0.1101,0.9063312137130218,16391,0.02665192148189107,0.0003870611003594139,pixel_reliability=0 AND MODLAND_QA(bits0-1)=0 AND VI range -2000..10000,MOD13Q1 V061 Terra 250m 16-day
SO1503,Laasqoray,SO15,Sanaag,2022-01-01,0.1813973967619998,0.1486,0.1147922544754297,0.107,0.9631792264889744,14021,0.0012365185134299,0.0,pixel_reliability=0 AND MODLAND_QA(bits0-1)=0 AND VI range -2000..10000,MOD13Q1 V061 Terra 250m 16-day
SO1503,Laasqoray,SO15,Sanaag,2022-01-17,0.1757160230073952,0.14615,0.111987041906327,0.1057,0.836023906024593,12170,0.0498042179020402,0.0006182592567149,pixel_reliability=0 AND MODLAND_QA(bits0-1)=0 AND VI range -2000..10000,MOD13Q1 V061 Terra 250m 16-day
SO1503,Laasqoray,SO15,Sanaag,2022-02-02,0.1745281814959234,0.1447,0.1117017440623892,0.1057,0.9689496462183144,14105,0.0014426049323349,0.0,pixel_reliability=0 AND MODLAND_QA(bits0-1)=0 AND VI range -2000..10000,MOD13Q1 V061 Terra 250m 16-day
SO1503,Laasqoray,SO15,Sanaag,2022-02-18,0.1634154953367114,0.1405,0.1119447528824263,0.1047,0.9354262554097684,13617,0.0055643333104348,6.869547296833139e-05,pixel_reliability=0 AND MODLAND_QA(bits0-1)=0 AND VI range -2000..10000,MOD13Q1 V061 Terra 250m 16-day
SO1503,Laasqoray,SO15,Sanaag,2022-03-06,0.1651705615223816,0.1417,0.1128845671448136,0.1065,0.9530122964896612,13873,0.0092051933777564,0.0002747818918733,pixel_reliability=0 AND MODLAND_QA(bits0-1)=0 AND VI range -2000..10000,MOD13Q1 V061 Terra 250m 16-day
SO1503,Laasqoray,SO15,Sanaag,2022-03-22,0.159582956664429,0.1384,0.1100367420004475,0.1044,0.9210002060864187,13407,0.0186851686473861,6.869547296833139e-05,pixel_reliability=0 AND MODLAND_QA(bits0-1)=0 AND VI range -2000..10000,MOD13Q1 V061 Terra 250m 16-day
SO1503,Laasqoray,SO15,Sanaag,2022-04-07,0.1565891616629931,0.1374,0.1099139089458083,0.1041,0.903826337844336,13157,0.0249364566875042,6.869547296833139e-05,pixel_reliability=0 AND MODLAND_QA(bits0-1)=0 AND VI range -2000..10000,MOD13Q1 V061 Terra 250m 16-day
SO1503,Laasqoray,SO15,Sanaag,2022-04-23,0.1567639898440334,0.1345,0.1080358142908959,0.1007,0.9469670948684482,13785,0.0048773785807515,6.869547296833139e-05,pixel_reliability=0 AND MODLAND_QA(bits0-1)=0 AND VI range -2000..10000,MOD13Q1 V061 Terra 250m 16-day
SO1503,Laasqoray,SO15,Sanaag,2022-05-09,0.134592755751346,0.1266,0.0975221080110947,0.095,0.8420691076458061,12258,0.0684893865494263,0.0003434773648416,pixel_reliability=0 AND MODLAND_QA(bits0-1)=0 AND VI range -2000..10000,MOD13Q1 V061 Terra 250m 16-day
SO1503,Laasqoray,SO15,Sanaag,2022-05-25,0.1444332241006926,0.1342,0.1013191032993222,0.0976,0.9223741155457856,13427,0.0171738682420828,0.0006182592567149,pixel_reliability=0 AND MODLAND_QA(bits0-1)=0 AND VI range -2000..10000,MOD13Q1 V061 Terra 250m 16-day
SO1503,Laasqoray,SO15,Sanaag,2022-06-10,0.1502793098479936,0.1323,0.1056043008428787,0.0988,0.953561860273408,13881,0.0077625884454214,0.0001373909459366,pixel_reliability=0 AND MODLAND_QA(bits0-1)=0 AND VI range -2000..10000,MOD13Q1 V061 Terra 250m 16-day
SO1503,Laasqoray,SO15,Sanaag,2022-06-26,0.1221162469080279,0.1194,0.091825500337306,0.0914,0.6109775365803394,8894,0.1639073985024386,0.0019234732431132,pixel_reliability=0 AND MODLAND_QA(bits0-1)=0 AND VI range -2000..10000,MOD13Q1 V061 Terra 250m 16-day
SO1503,Laasqoray,SO15,Sanaag,2022-07-12,0.1419758541487223,0.1275,0.0989898507034166,0.0949,0.9570653293947928,13932,0.0067321563508964,0.0018547777701449,pixel_reliability=0 AND MODLAND_QA(bits0-1)=0 AND VI range -2000..10000,MOD13Q1 V061 Terra 250m 16-day
SO1503,Laasqoray,SO15,Sanaag,2022-07-28,0.1483017871589321,0.1316,0.1016555195999117,0.0975,0.934052345950402,13597,0.0078312839183897,0.0003434773648416,pixel_reliability=0 AND MODLAND_QA(bits0-1)=0 AND VI range -2000..10000,MOD13Q1 V061 Terra 250m 16-day
SO1503,Laasqoray,SO15,Sanaag,2022-08-13,0.1441019150033144,0.1277,0.0998740075127053,0.0953,0.9326784364910352,13577,0.0072817201346431,0.0010991275674933,pixel_reliability=0 AND MODLAND_QA(bits0-1)=0 AND VI range -2000..10000,MOD13Q1 V061 Terra 250m 16-day
SO1503,Laasqoray,SO15,Sanaag,2022-08-29,0.15062697407189157,0.1308,0.1026694092516205,0.097,0.9326097410180669,13576,0.011472143985711341,0.00034347736484165696,pixel_reliability=0 AND MODLAND_QA(bits0-1)=0 AND VI range -2000..10000,MOD13Q1 V061 Terra 250m 16-day
SO1503,Laasqoray,SO15,Sanaag,2022-09-14,0.15566057171371542,0.1338,0.10925354291417168,0.0999,0.9636600947997527,14028,0.0032973827024799065,6.869547296833139e-05,pixel_reliability=0 AND MODLAND_QA(bits0-1)=0 AND VI range -2000..10000,MOD13Q1 V061 Terra 250m 16-day
SO1503,Laasqoray,SO15,Sanaag,2022-09-30,0.15905402375156746,0.1388,0.11024624179390721,0.1013,0.9313045270316687,13557,0.01490691763412791,0.00027478189187332556,pixel_reliability=0 AND MODLAND_QA(bits0-1)=0 AND VI range -2000..10000,MOD13Q1 V061 Terra 250m 16-day
SO1503,Laasqoray,SO15,Sanaag,2022-10-16,0.1695921930677033,0.1424,0.11395650307742144,0.10450000000000001,0.8482517002129559,12348,0.028439925808889193,0.0,pixel_reliability=0 AND MODLAND_QA(bits0-1)=0 AND VI range -2000..10000,MOD13Q1 V061 Terra 250m 16-day
SO1503,Laasqoray,SO15,Sanaag,2022-11-01,0.1693109446914736,0.1454,0.11524468367267338,0.10740000000000001,0.88060726798104,12819,0.007625197499484784,0.0,pixel_reliability=0 AND MODLAND_QA(bits0-1)=0 AND VI range -2000..10000,MOD13Q1 V061 Terra 250m 16-day
SO1503,Laasqoray,SO15,Sanaag,2022-11-17,0.1730647016274864,0.1446,0.11374826763110309,0.1057,0.9497149137871814,13825,0.0020608641890499414,6.869547296833139e-05,pixel_reliability=0 AND MODLAND_QA(bits0-1)=0 AND VI range -2000..10000,MOD13Q1 V061 Terra 250m 16-day
SO1503,Laasqoray,SO15,Sanaag,2022-12-03,0.17157479569892475,0.1433,0.11285267383512546,0.1047,0.9583018479082228,13950,0.0004808683107783197,0.0,pixel_reliability=0 AND MODLAND_QA(bits0-1)=0 AND VI range -2000..10000,MOD13Q1 V061 Terra 250m 16-day
SO1503,Laasqoray,SO15,Sanaag,2022-12-19,0.16884773636103972,0.14150000000000001,0.10935904027420737,0.1022,0.9620114034485128,14004,0.0007556502026516452,0.0,pixel_reliability=0 AND MODLAND_QA(bits0-1)=0 AND VI range -2000..10000,MOD13Q1 V061 Terra 250m 16-day
SO1601,Bossaso,SO16,Bari,2022-01-01,0.1630899334345439,0.1572,0.1141427303515123,0.1136,0.94702499447025,8563,0.0039814200398142,0.0,pixel_reliability=0 AND MODLAND_QA(bits0-1)=0 AND VI range -2000..10000,MOD13Q1 V061 Terra 250m 16-day
SO1601,Bossaso,SO16,Bari,2022-01-17,0.1598841985168283,0.1492,0.1077680547632629,0.1073,0.7754921477549215,7012,0.0787436407874364,0.0026542800265428,pixel_reliability=0 AND MODLAND_QA(bits0-1)=0 AND VI range -2000..10000,MOD13Q1 V061 Terra 250m 16-day
SO1601,Bossaso,SO16,Bari,2022-02-02,0.1597687088428974,0.1553,0.1127559266227657,0.1132,0.9404998894049988,8504,0.0067462950674629,0.0002211900022119,pixel_reliability=0 AND MODLAND_QA(bits0-1)=0 AND VI range -2000..10000,MOD13Q1 V061 Terra 250m 16-day
SO1601,Bossaso,SO16,Bari,2022-02-18,0.155859420791508,0.1523,0.1129493365639783,0.1138,0.9585268745852688,8667,0.0081840300818403,0.0006635700066357,pixel_reliability=0 AND MODLAND_QA(bits0-1)=0 AND VI range -2000..10000,MOD13Q1 V061 Terra 250m 16-day
SO1601,Bossaso,SO16,Bari,2022-03-06,0.15684829900486,0.1544,0.1125942027308493,0.1134,0.95576199955762,8642,0.0094005750940057,0.0011059500110595,pixel_reliability=0 AND MODLAND_QA(bits0-1)=0 AND VI range -2000..10000,MOD13Q1 V061 Terra 250m 16-day
SO1601,Bossaso,SO16,Bari,2022-03-22,0.1537709841563548,0.1513,0.1120530126055279,0.1126,0.9563149745631496,8647,0.0080734350807343,0.0002211900022119,pixel_reliability=0 AND MODLAND_QA(bits0-1)=0 AND VI range -2000..10000,MOD13Q1 V061 Terra 250m 16-day
SO1601,Bossaso,SO16,Bari,2022-04-07,0.1553201762523191,0.1528,0.1132045570500927,0.1142,0.9537712895377128,8624,0.0082946250829462,0.0004423800044238,pixel_reliability=0 AND MODLAND_QA(bits0-1)=0 AND VI range -2000..10000,MOD13Q1 V061 Terra 250m 16-day
SO1601,Bossaso,SO16,Bari,2022-04-23,0.1524529398254479,0.1477,0.1121930293982544,0.111,0.9630612696306128,8708,0.0072992700729927,0.0001105950011059,pixel_reliability=0 AND MODLAND_QA(bits0-1)=0 AND VI range -2000..10000,MOD13Q1 V061 Terra 250m 16-day
SO1601,Bossaso,SO16,Bari,2022-05-09,0.1444541081675009,0.1393,0.1055848736418019,0.1036,0.9058836540588364,8191,0.0186905551869055,0.0007741650077416,pixel_reliability=0 AND MODLAND_QA(bits0-1)=0 AND VI range -2000..10000,MOD13Q1 V061 Terra 250m 16-day
SO1601,Bossaso,SO16,Bari,2022-05-25,0.1468691943127962,0.1421,0.1076469541093515,0.1065,0.9567573545675736,8651,0.0050873700508737,0.0002211900022119,pixel_reliability=0 AND MODLAND_QA(bits0-1)=0 AND VI range -2000..10000,MOD13Q1 V061 Terra 250m 16-day
SO1601,Bossaso,SO16,Bari,2022-06-10,0.147404349876223,0.144,0.1061781563126252,0.106,0.938177394381774,8483,0.0084052200840522,0.0014377350143773,pixel_reliability=0 AND MODLAND_QA(bits0-1)=0 AND VI range -2000..10000,MOD13Q1 V061 Terra 250m 16-day
SO1601,Bossaso,SO16,Bari,2022-06-26,0.1361392,0.1368,0.101572924137931,0.1023,0.8018137580181376,7250,0.0424684804246848,0.0033178500331785,pixel_reliability=0 AND MODLAND_QA(bits0-1)=0 AND VI range -2000..10000,MOD13Q1 V061 Terra 250m 16-day
SO1601,Bossaso,SO16,Bari,2022-07-12,0.1398092933768657,0.1394,0.1039373134328358,0.1049,0.9484627294846272,8576,0.00873700508737,0.0027648750276487,pixel_reliability=0 AND MODLAND_QA(bits0-1)=0 AND VI range -2000..10000,MOD13Q1 V061 Terra 250m 16-day
SO1601,Bossaso,SO16,Bari,2022-07-28,0.1457791602783347,0.146,0.1027314659747612,0.1039,0.9377350143773502,8479,0.0099535500995355,0.0023224950232249,pixel_reliability=0 AND MODLAND_QA(bits0-1)=0 AND VI range -2000..10000,MOD13Q1 V061 Terra 250m 16-day
SO1601,Bossaso,SO16,Bari,2022-08-13,0.1417840082834791,0.1403,0.1058894960883571,0.1067,0.9612917496129176,8692,0.0075204600752046,0.0017695200176952,pixel_reliability=0 AND MODLAND_QA(bits0-1)=0 AND VI range -2000..10000,MOD13Q1 V061 Terra 250m 16-day
SO1601,Bossaso,SO16,Bari,2022-08-29,0.1479772381509655,0.1459,0.10614650672908135,0.1061,0.9450342844503429,8545,0.011170095111700952,0.0028754700287547,pixel_reliability=0 AND MODLAND_QA(bits0-1)=0 AND VI range -2000..10000,MOD13Q1 V061 Terra 250m 16-day
SO1601,Bossaso,SO16,Bari,2022-09-14,0.15204035249395229,0.1494,0.11155243635525862,0.1106,0.960075204600752,8681,0.0050873700508737,0.0009953550099535502,pixel_reliability=0 AND MODLAND_QA(bits0-1)=0 AND VI range -2000..10000,MOD13Q1 V061 Terra 250m 16-day
SO1601,Bossaso,SO16,Bari,2022-09-30,0.15965732631904686,0.1545,0.11119354788797772,0.10930000000000001,0.7147754921477549,6463,0.0092899800928998,0.00044238000442380006,pixel_reliability=0 AND MODLAND_QA(bits0-1)=0 AND VI range -2000..10000,MOD13Q1 V061 Terra 250m 16-day
SO1601,Bossaso,SO16,Bari,2022-10-16,0.15894659478640646,0.15430000000000002,0.11147338610618261,0.10980000000000001,0.8103295731032958,7327,0.06226498562264986,0.0,pixel_reliability=0 AND MODLAND_QA(bits0-1)=0 AND VI range -2000..10000,MOD13Q1 V061 Terra 250m 16-day
SO1601,Bossaso,SO16,Bari,2022-11-01,0.166333770257388,0.15910000000000002,0.12031132030505243,0.11570000000000001,0.9281132492811325,8392,0.00143773501437735,0.0,pixel_reliability=0 AND MODLAND_QA(bits0-1)=0 AND VI range -2000..10000,MOD13Q1 V061 Terra 250m 16-day
SO1601,Bossaso,SO16,Bari,2022-11-17,0.16337293583764023,0.1573,0.11433282490860962,0.11230000000000001,0.8773501437735014,7933,0.010727715107277151,0.00077416500774165,pixel_reliability=0 AND MODLAND_QA(bits0-1)=0 AND VI range -2000..10000,MOD13Q1 V061 Terra 250m 16-day
SO1601,Bossaso,SO16,Bari,2022-12-03,0.16132379907621247,0.1574,0.1130221362586605,0.11180000000000001,0.9577527095775271,8660,0.0042026100420261,0.00011059500110595002,pixel_reliability=0 AND MODLAND_QA(bits0-1)=0 AND VI range -2000..10000,MOD13Q1 V061 Terra 250m 16-day
SO1601,Bossaso,SO16,Bari,2022-12-19,0.1623961938534279,0.15810000000000002,0.10992028368794327,0.1085,0.935633709356337,8460,0.0037602300376023004,0.0009953550099535502,pixel_reliability=0 AND MODLAND_QA(bits0-1)=0 AND VI range -2000..10000,MOD13Q1 V061 Terra 250m 16-day
SO1602,Bandarbeyla,SO16,Bari,2022-01-01,0.1341772677194271,0.1317,0.0982198494307748,0.0955,0.4134527786213179,5446,0.3268296386273914,0.0172335256604919,pixel_reliability=0 AND MODLAND_QA(bits0-1)=0 AND VI range -2000..10000,MOD13Q1 V061 Terra 250m 16-day
SO1602,Bandarbeyla,SO16,Bari,2022-01-17,0.1323474943339209,0.1308,0.1015903298917149,0.1003,0.602945642271485,7942,0.0933039781354388,0.0285453993319161,pixel_reliability=0 AND MODLAND_QA(bits0-1)=0 AND VI range -2000..10000,MOD13Q1 V061 Terra 250m 16-day
SO1602,Bandarbeyla,SO16,Bari,2022-02-02,0.1373244519247367,0.1359,0.1015762989815294,0.1001,0.8795930762222897,11586,0.0248253871849377,0.0044032796841785,pixel_reliability=0 AND MODLAND_QA(bits0-1)=0 AND VI range -2000..10000,MOD13Q1 V061 Terra 250m 16-day
SO1602,Bandarbeyla,SO16,Bari,2022-02-18,0.1336277829421334,0.1323,0.0990016848710202,0.0978,0.653355602793805,8606,0.1004403279684178,0.0053902216823565,pixel_reliability=0 AND MODLAND_QA(bits0-1)=0 AND VI range -2000..10000,MOD13Q1 V061 Terra 250m 16-day
SO1602,Bandarbeyla,SO16,Bari,2022-03-06,0.1336908675799087,0.1323,0.0988672552004058,0.0977,0.748177953234133,9855,0.0636957181901002,0.0037200121469784,pixel_reliability=0 AND MODLAND_QA(bits0-1)=0 AND VI range -2000..10000,MOD13Q1 V061 Terra 250m 16-day
SO1602,Bandarbeyla,SO16,Bari,2022-03-22,0.1354473739923459,0.1343,0.1008907336536112,0.0995,0.932356513817188,12281,0.0232310962648041,0.0006073489219556,pixel_reliability=0 AND MODLAND_QA(bits0-1)=0 AND VI range -2000..10000,MOD13Q1 V061 Terra 250m 16-day
SO1602,Bandarbeyla,SO16,Bari,2022-04-07,0.1354746696998862,0.1342,0.1029541954676699,0.1013,0.8676738536289098,11429,0.0204980261160036,0.0004555116914667,pixel_reliability=0 AND MODLAND_QA(bits0-1)=0 AND VI range -2000..10000,MOD13Q1 V061 Terra 250m 16-day
SO1602,Bandarbeyla,SO16,Bari,2022-04-23,0.1314505266075388,0.13,0.0973441426459719,0.0959,0.8217430914060128,10824,0.0191314910416034,0.0004555116914667,pixel_reliability=0 AND MODLAND_QA(bits0-1)=0 AND VI range -2000..10000,MOD13Q1 V061 Terra 250m 16-day
SO1602,Bandarbeyla,SO16,Bari,2022-05-09,0.1235437022590606,0.1227,0.093243401592719,0.0922,0.9342544791982994,12306,0.0154873975098694,0.0009869419981779,pixel_reliability=0 AND MODLAND_QA(bits0-1)=0 AND VI range -2000..10000,MOD13Q1 V061 Terra 250m 16-day
SO1602,Bandarbeyla,SO16,Bari,2022-05-25,0.126194483491337,0.1253,0.0945392285060477,0.0937,0.9289401761311874,12236,0.0135135135135135,0.0025812329183115,pixel_reliability=0 AND MODLAND_QA(bits0-1)=0 AND VI range -2000..10000,MOD13Q1 V061 Terra 250m 16-day
SO1602,Bandarbeyla,SO16,Bari,2022-06-10,0.1267467086949402,0.1262,0.0960706156869166,0.0953,0.9272699665958092,12214,0.0146522927421803,0.0032645004555116,pixel_reliability=0 AND MODLAND_QA(bits0-1)=0 AND VI range -2000..10000,MOD13Q1 V061 Terra 250m 16-day
SO1602,Bandarbeyla,SO16,Bari,2022-06-26,0.1187756458534022,0.1191,0.090453603643051,0.0899,0.8669146674764653,11419,0.022395991497115,0.0072122684482235,pixel_reliability=0 AND MODLAND_QA(bits0-1)=0 AND VI range -2000..10000,MOD13Q1 V061 Terra 250m 16-day
SO1602,Bandarbeyla,SO16,Bari,2022-07-12,0.122193927125506,0.1217,0.0926489788573999,0.092,0.84383540844215,11115,0.0379593076222289,0.0078955359854236,pixel_reliability=0 AND MODLAND_QA(bits0-1)=0 AND VI range -2000..10000,MOD13Q1 V061 Terra 250m 16-day
SO1602,Bandarbeyla,SO16,Bari,2022-07-28,0.1245246491012065,0.1242,0.0937025855700566,0.0929,0.9249164895232312,12183,0.0150318858184026,0.0081992104464014,pixel_reliability=0 AND MODLAND_QA(bits0-1)=0 AND VI range -2000..10000,MOD13Q1 V061 Terra 250m 16-day
SO1602,Bandarbeyla,SO16,Bari,2022-08-13,0.1217007251441551,0.1214,0.0918976323606499,0.0914,0.8689644700880655,11446,0.0176890373519587,0.009793501366535,pixel_reliability=0 AND MODLAND_QA(bits0-1)=0 AND VI range -2000..10000,MOD13Q1 V061 Terra 250m 16-day
SO1602,Bandarbeyla,SO16,Bari,2022-08-29,0.12492359522417969,0.1245,0.09534677298154796,0.0946,0.9092772547828728,11977,0.014120862435469178,0.009565745520801701,pixel_reliability=0 AND MODLAND_QA(bits0-1)=0 AND VI range -2000..10000,MOD13Q1 V061 Terra 250m 16-day
SO1602,Bandarbeyla,SO16,Bari,2022-09-14,0.12685532696546659,0.1263,0.09595175116336029,0.0951,0.9299271181293653,12249,0.01882781658062557,0.003720012146978439,pixel_reliability=0 AND MODLAND_QA(bits0-1)=0 AND VI range -2000..10000,MOD13Q1 V061 Terra 250m 16-day
SO1602,Bandarbeyla,SO16,Bari,2022-09-30,0.1306765168539326,0.1306,0.10080960674157304,0.1,0.8108108108108109,10680,0.01655025812329183,0.0018979653811114485,pixel_reliability=0 AND MODLAND_QA(bits0-1)=0 AND VI range -2000..10000,MOD13Q1 V061 Terra 250m 16-day
SO1602,Bandarbeyla,SO16,Bari,2022-10-16,0.13608687435405287,0.1353,0.10171414439686992,0.1009,0.5141967810507136,6773,0.18508958396598846,0.03993319161858488,pixel_reliability=0 AND MODLAND_QA(bits0-1)=0 AND VI range -2000..10000,MOD13Q1 V061 Terra 250m 16-day
SO1602,Bandarbeyla,SO16,Bari,2022-11-01,0.14443851727982163,0.1413,0.10738836863619475,0.10600000000000001,0.8171879744913453,10764,0.03689644700880656,0.0012146978439113271,pixel_reliability=0 AND MODLAND_QA(bits0-1)=0 AND VI range -2000..10000,MOD13Q1 V061 Terra 250m 16-day
SO1602,Bandarbeyla,SO16,Bari,2022-11-17,0.14028268316742895,0.13720000000000002,0.10786622724419334,0.1061,0.8465684785909505,11151,0.01617066504706954,0.0015942909201336168,pixel_reliability=0 AND MODLAND_QA(bits0-1)=0 AND VI range -2000..10000,MOD13Q1 V061 Terra 250m 16-day
SO1602,Bandarbeyla,SO16,Bari,2022-12-03,0.14404054076470102,0.1398,0.10725948411711039,0.1041,0.9153507440024294,12057,0.016246583662314,0.0022775584573337384,pixel_reliability=0 AND MODLAND_QA(bits0-1)=0 AND VI range -2000..10000,MOD13Q1 V061 Terra 250m 16-day
SO1602,Bandarbeyla,SO16,Bari,2022-12-19,0.14449819183910267,0.1414,0.10262009282537227,0.1008,0.785150318858184,10342,0.13316125113877922,0.004555116914667477,pixel_reliability=0 AND MODLAND_QA(bits0-1)=0 AND VI range -2000..10000,MOD13Q1 V061 Terra 250m 16-day
SO1603,Caluula,SO16,Bari,2022-01-01,0.2317023572377158,0.21435,0.1581656374501992,0.1516,0.5633065270244997,3012,0.2120815410510566,0.0115952870768655,pixel_reliability=0 AND MODLAND_QA(bits0-1)=0 AND VI range -2000..10000,MOD13Q1 V061 Terra 250m 16-day
SO1603,Caluula,SO16,Bari,2022-01-17,0.22886292749658,0.22085,0.1577897400820793,0.155,0.2734243501028614,1462,0.3717972694969141,0.0327286328782494,pixel_reliability=0 AND MODLAND_QA(bits0-1)=0 AND VI range -2000..10000,MOD13Q1 V061 Terra 250m 16-day
SO1603,Caluula,SO16,Bari,2022-02-02,0.21247143483023,0.2049,0.1468458488499452,0.1439,0.8537497662240509,4565,0.0340377781933794,0.0054236020198242,pixel_reliability=0 AND MODLAND_QA(bits0-1)=0 AND VI range -2000..10000,MOD13Q1 V061 Terra 250m 16-day
SO1603,Caluula,SO16,Bari,2022-02-18,0.2023367936925098,0.1975,0.1415466710468681,0.13785,0.8539367869833552,4566,0.041705629324855,0.0063587058163456,pixel_reliability=0 AND MODLAND_QA(bits0-1)=0 AND VI range -2000..10000,MOD13Q1 V061 Terra 250m 16-day
SO1603,Caluula,SO16,Bari,2022-03-06,0.1974990019960079,0.1932,0.1372911510312708,0.1371,0.843276603703011,4509,0.0334767159154666,0.0044884982233027,pixel_reliability=0 AND MODLAND_QA(bits0-1)=0 AND VI range -2000..10000,MOD13Q1 V061 Terra 250m 16-day
SO1603,Caluula,SO16,Bari,2022-03-22,0.184192238267148,0.1821,0.1309642599277978,0.1313,0.8288760052365812,4432,0.0420796708434636,0.004675518982607,pixel_reliability=0 AND MODLAND_QA(bits0-1)=0 AND VI range -2000..10000,MOD13Q1 V061 Terra 250m 16-day
SO1603,Caluula,SO16,Bari,2022-04-07,0.1816935085007728,0.1796,0.131856767498344,0.1324,0.8470170188890966,4529,0.0327286328782494,0.005984664297737,pixel_reliability=0 AND MODLAND_QA(bits0-1)=0 AND VI range -2000..10000,MOD13Q1 V061 Terra 250m 16-day
SO1603,Caluula,SO16,Bari,2022-04-23,0.1807349581275499,0.1775,0.1317453725574404,0.1317,0.8709556760800449,4657,0.0295492799700766,0.0043014774639985,pixel_reliability=0 AND MODLAND_QA(bits0-1)=0 AND VI range -2000..10000,MOD13Q1 V061 Terra 250m 16-day
SO1603,Caluula,SO16,Bari,2022-05-09,0.1617721641791044,0.1594,0.1175692288557213,0.1165,0.7518234524032168,4020,0.0748083037217131,0.0054236020198242,pixel_reliability=0 AND MODLAND_QA(bits0-1)=0 AND VI range -2000..10000,MOD13Q1 V061 Terra 250m 16-day
SO1603,Caluula,SO16,Bari,2022-05-25,0.1685757714037375,0.1657,0.1223474793568014,0.1214,0.8606695343183093,4602,0.0379652141387694,0.0069197680942584,pixel_reliability=0 AND MODLAND_QA(bits0-1)=0 AND VI range -2000..10000,MOD13Q1 V061 Terra 250m 16-day
SO1603,Caluula,SO16,Bari,2022-06-10,0.1659997990622907,0.1643,0.1199099575798169,0.1202,0.8376659809238826,4479,0.0374041518608565,0.0093510379652141,pixel_reliability=0 AND MODLAND_QA(bits0-1)=0 AND VI range -2000..10000,MOD13Q1 V061 Terra 250m 16-day
SO1603,Caluula,SO16,Bari,2022-06-26,0.1518393419170243,0.1494,0.1088766237482117,0.1081,0.6536375537684683,3495,0.1189452029175238,0.0071067888535627,pixel_reliability=0 AND MODLAND_QA(bits0-1)=0 AND VI range -2000..10000,MOD13Q1 V061 Terra 250m 16-day
SO1603,Caluula,SO16,Bari,2022-07-12,0.1601994362532524,0.1591,0.1156626626192541,0.1154,0.8625397419113522,4612,0.0351599027492051,0.0095380587245184,pixel_reliability=0 AND MODLAND_QA(bits0-1)=0 AND VI range -2000..10000,MOD13Q1 V061 Terra 250m 16-day
SO1603,Caluula,SO16,Bari,2022-07-28,0.1664315891891892,0.1643,0.1141413621621621,0.1143,0.8649710117823078,4625,0.033102674396858,0.0117823078361698,pixel_reliability=0 AND MODLAND_QA(bits0-1)=0 AND VI range -2000..10000,MOD13Q1 V061 Terra 250m 16-day
SO1603,Caluula,SO16,Bari,2022-08-13,0.1637275950448526,0.1604,0.1170766339171294,0.1157,0.875631195062652,4682,0.0297363007293809,0.0093510379652141,pixel_reliability=0 AND MODLAND_QA(bits0-1)=0 AND VI range -2000..10000,MOD13Q1 V061 Terra 250m 16-day
SO1603,Caluula,SO16,Bari,2022-08-29,0.17864970848628806,0.17270000000000002,0.1197645648887929,0.11620000000000001,0.8660931363381336,4631,0.03235459135964092,0.0063587058163456145,pixel_reliability=0 AND MODLAND_QA(bits0-1)=0 AND VI range -2000..10000,MOD13Q1 V061 Terra 250m 16-day
SO1603,Caluula,SO16,Bari,2022-09-14,0.17991598114824336,0.1729,0.1265695372750643,0.12250000000000001,0.873012904432392,4668,0.033289695156162334,0.005984664297737049,pixel_reliability=0 AND MODLAND_QA(bits0-1)=0 AND VI range -2000..10000,MOD13Q1 V061 Terra 250m 16-day
SO1603,Caluula,SO16,Bari,2022-09-30,0.1817352068126521,0.1786,0.13886335766423358,0.1365,0.7686553207406022,4110,0.028240134654946698,0.005423602019824201,pixel_reliability=0 AND MODLAND_QA(bits0-1)=0 AND VI range -2000..10000,MOD13Q1 V061 Terra 250m 16-day
SO1603,Caluula,SO16,Bari,2022-10-16,0.18605848246241952,0.1799,0.12459169649248389,0.1226,0.26126800074808304,1397,0.5487189077987656,0.005423602019824201,pixel_reliability=0 AND MODLAND_QA(bits0-1)=0 AND VI range -2000..10000,MOD13Q1 V061 Terra 250m 16-day
SO1603,Caluula,SO16,Bari,2022-11-01,0.18701718018240082,0.1835,0.134580724673404,0.1331,0.7587432204974752,4057,0.033476715915466616,0.0028053113895642415,pixel_reliability=0 AND MODLAND_QA(bits0-1)=0 AND VI range -2000..10000,MOD13Q1 V061 Terra 250m 16-day
SO1603,Caluula,SO16,Bari,2022-11-17,0.20917810539523213,0.20595000000000002,0.1468309284818068,0.14650000000000002,0.5962221806620535,3188,0.15017766972133906,0.0065457265756498975,pixel_reliability=0 AND MODLAND_QA(bits0-1)=0 AND VI range -2000..10000,MOD13Q1 V061 Terra 250m 16-day
SO1603,Caluula,SO16,Bari,2022-12-03,0.21008871391076117,0.1995,0.14609002624671918,0.13965,0.14250981858986347,762,0.4419300542360202,0.021133345801383954,pixel_reliability=0 AND MODLAND_QA(bits0-1)=0 AND VI range -2000..10000,MOD13Q1 V061 Terra 250m 16-day
SO1603,Caluula,SO16,Bari,2022-12-19,0.2393128475888772,0.22610000000000002,0.14800292150651181,0.14300000000000002,0.5313259771834674,2841,0.22648213951748644,0.02562184402468674,pixel_reliability=0 AND MODLAND_QA(bits0-1)=0 AND VI range -2000..10000,MOD13Q1 V061 Terra 250m 16-day
SO1604,Iskushuban,SO16,Bari,2022-01-01,0.1620201897123467,0.1572,0.1193099868897971,0.1183,0.6007969235046101,12967,0.2147060186257703,0.0123245146643191,pixel_reliability=0 AND MODLAND_QA(bits0-1)=0 AND VI range -2000..10000,MOD13Q1 V061 Terra 250m 16-day
SO1604,Iskushuban,SO16,Bari,2022-01-17,0.152517507130287,0.1491,0.1149083500212391,0.1134,0.7635175832831395,16479,0.0623638975119306,0.0088032247602279,pixel_reliability=0 AND MODLAND_QA(bits0-1)=0 AND VI range -2000..10000,MOD13Q1 V061 Terra 250m 16-day
SO1604,Iskushuban,SO16,Bari,2022-02-02,0.1517392503684986,0.1485,0.1155735523268056,0.1142,0.880137144975212,18996,0.014548487235324,0.0055599314275123,pixel_reliability=0 AND MODLAND_QA(bits0-1)=0 AND VI range -2000..10000,MOD13Q1 V061 Terra 250m 16-day
SO1604,Iskushuban,SO16,Bari,2022-02-18,0.1506257448433919,0.1476,0.1121064374840845,0.111,0.9097437798267156,19635,0.0135754992355094,0.0052819348561367,pixel_reliability=0 AND MODLAND_QA(bits0-1)=0 AND VI range -2000..10000,MOD13Q1 V061 Terra 250m 16-day
SO1604,Iskushuban,SO16,Bari,2022-03-06,0.1488207864294236,0.1464,0.1125980494890283,0.1115,0.8931566510679702,19277,0.0172357874252884,0.0040309502849464,pixel_reliability=0 AND MODLAND_QA(bits0-1)=0 AND VI range -2000..10000,MOD13Q1 V061 Terra 250m 16-day
SO1604,Iskushuban,SO16,Bari,2022-03-22,0.1449476590931445,0.1427,0.1107246041113406,0.11,0.9421303803919752,20334,0.0120001853310475,0.0023629708566927,pixel_reliability=0 AND MODLAND_QA(bits0-1)=0 AND VI range -2000..10000,MOD13Q1 V061 Terra 250m 16-day
SO1604,Iskushuban,SO16,Bari,2022-04-07,0.1442108869771581,0.142,0.1108186937605062,0.1099,0.937126442107214,20226,0.011675855997776,0.001389982856878,pixel_reliability=0 AND MODLAND_QA(bits0-1)=0 AND VI range -2000..10000,MOD13Q1 V061 Terra 250m 16-day
SO1604,Iskushuban,SO16,Bari,2022-04-23,0.1398346881203636,0.138,0.1082196635670253,0.1072,0.8869017282120187,19142,0.0089885558078117,0.0033359588565074,pixel_reliability=0 AND MODLAND_QA(bits0-1)=0 AND VI range -2000..10000,MOD13Q1 V061 Terra 250m 16-day
SO1604,Iskushuban,SO16,Bari,2022-05-09,0.1315650444664031,0.1296,0.1012414476284585,0.1008,0.9377751007737573,20240,0.0107492007598572,0.002918963999444,pixel_reliability=0 AND MODLAND_QA(bits0-1)=0 AND VI range -2000..10000,MOD13Q1 V061 Terra 250m 16-day
SO1604,Iskushuban,SO16,Bari,2022-05-25,0.134352872884691,0.1324,0.1033775531286895,0.1027,0.9418523838205995,20328,0.0134365009498216,0.0049112727609692,pixel_reliability=0 AND MODLAND_QA(bits0-1)=0 AND VI range -2000..10000,MOD13Q1 V061 Terra 250m 16-day
SO1604,Iskushuban,SO16,Bari,2022-06-10,0.1350945759708618,0.1333,0.1034265688832012,0.103,0.9413427234397442,20317,0.0118611870453597,0.0060232590464717,pixel_reliability=0 AND MODLAND_QA(bits0-1)=0 AND VI range -2000..10000,MOD13Q1 V061 Terra 250m 16-day
SO1604,Iskushuban,SO16,Bari,2022-06-26,0.1245182491736008,0.1226,0.095020830958623,0.095,0.8129546402261039,17546,0.0236297085669276,0.0081082333317889,pixel_reliability=0 AND MODLAND_QA(bits0-1)=0 AND VI range -2000..10000,MOD13Q1 V061 Terra 250m 16-day
SO1604,Iskushuban,SO16,Bari,2022-07-12,0.1291006843880182,0.12735,0.0997233287046221,0.0994,0.934253810869666,20164,0.0137608302830931,0.0073669091414539,pixel_reliability=0 AND MODLAND_QA(bits0-1)=0 AND VI range -2000..10000,MOD13Q1 V061 Terra 250m 16-day
SO1604,Iskushuban,SO16,Bari,2022-07-28,0.1330019973771815,0.1306,0.1006310097851306,0.1008,0.9185933373488394,19826,0.0115831904739841,0.0070425798081823,pixel_reliability=0 AND MODLAND_QA(bits0-1)=0 AND VI range -2000..10000,MOD13Q1 V061 Terra 250m 16-day
SO1604,Iskushuban,SO16,Bari,2022-08-13,0.1307487304590261,0.1277,0.1008957881111221,0.1,0.9306398554417828,20086,0.01311217161655,0.0069962470462864,pixel_reliability=0 AND MODLAND_QA(bits0-1)=0 AND VI range -2000..10000,MOD13Q1 V061 Terra 250m 16-day
SO1604,Iskushuban,SO16,Bari,2022-08-29,0.13964723154362418,0.1338,0.1035501579155152,0.10160000000000001,0.9388870870592596,20264,0.012092850854839457,0.005791595236992077,pixel_reliability=0 AND MODLAND_QA(bits0-1)=0 AND VI range -2000..10000,MOD13Q1 V061 Terra 250m 16-day
SO1604,Iskushuban,SO16,Bari,2022-09-14,0.14111738980546665,0.13570000000000002,0.10851374045801525,0.1058,0.940786730296993,20305,0.013760830283093176,0.002779965713756197,pixel_reliability=0 AND MODLAND_QA(bits0-1)=0 AND VI range -2000..10000,MOD13Q1 V061 Terra 250m 16-day
SO1604,Iskushuban,SO16,Bari,2022-09-30,0.1449265899383009,0.1384,0.11467715353583295,0.1105,0.7809850345179076,16856,0.009220219617291386,0.0036602881897789927,pixel_reliability=0 AND MODLAND_QA(bits0-1)=0 AND VI range -2000..10000,MOD13Q1 V061 Terra 250m 16-day
SO1604,Iskushuban,SO16,Bari,2022-10-16,0.14545060444194546,0.1426,0.1090913621028957,0.1082,0.6592225362553862,14228,0.12866607978501599,0.005791595236992077,pixel_reliability=0 AND MODLAND_QA(bits0-1)=0 AND VI range -2000..10000,MOD13Q1 V061 Terra 250m 16-day
SO1604,Iskushuban,SO16,Bari,2022-11-01,0.14986970708378997,0.14650000000000002,0.11276606057586928,0.1114,0.9300838622990316,20074,0.015938470092202197,0.0044016123801139785,pixel_reliability=0 AND MODLAND_QA(bits0-1)=0 AND VI range -2000..10000,MOD13Q1 V061 Terra 250m 16-day
SO1604,Iskushuban,SO16,Bari,2022-11-17,0.14827822889535774,0.1446,0.11308347377559881,0.1115,0.9072418106843348,19581,0.013899828568780985,0.004447945142009915,pixel_reliability=0 AND MODLAND_QA(bits0-1)=0 AND VI range -2000..10000,MOD13Q1 V061 Terra 250m 16-day
SO1604,Iskushuban,SO16,Bari,2022-12-03,0.1460991352654473,0.14400000000000002,0.11103063780724282,0.11,0.8840754297363665,19081,0.028818977899272576,0.0055135986656164575,pixel_reliability=0 AND MODLAND_QA(bits0-1)=0 AND VI range -2000..10000,MOD13Q1 V061 Terra 250m 16-day
SO1604,Iskushuban,SO16,Bari,2022-12-19,0.15654541165369193,0.1526,0.11194412990485178,0.11080000000000001,0.589213733030626,12717,0.31223648241671687,0.007274243617662049,pixel_reliability=0 AND MODLAND_QA(bits0-1)=0 AND VI range -2000..10000,MOD13Q1 V061 Terra 250m 16-day
SO1605,Qandala,SO16,Bari,2022-01-01,0.1995910601171268,0.1941,0.1365228994860762,0.1339,0.9348603351955308,8367,0.001340782122905,0.0001117318435754,pixel_reliability=0 AND MODLAND_QA(bits0-1)=0 AND VI range -2000..10000,MOD13Q1 V061 Terra 250m 16-day
SO1605,Qandala,SO16,Bari,2022-01-17,0.1952945897204689,0.1944,0.1292867147580403,0.128,0.743463687150838,6654,0.0148603351955307,0.0012290502793296,pixel_reliability=0 AND MODLAND_QA(bits0-1)=0 AND VI range -2000..10000,MOD13Q1 V061 Terra 250m 16-day
SO1605,Qandala,SO16,Bari,2022-02-02,0.189781112412178,0.18435,0.1297473536299765,0.1282,0.9541899441340782,8540,0.004022346368715,0.0,pixel_reliability=0 AND MODLAND_QA(bits0-1)=0 AND VI range -2000..10000,MOD13Q1 V061 Terra 250m 16-day
SO1605,Qandala,SO16,Bari,2022-02-18,0.1830105324751316,0.1788,0.1274016734932709,0.1261,0.9547486033519552,8545,0.0044692737430167,0.0,pixel_reliability=0 AND MODLAND_QA(bits0-1)=0 AND VI range -2000..10000,MOD13Q1 V061 Terra 250m 16-day
SO1605,Qandala,SO16,Bari,2022-03-06,0.1820028030833917,0.1788,0.1258548469983648,0.125,0.9566480446927376,8562,0.0064804469273743,0.0001117318435754,pixel_reliability=0 AND MODLAND_QA(bits0-1)=0 AND VI range -2000..10000,MOD13Q1 V061 Terra 250m 16-day
SO1605,Qandala,SO16,Bari,2022-03-22,0.1754413257441005,0.1739,0.1239055970591723,0.1236,0.9422346368715084,8433,0.0105027932960893,0.0,pixel_reliability=0 AND MODLAND_QA(bits0-1)=0 AND VI range -2000..10000,MOD13Q1 V061 Terra 250m 16-day
SO1605,Qandala,SO16,Bari,2022-04-07,0.1752194588235294,0.1738,0.1237172470588235,0.1231,0.9497206703910616,8500,0.0052513966480446,0.0,pixel_reliability=0 AND MODLAND_QA(bits0-1)=0 AND VI range -2000..10000,MOD13Q1 V061 Terra 250m 16-day
SO1605,Qandala,SO16,Bari,2022-04-23,0.1737296451425247,0.1712,0.1248819546247818,0.1235,0.9603351955307262,8595,0.0054748603351955,0.0001117318435754,pixel_reliability=0 AND MODLAND_QA(bits0-1)=0 AND VI range -2000..10000,MOD13Q1 V061 Terra 250m 16-day
SO1605,Qandala,SO16,Bari,2022-05-09,0.1645400831129581,0.162,0.1174898879234353,0.1157,0.8872625698324023,7941,0.0262569832402234,0.0001117318435754,pixel_reliability=0 AND MODLAND_QA(bits0-1)=0 AND VI range -2000..10000,MOD13Q1 V061 Terra 250m 16-day
SO1605,Qandala,SO16,Bari,2022-05-25,0.1649916754725842,0.1622,0.1194745332863684,0.1182,0.9516201117318436,8517,0.0084916201117318,0.0006703910614525,pixel_reliability=0 AND MODLAND_QA(bits0-1)=0 AND VI range -2000..10000,MOD13Q1 V061 Terra 250m 16-day
SO1605,Qandala,SO16,Bari,2022-06-10,0.1657047793682716,0.1629,0.1161330296935999,0.1151,0.9444692737430168,8453,0.0071508379888268,0.0012290502793296,pixel_reliability=0 AND MODLAND_QA(bits0-1)=0 AND VI range -2000..10000,MOD13Q1 V061 Terra 250m 16-day
SO1605,Qandala,SO16,Bari,2022-06-26,0.1472357577929057,0.1458,0.1075448405589394,0.1062,0.6236871508379889,5582,0.1328491620111732,0.0053631284916201,pixel_reliability=0 AND MODLAND_QA(bits0-1)=0 AND VI range -2000..10000,MOD13Q1 V061 Terra 250m 16-day
SO1605,Qandala,SO16,Bari,2022-07-12,0.1538898820754717,0.1523,0.1122916037735849,0.11175,0.9474860335195532,8480,0.010949720670391,0.0030167597765363,pixel_reliability=0 AND MODLAND_QA(bits0-1)=0 AND VI range -2000..10000,MOD13Q1 V061 Terra 250m 16-day
SO1605,Qandala,SO16,Bari,2022-07-28,0.1601866106778644,0.158,0.1098056388722255,0.1095,0.9312849162011172,8335,0.0087150837988826,0.0010055865921787,pixel_reliability=0 AND MODLAND_QA(bits0-1)=0 AND VI range -2000..10000,MOD13Q1 V061 Terra 250m 16-day
SO1605,Qandala,SO16,Bari,2022-08-13,0.157210321528425,0.1555,0.1135499068033551,0.1131,0.9591061452513968,8584,0.0093854748603351,0.0015642458100558,pixel_reliability=0 AND MODLAND_QA(bits0-1)=0 AND VI range -2000..10000,MOD13Q1 V061 Terra 250m 16-day
SO1605,Qandala,SO16,Bari,2022-08-29,0.17154799159271367,0.1663,0.1168439397477814,0.1145,0.9568715083798882,8564,0.005139664804469274,0.0005586592178770949,pixel_reliability=0 AND MODLAND_QA(bits0-1)=0 AND VI range -2000..10000,MOD13Q1 V061 Terra 250m 16-day
SO1605,Qandala,SO16,Bari,2022-09-14,0.17585619114056505,0.1721,0.12453675154051856,0.1227,0.9610055865921787,8601,0.002011173184357542,0.0,pixel_reliability=0 AND MODLAND_QA(bits0-1)=0 AND VI range -2000..10000,MOD13Q1 V061 Terra 250m 16-day
SO1605,Qandala,SO16,Bari,2022-09-30,0.1832473015873016,0.18180000000000002,0.12758920634920634,0.1242,0.4223463687150838,3780,0.007262569832402235,0.000111731843575419,pixel_reliability=0 AND MODLAND_QA(bits0-1)=0 AND VI range -2000..10000,MOD13Q1 V061 Terra 250m 16-day
SO1605,Qandala,SO16,Bari,2022-10-16,0.18247506635210853,0.1799,0.12356061633736361,0.12250000000000001,0.7577653631284916,6782,0.04536312849162011,0.0007821229050279329,pixel_reliability=0 AND MODLAND_QA(bits0-1)=0 AND VI range -2000..10000,MOD13Q1 V061 Terra 250m 16-day
SO1605,Qandala,SO16,Bari,2022-11-01,0.18188787738039944,0.1772,0.1286424059451928,0.1257,0.9622346368715083,8612,0.000335195530726257,0.0,pixel_reliability=0 AND MODLAND_QA(bits0-1)=0 AND VI range -2000..10000,MOD13Q1 V061 Terra 250m 16-day
SO1605,Qandala,SO16,Bari,2022-11-17,0.1819307721233392,0.17665,0.12297275006267236,0.1217,0.8913966480446928,7978,0.0023463687150837987,0.0,pixel_reliability=0 AND MODLAND_QA(bits0-1)=0 AND VI range -2000..10000,MOD13Q1 V061 Terra 250m 16-day
SO1605,Qandala,SO16,Bari,2022-12-03,0.1838136487829111,0.1791,0.12346869100844513,0.1217,0.8996648044692738,8052,0.0011173184357541898,0.000111731843575419,pixel_reliability=0 AND MODLAND_QA(bits0-1)=0 AND VI range -2000..10000,MOD13Q1 V061 Terra 250m 16-day
SO1605,Qandala,SO16,Bari,2022-12-19,0.18588274816283681,0.1802,0.11967093199580078,0.1179,0.9578770949720671,8573,0.0032402234636871507,0.000223463687150838,pixel_reliability=0 AND MODLAND_QA(bits0-1)=0 AND VI range -2000..10000,MOD13Q1 V061 Terra 250m 16-day
SO1606,Qardho,SO16,Bari,2022-01-01,0.1399079261929608,0.1364,0.1020061616544919,0.0989,0.9658237126626352,21082,4.581271761040865e-05,0.0,pixel_reliability=0 AND MODLAND_QA(bits0-1)=0 AND VI range -2000..10000,MOD13Q1 V061 Terra 250m 16-day
SO1606,Qardho,SO16,Bari,2022-01-17,0.1391568458743052,0.1353,0.0982304563916203,0.0959,0.8572475719259667,18712,0.0001832508704416,0.0,pixel_reliability=0 AND MODLAND_QA(bits0-1)=0 AND VI range -2000..10000,MOD13Q1 V061 Terra 250m 16-day
SO1606,Qardho,SO16,Bari,2022-02-02,0.1385929177288528,0.1359,0.1004015110081112,0.0979,0.9884093824445668,21575,0.0,0.0,pixel_reliability=0 AND MODLAND_QA(bits0-1)=0 AND VI range -2000..10000,MOD13Q1 V061 Terra 250m 16-day
SO1606,Qardho,SO16,Bari,2022-02-18,0.1350732295982272,0.1327,0.099098439155988,0.0968,0.9509803921568628,20758,0.0003206890232728,0.0,pixel_reliability=0 AND MODLAND_QA(bits0-1)=0 AND VI range -2000..10000,MOD13Q1 V061 Terra 250m 16-day
SO1606,Qardho,SO16,Bari,2022-03-06,0.1366249580067189,0.1345,0.0986743187756625,0.0964,0.9818581638262782,21432,0.0004123144584936,0.0,pixel_reliability=0 AND MODLAND_QA(bits0-1)=0 AND VI range -2000..10000,MOD13Q1 V061 Terra 250m 16-day
SO1606,Qardho,SO16,Bari,2022-03-22,0.135524566994596,0.1335,0.0994785460255877,0.0971,0.9918911489829576,21651,0.0,0.0,pixel_reliability=0 AND MODLAND_QA(bits0-1)=0 AND VI range -2000..10000,MOD13Q1 V061 Terra 250m 16-day
SO1606,Qardho,SO16,Bari,2022-04-07,0.1356384837792806,0.1335,0.0987514260511614,0.0962,0.9348543155579988,20406,0.0,0.0,pixel_reliability=0 AND MODLAND_QA(bits0-1)=0 AND VI range -2000..10000,MOD13Q1 V061 Terra 250m 16-day
SO1606,Qardho,SO16,Bari,2022-04-23,0.1328349707602339,0.1309,0.0960289450292397,0.0938,0.9792468389224848,21375,0.0,0.0,pixel_reliability=0 AND MODLAND_QA(bits0-1)=0 AND VI range -2000..10000,MOD13Q1 V061 Terra 250m 16-day
SO1606,Qardho,SO16,Bari,2022-05-09,0.1268471323666109,0.1246,0.0926306980851459,0.0902,0.9857064321055524,21516,0.0,0.0,pixel_reliability=0 AND MODLAND_QA(bits0-1)=0 AND VI range -2000..10000,MOD13Q1 V061 Terra 250m 16-day
SO1606,Qardho,SO16,Bari,2022-05-25,0.1291033785347341,0.1266,0.0943337946036007,0.0918,0.9898753894080996,21607,0.0,0.0,pixel_reliability=0 AND MODLAND_QA(bits0-1)=0 AND VI range -2000..10000,MOD13Q1 V061 Terra 250m 16-day
SO1606,Qardho,SO16,Bari,2022-06-10,0.1299056637788572,0.1274,0.0943689168210726,0.0918,0.9148341579622504,19969,0.0007330034817665,0.0,pixel_reliability=0 AND MODLAND_QA(bits0-1)=0 AND VI range -2000..10000,MOD13Q1 V061 Terra 250m 16-day
SO1606,Qardho,SO16,Bari,2022-06-26,0.1190353415626315,0.1178,0.0885680670500771,0.0859,0.6531977276892065,14258,0.0878229796591533,0.000458127176104,pixel_reliability=0 AND MODLAND_QA(bits0-1)=0 AND VI range -2000..10000,MOD13Q1 V061 Terra 250m 16-day
SO1606,Qardho,SO16,Bari,2022-07-12,0.1221274395248901,0.1202,0.0911419776930133,0.0886,0.9488271944291736,20711,0.0018325087044163,0.0,pixel_reliability=0 AND MODLAND_QA(bits0-1)=0 AND VI range -2000..10000,MOD13Q1 V061 Terra 250m 16-day
SO1606,Qardho,SO16,Bari,2022-07-28,0.1263571126654254,0.1245,0.0913923463996377,0.0894,0.910436137071651,19873,0.0,0.0,pixel_reliability=0 AND MODLAND_QA(bits0-1)=0 AND VI range -2000..10000,MOD13Q1 V061 Terra 250m 16-day
SO1606,Qardho,SO16,Bari,2022-08-13,0.1218996964460841,0.1203,0.0905375005837575,0.0884,0.9809877221916804,21413,0.0,0.0,pixel_reliability=0 AND MODLAND_QA(bits0-1)=0 AND VI range -2000..10000,MOD13Q1 V061 Terra 250m 16-day
SO1606,Qardho,SO16,Bari,2022-08-29,0.1275142516113631,0.1258,0.09205696347576987,0.0902,0.9595473703500091,20945,4.581271761040865e-05,0.0,pixel_reliability=0 AND MODLAND_QA(bits0-1)=0 AND VI range -2000..10000,MOD13Q1 V061 Terra 250m 16-day
SO1606,Qardho,SO16,Bari,2022-09-14,0.12995505204015842,0.1268,0.09622424242424242,0.09240000000000001,0.9947773501924134,21714,0.0,0.0,pixel_reliability=0 AND MODLAND_QA(bits0-1)=0 AND VI range -2000..10000,MOD13Q1 V061 Terra 250m 16-day
SO1606,Qardho,SO16,Bari,2022-09-30,0.14334950991565992,0.14,0.10332571233188967,0.1008,0.6029411764705882,13161,0.004718709913872091,0.0,pixel_reliability=0 AND MODLAND_QA(bits0-1)=0 AND VI range -2000..10000,MOD13Q1 V061 Terra 250m 16-day
SO1606,Qardho,SO16,Bari,2022-10-16,0.14770103053795974,0.1454,0.10756228609246479,0.10590000000000001,0.4845611141652923,10577,0.27689206523730986,0.0024280740333516584,pixel_reliability=0 AND MODLAND_QA(bits0-1)=0 AND VI range -2000..10000,MOD13Q1 V061 Terra 250m 16-day
SO1606,Qardho,SO16,Bari,2022-11-01,0.14962280140858122,0.1472,0.10746017514595496,0.1058,0.9887300714678394,21582,0.0,0.0,pixel_reliability=0 AND MODLAND_QA(bits0-1)=0 AND VI range -2000..10000,MOD13Q1 V061 Terra 250m 16-day
SO1606,Qardho,SO16,Bari,2022-11-17,0.14406278291777744,0.1421,0.1049271130625686,0.1034,0.8764431006047279,19131,9.16254352208173e-05,0.0,pixel_reliability=0 AND MODLAND_QA(bits0-1)=0 AND VI range -2000..10000,MOD13Q1 V061 Terra 250m 16-day
SO1606,Qardho,SO16,Bari,2022-12-03,0.14244036136205698,0.1404,0.10211442205235116,0.1004,0.9888675096206707,21585,0.0,0.0,pixel_reliability=0 AND MODLAND_QA(bits0-1)=0 AND VI range -2000..10000,MOD13Q1 V061 Terra 250m 16-day
SO1606,Qardho,SO16,Bari,2022-12-19,0.14024247572815535,0.138,0.09900370612397312,0.09730000000000001,0.981491662085395,21424,0.0,0.0,pixel_reliability=0 AND MODLAND_QA(bits0-1)=0 AND VI range -2000..10000,MOD13Q1 V061 Terra 250m 16-day
SO1701,Garoowe,SO17,Nugaal,2022-01-01,0.1335865651818553,0.1347,0.1007442480588475,0.1006,0.9683419074000792,9788,0.0002967946181242,0.0,pixel_reliability=0 AND MODLAND_QA(bits0-1)=0 AND VI range -2000..10000,MOD13Q1 V061 Terra 250m 16-day
SO1701,Garoowe,SO17,Nugaal,2022-01-17,0.1330124082232011,0.1351,0.0979176089084679,0.0979,0.8084685397704788,8172,0.0033636723387415,0.0,pixel_reliability=0 AND MODLAND_QA(bits0-1)=0 AND VI range -2000..10000,MOD13Q1 V061 Terra 250m 16-day
SO1701,Garoowe,SO17,Nugaal,2022-02-02,0.1329302316333631,0.1353,0.1018009046624913,0.1022,0.9951523545706372,10059,0.000395726157499,0.0,pixel_reliability=0 AND MODLAND_QA(bits0-1)=0 AND VI range -2000..10000,MOD13Q1 V061 Terra 250m 16-day
SO1701,Garoowe,SO17,Nugaal,2022-02-18,0.1295496889746889,0.1319,0.0995516838266838,0.1,0.922437673130194,9324,0.0002967946181242,0.0,pixel_reliability=0 AND MODLAND_QA(bits0-1)=0 AND VI range -2000..10000,MOD13Q1 V061 Terra 250m 16-day
SO1701,Garoowe,SO17,Nugaal,2022-03-06,0.1322098365587085,0.1345,0.1009435576055349,0.1014,0.9866442421844084,9973,0.000395726157499,0.0,pixel_reliability=0 AND MODLAND_QA(bits0-1)=0 AND VI range -2000..10000,MOD13Q1 V061 Terra 250m 16-day
SO1701,Garoowe,SO17,Nugaal,2022-03-22,0.1340674216723209,0.1361,0.102615455996807,0.1025,0.9914918876137712,10022,0.0001978630787495,0.0,pixel_reliability=0 AND MODLAND_QA(bits0-1)=0 AND VI range -2000..10000,MOD13Q1 V061 Terra 250m 16-day
SO1701,Garoowe,SO17,Nugaal,2022-04-07,0.1329950929212779,0.1352,0.1017642200877009,0.1022,0.9475662841313812,9578,9.893153937475268e-05,0.0,pixel_reliability=0 AND MODLAND_QA(bits0-1)=0 AND VI range -2000..10000,MOD13Q1 V061 Terra 250m 16-day
SO1701,Garoowe,SO17,Nugaal,2022-04-23,0.1370849930473847,0.1371,0.1025845544978072,0.1018,0.9249109616145628,9349,0.0029679461812425,0.0,pixel_reliability=0 AND MODLAND_QA(bits0-1)=0 AND VI range -2000..10000,MOD13Q1 V061 Terra 250m 16-day
SO1701,Garoowe,SO17,Nugaal,2022-05-09,0.1357577967335899,0.1344,0.1047778008946218,0.1034,0.9510288880094976,9613,0.0012861100118717,0.0,pixel_reliability=0 AND MODLAND_QA(bits0-1)=0 AND VI range -2000..10000,MOD13Q1 V061 Terra 250m 16-day
SO1701,Garoowe,SO17,Nugaal,2022-05-25,0.1381104904632152,0.1374,0.1040660658142946,0.1028,0.94400474871389,9542,0.003165809259992,0.0,pixel_reliability=0 AND MODLAND_QA(bits0-1)=0 AND VI range -2000..10000,MOD13Q1 V061 Terra 250m 16-day
SO1701,Garoowe,SO17,Nugaal,2022-06-10,0.1338797600816743,0.135,0.1011460949464012,0.1006,0.7752275425405619,7836,0.0024732884843688,0.0,pixel_reliability=0 AND MODLAND_QA(bits0-1)=0 AND VI range -2000..10000,MOD13Q1 V061 Terra 250m 16-day
SO1701,Garoowe,SO17,Nugaal,2022-06-26,0.1248395616559663,0.1264,0.0962057560327651,0.0959,0.8937475267115156,9034,0.0082113177681044,0.0005935892362485,pixel_reliability=0 AND MODLAND_QA(bits0-1)=0 AND VI range -2000..10000,MOD13Q1 V061 Terra 250m 16-day
SO1701,Garoowe,SO17,Nugaal,2022-07-12,0.1249555444221776,0.1265,0.0945007125361834,0.0952,0.8886030866640285,8982,0.0200831024930747,0.000791452314998,pixel_reliability=0 AND MODLAND_QA(bits0-1)=0 AND VI range -2000..10000,MOD13Q1 V061 Terra 250m 16-day
SO1701,Garoowe,SO17,Nugaal,2022-07-28,0.1287914783486933,0.1315,0.095966115389471,0.0962,0.7836367233874159,7921,0.0010882469331222,0.0,pixel_reliability=0 AND MODLAND_QA(bits0-1)=0 AND VI range -2000..10000,MOD13Q1 V061 Terra 250m 16-day
SO1701,Garoowe,SO17,Nugaal,2022-08-13,0.1220576730830586,0.125,0.0939494629373604,0.0949,0.9302532647407994,9403,0.0033636723387415,0.0,pixel_reliability=0 AND MODLAND_QA(bits0-1)=0 AND VI range -2000..10000,MOD13Q1 V061 Terra 250m 16-day
SO1701,Garoowe,SO17,Nugaal,2022-08-29,0.12479519534836274,0.1273,0.09547183515250435,0.09580000000000001,0.9698258804907004,9803,0.0,0.0,pixel_reliability=0 AND MODLAND_QA(bits0-1)=0 AND VI range -2000..10000,MOD13Q1 V061 Terra 250m 16-day
SO1701,Garoowe,SO17,Nugaal,2022-09-14,0.12732259292656048,0.1293,0.09855367197675584,0.0985,0.9874356944994064,9981,0.00019786307874950534,0.0,pixel_reliability=0 AND MODLAND_QA(bits0-1)=0 AND VI range -2000..10000,MOD13Q1 V061 Terra 250m 16-day
SO1701,Garoowe,SO17,Nugaal,2022-09-30,0.1419164185004612,0.1399,0.10346398735011202,0.1017,0.750791452314998,7589,0.0010882469331222793,0.0,pixel_reliability=0 AND MODLAND_QA(bits0-1)=0 AND VI range -2000..10000,MOD13Q1 V061 Terra 250m 16-day
SO1701,Garoowe,SO17,Nugaal,2022-10-16,0.15217144107351227,0.1486,0.11090611143523921,0.10880000000000001,0.6782746339533043,6856,0.10961614562722596,0.000296794618124258,pixel_reliability=0 AND MODLAND_QA(bits0-1)=0 AND VI range -2000..10000,MOD13Q1 V061 Terra 250m 16-day
SO1701,Garoowe,SO17,Nugaal,2022-11-01,0.150901916203336,0.14830000000000002,0.11261296664019063,0.111,0.996438464582509,10072,0.00019786307874950534,0.0,pixel_reliability=0 AND MODLAND_QA(bits0-1)=0 AND VI range -2000..10000,MOD13Q1 V061 Terra 250m 16-day
SO1701,Garoowe,SO17,Nugaal,2022-11-17,0.14236778220730173,0.1428,0.1083139844733529,0.1081,0.9430154333201425,9532,9.893153937475267e-05,0.0,pixel_reliability=0 AND MODLAND_QA(bits0-1)=0 AND VI range -2000..10000,MOD13Q1 V061 Terra 250m 16-day
SO1701,Garoowe,SO17,Nugaal,2022-12-03,0.14039994012573595,0.1411,0.105057888434288,0.10540000000000001,0.9913929560743965,10021,9.893153937475267e-05,0.0,pixel_reliability=0 AND MODLAND_QA(bits0-1)=0 AND VI range -2000..10000,MOD13Q1 V061 Terra 250m 16-day
SO1701,Garoowe,SO17,Nugaal,2022-12-19,0.13687051437829081,0.13770000000000002,0.10171819562575943,0.1024,0.9770478828650574,9876,0.0,0.0,pixel_reliability=0 AND MODLAND_QA(bits0-1)=0 AND VI range -2000..10000,MOD13Q1 V061 Terra 250m 16-day
SO1702,Burtinle,SO17,Nugaal,2022-01-01,0.1691761031414563,0.1711,0.1062339658616306,0.1062,0.9708241516086382,11014,0.0027324812692816,0.0,pixel_reliability=0 AND MODLAND_QA(bits0-1)=0 AND VI range -2000..10000,MOD13Q1 V061 Terra 250m 16-day
SO1702,Burtinle,SO17,Nugaal,2022-01-17,0.1645034885439763,0.1645,0.1031452328159645,0.1034,0.5962979286029088,6765,0.1218157778757161,0.0,pixel_reliability=0 AND MODLAND_QA(bits0-1)=0 AND VI range -2000..10000,MOD13Q1 V061 Terra 250m 16-day
SO1702,Burtinle,SO17,Nugaal,2022-02-02,0.1674099725687992,0.1694,0.1068984780107955,0.1068,0.9961216394887616,11301,0.0,0.0,pixel_reliability=0 AND MODLAND_QA(bits0-1)=0 AND VI range -2000..10000,MOD13Q1 V061 Terra 250m 16-day
SO1702,Burtinle,SO17,Nugaal,2022-02-18,0.1630381183952118,0.165,0.1064041428972225,0.107,0.9425297487880124,10693,0.0006170118995152,0.0,pixel_reliability=0 AND MODLAND_QA(bits0-1)=0 AND VI range -2000..10000,MOD13Q1 V061 Terra 250m 16-day
SO1702,Burtinle,SO17,Nugaal,2022-03-06,0.1660372023019035,0.1685,0.1068672598494909,0.1075,0.99559277214632,11295,0.0001762891141472,0.0,pixel_reliability=0 AND MODLAND_QA(bits0-1)=0 AND VI range -2000..10000,MOD13Q1 V061 Terra 250m 16-day
SO1702,Burtinle,SO17,Nugaal,2022-03-22,0.174820280465075,0.1736,0.1131567231738706,0.1111,0.9931247245482592,11267,0.0012340237990304,0.0,pixel_reliability=0 AND MODLAND_QA(bits0-1)=0 AND VI range -2000..10000,MOD13Q1 V061 Terra 250m 16-day
SO1702,Burtinle,SO17,Nugaal,2022-04-07,0.1737028229408611,0.1722,0.1145481150616401,0.1132,0.9866901718818863,11194,0.0014103129131776,0.0,pixel_reliability=0 AND MODLAND_QA(bits0-1)=0 AND VI range -2000..10000,MOD13Q1 V061 Terra 250m 16-day
SO1702,Burtinle,SO17,Nugaal,2022-04-23,0.180744616798805,0.1789,0.1144022061358152,0.1126,0.7671220802115469,8703,0.0475980608197443,0.0,pixel_reliability=0 AND MODLAND_QA(bits0-1)=0 AND VI range -2000..10000,MOD13Q1 V061 Terra 250m 16-day
SO1702,Burtinle,SO17,Nugaal,2022-05-09,0.1932260243632337,0.194,0.1272085049833887,0.1276,0.7959453503746143,9030,0.074834728955487,0.000440722785368,pixel_reliability=0 AND MODLAND_QA(bits0-1)=0 AND VI range -2000..10000,MOD13Q1 V061 Terra 250m 16-day
SO1702,Burtinle,SO17,Nugaal,2022-05-25,0.1819277901785714,0.1832,0.1182659263392857,0.11885,0.7897752313794624,8960,0.0417805200528867,0.0,pixel_reliability=0 AND MODLAND_QA(bits0-1)=0 AND VI range -2000..10000,MOD13Q1 V061 Terra 250m 16-day
SO1702,Burtinle,SO17,Nugaal,2022-06-10,0.1699940318438623,0.1718,0.1102504982023626,0.1111,0.8580872631115029,9735,0.0108417805200528,0.0,pixel_reliability=0 AND MODLAND_QA(bits0-1)=0 AND VI range -2000..10000,MOD13Q1 V061 Terra 250m 16-day
SO1702,Burtinle,SO17,Nugaal,2022-06-26,0.1643699394325789,0.1653,0.1105232600148762,0.1109,0.8295284266196562,9411,0.0322609078889378,0.0001762891141472,pixel_reliability=0 AND MODLAND_QA(bits0-1)=0 AND VI range -2000..10000,MOD13Q1 V061 Terra 250m 16-day
SO1702,Burtinle,SO17,Nugaal,2022-07-12,0.1587929990734068,0.1609,0.1045931946875321,0.106,0.8561480828558836,9713,0.0089026002644336,0.0,pixel_reliability=0 AND MODLAND_QA(bits0-1)=0 AND VI range -2000..10000,MOD13Q1 V061 Terra 250m 16-day
SO1702,Burtinle,SO17,Nugaal,2022-07-28,0.1578772086117297,0.1599,0.1020726150705271,0.1029,0.9498457470251211,10776,0.0,0.0,pixel_reliability=0 AND MODLAND_QA(bits0-1)=0 AND VI range -2000..10000,MOD13Q1 V061 Terra 250m 16-day
SO1702,Burtinle,SO17,Nugaal,2022-08-13,0.1543564265247646,0.156,0.0984042979942693,0.098,0.8613486117232261,9772,0.0252974878801234,0.0,pixel_reliability=0 AND MODLAND_QA(bits0-1)=0 AND VI range -2000..10000,MOD13Q1 V061 Terra 250m 16-day
SO1702,Burtinle,SO17,Nugaal,2022-08-29,0.15432700334266874,0.1558,0.09967587857981751,0.1003,0.9756721022476862,11069,0.0,0.0,pixel_reliability=0 AND MODLAND_QA(bits0-1)=0 AND VI range -2000..10000,MOD13Q1 V061 Terra 250m 16-day
SO1702,Burtinle,SO17,Nugaal,2022-09-14,0.16091848231739825,0.16110000000000002,0.10125802381375511,0.1014,0.9919788453063023,11254,0.0,0.0,pixel_reliability=0 AND MODLAND_QA(bits0-1)=0 AND VI range -2000..10000,MOD13Q1 V061 Terra 250m 16-day
SO1702,Burtinle,SO17,Nugaal,2022-09-30,0.18726151981450256,0.1837,0.11858038575042158,0.1174,0.8363155575143235,9488,0.01613045394446893,0.0006170118995152049,pixel_reliability=0 AND MODLAND_QA(bits0-1)=0 AND VI range -2000..10000,MOD13Q1 V061 Terra 250m 16-day
SO1702,Burtinle,SO17,Nugaal,2022-10-16,0.2238343793008533,0.2273,0.14108769611890998,0.14150000000000001,0.32022917584839133,3633,0.5021595416483032,0.0,pixel_reliability=0 AND MODLAND_QA(bits0-1)=0 AND VI range -2000..10000,MOD13Q1 V061 Terra 250m 16-day
SO1702,Burtinle,SO17,Nugaal,2022-11-01,0.22397982070984265,0.2233,0.14433816319063303,0.14300000000000002,0.9635962979286029,10932,0.0006170118995152049,0.0,pixel_reliability=0 AND MODLAND_QA(bits0-1)=0 AND VI range -2000..10000,MOD13Q1 V061 Terra 250m 16-day
SO1702,Burtinle,SO17,Nugaal,2022-11-17,0.20570161438268209,0.2033,0.13340968629609248,0.13175,0.9609519612163949,10902,0.00044072278536800354,0.0,pixel_reliability=0 AND MODLAND_QA(bits0-1)=0 AND VI range -2000..10000,MOD13Q1 V061 Terra 250m 16-day
SO1702,Burtinle,SO17,Nugaal,2022-12-03,0.1959187733665658,0.19505,0.12479187288588214,0.12390000000000001,0.9902159541648303,11234,0.0,0.0,pixel_reliability=0 AND MODLAND_QA(bits0-1)=0 AND VI range -2000..10000,MOD13Q1 V061 Terra 250m 16-day
SO1702,Burtinle,SO17,Nugaal,2022-12-19,0.1865414290805417,0.1862,0.11947007305773343,0.11900000000000001,0.9893345085940943,11224,0.0,0.0,pixel_reliability=0 AND MODLAND_QA(bits0-1)=0 AND VI range -2000..10000,MOD13Q1 V061 Terra 250m 16-day
SO1703,Eyl,SO17,Nugaal,2022-01-01,0.1589559392429096,0.1564,0.1144029191883232,0.1151,0.7590524229868492,8427,0.0776436678076022,0.0065753918212934,pixel_reliability=0 AND MODLAND_QA(bits0-1)=0 AND VI range -2000..10000,MOD13Q1 V061 Terra 250m 16-day
SO1703,Eyl,SO17,Nugaal,2022-01-17,0.1540886216744326,0.1544,0.1134778145197655,0.1144,0.5992613943433616,6653,0.08412898576833,0.0103584939650513,pixel_reliability=0 AND MODLAND_QA(bits0-1)=0 AND VI range -2000..10000,MOD13Q1 V061 Terra 250m 16-day
SO1703,Eyl,SO17,Nugaal,2022-02-02,0.1559277927321669,0.1564,0.1127834358777158,0.1142,0.9369482976040352,10402,0.0161232210412538,0.00747613042695,pixel_reliability=0 AND MODLAND_QA(bits0-1)=0 AND VI range -2000..10000,MOD13Q1 V061 Terra 250m 16-day
SO1703,Eyl,SO17,Nugaal,2022-02-18,0.1474252492877492,0.1491,0.1100074074074074,0.1115,0.5058548009367682,5616,0.0499909926139434,0.0071158349846874,pixel_reliability=0 AND MODLAND_QA(bits0-1)=0 AND VI range -2000..10000,MOD13Q1 V061 Terra 250m 16-day
SO1703,Eyl,SO17,Nugaal,2022-03-06,0.1522788910617738,0.1538,0.1061911653054181,0.1078,0.7830120698973158,8693,0.0670149522608539,0.0053143577733741,pixel_reliability=0 AND MODLAND_QA(bits0-1)=0 AND VI range -2000..10000,MOD13Q1 V061 Terra 250m 16-day
SO1703,Eyl,SO17,Nugaal,2022-03-22,0.1520171879511115,0.1536,0.1087473005485516,0.1109,0.935957485137813,10391,0.0216177265357593,0.0039632498648892,pixel_reliability=0 AND MODLAND_QA(bits0-1)=0 AND VI range -2000..10000,MOD13Q1 V061 Terra 250m 16-day
SO1703,Eyl,SO17,Nugaal,2022-04-07,0.1495283583975736,0.1516,0.1077387842790345,0.1099,0.712754458656098,7913,0.0232390560259412,0.0018915510718789,pixel_reliability=0 AND MODLAND_QA(bits0-1)=0 AND VI range -2000..10000,MOD13Q1 V061 Terra 250m 16-day
SO1703,Eyl,SO17,Nugaal,2022-04-23,0.1478889594224545,0.1466,0.1069564475977097,0.1076,0.7236533957845434,8034,0.0889929742388758,0.0020716987930102,pixel_reliability=0 AND MODLAND_QA(bits0-1)=0 AND VI range -2000..10000,MOD13Q1 V061 Terra 250m 16-day
SO1703,Eyl,SO17,Nugaal,2022-05-09,0.1501710508208001,0.1459,0.108302988302369,0.1073,0.9163213835344984,10173,0.0182849936948297,0.0037831021437578,pixel_reliability=0 AND MODLAND_QA(bits0-1)=0 AND VI range -2000..10000,MOD13Q1 V061 Terra 250m 16-day
SO1703,Eyl,SO17,Nugaal,2022-05-25,0.1480929376257545,0.1472,0.1049365090543259,0.1055,0.8953341740226987,9940,0.0089173121960007,0.0045937668888488,pixel_reliability=0 AND MODLAND_QA(bits0-1)=0 AND VI range -2000..10000,MOD13Q1 V061 Terra 250m 16-day
SO1703,Eyl,SO17,Nugaal,2022-06-10,0.1463042061792597,0.1461,0.1039888498011624,0.1054,0.5889029003783102,6538,0.0120698973157989,0.0045036930282831,pixel_reliability=0 AND MODLAND_QA(bits0-1)=0 AND VI range -2000..10000,MOD13Q1 V061 Terra 250m 16-day
SO1703,Eyl,SO17,Nugaal,2022-06-26,0.1380489256198347,0.1387,0.100088044077135,0.1008,0.8174202846333994,9075,0.0300846694289317,0.0089173121960007,pixel_reliability=0 AND MODLAND_QA(bits0-1)=0 AND VI range -2000..10000,MOD13Q1 V061 Terra 250m 16-day
SO1703,Eyl,SO17,Nugaal,2022-07-12,0.1401972306034482,0.1414,0.1005566163793103,0.1021,0.8358854260493604,9280,0.0194559538821833,0.0068456134029904,pixel_reliability=0 AND MODLAND_QA(bits0-1)=0 AND VI range -2000..10000,MOD13Q1 V061 Terra 250m 16-day
SO1703,Eyl,SO17,Nugaal,2022-07-28,0.1407396888567293,0.1424,0.1000020984081042,0.1013,0.7468924518104846,8292,0.0148621869933345,0.0098180508016573,pixel_reliability=0 AND MODLAND_QA(bits0-1)=0 AND VI range -2000..10000,MOD13Q1 V061 Terra 250m 16-day
SO1703,Eyl,SO17,Nugaal,2022-08-13,0.136246602908946,0.1379,0.0996454373381151,0.101,0.9041614123581336,10038,0.01017834624392,0.0120698973157989,pixel_reliability=0 AND MODLAND_QA(bits0-1)=0 AND VI range -2000..10000,MOD13Q1 V061 Terra 250m 16-day
SO1703,Eyl,SO17,Nugaal,2022-08-29,0.13782020780734122,0.13970000000000002,0.10028061759564966,0.1014,0.9275806161052063,10298,0.014321743829940552,0.008917312196000721,pixel_reliability=0 AND MODLAND_QA(bits0-1)=0 AND VI range -2000..10000,MOD13Q1 V061 Terra 250m 16-day
SO1703,Eyl,SO17,Nugaal,2022-09-14,0.14388063023995376,0.1446,0.10192982557579264,0.10310000000000001,0.9346964510898937,10377,0.016483516483516484,0.0066654656818591245,pixel_reliability=0 AND MODLAND_QA(bits0-1)=0 AND VI range -2000..10000,MOD13Q1 V061 Terra 250m 16-day
SO1703,Eyl,SO17,Nugaal,2022-09-30,0.16008060323688084,0.1574,0.11411295978420793,0.1119,0.7346424067735543,8156,0.011349306431273645,0.003963249864889209,pixel_reliability=0 AND MODLAND_QA(bits0-1)=0 AND VI range -2000..10000,MOD13Q1 V061 Terra 250m 16-day
SO1703,Eyl,SO17,Nugaal,2022-10-16,0.19092504672897198,0.19405,0.14142401869158877,0.14315,0.09637903080526031,1070,0.43487659881102503,0.09205548549810845,pixel_reliability=0 AND MODLAND_QA(bits0-1)=0 AND VI range -2000..10000,MOD13Q1 V061 Terra 250m 16-day
SO1703,Eyl,SO17,Nugaal,2022-11-01,0.19386546026750592,0.19640000000000002,0.13806493902439027,0.14020000000000002,0.9158710142316699,10168,0.012250045036930283,0.0016213294901819492,pixel_reliability=0 AND MODLAND_QA(bits0-1)=0 AND VI range -2000..10000,MOD13Q1 V061 Terra 250m 16-day
SO1703,Eyl,SO17,Nugaal,2022-11-17,0.18199782117163416,0.1852,0.13268738951695788,0.13390000000000002,0.8764186633039092,9730,0.025851197982345524,0.002251846514141596,pixel_reliability=0 AND MODLAND_QA(bits0-1)=0 AND VI range -2000..10000,MOD13Q1 V061 Terra 250m 16-day
SO1703,Eyl,SO17,Nugaal,2022-12-03,0.1810613178294574,0.1824,0.1275803972868217,0.12810000000000002,0.9295622410376508,10320,0.01405152224824356,0.004233471446586201,pixel_reliability=0 AND MODLAND_QA(bits0-1)=0 AND VI range -2000..10000,MOD13Q1 V061 Terra 250m 16-day
SO1703,Eyl,SO17,Nugaal,2022-12-19,0.17520197624610592,0.17600000000000002,0.121033761682243,0.1208,0.925238695730499,10272,0.021437578814627996,0.005584579355071158,pixel_reliability=0 AND MODLAND_QA(bits0-1)=0 AND VI range -2000..10000,MOD13Q1 V061 Terra 250m 16-day
SO1801,Gaalkacyo,SO18,Mudug,2022-01-01,0.1698155571731074,0.1703,0.1087190907887771,0.1082,0.8553800871681666,15112,0.0037923812758249,0.0,pixel_reliability=0 AND MODLAND_QA(bits0-1)=0 AND VI range -2000..10000,MOD13Q1 V061 Terra 250m 16-day
SO1801,Gaalkacyo,SO18,Mudug,2022-01-17,0.1673696624644164,0.1692,0.1069177782296326,0.107,0.8351163185600272,14754,0.0773192958623422,0.0,pixel_reliability=0 AND MODLAND_QA(bits0-1)=0 AND VI range -2000..10000,MOD13Q1 V061 Terra 250m 16-day
SO1801,Gaalkacyo,SO18,Mudug,2022-02-02,0.1675383155324992,0.1694,0.108499798596277,0.1084,0.9274353314088414,16385,0.0370747721741099,0.0,pixel_reliability=0 AND MODLAND_QA(bits0-1)=0 AND VI range -2000..10000,MOD13Q1 V061 Terra 250m 16-day
SO1801,Gaalkacyo,SO18,Mudug,2022-02-18,0.1630606218604947,0.1651,0.109292153621161,0.1093,0.8901907511179035,15727,0.0124525952340521,0.0,pixel_reliability=0 AND MODLAND_QA(bits0-1)=0 AND VI range -2000..10000,MOD13Q1 V061 Terra 250m 16-day
SO1801,Gaalkacyo,SO18,Mudug,2022-03-06,0.1667083215380985,0.1687,0.1094470688841708,0.1094,0.9597554763117676,16956,0.0048112299767928,0.0,pixel_reliability=0 AND MODLAND_QA(bits0-1)=0 AND VI range -2000..10000,MOD13Q1 V061 Terra 250m 16-day
SO1801,Gaalkacyo,SO18,Mudug,2022-03-22,0.1860116325336454,0.1813,0.1220567407840842,0.1173,0.9673402388634176,17090,0.0040187920982622,0.0,pixel_reliability=0 AND MODLAND_QA(bits0-1)=0 AND VI range -2000..10000,MOD13Q1 V061 Terra 250m 16-day
SO1801,Gaalkacyo,SO18,Mudug,2022-04-07,0.1848663171512222,0.1784,0.1245924014434533,0.1189,0.8313239372842022,14687,0.0333955963095035,0.0,pixel_reliability=0 AND MODLAND_QA(bits0-1)=0 AND VI range -2000..10000,MOD13Q1 V061 Terra 250m 16-day
SO1801,Gaalkacyo,SO18,Mudug,2022-04-23,0.1866439610915968,0.1816,0.1200530487255696,0.1164,0.6284598403803702,11103,0.1073753325408954,0.0002264108224373,pixel_reliability=0 AND MODLAND_QA(bits0-1)=0 AND VI range -2000..10000,MOD13Q1 V061 Terra 250m 16-day
SO1801,Gaalkacyo,SO18,Mudug,2022-05-09,0.1822623118716043,0.1786,0.1193930806219946,0.1165,0.9063791249221712,16013,0.010867719476991,0.0002264108224373,pixel_reliability=0 AND MODLAND_QA(bits0-1)=0 AND VI range -2000..10000,MOD13Q1 V061 Terra 250m 16-day
SO1801,Gaalkacyo,SO18,Mudug,2022-05-25,0.1764485258152174,0.1736,0.1189163926630434,0.1155,0.83319182656931,14720,0.0366219505292352,0.0001132054112186,pixel_reliability=0 AND MODLAND_QA(bits0-1)=0 AND VI range -2000..10000,MOD13Q1 V061 Terra 250m 16-day
SO1801,Gaalkacyo,SO18,Mudug,2022-06-10,0.1731135278030993,0.17,0.1155727013065937,0.112,0.9313975208014944,16455,0.0041319975094809,0.0,pixel_reliability=0 AND MODLAND_QA(bits0-1)=0 AND VI range -2000..10000,MOD13Q1 V061 Terra 250m 16-day
SO1801,Gaalkacyo,SO18,Mudug,2022-06-26,0.1678393489707994,0.1658,0.1129922809956917,0.112,0.4729722080715458,8356,0.1956755532914473,0.032433350314145,pixel_reliability=0 AND MODLAND_QA(bits0-1)=0 AND VI range -2000..10000,MOD13Q1 V061 Terra 250m 16-day
SO1801,Gaalkacyo,SO18,Mudug,2022-07-12,0.1628747305053899,0.1626,0.1099888562228755,0.1089,0.8086262523348616,14286,0.0336220071319409,0.0,pixel_reliability=0 AND MODLAND_QA(bits0-1)=0 AND VI range -2000..10000,MOD13Q1 V061 Terra 250m 16-day
SO1801,Gaalkacyo,SO18,Mudug,2022-07-28,0.1623837653400619,0.1628,0.1081660912948732,0.1067,0.987037980415464,17438,0.0003396162336559,0.0,pixel_reliability=0 AND MODLAND_QA(bits0-1)=0 AND VI range -2000..10000,MOD13Q1 V061 Terra 250m 16-day
SO1801,Gaalkacyo,SO18,Mudug,2022-08-13,0.1588127141367496,0.1612,0.1047770147475048,0.1036,0.7599479255108395,13426,0.0587536084224825,0.0005660270560932,pixel_reliability=0 AND MODLAND_QA(bits0-1)=0 AND VI range -2000..10000,MOD13Q1 V061 Terra 250m 16-day
SO1801,Gaalkacyo,SO18,Mudug,2022-08-29,0.16103985328566145,0.1623,0.10499544445814327,0.1043,0.9182090903945208,16222,0.004131997509480953,0.0,pixel_reliability=0 AND MODLAND_QA(bits0-1)=0 AND VI range -2000..10000,MOD13Q1 V061 Terra 250m 16-day
SO1801,Gaalkacyo,SO18,Mudug,2022-09-14,0.16416296720935566,0.1661,0.10607621531758772,0.10590000000000001,0.9873775966491198,17444,0.0,0.0,pixel_reliability=0 AND MODLAND_QA(bits0-1)=0 AND VI range -2000..10000,MOD13Q1 V061 Terra 250m 16-day
SO1801,Gaalkacyo,SO18,Mudug,2022-09-30,0.1708857011705302,0.1726,0.11768843240761992,0.1163,0.24661798833984264,4357,0.5110658289466237,0.01567894945378389,pixel_reliability=0 AND MODLAND_QA(bits0-1)=0 AND VI range -2000..10000,MOD13Q1 V061 Terra 250m 16-day
SO1801,Gaalkacyo,SO18,Mudug,2022-10-16,0.20354982142857142,0.21080000000000002,0.13654366071428573,0.139,0.0633950302824475,1120,0.7037980415463859,0.06073470311880908,pixel_reliability=0 AND MODLAND_QA(bits0-1)=0 AND VI range -2000..10000,MOD13Q1 V061 Terra 250m 16-day
SO1801,Gaalkacyo,SO18,Mudug,2022-11-01,0.21056821632473804,0.2081,0.14147461572244183,0.1403,0.9021905247070809,15939,0.01001867889285108,0.0,pixel_reliability=0 AND MODLAND_QA(bits0-1)=0 AND VI range -2000..10000,MOD13Q1 V061 Terra 250m 16-day
SO1801,Gaalkacyo,SO18,Mudug,2022-11-17,0.20768907053068303,0.2051,0.13558249427209115,0.1333,0.9140770928850399,16149,0.006792324673119375,0.0,pixel_reliability=0 AND MODLAND_QA(bits0-1)=0 AND VI range -2000..10000,MOD13Q1 V061 Terra 250m 16-day
SO1801,Gaalkacyo,SO18,Mudug,2022-12-03,0.2010830804597701,0.2011,0.1318803275862069,0.1312,0.9848870776023094,17400,0.0007924378785305938,0.0,pixel_reliability=0 AND MODLAND_QA(bits0-1)=0 AND VI range -2000..10000,MOD13Q1 V061 Terra 250m 16-day
SO1801,Gaalkacyo,SO18,Mudug,2022-12-19,0.18893065964872133,0.1888,0.12332660335259454,0.1226,0.9893586913454463,17479,0.00016980811682798438,0.0,pixel_reliability=0 AND MODLAND_QA(bits0-1)=0 AND VI range -2000..10000,MOD13Q1 V061 Terra 250m 16-day
SO1802,Galdogob,SO18,Mudug,2022-01-01,0.1771841402337229,0.18055,0.1108216611018364,0.1111,0.9688637282652648,2396,0.0012131014961585,0.0,pixel_reliability=0 AND MODLAND_QA(bits0-1)=0 AND VI range -2000..10000,MOD13Q1 V061 Terra 250m 16-day
SO1802,Galdogob,SO18,Mudug,2022-01-17,0.1732030973451327,0.1763,0.1086216814159292,0.1088,0.8224828143954711,2034,0.0493327941771128,0.0,pixel_reliability=0 AND MODLAND_QA(bits0-1)=0 AND VI range -2000..10000,MOD13Q1 V061 Terra 250m 16-day
SO1802,Galdogob,SO18,Mudug,2022-02-02,0.1762381751227495,0.1791,0.1109909574468085,0.1115,0.9882733522038012,2444,0.0008087343307723,0.0,pixel_reliability=0 AND MODLAND_QA(bits0-1)=0 AND VI range -2000..10000,MOD13Q1 V061 Terra 250m 16-day
SO1802,Galdogob,SO18,Mudug,2022-02-18,0.170039037178265,0.1725,0.1110880362249761,0.1116,0.848362312980186,2098,0.0125353821269712,0.0,pixel_reliability=0 AND MODLAND_QA(bits0-1)=0 AND VI range -2000..10000,MOD13Q1 V061 Terra 250m 16-day
SO1802,Galdogob,SO18,Mudug,2022-03-06,0.1737530723488602,0.1755,0.1107110505450941,0.1112,0.8160129397492923,2018,0.0303275374039628,0.0,pixel_reliability=0 AND MODLAND_QA(bits0-1)=0 AND VI range -2000..10000,MOD13Q1 V061 Terra 250m 16-day
SO1802,Galdogob,SO18,Mudug,2022-03-22,0.2161348543155579,0.2177,0.1397633864760857,0.1394,0.7355438738374444,1819,0.0808734330772341,0.0,pixel_reliability=0 AND MODLAND_QA(bits0-1)=0 AND VI range -2000..10000,MOD13Q1 V061 Terra 250m 16-day
SO1802,Galdogob,SO18,Mudug,2022-04-07,0.2243680838323353,0.2279,0.1521442514970059,0.1522,0.675293166194905,1670,0.0974524868580671,0.0,pixel_reliability=0 AND MODLAND_QA(bits0-1)=0 AND VI range -2000..10000,MOD13Q1 V061 Terra 250m 16-day
SO1802,Galdogob,SO18,Mudug,2022-04-23,0.229455105973025,0.2358,0.1439443159922928,0.145,0.4197331176708451,1038,0.2090578245046502,0.0028305701577031,pixel_reliability=0 AND MODLAND_QA(bits0-1)=0 AND VI range -2000..10000,MOD13Q1 V061 Terra 250m 16-day
SO1802,Galdogob,SO18,Mudug,2022-05-09,0.2166611675126903,0.2109,0.1390943147208121,0.1347,0.7966033158107562,1970,0.0400323493732308,0.0,pixel_reliability=0 AND MODLAND_QA(bits0-1)=0 AND VI range -2000..10000,MOD13Q1 V061 Terra 250m 16-day
SO1802,Galdogob,SO18,Mudug,2022-05-25,0.2081049117421335,0.2066,0.1394775901765157,0.1381,0.5268904164981804,1303,0.1637687019813991,0.0,pixel_reliability=0 AND MODLAND_QA(bits0-1)=0 AND VI range -2000..10000,MOD13Q1 V061 Terra 250m 16-day
SO1802,Galdogob,SO18,Mudug,2022-06-10,0.20798025,0.20845,0.138261375,0.1379,0.646987464617873,1600,0.0691467852810351,0.0,pixel_reliability=0 AND MODLAND_QA(bits0-1)=0 AND VI range -2000..10000,MOD13Q1 V061 Terra 250m 16-day
SO1802,Galdogob,SO18,Mudug,2022-06-26,0.2044601642710472,0.214,0.1330685831622176,0.1363,0.1969268095430651,487,0.6409219571370804,0.0084917104731095,pixel_reliability=0 AND MODLAND_QA(bits0-1)=0 AND VI range -2000..10000,MOD13Q1 V061 Terra 250m 16-day
SO1802,Galdogob,SO18,Mudug,2022-07-12,0.1788160036166365,0.18555,0.1157559674502712,0.11575,0.4472300849171047,1106,0.1661949049737161,0.0020218358269308,pixel_reliability=0 AND MODLAND_QA(bits0-1)=0 AND VI range -2000..10000,MOD13Q1 V061 Terra 250m 16-day
SO1802,Galdogob,SO18,Mudug,2022-07-28,0.173488541243397,0.1751,0.1135385209264526,0.114,0.995147594015366,2461,0.0,0.0,pixel_reliability=0 AND MODLAND_QA(bits0-1)=0 AND VI range -2000..10000,MOD13Q1 V061 Terra 250m 16-day
SO1802,Galdogob,SO18,Mudug,2022-08-13,0.1614505060728745,0.16395,0.1055082995951417,0.1062,0.3995147594015366,988,0.2862919530934088,0.0004043671653861,pixel_reliability=0 AND MODLAND_QA(bits0-1)=0 AND VI range -2000..10000,MOD13Q1 V061 Terra 250m 16-day
SO1802,Galdogob,SO18,Mudug,2022-08-29,0.1711344226579521,0.1728,0.10776235294117648,0.10790000000000001,0.9280226445612616,2295,0.00606550748079256,0.0,pixel_reliability=0 AND MODLAND_QA(bits0-1)=0 AND VI range -2000..10000,MOD13Q1 V061 Terra 250m 16-day
SO1802,Galdogob,SO18,Mudug,2022-09-14,0.1697465395772897,0.1698,0.10934641525072525,0.1096,0.9757379700768297,2413,0.0008087343307723412,0.0,pixel_reliability=0 AND MODLAND_QA(bits0-1)=0 AND VI range -2000..10000,MOD13Q1 V061 Terra 250m 16-day
SO1802,Galdogob,SO18,Mudug,2022-09-30,0.17400407608695653,0.1749,0.11069809782608696,0.10830000000000001,0.1488071168621108,368,0.5822887181560857,0.0016174686615446825,pixel_reliability=0 AND MODLAND_QA(bits0-1)=0 AND VI range -2000..10000,MOD13Q1 V061 Terra 250m 16-day
SO1802,Galdogob,SO18,Mudug,2022-10-16,0.16156825396825397,0.14880000000000002,0.11810634920634921,0.11180000000000001,0.02547513141932875,63,0.44399514759401537,0.24464213505863325,pixel_reliability=0 AND MODLAND_QA(bits0-1)=0 AND VI range -2000..10000,MOD13Q1 V061 Terra 250m 16-day
SO1802,Galdogob,SO18,Mudug,2022-11-01,0.2127330105633803,0.21625,0.13971276408450706,0.14195000000000002,0.45936109987868984,1136,0.21552769915082895,0.0,pixel_reliability=0 AND MODLAND_QA(bits0-1)=0 AND VI range -2000..10000,MOD13Q1 V061 Terra 250m 16-day
SO1802,Galdogob,SO18,Mudug,2022-11-17,0.19911711758584807,0.2003,0.12697393340270552,0.1262,0.77719369187222,1922,0.021027092600080875,0.0,pixel_reliability=0 AND MODLAND_QA(bits0-1)=0 AND VI range -2000..10000,MOD13Q1 V061 Terra 250m 16-day
SO1802,Galdogob,SO18,Mudug,2022-12-03,0.18797381535947713,0.1899,0.1195158905228758,0.1194,0.9898908208653457,2448,0.0004043671653861706,0.0,pixel_reliability=0 AND MODLAND_QA(bits0-1)=0 AND VI range -2000..10000,MOD13Q1 V061 Terra 250m 16-day
SO1802,Galdogob,SO18,Mudug,2022-12-19,0.1826871006874242,0.18480000000000002,0.11530080873433078,0.11520000000000001,1.0,2473,0.0,0.0,pixel_reliability=0 AND MODLAND_QA(bits0-1)=0 AND VI range -2000..10000,MOD13Q1 V061 Terra 250m 16-day
SO1803,Hobyo,SO18,Mudug,2022-01-01,0.1575540340974987,0.1574,0.1113555379440986,0.1108,0.8626934364994664,25867,0.046391408751334,0.0106723585912486,pixel_reliability=0 AND MODLAND_QA(bits0-1)=0 AND VI range -2000..10000,MOD13Q1 V061 Terra 250m 16-day
SO1803,Hobyo,SO18,Mudug,2022-01-17,0.1491067277321541,0.1517,0.1033079911560328,0.1033,0.3167689434364995,9498,0.464047491995731,0.0169090181430096,pixel_reliability=0 AND MODLAND_QA(bits0-1)=0 AND VI range -2000..10000,MOD13Q1 V061 Terra 250m 16-day
SO1803,Hobyo,SO18,Mudug,2022-02-02,0.1511715564114182,0.1513,0.1076823025222776,0.1076,0.8832710779082177,26484,0.0247798826040554,0.0113727321237993,pixel_reliability=0 AND MODLAND_QA(bits0-1)=0 AND VI range -2000..10000,MOD13Q1 V061 Terra 250m 16-day
SO1803,Hobyo,SO18,Mudug,2022-02-18,0.1497986047717842,0.1518,0.1072468931535269,0.1065,0.6430096051227321,19280,0.0667689434364994,0.0106723585912486,pixel_reliability=0 AND MODLAND_QA(bits0-1)=0 AND VI range -2000..10000,MOD13Q1 V061 Terra 250m 16-day
SO1803,Hobyo,SO18,Mudug,2022-03-06,0.150466160232127,0.1518,0.1074084025147094,0.1075,0.8275747065101388,24814,0.0450907150480256,0.0100386872998932,pixel_reliability=0 AND MODLAND_QA(bits0-1)=0 AND VI range -2000..10000,MOD13Q1 V061 Terra 250m 16-day
SO1803,Hobyo,SO18,Mudug,2022-03-22,0.1544869181525552,0.1538,0.1103219790950848,0.1103,0.9221251334044824,27649,0.0226120597652081,0.0035352187833511,pixel_reliability=0 AND MODLAND_QA(bits0-1)=0 AND VI range -2000..10000,MOD13Q1 V061 Terra 250m 16-day
SO1803,Hobyo,SO18,Mudug,2022-04-07,0.1520114675174014,0.1506,0.1099821229698376,0.1096,0.5749733191035219,17240,0.1284018143009605,0.0073372465314834,pixel_reliability=0 AND MODLAND_QA(bits0-1)=0 AND VI range -2000..10000,MOD13Q1 V061 Terra 250m 16-day
SO1803,Hobyo,SO18,Mudug,2022-04-23,0.1547931431978535,0.1534,0.1117549190102355,0.1104,0.6712246531483458,20126,0.0622331910352187,0.0232123799359658,pixel_reliability=0 AND MODLAND_QA(bits0-1)=0 AND VI range -2000..10000,MOD13Q1 V061 Terra 250m 16-day
SO1803,Hobyo,SO18,Mudug,2022-05-09,0.1556439767838298,0.1527,0.1130579633087101,0.1111,0.821704909284952,24638,0.0343850053361792,0.0470917822838847,pixel_reliability=0 AND MODLAND_QA(bits0-1)=0 AND VI range -2000..10000,MOD13Q1 V061 Terra 250m 16-day
SO1803,Hobyo,SO18,Mudug,2022-05-25,0.1504389927735975,0.1488,0.1097176041123444,0.1084,0.8953441835645678,26846,0.0155082710779082,0.0114727854855923,pixel_reliability=0 AND MODLAND_QA(bits0-1)=0 AND VI range -2000..10000,MOD13Q1 V061 Terra 250m 16-day
SO1803,Hobyo,SO18,Mudug,2022-06-10,0.1489214190617902,0.1486,0.1070042133291565,0.1062,0.8517209178228389,25538,0.0154415688367129,0.0093049626467449,pixel_reliability=0 AND MODLAND_QA(bits0-1)=0 AND VI range -2000..10000,MOD13Q1 V061 Terra 250m 16-day
SO1803,Hobyo,SO18,Mudug,2022-06-26,0.1417494243122046,0.1419,0.1076153981335595,0.1069,0.5503601921024547,16502,0.1000200106723585,0.0293489861259338,pixel_reliability=0 AND MODLAND_QA(bits0-1)=0 AND VI range -2000..10000,MOD13Q1 V061 Terra 250m 16-day
SO1803,Hobyo,SO18,Mudug,2022-07-12,0.1423190680695726,0.1441,0.1031007622933219,0.1023,0.621264674493063,18628,0.1668223052294557,0.0225787086446104,pixel_reliability=0 AND MODLAND_QA(bits0-1)=0 AND VI range -2000..10000,MOD13Q1 V061 Terra 250m 16-day
SO1803,Hobyo,SO18,Mudug,2022-07-28,0.1445180170695943,0.146,0.1045502688273113,0.1039,0.8870397545357525,26597,0.0094383671291355,0.0125400213447171,pixel_reliability=0 AND MODLAND_QA(bits0-1)=0 AND VI range -2000..10000,MOD13Q1 V061 Terra 250m 16-day
SO1803,Hobyo,SO18,Mudug,2022-08-13,0.1416387255838844,0.1439,0.1030900386070868,0.1026,0.8724986659551761,26161,0.0193770010672358,0.0124399679829242,pixel_reliability=0 AND MODLAND_QA(bits0-1)=0 AND VI range -2000..10000,MOD13Q1 V061 Terra 250m 16-day
SO1803,Hobyo,SO18,Mudug,2022-08-29,0.14031260366613277,0.1421,0.1023746075814202,0.10200000000000001,0.9369997331910352,28095,0.00930496264674493,0.010138740661686232,pixel_reliability=0 AND MODLAND_QA(bits0-1)=0 AND VI range -2000..10000,MOD13Q1 V061 Terra 250m 16-day
SO1803,Hobyo,SO18,Mudug,2022-09-14,0.14470756673021926,0.1463,0.10306090721321894,0.1023,0.8396478121664888,25176,0.01587513340448239,0.008938100320170757,pixel_reliability=0 AND MODLAND_QA(bits0-1)=0 AND VI range -2000..10000,MOD13Q1 V061 Terra 250m 16-day
SO1803,Hobyo,SO18,Mudug,2022-09-30,0.15059037674467415,0.1496,0.11200091300241367,0.1097,0.3178028281750267,9529,0.37503335112059766,0.02271211312700107,pixel_reliability=0 AND MODLAND_QA(bits0-1)=0 AND VI range -2000..10000,MOD13Q1 V061 Terra 250m 16-day
SO1803,Hobyo,SO18,Mudug,2022-10-16,0.16940127765659083,0.169,0.12566812090994078,0.12440000000000001,0.10702374599786553,3209,0.4545757737459979,0.1444770544290288,pixel_reliability=0 AND MODLAND_QA(bits0-1)=0 AND VI range -2000..10000,MOD13Q1 V061 Terra 250m 16-day
SO1803,Hobyo,SO18,Mudug,2022-11-01,0.18983857663961884,0.1902,0.13584147993746745,0.1336,0.4480056029882604,13433,0.25280149413020275,0.0361192636072572,pixel_reliability=0 AND MODLAND_QA(bits0-1)=0 AND VI range -2000..10000,MOD13Q1 V061 Terra 250m 16-day
SO1803,Hobyo,SO18,Mudug,2022-11-17,0.18738179512470057,0.18710000000000002,0.13167694096096944,0.12940000000000002,0.47338580576307365,14194,0.31093249733191036,0.030683030949839915,pixel_reliability=0 AND MODLAND_QA(bits0-1)=0 AND VI range -2000..10000,MOD13Q1 V061 Terra 250m 16-day
SO1803,Hobyo,SO18,Mudug,2022-12-03,0.1819749471458774,0.1801,0.13185353535353536,0.1295,0.8518543223052295,25542,0.04805896478121665,0.008437833511205977,pixel_reliability=0 AND MODLAND_QA(bits0-1)=0 AND VI range -2000..10000,MOD13Q1 V061 Terra 250m 16-day
SO1803,Hobyo,SO18,Mudug,2022-12-19,0.16993355753236422,0.1693,0.11800063643595865,0.1173,0.4611459445037353,13827,0.45000667022411955,0.011439434364994663,pixel_reliability=0 AND MODLAND_QA(bits0-1)=0 AND VI range -2000..10000,MOD13Q1 V061 Terra 250m 16-day
SO1804,Jariiban,SO18,Mudug,2022-01-01,0.1787639171122995,0.1806,0.1259497459893048,0.1262,0.5825998909572396,7480,0.1662902095178752,0.0127735804969234,pixel_reliability=0 AND MODLAND_QA(bits0-1)=0 AND VI range -2000..10000,MOD13Q1 V061 Terra 250m 16-day
SO1804,Jariiban,SO18,Mudug,2022-01-17,0.1660793430945785,0.1664,0.1184767115156312,0.1188,0.393644364825921,5054,0.2887296518420438,0.0183036061998598,pixel_reliability=0 AND MODLAND_QA(bits0-1)=0 AND VI range -2000..10000,MOD13Q1 V061 Terra 250m 16-day
SO1804,Jariiban,SO18,Mudug,2022-02-02,0.1604497544114972,0.1603,0.1161297162088412,0.1154,0.8562972194096113,10994,0.0615312719059116,0.0130072435547939,pixel_reliability=0 AND MODLAND_QA(bits0-1)=0 AND VI range -2000..10000,MOD13Q1 V061 Terra 250m 16-day
SO1804,Jariiban,SO18,Mudug,2022-02-18,0.1593858551334297,0.1599,0.114288352832917,0.1135,0.5924916270737597,7607,0.0620764857076096,0.0132409066126645,pixel_reliability=0 AND MODLAND_QA(bits0-1)=0 AND VI range -2000..10000,MOD13Q1 V061 Terra 250m 16-day
SO1804,Jariiban,SO18,Mudug,2022-03-06,0.1597578625632377,0.1595,0.1121865830522765,0.1118,0.7389983643585949,9488,0.0565464600046732,0.0118389282654412,pixel_reliability=0 AND MODLAND_QA(bits0-1)=0 AND VI range -2000..10000,MOD13Q1 V061 Terra 250m 16-day
SO1804,Jariiban,SO18,Mudug,2022-03-22,0.1660905326418045,0.1634,0.1154228204494937,0.113,0.9461017213178596,12147,0.0163564140509385,0.0070877794220733,pixel_reliability=0 AND MODLAND_QA(bits0-1)=0 AND VI range -2000..10000,MOD13Q1 V061 Terra 250m 16-day
SO1804,Jariiban,SO18,Mudug,2022-04-07,0.1631389685688129,0.1614,0.1143097141694639,0.1125,0.7657138406417945,9831,0.0535867279383129,0.0045174857854973,pixel_reliability=0 AND MODLAND_QA(bits0-1)=0 AND VI range -2000..10000,MOD13Q1 V061 Terra 250m 16-day
SO1804,Jariiban,SO18,Mudug,2022-04-23,0.1601559933735652,0.1548,0.1135588569400071,0.1114,0.6582288340213412,8451,0.0728249863696549,0.0102032868603473,pixel_reliability=0 AND MODLAND_QA(bits0-1)=0 AND VI range -2000..10000,MOD13Q1 V061 Terra 250m 16-day
SO1804,Jariiban,SO18,Mudug,2022-05-09,0.1598601007375427,0.1553,0.1127467710019787,0.1091,0.8659552924682608,11118,0.0309214113248695,0.0116052652075706,pixel_reliability=0 AND MODLAND_QA(bits0-1)=0 AND VI range -2000..10000,MOD13Q1 V061 Terra 250m 16-day
SO1804,Jariiban,SO18,Mudug,2022-05-25,0.1537751488719282,0.1517,0.1081290614778159,0.1066,0.9286548796635252,11923,0.0102811745463042,0.0143313342160604,pixel_reliability=0 AND MODLAND_QA(bits0-1)=0 AND VI range -2000..10000,MOD13Q1 V061 Terra 250m 16-day
SO1804,Jariiban,SO18,Mudug,2022-06-10,0.1547709785856574,0.1557,0.1053660856573705,0.1043,0.625593893605421,8032,0.0116052652075706,0.010359062232261,pixel_reliability=0 AND MODLAND_QA(bits0-1)=0 AND VI range -2000..10000,MOD13Q1 V061 Terra 250m 16-day
SO1804,Jariiban,SO18,Mudug,2022-06-26,0.1459839118902087,0.145,0.1052454849498327,0.1047,0.6753641249318483,8671,0.0513279850455642,0.0232105304151413,pixel_reliability=0 AND MODLAND_QA(bits0-1)=0 AND VI range -2000..10000,MOD13Q1 V061 Terra 250m 16-day
SO1804,Jariiban,SO18,Mudug,2022-07-12,0.1492496559633027,0.1489,0.1056852505292872,0.1053,0.8829348080068541,11336,0.0091128592569514,0.0130851312407508,pixel_reliability=0 AND MODLAND_QA(bits0-1)=0 AND VI range -2000..10000,MOD13Q1 V061 Terra 250m 16-day
SO1804,Jariiban,SO18,Mudug,2022-07-28,0.148007625465508,0.1476,0.1033825855648164,0.1031,0.8784173222213568,11278,0.0096580730586494,0.0169795155385933,pixel_reliability=0 AND MODLAND_QA(bits0-1)=0 AND VI range -2000..10000,MOD13Q1 V061 Terra 250m 16-day
SO1804,Jariiban,SO18,Mudug,2022-08-13,0.1457218012265815,0.1448,0.1025365370074771,0.1023,0.9270971259443882,11903,0.0111379390918295,0.0169795155385933,pixel_reliability=0 AND MODLAND_QA(bits0-1)=0 AND VI range -2000..10000,MOD13Q1 V061 Terra 250m 16-day
SO1804,Jariiban,SO18,Mudug,2022-08-29,0.144211375,0.1427,0.10274850892857143,0.10260000000000001,0.8723420827167225,11200,0.015343874133499493,0.016745852480722797,pixel_reliability=0 AND MODLAND_QA(bits0-1)=0 AND VI range -2000..10000,MOD13Q1 V061 Terra 250m 16-day
SO1804,Jariiban,SO18,Mudug,2022-09-14,0.15260843064401983,0.15130000000000002,0.10454810686482663,0.1043,0.8804424020562349,11304,0.012695692810966587,0.010203286860347379,pixel_reliability=0 AND MODLAND_QA(bits0-1)=0 AND VI range -2000..10000,MOD13Q1 V061 Terra 250m 16-day
SO1804,Jariiban,SO18,Mudug,2022-09-30,0.15710225490196078,0.14765,0.11176235294117648,0.10600000000000001,0.3177817587039489,4080,0.32019627696861125,0.03754186463120181,pixel_reliability=0 AND MODLAND_QA(bits0-1)=0 AND VI range -2000..10000,MOD13Q1 V061 Terra 250m 16-day
SO1804,Jariiban,SO18,Mudug,2022-10-16,0.18956428571428574,0.18555,0.14368996598639455,0.14335,0.04579795934262793,588,0.6498948516239582,0.0658929823194953,pixel_reliability=0 AND MODLAND_QA(bits0-1)=0 AND VI range -2000..10000,MOD13Q1 V061 Terra 250m 16-day
SO1804,Jariiban,SO18,Mudug,2022-11-01,0.20857925964366034,0.20900000000000002,0.14726756616502334,0.14850000000000002,0.9005374250331023,11562,0.014564997273930992,0.006776228678245969,pixel_reliability=0 AND MODLAND_QA(bits0-1)=0 AND VI range -2000..10000,MOD13Q1 V061 Terra 250m 16-day
SO1804,Jariiban,SO18,Mudug,2022-11-17,0.20221739967279376,0.20270000000000002,0.14185037051294389,0.14300000000000002,0.8093309447776307,10391,0.10078666562816418,0.008723420827167224,pixel_reliability=0 AND MODLAND_QA(bits0-1)=0 AND VI range -2000..10000,MOD13Q1 V061 Terra 250m 16-day
SO1804,Jariiban,SO18,Mudug,2022-12-03,0.18768340773809522,0.18680000000000002,0.13116799768518517,0.1315,0.9421294493340603,12096,0.011994703637354933,0.008489757769296674,pixel_reliability=0 AND MODLAND_QA(bits0-1)=0 AND VI range -2000..10000,MOD13Q1 V061 Terra 250m 16-day
SO1804,Jariiban,SO18,Mudug,2022-12-19,0.1757597344767873,0.1753,0.1214273521893296,0.1218,0.9445439675987226,12127,0.011683152893527534,0.01043694991821793,pixel_reliability=0 AND MODLAND_QA(bits0-1)=0 AND VI range -2000..10000,MOD13Q1 V061 Terra 250m 16-day
SO1805,Xarardheere,SO18,Mudug,2022-01-01,0.1769093854216293,0.1773,0.1217696283944735,0.1223,0.6773152629880607,4198,0.0985801871571474,0.0290416263310745,pixel_reliability=0 AND MODLAND_QA(bits0-1)=0 AND VI range -2000..10000,MOD13Q1 V061 Terra 250m 16-day
SO1805,Xarardheere,SO18,Mudug,2022-01-17,0.1557825260298777,0.1466,0.1112851063829787,0.1119,0.356405292029687,2209,0.4035172636334301,0.0306550500161342,pixel_reliability=0 AND MODLAND_QA(bits0-1)=0 AND VI range -2000..10000,MOD13Q1 V061 Terra 250m 16-day
SO1805,Xarardheere,SO18,Mudug,2022-02-02,0.162000022737608,0.1595,0.1108041837198726,0.1123,0.7095837366892546,4398,0.0705066150371087,0.031784446595676,pixel_reliability=0 AND MODLAND_QA(bits0-1)=0 AND VI range -2000..10000,MOD13Q1 V061 Terra 250m 16-day
SO1805,Xarardheere,SO18,Mudug,2022-02-18,0.1511861940298507,0.1453,0.1093889925373134,0.1099,0.5188770571151985,3216,0.1179412713778638,0.0279122297515327,pixel_reliability=0 AND MODLAND_QA(bits0-1)=0 AND VI range -2000..10000,MOD13Q1 V061 Terra 250m 16-day
SO1805,Xarardheere,SO18,Mudug,2022-03-06,0.1587561547479484,0.1612,0.1111237983587339,0.1127,0.8257502420135527,5118,0.0354953210713133,0.0233946434333656,pixel_reliability=0 AND MODLAND_QA(bits0-1)=0 AND VI range -2000..10000,MOD13Q1 V061 Terra 250m 16-day
SO1805,Xarardheere,SO18,Mudug,2022-03-22,0.1661422301836095,0.169,0.1157183609493954,0.1167,0.7205550177476605,4466,0.0784123910939012,0.0185543723781865,pixel_reliability=0 AND MODLAND_QA(bits0-1)=0 AND VI range -2000..10000,MOD13Q1 V061 Terra 250m 16-day
SO1805,Xarardheere,SO18,Mudug,2022-04-07,0.1660928174750092,0.166,0.1208573491299518,0.1202,0.435785737334624,2701,0.2090997095837367,0.0230719586963536,pixel_reliability=0 AND MODLAND_QA(bits0-1)=0 AND VI range -2000..10000,MOD13Q1 V061 Terra 250m 16-day
SO1805,Xarardheere,SO18,Mudug,2022-04-23,0.1715274238227146,0.15245,0.1236182825484764,0.11735,0.3494675701839303,2166,0.1240722813810906,0.143433365601807,pixel_reliability=0 AND MODLAND_QA(bits0-1)=0 AND VI range -2000..10000,MOD13Q1 V061 Terra 250m 16-day
SO1805,Xarardheere,SO18,Mudug,2022-05-09,0.1852763249348392,0.17585,0.1386848827106863,0.13635,0.3714101323007421,2302,0.1450467892868667,0.1413359148112294,pixel_reliability=0 AND MODLAND_QA(bits0-1)=0 AND VI range -2000..10000,MOD13Q1 V061 Terra 250m 16-day
SO1805,Xarardheere,SO18,Mudug,2022-05-25,0.1789012425021422,0.17375,0.1274176092544987,0.1268,0.3765730880929332,2334,0.1737657308809293,0.1384317521781219,pixel_reliability=0 AND MODLAND_QA(bits0-1)=0 AND VI range -2000..10000,MOD13Q1 V061 Terra 250m 16-day
SO1805,Xarardheere,SO18,Mudug,2022-06-10,0.1653255030800821,0.1632,0.1192562217659137,0.1184,0.3928686673120361,2435,0.3667312036140691,0.0408196192320103,pixel_reliability=0 AND MODLAND_QA(bits0-1)=0 AND VI range -2000..10000,MOD13Q1 V061 Terra 250m 16-day
SO1805,Xarardheere,SO18,Mudug,2022-06-26,0.165601630627437,0.165,0.1224530308401276,0.1221,0.4551468215553404,2821,0.1160051629557921,0.0721200387221684,pixel_reliability=0 AND MODLAND_QA(bits0-1)=0 AND VI range -2000..10000,MOD13Q1 V061 Terra 250m 16-day
SO1805,Xarardheere,SO18,Mudug,2022-07-12,0.1316536723163842,0.1254,0.1022954802259887,0.1039,0.0285575992255566,177,0.4320748628589868,0.2579864472410455,pixel_reliability=0 AND MODLAND_QA(bits0-1)=0 AND VI range -2000..10000,MOD13Q1 V061 Terra 250m 16-day
SO1805,Xarardheere,SO18,Mudug,2022-07-28,0.1615980632507967,0.165,0.1116901691591076,0.1135,0.6581155211358503,4079,0.1077767021619877,0.0443691513391416,pixel_reliability=0 AND MODLAND_QA(bits0-1)=0 AND VI range -2000..10000,MOD13Q1 V061 Terra 250m 16-day
SO1805,Xarardheere,SO18,Mudug,2022-08-13,0.1528993655655217,0.1558,0.1091229927805731,0.1099,0.7374959664407873,4571,0.0372700871248789,0.0346886092287834,pixel_reliability=0 AND MODLAND_QA(bits0-1)=0 AND VI range -2000..10000,MOD13Q1 V061 Terra 250m 16-day
SO1805,Xarardheere,SO18,Mudug,2022-08-29,0.1488596700672889,0.1524,0.10537406121120035,0.10700000000000001,0.7433042917070023,4607,0.051145530816392386,0.025814778960955145,pixel_reliability=0 AND MODLAND_QA(bits0-1)=0 AND VI range -2000..10000,MOD13Q1 V061 Terra 250m 16-day
SO1805,Xarardheere,SO18,Mudug,2022-09-14,0.16079860465116277,0.16440000000000002,0.10775299224806202,0.1095,0.5203291384317522,3225,0.13923846402065182,0.02952565343659245,pixel_reliability=0 AND MODLAND_QA(bits0-1)=0 AND VI range -2000..10000,MOD13Q1 V061 Terra 250m 16-day
SO1805,Xarardheere,SO18,Mudug,2022-09-30,0.15735372405372405,0.1643,0.11761623931623932,0.115,0.13213939980638917,819,0.3889964504678929,0.16682800903517264,pixel_reliability=0 AND MODLAND_QA(bits0-1)=0 AND VI range -2000..10000,MOD13Q1 V061 Terra 250m 16-day
SO1805,Xarardheere,SO18,Mudug,2022-10-16,0.19561855828220856,0.20650000000000002,0.13760705521472394,0.1421,0.10519522426589223,652,0.2383026782833172,0.3121974830590513,pixel_reliability=0 AND MODLAND_QA(bits0-1)=0 AND VI range -2000..10000,MOD13Q1 V061 Terra 250m 16-day
SO1805,Xarardheere,SO18,Mudug,2022-11-01,0.15084966740576494,0.12100000000000001,0.12405831485587583,0.1125,0.07276540819619232,451,0.43094546627944497,0.16408518877057116,pixel_reliability=0 AND MODLAND_QA(bits0-1)=0 AND VI range -2000..10000,MOD13Q1 V061 Terra 250m 16-day
SO1805,Xarardheere,SO18,Mudug,2022-11-17,0.21820203340595498,0.22515000000000002,0.1472255991285403,0.1494,0.4443368828654405,2754,0.2047434656340755,0.05340432397547596,pixel_reliability=0 AND MODLAND_QA(bits0-1)=0 AND VI range -2000..10000,MOD13Q1 V061 Terra 250m 16-day
SO1805,Xarardheere,SO18,Mudug,2022-12-03,0.21829042622950823,0.2205,0.14832567213114756,0.1499,0.4920942239432075,3050,0.14601484349790256,0.027750887383026782,pixel_reliability=0 AND MODLAND_QA(bits0-1)=0 AND VI range -2000..10000,MOD13Q1 V061 Terra 250m 16-day
SO1805,Xarardheere,SO18,Mudug,2022-12-19,0.14363431151241535,0.12940000000000002,0.11384394281414599,0.1105,0.21442400774443368,1329,0.6053565666343982,0.02984833817360439,pixel_reliability=0 AND MODLAND_QA(bits0-1)=0 AND VI range -2000..10000,MOD13Q1 V061 Terra 250m 16-day
SO1901,Dhuusamarreeb,SO19,Galgaduud,2022-01-01,0.1938087816703159,0.1939,0.119478503284329,0.1193,0.8525901726781785,12788,0.0061337422494832,0.0,pixel_reliability=0 AND MODLAND_QA(bits0-1)=0 AND VI range -2000..10000,MOD13Q1 V061 Terra 250m 16-day
SO1901,Dhuusamarreeb,SO19,Galgaduud,2022-01-17,0.1850322874139741,0.1851,0.1154741280765193,0.1155,0.5715714380958731,8573,0.1981465431028735,0.0007333822254816,pixel_reliability=0 AND MODLAND_QA(bits0-1)=0 AND VI range -2000..10000,MOD13Q1 V061 Terra 250m 16-day
SO1901,Dhuusamarreeb,SO19,Galgaduud,2022-02-02,0.1880006442745468,0.1897,0.1178304698909028,0.1181,0.7761184078938596,11641,0.0436695779718647,0.0,pixel_reliability=0 AND MODLAND_QA(bits0-1)=0 AND VI range -2000..10000,MOD13Q1 V061 Terra 250m 16-day
SO1901,Dhuusamarreeb,SO19,Galgaduud,2022-02-18,0.1874235694050991,0.1884,0.1161114447592068,0.1162,0.9413960930728716,14120,0.0028668577905193,0.0,pixel_reliability=0 AND MODLAND_QA(bits0-1)=0 AND VI range -2000..10000,MOD13Q1 V061 Terra 250m 16-day
SO1901,Dhuusamarreeb,SO19,Galgaduud,2022-03-06,0.1877541246498599,0.1881,0.118806400560224,0.1188,0.95206347089806,14280,0.0016667777851856,0.0,pixel_reliability=0 AND MODLAND_QA(bits0-1)=0 AND VI range -2000..10000,MOD13Q1 V061 Terra 250m 16-day
SO1901,Dhuusamarreeb,SO19,Galgaduud,2022-03-22,0.2233989065534853,0.2211,0.1427815265088842,0.1411,0.926795119674645,13901,0.0129341956130408,0.0,pixel_reliability=0 AND MODLAND_QA(bits0-1)=0 AND VI range -2000..10000,MOD13Q1 V061 Terra 250m 16-day
SO1901,Dhuusamarreeb,SO19,Galgaduud,2022-04-07,0.2293871035611314,0.2204,0.1448445725863009,0.1406,0.8555903726915127,12833,0.0285352356823788,0.0,pixel_reliability=0 AND MODLAND_QA(bits0-1)=0 AND VI range -2000..10000,MOD13Q1 V061 Terra 250m 16-day
SO1901,Dhuusamarreeb,SO19,Galgaduud,2022-04-23,0.2276451257861635,0.2254,0.1431519811320754,0.14045,0.4240282685512367,6360,0.1299419961330755,0.0102006800453363,pixel_reliability=0 AND MODLAND_QA(bits0-1)=0 AND VI range -2000..10000,MOD13Q1 V061 Terra 250m 16-day
SO1901,Dhuusamarreeb,SO19,Galgaduud,2022-05-09,0.2386948745589964,0.2357,0.1485071834574676,0.1477,0.6803120208013868,10204,0.0222014800986732,0.0049336622441496,pixel_reliability=0 AND MODLAND_QA(bits0-1)=0 AND VI range -2000..10000,MOD13Q1 V061 Terra 250m 16-day
SO1901,Dhuusamarreeb,SO19,Galgaduud,2022-05-25,0.2136726094614997,0.2146,0.1380765475591344,0.1374,0.5299019934662311,7948,0.1334088939262617,0.0018667911194079,pixel_reliability=0 AND MODLAND_QA(bits0-1)=0 AND VI range -2000..10000,MOD13Q1 V061 Terra 250m 16-day
SO1901,Dhuusamarreeb,SO19,Galgaduud,2022-06-10,0.2073942005148741,0.209,0.1336028032036613,0.133,0.9323288219214614,13984,0.0092672844856323,0.0,pixel_reliability=0 AND MODLAND_QA(bits0-1)=0 AND VI range -2000..10000,MOD13Q1 V061 Terra 250m 16-day
SO1901,Dhuusamarreeb,SO19,Galgaduud,2022-06-26,0.1741253541768442,0.1746,0.116176697606253,0.116,0.1364757650510034,2047,0.6585105673711581,0.0423361557437162,pixel_reliability=0 AND MODLAND_QA(bits0-1)=0 AND VI range -2000..10000,MOD13Q1 V061 Terra 250m 16-day
SO1901,Dhuusamarreeb,SO19,Galgaduud,2022-07-12,0.1915043862928349,0.1925,0.1240784174454828,0.1243,0.535035669044603,8025,0.2218814587639176,0.011867457830522,pixel_reliability=0 AND MODLAND_QA(bits0-1)=0 AND VI range -2000..10000,MOD13Q1 V061 Terra 250m 16-day
SO1901,Dhuusamarreeb,SO19,Galgaduud,2022-07-28,0.1865343140562791,0.1873,0.1171357176597611,0.1168,0.9879991999466632,14819,0.0012000800053336,0.0,pixel_reliability=0 AND MODLAND_QA(bits0-1)=0 AND VI range -2000..10000,MOD13Q1 V061 Terra 250m 16-day
SO1901,Dhuusamarreeb,SO19,Galgaduud,2022-08-13,0.1814779487997448,0.1822,0.1142815774782678,0.1141,0.8359890659377291,12539,0.0115341022734848,0.0,pixel_reliability=0 AND MODLAND_QA(bits0-1)=0 AND VI range -2000..10000,MOD13Q1 V061 Terra 250m 16-day
SO1901,Dhuusamarreeb,SO19,Galgaduud,2022-08-29,0.18021305677159336,0.1811,0.111047397679105,0.11120000000000001,0.9594639642642843,14391,0.005133675578371891,0.0,pixel_reliability=0 AND MODLAND_QA(bits0-1)=0 AND VI range -2000..10000,MOD13Q1 V061 Terra 250m 16-day
SO1901,Dhuusamarreeb,SO19,Galgaduud,2022-09-14,0.18153275528533924,0.1821,0.11330945143015063,0.1135,0.9649976665111007,14474,0.000400026668444563,0.0,pixel_reliability=0 AND MODLAND_QA(bits0-1)=0 AND VI range -2000..10000,MOD13Q1 V061 Terra 250m 16-day
SO1901,Dhuusamarreeb,SO19,Galgaduud,2022-09-30,0.19759640221402217,0.1967,0.12747926989984187,0.1259,0.5059003933595573,7588,0.13060870724714982,0.0,pixel_reliability=0 AND MODLAND_QA(bits0-1)=0 AND VI range -2000..10000,MOD13Q1 V061 Terra 250m 16-day
SO1901,Dhuusamarreeb,SO19,Galgaduud,2022-10-16,0.23434871413390015,0.2335,0.14511933049946865,0.1442,0.6273751583438896,9410,0.10000666711114074,0.006533768917927862,pixel_reliability=0 AND MODLAND_QA(bits0-1)=0 AND VI range -2000..10000,MOD13Q1 V061 Terra 250m 16-day
SO1901,Dhuusamarreeb,SO19,Galgaduud,2022-11-01,0.2425431293881645,0.23720000000000002,0.15685837512537615,0.15130000000000002,0.06647109807320488,997,0.5403693579571971,0.0935395693046203,pixel_reliability=0 AND MODLAND_QA(bits0-1)=0 AND VI range -2000..10000,MOD13Q1 V061 Terra 250m 16-day
SO1901,Dhuusamarreeb,SO19,Galgaduud,2022-11-17,0.22882110064303873,0.2235,0.14299561836398983,0.1405,0.4458297219814654,6687,0.2896193079538636,0.0030668711247416494,pixel_reliability=0 AND MODLAND_QA(bits0-1)=0 AND VI range -2000..10000,MOD13Q1 V061 Terra 250m 16-day
SO1901,Dhuusamarreeb,SO19,Galgaduud,2022-12-03,0.22476425611272277,0.2199,0.14593871391076116,0.1429,0.9652643509567305,14478,0.0031335422361490764,0.0,pixel_reliability=0 AND MODLAND_QA(bits0-1)=0 AND VI range -2000..10000,MOD13Q1 V061 Terra 250m 16-day
SO1901,Dhuusamarreeb,SO19,Galgaduud,2022-12-19,0.2076280937390696,0.20500000000000002,0.12999029031129766,0.1282,0.9530635375691713,14295,0.0216014400960064,0.0,pixel_reliability=0 AND MODLAND_QA(bits0-1)=0 AND VI range -2000..10000,MOD13Q1 V061 Terra 250m 16-day
SO1902,Cabudwaaq,SO19,Galgaduud,2022-01-01,0.1999456829539145,0.1987,0.118865255413659,0.1182,0.967759269210102,7204,0.0006716818914562,0.0,pixel_reliability=0 AND MODLAND_QA(bits0-1)=0 AND VI range -2000..10000,MOD13Q1 V061 Terra 250m 16-day
SO1902,Cabudwaaq,SO19,Galgaduud,2022-01-17,0.1918612218854681,0.1904,0.1153105758494177,0.1151,0.8421547555077915,6269,0.0502418054809242,0.0,pixel_reliability=0 AND MODLAND_QA(bits0-1)=0 AND VI range -2000..10000,MOD13Q1 V061 Terra 250m 16-day
SO1902,Cabudwaaq,SO19,Galgaduud,2022-02-02,0.1942237422652677,0.1929,0.1160451573849879,0.1155,0.9986566362170876,7434,0.0,0.0,pixel_reliability=0 AND MODLAND_QA(bits0-1)=0 AND VI range -2000..10000,MOD13Q1 V061 Terra 250m 16-day
SO1902,Cabudwaaq,SO19,Galgaduud,2022-02-18,0.1915406872102536,0.1902,0.1134225388601036,0.1127,0.9852229983879636,7334,0.0022837184309511,0.0,pixel_reliability=0 AND MODLAND_QA(bits0-1)=0 AND VI range -2000..10000,MOD13Q1 V061 Terra 250m 16-day
SO1902,Cabudwaaq,SO19,Galgaduud,2022-03-06,0.1913253233492171,0.19,0.1171091354663036,0.1167,0.9867006985491672,7345,0.0004030091348737,0.0,pixel_reliability=0 AND MODLAND_QA(bits0-1)=0 AND VI range -2000..10000,MOD13Q1 V061 Terra 250m 16-day
SO1902,Cabudwaaq,SO19,Galgaduud,2022-03-22,0.2226706374387078,0.2171,0.1390959907701182,0.1358,0.9314884470714668,6934,0.0094035464803868,0.0,pixel_reliability=0 AND MODLAND_QA(bits0-1)=0 AND VI range -2000..10000,MOD13Q1 V061 Terra 250m 16-day
SO1902,Cabudwaaq,SO19,Galgaduud,2022-04-07,0.227845153024911,0.2168,0.1428157864768683,0.1366,0.94371305749597,7025,0.0068511552928533,0.0,pixel_reliability=0 AND MODLAND_QA(bits0-1)=0 AND VI range -2000..10000,MOD13Q1 V061 Terra 250m 16-day
SO1902,Cabudwaaq,SO19,Galgaduud,2022-04-23,0.2342669151670951,0.232,0.1441687917737789,0.1411,0.5225685115529285,3890,0.1011552928533046,0.0103439011284255,pixel_reliability=0 AND MODLAND_QA(bits0-1)=0 AND VI range -2000..10000,MOD13Q1 V061 Terra 250m 16-day
SO1902,Cabudwaaq,SO19,Galgaduud,2022-05-09,0.2496935360049132,0.2451,0.1516287271610625,0.1501,0.8749328318108544,6513,0.0124932831810854,0.0135679742074153,pixel_reliability=0 AND MODLAND_QA(bits0-1)=0 AND VI range -2000..10000,MOD13Q1 V061 Terra 250m 16-day
SO1902,Cabudwaaq,SO19,Galgaduud,2022-05-25,0.2088441713925646,0.206,0.1344953581180424,0.1331,0.6395754970445997,4761,0.083557227297152,0.0001343363782912,pixel_reliability=0 AND MODLAND_QA(bits0-1)=0 AND VI range -2000..10000,MOD13Q1 V061 Terra 250m 16-day
SO1902,Cabudwaaq,SO19,Galgaduud,2022-06-10,0.2045695862960569,0.2028,0.1271347931480284,0.1256,0.831273508866201,6188,0.0400322407307899,0.0,pixel_reliability=0 AND MODLAND_QA(bits0-1)=0 AND VI range -2000..10000,MOD13Q1 V061 Terra 250m 16-day
SO1902,Cabudwaaq,SO19,Galgaduud,2022-06-26,0.20518,0.2113,0.12326,0.122,0.0006716818914562,5,0.9144277270284792,0.025658248253627,pixel_reliability=0 AND MODLAND_QA(bits0-1)=0 AND VI range -2000..10000,MOD13Q1 V061 Terra 250m 16-day
SO1902,Cabudwaaq,SO19,Galgaduud,2022-07-12,0.1902373507403279,0.1878,0.1214510269065435,0.121,0.8437667920472864,6281,0.0186727565824825,0.0,pixel_reliability=0 AND MODLAND_QA(bits0-1)=0 AND VI range -2000..10000,MOD13Q1 V061 Terra 250m 16-day
SO1902,Cabudwaaq,SO19,Galgaduud,2022-07-28,0.1898891145185799,0.1876,0.114855076668048,0.1142,0.9724610424502956,7239,0.0024180548092423,0.0,pixel_reliability=0 AND MODLAND_QA(bits0-1)=0 AND VI range -2000..10000,MOD13Q1 V061 Terra 250m 16-day
SO1902,Cabudwaaq,SO19,Galgaduud,2022-08-13,0.1880592226720647,0.1855,0.112696971659919,0.1121,0.8295271359484149,6175,0.0577646426652337,0.0,pixel_reliability=0 AND MODLAND_QA(bits0-1)=0 AND VI range -2000..10000,MOD13Q1 V061 Terra 250m 16-day
SO1902,Cabudwaaq,SO19,Galgaduud,2022-08-29,0.18638417738844784,0.1844,0.11118818779085683,0.111,0.9814615797958087,7306,0.0005373455131649651,0.0,pixel_reliability=0 AND MODLAND_QA(bits0-1)=0 AND VI range -2000..10000,MOD13Q1 V061 Terra 250m 16-day
SO1902,Cabudwaaq,SO19,Galgaduud,2022-09-14,0.1861452104097453,0.185,0.11239581949058694,0.1121,0.9704459967759269,7224,0.0022837184309511017,0.0,pixel_reliability=0 AND MODLAND_QA(bits0-1)=0 AND VI range -2000..10000,MOD13Q1 V061 Terra 250m 16-day
SO1902,Cabudwaaq,SO19,Galgaduud,2022-09-30,0.19350302645502648,0.1913,0.11895940740740742,0.1165,0.634739387426115,4725,0.08328855454056959,0.0009403546480386889,pixel_reliability=0 AND MODLAND_QA(bits0-1)=0 AND VI range -2000..10000,MOD13Q1 V061 Terra 250m 16-day
SO1902,Cabudwaaq,SO19,Galgaduud,2022-10-16,0.22190723697971135,0.21910000000000002,0.13264480234260614,0.1316,0.6422622246104245,4781,0.10746910263299302,0.012090274046211715,pixel_reliability=0 AND MODLAND_QA(bits0-1)=0 AND VI range -2000..10000,MOD13Q1 V061 Terra 250m 16-day
SO1902,Cabudwaaq,SO19,Galgaduud,2022-11-01,0.21551764705882354,0.21135,0.13620788770053477,0.13255,0.10048361096184846,748,0.5080601826974744,0.08718430951101558,pixel_reliability=0 AND MODLAND_QA(bits0-1)=0 AND VI range -2000..10000,MOD13Q1 V061 Terra 250m 16-day
SO1902,Cabudwaaq,SO19,Galgaduud,2022-11-17,0.2215221967635687,0.2119,0.13376372619218102,0.1292,0.9380709296077377,6983,0.01168726491133799,0.0,pixel_reliability=0 AND MODLAND_QA(bits0-1)=0 AND VI range -2000..10000,MOD13Q1 V061 Terra 250m 16-day
SO1902,Cabudwaaq,SO19,Galgaduud,2022-12-03,0.2210391129032258,0.2099,0.13990327956989249,0.13470000000000001,0.999462654486835,7440,0.0,0.0,pixel_reliability=0 AND MODLAND_QA(bits0-1)=0 AND VI range -2000..10000,MOD13Q1 V061 Terra 250m 16-day
SO1902,Cabudwaaq,SO19,Galgaduud,2022-12-19,0.20875095837897045,0.2006,0.12680117743702082,0.1232,0.9811929070392262,7304,0.00013433637829124128,0.0,pixel_reliability=0 AND MODLAND_QA(bits0-1)=0 AND VI range -2000..10000,MOD13Q1 V061 Terra 250m 16-day
SO1903,Cadaado,SO19,Galgaduud,2022-01-01,0.1831767452612112,0.18475,0.1159407766990291,0.1159,0.5830974524868581,4326,0.0018870467718021,0.0,pixel_reliability=0 AND MODLAND_QA(bits0-1)=0 AND VI range -2000..10000,MOD13Q1 V061 Terra 250m 16-day
SO1903,Cadaado,SO19,Galgaduud,2022-01-17,0.1823985762360859,0.1845,0.1151228319958581,0.1159,0.5206901199622591,3863,0.2981533899447365,0.0002695781102574,pixel_reliability=0 AND MODLAND_QA(bits0-1)=0 AND VI range -2000..10000,MOD13Q1 V061 Terra 250m 16-day
SO1903,Cadaado,SO19,Galgaduud,2022-02-02,0.1779557479224377,0.1791,0.115357243767313,0.1154,0.973176978029384,7220,0.0016174686615446,0.0,pixel_reliability=0 AND MODLAND_QA(bits0-1)=0 AND VI range -2000..10000,MOD13Q1 V061 Terra 250m 16-day
SO1903,Cadaado,SO19,Galgaduud,2022-02-18,0.1756845315215674,0.1765,0.1161743403381261,0.1161,0.8530799299096913,6329,0.0037740935436042,0.0,pixel_reliability=0 AND MODLAND_QA(bits0-1)=0 AND VI range -2000..10000,MOD13Q1 V061 Terra 250m 16-day
SO1903,Cadaado,SO19,Galgaduud,2022-03-06,0.1777919723183391,0.1785,0.1162350034602076,0.1164,0.9738509233050276,7225,0.0016174686615446,0.0,pixel_reliability=0 AND MODLAND_QA(bits0-1)=0 AND VI range -2000..10000,MOD13Q1 V061 Terra 250m 16-day
SO1903,Cadaado,SO19,Galgaduud,2022-03-22,0.206146131366546,0.2072,0.1352238101864737,0.1338,0.9685941501550074,7186,0.0056611403154063,0.0,pixel_reliability=0 AND MODLAND_QA(bits0-1)=0 AND VI range -2000..10000,MOD13Q1 V061 Terra 250m 16-day
SO1903,Cadaado,SO19,Galgaduud,2022-04-07,0.2104308383233533,0.2061,0.1352349301397205,0.1301,0.5402345329559239,4008,0.1159185874107022,0.0,pixel_reliability=0 AND MODLAND_QA(bits0-1)=0 AND VI range -2000..10000,MOD13Q1 V061 Terra 250m 16-day
SO1903,Cadaado,SO19,Galgaduud,2022-04-23,0.201164128673918,0.2026,0.1323585744040731,0.1332,0.5824235072112145,4321,0.0920609246529181,0.0002695781102574,pixel_reliability=0 AND MODLAND_QA(bits0-1)=0 AND VI range -2000..10000,MOD13Q1 V061 Terra 250m 16-day
SO1903,Cadaado,SO19,Galgaduud,2022-05-09,0.2008947118945341,0.2043,0.1319230188120278,0.1328,0.9099609111740128,6751,0.0032349373230893,0.0001347890551287,pixel_reliability=0 AND MODLAND_QA(bits0-1)=0 AND VI range -2000..10000,MOD13Q1 V061 Terra 250m 16-day
SO1903,Cadaado,SO19,Galgaduud,2022-05-25,0.2001478875638841,0.2003,0.1341156729131175,0.1337,0.7912117536056072,5870,0.0429977085860628,0.0001347890551287,pixel_reliability=0 AND MODLAND_QA(bits0-1)=0 AND VI range -2000..10000,MOD13Q1 V061 Terra 250m 16-day
SO1903,Cadaado,SO19,Galgaduud,2022-06-10,0.199004163174071,0.19655,0.1322504051411008,0.1307,0.9648200566114032,7158,0.0017522577166734,0.0,pixel_reliability=0 AND MODLAND_QA(bits0-1)=0 AND VI range -2000..10000,MOD13Q1 V061 Terra 250m 16-day
SO1903,Cadaado,SO19,Galgaduud,2022-06-26,0.1707892185541162,0.1718,0.1202109068115336,0.1198,0.3225502089230354,2393,0.5554656961854697,0.0090308666936244,pixel_reliability=0 AND MODLAND_QA(bits0-1)=0 AND VI range -2000..10000,MOD13Q1 V061 Terra 250m 16-day
SO1903,Cadaado,SO19,Galgaduud,2022-07-12,0.1794899253205579,0.1802,0.1209473157672255,0.1216,0.9565979242485512,7097,0.0037740935436042,0.0,pixel_reliability=0 AND MODLAND_QA(bits0-1)=0 AND VI range -2000..10000,MOD13Q1 V061 Terra 250m 16-day
SO1903,Cadaado,SO19,Galgaduud,2022-07-28,0.1776509822517274,0.1782,0.1173956645440997,0.1179,0.9948780159051084,7381,0.0008087343307723,0.0,pixel_reliability=0 AND MODLAND_QA(bits0-1)=0 AND VI range -2000..10000,MOD13Q1 V061 Terra 250m 16-day
SO1903,Cadaado,SO19,Galgaduud,2022-08-13,0.1708756312102948,0.1721,0.114193370255742,0.1148,0.8274700094352339,6139,0.0194096239385361,0.0,pixel_reliability=0 AND MODLAND_QA(bits0-1)=0 AND VI range -2000..10000,MOD13Q1 V061 Terra 250m 16-day
SO1903,Cadaado,SO19,Galgaduud,2022-08-29,0.1736484496124031,0.17500000000000002,0.11133622646733113,0.112,0.9737161342498989,7224,0.001752257716673406,0.0,pixel_reliability=0 AND MODLAND_QA(bits0-1)=0 AND VI range -2000..10000,MOD13Q1 V061 Terra 250m 16-day
SO1903,Cadaado,SO19,Galgaduud,2022-09-14,0.17365606880288528,0.1748,0.11246662505201831,0.1131,0.9716942984229681,7209,0.0002695781102574471,0.0,pixel_reliability=0 AND MODLAND_QA(bits0-1)=0 AND VI range -2000..10000,MOD13Q1 V061 Terra 250m 16-day
SO1903,Cadaado,SO19,Galgaduud,2022-09-30,0.17646098439375751,0.1794,0.11703163265306121,0.11720000000000001,0.6736756975333603,4998,0.04003234937323089,0.0004043671653861706,pixel_reliability=0 AND MODLAND_QA(bits0-1)=0 AND VI range -2000..10000,MOD13Q1 V061 Terra 250m 16-day
SO1903,Cadaado,SO19,Galgaduud,2022-10-16,0.1960827676240209,0.19740000000000002,0.12445315926892951,0.1236,0.2581210405715056,1915,0.30017522577166733,0.06860762906052029,pixel_reliability=0 AND MODLAND_QA(bits0-1)=0 AND VI range -2000..10000,MOD13Q1 V061 Terra 250m 16-day
SO1903,Cadaado,SO19,Galgaduud,2022-11-01,0.1915940638075314,0.1922,0.12819714958158995,0.1269,0.5154333468122388,3824,0.17279956867502358,0.005121984094891494,pixel_reliability=0 AND MODLAND_QA(bits0-1)=0 AND VI range -2000..10000,MOD13Q1 V061 Terra 250m 16-day
SO1903,Cadaado,SO19,Galgaduud,2022-11-17,0.1958148556506601,0.1958,0.12696191788771216,0.1253,0.9291009570022914,6893,0.03410163094756706,0.0,pixel_reliability=0 AND MODLAND_QA(bits0-1)=0 AND VI range -2000..10000,MOD13Q1 V061 Terra 250m 16-day
SO1903,Cadaado,SO19,Galgaduud,2022-12-03,0.19148148301004267,0.1927,0.1268472141972761,0.1255,0.9797816417306915,7269,0.0004043671653861706,0.0,pixel_reliability=0 AND MODLAND_QA(bits0-1)=0 AND VI range -2000..10000,MOD13Q1 V061 Terra 250m 16-day
SO1903,Cadaado,SO19,Galgaduud,2022-12-19,0.18467356744249355,0.1869,0.11907080440996326,0.11900000000000001,0.9902951880307319,7347,0.0004043671653861706,0.0,pixel_reliability=0 AND MODLAND_QA(bits0-1)=0 AND VI range -2000..10000,MOD13Q1 V061 Terra 250m 16-day
SO1904,Ceel Buur,SO19,Galgaduud,2022-01-01,0.1956730969030969,0.1941,0.1233587612387612,0.1225,0.6529680365296804,10010,0.0200913242009132,0.0,pixel_reliability=0 AND MODLAND_QA(bits0-1)=0 AND VI range -2000..10000,MOD13Q1 V061 Terra 250m 16-day
SO1904,Ceel Buur,SO19,Galgaduud,2022-01-17,0.1808854468695236,0.1797,0.1167270352079018,0.1162,0.8189171559034573,12554,0.0628180039138943,0.0001304631441617,pixel_reliability=0 AND MODLAND_QA(bits0-1)=0 AND VI range -2000..10000,MOD13Q1 V061 Terra 250m 16-day
SO1904,Ceel Buur,SO19,Galgaduud,2022-02-02,0.1833614650868172,0.1829,0.1165539906103286,0.1162,0.8753424657534247,13419,0.0106327462491846,0.0,pixel_reliability=0 AND MODLAND_QA(bits0-1)=0 AND VI range -2000..10000,MOD13Q1 V061 Terra 250m 16-day
SO1904,Ceel Buur,SO19,Galgaduud,2022-02-18,0.1797510941099045,0.1795,0.1183883349786113,0.1177,0.7929549902152642,12156,0.0098499673842139,0.0,pixel_reliability=0 AND MODLAND_QA(bits0-1)=0 AND VI range -2000..10000,MOD13Q1 V061 Terra 250m 16-day
SO1904,Ceel Buur,SO19,Galgaduud,2022-03-06,0.1806050456100342,0.1808,0.1199399230330672,0.1197,0.9153294194390084,14032,0.0079582517938682,0.0,pixel_reliability=0 AND MODLAND_QA(bits0-1)=0 AND VI range -2000..10000,MOD13Q1 V061 Terra 250m 16-day
SO1904,Ceel Buur,SO19,Galgaduud,2022-03-22,0.2035490495207668,0.2005,0.1361627555910543,0.1319,0.8166992824527071,12520,0.022504892367906,0.0,pixel_reliability=0 AND MODLAND_QA(bits0-1)=0 AND VI range -2000..10000,MOD13Q1 V061 Terra 250m 16-day
SO1904,Ceel Buur,SO19,Galgaduud,2022-04-07,0.2166382635936451,0.214,0.1387263817408816,0.1354,0.874559686888454,13407,0.0258969341161122,6.523157208088715e-05,pixel_reliability=0 AND MODLAND_QA(bits0-1)=0 AND VI range -2000..10000,MOD13Q1 V061 Terra 250m 16-day
SO1904,Ceel Buur,SO19,Galgaduud,2022-04-23,0.2466123429084381,0.2428,0.1558828994614003,0.1525,0.2906718851924331,4456,0.1808219178082191,0.0538812785388127,pixel_reliability=0 AND MODLAND_QA(bits0-1)=0 AND VI range -2000..10000,MOD13Q1 V061 Terra 250m 16-day
SO1904,Ceel Buur,SO19,Galgaduud,2022-05-09,0.2832779580152672,0.2814,0.1781955288985823,0.1754,0.4785388127853881,7336,0.072211350293542,0.1187214611872146,pixel_reliability=0 AND MODLAND_QA(bits0-1)=0 AND VI range -2000..10000,MOD13Q1 V061 Terra 250m 16-day
SO1904,Ceel Buur,SO19,Galgaduud,2022-05-25,0.2301018205773146,0.2284,0.1546714576595999,0.1543,0.5446183953033268,8349,0.1174168297455968,0.0360730593607305,pixel_reliability=0 AND MODLAND_QA(bits0-1)=0 AND VI range -2000..10000,MOD13Q1 V061 Terra 250m 16-day
SO1904,Ceel Buur,SO19,Galgaduud,2022-06-10,0.2095534787932762,0.2099,0.1414914727819214,0.1412,0.5859752120026093,8983,0.2077625570776255,0.0066536203522504,pixel_reliability=0 AND MODLAND_QA(bits0-1)=0 AND VI range -2000..10000,MOD13Q1 V061 Terra 250m 16-day
SO1904,Ceel Buur,SO19,Galgaduud,2022-06-26,0.201563847235239,0.1974,0.1393986410496719,0.1379,0.2784083496412263,4268,0.4799739073711676,0.0027397260273972,pixel_reliability=0 AND MODLAND_QA(bits0-1)=0 AND VI range -2000..10000,MOD13Q1 V061 Terra 250m 16-day
SO1904,Ceel Buur,SO19,Galgaduud,2022-07-12,0.1893612087912088,0.1912,0.1261061538461538,0.126,0.0593607305936073,910,0.6695368558382258,0.0632093933463796,pixel_reliability=0 AND MODLAND_QA(bits0-1)=0 AND VI range -2000..10000,MOD13Q1 V061 Terra 250m 16-day
SO1904,Ceel Buur,SO19,Galgaduud,2022-07-28,0.1861726406182911,0.1854,0.122963194504079,0.1219,0.7596216568819308,11645,0.050815394651011,0.0001956947162426,pixel_reliability=0 AND MODLAND_QA(bits0-1)=0 AND VI range -2000..10000,MOD13Q1 V061 Terra 250m 16-day
SO1904,Ceel Buur,SO19,Galgaduud,2022-08-13,0.1814935008245222,0.181,0.1181646037443011,0.1175,0.6724722765818656,10309,0.04853228962818,0.0,pixel_reliability=0 AND MODLAND_QA(bits0-1)=0 AND VI range -2000..10000,MOD13Q1 V061 Terra 250m 16-day
SO1904,Ceel Buur,SO19,Galgaduud,2022-08-29,0.18021465239893691,0.1804,0.11557615051056094,0.11510000000000001,0.9326810176125244,14298,0.008284409654272669,0.0,pixel_reliability=0 AND MODLAND_QA(bits0-1)=0 AND VI range -2000..10000,MOD13Q1 V061 Terra 250m 16-day
SO1904,Ceel Buur,SO19,Galgaduud,2022-09-14,0.18276355549279866,0.1826,0.11781448037277607,0.11720000000000001,0.9239399869536856,14164,0.003848662752772342,0.0002609262883235486,pixel_reliability=0 AND MODLAND_QA(bits0-1)=0 AND VI range -2000..10000,MOD13Q1 V061 Terra 250m 16-day
SO1904,Ceel Buur,SO19,Galgaduud,2022-09-30,0.21113824861600403,0.20670000000000002,0.1416506542526422,0.139,0.25923026744944555,3974,0.2996738421395956,0.018134377038486627,pixel_reliability=0 AND MODLAND_QA(bits0-1)=0 AND VI range -2000..10000,MOD13Q1 V061 Terra 250m 16-day
SO1904,Ceel Buur,SO19,Galgaduud,2022-10-16,0.25491246163290365,0.25,0.15979205647636588,0.15710000000000002,0.5313111545988258,8145,0.14735812133072407,0.07345075016307893,pixel_reliability=0 AND MODLAND_QA(bits0-1)=0 AND VI range -2000..10000,MOD13Q1 V061 Terra 250m 16-day
SO1904,Ceel Buur,SO19,Galgaduud,2022-11-01,0.26419817351598174,0.2682,0.1794351598173516,0.1864,0.014285714285714285,219,0.33378995433789954,0.36144814090019567,pixel_reliability=0 AND MODLAND_QA(bits0-1)=0 AND VI range -2000..10000,MOD13Q1 V061 Terra 250m 16-day
SO1904,Ceel Buur,SO19,Galgaduud,2022-11-17,0.2366844731977819,0.23440000000000003,0.15234355570492356,0.15030000000000002,0.3881930854533594,5951,0.36262230919765165,0.004305283757338552,pixel_reliability=0 AND MODLAND_QA(bits0-1)=0 AND VI range -2000..10000,MOD13Q1 V061 Terra 250m 16-day
SO1904,Ceel Buur,SO19,Galgaduud,2022-12-03,0.218959243006034,0.2142,0.14455958780659825,0.14170000000000002,0.8324200913242009,12761,0.022504892367906065,0.0,pixel_reliability=0 AND MODLAND_QA(bits0-1)=0 AND VI range -2000..10000,MOD13Q1 V061 Terra 250m 16-day
SO1904,Ceel Buur,SO19,Galgaduud,2022-12-19,0.20080162711864408,0.1988,0.13317457627118645,0.1306,0.6735159817351598,10325,0.1634703196347032,0.001239399869536856,pixel_reliability=0 AND MODLAND_QA(bits0-1)=0 AND VI range -2000..10000,MOD13Q1 V061 Terra 250m 16-day
SO1905,Ceel Dheer,SO19,Galgaduud,2022-01-01,0.2083109881422924,0.2032,0.1396176442687747,0.1392,0.5191660510547484,6325,0.1091685135024214,0.013953870146926,pixel_reliability=0 AND MODLAND_QA(bits0-1)=0 AND VI range -2000..10000,MOD13Q1 V061 Terra 250m 16-day
SO1905,Ceel Dheer,SO19,Galgaduud,2022-01-17,0.1895826326129666,0.1866,0.1264484381139489,0.1257,0.8355905770335714,10180,0.0278256587047525,0.0146926044488221,pixel_reliability=0 AND MODLAND_QA(bits0-1)=0 AND VI range -2000..10000,MOD13Q1 V061 Terra 250m 16-day
SO1905,Ceel Dheer,SO19,Galgaduud,2022-02-02,0.1834115089762251,0.1784,0.1210491606016496,0.1209,0.845850775671017,10305,0.0306985143232372,0.0167446441763112,pixel_reliability=0 AND MODLAND_QA(bits0-1)=0 AND VI range -2000..10000,MOD13Q1 V061 Terra 250m 16-day
SO1905,Ceel Dheer,SO19,Galgaduud,2022-02-18,0.1678674135646308,0.1665,0.1192834959643416,0.1218,0.6813592711154888,8301,0.0813428547976688,0.0156775835180169,pixel_reliability=0 AND MODLAND_QA(bits0-1)=0 AND VI range -2000..10000,MOD13Q1 V061 Terra 250m 16-day
SO1905,Ceel Dheer,SO19,Galgaduud,2022-03-06,0.1760287022180273,0.1735,0.1240891080698442,0.124,0.8696544365098908,10595,0.0211770499876877,0.0148567676270212,pixel_reliability=0 AND MODLAND_QA(bits0-1)=0 AND VI range -2000..10000,MOD13Q1 V061 Terra 250m 16-day
SO1905,Ceel Dheer,SO19,Galgaduud,2022-03-22,0.1870751352326,0.1827,0.1341390191128741,0.1314,0.4552244931461873,5546,0.203398177788722,0.0160059098744151,pixel_reliability=0 AND MODLAND_QA(bits0-1)=0 AND VI range -2000..10000,MOD13Q1 V061 Terra 250m 16-day
SO1905,Ceel Dheer,SO19,Galgaduud,2022-04-07,0.1980400325773712,0.19,0.1376867435158501,0.133,0.655093162603628,7981,0.1068702290076335,0.0226545185914799,pixel_reliability=0 AND MODLAND_QA(bits0-1)=0 AND VI range -2000..10000,MOD13Q1 V061 Terra 250m 16-day
SO1905,Ceel Dheer,SO19,Galgaduud,2022-04-23,0.1822112474437627,0.14765,0.1283086230402181,0.1173,0.2408273824181236,2934,0.1801690880735451,0.2359845686612492,pixel_reliability=0 AND MODLAND_QA(bits0-1)=0 AND VI range -2000..10000,MOD13Q1 V061 Terra 250m 16-day
SO1905,Ceel Dheer,SO19,Galgaduud,2022-05-09,0.1999016011235954,0.1596,0.1579700561797753,0.145,0.2922104571944512,3560,0.168677665599606,0.2168595584010506,pixel_reliability=0 AND MODLAND_QA(bits0-1)=0 AND VI range -2000..10000,MOD13Q1 V061 Terra 250m 16-day
SO1905,Ceel Dheer,SO19,Galgaduud,2022-05-25,0.2042318986463033,0.1786,0.1467731343283582,0.141,0.2364770581958466,2881,0.2203890667323319,0.1657227283920216,pixel_reliability=0 AND MODLAND_QA(bits0-1)=0 AND VI range -2000..10000,MOD13Q1 V061 Terra 250m 16-day
SO1905,Ceel Dheer,SO19,Galgaduud,2022-06-10,0.2010474038842647,0.1985,0.1446105826397146,0.1436,0.2070918492982024,2523,0.3766724123779036,0.1210703439218583,pixel_reliability=0 AND MODLAND_QA(bits0-1)=0 AND VI range -2000..10000,MOD13Q1 V061 Terra 250m 16-day
SO1905,Ceel Dheer,SO19,Galgaduud,2022-06-26,0.1870979149291076,0.1723,0.1397117319988879,0.1323,0.2952474759911352,3597,0.2383649347451366,0.1042436181564475,pixel_reliability=0 AND MODLAND_QA(bits0-1)=0 AND VI range -2000..10000,MOD13Q1 V061 Terra 250m 16-day
SO1905,Ceel Dheer,SO19,Galgaduud,2022-07-12,0.179637610619469,0.1874,0.127533628318584,0.1351,0.0185504391365016,226,0.3586965443650989,0.4098333743741278,pixel_reliability=0 AND MODLAND_QA(bits0-1)=0 AND VI range -2000..10000,MOD13Q1 V061 Terra 250m 16-day
SO1905,Ceel Dheer,SO19,Galgaduud,2022-07-28,0.1689364376424617,0.1675,0.1218674373168349,0.1239,0.252072560124764,3071,0.2876959697939752,0.1053106788147418,pixel_reliability=0 AND MODLAND_QA(bits0-1)=0 AND VI range -2000..10000,MOD13Q1 V061 Terra 250m 16-day
SO1905,Ceel Dheer,SO19,Galgaduud,2022-08-13,0.1600700391180654,0.151,0.1173326991465149,0.1184,0.4616268570959533,5624,0.2184191085939423,0.0403020602478864,pixel_reliability=0 AND MODLAND_QA(bits0-1)=0 AND VI range -2000..10000,MOD13Q1 V061 Terra 250m 16-day
SO1905,Ceel Dheer,SO19,Galgaduud,2022-08-29,0.16116491061540897,0.16820000000000002,0.11296858092074039,0.1165,0.5188377246983502,6321,0.1829598621029303,0.02265451859147993,pixel_reliability=0 AND MODLAND_QA(bits0-1)=0 AND VI range -2000..10000,MOD13Q1 V061 Terra 250m 16-day
SO1905,Ceel Dheer,SO19,Galgaduud,2022-09-14,0.17356580836840804,0.1764,0.11673953948997277,0.1198,0.3315275383731429,4039,0.30985799885085774,0.06689649511614545,pixel_reliability=0 AND MODLAND_QA(bits0-1)=0 AND VI range -2000..10000,MOD13Q1 V061 Terra 250m 16-day
SO1905,Ceel Dheer,SO19,Galgaduud,2022-09-30,0.20561234652114602,0.196,0.15193758526603002,0.1491,0.12033160961996224,1466,0.2500205203972749,0.2989411475006156,pixel_reliability=0 AND MODLAND_QA(bits0-1)=0 AND VI range -2000..10000,MOD13Q1 V061 Terra 250m 16-day
SO1905,Ceel Dheer,SO19,Galgaduud,2022-10-16,0.27081826625386995,0.28400000000000003,0.17776928792569663,0.18630000000000002,0.26512353279159484,3230,0.23869326110153494,0.18525814659771814,pixel_reliability=0 AND MODLAND_QA(bits0-1)=0 AND VI range -2000..10000,MOD13Q1 V061 Terra 250m 16-day
SO1905,Ceel Dheer,SO19,Galgaduud,2022-11-01,0.19266706281833615,0.1323,0.14625789473684211,0.1221,0.04834605597964377,589,0.3835672658622671,0.2106213576294837,pixel_reliability=0 AND MODLAND_QA(bits0-1)=0 AND VI range -2000..10000,MOD13Q1 V061 Terra 250m 16-day
SO1905,Ceel Dheer,SO19,Galgaduud,2022-11-17,0.18815739644970417,0.16145,0.13352278106508875,0.13080000000000003,0.11097430846261183,1352,0.4787819092177625,0.10834769761142576,pixel_reliability=0 AND MODLAND_QA(bits0-1)=0 AND VI range -2000..10000,MOD13Q1 V061 Terra 250m 16-day
SO1905,Ceel Dheer,SO19,Galgaduud,2022-12-03,0.277789456828081,0.2786,0.18847773507558288,0.19010000000000002,0.6407288845112041,7806,0.12008536485266355,0.017647541656406467,pixel_reliability=0 AND MODLAND_QA(bits0-1)=0 AND VI range -2000..10000,MOD13Q1 V061 Terra 250m 16-day
SO1905,Ceel Dheer,SO19,Galgaduud,2022-12-19,0.22345418864739397,0.231,0.164886094112682,0.1628,0.3889846507428384,4739,0.3660838873840598,0.024378231962570794,pixel_reliability=0 AND MODLAND_QA(bits0-1)=0 AND VI range -2000..10000,MOD13Q1 V061 Terra 250m 16-day
SO2001,Belet Weyne,SO20,Hiraan,2022-01-01,0.2051885125914899,0.209,0.1212084294752512,0.1199,0.9299723119520074,16122,0.003518689432395,0.0,pixel_reliability=0 AND MODLAND_QA(bits0-1)=0 AND VI range -2000..10000,MOD13Q1 V061 Terra 250m 16-day
SO2001,Belet Weyne,SO20,Hiraan,2022-01-17,0.1837288001362513,0.1856,0.1143862726730818,0.1137,0.6773765574526995,11743,0.1458237194277803,0.0002884171665897,pixel_reliability=0 AND MODLAND_QA(bits0-1)=0 AND VI range -2000..10000,MOD13Q1 V061 Terra 250m 16-day
SO2001,Belet Weyne,SO20,Hiraan,2022-02-02,0.1950770891789679,0.1995,0.1165322557033061,0.1155,0.94566220581449,16394,0.0024803876326718,0.0,pixel_reliability=0 AND MODLAND_QA(bits0-1)=0 AND VI range -2000..10000,MOD13Q1 V061 Terra 250m 16-day
SO2001,Belet Weyne,SO20,Hiraan,2022-02-18,0.1921540138534451,0.1964,0.1129728034998177,0.1121,0.7911282879556991,13715,0.0218043377941855,0.0,pixel_reliability=0 AND MODLAND_QA(bits0-1)=0 AND VI range -2000..10000,MOD13Q1 V061 Terra 250m 16-day
SO2001,Belet Weyne,SO20,Hiraan,2022-03-06,0.1916696935300794,0.1957,0.1173324870063922,0.1166,0.9655629903091832,16739,0.0028264882325796,0.0,pixel_reliability=0 AND MODLAND_QA(bits0-1)=0 AND VI range -2000..10000,MOD13Q1 V061 Terra 250m 16-day
SO2001,Belet Weyne,SO20,Hiraan,2022-03-22,0.2392346033277067,0.2326,0.1546709589261313,0.1515,0.7176395939086294,12441,0.0420512228887863,0.0,pixel_reliability=0 AND MODLAND_QA(bits0-1)=0 AND VI range -2000..10000,MOD13Q1 V061 Terra 250m 16-day
SO2001,Belet Weyne,SO20,Hiraan,2022-04-07,0.2426688230647709,0.2319,0.1574862875197472,0.1508,0.7302722658052607,12660,0.0407245039224734,0.0,pixel_reliability=0 AND MODLAND_QA(bits0-1)=0 AND VI range -2000..10000,MOD13Q1 V061 Terra 250m 16-day
SO2001,Belet Weyne,SO20,Hiraan,2022-04-23,0.280453154425612,0.2733,0.165872434086629,0.1616,0.2450392247346562,4248,0.3685971389017074,0.0533571758191047,pixel_reliability=0 AND MODLAND_QA(bits0-1)=0 AND VI range -2000..10000,MOD13Q1 V061 Terra 250m 16-day
SO2001,Belet Weyne,SO20,Hiraan,2022-05-09,0.3059512279888786,0.304,0.1777222891566265,0.1753,0.4979233964005538,8632,0.2119289340101522,0.0598177203507152,pixel_reliability=0 AND MODLAND_QA(bits0-1)=0 AND VI range -2000..10000,MOD13Q1 V061 Terra 250m 16-day
SO2001,Belet Weyne,SO20,Hiraan,2022-05-25,0.2489801420801421,0.2443,0.1564719058719058,0.1536,0.5196700507614214,9009,0.1242501153668666,0.0192085832948777,pixel_reliability=0 AND MODLAND_QA(bits0-1)=0 AND VI range -2000..10000,MOD13Q1 V061 Terra 250m 16-day
SO2001,Belet Weyne,SO20,Hiraan,2022-06-10,0.2175504718103243,0.2154,0.1366987550551106,0.133,0.7274457775726811,12611,0.0617212736502076,0.0013844023996308,pixel_reliability=0 AND MODLAND_QA(bits0-1)=0 AND VI range -2000..10000,MOD13Q1 V061 Terra 250m 16-day
SO2001,Belet Weyne,SO20,Hiraan,2022-06-26,0.2010644050802139,0.199,0.1261736965240641,0.1242,0.1725888324873096,2992,0.7032764190124596,0.0028841716658975,pixel_reliability=0 AND MODLAND_QA(bits0-1)=0 AND VI range -2000..10000,MOD13Q1 V061 Terra 250m 16-day
SO2001,Belet Weyne,SO20,Hiraan,2022-07-12,0.1940202879232204,0.1893,0.1218290855771794,0.1198,0.432741116751269,7502,0.2644208583294877,0.0002307337332718,pixel_reliability=0 AND MODLAND_QA(bits0-1)=0 AND VI range -2000..10000,MOD13Q1 V061 Terra 250m 16-day
SO2001,Belet Weyne,SO20,Hiraan,2022-07-28,0.1985685997776067,0.198,0.1180781541356599,0.1166,0.6743770189201661,11691,0.0165551453622519,5.768343331795109e-05,pixel_reliability=0 AND MODLAND_QA(bits0-1)=0 AND VI range -2000..10000,MOD13Q1 V061 Terra 250m 16-day
SO2001,Belet Weyne,SO20,Hiraan,2022-08-13,0.1899764058046126,0.1903,0.1130384231666234,0.1117,0.890401476695893,15436,0.0138440239963082,0.0,pixel_reliability=0 AND MODLAND_QA(bits0-1)=0 AND VI range -2000..10000,MOD13Q1 V061 Terra 250m 16-day
SO2001,Belet Weyne,SO20,Hiraan,2022-08-29,0.18737727109084362,0.18910000000000002,0.11219293771750871,0.11120000000000001,0.9613520996769728,16666,0.00640286109829257,0.0,pixel_reliability=0 AND MODLAND_QA(bits0-1)=0 AND VI range -2000..10000,MOD13Q1 V061 Terra 250m 16-day
SO2001,Belet Weyne,SO20,Hiraan,2022-09-14,0.1869642379797741,0.1895,0.11388173162221303,0.11230000000000001,0.9753691739732349,16909,0.003287955699123212,0.0,pixel_reliability=0 AND MODLAND_QA(bits0-1)=0 AND VI range -2000..10000,MOD13Q1 V061 Terra 250m 16-day
SO2001,Belet Weyne,SO20,Hiraan,2022-09-30,0.18630974004961706,0.1825,0.11863038507172906,0.1139,0.5347831102907245,9271,0.11196354407014306,0.0010959852330410707,pixel_reliability=0 AND MODLAND_QA(bits0-1)=0 AND VI range -2000..10000,MOD13Q1 V061 Terra 250m 16-day
SO2001,Belet Weyne,SO20,Hiraan,2022-10-16,0.25193303897685754,0.2461,0.15114553897685748,0.1462,0.7577295800646054,13136,0.06062528841716659,0.004499307798800185,pixel_reliability=0 AND MODLAND_QA(bits0-1)=0 AND VI range -2000..10000,MOD13Q1 V061 Terra 250m 16-day
SO2001,Belet Weyne,SO20,Hiraan,2022-11-01,0.2459206627680312,0.23440000000000003,0.16040233918128657,0.15280000000000002,0.029591601292108905,513,0.45835256114443934,0.22802261190586065,pixel_reliability=0 AND MODLAND_QA(bits0-1)=0 AND VI range -2000..10000,MOD13Q1 V061 Terra 250m 16-day
SO2001,Belet Weyne,SO20,Hiraan,2022-11-17,0.26501306643202815,0.2642,0.1622308754949406,0.1593,0.6555722196585141,11365,0.17022381172127365,0.01436317489616982,pixel_reliability=0 AND MODLAND_QA(bits0-1)=0 AND VI range -2000..10000,MOD13Q1 V061 Terra 250m 16-day
SO2001,Belet Weyne,SO20,Hiraan,2022-12-03,0.2573429253581302,0.2531,0.1601352663985926,0.15515,0.9180895246885095,15916,0.005941393631748962,0.0,pixel_reliability=0 AND MODLAND_QA(bits0-1)=0 AND VI range -2000..10000,MOD13Q1 V061 Terra 250m 16-day
SO2001,Belet Weyne,SO20,Hiraan,2022-12-19,0.22406589420300066,0.22030000000000002,0.13904842572374446,0.1337,0.8189317028149515,14197,0.02757268112598062,0.0002884171665897554,pixel_reliability=0 AND MODLAND_QA(bits0-1)=0 AND VI range -2000..10000,MOD13Q1 V061 Terra 250m 16-day
SO2002,Bulo Burto,SO20,Hiraan,2022-01-01,0.2252671241121945,0.227,0.1283175093294812,0.1293,0.8824091778202677,16614,0.0109411514765243,0.0,pixel_reliability=0 AND MODLAND_QA(bits0-1)=0 AND VI range -2000..10000,MOD13Q1 V061 Terra 250m 16-day
SO2002,Bulo Burto,SO20,Hiraan,2022-01-17,0.205240335566691,0.2076,0.1205182647373458,0.1224,0.9433290843424686,17761,0.0045676651795198,0.0,pixel_reliability=0 AND MODLAND_QA(bits0-1)=0 AND VI range -2000..10000,MOD13Q1 V061 Terra 250m 16-day
SO2002,Bulo Burto,SO20,Hiraan,2022-02-02,0.2079604195804195,0.2105,0.1188054601398601,0.1206,0.949383896324623,17875,0.0046207775653282,0.0,pixel_reliability=0 AND MODLAND_QA(bits0-1)=0 AND VI range -2000..10000,MOD13Q1 V061 Terra 250m 16-day
SO2002,Bulo Burto,SO20,Hiraan,2022-02-18,0.20540189721969,0.208,0.1170571729717411,0.1177,0.9322285957085192,17552,0.0072232844699383,0.0,pixel_reliability=0 AND MODLAND_QA(bits0-1)=0 AND VI range -2000..10000,MOD13Q1 V061 Terra 250m 16-day
SO2002,Bulo Burto,SO20,Hiraan,2022-03-06,0.204224852006139,0.2071,0.1208010249945187,0.1221,0.9689823666879116,18244,0.0036647546207775,0.0,pixel_reliability=0 AND MODLAND_QA(bits0-1)=0 AND VI range -2000..10000,MOD13Q1 V061 Terra 250m 16-day
SO2002,Bulo Burto,SO20,Hiraan,2022-03-22,0.2487552515833919,0.2365,0.1608168455313159,0.1483,0.603781601869556,11368,0.0875292118121946,0.0,pixel_reliability=0 AND MODLAND_QA(bits0-1)=0 AND VI range -2000..10000,MOD13Q1 V061 Terra 250m 16-day
SO2002,Bulo Burto,SO20,Hiraan,2022-04-07,0.2396371388548415,0.2326,0.1522082472421642,0.1426,0.606649670703208,11422,0.1404291480773316,0.0009560229445506,pixel_reliability=0 AND MODLAND_QA(bits0-1)=0 AND VI range -2000..10000,MOD13Q1 V061 Terra 250m 16-day
SO2002,Bulo Burto,SO20,Hiraan,2022-04-23,0.295718248750986,0.293,0.1642629765974231,0.1647,0.201986403229233,3803,0.4045039303165498,0.1189717442107499,pixel_reliability=0 AND MODLAND_QA(bits0-1)=0 AND VI range -2000..10000,MOD13Q1 V061 Terra 250m 16-day
SO2002,Bulo Burto,SO20,Hiraan,2022-05-09,0.3567447653429603,0.3544,0.2131500257864879,0.2091,0.2059698321648608,3878,0.3293499043977055,0.1504673889951136,pixel_reliability=0 AND MODLAND_QA(bits0-1)=0 AND VI range -2000..10000,MOD13Q1 V061 Terra 250m 16-day
SO2002,Bulo Burto,SO20,Hiraan,2022-05-25,0.2717331196581196,0.27005,0.1665515669515669,0.1658,0.372848948374761,7020,0.2288612704482685,0.062938177182919,pixel_reliability=0 AND MODLAND_QA(bits0-1)=0 AND VI range -2000..10000,MOD13Q1 V061 Terra 250m 16-day
SO2002,Bulo Burto,SO20,Hiraan,2022-06-10,0.2257557180580947,0.2242,0.1382152346130408,0.1374,0.261472275334608,4923,0.3259507117059698,0.0853516039940514,pixel_reliability=0 AND MODLAND_QA(bits0-1)=0 AND VI range -2000..10000,MOD13Q1 V061 Terra 250m 16-day
SO2002,Bulo Burto,SO20,Hiraan,2022-06-26,0.2122822061191626,0.21195,0.1299204508856683,0.1287,0.0659655831739961,1242,0.8486828128319525,0.0112067134055661,pixel_reliability=0 AND MODLAND_QA(bits0-1)=0 AND VI range -2000..10000,MOD13Q1 V061 Terra 250m 16-day
SO2002,Bulo Burto,SO20,Hiraan,2022-07-12,0.2349850844772967,0.2339,0.1223291842661035,0.1208,0.402379434884215,7576,0.2897280645846611,0.0622477161674102,pixel_reliability=0 AND MODLAND_QA(bits0-1)=0 AND VI range -2000..10000,MOD13Q1 V061 Terra 250m 16-day
SO2002,Bulo Burto,SO20,Hiraan,2022-07-28,0.2209318590998043,0.2216,0.1158773189823874,0.1162,0.2714042914807733,5110,0.4084342468663692,0.0345761631612492,pixel_reliability=0 AND MODLAND_QA(bits0-1)=0 AND VI range -2000..10000,MOD13Q1 V061 Terra 250m 16-day
SO2002,Bulo Burto,SO20,Hiraan,2022-08-13,0.2003020184824903,0.1997,0.1090748784046692,0.1079,0.4367962608880391,8224,0.4115147652432547,0.0008497981729339,pixel_reliability=0 AND MODLAND_QA(bits0-1)=0 AND VI range -2000..10000,MOD13Q1 V061 Terra 250m 16-day
SO2002,Bulo Burto,SO20,Hiraan,2022-08-29,0.19663968862080214,0.1962,0.11233309422888818,0.1119,0.6515827490970895,12268,0.16135542808582962,0.0005311238580837051,pixel_reliability=0 AND MODLAND_QA(bits0-1)=0 AND VI range -2000..10000,MOD13Q1 V061 Terra 250m 16-day
SO2002,Bulo Burto,SO20,Hiraan,2022-09-14,0.2012096431403648,0.2031,0.11690829500396512,0.1178,0.6697471850435521,12610,0.11727214786488209,0.002708731676226896,pixel_reliability=0 AND MODLAND_QA(bits0-1)=0 AND VI range -2000..10000,MOD13Q1 V061 Terra 250m 16-day
SO2002,Bulo Burto,SO20,Hiraan,2022-09-30,0.21661691038620173,0.2015,0.1385883014623172,0.12890000000000001,0.14165073295092415,2667,0.35532186105799873,0.1833970681963034,pixel_reliability=0 AND MODLAND_QA(bits0-1)=0 AND VI range -2000..10000,MOD13Q1 V061 Terra 250m 16-day
SO2002,Bulo Burto,SO20,Hiraan,2022-10-16,0.3049819981000634,0.3014,0.17647753324889173,0.1746,0.33545782876566815,6316,0.25839175695772254,0.07865944338219673,pixel_reliability=0 AND MODLAND_QA(bits0-1)=0 AND VI range -2000..10000,MOD13Q1 V061 Terra 250m 16-day
SO2002,Bulo Burto,SO20,Hiraan,2022-11-01,0.34855284090909094,0.3524,0.22330000000000003,0.22295,0.00934777990227321,176,0.4475780752071383,0.2396961971531761,pixel_reliability=0 AND MODLAND_QA(bits0-1)=0 AND VI range -2000..10000,MOD13Q1 V061 Terra 250m 16-day
SO2002,Bulo Burto,SO20,Hiraan,2022-11-17,0.3127152988855117,0.30805000000000005,0.1819377912867275,0.17850000000000002,0.10484384958572339,1974,0.6195028680688337,0.06384108774166136,pixel_reliability=0 AND MODLAND_QA(bits0-1)=0 AND VI range -2000..10000,MOD13Q1 V061 Terra 250m 16-day
SO2002,Bulo Burto,SO20,Hiraan,2022-12-03,0.3053343270157404,0.302,0.17800925795053005,0.1778,0.826694285107287,15565,0.031495644784363716,0.00015933715742511153,pixel_reliability=0 AND MODLAND_QA(bits0-1)=0 AND VI range -2000..10000,MOD13Q1 V061 Terra 250m 16-day
SO2002,Bulo Burto,SO20,Hiraan,2022-12-19,0.24886800235132756,0.24500000000000002,0.15206684628196337,0.1494,0.5421181219460378,10207,0.16762268961121735,0.009932016146165287,pixel_reliability=0 AND MODLAND_QA(bits0-1)=0 AND VI range -2000..10000,MOD13Q1 V061 Terra 250m 16-day
SO2003,Jalalaqsi,SO20,Hiraan,2022-01-01,0.2463940812720848,0.2517,0.1545554475853946,0.1559,0.9253405994550408,3396,0.0149863760217983,0.0,pixel_reliability=0 AND MODLAND_QA(bits0-1)=0 AND VI range -2000..10000,MOD13Q1 V061 Terra 250m 16-day
SO2003,Jalalaqsi,SO20,Hiraan,2022-01-17,0.2264004191616766,0.23325,0.137484371257485,0.1407,0.9100817438692098,3340,0.0057220708446866,0.0,pixel_reliability=0 AND MODLAND_QA(bits0-1)=0 AND VI range -2000..10000,MOD13Q1 V061 Terra 250m 16-day
SO2003,Jalalaqsi,SO20,Hiraan,2022-02-02,0.2209421273031825,0.22655,0.1327982132886655,0.13665,0.9760217983651226,3582,0.0002724795640326,0.0,pixel_reliability=0 AND MODLAND_QA(bits0-1)=0 AND VI range -2000..10000,MOD13Q1 V061 Terra 250m 16-day
SO2003,Jalalaqsi,SO20,Hiraan,2022-02-18,0.2193473367697594,0.2255,0.1301990263459335,0.1346,0.9514986376021798,3492,0.0057220708446866,0.0,pixel_reliability=0 AND MODLAND_QA(bits0-1)=0 AND VI range -2000..10000,MOD13Q1 V061 Terra 250m 16-day
SO2003,Jalalaqsi,SO20,Hiraan,2022-03-06,0.2185061786807681,0.2237,0.1312201502922349,0.1363,0.9790190735694824,3593,0.0013623978201634,0.0,pixel_reliability=0 AND MODLAND_QA(bits0-1)=0 AND VI range -2000..10000,MOD13Q1 V061 Terra 250m 16-day
SO2003,Jalalaqsi,SO20,Hiraan,2022-03-22,0.2339364348226623,0.2411,0.1586822662367572,0.1593,0.5915531335149864,2171,0.0907356948228882,0.0,pixel_reliability=0 AND MODLAND_QA(bits0-1)=0 AND VI range -2000..10000,MOD13Q1 V061 Terra 250m 16-day
SO2003,Jalalaqsi,SO20,Hiraan,2022-04-07,0.2293063434760185,0.2392,0.1507503352243424,0.1538,0.5283378746594005,1939,0.1209809264305177,0.0027247956403269,pixel_reliability=0 AND MODLAND_QA(bits0-1)=0 AND VI range -2000..10000,MOD13Q1 V061 Terra 250m 16-day
SO2003,Jalalaqsi,SO20,Hiraan,2022-04-23,0.286975,0.31375,0.180915,0.18995,0.0108991825613079,40,0.3811989100817439,0.3081743869209809,pixel_reliability=0 AND MODLAND_QA(bits0-1)=0 AND VI range -2000..10000,MOD13Q1 V061 Terra 250m 16-day
SO2003,Jalalaqsi,SO20,Hiraan,2022-05-09,0.3450650887573964,0.3597,0.236110650887574,0.2452,0.0460490463215258,169,0.580108991825613,0.0623978201634877,pixel_reliability=0 AND MODLAND_QA(bits0-1)=0 AND VI range -2000..10000,MOD13Q1 V061 Terra 250m 16-day
SO2003,Jalalaqsi,SO20,Hiraan,2022-05-25,0.2709207142857143,0.2648,0.1744928571428571,0.1633,0.0381471389645776,140,0.4128065395095368,0.1798365122615803,pixel_reliability=0 AND MODLAND_QA(bits0-1)=0 AND VI range -2000..10000,MOD13Q1 V061 Terra 250m 16-day
SO2003,Jalalaqsi,SO20,Hiraan,2022-06-10,0.263812,0.26125,0.1771059999999999,0.17725,0.0136239782016348,50,0.4209809264305177,0.1986376021798365,pixel_reliability=0 AND MODLAND_QA(bits0-1)=0 AND VI range -2000..10000,MOD13Q1 V061 Terra 250m 16-day
SO2003,Jalalaqsi,SO20,Hiraan,2022-06-26,0.23295,0.2422,0.1673833333333333,0.1764,0.0081743869209809,30,0.9471389645776568,0.0114441416893732,pixel_reliability=0 AND MODLAND_QA(bits0-1)=0 AND VI range -2000..10000,MOD13Q1 V061 Terra 250m 16-day
SO2003,Jalalaqsi,SO20,Hiraan,2022-07-12,0.2366753191489362,0.2351,0.125937304964539,0.1257,0.1920980926430517,705,0.1833787465940054,0.4130790190735695,pixel_reliability=0 AND MODLAND_QA(bits0-1)=0 AND VI range -2000..10000,MOD13Q1 V061 Terra 250m 16-day
SO2003,Jalalaqsi,SO20,Hiraan,2022-07-28,0.2202809523809524,0.2199,0.1378285714285714,0.1347,0.0057220708446866,21,0.3261580381471389,0.3321525885558583,pixel_reliability=0 AND MODLAND_QA(bits0-1)=0 AND VI range -2000..10000,MOD13Q1 V061 Terra 250m 16-day
SO2003,Jalalaqsi,SO20,Hiraan,2022-08-13,0.258269387755102,0.2569,0.1474639455782312,0.1471,0.0400544959128065,147,0.7408719346049046,0.0340599455040872,pixel_reliability=0 AND MODLAND_QA(bits0-1)=0 AND VI range -2000..10000,MOD13Q1 V061 Terra 250m 16-day
SO2003,Jalalaqsi,SO20,Hiraan,2022-08-29,0.21149935064935066,0.2038,0.13460974025974026,0.1287,0.041961852861035424,154,0.6989100817438693,0.030245231607629427,pixel_reliability=0 AND MODLAND_QA(bits0-1)=0 AND VI range -2000..10000,MOD13Q1 V061 Terra 250m 16-day
SO2003,Jalalaqsi,SO20,Hiraan,2022-09-14,0.24398479467258605,0.2571,0.14325560488346284,0.1496,0.24550408719346048,901,0.3182561307901907,0.0220708446866485,pixel_reliability=0 AND MODLAND_QA(bits0-1)=0 AND VI range -2000..10000,MOD13Q1 V061 Terra 250m 16-day
SO2003,Jalalaqsi,SO20,Hiraan,2022-09-30,0.16740000000000002,0.16740000000000002,0.12140000000000001,0.12140000000000001,0.00027247956403269756,1,0.2019073569482289,0.5403269754768393,pixel_reliability=0 AND MODLAND_QA(bits0-1)=0 AND VI range -2000..10000,MOD13Q1 V061 Terra 250m 16-day
SO2003,Jalalaqsi,SO20,Hiraan,2022-10-16,0.3194538922155689,0.34940000000000004,0.19363053892215573,0.2119,0.04550408719346049,167,0.28337874659400547,0.3010899182561308,pixel_reliability=0 AND MODLAND_QA(bits0-1)=0 AND VI range -2000..10000,MOD13Q1 V061 Terra 250m 16-day
SO2003,Jalalaqsi,SO20,Hiraan,2022-11-01,0.3121888888888889,0.3402,0.20962380952380955,0.2275,0.017166212534059946,63,0.4329700272479564,0.23460490463215258,pixel_reliability=0 AND MODLAND_QA(bits0-1)=0 AND VI range -2000..10000,MOD13Q1 V061 Terra 250m 16-day
SO2003,Jalalaqsi,SO20,Hiraan,2022-11-17,0.3255127659574468,0.3483,0.20230212765957445,0.21780000000000002,0.012806539509536785,47,0.4762942779291553,0.19727520435967302,pixel_reliability=0 AND MODLAND_QA(bits0-1)=0 AND VI range -2000..10000,MOD13Q1 V061 Terra 250m 16-day
SO2003,Jalalaqsi,SO20,Hiraan,2022-12-03,0.31100067854113655,0.3241,0.20109660729431722,0.20850000000000002,0.6425068119891009,2358,0.0664850136239782,0.0,pixel_reliability=0 AND MODLAND_QA(bits0-1)=0 AND VI range -2000..10000,MOD13Q1 V061 Terra 250m 16-day
SO2003,Jalalaqsi,SO20,Hiraan,2022-12-19,0.2760126637554585,0.2782,0.17786567685589522,0.17800000000000002,0.3119891008174387,1145,0.31580381471389646,0.0008174386920980927,pixel_reliability=0 AND MODLAND_QA(bits0-1)=0 AND VI range -2000..10000,MOD13Q1 V061 Terra 250m 16-day
SO2101,Jowhar,SO21,Middle Shabelle,2022-01-01,0.2984261541291153,0.2764,0.1897265035865367,0.1757,0.9679544240697882,5437,0.0026704646608509,0.0,pixel_reliability=0 AND MODLAND_QA(bits0-1)=0 AND VI range -2000..10000,MOD13Q1 V061 Terra 250m 16-day
SO2101,Jowhar,SO21,Middle Shabelle,2022-01-17,0.2630024986220834,0.2426,0.1680335660481352,0.1555,0.9690226099341286,5443,0.0008901548869503,0.0,pixel_reliability=0 AND MODLAND_QA(bits0-1)=0 AND VI range -2000..10000,MOD13Q1 V061 Terra 250m 16-day
SO2101,Jowhar,SO21,Middle Shabelle,2022-02-02,0.2520216737015966,0.2294,0.1553961277298587,0.1448,0.9700907957984688,5449,0.0019583407512907,0.0,pixel_reliability=0 AND MODLAND_QA(bits0-1)=0 AND VI range -2000..10000,MOD13Q1 V061 Terra 250m 16-day
SO2101,Jowhar,SO21,Middle Shabelle,2022-02-18,0.2349563263615655,0.2173,0.1451696831642162,0.1384,0.8597115898166281,4829,0.0309773900658714,0.0,pixel_reliability=0 AND MODLAND_QA(bits0-1)=0 AND VI range -2000..10000,MOD13Q1 V061 Terra 250m 16-day
SO2101,Jowhar,SO21,Middle Shabelle,2022-03-06,0.2332589800443459,0.2166,0.1455729674796748,0.1394,0.9635036496350364,5412,0.0032045575930211,0.0,pixel_reliability=0 AND MODLAND_QA(bits0-1)=0 AND VI range -2000..10000,MOD13Q1 V061 Terra 250m 16-day
SO2101,Jowhar,SO21,Middle Shabelle,2022-03-22,0.239881364275668,0.2283,0.1680427918424754,0.1596,0.5063200996973474,2844,0.1312088303364785,0.0,pixel_reliability=0 AND MODLAND_QA(bits0-1)=0 AND VI range -2000..10000,MOD13Q1 V061 Terra 250m 16-day
SO2101,Jowhar,SO21,Middle Shabelle,2022-04-07,0.2286773121387283,0.2183,0.1519285404624277,0.1412,0.4927897454157023,2768,0.1310307993590884,0.0537653551717998,pixel_reliability=0 AND MODLAND_QA(bits0-1)=0 AND VI range -2000..10000,MOD13Q1 V061 Terra 250m 16-day
SO2101,Jowhar,SO21,Middle Shabelle,2022-04-23,0.2479818181818182,0.2291,0.1766545454545454,0.1616,0.0019583407512907,11,0.2949973295353391,0.4392024212212925,pixel_reliability=0 AND MODLAND_QA(bits0-1)=0 AND VI range -2000..10000,MOD13Q1 V061 Terra 250m 16-day
SO2101,Jowhar,SO21,Middle Shabelle,2022-05-09,0.3240997679814385,0.31415,0.2270683294663572,0.2202,0.1534627025102367,862,0.3428876624532668,0.1267580559017269,pixel_reliability=0 AND MODLAND_QA(bits0-1)=0 AND VI range -2000..10000,MOD13Q1 V061 Terra 250m 16-day
SO2101,Jowhar,SO21,Middle Shabelle,2022-05-25,0.3253510869565218,0.31675,0.2197760869565217,0.2257,0.016378849919886,92,0.3683460922200463,0.2939291436709987,pixel_reliability=0 AND MODLAND_QA(bits0-1)=0 AND VI range -2000..10000,MOD13Q1 V061 Terra 250m 16-day
SO2101,Jowhar,SO21,Middle Shabelle,2022-06-10,0.2981309734513274,0.2891,0.2035469026548672,0.2083,0.0201175004450774,113,0.4876268470713904,0.1645006231084208,pixel_reliability=0 AND MODLAND_QA(bits0-1)=0 AND VI range -2000..10000,MOD13Q1 V061 Terra 250m 16-day
SO2101,Jowhar,SO21,Middle Shabelle,2022-06-26,0.2064263157894737,0.1997,0.1267947368421052,0.1205,0.0033825885704112,19,0.6583585543884636,0.2204023500089015,pixel_reliability=0 AND MODLAND_QA(bits0-1)=0 AND VI range -2000..10000,MOD13Q1 V061 Terra 250m 16-day
SO2101,Jowhar,SO21,Middle Shabelle,2022-07-12,0.2695404761904762,0.25855,0.1607119047619047,0.14095,0.0149546021007655,84,0.2002848495638241,0.5527861847961545,pixel_reliability=0 AND MODLAND_QA(bits0-1)=0 AND VI range -2000..10000,MOD13Q1 V061 Terra 250m 16-day
SO2101,Jowhar,SO21,Middle Shabelle,2022-07-28,0.3026146341463414,0.3108,0.2051292682926829,0.2081,0.0072992700729927,41,0.24336834609222,0.4719601210610646,pixel_reliability=0 AND MODLAND_QA(bits0-1)=0 AND VI range -2000..10000,MOD13Q1 V061 Terra 250m 16-day
SO2101,Jowhar,SO21,Middle Shabelle,2022-08-13,0.2524680272108843,0.244,0.1449442176870748,0.1395,0.0261705536763396,147,0.3902439024390244,0.3035428164500623,pixel_reliability=0 AND MODLAND_QA(bits0-1)=0 AND VI range -2000..10000,MOD13Q1 V061 Terra 250m 16-day
SO2101,Jowhar,SO21,Middle Shabelle,2022-08-29,0.2485536912751678,0.2273,0.16219697986577183,0.1468,0.05305323126223963,298,0.6060174470357842,0.06711767847605483,pixel_reliability=0 AND MODLAND_QA(bits0-1)=0 AND VI range -2000..10000,MOD13Q1 V061 Terra 250m 16-day
SO2101,Jowhar,SO21,Middle Shabelle,2022-09-14,0.24335595353339792,0.22385,0.1425468054211036,0.12455,0.3678119992878761,2066,0.2618835677407869,0.03435997863628271,pixel_reliability=0 AND MODLAND_QA(bits0-1)=0 AND VI range -2000..10000,MOD13Q1 V061 Terra 250m 16-day
SO2101,Jowhar,SO21,Middle Shabelle,2022-09-30,0.17938000000000004,0.1753,0.11195333333333332,0.1115,0.002670464660850988,15,0.17714082250311555,0.6154530888374578,pixel_reliability=0 AND MODLAND_QA(bits0-1)=0 AND VI range -2000..10000,MOD13Q1 V061 Terra 250m 16-day
SO2101,Jowhar,SO21,Middle Shabelle,2022-10-16,0.2641731884057971,0.23905,0.15033333333333332,0.14395000000000002,0.04913654975965818,276,0.2998041659248709,0.2985579490831405,pixel_reliability=0 AND MODLAND_QA(bits0-1)=0 AND VI range -2000..10000,MOD13Q1 V061 Terra 250m 16-day
SO2101,Jowhar,SO21,Middle Shabelle,2022-11-01,0.32125147058823533,0.3144,0.1975345588235294,0.19240000000000002,0.024212212925048958,136,0.42389175716574684,0.23713726188356773,pixel_reliability=0 AND MODLAND_QA(bits0-1)=0 AND VI range -2000..10000,MOD13Q1 V061 Terra 250m 16-day
SO2101,Jowhar,SO21,Middle Shabelle,2022-11-17,0.363264,0.3755,0.2498546666666666,0.262,0.01335232330425494,75,0.37528930033825886,0.24479259391134056,pixel_reliability=0 AND MODLAND_QA(bits0-1)=0 AND VI range -2000..10000,MOD13Q1 V061 Terra 250m 16-day
SO2101,Jowhar,SO21,Middle Shabelle,2022-12-03,0.346825656742557,0.34065,0.2220137915936953,0.2172,0.40662275235891043,2284,0.2132811109132989,0.0072992700729927005,pixel_reliability=0 AND MODLAND_QA(bits0-1)=0 AND VI range -2000..10000,MOD13Q1 V061 Terra 250m 16-day
SO2101,Jowhar,SO21,Middle Shabelle,2022-12-19,0.2956687722873153,0.2928,0.20029026999490576,0.20220000000000002,0.34947480861669933,1963,0.23322058038098628,0.0064091151860423716,pixel_reliability=0 AND MODLAND_QA(bits0-1)=0 AND VI range -2000..10000,MOD13Q1 V061 Terra 250m 16-day
SO2102,Adan Yabaal,SO21,Middle Shabelle,2022-01-01,0.2415426529255319,0.24185,0.1557700465425532,0.1559,0.6363444044848742,3008,0.0338481066215358,0.0112121853183837,pixel_reliability=0 AND MODLAND_QA(bits0-1)=0 AND VI range -2000..10000,MOD13Q1 V061 Terra 250m 16-day
SO2102,Adan Yabaal,SO21,Middle Shabelle,2022-01-17,0.2115075544174135,0.2125,0.1401796670934699,0.1407,0.8261053522318595,3905,0.0492913052676115,0.0112121853183837,pixel_reliability=0 AND MODLAND_QA(bits0-1)=0 AND VI range -2000..10000,MOD13Q1 V061 Terra 250m 16-day
SO2102,Adan Yabaal,SO21,Middle Shabelle,2022-02-02,0.2007890877881314,0.2006,0.1355985041687101,0.1359,0.8627036175163951,4078,0.0188280093082293,0.0154431986460757,pixel_reliability=0 AND MODLAND_QA(bits0-1)=0 AND VI range -2000..10000,MOD13Q1 V061 Terra 250m 16-day
SO2102,Adan Yabaal,SO21,Middle Shabelle,2022-02-18,0.1913254237288136,0.1911,0.1369669325357261,0.1359,0.6365559551512587,3009,0.0723503279035329,0.0118468373175375,pixel_reliability=0 AND MODLAND_QA(bits0-1)=0 AND VI range -2000..10000,MOD13Q1 V061 Terra 250m 16-day
SO2102,Adan Yabaal,SO21,Middle Shabelle,2022-03-06,0.1934131143667297,0.1947,0.1388109404536862,0.1372,0.8952824201396234,4232,0.0190395599746139,0.0082504759889993,pixel_reliability=0 AND MODLAND_QA(bits0-1)=0 AND VI range -2000..10000,MOD13Q1 V061 Terra 250m 16-day
SO2102,Adan Yabaal,SO21,Middle Shabelle,2022-03-22,0.2185415311384371,0.2082,0.1568698532328441,0.1467,0.5333192299555743,2521,0.1595092024539877,0.0097313306536915,pixel_reliability=0 AND MODLAND_QA(bits0-1)=0 AND VI range -2000..10000,MOD13Q1 V061 Terra 250m 16-day
SO2102,Adan Yabaal,SO21,Middle Shabelle,2022-04-07,0.2143182582123758,0.192,0.1497770053475935,0.1358,0.2769198222974402,1309,0.3156335942458219,0.0552147239263803,pixel_reliability=0 AND MODLAND_QA(bits0-1)=0 AND VI range -2000..10000,MOD13Q1 V061 Terra 250m 16-day
SO2102,Adan Yabaal,SO21,Middle Shabelle,2022-04-23,0.2348796875,0.2039,0.1596614583333333,0.1353,0.040617727945843,192,0.171990691770679,0.5043367886608843,pixel_reliability=0 AND MODLAND_QA(bits0-1)=0 AND VI range -2000..10000,MOD13Q1 V061 Terra 250m 16-day
SO2102,Adan Yabaal,SO21,Middle Shabelle,2022-05-09,0.2484496314496314,0.2341,0.1938172809172809,0.1845,0.2583033636555955,1221,0.1550666384599111,0.2409562090120584,pixel_reliability=0 AND MODLAND_QA(bits0-1)=0 AND VI range -2000..10000,MOD13Q1 V061 Terra 250m 16-day
SO2102,Adan Yabaal,SO21,Middle Shabelle,2022-05-25,0.2051192242833052,0.1446,0.1516576728499157,0.1291,0.1254495451660672,593,0.138777237148297,0.4440448487412735,pixel_reliability=0 AND MODLAND_QA(bits0-1)=0 AND VI range -2000..10000,MOD13Q1 V061 Terra 250m 16-day
SO2102,Adan Yabaal,SO21,Middle Shabelle,2022-06-10,0.2103180929095355,0.2081,0.1566264058679707,0.1535,0.086524222551301,409,0.41950497144066,0.1502009731330653,pixel_reliability=0 AND MODLAND_QA(bits0-1)=0 AND VI range -2000..10000,MOD13Q1 V061 Terra 250m 16-day
SO2102,Adan Yabaal,SO21,Middle Shabelle,2022-06-26,0.2570086134453781,0.25565,0.1790699579831932,0.17905,0.1006981171990691,476,0.4592764967209646,0.1950497144066003,pixel_reliability=0 AND MODLAND_QA(bits0-1)=0 AND VI range -2000..10000,MOD13Q1 V061 Terra 250m 16-day
SO2102,Adan Yabaal,SO21,Middle Shabelle,2022-07-12,0.2257994680851063,0.2282,0.1477702127659574,0.15115,0.0397715252803046,188,0.2286862703617516,0.4679500740427332,pixel_reliability=0 AND MODLAND_QA(bits0-1)=0 AND VI range -2000..10000,MOD13Q1 V061 Terra 250m 16-day
SO2102,Adan Yabaal,SO21,Middle Shabelle,2022-07-28,0.1727953147877013,0.1643,0.131216251830161,0.1265,0.1444891051406812,683,0.2538607996615189,0.2346096890205204,pixel_reliability=0 AND MODLAND_QA(bits0-1)=0 AND VI range -2000..10000,MOD13Q1 V061 Terra 250m 16-day
SO2102,Adan Yabaal,SO21,Middle Shabelle,2022-08-13,0.1734146036161335,0.17645,0.1303177329624478,0.12995,0.3042098582610535,1438,0.3592130315210493,0.0573302305902263,pixel_reliability=0 AND MODLAND_QA(bits0-1)=0 AND VI range -2000..10000,MOD13Q1 V061 Terra 250m 16-day
SO2102,Adan Yabaal,SO21,Middle Shabelle,2022-08-29,0.18467980035231943,0.1908,0.12941996476805637,0.1305,0.3602707848529723,1703,0.192088005077216,0.019885762640152318,pixel_reliability=0 AND MODLAND_QA(bits0-1)=0 AND VI range -2000..10000,MOD13Q1 V061 Terra 250m 16-day
SO2102,Adan Yabaal,SO21,Middle Shabelle,2022-09-14,0.19369314251639833,0.187,0.12979552772808586,0.1279,0.3547704675269727,1677,0.17854876242860165,0.15231647979691135,pixel_reliability=0 AND MODLAND_QA(bits0-1)=0 AND VI range -2000..10000,MOD13Q1 V061 Terra 250m 16-day
SO2102,Adan Yabaal,SO21,Middle Shabelle,2022-09-30,0.16984000000000002,0.1759,0.12559703703703703,0.1254,0.02855933996192088,135,0.19928072773429237,0.5047598899936535,pixel_reliability=0 AND MODLAND_QA(bits0-1)=0 AND VI range -2000..10000,MOD13Q1 V061 Terra 250m 16-day
SO2102,Adan Yabaal,SO21,Middle Shabelle,2022-10-16,0.25239852507374627,0.25725,0.16744410029498527,0.16755,0.14343135180875818,678,0.20837740638883012,0.34630844087158874,pixel_reliability=0 AND MODLAND_QA(bits0-1)=0 AND VI range -2000..10000,MOD13Q1 V061 Terra 250m 16-day
SO2102,Adan Yabaal,SO21,Middle Shabelle,2022-11-01,0.20727073170731705,0.15725,0.1610231707317073,0.13515,0.017347154643537126,82,0.29659403427120795,0.36640575417812565,pixel_reliability=0 AND MODLAND_QA(bits0-1)=0 AND VI range -2000..10000,MOD13Q1 V061 Terra 250m 16-day
SO2102,Adan Yabaal,SO21,Middle Shabelle,2022-11-17,0.2602068965517242,0.2601,0.18276954022988506,0.1851,0.03680981595092025,174,0.3860799661518934,0.1906071504125238,pixel_reliability=0 AND MODLAND_QA(bits0-1)=0 AND VI range -2000..10000,MOD13Q1 V061 Terra 250m 16-day
SO2102,Adan Yabaal,SO21,Middle Shabelle,2022-12-03,0.271512012987013,0.2785,0.1900562770562771,0.192,0.3909456314787392,1848,0.30019039559974614,0.015654749312460334,pixel_reliability=0 AND MODLAND_QA(bits0-1)=0 AND VI range -2000..10000,MOD13Q1 V061 Terra 250m 16-day
SO2102,Adan Yabaal,SO21,Middle Shabelle,2022-12-19,0.31137173228346454,0.3089,0.23638976377952758,0.23285,0.26866934630844086,1270,0.3143642902475143,0.0708694732388407,pixel_reliability=0 AND MODLAND_QA(bits0-1)=0 AND VI range -2000..10000,MOD13Q1 V061 Terra 250m 16-day
SO2103,Balcad,SO21,Middle Shabelle,2022-01-01,0.3335970475276044,0.3151,0.2229901344215074,0.2137,0.8360425446518162,4166,0.0262893839052779,0.0154525386313465,pixel_reliability=0 AND MODLAND_QA(bits0-1)=0 AND VI range -2000..10000,MOD13Q1 V061 Terra 250m 16-day
SO2103,Balcad,SO21,Middle Shabelle,2022-01-17,0.2982626376988984,0.2702,0.1988072215422276,0.189,0.6558298213927353,3268,0.1079670880995384,0.024683925346177,pixel_reliability=0 AND MODLAND_QA(bits0-1)=0 AND VI range -2000..10000,MOD13Q1 V061 Terra 250m 16-day
SO2103,Balcad,SO21,Middle Shabelle,2022-02-02,0.2728956264775414,0.2451,0.1799158156028369,0.1727,0.8488862131246238,4230,0.0333132651013445,0.0266907485450531,pixel_reliability=0 AND MODLAND_QA(bits0-1)=0 AND VI range -2000..10000,MOD13Q1 V061 Terra 250m 16-day
SO2103,Balcad,SO21,Middle Shabelle,2022-02-18,0.253380418138987,0.2299,0.1742216136631331,0.167,0.6815171583383504,3396,0.0796708809953843,0.0270921131848284,pixel_reliability=0 AND MODLAND_QA(bits0-1)=0 AND VI range -2000..10000,MOD13Q1 V061 Terra 250m 16-day
SO2103,Balcad,SO21,Middle Shabelle,2022-03-06,0.2448656778622211,0.2201,0.1705624908065702,0.1668,0.8185831828215934,4079,0.0389323700581978,0.0224764198274132,pixel_reliability=0 AND MODLAND_QA(bits0-1)=0 AND VI range -2000..10000,MOD13Q1 V061 Terra 250m 16-day
SO2103,Balcad,SO21,Middle Shabelle,2022-03-22,0.2435021014289717,0.2291,0.1755839170636032,0.1729,0.7162351996789083,3569,0.0535821794099939,0.0190648203893237,pixel_reliability=0 AND MODLAND_QA(bits0-1)=0 AND VI range -2000..10000,MOD13Q1 V061 Terra 250m 16-day
SO2103,Balcad,SO21,Middle Shabelle,2022-04-07,0.2353775728155339,0.222,0.1573421359223301,0.1518,0.2067027894842464,1030,0.2522576760987357,0.1749949829420028,pixel_reliability=0 AND MODLAND_QA(bits0-1)=0 AND VI range -2000..10000,MOD13Q1 V061 Terra 250m 16-day
SO2103,Balcad,SO21,Middle Shabelle,2022-04-23,0.1713576470588235,0.1514,0.1511658823529412,0.1394,0.0170579971904475,85,0.2141280353200883,0.5649207304836444,pixel_reliability=0 AND MODLAND_QA(bits0-1)=0 AND VI range -2000..10000,MOD13Q1 V061 Terra 250m 16-day
SO2103,Balcad,SO21,Middle Shabelle,2022-05-09,0.301875,0.2976,0.2201805555555555,0.21315,0.0072245635159542,36,0.267308850090307,0.4344772225566927,pixel_reliability=0 AND MODLAND_QA(bits0-1)=0 AND VI range -2000..10000,MOD13Q1 V061 Terra 250m 16-day
SO2103,Balcad,SO21,Middle Shabelle,2022-05-25,0.2307919463087248,0.1561,0.1811872483221476,0.148,0.029901665663255,149,0.3257074051776038,0.3158739715031106,pixel_reliability=0 AND MODLAND_QA(bits0-1)=0 AND VI range -2000..10000,MOD13Q1 V061 Terra 250m 16-day
SO2103,Balcad,SO21,Middle Shabelle,2022-06-10,0.275575,0.28265,0.2051499999999999,0.2097,0.0337146297411198,168,0.4966887417218543,0.1639574553481838,pixel_reliability=0 AND MODLAND_QA(bits0-1)=0 AND VI range -2000..10000,MOD13Q1 V061 Terra 250m 16-day
SO2103,Balcad,SO21,Middle Shabelle,2022-06-26,0.2561491803278689,0.1825,0.1719672131147541,0.1518,0.0122416215131446,61,0.1563315271924543,0.7098133654425045,pixel_reliability=0 AND MODLAND_QA(bits0-1)=0 AND VI range -2000..10000,MOD13Q1 V061 Terra 250m 16-day
SO2103,Balcad,SO21,Middle Shabelle,2022-07-12,0.2812133333333333,0.22735,0.2313833333333333,0.20395,0.012040939193257,60,0.1547260686333534,0.6309452137266707,pixel_reliability=0 AND MODLAND_QA(bits0-1)=0 AND VI range -2000..10000,MOD13Q1 V061 Terra 250m 16-day
SO2103,Balcad,SO21,Middle Shabelle,2022-07-28,0.3617240963855421,0.3749,0.2648542168674699,0.2662,0.0166566325506722,83,0.2474413004214328,0.4226369656833233,pixel_reliability=0 AND MODLAND_QA(bits0-1)=0 AND VI range -2000..10000,MOD13Q1 V061 Terra 250m 16-day
SO2103,Balcad,SO21,Middle Shabelle,2022-08-13,0.22325375,0.19855,0.1859625,0.1739,0.0160545855910094,80,0.132851695765603,0.6455950230784668,pixel_reliability=0 AND MODLAND_QA(bits0-1)=0 AND VI range -2000..10000,MOD13Q1 V061 Terra 250m 16-day
SO2103,Balcad,SO21,Middle Shabelle,2022-08-29,0.36663781094527365,0.3557,0.24713640132669987,0.25135,0.24202287778446718,1206,0.3186835239815372,0.08007224563515954,pixel_reliability=0 AND MODLAND_QA(bits0-1)=0 AND VI range -2000..10000,MOD13Q1 V061 Terra 250m 16-day
SO2103,Balcad,SO21,Middle Shabelle,2022-09-14,0.31644563579973417,0.3196,0.21591497563136908,0.21660000000000001,0.4529399959863536,2257,0.19787276740919124,0.055388320288982544,pixel_reliability=0 AND MODLAND_QA(bits0-1)=0 AND VI range -2000..10000,MOD13Q1 V061 Terra 250m 16-day
SO2103,Balcad,SO21,Middle Shabelle,2022-09-30,0.19085588235294118,0.19310000000000002,0.1646323529411765,0.16925,0.006823198876179009,34,0.09452137266706803,0.7264699979931768,pixel_reliability=0 AND MODLAND_QA(bits0-1)=0 AND VI range -2000..10000,MOD13Q1 V061 Terra 250m 16-day
SO2103,Balcad,SO21,Middle Shabelle,2022-10-16,0.32481,0.3183,0.20295500000000002,0.185,0.024081878386514148,120,0.14990969295605058,0.6004415011037527,pixel_reliability=0 AND MODLAND_QA(bits0-1)=0 AND VI range -2000..10000,MOD13Q1 V061 Terra 250m 16-day
SO2103,Balcad,SO21,Middle Shabelle,2022-11-01,0.207759649122807,0.16720000000000002,0.1619526315789474,0.14485,0.022877784467188442,114,0.2351996789082882,0.5350190648203893,pixel_reliability=0 AND MODLAND_QA(bits0-1)=0 AND VI range -2000..10000,MOD13Q1 V061 Terra 250m 16-day
SO2103,Balcad,SO21,Middle Shabelle,2022-11-17,0.5358056650246306,0.58535,0.34152832512315273,0.36135,0.08147702187437286,406,0.2972105157535621,0.3118603251053582,pixel_reliability=0 AND MODLAND_QA(bits0-1)=0 AND VI range -2000..10000,MOD13Q1 V061 Terra 250m 16-day
SO2103,Balcad,SO21,Middle Shabelle,2022-12-03,0.397701179138322,0.4058,0.298795283446712,0.3053,0.4425045153521975,2205,0.25065221753963474,0.04475215733493879,pixel_reliability=0 AND MODLAND_QA(bits0-1)=0 AND VI range -2000..10000,MOD13Q1 V061 Terra 250m 16-day
SO2103,Balcad,SO21,Middle Shabelle,2022-12-19,0.341098937784522,0.33840000000000003,0.24550470409711683,0.2489,0.1322496488059402,659,0.44210315071242223,0.08248043347381095,pixel_reliability=0 AND MODLAND_QA(bits0-1)=0 AND VI range -2000..10000,MOD13Q1 V061 Terra 250m 16-day
SO2104,Cadale,SO21,Middle Shabelle,2022-01-01,0.2576539932030586,0.2726,0.1717931393372982,0.176,0.6767284749173494,4708,0.0240045996837717,0.0189736955584303,pixel_reliability=0 AND MODLAND_QA(bits0-1)=0 AND VI range -2000..10000,MOD13Q1 V061 Terra 250m 16-day
SO2104,Cadale,SO21,Middle Shabelle,2022-01-17,0.2321203712750366,0.2468,0.1563806220485263,0.161,0.8827080638206123,6141,0.02501078050884,0.0199798763834986,pixel_reliability=0 AND MODLAND_QA(bits0-1)=0 AND VI range -2000..10000,MOD13Q1 V061 Terra 250m 16-day
SO2104,Cadale,SO21,Middle Shabelle,2022-02-02,0.2107149105032084,0.2258,0.1496409827760891,0.1546,0.851228978007762,5922,0.03334770734512,0.02501078050884,pixel_reliability=0 AND MODLAND_QA(bits0-1)=0 AND VI range -2000..10000,MOD13Q1 V061 Terra 250m 16-day
SO2104,Cadale,SO21,Middle Shabelle,2022-02-18,0.2103619925434963,0.2221,0.1487041010770505,0.1527,0.693977289061377,4828,0.0911312347276124,0.0232858990944372,pixel_reliability=0 AND MODLAND_QA(bits0-1)=0 AND VI range -2000..10000,MOD13Q1 V061 Terra 250m 16-day
SO2104,Cadale,SO21,Middle Shabelle,2022-03-06,0.201951904997526,0.2152,0.1492983341580075,0.1533,0.8714963346269944,6063,0.0403909731205979,0.015236452493891,pixel_reliability=0 AND MODLAND_QA(bits0-1)=0 AND VI range -2000..10000,MOD13Q1 V061 Terra 250m 16-day
SO2104,Cadale,SO21,Middle Shabelle,2022-03-22,0.215352697368421,0.22,0.1601880921052631,0.1579,0.6554549374730487,4560,0.0574960471467586,0.013799051315222,pixel_reliability=0 AND MODLAND_QA(bits0-1)=0 AND VI range -2000..10000,MOD13Q1 V061 Terra 250m 16-day
SO2104,Cadale,SO21,Middle Shabelle,2022-04-07,0.222459726443769,0.23225,0.156433282674772,0.1578,0.189161995112836,1316,0.3222653442575823,0.1359781515020842,pixel_reliability=0 AND MODLAND_QA(bits0-1)=0 AND VI range -2000..10000,MOD13Q1 V061 Terra 250m 16-day
SO2104,Cadale,SO21,Middle Shabelle,2022-04-23,0.1942532934131736,0.1396,0.15412874251497,0.1265,0.0240045996837717,167,0.1582578697714532,0.5943653873796176,pixel_reliability=0 AND MODLAND_QA(bits0-1)=0 AND VI range -2000..10000,MOD13Q1 V061 Terra 250m 16-day
SO2104,Cadale,SO21,Middle Shabelle,2022-05-09,0.3009304884318766,0.3156,0.2287700771208226,0.2327,0.279574529251114,1945,0.2319965502371712,0.1259163432514014,pixel_reliability=0 AND MODLAND_QA(bits0-1)=0 AND VI range -2000..10000,MOD13Q1 V061 Terra 250m 16-day
SO2104,Cadale,SO21,Middle Shabelle,2022-05-25,0.2198086253369272,0.2098,0.1660881401617251,0.1639,0.1599827511858559,1113,0.2373149345982463,0.2184849791576829,pixel_reliability=0 AND MODLAND_QA(bits0-1)=0 AND VI range -2000..10000,MOD13Q1 V061 Terra 250m 16-day
SO2104,Cadale,SO21,Middle Shabelle,2022-06-10,0.1944244827586206,0.14475,0.1518589655172414,0.1296,0.0833692683628,580,0.5638924823918355,0.0769009630587897,pixel_reliability=0 AND MODLAND_QA(bits0-1)=0 AND VI range -2000..10000,MOD13Q1 V061 Terra 250m 16-day
SO2104,Cadale,SO21,Middle Shabelle,2022-06-26,0.2195819767441859,0.219,0.1607936046511628,0.1573999999999999,0.0247233002731062,172,0.3084662929423602,0.4997843898231996,pixel_reliability=0 AND MODLAND_QA(bits0-1)=0 AND VI range -2000..10000,MOD13Q1 V061 Terra 250m 16-day
SO2104,Cadale,SO21,Middle Shabelle,2022-07-12,0.2006790697674419,0.1886499999999999,0.167706976744186,0.1583,0.0123616501365531,86,0.1309472473767428,0.6721287911456088,pixel_reliability=0 AND MODLAND_QA(bits0-1)=0 AND VI range -2000..10000,MOD13Q1 V061 Terra 250m 16-day
SO2104,Cadale,SO21,Middle Shabelle,2022-07-28,0.1887724462365591,0.1589,0.1567596774193548,0.14825,0.1069426476929711,744,0.2446456806094581,0.2847491734943222,pixel_reliability=0 AND MODLAND_QA(bits0-1)=0 AND VI range -2000..10000,MOD13Q1 V061 Terra 250m 16-day
SO2104,Cadale,SO21,Middle Shabelle,2022-08-13,0.1811528967254408,0.1545,0.1428977329974811,0.1406,0.0570648267931579,397,0.4559436538737961,0.2340089118873077,pixel_reliability=0 AND MODLAND_QA(bits0-1)=0 AND VI range -2000..10000,MOD13Q1 V061 Terra 250m 16-day
SO2104,Cadale,SO21,Middle Shabelle,2022-08-29,0.21936813186813187,0.1922,0.1652408058608059,0.1525,0.19620526088831391,1365,0.3349144746298692,0.0725887595227828,pixel_reliability=0 AND MODLAND_QA(bits0-1)=0 AND VI range -2000..10000,MOD13Q1 V061 Terra 250m 16-day
SO2104,Cadale,SO21,Middle Shabelle,2022-09-14,0.28526307583274274,0.29345,0.18383065201984405,0.18280000000000002,0.40563461262038236,2822,0.16012649130372286,0.11398591346844904,pixel_reliability=0 AND MODLAND_QA(bits0-1)=0 AND VI range -2000..10000,MOD13Q1 V061 Terra 250m 16-day
SO2104,Cadale,SO21,Middle Shabelle,2022-09-30,0.13960625,0.12975,0.1277375,0.12355,0.009199367543481385,64,0.1034928848641656,0.7241627138134253,pixel_reliability=0 AND MODLAND_QA(bits0-1)=0 AND VI range -2000..10000,MOD13Q1 V061 Terra 250m 16-day
SO2104,Cadale,SO21,Middle Shabelle,2022-10-16,0.2533985365853659,0.2846,0.17369951219512197,0.1819,0.029466724162713814,205,0.17766278568348426,0.5352881989363232,pixel_reliability=0 AND MODLAND_QA(bits0-1)=0 AND VI range -2000..10000,MOD13Q1 V061 Terra 250m 16-day
SO2104,Cadale,SO21,Middle Shabelle,2022-11-01,0.13981466666666664,0.126,0.1263146666666667,0.11910000000000001,0.01078050884001725,75,0.20094868477792152,0.5556992956734225,pixel_reliability=0 AND MODLAND_QA(bits0-1)=0 AND VI range -2000..10000,MOD13Q1 V061 Terra 250m 16-day
SO2104,Cadale,SO21,Middle Shabelle,2022-11-17,0.2356917910447761,0.13215,0.17871567164179109,0.1282,0.01926117579416415,134,0.4073594940347851,0.23472761247664223,pixel_reliability=0 AND MODLAND_QA(bits0-1)=0 AND VI range -2000..10000,MOD13Q1 V061 Terra 250m 16-day
SO2104,Cadale,SO21,Middle Shabelle,2022-12-03,0.32739291833238154,0.34990000000000004,0.2329064534551685,0.2401,0.25168894638493605,1751,0.34468880264481816,0.050452781371280724,pixel_reliability=0 AND MODLAND_QA(bits0-1)=0 AND VI range -2000..10000,MOD13Q1 V061 Terra 250m 16-day
SO2104,Cadale,SO21,Middle Shabelle,2022-12-19,0.30840160060975613,0.3325,0.22623753810975608,0.23340000000000002,0.37717406928273683,2624,0.23242777059077188,0.0474342388960759,pixel_reliability=0 AND MODLAND_QA(bits0-1)=0 AND VI range -2000..10000,MOD13Q1 V061 Terra 250m 16-day
SO2201,Bondhere,SO22,Banadir,2022-01-01,,,,,0.0,0,0.4285714285714285,0.1428571428571428,pixel_reliability=0 AND MODLAND_QA(bits0-1)=0 AND VI range -2000..10000,MOD13Q1 V061 Terra 250m 16-day
SO2201,Bondhere,SO22,Banadir,2022-01-17,,,,,0.0,0,0.1428571428571428,0.4285714285714285,pixel_reliability=0 AND MODLAND_QA(bits0-1)=0 AND VI range -2000..10000,MOD13Q1 V061 Terra 250m 16-day
SO2201,Bondhere,SO22,Banadir,2022-02-02,,,,,0.0,0,0.4285714285714285,0.1428571428571428,pixel_reliability=0 AND MODLAND_QA(bits0-1)=0 AND VI range -2000..10000,MOD13Q1 V061 Terra 250m 16-day
SO2201,Bondhere,SO22,Banadir,2022-02-18,,,,,0.0,0,0.5714285714285714,0.1428571428571428,pixel_reliability=0 AND MODLAND_QA(bits0-1)=0 AND VI range -2000..10000,MOD13Q1 V061 Terra 250m 16-day
SO2201,Bondhere,SO22,Banadir,2022-03-06,,,,,0.0,0,0.2857142857142857,0.0,pixel_reliability=0 AND MODLAND_QA(bits0-1)=0 AND VI range -2000..10000,MOD13Q1 V061 Terra 250m 16-day
SO2201,Bondhere,SO22,Banadir,2022-03-22,0.1643,0.1643,0.1036,0.1036,0.1428571428571428,1,0.4285714285714285,0.1428571428571428,pixel_reliability=0 AND MODLAND_QA(bits0-1)=0 AND VI range -2000..10000,MOD13Q1 V061 Terra 250m 16-day
SO2201,Bondhere,SO22,Banadir,2022-04-07,,,,,0.0,0,0.7142857142857143,0.1428571428571428,pixel_reliability=0 AND MODLAND_QA(bits0-1)=0 AND VI range -2000..10000,MOD13Q1 V061 Terra 250m 16-day
SO2201,Bondhere,SO22,Banadir,2022-04-23,0.162,0.162,0.1096,0.1096,0.1428571428571428,1,0.5714285714285714,0.1428571428571428,pixel_reliability=0 AND MODLAND_QA(bits0-1)=0 AND VI range -2000..10000,MOD13Q1 V061 Terra 250m 16-day
SO2201,Bondhere,SO22,Banadir,2022-05-09,0.2143,0.2143,0.1524,0.1524,0.1428571428571428,1,0.4285714285714285,0.1428571428571428,pixel_reliability=0 AND MODLAND_QA(bits0-1)=0 AND VI range -2000..10000,MOD13Q1 V061 Terra 250m 16-day
SO2201,Bondhere,SO22,Banadir,2022-05-25,,,,,0.0,0,0.2857142857142857,0.2857142857142857,pixel_reliability=0 AND MODLAND_QA(bits0-1)=0 AND VI range -2000..10000,MOD13Q1 V061 Terra 250m 16-day
SO2201,Bondhere,SO22,Banadir,2022-06-10,,,,,0.0,0,0.1428571428571428,0.2857142857142857,pixel_reliability=0 AND MODLAND_QA(bits0-1)=0 AND VI range -2000..10000,MOD13Q1 V061 Terra 250m 16-day
SO2201,Bondhere,SO22,Banadir,2022-06-26,,,,,0.0,0,0.0,0.5714285714285714,pixel_reliability=0 AND MODLAND_QA(bits0-1)=0 AND VI range -2000..10000,MOD13Q1 V061 Terra 250m 16-day
SO2201,Bondhere,SO22,Banadir,2022-07-12,,,,,0.0,0,0.0,0.7142857142857143,pixel_reliability=0 AND MODLAND_QA(bits0-1)=0 AND VI range -2000..10000,MOD13Q1 V061 Terra 250m 16-day
SO2201,Bondhere,SO22,Banadir,2022-07-28,,,,,0.0,0,0.0,0.5714285714285714,pixel_reliability=0 AND MODLAND_QA(bits0-1)=0 AND VI range -2000..10000,MOD13Q1 V061 Terra 250m 16-day
SO2201,Bondhere,SO22,Banadir,2022-08-13,,,,,0.0,0,0.0,1.0,pixel_reliability=0 AND MODLAND_QA(bits0-1)=0 AND VI range -2000..10000,MOD13Q1 V061 Terra 250m 16-day
SO2201,Bondhere,SO22,Banadir,2022-08-29,,,,,0.0,0,0.5714285714285714,0.14285714285714285,pixel_reliability=0 AND MODLAND_QA(bits0-1)=0 AND VI range -2000..10000,MOD13Q1 V061 Terra 250m 16-day
SO2201,Bondhere,SO22,Banadir,2022-09-14,,,,,0.0,0,1.0,0.0,pixel_reliability=0 AND MODLAND_QA(bits0-1)=0 AND VI range -2000..10000,MOD13Q1 V061 Terra 250m 16-day
SO2201,Bondhere,SO22,Banadir,2022-09-30,,,,,0.0,0,0.14285714285714285,0.7142857142857143,pixel_reliability=0 AND MODLAND_QA(bits0-1)=0 AND VI range -2000..10000,MOD13Q1 V061 Terra 250m 16-day
SO2201,Bondhere,SO22,Banadir,2022-10-16,,,,,0.0,0,0.42857142857142855,0.2857142857142857,pixel_reliability=0 AND MODLAND_QA(bits0-1)=0 AND VI range -2000..10000,MOD13Q1 V061 Terra 250m 16-day
SO2201,Bondhere,SO22,Banadir,2022-11-01,,,,,0.0,0,0.2857142857142857,0.5714285714285714,pixel_reliability=0 AND MODLAND_QA(bits0-1)=0 AND VI range -2000..10000,MOD13Q1 V061 Terra 250m 16-day
SO2201,Bondhere,SO22,Banadir,2022-11-17,,,,,0.0,0,0.14285714285714285,0.7142857142857143,pixel_reliability=0 AND MODLAND_QA(bits0-1)=0 AND VI range -2000..10000,MOD13Q1 V061 Terra 250m 16-day
SO2201,Bondhere,SO22,Banadir,2022-12-03,0.23550000000000001,0.23550000000000001,0.1542,0.1542,0.14285714285714285,1,0.42857142857142855,0.0,pixel_reliability=0 AND MODLAND_QA(bits0-1)=0 AND VI range -2000..10000,MOD13Q1 V061 Terra 250m 16-day
SO2201,Bondhere,SO22,Banadir,2022-12-19,,,,,0.0,0,0.5714285714285714,0.0,pixel_reliability=0 AND MODLAND_QA(bits0-1)=0 AND VI range -2000..10000,MOD13Q1 V061 Terra 250m 16-day
SO2202,Cabdulasis,SO22,Banadir,2022-01-01,,,,,0.0,0,0.0,0.0,pixel_reliability=0 AND MODLAND_QA(bits0-1)=0 AND VI range -2000..10000,MOD13Q1 V061 Terra 250m 16-day
SO2202,Cabdulasis,SO22,Banadir,2022-01-17,,,,,0.0,0,0.0,1.0,pixel_reliability=0 AND MODLAND_QA(bits0-1)=0 AND VI range -2000..10000,MOD13Q1 V061 Terra 250m 16-day
SO2202,Cabdulasis,SO22,Banadir,2022-02-02,,,,,0.0,0,0.0,0.0,pixel_reliability=0 AND MODLAND_QA(bits0-1)=0 AND VI range -2000..10000,MOD13Q1 V061 Terra 250m 16-day
SO2202,Cabdulasis,SO22,Banadir,2022-02-18,,,,,0.0,0,0.0,1.0,pixel_reliability=0 AND MODLAND_QA(bits0-1)=0 AND VI range -2000..10000,MOD13Q1 V061 Terra 250m 16-day
SO2202,Cabdulasis,SO22,Banadir,2022-03-06,,,,,0.0,0,0.0,0.0,pixel_reliability=0 AND MODLAND_QA(bits0-1)=0 AND VI range -2000..10000,MOD13Q1 V061 Terra 250m 16-day
SO2202,Cabdulasis,SO22,Banadir,2022-03-22,,,,,0.0,0,0.0,0.0,pixel_reliability=0 AND MODLAND_QA(bits0-1)=0 AND VI range -2000..10000,MOD13Q1 V061 Terra 250m 16-day
SO2202,Cabdulasis,SO22,Banadir,2022-04-07,,,,,0.0,0,0.0,1.0,pixel_reliability=0 AND MODLAND_QA(bits0-1)=0 AND VI range -2000..10000,MOD13Q1 V061 Terra 250m 16-day
SO2202,Cabdulasis,SO22,Banadir,2022-04-23,,,,,0.0,0,0.0,1.0,pixel_reliability=0 AND MODLAND_QA(bits0-1)=0 AND VI range -2000..10000,MOD13Q1 V061 Terra 250m 16-day
SO2202,Cabdulasis,SO22,Banadir,2022-05-09,,,,,0.0,0,0.0,0.0,pixel_reliability=0 AND MODLAND_QA(bits0-1)=0 AND VI range -2000..10000,MOD13Q1 V061 Terra 250m 16-day
SO2202,Cabdulasis,SO22,Banadir,2022-05-25,,,,,0.0,0,0.0,1.0,pixel_reliability=0 AND MODLAND_QA(bits0-1)=0 AND VI range -2000..10000,MOD13Q1 V061 Terra 250m 16-day
SO2202,Cabdulasis,SO22,Banadir,2022-06-10,,,,,0.0,0,1.0,0.0,pixel_reliability=0 AND MODLAND_QA(bits0-1)=0 AND VI range -2000..10000,MOD13Q1 V061 Terra 250m 16-day
SO2202,Cabdulasis,SO22,Banadir,2022-06-26,,,,,0.0,0,0.0,1.0,pixel_reliability=0 AND MODLAND_QA(bits0-1)=0 AND VI range -2000..10000,MOD13Q1 V061 Terra 250m 16-day
SO2202,Cabdulasis,SO22,Banadir,2022-07-12,,,,,0.0,0,0.0,1.0,pixel_reliability=0 AND MODLAND_QA(bits0-1)=0 AND VI range -2000..10000,MOD13Q1 V061 Terra 250m 16-day
SO2202,Cabdulasis,SO22,Banadir,2022-07-28,,,,,0.0,0,0.0,1.0,pixel_reliability=0 AND MODLAND_QA(bits0-1)=0 AND VI range -2000..10000,MOD13Q1 V061 Terra 250m 16-day
SO2202,Cabdulasis,SO22,Banadir,2022-08-13,,,,,0.0,0,0.0,1.0,pixel_reliability=0 AND MODLAND_QA(bits0-1)=0 AND VI range -2000..10000,MOD13Q1 V061 Terra 250m 16-day
SO2202,Cabdulasis,SO22,Banadir,2022-08-29,,,,,0.0,0,0.0,1.0,pixel_reliability=0 AND MODLAND_QA(bits0-1)=0 AND VI range -2000..10000,MOD13Q1 V061 Terra 250m 16-day
SO2202,Cabdulasis,SO22,Banadir,2022-09-14,,,,,0.0,0,0.0,1.0,pixel_reliability=0 AND MODLAND_QA(bits0-1)=0 AND VI range -2000..10000,MOD13Q1 V061 Terra 250m 16-day
SO2202,Cabdulasis,SO22,Banadir,2022-09-30,,,,,0.0,0,1.0,0.0,pixel_reliability=0 AND MODLAND_QA(bits0-1)=0 AND VI range -2000..10000,MOD13Q1 V061 Terra 250m 16-day
SO2202,Cabdulasis,SO22,Banadir,2022-10-16,,,,,0.0,0,0.0,0.0,pixel_reliability=0 AND MODLAND_QA(bits0-1)=0 AND VI range -2000..10000,MOD13Q1 V061 Terra 250m 16-day
SO2202,Cabdulasis,SO22,Banadir,2022-11-01,,,,,0.0,0,0.0,1.0,pixel_reliability=0 AND MODLAND_QA(bits0-1)=0 AND VI range -2000..10000,MOD13Q1 V061 Terra 250m 16-day
SO2202,Cabdulasis,SO22,Banadir,2022-11-17,,,,,0.0,0,0.0,1.0,pixel_reliability=0 AND MODLAND_QA(bits0-1)=0 AND VI range -2000..10000,MOD13Q1 V061 Terra 250m 16-day
SO2202,Cabdulasis,SO22,Banadir,2022-12-03,,,,,0.0,0,0.0,0.0,pixel_reliability=0 AND MODLAND_QA(bits0-1)=0 AND VI range -2000..10000,MOD13Q1 V061 Terra 250m 16-day
SO2202,Cabdulasis,SO22,Banadir,2022-12-19,,,,,0.0,0,0.0,0.0,pixel_reliability=0 AND MODLAND_QA(bits0-1)=0 AND VI range -2000..10000,MOD13Q1 V061 Terra 250m 16-day
SO2203,Daynile,SO22,Banadir,2022-01-01,0.2201727272727272,0.2278,0.1595181818181818,0.1639,0.3333333333333333,11,0.1818181818181818,0.0,pixel_reliability=0 AND MODLAND_QA(bits0-1)=0 AND VI range -2000..10000,MOD13Q1 V061 Terra 250m 16-day
SO2203,Daynile,SO22,Banadir,2022-01-17,0.1879499999999999,0.188,0.1402833333333333,0.14335,0.1818181818181818,6,0.3939393939393939,0.0,pixel_reliability=0 AND MODLAND_QA(bits0-1)=0 AND VI range -2000..10000,MOD13Q1 V061 Terra 250m 16-day
SO2203,Daynile,SO22,Banadir,2022-02-02,0.1906666666666666,0.1932,0.1428333333333333,0.1462,0.0909090909090909,3,0.4545454545454545,0.0,pixel_reliability=0 AND MODLAND_QA(bits0-1)=0 AND VI range -2000..10000,MOD13Q1 V061 Terra 250m 16-day
SO2203,Daynile,SO22,Banadir,2022-02-18,0.18444375,0.1841,0.1397875,0.13875,0.4848484848484848,16,0.0909090909090909,0.0,pixel_reliability=0 AND MODLAND_QA(bits0-1)=0 AND VI range -2000..10000,MOD13Q1 V061 Terra 250m 16-day
SO2203,Daynile,SO22,Banadir,2022-03-06,0.178375,0.18015,0.140525,0.1402,0.1212121212121212,4,0.3939393939393939,0.0,pixel_reliability=0 AND MODLAND_QA(bits0-1)=0 AND VI range -2000..10000,MOD13Q1 V061 Terra 250m 16-day
SO2203,Daynile,SO22,Banadir,2022-03-22,0.1858,0.1864,0.14474,0.1443,0.1515151515151515,5,0.2727272727272727,0.0303030303030303,pixel_reliability=0 AND MODLAND_QA(bits0-1)=0 AND VI range -2000..10000,MOD13Q1 V061 Terra 250m 16-day
SO2203,Daynile,SO22,Banadir,2022-04-07,0.1791777777777777,0.1783,0.133,0.1334,0.2727272727272727,9,0.2121212121212121,0.0606060606060606,pixel_reliability=0 AND MODLAND_QA(bits0-1)=0 AND VI range -2000..10000,MOD13Q1 V061 Terra 250m 16-day
SO2203,Daynile,SO22,Banadir,2022-04-23,,,,,0.0,0,0.0,0.9696969696969696,pixel_reliability=0 AND MODLAND_QA(bits0-1)=0 AND VI range -2000..10000,MOD13Q1 V061 Terra 250m 16-day
SO2203,Daynile,SO22,Banadir,2022-05-09,,,,,0.0,0,0.1818181818181818,0.4848484848484848,pixel_reliability=0 AND MODLAND_QA(bits0-1)=0 AND VI range -2000..10000,MOD13Q1 V061 Terra 250m 16-day
SO2203,Daynile,SO22,Banadir,2022-05-25,,,,,0.0,0,0.0,0.9090909090909092,pixel_reliability=0 AND MODLAND_QA(bits0-1)=0 AND VI range -2000..10000,MOD13Q1 V061 Terra 250m 16-day
SO2203,Daynile,SO22,Banadir,2022-06-10,,,,,0.0,0,0.1818181818181818,0.4848484848484848,pixel_reliability=0 AND MODLAND_QA(bits0-1)=0 AND VI range -2000..10000,MOD13Q1 V061 Terra 250m 16-day
SO2203,Daynile,SO22,Banadir,2022-06-26,,,,,0.0,0,0.0,1.0,pixel_reliability=0 AND MODLAND_QA(bits0-1)=0 AND VI range -2000..10000,MOD13Q1 V061 Terra 250m 16-day
SO2203,Daynile,SO22,Banadir,2022-07-12,,,,,0.0,0,0.0,1.0,pixel_reliability=0 AND MODLAND_QA(bits0-1)=0 AND VI range -2000..10000,MOD13Q1 V061 Terra 250m 16-day
SO2203,Daynile,SO22,Banadir,2022-07-28,,,,,0.0,0,0.0,0.9090909090909092,pixel_reliability=0 AND MODLAND_QA(bits0-1)=0 AND VI range -2000..10000,MOD13Q1 V061 Terra 250m 16-day
SO2203,Daynile,SO22,Banadir,2022-08-13,,,,,0.0,0,0.0,1.0,pixel_reliability=0 AND MODLAND_QA(bits0-1)=0 AND VI range -2000..10000,MOD13Q1 V061 Terra 250m 16-day
SO2203,Daynile,SO22,Banadir,2022-08-29,0.2977666666666667,0.3059,0.2181,0.22590000000000002,0.09090909090909091,3,0.24242424242424243,0.12121212121212122,pixel_reliability=0 AND MODLAND_QA(bits0-1)=0 AND VI range -2000..10000,MOD13Q1 V061 Terra 250m 16-day
SO2203,Daynile,SO22,Banadir,2022-09-14,0.215,0.215,0.1447,0.1447,0.030303030303030304,1,0.30303030303030304,0.24242424242424243,pixel_reliability=0 AND MODLAND_QA(bits0-1)=0 AND VI range -2000..10000,MOD13Q1 V061 Terra 250m 16-day
SO2203,Daynile,SO22,Banadir,2022-09-30,,,,,0.0,0,0.0,0.9696969696969697,pixel_reliability=0 AND MODLAND_QA(bits0-1)=0 AND VI range -2000..10000,MOD13Q1 V061 Terra 250m 16-day
SO2203,Daynile,SO22,Banadir,2022-10-16,,,,,0.0,0,0.24242424242424243,0.5151515151515151,pixel_reliability=0 AND MODLAND_QA(bits0-1)=0 AND VI range -2000..10000,MOD13Q1 V061 Terra 250m 16-day
SO2203,Daynile,SO22,Banadir,2022-11-01,,,,,0.0,0,0.0,1.0,pixel_reliability=0 AND MODLAND_QA(bits0-1)=0 AND VI range -2000..10000,MOD13Q1 V061 Terra 250m 16-day
SO2203,Daynile,SO22,Banadir,2022-11-17,,,,,0.0,0,0.0,1.0,pixel_reliability=0 AND MODLAND_QA(bits0-1)=0 AND VI range -2000..10000,MOD13Q1 V061 Terra 250m 16-day
SO2203,Daynile,SO22,Banadir,2022-12-03,,,,,0.0,0,0.06060606060606061,0.6060606060606061,pixel_reliability=0 AND MODLAND_QA(bits0-1)=0 AND VI range -2000..10000,MOD13Q1 V061 Terra 250m 16-day
SO2203,Daynile,SO22,Banadir,2022-12-19,0.21328333333333335,0.21400000000000002,0.1611666666666667,0.15575,0.18181818181818182,6,0.42424242424242425,0.06060606060606061,pixel_reliability=0 AND MODLAND_QA(bits0-1)=0 AND VI range -2000..10000,MOD13Q1 V061 Terra 250m 16-day
SO2204,Dharkenley,SO22,Banadir,2022-01-01,0.2285333333333333,0.2351,0.1734,0.1727,0.1875,3,0.1875,0.0,pixel_reliability=0 AND MODLAND_QA(bits0-1)=0 AND VI range -2000..10000,MOD13Q1 V061 Terra 250m 16-day
SO2204,Dharkenley,SO22,Banadir,2022-01-17,0.26545,0.26545,0.18605,0.18605,0.125,2,0.5,0.0,pixel_reliability=0 AND MODLAND_QA(bits0-1)=0 AND VI range -2000..10000,MOD13Q1 V061 Terra 250m 16-day
SO2204,Dharkenley,SO22,Banadir,2022-02-02,0.22435,0.22435,0.16605,0.16605,0.125,2,0.125,0.125,pixel_reliability=0 AND MODLAND_QA(bits0-1)=0 AND VI range -2000..10000,MOD13Q1 V061 Terra 250m 16-day
SO2204,Dharkenley,SO22,Banadir,2022-02-18,0.1997499999999999,0.192,0.1537,0.1449,0.25,4,0.25,0.0,pixel_reliability=0 AND MODLAND_QA(bits0-1)=0 AND VI range -2000..10000,MOD13Q1 V061 Terra 250m 16-day
SO2204,Dharkenley,SO22,Banadir,2022-03-06,0.220925,0.21055,0.16785,0.1618,0.25,4,0.1875,0.0,pixel_reliability=0 AND MODLAND_QA(bits0-1)=0 AND VI range -2000..10000,MOD13Q1 V061 Terra 250m 16-day
SO2204,Dharkenley,SO22,Banadir,2022-03-22,0.1995,0.1995,0.1502,0.1502,0.0625,1,0.5625,0.0,pixel_reliability=0 AND MODLAND_QA(bits0-1)=0 AND VI range -2000..10000,MOD13Q1 V061 Terra 250m 16-day
SO2204,Dharkenley,SO22,Banadir,2022-04-07,0.1078,0.1078,0.05135,0.05135,0.125,2,0.25,0.0,pixel_reliability=0 AND MODLAND_QA(bits0-1)=0 AND VI range -2000..10000,MOD13Q1 V061 Terra 250m 16-day
SO2204,Dharkenley,SO22,Banadir,2022-04-23,,,,,0.0,0,0.0,0.75,pixel_reliability=0 AND MODLAND_QA(bits0-1)=0 AND VI range -2000..10000,MOD13Q1 V061 Terra 250m 16-day
SO2204,Dharkenley,SO22,Banadir,2022-05-09,0.33065,0.33065,0.2465999999999999,0.2465999999999999,0.125,2,0.3125,0.3125,pixel_reliability=0 AND MODLAND_QA(bits0-1)=0 AND VI range -2000..10000,MOD13Q1 V061 Terra 250m 16-day
SO2204,Dharkenley,SO22,Banadir,2022-05-25,,,,,0.0,0,0.125,0.75,pixel_reliability=0 AND MODLAND_QA(bits0-1)=0 AND VI range -2000..10000,MOD13Q1 V061 Terra 250m 16-day
SO2204,Dharkenley,SO22,Banadir,2022-06-10,0.2768,0.2768,0.1941,0.1941,0.0625,1,0.4375,0.0,pixel_reliability=0 AND MODLAND_QA(bits0-1)=0 AND VI range -2000..10000,MOD13Q1 V061 Terra 250m 16-day
SO2204,Dharkenley,SO22,Banadir,2022-06-26,,,,,0.0,0,0.125,0.75,pixel_reliability=0 AND MODLAND_QA(bits0-1)=0 AND VI range -2000..10000,MOD13Q1 V061 Terra 250m 16-day
SO2204,Dharkenley,SO22,Banadir,2022-07-12,,,,,0.0,0,0.0625,0.6875,pixel_reliability=0 AND MODLAND_QA(bits0-1)=0 AND VI range -2000..10000,MOD13Q1 V061 Terra 250m 16-day
SO2204,Dharkenley,SO22,Banadir,2022-07-28,,,,,0.0,0,0.3125,0.5,pixel_reliability=0 AND MODLAND_QA(bits0-1)=0 AND VI range -2000..10000,MOD13Q1 V061 Terra 250m 16-day
SO2204,Dharkenley,SO22,Banadir,2022-08-13,,,,,0.0,0,0.0,0.8125,pixel_reliability=0 AND MODLAND_QA(bits0-1)=0 AND VI range -2000..10000,MOD13Q1 V061 Terra 250m 16-day
SO2204,Dharkenley,SO22,Banadir,2022-08-29,,,,,0.0,0,0.25,0.125,pixel_reliability=0 AND MODLAND_QA(bits0-1)=0 AND VI range -2000..10000,MOD13Q1 V061 Terra 250m 16-day
SO2204,Dharkenley,SO22,Banadir,2022-09-14,0.26890000000000003,0.26890000000000003,0.1961,0.1961,0.0625,1,0.3125,0.0625,pixel_reliability=0 AND MODLAND_QA(bits0-1)=0 AND VI range -2000..10000,MOD13Q1 V061 Terra 250m 16-day
SO2204,Dharkenley,SO22,Banadir,2022-09-30,,,,,0.0,0,0.1875,0.5,pixel_reliability=0 AND MODLAND_QA(bits0-1)=0 AND VI range -2000..10000,MOD13Q1 V061 Terra 250m 16-day
SO2204,Dharkenley,SO22,Banadir,2022-10-16,0.191,0.191,0.1337,0.1337,0.0625,1,0.1875,0.375,pixel_reliability=0 AND MODLAND_QA(bits0-1)=0 AND VI range -2000..10000,MOD13Q1 V061 Terra 250m 16-day
SO2204,Dharkenley,SO22,Banadir,2022-11-01,,,,,0.0,0,0.0625,0.6875,pixel_reliability=0 AND MODLAND_QA(bits0-1)=0 AND VI range -2000..10000,MOD13Q1 V061 Terra 250m 16-day
SO2204,Dharkenley,SO22,Banadir,2022-11-17,0.2821,0.2821,0.2157,0.2157,0.0625,1,0.0625,0.75,pixel_reliability=0 AND MODLAND_QA(bits0-1)=0 AND VI range -2000..10000,MOD13Q1 V061 Terra 250m 16-day
SO2204,Dharkenley,SO22,Banadir,2022-12-03,0.28426666666666667,0.2924,0.2008,0.2015,0.1875,3,0.1875,0.125,pixel_reliability=0 AND MODLAND_QA(bits0-1)=0 AND VI range -2000..10000,MOD13Q1 V061 Terra 250m 16-day
SO2204,Dharkenley,SO22,Banadir,2022-12-19,0.2419,0.2419,0.17930000000000001,0.17930000000000001,0.125,2,0.4375,0.25,pixel_reliability=0 AND MODLAND_QA(bits0-1)=0 AND VI range -2000..10000,MOD13Q1 V061 Terra 250m 16-day
SO2205,Hamar Jabjab,SO22,Banadir,2022-01-01,0.1185,0.1185,-0.0029,-0.0029,1.0,1,0.0,0.0,pixel_reliability=0 AND MODLAND_QA(bits0-1)=0 AND VI range -2000..10000,MOD13Q1 V061 Terra 250m 16-day
SO2205,Hamar Jabjab,SO22,Banadir,2022-01-17,,,,,0.0,0,0.0,1.0,pixel_reliability=0 AND MODLAND_QA(bits0-1)=0 AND VI range -2000..10000,MOD13Q1 V061 Terra 250m 16-day
SO2205,Hamar Jabjab,SO22,Banadir,2022-02-02,,,,,0.0,0,0.0,1.0,pixel_reliability=0 AND MODLAND_QA(bits0-1)=0 AND VI range -2000..10000,MOD13Q1 V061 Terra 250m 16-day
SO2205,Hamar Jabjab,SO22,Banadir,2022-02-18,,,,,0.0,0,1.0,0.0,pixel_reliability=0 AND MODLAND_QA(bits0-1)=0 AND VI range -2000..10000,MOD13Q1 V061 Terra 250m 16-day
SO2205,Hamar Jabjab,SO22,Banadir,2022-03-06,0.1611,0.1611,0.08,0.08,1.0,1,0.0,0.0,pixel_reliability=0 AND MODLAND_QA(bits0-1)=0 AND VI range -2000..10000,MOD13Q1 V061 Terra 250m 16-day
SO2205,Hamar Jabjab,SO22,Banadir,2022-03-22,,,,,0.0,0,0.0,0.0,pixel_reliability=0 AND MODLAND_QA(bits0-1)=0 AND VI range -2000..10000,MOD13Q1 V061 Terra 250m 16-day
SO2205,Hamar Jabjab,SO22,Banadir,2022-04-07,,,,,0.0,0,0.0,1.0,pixel_reliability=0 AND MODLAND_QA(bits0-1)=0 AND VI range -2000..10000,MOD13Q1 V061 Terra 250m 16-day
SO2205,Hamar Jabjab,SO22,Banadir,2022-04-23,,,,,0.0,0,0.0,1.0,pixel_reliability=0 AND MODLAND_QA(bits0-1)=0 AND VI range -2000..10000,MOD13Q1 V061 Terra 250m 16-day
SO2205,Hamar Jabjab,SO22,Banadir,2022-05-09,,,,,0.0,0,0.0,1.0,pixel_reliability=0 AND MODLAND_QA(bits0-1)=0 AND VI range -2000..10000,MOD13Q1 V061 Terra 250m 16-day
SO2205,Hamar Jabjab,SO22,Banadir,2022-05-25,,,,,0.0,0,0.0,1.0,pixel_reliability=0 AND MODLAND_QA(bits0-1)=0 AND VI range -2000..10000,MOD13Q1 V061 Terra 250m 16-day
SO2205,Hamar Jabjab,SO22,Banadir,2022-06-10,,,,,0.0,0,0.0,1.0,pixel_reliability=0 AND MODLAND_QA(bits0-1)=0 AND VI range -2000..10000,MOD13Q1 V061 Terra 250m 16-day
SO2205,Hamar Jabjab,SO22,Banadir,2022-06-26,,,,,0.0,0,0.0,1.0,pixel_reliability=0 AND MODLAND_QA(bits0-1)=0 AND VI range -2000..10000,MOD13Q1 V061 Terra 250m 16-day
SO2205,Hamar Jabjab,SO22,Banadir,2022-07-12,,,,,0.0,0,0.0,1.0,pixel_reliability=0 AND MODLAND_QA(bits0-1)=0 AND VI range -2000..10000,MOD13Q1 V061 Terra 250m 16-day
SO2205,Hamar Jabjab,SO22,Banadir,2022-07-28,,,,,0.0,0,0.0,1.0,pixel_reliability=0 AND MODLAND_QA(bits0-1)=0 AND VI range -2000..10000,MOD13Q1 V061 Terra 250m 16-day
SO2205,Hamar Jabjab,SO22,Banadir,2022-08-13,,,,,0.0,0,0.0,1.0,pixel_reliability=0 AND MODLAND_QA(bits0-1)=0 AND VI range -2000..10000,MOD13Q1 V061 Terra 250m 16-day
SO2205,Hamar Jabjab,SO22,Banadir,2022-08-29,,,,,0.0,0,0.0,1.0,pixel_reliability=0 AND MODLAND_QA(bits0-1)=0 AND VI range -2000..10000,MOD13Q1 V061 Terra 250m 16-day
SO2205,Hamar Jabjab,SO22,Banadir,2022-09-14,,,,,0.0,0,1.0,0.0,pixel_reliability=0 AND MODLAND_QA(bits0-1)=0 AND VI range -2000..10000,MOD13Q1 V061 Terra 250m 16-day
SO2205,Hamar Jabjab,SO22,Banadir,2022-09-30,,,,,0.0,0,0.0,1.0,pixel_reliability=0 AND MODLAND_QA(bits0-1)=0 AND VI range -2000..10000,MOD13Q1 V061 Terra 250m 16-day
SO2205,Hamar Jabjab,SO22,Banadir,2022-10-16,,,,,0.0,0,0.0,1.0,pixel_reliability=0 AND MODLAND_QA(bits0-1)=0 AND VI range -2000..10000,MOD13Q1 V061 Terra 250m 16-day
SO2205,Hamar Jabjab,SO22,Banadir,2022-11-01,,,,,0.0,0,0.0,1.0,pixel_reliability=0 AND MODLAND_QA(bits0-1)=0 AND VI range -2000..10000,MOD13Q1 V061 Terra 250m 16-day
SO2205,Hamar Jabjab,SO22,Banadir,2022-11-17,,,,,0.0,0,0.0,1.0,pixel_reliability=0 AND MODLAND_QA(bits0-1)=0 AND VI range -2000..10000,MOD13Q1 V061 Terra 250m 16-day
SO2205,Hamar Jabjab,SO22,Banadir,2022-12-03,,,,,0.0,0,0.0,0.0,pixel_reliability=0 AND MODLAND_QA(bits0-1)=0 AND VI range -2000..10000,MOD13Q1 V061 Terra 250m 16-day
SO2205,Hamar Jabjab,SO22,Banadir,2022-12-19,,,,,0.0,0,1.0,0.0,pixel_reliability=0 AND MODLAND_QA(bits0-1)=0 AND VI range -2000..10000,MOD13Q1 V061 Terra 250m 16-day
SO2206,Hamar Weyne,SO22,Banadir,2022-01-01,,,,,0.0,0,0.5,0.0,pixel_reliability=0 AND MODLAND_QA(bits0-1)=0 AND VI range -2000..10000,MOD13Q1 V061 Terra 250m 16-day
SO2206,Hamar Weyne,SO22,Banadir,2022-01-17,,,,,0.0,0,0.5,0.0,pixel_reliability=0 AND MODLAND_QA(bits0-1)=0 AND VI range -2000..10000,MOD13Q1 V061 Terra 250m 16-day
SO2206,Hamar Weyne,SO22,Banadir,2022-02-02,,,,,0.0,0,0.25,0.5,pixel_reliability=0 AND MODLAND_QA(bits0-1)=0 AND VI range -2000..10000,MOD13Q1 V061 Terra 250m 16-day
SO2206,Hamar Weyne,SO22,Banadir,2022-02-18,,,,,0.0,0,0.5,0.0,pixel_reliability=0 AND MODLAND_QA(bits0-1)=0 AND VI range -2000..10000,MOD13Q1 V061 Terra 250m 16-day
SO2206,Hamar Weyne,SO22,Banadir,2022-03-06,,,,,0.0,0,0.0,0.0,pixel_reliability=0 AND MODLAND_QA(bits0-1)=0 AND VI range -2000..10000,MOD13Q1 V061 Terra 250m 16-day
SO2206,Hamar Weyne,SO22,Banadir,2022-03-22,,,,,0.0,0,0.25,0.0,pixel_reliability=0 AND MODLAND_QA(bits0-1)=0 AND VI range -2000..10000,MOD13Q1 V061 Terra 250m 16-day
SO2206,Hamar Weyne,SO22,Banadir,2022-04-07,,,,,0.0,0,0.0,0.25,pixel_reliability=0 AND MODLAND_QA(bits0-1)=0 AND VI range -2000..10000,MOD13Q1 V061 Terra 250m 16-day
SO2206,Hamar Weyne,SO22,Banadir,2022-04-23,,,,,0.0,0,0.0,0.5,pixel_reliability=0 AND MODLAND_QA(bits0-1)=0 AND VI range -2000..10000,MOD13Q1 V061 Terra 250m 16-day
SO2206,Hamar Weyne,SO22,Banadir,2022-05-09,,,,,0.0,0,0.25,0.25,pixel_reliability=0 AND MODLAND_QA(bits0-1)=0 AND VI range -2000..10000,MOD13Q1 V061 Terra 250m 16-day
SO2206,Hamar Weyne,SO22,Banadir,2022-05-25,,,,,0.0,0,0.0,1.0,pixel_reliability=0 AND MODLAND_QA(bits0-1)=0 AND VI range -2000..10000,MOD13Q1 V061 Terra 250m 16-day
SO2206,Hamar Weyne,SO22,Banadir,2022-06-10,,,,,0.0,0,0.25,0.5,pixel_reliability=0 AND MODLAND_QA(bits0-1)=0 AND VI range -2000..10000,MOD13Q1 V061 Terra 250m 16-day
SO2206,Hamar Weyne,SO22,Banadir,2022-06-26,,,,,0.0,0,0.0,1.0,pixel_reliability=0 AND MODLAND_QA(bits0-1)=0 AND VI range -2000..10000,MOD13Q1 V061 Terra 250m 16-day
SO2206,Hamar Weyne,SO22,Banadir,2022-07-12,,,,,0.0,0,0.0,1.0,pixel_reliability=0 AND MODLAND_QA(bits0-1)=0 AND VI range -2000..10000,MOD13Q1 V061 Terra 250m 16-day
SO2206,Hamar Weyne,SO22,Banadir,2022-07-28,,,,,0.0,0,0.0,0.5,pixel_reliability=0 AND MODLAND_QA(bits0-1)=0 AND VI range -2000..10000,MOD13Q1 V061 Terra 250m 16-day
SO2206,Hamar Weyne,SO22,Banadir,2022-08-13,,,,,0.0,0,0.0,1.0,pixel_reliability=0 AND MODLAND_QA(bits0-1)=0 AND VI range -2000..10000,MOD13Q1 V061 Terra 250m 16-day
SO2206,Hamar Weyne,SO22,Banadir,2022-08-29,,,,,0.0,0,0.25,0.25,pixel_reliability=0 AND MODLAND_QA(bits0-1)=0 AND VI range -2000..10000,MOD13Q1 V061 Terra 250m 16-day
SO2206,Hamar Weyne,SO22,Banadir,2022-09-14,,,,,0.0,0,0.75,0.0,pixel_reliability=0 AND MODLAND_QA(bits0-1)=0 AND VI range -2000..10000,MOD13Q1 V061 Terra 250m 16-day
SO2206,Hamar Weyne,SO22,Banadir,2022-09-30,,,,,0.0,0,0.0,1.0,pixel_reliability=0 AND MODLAND_QA(bits0-1)=0 AND VI range -2000..10000,MOD13Q1 V061 Terra 250m 16-day
SO2206,Hamar Weyne,SO22,Banadir,2022-10-16,,,,,0.0,0,0.5,0.25,pixel_reliability=0 AND MODLAND_QA(bits0-1)=0 AND VI range -2000..10000,MOD13Q1 V061 Terra 250m 16-day
SO2206,Hamar Weyne,SO22,Banadir,2022-11-01,,,,,0.0,0,0.0,1.0,pixel_reliability=0 AND MODLAND_QA(bits0-1)=0 AND VI range -2000..10000,MOD13Q1 V061 Terra 250m 16-day
SO2206,Hamar Weyne,SO22,Banadir,2022-11-17,,,,,0.0,0,0.0,1.0,pixel_reliability=0 AND MODLAND_QA(bits0-1)=0 AND VI range -2000..10000,MOD13Q1 V061 Terra 250m 16-day
SO2206,Hamar Weyne,SO22,Banadir,2022-12-03,,,,,0.0,0,0.5,0.0,pixel_reliability=0 AND MODLAND_QA(bits0-1)=0 AND VI range -2000..10000,MOD13Q1 V061 Terra 250m 16-day
SO2206,Hamar Weyne,SO22,Banadir,2022-12-19,,,,,0.0,0,0.25,0.0,pixel_reliability=0 AND MODLAND_QA(bits0-1)=0 AND VI range -2000..10000,MOD13Q1 V061 Terra 250m 16-day
SO2207,Hawl Wadaag,SO22,Banadir,2022-01-01,,,,,0.0,0,0.3846153846153846,0.0,pixel_reliability=0 AND MODLAND_QA(bits0-1)=0 AND VI range -2000..10000,MOD13Q1 V061 Terra 250m 16-day
SO2207,Hawl Wadaag,SO22,Banadir,2022-01-17,,,,,0.0,0,0.4615384615384615,0.2307692307692307,pixel_reliability=0 AND MODLAND_QA(bits0-1)=0 AND VI range -2000..10000,MOD13Q1 V061 Terra 250m 16-day
SO2207,Hawl Wadaag,SO22,Banadir,2022-02-02,0.1868,0.1787,0.1190666666666666,0.1145,0.2307692307692307,3,0.6923076923076923,0.0,pixel_reliability=0 AND MODLAND_QA(bits0-1)=0 AND VI range -2000..10000,MOD13Q1 V061 Terra 250m 16-day
SO2207,Hawl Wadaag,SO22,Banadir,2022-02-18,0.1813,0.1813,0.1346,0.1346,0.0769230769230769,1,0.4615384615384615,0.0,pixel_reliability=0 AND MODLAND_QA(bits0-1)=0 AND VI range -2000..10000,MOD13Q1 V061 Terra 250m 16-day
SO2207,Hawl Wadaag,SO22,Banadir,2022-03-06,,,,,0.0,0,0.9230769230769232,0.0,pixel_reliability=0 AND MODLAND_QA(bits0-1)=0 AND VI range -2000..10000,MOD13Q1 V061 Terra 250m 16-day
SO2207,Hawl Wadaag,SO22,Banadir,2022-03-22,0.169,0.169,0.1428,0.1428,0.0769230769230769,1,0.6923076923076923,0.0,pixel_reliability=0 AND MODLAND_QA(bits0-1)=0 AND VI range -2000..10000,MOD13Q1 V061 Terra 250m 16-day
SO2207,Hawl Wadaag,SO22,Banadir,2022-04-07,0.1442,0.1442,0.095,0.095,0.0769230769230769,1,0.5384615384615384,0.0,pixel_reliability=0 AND MODLAND_QA(bits0-1)=0 AND VI range -2000..10000,MOD13Q1 V061 Terra 250m 16-day
SO2207,Hawl Wadaag,SO22,Banadir,2022-04-23,,,,,0.0,0,0.2307692307692307,0.3846153846153846,pixel_reliability=0 AND MODLAND_QA(bits0-1)=0 AND VI range -2000..10000,MOD13Q1 V061 Terra 250m 16-day
SO2207,Hawl Wadaag,SO22,Banadir,2022-05-09,,,,,0.0,0,0.5384615384615384,0.2307692307692307,pixel_reliability=0 AND MODLAND_QA(bits0-1)=0 AND VI range -2000..10000,MOD13Q1 V061 Terra 250m 16-day
SO2207,Hawl Wadaag,SO22,Banadir,2022-05-25,,,,,0.0,0,0.0,0.9230769230769232,pixel_reliability=0 AND MODLAND_QA(bits0-1)=0 AND VI range -2000..10000,MOD13Q1 V061 Terra 250m 16-day
SO2207,Hawl Wadaag,SO22,Banadir,2022-06-10,,,,,0.0,0,0.1538461538461538,0.3076923076923077,pixel_reliability=0 AND MODLAND_QA(bits0-1)=0 AND VI range -2000..10000,MOD13Q1 V061 Terra 250m 16-day
SO2207,Hawl Wadaag,SO22,Banadir,2022-06-26,,,,,0.0,0,0.0,1.0,pixel_reliability=0 AND MODLAND_QA(bits0-1)=0 AND VI range -2000..10000,MOD13Q1 V061 Terra 250m 16-day
SO2207,Hawl Wadaag,SO22,Banadir,2022-07-12,,,,,0.0,0,0.0,0.6923076923076923,pixel_reliability=0 AND MODLAND_QA(bits0-1)=0 AND VI range -2000..10000,MOD13Q1 V061 Terra 250m 16-day
SO2207,Hawl Wadaag,SO22,Banadir,2022-07-28,,,,,0.0,0,0.0769230769230769,0.6923076923076923,pixel_reliability=0 AND MODLAND_QA(bits0-1)=0 AND VI range -2000..10000,MOD13Q1 V061 Terra 250m 16-day
SO2207,Hawl Wadaag,SO22,Banadir,2022-08-13,,,,,0.0,0,0.0,1.0,pixel_reliability=0 AND MODLAND_QA(bits0-1)=0 AND VI range -2000..10000,MOD13Q1 V061 Terra 250m 16-day
SO2207,Hawl Wadaag,SO22,Banadir,2022-08-29,,,,,0.0,0,0.5384615384615384,0.3076923076923077,pixel_reliability=0 AND MODLAND_QA(bits0-1)=0 AND VI range -2000..10000,MOD13Q1 V061 Terra 250m 16-day
SO2207,Hawl Wadaag,SO22,Banadir,2022-09-14,,,,,0.0,0,0.7692307692307693,0.07692307692307693,pixel_reliability=0 AND MODLAND_QA(bits0-1)=0 AND VI range -2000..10000,MOD13Q1 V061 Terra 250m 16-day
SO2207,Hawl Wadaag,SO22,Banadir,2022-09-30,,,,,0.0,0,0.0,0.8461538461538461,pixel_reliability=0 AND MODLAND_QA(bits0-1)=0 AND VI range -2000..10000,MOD13Q1 V061 Terra 250m 16-day
SO2207,Hawl Wadaag,SO22,Banadir,2022-10-16,,,,,0.0,0,0.07692307692307693,0.46153846153846156,pixel_reliability=0 AND MODLAND_QA(bits0-1)=0 AND VI range -2000..10000,MOD13Q1 V061 Terra 250m 16-day
SO2207,Hawl Wadaag,SO22,Banadir,2022-11-01,,,,,0.0,0,0.15384615384615385,0.6153846153846154,pixel_reliability=0 AND MODLAND_QA(bits0-1)=0 AND VI range -2000..10000,MOD13Q1 V061 Terra 250m 16-day
SO2207,Hawl Wadaag,SO22,Banadir,2022-11-17,,,,,0.0,0,0.0,1.0,pixel_reliability=0 AND MODLAND_QA(bits0-1)=0 AND VI range -2000..10000,MOD13Q1 V061 Terra 250m 16-day
SO2207,Hawl Wadaag,SO22,Banadir,2022-12-03,0.1542,0.1542,0.1015,0.1015,0.07692307692307693,1,0.38461538461538464,0.15384615384615385,pixel_reliability=0 AND MODLAND_QA(bits0-1)=0 AND VI range -2000..10000,MOD13Q1 V061 Terra 250m 16-day
SO2207,Hawl Wadaag,SO22,Banadir,2022-12-19,,,,,0.0,0,0.5384615384615384,0.0,pixel_reliability=0 AND MODLAND_QA(bits0-1)=0 AND VI range -2000..10000,MOD13Q1 V061 Terra 250m 16-day
SO2208,Heliwa,SO22,Banadir,2022-01-01,0.2492833333333333,0.25715,0.1874666666666666,0.19655,0.5454545454545454,6,0.1818181818181818,0.0,pixel_reliability=0 AND MODLAND_QA(bits0-1)=0 AND VI range -2000..10000,MOD13Q1 V061 Terra 250m 16-day
SO2208,Heliwa,SO22,Banadir,2022-01-17,0.2190333333333333,0.224,0.1713666666666666,0.1753,0.2727272727272727,3,0.5454545454545454,0.0,pixel_reliability=0 AND MODLAND_QA(bits0-1)=0 AND VI range -2000..10000,MOD13Q1 V061 Terra 250m 16-day
SO2208,Heliwa,SO22,Banadir,2022-02-02,0.20425,0.20425,0.1541,0.1541,0.1818181818181818,2,0.0909090909090909,0.0,pixel_reliability=0 AND MODLAND_QA(bits0-1)=0 AND VI range -2000..10000,MOD13Q1 V061 Terra 250m 16-day
SO2208,Heliwa,SO22,Banadir,2022-02-18,0.1954,0.2014,0.1555666666666666,0.1592,0.2727272727272727,3,0.0909090909090909,0.0,pixel_reliability=0 AND MODLAND_QA(bits0-1)=0 AND VI range -2000..10000,MOD13Q1 V061 Terra 250m 16-day
SO2208,Heliwa,SO22,Banadir,2022-03-06,0.2166,0.2166,0.1739,0.1739,0.0909090909090909,1,0.3636363636363636,0.0,pixel_reliability=0 AND MODLAND_QA(bits0-1)=0 AND VI range -2000..10000,MOD13Q1 V061 Terra 250m 16-day
SO2208,Heliwa,SO22,Banadir,2022-03-22,0.2038333333333333,0.1985,0.1551,0.1492,0.2727272727272727,3,0.0909090909090909,0.0,pixel_reliability=0 AND MODLAND_QA(bits0-1)=0 AND VI range -2000..10000,MOD13Q1 V061 Terra 250m 16-day
SO2208,Heliwa,SO22,Banadir,2022-04-07,0.19245,0.19245,0.1572,0.1572,0.1818181818181818,2,0.4545454545454545,0.0,pixel_reliability=0 AND MODLAND_QA(bits0-1)=0 AND VI range -2000..10000,MOD13Q1 V061 Terra 250m 16-day
SO2208,Heliwa,SO22,Banadir,2022-04-23,0.1775,0.1775,0.1305,0.1305,0.0909090909090909,1,0.4545454545454545,0.0,pixel_reliability=0 AND MODLAND_QA(bits0-1)=0 AND VI range -2000..10000,MOD13Q1 V061 Terra 250m 16-day
SO2208,Heliwa,SO22,Banadir,2022-05-09,,,,,0.0,0,0.3636363636363636,0.5454545454545454,pixel_reliability=0 AND MODLAND_QA(bits0-1)=0 AND VI range -2000..10000,MOD13Q1 V061 Terra 250m 16-day
SO2208,Heliwa,SO22,Banadir,2022-05-25,0.2026,0.2026,0.148,0.148,0.0909090909090909,1,0.2727272727272727,0.3636363636363636,pixel_reliability=0 AND MODLAND_QA(bits0-1)=0 AND VI range -2000..10000,MOD13Q1 V061 Terra 250m 16-day
SO2208,Heliwa,SO22,Banadir,2022-06-10,0.1996,0.1996,0.1425,0.1425,0.0909090909090909,1,0.5454545454545454,0.0,pixel_reliability=0 AND MODLAND_QA(bits0-1)=0 AND VI range -2000..10000,MOD13Q1 V061 Terra 250m 16-day
SO2208,Heliwa,SO22,Banadir,2022-06-26,,,,,0.0,0,0.0,0.5454545454545454,pixel_reliability=0 AND MODLAND_QA(bits0-1)=0 AND VI range -2000..10000,MOD13Q1 V061 Terra 250m 16-day
SO2208,Heliwa,SO22,Banadir,2022-07-12,,,,,0.0,0,0.1818181818181818,0.7272727272727273,pixel_reliability=0 AND MODLAND_QA(bits0-1)=0 AND VI range -2000..10000,MOD13Q1 V061 Terra 250m 16-day
SO2208,Heliwa,SO22,Banadir,2022-07-28,,,,,0.0,0,0.0909090909090909,0.3636363636363636,pixel_reliability=0 AND MODLAND_QA(bits0-1)=0 AND VI range -2000..10000,MOD13Q1 V061 Terra 250m 16-day
SO2208,Heliwa,SO22,Banadir,2022-08-13,,,,,0.0,0,0.1818181818181818,0.6363636363636364,pixel_reliability=0 AND MODLAND_QA(bits0-1)=0 AND VI range -2000..10000,MOD13Q1 V061 Terra 250m 16-day
SO2208,Heliwa,SO22,Banadir,2022-08-29,0.25723333333333337,0.2595,0.19833333333333333,0.1986,0.2727272727272727,3,0.5454545454545454,0.0,pixel_reliability=0 AND MODLAND_QA(bits0-1)=0 AND VI range -2000..10000,MOD13Q1 V061 Terra 250m 16-day
SO2208,Heliwa,SO22,Banadir,2022-09-14,0.23965000000000003,0.2393,0.173625,0.17475000000000002,0.36363636363636365,4,0.18181818181818182,0.0,pixel_reliability=0 AND MODLAND_QA(bits0-1)=0 AND VI range -2000..10000,MOD13Q1 V061 Terra 250m 16-day
SO2208,Heliwa,SO22,Banadir,2022-09-30,,,,,0.0,0,0.09090909090909091,0.6363636363636364,pixel_reliability=0 AND MODLAND_QA(bits0-1)=0 AND VI range -2000..10000,MOD13Q1 V061 Terra 250m 16-day
SO2208,Heliwa,SO22,Banadir,2022-10-16,,,,,0.0,0,0.18181818181818182,0.09090909090909091,pixel_reliability=0 AND MODLAND_QA(bits0-1)=0 AND VI range -2000..10000,MOD13Q1 V061 Terra 250m 16-day
SO2208,Heliwa,SO22,Banadir,2022-11-01,,,,,0.0,0,0.5454545454545454,0.0,pixel_reliability=0 AND MODLAND_QA(bits0-1)=0 AND VI range -2000..10000,MOD13Q1 V061 Terra 250m 16-day
SO2208,Heliwa,SO22,Banadir,2022-11-17,,,,,0.0,0,0.5454545454545454,0.2727272727272727,pixel_reliability=0 AND MODLAND_QA(bits0-1)=0 AND VI range -2000..10000,MOD13Q1 V061 Terra 250m 16-day
SO2208,Heliwa,SO22,Banadir,2022-12-03,0.22465000000000002,0.22465000000000002,0.16855,0.16855,0.18181818181818182,2,0.45454545454545453,0.0,pixel_reliability=0 AND MODLAND_QA(bits0-1)=0 AND VI range -2000..10000,MOD13Q1 V061 Terra 250m 16-day
SO2208,Heliwa,SO22,Banadir,2022-12-19,0.22,0.22,0.1734,0.1734,0.09090909090909091,1,0.7272727272727273,0.0,pixel_reliability=0 AND MODLAND_QA(bits0-1)=0 AND VI range -2000..10000,MOD13Q1 V061 Terra 250m 16-day
SO2209,Hodan,SO22,Banadir,2022-01-01,,,,,0.0,0,0.6,0.0,pixel_reliability=0 AND MODLAND_QA(bits0-1)=0 AND VI range -2000..10000,MOD13Q1 V061 Terra 250m 16-day
SO2209,Hodan,SO22,Banadir,2022-01-17,,,,,0.0,0,0.5,0.0,pixel_reliability=0 AND MODLAND_QA(bits0-1)=0 AND VI range -2000..10000,MOD13Q1 V061 Terra 250m 16-day
SO2209,Hodan,SO22,Banadir,2022-02-02,0.1787,0.1787,0.1145,0.1145,0.1,1,0.9,0.0,pixel_reliability=0 AND MODLAND_QA(bits0-1)=0 AND VI range -2000..10000,MOD13Q1 V061 Terra 250m 16-day
SO2209,Hodan,SO22,Banadir,2022-02-18,0.1813,0.1813,0.1346,0.1346,0.1,1,0.7,0.0,pixel_reliability=0 AND MODLAND_QA(bits0-1)=0 AND VI range -2000..10000,MOD13Q1 V061 Terra 250m 16-day
SO2209,Hodan,SO22,Banadir,2022-03-06,,,,,0.0,0,1.0,0.0,pixel_reliability=0 AND MODLAND_QA(bits0-1)=0 AND VI range -2000..10000,MOD13Q1 V061 Terra 250m 16-day
SO2209,Hodan,SO22,Banadir,2022-03-22,0.1662,0.1662,0.1299,0.1299,0.1,1,0.7,0.0,pixel_reliability=0 AND MODLAND_QA(bits0-1)=0 AND VI range -2000..10000,MOD13Q1 V061 Terra 250m 16-day
SO2209,Hodan,SO22,Banadir,2022-04-07,,,,,0.0,0,0.6,0.0,pixel_reliability=0 AND MODLAND_QA(bits0-1)=0 AND VI range -2000..10000,MOD13Q1 V061 Terra 250m 16-day
SO2209,Hodan,SO22,Banadir,2022-04-23,,,,,0.0,0,0.3,0.4,pixel_reliability=0 AND MODLAND_QA(bits0-1)=0 AND VI range -2000..10000,MOD13Q1 V061 Terra 250m 16-day
SO2209,Hodan,SO22,Banadir,2022-05-09,,,,,0.0,0,0.4,0.5,pixel_reliability=0 AND MODLAND_QA(bits0-1)=0 AND VI range -2000..10000,MOD13Q1 V061 Terra 250m 16-day
SO2209,Hodan,SO22,Banadir,2022-05-25,,,,,0.0,0,0.0,0.9,pixel_reliability=0 AND MODLAND_QA(bits0-1)=0 AND VI range -2000..10000,MOD13Q1 V061 Terra 250m 16-day
SO2209,Hodan,SO22,Banadir,2022-06-10,,,,,0.0,0,0.1,0.3,pixel_reliability=0 AND MODLAND_QA(bits0-1)=0 AND VI range -2000..10000,MOD13Q1 V061 Terra 250m 16-day
SO2209,Hodan,SO22,Banadir,2022-06-26,,,,,0.0,0,0.0,0.9,pixel_reliability=0 AND MODLAND_QA(bits0-1)=0 AND VI range -2000..10000,MOD13Q1 V061 Terra 250m 16-day
SO2209,Hodan,SO22,Banadir,2022-07-12,,,,,0.0,0,0.0,0.9,pixel_reliability=0 AND MODLAND_QA(bits0-1)=0 AND VI range -2000..10000,MOD13Q1 V061 Terra 250m 16-day
SO2209,Hodan,SO22,Banadir,2022-07-28,,,,,0.0,0,0.0,1.0,pixel_reliability=0 AND MODLAND_QA(bits0-1)=0 AND VI range -2000..10000,MOD13Q1 V061 Terra 250m 16-day
SO2209,Hodan,SO22,Banadir,2022-08-13,,,,,0.0,0,0.0,1.0,pixel_reliability=0 AND MODLAND_QA(bits0-1)=0 AND VI range -2000..10000,MOD13Q1 V061 Terra 250m 16-day
SO2209,Hodan,SO22,Banadir,2022-08-29,,,,,0.0,0,0.6,0.2,pixel_reliability=0 AND MODLAND_QA(bits0-1)=0 AND VI range -2000..10000,MOD13Q1 V061 Terra 250m 16-day
SO2209,Hodan,SO22,Banadir,2022-09-14,,,,,0.0,0,0.8,0.0,pixel_reliability=0 AND MODLAND_QA(bits0-1)=0 AND VI range -2000..10000,MOD13Q1 V061 Terra 250m 16-day
SO2209,Hodan,SO22,Banadir,2022-09-30,,,,,0.0,0,0.1,0.3,pixel_reliability=0 AND MODLAND_QA(bits0-1)=0 AND VI range -2000..10000,MOD13Q1 V061 Terra 250m 16-day
SO2209,Hodan,SO22,Banadir,2022-10-16,,,,,0.0,0,0.0,0.6,pixel_reliability=0 AND MODLAND_QA(bits0-1)=0 AND VI range -2000..10000,MOD13Q1 V061 Terra 250m 16-day
SO2209,Hodan,SO22,Banadir,2022-11-01,,,,,0.0,0,0.2,0.5,pixel_reliability=0 AND MODLAND_QA(bits0-1)=0 AND VI range -2000..10000,MOD13Q1 V061 Terra 250m 16-day
SO2209,Hodan,SO22,Banadir,2022-11-17,,,,,0.0,0,0.0,0.7,pixel_reliability=0 AND MODLAND_QA(bits0-1)=0 AND VI range -2000..10000,MOD13Q1 V061 Terra 250m 16-day
SO2209,Hodan,SO22,Banadir,2022-12-03,,,,,0.0,0,0.5,0.2,pixel_reliability=0 AND MODLAND_QA(bits0-1)=0 AND VI range -2000..10000,MOD13Q1 V061 Terra 250m 16-day
SO2209,Hodan,SO22,Banadir,2022-12-19,,,,,0.0,0,0.4,0.0,pixel_reliability=0 AND MODLAND_QA(bits0-1)=0 AND VI range -2000..10000,MOD13Q1 V061 Terra 250m 16-day
SO2210,Kahda,SO22,Banadir,2022-01-01,0.2018,0.203,0.1444125,0.1439,0.2222222222222222,8,0.3611111111111111,0.0,pixel_reliability=0 AND MODLAND_QA(bits0-1)=0 AND VI range -2000..10000,MOD13Q1 V061 Terra 250m 16-day
SO2210,Kahda,SO22,Banadir,2022-01-17,0.1723,0.1772,0.13692,0.141,0.1388888888888889,5,0.25,0.0,pixel_reliability=0 AND MODLAND_QA(bits0-1)=0 AND VI range -2000..10000,MOD13Q1 V061 Terra 250m 16-day
SO2210,Kahda,SO22,Banadir,2022-02-02,0.1901357142857142,0.187,0.1372285714285714,0.13665,0.3888888888888889,14,0.25,0.0,pixel_reliability=0 AND MODLAND_QA(bits0-1)=0 AND VI range -2000..10000,MOD13Q1 V061 Terra 250m 16-day
SO2210,Kahda,SO22,Banadir,2022-02-18,0.1801846153846154,0.1787,0.1320230769230769,0.1323,0.3611111111111111,13,0.2222222222222222,0.0,pixel_reliability=0 AND MODLAND_QA(bits0-1)=0 AND VI range -2000..10000,MOD13Q1 V061 Terra 250m 16-day
SO2210,Kahda,SO22,Banadir,2022-03-06,0.1782636363636363,0.1839,0.1387,0.1451,0.3055555555555556,11,0.2777777777777778,0.0,pixel_reliability=0 AND MODLAND_QA(bits0-1)=0 AND VI range -2000..10000,MOD13Q1 V061 Terra 250m 16-day
SO2210,Kahda,SO22,Banadir,2022-03-22,0.1846857142857143,0.18655,0.1416142857142857,0.1422,0.3888888888888889,14,0.1944444444444444,0.0,pixel_reliability=0 AND MODLAND_QA(bits0-1)=0 AND VI range -2000..10000,MOD13Q1 V061 Terra 250m 16-day
SO2210,Kahda,SO22,Banadir,2022-04-07,0.18215,0.18345,0.13165,0.1271,0.1111111111111111,4,0.3888888888888889,0.0555555555555555,pixel_reliability=0 AND MODLAND_QA(bits0-1)=0 AND VI range -2000..10000,MOD13Q1 V061 Terra 250m 16-day
SO2210,Kahda,SO22,Banadir,2022-04-23,,,,,0.0,0,0.0,1.0,pixel_reliability=0 AND MODLAND_QA(bits0-1)=0 AND VI range -2000..10000,MOD13Q1 V061 Terra 250m 16-day
SO2210,Kahda,SO22,Banadir,2022-05-09,,,,,0.0,0,0.1388888888888889,0.6388888888888888,pixel_reliability=0 AND MODLAND_QA(bits0-1)=0 AND VI range -2000..10000,MOD13Q1 V061 Terra 250m 16-day
SO2210,Kahda,SO22,Banadir,2022-05-25,,,,,0.0,0,0.0277777777777777,0.8333333333333334,pixel_reliability=0 AND MODLAND_QA(bits0-1)=0 AND VI range -2000..10000,MOD13Q1 V061 Terra 250m 16-day
SO2210,Kahda,SO22,Banadir,2022-06-10,0.2098,0.2098,0.1515,0.1515,0.0277777777777777,1,0.3055555555555556,0.1388888888888889,pixel_reliability=0 AND MODLAND_QA(bits0-1)=0 AND VI range -2000..10000,MOD13Q1 V061 Terra 250m 16-day
SO2210,Kahda,SO22,Banadir,2022-06-26,,,,,0.0,0,0.0,1.0,pixel_reliability=0 AND MODLAND_QA(bits0-1)=0 AND VI range -2000..10000,MOD13Q1 V061 Terra 250m 16-day
SO2210,Kahda,SO22,Banadir,2022-07-12,,,,,0.0,0,0.0,1.0,pixel_reliability=0 AND MODLAND_QA(bits0-1)=0 AND VI range -2000..10000,MOD13Q1 V061 Terra 250m 16-day
SO2210,Kahda,SO22,Banadir,2022-07-28,,,,,0.0,0,0.0277777777777777,0.8333333333333334,pixel_reliability=0 AND MODLAND_QA(bits0-1)=0 AND VI range -2000..10000,MOD13Q1 V061 Terra 250m 16-day
SO2210,Kahda,SO22,Banadir,2022-08-13,,,,,0.0,0,0.0,1.0,pixel_reliability=0 AND MODLAND_QA(bits0-1)=0 AND VI range -2000..10000,MOD13Q1 V061 Terra 250m 16-day
SO2210,Kahda,SO22,Banadir,2022-08-29,0.3741,0.3741,0.27190000000000003,0.27190000000000003,0.05555555555555555,2,0.2222222222222222,0.16666666666666666,pixel_reliability=0 AND MODLAND_QA(bits0-1)=0 AND VI range -2000..10000,MOD13Q1 V061 Terra 250m 16-day
SO2210,Kahda,SO22,Banadir,2022-09-14,0.2875666666666667,0.28565,0.19818333333333335,0.1971,0.16666666666666666,6,0.4166666666666667,0.0,pixel_reliability=0 AND MODLAND_QA(bits0-1)=0 AND VI range -2000..10000,MOD13Q1 V061 Terra 250m 16-day
SO2210,Kahda,SO22,Banadir,2022-09-30,,,,,0.0,0,0.0,0.9444444444444444,pixel_reliability=0 AND MODLAND_QA(bits0-1)=0 AND VI range -2000..10000,MOD13Q1 V061 Terra 250m 16-day
SO2210,Kahda,SO22,Banadir,2022-10-16,,,,,0.0,0,0.1388888888888889,0.7222222222222222,pixel_reliability=0 AND MODLAND_QA(bits0-1)=0 AND VI range -2000..10000,MOD13Q1 V061 Terra 250m 16-day
SO2210,Kahda,SO22,Banadir,2022-11-01,,,,,0.0,0,0.0,1.0,pixel_reliability=0 AND MODLAND_QA(bits0-1)=0 AND VI range -2000..10000,MOD13Q1 V061 Terra 250m 16-day
SO2210,Kahda,SO22,Banadir,2022-11-17,,,,,0.0,0,0.0,1.0,pixel_reliability=0 AND MODLAND_QA(bits0-1)=0 AND VI range -2000..10000,MOD13Q1 V061 Terra 250m 16-day
SO2210,Kahda,SO22,Banadir,2022-12-03,,,,,0.0,0,0.1388888888888889,0.4722222222222222,pixel_reliability=0 AND MODLAND_QA(bits0-1)=0 AND VI range -2000..10000,MOD13Q1 V061 Terra 250m 16-day
SO2210,Kahda,SO22,Banadir,2022-12-19,0.22034285714285717,0.2223,0.16092857142857145,0.1633,0.19444444444444445,7,0.2777777777777778,0.1388888888888889,pixel_reliability=0 AND MODLAND_QA(bits0-1)=0 AND VI range -2000..10000,MOD13Q1 V061 Terra 250m 16-day
SO2211,Karaan,SO22,Banadir,2022-01-01,0.2007333333333333,0.22375,0.1442166666666667,0.1508499999999999,0.2142857142857142,6,0.0714285714285714,0.0,pixel_reliability=0 AND MODLAND_QA(bits0-1)=0 AND VI range -2000..10000,MOD13Q1 V061 Terra 250m 16-day
SO2211,Karaan,SO22,Banadir,2022-01-17,0.18305,0.1839,0.127475,0.12535,0.1428571428571428,4,0.25,0.2857142857142857,pixel_reliability=0 AND MODLAND_QA(bits0-1)=0 AND VI range -2000..10000,MOD13Q1 V061 Terra 250m 16-day
SO2211,Karaan,SO22,Banadir,2022-02-02,0.2256111111111111,0.2267,0.1630666666666667,0.1536,0.3214285714285714,9,0.25,0.0,pixel_reliability=0 AND MODLAND_QA(bits0-1)=0 AND VI range -2000..10000,MOD13Q1 V061 Terra 250m 16-day
SO2211,Karaan,SO22,Banadir,2022-02-18,,,,,0.0,0,0.6071428571428571,0.2142857142857142,pixel_reliability=0 AND MODLAND_QA(bits0-1)=0 AND VI range -2000..10000,MOD13Q1 V061 Terra 250m 16-day
SO2211,Karaan,SO22,Banadir,2022-03-06,0.1213,0.1213,0.0681,0.0681,0.0357142857142857,1,0.5,0.1071428571428571,pixel_reliability=0 AND MODLAND_QA(bits0-1)=0 AND VI range -2000..10000,MOD13Q1 V061 Terra 250m 16-day
SO2211,Karaan,SO22,Banadir,2022-03-22,0.18905,0.1874,0.153375,0.14345,0.1428571428571428,4,0.3214285714285714,0.0357142857142857,pixel_reliability=0 AND MODLAND_QA(bits0-1)=0 AND VI range -2000..10000,MOD13Q1 V061 Terra 250m 16-day
SO2211,Karaan,SO22,Banadir,2022-04-07,0.1807,0.1886,0.1547666666666666,0.1554,0.1071428571428571,3,0.4285714285714285,0.25,pixel_reliability=0 AND MODLAND_QA(bits0-1)=0 AND VI range -2000..10000,MOD13Q1 V061 Terra 250m 16-day
SO2211,Karaan,SO22,Banadir,2022-04-23,,,,,0.0,0,0.2142857142857142,0.5714285714285714,pixel_reliability=0 AND MODLAND_QA(bits0-1)=0 AND VI range -2000..10000,MOD13Q1 V061 Terra 250m 16-day
SO2211,Karaan,SO22,Banadir,2022-05-09,0.1969,0.1969,0.1385,0.1385,0.0357142857142857,1,0.1071428571428571,0.4642857142857143,pixel_reliability=0 AND MODLAND_QA(bits0-1)=0 AND VI range -2000..10000,MOD13Q1 V061 Terra 250m 16-day
SO2211,Karaan,SO22,Banadir,2022-05-25,,,,,0.0,0,0.25,0.3928571428571428,pixel_reliability=0 AND MODLAND_QA(bits0-1)=0 AND VI range -2000..10000,MOD13Q1 V061 Terra 250m 16-day
SO2211,Karaan,SO22,Banadir,2022-06-10,,,,,0.0,0,0.6785714285714286,0.0,pixel_reliability=0 AND MODLAND_QA(bits0-1)=0 AND VI range -2000..10000,MOD13Q1 V061 Terra 250m 16-day
SO2211,Karaan,SO22,Banadir,2022-06-26,,,,,0.0,0,0.0,1.0,pixel_reliability=0 AND MODLAND_QA(bits0-1)=0 AND VI range -2000..10000,MOD13Q1 V061 Terra 250m 16-day
SO2211,Karaan,SO22,Banadir,2022-07-12,,,,,0.0,0,0.0,0.75,pixel_reliability=0 AND MODLAND_QA(bits0-1)=0 AND VI range -2000..10000,MOD13Q1 V061 Terra 250m 16-day
SO2211,Karaan,SO22,Banadir,2022-07-28,,,,,0.0,0,0.0714285714285714,0.7142857142857143,pixel_reliability=0 AND MODLAND_QA(bits0-1)=0 AND VI range -2000..10000,MOD13Q1 V061 Terra 250m 16-day
SO2211,Karaan,SO22,Banadir,2022-08-13,,,,,0.0,0,0.0357142857142857,0.9285714285714286,pixel_reliability=0 AND MODLAND_QA(bits0-1)=0 AND VI range -2000..10000,MOD13Q1 V061 Terra 250m 16-day
SO2211,Karaan,SO22,Banadir,2022-08-29,,,,,0.0,0,0.4642857142857143,0.17857142857142858,pixel_reliability=0 AND MODLAND_QA(bits0-1)=0 AND VI range -2000..10000,MOD13Q1 V061 Terra 250m 16-day
SO2211,Karaan,SO22,Banadir,2022-09-14,0.20700000000000002,0.20700000000000002,0.157,0.157,0.03571428571428571,1,0.42857142857142855,0.10714285714285714,pixel_reliability=0 AND MODLAND_QA(bits0-1)=0 AND VI range -2000..10000,MOD13Q1 V061 Terra 250m 16-day
SO2211,Karaan,SO22,Banadir,2022-09-30,,,,,0.0,0,0.17857142857142858,0.5,pixel_reliability=0 AND MODLAND_QA(bits0-1)=0 AND VI range -2000..10000,MOD13Q1 V061 Terra 250m 16-day
SO2211,Karaan,SO22,Banadir,2022-10-16,0.20750000000000002,0.20750000000000002,0.16640000000000002,0.16640000000000002,0.03571428571428571,1,0.5,0.21428571428571427,pixel_reliability=0 AND MODLAND_QA(bits0-1)=0 AND VI range -2000..10000,MOD13Q1 V061 Terra 250m 16-day
SO2211,Karaan,SO22,Banadir,2022-11-01,,,,,0.0,0,0.10714285714285714,0.6785714285714286,pixel_reliability=0 AND MODLAND_QA(bits0-1)=0 AND VI range -2000..10000,MOD13Q1 V061 Terra 250m 16-day
SO2211,Karaan,SO22,Banadir,2022-11-17,,,,,0.0,0,0.21428571428571427,0.42857142857142855,pixel_reliability=0 AND MODLAND_QA(bits0-1)=0 AND VI range -2000..10000,MOD13Q1 V061 Terra 250m 16-day
SO2211,Karaan,SO22,Banadir,2022-12-03,0.22868333333333335,0.22175,0.15561666666666665,0.14984999999999998,0.21428571428571427,6,0.25,0.10714285714285714,pixel_reliability=0 AND MODLAND_QA(bits0-1)=0 AND VI range -2000..10000,MOD13Q1 V061 Terra 250m 16-day
SO2211,Karaan,SO22,Banadir,2022-12-19,0.167575,0.18555,0.13557500000000003,0.1453,0.14285714285714285,4,0.35714285714285715,0.0,pixel_reliability=0 AND MODLAND_QA(bits0-1)=0 AND VI range -2000..10000,MOD13Q1 V061 Terra 250m 16-day
SO2212,Shangaani,SO22,Banadir,2022-01-01,,,,,0.0,0,1.0,0.0,pixel_reliability=0 AND MODLAND_QA(bits0-1)=0 AND VI range -2000..10000,MOD13Q1 V061 Terra 250m 16-day
SO2212,Shangaani,SO22,Banadir,2022-01-17,,,,,0.0,0,1.0,0.0,pixel_reliability=0 AND MODLAND_QA(bits0-1)=0 AND VI range -2000..10000,MOD13Q1 V061 Terra 250m 16-day
SO2212,Shangaani,SO22,Banadir,2022-02-02,,,,,0.0,0,0.0,1.0,pixel_reliability=0 AND MODLAND_QA(bits0-1)=0 AND VI range -2000..10000,MOD13Q1 V061 Terra 250m 16-day
SO2212,Shangaani,SO22,Banadir,2022-02-18,,,,,0.0,0,1.0,0.0,pixel_reliability=0 AND MODLAND_QA(bits0-1)=0 AND VI range -2000..10000,MOD13Q1 V061 Terra 250m 16-day
SO2212,Shangaani,SO22,Banadir,2022-03-06,,,,,0.0,0,0.0,0.0,pixel_reliability=0 AND MODLAND_QA(bits0-1)=0 AND VI range -2000..10000,MOD13Q1 V061 Terra 250m 16-day
SO2212,Shangaani,SO22,Banadir,2022-03-22,,,,,0.0,0,0.0,0.0,pixel_reliability=0 AND MODLAND_QA(bits0-1)=0 AND VI range -2000..10000,MOD13Q1 V061 Terra 250m 16-day
SO2212,Shangaani,SO22,Banadir,2022-04-07,,,,,0.0,0,0.0,1.0,pixel_reliability=0 AND MODLAND_QA(bits0-1)=0 AND VI range -2000..10000,MOD13Q1 V061 Terra 250m 16-day
SO2212,Shangaani,SO22,Banadir,2022-04-23,,,,,0.0,0,0.0,1.0,pixel_reliability=0 AND MODLAND_QA(bits0-1)=0 AND VI range -2000..10000,MOD13Q1 V061 Terra 250m 16-day
SO2212,Shangaani,SO22,Banadir,2022-05-09,,,,,0.0,0,0.0,1.0,pixel_reliability=0 AND MODLAND_QA(bits0-1)=0 AND VI range -2000..10000,MOD13Q1 V061 Terra 250m 16-day
SO2212,Shangaani,SO22,Banadir,2022-05-25,,,,,0.0,0,0.0,1.0,pixel_reliability=0 AND MODLAND_QA(bits0-1)=0 AND VI range -2000..10000,MOD13Q1 V061 Terra 250m 16-day
SO2212,Shangaani,SO22,Banadir,2022-06-10,,,,,0.0,0,0.0,0.0,pixel_reliability=0 AND MODLAND_QA(bits0-1)=0 AND VI range -2000..10000,MOD13Q1 V061 Terra 250m 16-day
SO2212,Shangaani,SO22,Banadir,2022-06-26,,,,,0.0,0,0.0,1.0,pixel_reliability=0 AND MODLAND_QA(bits0-1)=0 AND VI range -2000..10000,MOD13Q1 V061 Terra 250m 16-day
SO2212,Shangaani,SO22,Banadir,2022-07-12,,,,,0.0,0,0.0,1.0,pixel_reliability=0 AND MODLAND_QA(bits0-1)=0 AND VI range -2000..10000,MOD13Q1 V061 Terra 250m 16-day
SO2212,Shangaani,SO22,Banadir,2022-07-28,,,,,0.0,0,0.0,1.0,pixel_reliability=0 AND MODLAND_QA(bits0-1)=0 AND VI range -2000..10000,MOD13Q1 V061 Terra 250m 16-day
SO2212,Shangaani,SO22,Banadir,2022-08-13,,,,,0.0,0,0.0,1.0,pixel_reliability=0 AND MODLAND_QA(bits0-1)=0 AND VI range -2000..10000,MOD13Q1 V061 Terra 250m 16-day
SO2212,Shangaani,SO22,Banadir,2022-08-29,,,,,0.0,0,0.0,1.0,pixel_reliability=0 AND MODLAND_QA(bits0-1)=0 AND VI range -2000..10000,MOD13Q1 V061 Terra 250m 16-day
SO2212,Shangaani,SO22,Banadir,2022-09-14,,,,,0.0,0,0.0,0.0,pixel_reliability=0 AND MODLAND_QA(bits0-1)=0 AND VI range -2000..10000,MOD13Q1 V061 Terra 250m 16-day
SO2212,Shangaani,SO22,Banadir,2022-09-30,,,,,0.0,0,0.0,1.0,pixel_reliability=0 AND MODLAND_QA(bits0-1)=0 AND VI range -2000..10000,MOD13Q1 V061 Terra 250m 16-day
SO2212,Shangaani,SO22,Banadir,2022-10-16,,,,,0.0,0,1.0,0.0,pixel_reliability=0 AND MODLAND_QA(bits0-1)=0 AND VI range -2000..10000,MOD13Q1 V061 Terra 250m 16-day
SO2212,Shangaani,SO22,Banadir,2022-11-01,,,,,0.0,0,0.0,1.0,pixel_reliability=0 AND MODLAND_QA(bits0-1)=0 AND VI range -2000..10000,MOD13Q1 V061 Terra 250m 16-day
SO2212,Shangaani,SO22,Banadir,2022-11-17,,,,,0.0,0,0.0,1.0,pixel_reliability=0 AND MODLAND_QA(bits0-1)=0 AND VI range -2000..10000,MOD13Q1 V061 Terra 250m 16-day
SO2212,Shangaani,SO22,Banadir,2022-12-03,,,,,0.0,0,0.0,0.0,pixel_reliability=0 AND MODLAND_QA(bits0-1)=0 AND VI range -2000..10000,MOD13Q1 V061 Terra 250m 16-day
SO2212,Shangaani,SO22,Banadir,2022-12-19,,,,,0.0,0,0.0,0.0,pixel_reliability=0 AND MODLAND_QA(bits0-1)=0 AND VI range -2000..10000,MOD13Q1 V061 Terra 250m 16-day
SO2213,Shibis,SO22,Banadir,2022-01-01,0.1643,0.1643,0.1014,0.1014,0.25,1,0.25,0.25,pixel_reliability=0 AND MODLAND_QA(bits0-1)=0 AND VI range -2000..10000,MOD13Q1 V061 Terra 250m 16-day
SO2213,Shibis,SO22,Banadir,2022-01-17,,,,,0.0,0,0.0,0.75,pixel_reliability=0 AND MODLAND_QA(bits0-1)=0 AND VI range -2000..10000,MOD13Q1 V061 Terra 250m 16-day
SO2213,Shibis,SO22,Banadir,2022-02-02,,,,,0.0,0,0.25,0.25,pixel_reliability=0 AND MODLAND_QA(bits0-1)=0 AND VI range -2000..10000,MOD13Q1 V061 Terra 250m 16-day
SO2213,Shibis,SO22,Banadir,2022-02-18,,,,,0.0,0,0.5,0.25,pixel_reliability=0 AND MODLAND_QA(bits0-1)=0 AND VI range -2000..10000,MOD13Q1 V061 Terra 250m 16-day
SO2213,Shibis,SO22,Banadir,2022-03-06,0.1448,0.1448,0.1211,0.1211,0.25,1,0.25,0.0,pixel_reliability=0 AND MODLAND_QA(bits0-1)=0 AND VI range -2000..10000,MOD13Q1 V061 Terra 250m 16-day
SO2213,Shibis,SO22,Banadir,2022-03-22,0.1469,0.1469,0.0931,0.0931,0.25,1,0.5,0.25,pixel_reliability=0 AND MODLAND_QA(bits0-1)=0 AND VI range -2000..10000,MOD13Q1 V061 Terra 250m 16-day
SO2213,Shibis,SO22,Banadir,2022-04-07,,,,,0.0,0,0.75,0.25,pixel_reliability=0 AND MODLAND_QA(bits0-1)=0 AND VI range -2000..10000,MOD13Q1 V061 Terra 250m 16-day
SO2213,Shibis,SO22,Banadir,2022-04-23,,,,,0.0,0,0.5,0.5,pixel_reliability=0 AND MODLAND_QA(bits0-1)=0 AND VI range -2000..10000,MOD13Q1 V061 Terra 250m 16-day
SO2213,Shibis,SO22,Banadir,2022-05-09,,,,,0.0,0,0.25,0.25,pixel_reliability=0 AND MODLAND_QA(bits0-1)=0 AND VI range -2000..10000,MOD13Q1 V061 Terra 250m 16-day
SO2213,Shibis,SO22,Banadir,2022-05-25,,,,,0.0,0,0.0,0.5,pixel_reliability=0 AND MODLAND_QA(bits0-1)=0 AND VI range -2000..10000,MOD13Q1 V061 Terra 250m 16-day
SO2213,Shibis,SO22,Banadir,2022-06-10,,,,,0.0,0,0.25,0.25,pixel_reliability=0 AND MODLAND_QA(bits0-1)=0 AND VI range -2000..10000,MOD13Q1 V061 Terra 250m 16-day
SO2213,Shibis,SO22,Banadir,2022-06-26,,,,,0.0,0,0.0,1.0,pixel_reliability=0 AND MODLAND_QA(bits0-1)=0 AND VI range -2000..10000,MOD13Q1 V061 Terra 250m 16-day
SO2213,Shibis,SO22,Banadir,2022-07-12,,,,,0.0,0,0.0,1.0,pixel_reliability=0 AND MODLAND_QA(bits0-1)=0 AND VI range -2000..10000,MOD13Q1 V061 Terra 250m 16-day
SO2213,Shibis,SO22,Banadir,2022-07-28,,,,,0.0,0,0.0,1.0,pixel_reliability=0 AND MODLAND_QA(bits0-1)=0 AND VI range -2000..10000,MOD13Q1 V061 Terra 250m 16-day
SO2213,Shibis,SO22,Banadir,2022-08-13,,,,,0.0,0,0.0,1.0,pixel_reliability=0 AND MODLAND_QA(bits0-1)=0 AND VI range -2000..10000,MOD13Q1 V061 Terra 250m 16-day
SO2213,Shibis,SO22,Banadir,2022-08-29,,,,,0.0,0,0.25,0.25,pixel_reliability=0 AND MODLAND_QA(bits0-1)=0 AND VI range -2000..10000,MOD13Q1 V061 Terra 250m 16-day
SO2213,Shibis,SO22,Banadir,2022-09-14,,,,,0.0,0,0.75,0.0,pixel_reliability=0 AND MODLAND_QA(bits0-1)=0 AND VI range -2000..10000,MOD13Q1 V061 Terra 250m 16-day
SO2213,Shibis,SO22,Banadir,2022-09-30,,,,,0.0,0,0.5,0.0,pixel_reliability=0 AND MODLAND_QA(bits0-1)=0 AND VI range -2000..10000,MOD13Q1 V061 Terra 250m 16-day
SO2213,Shibis,SO22,Banadir,2022-10-16,,,,,0.0,0,0.75,0.0,pixel_reliability=0 AND MODLAND_QA(bits0-1)=0 AND VI range -2000..10000,MOD13Q1 V061 Terra 250m 16-day
SO2213,Shibis,SO22,Banadir,2022-11-01,,,,,0.0,0,0.0,1.0,pixel_reliability=0 AND MODLAND_QA(bits0-1)=0 AND VI range -2000..10000,MOD13Q1 V061 Terra 250m 16-day
SO2213,Shibis,SO22,Banadir,2022-11-17,,,,,0.0,0,0.0,1.0,pixel_reliability=0 AND MODLAND_QA(bits0-1)=0 AND VI range -2000..10000,MOD13Q1 V061 Terra 250m 16-day
SO2213,Shibis,SO22,Banadir,2022-12-03,,,,,0.0,0,0.0,0.0,pixel_reliability=0 AND MODLAND_QA(bits0-1)=0 AND VI range -2000..10000,MOD13Q1 V061 Terra 250m 16-day
SO2213,Shibis,SO22,Banadir,2022-12-19,0.1552,0.1552,0.1227,0.1227,0.25,1,0.25,0.0,pixel_reliability=0 AND MODLAND_QA(bits0-1)=0 AND VI range -2000..10000,MOD13Q1 V061 Terra 250m 16-day
SO2214,Waaberi,SO22,Banadir,2022-01-01,,,,,0.0,0,0.2222222222222222,0.0,pixel_reliability=0 AND MODLAND_QA(bits0-1)=0 AND VI range -2000..10000,MOD13Q1 V061 Terra 250m 16-day
SO2214,Waaberi,SO22,Banadir,2022-01-17,,,,,0.0,0,0.6666666666666666,0.2222222222222222,pixel_reliability=0 AND MODLAND_QA(bits0-1)=0 AND VI range -2000..10000,MOD13Q1 V061 Terra 250m 16-day
SO2214,Waaberi,SO22,Banadir,2022-02-02,0.22515,0.22515,0.14825,0.14825,0.2222222222222222,2,0.1111111111111111,0.2222222222222222,pixel_reliability=0 AND MODLAND_QA(bits0-1)=0 AND VI range -2000..10000,MOD13Q1 V061 Terra 250m 16-day
SO2214,Waaberi,SO22,Banadir,2022-02-18,-0.0758,-0.0758,0.117,0.117,0.1111111111111111,1,0.1111111111111111,0.0,pixel_reliability=0 AND MODLAND_QA(bits0-1)=0 AND VI range -2000..10000,MOD13Q1 V061 Terra 250m 16-day
SO2214,Waaberi,SO22,Banadir,2022-03-06,,,,,0.0,0,0.3333333333333333,0.1111111111111111,pixel_reliability=0 AND MODLAND_QA(bits0-1)=0 AND VI range -2000..10000,MOD13Q1 V061 Terra 250m 16-day
SO2214,Waaberi,SO22,Banadir,2022-03-22,0.169,0.169,0.1428,0.1428,0.1111111111111111,1,0.1111111111111111,0.3333333333333333,pixel_reliability=0 AND MODLAND_QA(bits0-1)=0 AND VI range -2000..10000,MOD13Q1 V061 Terra 250m 16-day
SO2214,Waaberi,SO22,Banadir,2022-04-07,,,,,0.0,0,0.1111111111111111,0.2222222222222222,pixel_reliability=0 AND MODLAND_QA(bits0-1)=0 AND VI range -2000..10000,MOD13Q1 V061 Terra 250m 16-day
SO2214,Waaberi,SO22,Banadir,2022-04-23,,,,,0.0,0,0.2222222222222222,0.5555555555555556,pixel_reliability=0 AND MODLAND_QA(bits0-1)=0 AND VI range -2000..10000,MOD13Q1 V061 Terra 250m 16-day
SO2214,Waaberi,SO22,Banadir,2022-05-09,,,,,0.0,0,0.2222222222222222,0.2222222222222222,pixel_reliability=0 AND MODLAND_QA(bits0-1)=0 AND VI range -2000..10000,MOD13Q1 V061 Terra 250m 16-day
SO2214,Waaberi,SO22,Banadir,2022-05-25,,,,,0.0,0,0.0,0.7777777777777778,pixel_reliability=0 AND MODLAND_QA(bits0-1)=0 AND VI range -2000..10000,MOD13Q1 V061 Terra 250m 16-day
SO2214,Waaberi,SO22,Banadir,2022-06-10,,,,,0.0,0,0.1111111111111111,0.7777777777777778,pixel_reliability=0 AND MODLAND_QA(bits0-1)=0 AND VI range -2000..10000,MOD13Q1 V061 Terra 250m 16-day
SO2214,Waaberi,SO22,Banadir,2022-06-26,,,,,0.0,0,0.0,1.0,pixel_reliability=0 AND MODLAND_QA(bits0-1)=0 AND VI range -2000..10000,MOD13Q1 V061 Terra 250m 16-day
SO2214,Waaberi,SO22,Banadir,2022-07-12,,,,,0.0,0,0.0,1.0,pixel_reliability=0 AND MODLAND_QA(bits0-1)=0 AND VI range -2000..10000,MOD13Q1 V061 Terra 250m 16-day
SO2214,Waaberi,SO22,Banadir,2022-07-28,,,,,0.0,0,0.0,1.0,pixel_reliability=0 AND MODLAND_QA(bits0-1)=0 AND VI range -2000..10000,MOD13Q1 V061 Terra 250m 16-day
SO2214,Waaberi,SO22,Banadir,2022-08-13,,,,,0.0,0,0.0,1.0,pixel_reliability=0 AND MODLAND_QA(bits0-1)=0 AND VI range -2000..10000,MOD13Q1 V061 Terra 250m 16-day
SO2214,Waaberi,SO22,Banadir,2022-08-29,,,,,0.0,0,0.0,0.8888888888888888,pixel_reliability=0 AND MODLAND_QA(bits0-1)=0 AND VI range -2000..10000,MOD13Q1 V061 Terra 250m 16-day
SO2214,Waaberi,SO22,Banadir,2022-09-14,,,,,0.0,0,0.5555555555555556,0.2222222222222222,pixel_reliability=0 AND MODLAND_QA(bits0-1)=0 AND VI range -2000..10000,MOD13Q1 V061 Terra 250m 16-day
SO2214,Waaberi,SO22,Banadir,2022-09-30,,,,,0.0,0,0.0,1.0,pixel_reliability=0 AND MODLAND_QA(bits0-1)=0 AND VI range -2000..10000,MOD13Q1 V061 Terra 250m 16-day
SO2214,Waaberi,SO22,Banadir,2022-10-16,,,,,0.0,0,0.1111111111111111,0.3333333333333333,pixel_reliability=0 AND MODLAND_QA(bits0-1)=0 AND VI range -2000..10000,MOD13Q1 V061 Terra 250m 16-day
SO2214,Waaberi,SO22,Banadir,2022-11-01,,,,,0.0,0,0.0,1.0,pixel_reliability=0 AND MODLAND_QA(bits0-1)=0 AND VI range -2000..10000,MOD13Q1 V061 Terra 250m 16-day
SO2214,Waaberi,SO22,Banadir,2022-11-17,,,,,0.0,0,0.1111111111111111,0.8888888888888888,pixel_reliability=0 AND MODLAND_QA(bits0-1)=0 AND VI range -2000..10000,MOD13Q1 V061 Terra 250m 16-day
SO2214,Waaberi,SO22,Banadir,2022-12-03,,,,,0.0,0,0.1111111111111111,0.1111111111111111,pixel_reliability=0 AND MODLAND_QA(bits0-1)=0 AND VI range -2000..10000,MOD13Q1 V061 Terra 250m 16-day
SO2214,Waaberi,SO22,Banadir,2022-12-19,,,,,0.0,0,0.4444444444444444,0.2222222222222222,pixel_reliability=0 AND MODLAND_QA(bits0-1)=0 AND VI range -2000..10000,MOD13Q1 V061 Terra 250m 16-day
SO2215,Wadajir (Medina),SO22,Banadir,2022-01-01,0.1932875,0.1802,0.1432875,0.1427,0.2580645161290322,8,0.1935483870967742,0.0,pixel_reliability=0 AND MODLAND_QA(bits0-1)=0 AND VI range -2000..10000,MOD13Q1 V061 Terra 250m 16-day
SO2215,Wadajir (Medina),SO22,Banadir,2022-01-17,0.2766,0.2766,0.1915,0.1915,0.064516129032258,2,0.6774193548387096,0.064516129032258,pixel_reliability=0 AND MODLAND_QA(bits0-1)=0 AND VI range -2000..10000,MOD13Q1 V061 Terra 250m 16-day
SO2215,Wadajir (Medina),SO22,Banadir,2022-02-02,0.1545875,0.1547,0.1135875,0.1147,0.2580645161290322,8,0.2580645161290322,0.032258064516129,pixel_reliability=0 AND MODLAND_QA(bits0-1)=0 AND VI range -2000..10000,MOD13Q1 V061 Terra 250m 16-day
SO2215,Wadajir (Medina),SO22,Banadir,2022-02-18,0.1689,0.1689,0.1253,0.1253,0.032258064516129,1,0.2903225806451613,0.0,pixel_reliability=0 AND MODLAND_QA(bits0-1)=0 AND VI range -2000..10000,MOD13Q1 V061 Terra 250m 16-day
SO2215,Wadajir (Medina),SO22,Banadir,2022-03-06,0.1719,0.1619,0.134375,0.1278,0.1290322580645161,4,0.4516129032258064,0.0,pixel_reliability=0 AND MODLAND_QA(bits0-1)=0 AND VI range -2000..10000,MOD13Q1 V061 Terra 250m 16-day
SO2215,Wadajir (Medina),SO22,Banadir,2022-03-22,0.1523,0.1523,0.1181,0.1181,0.032258064516129,1,0.4516129032258064,0.0,pixel_reliability=0 AND MODLAND_QA(bits0-1)=0 AND VI range -2000..10000,MOD13Q1 V061 Terra 250m 16-day
SO2215,Wadajir (Medina),SO22,Banadir,2022-04-07,0.2268,0.2268,0.1587,0.1587,0.032258064516129,1,0.7419354838709677,0.0967741935483871,pixel_reliability=0 AND MODLAND_QA(bits0-1)=0 AND VI range -2000..10000,MOD13Q1 V061 Terra 250m 16-day
SO2215,Wadajir (Medina),SO22,Banadir,2022-04-23,,,,,0.0,0,0.0967741935483871,0.6129032258064516,pixel_reliability=0 AND MODLAND_QA(bits0-1)=0 AND VI range -2000..10000,MOD13Q1 V061 Terra 250m 16-day
SO2215,Wadajir (Medina),SO22,Banadir,2022-05-09,,,,,0.0,0,0.3225806451612903,0.4193548387096774,pixel_reliability=0 AND MODLAND_QA(bits0-1)=0 AND VI range -2000..10000,MOD13Q1 V061 Terra 250m 16-day
SO2215,Wadajir (Medina),SO22,Banadir,2022-05-25,,,,,0.0,0,0.032258064516129,0.7096774193548387,pixel_reliability=0 AND MODLAND_QA(bits0-1)=0 AND VI range -2000..10000,MOD13Q1 V061 Terra 250m 16-day
SO2215,Wadajir (Medina),SO22,Banadir,2022-06-10,,,,,0.0,0,0.4193548387096774,0.3225806451612903,pixel_reliability=0 AND MODLAND_QA(bits0-1)=0 AND VI range -2000..10000,MOD13Q1 V061 Terra 250m 16-day
SO2215,Wadajir (Medina),SO22,Banadir,2022-06-26,,,,,0.0,0,0.0967741935483871,0.5483870967741935,pixel_reliability=0 AND MODLAND_QA(bits0-1)=0 AND VI range -2000..10000,MOD13Q1 V061 Terra 250m 16-day
SO2215,Wadajir (Medina),SO22,Banadir,2022-07-12,,,,,0.0,0,0.0,1.0,pixel_reliability=0 AND MODLAND_QA(bits0-1)=0 AND VI range -2000..10000,MOD13Q1 V061 Terra 250m 16-day
SO2215,Wadajir (Medina),SO22,Banadir,2022-07-28,,,,,0.0,0,0.064516129032258,0.6774193548387096,pixel_reliability=0 AND MODLAND_QA(bits0-1)=0 AND VI range -2000..10000,MOD13Q1 V061 Terra 250m 16-day
SO2215,Wadajir (Medina),SO22,Banadir,2022-08-13,,,,,0.0,0,0.0,0.935483870967742,pixel_reliability=0 AND MODLAND_QA(bits0-1)=0 AND VI range -2000..10000,MOD13Q1 V061 Terra 250m 16-day
SO2215,Wadajir (Medina),SO22,Banadir,2022-08-29,,,,,0.0,0,0.3548387096774194,0.22580645161290322,pixel_reliability=0 AND MODLAND_QA(bits0-1)=0 AND VI range -2000..10000,MOD13Q1 V061 Terra 250m 16-day
SO2215,Wadajir (Medina),SO22,Banadir,2022-09-14,,,,,0.0,0,0.6129032258064516,0.06451612903225806,pixel_reliability=0 AND MODLAND_QA(bits0-1)=0 AND VI range -2000..10000,MOD13Q1 V061 Terra 250m 16-day
SO2215,Wadajir (Medina),SO22,Banadir,2022-09-30,,,,,0.0,0,0.12903225806451613,0.7419354838709677,pixel_reliability=0 AND MODLAND_QA(bits0-1)=0 AND VI range -2000..10000,MOD13Q1 V061 Terra 250m 16-day
SO2215,Wadajir (Medina),SO22,Banadir,2022-10-16,,,,,0.0,0,0.12903225806451613,0.4838709677419355,pixel_reliability=0 AND MODLAND_QA(bits0-1)=0 AND VI range -2000..10000,MOD13Q1 V061 Terra 250m 16-day
SO2215,Wadajir (Medina),SO22,Banadir,2022-11-01,,,,,0.0,0,0.06451612903225806,0.8709677419354839,pixel_reliability=0 AND MODLAND_QA(bits0-1)=0 AND VI range -2000..10000,MOD13Q1 V061 Terra 250m 16-day
SO2215,Wadajir (Medina),SO22,Banadir,2022-11-17,,,,,0.0,0,0.0,0.8064516129032258,pixel_reliability=0 AND MODLAND_QA(bits0-1)=0 AND VI range -2000..10000,MOD13Q1 V061 Terra 250m 16-day
SO2215,Wadajir (Medina),SO22,Banadir,2022-12-03,0.1875857142857143,0.17980000000000002,0.13025714285714288,0.126,0.22580645161290322,7,0.25806451612903225,0.0967741935483871,pixel_reliability=0 AND MODLAND_QA(bits0-1)=0 AND VI range -2000..10000,MOD13Q1 V061 Terra 250m 16-day
SO2215,Wadajir (Medina),SO22,Banadir,2022-12-19,0.1943,0.1933,0.14143333333333333,0.139,0.0967741935483871,3,0.5161290322580645,0.03225806451612903,pixel_reliability=0 AND MODLAND_QA(bits0-1)=0 AND VI range -2000..10000,MOD13Q1 V061 Terra 250m 16-day
SO2216,Wardhigley,SO22,Banadir,2022-01-01,,,,,0.0,0,0.5454545454545454,0.0,pixel_reliability=0 AND MODLAND_QA(bits0-1)=0 AND VI range -2000..10000,MOD13Q1 V061 Terra 250m 16-day
SO2216,Wardhigley,SO22,Banadir,2022-01-17,,,,,0.0,0,0.4545454545454545,0.2727272727272727,pixel_reliability=0 AND MODLAND_QA(bits0-1)=0 AND VI range -2000..10000,MOD13Q1 V061 Terra 250m 16-day
SO2216,Wardhigley,SO22,Banadir,2022-02-02,0.1579,0.1579,0.0995,0.0995,0.0909090909090909,1,0.7272727272727273,0.0,pixel_reliability=0 AND MODLAND_QA(bits0-1)=0 AND VI range -2000..10000,MOD13Q1 V061 Terra 250m 16-day
SO2216,Wardhigley,SO22,Banadir,2022-02-18,,,,,0.0,0,0.6363636363636364,0.0,pixel_reliability=0 AND MODLAND_QA(bits0-1)=0 AND VI range -2000..10000,MOD13Q1 V061 Terra 250m 16-day
SO2216,Wardhigley,SO22,Banadir,2022-03-06,,,,,0.0,0,0.6363636363636364,0.0,pixel_reliability=0 AND MODLAND_QA(bits0-1)=0 AND VI range -2000..10000,MOD13Q1 V061 Terra 250m 16-day
SO2216,Wardhigley,SO22,Banadir,2022-03-22,0.1643,0.1643,0.1036,0.1036,0.0909090909090909,1,0.7272727272727273,0.0,pixel_reliability=0 AND MODLAND_QA(bits0-1)=0 AND VI range -2000..10000,MOD13Q1 V061 Terra 250m 16-day
SO2216,Wardhigley,SO22,Banadir,2022-04-07,0.1442,0.1442,0.095,0.095,0.0909090909090909,1,0.7272727272727273,0.0,pixel_reliability=0 AND MODLAND_QA(bits0-1)=0 AND VI range -2000..10000,MOD13Q1 V061 Terra 250m 16-day
SO2216,Wardhigley,SO22,Banadir,2022-04-23,0.162,0.162,0.1096,0.1096,0.0909090909090909,1,0.2727272727272727,0.2727272727272727,pixel_reliability=0 AND MODLAND_QA(bits0-1)=0 AND VI range -2000..10000,MOD13Q1 V061 Terra 250m 16-day
SO2216,Wardhigley,SO22,Banadir,2022-05-09,0.2143,0.2143,0.1524,0.1524,0.0909090909090909,1,0.7272727272727273,0.0909090909090909,pixel_reliability=0 AND MODLAND_QA(bits0-1)=0 AND VI range -2000..10000,MOD13Q1 V061 Terra 250m 16-day
SO2216,Wardhigley,SO22,Banadir,2022-05-25,,,,,0.0,0,0.1818181818181818,0.7272727272727273,pixel_reliability=0 AND MODLAND_QA(bits0-1)=0 AND VI range -2000..10000,MOD13Q1 V061 Terra 250m 16-day
SO2216,Wardhigley,SO22,Banadir,2022-06-10,,,,,0.0,0,0.0909090909090909,0.3636363636363636,pixel_reliability=0 AND MODLAND_QA(bits0-1)=0 AND VI range -2000..10000,MOD13Q1 V061 Terra 250m 16-day
SO2216,Wardhigley,SO22,Banadir,2022-06-26,,,,,0.0,0,0.0,0.8181818181818182,pixel_reliability=0 AND MODLAND_QA(bits0-1)=0 AND VI range -2000..10000,MOD13Q1 V061 Terra 250m 16-day
SO2216,Wardhigley,SO22,Banadir,2022-07-12,,,,,0.0,0,0.0,0.5454545454545454,pixel_reliability=0 AND MODLAND_QA(bits0-1)=0 AND VI range -2000..10000,MOD13Q1 V061 Terra 250m 16-day
SO2216,Wardhigley,SO22,Banadir,2022-07-28,,,,,0.0,0,0.0909090909090909,0.3636363636363636,pixel_reliability=0 AND MODLAND_QA(bits0-1)=0 AND VI range -2000..10000,MOD13Q1 V061 Terra 250m 16-day
SO2216,Wardhigley,SO22,Banadir,2022-08-13,,,,,0.0,0,0.0,1.0,pixel_reliability=0 AND MODLAND_QA(bits0-1)=0 AND VI range -2000..10000,MOD13Q1 V061 Terra 250m 16-day
SO2216,Wardhigley,SO22,Banadir,2022-08-29,,,,,0.0,0,0.6363636363636364,0.09090909090909091,pixel_reliability=0 AND MODLAND_QA(bits0-1)=0 AND VI range -2000..10000,MOD13Q1 V061 Terra 250m 16-day
SO2216,Wardhigley,SO22,Banadir,2022-09-14,,,,,0.0,0,0.8181818181818182,0.0,pixel_reliability=0 AND MODLAND_QA(bits0-1)=0 AND VI range -2000..10000,MOD13Q1 V061 Terra 250m 16-day
SO2216,Wardhigley,SO22,Banadir,2022-09-30,,,,,0.0,0,0.0,1.0,pixel_reliability=0 AND MODLAND_QA(bits0-1)=0 AND VI range -2000..10000,MOD13Q1 V061 Terra 250m 16-day
SO2216,Wardhigley,SO22,Banadir,2022-10-16,,,,,0.0,0,0.18181818181818182,0.5454545454545454,pixel_reliability=0 AND MODLAND_QA(bits0-1)=0 AND VI range -2000..10000,MOD13Q1 V061 Terra 250m 16-day
SO2216,Wardhigley,SO22,Banadir,2022-11-01,,,,,0.0,0,0.2727272727272727,0.5454545454545454,pixel_reliability=0 AND MODLAND_QA(bits0-1)=0 AND VI range -2000..10000,MOD13Q1 V061 Terra 250m 16-day
SO2216,Wardhigley,SO22,Banadir,2022-11-17,,,,,0.0,0,0.0,0.9090909090909091,pixel_reliability=0 AND MODLAND_QA(bits0-1)=0 AND VI range -2000..10000,MOD13Q1 V061 Terra 250m 16-day
SO2216,Wardhigley,SO22,Banadir,2022-12-03,0.19485000000000002,0.19485000000000002,0.12785000000000002,0.12785000000000002,0.18181818181818182,2,0.36363636363636365,0.18181818181818182,pixel_reliability=0 AND MODLAND_QA(bits0-1)=0 AND VI range -2000..10000,MOD13Q1 V061 Terra 250m 16-day
SO2216,Wardhigley,SO22,Banadir,2022-12-19,,,,,0.0,0,0.6363636363636364,0.0,pixel_reliability=0 AND MODLAND_QA(bits0-1)=0 AND VI range -2000..10000,MOD13Q1 V061 Terra 250m 16-day
SO2217,Yaaqshid,SO22,Banadir,2022-01-01,,,,,0.0,0,0.7142857142857143,0.0,pixel_reliability=0 AND MODLAND_QA(bits0-1)=0 AND VI range -2000..10000,MOD13Q1 V061 Terra 250m 16-day
SO2217,Yaaqshid,SO22,Banadir,2022-01-17,,,,,0.0,0,0.8571428571428571,0.0,pixel_reliability=0 AND MODLAND_QA(bits0-1)=0 AND VI range -2000..10000,MOD13Q1 V061 Terra 250m 16-day
SO2217,Yaaqshid,SO22,Banadir,2022-02-02,,,,,0.0,0,0.7857142857142857,0.0,pixel_reliability=0 AND MODLAND_QA(bits0-1)=0 AND VI range -2000..10000,MOD13Q1 V061 Terra 250m 16-day
SO2217,Yaaqshid,SO22,Banadir,2022-02-18,,,,,0.0,0,1.0,0.0,pixel_reliability=0 AND MODLAND_QA(bits0-1)=0 AND VI range -2000..10000,MOD13Q1 V061 Terra 250m 16-day
SO2217,Yaaqshid,SO22,Banadir,2022-03-06,,,,,0.0,0,1.0,0.0,pixel_reliability=0 AND MODLAND_QA(bits0-1)=0 AND VI range -2000..10000,MOD13Q1 V061 Terra 250m 16-day
SO2217,Yaaqshid,SO22,Banadir,2022-03-22,,,,,0.0,0,1.0,0.0,pixel_reliability=0 AND MODLAND_QA(bits0-1)=0 AND VI range -2000..10000,MOD13Q1 V061 Terra 250m 16-day
SO2217,Yaaqshid,SO22,Banadir,2022-04-07,,,,,0.0,0,0.9285714285714286,0.0,pixel_reliability=0 AND MODLAND_QA(bits0-1)=0 AND VI range -2000..10000,MOD13Q1 V061 Terra 250m 16-day
SO2217,Yaaqshid,SO22,Banadir,2022-04-23,,,,,0.0,0,0.3571428571428571,0.2857142857142857,pixel_reliability=0 AND MODLAND_QA(bits0-1)=0 AND VI range -2000..10000,MOD13Q1 V061 Terra 250m 16-day
SO2217,Yaaqshid,SO22,Banadir,2022-05-09,,,,,0.0,0,0.8571428571428571,0.0,pixel_reliability=0 AND MODLAND_QA(bits0-1)=0 AND VI range -2000..10000,MOD13Q1 V061 Terra 250m 16-day
SO2217,Yaaqshid,SO22,Banadir,2022-05-25,,,,,0.0,0,0.1428571428571428,0.2142857142857142,pixel_reliability=0 AND MODLAND_QA(bits0-1)=0 AND VI range -2000..10000,MOD13Q1 V061 Terra 250m 16-day
SO2217,Yaaqshid,SO22,Banadir,2022-06-10,,,,,0.0,0,0.6428571428571429,0.2142857142857142,pixel_reliability=0 AND MODLAND_QA(bits0-1)=0 AND VI range -2000..10000,MOD13Q1 V061 Terra 250m 16-day
SO2217,Yaaqshid,SO22,Banadir,2022-06-26,,,,,0.0,0,0.0,0.8571428571428571,pixel_reliability=0 AND MODLAND_QA(bits0-1)=0 AND VI range -2000..10000,MOD13Q1 V061 Terra 250m 16-day
SO2217,Yaaqshid,SO22,Banadir,2022-07-12,,,,,0.0,0,0.0,0.9285714285714286,pixel_reliability=0 AND MODLAND_QA(bits0-1)=0 AND VI range -2000..10000,MOD13Q1 V061 Terra 250m 16-day
SO2217,Yaaqshid,SO22,Banadir,2022-07-28,,,,,0.0,0,0.0,0.9285714285714286,pixel_reliability=0 AND MODLAND_QA(bits0-1)=0 AND VI range -2000..10000,MOD13Q1 V061 Terra 250m 16-day
SO2217,Yaaqshid,SO22,Banadir,2022-08-13,,,,,0.0,0,0.0,1.0,pixel_reliability=0 AND MODLAND_QA(bits0-1)=0 AND VI range -2000..10000,MOD13Q1 V061 Terra 250m 16-day
SO2217,Yaaqshid,SO22,Banadir,2022-08-29,,,,,0.0,0,0.8571428571428571,0.07142857142857142,pixel_reliability=0 AND MODLAND_QA(bits0-1)=0 AND VI range -2000..10000,MOD13Q1 V061 Terra 250m 16-day
SO2217,Yaaqshid,SO22,Banadir,2022-09-14,,,,,0.0,0,0.7857142857142857,0.0,pixel_reliability=0 AND MODLAND_QA(bits0-1)=0 AND VI range -2000..10000,MOD13Q1 V061 Terra 250m 16-day
SO2217,Yaaqshid,SO22,Banadir,2022-09-30,,,,,0.0,0,0.07142857142857142,0.9285714285714286,pixel_reliability=0 AND MODLAND_QA(bits0-1)=0 AND VI range -2000..10000,MOD13Q1 V061 Terra 250m 16-day
SO2217,Yaaqshid,SO22,Banadir,2022-10-16,,,,,0.0,0,0.07142857142857142,0.5,pixel_reliability=0 AND MODLAND_QA(bits0-1)=0 AND VI range -2000..10000,MOD13Q1 V061 Terra 250m 16-day
SO2217,Yaaqshid,SO22,Banadir,2022-11-01,,,,,0.0,0,0.07142857142857142,0.5,pixel_reliability=0 AND MODLAND_QA(bits0-1)=0 AND VI range -2000..10000,MOD13Q1 V061 Terra 250m 16-day
SO2217,Yaaqshid,SO22,Banadir,2022-11-17,,,,,0.0,0,0.21428571428571427,0.7142857142857143,pixel_reliability=0 AND MODLAND_QA(bits0-1)=0 AND VI range -2000..10000,MOD13Q1 V061 Terra 250m 16-day
SO2217,Yaaqshid,SO22,Banadir,2022-12-03,,,,,0.0,0,0.5714285714285714,0.07142857142857142,pixel_reliability=0 AND MODLAND_QA(bits0-1)=0 AND VI range -2000..10000,MOD13Q1 V061 Terra 250m 16-day
SO2217,Yaaqshid,SO22,Banadir,2022-12-19,,,,,0.0,0,0.7857142857142857,0.0,pixel_reliability=0 AND MODLAND_QA(bits0-1)=0 AND VI range -2000..10000,MOD13Q1 V061 Terra 250m 16-day
SO2301,Marka,SO23,Lower Shabelle,2022-01-01,0.4736716723549488,0.47,0.2935336746302616,0.2933,0.6915814319433516,879,0.013375295043273,0.0,pixel_reliability=0 AND MODLAND_QA(bits0-1)=0 AND VI range -2000..10000,MOD13Q1 V061 Terra 250m 16-day
SO2301,Marka,SO23,Lower Shabelle,2022-01-17,0.358437987012987,0.35515,0.2359370129870129,0.2356,0.2423288749016522,308,0.2525570416994492,0.007081038552321,pixel_reliability=0 AND MODLAND_QA(bits0-1)=0 AND VI range -2000..10000,MOD13Q1 V061 Terra 250m 16-day
SO2301,Marka,SO23,Lower Shabelle,2022-02-02,0.3577001976284585,0.33045,0.2204225296442687,0.21165,0.3981117230527144,506,0.077891424075531,0.003933910306845,pixel_reliability=0 AND MODLAND_QA(bits0-1)=0 AND VI range -2000..10000,MOD13Q1 V061 Terra 250m 16-day
SO2301,Marka,SO23,Lower Shabelle,2022-02-18,0.3248650669642857,0.3032,0.2086924107142857,0.1987,0.7049567269866247,896,0.025963808025177,0.0,pixel_reliability=0 AND MODLAND_QA(bits0-1)=0 AND VI range -2000..10000,MOD13Q1 V061 Terra 250m 16-day
SO2301,Marka,SO23,Lower Shabelle,2022-03-06,0.3025579155672823,0.2803,0.2109412928759894,0.1948,0.5963808025177026,758,0.034618410700236,0.002360346184107,pixel_reliability=0 AND MODLAND_QA(bits0-1)=0 AND VI range -2000..10000,MOD13Q1 V061 Terra 250m 16-day
SO2301,Marka,SO23,Lower Shabelle,2022-03-22,0.2891842105263157,0.2745,0.2029377192982456,0.19505,0.1793863099921321,228,0.3996852871754524,0.010228166797797,pixel_reliability=0 AND MODLAND_QA(bits0-1)=0 AND VI range -2000..10000,MOD13Q1 V061 Terra 250m 16-day
SO2301,Marka,SO23,Lower Shabelle,2022-04-07,0.2579528409090909,0.2619,0.1840409090909091,0.18475,0.1384736428009441,176,0.2989771833202203,0.081825334382376,pixel_reliability=0 AND MODLAND_QA(bits0-1)=0 AND VI range -2000..10000,MOD13Q1 V061 Terra 250m 16-day
SO2301,Marka,SO23,Lower Shabelle,2022-04-23,0.2604540983606557,0.2492,0.157127868852459,0.1467,0.1919748229740362,244,0.2202989771833202,0.1589299763965381,pixel_reliability=0 AND MODLAND_QA(bits0-1)=0 AND VI range -2000..10000,MOD13Q1 V061 Terra 250m 16-day
SO2301,Marka,SO23,Lower Shabelle,2022-05-09,0.3637725099601593,0.3532,0.2203398406374502,0.2164,0.1974822974036192,251,0.2478363493312352,0.06294256490952,pixel_reliability=0 AND MODLAND_QA(bits0-1)=0 AND VI range -2000..10000,MOD13Q1 V061 Terra 250m 16-day
SO2301,Marka,SO23,Lower Shabelle,2022-05-25,0.3149945205479452,0.312,0.2221479452054794,0.2269,0.057435090479937,73,0.4350904799370574,0.1195908733280881,pixel_reliability=0 AND MODLAND_QA(bits0-1)=0 AND VI range -2000..10000,MOD13Q1 V061 Terra 250m 16-day
SO2301,Marka,SO23,Lower Shabelle,2022-06-10,0.3322190839694657,0.334,0.2128885496183206,0.2167,0.1030684500393391,131,0.4657749803304484,0.033831628638867,pixel_reliability=0 AND MODLAND_QA(bits0-1)=0 AND VI range -2000..10000,MOD13Q1 V061 Terra 250m 16-day
SO2301,Marka,SO23,Lower Shabelle,2022-06-26,0.3257774193548388,0.3573,0.2138,0.2332,0.024390243902439,31,0.2706530291109362,0.4287962234461054,pixel_reliability=0 AND MODLAND_QA(bits0-1)=0 AND VI range -2000..10000,MOD13Q1 V061 Terra 250m 16-day
SO2301,Marka,SO23,Lower Shabelle,2022-07-12,0.397625,0.42205,0.2858875,0.3086,0.006294256490952,8,0.3540519276160503,0.3241542092840283,pixel_reliability=0 AND MODLAND_QA(bits0-1)=0 AND VI range -2000..10000,MOD13Q1 V061 Terra 250m 16-day
SO2301,Marka,SO23,Lower Shabelle,2022-07-28,0.5082201492537314,0.5283,0.3494514925373134,0.36115,0.1054287962234461,134,0.4807238394964594,0.047993705743509,pixel_reliability=0 AND MODLAND_QA(bits0-1)=0 AND VI range -2000..10000,MOD13Q1 V061 Terra 250m 16-day
SO2301,Marka,SO23,Lower Shabelle,2022-08-13,0.5550917159763313,0.5623,0.3563639053254437,0.3494,0.1329661683713611,169,0.4004720692368214,0.1258851298190401,pixel_reliability=0 AND MODLAND_QA(bits0-1)=0 AND VI range -2000..10000,MOD13Q1 V061 Terra 250m 16-day
SO2301,Marka,SO23,Lower Shabelle,2022-08-29,0.4428891891891892,0.42145,0.2876202702702703,0.27890000000000004,0.058221872541306056,74,0.46813532651455547,0.1022816679779701,pixel_reliability=0 AND MODLAND_QA(bits0-1)=0 AND VI range -2000..10000,MOD13Q1 V061 Terra 250m 16-day
SO2301,Marka,SO23,Lower Shabelle,2022-09-14,0.3741755381604697,0.3643,0.22044911937377695,0.2114,0.4020456333595594,511,0.16994492525570418,0.03461841070023604,pixel_reliability=0 AND MODLAND_QA(bits0-1)=0 AND VI range -2000..10000,MOD13Q1 V061 Terra 250m 16-day
SO2301,Marka,SO23,Lower Shabelle,2022-09-30,0.316902,0.3289,0.201604,0.20855,0.03933910306845004,50,0.37922895357985836,0.1990558615263572,pixel_reliability=0 AND MODLAND_QA(bits0-1)=0 AND VI range -2000..10000,MOD13Q1 V061 Terra 250m 16-day
SO2301,Marka,SO23,Lower Shabelle,2022-10-16,0.2682764705882353,0.28400000000000003,0.18490784313725492,0.19360000000000002,0.04012588512981904,51,0.2108575924468922,0.3957513768686074,pixel_reliability=0 AND MODLAND_QA(bits0-1)=0 AND VI range -2000..10000,MOD13Q1 V061 Terra 250m 16-day
SO2301,Marka,SO23,Lower Shabelle,2022-11-01,0.27128137254901963,0.27080000000000004,0.17963627450980393,0.18075000000000002,0.08025177025963807,102,0.33831628638867034,0.2014162077104642,pixel_reliability=0 AND MODLAND_QA(bits0-1)=0 AND VI range -2000..10000,MOD13Q1 V061 Terra 250m 16-day
SO2301,Marka,SO23,Lower Shabelle,2022-11-17,0.3339103448275862,0.3042,0.2206544061302682,0.20350000000000001,0.2053501180173092,261,0.1904012588512982,0.1990558615263572,pixel_reliability=0 AND MODLAND_QA(bits0-1)=0 AND VI range -2000..10000,MOD13Q1 V061 Terra 250m 16-day
SO2301,Marka,SO23,Lower Shabelle,2022-12-03,0.29687416666666666,0.2934,0.199595,0.19685,0.0944138473642801,120,0.38001573564122737,0.07159716758457907,pixel_reliability=0 AND MODLAND_QA(bits0-1)=0 AND VI range -2000..10000,MOD13Q1 V061 Terra 250m 16-day
SO2301,Marka,SO23,Lower Shabelle,2022-12-19,0.3339723282442748,0.29725,0.22762156488549623,0.20505,0.41227380015735643,524,0.13060582218725414,0.015735641227380016,pixel_reliability=0 AND MODLAND_QA(bits0-1)=0 AND VI range -2000..10000,MOD13Q1 V061 Terra 250m 16-day
SO2302,Afgooye,SO23,Lower Shabelle,2022-01-01,0.3225825522710887,0.2823,0.1920868541216054,0.1729,0.9517383348581884,4161,0.0100640439158279,0.0025160109789569,pixel_reliability=0 AND MODLAND_QA(bits0-1)=0 AND VI range -2000..10000,MOD13Q1 V061 Terra 250m 16-day
SO2302,Afgooye,SO23,Lower Shabelle,2022-01-17,0.2572493423065157,0.2241,0.1594887427347812,0.1443,0.7477127172918573,3269,0.0283623055809698,0.0041171088746569,pixel_reliability=0 AND MODLAND_QA(bits0-1)=0 AND VI range -2000..10000,MOD13Q1 V061 Terra 250m 16-day
SO2302,Afgooye,SO23,Lower Shabelle,2022-02-02,0.2455067968363816,0.2175,0.14669169550173,0.1328,0.9254345837145472,4046,0.0102927721866422,0.0022872827081427,pixel_reliability=0 AND MODLAND_QA(bits0-1)=0 AND VI range -2000..10000,MOD13Q1 V061 Terra 250m 16-day
SO2302,Afgooye,SO23,Lower Shabelle,2022-02-18,0.2253934645470603,0.2032,0.1402663890991673,0.1292,0.9064501372369624,3963,0.013494967978042,0.0027447392497712,pixel_reliability=0 AND MODLAND_QA(bits0-1)=0 AND VI range -2000..10000,MOD13Q1 V061 Terra 250m 16-day
SO2302,Afgooye,SO23,Lower Shabelle,2022-03-06,0.2154522744408143,0.1998,0.136763910530284,0.128,0.9101097895699908,3979,0.0123513266239707,0.000914913083257,pixel_reliability=0 AND MODLAND_QA(bits0-1)=0 AND VI range -2000..10000,MOD13Q1 V061 Terra 250m 16-day
SO2302,Afgooye,SO23,Lower Shabelle,2022-03-22,0.2189683726067746,0.1965,0.1492196612665685,0.13475,0.6212259835315646,2716,0.1081884720951509,0.0032021957913998,pixel_reliability=0 AND MODLAND_QA(bits0-1)=0 AND VI range -2000..10000,MOD13Q1 V061 Terra 250m 16-day
SO2302,Afgooye,SO23,Lower Shabelle,2022-04-07,0.2204704773869347,0.1972,0.1443128140703517,0.1241,0.182067703568161,796,0.3751143641354071,0.0379688929551692,pixel_reliability=0 AND MODLAND_QA(bits0-1)=0 AND VI range -2000..10000,MOD13Q1 V061 Terra 250m 16-day
SO2302,Afgooye,SO23,Lower Shabelle,2022-04-23,0.223121052631579,0.2141,0.1408473684210526,0.1333,0.0173833485818847,76,0.277676120768527,0.381747483989021,pixel_reliability=0 AND MODLAND_QA(bits0-1)=0 AND VI range -2000..10000,MOD13Q1 V061 Terra 250m 16-day
SO2302,Afgooye,SO23,Lower Shabelle,2022-05-09,0.3007134831460674,0.3058,0.212552808988764,0.2204,0.0203568161024702,89,0.4716376944190302,0.2042543458371454,pixel_reliability=0 AND MODLAND_QA(bits0-1)=0 AND VI range -2000..10000,MOD13Q1 V061 Terra 250m 16-day
SO2302,Afgooye,SO23,Lower Shabelle,2022-05-25,0.2897241206030151,0.2708,0.1861140703517588,0.1763,0.0455169258920402,199,0.4803293687099725,0.1530192131747484,pixel_reliability=0 AND MODLAND_QA(bits0-1)=0 AND VI range -2000..10000,MOD13Q1 V061 Terra 250m 16-day
SO2302,Afgooye,SO23,Lower Shabelle,2022-06-10,0.2845678082191781,0.27865,0.1827130136986301,0.1786,0.0333943275388838,146,0.5773101555352241,0.088975297346752,pixel_reliability=0 AND MODLAND_QA(bits0-1)=0 AND VI range -2000..10000,MOD13Q1 V061 Terra 250m 16-day
SO2302,Afgooye,SO23,Lower Shabelle,2022-06-26,0.2937485714285714,0.2922,0.1636114285714286,0.1613,0.0080054894784995,35,0.3284537968892955,0.4300091491308325,pixel_reliability=0 AND MODLAND_QA(bits0-1)=0 AND VI range -2000..10000,MOD13Q1 V061 Terra 250m 16-day
SO2302,Afgooye,SO23,Lower Shabelle,2022-07-12,0.3934833333333333,0.41665,0.2250166666666666,0.2371,0.0013723696248856,6,0.2445105215004574,0.4851326623970722,pixel_reliability=0 AND MODLAND_QA(bits0-1)=0 AND VI range -2000..10000,MOD13Q1 V061 Terra 250m 16-day
SO2302,Afgooye,SO23,Lower Shabelle,2022-07-28,0.5025469387755103,0.4684,0.3273408163265306,0.3153,0.0112076852698993,49,0.2957456541628545,0.4105672461116194,pixel_reliability=0 AND MODLAND_QA(bits0-1)=0 AND VI range -2000..10000,MOD13Q1 V061 Terra 250m 16-day
SO2302,Afgooye,SO23,Lower Shabelle,2022-08-13,0.3483782608695652,0.3178,0.2259608695652174,0.2022,0.0052607502287282,23,0.3165599268069533,0.4183440073193046,pixel_reliability=0 AND MODLAND_QA(bits0-1)=0 AND VI range -2000..10000,MOD13Q1 V061 Terra 250m 16-day
SO2302,Afgooye,SO23,Lower Shabelle,2022-08-29,0.3454384188626907,0.3235,0.2097437817845585,0.1957,0.4947392497712717,2163,0.21957913998170173,0.013952424519670631,pixel_reliability=0 AND MODLAND_QA(bits0-1)=0 AND VI range -2000..10000,MOD13Q1 V061 Terra 250m 16-day
SO2302,Afgooye,SO23,Lower Shabelle,2022-09-14,0.3326024691358025,0.31205000000000005,0.19176622574955912,0.18215,0.2593778591033852,1134,0.34332113449222323,0.059469350411710885,pixel_reliability=0 AND MODLAND_QA(bits0-1)=0 AND VI range -2000..10000,MOD13Q1 V061 Terra 250m 16-day
SO2302,Afgooye,SO23,Lower Shabelle,2022-09-30,0.25307500000000005,0.23095,0.169625,0.1499,0.0009149130832570906,4,0.16834400731930466,0.6111619396157365,pixel_reliability=0 AND MODLAND_QA(bits0-1)=0 AND VI range -2000..10000,MOD13Q1 V061 Terra 250m 16-day
SO2302,Afgooye,SO23,Lower Shabelle,2022-10-16,0.32528088235294117,0.25795,0.17432107843137254,0.14435,0.04666056724611162,204,0.2207227813357731,0.4087374199451052,pixel_reliability=0 AND MODLAND_QA(bits0-1)=0 AND VI range -2000..10000,MOD13Q1 V061 Terra 250m 16-day
SO2302,Afgooye,SO23,Lower Shabelle,2022-11-01,0.2427666666666667,0.2265,0.14043333333333333,0.1372,0.0013723696248856359,6,0.13677950594693505,0.7104300091491308,pixel_reliability=0 AND MODLAND_QA(bits0-1)=0 AND VI range -2000..10000,MOD13Q1 V061 Terra 250m 16-day
SO2302,Afgooye,SO23,Lower Shabelle,2022-11-17,0.3795849275362319,0.3682,0.2381985507246377,0.234,0.07891125343092406,345,0.2790484903934126,0.2731015553522415,pixel_reliability=0 AND MODLAND_QA(bits0-1)=0 AND VI range -2000..10000,MOD13Q1 V061 Terra 250m 16-day
SO2302,Afgooye,SO23,Lower Shabelle,2022-12-03,0.27614313725490197,0.2785,0.1817098039215686,0.1786,0.011665141811527904,51,0.6850411710887465,0.08051235132662397,pixel_reliability=0 AND MODLAND_QA(bits0-1)=0 AND VI range -2000..10000,MOD13Q1 V061 Terra 250m 16-day
SO2302,Afgooye,SO23,Lower Shabelle,2022-12-19,0.3078054771315642,0.2937,0.20113167701863355,0.1945,0.40507776761207687,1771,0.1630832570905764,0.08600182982616651,pixel_reliability=0 AND MODLAND_QA(bits0-1)=0 AND VI range -2000..10000,MOD13Q1 V061 Terra 250m 16-day
SO2303,Baraawe,SO23,Lower Shabelle,2022-01-01,0.263814,0.2538,0.1608041702127659,0.1567,0.6145397489539749,2350,0.0862970711297071,0.0013075313807531,pixel_reliability=0 AND MODLAND_QA(bits0-1)=0 AND VI range -2000..10000,MOD13Q1 V061 Terra 250m 16-day
SO2303,Baraawe,SO23,Lower Shabelle,2022-01-17,0.2095645892351275,0.2152,0.1450688385269121,0.1498,0.0923117154811715,353,0.6359832635983264,0.0227510460251046,pixel_reliability=0 AND MODLAND_QA(bits0-1)=0 AND VI range -2000..10000,MOD13Q1 V061 Terra 250m 16-day
SO2303,Baraawe,SO23,Lower Shabelle,2022-02-02,0.2226664448141986,0.2153,0.1390611203549639,0.1393,0.4714958158995816,1803,0.2078974895397489,0.0141213389121338,pixel_reliability=0 AND MODLAND_QA(bits0-1)=0 AND VI range -2000..10000,MOD13Q1 V061 Terra 250m 16-day
SO2303,Baraawe,SO23,Lower Shabelle,2022-02-18,0.2099403409090909,0.2075,0.1428813762626263,0.1427,0.4142259414225941,1584,0.2021443514644351,0.017520920502092,pixel_reliability=0 AND MODLAND_QA(bits0-1)=0 AND VI range -2000..10000,MOD13Q1 V061 Terra 250m 16-day
SO2303,Baraawe,SO23,Lower Shabelle,2022-03-06,0.1992340213523132,0.2016,0.1454843416370106,0.1496,0.3674163179916318,1405,0.2850418410041841,0.0049686192468619,pixel_reliability=0 AND MODLAND_QA(bits0-1)=0 AND VI range -2000..10000,MOD13Q1 V061 Terra 250m 16-day
SO2303,Baraawe,SO23,Lower Shabelle,2022-03-22,0.210308,0.2084,0.1516137297297297,0.1548,0.2418933054393305,925,0.372907949790795,0.0295502092050209,pixel_reliability=0 AND MODLAND_QA(bits0-1)=0 AND VI range -2000..10000,MOD13Q1 V061 Terra 250m 16-day
SO2303,Baraawe,SO23,Lower Shabelle,2022-04-07,0.2032289877300614,0.2057,0.1341573619631901,0.1351,0.1705020920502092,652,0.4293933054393305,0.0316422594142259,pixel_reliability=0 AND MODLAND_QA(bits0-1)=0 AND VI range -2000..10000,MOD13Q1 V061 Terra 250m 16-day
SO2303,Baraawe,SO23,Lower Shabelle,2022-04-23,0.1947478873239436,0.19655,0.1214095070422535,0.12085,0.0742677824267782,284,0.1642259414225941,0.4767259414225941,pixel_reliability=0 AND MODLAND_QA(bits0-1)=0 AND VI range -2000..10000,MOD13Q1 V061 Terra 250m 16-day
SO2303,Baraawe,SO23,Lower Shabelle,2022-05-09,0.2802265486725663,0.3193,0.198887610619469,0.2284,0.0295502092050209,113,0.2672594142259414,0.3399581589958159,pixel_reliability=0 AND MODLAND_QA(bits0-1)=0 AND VI range -2000..10000,MOD13Q1 V061 Terra 250m 16-day
SO2303,Baraawe,SO23,Lower Shabelle,2022-05-25,0.273725352112676,0.30935,0.190856338028169,0.21675,0.0371338912133891,142,0.377092050209205,0.2322175732217573,pixel_reliability=0 AND MODLAND_QA(bits0-1)=0 AND VI range -2000..10000,MOD13Q1 V061 Terra 250m 16-day
SO2303,Baraawe,SO23,Lower Shabelle,2022-06-10,0.3190348122866894,0.3434,0.2147730375426621,0.2342,0.0766213389121339,293,0.4924163179916318,0.0698221757322175,pixel_reliability=0 AND MODLAND_QA(bits0-1)=0 AND VI range -2000..10000,MOD13Q1 V061 Terra 250m 16-day
SO2303,Baraawe,SO23,Lower Shabelle,2022-06-26,0.2869659259259259,0.3113,0.1952251851851851,0.2021,0.0353033472803347,135,0.2748430962343096,0.3757845188284519,pixel_reliability=0 AND MODLAND_QA(bits0-1)=0 AND VI range -2000..10000,MOD13Q1 V061 Terra 250m 16-day
SO2303,Baraawe,SO23,Lower Shabelle,2022-07-12,0.425227027027027,0.4759,0.3147351351351351,0.3394,0.0096757322175732,37,0.3527719665271966,0.3177301255230125,pixel_reliability=0 AND MODLAND_QA(bits0-1)=0 AND VI range -2000..10000,MOD13Q1 V061 Terra 250m 16-day
SO2303,Baraawe,SO23,Lower Shabelle,2022-07-28,0.4202063218390805,0.477,0.3045097701149425,0.3378,0.0455020920502092,174,0.3645397489539749,0.1919456066945606,pixel_reliability=0 AND MODLAND_QA(bits0-1)=0 AND VI range -2000..10000,MOD13Q1 V061 Terra 250m 16-day
SO2303,Baraawe,SO23,Lower Shabelle,2022-08-13,0.4177590425531915,0.43945,0.2730468085106383,0.2858,0.0491631799163179,188,0.2902719665271966,0.3007322175732217,pixel_reliability=0 AND MODLAND_QA(bits0-1)=0 AND VI range -2000..10000,MOD13Q1 V061 Terra 250m 16-day
SO2303,Baraawe,SO23,Lower Shabelle,2022-08-29,0.3487,0.37675000000000003,0.221503947368421,0.2434,0.0198744769874477,76,0.3428347280334728,0.3041317991631799,pixel_reliability=0 AND MODLAND_QA(bits0-1)=0 AND VI range -2000..10000,MOD13Q1 V061 Terra 250m 16-day
SO2303,Baraawe,SO23,Lower Shabelle,2022-09-14,0.29726739367502725,0.30055,0.18363047982551803,0.189,0.47960251046025104,1834,0.1780857740585774,0.0426255230125523,pixel_reliability=0 AND MODLAND_QA(bits0-1)=0 AND VI range -2000..10000,MOD13Q1 V061 Terra 250m 16-day
SO2303,Baraawe,SO23,Lower Shabelle,2022-09-30,0.2704504424778761,0.2777,0.17983097345132742,0.1869,0.02955020920502092,113,0.2557531380753138,0.3757845188284519,pixel_reliability=0 AND MODLAND_QA(bits0-1)=0 AND VI range -2000..10000,MOD13Q1 V061 Terra 250m 16-day
SO2303,Baraawe,SO23,Lower Shabelle,2022-10-16,0.2092057142857143,0.2311,0.13930285714285714,0.1414,0.009152719665271966,35,0.14330543933054393,0.5951882845188284,pixel_reliability=0 AND MODLAND_QA(bits0-1)=0 AND VI range -2000..10000,MOD13Q1 V061 Terra 250m 16-day
SO2303,Baraawe,SO23,Lower Shabelle,2022-11-01,0.21811304347826085,0.2209,0.14893557312252964,0.15030000000000002,0.06616108786610879,253,0.4660041841004184,0.19142259414225943,pixel_reliability=0 AND MODLAND_QA(bits0-1)=0 AND VI range -2000..10000,MOD13Q1 V061 Terra 250m 16-day
SO2303,Baraawe,SO23,Lower Shabelle,2022-11-17,0.2119064,0.2192,0.14435520000000002,0.1472,0.03268828451882845,125,0.22829497907949792,0.4205020920502092,pixel_reliability=0 AND MODLAND_QA(bits0-1)=0 AND VI range -2000..10000,MOD13Q1 V061 Terra 250m 16-day
SO2303,Baraawe,SO23,Lower Shabelle,2022-12-03,0.20736893203883494,0.2179,0.13929999999999998,0.1439,0.026935146443514645,103,0.2944560669456067,0.29027196652719667,pixel_reliability=0 AND MODLAND_QA(bits0-1)=0 AND VI range -2000..10000,MOD13Q1 V061 Terra 250m 16-day
SO2303,Baraawe,SO23,Lower Shabelle,2022-12-19,0.3014639929742389,0.2734,0.1888416861826698,0.17880000000000001,0.446652719665272,1708,0.15010460251046026,0.01882845188284519,pixel_reliability=0 AND MODLAND_QA(bits0-1)=0 AND VI range -2000..10000,MOD13Q1 V061 Terra 250m 16-day
SO2304,Kurtunwaarey,SO23,Lower Shabelle,2022-01-01,0.4943902234636871,0.49,0.2624625,0.25715,0.9858864027538726,2864,0.0003442340791738,0.0,pixel_reliability=0 AND MODLAND_QA(bits0-1)=0 AND VI range -2000..10000,MOD13Q1 V061 Terra 250m 16-day
SO2304,Kurtunwaarey,SO23,Lower Shabelle,2022-01-17,0.3774307999999999,0.3761,0.2102535,0.2066,0.6884681583476764,2000,0.1772805507745266,0.0,pixel_reliability=0 AND MODLAND_QA(bits0-1)=0 AND VI range -2000..10000,MOD13Q1 V061 Terra 250m 16-day
SO2304,Kurtunwaarey,SO23,Lower Shabelle,2022-02-02,0.3480054066333485,0.3453,0.1987115402089959,0.1998,0.7576592082616179,2201,0.0430292598967297,0.0,pixel_reliability=0 AND MODLAND_QA(bits0-1)=0 AND VI range -2000..10000,MOD13Q1 V061 Terra 250m 16-day
SO2304,Kurtunwaarey,SO23,Lower Shabelle,2022-02-18,0.3082057187017001,0.3123,0.1836868624420402,0.1864,0.8908777969018933,2588,0.023407917383821,0.0,pixel_reliability=0 AND MODLAND_QA(bits0-1)=0 AND VI range -2000..10000,MOD13Q1 V061 Terra 250m 16-day
SO2304,Kurtunwaarey,SO23,Lower Shabelle,2022-03-06,0.2893534827377347,0.3061,0.179698667474258,0.1841,0.5683304647160069,1651,0.1621342512908778,0.0,pixel_reliability=0 AND MODLAND_QA(bits0-1)=0 AND VI range -2000..10000,MOD13Q1 V061 Terra 250m 16-day
SO2304,Kurtunwaarey,SO23,Lower Shabelle,2022-03-22,0.3454008196721311,0.3694,0.227696174863388,0.24035,0.1259896729776247,366,0.7118760757314975,0.0013769363166953,pixel_reliability=0 AND MODLAND_QA(bits0-1)=0 AND VI range -2000..10000,MOD13Q1 V061 Terra 250m 16-day
SO2304,Kurtunwaarey,SO23,Lower Shabelle,2022-04-07,0.3831591216216216,0.3905,0.2334996621621622,0.23985,0.1018932874354561,296,0.5655765920826161,0.0419965576592082,pixel_reliability=0 AND MODLAND_QA(bits0-1)=0 AND VI range -2000..10000,MOD13Q1 V061 Terra 250m 16-day
SO2304,Kurtunwaarey,SO23,Lower Shabelle,2022-04-23,0.340862962962963,0.2343,0.2097055555555556,0.1294,0.0185886402753872,54,0.6547332185886403,0.0836488812392426,pixel_reliability=0 AND MODLAND_QA(bits0-1)=0 AND VI range -2000..10000,MOD13Q1 V061 Terra 250m 16-day
SO2304,Kurtunwaarey,SO23,Lower Shabelle,2022-05-09,0.286114,0.2741,0.1730439999999999,0.15735,0.0172117039586919,50,0.4612736660929432,0.1841652323580034,pixel_reliability=0 AND MODLAND_QA(bits0-1)=0 AND VI range -2000..10000,MOD13Q1 V061 Terra 250m 16-day
SO2304,Kurtunwaarey,SO23,Lower Shabelle,2022-05-25,0.41625,0.3634,0.275875,0.22635,0.0013769363166953,4,0.6526678141135972,0.1036144578313253,pixel_reliability=0 AND MODLAND_QA(bits0-1)=0 AND VI range -2000..10000,MOD13Q1 V061 Terra 250m 16-day
SO2304,Kurtunwaarey,SO23,Lower Shabelle,2022-06-10,0.41407,0.4359,0.24397,0.25435,0.0103270223752151,30,0.6271944922547332,0.0843373493975903,pixel_reliability=0 AND MODLAND_QA(bits0-1)=0 AND VI range -2000..10000,MOD13Q1 V061 Terra 250m 16-day
SO2304,Kurtunwaarey,SO23,Lower Shabelle,2022-06-26,0.3776411764705882,0.3806,0.212835294117647,0.2129,0.0058519793459552,17,0.5246127366609294,0.2082616179001721,pixel_reliability=0 AND MODLAND_QA(bits0-1)=0 AND VI range -2000..10000,MOD13Q1 V061 Terra 250m 16-day
SO2304,Kurtunwaarey,SO23,Lower Shabelle,2022-07-12,0.5877736842105263,0.59145,0.3033157894736842,0.30605,0.0130808950086058,38,0.4939759036144578,0.2333907056798623,pixel_reliability=0 AND MODLAND_QA(bits0-1)=0 AND VI range -2000..10000,MOD13Q1 V061 Terra 250m 16-day
SO2304,Kurtunwaarey,SO23,Lower Shabelle,2022-07-28,0.652,0.6467,0.4544000000000001,0.4394,0.0030981067125645,9,0.3149741824440619,0.3655765920826161,pixel_reliability=0 AND MODLAND_QA(bits0-1)=0 AND VI range -2000..10000,MOD13Q1 V061 Terra 250m 16-day
SO2304,Kurtunwaarey,SO23,Lower Shabelle,2022-08-13,0.6446619047619048,0.6442,0.4053,0.3871,0.0072289156626506,21,0.3814113597246127,0.26368330464716,pixel_reliability=0 AND MODLAND_QA(bits0-1)=0 AND VI range -2000..10000,MOD13Q1 V061 Terra 250m 16-day
SO2304,Kurtunwaarey,SO23,Lower Shabelle,2022-08-29,0.41184705882352945,0.4207,0.22189411764705883,0.2252,0.00585197934595525,17,0.6623063683304647,0.09053356282271945,pixel_reliability=0 AND MODLAND_QA(bits0-1)=0 AND VI range -2000..10000,MOD13Q1 V061 Terra 250m 16-day
SO2304,Kurtunwaarey,SO23,Lower Shabelle,2022-09-14,0.33870787671232877,0.33035000000000003,0.16991746575342467,0.1652,0.10051635111876076,292,0.42203098106712567,0.16695352839931152,pixel_reliability=0 AND MODLAND_QA(bits0-1)=0 AND VI range -2000..10000,MOD13Q1 V061 Terra 250m 16-day
SO2304,Kurtunwaarey,SO23,Lower Shabelle,2022-09-30,,,,,0.0,0,0.10395869191049914,0.7118760757314975,pixel_reliability=0 AND MODLAND_QA(bits0-1)=0 AND VI range -2000..10000,MOD13Q1 V061 Terra 250m 16-day
SO2304,Kurtunwaarey,SO23,Lower Shabelle,2022-10-16,,,,,0.0,0,0.06299483648881239,0.7476764199655765,pixel_reliability=0 AND MODLAND_QA(bits0-1)=0 AND VI range -2000..10000,MOD13Q1 V061 Terra 250m 16-day
SO2304,Kurtunwaarey,SO23,Lower Shabelle,2022-11-01,0.25054174757281555,0.23500000000000001,0.1575873786407767,0.1461,0.03545611015490534,103,0.717039586919105,0.06643717728055078,pixel_reliability=0 AND MODLAND_QA(bits0-1)=0 AND VI range -2000..10000,MOD13Q1 V061 Terra 250m 16-day
SO2304,Kurtunwaarey,SO23,Lower Shabelle,2022-11-17,0.5038811292719168,0.5164,0.3400811292719168,0.3271,0.23166953528399312,673,0.16419965576592083,0.20137693631669534,pixel_reliability=0 AND MODLAND_QA(bits0-1)=0 AND VI range -2000..10000,MOD13Q1 V061 Terra 250m 16-day
SO2304,Kurtunwaarey,SO23,Lower Shabelle,2022-12-03,0.5907727272727274,0.5895,0.33911090909090913,0.33495,0.0757314974182444,220,0.6120481927710844,0.03855421686746988,pixel_reliability=0 AND MODLAND_QA(bits0-1)=0 AND VI range -2000..10000,MOD13Q1 V061 Terra 250m 16-day
SO2304,Kurtunwaarey,SO23,Lower Shabelle,2022-12-19,0.48741988555078686,0.5056,0.30265126371006196,0.30360000000000004,0.7218588640275387,2097,0.08158347676419965,0.0,pixel_reliability=0 AND MODLAND_QA(bits0-1)=0 AND VI range -2000..10000,MOD13Q1 V061 Terra 250m 16-day
SO2305,Qoryooley,SO23,Lower Shabelle,2022-01-01,0.4617421011265391,0.4542,0.2553621692428608,0.2459,0.969519939039878,3817,0.0035560071120142,0.0,pixel_reliability=0 AND MODLAND_QA(bits0-1)=0 AND VI range -2000..10000,MOD13Q1 V061 Terra 250m 16-day
SO2305,Qoryooley,SO23,Lower Shabelle,2022-01-17,0.3398062158469945,0.33175,0.1978464480874316,0.1906,0.7437134874269749,2928,0.063754127508255,0.000762001524003,pixel_reliability=0 AND MODLAND_QA(bits0-1)=0 AND VI range -2000..10000,MOD13Q1 V061 Terra 250m 16-day
SO2305,Qoryooley,SO23,Lower Shabelle,2022-02-02,0.3140300756429652,0.3042,0.1831709228441754,0.1793,0.8394716789433578,3305,0.0187960375920751,0.0,pixel_reliability=0 AND MODLAND_QA(bits0-1)=0 AND VI range -2000..10000,MOD13Q1 V061 Terra 250m 16-day
SO2305,Qoryooley,SO23,Lower Shabelle,2022-02-18,0.2864641473396999,0.275,0.1726849931787176,0.1673,0.9309118618237237,3665,0.0134620269240538,0.0,pixel_reliability=0 AND MODLAND_QA(bits0-1)=0 AND VI range -2000..10000,MOD13Q1 V061 Terra 250m 16-day
SO2305,Qoryooley,SO23,Lower Shabelle,2022-03-06,0.2739306022408963,0.2644,0.1700833333333333,0.1633,0.7254254508509017,2856,0.0815341630683261,0.0,pixel_reliability=0 AND MODLAND_QA(bits0-1)=0 AND VI range -2000..10000,MOD13Q1 V061 Terra 250m 16-day
SO2305,Qoryooley,SO23,Lower Shabelle,2022-03-22,0.2856254098360655,0.267,0.192724043715847,0.18205,0.0929641859283718,366,0.7637795275590551,0.000508001016002,pixel_reliability=0 AND MODLAND_QA(bits0-1)=0 AND VI range -2000..10000,MOD13Q1 V061 Terra 250m 16-day
SO2305,Qoryooley,SO23,Lower Shabelle,2022-04-07,0.3082357894736842,0.2918,0.1836936842105263,0.1744,0.0241300482600965,95,0.5689611379222759,0.0889001778003556,pixel_reliability=0 AND MODLAND_QA(bits0-1)=0 AND VI range -2000..10000,MOD13Q1 V061 Terra 250m 16-day
SO2305,Qoryooley,SO23,Lower Shabelle,2022-04-23,,,,,0.0,0,0.4257048514097028,0.2174244348488697,pixel_reliability=0 AND MODLAND_QA(bits0-1)=0 AND VI range -2000..10000,MOD13Q1 V061 Terra 250m 16-day
SO2305,Qoryooley,SO23,Lower Shabelle,2022-05-09,0.3907916666666667,0.35935,0.2234791666666666,0.2133,0.0060960121920243,24,0.413258826517653,0.2893065786131572,pixel_reliability=0 AND MODLAND_QA(bits0-1)=0 AND VI range -2000..10000,MOD13Q1 V061 Terra 250m 16-day
SO2305,Qoryooley,SO23,Lower Shabelle,2022-05-25,0.3637555555555556,0.3736,0.2286111111111111,0.2373,0.0022860045720091,9,0.6289052578105156,0.1041402082804165,pixel_reliability=0 AND MODLAND_QA(bits0-1)=0 AND VI range -2000..10000,MOD13Q1 V061 Terra 250m 16-day
SO2305,Qoryooley,SO23,Lower Shabelle,2022-06-10,0.428195,0.42615,0.2588475,0.2419,0.0101600203200406,40,0.6522733045466091,0.064262128524257,pixel_reliability=0 AND MODLAND_QA(bits0-1)=0 AND VI range -2000..10000,MOD13Q1 V061 Terra 250m 16-day
SO2305,Qoryooley,SO23,Lower Shabelle,2022-06-26,0.4503443181818182,0.4407,0.2680704545454546,0.26655,0.0223520447040894,88,0.4742189484378968,0.238506477012954,pixel_reliability=0 AND MODLAND_QA(bits0-1)=0 AND VI range -2000..10000,MOD13Q1 V061 Terra 250m 16-day
SO2305,Qoryooley,SO23,Lower Shabelle,2022-07-12,0.4789714285714285,0.4808,0.2343285714285714,0.22715,0.0106680213360426,42,0.5146050292100585,0.1800863601727203,pixel_reliability=0 AND MODLAND_QA(bits0-1)=0 AND VI range -2000..10000,MOD13Q1 V061 Terra 250m 16-day
SO2305,Qoryooley,SO23,Lower Shabelle,2022-07-28,0.5994074074074075,0.5926,0.3492444444444444,0.3297,0.0068580137160274,27,0.3126746253492507,0.4102108204216408,pixel_reliability=0 AND MODLAND_QA(bits0-1)=0 AND VI range -2000..10000,MOD13Q1 V061 Terra 250m 16-day
SO2305,Qoryooley,SO23,Lower Shabelle,2022-08-13,0.5205833333333333,0.5295000000000001,0.3044333333333333,0.3086,0.001524003048006,6,0.4297688595377191,0.2661925323850648,pixel_reliability=0 AND MODLAND_QA(bits0-1)=0 AND VI range -2000..10000,MOD13Q1 V061 Terra 250m 16-day
SO2305,Qoryooley,SO23,Lower Shabelle,2022-08-29,0.4124098360655738,0.384,0.23489016393442624,0.20900000000000002,0.015494030988061977,61,0.7843535687071375,0.028702057404114807,pixel_reliability=0 AND MODLAND_QA(bits0-1)=0 AND VI range -2000..10000,MOD13Q1 V061 Terra 250m 16-day
SO2305,Qoryooley,SO23,Lower Shabelle,2022-09-14,0.40170472972972976,0.39270000000000005,0.20656283783783785,0.19905,0.03759207518415037,148,0.46253492506985017,0.18389636779273558,pixel_reliability=0 AND MODLAND_QA(bits0-1)=0 AND VI range -2000..10000,MOD13Q1 V061 Terra 250m 16-day
SO2305,Qoryooley,SO23,Lower Shabelle,2022-09-30,,,,,0.0,0,0.11633223266446532,0.7165354330708661,pixel_reliability=0 AND MODLAND_QA(bits0-1)=0 AND VI range -2000..10000,MOD13Q1 V061 Terra 250m 16-day
SO2305,Qoryooley,SO23,Lower Shabelle,2022-10-16,0.2275,0.2275,0.0964,0.0964,0.000254000508001016,1,0.09652019304038609,0.6746253492506985,pixel_reliability=0 AND MODLAND_QA(bits0-1)=0 AND VI range -2000..10000,MOD13Q1 V061 Terra 250m 16-day
SO2305,Qoryooley,SO23,Lower Shabelle,2022-11-01,,,,,0.0,0,0.24536449072898145,0.570739141478283,pixel_reliability=0 AND MODLAND_QA(bits0-1)=0 AND VI range -2000..10000,MOD13Q1 V061 Terra 250m 16-day
SO2305,Qoryooley,SO23,Lower Shabelle,2022-11-17,0.4296120343839541,0.4304,0.27526962750716333,0.2713,0.08864617729235459,349,0.33426466852933706,0.2029464058928118,pixel_reliability=0 AND MODLAND_QA(bits0-1)=0 AND VI range -2000..10000,MOD13Q1 V061 Terra 250m 16-day
SO2305,Qoryooley,SO23,Lower Shabelle,2022-12-03,0.4600714285714286,0.48085,0.2647428571428571,0.2694,0.007112014224028448,28,0.8544577089154178,0.01651003302006604,pixel_reliability=0 AND MODLAND_QA(bits0-1)=0 AND VI range -2000..10000,MOD13Q1 V061 Terra 250m 16-day
SO2305,Qoryooley,SO23,Lower Shabelle,2022-12-19,0.4198053819444445,0.42015,0.27209675925925925,0.27095,0.43891287782575567,1728,0.29159258318516634,0.007874015748031496,pixel_reliability=0 AND MODLAND_QA(bits0-1)=0 AND VI range -2000..10000,MOD13Q1 V061 Terra 250m 16-day
SO2306,Sablaale,SO23,Lower Shabelle,2022-01-01,0.4770191237028496,0.4784,0.2490747323340471,0.2481,0.8500420050406049,6071,0.0512461495379445,0.0,pixel_reliability=0 AND MODLAND_QA(bits0-1)=0 AND VI range -2000..10000,MOD13Q1 V061 Terra 250m 16-day
SO2306,Sablaale,SO23,Lower Shabelle,2022-01-17,0.3667085966542751,0.3647,0.2163015102230483,0.2144,0.6026323158779053,4304,0.2213665639876785,0.0,pixel_reliability=0 AND MODLAND_QA(bits0-1)=0 AND VI range -2000..10000,MOD13Q1 V061 Terra 250m 16-day
SO2306,Sablaale,SO23,Lower Shabelle,2022-02-02,0.3524617122473246,0.352,0.2080304399524375,0.2079,0.7065247829739568,5046,0.1393167180061607,0.0,pixel_reliability=0 AND MODLAND_QA(bits0-1)=0 AND VI range -2000..10000,MOD13Q1 V061 Terra 250m 16-day
SO2306,Sablaale,SO23,Lower Shabelle,2022-02-18,0.3137404338479577,0.3131,0.1971113347664647,0.1969,0.71646597591711,5117,0.1376365163819658,0.0,pixel_reliability=0 AND MODLAND_QA(bits0-1)=0 AND VI range -2000..10000,MOD13Q1 V061 Terra 250m 16-day
SO2306,Sablaale,SO23,Lower Shabelle,2022-03-06,0.3155365555215662,0.3149,0.1895461914958703,0.1889,0.4577149257910949,3269,0.3253990478857463,0.0,pixel_reliability=0 AND MODLAND_QA(bits0-1)=0 AND VI range -2000..10000,MOD13Q1 V061 Terra 250m 16-day
SO2306,Sablaale,SO23,Lower Shabelle,2022-03-22,0.3885406593406594,0.3838,0.2611249084249085,0.2505,0.0764491739008681,546,0.7780733688042565,0.0,pixel_reliability=0 AND MODLAND_QA(bits0-1)=0 AND VI range -2000..10000,MOD13Q1 V061 Terra 250m 16-day
SO2306,Sablaale,SO23,Lower Shabelle,2022-04-07,0.3794305785123967,0.3665,0.2309305785123967,0.2225,0.0338840660879305,242,0.851302156258751,0.0033604032483898,pixel_reliability=0 AND MODLAND_QA(bits0-1)=0 AND VI range -2000..10000,MOD13Q1 V061 Terra 250m 16-day
SO2306,Sablaale,SO23,Lower Shabelle,2022-04-23,0.5169678571428572,0.51475,0.3172767857142857,0.3161,0.0078409409129095,56,0.4684962195463455,0.186362363483618,pixel_reliability=0 AND MODLAND_QA(bits0-1)=0 AND VI range -2000..10000,MOD13Q1 V061 Terra 250m 16-day
SO2306,Sablaale,SO23,Lower Shabelle,2022-05-09,0.709709090909091,0.7351000000000001,0.4544545454545455,0.4654,0.0015401848221786,11,0.6159339120694484,0.15163819658359,pixel_reliability=0 AND MODLAND_QA(bits0-1)=0 AND VI range -2000..10000,MOD13Q1 V061 Terra 250m 16-day
SO2306,Sablaale,SO23,Lower Shabelle,2022-05-25,0.4992666666666667,0.5054500000000001,0.3201333333333334,0.32355,0.0008401008120974,6,0.5893307196863624,0.1187342481097731,pixel_reliability=0 AND MODLAND_QA(bits0-1)=0 AND VI range -2000..10000,MOD13Q1 V061 Terra 250m 16-day
SO2306,Sablaale,SO23,Lower Shabelle,2022-06-10,0.63865,0.6427499999999999,0.3755884615384616,0.37505,0.0036404368524222,26,0.6905628675441053,0.081629795575469,pixel_reliability=0 AND MODLAND_QA(bits0-1)=0 AND VI range -2000..10000,MOD13Q1 V061 Terra 250m 16-day
SO2306,Sablaale,SO23,Lower Shabelle,2022-06-26,,,,,0.0,0,0.4789974796975637,0.2448893867264071,pixel_reliability=0 AND MODLAND_QA(bits0-1)=0 AND VI range -2000..10000,MOD13Q1 V061 Terra 250m 16-day
SO2306,Sablaale,SO23,Lower Shabelle,2022-07-12,0.5895242661448141,0.5891000000000001,0.3133776255707763,0.3117,0.2146457574908989,1533,0.3473816858022963,0.1579389526743209,pixel_reliability=0 AND MODLAND_QA(bits0-1)=0 AND VI range -2000..10000,MOD13Q1 V061 Terra 250m 16-day
SO2306,Sablaale,SO23,Lower Shabelle,2022-07-28,0.58316,0.6102000000000001,0.37048,0.385,0.0007000840100812,5,0.5247829739568748,0.1612993559227107,pixel_reliability=0 AND MODLAND_QA(bits0-1)=0 AND VI range -2000..10000,MOD13Q1 V061 Terra 250m 16-day
SO2306,Sablaale,SO23,Lower Shabelle,2022-08-13,0.4922866666666666,0.4865,0.28894,0.2852,0.0021002520302436,15,0.3504620554466536,0.3199383926071129,pixel_reliability=0 AND MODLAND_QA(bits0-1)=0 AND VI range -2000..10000,MOD13Q1 V061 Terra 250m 16-day
SO2306,Sablaale,SO23,Lower Shabelle,2022-08-29,0.46722,0.44770000000000004,0.27192000000000005,0.25670000000000004,0.0007000840100812098,5,0.36726407168860264,0.3192383085970316,pixel_reliability=0 AND MODLAND_QA(bits0-1)=0 AND VI range -2000..10000,MOD13Q1 V061 Terra 250m 16-day
SO2306,Sablaale,SO23,Lower Shabelle,2022-09-14,0.46185092592592597,0.466,0.2654351851851852,0.27190000000000003,0.01512181461775413,108,0.45197423690842903,0.21800616073928872,pixel_reliability=0 AND MODLAND_QA(bits0-1)=0 AND VI range -2000..10000,MOD13Q1 V061 Terra 250m 16-day
SO2306,Sablaale,SO23,Lower Shabelle,2022-09-30,0.40304999999999996,0.4011,0.25565,0.2542,0.0008401008120974517,6,0.24446933632035844,0.4777373284794175,pixel_reliability=0 AND MODLAND_QA(bits0-1)=0 AND VI range -2000..10000,MOD13Q1 V061 Terra 250m 16-day
SO2306,Sablaale,SO23,Lower Shabelle,2022-10-16,0.39270000000000005,0.3934,0.24386666666666668,0.24600000000000002,0.00042005040604872583,3,0.13245589470736488,0.6176141136936433,pixel_reliability=0 AND MODLAND_QA(bits0-1)=0 AND VI range -2000..10000,MOD13Q1 V061 Terra 250m 16-day
SO2306,Sablaale,SO23,Lower Shabelle,2022-11-01,0.624525,0.675,0.38565,0.42085000000000006,0.0011201344161299357,8,0.3941472976757211,0.2847941753010361,pixel_reliability=0 AND MODLAND_QA(bits0-1)=0 AND VI range -2000..10000,MOD13Q1 V061 Terra 250m 16-day
SO2306,Sablaale,SO23,Lower Shabelle,2022-11-17,0.703298693877551,0.7207,0.4982510204081633,0.5109,0.17152058246989638,1225,0.3167180061607393,0.17110053206384765,pixel_reliability=0 AND MODLAND_QA(bits0-1)=0 AND VI range -2000..10000,MOD13Q1 V061 Terra 250m 16-day
SO2306,Sablaale,SO23,Lower Shabelle,2022-12-03,0.5242365914786967,0.51595,0.2980606516290727,0.2908,0.11173340800896107,798,0.5201624194903388,0.056286754410529265,pixel_reliability=0 AND MODLAND_QA(bits0-1)=0 AND VI range -2000..10000,MOD13Q1 V061 Terra 250m 16-day
SO2306,Sablaale,SO23,Lower Shabelle,2022-12-19,0.537623028611305,0.5388000000000001,0.2971609909281228,0.2962,0.8025763091570989,5732,0.05250630075609073,0.0005600672080649678,pixel_reliability=0 AND MODLAND_QA(bits0-1)=0 AND VI range -2000..10000,MOD13Q1 V061 Terra 250m 16-day
SO2307,Wanla Weyn,SO23,Lower Shabelle,2022-01-01,0.2620707227251803,0.2543,0.1521085315329139,0.1494,0.958241435083076,6517,0.0076459344214086,0.0,pixel_reliability=0 AND MODLAND_QA(bits0-1)=0 AND VI range -2000..10000,MOD13Q1 V061 Terra 250m 16-day
SO2307,Wanla Weyn,SO23,Lower Shabelle,2022-01-17,0.2093096032113633,0.2092,0.1303111162575266,0.1315,0.952359947066608,6477,0.0035288928098809,0.0,pixel_reliability=0 AND MODLAND_QA(bits0-1)=0 AND VI range -2000..10000,MOD13Q1 V061 Terra 250m 16-day
SO2307,Wanla Weyn,SO23,Lower Shabelle,2022-02-02,0.2106077326747955,0.2111,0.1227306991819725,0.1237,0.9526540214674312,6479,0.0052933392148213,0.0,pixel_reliability=0 AND MODLAND_QA(bits0-1)=0 AND VI range -2000..10000,MOD13Q1 V061 Terra 250m 16-day
SO2307,Wanla Weyn,SO23,Lower Shabelle,2022-02-18,0.20041045274027,0.1991,0.119786004765687,0.1203,0.9255991765916776,6295,0.0082340832230554,0.0,pixel_reliability=0 AND MODLAND_QA(bits0-1)=0 AND VI range -2000..10000,MOD13Q1 V061 Terra 250m 16-day
SO2307,Wanla Weyn,SO23,Lower Shabelle,2022-03-06,0.1992765922373744,0.1999,0.1206452270343174,0.1213,0.981179238347302,6673,0.0022055580061755,0.0,pixel_reliability=0 AND MODLAND_QA(bits0-1)=0 AND VI range -2000..10000,MOD13Q1 V061 Terra 250m 16-day
SO2307,Wanla Weyn,SO23,Lower Shabelle,2022-03-22,0.2246873004694835,0.2203,0.1521270892018779,0.1514,0.6263784737538597,4260,0.0911630642552565,0.0,pixel_reliability=0 AND MODLAND_QA(bits0-1)=0 AND VI range -2000..10000,MOD13Q1 V061 Terra 250m 16-day
SO2307,Wanla Weyn,SO23,Lower Shabelle,2022-04-07,0.2250208306503541,0.22075,0.1407642305215711,0.13725,0.4566975444787531,3106,0.1624761064549331,0.0092633436259373,pixel_reliability=0 AND MODLAND_QA(bits0-1)=0 AND VI range -2000..10000,MOD13Q1 V061 Terra 250m 16-day
SO2307,Wanla Weyn,SO23,Lower Shabelle,2022-04-23,0.2453272727272727,0.2298,0.1551636363636363,0.1427,0.0048522276135862,33,0.2579032495221291,0.4252315835906484,pixel_reliability=0 AND MODLAND_QA(bits0-1)=0 AND VI range -2000..10000,MOD13Q1 V061 Terra 250m 16-day
SO2307,Wanla Weyn,SO23,Lower Shabelle,2022-05-09,0.3643347305389221,0.36465,0.2640239520958083,0.2726,0.0491104249375091,334,0.3706807822379062,0.2596676959270695,pixel_reliability=0 AND MODLAND_QA(bits0-1)=0 AND VI range -2000..10000,MOD13Q1 V061 Terra 250m 16-day
SO2307,Wanla Weyn,SO23,Lower Shabelle,2022-05-25,0.2748684523809524,0.26965,0.1760720238095238,0.1694,0.0247022496691662,168,0.4927216585796206,0.1452727540067637,pixel_reliability=0 AND MODLAND_QA(bits0-1)=0 AND VI range -2000..10000,MOD13Q1 V061 Terra 250m 16-day
SO2307,Wanla Weyn,SO23,Lower Shabelle,2022-06-10,0.2501780701754386,0.24255,0.1564587719298245,0.1523499999999999,0.0167622408469342,114,0.5613880311718865,0.1021908542861343,pixel_reliability=0 AND MODLAND_QA(bits0-1)=0 AND VI range -2000..10000,MOD13Q1 V061 Terra 250m 16-day
SO2307,Wanla Weyn,SO23,Lower Shabelle,2022-06-26,0.2507875,0.2376,0.1488625,0.15115,0.0023525952065872,16,0.5875606528451698,0.2643728863402441,pixel_reliability=0 AND MODLAND_QA(bits0-1)=0 AND VI range -2000..10000,MOD13Q1 V061 Terra 250m 16-day
SO2307,Wanla Weyn,SO23,Lower Shabelle,2022-07-12,0.3002601554907678,0.2991,0.1523585034013605,0.152,0.1513012792236436,1029,0.2007057785619762,0.3814144978679606,pixel_reliability=0 AND MODLAND_QA(bits0-1)=0 AND VI range -2000..10000,MOD13Q1 V061 Terra 250m 16-day
SO2307,Wanla Weyn,SO23,Lower Shabelle,2022-07-28,0.307,0.3034,0.1886,0.1797,0.001470372004117,10,0.3098073812674606,0.3942067343037788,pixel_reliability=0 AND MODLAND_QA(bits0-1)=0 AND VI range -2000..10000,MOD13Q1 V061 Terra 250m 16-day
SO2307,Wanla Weyn,SO23,Lower Shabelle,2022-08-13,0.2711309090909091,0.2672,0.1517363636363636,0.1481,0.0080870460226437,55,0.3847963534774298,0.2809880899867666,pixel_reliability=0 AND MODLAND_QA(bits0-1)=0 AND VI range -2000..10000,MOD13Q1 V061 Terra 250m 16-day
SO2307,Wanla Weyn,SO23,Lower Shabelle,2022-08-29,0.24371873571972583,0.24515,0.14558929931454684,0.14655,0.38611968828113513,2626,0.3167181296868108,0.0055874136156447585,pixel_reliability=0 AND MODLAND_QA(bits0-1)=0 AND VI range -2000..10000,MOD13Q1 V061 Terra 250m 16-day
SO2307,Wanla Weyn,SO23,Lower Shabelle,2022-09-14,0.21541561757719715,0.21165,0.11931490498812353,0.1155,0.2476106454933098,1684,0.41670342596676957,0.02543743567122482,pixel_reliability=0 AND MODLAND_QA(bits0-1)=0 AND VI range -2000..10000,MOD13Q1 V061 Terra 250m 16-day
SO2307,Wanla Weyn,SO23,Lower Shabelle,2022-09-30,0.19043749999999998,0.1957,0.11176250000000001,0.11320000000000001,0.0011762976032936333,8,0.2051168945743273,0.5680047051904131,pixel_reliability=0 AND MODLAND_QA(bits0-1)=0 AND VI range -2000..10000,MOD13Q1 V061 Terra 250m 16-day
SO2307,Wanla Weyn,SO23,Lower Shabelle,2022-10-16,0.26926380697050945,0.2625,0.1614479892761394,0.158,0.05484487575356565,373,0.35715335980002944,0.21408616379944126,pixel_reliability=0 AND MODLAND_QA(bits0-1)=0 AND VI range -2000..10000,MOD13Q1 V061 Terra 250m 16-day
SO2307,Wanla Weyn,SO23,Lower Shabelle,2022-11-01,0.37393809523809524,0.3361,0.24047142857142859,0.23440000000000003,0.0030877812086457872,21,0.27069548595794735,0.48581091016027056,pixel_reliability=0 AND MODLAND_QA(bits0-1)=0 AND VI range -2000..10000,MOD13Q1 V061 Terra 250m 16-day
SO2307,Wanla Weyn,SO23,Lower Shabelle,2022-11-17,0.39841923076923075,0.38945,0.24728333333333338,0.2403,0.011468901632112925,78,0.32318776650492576,0.299220702837818,pixel_reliability=0 AND MODLAND_QA(bits0-1)=0 AND VI range -2000..10000,MOD13Q1 V061 Terra 250m 16-day
SO2307,Wanla Weyn,SO23,Lower Shabelle,2022-12-03,0.3020699602780536,0.3007,0.17561007944389279,0.17705,0.2961329216291722,2014,0.40023525952065875,0.0027937068078223793,pixel_reliability=0 AND MODLAND_QA(bits0-1)=0 AND VI range -2000..10000,MOD13Q1 V061 Terra 250m 16-day
SO2307,Wanla Weyn,SO23,Lower Shabelle,2022-12-19,0.24301865047233467,0.24230000000000002,0.15463268556005397,0.1545,0.5447728275253639,3705,0.16865166887222469,0.017791501249816204,pixel_reliability=0 AND MODLAND_QA(bits0-1)=0 AND VI range -2000..10000,MOD13Q1 V061 Terra 250m 16-day
SO2401,Baydhaba,SO24,Bay,2022-01-01,0.2823621819166215,0.2864,0.1408390362750406,0.1389,0.9805561085672572,14776,0.0026544561682925,0.0,pixel_reliability=0 AND MODLAND_QA(bits0-1)=0 AND VI range -2000..10000,MOD13Q1 V061 Terra 250m 16-day
SO2401,Baydhaba,SO24,Bay,2022-01-17,0.2592286098232883,0.263,0.1278660014781966,0.1274,0.9876567788174396,14883,0.0017917579135974,0.0,pixel_reliability=0 AND MODLAND_QA(bits0-1)=0 AND VI range -2000..10000,MOD13Q1 V061 Terra 250m 16-day
SO2401,Baydhaba,SO24,Bay,2022-02-02,0.2481797663746349,0.2504,0.124237039354749,0.1262,0.954409715309576,14382,0.0087597053553653,0.0,pixel_reliability=0 AND MODLAND_QA(bits0-1)=0 AND VI range -2000..10000,MOD13Q1 V061 Terra 250m 16-day
SO2401,Baydhaba,SO24,Bay,2022-02-18,0.2440160108653473,0.2449,0.1223576794722545,0.1239,0.8550666932112283,12885,0.0338443161457296,0.0,pixel_reliability=0 AND MODLAND_QA(bits0-1)=0 AND VI range -2000..10000,MOD13Q1 V061 Terra 250m 16-day
SO2401,Baydhaba,SO24,Bay,2022-03-06,0.2416499011251278,0.2432,0.121836413228776,0.1241,0.9731899927002456,14665,0.005308912336585,0.0,pixel_reliability=0 AND MODLAND_QA(bits0-1)=0 AND VI range -2000..10000,MOD13Q1 V061 Terra 250m 16-day
SO2401,Baydhaba,SO24,Bay,2022-03-22,0.2697360729133354,0.2705,0.1456109263404754,0.1435,0.6225363328688035,9381,0.1312628575220651,0.0,pixel_reliability=0 AND MODLAND_QA(bits0-1)=0 AND VI range -2000..10000,MOD13Q1 V061 Terra 250m 16-day
SO2401,Baydhaba,SO24,Bay,2022-04-07,0.2706974371759074,0.2705,0.1447622955723973,0.143,0.665472161390935,10028,0.1015329484371889,0.0001990842126219,pixel_reliability=0 AND MODLAND_QA(bits0-1)=0 AND VI range -2000..10000,MOD13Q1 V061 Terra 250m 16-day
SO2401,Baydhaba,SO24,Bay,2022-04-23,0.4321631257631257,0.4337,0.2216894993894994,0.2227,0.0543499900457893,819,0.6460946313623996,0.0733293516490809,pixel_reliability=0 AND MODLAND_QA(bits0-1)=0 AND VI range -2000..10000,MOD13Q1 V061 Terra 250m 16-day
SO2401,Baydhaba,SO24,Bay,2022-05-09,0.4973539130434782,0.4851,0.2709139130434783,0.2663,0.0076315614838409,115,0.3657840599907094,0.3300152631229677,pixel_reliability=0 AND MODLAND_QA(bits0-1)=0 AND VI range -2000..10000,MOD13Q1 V061 Terra 250m 16-day
SO2401,Baydhaba,SO24,Bay,2022-05-25,0.3668865070093458,0.3617,0.1998993574766355,0.1937,0.3408321720087597,5136,0.3274935297630897,0.0581989514898135,pixel_reliability=0 AND MODLAND_QA(bits0-1)=0 AND VI range -2000..10000,MOD13Q1 V061 Terra 250m 16-day
SO2401,Baydhaba,SO24,Bay,2022-06-10,0.3288325114155251,0.3312,0.156167305936073,0.153,0.0726657376070077,1095,0.4809210962903975,0.1409516225363328,pixel_reliability=0 AND MODLAND_QA(bits0-1)=0 AND VI range -2000..10000,MOD13Q1 V061 Terra 250m 16-day
SO2401,Baydhaba,SO24,Bay,2022-06-26,0.29024,0.2954,0.15446,0.157,0.0016590351051828,25,0.3700311898599774,0.4042736744309509,pixel_reliability=0 AND MODLAND_QA(bits0-1)=0 AND VI range -2000..10000,MOD13Q1 V061 Terra 250m 16-day
SO2401,Baydhaba,SO24,Bay,2022-07-12,0.3359985965229989,0.3307,0.1450009597971749,0.1373,0.7328953480655651,11044,0.0801645762824341,0.0005972526378658,pixel_reliability=0 AND MODLAND_QA(bits0-1)=0 AND VI range -2000..10000,MOD13Q1 V061 Terra 250m 16-day
SO2401,Baydhaba,SO24,Bay,2022-07-28,0.3019663354573927,0.3,0.1292757857220002,0.124,0.6144402415555114,9259,0.1613245736279779,0.0141349790961576,pixel_reliability=0 AND MODLAND_QA(bits0-1)=0 AND VI range -2000..10000,MOD13Q1 V061 Terra 250m 16-day
SO2401,Baydhaba,SO24,Bay,2022-08-13,0.2603142735285755,0.263,0.1233079613306795,0.1217,0.2333930585971199,3517,0.4410378923618023,0.0457893689030459,pixel_reliability=0 AND MODLAND_QA(bits0-1)=0 AND VI range -2000..10000,MOD13Q1 V061 Terra 250m 16-day
SO2401,Baydhaba,SO24,Bay,2022-08-29,0.25197266584766587,0.2482,0.12462395577395577,0.1221,0.4321454641980224,6512,0.2501161324573628,0.0007963368504877563,pixel_reliability=0 AND MODLAND_QA(bits0-1)=0 AND VI range -2000..10000,MOD13Q1 V061 Terra 250m 16-day
SO2401,Baydhaba,SO24,Bay,2022-09-14,0.2542514158800666,0.25525000000000003,0.12419675180455304,0.1247,0.478067555909483,7204,0.20864025482779217,0.04691751277457031,pixel_reliability=0 AND MODLAND_QA(bits0-1)=0 AND VI range -2000..10000,MOD13Q1 V061 Terra 250m 16-day
SO2401,Baydhaba,SO24,Bay,2022-09-30,0.25676897066666665,0.2474,0.13583032533333333,0.1307,0.6221381644435596,9375,0.14752140155285687,0.04313491273475347,pixel_reliability=0 AND MODLAND_QA(bits0-1)=0 AND VI range -2000..10000,MOD13Q1 V061 Terra 250m 16-day
SO2401,Baydhaba,SO24,Bay,2022-10-16,0.33440228818800244,0.3078,0.17761663574520717,0.15760000000000002,0.10730639060322517,1617,0.3204592209171146,0.19536797398632955,pixel_reliability=0 AND MODLAND_QA(bits0-1)=0 AND VI range -2000..10000,MOD13Q1 V061 Terra 250m 16-day
SO2401,Baydhaba,SO24,Bay,2022-11-01,0.5050320312500001,0.49265000000000003,0.29881484375,0.30395000000000005,0.016988519477072136,256,0.2889375539186409,0.43473355896210764,pixel_reliability=0 AND MODLAND_QA(bits0-1)=0 AND VI range -2000..10000,MOD13Q1 V061 Terra 250m 16-day
SO2401,Baydhaba,SO24,Bay,2022-11-17,0.486414192139738,0.4938,0.26934077832006165,0.2783,0.5166898931581392,7786,0.28747760302608005,0.007764284292255624,pixel_reliability=0 AND MODLAND_QA(bits0-1)=0 AND VI range -2000..10000,MOD13Q1 V061 Terra 250m 16-day
SO2401,Baydhaba,SO24,Bay,2022-12-03,0.4499054640666989,0.45030000000000003,0.2341218700475436,0.23190000000000002,0.9631030592607339,14513,0.002389010551463269,0.0,pixel_reliability=0 AND MODLAND_QA(bits0-1)=0 AND VI range -2000..10000,MOD13Q1 V061 Terra 250m 16-day
SO2401,Baydhaba,SO24,Bay,2022-12-19,0.3915235318675202,0.389,0.2081037294739772,0.2029,0.9537461012675028,14372,0.0035835158271949035,0.0,pixel_reliability=0 AND MODLAND_QA(bits0-1)=0 AND VI range -2000..10000,MOD13Q1 V061 Terra 250m 16-day
SO2402,Buur Hakaba,SO24,Bay,2022-01-01,0.309136133225839,0.3049,0.1772887685175854,0.1749,0.9475744843391902,19846,0.0084033613445378,0.0,pixel_reliability=0 AND MODLAND_QA(bits0-1)=0 AND VI range -2000..10000,MOD13Q1 V061 Terra 250m 16-day
SO2402,Buur Hakaba,SO24,Bay,2022-01-17,0.2680993172162654,0.2638,0.1553013503944972,0.1525,0.9440412528647822,19772,0.0074006875477463,4.774637127578304e-05,pixel_reliability=0 AND MODLAND_QA(bits0-1)=0 AND VI range -2000..10000,MOD13Q1 V061 Terra 250m 16-day
SO2402,Buur Hakaba,SO24,Bay,2022-02-02,0.252320253738106,0.24855,0.1459605516538287,0.1417,0.8430099312452254,17656,0.0413006111535523,0.0,pixel_reliability=0 AND MODLAND_QA(bits0-1)=0 AND VI range -2000..10000,MOD13Q1 V061 Terra 250m 16-day
SO2402,Buur Hakaba,SO24,Bay,2022-02-18,0.2377061790899109,0.2359,0.1427325179943881,0.1389,0.7827540106951871,16394,0.0576776165011459,0.0,pixel_reliability=0 AND MODLAND_QA(bits0-1)=0 AND VI range -2000..10000,MOD13Q1 V061 Terra 250m 16-day
SO2402,Buur Hakaba,SO24,Bay,2022-03-06,0.2380538534835491,0.2357,0.1395250378342021,0.1351,0.8518430099312452,17841,0.0301279602750191,0.0,pixel_reliability=0 AND MODLAND_QA(bits0-1)=0 AND VI range -2000..10000,MOD13Q1 V061 Terra 250m 16-day
SO2402,Buur Hakaba,SO24,Bay,2022-03-22,0.2898550132543271,0.2745,0.1914655699360673,0.1771,0.3061974789915966,6413,0.3835943468296409,0.0,pixel_reliability=0 AND MODLAND_QA(bits0-1)=0 AND VI range -2000..10000,MOD13Q1 V061 Terra 250m 16-day
SO2402,Buur Hakaba,SO24,Bay,2022-04-07,0.2733360780310763,0.2609,0.1611108313485312,0.1468,0.4209797555385791,8817,0.2495702826585179,0.0054430863254392,pixel_reliability=0 AND MODLAND_QA(bits0-1)=0 AND VI range -2000..10000,MOD13Q1 V061 Terra 250m 16-day
SO2402,Buur Hakaba,SO24,Bay,2022-04-23,0.3617118758434548,0.3734,0.2307345479082321,0.2377,0.0353800611153552,741,0.4441367456073338,0.183966768525592,pixel_reliability=0 AND MODLAND_QA(bits0-1)=0 AND VI range -2000..10000,MOD13Q1 V061 Terra 250m 16-day
SO2402,Buur Hakaba,SO24,Bay,2022-05-09,0.4156393617021276,0.4205,0.2619393617021276,0.25715,0.0089763177998472,188,0.4898777692895339,0.1978132161955691,pixel_reliability=0 AND MODLAND_QA(bits0-1)=0 AND VI range -2000..10000,MOD13Q1 V061 Terra 250m 16-day
SO2402,Buur Hakaba,SO24,Bay,2022-05-25,0.3517016241299303,0.3542,0.2131303944315545,0.2139,0.0205786860198624,431,0.6004583651642476,0.0874236058059587,pixel_reliability=0 AND MODLAND_QA(bits0-1)=0 AND VI range -2000..10000,MOD13Q1 V061 Terra 250m 16-day
SO2402,Buur Hakaba,SO24,Bay,2022-06-10,0.403408620689655,0.383,0.24175,0.23495,0.0055385790679908,116,0.4956073338426279,0.1673510313216195,pixel_reliability=0 AND MODLAND_QA(bits0-1)=0 AND VI range -2000..10000,MOD13Q1 V061 Terra 250m 16-day
SO2402,Buur Hakaba,SO24,Bay,2022-06-26,0.3691513513513513,0.3778,0.2246743243243243,0.23145,0.0035332314744079,74,0.3310733384262796,0.4254679144385027,pixel_reliability=0 AND MODLAND_QA(bits0-1)=0 AND VI range -2000..10000,MOD13Q1 V061 Terra 250m 16-day
SO2402,Buur Hakaba,SO24,Bay,2022-07-12,0.3368815395212674,0.3332,0.1632949027036335,0.1578,0.2772631779984721,5807,0.2955022918258212,0.1275305576776165,pixel_reliability=0 AND MODLAND_QA(bits0-1)=0 AND VI range -2000..10000,MOD13Q1 V061 Terra 250m 16-day
SO2402,Buur Hakaba,SO24,Bay,2022-07-28,0.3378155555555556,0.3143,0.2228044444444444,0.2054,0.0042971734148204,90,0.295550038197097,0.3985867074102368,pixel_reliability=0 AND MODLAND_QA(bits0-1)=0 AND VI range -2000..10000,MOD13Q1 V061 Terra 250m 16-day
SO2402,Buur Hakaba,SO24,Bay,2022-08-13,0.3312634615384616,0.3324,0.1911788461538462,0.18275,0.0024828113063407,52,0.3443468296409472,0.3165106951871658,pixel_reliability=0 AND MODLAND_QA(bits0-1)=0 AND VI range -2000..10000,MOD13Q1 V061 Terra 250m 16-day
SO2402,Buur Hakaba,SO24,Bay,2022-08-29,0.32349756857855366,0.3301,0.18802238154613468,0.1904,0.153170359052712,3208,0.5410618792971734,0.0458842627960275,pixel_reliability=0 AND MODLAND_QA(bits0-1)=0 AND VI range -2000..10000,MOD13Q1 V061 Terra 250m 16-day
SO2402,Buur Hakaba,SO24,Bay,2022-09-14,0.28724504504504506,0.27449999999999997,0.1656364864864865,0.15195,0.010599694423223834,222,0.4391711229946524,0.23410045836516424,pixel_reliability=0 AND MODLAND_QA(bits0-1)=0 AND VI range -2000..10000,MOD13Q1 V061 Terra 250m 16-day
SO2402,Buur Hakaba,SO24,Bay,2022-09-30,0.336995,0.30365,0.206115,0.18035,0.0009549274255156608,20,0.190364782276547,0.6028934300993124,pixel_reliability=0 AND MODLAND_QA(bits0-1)=0 AND VI range -2000..10000,MOD13Q1 V061 Terra 250m 16-day
SO2402,Buur Hakaba,SO24,Bay,2022-10-16,0.3089890625,0.30195,0.18711875,0.1819,0.015278838808250574,320,0.23963903743315507,0.417255538579068,pixel_reliability=0 AND MODLAND_QA(bits0-1)=0 AND VI range -2000..10000,MOD13Q1 V061 Terra 250m 16-day
SO2402,Buur Hakaba,SO24,Bay,2022-11-01,0.6335442105263157,0.64305,0.40364000000000005,0.4044,0.009071810542398778,190,0.3566653934300993,0.4679144385026738,pixel_reliability=0 AND MODLAND_QA(bits0-1)=0 AND VI range -2000..10000,MOD13Q1 V061 Terra 250m 16-day
SO2402,Buur Hakaba,SO24,Bay,2022-11-17,0.44168990384615386,0.43700000000000006,0.28866947115384617,0.2881,0.059587471352177235,1248,0.4025974025974026,0.19633307868601987,pixel_reliability=0 AND MODLAND_QA(bits0-1)=0 AND VI range -2000..10000,MOD13Q1 V061 Terra 250m 16-day
SO2402,Buur Hakaba,SO24,Bay,2022-12-03,0.38290021394950796,0.379,0.215339103857204,0.2122,0.7810828877005348,16359,0.11397058823529412,0.00033422459893048126,pixel_reliability=0 AND MODLAND_QA(bits0-1)=0 AND VI range -2000..10000,MOD13Q1 V061 Terra 250m 16-day
SO2402,Buur Hakaba,SO24,Bay,2022-12-19,0.33902860523385303,0.33180000000000004,0.19885782293986637,0.19390000000000002,0.6860198624904508,14368,0.059110007639419405,0.0025305576776165012,pixel_reliability=0 AND MODLAND_QA(bits0-1)=0 AND VI range -2000..10000,MOD13Q1 V061 Terra 250m 16-day
SO2403,Diinsoor,SO24,Bay,2022-01-01,0.2941632860665844,0.2838,0.1647705199342376,0.1603,0.8609341825902336,9732,0.0328202406227883,0.0,pixel_reliability=0 AND MODLAND_QA(bits0-1)=0 AND VI range -2000..10000,MOD13Q1 V061 Terra 250m 16-day
SO2403,Diinsoor,SO24,Bay,2022-01-17,0.2594700409996095,0.25415,0.1485647500976181,0.1453,0.9062278839348904,10244,0.0155697098372257,0.0,pixel_reliability=0 AND MODLAND_QA(bits0-1)=0 AND VI range -2000..10000,MOD13Q1 V061 Terra 250m 16-day
SO2403,Diinsoor,SO24,Bay,2022-02-02,0.2444285747152882,0.239,0.1420653399286782,0.1381,0.7690198159943383,8693,0.0719214437367303,0.0,pixel_reliability=0 AND MODLAND_QA(bits0-1)=0 AND VI range -2000..10000,MOD13Q1 V061 Terra 250m 16-day
SO2403,Diinsoor,SO24,Bay,2022-02-18,0.2331661097852028,0.2294,0.1406889837960055,0.1367,0.7042639773531493,7961,0.0781139419674451,0.0,pixel_reliability=0 AND MODLAND_QA(bits0-1)=0 AND VI range -2000..10000,MOD13Q1 V061 Terra 250m 16-day
SO2403,Diinsoor,SO24,Bay,2022-03-06,0.2359233244254409,0.2315,0.136146221272047,0.1332,0.8275831564048125,9355,0.0390127388535031,0.0,pixel_reliability=0 AND MODLAND_QA(bits0-1)=0 AND VI range -2000..10000,MOD13Q1 V061 Terra 250m 16-day
SO2403,Diinsoor,SO24,Bay,2022-03-22,0.262163293732077,0.2465,0.1613445718967636,0.1513,0.2159412597310686,2441,0.4447983014861996,0.0,pixel_reliability=0 AND MODLAND_QA(bits0-1)=0 AND VI range -2000..10000,MOD13Q1 V061 Terra 250m 16-day
SO2403,Diinsoor,SO24,Bay,2022-04-07,0.2584791841004184,0.2461,0.1553148117154811,0.1449,0.4228591648973814,4780,0.2860049539985845,0.0072540693559801,pixel_reliability=0 AND MODLAND_QA(bits0-1)=0 AND VI range -2000..10000,MOD13Q1 V061 Terra 250m 16-day
SO2403,Diinsoor,SO24,Bay,2022-04-23,0.4047569230769231,0.3912,0.2495338461538461,0.2403,0.0057501769285208,65,0.2781316348195329,0.3789808917197452,pixel_reliability=0 AND MODLAND_QA(bits0-1)=0 AND VI range -2000..10000,MOD13Q1 V061 Terra 250m 16-day
SO2403,Diinsoor,SO24,Bay,2022-05-09,0.4849533333333333,0.4818,0.3160933333333334,0.3163,0.0039808917197452,45,0.4203821656050955,0.2375265392781316,pixel_reliability=0 AND MODLAND_QA(bits0-1)=0 AND VI range -2000..10000,MOD13Q1 V061 Terra 250m 16-day
SO2403,Diinsoor,SO24,Bay,2022-05-25,0.4341545454545454,0.44265,0.2936318181818181,0.2902,0.0019462137296532,22,0.4094125973106864,0.2766277423920736,pixel_reliability=0 AND MODLAND_QA(bits0-1)=0 AND VI range -2000..10000,MOD13Q1 V061 Terra 250m 16-day
SO2403,Diinsoor,SO24,Bay,2022-06-10,0.431636,0.4298,0.273918,0.267,0.0044232130219391,50,0.4302016985138004,0.2260261854210898,pixel_reliability=0 AND MODLAND_QA(bits0-1)=0 AND VI range -2000..10000,MOD13Q1 V061 Terra 250m 16-day
SO2403,Diinsoor,SO24,Bay,2022-06-26,0.4372083333333333,0.4531,0.2833916666666666,0.2904,0.0010615711252653,12,0.1646319886765746,0.6006723283793347,pixel_reliability=0 AND MODLAND_QA(bits0-1)=0 AND VI range -2000..10000,MOD13Q1 V061 Terra 250m 16-day
SO2403,Diinsoor,SO24,Bay,2022-07-12,0.3982511570247934,0.3913,0.2105812396694214,0.20715,0.1070417551309271,1210,0.5074309978768577,0.0682944090587402,pixel_reliability=0 AND MODLAND_QA(bits0-1)=0 AND VI range -2000..10000,MOD13Q1 V061 Terra 250m 16-day
SO2403,Diinsoor,SO24,Bay,2022-07-28,0.3764309644670051,0.3715,0.1962180414551607,0.1932,0.4182590233545648,4728,0.305378627034678,0.0462668082094833,pixel_reliability=0 AND MODLAND_QA(bits0-1)=0 AND VI range -2000..10000,MOD13Q1 V061 Terra 250m 16-day
SO2403,Diinsoor,SO24,Bay,2022-08-13,0.2878375,0.29995,0.1704125,0.1744,0.0007077140835102,8,0.3680113234253361,0.2860934182590233,pixel_reliability=0 AND MODLAND_QA(bits0-1)=0 AND VI range -2000..10000,MOD13Q1 V061 Terra 250m 16-day
SO2403,Diinsoor,SO24,Bay,2022-08-29,0.31302736392346275,0.31020000000000003,0.18501768530559168,0.1836,0.47620311394196746,5383,0.2524769992922859,0.03706652512384997,pixel_reliability=0 AND MODLAND_QA(bits0-1)=0 AND VI range -2000..10000,MOD13Q1 V061 Terra 250m 16-day
SO2403,Diinsoor,SO24,Bay,2022-09-14,0.3073539473684211,0.2942,0.19031315789473682,0.1768,0.006723283793347488,76,0.36349964614295827,0.3090056617126681,pixel_reliability=0 AND MODLAND_QA(bits0-1)=0 AND VI range -2000..10000,MOD13Q1 V061 Terra 250m 16-day
SO2403,Diinsoor,SO24,Bay,2022-09-30,0.2549594275329396,0.251,0.1532222626079055,0.149,0.1947098372257608,2201,0.4294939844302902,0.02592002830856334,pixel_reliability=0 AND MODLAND_QA(bits0-1)=0 AND VI range -2000..10000,MOD13Q1 V061 Terra 250m 16-day
SO2403,Diinsoor,SO24,Bay,2022-10-16,0.26231499999999996,0.2508,0.15628499999999998,0.14785,0.0017692852087756545,20,0.13614649681528662,0.6560509554140127,pixel_reliability=0 AND MODLAND_QA(bits0-1)=0 AND VI range -2000..10000,MOD13Q1 V061 Terra 250m 16-day
SO2403,Diinsoor,SO24,Bay,2022-11-01,0.49960141342756187,0.5051,0.3148910029899429,0.3231,0.32546001415428166,3679,0.3077671620665251,0.06935598018400566,pixel_reliability=0 AND MODLAND_QA(bits0-1)=0 AND VI range -2000..10000,MOD13Q1 V061 Terra 250m 16-day
SO2403,Diinsoor,SO24,Bay,2022-11-17,0.4477251842751843,0.4465,0.2695247542997543,0.2733,0.14401981599433827,1628,0.43710191082802546,0.08987968860580325,pixel_reliability=0 AND MODLAND_QA(bits0-1)=0 AND VI range -2000..10000,MOD13Q1 V061 Terra 250m 16-day
SO2403,Diinsoor,SO24,Bay,2022-12-03,0.43311921052631575,0.42555000000000004,0.24491461466165415,0.24300000000000002,0.9412597310686482,10640,0.010173389950460014,0.0,pixel_reliability=0 AND MODLAND_QA(bits0-1)=0 AND VI range -2000..10000,MOD13Q1 V061 Terra 250m 16-day
SO2403,Diinsoor,SO24,Bay,2022-12-19,0.3700865741199802,0.3587,0.2049129102627665,0.19990000000000002,0.8921620665251239,10085,0.007696390658174098,0.0,pixel_reliability=0 AND MODLAND_QA(bits0-1)=0 AND VI range -2000..10000,MOD13Q1 V061 Terra 250m 16-day
SO2404,Qansax Dheere,SO24,Bay,2022-01-01,0.265900163132137,0.2643,0.141397471451876,0.1412,0.9595617010174796,3678,0.0065223062875032,0.0,pixel_reliability=0 AND MODLAND_QA(bits0-1)=0 AND VI range -2000..10000,MOD13Q1 V061 Terra 250m 16-day
SO2404,Qansax Dheere,SO24,Bay,2022-01-17,0.2342242237687366,0.2327,0.128069539614561,0.1291,0.9746934516044874,3736,0.0023480302635011,0.0,pixel_reliability=0 AND MODLAND_QA(bits0-1)=0 AND VI range -2000..10000,MOD13Q1 V061 Terra 250m 16-day
SO2404,Qansax Dheere,SO24,Bay,2022-02-02,0.2249388204981391,0.223,0.1215355568279416,0.1226,0.9112966344899556,3493,0.0234803026350117,0.0,pixel_reliability=0 AND MODLAND_QA(bits0-1)=0 AND VI range -2000..10000,MOD13Q1 V061 Terra 250m 16-day
SO2404,Qansax Dheere,SO24,Bay,2022-02-18,0.2172983392645314,0.219,0.1214139383155397,0.1214,0.8797286720584399,3372,0.0195669188625097,0.0,pixel_reliability=0 AND MODLAND_QA(bits0-1)=0 AND VI range -2000..10000,MOD13Q1 V061 Terra 250m 16-day
SO2404,Qansax Dheere,SO24,Bay,2022-03-06,0.2179883113311331,0.2173,0.1197318206820682,0.1219,0.9486042264544744,3636,0.0065223062875032,0.0,pixel_reliability=0 AND MODLAND_QA(bits0-1)=0 AND VI range -2000..10000,MOD13Q1 V061 Terra 250m 16-day
SO2404,Qansax Dheere,SO24,Bay,2022-03-22,0.2380132693393563,0.237,0.1382070016939582,0.1391,0.462040177406731,1771,0.1737542394990869,0.0,pixel_reliability=0 AND MODLAND_QA(bits0-1)=0 AND VI range -2000..10000,MOD13Q1 V061 Terra 250m 16-day
SO2404,Qansax Dheere,SO24,Bay,2022-04-07,0.2393567666126418,0.2344,0.1373033630470016,0.1357,0.6438820767023219,2468,0.1043569006000521,0.0057396295330028,pixel_reliability=0 AND MODLAND_QA(bits0-1)=0 AND VI range -2000..10000,MOD13Q1 V061 Terra 250m 16-day
SO2404,Qansax Dheere,SO24,Bay,2022-04-23,0.3227821428571428,0.31435,0.1648642857142857,0.15805,0.0511348812940255,196,0.3835116097051917,0.2134098617271067,pixel_reliability=0 AND MODLAND_QA(bits0-1)=0 AND VI range -2000..10000,MOD13Q1 V061 Terra 250m 16-day
SO2404,Qansax Dheere,SO24,Bay,2022-05-09,0.382144,0.3908,0.231828,0.2438,0.0065223062875032,25,0.3094182102791547,0.3107226715366553,pixel_reliability=0 AND MODLAND_QA(bits0-1)=0 AND VI range -2000..10000,MOD13Q1 V061 Terra 250m 16-day
SO2404,Qansax Dheere,SO24,Bay,2022-05-25,0.3268,0.31505,0.20966,0.2002,0.0026089225150013,10,0.45995303939473,0.1862770675710931,pixel_reliability=0 AND MODLAND_QA(bits0-1)=0 AND VI range -2000..10000,MOD13Q1 V061 Terra 250m 16-day
SO2404,Qansax Dheere,SO24,Bay,2022-06-10,0.2814136363636364,0.2717,0.1672954545454545,0.1665,0.0057396295330028,22,0.4578659013827289,0.1967127576310983,pixel_reliability=0 AND MODLAND_QA(bits0-1)=0 AND VI range -2000..10000,MOD13Q1 V061 Terra 250m 16-day
SO2404,Qansax Dheere,SO24,Bay,2022-06-26,,,,,0.0,0,0.1437516305765718,0.6438820767023219,pixel_reliability=0 AND MODLAND_QA(bits0-1)=0 AND VI range -2000..10000,MOD13Q1 V061 Terra 250m 16-day
SO2404,Qansax Dheere,SO24,Bay,2022-07-12,0.2856416149068323,0.2751,0.1352089026915113,0.13365,0.252021914949126,966,0.3015914427341508,0.0028698147665014,pixel_reliability=0 AND MODLAND_QA(bits0-1)=0 AND VI range -2000..10000,MOD13Q1 V061 Terra 250m 16-day
SO2404,Qansax Dheere,SO24,Bay,2022-07-28,0.2670747316773996,0.2537,0.135178135541245,0.1323,0.8507696321419254,3261,0.0271327941560135,0.0,pixel_reliability=0 AND MODLAND_QA(bits0-1)=0 AND VI range -2000..10000,MOD13Q1 V061 Terra 250m 16-day
SO2404,Qansax Dheere,SO24,Bay,2022-08-13,0.2170895184135977,0.21625,0.1337191218130311,0.135,0.1841899295590921,706,0.351943647273676,0.1207931124445604,pixel_reliability=0 AND MODLAND_QA(bits0-1)=0 AND VI range -2000..10000,MOD13Q1 V061 Terra 250m 16-day
SO2404,Qansax Dheere,SO24,Bay,2022-08-29,0.21623617588274482,0.2122,0.12155656229180549,0.12250000000000001,0.3915992695016958,1501,0.2895903991651448,0.0020871380120010435,pixel_reliability=0 AND MODLAND_QA(bits0-1)=0 AND VI range -2000..10000,MOD13Q1 V061 Terra 250m 16-day
SO2404,Qansax Dheere,SO24,Bay,2022-09-14,0.21310800821355239,0.20575,0.12422125256673512,0.12595,0.25410905296112707,974,0.1354030785285677,0.357944169058179,pixel_reliability=0 AND MODLAND_QA(bits0-1)=0 AND VI range -2000..10000,MOD13Q1 V061 Terra 250m 16-day
SO2404,Qansax Dheere,SO24,Bay,2022-09-30,0.21286039970392304,0.2081,0.12284430051813472,0.1236,0.7049308635533524,2702,0.09548656404904775,0.00026089225150013044,pixel_reliability=0 AND MODLAND_QA(bits0-1)=0 AND VI range -2000..10000,MOD13Q1 V061 Terra 250m 16-day
SO2404,Qansax Dheere,SO24,Bay,2022-10-16,0.22935586206896552,0.22210000000000002,0.14104344827586207,0.1364,0.03782937646751892,145,0.3049830420036525,0.3005478737281503,pixel_reliability=0 AND MODLAND_QA(bits0-1)=0 AND VI range -2000..10000,MOD13Q1 V061 Terra 250m 16-day
SO2404,Qansax Dheere,SO24,Bay,2022-11-01,0.41468392999204456,0.41235,0.2567188146380271,0.2605,0.6558831202713279,2514,0.1174015131750587,0.00573962953300287,pixel_reliability=0 AND MODLAND_QA(bits0-1)=0 AND VI range -2000..10000,MOD13Q1 V061 Terra 250m 16-day
SO2404,Qansax Dheere,SO24,Bay,2022-11-17,0.42376403095558546,0.4086,0.2491413862718708,0.24265,0.7753717714583876,2972,0.0821810592225411,0.0026089225150013043,pixel_reliability=0 AND MODLAND_QA(bits0-1)=0 AND VI range -2000..10000,MOD13Q1 V061 Terra 250m 16-day
SO2404,Qansax Dheere,SO24,Bay,2022-12-03,0.41437045191193517,0.4031,0.22456688876013906,0.21960000000000002,0.9006000521784503,3452,0.0005217845030002609,0.0,pixel_reliability=0 AND MODLAND_QA(bits0-1)=0 AND VI range -2000..10000,MOD13Q1 V061 Terra 250m 16-day
SO2404,Qansax Dheere,SO24,Bay,2022-12-19,0.3347389879391715,0.32655,0.17479105925537494,0.16905,0.9950430472214975,3814,0.00026089225150013044,0.0,pixel_reliability=0 AND MODLAND_QA(bits0-1)=0 AND VI range -2000..10000,MOD13Q1 V061 Terra 250m 16-day
SO2501,Xudur,SO25,Bakool,2022-01-01,0.2214453134698945,0.21915,0.1233752172563625,0.1225,0.9930651872399444,6444,0.0,0.0,pixel_reliability=0 AND MODLAND_QA(bits0-1)=0 AND VI range -2000..10000,MOD13Q1 V061 Terra 250m 16-day
SO2501,Xudur,SO25,Bakool,2022-01-17,0.2101124883359253,0.2085,0.1149484447900466,0.1147,0.990907689936816,6430,0.0003082139004469,0.0,pixel_reliability=0 AND MODLAND_QA(bits0-1)=0 AND VI range -2000..10000,MOD13Q1 V061 Terra 250m 16-day
SO2501,Xudur,SO25,Bakool,2022-02-02,0.2036789723320158,0.2014,0.1146151620553359,0.1148,0.9747264601633534,6325,0.0020033903529049,0.0,pixel_reliability=0 AND MODLAND_QA(bits0-1)=0 AND VI range -2000..10000,MOD13Q1 V061 Terra 250m 16-day
SO2501,Xudur,SO25,Bakool,2022-02-18,0.2026773166926677,0.1999,0.1117418408736349,0.112,0.987825550932347,6410,0.0010787486515641,0.0,pixel_reliability=0 AND MODLAND_QA(bits0-1)=0 AND VI range -2000..10000,MOD13Q1 V061 Terra 250m 16-day
SO2501,Xudur,SO25,Bakool,2022-03-06,0.202210055952751,0.1996,0.1129982437053155,0.113,0.99152411773771,6434,0.0006164278008938,0.0,pixel_reliability=0 AND MODLAND_QA(bits0-1)=0 AND VI range -2000..10000,MOD13Q1 V061 Terra 250m 16-day
SO2501,Xudur,SO25,Bakool,2022-03-22,0.2208954851274788,0.2138,0.1308898371104815,0.1276,0.8703960548620743,5648,0.0195715826783787,0.0,pixel_reliability=0 AND MODLAND_QA(bits0-1)=0 AND VI range -2000..10000,MOD13Q1 V061 Terra 250m 16-day
SO2501,Xudur,SO25,Bakool,2022-04-07,0.2387748055706276,0.2328,0.1370957315970338,0.1349,0.8520573277854832,5529,0.0154106950223455,0.0,pixel_reliability=0 AND MODLAND_QA(bits0-1)=0 AND VI range -2000..10000,MOD13Q1 V061 Terra 250m 16-day
SO2501,Xudur,SO25,Bakool,2022-04-23,0.3381636280765724,0.3342,0.186652871467639,0.186,0.1690553243951302,1097,0.5290491601171213,0.0819848975188781,pixel_reliability=0 AND MODLAND_QA(bits0-1)=0 AND VI range -2000..10000,MOD13Q1 V061 Terra 250m 16-day
SO2501,Xudur,SO25,Bakool,2022-05-09,0.3569330188679245,0.34495,0.1984050600343053,0.1928,0.1796887039605486,1166,0.3680073971336107,0.0961627369394359,pixel_reliability=0 AND MODLAND_QA(bits0-1)=0 AND VI range -2000..10000,MOD13Q1 V061 Terra 250m 16-day
SO2501,Xudur,SO25,Bakool,2022-05-25,0.2659987399030695,0.2593,0.1571913085621971,0.1544,0.953922021883187,6190,0.0044691015564801,0.0,pixel_reliability=0 AND MODLAND_QA(bits0-1)=0 AND VI range -2000..10000,MOD13Q1 V061 Terra 250m 16-day
SO2501,Xudur,SO25,Bakool,2022-06-10,0.2549069868267467,0.2485,0.1374587460396865,0.1359,0.92417938049006,5997,0.0094005239636307,0.0,pixel_reliability=0 AND MODLAND_QA(bits0-1)=0 AND VI range -2000..10000,MOD13Q1 V061 Terra 250m 16-day
SO2501,Xudur,SO25,Bakool,2022-06-26,0.2264172056921086,0.2226,0.1200280724450194,0.1198,0.1191246725227307,773,0.665433811064879,0.0337494220989366,pixel_reliability=0 AND MODLAND_QA(bits0-1)=0 AND VI range -2000..10000,MOD13Q1 V061 Terra 250m 16-day
SO2501,Xudur,SO25,Bakool,2022-07-12,0.2250209446254071,0.2199,0.1136774267100977,0.1129,0.4731083371860071,3070,0.1836954846663584,0.0,pixel_reliability=0 AND MODLAND_QA(bits0-1)=0 AND VI range -2000..10000,MOD13Q1 V061 Terra 250m 16-day
SO2501,Xudur,SO25,Bakool,2022-07-28,0.2147181178540017,0.2102,0.1089473350923483,0.1084,0.8760980120203421,5685,0.0109415934658653,0.0,pixel_reliability=0 AND MODLAND_QA(bits0-1)=0 AND VI range -2000..10000,MOD13Q1 V061 Terra 250m 16-day
SO2501,Xudur,SO25,Bakool,2022-08-13,0.2084922260668973,0.2039,0.1072819838523644,0.1068,0.6680536292186777,4335,0.0243488981353059,0.0,pixel_reliability=0 AND MODLAND_QA(bits0-1)=0 AND VI range -2000..10000,MOD13Q1 V061 Terra 250m 16-day
SO2501,Xudur,SO25,Bakool,2022-08-29,0.20125537580047187,0.1981,0.10914706774519715,0.1091,0.9144706426259824,5934,0.0033903529049160116,0.0,pixel_reliability=0 AND MODLAND_QA(bits0-1)=0 AND VI range -2000..10000,MOD13Q1 V061 Terra 250m 16-day
SO2501,Xudur,SO25,Bakool,2022-09-14,0.20222596003746487,0.1981,0.10969433343740244,0.10930000000000001,0.9872091231314533,6406,0.0007705347511172754,0.0,pixel_reliability=0 AND MODLAND_QA(bits0-1)=0 AND VI range -2000..10000,MOD13Q1 V061 Terra 250m 16-day
SO2501,Xudur,SO25,Bakool,2022-09-30,0.20250272633744854,0.19640000000000002,0.1182598765432099,0.11470000000000001,0.8987517337031901,5832,0.02511943288642318,0.0,pixel_reliability=0 AND MODLAND_QA(bits0-1)=0 AND VI range -2000..10000,MOD13Q1 V061 Terra 250m 16-day
SO2501,Xudur,SO25,Bakool,2022-10-16,0.3206163417569194,0.3114,0.1844656077015644,0.182,0.6403143781784558,4155,0.12405609492988134,0.022037293881954075,pixel_reliability=0 AND MODLAND_QA(bits0-1)=0 AND VI range -2000..10000,MOD13Q1 V061 Terra 250m 16-day
SO2501,Xudur,SO25,Bakool,2022-11-01,0.34272405063291145,0.3687,0.20937215189873415,0.21910000000000002,0.012174449067652951,79,0.4692556634304207,0.22823239328093697,pixel_reliability=0 AND MODLAND_QA(bits0-1)=0 AND VI range -2000..10000,MOD13Q1 V061 Terra 250m 16-day
SO2501,Xudur,SO25,Bakool,2022-11-17,0.36232766924125404,0.3574,0.20747180826896866,0.20620000000000002,0.6783787948836493,4402,0.06796116504854369,0.0,pixel_reliability=0 AND MODLAND_QA(bits0-1)=0 AND VI range -2000..10000,MOD13Q1 V061 Terra 250m 16-day
SO2501,Xudur,SO25,Bakool,2022-12-03,0.31194936244819893,0.30215000000000003,0.17129552119859737,0.1681,0.9668670057019572,6274,0.0004623208506703652,0.0,pixel_reliability=0 AND MODLAND_QA(bits0-1)=0 AND VI range -2000..10000,MOD13Q1 V061 Terra 250m 16-day
SO2501,Xudur,SO25,Bakool,2022-12-19,0.27124746300211416,0.2684,0.1546814658210007,0.1534,0.874711049468331,5676,0.006472491909385114,0.0,pixel_reliability=0 AND MODLAND_QA(bits0-1)=0 AND VI range -2000..10000,MOD13Q1 V061 Terra 250m 16-day
SO2502,Ceel Barde,SO25,Bakool,2022-01-01,0.2128259117944114,0.2189,0.123935933116373,0.1268,0.996644670618499,8911,0.0004473772508667,0.0,pixel_reliability=0 AND MODLAND_QA(bits0-1)=0 AND VI range -2000..10000,MOD13Q1 V061 Terra 250m 16-day
SO2502,Ceel Barde,SO25,Bakool,2022-01-17,0.2044186307519641,0.2093,0.1181104377104377,0.1207,0.9965328263057824,8910,0.0004473772508667,0.0,pixel_reliability=0 AND MODLAND_QA(bits0-1)=0 AND VI range -2000..10000,MOD13Q1 V061 Terra 250m 16-day
SO2502,Ceel Barde,SO25,Bakool,2022-02-02,0.1988534329699966,0.2046,0.1195806045623104,0.1229,0.9953025388658988,8899,0.0002236886254333,0.0,pixel_reliability=0 AND MODLAND_QA(bits0-1)=0 AND VI range -2000..10000,MOD13Q1 V061 Terra 250m 16-day
SO2502,Ceel Barde,SO25,Bakool,2022-02-18,0.1977409194876487,0.2022,0.1141134377859103,0.1175,0.9779666703948104,8744,0.001453976065317,0.0,pixel_reliability=0 AND MODLAND_QA(bits0-1)=0 AND VI range -2000..10000,MOD13Q1 V061 Terra 250m 16-day
SO2502,Ceel Barde,SO25,Bakool,2022-03-06,0.1957030784730773,0.2012,0.1166939773872159,0.1197,0.9991052454982664,8933,0.0,0.0,pixel_reliability=0 AND MODLAND_QA(bits0-1)=0 AND VI range -2000..10000,MOD13Q1 V061 Terra 250m 16-day
SO2502,Ceel Barde,SO25,Bakool,2022-03-22,0.2134072388587597,0.2156,0.1328630983258665,0.1317,0.9486634604630354,8482,0.0029079521306341,0.0,pixel_reliability=0 AND MODLAND_QA(bits0-1)=0 AND VI range -2000..10000,MOD13Q1 V061 Terra 250m 16-day
SO2502,Ceel Barde,SO25,Bakool,2022-04-07,0.2382327327740338,0.2368,0.1416837711456471,0.1388,0.8132199977631137,7271,0.0381389106363941,0.0,pixel_reliability=0 AND MODLAND_QA(bits0-1)=0 AND VI range -2000..10000,MOD13Q1 V061 Terra 250m 16-day
SO2502,Ceel Barde,SO25,Bakool,2022-04-23,0.4114296190815236,0.4055,0.2486854752580989,0.241,0.3141706744212056,2809,0.3336315848339112,0.0816463482831898,pixel_reliability=0 AND MODLAND_QA(bits0-1)=0 AND VI range -2000..10000,MOD13Q1 V061 Terra 250m 16-day
SO2502,Ceel Barde,SO25,Bakool,2022-05-09,0.4111118538938663,0.40945,0.2399554617505169,0.2377,0.6491443910077173,5804,0.1725757745218655,0.0146516049658874,pixel_reliability=0 AND MODLAND_QA(bits0-1)=0 AND VI range -2000..10000,MOD13Q1 V061 Terra 250m 16-day
SO2502,Ceel Barde,SO25,Bakool,2022-05-25,0.2823660280970625,0.28,0.1758560025542784,0.1742,0.8757409685717481,7830,0.0161055810312045,0.0011184431271669,pixel_reliability=0 AND MODLAND_QA(bits0-1)=0 AND VI range -2000..10000,MOD13Q1 V061 Terra 250m 16-day
SO2502,Ceel Barde,SO25,Bakool,2022-06-10,0.2589955979969722,0.2558,0.1513748224059625,0.1518,0.9604071132982888,8587,0.0034671736942176,0.0,pixel_reliability=0 AND MODLAND_QA(bits0-1)=0 AND VI range -2000..10000,MOD13Q1 V061 Terra 250m 16-day
SO2502,Ceel Barde,SO25,Bakool,2022-06-26,0.2230399920413848,0.2196,0.1334331078392359,0.1327,0.281064757857063,2513,0.5855049770719158,0.0209148864780225,pixel_reliability=0 AND MODLAND_QA(bits0-1)=0 AND VI range -2000..10000,MOD13Q1 V061 Terra 250m 16-day
SO2502,Ceel Barde,SO25,Bakool,2022-07-12,0.2201448648648648,0.2245,0.1259664295874822,0.1268,0.7862655183983894,7030,0.0304216530589419,0.0,pixel_reliability=0 AND MODLAND_QA(bits0-1)=0 AND VI range -2000..10000,MOD13Q1 V061 Terra 250m 16-day
SO2502,Ceel Barde,SO25,Bakool,2022-07-28,0.2107729966944033,0.2157,0.1198039895132793,0.1196,0.9812101554635948,8773,0.0004473772508667,0.0,pixel_reliability=0 AND MODLAND_QA(bits0-1)=0 AND VI range -2000..10000,MOD13Q1 V061 Terra 250m 16-day
SO2502,Ceel Barde,SO25,Bakool,2022-08-13,0.2019487333026255,0.2028,0.1183243973591278,0.1186,0.7284420087238563,6513,0.030757185997092,0.0,pixel_reliability=0 AND MODLAND_QA(bits0-1)=0 AND VI range -2000..10000,MOD13Q1 V061 Terra 250m 16-day
SO2502,Ceel Barde,SO25,Bakool,2022-08-29,0.19621705527901498,0.1995,0.11896137018600995,0.1197,0.8538194832792753,7634,0.0005592215635834918,0.0,pixel_reliability=0 AND MODLAND_QA(bits0-1)=0 AND VI range -2000..10000,MOD13Q1 V061 Terra 250m 16-day
SO2502,Ceel Barde,SO25,Bakool,2022-09-14,0.20775254616675992,0.2099,0.12102836038052603,0.12240000000000001,0.9993289341236998,8935,0.0,0.0,pixel_reliability=0 AND MODLAND_QA(bits0-1)=0 AND VI range -2000..10000,MOD13Q1 V061 Terra 250m 16-day
SO2502,Ceel Barde,SO25,Bakool,2022-09-30,0.2090761096014493,0.2082,0.13046634963768117,0.12795,0.9878089699138799,8832,0.0008947545017335869,0.0,pixel_reliability=0 AND MODLAND_QA(bits0-1)=0 AND VI range -2000..10000,MOD13Q1 V061 Terra 250m 16-day
SO2502,Ceel Barde,SO25,Bakool,2022-10-16,0.290477868852459,0.263,0.18278402747009304,0.1689,0.5048652276031764,4514,0.2040040263952578,0.030869030309808747,pixel_reliability=0 AND MODLAND_QA(bits0-1)=0 AND VI range -2000..10000,MOD13Q1 V061 Terra 250m 16-day
SO2502,Ceel Barde,SO25,Bakool,2022-11-01,0.2712489603024575,0.2554,0.1760147448015123,0.1714,0.05916564142713343,529,0.5119114193043284,0.16228609775192931,pixel_reliability=0 AND MODLAND_QA(bits0-1)=0 AND VI range -2000..10000,MOD13Q1 V061 Terra 250m 16-day
SO2502,Ceel Barde,SO25,Bakool,2022-11-17,0.2638712111184646,0.24400000000000002,0.15641118464592987,0.14830000000000002,0.8449837825746561,7555,0.04283637177049547,0.0,pixel_reliability=0 AND MODLAND_QA(bits0-1)=0 AND VI range -2000..10000,MOD13Q1 V061 Terra 250m 16-day
SO2502,Ceel Barde,SO25,Bakool,2022-12-03,0.2530589313904068,0.24070000000000003,0.14305561627200972,0.13670000000000002,0.921037915222011,8235,0.0,0.0,pixel_reliability=0 AND MODLAND_QA(bits0-1)=0 AND VI range -2000..10000,MOD13Q1 V061 Terra 250m 16-day
SO2502,Ceel Barde,SO25,Bakool,2022-12-19,0.22576135612535614,0.2215,0.1314611282051282,0.1311,0.9814338440890281,8775,0.0010065988144502852,0.0,pixel_reliability=0 AND MODLAND_QA(bits0-1)=0 AND VI range -2000..10000,MOD13Q1 V061 Terra 250m 16-day
SO2503,Tayeeglow,SO25,Bakool,2022-01-01,0.2641429609690444,0.263,0.1302337954239569,0.1304,0.9863268286207354,7430,0.001194743130227,0.0,pixel_reliability=0 AND MODLAND_QA(bits0-1)=0 AND VI range -2000..10000,MOD13Q1 V061 Terra 250m 16-day
SO2503,Tayeeglow,SO25,Bakool,2022-01-17,0.2421364228318093,0.2418,0.1247822388473261,0.125,0.9581839904420548,7218,0.0144696667994159,0.0,pixel_reliability=0 AND MODLAND_QA(bits0-1)=0 AND VI range -2000..10000,MOD13Q1 V061 Terra 250m 16-day
SO2503,Tayeeglow,SO25,Bakool,2022-02-02,0.2397010245901639,0.2374,0.1206255737704918,0.1219,0.9717244125846276,7320,0.0025222354971458,0.0,pixel_reliability=0 AND MODLAND_QA(bits0-1)=0 AND VI range -2000..10000,MOD13Q1 V061 Terra 250m 16-day
SO2503,Tayeeglow,SO25,Bakool,2022-02-18,0.2375905496886,0.2363,0.1171693067966423,0.1186,0.9804858622062924,7386,0.0026549847338377,0.0,pixel_reliability=0 AND MODLAND_QA(bits0-1)=0 AND VI range -2000..10000,MOD13Q1 V061 Terra 250m 16-day
SO2503,Tayeeglow,SO25,Bakool,2022-03-06,0.2333686607383454,0.231,0.1210386418755052,0.1226,0.9852648347272004,7422,0.0015929908403026,0.0,pixel_reliability=0 AND MODLAND_QA(bits0-1)=0 AND VI range -2000..10000,MOD13Q1 V061 Terra 250m 16-day
SO2503,Tayeeglow,SO25,Bakool,2022-03-22,0.250637320754717,0.2502,0.1380597169811321,0.1365,0.7035709544670118,5300,0.0682331076596309,0.0,pixel_reliability=0 AND MODLAND_QA(bits0-1)=0 AND VI range -2000..10000,MOD13Q1 V061 Terra 250m 16-day
SO2503,Tayeeglow,SO25,Bakool,2022-04-07,0.2499418864678899,0.2482,0.1381440366972477,0.13625,0.4630293375813089,3488,0.1707155183857693,0.0006637461834594,pixel_reliability=0 AND MODLAND_QA(bits0-1)=0 AND VI range -2000..10000,MOD13Q1 V061 Terra 250m 16-day
SO2503,Tayeeglow,SO25,Bakool,2022-04-23,0.3571925222551929,0.3646,0.1974451038575668,0.2049,0.223682463825833,1685,0.6048055223682464,0.0049117217575998,pixel_reliability=0 AND MODLAND_QA(bits0-1)=0 AND VI range -2000..10000,MOD13Q1 V061 Terra 250m 16-day
SO2503,Tayeeglow,SO25,Bakool,2022-05-09,0.3752978895374944,0.3877,0.2088561293219578,0.2119,0.2956325501128368,2227,0.4274525421478826,0.0244258595513075,pixel_reliability=0 AND MODLAND_QA(bits0-1)=0 AND VI range -2000..10000,MOD13Q1 V061 Terra 250m 16-day
SO2503,Tayeeglow,SO25,Bakool,2022-05-25,0.3237298182947662,0.3134,0.1825813014443236,0.1767,0.8547723350590735,6439,0.0472587282623124,0.0003982477100756,pixel_reliability=0 AND MODLAND_QA(bits0-1)=0 AND VI range -2000..10000,MOD13Q1 V061 Terra 250m 16-day
SO2503,Tayeeglow,SO25,Bakool,2022-06-10,0.2635177955911824,0.2605,0.1419534268537074,0.1418,0.3312093455462631,2495,0.2852781096508695,0.0876144962166467,pixel_reliability=0 AND MODLAND_QA(bits0-1)=0 AND VI range -2000..10000,MOD13Q1 V061 Terra 250m 16-day
SO2503,Tayeeglow,SO25,Bakool,2022-06-26,0.2498433297180043,0.2517,0.1271225596529284,0.12805,0.2447895924598433,1844,0.6969334926324173,0.002389486260454,pixel_reliability=0 AND MODLAND_QA(bits0-1)=0 AND VI range -2000..10000,MOD13Q1 V061 Terra 250m 16-day
SO2503,Tayeeglow,SO25,Bakool,2022-07-12,0.2984613279592703,0.3022,0.1258952481968604,0.1241,0.6257799017655649,4714,0.1069958847736625,0.0,pixel_reliability=0 AND MODLAND_QA(bits0-1)=0 AND VI range -2000..10000,MOD13Q1 V061 Terra 250m 16-day
SO2503,Tayeeglow,SO25,Bakool,2022-07-28,0.2621954093209984,0.2467,0.115095304590679,0.1133,0.7605203770078323,5729,0.0663746183459445,0.0069029603079782,pixel_reliability=0 AND MODLAND_QA(bits0-1)=0 AND VI range -2000..10000,MOD13Q1 V061 Terra 250m 16-day
SO2503,Tayeeglow,SO25,Bakool,2022-08-13,0.215667186726102,0.2112,0.111494279346211,0.1121,0.5360414177618479,4038,0.3482012478428249,0.0080977034382052,pixel_reliability=0 AND MODLAND_QA(bits0-1)=0 AND VI range -2000..10000,MOD13Q1 V061 Terra 250m 16-day
SO2503,Tayeeglow,SO25,Bakool,2022-08-29,0.22492256918474196,0.21660000000000001,0.11383721017202694,0.11460000000000001,0.7099429178282225,5348,0.1027479091995221,0.00013274923669188903,pixel_reliability=0 AND MODLAND_QA(bits0-1)=0 AND VI range -2000..10000,MOD13Q1 V061 Terra 250m 16-day
SO2503,Tayeeglow,SO25,Bakool,2022-09-14,0.22722920000000002,0.2204,0.11969660000000001,0.11900000000000001,0.7301208018053896,5500,0.11854506836585689,0.007168458781362007,pixel_reliability=0 AND MODLAND_QA(bits0-1)=0 AND VI range -2000..10000,MOD13Q1 V061 Terra 250m 16-day
SO2503,Tayeeglow,SO25,Bakool,2022-09-30,0.23263153021442495,0.21660000000000001,0.12781856725146198,0.12005000000000002,0.2724014336917563,2052,0.25540953139519446,0.12425328554360812,pixel_reliability=0 AND MODLAND_QA(bits0-1)=0 AND VI range -2000..10000,MOD13Q1 V061 Terra 250m 16-day
SO2503,Tayeeglow,SO25,Bakool,2022-10-16,0.3727761704366123,0.36785,0.20999758022093634,0.2097,0.5047125979025621,3802,0.19646887030399576,0.054028939333598834,pixel_reliability=0 AND MODLAND_QA(bits0-1)=0 AND VI range -2000..10000,MOD13Q1 V061 Terra 250m 16-day
SO2503,Tayeeglow,SO25,Bakool,2022-11-01,0.46886138613861383,0.4592,0.29718316831683167,0.2882,0.013407672905880791,101,0.3418292844816142,0.3363865657772468,pixel_reliability=0 AND MODLAND_QA(bits0-1)=0 AND VI range -2000..10000,MOD13Q1 V061 Terra 250m 16-day
SO2503,Tayeeglow,SO25,Bakool,2022-11-17,0.3583413400758534,0.3556,0.19464664981036664,0.19435000000000002,0.21000929244656844,1582,0.5940528341962034,0.040090269480950486,pixel_reliability=0 AND MODLAND_QA(bits0-1)=0 AND VI range -2000..10000,MOD13Q1 V061 Terra 250m 16-day
SO2503,Tayeeglow,SO25,Bakool,2022-12-03,0.38436725663716814,0.35305000000000003,0.19474242424242427,0.1806,0.9900438072481084,7458,0.0006637461834594451,0.0,pixel_reliability=0 AND MODLAND_QA(bits0-1)=0 AND VI range -2000..10000,MOD13Q1 V061 Terra 250m 16-day
SO2503,Tayeeglow,SO25,Bakool,2022-12-19,0.3181942236354001,0.2997,0.16828290054760645,0.159,0.7514934289127837,5661,0.041285012611177486,0.0,pixel_reliability=0 AND MODLAND_QA(bits0-1)=0 AND VI range -2000..10000,MOD13Q1 V061 Terra 250m 16-day
SO2504,Waajid,SO25,Bakool,2022-01-01,0.2049368970013037,0.20085,0.1181401890482398,0.118,0.9566573121297164,3068,0.0053009042719052,0.0,pixel_reliability=0 AND MODLAND_QA(bits0-1)=0 AND VI range -2000..10000,MOD13Q1 V061 Terra 250m 16-day
SO2504,Waajid,SO25,Bakool,2022-01-17,0.1959074730842305,0.1931,0.1126930335655478,0.1128,0.9847209229809792,3158,0.0024945431867789,0.0,pixel_reliability=0 AND MODLAND_QA(bits0-1)=0 AND VI range -2000..10000,MOD13Q1 V061 Terra 250m 16-day
SO2504,Waajid,SO25,Bakool,2022-02-02,0.1936768446106766,0.1908,0.1139120027201632,0.1143,0.9170564390396008,2941,0.017149984409105,0.0,pixel_reliability=0 AND MODLAND_QA(bits0-1)=0 AND VI range -2000..10000,MOD13Q1 V061 Terra 250m 16-day
SO2504,Waajid,SO25,Bakool,2022-02-18,0.1916290396591281,0.1886,0.1111119305145854,0.1112,0.9513564078578112,3051,0.010289990645463,0.0,pixel_reliability=0 AND MODLAND_QA(bits0-1)=0 AND VI range -2000..10000,MOD13Q1 V061 Terra 250m 16-day
SO2504,Waajid,SO25,Bakool,2022-03-06,0.1914361296472831,0.1888,0.1126194788687639,0.1128,0.981290926099158,3147,0.003429996881821,0.0,pixel_reliability=0 AND MODLAND_QA(bits0-1)=0 AND VI range -2000..10000,MOD13Q1 V061 Terra 250m 16-day
SO2504,Waajid,SO25,Bakool,2022-03-22,0.2179347202295552,0.2188,0.1386489598278336,0.1381,0.869348300592454,2788,0.0274399750545681,0.0,pixel_reliability=0 AND MODLAND_QA(bits0-1)=0 AND VI range -2000..10000,MOD13Q1 V061 Terra 250m 16-day
SO2504,Waajid,SO25,Bakool,2022-04-07,0.2257713506139154,0.2229,0.1388902683037744,0.1372,0.6856875584658559,2199,0.0857499220455254,0.0024945431867789,pixel_reliability=0 AND MODLAND_QA(bits0-1)=0 AND VI range -2000..10000,MOD13Q1 V061 Terra 250m 16-day
SO2504,Waajid,SO25,Bakool,2022-04-23,0.4198963865546218,0.41615,0.2236998319327731,0.2241,0.3710632990333645,1190,0.2444652323043342,0.042719052073589,pixel_reliability=0 AND MODLAND_QA(bits0-1)=0 AND VI range -2000..10000,MOD13Q1 V061 Terra 250m 16-day
SO2504,Waajid,SO25,Bakool,2022-05-09,0.37018,0.3117,0.2241,0.1962,0.0015590894917368,5,0.2591206735266604,0.4555659494855004,pixel_reliability=0 AND MODLAND_QA(bits0-1)=0 AND VI range -2000..10000,MOD13Q1 V061 Terra 250m 16-day
SO2504,Waajid,SO25,Bakool,2022-05-25,0.2724345699831366,0.2676,0.168647934232715,0.1653,0.7396320548799501,2372,0.0511381353289678,0.0081072653570314,pixel_reliability=0 AND MODLAND_QA(bits0-1)=0 AND VI range -2000..10000,MOD13Q1 V061 Terra 250m 16-day
SO2504,Waajid,SO25,Bakool,2022-06-10,0.2537614619592243,0.2449,0.1453790154152163,0.1412,0.6270657935765513,2011,0.1933270969753663,0.0003118178983473,pixel_reliability=0 AND MODLAND_QA(bits0-1)=0 AND VI range -2000..10000,MOD13Q1 V061 Terra 250m 16-day
SO2504,Waajid,SO25,Bakool,2022-06-26,0.212125468164794,0.2099,0.1319093632958801,0.1307,0.0832553788587465,267,0.3991269098846274,0.1714998440910508,pixel_reliability=0 AND MODLAND_QA(bits0-1)=0 AND VI range -2000..10000,MOD13Q1 V061 Terra 250m 16-day
SO2504,Waajid,SO25,Bakool,2022-07-12,0.2328726552179656,0.2262,0.1209669308674592,0.1196,0.7081384471468662,2271,0.1122544434050514,0.0,pixel_reliability=0 AND MODLAND_QA(bits0-1)=0 AND VI range -2000..10000,MOD13Q1 V061 Terra 250m 16-day
SO2504,Waajid,SO25,Bakool,2022-07-28,0.217651644295302,0.2107,0.1144854026845637,0.11375,0.929217337075148,2980,0.0093545369504209,0.0,pixel_reliability=0 AND MODLAND_QA(bits0-1)=0 AND VI range -2000..10000,MOD13Q1 V061 Terra 250m 16-day
SO2504,Waajid,SO25,Bakool,2022-08-13,0.2101840757238307,0.20465,0.1070979398663697,0.1071,0.5600249454318678,1796,0.0143436233239787,0.0,pixel_reliability=0 AND MODLAND_QA(bits0-1)=0 AND VI range -2000..10000,MOD13Q1 V061 Terra 250m 16-day
SO2504,Waajid,SO25,Bakool,2022-08-29,0.19898693790149893,0.19720000000000001,0.1145409421841542,0.1148,0.7280947926410976,2335,0.022762706579357656,0.0,pixel_reliability=0 AND MODLAND_QA(bits0-1)=0 AND VI range -2000..10000,MOD13Q1 V061 Terra 250m 16-day
SO2504,Waajid,SO25,Bakool,2022-09-14,0.19613061023622047,0.1933,0.11340836614173229,0.1134,0.950420954162769,3048,0.006859993763642033,0.0,pixel_reliability=0 AND MODLAND_QA(bits0-1)=0 AND VI range -2000..10000,MOD13Q1 V061 Terra 250m 16-day
SO2504,Waajid,SO25,Bakool,2022-09-30,0.19506227912008653,0.191,0.11818489001081862,0.1168,0.8646710321172435,2773,0.040224508886810104,0.0,pixel_reliability=0 AND MODLAND_QA(bits0-1)=0 AND VI range -2000..10000,MOD13Q1 V061 Terra 250m 16-day
SO2504,Waajid,SO25,Bakool,2022-10-16,0.25395324675324676,0.25185,0.1582813852813853,0.1582,0.14405986903648269,462,0.2687870283754287,0.20268163392578734,pixel_reliability=0 AND MODLAND_QA(bits0-1)=0 AND VI range -2000..10000,MOD13Q1 V061 Terra 250m 16-day
SO2504,Waajid,SO25,Bakool,2022-11-01,0.4365538373424972,0.40800000000000003,0.24652806414662087,0.2389,0.2722170252572498,873,0.35360149672591207,0.07545993140006237,pixel_reliability=0 AND MODLAND_QA(bits0-1)=0 AND VI range -2000..10000,MOD13Q1 V061 Terra 250m 16-day
SO2504,Waajid,SO25,Bakool,2022-11-17,0.378697807435653,0.3679,0.22737693040991422,0.223,0.9812909260991581,3147,0.002806361085126286,0.0,pixel_reliability=0 AND MODLAND_QA(bits0-1)=0 AND VI range -2000..10000,MOD13Q1 V061 Terra 250m 16-day
SO2504,Waajid,SO25,Bakool,2022-12-03,0.3280481494174092,0.3114,0.1918204934886909,0.1841,0.9098846273776114,2918,0.005612722170252572,0.0,pixel_reliability=0 AND MODLAND_QA(bits0-1)=0 AND VI range -2000..10000,MOD13Q1 V061 Terra 250m 16-day
SO2504,Waajid,SO25,Bakool,2022-12-19,0.26761284610431424,0.25670000000000004,0.1510951384417257,0.1464,0.9685063922669161,3106,0.004053632678515747,0.0,pixel_reliability=0 AND MODLAND_QA(bits0-1)=0 AND VI range -2000..10000,MOD13Q1 V061 Terra 250m 16-day
SO2505,Rab Dhuure,SO25,Bakool,2022-01-01,0.1516893989071038,0.1503,0.0900303825136612,0.0913,0.9644268774703556,3660,0.0055335968379446,0.0,pixel_reliability=0 AND MODLAND_QA(bits0-1)=0 AND VI range -2000..10000,MOD13Q1 V061 Terra 250m 16-day
SO2505,Rab Dhuure,SO25,Bakool,2022-01-17,0.145938909574468,0.1453,0.0863643617021276,0.08875,0.9907773386034257,3760,0.0002635046113306,0.0,pixel_reliability=0 AND MODLAND_QA(bits0-1)=0 AND VI range -2000..10000,MOD13Q1 V061 Terra 250m 16-day
SO2505,Rab Dhuure,SO25,Bakool,2022-02-02,0.1452478475459281,0.1439,0.086722292295037,0.0887,0.9610013175230566,3647,0.0050065876152832,0.0,pixel_reliability=0 AND MODLAND_QA(bits0-1)=0 AND VI range -2000..10000,MOD13Q1 V061 Terra 250m 16-day
SO2505,Rab Dhuure,SO25,Bakool,2022-02-18,0.1439498099891422,0.1424,0.0850064332247557,0.0868,0.9707509881422924,3684,0.0055335968379446,0.0,pixel_reliability=0 AND MODLAND_QA(bits0-1)=0 AND VI range -2000..10000,MOD13Q1 V061 Terra 250m 16-day
SO2505,Rab Dhuure,SO25,Bakool,2022-03-06,0.1455985152598295,0.144,0.0871887819631564,0.0892,0.9583662714097496,3637,0.006060606060606,0.0,pixel_reliability=0 AND MODLAND_QA(bits0-1)=0 AND VI range -2000..10000,MOD13Q1 V061 Terra 250m 16-day
SO2505,Rab Dhuure,SO25,Bakool,2022-03-22,0.1514922621007573,0.1481,0.091979157062891,0.0913,0.8002635046113307,3037,0.0361001317523056,0.0,pixel_reliability=0 AND MODLAND_QA(bits0-1)=0 AND VI range -2000..10000,MOD13Q1 V061 Terra 250m 16-day
SO2505,Rab Dhuure,SO25,Bakool,2022-04-07,0.1536733907524932,0.1499,0.0930646872166817,0.093,0.5812911725955204,2206,0.0685111989459815,0.0,pixel_reliability=0 AND MODLAND_QA(bits0-1)=0 AND VI range -2000..10000,MOD13Q1 V061 Terra 250m 16-day
SO2505,Rab Dhuure,SO25,Bakool,2022-04-23,0.243180981595092,0.2398,0.1348693251533742,0.1313,0.0429512516469038,163,0.5051383399209486,0.1415019762845849,pixel_reliability=0 AND MODLAND_QA(bits0-1)=0 AND VI range -2000..10000,MOD13Q1 V061 Terra 250m 16-day
SO2505,Rab Dhuure,SO25,Bakool,2022-05-09,0.2061130434782609,0.19135,0.1363021739130435,0.1341,0.0121212121212121,46,0.4432147562582345,0.2737812911725955,pixel_reliability=0 AND MODLAND_QA(bits0-1)=0 AND VI range -2000..10000,MOD13Q1 V061 Terra 250m 16-day
SO2505,Rab Dhuure,SO25,Bakool,2022-05-25,0.1830318894697535,0.17425,0.115788424197162,0.1133,0.70566534914361,2678,0.0387351778656126,0.0063241106719367,pixel_reliability=0 AND MODLAND_QA(bits0-1)=0 AND VI range -2000..10000,MOD13Q1 V061 Terra 250m 16-day
SO2505,Rab Dhuure,SO25,Bakool,2022-06-10,0.1757609681787407,0.1698,0.1021773188896411,0.10165,0.7783926218708828,2954,0.0310935441370223,0.0002635046113306,pixel_reliability=0 AND MODLAND_QA(bits0-1)=0 AND VI range -2000..10000,MOD13Q1 V061 Terra 250m 16-day
SO2505,Rab Dhuure,SO25,Bakool,2022-06-26,0.1923977777777778,0.1986,0.1155822222222222,0.1199,0.0118577075098814,45,0.6297760210803689,0.1330698287220026,pixel_reliability=0 AND MODLAND_QA(bits0-1)=0 AND VI range -2000..10000,MOD13Q1 V061 Terra 250m 16-day
SO2505,Rab Dhuure,SO25,Bakool,2022-07-12,0.1584294065934066,0.1548,0.0879490109890109,0.0904,0.5994729907773386,2275,0.0635046113306982,0.0005270092226613,pixel_reliability=0 AND MODLAND_QA(bits0-1)=0 AND VI range -2000..10000,MOD13Q1 V061 Terra 250m 16-day
SO2505,Rab Dhuure,SO25,Bakool,2022-07-28,0.1558929763186221,0.1543,0.0861483046286329,0.089,0.9791831357048748,3716,0.0005270092226613,0.0,pixel_reliability=0 AND MODLAND_QA(bits0-1)=0 AND VI range -2000..10000,MOD13Q1 V061 Terra 250m 16-day
SO2505,Rab Dhuure,SO25,Bakool,2022-08-13,0.1521075518262586,0.15085,0.0816910661401777,0.0844,0.5338603425559947,2026,0.0055335968379446,0.0,pixel_reliability=0 AND MODLAND_QA(bits0-1)=0 AND VI range -2000..10000,MOD13Q1 V061 Terra 250m 16-day
SO2505,Rab Dhuure,SO25,Bakool,2022-08-29,0.14592549668874175,0.14450000000000002,0.08757745033112584,0.09090000000000001,0.7957839262187089,3020,0.01396574440052701,0.0,pixel_reliability=0 AND MODLAND_QA(bits0-1)=0 AND VI range -2000..10000,MOD13Q1 V061 Terra 250m 16-day
SO2505,Rab Dhuure,SO25,Bakool,2022-09-14,0.1445489908854167,0.1427,0.08841468098958334,0.0906,0.8094861660079051,3072,0.03768115942028986,0.0,pixel_reliability=0 AND MODLAND_QA(bits0-1)=0 AND VI range -2000..10000,MOD13Q1 V061 Terra 250m 16-day
SO2505,Rab Dhuure,SO25,Bakool,2022-09-30,0.14639985439720443,0.1418,0.0903954571927781,0.08985000000000001,0.9048748353096179,3434,0.017918313570487482,0.0,pixel_reliability=0 AND MODLAND_QA(bits0-1)=0 AND VI range -2000..10000,MOD13Q1 V061 Terra 250m 16-day
SO2505,Rab Dhuure,SO25,Bakool,2022-10-16,0.17048343036274072,0.157,0.10474281236005374,0.1012,0.5884057971014492,2233,0.12490118577075099,0.005270092226613966,pixel_reliability=0 AND MODLAND_QA(bits0-1)=0 AND VI range -2000..10000,MOD13Q1 V061 Terra 250m 16-day
SO2505,Rab Dhuure,SO25,Bakool,2022-11-01,0.20554219554030875,0.19335000000000002,0.12585514579759863,0.12090000000000001,0.3072463768115942,1166,0.3546772068511199,0.048484848484848485,pixel_reliability=0 AND MODLAND_QA(bits0-1)=0 AND VI range -2000..10000,MOD13Q1 V061 Terra 250m 16-day
SO2505,Rab Dhuure,SO25,Bakool,2022-11-17,0.23083520107238606,0.22060000000000002,0.13718005361930294,0.1312,0.9828722002635046,3730,0.001844532279314888,0.0,pixel_reliability=0 AND MODLAND_QA(bits0-1)=0 AND VI range -2000..10000,MOD13Q1 V061 Terra 250m 16-day
SO2505,Rab Dhuure,SO25,Bakool,2022-12-03,0.21111398734177217,0.20420000000000002,0.11981268987341773,0.11610000000000001,0.8326745718050066,3160,0.0031620553359683794,0.0,pixel_reliability=0 AND MODLAND_QA(bits0-1)=0 AND VI range -2000..10000,MOD13Q1 V061 Terra 250m 16-day
SO2505,Rab Dhuure,SO25,Bakool,2022-12-19,0.17722958771220698,0.1724,0.10104349232012934,0.10110000000000001,0.9778656126482214,3711,0.0007905138339920949,0.0,pixel_reliability=0 AND MODLAND_QA(bits0-1)=0 AND VI range -2000..10000,MOD13Q1 V061 Terra 250m 16-day
SO2601,Garbahaarey,SO26,Gedo,2022-01-01,0.2298518076076705,0.2279,0.1258308812742324,0.125,0.9704087858450274,9543,0.0024405125076266,0.0,pixel_reliability=0 AND MODLAND_QA(bits0-1)=0 AND VI range -2000..10000,MOD13Q1 V061 Terra 250m 16-day
SO2601,Garbahaarey,SO26,Gedo,2022-01-17,0.2120698873483535,0.2117,0.1217610701906412,0.1211,0.9387838112670328,9232,0.0005084401057555,0.0,pixel_reliability=0 AND MODLAND_QA(bits0-1)=0 AND VI range -2000..10000,MOD13Q1 V061 Terra 250m 16-day
SO2601,Garbahaarey,SO26,Gedo,2022-02-02,0.2080821398124467,0.2083,0.1158641943734015,0.1158,0.9542403904820012,9384,0.003762456782591,0.0,pixel_reliability=0 AND MODLAND_QA(bits0-1)=0 AND VI range -2000..10000,MOD13Q1 V061 Terra 250m 16-day
SO2601,Garbahaarey,SO26,Gedo,2022-02-18,0.2108005963999133,0.2107,0.1135036109303838,0.1139,0.9377669310555216,9222,0.0061012812690665,0.0,pixel_reliability=0 AND MODLAND_QA(bits0-1)=0 AND VI range -2000..10000,MOD13Q1 V061 Terra 250m 16-day
SO2601,Garbahaarey,SO26,Gedo,2022-03-06,0.2055040833420584,0.2062,0.11676312428018,0.1174,0.9712222900142364,9551,0.0009151921903599,0.0,pixel_reliability=0 AND MODLAND_QA(bits0-1)=0 AND VI range -2000..10000,MOD13Q1 V061 Terra 250m 16-day
SO2601,Garbahaarey,SO26,Gedo,2022-03-22,0.2142191280188074,0.2155,0.1215574909168626,0.1202,0.4757982509660362,4679,0.2049013626194834,0.0,pixel_reliability=0 AND MODLAND_QA(bits0-1)=0 AND VI range -2000..10000,MOD13Q1 V061 Terra 250m 16-day
SO2601,Garbahaarey,SO26,Gedo,2022-04-07,0.2197244363636363,0.2181,0.1305488727272727,0.1297,0.4194630872483221,4125,0.194224120398617,0.0018303843807199,pixel_reliability=0 AND MODLAND_QA(bits0-1)=0 AND VI range -2000..10000,MOD13Q1 V061 Terra 250m 16-day
SO2601,Garbahaarey,SO26,Gedo,2022-04-23,0.3411174512987013,0.3351,0.1905560064935064,0.187,0.1252796420581655,1232,0.3261134838316046,0.1796827333740085,pixel_reliability=0 AND MODLAND_QA(bits0-1)=0 AND VI range -2000..10000,MOD13Q1 V061 Terra 250m 16-day
SO2601,Garbahaarey,SO26,Gedo,2022-05-09,0.3052534532791643,0.2952,0.1821690075449797,0.1771,0.1752084604433597,1723,0.3254016676835469,0.16605653853976,pixel_reliability=0 AND MODLAND_QA(bits0-1)=0 AND VI range -2000..10000,MOD13Q1 V061 Terra 250m 16-day
SO2601,Garbahaarey,SO26,Gedo,2022-05-25,0.2234945273631841,0.2171,0.140440671641791,0.1368,0.0817571690054911,804,0.3919056335163717,0.1749033963799064,pixel_reliability=0 AND MODLAND_QA(bits0-1)=0 AND VI range -2000..10000,MOD13Q1 V061 Terra 250m 16-day
SO2601,Garbahaarey,SO26,Gedo,2022-06-10,0.2202974185357596,0.2155,0.1321190859077444,0.1298,0.2402887939800691,2363,0.4473256050437258,0.0552165954850518,pixel_reliability=0 AND MODLAND_QA(bits0-1)=0 AND VI range -2000..10000,MOD13Q1 V061 Terra 250m 16-day
SO2601,Garbahaarey,SO26,Gedo,2022-06-26,0.2180922246220302,0.2122,0.1300300215982721,0.1244,0.0470815537929631,463,0.2648972950986373,0.3951596501932072,pixel_reliability=0 AND MODLAND_QA(bits0-1)=0 AND VI range -2000..10000,MOD13Q1 V061 Terra 250m 16-day
SO2601,Garbahaarey,SO26,Gedo,2022-07-12,0.22296966902476,0.2183,0.1237526275896917,0.12245,0.8049623754321741,7916,0.0518608907870652,0.0005084401057555,pixel_reliability=0 AND MODLAND_QA(bits0-1)=0 AND VI range -2000..10000,MOD13Q1 V061 Terra 250m 16-day
SO2601,Garbahaarey,SO26,Gedo,2022-07-28,0.2153230441433566,0.213,0.1197259396853146,0.119,0.930648769574944,9152,0.0077282896074842,0.0,pixel_reliability=0 AND MODLAND_QA(bits0-1)=0 AND VI range -2000..10000,MOD13Q1 V061 Terra 250m 16-day
SO2601,Garbahaarey,SO26,Gedo,2022-08-13,0.210003161614283,0.2069,0.1193260926167007,0.117,0.5467764897295099,5377,0.0795200325401667,0.0033557046979865,pixel_reliability=0 AND MODLAND_QA(bits0-1)=0 AND VI range -2000..10000,MOD13Q1 V061 Terra 250m 16-day
SO2601,Garbahaarey,SO26,Gedo,2022-08-29,0.20251414600864226,0.202,0.12084533773027063,0.1211,0.8942444580028472,8794,0.008440105755541997,0.0,pixel_reliability=0 AND MODLAND_QA(bits0-1)=0 AND VI range -2000..10000,MOD13Q1 V061 Terra 250m 16-day
SO2601,Garbahaarey,SO26,Gedo,2022-09-14,0.19664375909223164,0.19590000000000002,0.11963862379982544,0.1202,0.6990034573927192,6874,0.06924954240390482,0.022574740695546065,pixel_reliability=0 AND MODLAND_QA(bits0-1)=0 AND VI range -2000..10000,MOD13Q1 V061 Terra 250m 16-day
SO2601,Garbahaarey,SO26,Gedo,2022-09-30,0.207744131050622,0.2058,0.12101565463727061,0.12090000000000001,0.8256050437258491,8119,0.011185682326621925,0.0002033760423022168,pixel_reliability=0 AND MODLAND_QA(bits0-1)=0 AND VI range -2000..10000,MOD13Q1 V061 Terra 250m 16-day
SO2601,Garbahaarey,SO26,Gedo,2022-10-16,0.2162890286130855,0.2126,0.133632422088573,0.1308,0.5579621720561317,5487,0.14083790929428514,0.08775676225340655,pixel_reliability=0 AND MODLAND_QA(bits0-1)=0 AND VI range -2000..10000,MOD13Q1 V061 Terra 250m 16-day
SO2601,Garbahaarey,SO26,Gedo,2022-11-01,0.29714145583038876,0.2818,0.18495443109540635,0.1743,0.7194427496440919,7075,0.08765507423225544,0.01606670734187513,pixel_reliability=0 AND MODLAND_QA(bits0-1)=0 AND VI range -2000..10000,MOD13Q1 V061 Terra 250m 16-day
SO2601,Garbahaarey,SO26,Gedo,2022-11-17,0.3017481816270759,0.2712,0.1830629808702964,0.16570000000000001,0.48372991661582265,4757,0.20479967459833232,0.0424039048200122,pixel_reliability=0 AND MODLAND_QA(bits0-1)=0 AND VI range -2000..10000,MOD13Q1 V061 Terra 250m 16-day
SO2601,Garbahaarey,SO26,Gedo,2022-12-03,0.27039024443237375,0.2536,0.1522993155893536,0.14350000000000002,0.9360382346959528,9205,0.0018303843807199512,0.0,pixel_reliability=0 AND MODLAND_QA(bits0-1)=0 AND VI range -2000..10000,MOD13Q1 V061 Terra 250m 16-day
SO2601,Garbahaarey,SO26,Gedo,2022-12-19,0.23523244504355043,0.22970000000000002,0.1316671401907922,0.13,0.9806792759812895,9644,0.0008135041692088672,0.0,pixel_reliability=0 AND MODLAND_QA(bits0-1)=0 AND VI range -2000..10000,MOD13Q1 V061 Terra 250m 16-day
SO2602,Baardheere,SO26,Gedo,2022-01-01,0.3133295678499347,0.3027,0.1780466579603467,0.1691,0.9507845129247092,16846,0.0081837679196297,0.0,pixel_reliability=0 AND MODLAND_QA(bits0-1)=0 AND VI range -2000..10000,MOD13Q1 V061 Terra 250m 16-day
SO2602,Baardheere,SO26,Gedo,2022-01-17,0.2587576830398517,0.2526,0.1623232931726907,0.1567,0.9134778191669488,16185,0.0047409414155096,0.0,pixel_reliability=0 AND MODLAND_QA(bits0-1)=0 AND VI range -2000..10000,MOD13Q1 V061 Terra 250m 16-day
SO2602,Baardheere,SO26,Gedo,2022-02-02,0.2396428235754846,0.2377,0.1438247177077214,0.1403,0.8647138503217068,15321,0.0301388418557399,0.0,pixel_reliability=0 AND MODLAND_QA(bits0-1)=0 AND VI range -2000..10000,MOD13Q1 V061 Terra 250m 16-day
SO2602,Baardheere,SO26,Gedo,2022-02-18,0.2260307601995891,0.2272,0.1326889638978573,0.1298,0.7691613048876849,13628,0.0601083643752116,0.0,pixel_reliability=0 AND MODLAND_QA(bits0-1)=0 AND VI range -2000..10000,MOD13Q1 V061 Terra 250m 16-day
SO2602,Baardheere,SO26,Gedo,2022-03-06,0.2196853741496598,0.221,0.1334162475704567,0.1323,0.9292245174398917,16464,0.0085788463709222,0.0,pixel_reliability=0 AND MODLAND_QA(bits0-1)=0 AND VI range -2000..10000,MOD13Q1 V061 Terra 250m 16-day
SO2602,Baardheere,SO26,Gedo,2022-03-22,0.2390737354750512,0.2354,0.1417023752563226,0.1397,0.3302855852805057,5852,0.3002596229822779,0.0013545546901456,pixel_reliability=0 AND MODLAND_QA(bits0-1)=0 AND VI range -2000..10000,MOD13Q1 V061 Terra 250m 16-day
SO2602,Baardheere,SO26,Gedo,2022-04-07,0.2313282046178344,0.2304,0.1427518511146497,0.1408,0.283553448470482,5024,0.2396433005982616,0.1252963088384693,pixel_reliability=0 AND MODLAND_QA(bits0-1)=0 AND VI range -2000..10000,MOD13Q1 V061 Terra 250m 16-day
SO2602,Baardheere,SO26,Gedo,2022-04-23,0.3787527472527473,0.3744,0.2280908424908425,0.2254,0.0154080596004063,273,0.3762840049667005,0.2687097866576363,pixel_reliability=0 AND MODLAND_QA(bits0-1)=0 AND VI range -2000..10000,MOD13Q1 V061 Terra 250m 16-day
SO2602,Baardheere,SO26,Gedo,2022-05-09,0.4355071428571428,0.44655,0.2693225274725275,0.2714,0.0102720397336042,182,0.5749520261880573,0.1494525341460661,pixel_reliability=0 AND MODLAND_QA(bits0-1)=0 AND VI range -2000..10000,MOD13Q1 V061 Terra 250m 16-day
SO2602,Baardheere,SO26,Gedo,2022-05-25,0.33275,0.3412,0.227965625,0.2334,0.0018060729201941,32,0.3531436956767129,0.3414042216954509,pixel_reliability=0 AND MODLAND_QA(bits0-1)=0 AND VI range -2000..10000,MOD13Q1 V061 Terra 250m 16-day
SO2602,Baardheere,SO26,Gedo,2022-06-10,0.3420682481751824,0.3506,0.2224295620437956,0.2264,0.0154644993791624,274,0.4142115362907777,0.2476013094028671,pixel_reliability=0 AND MODLAND_QA(bits0-1)=0 AND VI range -2000..10000,MOD13Q1 V061 Terra 250m 16-day
SO2602,Baardheere,SO26,Gedo,2022-06-26,0.2738486865148862,0.2767,0.1556318739054291,0.1545,0.0322271136697144,571,0.2851337622756519,0.429563156112428,pixel_reliability=0 AND MODLAND_QA(bits0-1)=0 AND VI range -2000..10000,MOD13Q1 V061 Terra 250m 16-day
SO2602,Baardheere,SO26,Gedo,2022-07-12,0.2575971857410882,0.2512,0.1498696060037523,0.1433,0.0300824020769838,533,0.5172705722993566,0.1212890845467885,pixel_reliability=0 AND MODLAND_QA(bits0-1)=0 AND VI range -2000..10000,MOD13Q1 V061 Terra 250m 16-day
SO2602,Baardheere,SO26,Gedo,2022-07-28,0.2631764375,0.2592,0.1492786041666666,0.1479,0.2709109380291229,4800,0.3134100914324416,0.1439778756067276,pixel_reliability=0 AND MODLAND_QA(bits0-1)=0 AND VI range -2000..10000,MOD13Q1 V061 Terra 250m 16-day
SO2602,Baardheere,SO26,Gedo,2022-08-13,0.233096871088861,0.2309,0.1383809762202753,0.1365,0.0450953832260977,799,0.4268540467321368,0.2044813184332317,pixel_reliability=0 AND MODLAND_QA(bits0-1)=0 AND VI range -2000..10000,MOD13Q1 V061 Terra 250m 16-day
SO2602,Baardheere,SO26,Gedo,2022-08-29,0.2270515535631473,0.2267,0.14214533931055806,0.1423,0.3651089287729992,6469,0.25459984196861946,0.03149339654588554,pixel_reliability=0 AND MODLAND_QA(bits0-1)=0 AND VI range -2000..10000,MOD13Q1 V061 Terra 250m 16-day
SO2602,Baardheere,SO26,Gedo,2022-09-14,0.21458638497652585,0.2162,0.13372863849765257,0.1322,0.01202167287504233,213,0.2871655943108703,0.40021447115927306,pixel_reliability=0 AND MODLAND_QA(bits0-1)=0 AND VI range -2000..10000,MOD13Q1 V061 Terra 250m 16-day
SO2602,Baardheere,SO26,Gedo,2022-09-30,0.21795214428857718,0.21860000000000002,0.1353878156312625,0.13290000000000002,0.14081724799638787,2495,0.3739135342589457,0.14606614742070212,pixel_reliability=0 AND MODLAND_QA(bits0-1)=0 AND VI range -2000..10000,MOD13Q1 V061 Terra 250m 16-day
SO2602,Baardheere,SO26,Gedo,2022-10-16,0.23833381088825215,0.22240000000000001,0.14225558739255015,0.1296,0.01969748278586748,349,0.0719042781352297,0.8044926063889829,pixel_reliability=0 AND MODLAND_QA(bits0-1)=0 AND VI range -2000..10000,MOD13Q1 V061 Terra 250m 16-day
SO2602,Baardheere,SO26,Gedo,2022-11-01,0.38390163208207045,0.3836,0.24532455117743066,0.24380000000000002,0.24207021108477256,4289,0.2513827745795236,0.22203408962636867,pixel_reliability=0 AND MODLAND_QA(bits0-1)=0 AND VI range -2000..10000,MOD13Q1 V061 Terra 250m 16-day
SO2602,Baardheere,SO26,Gedo,2022-11-17,0.33568772455089824,0.3347,0.2079326347305389,0.20465,0.05655265831357941,1002,0.2990743876284005,0.3113782593972232,pixel_reliability=0 AND MODLAND_QA(bits0-1)=0 AND VI range -2000..10000,MOD13Q1 V061 Terra 250m 16-day
SO2602,Baardheere,SO26,Gedo,2022-12-03,0.3106015141905819,0.31070000000000003,0.17888388298715713,0.1763,0.7119313692290327,12614,0.11163788237950108,0.015069420927869963,pixel_reliability=0 AND MODLAND_QA(bits0-1)=0 AND VI range -2000..10000,MOD13Q1 V061 Terra 250m 16-day
SO2602,Baardheere,SO26,Gedo,2022-12-19,0.27986211699164343,0.2773,0.16407289925719595,0.1593,0.9725702675245513,17232,0.004007224291680777,0.0,pixel_reliability=0 AND MODLAND_QA(bits0-1)=0 AND VI range -2000..10000,MOD13Q1 V061 Terra 250m 16-day
SO2603,Belet Xaawo,SO26,Gedo,2022-01-01,0.2463096303057964,0.2503,0.1308538566864445,0.1313,0.9938761623951008,4382,0.0002268088001814,0.0,pixel_reliability=0 AND MODLAND_QA(bits0-1)=0 AND VI range -2000..10000,MOD13Q1 V061 Terra 250m 16-day
SO2603,Belet Xaawo,SO26,Gedo,2022-01-17,0.225169243902439,0.2296,0.1279731951219512,0.1291,0.9299160807439328,4100,0.0,0.0,pixel_reliability=0 AND MODLAND_QA(bits0-1)=0 AND VI range -2000..10000,MOD13Q1 V061 Terra 250m 16-day
SO2603,Belet Xaawo,SO26,Gedo,2022-02-02,0.2207316034442634,0.2257,0.1183725622527344,0.119,0.974597414379678,4297,0.0011340440009072,0.0,pixel_reliability=0 AND MODLAND_QA(bits0-1)=0 AND VI range -2000..10000,MOD13Q1 V061 Terra 250m 16-day
SO2603,Belet Xaawo,SO26,Gedo,2022-02-18,0.2197252262705964,0.2252,0.1149838477605012,0.1157,0.9773191199818552,4309,0.0011340440009072,0.0,pixel_reliability=0 AND MODLAND_QA(bits0-1)=0 AND VI range -2000..10000,MOD13Q1 V061 Terra 250m 16-day
SO2603,Belet Xaawo,SO26,Gedo,2022-03-06,0.2148862077123255,0.2198,0.1180178377099597,0.1191,0.9587207983669768,4227,0.0036289408029031,0.0,pixel_reliability=0 AND MODLAND_QA(bits0-1)=0 AND VI range -2000..10000,MOD13Q1 V061 Terra 250m 16-day
SO2603,Belet Xaawo,SO26,Gedo,2022-03-22,0.229618505845452,0.2357,0.1187410322212717,0.119,0.7954184622363347,3507,0.0385574960308459,0.0,pixel_reliability=0 AND MODLAND_QA(bits0-1)=0 AND VI range -2000..10000,MOD13Q1 V061 Terra 250m 16-day
SO2603,Belet Xaawo,SO26,Gedo,2022-04-07,0.2199507601765571,0.2259,0.1267277587052477,0.1285,0.4624631435699705,2039,0.2370151961896121,0.0002268088001814,pixel_reliability=0 AND MODLAND_QA(bits0-1)=0 AND VI range -2000..10000,MOD13Q1 V061 Terra 250m 16-day
SO2603,Belet Xaawo,SO26,Gedo,2022-04-23,0.3727952730236349,0.374,0.1990395273023635,0.1998,0.2782943978226355,1227,0.2404173281923338,0.1236107960988886,pixel_reliability=0 AND MODLAND_QA(bits0-1)=0 AND VI range -2000..10000,MOD13Q1 V061 Terra 250m 16-day
SO2603,Belet Xaawo,SO26,Gedo,2022-05-09,0.3295577954612438,0.3314,0.1890588564692013,0.1879,0.7695622590156498,3393,0.0247221592197777,0.012701292810161,pixel_reliability=0 AND MODLAND_QA(bits0-1)=0 AND VI range -2000..10000,MOD13Q1 V061 Terra 250m 16-day
SO2603,Belet Xaawo,SO26,Gedo,2022-05-25,0.2209232323232323,0.21585,0.134735606060606,0.1346,0.179632569743706,792,0.436833749149467,0.0576094352460875,pixel_reliability=0 AND MODLAND_QA(bits0-1)=0 AND VI range -2000..10000,MOD13Q1 V061 Terra 250m 16-day
SO2603,Belet Xaawo,SO26,Gedo,2022-06-10,0.2338167102681491,0.2397,0.1316724656638325,0.13285,0.6935813109548651,3058,0.1487865729190292,0.004082558403266,pixel_reliability=0 AND MODLAND_QA(bits0-1)=0 AND VI range -2000..10000,MOD13Q1 V061 Terra 250m 16-day
SO2603,Belet Xaawo,SO26,Gedo,2022-06-26,0.2138463541666666,0.2178,0.1213083333333333,0.1235,0.0435472896348378,192,0.5901564980721252,0.1127239736901791,pixel_reliability=0 AND MODLAND_QA(bits0-1)=0 AND VI range -2000..10000,MOD13Q1 V061 Terra 250m 16-day
SO2603,Belet Xaawo,SO26,Gedo,2022-07-12,0.2264228553921568,0.2326,0.1226411458333333,0.1236,0.7403039237922432,3264,0.1356316625085053,0.0,pixel_reliability=0 AND MODLAND_QA(bits0-1)=0 AND VI range -2000..10000,MOD13Q1 V061 Terra 250m 16-day
SO2603,Belet Xaawo,SO26,Gedo,2022-07-28,0.2215019953355791,0.2266,0.1209268981601451,0.1215,0.8752551599002041,3859,0.0333408936266727,0.0018144704014515,pixel_reliability=0 AND MODLAND_QA(bits0-1)=0 AND VI range -2000..10000,MOD13Q1 V061 Terra 250m 16-day
SO2603,Belet Xaawo,SO26,Gedo,2022-08-13,0.2204427608587119,0.22625,0.1148611083374937,0.1149,0.9085960535268768,4006,0.0331140848264912,0.0,pixel_reliability=0 AND MODLAND_QA(bits0-1)=0 AND VI range -2000..10000,MOD13Q1 V061 Terra 250m 16-day
SO2603,Belet Xaawo,SO26,Gedo,2022-08-29,0.21315961803957664,0.2179,0.11983025770823748,0.12090000000000001,0.9857110455885688,4346,0.0,0.0,pixel_reliability=0 AND MODLAND_QA(bits0-1)=0 AND VI range -2000..10000,MOD13Q1 V061 Terra 250m 16-day
SO2603,Belet Xaawo,SO26,Gedo,2022-09-14,0.2091954224494765,0.2141,0.11977825663501339,0.1212,0.931503742345203,4107,0.0038557496030845995,0.0,pixel_reliability=0 AND MODLAND_QA(bits0-1)=0 AND VI range -2000..10000,MOD13Q1 V061 Terra 250m 16-day
SO2603,Belet Xaawo,SO26,Gedo,2022-09-30,0.21926951489780844,0.2232,0.12094092588032504,0.1217,0.9210705375368564,4061,0.011794057609435245,0.005670220004536176,pixel_reliability=0 AND MODLAND_QA(bits0-1)=0 AND VI range -2000..10000,MOD13Q1 V061 Terra 250m 16-day
SO2603,Belet Xaawo,SO26,Gedo,2022-10-16,0.19092577319587634,0.18905,0.11702164948453608,0.11615,0.044000907235200726,194,0.2127466545701973,0.46200952596960765,pixel_reliability=0 AND MODLAND_QA(bits0-1)=0 AND VI range -2000..10000,MOD13Q1 V061 Terra 250m 16-day
SO2603,Belet Xaawo,SO26,Gedo,2022-11-01,0.30527759825327516,0.2992,0.1818320524017467,0.1743,0.5193921524155137,2290,0.1344976185075981,0.08323882966659106,pixel_reliability=0 AND MODLAND_QA(bits0-1)=0 AND VI range -2000..10000,MOD13Q1 V061 Terra 250m 16-day
SO2603,Belet Xaawo,SO26,Gedo,2022-11-17,0.27491286956521743,0.273,0.15837826086956522,0.1563,0.13041506010433204,575,0.37468813789975053,0.231344976185076,pixel_reliability=0 AND MODLAND_QA(bits0-1)=0 AND VI range -2000..10000,MOD13Q1 V061 Terra 250m 16-day
SO2603,Belet Xaawo,SO26,Gedo,2022-12-03,0.24545260356398982,0.251,0.13312615135385328,0.1323,0.9800408255840327,4321,0.0,0.0,pixel_reliability=0 AND MODLAND_QA(bits0-1)=0 AND VI range -2000..10000,MOD13Q1 V061 Terra 250m 16-day
SO2603,Belet Xaawo,SO26,Gedo,2022-12-19,0.22993440366972476,0.23620000000000002,0.12558045871559634,0.126,0.9888863687911091,4360,0.0,0.0,pixel_reliability=0 AND MODLAND_QA(bits0-1)=0 AND VI range -2000..10000,MOD13Q1 V061 Terra 250m 16-day
SO2604,Ceel Waaq,SO26,Gedo,2022-01-01,0.2813109392388159,0.2757,0.1462820609837525,0.1439,0.9697819987049427,8986,0.0047485430606518,0.0,pixel_reliability=0 AND MODLAND_QA(bits0-1)=0 AND VI range -2000..10000,MOD13Q1 V061 Terra 250m 16-day
SO2604,Ceel Waaq,SO26,Gedo,2022-01-17,0.2483825713262504,0.2457,0.1385780112212009,0.1372,0.9040578458881934,8377,0.0035614072954888,0.0,pixel_reliability=0 AND MODLAND_QA(bits0-1)=0 AND VI range -2000..10000,MOD13Q1 V061 Terra 250m 16-day
SO2604,Ceel Waaq,SO26,Gedo,2022-02-02,0.2354373843460865,0.234,0.1284058139534883,0.128,0.8631556227066696,7998,0.0234189510036693,0.0,pixel_reliability=0 AND MODLAND_QA(bits0-1)=0 AND VI range -2000..10000,MOD13Q1 V061 Terra 250m 16-day
SO2604,Ceel Waaq,SO26,Gedo,2022-02-18,0.2400814206201961,0.2389,0.1204327060694407,0.1204,0.8143751349017915,7546,0.0388517159507878,0.0,pixel_reliability=0 AND MODLAND_QA(bits0-1)=0 AND VI range -2000..10000,MOD13Q1 V061 Terra 250m 16-day
SO2604,Ceel Waaq,SO26,Gedo,2022-03-06,0.2317954109820724,0.2309,0.1241036531739767,0.1237,0.9571551910209368,8869,0.0086337146557306,0.0,pixel_reliability=0 AND MODLAND_QA(bits0-1)=0 AND VI range -2000..10000,MOD13Q1 V061 Terra 250m 16-day
SO2604,Ceel Waaq,SO26,Gedo,2022-03-22,0.2609096563011457,0.2567,0.133013093289689,0.1291,0.2637599827325707,2444,0.4505719835959421,0.0,pixel_reliability=0 AND MODLAND_QA(bits0-1)=0 AND VI range -2000..10000,MOD13Q1 V061 Terra 250m 16-day
SO2604,Ceel Waaq,SO26,Gedo,2022-04-07,0.2625763813229572,0.2583,0.1513172762645914,0.1473,0.2773580833153464,2570,0.4002805957263112,0.0393913231167709,pixel_reliability=0 AND MODLAND_QA(bits0-1)=0 AND VI range -2000..10000,MOD13Q1 V061 Terra 250m 16-day
SO2604,Ceel Waaq,SO26,Gedo,2022-04-23,0.4005015384615385,0.4021,0.2195646153846153,0.2208,0.0210446794733434,195,0.3381178502050507,0.2890135981005828,pixel_reliability=0 AND MODLAND_QA(bits0-1)=0 AND VI range -2000..10000,MOD13Q1 V061 Terra 250m 16-day
SO2604,Ceel Waaq,SO26,Gedo,2022-05-09,0.3655089153889835,0.3576,0.2140199318568995,0.2073,0.1900496438592704,1761,0.3864666522771422,0.0988560328081157,pixel_reliability=0 AND MODLAND_QA(bits0-1)=0 AND VI range -2000..10000,MOD13Q1 V061 Terra 250m 16-day
SO2604,Ceel Waaq,SO26,Gedo,2022-05-25,0.329665,0.3262,0.178745,0.17545,0.0021584286639326,20,0.3822577163824736,0.2987265270882797,pixel_reliability=0 AND MODLAND_QA(bits0-1)=0 AND VI range -2000..10000,MOD13Q1 V061 Terra 250m 16-day
SO2604,Ceel Waaq,SO26,Gedo,2022-06-10,0.272625,0.27185,0.1611354166666666,0.15755,0.0051802287934383,48,0.4980574142024606,0.189294193826894,pixel_reliability=0 AND MODLAND_QA(bits0-1)=0 AND VI range -2000..10000,MOD13Q1 V061 Terra 250m 16-day
SO2604,Ceel Waaq,SO26,Gedo,2022-06-26,0.223646511627907,0.2177,0.1337720930232558,0.1288,0.0046406216274552,43,0.266889704295273,0.4883444852147636,pixel_reliability=0 AND MODLAND_QA(bits0-1)=0 AND VI range -2000..10000,MOD13Q1 V061 Terra 250m 16-day
SO2604,Ceel Waaq,SO26,Gedo,2022-07-12,0.2617849710982659,0.2588,0.1391578034682081,0.1379,0.0373408158860349,346,0.597884739909346,0.1070580617310597,pixel_reliability=0 AND MODLAND_QA(bits0-1)=0 AND VI range -2000..10000,MOD13Q1 V061 Terra 250m 16-day
SO2604,Ceel Waaq,SO26,Gedo,2022-07-28,0.2582535714285714,0.2564,0.1349658507223114,0.1341,0.268940211526009,2492,0.373300237427153,0.0481329592056982,pixel_reliability=0 AND MODLAND_QA(bits0-1)=0 AND VI range -2000..10000,MOD13Q1 V061 Terra 250m 16-day
SO2604,Ceel Waaq,SO26,Gedo,2022-08-13,0.2468462096242584,0.2446,0.1285483849703362,0.1211,0.163716814159292,1517,0.7056982516727822,0.0091733218217137,pixel_reliability=0 AND MODLAND_QA(bits0-1)=0 AND VI range -2000..10000,MOD13Q1 V061 Terra 250m 16-day
SO2604,Ceel Waaq,SO26,Gedo,2022-08-29,0.22859289603960398,0.2267,0.13051543316831685,0.1297,0.8720051802287935,8080,0.03108137276063026,0.00010792143319663285,pixel_reliability=0 AND MODLAND_QA(bits0-1)=0 AND VI range -2000..10000,MOD13Q1 V061 Terra 250m 16-day
SO2604,Ceel Waaq,SO26,Gedo,2022-09-14,0.21698132059079064,0.21630000000000002,0.1252159426585578,0.12490000000000001,0.24843513921864882,2302,0.3420030218001295,0.07910641053313187,pixel_reliability=0 AND MODLAND_QA(bits0-1)=0 AND VI range -2000..10000,MOD13Q1 V061 Terra 250m 16-day
SO2604,Ceel Waaq,SO26,Gedo,2022-09-30,0.23238490013774107,0.2305,0.12621735537190085,0.1246,0.6268076840060436,5808,0.16468810705806172,0.014137707748758903,pixel_reliability=0 AND MODLAND_QA(bits0-1)=0 AND VI range -2000..10000,MOD13Q1 V061 Terra 250m 16-day
SO2604,Ceel Waaq,SO26,Gedo,2022-10-16,0.30540335195530727,0.30560000000000004,0.1777340782122905,0.1772,0.01931793654219728,179,0.13878696309086985,0.6976041441830347,pixel_reliability=0 AND MODLAND_QA(bits0-1)=0 AND VI range -2000..10000,MOD13Q1 V061 Terra 250m 16-day
SO2604,Ceel Waaq,SO26,Gedo,2022-11-01,0.3961109601449276,0.3881,0.24437184782608698,0.23870000000000002,0.5957263112454133,5520,0.16058709259658968,0.01618821497949493,pixel_reliability=0 AND MODLAND_QA(bits0-1)=0 AND VI range -2000..10000,MOD13Q1 V061 Terra 250m 16-day
SO2604,Ceel Waaq,SO26,Gedo,2022-11-17,0.41987874396135266,0.42260000000000003,0.25414842995169085,0.25785,0.089358946686812,828,0.4303906755881718,0.17526440751133174,pixel_reliability=0 AND MODLAND_QA(bits0-1)=0 AND VI range -2000..10000,MOD13Q1 V061 Terra 250m 16-day
SO2604,Ceel Waaq,SO26,Gedo,2022-12-03,0.3093405309734514,0.30160000000000003,0.16810307692307694,0.1633,0.7926829268292683,7345,0.08450248219296352,0.0005396071659831643,pixel_reliability=0 AND MODLAND_QA(bits0-1)=0 AND VI range -2000..10000,MOD13Q1 V061 Terra 250m 16-day
SO2604,Ceel Waaq,SO26,Gedo,2022-12-19,0.2761188197577773,0.2696,0.1477193303253384,0.1443,0.9089143103820418,8422,0.005180228793438377,0.0,pixel_reliability=0 AND MODLAND_QA(bits0-1)=0 AND VI range -2000..10000,MOD13Q1 V061 Terra 250m 16-day
SO2605,Doolow,SO26,Gedo,2022-01-01,0.1872434133333333,0.1758,0.1123282666666666,0.105,0.9755463059313216,1875,0.0010405827263267,0.0,pixel_reliability=0 AND MODLAND_QA(bits0-1)=0 AND VI range -2000..10000,MOD13Q1 V061 Terra 250m 16-day
SO2605,Doolow,SO26,Gedo,2022-01-17,0.1766597122302158,0.1644,0.1077092418372994,0.0991,0.9401664932362124,1807,0.0,0.0,pixel_reliability=0 AND MODLAND_QA(bits0-1)=0 AND VI range -2000..10000,MOD13Q1 V061 Terra 250m 16-day
SO2605,Doolow,SO26,Gedo,2022-02-02,0.1703603671706263,0.1602,0.1030661447084233,0.097,0.963579604578564,1852,0.0015608740894901,0.0,pixel_reliability=0 AND MODLAND_QA(bits0-1)=0 AND VI range -2000..10000,MOD13Q1 V061 Terra 250m 16-day
SO2605,Doolow,SO26,Gedo,2022-02-18,0.1639914493632505,0.155,0.0982468768950879,0.0935,0.8579604578563996,1649,0.0171696149843912,0.0,pixel_reliability=0 AND MODLAND_QA(bits0-1)=0 AND VI range -2000..10000,MOD13Q1 V061 Terra 250m 16-day
SO2605,Doolow,SO26,Gedo,2022-03-06,0.1635327201783723,0.1551,0.1000999442586399,0.09545,0.9334027055150884,1794,0.009885535900104,0.0,pixel_reliability=0 AND MODLAND_QA(bits0-1)=0 AND VI range -2000..10000,MOD13Q1 V061 Terra 250m 16-day
SO2605,Doolow,SO26,Gedo,2022-03-22,0.1595788507581803,0.1544,0.0953695131683958,0.0922,0.6519250780437045,1253,0.0395421436004162,0.0,pixel_reliability=0 AND MODLAND_QA(bits0-1)=0 AND VI range -2000..10000,MOD13Q1 V061 Terra 250m 16-day
SO2605,Doolow,SO26,Gedo,2022-04-07,0.1698903964265773,0.1606,0.1064265214963707,0.1014,0.9318418314255984,1791,0.0202913631633714,0.0,pixel_reliability=0 AND MODLAND_QA(bits0-1)=0 AND VI range -2000..10000,MOD13Q1 V061 Terra 250m 16-day
SO2605,Doolow,SO26,Gedo,2022-04-23,0.1926356435643564,0.1639,0.1157851485148514,0.0996,0.0525494276795005,101,0.2502601456815816,0.3553590010405827,pixel_reliability=0 AND MODLAND_QA(bits0-1)=0 AND VI range -2000..10000,MOD13Q1 V061 Terra 250m 16-day
SO2605,Doolow,SO26,Gedo,2022-05-09,0.2005278906797477,0.184,0.1250477224947442,0.1139,0.7424557752341311,1427,0.04630593132154,0.0192507804370447,pixel_reliability=0 AND MODLAND_QA(bits0-1)=0 AND VI range -2000..10000,MOD13Q1 V061 Terra 250m 16-day
SO2605,Doolow,SO26,Gedo,2022-05-25,0.1752216145833333,0.1635,0.11085546875,0.1027,0.1997918834547346,384,0.291363163371488,0.042143600416233,pixel_reliability=0 AND MODLAND_QA(bits0-1)=0 AND VI range -2000..10000,MOD13Q1 V061 Terra 250m 16-day
SO2605,Doolow,SO26,Gedo,2022-06-10,0.1746790052053209,0.1616,0.106727009832273,0.099,0.8995837669094693,1729,0.0083246618106139,0.0,pixel_reliability=0 AND MODLAND_QA(bits0-1)=0 AND VI range -2000..10000,MOD13Q1 V061 Terra 250m 16-day
SO2605,Doolow,SO26,Gedo,2022-06-26,0.1632819999999999,0.15485,0.09846,0.09255,0.0520291363163371,100,0.5744016649323621,0.0702393340270551,pixel_reliability=0 AND MODLAND_QA(bits0-1)=0 AND VI range -2000..10000,MOD13Q1 V061 Terra 250m 16-day
SO2605,Doolow,SO26,Gedo,2022-07-12,0.1741309322033898,0.1614,0.1016927966101695,0.094,0.9823100936524454,1888,0.0010405827263267,0.0,pixel_reliability=0 AND MODLAND_QA(bits0-1)=0 AND VI range -2000..10000,MOD13Q1 V061 Terra 250m 16-day
SO2605,Doolow,SO26,Gedo,2022-07-28,0.1724225501113586,0.161,0.1027138641425389,0.09535,0.9344432882414152,1796,0.0,0.0,pixel_reliability=0 AND MODLAND_QA(bits0-1)=0 AND VI range -2000..10000,MOD13Q1 V061 Terra 250m 16-day
SO2605,Doolow,SO26,Gedo,2022-08-13,0.1671979569892473,0.1562,0.1003511827956989,0.0935,0.967741935483871,1860,0.0046826222684703,0.0,pixel_reliability=0 AND MODLAND_QA(bits0-1)=0 AND VI range -2000..10000,MOD13Q1 V061 Terra 250m 16-day
SO2605,Doolow,SO26,Gedo,2022-08-29,0.16564881847475835,0.1549,0.10111600429645544,0.0949,0.9687825182101977,1862,0.0005202913631633715,0.0,pixel_reliability=0 AND MODLAND_QA(bits0-1)=0 AND VI range -2000..10000,MOD13Q1 V061 Terra 250m 16-day
SO2605,Doolow,SO26,Gedo,2022-09-14,0.16020262276785716,0.14975,0.09999642857142857,0.0936,0.9323621227887617,1792,0.013007284079084287,0.0,pixel_reliability=0 AND MODLAND_QA(bits0-1)=0 AND VI range -2000..10000,MOD13Q1 V061 Terra 250m 16-day
SO2605,Doolow,SO26,Gedo,2022-09-30,0.16043743932038834,0.1516,0.09843428398058252,0.093,0.8574401664932362,1648,0.013527575442247659,0.009365244536940686,pixel_reliability=0 AND MODLAND_QA(bits0-1)=0 AND VI range -2000..10000,MOD13Q1 V061 Terra 250m 16-day
SO2605,Doolow,SO26,Gedo,2022-10-16,0.15686324689966177,0.1486,0.09934757609921081,0.0947,0.4614984391259105,887,0.14568158168574402,0.058792924037460975,pixel_reliability=0 AND MODLAND_QA(bits0-1)=0 AND VI range -2000..10000,MOD13Q1 V061 Terra 250m 16-day
SO2605,Doolow,SO26,Gedo,2022-11-01,0.16777629716981132,0.15710000000000002,0.1054620283018868,0.09855,0.441207075962539,848,0.09781477627471384,0.09573361082206035,pixel_reliability=0 AND MODLAND_QA(bits0-1)=0 AND VI range -2000..10000,MOD13Q1 V061 Terra 250m 16-day
SO2605,Doolow,SO26,Gedo,2022-11-17,0.16586185958254268,0.15330000000000002,0.10527125237191652,0.09690000000000001,0.5483870967741935,1054,0.07232049947970863,0.17013527575442247,pixel_reliability=0 AND MODLAND_QA(bits0-1)=0 AND VI range -2000..10000,MOD13Q1 V061 Terra 250m 16-day
SO2605,Doolow,SO26,Gedo,2022-12-03,0.16774297210300432,0.1582,0.10109603004291846,0.0961,0.9698231009365245,1864,0.0,0.0,pixel_reliability=0 AND MODLAND_QA(bits0-1)=0 AND VI range -2000..10000,MOD13Q1 V061 Terra 250m 16-day
SO2605,Doolow,SO26,Gedo,2022-12-19,0.16496009906439185,0.15510000000000002,0.10020016510731976,0.095,0.945369406867846,1817,0.004682622268470343,0.0,pixel_reliability=0 AND MODLAND_QA(bits0-1)=0 AND VI range -2000..10000,MOD13Q1 V061 Terra 250m 16-day
SO2606,Luuq,SO26,Gedo,2022-01-01,0.1683239026464023,0.1647,0.0985874481879052,0.0983,0.9493492079507618,9409,0.0074664514176167,0.0,pixel_reliability=0 AND MODLAND_QA(bits0-1)=0 AND VI range -2000..10000,MOD13Q1 V061 Terra 250m 16-day
SO2606,Luuq,SO26,Gedo,2022-01-17,0.16098436757873,0.1585,0.0953626639132679,0.0958,0.9771970537786298,9685,0.0018161638583392,0.0,pixel_reliability=0 AND MODLAND_QA(bits0-1)=0 AND VI range -2000..10000,MOD13Q1 V061 Terra 250m 16-day
SO2606,Luuq,SO26,Gedo,2022-02-02,0.1579679245283019,0.1564,0.0935972391003091,0.0944,0.946524064171123,9381,0.0094844112602159,0.0,pixel_reliability=0 AND MODLAND_QA(bits0-1)=0 AND VI range -2000..10000,MOD13Q1 V061 Terra 250m 16-day
SO2606,Luuq,SO26,Gedo,2022-02-18,0.1562461148259165,0.1557,0.093535877334563,0.0937,0.8751891837352437,8674,0.0239128241347997,0.0,pixel_reliability=0 AND MODLAND_QA(bits0-1)=0 AND VI range -2000..10000,MOD13Q1 V061 Terra 250m 16-day
SO2606,Luuq,SO26,Gedo,2022-03-06,0.1574468205666317,0.1564,0.0952897166841553,0.0962,0.9615578649984864,9530,0.0057511855514075,0.0,pixel_reliability=0 AND MODLAND_QA(bits0-1)=0 AND VI range -2000..10000,MOD13Q1 V061 Terra 250m 16-day
SO2606,Luuq,SO26,Gedo,2022-03-22,0.1607172499072585,0.1568,0.0968414121429454,0.0937,0.8159620623549592,8087,0.0328927454343658,0.0,pixel_reliability=0 AND MODLAND_QA(bits0-1)=0 AND VI range -2000..10000,MOD13Q1 V061 Terra 250m 16-day
SO2606,Luuq,SO26,Gedo,2022-04-07,0.15984401864319,0.156,0.1016129984464008,0.1007,0.5845020684088387,5793,0.1107859953586923,0.0151346988194934,pixel_reliability=0 AND MODLAND_QA(bits0-1)=0 AND VI range -2000..10000,MOD13Q1 V061 Terra 250m 16-day
SO2606,Luuq,SO26,Gedo,2022-04-23,0.2982953229398663,0.2835,0.1735523385300668,0.1649,0.0453031984663505,449,0.3779638785188174,0.2458884068207042,pixel_reliability=0 AND MODLAND_QA(bits0-1)=0 AND VI range -2000..10000,MOD13Q1 V061 Terra 250m 16-day
SO2606,Luuq,SO26,Gedo,2022-05-09,0.1987526041666666,0.1868,0.1247640625,0.1179,0.0774896579558066,768,0.4320452023004742,0.2148118252446776,pixel_reliability=0 AND MODLAND_QA(bits0-1)=0 AND VI range -2000..10000,MOD13Q1 V061 Terra 250m 16-day
SO2606,Luuq,SO26,Gedo,2022-05-25,0.1845199607329843,0.1799,0.1185918848167539,0.1156,0.1541721319745737,1528,0.3762486126526082,0.0691151246090202,pixel_reliability=0 AND MODLAND_QA(bits0-1)=0 AND VI range -2000..10000,MOD13Q1 V061 Terra 250m 16-day
SO2606,Luuq,SO26,Gedo,2022-06-10,0.1692722943722943,0.1626,0.1034939590712318,0.1,0.5127635960044395,5082,0.3041065482796892,0.0026233477953788,pixel_reliability=0 AND MODLAND_QA(bits0-1)=0 AND VI range -2000..10000,MOD13Q1 V061 Terra 250m 16-day
SO2606,Luuq,SO26,Gedo,2022-06-26,0.1611383900928792,0.1599,0.104704334365325,0.1028,0.0325900514579759,323,0.3884572697003329,0.2527494702855413,pixel_reliability=0 AND MODLAND_QA(bits0-1)=0 AND VI range -2000..10000,MOD13Q1 V061 Terra 250m 16-day
SO2606,Luuq,SO26,Gedo,2022-07-12,0.175690325775919,0.172,0.1003839093110279,0.0992,0.9167591564927858,9086,0.0240137221269296,0.0002017959842599,pixel_reliability=0 AND MODLAND_QA(bits0-1)=0 AND VI range -2000..10000,MOD13Q1 V061 Terra 250m 16-day
SO2606,Luuq,SO26,Gedo,2022-07-28,0.1684569876438006,0.1653,0.0967885172560715,0.0974,0.9472303501160328,9388,0.0071637574412269,0.0005044899606497,pixel_reliability=0 AND MODLAND_QA(bits0-1)=0 AND VI range -2000..10000,MOD13Q1 V061 Terra 250m 16-day
SO2606,Luuq,SO26,Gedo,2022-08-13,0.165888757713979,0.1624,0.0939408505500402,0.0941,0.7520936333366967,7454,0.0193724144889516,0.0,pixel_reliability=0 AND MODLAND_QA(bits0-1)=0 AND VI range -2000..10000,MOD13Q1 V061 Terra 250m 16-day
SO2606,Luuq,SO26,Gedo,2022-08-29,0.15859538699322318,0.1563,0.09919980977291641,0.099,0.848653011805065,8411,0.025829885985268895,0.0,pixel_reliability=0 AND MODLAND_QA(bits0-1)=0 AND VI range -2000..10000,MOD13Q1 V061 Terra 250m 16-day
SO2606,Luuq,SO26,Gedo,2022-09-14,0.15811807120324473,0.1572,0.10024802463572179,0.1003,0.6716779336091212,6657,0.0892947230350116,0.0,pixel_reliability=0 AND MODLAND_QA(bits0-1)=0 AND VI range -2000..10000,MOD13Q1 V061 Terra 250m 16-day
SO2606,Luuq,SO26,Gedo,2022-09-30,0.15959838368767876,0.1559,0.09842444361556635,0.0961,0.811522550701241,8043,0.03400262334779538,0.0006053879527797396,pixel_reliability=0 AND MODLAND_QA(bits0-1)=0 AND VI range -2000..10000,MOD13Q1 V061 Terra 250m 16-day
SO2606,Luuq,SO26,Gedo,2022-10-16,0.1651307375886525,0.1578,0.10307079432624115,0.09920000000000001,0.7113308445161941,7050,0.07960851579053577,0.030370295631116942,pixel_reliability=0 AND MODLAND_QA(bits0-1)=0 AND VI range -2000..10000,MOD13Q1 V061 Terra 250m 16-day
SO2606,Luuq,SO26,Gedo,2022-11-01,0.18235932313699968,0.1681,0.11730605271721445,0.1087,0.31005952981535667,3073,0.2504288164665523,0.14125718898193926,pixel_reliability=0 AND MODLAND_QA(bits0-1)=0 AND VI range -2000..10000,MOD13Q1 V061 Terra 250m 16-day
SO2606,Luuq,SO26,Gedo,2022-11-17,0.22572767500906785,0.19820000000000002,0.13836580824567768,0.1199,0.8345272929068711,8271,0.03208556149732621,0.01997780244173141,pixel_reliability=0 AND MODLAND_QA(bits0-1)=0 AND VI range -2000..10000,MOD13Q1 V061 Terra 250m 16-day
SO2606,Luuq,SO26,Gedo,2022-12-03,0.20913385511882998,0.18530000000000002,0.12203435786106032,0.10890000000000001,0.8830592271213803,8752,0.004035919685198264,0.0,pixel_reliability=0 AND MODLAND_QA(bits0-1)=0 AND VI range -2000..10000,MOD13Q1 V061 Terra 250m 16-day
SO2606,Luuq,SO26,Gedo,2022-12-19,0.1809181237113402,0.1708,0.10520376288659795,0.10020000000000001,0.9787105236605792,9700,0.0027242457875088287,0.0,pixel_reliability=0 AND MODLAND_QA(bits0-1)=0 AND VI range -2000..10000,MOD13Q1 V061 Terra 250m 16-day
SO2701,Bu'aale,SO27,Middle Juba,2022-01-01,0.4527601973684211,0.45825,0.2439700475146199,0.2415,0.8531337698783911,5472,0.0447458684128469,0.0,pixel_reliability=0 AND MODLAND_QA(bits0-1)=0 AND VI range -2000..10000,MOD13Q1 V061 Terra 250m 16-day
SO2701,Bu'aale,SO27,Middle Juba,2022-01-17,0.3386278081123245,0.33575,0.207060627925117,0.2033,0.7995010913626442,5128,0.0459931400062363,0.0,pixel_reliability=0 AND MODLAND_QA(bits0-1)=0 AND VI range -2000..10000,MOD13Q1 V061 Terra 250m 16-day
SO2701,Bu'aale,SO27,Middle Juba,2022-02-02,0.3287304003251372,0.3331,0.1935791302580776,0.189,0.7672279388836919,4921,0.0704708450265045,0.0,pixel_reliability=0 AND MODLAND_QA(bits0-1)=0 AND VI range -2000..10000,MOD13Q1 V061 Terra 250m 16-day
SO2701,Bu'aale,SO27,Middle Juba,2022-02-18,0.2853780869212023,0.2853,0.1922173030056864,0.1925,0.767695665731213,4924,0.0707826629248518,0.0,pixel_reliability=0 AND MODLAND_QA(bits0-1)=0 AND VI range -2000..10000,MOD13Q1 V061 Terra 250m 16-day
SO2701,Bu'aale,SO27,Middle Juba,2022-03-06,0.2957392345436703,0.297,0.1745369578017664,0.1729,0.7943560960399126,5095,0.0503585905830994,0.0,pixel_reliability=0 AND MODLAND_QA(bits0-1)=0 AND VI range -2000..10000,MOD13Q1 V061 Terra 250m 16-day
SO2701,Bu'aale,SO27,Middle Juba,2022-03-22,0.308082131661442,0.3065,0.1816442006269592,0.1725,0.0497349547864047,319,0.8241347053320861,0.0,pixel_reliability=0 AND MODLAND_QA(bits0-1)=0 AND VI range -2000..10000,MOD13Q1 V061 Terra 250m 16-day
SO2701,Bu'aale,SO27,Middle Juba,2022-04-07,0.2995415059687786,0.2767,0.1854190082644628,0.1773,0.1697848456501403,1089,0.5648581228562519,0.0020268163392578,pixel_reliability=0 AND MODLAND_QA(bits0-1)=0 AND VI range -2000..10000,MOD13Q1 V061 Terra 250m 16-day
SO2701,Bu'aale,SO27,Middle Juba,2022-04-23,0.429475,0.38105,0.290575,0.25715,0.0006236357966947,4,0.3132210788899283,0.3405051449953227,pixel_reliability=0 AND MODLAND_QA(bits0-1)=0 AND VI range -2000..10000,MOD13Q1 V061 Terra 250m 16-day
SO2701,Bu'aale,SO27,Middle Juba,2022-05-09,0.5573153846153847,0.6053000000000001,0.3672102564102563,0.3629,0.0060804490177736,39,0.5700031181789835,0.1417212347988774,pixel_reliability=0 AND MODLAND_QA(bits0-1)=0 AND VI range -2000..10000,MOD13Q1 V061 Terra 250m 16-day
SO2701,Bu'aale,SO27,Middle Juba,2022-05-25,,,,,0.0,0,0.3713751169317119,0.3250701590271281,pixel_reliability=0 AND MODLAND_QA(bits0-1)=0 AND VI range -2000..10000,MOD13Q1 V061 Terra 250m 16-day
SO2701,Bu'aale,SO27,Middle Juba,2022-06-10,0.5868772727272727,0.5880000000000001,0.3544363636363636,0.3591,0.003429996881821,22,0.4594636732148425,0.2299657000311818,pixel_reliability=0 AND MODLAND_QA(bits0-1)=0 AND VI range -2000..10000,MOD13Q1 V061 Terra 250m 16-day
SO2701,Bu'aale,SO27,Middle Juba,2022-06-26,0.4490785714285715,0.4174,0.2707571428571428,0.2627,0.0021827252884315,14,0.3651387589647645,0.3550046772684752,pixel_reliability=0 AND MODLAND_QA(bits0-1)=0 AND VI range -2000..10000,MOD13Q1 V061 Terra 250m 16-day
SO2701,Bu'aale,SO27,Middle Juba,2022-07-12,0.4680074563473336,0.4699,0.2616258140632373,0.2614,0.3303710632990334,2119,0.3631119426255067,0.0511381353289678,pixel_reliability=0 AND MODLAND_QA(bits0-1)=0 AND VI range -2000..10000,MOD13Q1 V061 Terra 250m 16-day
SO2701,Bu'aale,SO27,Middle Juba,2022-07-28,0.4193604540654699,0.4272,0.2365817317845829,0.23765,0.2952915497349548,1894,0.2684752104770814,0.1223885251013408,pixel_reliability=0 AND MODLAND_QA(bits0-1)=0 AND VI range -2000..10000,MOD13Q1 V061 Terra 250m 16-day
SO2701,Bu'aale,SO27,Middle Juba,2022-08-13,0.4534849056603773,0.4508,0.2594358490566038,0.2548,0.0082631743062051,53,0.3695042095416277,0.3169628936700966,pixel_reliability=0 AND MODLAND_QA(bits0-1)=0 AND VI range -2000..10000,MOD13Q1 V061 Terra 250m 16-day
SO2701,Bu'aale,SO27,Middle Juba,2022-08-29,0.2738726586102719,0.25560000000000005,0.18349516616314202,0.17145,0.10321172435297786,662,0.4264109759900218,0.13532896788275647,pixel_reliability=0 AND MODLAND_QA(bits0-1)=0 AND VI range -2000..10000,MOD13Q1 V061 Terra 250m 16-day
SO2701,Bu'aale,SO27,Middle Juba,2022-09-14,0.3528461538461539,0.333,0.24169230769230768,0.2531,0.0020268163392578734,13,0.41019644527595883,0.27065793576551295,pixel_reliability=0 AND MODLAND_QA(bits0-1)=0 AND VI range -2000..10000,MOD13Q1 V061 Terra 250m 16-day
SO2701,Bu'aale,SO27,Middle Juba,2022-09-30,0.2915377358490567,0.2859,0.19176540880503148,0.188,0.02478952291861553,159,0.45556594948550044,0.19738072965388212,pixel_reliability=0 AND MODLAND_QA(bits0-1)=0 AND VI range -2000..10000,MOD13Q1 V061 Terra 250m 16-day
SO2701,Bu'aale,SO27,Middle Juba,2022-10-16,,,,,0.0,0,0.08964764577486747,0.7360461490489554,pixel_reliability=0 AND MODLAND_QA(bits0-1)=0 AND VI range -2000..10000,MOD13Q1 V061 Terra 250m 16-day
SO2701,Bu'aale,SO27,Middle Juba,2022-11-01,0.5307440828402367,0.52795,0.3407618343195266,0.33115,0.052697224820704706,338,0.4426255067040848,0.1314312441534144,pixel_reliability=0 AND MODLAND_QA(bits0-1)=0 AND VI range -2000..10000,MOD13Q1 V061 Terra 250m 16-day
SO2701,Bu'aale,SO27,Middle Juba,2022-11-17,0.46344117647058825,0.4388,0.2952764705882353,0.28750000000000003,0.0026504521359526035,17,0.47988774555659497,0.19363891487371376,pixel_reliability=0 AND MODLAND_QA(bits0-1)=0 AND VI range -2000..10000,MOD13Q1 V061 Terra 250m 16-day
SO2701,Bu'aale,SO27,Middle Juba,2022-12-03,0.46265665961945035,0.466,0.2743361522198732,0.2758,0.07374493295915185,473,0.5450576863111942,0.0545681322107889,pixel_reliability=0 AND MODLAND_QA(bits0-1)=0 AND VI range -2000..10000,MOD13Q1 V061 Terra 250m 16-day
SO2701,Bu'aale,SO27,Middle Juba,2022-12-19,0.5017024630541872,0.5111,0.2993366400543571,0.2891,0.9178359837854693,5887,0.00904271905207359,0.0,pixel_reliability=0 AND MODLAND_QA(bits0-1)=0 AND VI range -2000..10000,MOD13Q1 V061 Terra 250m 16-day
SO2702,Jilib,SO27,Middle Juba,2022-01-01,0.4394441509433962,0.4661,0.2433792896781354,0.2513,0.7105678233438486,4505,0.046372239747634,0.0011041009463722,pixel_reliability=0 AND MODLAND_QA(bits0-1)=0 AND VI range -2000..10000,MOD13Q1 V061 Terra 250m 16-day
SO2702,Jilib,SO27,Middle Juba,2022-01-17,0.3779425648702595,0.3974,0.2185957584830339,0.22295,0.3160883280757098,2004,0.3640378548895899,0.0078864353312302,pixel_reliability=0 AND MODLAND_QA(bits0-1)=0 AND VI range -2000..10000,MOD13Q1 V061 Terra 250m 16-day
SO2702,Jilib,SO27,Middle Juba,2022-02-02,0.3271990377498149,0.3422,0.1940416481618554,0.1923,0.6392744479495268,4053,0.0768138801261829,0.0004731861198738,pixel_reliability=0 AND MODLAND_QA(bits0-1)=0 AND VI range -2000..10000,MOD13Q1 V061 Terra 250m 16-day
SO2702,Jilib,SO27,Middle Juba,2022-02-18,0.2789795202132386,0.2688,0.1905738338516215,0.1851,0.3550473186119874,2251,0.2769716088328076,0.0066246056782334,pixel_reliability=0 AND MODLAND_QA(bits0-1)=0 AND VI range -2000..10000,MOD13Q1 V061 Terra 250m 16-day
SO2702,Jilib,SO27,Middle Juba,2022-03-06,0.3180896636587367,0.33365,0.1851550861361772,0.1888,0.3845425867507886,2438,0.2427444794952681,0.0271293375394321,pixel_reliability=0 AND MODLAND_QA(bits0-1)=0 AND VI range -2000..10000,MOD13Q1 V061 Terra 250m 16-day
SO2702,Jilib,SO27,Middle Juba,2022-03-22,0.2647575682382134,0.24955,0.1740018610421836,0.1713,0.1271293375394321,806,0.5886435331230284,0.0405362776025236,pixel_reliability=0 AND MODLAND_QA(bits0-1)=0 AND VI range -2000..10000,MOD13Q1 V061 Terra 250m 16-day
SO2702,Jilib,SO27,Middle Juba,2022-04-07,0.3132587037037037,0.27485,0.1826233333333333,0.165,0.085173501577287,540,0.5600946372239748,0.0684542586750788,pixel_reliability=0 AND MODLAND_QA(bits0-1)=0 AND VI range -2000..10000,MOD13Q1 V061 Terra 250m 16-day
SO2702,Jilib,SO27,Middle Juba,2022-04-23,0.4663894736842105,0.4734,0.3046236842105262,0.30915,0.005993690851735,38,0.2271293375394321,0.4834384858044164,pixel_reliability=0 AND MODLAND_QA(bits0-1)=0 AND VI range -2000..10000,MOD13Q1 V061 Terra 250m 16-day
SO2702,Jilib,SO27,Middle Juba,2022-05-09,0.4490108,0.4231,0.3040852,0.29275,0.0394321766561514,250,0.4697160883280757,0.2238170347003154,pixel_reliability=0 AND MODLAND_QA(bits0-1)=0 AND VI range -2000..10000,MOD13Q1 V061 Terra 250m 16-day
SO2702,Jilib,SO27,Middle Juba,2022-05-25,0.3045515151515151,0.3057,0.2028424242424242,0.2073,0.0052050473186119,33,0.3687697160883281,0.3192429022082019,pixel_reliability=0 AND MODLAND_QA(bits0-1)=0 AND VI range -2000..10000,MOD13Q1 V061 Terra 250m 16-day
SO2702,Jilib,SO27,Middle Juba,2022-06-10,0.3820057471264367,0.3942,0.2499954022988505,0.2577,0.0137223974763406,87,0.4982649842271293,0.2118296529968454,pixel_reliability=0 AND MODLAND_QA(bits0-1)=0 AND VI range -2000..10000,MOD13Q1 V061 Terra 250m 16-day
SO2702,Jilib,SO27,Middle Juba,2022-06-26,0.3817782608695652,0.3823,0.2617521739130435,0.2792,0.0108832807570977,69,0.3212933753943218,0.3728706624605678,pixel_reliability=0 AND MODLAND_QA(bits0-1)=0 AND VI range -2000..10000,MOD13Q1 V061 Terra 250m 16-day
SO2702,Jilib,SO27,Middle Juba,2022-07-12,0.5240000000000001,0.5529000000000001,0.3786083333333334,0.3954,0.0056782334384858,36,0.356782334384858,0.3126182965299685,pixel_reliability=0 AND MODLAND_QA(bits0-1)=0 AND VI range -2000..10000,MOD13Q1 V061 Terra 250m 16-day
SO2702,Jilib,SO27,Middle Juba,2022-07-28,0.4859188841201716,0.4774,0.3249965665236051,0.3138,0.0367507886435331,233,0.3799684542586751,0.2474763406940063,pixel_reliability=0 AND MODLAND_QA(bits0-1)=0 AND VI range -2000..10000,MOD13Q1 V061 Terra 250m 16-day
SO2702,Jilib,SO27,Middle Juba,2022-08-13,0.4330175,0.4465,0.271475625,0.27035,0.0252365930599369,160,0.3365930599369085,0.3247634069400631,pixel_reliability=0 AND MODLAND_QA(bits0-1)=0 AND VI range -2000..10000,MOD13Q1 V061 Terra 250m 16-day
SO2702,Jilib,SO27,Middle Juba,2022-08-29,0.3469216292134832,0.3356,0.22605674157303374,0.22110000000000002,0.05615141955835962,356,0.43186119873817036,0.17760252365930598,pixel_reliability=0 AND MODLAND_QA(bits0-1)=0 AND VI range -2000..10000,MOD13Q1 V061 Terra 250m 16-day
SO2702,Jilib,SO27,Middle Juba,2022-09-14,0.28872538860103625,0.2846,0.18459412780656304,0.182,0.09132492113564669,579,0.4585173501577287,0.12981072555205048,pixel_reliability=0 AND MODLAND_QA(bits0-1)=0 AND VI range -2000..10000,MOD13Q1 V061 Terra 250m 16-day
SO2702,Jilib,SO27,Middle Juba,2022-09-30,0.26987603686635947,0.2686,0.17966175115207375,0.17950000000000002,0.03422712933753943,217,0.2717665615141956,0.3687697160883281,pixel_reliability=0 AND MODLAND_QA(bits0-1)=0 AND VI range -2000..10000,MOD13Q1 V061 Terra 250m 16-day
SO2702,Jilib,SO27,Middle Juba,2022-10-16,0.06265000000000001,0.06265000000000001,0.06815,0.06815,0.0003154574132492114,2,0.05252365930599369,0.8148264984227129,pixel_reliability=0 AND MODLAND_QA(bits0-1)=0 AND VI range -2000..10000,MOD13Q1 V061 Terra 250m 16-day
SO2702,Jilib,SO27,Middle Juba,2022-11-01,0.3648197530864198,0.3024,0.23226913580246913,0.2063,0.01277602523659306,81,0.40457413249211355,0.2804416403785489,pixel_reliability=0 AND MODLAND_QA(bits0-1)=0 AND VI range -2000..10000,MOD13Q1 V061 Terra 250m 16-day
SO2702,Jilib,SO27,Middle Juba,2022-11-17,0.2523,0.2523,0.167,0.167,0.0003154574132492114,2,0.15851735015772872,0.5996845425867507,pixel_reliability=0 AND MODLAND_QA(bits0-1)=0 AND VI range -2000..10000,MOD13Q1 V061 Terra 250m 16-day
SO2702,Jilib,SO27,Middle Juba,2022-12-03,0.2717529411764706,0.26375000000000004,0.18086470588235293,0.17545,0.005362776025236593,34,0.3698738170347003,0.2922712933753943,pixel_reliability=0 AND MODLAND_QA(bits0-1)=0 AND VI range -2000..10000,MOD13Q1 V061 Terra 250m 16-day
SO2702,Jilib,SO27,Middle Juba,2022-12-19,0.48615152557926133,0.5213,0.2847299151181464,0.2882,0.6875394321766561,4359,0.03974763406940063,0.0018927444794952682,pixel_reliability=0 AND MODLAND_QA(bits0-1)=0 AND VI range -2000..10000,MOD13Q1 V061 Terra 250m 16-day
SO2703,Saakow,SO27,Middle Juba,2022-01-01,0.3380017997231195,0.3401,0.1895197392708814,0.1885,0.8940691077875194,8668,0.0235172769468798,0.0,pixel_reliability=0 AND MODLAND_QA(bits0-1)=0 AND VI range -2000..10000,MOD13Q1 V061 Terra 250m 16-day
SO2703,Saakow,SO27,Middle Juba,2022-01-17,0.2744567723017932,0.2734,0.1704555881357843,0.1683,0.9145951521402784,8867,0.0132026817947395,0.0,pixel_reliability=0 AND MODLAND_QA(bits0-1)=0 AND VI range -2000..10000,MOD13Q1 V061 Terra 250m 16-day
SO2703,Saakow,SO27,Middle Juba,2022-02-02,0.2543252923400341,0.2541,0.1528883852319012,0.1494,0.7850438370293966,7611,0.0636410520887055,0.0,pixel_reliability=0 AND MODLAND_QA(bits0-1)=0 AND VI range -2000..10000,MOD13Q1 V061 Terra 250m 16-day
SO2703,Saakow,SO27,Middle Juba,2022-02-18,0.2328785704410341,0.2332,0.1461694041200055,0.1445,0.7460546673543064,7233,0.0647756575554409,0.0,pixel_reliability=0 AND MODLAND_QA(bits0-1)=0 AND VI range -2000..10000,MOD13Q1 V061 Terra 250m 16-day
SO2703,Saakow,SO27,Middle Juba,2022-03-06,0.2308433683439179,0.2308,0.1398870420127015,0.14045,0.844559051057246,8188,0.031768953068592,0.0,pixel_reliability=0 AND MODLAND_QA(bits0-1)=0 AND VI range -2000..10000,MOD13Q1 V061 Terra 250m 16-day
SO2703,Saakow,SO27,Middle Juba,2022-03-22,0.2730029698769622,0.2645,0.1451564700890963,0.1404,0.2431150077359463,2357,0.4743682310469314,0.000515729757607,pixel_reliability=0 AND MODLAND_QA(bits0-1)=0 AND VI range -2000..10000,MOD13Q1 V061 Terra 250m 16-day
SO2703,Saakow,SO27,Middle Juba,2022-04-07,0.2501336527621195,0.2452,0.1503056087936866,0.1474,0.3659618359979371,3548,0.2731304796286746,0.0277462609592573,pixel_reliability=0 AND MODLAND_QA(bits0-1)=0 AND VI range -2000..10000,MOD13Q1 V061 Terra 250m 16-day
SO2703,Saakow,SO27,Middle Juba,2022-04-23,0.3745833333333333,0.3448,0.22335,0.2185,0.0024755028365136,24,0.2841670964414646,0.3833935018050541,pixel_reliability=0 AND MODLAND_QA(bits0-1)=0 AND VI range -2000..10000,MOD13Q1 V061 Terra 250m 16-day
SO2703,Saakow,SO27,Middle Juba,2022-05-09,0.5072903614457831,0.5065000000000001,0.2975843373493976,0.2921,0.0085611139762764,83,0.5529654461062403,0.1532748839608045,pixel_reliability=0 AND MODLAND_QA(bits0-1)=0 AND VI range -2000..10000,MOD13Q1 V061 Terra 250m 16-day
SO2703,Saakow,SO27,Middle Juba,2022-05-25,0.3902190476190477,0.3913,0.2514380952380952,0.2564,0.0064981949458483,63,0.3667870036101083,0.3117070654976792,pixel_reliability=0 AND MODLAND_QA(bits0-1)=0 AND VI range -2000..10000,MOD13Q1 V061 Terra 250m 16-day
SO2703,Saakow,SO27,Middle Juba,2022-06-10,0.3838958904109589,0.3771,0.2337198630136986,0.2354,0.0150593089221248,146,0.305518308406395,0.3273852501289324,pixel_reliability=0 AND MODLAND_QA(bits0-1)=0 AND VI range -2000..10000,MOD13Q1 V061 Terra 250m 16-day
SO2703,Saakow,SO27,Middle Juba,2022-06-26,0.4361875,0.4531,0.266,0.2602,0.0008251676121712,8,0.1282104177411036,0.6836513666838576,pixel_reliability=0 AND MODLAND_QA(bits0-1)=0 AND VI range -2000..10000,MOD13Q1 V061 Terra 250m 16-day
SO2703,Saakow,SO27,Middle Juba,2022-07-12,0.2767498173849526,0.2707,0.1660589481373265,0.1642,0.1412068076328004,1369,0.356472408457968,0.1688499226405363,pixel_reliability=0 AND MODLAND_QA(bits0-1)=0 AND VI range -2000..10000,MOD13Q1 V061 Terra 250m 16-day
SO2703,Saakow,SO27,Middle Juba,2022-07-28,0.3280502224419179,0.3219,0.1820952051408798,0.1759,0.4173285198555956,4046,0.2546673543063434,0.0385765858690046,pixel_reliability=0 AND MODLAND_QA(bits0-1)=0 AND VI range -2000..10000,MOD13Q1 V061 Terra 250m 16-day
SO2703,Saakow,SO27,Middle Juba,2022-08-13,0.2520978260869565,0.2537,0.1422880434782608,0.143,0.009489427539969,92,0.3661681279009799,0.2738525012893243,pixel_reliability=0 AND MODLAND_QA(bits0-1)=0 AND VI range -2000..10000,MOD13Q1 V061 Terra 250m 16-day
SO2703,Saakow,SO27,Middle Juba,2022-08-29,0.24115962025316456,0.23675000000000002,0.154787447257384,0.1539,0.4889118102114492,4740,0.1956678700361011,0.025373904074265086,pixel_reliability=0 AND MODLAND_QA(bits0-1)=0 AND VI range -2000..10000,MOD13Q1 V061 Terra 250m 16-day
SO2703,Saakow,SO27,Middle Juba,2022-09-14,0.247065306122449,0.24700000000000003,0.16387755102040816,0.1699,0.005054151624548736,49,0.2928313563692625,0.3796802475502837,pixel_reliability=0 AND MODLAND_QA(bits0-1)=0 AND VI range -2000..10000,MOD13Q1 V061 Terra 250m 16-day
SO2703,Saakow,SO27,Middle Juba,2022-09-30,0.24128270893371762,0.2384,0.15437031700288187,0.15230000000000002,0.14316658071170707,1388,0.4014440433212996,0.07849406910778751,pixel_reliability=0 AND MODLAND_QA(bits0-1)=0 AND VI range -2000..10000,MOD13Q1 V061 Terra 250m 16-day
SO2703,Saakow,SO27,Middle Juba,2022-10-16,0.24732888888888888,0.24580000000000002,0.14903777777777777,0.1482,0.0046415678184631255,45,0.14130995358432183,0.7152140278494069,pixel_reliability=0 AND MODLAND_QA(bits0-1)=0 AND VI range -2000..10000,MOD13Q1 V061 Terra 250m 16-day
SO2703,Saakow,SO27,Middle Juba,2022-11-01,0.37656844050258687,0.3768,0.2360539541759054,0.2391,0.13955647240845798,1353,0.4112429087158329,0.07220216606498195,pixel_reliability=0 AND MODLAND_QA(bits0-1)=0 AND VI range -2000..10000,MOD13Q1 V061 Terra 250m 16-day
SO2703,Saakow,SO27,Middle Juba,2022-11-17,0.3764583333333333,0.38065000000000004,0.24818833333333332,0.24630000000000002,0.006188757091284167,60,0.37142857142857144,0.2945848375451264,pixel_reliability=0 AND MODLAND_QA(bits0-1)=0 AND VI range -2000..10000,MOD13Q1 V061 Terra 250m 16-day
SO2703,Saakow,SO27,Middle Juba,2022-12-03,0.38692060649819504,0.38670000000000004,0.22822990613718414,0.22560000000000002,0.7142857142857143,6925,0.10654976792160907,0.0,pixel_reliability=0 AND MODLAND_QA(bits0-1)=0 AND VI range -2000..10000,MOD13Q1 V061 Terra 250m 16-day
SO2703,Saakow,SO27,Middle Juba,2022-12-19,0.35576610150951654,0.3534,0.2245625793043098,0.22460000000000002,0.9429602888086642,9142,0.009902011346054668,0.0,pixel_reliability=0 AND MODLAND_QA(bits0-1)=0 AND VI range -2000..10000,MOD13Q1 V061 Terra 250m 16-day
SO2801,Kismaayo,SO28,Lower Juba,2022-01-01,0.4934701786304996,0.51295,0.3083122725769103,0.31665,0.540159027963906,6046,0.2036093987313499,0.0099169123559367,pixel_reliability=0 AND MODLAND_QA(bits0-1)=0 AND VI range -2000..10000,MOD13Q1 V061 Terra 250m 16-day
SO2801,Kismaayo,SO28,Lower Juba,2022-01-17,0.4496686602307511,0.4838,0.2937001765952437,0.3069,0.7588671491110516,8494,0.1123916733672831,0.0077727150897882,pixel_reliability=0 AND MODLAND_QA(bits0-1)=0 AND VI range -2000..10000,MOD13Q1 V061 Terra 250m 16-day
SO2801,Kismaayo,SO28,Lower Juba,2022-02-02,0.3643012788632327,0.3618,0.2156189461219656,0.2151,0.7544894130259984,8445,0.0442240686143125,0.0071473242204949,pixel_reliability=0 AND MODLAND_QA(bits0-1)=0 AND VI range -2000..10000,MOD13Q1 V061 Terra 250m 16-day
SO2801,Kismaayo,SO28,Lower Juba,2022-02-18,0.3375072717331875,0.3377,0.2063863203936577,0.2085,0.8170284999553292,9145,0.0587867417135709,0.0103636201197176,pixel_reliability=0 AND MODLAND_QA(bits0-1)=0 AND VI range -2000..10000,MOD13Q1 V061 Terra 250m 16-day
SO2801,Kismaayo,SO28,Lower Juba,2022-03-06,0.3110933820306792,0.307,0.1880969466764061,0.1912,0.6115429286160994,6845,0.1434825337264361,0.0152774055213079,pixel_reliability=0 AND MODLAND_QA(bits0-1)=0 AND VI range -2000..10000,MOD13Q1 V061 Terra 250m 16-day
SO2801,Kismaayo,SO28,Lower Juba,2022-03-22,0.2139654702970297,0.20815,0.1378211633663366,0.13305,0.072187974626999,808,0.6587152684713661,0.0771017600285893,pixel_reliability=0 AND MODLAND_QA(bits0-1)=0 AND VI range -2000..10000,MOD13Q1 V061 Terra 250m 16-day
SO2801,Kismaayo,SO28,Lower Juba,2022-04-07,0.3222639880952381,0.34465,0.1987622023809523,0.20605,0.0600375234521576,672,0.2774948628607165,0.3349414812829447,pixel_reliability=0 AND MODLAND_QA(bits0-1)=0 AND VI range -2000..10000,MOD13Q1 V061 Terra 250m 16-day
SO2801,Kismaayo,SO28,Lower Juba,2022-04-23,0.2758283018867924,0.2558,0.1772933962264151,0.1554,0.0094702045921558,106,0.2550701331189136,0.4032877691414276,pixel_reliability=0 AND MODLAND_QA(bits0-1)=0 AND VI range -2000..10000,MOD13Q1 V061 Terra 250m 16-day
SO2801,Kismaayo,SO28,Lower Juba,2022-05-09,0.5223851528384279,0.4815,0.3504165938864628,0.3291,0.0204592155811668,229,0.4540337711069418,0.203162690967569,pixel_reliability=0 AND MODLAND_QA(bits0-1)=0 AND VI range -2000..10000,MOD13Q1 V061 Terra 250m 16-day
SO2801,Kismaayo,SO28,Lower Juba,2022-05-25,0.4619007299270073,0.4671,0.3169244525547445,0.32085,0.0244795854551952,274,0.3933708567854909,0.2488162244259805,pixel_reliability=0 AND MODLAND_QA(bits0-1)=0 AND VI range -2000..10000,MOD13Q1 V061 Terra 250m 16-day
SO2801,Kismaayo,SO28,Lower Juba,2022-06-10,0.533818045112782,0.54205,0.346106015037594,0.3527,0.0237648530331457,266,0.5208612525685696,0.1533994460823729,pixel_reliability=0 AND MODLAND_QA(bits0-1)=0 AND VI range -2000..10000,MOD13Q1 V061 Terra 250m 16-day
SO2801,Kismaayo,SO28,Lower Juba,2022-06-26,0.5835297979797981,0.6063000000000001,0.4231186868686868,0.4428,0.017689627445725,198,0.4005181810059859,0.2741892254087376,pixel_reliability=0 AND MODLAND_QA(bits0-1)=0 AND VI range -2000..10000,MOD13Q1 V061 Terra 250m 16-day
SO2801,Kismaayo,SO28,Lower Juba,2022-07-12,0.5639669491525423,0.57675,0.3855584745762712,0.39975,0.0316269096756901,354,0.5591887787009738,0.1014920039310283,pixel_reliability=0 AND MODLAND_QA(bits0-1)=0 AND VI range -2000..10000,MOD13Q1 V061 Terra 250m 16-day
SO2801,Kismaayo,SO28,Lower Juba,2022-07-28,0.4700106194690265,0.45515,0.3027168141592919,0.2911,0.0201911909228982,226,0.387652997409095,0.2539980344858393,pixel_reliability=0 AND MODLAND_QA(bits0-1)=0 AND VI range -2000..10000,MOD13Q1 V061 Terra 250m 16-day
SO2801,Kismaayo,SO28,Lower Juba,2022-08-13,0.4170263392857143,0.41215,0.255540625,0.2548,0.0200125078173858,224,0.4013222549807915,0.2205842937550254,pixel_reliability=0 AND MODLAND_QA(bits0-1)=0 AND VI range -2000..10000,MOD13Q1 V061 Terra 250m 16-day
SO2801,Kismaayo,SO28,Lower Juba,2022-08-29,0.30150809248554916,0.2972,0.19241502890173412,0.18335,0.06182435450728134,692,0.3818457964799428,0.20137585991244528,pixel_reliability=0 AND MODLAND_QA(bits0-1)=0 AND VI range -2000..10000,MOD13Q1 V061 Terra 250m 16-day
SO2801,Kismaayo,SO28,Lower Juba,2022-09-14,0.2865599237963284,0.2791,0.17410304814686525,0.169,0.2579290628071116,2887,0.3737157151791298,0.025194317877244708,pixel_reliability=0 AND MODLAND_QA(bits0-1)=0 AND VI range -2000..10000,MOD13Q1 V061 Terra 250m 16-day
SO2801,Kismaayo,SO28,Lower Juba,2022-09-30,0.25403488095238097,0.2521,0.16852827380952382,0.1613,0.150093808630394,1680,0.41248994907531494,0.09157509157509157,pixel_reliability=0 AND MODLAND_QA(bits0-1)=0 AND VI range -2000..10000,MOD13Q1 V061 Terra 250m 16-day
SO2801,Kismaayo,SO28,Lower Juba,2022-10-16,0.24208000000000002,0.2754,0.15515250000000003,0.17420000000000002,0.003573662110247476,40,0.07361743947109801,0.8015724113285089,pixel_reliability=0 AND MODLAND_QA(bits0-1)=0 AND VI range -2000..10000,MOD13Q1 V061 Terra 250m 16-day
SO2801,Kismaayo,SO28,Lower Juba,2022-11-01,0.33095043668122276,0.27055000000000007,0.21813624454148473,0.17085,0.0818368623246672,916,0.38461538461538464,0.1710890735280979,pixel_reliability=0 AND MODLAND_QA(bits0-1)=0 AND VI range -2000..10000,MOD13Q1 V061 Terra 250m 16-day
SO2801,Kismaayo,SO28,Lower Juba,2022-11-17,0.34958613496932517,0.2949,0.233980245398773,0.1744,0.07281336549629233,815,0.36442419369248635,0.19190565532028947,pixel_reliability=0 AND MODLAND_QA(bits0-1)=0 AND VI range -2000..10000,MOD13Q1 V061 Terra 250m 16-day
SO2801,Kismaayo,SO28,Lower Juba,2022-12-03,0.587436231884058,0.61995,0.3749411594202899,0.39495,0.061645671401768964,690,0.346555883141249,0.31019387116948094,pixel_reliability=0 AND MODLAND_QA(bits0-1)=0 AND VI range -2000..10000,MOD13Q1 V061 Terra 250m 16-day
SO2801,Kismaayo,SO28,Lower Juba,2022-12-19,0.5374328144203195,0.5750000000000001,0.3125052437525605,0.33240000000000003,0.6542481908335567,7323,0.15867059769498795,0.013669257571696597,pixel_reliability=0 AND MODLAND_QA(bits0-1)=0 AND VI range -2000..10000,MOD13Q1 V061 Terra 250m 16-day
SO2802,Afmadow,SO28,Lower Juba,2022-01-01,0.4308891621203485,0.4076,0.2751683494829411,0.2686,0.7888871045447245,24562,0.0971896579412237,0.0002248273647021,pixel_reliability=0 AND MODLAND_QA(bits0-1)=0 AND VI range -2000..10000,MOD13Q1 V061 Terra 250m 16-day
SO2802,Afmadow,SO28,Lower Juba,2022-01-17,0.3582155912875836,0.3347,0.2400529184954264,0.2248,0.7830094748675125,24379,0.0599325517905893,0.000802954873936,pixel_reliability=0 AND MODLAND_QA(bits0-1)=0 AND VI range -2000..10000,MOD13Q1 V061 Terra 250m 16-day
SO2802,Afmadow,SO28,Lower Juba,2022-02-02,0.3069656565656566,0.2813,0.2023189558419443,0.1925,0.8299020395053798,25839,0.0251164284567207,0.0002248273647021,pixel_reliability=0 AND MODLAND_QA(bits0-1)=0 AND VI range -2000..10000,MOD13Q1 V061 Terra 250m 16-day
SO2802,Afmadow,SO28,Lower Juba,2022-02-18,0.2645890204202427,0.2498,0.1851165222170549,0.1784,0.7596916653284086,23653,0.0812590332423317,0.002248273647021,pixel_reliability=0 AND MODLAND_QA(bits0-1)=0 AND VI range -2000..10000,MOD13Q1 V061 Terra 250m 16-day
SO2802,Afmadow,SO28,Lower Juba,2022-03-06,0.2620490309418565,0.2435,0.170729528882844,0.1638,0.8501365023285692,26469,0.0175044162518066,0.0012204914083828,pixel_reliability=0 AND MODLAND_QA(bits0-1)=0 AND VI range -2000..10000,MOD13Q1 V061 Terra 250m 16-day
SO2802,Afmadow,SO28,Lower Juba,2022-03-22,0.2374687164932198,0.2318,0.1439952380952381,0.1389,0.1018467962100529,3171,0.6026979283764252,0.1170708206198811,pixel_reliability=0 AND MODLAND_QA(bits0-1)=0 AND VI range -2000..10000,MOD13Q1 V061 Terra 250m 16-day
SO2802,Afmadow,SO28,Lower Juba,2022-04-07,0.2688640596745027,0.247,0.1732469258589511,0.15975,0.1420908944917295,4424,0.3309458808414967,0.2232856913441464,pixel_reliability=0 AND MODLAND_QA(bits0-1)=0 AND VI range -2000..10000,MOD13Q1 V061 Terra 250m 16-day
SO2802,Afmadow,SO28,Lower Juba,2022-04-23,0.3645575,0.33735,0.2485175,0.2438,0.0025694555965954,80,0.2380921792195278,0.4613136341737594,pixel_reliability=0 AND MODLAND_QA(bits0-1)=0 AND VI range -2000..10000,MOD13Q1 V061 Terra 250m 16-day
SO2802,Afmadow,SO28,Lower Juba,2022-05-09,0.4184522388059702,0.38655,0.2825283582089552,0.275,0.0086076762485948,268,0.4589368877469086,0.2380600610245704,pixel_reliability=0 AND MODLAND_QA(bits0-1)=0 AND VI range -2000..10000,MOD13Q1 V061 Terra 250m 16-day
SO2802,Afmadow,SO28,Lower Juba,2022-05-25,0.3384930107526882,0.32725,0.2335322580645161,0.2272,0.0059739842620844,186,0.2868475991649269,0.431732776617954,pixel_reliability=0 AND MODLAND_QA(bits0-1)=0 AND VI range -2000..10000,MOD13Q1 V061 Terra 250m 16-day
SO2802,Afmadow,SO28,Lower Juba,2022-06-10,0.392377519379845,0.33425,0.2548670542635659,0.2326,0.0082864942990203,258,0.3445318773084952,0.3197366308013489,pixel_reliability=0 AND MODLAND_QA(bits0-1)=0 AND VI range -2000..10000,MOD13Q1 V061 Terra 250m 16-day
SO2802,Afmadow,SO28,Lower Juba,2022-06-26,0.2722830319888734,0.2725,0.1692118219749652,0.1689,0.0230929821744018,719,0.3002087682672233,0.3985225630319576,pixel_reliability=0 AND MODLAND_QA(bits0-1)=0 AND VI range -2000..10000,MOD13Q1 V061 Terra 250m 16-day
SO2802,Afmadow,SO28,Lower Juba,2022-07-12,0.2601026461608051,0.249,0.1656200045233518,0.1617,0.2840211980086719,8843,0.2915689738236711,0.1593062469889192,pixel_reliability=0 AND MODLAND_QA(bits0-1)=0 AND VI range -2000..10000,MOD13Q1 V061 Terra 250m 16-day
SO2802,Afmadow,SO28,Lower Juba,2022-07-28,0.2522601262748907,0.2404,0.1617252792617775,0.15605,0.1322627268347518,4118,0.3051228520957122,0.2378673518548257,pixel_reliability=0 AND MODLAND_QA(bits0-1)=0 AND VI range -2000..10000,MOD13Q1 V061 Terra 250m 16-day
SO2802,Afmadow,SO28,Lower Juba,2022-08-13,0.2266438918918918,0.2265,0.1473073783783783,0.1466,0.1188373213425405,3700,0.2971896579412237,0.2608639794443552,pixel_reliability=0 AND MODLAND_QA(bits0-1)=0 AND VI range -2000..10000,MOD13Q1 V061 Terra 250m 16-day
SO2802,Afmadow,SO28,Lower Juba,2022-08-29,0.22519687260168844,0.21775,0.1584547966231773,0.1563,0.16740003211819496,5212,0.34771157860928215,0.14228360366147422,pixel_reliability=0 AND MODLAND_QA(bits0-1)=0 AND VI range -2000..10000,MOD13Q1 V061 Terra 250m 16-day
SO2802,Afmadow,SO28,Lower Juba,2022-09-14,0.22991819577735123,0.22660000000000002,0.16177435700575815,0.1597,0.08366789786414004,2605,0.25970772442588724,0.38724907660189495,pixel_reliability=0 AND MODLAND_QA(bits0-1)=0 AND VI range -2000..10000,MOD13Q1 V061 Terra 250m 16-day
SO2802,Afmadow,SO28,Lower Juba,2022-09-30,0.2678402264894141,0.2654,0.1953952732644018,0.1962,0.06523205395856753,2031,0.3253573149189016,0.30281034205877627,pixel_reliability=0 AND MODLAND_QA(bits0-1)=0 AND VI range -2000..10000,MOD13Q1 V061 Terra 250m 16-day
SO2802,Afmadow,SO28,Lower Juba,2022-10-16,0.2440318181818182,0.24845,0.1689409090909091,0.16915000000000002,0.0007066002890637546,22,0.024506182752529308,0.9198651035811788,pixel_reliability=0 AND MODLAND_QA(bits0-1)=0 AND VI range -2000..10000,MOD13Q1 V061 Terra 250m 16-day
SO2802,Afmadow,SO28,Lower Juba,2022-11-01,0.42480538720538724,0.40280000000000005,0.29266487093153765,0.28190000000000004,0.028617311707082062,891,0.29953428617311706,0.3860607033884696,pixel_reliability=0 AND MODLAND_QA(bits0-1)=0 AND VI range -2000..10000,MOD13Q1 V061 Terra 250m 16-day
SO2802,Afmadow,SO28,Lower Juba,2022-11-17,0.4128875000000001,0.37760000000000005,0.29034583333333336,0.2813,0.0007708366789786414,24,0.25546812269150476,0.4571382688292918,pixel_reliability=0 AND MODLAND_QA(bits0-1)=0 AND VI range -2000..10000,MOD13Q1 V061 Terra 250m 16-day
SO2802,Afmadow,SO28,Lower Juba,2022-12-03,0.396486249232658,0.38480000000000003,0.24910822590546347,0.2376,0.052320539585675285,1629,0.40035330014453185,0.20115625501846796,pixel_reliability=0 AND MODLAND_QA(bits0-1)=0 AND VI range -2000..10000,MOD13Q1 V061 Terra 250m 16-day
SO2802,Afmadow,SO28,Lower Juba,2022-12-19,0.3994634049888461,0.3694,0.2544570168322856,0.24765,0.9502489160109202,29586,0.008479203468765056,0.0003211819495744339,pixel_reliability=0 AND MODLAND_QA(bits0-1)=0 AND VI range -2000..10000,MOD13Q1 V061 Terra 250m 16-day
SO2803,Badhaadhe,SO28,Lower Juba,2022-01-01,0.6158623468057368,0.6285000000000001,0.3726359582790091,0.3816,0.3310886644219977,3835,0.397392730726064,0.0077700077700077,pixel_reliability=0 AND MODLAND_QA(bits0-1)=0 AND VI range -2000..10000,MOD13Q1 V061 Terra 250m 16-day
SO2803,Badhaadhe,SO28,Lower Juba,2022-01-17,0.5657355860612461,0.5695,0.345527047820184,0.3433,0.5723042389709057,6629,0.1503928170594837,0.0133816800483467,pixel_reliability=0 AND MODLAND_QA(bits0-1)=0 AND VI range -2000..10000,MOD13Q1 V061 Terra 250m 16-day
SO2803,Badhaadhe,SO28,Lower Juba,2022-02-02,0.5051619675735092,0.5104000000000001,0.2946812173674086,0.302,0.6283346283346284,7278,0.0575843909177242,0.0038850038850038,pixel_reliability=0 AND MODLAND_QA(bits0-1)=0 AND VI range -2000..10000,MOD13Q1 V061 Terra 250m 16-day
SO2803,Badhaadhe,SO28,Lower Juba,2022-02-18,0.4568182629259379,0.4608,0.2793085241320004,0.2825,0.8031598031598032,9303,0.0801174134507467,0.0102736769403436,pixel_reliability=0 AND MODLAND_QA(bits0-1)=0 AND VI range -2000..10000,MOD13Q1 V061 Terra 250m 16-day
SO2803,Badhaadhe,SO28,Lower Juba,2022-03-06,0.3872698630136986,0.3865,0.2293104607721046,0.2294,0.2773029439696106,3212,0.2864542864542864,0.1140464473797807,pixel_reliability=0 AND MODLAND_QA(bits0-1)=0 AND VI range -2000..10000,MOD13Q1 V061 Terra 250m 16-day
SO2803,Badhaadhe,SO28,Lower Juba,2022-03-22,0.349254358974359,0.339,0.2382984615384615,0.2171,0.0168350168350168,195,0.6209099542432875,0.0978157644824311,pixel_reliability=0 AND MODLAND_QA(bits0-1)=0 AND VI range -2000..10000,MOD13Q1 V061 Terra 250m 16-day
SO2803,Badhaadhe,SO28,Lower Juba,2022-04-07,0.3723965753424658,0.37605,0.2280794520547945,0.2319,0.0126046792713459,146,0.4717258050591384,0.1857895191228524,pixel_reliability=0 AND MODLAND_QA(bits0-1)=0 AND VI range -2000..10000,MOD13Q1 V061 Terra 250m 16-day
SO2803,Badhaadhe,SO28,Lower Juba,2022-04-23,0.4740784037558685,0.4737,0.3021314553990611,0.2954,0.0183890183890183,213,0.4175084175084175,0.2113442113442113,pixel_reliability=0 AND MODLAND_QA(bits0-1)=0 AND VI range -2000..10000,MOD13Q1 V061 Terra 250m 16-day
SO2803,Badhaadhe,SO28,Lower Juba,2022-05-09,0.60402,0.6228,0.3835658333333333,0.3846,0.0207200207200207,240,0.6190969524302857,0.0862470862470862,pixel_reliability=0 AND MODLAND_QA(bits0-1)=0 AND VI range -2000..10000,MOD13Q1 V061 Terra 250m 16-day
SO2803,Badhaadhe,SO28,Lower Juba,2022-05-25,0.6219218592964825,0.6281,0.414421608040201,0.4175,0.0343607010273676,398,0.5369938703272037,0.1341621341621341,pixel_reliability=0 AND MODLAND_QA(bits0-1)=0 AND VI range -2000..10000,MOD13Q1 V061 Terra 250m 16-day
SO2803,Badhaadhe,SO28,Lower Juba,2022-06-10,0.6691135593220339,0.7345,0.4441587570621469,0.4948,0.0152810152810152,177,0.4986618319951653,0.194681861348528,pixel_reliability=0 AND MODLAND_QA(bits0-1)=0 AND VI range -2000..10000,MOD13Q1 V061 Terra 250m 16-day
SO2803,Badhaadhe,SO28,Lower Juba,2022-06-26,0.7663973614775726,0.7834,0.561030870712401,0.5692,0.0327203660536993,379,0.4308900975567642,0.2204955538288871,pixel_reliability=0 AND MODLAND_QA(bits0-1)=0 AND VI range -2000..10000,MOD13Q1 V061 Terra 250m 16-day
SO2803,Badhaadhe,SO28,Lower Juba,2022-07-12,0.4905655601659752,0.42735,0.2927865145228215,0.2375,0.0416127082793749,482,0.5958732625399292,0.0725200725200725,pixel_reliability=0 AND MODLAND_QA(bits0-1)=0 AND VI range -2000..10000,MOD13Q1 V061 Terra 250m 16-day
SO2803,Badhaadhe,SO28,Lower Juba,2022-07-28,0.6041774647887325,0.59875,0.3811119718309859,0.37785,0.0122593455926789,142,0.4428904428904429,0.216006216006216,pixel_reliability=0 AND MODLAND_QA(bits0-1)=0 AND VI range -2000..10000,MOD13Q1 V061 Terra 250m 16-day
SO2803,Badhaadhe,SO28,Lower Juba,2022-08-13,0.4846142857142859,0.4878,0.2986077922077922,0.2978,0.0066476733143399,77,0.4661141327807994,0.2099628766295433,pixel_reliability=0 AND MODLAND_QA(bits0-1)=0 AND VI range -2000..10000,MOD13Q1 V061 Terra 250m 16-day
SO2803,Badhaadhe,SO28,Lower Juba,2022-08-29,0.43499587155963304,0.44495,0.28500871559633034,0.2867,0.018820685487352155,218,0.4039540706207373,0.24829491496158163,pixel_reliability=0 AND MODLAND_QA(bits0-1)=0 AND VI range -2000..10000,MOD13Q1 V061 Terra 250m 16-day
SO2803,Badhaadhe,SO28,Lower Juba,2022-09-14,0.3518885271317829,0.36050000000000004,0.2165651162790698,0.21350000000000002,0.05568505568505568,645,0.5083311749978416,0.12017612017612017,pixel_reliability=0 AND MODLAND_QA(bits0-1)=0 AND VI range -2000..10000,MOD13Q1 V061 Terra 250m 16-day
SO2803,Badhaadhe,SO28,Lower Juba,2022-09-30,0.33844911799294397,0.3124,0.23694304194433558,0.22260000000000002,0.22023655356988692,2551,0.4104290770957438,0.031598031598031595,pixel_reliability=0 AND MODLAND_QA(bits0-1)=0 AND VI range -2000..10000,MOD13Q1 V061 Terra 250m 16-day
SO2803,Badhaadhe,SO28,Lower Juba,2022-10-16,0.296505,0.31320000000000003,0.1770583333333334,0.1854,0.00518000518000518,60,0.11888111888111888,0.6895450228783562,pixel_reliability=0 AND MODLAND_QA(bits0-1)=0 AND VI range -2000..10000,MOD13Q1 V061 Terra 250m 16-day
SO2803,Badhaadhe,SO28,Lower Juba,2022-11-01,0.37973823529411765,0.33645,0.2369029411764706,0.21295000000000003,0.005870672537339204,68,0.22032288698955366,0.46110679444012775,pixel_reliability=0 AND MODLAND_QA(bits0-1)=0 AND VI range -2000..10000,MOD13Q1 V061 Terra 250m 16-day
SO2803,Badhaadhe,SO28,Lower Juba,2022-11-17,0.37204358600583093,0.35950000000000004,0.21018731778425653,0.20125,0.059224725891392556,686,0.41008374341707676,0.19943019943019943,pixel_reliability=0 AND MODLAND_QA(bits0-1)=0 AND VI range -2000..10000,MOD13Q1 V061 Terra 250m 16-day
SO2803,Badhaadhe,SO28,Lower Juba,2022-12-03,0.5709279614901633,0.5871000000000001,0.38485818334030975,0.40750000000000003,0.2062505395838729,2389,0.4337391004057671,0.0374687041353708,pixel_reliability=0 AND MODLAND_QA(bits0-1)=0 AND VI range -2000..10000,MOD13Q1 V061 Terra 250m 16-day
SO2803,Badhaadhe,SO28,Lower Juba,2022-12-19,0.5647405532230181,0.5801000000000001,0.3371360212398123,0.3468,0.6991280324613658,8098,0.14633514633514633,0.009928343261676595,pixel_reliability=0 AND MODLAND_QA(bits0-1)=0 AND VI range -2000..10000,MOD13Q1 V061 Terra 250m 16-day
SO2804,Jamaame,SO28,Lower Juba,2022-01-01,0.3294108843537415,0.3068,0.2009384839650146,0.1925,0.4033712269698157,1029,0.2379459035672285,0.0078400627205017,pixel_reliability=0 AND MODLAND_QA(bits0-1)=0 AND VI range -2000..10000,MOD13Q1 V061 Terra 250m 16-day
SO2804,Jamaame,SO28,Lower Juba,2022-01-17,0.3076491935483871,0.3011,0.1886133064516129,0.1841,0.0972167777342218,248,0.6954135633085065,0.0168561348490787,pixel_reliability=0 AND MODLAND_QA(bits0-1)=0 AND VI range -2000..10000,MOD13Q1 V061 Terra 250m 16-day
SO2804,Jamaame,SO28,Lower Juba,2022-02-02,0.2903461485557084,0.27155,0.1820127922971114,0.1714,0.5699725597804782,1454,0.0701685613484907,0.0043120344962759,pixel_reliability=0 AND MODLAND_QA(bits0-1)=0 AND VI range -2000..10000,MOD13Q1 V061 Terra 250m 16-day
SO2804,Jamaame,SO28,Lower Juba,2022-02-18,0.2680489032258065,0.2589,0.1719904516129032,0.1669,0.3038024304194434,775,0.3508428067424539,0.0164641317130537,pixel_reliability=0 AND MODLAND_QA(bits0-1)=0 AND VI range -2000..10000,MOD13Q1 V061 Terra 250m 16-day
SO2804,Jamaame,SO28,Lower Juba,2022-03-06,0.2877253521126761,0.2771,0.1716487540628385,0.1657,0.3618188945511564,923,0.2438259506076048,0.0231281850254802,pixel_reliability=0 AND MODLAND_QA(bits0-1)=0 AND VI range -2000..10000,MOD13Q1 V061 Terra 250m 16-day
SO2804,Jamaame,SO28,Lower Juba,2022-03-22,0.2086556485355648,0.2092,0.1352075313807531,0.1423,0.093688749509996,239,0.5299882399059193,0.107016856134849,pixel_reliability=0 AND MODLAND_QA(bits0-1)=0 AND VI range -2000..10000,MOD13Q1 V061 Terra 250m 16-day
SO2804,Jamaame,SO28,Lower Juba,2022-04-07,0.2192573529411765,0.22325,0.1390367647058823,0.14395,0.0533124264994119,136,0.4194433555468443,0.1442571540572324,pixel_reliability=0 AND MODLAND_QA(bits0-1)=0 AND VI range -2000..10000,MOD13Q1 V061 Terra 250m 16-day
SO2804,Jamaame,SO28,Lower Juba,2022-04-23,0.2263957446808511,0.2149,0.1417191489361702,0.1341,0.0184241473931791,47,0.195609564876519,0.5037240297922383,pixel_reliability=0 AND MODLAND_QA(bits0-1)=0 AND VI range -2000..10000,MOD13Q1 V061 Terra 250m 16-day
SO2804,Jamaame,SO28,Lower Juba,2022-05-09,0.3791730158730158,0.3826,0.2496690476190476,0.2587,0.0493923951391611,126,0.3633869070952568,0.2512740101920815,pixel_reliability=0 AND MODLAND_QA(bits0-1)=0 AND VI range -2000..10000,MOD13Q1 V061 Terra 250m 16-day
SO2804,Jamaame,SO28,Lower Juba,2022-05-25,0.2975086956521739,0.3062,0.1940173913043478,0.2027,0.027048216385731,69,0.2783222265778126,0.364562916503332,pixel_reliability=0 AND MODLAND_QA(bits0-1)=0 AND VI range -2000..10000,MOD13Q1 V061 Terra 250m 16-day
SO2804,Jamaame,SO28,Lower Juba,2022-06-10,0.2644125,0.31655,0.17415,0.21185,0.0156801254410035,40,0.6542532340258722,0.1281850254802038,pixel_reliability=0 AND MODLAND_QA(bits0-1)=0 AND VI range -2000..10000,MOD13Q1 V061 Terra 250m 16-day
SO2804,Jamaame,SO28,Lower Juba,2022-06-26,0.3380369863013698,0.3471,0.2352123287671233,0.2436,0.0286162289298314,73,0.226969815758526,0.4116032928263426,pixel_reliability=0 AND MODLAND_QA(bits0-1)=0 AND VI range -2000..10000,MOD13Q1 V061 Terra 250m 16-day
SO2804,Jamaame,SO28,Lower Juba,2022-07-12,0.406763768115942,0.4651,0.2791666666666667,0.3224,0.027048216385731,69,0.3430027440219522,0.2830262642101137,pixel_reliability=0 AND MODLAND_QA(bits0-1)=0 AND VI range -2000..10000,MOD13Q1 V061 Terra 250m 16-day
SO2804,Jamaame,SO28,Lower Juba,2022-07-28,0.4536108843537415,0.4545,0.2827312925170068,0.2914,0.0576244609956879,147,0.4033712269698157,0.1434731477851822,pixel_reliability=0 AND MODLAND_QA(bits0-1)=0 AND VI range -2000..10000,MOD13Q1 V061 Terra 250m 16-day
SO2804,Jamaame,SO28,Lower Juba,2022-08-13,0.3548363636363636,0.33735,0.2205954545454545,0.2135,0.0172481379851038,44,0.3237945903567228,0.2857702861622893,pixel_reliability=0 AND MODLAND_QA(bits0-1)=0 AND VI range -2000..10000,MOD13Q1 V061 Terra 250m 16-day
SO2804,Jamaame,SO28,Lower Juba,2022-08-29,0.3405577648766328,0.3402,0.21419056603773587,0.2165,0.2700901607212858,689,0.25676205409643277,0.027048216385731086,pixel_reliability=0 AND MODLAND_QA(bits0-1)=0 AND VI range -2000..10000,MOD13Q1 V061 Terra 250m 16-day
SO2804,Jamaame,SO28,Lower Juba,2022-09-14,0.2748976923076923,0.28685000000000005,0.1667825,0.17305,0.20384163073304587,520,0.4025872206977656,0.06350450803606429,pixel_reliability=0 AND MODLAND_QA(bits0-1)=0 AND VI range -2000..10000,MOD13Q1 V061 Terra 250m 16-day
SO2804,Jamaame,SO28,Lower Juba,2022-09-30,0.23897500000000002,0.24065000000000003,0.15558175675675676,0.1599,0.058016464131713054,148,0.4586436691493532,0.16699333594668758,pixel_reliability=0 AND MODLAND_QA(bits0-1)=0 AND VI range -2000..10000,MOD13Q1 V061 Terra 250m 16-day
SO2804,Jamaame,SO28,Lower Juba,2022-10-16,0.1570666666666667,0.1625,0.10930833333333334,0.12175000000000001,0.009408075264602116,24,0.041944335554684437,0.8063504508036065,pixel_reliability=0 AND MODLAND_QA(bits0-1)=0 AND VI range -2000..10000,MOD13Q1 V061 Terra 250m 16-day
SO2804,Jamaame,SO28,Lower Juba,2022-11-01,0.25661437125748504,0.2771,0.1671868263473054,0.1762,0.06546452371618973,167,0.4421795374362995,0.1528812230497844,pixel_reliability=0 AND MODLAND_QA(bits0-1)=0 AND VI range -2000..10000,MOD13Q1 V061 Terra 250m 16-day
SO2804,Jamaame,SO28,Lower Juba,2022-11-17,0.20758046875000002,0.21900000000000003,0.13719140625000004,0.14405,0.05017640141121129,128,0.29047432379459037,0.33947471579772637,pixel_reliability=0 AND MODLAND_QA(bits0-1)=0 AND VI range -2000..10000,MOD13Q1 V061 Terra 250m 16-day
SO2804,Jamaame,SO28,Lower Juba,2022-12-03,0.3465381188118812,0.3216,0.22704950495049508,0.20365,0.07918463347706782,202,0.25793806350450804,0.28733829870638966,pixel_reliability=0 AND MODLAND_QA(bits0-1)=0 AND VI range -2000..10000,MOD13Q1 V061 Terra 250m 16-day
SO2804,Jamaame,SO28,Lower Juba,2022-12-19,0.397161652892562,0.37270000000000003,0.23346999999999998,0.21975,0.47432379459035673,1210,0.19364954919639357,0.00901607212857703,pixel_reliability=0 AND MODLAND_QA(bits0-1)=0 AND VI range -2000..10000,MOD13Q1 V061 Terra 250m 16-day
Unspecified,Unspecified,SO22,Banadir,2022-01-01,0.2253197183098591,0.2262,0.1702676056338028,0.1706,0.4226190476190476,71,0.0773809523809523,0.0416666666666666,pixel_reliability=0 AND MODLAND_QA(bits0-1)=0 AND VI range -2000..10000,MOD13Q1 V061 Terra 250m 16-day
Unspecified,Unspecified,SO22,Banadir,2022-01-17,0.2005413793103448,0.204,0.1665896551724138,0.1669,0.1726190476190476,29,0.2261904761904762,0.0595238095238095,pixel_reliability=0 AND MODLAND_QA(bits0-1)=0 AND VI range -2000..10000,MOD13Q1 V061 Terra 250m 16-day
Unspecified,Unspecified,SO22,Banadir,2022-02-02,0.1989,0.1996,0.1519850746268656,0.1525,0.3988095238095238,67,0.1130952380952381,0.0535714285714285,pixel_reliability=0 AND MODLAND_QA(bits0-1)=0 AND VI range -2000..10000,MOD13Q1 V061 Terra 250m 16-day
Unspecified,Unspecified,SO22,Banadir,2022-02-18,0.1880377049180327,0.189,0.147355737704918,0.1474,0.3630952380952381,61,0.238095238095238,0.0476190476190476,pixel_reliability=0 AND MODLAND_QA(bits0-1)=0 AND VI range -2000..10000,MOD13Q1 V061 Terra 250m 16-day
Unspecified,Unspecified,SO22,Banadir,2022-03-06,0.1877573529411764,0.1857,0.1470014705882353,0.14605,0.4047619047619047,68,0.1547619047619047,0.0892857142857142,pixel_reliability=0 AND MODLAND_QA(bits0-1)=0 AND VI range -2000..10000,MOD13Q1 V061 Terra 250m 16-day
Unspecified,Unspecified,SO22,Banadir,2022-03-22,0.1911953125,0.1943,0.1522859375,0.15275,0.3809523809523809,64,0.1130952380952381,0.0357142857142857,pixel_reliability=0 AND MODLAND_QA(bits0-1)=0 AND VI range -2000..10000,MOD13Q1 V061 Terra 250m 16-day
Unspecified,Unspecified,SO22,Banadir,2022-04-07,0.1893258620689655,0.18995,0.148301724137931,0.14715,0.3452380952380952,58,0.0952380952380952,0.0357142857142857,pixel_reliability=0 AND MODLAND_QA(bits0-1)=0 AND VI range -2000..10000,MOD13Q1 V061 Terra 250m 16-day
Unspecified,Unspecified,SO22,Banadir,2022-04-23,0.2046875,0.1991,0.154325,0.1501,0.0952380952380952,16,0.1845238095238095,0.2857142857142857,pixel_reliability=0 AND MODLAND_QA(bits0-1)=0 AND VI range -2000..10000,MOD13Q1 V061 Terra 250m 16-day
Unspecified,Unspecified,SO22,Banadir,2022-05-09,0.1669,0.1669,0.1487,0.1487,0.0059523809523809,1,0.1130952380952381,0.6607142857142857,pixel_reliability=0 AND MODLAND_QA(bits0-1)=0 AND VI range -2000..10000,MOD13Q1 V061 Terra 250m 16-day
Unspecified,Unspecified,SO22,Banadir,2022-05-25,0.23356,0.2311,0.18548,0.1811,0.0297619047619047,5,0.1428571428571428,0.5773809523809523,pixel_reliability=0 AND MODLAND_QA(bits0-1)=0 AND VI range -2000..10000,MOD13Q1 V061 Terra 250m 16-day
Unspecified,Unspecified,SO22,Banadir,2022-06-10,0.2270111111111111,0.2266,0.1802666666666667,0.1777,0.0535714285714285,9,0.3154761904761904,0.1904761904761904,pixel_reliability=0 AND MODLAND_QA(bits0-1)=0 AND VI range -2000..10000,MOD13Q1 V061 Terra 250m 16-day
Unspecified,Unspecified,SO22,Banadir,2022-06-26,,,,,0.0,0,0.0416666666666666,0.8273809523809523,pixel_reliability=0 AND MODLAND_QA(bits0-1)=0 AND VI range -2000..10000,MOD13Q1 V061 Terra 250m 16-day
Unspecified,Unspecified,SO22,Banadir,2022-07-12,0.2975,0.2975,0.2312,0.2312,0.0119047619047619,2,0.0059523809523809,0.9107142857142856,pixel_reliability=0 AND MODLAND_QA(bits0-1)=0 AND VI range -2000..10000,MOD13Q1 V061 Terra 250m 16-day
Unspecified,Unspecified,SO22,Banadir,2022-07-28,0.2796571428571429,0.2732,0.2086428571428571,0.2042,0.0416666666666666,7,0.2678571428571428,0.369047619047619,pixel_reliability=0 AND MODLAND_QA(bits0-1)=0 AND VI range -2000..10000,MOD13Q1 V061 Terra 250m 16-day
Unspecified,Unspecified,SO22,Banadir,2022-08-13,0.282,0.282,0.2388,0.2388,0.0059523809523809,1,0.0595238095238095,0.8035714285714286,pixel_reliability=0 AND MODLAND_QA(bits0-1)=0 AND VI range -2000..10000,MOD13Q1 V061 Terra 250m 16-day
Unspecified,Unspecified,SO22,Banadir,2022-08-29,0.2954094339622642,0.2942,0.22612830188679242,0.2265,0.31547619047619047,53,0.20238095238095238,0.06547619047619048,pixel_reliability=0 AND MODLAND_QA(bits0-1)=0 AND VI range -2000..10000,MOD13Q1 V061 Terra 250m 16-day
Unspecified,Unspecified,SO22,Banadir,2022-09-14,0.25915,0.2622,0.1951470588235294,0.19655,0.20238095238095238,34,0.2261904761904762,0.10714285714285714,pixel_reliability=0 AND MODLAND_QA(bits0-1)=0 AND VI range -2000..10000,MOD13Q1 V061 Terra 250m 16-day
Unspecified,Unspecified,SO22,Banadir,2022-09-30,0.25571666666666665,0.2585,0.19585000000000005,0.19755,0.03571428571428571,6,0.21428571428571427,0.38095238095238093,pixel_reliability=0 AND MODLAND_QA(bits0-1)=0 AND VI range -2000..10000,MOD13Q1 V061 Terra 250m 16-day
Unspecified,Unspecified,SO22,Banadir,2022-10-16,0.21107692307692313,0.2177,0.16485384615384616,0.1653,0.07738095238095238,13,0.3392857142857143,0.25,pixel_reliability=0 AND MODLAND_QA(bits0-1)=0 AND VI range -2000..10000,MOD13Q1 V061 Terra 250m 16-day
Unspecified,Unspecified,SO22,Banadir,2022-11-01,0.21878000000000003,0.21875,0.16794,0.164,0.05952380952380952,10,0.15476190476190477,0.47023809523809523,pixel_reliability=0 AND MODLAND_QA(bits0-1)=0 AND VI range -2000..10000,MOD13Q1 V061 Terra 250m 16-day
Unspecified,Unspecified,SO22,Banadir,2022-11-17,0.16085,0.16085,0.13895000000000002,0.13895000000000002,0.011904761904761904,2,0.10119047619047619,0.7202380952380952,pixel_reliability=0 AND MODLAND_QA(bits0-1)=0 AND VI range -2000..10000,MOD13Q1 V061 Terra 250m 16-day
Unspecified,Unspecified,SO22,Banadir,2022-12-03,0.20553500000000002,0.20495000000000002,0.153165,0.15185,0.11904761904761904,20,0.22023809523809523,0.2976190476190476,pixel_reliability=0 AND MODLAND_QA(bits0-1)=0 AND VI range -2000..10000,MOD13Q1 V061 Terra 250m 16-day
Unspecified,Unspecified,SO22,Banadir,2022-12-19,0.19368235294117647,0.2049,0.15506470588235297,0.1603,0.10119047619047619,17,0.2619047619047619,0.1130952380952381,pixel_reliability=0 AND MODLAND_QA(bits0-1)=0 AND VI range -2000..10000,MOD13Q1 V061 Terra 250m 16-day
