district_id,district_name,region_id,region_name,date,ndvi_mean,ndvi_median,evi_mean,evi_median,valid_pixel_fraction,good_pixel_count,marginal_pixel_fraction,cloudy_pixel_fraction,qa_rule,source_version
SO1101,Borama,SO11,Awdal,2021-01-01,0.21838224376731305,0.2038,0.1395667590027701,0.1316,0.9868780754510662,3610,0.0010934937124111536,0.0,pixel_reliability=0 AND MODLAND_QA(bits0-1)=0 AND VI range -2000..10000,MOD13Q1 V061 Terra 250m 16-day
SO1101,Borama,SO11,Awdal,2021-01-17,0.2059346703296703,0.1913,0.1293332417582417,0.1242,0.9950792782941498,3640,0.0005467468562055,0.0,pixel_reliability=0 AND MODLAND_QA(bits0-1)=0 AND VI range -2000..10000,MOD13Q1 V061 Terra 250m 16-day
SO1101,Borama,SO11,Awdal,2021-02-02,0.1947118553811659,0.1844,0.1316406670403587,0.1255,0.9753963914707492,3568,0.0005467468562055,0.0,pixel_reliability=0 AND MODLAND_QA(bits0-1)=0 AND VI range -2000..10000,MOD13Q1 V061 Terra 250m 16-day
SO1101,Borama,SO11,Awdal,2021-02-18,0.1800028250137137,0.17185,0.1205289632473944,0.1178,0.9967195188627666,3646,0.0,0.0,pixel_reliability=0 AND MODLAND_QA(bits0-1)=0 AND VI range -2000..10000,MOD13Q1 V061 Terra 250m 16-day
SO1101,Borama,SO11,Awdal,2021-03-06,0.1722906798245614,0.1665,0.1183796600877193,0.1172,0.997266265718972,3648,0.0,0.0,pixel_reliability=0 AND MODLAND_QA(bits0-1)=0 AND VI range -2000..10000,MOD13Q1 V061 Terra 250m 16-day
SO1101,Borama,SO11,Awdal,2021-03-22,0.1641698150224215,0.1605,0.1139848374439461,0.1138,0.9753963914707492,3568,0.0035538545653362,0.0,pixel_reliability=0 AND MODLAND_QA(bits0-1)=0 AND VI range -2000..10000,MOD13Q1 V061 Terra 250m 16-day
SO1101,Borama,SO11,Awdal,2021-04-07,0.1637860587583148,0.1593,0.1129343126385809,0.1131,0.9863313285948606,3608,0.0027337342810278,0.0,pixel_reliability=0 AND MODLAND_QA(bits0-1)=0 AND VI range -2000..10000,MOD13Q1 V061 Terra 250m 16-day
SO1101,Borama,SO11,Awdal,2021-04-23,0.1819952475247525,0.1716,0.1257768316831683,0.1241,0.1380535811919081,505,0.44313832695462,0.1180973209404046,pixel_reliability=0 AND MODLAND_QA(bits0-1)=0 AND VI range -2000..10000,MOD13Q1 V061 Terra 250m 16-day
SO1101,Borama,SO11,Awdal,2021-05-09,0.2798298333333333,0.2675,0.1956438333333333,0.1916,0.9841443411700382,3600,0.0021869874248223,0.0,pixel_reliability=0 AND MODLAND_QA(bits0-1)=0 AND VI range -2000..10000,MOD13Q1 V061 Terra 250m 16-day
SO1101,Borama,SO11,Awdal,2021-05-25,0.2651387199536635,0.2536,0.1870314219519258,0.1835,0.9439584472389284,3453,0.0112083105522143,0.0,pixel_reliability=0 AND MODLAND_QA(bits0-1)=0 AND VI range -2000..10000,MOD13Q1 V061 Terra 250m 16-day
SO1101,Borama,SO11,Awdal,2021-06-10,0.212889731621937,0.2158,0.1549732788798133,0.1557,0.2342810278840896,857,0.5013668671405139,0.0,pixel_reliability=0 AND MODLAND_QA(bits0-1)=0 AND VI range -2000..10000,MOD13Q1 V061 Terra 250m 16-day
SO1101,Borama,SO11,Awdal,2021-06-26,0.2252115761935905,0.2181,0.1523051994767822,0.15205,0.8359759431383269,3058,0.0442864953526517,0.0,pixel_reliability=0 AND MODLAND_QA(bits0-1)=0 AND VI range -2000..10000,MOD13Q1 V061 Terra 250m 16-day
SO1101,Borama,SO11,Awdal,2021-07-12,0.2126268992248062,0.2097,0.1536272868217054,0.1538,0.7053034445051941,2580,0.0833788955713504,0.0021869874248223,pixel_reliability=0 AND MODLAND_QA(bits0-1)=0 AND VI range -2000..10000,MOD13Q1 V061 Terra 250m 16-day
SO1101,Borama,SO11,Awdal,2021-07-28,0.266450120870266,0.265,0.1835068493150685,0.1851,0.6785128485511208,2482,0.1131765992345544,0.0,pixel_reliability=0 AND MODLAND_QA(bits0-1)=0 AND VI range -2000..10000,MOD13Q1 V061 Terra 250m 16-day
SO1101,Borama,SO11,Awdal,2021-08-13,0.2773338409475465,0.2682,0.1888616751269035,0.1899,0.9693821760524876,3546,0.0043739748496446,0.0,pixel_reliability=0 AND MODLAND_QA(bits0-1)=0 AND VI range -2000..10000,MOD13Q1 V061 Terra 250m 16-day
SO1101,Borama,SO11,Awdal,2021-08-29,0.27330478454680535,0.26430000000000003,0.18059316493313524,0.17830000000000001,0.919901585565883,3365,0.013121924548933843,0.0,pixel_reliability=0 AND MODLAND_QA(bits0-1)=0 AND VI range -2000..10000,MOD13Q1 V061 Terra 250m 16-day
SO1101,Borama,SO11,Awdal,2021-09-14,0.2665509964412811,0.2664,0.18603046263345194,0.1847,0.7681793329688354,2810,0.057408419901585565,0.0,pixel_reliability=0 AND MODLAND_QA(bits0-1)=0 AND VI range -2000..10000,MOD13Q1 V061 Terra 250m 16-day
SO1101,Borama,SO11,Awdal,2021-09-30,0.2732114709110867,0.263,0.1843600439077936,0.1835,0.996172772006561,3644,0.0005467468562055,0.0,pixel_reliability=0 AND MODLAND_QA(bits0-1)=0 AND VI range -2000..10000,MOD13Q1 V061 Terra 250m 16-day
SO1101,Borama,SO11,Awdal,2021-10-16,0.2526300166759311,0.24115,0.1610849916620345,0.1582,0.9835975943138326,3598,0.0021869874248223,0.0,pixel_reliability=0 AND MODLAND_QA(bits0-1)=0 AND VI range -2000..10000,MOD13Q1 V061 Terra 250m 16-day
SO1101,Borama,SO11,Awdal,2021-11-01,0.2264608755506608,0.2178,0.1504968337004405,0.1496,0.9928922908693276,3632,0.0010934937124111,0.0,pixel_reliability=0 AND MODLAND_QA(bits0-1)=0 AND VI range -2000..10000,MOD13Q1 V061 Terra 250m 16-day
SO1101,Borama,SO11,Awdal,2021-11-17,0.2124461981883063,0.2057,0.1387637661268185,0.1384,0.9958993985784582,3643,0.0,0.0,pixel_reliability=0 AND MODLAND_QA(bits0-1)=0 AND VI range -2000..10000,MOD13Q1 V061 Terra 250m 16-day
SO1101,Borama,SO11,Awdal,2021-12-03,0.2065227747252747,0.1996,0.1313023901098901,0.1305,0.9950792782941498,3640,0.0,0.0,pixel_reliability=0 AND MODLAND_QA(bits0-1)=0 AND VI range -2000..10000,MOD13Q1 V061 Terra 250m 16-day
SO1101,Borama,SO11,Awdal,2021-12-19,0.1974401356698699,0.1911,0.1269824477105709,0.12705,0.9671951886276654,3538,0.0147621651175505,0.0,pixel_reliability=0 AND MODLAND_QA(bits0-1)=0 AND VI range -2000..10000,MOD13Q1 V061 Terra 250m 16-day
SO1102,Baki,SO11,Awdal,2021-01-01,0.1976904933814681,0.18380000000000002,0.12900370036101083,0.12265000000000001,0.8692468619246861,3324,0.034518828451882845,0.0002615062761506276,pixel_reliability=0 AND MODLAND_QA(bits0-1)=0 AND VI range -2000..10000,MOD13Q1 V061 Terra 250m 16-day
SO1102,Baki,SO11,Awdal,2021-01-17,0.1868897953615279,0.1734,0.1250962346521146,0.1188,0.9584205020920502,3665,0.00418410041841,0.0,pixel_reliability=0 AND MODLAND_QA(bits0-1)=0 AND VI range -2000..10000,MOD13Q1 V061 Terra 250m 16-day
SO1102,Baki,SO11,Awdal,2021-02-02,0.1722478211009174,0.1627,0.1205775516055046,0.1148,0.9121338912133892,3488,0.0031380753138075,0.0,pixel_reliability=0 AND MODLAND_QA(bits0-1)=0 AND VI range -2000..10000,MOD13Q1 V061 Terra 250m 16-day
SO1102,Baki,SO11,Awdal,2021-02-18,0.1704980422462648,0.1611,0.1134531169500257,0.1116,0.5075836820083682,1941,0.3585251046025104,0.0036610878661087,pixel_reliability=0 AND MODLAND_QA(bits0-1)=0 AND VI range -2000..10000,MOD13Q1 V061 Terra 250m 16-day
SO1102,Baki,SO11,Awdal,2021-03-06,0.1491359677419355,0.1433,0.1041425,0.1006,0.9728033472803348,3720,0.0005230125523012,0.0,pixel_reliability=0 AND MODLAND_QA(bits0-1)=0 AND VI range -2000..10000,MOD13Q1 V061 Terra 250m 16-day
SO1102,Baki,SO11,Awdal,2021-03-22,0.1400629058441558,0.1348,0.097820211038961,0.0947,0.9665271966527196,3696,0.0018305439330543,0.0,pixel_reliability=0 AND MODLAND_QA(bits0-1)=0 AND VI range -2000..10000,MOD13Q1 V061 Terra 250m 16-day
SO1102,Baki,SO11,Awdal,2021-04-07,0.1369902818791946,0.1314,0.0964688859060402,0.093,0.974110878661088,3725,0.0023535564853556,0.0,pixel_reliability=0 AND MODLAND_QA(bits0-1)=0 AND VI range -2000..10000,MOD13Q1 V061 Terra 250m 16-day
SO1102,Baki,SO11,Awdal,2021-04-23,0.1435349052017501,0.1317,0.0975595041322314,0.0929,0.537918410041841,2057,0.131276150627615,0.0355648535564853,pixel_reliability=0 AND MODLAND_QA(bits0-1)=0 AND VI range -2000..10000,MOD13Q1 V061 Terra 250m 16-day
SO1102,Baki,SO11,Awdal,2021-05-09,0.1999952751677852,0.1818,0.1399654228187919,0.1332,0.974110878661088,3725,0.0028765690376569,0.0002615062761506,pixel_reliability=0 AND MODLAND_QA(bits0-1)=0 AND VI range -2000..10000,MOD13Q1 V061 Terra 250m 16-day
SO1102,Baki,SO11,Awdal,2021-05-25,0.1878182124789207,0.1689,0.132931928049466,0.12495,0.930439330543933,3558,0.0094142259414225,0.0,pixel_reliability=0 AND MODLAND_QA(bits0-1)=0 AND VI range -2000..10000,MOD13Q1 V061 Terra 250m 16-day
SO1102,Baki,SO11,Awdal,2021-06-10,0.1231700501253132,0.11285,0.0938778195488721,0.086,0.4173640167364016,1596,0.3457112970711297,0.0005230125523012,pixel_reliability=0 AND MODLAND_QA(bits0-1)=0 AND VI range -2000..10000,MOD13Q1 V061 Terra 250m 16-day
SO1102,Baki,SO11,Awdal,2021-06-26,0.1464456328532025,0.1311,0.1052000306466442,0.0968,0.8532949790794979,3263,0.0405334728033472,0.0,pixel_reliability=0 AND MODLAND_QA(bits0-1)=0 AND VI range -2000..10000,MOD13Q1 V061 Terra 250m 16-day
SO1102,Baki,SO11,Awdal,2021-07-12,0.1489365846514352,0.1314,0.1047298476859988,0.09545,0.8927824267782427,3414,0.0274581589958159,0.0073221757322175,pixel_reliability=0 AND MODLAND_QA(bits0-1)=0 AND VI range -2000..10000,MOD13Q1 V061 Terra 250m 16-day
SO1102,Baki,SO11,Awdal,2021-07-28,0.1577550392893748,0.1361,0.1100234711308507,0.0975,0.765428870292887,2927,0.0685146443514644,0.0007845188284518,pixel_reliability=0 AND MODLAND_QA(bits0-1)=0 AND VI range -2000..10000,MOD13Q1 V061 Terra 250m 16-day
SO1102,Baki,SO11,Awdal,2021-08-13,0.1686040478130942,0.1456,0.1165914697093181,0.1061,0.9626046025104602,3681,0.0049686192468619,0.0,pixel_reliability=0 AND MODLAND_QA(bits0-1)=0 AND VI range -2000..10000,MOD13Q1 V061 Terra 250m 16-day
SO1102,Baki,SO11,Awdal,2021-08-29,0.15890454545454544,0.13615,0.11257002457002457,0.0995,0.8514644351464435,3256,0.036872384937238496,0.0002615062761506276,pixel_reliability=0 AND MODLAND_QA(bits0-1)=0 AND VI range -2000..10000,MOD13Q1 V061 Terra 250m 16-day
SO1102,Baki,SO11,Awdal,2021-09-14,0.16510315137872825,0.1355,0.11555101294316264,0.09910000000000001,0.9293933054393305,3554,0.015167364016736401,0.0002615062761506276,pixel_reliability=0 AND MODLAND_QA(bits0-1)=0 AND VI range -2000..10000,MOD13Q1 V061 Terra 250m 16-day
SO1102,Baki,SO11,Awdal,2021-09-30,0.1719354332953249,0.1389,0.1185984321550741,0.09985,0.9173640167364016,3508,0.0177824267782426,0.0,pixel_reliability=0 AND MODLAND_QA(bits0-1)=0 AND VI range -2000..10000,MOD13Q1 V061 Terra 250m 16-day
SO1102,Baki,SO11,Awdal,2021-10-16,0.16699409853817,0.13865,0.1113270979967515,0.0986,0.9660041841004184,3694,0.002092050209205,0.0,pixel_reliability=0 AND MODLAND_QA(bits0-1)=0 AND VI range -2000..10000,MOD13Q1 V061 Terra 250m 16-day
SO1102,Baki,SO11,Awdal,2021-11-01,0.1602566037735849,0.13935,0.1091552719200888,0.09935,0.942468619246862,3604,0.0081066945606694,0.0,pixel_reliability=0 AND MODLAND_QA(bits0-1)=0 AND VI range -2000..10000,MOD13Q1 V061 Terra 250m 16-day
SO1102,Baki,SO11,Awdal,2021-11-17,0.1522467373572593,0.133,0.1029650625339858,0.0949,0.9618200836820084,3678,0.0031380753138075,0.0,pixel_reliability=0 AND MODLAND_QA(bits0-1)=0 AND VI range -2000..10000,MOD13Q1 V061 Terra 250m 16-day
SO1102,Baki,SO11,Awdal,2021-12-03,0.153834834527465,0.1369,0.101470965540771,0.0948,0.7664748953974896,2931,0.0724372384937238,0.0005230125523012,pixel_reliability=0 AND MODLAND_QA(bits0-1)=0 AND VI range -2000..10000,MOD13Q1 V061 Terra 250m 16-day
SO1102,Baki,SO11,Awdal,2021-12-19,0.160978241864983,0.1565,0.1038349684312773,0.0982,0.5384414225941423,2059,0.2999476987447699,0.0044456066945606,pixel_reliability=0 AND MODLAND_QA(bits0-1)=0 AND VI range -2000..10000,MOD13Q1 V061 Terra 250m 16-day
SO1103,Lughaye,SO11,Awdal,2021-01-01,0.1509348666666667,0.14385,0.10557216666666666,0.1009,0.7581501137225171,3000,0.058124842052059644,0.00025271670457417233,pixel_reliability=0 AND MODLAND_QA(bits0-1)=0 AND VI range -2000..10000,MOD13Q1 V061 Terra 250m 16-day
SO1103,Lughaye,SO11,Awdal,2021-01-17,0.1480214106495679,0.1377,0.1067267075550599,0.1007,0.9064948193075564,3587,0.0108668182966894,0.0025271670457417,pixel_reliability=0 AND MODLAND_QA(bits0-1)=0 AND VI range -2000..10000,MOD13Q1 V061 Terra 250m 16-day
SO1103,Lughaye,SO11,Awdal,2021-02-02,0.135287492762015,0.1277,0.0997720324261725,0.0948,0.8728834975991913,3454,0.0075815011372251,0.0,pixel_reliability=0 AND MODLAND_QA(bits0-1)=0 AND VI range -2000..10000,MOD13Q1 V061 Terra 250m 16-day
SO1103,Lughaye,SO11,Awdal,2021-02-18,0.1319861386138614,0.1251,0.0951904950495049,0.0901,0.2552438716199141,1010,0.5900935051806925,0.0020217336365933,pixel_reliability=0 AND MODLAND_QA(bits0-1)=0 AND VI range -2000..10000,MOD13Q1 V061 Terra 250m 16-day
SO1103,Lughaye,SO11,Awdal,2021-03-06,0.1220014453231524,0.1182,0.0893826015816744,0.087,0.92671215567349,3667,0.0042961839777609,0.0012635835228708,pixel_reliability=0 AND MODLAND_QA(bits0-1)=0 AND VI range -2000..10000,MOD13Q1 V061 Terra 250m 16-day
SO1103,Lughaye,SO11,Awdal,2021-03-22,0.1164611514662362,0.1137,0.0851850955071294,0.0836,0.9393479909021988,3717,0.0048016173869092,0.0,pixel_reliability=0 AND MODLAND_QA(bits0-1)=0 AND VI range -2000..10000,MOD13Q1 V061 Terra 250m 16-day
SO1103,Lughaye,SO11,Awdal,2021-04-07,0.1134217144402379,0.111,0.0839007030827474,0.0823,0.9345463735152894,3698,0.0055597675006317,0.0,pixel_reliability=0 AND MODLAND_QA(bits0-1)=0 AND VI range -2000..10000,MOD13Q1 V061 Terra 250m 16-day
SO1103,Lughaye,SO11,Awdal,2021-04-23,0.1213103958802703,0.1175,0.0846156420984872,0.0826,0.7851908011119535,3107,0.0199646196613596,0.0075815011372251,pixel_reliability=0 AND MODLAND_QA(bits0-1)=0 AND VI range -2000..10000,MOD13Q1 V061 Terra 250m 16-day
SO1103,Lughaye,SO11,Awdal,2021-05-09,0.141773221530971,0.1341,0.1045177441168515,0.1002,0.9342936568107152,3697,0.0065706343189284,0.0,pixel_reliability=0 AND MODLAND_QA(bits0-1)=0 AND VI range -2000..10000,MOD13Q1 V061 Terra 250m 16-day
SO1103,Lughaye,SO11,Awdal,2021-05-25,0.1375629173508484,0.1317,0.1015899835796387,0.0979,0.9234268385140256,3654,0.0032853171594642,0.0,pixel_reliability=0 AND MODLAND_QA(bits0-1)=0 AND VI range -2000..10000,MOD13Q1 V061 Terra 250m 16-day
SO1103,Lughaye,SO11,Awdal,2021-06-10,0.115139817232376,0.11295,0.0874421671018276,0.0856,0.5807429871114481,2298,0.1887793783169067,0.0012635835228708,pixel_reliability=0 AND MODLAND_QA(bits0-1)=0 AND VI range -2000..10000,MOD13Q1 V061 Terra 250m 16-day
SO1103,Lughaye,SO11,Awdal,2021-06-26,0.1126740436384245,0.1101,0.0843659110229526,0.0829,0.8918372504422543,3529,0.0229972201162496,0.0005054334091483,pixel_reliability=0 AND MODLAND_QA(bits0-1)=0 AND VI range -2000..10000,MOD13Q1 V061 Terra 250m 16-day
SO1103,Lughaye,SO11,Awdal,2021-07-12,0.111551324226373,0.1091,0.0816335656537496,0.0803,0.9064948193075564,3587,0.0199646196613596,0.0093505180692443,pixel_reliability=0 AND MODLAND_QA(bits0-1)=0 AND VI range -2000..10000,MOD13Q1 V061 Terra 250m 16-day
SO1103,Lughaye,SO11,Awdal,2021-07-28,0.1102411190053286,0.1062,0.081431142687981,0.07885,0.8536770280515542,3378,0.0459944402324993,0.0017690169320192,pixel_reliability=0 AND MODLAND_QA(bits0-1)=0 AND VI range -2000..10000,MOD13Q1 V061 Terra 250m 16-day
SO1103,Lughaye,SO11,Awdal,2021-08-13,0.1149023180592992,0.1094,0.0852124797843665,0.082,0.9375789739701794,3710,0.0116249684104119,0.0,pixel_reliability=0 AND MODLAND_QA(bits0-1)=0 AND VI range -2000..10000,MOD13Q1 V061 Terra 250m 16-day
SO1103,Lughaye,SO11,Awdal,2021-08-29,0.11041239035087719,0.10615,0.08076683114035088,0.0787,0.9219105382865808,3648,0.0310841546626232,0.0012635835228708618,pixel_reliability=0 AND MODLAND_QA(bits0-1)=0 AND VI range -2000..10000,MOD13Q1 V061 Terra 250m 16-day
SO1103,Lughaye,SO11,Awdal,2021-09-14,0.10789318868442736,0.1053,0.08107830266410326,0.0794,0.9201415213545615,3641,0.02047005307050796,0.0,pixel_reliability=0 AND MODLAND_QA(bits0-1)=0 AND VI range -2000..10000,MOD13Q1 V061 Terra 250m 16-day
SO1103,Lughaye,SO11,Awdal,2021-09-30,0.1097477989130435,0.1065,0.0797833423913043,0.0778,0.9299974728329544,3680,0.017690169320192,0.0,pixel_reliability=0 AND MODLAND_QA(bits0-1)=0 AND VI range -2000..10000,MOD13Q1 V061 Terra 250m 16-day
SO1103,Lughaye,SO11,Awdal,2021-10-16,0.1106238567493113,0.1077,0.0808305785123967,0.0791,0.9173616376042456,3630,0.0070760677280768,0.0,pixel_reliability=0 AND MODLAND_QA(bits0-1)=0 AND VI range -2000..10000,MOD13Q1 V061 Terra 250m 16-day
SO1103,Lughaye,SO11,Awdal,2021-11-01,0.1136696149553571,0.1097,0.0827253348214285,0.0804,0.9057366691938336,3584,0.0078342178417993,0.0,pixel_reliability=0 AND MODLAND_QA(bits0-1)=0 AND VI range -2000..10000,MOD13Q1 V061 Terra 250m 16-day
SO1103,Lughaye,SO11,Awdal,2021-11-17,0.1136566739012479,0.1084,0.0833155453065653,0.0803,0.9315137730603992,3686,0.00303260045489,0.0,pixel_reliability=0 AND MODLAND_QA(bits0-1)=0 AND VI range -2000..10000,MOD13Q1 V061 Terra 250m 16-day
SO1103,Lughaye,SO11,Awdal,2021-12-03,0.1090701840490797,0.1051,0.0795903680981595,0.0774,0.4119282284559009,1630,0.2898660601465757,0.0035380338640384,pixel_reliability=0 AND MODLAND_QA(bits0-1)=0 AND VI range -2000..10000,MOD13Q1 V061 Terra 250m 16-day
SO1103,Lughaye,SO11,Awdal,2021-12-19,0.1163648936170212,0.1126,0.0833765957446808,0.0808,0.0712661106899166,282,0.5741723527925195,0.0341167551175132,pixel_reliability=0 AND MODLAND_QA(bits0-1)=0 AND VI range -2000..10000,MOD13Q1 V061 Terra 250m 16-day
SO1104,Zeylac,SO11,Awdal,2021-01-01,0.14002351526809328,0.132,0.09095996633806204,0.085,0.5650047547887516,4159,0.23135443553864965,0.0016302132862382828,pixel_reliability=0 AND MODLAND_QA(bits0-1)=0 AND VI range -2000..10000,MOD13Q1 V061 Terra 250m 16-day
SO1104,Zeylac,SO11,Awdal,2021-01-17,0.1353941084053417,0.1304,0.0878963236449332,0.0852,0.8646922972422225,6365,0.0207852193995381,0.003396277679663,pixel_reliability=0 AND MODLAND_QA(bits0-1)=0 AND VI range -2000..10000,MOD13Q1 V061 Terra 250m 16-day
SO1104,Zeylac,SO11,Awdal,2021-02-02,0.1275482523831139,0.1242,0.085739673172946,0.083,0.8978399673957342,6609,0.0296155413666621,0.0009509577503056,pixel_reliability=0 AND MODLAND_QA(bits0-1)=0 AND VI range -2000..10000,MOD13Q1 V061 Terra 250m 16-day
SO1104,Zeylac,SO11,Awdal,2021-02-18,0.1207050179797319,0.1179,0.0812188950637463,0.0798,0.8311370737671512,6118,0.055291400624915,0.0004075533215595,pixel_reliability=0 AND MODLAND_QA(bits0-1)=0 AND VI range -2000..10000,MOD13Q1 V061 Terra 250m 16-day
SO1104,Zeylac,SO11,Awdal,2021-03-06,0.1188862560679611,0.1169,0.0809176122572815,0.08,0.8955304985735634,6592,0.0186116016845537,0.0006792555359326,pixel_reliability=0 AND MODLAND_QA(bits0-1)=0 AND VI range -2000..10000,MOD13Q1 V061 Terra 250m 16-day
SO1104,Zeylac,SO11,Awdal,2021-03-22,0.1147278260869565,0.1137,0.0783062608695652,0.0774,0.9373726395870128,6900,0.009102024181497,0.0006792555359326,pixel_reliability=0 AND MODLAND_QA(bits0-1)=0 AND VI range -2000..10000,MOD13Q1 V061 Terra 250m 16-day
SO1104,Zeylac,SO11,Awdal,2021-04-07,0.1106292675590314,0.1092,0.0764772747781621,0.0758,0.9032740116831952,6649,0.0186116016845537,0.0009509577503056,pixel_reliability=0 AND MODLAND_QA(bits0-1)=0 AND VI range -2000..10000,MOD13Q1 V061 Terra 250m 16-day
SO1104,Zeylac,SO11,Awdal,2021-04-23,0.1228258973288814,0.1183,0.0823604131886477,0.07995,0.6509985056378209,4792,0.1294661051487569,0.0180681972558076,pixel_reliability=0 AND MODLAND_QA(bits0-1)=0 AND VI range -2000..10000,MOD13Q1 V061 Terra 250m 16-day
SO1104,Zeylac,SO11,Awdal,2021-05-09,0.1456588122322352,0.135,0.0998245531097651,0.0924,0.919576144545578,6769,0.0161662817551963,0.0008151066431191,pixel_reliability=0 AND MODLAND_QA(bits0-1)=0 AND VI range -2000..10000,MOD13Q1 V061 Terra 250m 16-day
SO1104,Zeylac,SO11,Awdal,2021-05-25,0.1390536313806098,0.1292,0.0968362452894826,0.0905,0.7930987637549246,5838,0.0505366118733867,0.0009509577503056,pixel_reliability=0 AND MODLAND_QA(bits0-1)=0 AND VI range -2000..10000,MOD13Q1 V061 Terra 250m 16-day
SO1104,Zeylac,SO11,Awdal,2021-06-10,0.1138471739933505,0.1092,0.0843422977465829,0.0816,0.3677489471539193,2707,0.4317348186387719,0.0006792555359326,pixel_reliability=0 AND MODLAND_QA(bits0-1)=0 AND VI range -2000..10000,MOD13Q1 V061 Terra 250m 16-day
SO1104,Zeylac,SO11,Awdal,2021-06-26,0.1154840421303656,0.1097,0.0809160572337043,0.0781,0.6836027713625866,5032,0.1229452520038038,0.0012226599646787,pixel_reliability=0 AND MODLAND_QA(bits0-1)=0 AND VI range -2000..10000,MOD13Q1 V061 Terra 250m 16-day
SO1104,Zeylac,SO11,Awdal,2021-07-12,0.1079569490657793,0.1048,0.0777205016636805,0.0758,0.5307702757777476,3907,0.2089390028528732,0.0244531992935742,pixel_reliability=0 AND MODLAND_QA(bits0-1)=0 AND VI range -2000..10000,MOD13Q1 V061 Terra 250m 16-day
SO1104,Zeylac,SO11,Awdal,2021-07-28,0.1175353174603174,0.1053,0.0834984788359788,0.0766,0.6162206221980709,4536,0.1683195218041027,0.0052981931802744,pixel_reliability=0 AND MODLAND_QA(bits0-1)=0 AND VI range -2000..10000,MOD13Q1 V061 Terra 250m 16-day
SO1104,Zeylac,SO11,Awdal,2021-08-13,0.1235894464821607,0.112,0.0846889463154384,0.0786,0.8148349409047684,5998,0.0437440565140605,0.0016302132862382,pixel_reliability=0 AND MODLAND_QA(bits0-1)=0 AND VI range -2000..10000,MOD13Q1 V061 Terra 250m 16-day
SO1104,Zeylac,SO11,Awdal,2021-08-29,0.12397724288840263,0.11130000000000001,0.08355706110082478,0.0777,0.8070914277951365,5941,0.05556310283928814,0.0017660643934248063,pixel_reliability=0 AND MODLAND_QA(bits0-1)=0 AND VI range -2000..10000,MOD13Q1 V061 Terra 250m 16-day
SO1104,Zeylac,SO11,Awdal,2021-09-14,0.1199456074352733,0.10500000000000001,0.08614682451869883,0.0785,0.6139111533759,4519,0.16179866865914957,0.000950957750305665,pixel_reliability=0 AND MODLAND_QA(bits0-1)=0 AND VI range -2000..10000,MOD13Q1 V061 Terra 250m 16-day
SO1104,Zeylac,SO11,Awdal,2021-09-30,0.1235570966748768,0.1135,0.0825293103448275,0.0756,0.8824887922836571,6496,0.0327401168319521,0.0001358511071865,pixel_reliability=0 AND MODLAND_QA(bits0-1)=0 AND VI range -2000..10000,MOD13Q1 V061 Terra 250m 16-day
SO1104,Zeylac,SO11,Awdal,2021-10-16,0.1219735967387896,0.1138,0.0803371746629037,0.0751,0.8664583616356474,6378,0.0249966037223203,0.000543404428746,pixel_reliability=0 AND MODLAND_QA(bits0-1)=0 AND VI range -2000..10000,MOD13Q1 V061 Terra 250m 16-day
SO1104,Zeylac,SO11,Awdal,2021-11-01,0.1216143526212418,0.1169,0.0803180994107871,0.0761,0.8991984784675995,6619,0.0266268170085586,0.0008151066431191,pixel_reliability=0 AND MODLAND_QA(bits0-1)=0 AND VI range -2000..10000,MOD13Q1 V061 Terra 250m 16-day
SO1104,Zeylac,SO11,Awdal,2021-11-17,0.1190785583941606,0.1146,0.0796754257907542,0.0764,0.893356880858579,6576,0.0271702214373047,0.0008151066431191,pixel_reliability=0 AND MODLAND_QA(bits0-1)=0 AND VI range -2000..10000,MOD13Q1 V061 Terra 250m 16-day
SO1104,Zeylac,SO11,Awdal,2021-12-03,0.1211681265206812,0.1153,0.0787168694241687,0.0752,0.5025132454829507,3699,0.2836571118054612,0.017388941719875,pixel_reliability=0 AND MODLAND_QA(bits0-1)=0 AND VI range -2000..10000,MOD13Q1 V061 Terra 250m 16-day
SO1104,Zeylac,SO11,Awdal,2021-12-19,0.1306034831460674,0.1234,0.0814031460674157,0.0777,0.2418149707920119,1780,0.4407009917130824,0.0451025675859258,pixel_reliability=0 AND MODLAND_QA(bits0-1)=0 AND VI range -2000..10000,MOD13Q1 V061 Terra 250m 16-day
SO1201,Hargeysa,SO12,Woqooyi Galbeed,2021-01-01,0.17231855068867105,0.1646,0.10878373867725526,0.10400000000000001,0.9840649612308444,16118,0.002442151535502778,0.0,pixel_reliability=0 AND MODLAND_QA(bits0-1)=0 AND VI range -2000..10000,MOD13Q1 V061 Terra 250m 16-day
SO1201,Hargeysa,SO12,Woqooyi Galbeed,2021-01-17,0.1658919765287214,0.1597,0.1061075602223594,0.1014,0.9884608339947494,16190,0.0016484522864643,0.0,pixel_reliability=0 AND MODLAND_QA(bits0-1)=0 AND VI range -2000..10000,MOD13Q1 V061 Terra 250m 16-day
SO1201,Hargeysa,SO12,Woqooyi Galbeed,2021-02-02,0.1621203680830039,0.1578,0.1048030941205533,0.1008,0.9885829415715244,16192,0.0010989681909762,0.0,pixel_reliability=0 AND MODLAND_QA(bits0-1)=0 AND VI range -2000..10000,MOD13Q1 V061 Terra 250m 16-day
SO1201,Hargeysa,SO12,Woqooyi Galbeed,2021-02-18,0.1568925065104167,0.1536,0.10176412109375,0.0987,0.9377861896330668,15360,0.0296110873679711,0.0001221075767751,pixel_reliability=0 AND MODLAND_QA(bits0-1)=0 AND VI range -2000..10000,MOD13Q1 V061 Terra 250m 16-day
SO1201,Hargeysa,SO12,Woqooyi Galbeed,2021-03-06,0.1553524898810254,0.1532,0.1014463571691402,0.0994,0.9955430734477074,16306,0.0009768606142011,0.0,pixel_reliability=0 AND MODLAND_QA(bits0-1)=0 AND VI range -2000..10000,MOD13Q1 V061 Terra 250m 16-day
SO1201,Hargeysa,SO12,Woqooyi Galbeed,2021-03-22,0.152102417302799,0.1507,0.1016696140797285,0.1006,0.8637889981073326,14148,0.0021368825935649,0.0,pixel_reliability=0 AND MODLAND_QA(bits0-1)=0 AND VI range -2000..10000,MOD13Q1 V061 Terra 250m 16-day
SO1201,Hargeysa,SO12,Woqooyi Galbeed,2021-04-07,0.1533112825638783,0.1519,0.1020955394514899,0.1011,0.9772879907198242,16007,0.0016484522864643,0.0,pixel_reliability=0 AND MODLAND_QA(bits0-1)=0 AND VI range -2000..10000,MOD13Q1 V061 Terra 250m 16-day
SO1201,Hargeysa,SO12,Woqooyi Galbeed,2021-04-23,0.1549787705956907,0.1487,0.1064936628643853,0.1045,0.0963428780755845,1578,0.4281702179620245,0.1254655351364552,pixel_reliability=0 AND MODLAND_QA(bits0-1)=0 AND VI range -2000..10000,MOD13Q1 V061 Terra 250m 16-day
SO1201,Hargeysa,SO12,Woqooyi Galbeed,2021-05-09,0.251266900357027,0.2462,0.1756852775073028,0.1721,0.9405336101105074,15405,0.0081201538555467,0.0,pixel_reliability=0 AND MODLAND_QA(bits0-1)=0 AND VI range -2000..10000,MOD13Q1 V061 Terra 250m 16-day
SO1201,Hargeysa,SO12,Woqooyi Galbeed,2021-05-25,0.2379835170502159,0.2338,0.163736840069619,0.1614,0.9471274192563648,15513,0.0113560046400879,0.0,pixel_reliability=0 AND MODLAND_QA(bits0-1)=0 AND VI range -2000..10000,MOD13Q1 V061 Terra 250m 16-day
SO1201,Hargeysa,SO12,Woqooyi Galbeed,2021-06-10,0.1808524856596558,0.18035,0.1340690885914595,0.13475,0.1915867879601929,3138,0.6004640087917456,0.0,pixel_reliability=0 AND MODLAND_QA(bits0-1)=0 AND VI range -2000..10000,MOD13Q1 V061 Terra 250m 16-day
SO1201,Hargeysa,SO12,Woqooyi Galbeed,2021-06-26,0.1913989608239838,0.1866,0.1359476181717859,0.1313,0.6638988949264302,10874,0.1588009035960681,0.0,pixel_reliability=0 AND MODLAND_QA(bits0-1)=0 AND VI range -2000..10000,MOD13Q1 V061 Terra 250m 16-day
SO1201,Hargeysa,SO12,Woqooyi Galbeed,2021-07-12,0.1784632006245121,0.1735,0.1274379859484777,0.1241,0.3910495146223823,6405,0.3238292936076684,0.0575126686610904,pixel_reliability=0 AND MODLAND_QA(bits0-1)=0 AND VI range -2000..10000,MOD13Q1 V061 Terra 250m 16-day
SO1201,Hargeysa,SO12,Woqooyi Galbeed,2021-07-28,0.190059834760858,0.1761,0.1265340635185325,0.1173,0.8054826301972038,13193,0.0452408571951889,0.0,pixel_reliability=0 AND MODLAND_QA(bits0-1)=0 AND VI range -2000..10000,MOD13Q1 V061 Terra 250m 16-day
SO1201,Hargeysa,SO12,Woqooyi Galbeed,2021-08-13,0.2007273854836592,0.1825,0.1343542919018244,0.1198,0.9303376274497832,15238,0.0025032053238903,0.0,pixel_reliability=0 AND MODLAND_QA(bits0-1)=0 AND VI range -2000..10000,MOD13Q1 V061 Terra 250m 16-day
SO1201,Hargeysa,SO12,Woqooyi Galbeed,2021-08-29,0.1990810754240347,0.18430000000000002,0.13553354745579213,0.1233,0.8459002381097747,13855,0.03620489651382868,0.0,pixel_reliability=0 AND MODLAND_QA(bits0-1)=0 AND VI range -2000..10000,MOD13Q1 V061 Terra 250m 16-day
SO1201,Hargeysa,SO12,Woqooyi Galbeed,2021-09-14,0.21610766473843057,0.2033,0.14452296277665996,0.133,0.9709994505159045,15904,0.003785334880029306,0.0,pixel_reliability=0 AND MODLAND_QA(bits0-1)=0 AND VI range -2000..10000,MOD13Q1 V061 Terra 250m 16-day
SO1201,Hargeysa,SO12,Woqooyi Galbeed,2021-09-30,0.231864587394412,0.2208,0.154387673814165,0.1464,0.9396178032846938,15390,0.0102570364491116,0.0,pixel_reliability=0 AND MODLAND_QA(bits0-1)=0 AND VI range -2000..10000,MOD13Q1 V061 Terra 250m 16-day
SO1201,Hargeysa,SO12,Woqooyi Galbeed,2021-10-16,0.2174987427226557,0.2095,0.1472781741607828,0.1407,0.9857744673056964,16146,0.0012210757677513,0.0,pixel_reliability=0 AND MODLAND_QA(bits0-1)=0 AND VI range -2000..10000,MOD13Q1 V061 Terra 250m 16-day
SO1201,Hargeysa,SO12,Woqooyi Galbeed,2021-11-01,0.2025055596692583,0.1963,0.134134116993706,0.1295,0.9894376946089504,16206,0.003541119726479,0.0,pixel_reliability=0 AND MODLAND_QA(bits0-1)=0 AND VI range -2000..10000,MOD13Q1 V061 Terra 250m 16-day
SO1201,Hargeysa,SO12,Woqooyi Galbeed,2021-11-17,0.1889879822507087,0.1835,0.1229632873166522,0.1196,0.990658770376702,16226,0.0015263447096892,0.0,pixel_reliability=0 AND MODLAND_QA(bits0-1)=0 AND VI range -2000..10000,MOD13Q1 V061 Terra 250m 16-day
SO1201,Hargeysa,SO12,Woqooyi Galbeed,2021-12-03,0.1848411923896998,0.1786,0.1181950057405281,0.1152,0.7444898955980218,12194,0.0023810977471152,0.0,pixel_reliability=0 AND MODLAND_QA(bits0-1)=0 AND VI range -2000..10000,MOD13Q1 V061 Terra 250m 16-day
SO1201,Hargeysa,SO12,Woqooyi Galbeed,2021-12-19,0.173414946031746,0.1677,0.1104361523809523,0.1073,0.9615971671042188,15750,0.0118444349471884,0.0,pixel_reliability=0 AND MODLAND_QA(bits0-1)=0 AND VI range -2000..10000,MOD13Q1 V061 Terra 250m 16-day
SO1202,Berbera,SO12,Woqooyi Galbeed,2021-01-01,0.16789807353459416,0.16110000000000002,0.11448207447433338,0.1087,0.6959614126880314,8513,0.05068672334859385,0.001962066710268149,pixel_reliability=0 AND MODLAND_QA(bits0-1)=0 AND VI range -2000..10000,MOD13Q1 V061 Terra 250m 16-day
SO1202,Berbera,SO12,Woqooyi Galbeed,2021-01-17,0.155825829015544,0.1507,0.1059617227979274,0.1027,0.631131458469588,7720,0.1474002616088947,0.0038423806409417,pixel_reliability=0 AND MODLAND_QA(bits0-1)=0 AND VI range -2000..10000,MOD13Q1 V061 Terra 250m 16-day
SO1202,Berbera,SO12,Woqooyi Galbeed,2021-02-02,0.1553146949404762,0.148,0.1089126023065476,0.104,0.8790058862001308,10752,0.013897972531066,0.000163505559189,pixel_reliability=0 AND MODLAND_QA(bits0-1)=0 AND VI range -2000..10000,MOD13Q1 V061 Terra 250m 16-day
SO1202,Berbera,SO12,Woqooyi Galbeed,2021-02-18,0.1425909757613424,0.1365,0.0987376009944064,0.0951,0.6577011118378024,8045,0.158109875735775,0.0060497056899934,pixel_reliability=0 AND MODLAND_QA(bits0-1)=0 AND VI range -2000..10000,MOD13Q1 V061 Terra 250m 16-day
SO1202,Berbera,SO12,Woqooyi Galbeed,2021-03-06,0.1379545838939073,0.1335,0.0970679415721699,0.095,0.8507194244604317,10406,0.0362982341399607,0.0025343361674296,pixel_reliability=0 AND MODLAND_QA(bits0-1)=0 AND VI range -2000..10000,MOD13Q1 V061 Terra 250m 16-day
SO1202,Berbera,SO12,Woqooyi Galbeed,2021-03-22,0.1343612556458898,0.1286,0.095767470641373,0.0929,0.9050032701111838,11070,0.0112001308044473,0.000817527795945,pixel_reliability=0 AND MODLAND_QA(bits0-1)=0 AND VI range -2000..10000,MOD13Q1 V061 Terra 250m 16-day
SO1202,Berbera,SO12,Woqooyi Galbeed,2021-04-07,0.1292000278112543,0.1238,0.0934303142671734,0.0907,0.8818672334859385,10787,0.0181491170699803,0.0020438194898626,pixel_reliability=0 AND MODLAND_QA(bits0-1)=0 AND VI range -2000..10000,MOD13Q1 V061 Terra 250m 16-day
SO1202,Berbera,SO12,Woqooyi Galbeed,2021-04-23,0.1321414009000195,0.1292,0.0945038935629035,0.0918,0.4178384565075212,5111,0.2210595160235448,0.0199476782210595,pixel_reliability=0 AND MODLAND_QA(bits0-1)=0 AND VI range -2000..10000,MOD13Q1 V061 Terra 250m 16-day
SO1202,Berbera,SO12,Woqooyi Galbeed,2021-05-09,0.148237540805223,0.1424,0.1064483529528143,0.1018,0.8264388489208633,10109,0.0315565729234793,0.0018803139306736,pixel_reliability=0 AND MODLAND_QA(bits0-1)=0 AND VI range -2000..10000,MOD13Q1 V061 Terra 250m 16-day
SO1202,Berbera,SO12,Woqooyi Galbeed,2021-05-25,0.1418973754533308,0.1373,0.1019189253674365,0.0981,0.8566056245912361,10478,0.0250163505559189,0.000654022236756,pixel_reliability=0 AND MODLAND_QA(bits0-1)=0 AND VI range -2000..10000,MOD13Q1 V061 Terra 250m 16-day
SO1202,Berbera,SO12,Woqooyi Galbeed,2021-06-10,0.1265076480263157,0.123,0.0927306058114035,0.0905,0.5964682799215173,7296,0.1353826030085023,0.0134892086330935,pixel_reliability=0 AND MODLAND_QA(bits0-1)=0 AND VI range -2000..10000,MOD13Q1 V061 Terra 250m 16-day
SO1202,Berbera,SO12,Woqooyi Galbeed,2021-06-26,0.1199949738458039,0.1175,0.0891270184216511,0.0876,0.7189339437540876,8794,0.0813440156965336,0.0040876389797253,pixel_reliability=0 AND MODLAND_QA(bits0-1)=0 AND VI range -2000..10000,MOD13Q1 V061 Terra 250m 16-day
SO1202,Berbera,SO12,Woqooyi Galbeed,2021-07-12,0.117686341573541,0.1154,0.0857772321932498,0.0838,0.7242478744277305,8859,0.0692446043165467,0.0163505559189012,pixel_reliability=0 AND MODLAND_QA(bits0-1)=0 AND VI range -2000..10000,MOD13Q1 V061 Terra 250m 16-day
SO1202,Berbera,SO12,Woqooyi Galbeed,2021-07-28,0.1171735641994878,0.1146,0.0865029020851115,0.0845,0.6704545454545454,8201,0.1115925441465009,0.0105461085676913,pixel_reliability=0 AND MODLAND_QA(bits0-1)=0 AND VI range -2000..10000,MOD13Q1 V061 Terra 250m 16-day
SO1202,Berbera,SO12,Woqooyi Galbeed,2021-08-13,0.1251447244439575,0.1233,0.0873728278733428,0.0857,0.7461576193590582,9127,0.0204381948986265,0.0038423806409417,pixel_reliability=0 AND MODLAND_QA(bits0-1)=0 AND VI range -2000..10000,MOD13Q1 V061 Terra 250m 16-day
SO1202,Berbera,SO12,Woqooyi Galbeed,2021-08-29,0.12091097598680821,0.1187,0.08860214366690713,0.0868,0.7932472204054938,9703,0.05240353172007848,0.006540222367560497,pixel_reliability=0 AND MODLAND_QA(bits0-1)=0 AND VI range -2000..10000,MOD13Q1 V061 Terra 250m 16-day
SO1202,Berbera,SO12,Woqooyi Galbeed,2021-09-14,0.12403612450679528,0.1208,0.08993452433143358,0.0886,0.7459123610202747,9124,0.0671190320470896,0.003760627861347286,pixel_reliability=0 AND MODLAND_QA(bits0-1)=0 AND VI range -2000..10000,MOD13Q1 V061 Terra 250m 16-day
SO1202,Berbera,SO12,Woqooyi Galbeed,2021-09-30,0.1330867406722171,0.1278,0.0927605714873059,0.0897,0.795372792674951,9729,0.033273381294964,0.0015533028122956,pixel_reliability=0 AND MODLAND_QA(bits0-1)=0 AND VI range -2000..10000,MOD13Q1 V061 Terra 250m 16-day
SO1202,Berbera,SO12,Woqooyi Galbeed,2021-10-16,0.1342076031048349,0.129,0.0976556906387356,0.0942,0.874182472204055,10693,0.007603008502289,0.000163505559189,pixel_reliability=0 AND MODLAND_QA(bits0-1)=0 AND VI range -2000..10000,MOD13Q1 V061 Terra 250m 16-day
SO1202,Berbera,SO12,Woqooyi Galbeed,2021-11-01,0.1379037023221113,0.1322,0.0967069197053063,0.0935,0.8766350555918901,10723,0.0218279921517331,0.000490516677567,pixel_reliability=0 AND MODLAND_QA(bits0-1)=0 AND VI range -2000..10000,MOD13Q1 V061 Terra 250m 16-day
SO1202,Berbera,SO12,Woqooyi Galbeed,2021-11-17,0.1339461623820973,0.1285,0.0923505548363232,0.0893,0.8840745585349902,10814,0.0134892086330935,0.000981033355134,pixel_reliability=0 AND MODLAND_QA(bits0-1)=0 AND VI range -2000..10000,MOD13Q1 V061 Terra 250m 16-day
SO1202,Berbera,SO12,Woqooyi Galbeed,2021-12-03,0.1283056754716981,0.123,0.0913515320754717,0.0885,0.5416121648136036,6625,0.1925277959450621,0.0019620667102681,pixel_reliability=0 AND MODLAND_QA(bits0-1)=0 AND VI range -2000..10000,MOD13Q1 V061 Terra 250m 16-day
SO1202,Berbera,SO12,Woqooyi Galbeed,2021-12-19,0.1290833194744719,0.122,0.0897390487277565,0.0857,0.4915794637017658,6013,0.2449313276651406,0.0062132112491824,pixel_reliability=0 AND MODLAND_QA(bits0-1)=0 AND VI range -2000..10000,MOD13Q1 V061 Terra 250m 16-day
SO1203,Gebiley,SO12,Woqooyi Galbeed,2021-01-01,0.21055381165919285,0.1986,0.12676033428454953,0.12340000000000001,0.9722552516845026,4906,0.00535077288941736,0.0,pixel_reliability=0 AND MODLAND_QA(bits0-1)=0 AND VI range -2000..10000,MOD13Q1 V061 Terra 250m 16-day
SO1203,Gebiley,SO12,Woqooyi Galbeed,2021-01-17,0.1994997819191118,0.1911,0.124435210150674,0.1208,0.9996036464526358,5044,0.0,0.0,pixel_reliability=0 AND MODLAND_QA(bits0-1)=0 AND VI range -2000..10000,MOD13Q1 V061 Terra 250m 16-day
SO1203,Gebiley,SO12,Woqooyi Galbeed,2021-02-02,0.1891457637351579,0.1847,0.1197327832561883,0.1186,0.9847403884264764,4969,0.0017835909631391,0.0,pixel_reliability=0 AND MODLAND_QA(bits0-1)=0 AND VI range -2000..10000,MOD13Q1 V061 Terra 250m 16-day
SO1203,Gebiley,SO12,Woqooyi Galbeed,2021-02-18,0.1776673871983211,0.1765,0.1119533473242392,0.115,0.944312326595323,4765,0.019223147047166,0.0,pixel_reliability=0 AND MODLAND_QA(bits0-1)=0 AND VI range -2000..10000,MOD13Q1 V061 Terra 250m 16-day
SO1203,Gebiley,SO12,Woqooyi Galbeed,2021-03-06,0.172642187188186,0.1724,0.1111138096188385,0.1143,0.9930638129211256,5011,0.0003963535473642,0.0,pixel_reliability=0 AND MODLAND_QA(bits0-1)=0 AND VI range -2000..10000,MOD13Q1 V061 Terra 250m 16-day
SO1203,Gebiley,SO12,Woqooyi Galbeed,2021-03-22,0.1637755915065723,0.1649,0.106522628918099,0.1101,0.9799841458581054,4945,0.0055489496630994,0.0,pixel_reliability=0 AND MODLAND_QA(bits0-1)=0 AND VI range -2000..10000,MOD13Q1 V061 Terra 250m 16-day
SO1203,Gebiley,SO12,Woqooyi Galbeed,2021-04-07,0.1647918875822204,0.1652,0.1075448475184373,0.111,0.9942528735632185,5017,0.0005945303210463,0.0,pixel_reliability=0 AND MODLAND_QA(bits0-1)=0 AND VI range -2000..10000,MOD13Q1 V061 Terra 250m 16-day
SO1203,Gebiley,SO12,Woqooyi Galbeed,2021-04-23,0.1867147331786543,0.1757,0.1146577726218097,0.1133,0.1708283789139912,862,0.4556084026952041,0.0507332540626238,pixel_reliability=0 AND MODLAND_QA(bits0-1)=0 AND VI range -2000..10000,MOD13Q1 V061 Terra 250m 16-day
SO1203,Gebiley,SO12,Woqooyi Galbeed,2021-05-09,0.2876244947453517,0.2863,0.1953497170573969,0.1968,0.9805786761791518,4948,0.0039635354736424,0.0,pixel_reliability=0 AND MODLAND_QA(bits0-1)=0 AND VI range -2000..10000,MOD13Q1 V061 Terra 250m 16-day
SO1203,Gebiley,SO12,Woqooyi Galbeed,2021-05-25,0.2723511530398323,0.26855,0.1851977358490566,0.1871,0.9453032104637336,4770,0.0152596115735235,0.0,pixel_reliability=0 AND MODLAND_QA(bits0-1)=0 AND VI range -2000..10000,MOD13Q1 V061 Terra 250m 16-day
SO1203,Gebiley,SO12,Woqooyi Galbeed,2021-06-10,0.2041887966804979,0.2153,0.1488840663900415,0.1581,0.2388030122869599,1205,0.514268727705113,0.0,pixel_reliability=0 AND MODLAND_QA(bits0-1)=0 AND VI range -2000..10000,MOD13Q1 V061 Terra 250m 16-day
SO1203,Gebiley,SO12,Woqooyi Galbeed,2021-06-26,0.2278380669144981,0.2324,0.1592671375464684,0.1662,0.7996432818073722,4035,0.0677764565992865,0.0,pixel_reliability=0 AND MODLAND_QA(bits0-1)=0 AND VI range -2000..10000,MOD13Q1 V061 Terra 250m 16-day
SO1203,Gebiley,SO12,Woqooyi Galbeed,2021-07-12,0.219055420289855,0.2219,0.1494987536231884,0.1551,0.6837098692033293,3450,0.1080063416567578,0.0198176773682124,pixel_reliability=0 AND MODLAND_QA(bits0-1)=0 AND VI range -2000..10000,MOD13Q1 V061 Terra 250m 16-day
SO1203,Gebiley,SO12,Woqooyi Galbeed,2021-07-28,0.2674017424242425,0.2626,0.1707598232323232,0.1704,0.7847800237812128,3960,0.0757035275465715,0.0,pixel_reliability=0 AND MODLAND_QA(bits0-1)=0 AND VI range -2000..10000,MOD13Q1 V061 Terra 250m 16-day
SO1203,Gebiley,SO12,Woqooyi Galbeed,2021-08-13,0.2803671620807391,0.2711,0.1837861618798955,0.1755,0.9867221561632976,4979,0.0009908838684106,0.0,pixel_reliability=0 AND MODLAND_QA(bits0-1)=0 AND VI range -2000..10000,MOD13Q1 V061 Terra 250m 16-day
SO1203,Gebiley,SO12,Woqooyi Galbeed,2021-08-29,0.27654910403851296,0.2772,0.1829011500401177,0.18380000000000002,0.7409829567974633,3739,0.08244153785176378,0.0,pixel_reliability=0 AND MODLAND_QA(bits0-1)=0 AND VI range -2000..10000,MOD13Q1 V061 Terra 250m 16-day
SO1203,Gebiley,SO12,Woqooyi Galbeed,2021-09-14,0.28521269551086736,0.2803,0.1882506601665651,0.18630000000000002,0.9756242568370987,4923,0.0007927070947284979,0.0,pixel_reliability=0 AND MODLAND_QA(bits0-1)=0 AND VI range -2000..10000,MOD13Q1 V061 Terra 250m 16-day
SO1203,Gebiley,SO12,Woqooyi Galbeed,2021-09-30,0.2913052770986145,0.2883,0.1898853504482477,0.1898,0.9726516052318668,4908,0.0019817677368212,0.0,pixel_reliability=0 AND MODLAND_QA(bits0-1)=0 AND VI range -2000..10000,MOD13Q1 V061 Terra 250m 16-day
SO1203,Gebiley,SO12,Woqooyi Galbeed,2021-10-16,0.2614278013325257,0.2626,0.1744555017161316,0.1773,0.9815695600475624,4953,0.0021799445105033,0.0,pixel_reliability=0 AND MODLAND_QA(bits0-1)=0 AND VI range -2000..10000,MOD13Q1 V061 Terra 250m 16-day
SO1203,Gebiley,SO12,Woqooyi Galbeed,2021-11-01,0.2337656743620899,0.23605,0.1505027136492507,0.15425,0.9785969084423306,4938,0.0047562425683709,0.0,pixel_reliability=0 AND MODLAND_QA(bits0-1)=0 AND VI range -2000..10000,MOD13Q1 V061 Terra 250m 16-day
SO1203,Gebiley,SO12,Woqooyi Galbeed,2021-11-17,0.2152883506805444,0.2179,0.1358155524419535,0.14005,0.9900911613158938,4996,0.0013872374157748,0.0,pixel_reliability=0 AND MODLAND_QA(bits0-1)=0 AND VI range -2000..10000,MOD13Q1 V061 Terra 250m 16-day
SO1203,Gebiley,SO12,Woqooyi Galbeed,2021-12-03,0.2099488044144696,0.2125,0.1271743306764766,0.1315,0.9696789536266348,4893,0.0053507728894173,0.0,pixel_reliability=0 AND MODLAND_QA(bits0-1)=0 AND VI range -2000..10000,MOD13Q1 V061 Terra 250m 16-day
SO1203,Gebiley,SO12,Woqooyi Galbeed,2021-12-19,0.1961573887489504,0.19975,0.1199530436607892,0.1256,0.9441141498216408,4764,0.0216012683313515,0.0,pixel_reliability=0 AND MODLAND_QA(bits0-1)=0 AND VI range -2000..10000,MOD13Q1 V061 Terra 250m 16-day
SO1301,Burco,SO13,Togdheer,2021-01-01,0.18959293808066163,0.188,0.11503923527200471,0.11380000000000001,0.992590618336887,18621,0.0013326226012793177,0.0,pixel_reliability=0 AND MODLAND_QA(bits0-1)=0 AND VI range -2000..10000,MOD13Q1 V061 Terra 250m 16-day
SO1301,Burco,SO13,Togdheer,2021-01-17,0.1852200268744961,0.1842,0.1123059553883364,0.1118,0.9917377398720684,18605,0.0016524520255863,0.0,pixel_reliability=0 AND MODLAND_QA(bits0-1)=0 AND VI range -2000..10000,MOD13Q1 V061 Terra 250m 16-day
SO1301,Burco,SO13,Togdheer,2021-02-02,0.182095678140949,0.1809,0.1122082365077641,0.1125,0.9817697228144988,18418,0.0014392324093816,0.0,pixel_reliability=0 AND MODLAND_QA(bits0-1)=0 AND VI range -2000..10000,MOD13Q1 V061 Terra 250m 16-day
SO1301,Burco,SO13,Togdheer,2021-02-18,0.1785886424803531,0.1772,0.1098410162557864,0.1102,0.9902985074626866,18578,0.0020255863539445,0.0,pixel_reliability=0 AND MODLAND_QA(bits0-1)=0 AND VI range -2000..10000,MOD13Q1 V061 Terra 250m 16-day
SO1301,Burco,SO13,Togdheer,2021-03-06,0.1757663966942148,0.1743,0.1096814655647383,0.1099,0.9674840085287848,18150,0.0047441364605543,0.0,pixel_reliability=0 AND MODLAND_QA(bits0-1)=0 AND VI range -2000..10000,MOD13Q1 V061 Terra 250m 16-day
SO1301,Burco,SO13,Togdheer,2021-03-22,0.1771551989591239,0.1733,0.1105525100292746,0.1098,0.9832622601279316,18446,0.0022921108742004,0.0,pixel_reliability=0 AND MODLAND_QA(bits0-1)=0 AND VI range -2000..10000,MOD13Q1 V061 Terra 250m 16-day
SO1301,Burco,SO13,Togdheer,2021-04-07,0.1752881268479332,0.1713,0.1102352658125108,0.1096,0.919456289978678,17249,0.0088486140724946,0.0,pixel_reliability=0 AND MODLAND_QA(bits0-1)=0 AND VI range -2000..10000,MOD13Q1 V061 Terra 250m 16-day
SO1301,Burco,SO13,Togdheer,2021-04-23,0.1887251118846345,0.1846,0.1199494778717056,0.1145,0.1071961620469083,2011,0.4468550106609808,0.1485074626865671,pixel_reliability=0 AND MODLAND_QA(bits0-1)=0 AND VI range -2000..10000,MOD13Q1 V061 Terra 250m 16-day
SO1301,Burco,SO13,Togdheer,2021-05-09,0.2871510156364167,0.28325,0.1884974791758001,0.1868,0.7295309168443497,13686,0.0640191897654584,0.0039978678038379,pixel_reliability=0 AND MODLAND_QA(bits0-1)=0 AND VI range -2000..10000,MOD13Q1 V061 Terra 250m 16-day
SO1301,Burco,SO13,Togdheer,2021-05-25,0.2817786705017577,0.2765,0.1812317609459891,0.1796,0.8339552238805971,15645,0.0114605543710021,0.0,pixel_reliability=0 AND MODLAND_QA(bits0-1)=0 AND VI range -2000..10000,MOD13Q1 V061 Terra 250m 16-day
SO1301,Burco,SO13,Togdheer,2021-06-10,0.2149862920391656,0.2112,0.142917695473251,0.1399,0.375639658848614,7047,0.4937100213219616,0.0,pixel_reliability=0 AND MODLAND_QA(bits0-1)=0 AND VI range -2000..10000,MOD13Q1 V061 Terra 250m 16-day
SO1301,Burco,SO13,Togdheer,2021-06-26,0.2049045039561777,0.1962,0.1328034083992696,0.1287,0.4378997867803837,8215,0.3243070362473347,0.0008528784648187,pixel_reliability=0 AND MODLAND_QA(bits0-1)=0 AND VI range -2000..10000,MOD13Q1 V061 Terra 250m 16-day
SO1301,Burco,SO13,Togdheer,2021-07-12,0.1801379069767441,0.1744,0.1227916569767441,0.11955,0.1833688699360341,3440,0.3222814498933902,0.2101279317697228,pixel_reliability=0 AND MODLAND_QA(bits0-1)=0 AND VI range -2000..10000,MOD13Q1 V061 Terra 250m 16-day
SO1301,Burco,SO13,Togdheer,2021-07-28,0.1554257742969028,0.1525,0.1061691349234603,0.1046,0.1497334754797441,2809,0.7465351812366737,0.0,pixel_reliability=0 AND MODLAND_QA(bits0-1)=0 AND VI range -2000..10000,MOD13Q1 V061 Terra 250m 16-day
SO1301,Burco,SO13,Togdheer,2021-08-13,0.1924879516766889,0.1905,0.1176357115770085,0.1163,0.983955223880597,18459,0.0018123667377398,0.0,pixel_reliability=0 AND MODLAND_QA(bits0-1)=0 AND VI range -2000..10000,MOD13Q1 V061 Terra 250m 16-day
SO1301,Burco,SO13,Togdheer,2021-08-29,0.1885578554198117,0.18780000000000002,0.12160902653490002,0.11950000000000001,0.6850213219616205,12851,0.09147121535181237,0.0,pixel_reliability=0 AND MODLAND_QA(bits0-1)=0 AND VI range -2000..10000,MOD13Q1 V061 Terra 250m 16-day
SO1301,Burco,SO13,Togdheer,2021-09-14,0.19779885362616148,0.1965,0.12640504404488956,0.1253,0.8834754797441364,16574,0.023773987206823027,0.0,pixel_reliability=0 AND MODLAND_QA(bits0-1)=0 AND VI range -2000..10000,MOD13Q1 V061 Terra 250m 16-day
SO1301,Burco,SO13,Togdheer,2021-09-30,0.2207276554705686,0.2154,0.1351084935151313,0.1322,0.8014392324093816,15035,0.0531982942430703,0.0,pixel_reliability=0 AND MODLAND_QA(bits0-1)=0 AND VI range -2000..10000,MOD13Q1 V061 Terra 250m 16-day
SO1301,Burco,SO13,Togdheer,2021-10-16,0.2219327191695201,0.2176,0.1398800586988423,0.1366,0.9807569296375268,18399,0.001545842217484,0.0,pixel_reliability=0 AND MODLAND_QA(bits0-1)=0 AND VI range -2000..10000,MOD13Q1 V061 Terra 250m 16-day
SO1301,Burco,SO13,Togdheer,2021-11-01,0.2089922021785488,0.2048,0.130794415307475,0.1279,0.9248933901918976,17351,0.0206289978678038,0.0,pixel_reliability=0 AND MODLAND_QA(bits0-1)=0 AND VI range -2000..10000,MOD13Q1 V061 Terra 250m 16-day
SO1301,Burco,SO13,Togdheer,2021-11-17,0.2019271926999463,0.1999,0.1234839935587761,0.1212,0.9930703624733476,18630,0.0011727078891257,0.0,pixel_reliability=0 AND MODLAND_QA(bits0-1)=0 AND VI range -2000..10000,MOD13Q1 V061 Terra 250m 16-day
SO1301,Burco,SO13,Togdheer,2021-12-03,0.1951172389951601,0.1943,0.1199799435353768,0.11865,0.9251599147121536,17356,0.0008528784648187,0.0,pixel_reliability=0 AND MODLAND_QA(bits0-1)=0 AND VI range -2000..10000,MOD13Q1 V061 Terra 250m 16-day
SO1301,Burco,SO13,Togdheer,2021-12-19,0.1880441533340492,0.1869,0.1141953237410072,0.1135,0.9928571428571428,18626,0.000639658848614,0.0,pixel_reliability=0 AND MODLAND_QA(bits0-1)=0 AND VI range -2000..10000,MOD13Q1 V061 Terra 250m 16-day
SO1302,Buuhoodle,SO13,Togdheer,2021-01-01,0.19498071059749203,0.1968,0.11728550528645193,0.1174,0.9982817869415808,8134,0.0,0.0,pixel_reliability=0 AND MODLAND_QA(bits0-1)=0 AND VI range -2000..10000,MOD13Q1 V061 Terra 250m 16-day
SO1302,Buuhoodle,SO13,Togdheer,2021-01-17,0.1900270090931433,0.1927,0.1140502088965347,0.1151,0.998772704958272,8138,0.0,0.0,pixel_reliability=0 AND MODLAND_QA(bits0-1)=0 AND VI range -2000..10000,MOD13Q1 V061 Terra 250m 16-day
SO1302,Buuhoodle,SO13,Togdheer,2021-02-02,0.1878383627608346,0.1897,0.1144705519199901,0.1157,0.9939862542955328,8099,0.0,0.0,pixel_reliability=0 AND MODLAND_QA(bits0-1)=0 AND VI range -2000..10000,MOD13Q1 V061 Terra 250m 16-day
SO1302,Buuhoodle,SO13,Togdheer,2021-02-18,0.1849862480029495,0.1868,0.1124291262135922,0.1139,0.9986499754540992,8137,0.0,0.0,pixel_reliability=0 AND MODLAND_QA(bits0-1)=0 AND VI range -2000..10000,MOD13Q1 V061 Terra 250m 16-day
SO1302,Buuhoodle,SO13,Togdheer,2021-03-06,0.1807697427738,0.1815,0.1145944577035269,0.1148,0.9256259204712812,7542,0.0142366224840451,0.0,pixel_reliability=0 AND MODLAND_QA(bits0-1)=0 AND VI range -2000..10000,MOD13Q1 V061 Terra 250m 16-day
SO1302,Buuhoodle,SO13,Togdheer,2021-03-22,0.1838672899495633,0.1851,0.1127707836142207,0.1139,0.9976681394207167,8129,0.0,0.0,pixel_reliability=0 AND MODLAND_QA(bits0-1)=0 AND VI range -2000..10000,MOD13Q1 V061 Terra 250m 16-day
SO1302,Buuhoodle,SO13,Togdheer,2021-04-07,0.1820772687879163,0.1833,0.1132525937848211,0.1144,0.991286205203731,8077,0.0004909180166912,0.0,pixel_reliability=0 AND MODLAND_QA(bits0-1)=0 AND VI range -2000..10000,MOD13Q1 V061 Terra 250m 16-day
SO1302,Buuhoodle,SO13,Togdheer,2021-04-23,0.2153919035314384,0.214,0.1428736434108527,0.1437,0.1424889543446244,1161,0.218826705940108,0.3449926362297496,pixel_reliability=0 AND MODLAND_QA(bits0-1)=0 AND VI range -2000..10000,MOD13Q1 V061 Terra 250m 16-day
SO1302,Buuhoodle,SO13,Togdheer,2021-05-09,0.3369461259431224,0.33825,0.2172661056297156,0.2168,0.8458517427589592,6892,0.0260186548846342,0.0002454590083456,pixel_reliability=0 AND MODLAND_QA(bits0-1)=0 AND VI range -2000..10000,MOD13Q1 V061 Terra 250m 16-day
SO1302,Buuhoodle,SO13,Togdheer,2021-05-25,0.2956598059598059,0.2891,0.199654285054285,0.1965,0.5312960235640648,4329,0.1011291114383897,0.0,pixel_reliability=0 AND MODLAND_QA(bits0-1)=0 AND VI range -2000..10000,MOD13Q1 V061 Terra 250m 16-day
SO1302,Buuhoodle,SO13,Togdheer,2021-06-10,0.2076720379146919,0.2053,0.1596658767772511,0.1614,0.0258959253804614,211,0.9324987727049584,0.0007363770250368,pixel_reliability=0 AND MODLAND_QA(bits0-1)=0 AND VI range -2000..10000,MOD13Q1 V061 Terra 250m 16-day
SO1302,Buuhoodle,SO13,Togdheer,2021-06-26,0.2068995545657015,0.1932,0.1416922048997772,0.1384,0.1653166421207658,1347,0.6705940108001963,0.0001227295041728,pixel_reliability=0 AND MODLAND_QA(bits0-1)=0 AND VI range -2000..10000,MOD13Q1 V061 Terra 250m 16-day
SO1302,Buuhoodle,SO13,Togdheer,2021-07-12,0.1860580310880829,0.182,0.1332572538860104,0.13345,0.094747177221404,772,0.3221649484536082,0.2956553755522828,pixel_reliability=0 AND MODLAND_QA(bits0-1)=0 AND VI range -2000..10000,MOD13Q1 V061 Terra 250m 16-day
SO1302,Buuhoodle,SO13,Togdheer,2021-07-28,0.1819594813614262,0.174,0.1246714208535926,0.1232,0.2271723122238586,1851,0.5339960726558665,0.0,pixel_reliability=0 AND MODLAND_QA(bits0-1)=0 AND VI range -2000..10000,MOD13Q1 V061 Terra 250m 16-day
SO1302,Buuhoodle,SO13,Togdheer,2021-08-13,0.201881628760088,0.1995,0.1249919589141599,0.1245,0.8364015709376534,6815,0.0196367206676485,0.0,pixel_reliability=0 AND MODLAND_QA(bits0-1)=0 AND VI range -2000..10000,MOD13Q1 V061 Terra 250m 16-day
SO1302,Buuhoodle,SO13,Togdheer,2021-08-29,0.18494693026028214,0.18100000000000002,0.11820733161136501,0.11810000000000001,0.6176975945017182,5033,0.17415316642120765,0.0,pixel_reliability=0 AND MODLAND_QA(bits0-1)=0 AND VI range -2000..10000,MOD13Q1 V061 Terra 250m 16-day
SO1302,Buuhoodle,SO13,Togdheer,2021-09-14,0.1909775297619048,0.1889,0.12216760912698413,0.12240000000000001,0.7422680412371134,6048,0.05584192439862543,0.0,pixel_reliability=0 AND MODLAND_QA(bits0-1)=0 AND VI range -2000..10000,MOD13Q1 V061 Terra 250m 16-day
SO1302,Buuhoodle,SO13,Togdheer,2021-09-30,0.2254613405551794,0.22,0.1382593771157752,0.1367,0.3625429553264604,2954,0.3815660284732449,0.0,pixel_reliability=0 AND MODLAND_QA(bits0-1)=0 AND VI range -2000..10000,MOD13Q1 V061 Terra 250m 16-day
SO1302,Buuhoodle,SO13,Togdheer,2021-10-16,0.2404437075257991,0.2386,0.1491995846967027,0.1466,0.9752086401570936,7946,0.0003681885125184,0.0,pixel_reliability=0 AND MODLAND_QA(bits0-1)=0 AND VI range -2000..10000,MOD13Q1 V061 Terra 250m 16-day
SO1302,Buuhoodle,SO13,Togdheer,2021-11-01,0.2162549204637368,0.2176,0.133344338096522,0.1326,0.9104074619538536,7418,0.0115365733922434,0.0,pixel_reliability=0 AND MODLAND_QA(bits0-1)=0 AND VI range -2000..10000,MOD13Q1 V061 Terra 250m 16-day
SO1302,Buuhoodle,SO13,Togdheer,2021-11-17,0.204942244346116,0.2087,0.1246556293018682,0.1249,0.9985272459499264,8136,0.0,0.0,pixel_reliability=0 AND MODLAND_QA(bits0-1)=0 AND VI range -2000..10000,MOD13Q1 V061 Terra 250m 16-day
SO1302,Buuhoodle,SO13,Togdheer,2021-12-03,0.1979741256157635,0.202,0.1188059359605911,0.1192,0.9965635738831616,8120,0.0,0.0,pixel_reliability=0 AND MODLAND_QA(bits0-1)=0 AND VI range -2000..10000,MOD13Q1 V061 Terra 250m 16-day
SO1302,Buuhoodle,SO13,Togdheer,2021-12-19,0.193220979451212,0.1968,0.1155048234280792,0.1162,0.9974226804123713,8127,0.0,0.0,pixel_reliability=0 AND MODLAND_QA(bits0-1)=0 AND VI range -2000..10000,MOD13Q1 V061 Terra 250m 16-day
SO1303,Owdweyne,SO13,Togdheer,2021-01-01,0.17976431886150357,0.1772,0.11247790038156129,0.1106,0.9899948953547728,9697,0.0014293006636038796,0.0,pixel_reliability=0 AND MODLAND_QA(bits0-1)=0 AND VI range -2000..10000,MOD13Q1 V061 Terra 250m 16-day
SO1303,Owdweyne,SO13,Togdheer,2021-01-17,0.1756302600227908,0.1735,0.1101744535377603,0.1087,0.985502807554875,9653,0.0018376722817764,0.0,pixel_reliability=0 AND MODLAND_QA(bits0-1)=0 AND VI range -2000..10000,MOD13Q1 V061 Terra 250m 16-day
SO1303,Owdweyne,SO13,Togdheer,2021-02-02,0.1727975408142178,0.1712,0.1096749328373631,0.1085,0.9880551301684533,9678,0.0013272077590607,0.0,pixel_reliability=0 AND MODLAND_QA(bits0-1)=0 AND VI range -2000..10000,MOD13Q1 V061 Terra 250m 16-day
SO1303,Owdweyne,SO13,Togdheer,2021-02-18,0.168563341259175,0.1671,0.1074956580171611,0.1066,0.9875446656457376,9673,0.0016334864726901,0.0,pixel_reliability=0 AND MODLAND_QA(bits0-1)=0 AND VI range -2000..10000,MOD13Q1 V061 Terra 250m 16-day
SO1303,Owdweyne,SO13,Togdheer,2021-03-06,0.167515091999173,0.1665,0.1074524602026049,0.1067,0.9876467585502808,9674,0.0021439509954058,0.0,pixel_reliability=0 AND MODLAND_QA(bits0-1)=0 AND VI range -2000..10000,MOD13Q1 V061 Terra 250m 16-day
SO1303,Owdweyne,SO13,Togdheer,2021-03-22,0.1653411704047435,0.1643,0.1079320185614849,0.1066,0.7920367534456355,7758,0.0024502297090352,0.0,pixel_reliability=0 AND MODLAND_QA(bits0-1)=0 AND VI range -2000..10000,MOD13Q1 V061 Terra 250m 16-day
SO1303,Owdweyne,SO13,Togdheer,2021-04-07,0.1633422779706574,0.1622,0.1066696382573636,0.1051,0.9115875446656456,8929,0.0037774374680959,0.0,pixel_reliability=0 AND MODLAND_QA(bits0-1)=0 AND VI range -2000..10000,MOD13Q1 V061 Terra 250m 16-day
SO1303,Owdweyne,SO13,Togdheer,2021-04-23,0.1870577181208053,0.1852,0.116817673378076,0.1118,0.045635528330781,447,0.4408371618172537,0.2092904543134252,pixel_reliability=0 AND MODLAND_QA(bits0-1)=0 AND VI range -2000..10000,MOD13Q1 V061 Terra 250m 16-day
SO1303,Owdweyne,SO13,Togdheer,2021-05-09,0.2665180790151732,0.2601,0.1799394503292299,0.177,0.7132210311383359,6986,0.0500255232261357,0.0,pixel_reliability=0 AND MODLAND_QA(bits0-1)=0 AND VI range -2000..10000,MOD13Q1 V061 Terra 250m 16-day
SO1303,Owdweyne,SO13,Togdheer,2021-05-25,0.2586806106529976,0.2512,0.1737543013149097,0.1695,0.9161817253700868,8974,0.0245022970903522,0.0,pixel_reliability=0 AND MODLAND_QA(bits0-1)=0 AND VI range -2000..10000,MOD13Q1 V061 Terra 250m 16-day
SO1303,Owdweyne,SO13,Togdheer,2021-06-10,0.2183897474967348,0.2166,0.1456403352198519,0.1441,0.4690148034711587,4594,0.3464012251148545,0.0,pixel_reliability=0 AND MODLAND_QA(bits0-1)=0 AND VI range -2000..10000,MOD13Q1 V061 Terra 250m 16-day
SO1303,Owdweyne,SO13,Togdheer,2021-06-26,0.197421110420551,0.1961,0.1313855603894758,0.1296,0.492802450229709,4827,0.3127105666156202,0.0,pixel_reliability=0 AND MODLAND_QA(bits0-1)=0 AND VI range -2000..10000,MOD13Q1 V061 Terra 250m 16-day
SO1303,Owdweyne,SO13,Togdheer,2021-07-12,0.1880010324483776,0.1838,0.1278938053097345,0.1229,0.207656967840735,2034,0.2710566615620214,0.2868810617662072,pixel_reliability=0 AND MODLAND_QA(bits0-1)=0 AND VI range -2000..10000,MOD13Q1 V061 Terra 250m 16-day
SO1303,Owdweyne,SO13,Togdheer,2021-07-28,0.1794633084172895,0.1708,0.120985700357491,0.1131,0.3141398672792241,3077,0.4883103624298111,0.0,pixel_reliability=0 AND MODLAND_QA(bits0-1)=0 AND VI range -2000..10000,MOD13Q1 V061 Terra 250m 16-day
SO1303,Owdweyne,SO13,Togdheer,2021-08-13,0.1834905391231382,0.1782,0.1150917663100482,0.1108,0.973353751914242,9534,0.0001020929045431,0.0,pixel_reliability=0 AND MODLAND_QA(bits0-1)=0 AND VI range -2000..10000,MOD13Q1 V061 Terra 250m 16-day
SO1303,Owdweyne,SO13,Togdheer,2021-08-29,0.18482339751401414,0.1784,0.12073078235437486,0.11520000000000001,0.8377743746809597,8206,0.02736089841755998,0.0,pixel_reliability=0 AND MODLAND_QA(bits0-1)=0 AND VI range -2000..10000,MOD13Q1 V061 Terra 250m 16-day
SO1303,Owdweyne,SO13,Togdheer,2021-09-14,0.19664852602739727,0.1925,0.1284389589041096,0.1245,0.9315977539561,9125,0.012659520163348648,0.0,pixel_reliability=0 AND MODLAND_QA(bits0-1)=0 AND VI range -2000..10000,MOD13Q1 V061 Terra 250m 16-day
SO1303,Owdweyne,SO13,Togdheer,2021-09-30,0.2171345339445536,0.2157,0.136387841082733,0.1344,0.935375191424196,9162,0.0043899948953547,0.0,pixel_reliability=0 AND MODLAND_QA(bits0-1)=0 AND VI range -2000..10000,MOD13Q1 V061 Terra 250m 16-day
SO1303,Owdweyne,SO13,Togdheer,2021-10-16,0.2095051166211389,0.2069,0.136432013027947,0.1332,0.9717202654415518,9518,0.0009188361408882,0.0,pixel_reliability=0 AND MODLAND_QA(bits0-1)=0 AND VI range -2000..10000,MOD13Q1 V061 Terra 250m 16-day
SO1303,Owdweyne,SO13,Togdheer,2021-11-01,0.1971433728726147,0.194,0.1267626405363589,0.1242,0.9897907095456866,9695,0.001531393568147,0.0,pixel_reliability=0 AND MODLAND_QA(bits0-1)=0 AND VI range -2000..10000,MOD13Q1 V061 Terra 250m 16-day
SO1303,Owdweyne,SO13,Togdheer,2021-11-17,0.1873054220579174,0.1839,0.1185933764633394,0.1162,0.9941807044410412,9738,0.0006125574272588,0.0,pixel_reliability=0 AND MODLAND_QA(bits0-1)=0 AND VI range -2000..10000,MOD13Q1 V061 Terra 250m 16-day
SO1303,Owdweyne,SO13,Togdheer,2021-12-03,0.1805357971494862,0.1768,0.1152752071594299,0.1126,0.616028586013272,6034,0.0,0.0,pixel_reliability=0 AND MODLAND_QA(bits0-1)=0 AND VI range -2000..10000,MOD13Q1 V061 Terra 250m 16-day
SO1303,Owdweyne,SO13,Togdheer,2021-12-19,0.1732987546174142,0.1707,0.1095951029023746,0.1079,0.967330270546197,9475,0.0,0.0,pixel_reliability=0 AND MODLAND_QA(bits0-1)=0 AND VI range -2000..10000,MOD13Q1 V061 Terra 250m 16-day
SO1304,Sheikh,SO13,Togdheer,2021-01-01,0.24910541958041962,0.19795000000000001,0.14092054195804196,0.1275,0.9847919655667144,3432,0.000860832137733142,0.0,pixel_reliability=0 AND MODLAND_QA(bits0-1)=0 AND VI range -2000..10000,MOD13Q1 V061 Terra 250m 16-day
SO1304,Sheikh,SO13,Togdheer,2021-01-17,0.2308630113141862,0.1865,0.1361116042935886,0.1232,0.9890961262553802,3447,0.0008608321377331,0.0,pixel_reliability=0 AND MODLAND_QA(bits0-1)=0 AND VI range -2000..10000,MOD13Q1 V061 Terra 250m 16-day
SO1304,Sheikh,SO13,Togdheer,2021-02-02,0.2134503303648377,0.1789,0.1305118356794024,0.1224,0.998852223816356,3481,0.0,0.0,pixel_reliability=0 AND MODLAND_QA(bits0-1)=0 AND VI range -2000..10000,MOD13Q1 V061 Terra 250m 16-day
SO1304,Sheikh,SO13,Togdheer,2021-02-18,0.1962561423650975,0.1697,0.1198752583237657,0.1158,0.999713055954089,3484,0.0,0.0,pixel_reliability=0 AND MODLAND_QA(bits0-1)=0 AND VI range -2000..10000,MOD13Q1 V061 Terra 250m 16-day
SO1304,Sheikh,SO13,Togdheer,2021-03-06,0.1876116071428571,0.1665,0.1186910714285714,0.1148,0.9962697274031564,3472,0.0,0.0,pixel_reliability=0 AND MODLAND_QA(bits0-1)=0 AND VI range -2000..10000,MOD13Q1 V061 Terra 250m 16-day
SO1304,Sheikh,SO13,Togdheer,2021-03-22,0.179180793559517,0.162,0.1159488786658999,0.1128,0.9979913916786228,3478,0.0,0.0,pixel_reliability=0 AND MODLAND_QA(bits0-1)=0 AND VI range -2000..10000,MOD13Q1 V061 Terra 250m 16-day
SO1304,Sheikh,SO13,Togdheer,2021-04-07,0.1812307128190085,0.1597,0.115359900264007,0.1121,0.9781922525107604,3409,0.0040172166427546,0.0,pixel_reliability=0 AND MODLAND_QA(bits0-1)=0 AND VI range -2000..10000,MOD13Q1 V061 Terra 250m 16-day
SO1304,Sheikh,SO13,Togdheer,2021-04-23,0.1903467826086956,0.1657,0.1239215652173913,0.117,0.1649928263988522,575,0.4086083213773314,0.0835007173601147,pixel_reliability=0 AND MODLAND_QA(bits0-1)=0 AND VI range -2000..10000,MOD13Q1 V061 Terra 250m 16-day
SO1304,Sheikh,SO13,Togdheer,2021-05-09,0.2726213663297316,0.2477,0.1791146392471244,0.1739,0.8232424677187948,2869,0.0378766140602582,0.0,pixel_reliability=0 AND MODLAND_QA(bits0-1)=0 AND VI range -2000..10000,MOD13Q1 V061 Terra 250m 16-day
SO1304,Sheikh,SO13,Togdheer,2021-05-25,0.2635338138138138,0.2412,0.1750056756756756,0.1702,0.9555236728837876,3330,0.0097560975609756,0.0,pixel_reliability=0 AND MODLAND_QA(bits0-1)=0 AND VI range -2000..10000,MOD13Q1 V061 Terra 250m 16-day
SO1304,Sheikh,SO13,Togdheer,2021-06-10,0.2125166303874619,0.2031,0.1411234218545929,0.1392,0.6591104734576757,2297,0.1121951219512195,0.0,pixel_reliability=0 AND MODLAND_QA(bits0-1)=0 AND VI range -2000..10000,MOD13Q1 V061 Terra 250m 16-day
SO1304,Sheikh,SO13,Togdheer,2021-06-26,0.1853419792498004,0.1813,0.1262035115722266,0.1256,0.7190817790530847,2506,0.1144906743185078,0.0,pixel_reliability=0 AND MODLAND_QA(bits0-1)=0 AND VI range -2000..10000,MOD13Q1 V061 Terra 250m 16-day
SO1304,Sheikh,SO13,Togdheer,2021-07-12,0.1840573273942093,0.1758,0.1219770601336302,0.1194,0.6441893830703013,2245,0.109325681492109,0.0157819225251076,pixel_reliability=0 AND MODLAND_QA(bits0-1)=0 AND VI range -2000..10000,MOD13Q1 V061 Terra 250m 16-day
SO1304,Sheikh,SO13,Togdheer,2021-07-28,0.1761856719367589,0.1677,0.1194872035573122,0.1191,0.5807747489239599,2024,0.2020086083213773,0.0,pixel_reliability=0 AND MODLAND_QA(bits0-1)=0 AND VI range -2000..10000,MOD13Q1 V061 Terra 250m 16-day
SO1304,Sheikh,SO13,Togdheer,2021-08-13,0.1995503324468085,0.1854,0.120560039893617,0.1189,0.8631276901004304,3008,0.0028694404591104,0.0,pixel_reliability=0 AND MODLAND_QA(bits0-1)=0 AND VI range -2000..10000,MOD13Q1 V061 Terra 250m 16-day
SO1304,Sheikh,SO13,Togdheer,2021-08-29,0.18087026169706583,0.17585,0.12244389373513084,0.12345,0.7236728837876614,2522,0.14203730272596843,0.0,pixel_reliability=0 AND MODLAND_QA(bits0-1)=0 AND VI range -2000..10000,MOD13Q1 V061 Terra 250m 16-day
SO1304,Sheikh,SO13,Togdheer,2021-09-14,0.20599213375796177,0.19160000000000002,0.13979859872611466,0.13535000000000003,0.9010043041606887,3140,0.02410329985652798,0.0,pixel_reliability=0 AND MODLAND_QA(bits0-1)=0 AND VI range -2000..10000,MOD13Q1 V061 Terra 250m 16-day
SO1304,Sheikh,SO13,Togdheer,2021-09-30,0.2703171980380135,0.23355,0.1604452483139178,0.1494,0.9360114777618364,3262,0.0103299856527977,0.0,pixel_reliability=0 AND MODLAND_QA(bits0-1)=0 AND VI range -2000..10000,MOD13Q1 V061 Terra 250m 16-day
SO1304,Sheikh,SO13,Togdheer,2021-10-16,0.279905005787037,0.239,0.1836741319444444,0.1668,0.9916786226685796,3456,0.0,0.0,pixel_reliability=0 AND MODLAND_QA(bits0-1)=0 AND VI range -2000..10000,MOD13Q1 V061 Terra 250m 16-day
SO1304,Sheikh,SO13,Togdheer,2021-11-01,0.276458698156682,0.22745,0.1738588133640553,0.1547,0.9962697274031564,3472,0.000286944045911,0.0,pixel_reliability=0 AND MODLAND_QA(bits0-1)=0 AND VI range -2000..10000,MOD13Q1 V061 Terra 250m 16-day
SO1304,Sheikh,SO13,Togdheer,2021-11-17,0.2577338612150878,0.2096,0.1507625395911316,0.1372,0.9965566714490676,3473,0.0,0.0,pixel_reliability=0 AND MODLAND_QA(bits0-1)=0 AND VI range -2000..10000,MOD13Q1 V061 Terra 250m 16-day
SO1304,Sheikh,SO13,Togdheer,2021-12-03,0.2224044770044769,0.1871,0.1391862433862433,0.1282,0.7050215208034434,2457,0.0,0.0,pixel_reliability=0 AND MODLAND_QA(bits0-1)=0 AND VI range -2000..10000,MOD13Q1 V061 Terra 250m 16-day
SO1304,Sheikh,SO13,Togdheer,2021-12-19,0.2265547158758055,0.187,0.1343719097832454,0.1242,0.9796269727403156,3414,0.0031563845050215,0.0,pixel_reliability=0 AND MODLAND_QA(bits0-1)=0 AND VI range -2000..10000,MOD13Q1 V061 Terra 250m 16-day
SO1401,Laas Caanood,SO14,Sool,2021-01-01,0.15553963950202399,0.1476,0.11097581913999847,0.1092,0.9737468392086865,13093,0.0,0.0,pixel_reliability=0 AND MODLAND_QA(bits0-1)=0 AND VI range -2000..10000,MOD13Q1 V061 Terra 250m 16-day
SO1401,Laas Caanood,SO14,Sool,2021-01-17,0.1500753136166654,0.1442,0.1082765832889835,0.1075,0.9782091328276068,13153,7.437156031533541e-05,0.0,pixel_reliability=0 AND MODLAND_QA(bits0-1)=0 AND VI range -2000..10000,MOD13Q1 V061 Terra 250m 16-day
SO1401,Laas Caanood,SO14,Sool,2021-02-02,0.147865266595777,0.143,0.1065922755582561,0.106,0.979175963111706,13166,0.0,0.0,pixel_reliability=0 AND MODLAND_QA(bits0-1)=0 AND VI range -2000..10000,MOD13Q1 V061 Terra 250m 16-day
SO1401,Laas Caanood,SO14,Sool,2021-02-18,0.1421489666510098,0.138,0.1029473461719117,0.1029,0.9500223114680946,12774,0.0,0.0,pixel_reliability=0 AND MODLAND_QA(bits0-1)=0 AND VI range -2000..10000,MOD13Q1 V061 Terra 250m 16-day
SO1401,Laas Caanood,SO14,Sool,2021-03-06,0.1421810888252149,0.1379,0.1056827125119388,0.1052,0.934404283801874,12564,7.437156031533541e-05,0.0,pixel_reliability=0 AND MODLAND_QA(bits0-1)=0 AND VI range -2000..10000,MOD13Q1 V061 Terra 250m 16-day
SO1401,Laas Caanood,SO14,Sool,2021-03-22,0.1401212063876485,0.1373,0.1052520245213047,0.1048,0.9826714264465268,13213,0.0005949724825226,0.0,pixel_reliability=0 AND MODLAND_QA(bits0-1)=0 AND VI range -2000..10000,MOD13Q1 V061 Terra 250m 16-day
SO1401,Laas Caanood,SO14,Sool,2021-04-07,0.141262370849436,0.1382,0.1045685069800457,0.1042,0.9429570132381376,12679,0.0,0.0,pixel_reliability=0 AND MODLAND_QA(bits0-1)=0 AND VI range -2000..10000,MOD13Q1 V061 Terra 250m 16-day
SO1401,Laas Caanood,SO14,Sool,2021-04-23,0.1660796367851623,0.1602,0.1237140649149922,0.1201,0.192473598096088,2588,0.2978580990629183,0.1418265655213446,pixel_reliability=0 AND MODLAND_QA(bits0-1)=0 AND VI range -2000..10000,MOD13Q1 V061 Terra 250m 16-day
SO1401,Laas Caanood,SO14,Sool,2021-05-09,0.2335549295774647,0.2329,0.1648427836683019,0.1658,0.939907779265209,12638,0.0094451881600475,0.000669344042838,pixel_reliability=0 AND MODLAND_QA(bits0-1)=0 AND VI range -2000..10000,MOD13Q1 V061 Terra 250m 16-day
SO1401,Laas Caanood,SO14,Sool,2021-05-25,0.2007838316722037,0.1961,0.1499572233967583,0.1454,0.7387327086122267,9933,0.0648520005949724,0.0,pixel_reliability=0 AND MODLAND_QA(bits0-1)=0 AND VI range -2000..10000,MOD13Q1 V061 Terra 250m 16-day
SO1401,Laas Caanood,SO14,Sool,2021-06-10,0.1612330730418068,0.157,0.124792431523306,0.1226,0.619068868064852,8324,0.2086122266845158,0.0,pixel_reliability=0 AND MODLAND_QA(bits0-1)=0 AND VI range -2000..10000,MOD13Q1 V061 Terra 250m 16-day
SO1401,Laas Caanood,SO14,Sool,2021-06-26,0.1580889186242442,0.1551,0.118569610466845,0.1173,0.750334672021419,10089,0.1276959690614309,0.0,pixel_reliability=0 AND MODLAND_QA(bits0-1)=0 AND VI range -2000..10000,MOD13Q1 V061 Terra 250m 16-day
SO1401,Laas Caanood,SO14,Sool,2021-07-12,0.1481261215629522,0.1466,0.1146440424505547,0.1148,0.3083444890673806,4146,0.274505429123903,0.0899152164212405,pixel_reliability=0 AND MODLAND_QA(bits0-1)=0 AND VI range -2000..10000,MOD13Q1 V061 Terra 250m 16-day
SO1401,Laas Caanood,SO14,Sool,2021-07-28,0.1482181866666666,0.1468,0.1107764533333333,0.1093,0.8366800535475234,11250,0.0432098765432098,0.0,pixel_reliability=0 AND MODLAND_QA(bits0-1)=0 AND VI range -2000..10000,MOD13Q1 V061 Terra 250m 16-day
SO1401,Laas Caanood,SO14,Sool,2021-08-13,0.1509894063180828,0.1482,0.1089580791575889,0.1077,0.8192771084337349,11016,0.00223114680946,0.0,pixel_reliability=0 AND MODLAND_QA(bits0-1)=0 AND VI range -2000..10000,MOD13Q1 V061 Terra 250m 16-day
SO1401,Laas Caanood,SO14,Sool,2021-08-29,0.1449560593362387,0.1437,0.10939699128394234,0.1085,0.8874014576825822,11932,0.023129555258069315,0.0,pixel_reliability=0 AND MODLAND_QA(bits0-1)=0 AND VI range -2000..10000,MOD13Q1 V061 Terra 250m 16-day
SO1401,Laas Caanood,SO14,Sool,2021-09-14,0.1471810049019608,0.1447,0.10753852941176471,0.10650000000000001,0.9103078982597055,12240,0.003272348653874758,0.0,pixel_reliability=0 AND MODLAND_QA(bits0-1)=0 AND VI range -2000..10000,MOD13Q1 V061 Terra 250m 16-day
SO1401,Laas Caanood,SO14,Sool,2021-09-30,0.1790093592424056,0.1683,0.1301339318656992,0.125,0.6047151569239922,8131,0.1932173136992414,7.437156031533541e-05,pixel_reliability=0 AND MODLAND_QA(bits0-1)=0 AND VI range -2000..10000,MOD13Q1 V061 Terra 250m 16-day
SO1401,Laas Caanood,SO14,Sool,2021-10-16,0.1762204462975831,0.1623,0.1291099606208015,0.121,0.963186077643909,12951,7.437156031533541e-05,0.0,pixel_reliability=0 AND MODLAND_QA(bits0-1)=0 AND VI range -2000..10000,MOD13Q1 V061 Terra 250m 16-day
SO1401,Laas Caanood,SO14,Sool,2021-11-01,0.1603146925858951,0.1522,0.1163168173598553,0.1123,0.9870593485051316,13272,7.437156031533541e-05,0.0,pixel_reliability=0 AND MODLAND_QA(bits0-1)=0 AND VI range -2000..10000,MOD13Q1 V061 Terra 250m 16-day
SO1401,Laas Caanood,SO14,Sool,2021-11-17,0.1504942469639216,0.1445,0.1104860562006914,0.1094,0.8389855719172988,11281,0.0,0.0,pixel_reliability=0 AND MODLAND_QA(bits0-1)=0 AND VI range -2000..10000,MOD13Q1 V061 Terra 250m 16-day
SO1401,Laas Caanood,SO14,Sool,2021-12-03,0.1486842236118436,0.1446,0.1069219920138627,0.1062,0.987133720065447,13273,0.000223114680946,0.0,pixel_reliability=0 AND MODLAND_QA(bits0-1)=0 AND VI range -2000..10000,MOD13Q1 V061 Terra 250m 16-day
SO1401,Laas Caanood,SO14,Sool,2021-12-19,0.146160969367972,0.1427,0.1024498797983714,0.1022,0.9590212702662502,12895,7.437156031533541e-05,0.0,pixel_reliability=0 AND MODLAND_QA(bits0-1)=0 AND VI range -2000..10000,MOD13Q1 V061 Terra 250m 16-day
SO1402,Caynabo,SO14,Sool,2021-01-01,0.1685381891479625,0.16720000000000002,0.11027791457833952,0.10890000000000001,0.9811845199914475,9178,0.0024588411374812913,0.0,pixel_reliability=0 AND MODLAND_QA(bits0-1)=0 AND VI range -2000..10000,MOD13Q1 V061 Terra 250m 16-day
SO1402,Caynabo,SO14,Sool,2021-01-17,0.1642008608630151,0.163,0.1074841601205208,0.1063,0.993478725678854,9293,0.0002138122728244,0.0,pixel_reliability=0 AND MODLAND_QA(bits0-1)=0 AND VI range -2000..10000,MOD13Q1 V061 Terra 250m 16-day
SO1402,Caynabo,SO14,Sool,2021-02-02,0.1617291200885445,0.1614,0.1076945766463752,0.1072,0.9658969424844986,9035,0.0019243104554201,0.0,pixel_reliability=0 AND MODLAND_QA(bits0-1)=0 AND VI range -2000..10000,MOD13Q1 V061 Terra 250m 16-day
SO1402,Caynabo,SO14,Sool,2021-02-18,0.1576846651569071,0.1577,0.1049630540278227,0.1049,0.9913406029506092,9273,0.0004276245456489,0.0,pixel_reliability=0 AND MODLAND_QA(bits0-1)=0 AND VI range -2000..10000,MOD13Q1 V061 Terra 250m 16-day
SO1402,Caynabo,SO14,Sool,2021-03-06,0.1555964156129741,0.1558,0.1065241231445849,0.1065,0.9723113106692324,9095,0.0013897797733589,0.0,pixel_reliability=0 AND MODLAND_QA(bits0-1)=0 AND VI range -2000..10000,MOD13Q1 V061 Terra 250m 16-day
SO1402,Caynabo,SO14,Sool,2021-03-22,0.1544681660147761,0.1548,0.1044786288570187,0.1045,0.9839640795381654,9204,0.0013897797733589,0.0,pixel_reliability=0 AND MODLAND_QA(bits0-1)=0 AND VI range -2000..10000,MOD13Q1 V061 Terra 250m 16-day
SO1402,Caynabo,SO14,Sool,2021-04-07,0.152671931600855,0.1524,0.1048982337720778,0.1049,0.950288646568313,8889,0.0070558050032071,0.0,pixel_reliability=0 AND MODLAND_QA(bits0-1)=0 AND VI range -2000..10000,MOD13Q1 V061 Terra 250m 16-day
SO1402,Caynabo,SO14,Sool,2021-04-23,0.2241689984591679,0.2179,0.1488130662557781,0.1427,0.3469104126576866,3245,0.2141329912336968,0.1067992302758178,pixel_reliability=0 AND MODLAND_QA(bits0-1)=0 AND VI range -2000..10000,MOD13Q1 V061 Terra 250m 16-day
SO1402,Caynabo,SO14,Sool,2021-05-09,0.2690515204286671,0.2613,0.1853838580040187,0.1805,0.7980543083172974,7465,0.0578362197990164,0.0,pixel_reliability=0 AND MODLAND_QA(bits0-1)=0 AND VI range -2000..10000,MOD13Q1 V061 Terra 250m 16-day
SO1402,Caynabo,SO14,Sool,2021-05-25,0.2537136194029851,0.2503,0.1735162313432836,0.1699,0.6303185802865084,5896,0.0284370322856531,0.0,pixel_reliability=0 AND MODLAND_QA(bits0-1)=0 AND VI range -2000..10000,MOD13Q1 V061 Terra 250m 16-day
SO1402,Caynabo,SO14,Sool,2021-06-10,0.2204342168674699,0.2188,0.1489610441767068,0.1477,0.2661962796664529,2490,0.5341030575155014,0.0,pixel_reliability=0 AND MODLAND_QA(bits0-1)=0 AND VI range -2000..10000,MOD13Q1 V061 Terra 250m 16-day
SO1402,Caynabo,SO14,Sool,2021-06-26,0.1932722332670643,0.1911,0.1329020101612547,0.1314,0.4839640795381655,4527,0.1805644644002565,0.0010690613641223,pixel_reliability=0 AND MODLAND_QA(bits0-1)=0 AND VI range -2000..10000,MOD13Q1 V061 Terra 250m 16-day
SO1402,Caynabo,SO14,Sool,2021-07-12,0.1784658008658008,0.1762,0.1239414862914863,0.1234,0.1481719050673508,1386,0.4123369681419713,0.083172974128715,pixel_reliability=0 AND MODLAND_QA(bits0-1)=0 AND VI range -2000..10000,MOD13Q1 V061 Terra 250m 16-day
SO1402,Caynabo,SO14,Sool,2021-07-28,0.1665050874918989,0.1658,0.1188412508101101,0.1187,0.329912336968142,3086,0.3665811417575368,0.0,pixel_reliability=0 AND MODLAND_QA(bits0-1)=0 AND VI range -2000..10000,MOD13Q1 V061 Terra 250m 16-day
SO1402,Caynabo,SO14,Sool,2021-08-13,0.1713227326519634,0.1703,0.1126597310381925,0.1112,0.9936925379516784,9295,0.0006414368184733,0.0,pixel_reliability=0 AND MODLAND_QA(bits0-1)=0 AND VI range -2000..10000,MOD13Q1 V061 Terra 250m 16-day
SO1402,Caynabo,SO14,Sool,2021-08-29,0.16929481075934302,0.1678,0.11542020947393479,0.1129,0.8982253581355569,8402,0.014325422279238829,0.0,pixel_reliability=0 AND MODLAND_QA(bits0-1)=0 AND VI range -2000..10000,MOD13Q1 V061 Terra 250m 16-day
SO1402,Caynabo,SO14,Sool,2021-09-14,0.17155213912656964,0.1683,0.11717383042560285,0.11470000000000001,0.9620483215736584,8999,0.004383151592901433,0.0,pixel_reliability=0 AND MODLAND_QA(bits0-1)=0 AND VI range -2000..10000,MOD13Q1 V061 Terra 250m 16-day
SO1402,Caynabo,SO14,Sool,2021-09-30,0.1964103516452478,0.1922,0.1283087417031492,0.1261,0.7570023519350011,7081,0.0357066495616848,0.0,pixel_reliability=0 AND MODLAND_QA(bits0-1)=0 AND VI range -2000..10000,MOD13Q1 V061 Terra 250m 16-day
SO1402,Caynabo,SO14,Sool,2021-10-16,0.2064775608159703,0.2018,0.1399334351478128,0.1373,0.980008552490913,9167,0.0019243104554201,0.0,pixel_reliability=0 AND MODLAND_QA(bits0-1)=0 AND VI range -2000..10000,MOD13Q1 V061 Terra 250m 16-day
SO1402,Caynabo,SO14,Sool,2021-11-01,0.189693298913628,0.1843,0.1271691620952995,0.1244,0.9939063502245028,9297,0.0002138122728244,0.0,pixel_reliability=0 AND MODLAND_QA(bits0-1)=0 AND VI range -2000..10000,MOD13Q1 V061 Terra 250m 16-day
SO1402,Caynabo,SO14,Sool,2021-11-17,0.177884191733391,0.1733,0.1180223977494048,0.1163,0.9880265127218304,9242,0.0024588411374812,0.0,pixel_reliability=0 AND MODLAND_QA(bits0-1)=0 AND VI range -2000..10000,MOD13Q1 V061 Terra 250m 16-day
SO1402,Caynabo,SO14,Sool,2021-12-03,0.1698350443051653,0.1658,0.1126900367408688,0.1107,0.989309386358777,9254,0.00096215522771,0.0,pixel_reliability=0 AND MODLAND_QA(bits0-1)=0 AND VI range -2000..10000,MOD13Q1 V061 Terra 250m 16-day
SO1402,Caynabo,SO14,Sool,2021-12-19,0.1638583704508419,0.161,0.1079332428028245,0.1067,0.9840709856745776,9205,0.0013897797733589,0.0,pixel_reliability=0 AND MODLAND_QA(bits0-1)=0 AND VI range -2000..10000,MOD13Q1 V061 Terra 250m 16-day
SO1403,Taleex,SO14,Sool,2021-01-01,0.14256088041525256,0.13920000000000002,0.10558461768816133,0.10260000000000001,0.9830242370719262,10018,0.0,0.0,pixel_reliability=0 AND MODLAND_QA(bits0-1)=0 AND VI range -2000..10000,MOD13Q1 V061 Terra 250m 16-day
SO1403,Taleex,SO14,Sool,2021-01-17,0.1404776253454402,0.13745,0.1049003849190682,0.102,0.994210577960946,10132,9.812579727210284e-05,0.0,pixel_reliability=0 AND MODLAND_QA(bits0-1)=0 AND VI range -2000..10000,MOD13Q1 V061 Terra 250m 16-day
SO1403,Taleex,SO14,Sool,2021-02-02,0.1394997139475241,0.1369,0.1046017754981258,0.1021,0.9947993327445784,10138,0.0,0.0,pixel_reliability=0 AND MODLAND_QA(bits0-1)=0 AND VI range -2000..10000,MOD13Q1 V061 Terra 250m 16-day
SO1403,Taleex,SO14,Sool,2021-02-18,0.1355980232791491,0.1336,0.1018524182219546,0.0997,0.9779216956137768,9966,0.0001962515945442,0.0,pixel_reliability=0 AND MODLAND_QA(bits0-1)=0 AND VI range -2000..10000,MOD13Q1 V061 Terra 250m 16-day
SO1403,Taleex,SO14,Sool,2021-03-06,0.135587010799564,0.134,0.1032994649757257,0.1005,0.990383671867334,10093,0.0,0.0,pixel_reliability=0 AND MODLAND_QA(bits0-1)=0 AND VI range -2000..10000,MOD13Q1 V061 Terra 250m 16-day
SO1403,Taleex,SO14,Sool,2021-03-22,0.1352399059153237,0.134,0.1045010009008107,0.1026,0.9803748405455794,9991,0.0007850063781768,0.0,pixel_reliability=0 AND MODLAND_QA(bits0-1)=0 AND VI range -2000..10000,MOD13Q1 V061 Terra 250m 16-day
SO1403,Taleex,SO14,Sool,2021-04-07,0.1329162438544739,0.1319,0.101814808259587,0.0996,0.997939358257286,10170,0.0,0.0,pixel_reliability=0 AND MODLAND_QA(bits0-1)=0 AND VI range -2000..10000,MOD13Q1 V061 Terra 250m 16-day
SO1403,Taleex,SO14,Sool,2021-04-23,0.1724404055766793,0.1735,0.1269768567807351,0.1243,0.3871062702384457,3945,0.375919929349426,0.0088313217544892,pixel_reliability=0 AND MODLAND_QA(bits0-1)=0 AND VI range -2000..10000,MOD13Q1 V061 Terra 250m 16-day
SO1403,Taleex,SO14,Sool,2021-05-09,0.1807599415861604,0.18075,0.1370915299932599,0.1341,0.8735158473162594,8902,0.0215876753998626,9.812579727210284e-05,pixel_reliability=0 AND MODLAND_QA(bits0-1)=0 AND VI range -2000..10000,MOD13Q1 V061 Terra 250m 16-day
SO1403,Taleex,SO14,Sool,2021-05-25,0.1745649826409673,0.1731,0.1359729438525081,0.1326,0.819644784613875,8353,0.0091256991463055,0.0,pixel_reliability=0 AND MODLAND_QA(bits0-1)=0 AND VI range -2000..10000,MOD13Q1 V061 Terra 250m 16-day
SO1403,Taleex,SO14,Sool,2021-06-10,0.1498844541361846,0.1503,0.1177362689926843,0.1166,0.697478167010107,7108,0.1131390442547345,0.0,pixel_reliability=0 AND MODLAND_QA(bits0-1)=0 AND VI range -2000..10000,MOD13Q1 V061 Terra 250m 16-day
SO1403,Taleex,SO14,Sool,2021-06-26,0.1456624295302013,0.1462,0.1086393959731543,0.1076,0.7310371896771661,7450,0.1295260523991757,0.0,pixel_reliability=0 AND MODLAND_QA(bits0-1)=0 AND VI range -2000..10000,MOD13Q1 V061 Terra 250m 16-day
SO1403,Taleex,SO14,Sool,2021-07-12,0.1442595588235294,0.1447,0.1036445855614973,0.1029,0.2935923854381317,2992,0.3281326660779118,0.0857619468158178,pixel_reliability=0 AND MODLAND_QA(bits0-1)=0 AND VI range -2000..10000,MOD13Q1 V061 Terra 250m 16-day
SO1403,Taleex,SO14,Sool,2021-07-28,0.1365142568477772,0.1358,0.1068522339470139,0.1041,0.874104602099892,8908,0.0051025414581493,0.0,pixel_reliability=0 AND MODLAND_QA(bits0-1)=0 AND VI range -2000..10000,MOD13Q1 V061 Terra 250m 16-day
SO1403,Taleex,SO14,Sool,2021-08-13,0.1369415698621214,0.136,0.101659255238302,0.0996,0.9038367186733391,9211,0.0021587675399862,0.0,pixel_reliability=0 AND MODLAND_QA(bits0-1)=0 AND VI range -2000..10000,MOD13Q1 V061 Terra 250m 16-day
SO1403,Taleex,SO14,Sool,2021-08-29,0.13593363905023947,0.13570000000000002,0.10369312136961174,0.10110000000000001,0.9629084486311451,9813,0.0020606417427141595,0.0,pixel_reliability=0 AND MODLAND_QA(bits0-1)=0 AND VI range -2000..10000,MOD13Q1 V061 Terra 250m 16-day
SO1403,Taleex,SO14,Sool,2021-09-14,0.13617323176268792,0.1356,0.10306005448491576,0.1004,0.9725247767638112,9911,0.0,0.0,pixel_reliability=0 AND MODLAND_QA(bits0-1)=0 AND VI range -2000..10000,MOD13Q1 V061 Terra 250m 16-day
SO1403,Taleex,SO14,Sool,2021-09-30,0.1482185247883918,0.1409,0.1074654292623941,0.1034,0.8115003434402904,8270,0.0435678539888136,0.0,pixel_reliability=0 AND MODLAND_QA(bits0-1)=0 AND VI range -2000..10000,MOD13Q1 V061 Terra 250m 16-day
SO1403,Taleex,SO14,Sool,2021-10-16,0.1640407218556288,0.1612,0.1239812537492501,0.1193,0.9814542243155726,10002,0.0002943773918163,0.0,pixel_reliability=0 AND MODLAND_QA(bits0-1)=0 AND VI range -2000..10000,MOD13Q1 V061 Terra 250m 16-day
SO1403,Taleex,SO14,Sool,2021-11-01,0.1557104982385505,0.1544,0.1176531655762456,0.1143,0.9748797958983416,9935,0.0002943773918163,0.0,pixel_reliability=0 AND MODLAND_QA(bits0-1)=0 AND VI range -2000..10000,MOD13Q1 V061 Terra 250m 16-day
SO1403,Taleex,SO14,Sool,2021-11-17,0.1475179840902225,0.1469,0.1114676568321418,0.1088,0.9744872927092532,9931,0.0,0.0,pixel_reliability=0 AND MODLAND_QA(bits0-1)=0 AND VI range -2000..10000,MOD13Q1 V061 Terra 250m 16-day
SO1403,Taleex,SO14,Sool,2021-12-03,0.1426581556022829,0.1419,0.1065351156503454,0.1039,0.979982337356491,9987,0.0,0.0,pixel_reliability=0 AND MODLAND_QA(bits0-1)=0 AND VI range -2000..10000,MOD13Q1 V061 Terra 250m 16-day
SO1403,Taleex,SO14,Sool,2021-12-19,0.139313582696696,0.1384,0.1033653040976287,0.1006,0.9890099107055244,10079,0.0,0.0,pixel_reliability=0 AND MODLAND_QA(bits0-1)=0 AND VI range -2000..10000,MOD13Q1 V061 Terra 250m 16-day
SO1404,Xudun,SO14,Sool,2021-01-01,0.14007605833885786,0.1385,0.10279627805663417,0.1017,0.9705855317584337,10559,0.0001838404265097895,0.0,pixel_reliability=0 AND MODLAND_QA(bits0-1)=0 AND VI range -2000..10000,MOD13Q1 V061 Terra 250m 16-day
SO1404,Xudun,SO14,Sool,2021-01-17,0.1373382707962945,0.1361,0.1015390100121643,0.1003,0.9823513190550602,10687,9.192021325489476e-05,0.0,pixel_reliability=0 AND MODLAND_QA(bits0-1)=0 AND VI range -2000..10000,MOD13Q1 V061 Terra 250m 16-day
SO1404,Xudun,SO14,Sool,2021-02-02,0.1380249578730575,0.137,0.102786584909193,0.1016,0.9818917179887856,10682,9.192021325489476e-05,0.0,pixel_reliability=0 AND MODLAND_QA(bits0-1)=0 AND VI range -2000..10000,MOD13Q1 V061 Terra 250m 16-day
SO1404,Xudun,SO14,Sool,2021-02-18,0.1331699364303178,0.1322,0.099034640586797,0.0982,0.9398841805312989,10225,0.0,0.0,pixel_reliability=0 AND MODLAND_QA(bits0-1)=0 AND VI range -2000..10000,MOD13Q1 V061 Terra 250m 16-day
SO1404,Xudun,SO14,Sool,2021-03-06,0.1345961680386034,0.1336,0.1028345917305326,0.1018,0.9715047338909826,10569,0.0,0.0,pixel_reliability=0 AND MODLAND_QA(bits0-1)=0 AND VI range -2000..10000,MOD13Q1 V061 Terra 250m 16-day
SO1404,Xudun,SO14,Sool,2021-03-22,0.1317105727717548,0.1311,0.1015138156001151,0.1003,0.958084382755768,10423,0.0002757606397646,0.0,pixel_reliability=0 AND MODLAND_QA(bits0-1)=0 AND VI range -2000..10000,MOD13Q1 V061 Terra 250m 16-day
SO1404,Xudun,SO14,Sool,2021-04-07,0.1309451943895321,0.1303,0.1001347641909065,0.0992,0.9764684254067468,10623,0.0,0.0,pixel_reliability=0 AND MODLAND_QA(bits0-1)=0 AND VI range -2000..10000,MOD13Q1 V061 Terra 250m 16-day
SO1404,Xudun,SO14,Sool,2021-04-23,0.1671266124936516,0.1636,0.1195361097003555,0.1181,0.1809908998988877,1969,0.4295431565401231,0.0747311333762294,pixel_reliability=0 AND MODLAND_QA(bits0-1)=0 AND VI range -2000..10000,MOD13Q1 V061 Terra 250m 16-day
SO1404,Xudun,SO14,Sool,2021-05-09,0.2238791430440471,0.2156,0.1621409507195813,0.1569,0.8430921959738946,9172,0.0385145693538009,0.0,pixel_reliability=0 AND MODLAND_QA(bits0-1)=0 AND VI range -2000..10000,MOD13Q1 V061 Terra 250m 16-day
SO1404,Xudun,SO14,Sool,2021-05-25,0.1981476648887732,0.1925,0.1502292701964355,0.1455,0.706590679290376,7687,0.0329993565585072,0.0,pixel_reliability=0 AND MODLAND_QA(bits0-1)=0 AND VI range -2000..10000,MOD13Q1 V061 Terra 250m 16-day
SO1404,Xudun,SO14,Sool,2021-06-10,0.1624944639376218,0.1625,0.1259461598440545,0.1249,0.235775346998805,2565,0.5811195881974446,0.0,pixel_reliability=0 AND MODLAND_QA(bits0-1)=0 AND VI range -2000..10000,MOD13Q1 V061 Terra 250m 16-day
SO1404,Xudun,SO14,Sool,2021-06-26,0.1649766178353008,0.163,0.1231940975679135,0.1212,0.646291019395165,7031,0.1259306921592058,0.0,pixel_reliability=0 AND MODLAND_QA(bits0-1)=0 AND VI range -2000..10000,MOD13Q1 V061 Terra 250m 16-day
SO1404,Xudun,SO14,Sool,2021-07-12,0.1557147435897435,0.15405,0.1196772435897435,0.1188,0.0286791065355271,312,0.4098722309035757,0.2652817354536262,pixel_reliability=0 AND MODLAND_QA(bits0-1)=0 AND VI range -2000..10000,MOD13Q1 V061 Terra 250m 16-day
SO1404,Xudun,SO14,Sool,2021-07-28,0.1515086267311864,0.1504,0.1177476555981979,0.1163,0.5508778380365843,5993,0.1176578729662652,0.0,pixel_reliability=0 AND MODLAND_QA(bits0-1)=0 AND VI range -2000..10000,MOD13Q1 V061 Terra 250m 16-day
SO1404,Xudun,SO14,Sool,2021-08-13,0.1563414657799944,0.155,0.113932668329177,0.1125,0.6634800992738303,7218,0.0001838404265097,0.0,pixel_reliability=0 AND MODLAND_QA(bits0-1)=0 AND VI range -2000..10000,MOD13Q1 V061 Terra 250m 16-day
SO1404,Xudun,SO14,Sool,2021-08-29,0.14956612554112556,0.14830000000000002,0.11420589334907517,0.1131,0.9342770475227502,10164,0.003768728743450685,0.0,pixel_reliability=0 AND MODLAND_QA(bits0-1)=0 AND VI range -2000..10000,MOD13Q1 V061 Terra 250m 16-day
SO1404,Xudun,SO14,Sool,2021-09-14,0.15448487227909752,0.1512,0.1159218864923964,0.1139,0.9248092655574961,10061,0.0,0.0,pixel_reliability=0 AND MODLAND_QA(bits0-1)=0 AND VI range -2000..10000,MOD13Q1 V061 Terra 250m 16-day
SO1404,Xudun,SO14,Sool,2021-09-30,0.1990455975609756,0.1941,0.1356095121951219,0.1336,0.753745748690137,8200,0.0096516223917639,0.0,pixel_reliability=0 AND MODLAND_QA(bits0-1)=0 AND VI range -2000..10000,MOD13Q1 V061 Terra 250m 16-day
SO1404,Xudun,SO14,Sool,2021-10-16,0.1720767625493514,0.16555,0.1293197029516826,0.1249,0.9778472286055704,10638,9.192021325489476e-05,0.0,pixel_reliability=0 AND MODLAND_QA(bits0-1)=0 AND VI range -2000..10000,MOD13Q1 V061 Terra 250m 16-day
SO1404,Xudun,SO14,Sool,2021-11-01,0.1574559951591882,0.1529,0.1183346024948799,0.1155,0.9874069307840794,10742,9.192021325489476e-05,0.0,pixel_reliability=0 AND MODLAND_QA(bits0-1)=0 AND VI range -2000..10000,MOD13Q1 V061 Terra 250m 16-day
SO1404,Xudun,SO14,Sool,2021-11-17,0.1498925853658536,0.1468,0.1129922243902439,0.1115,0.9421821858626712,10250,0.0,0.0,pixel_reliability=0 AND MODLAND_QA(bits0-1)=0 AND VI range -2000..10000,MOD13Q1 V061 Terra 250m 16-day
SO1404,Xudun,SO14,Sool,2021-12-03,0.1444480232885716,0.1415,0.1074941309043102,0.1058,0.9788583509513742,10649,0.0001838404265097,0.0,pixel_reliability=0 AND MODLAND_QA(bits0-1)=0 AND VI range -2000..10000,MOD13Q1 V061 Terra 250m 16-day
SO1404,Xudun,SO14,Sool,2021-12-19,0.1411150485894896,0.1384,0.1036573072931408,0.1023,0.9742623402886296,10599,0.0002757606397646,0.0,pixel_reliability=0 AND MODLAND_QA(bits0-1)=0 AND VI range -2000..10000,MOD13Q1 V061 Terra 250m 16-day
SO1501,Ceerigaabo,SO15,Sanaag,2021-01-01,0.17195425286565003,0.14120000000000002,0.11716637981480843,0.10450000000000001,0.9571993410214168,29051,0.0023064250411861617,0.00013179571663920922,pixel_reliability=0 AND MODLAND_QA(bits0-1)=0 AND VI range -2000..10000,MOD13Q1 V061 Terra 250m 16-day
SO1501,Ceerigaabo,SO15,Sanaag,2021-01-17,0.1677657981236732,0.1382,0.1142568787235499,0.1021,0.962306425041186,29206,0.0022405271828665,6.589785831960461e-05,pixel_reliability=0 AND MODLAND_QA(bits0-1)=0 AND VI range -2000..10000,MOD13Q1 V061 Terra 250m 16-day
SO1501,Ceerigaabo,SO15,Sanaag,2021-02-02,0.1620740140483125,0.1362,0.1109346308034949,0.1002,0.9616144975288304,29185,0.000658978583196,0.0,pixel_reliability=0 AND MODLAND_QA(bits0-1)=0 AND VI range -2000..10000,MOD13Q1 V061 Terra 250m 16-day
SO1501,Ceerigaabo,SO15,Sanaag,2021-02-18,0.1546153699047349,0.1323,0.1075483443708609,0.0985,0.9303789126853376,28237,0.0027677100494233,3.2948929159802305e-05,pixel_reliability=0 AND MODLAND_QA(bits0-1)=0 AND VI range -2000..10000,MOD13Q1 V061 Terra 250m 16-day
SO1501,Ceerigaabo,SO15,Sanaag,2021-03-06,0.1519145188500602,0.1327,0.1083622138061628,0.0998,0.957001647446458,29045,0.0013509060955518,3.2948929159802305e-05,pixel_reliability=0 AND MODLAND_QA(bits0-1)=0 AND VI range -2000..10000,MOD13Q1 V061 Terra 250m 16-day
SO1501,Ceerigaabo,SO15,Sanaag,2021-03-22,0.1464267950414374,0.1303,0.1071739954035796,0.0988,0.9462273476112026,28718,0.0021746293245469,0.0,pixel_reliability=0 AND MODLAND_QA(bits0-1)=0 AND VI range -2000..10000,MOD13Q1 V061 Terra 250m 16-day
SO1501,Ceerigaabo,SO15,Sanaag,2021-04-07,0.1440174290636756,0.1295,0.1041209486304982,0.0977,0.9371004942339374,28441,0.0061943986820428,3.2948929159802305e-05,pixel_reliability=0 AND MODLAND_QA(bits0-1)=0 AND VI range -2000..10000,MOD13Q1 V061 Terra 250m 16-day
SO1501,Ceerigaabo,SO15,Sanaag,2021-04-23,0.1750099907063197,0.1721,0.1204166705390334,0.1189,0.5672487644151565,17216,0.1722570016474464,0.0175288303130148,pixel_reliability=0 AND MODLAND_QA(bits0-1)=0 AND VI range -2000..10000,MOD13Q1 V061 Terra 250m 16-day
SO1501,Ceerigaabo,SO15,Sanaag,2021-05-09,0.2200796487641024,0.2036,0.1561334258278871,0.1488,0.9024382207578252,27389,0.0226029654036243,0.0,pixel_reliability=0 AND MODLAND_QA(bits0-1)=0 AND VI range -2000..10000,MOD13Q1 V061 Terra 250m 16-day
SO1501,Ceerigaabo,SO15,Sanaag,2021-05-25,0.2196009844347858,0.2038,0.1621029978825365,0.1547,0.8869522240527183,26919,0.0065897858319604,0.0,pixel_reliability=0 AND MODLAND_QA(bits0-1)=0 AND VI range -2000..10000,MOD13Q1 V061 Terra 250m 16-day
SO1501,Ceerigaabo,SO15,Sanaag,2021-06-10,0.198267174288784,0.1828,0.1442149670668473,0.1394,0.7053377265238879,21407,0.1487644151565074,0.0009555189456342,pixel_reliability=0 AND MODLAND_QA(bits0-1)=0 AND VI range -2000..10000,MOD13Q1 V061 Terra 250m 16-day
SO1501,Ceerigaabo,SO15,Sanaag,2021-06-26,0.1797462083628632,0.1695,0.1307805699578499,0.127,0.88332784184514,26809,0.0279736408566721,0.0002306425041186,pixel_reliability=0 AND MODLAND_QA(bits0-1)=0 AND VI range -2000..10000,MOD13Q1 V061 Terra 250m 16-day
SO1501,Ceerigaabo,SO15,Sanaag,2021-07-12,0.1558561786237188,0.1535,0.1150863982430454,0.1145,0.4500823723228995,13660,0.2882372322899506,0.026326194398682,pixel_reliability=0 AND MODLAND_QA(bits0-1)=0 AND VI range -2000..10000,MOD13Q1 V061 Terra 250m 16-day
SO1501,Ceerigaabo,SO15,Sanaag,2021-07-28,0.1504124330510414,0.1441,0.1104541451132982,0.1085,0.7197693574958813,21845,0.0847116968698517,0.0006919275123558,pixel_reliability=0 AND MODLAND_QA(bits0-1)=0 AND VI range -2000..10000,MOD13Q1 V061 Terra 250m 16-day
SO1501,Ceerigaabo,SO15,Sanaag,2021-08-13,0.1626341415596367,0.1475,0.1145097387268435,0.1095,0.823492586490939,24993,0.0070510708401976,0.0003624382207578,pixel_reliability=0 AND MODLAND_QA(bits0-1)=0 AND VI range -2000..10000,MOD13Q1 V061 Terra 250m 16-day
SO1501,Ceerigaabo,SO15,Sanaag,2021-08-29,0.15505623688327547,0.14400000000000002,0.11417176326935552,0.1086,0.8634925864909391,26207,0.03370675453047776,0.0005601317957166392,pixel_reliability=0 AND MODLAND_QA(bits0-1)=0 AND VI range -2000..10000,MOD13Q1 V061 Terra 250m 16-day
SO1501,Ceerigaabo,SO15,Sanaag,2021-09-14,0.16116130066654658,0.1448,0.11758892091515044,0.108,0.914497528830313,27755,0.017199341021416802,0.00023064250411861613,pixel_reliability=0 AND MODLAND_QA(bits0-1)=0 AND VI range -2000..10000,MOD13Q1 V061 Terra 250m 16-day
SO1501,Ceerigaabo,SO15,Sanaag,2021-09-30,0.2061993412175569,0.1882,0.1426971862846257,0.1339,0.8302471169686985,25198,0.0043822075782537,6.589785831960461e-05,pixel_reliability=0 AND MODLAND_QA(bits0-1)=0 AND VI range -2000..10000,MOD13Q1 V061 Terra 250m 16-day
SO1501,Ceerigaabo,SO15,Sanaag,2021-10-16,0.1974475948243488,0.1761,0.1405184356969717,0.1324,0.9651070840197694,29291,0.000494233937397,0.0,pixel_reliability=0 AND MODLAND_QA(bits0-1)=0 AND VI range -2000..10000,MOD13Q1 V061 Terra 250m 16-day
SO1501,Ceerigaabo,SO15,Sanaag,2021-11-01,0.1866045765494595,0.1669,0.1317586195101929,0.125,0.9632948929159802,29236,0.0009225700164744,0.0,pixel_reliability=0 AND MODLAND_QA(bits0-1)=0 AND VI range -2000..10000,MOD13Q1 V061 Terra 250m 16-day
SO1501,Ceerigaabo,SO15,Sanaag,2021-11-17,0.1758572932170954,0.1558,0.124311109929832,0.117,0.9297528830313014,28218,0.0003953871499176,0.0,pixel_reliability=0 AND MODLAND_QA(bits0-1)=0 AND VI range -2000..10000,MOD13Q1 V061 Terra 250m 16-day
SO1501,Ceerigaabo,SO15,Sanaag,2021-12-03,0.1677596599690881,0.149,0.1160766718186502,0.1101,0.9593080724876442,29115,0.001153212520593,3.2948929159802305e-05,pixel_reliability=0 AND MODLAND_QA(bits0-1)=0 AND VI range -2000..10000,MOD13Q1 V061 Terra 250m 16-day
SO1501,Ceerigaabo,SO15,Sanaag,2021-12-19,0.1621875990354805,0.1445,0.1110473957974509,0.1056,0.956507413509061,29030,0.0011202635914332,6.589785831960461e-05,pixel_reliability=0 AND MODLAND_QA(bits0-1)=0 AND VI range -2000..10000,MOD13Q1 V061 Terra 250m 16-day
SO1502,Ceel Afweyn,SO15,Sanaag,2021-01-01,0.19189166180417785,0.17880000000000001,0.1297589858793325,0.1247,0.9476361625656622,17138,0.00912358307990047,0.00033176665745092616,pixel_reliability=0 AND MODLAND_QA(bits0-1)=0 AND VI range -2000..10000,MOD13Q1 V061 Terra 250m 16-day
SO1502,Ceel Afweyn,SO15,Sanaag,2021-01-17,0.1820014101978194,0.1707,0.1244156949794346,0.1196,0.846944982029306,15317,0.0744816145977329,0.004202377661045,pixel_reliability=0 AND MODLAND_QA(bits0-1)=0 AND VI range -2000..10000,MOD13Q1 V061 Terra 250m 16-day
SO1502,Ceel Afweyn,SO15,Sanaag,2021-02-02,0.1770326740052746,0.1667,0.122586865038413,0.1178,0.9644456732098424,17442,0.0022670721592479,0.0,pixel_reliability=0 AND MODLAND_QA(bits0-1)=0 AND VI range -2000..10000,MOD13Q1 V061 Terra 250m 16-day
SO1502,Ceel Afweyn,SO15,Sanaag,2021-02-18,0.1657148900573614,0.1576,0.1152546426864244,0.1122,0.92540779651645,16736,0.0300248824993088,5.52944429084877e-05,pixel_reliability=0 AND MODLAND_QA(bits0-1)=0 AND VI range -2000..10000,MOD13Q1 V061 Terra 250m 16-day
SO1502,Ceel Afweyn,SO15,Sanaag,2021-03-06,0.159636642301344,0.1528,0.1138467637349681,0.1111,0.9380149294995852,16964,0.0170859828587226,0.0004976499861763,pixel_reliability=0 AND MODLAND_QA(bits0-1)=0 AND VI range -2000..10000,MOD13Q1 V061 Terra 250m 16-day
SO1502,Ceel Afweyn,SO15,Sanaag,2021-03-22,0.1547390116444192,0.1489,0.1111816472593013,0.1094,0.973458667403926,17605,0.0016035388443461,0.0,pixel_reliability=0 AND MODLAND_QA(bits0-1)=0 AND VI range -2000..10000,MOD13Q1 V061 Terra 250m 16-day
SO1502,Ceel Afweyn,SO15,Sanaag,2021-04-07,0.1510111921586505,0.14585,0.1095872008206063,0.1085,0.970306884158142,17548,0.0047000276472214,0.0004423555432679,pixel_reliability=0 AND MODLAND_QA(bits0-1)=0 AND VI range -2000..10000,MOD13Q1 V061 Terra 250m 16-day
SO1502,Ceel Afweyn,SO15,Sanaag,2021-04-23,0.1777195893567986,0.1706,0.1305785459878483,0.127,0.5278407520044236,9546,0.17074923970141,0.0225601327066629,pixel_reliability=0 AND MODLAND_QA(bits0-1)=0 AND VI range -2000..10000,MOD13Q1 V061 Terra 250m 16-day
SO1502,Ceel Afweyn,SO15,Sanaag,2021-05-09,0.2068125493716337,0.199,0.1489858348294434,0.1465,0.9239701410008294,16710,0.0122200718827757,0.0003870611003594,pixel_reliability=0 AND MODLAND_QA(bits0-1)=0 AND VI range -2000..10000,MOD13Q1 V061 Terra 250m 16-day
SO1502,Ceel Afweyn,SO15,Sanaag,2021-05-25,0.1981763070942662,0.1856,0.1420677227081309,0.1375,0.8534697262925076,15435,0.0053082665192148,0.0001658833287254,pixel_reliability=0 AND MODLAND_QA(bits0-1)=0 AND VI range -2000..10000,MOD13Q1 V061 Terra 250m 16-day
SO1502,Ceel Afweyn,SO15,Sanaag,2021-06-10,0.1813846434084594,0.1712,0.1298276134609447,0.1261,0.8954935029029583,16195,0.0310201824716616,0.0012164777439867,pixel_reliability=0 AND MODLAND_QA(bits0-1)=0 AND VI range -2000..10000,MOD13Q1 V061 Terra 250m 16-day
SO1502,Ceel Afweyn,SO15,Sanaag,2021-06-26,0.1644111255491615,0.1575,0.1182648969741971,0.1157,0.8936134918440697,16161,0.0228918993641139,0.0004423555432679,pixel_reliability=0 AND MODLAND_QA(bits0-1)=0 AND VI range -2000..10000,MOD13Q1 V061 Terra 250m 16-day
SO1502,Ceel Afweyn,SO15,Sanaag,2021-07-12,0.1488892339341692,0.1459,0.1081116477272727,0.1078,0.5644456732098424,10208,0.1807022394249378,0.0337296101741774,pixel_reliability=0 AND MODLAND_QA(bits0-1)=0 AND VI range -2000..10000,MOD13Q1 V061 Terra 250m 16-day
SO1502,Ceel Afweyn,SO15,Sanaag,2021-07-28,0.14901099852071,0.1453,0.1096200073964497,0.1097,0.7475808681227537,13520,0.0333978435167265,0.0012164777439867,pixel_reliability=0 AND MODLAND_QA(bits0-1)=0 AND VI range -2000..10000,MOD13Q1 V061 Terra 250m 16-day
SO1502,Ceel Afweyn,SO15,Sanaag,2021-08-13,0.1558090432429384,0.1511,0.1102164683993911,0.1103,0.9807575338678464,17737,0.0034282554603262,0.0001658833287254,pixel_reliability=0 AND MODLAND_QA(bits0-1)=0 AND VI range -2000..10000,MOD13Q1 V061 Terra 250m 16-day
SO1502,Ceel Afweyn,SO15,Sanaag,2021-08-29,0.15353987925930226,0.14930000000000002,0.11145868694491207,0.111,0.9525573679845175,17227,0.006745922034835499,0.0008294166436273154,pixel_reliability=0 AND MODLAND_QA(bits0-1)=0 AND VI range -2000..10000,MOD13Q1 V061 Terra 250m 16-day
SO1502,Ceel Afweyn,SO15,Sanaag,2021-09-14,0.15801112421847355,0.15230000000000002,0.11493546065825175,0.1135,0.9374619850705004,16954,0.011224771910423002,0.0007741222007188278,pixel_reliability=0 AND MODLAND_QA(bits0-1)=0 AND VI range -2000..10000,MOD13Q1 V061 Terra 250m 16-day
SO1502,Ceel Afweyn,SO15,Sanaag,2021-09-30,0.1906155227978037,0.1824,0.1308204762473144,0.1275,0.92651368537462,16756,0.006690627591927,0.0001105888858169,pixel_reliability=0 AND MODLAND_QA(bits0-1)=0 AND VI range -2000..10000,MOD13Q1 V061 Terra 250m 16-day
SO1502,Ceel Afweyn,SO15,Sanaag,2021-10-16,0.1869238138324944,0.1778,0.1342746536221229,0.1312,0.977771633950788,17683,0.0004423555432679,0.0,pixel_reliability=0 AND MODLAND_QA(bits0-1)=0 AND VI range -2000..10000,MOD13Q1 V061 Terra 250m 16-day
SO1502,Ceel Afweyn,SO15,Sanaag,2021-11-01,0.1793214140616183,0.1702,0.1266698397472068,0.1242,0.979928117224219,17722,0.0008847110865358,0.0,pixel_reliability=0 AND MODLAND_QA(bits0-1)=0 AND VI range -2000..10000,MOD13Q1 V061 Terra 250m 16-day
SO1502,Ceel Afweyn,SO15,Sanaag,2021-11-17,0.1714134719710669,0.1629,0.1179849853074141,0.1162,0.9784904617085984,17696,0.0008294166436273,0.0001105888858169,pixel_reliability=0 AND MODLAND_QA(bits0-1)=0 AND VI range -2000..10000,MOD13Q1 V061 Terra 250m 16-day
SO1502,Ceel Afweyn,SO15,Sanaag,2021-12-03,0.1632983833718244,0.1564,0.1151832474684668,0.1138,0.9337572573956318,16887,0.0194083494608791,0.0001105888858169,pixel_reliability=0 AND MODLAND_QA(bits0-1)=0 AND VI range -2000..10000,MOD13Q1 V061 Terra 250m 16-day
SO1502,Ceel Afweyn,SO15,Sanaag,2021-12-19,0.1620902769763416,0.1537,0.1094132212925562,0.1083,0.7666021564832735,13864,0.0414155377384572,0.0005529444290848,pixel_reliability=0 AND MODLAND_QA(bits0-1)=0 AND VI range -2000..10000,MOD13Q1 V061 Terra 250m 16-day
SO1503,Laasqoray,SO15,Sanaag,2021-01-01,0.20024756233126886,0.1575,0.1349500555820232,0.11710000000000001,0.8651507865631655,12594,0.005495637837466511,0.0,pixel_reliability=0 AND MODLAND_QA(bits0-1)=0 AND VI range -2000..10000,MOD13Q1 V061 Terra 250m 16-day
SO1503,Laasqoray,SO15,Sanaag,2021-01-17,0.2041165628356605,0.1577,0.1341357823129251,0.1167,0.9593322800027478,13965,0.0015113004053032,0.0001373909459366,pixel_reliability=0 AND MODLAND_QA(bits0-1)=0 AND VI range -2000..10000,MOD13Q1 V061 Terra 250m 16-day
SO1503,Laasqoray,SO15,Sanaag,2021-02-02,0.1964574419598348,0.15465,0.1297691283292978,0.1147,0.9646218314213092,14042,0.0020608641890499,0.0,pixel_reliability=0 AND MODLAND_QA(bits0-1)=0 AND VI range -2000..10000,MOD13Q1 V061 Terra 250m 16-day
SO1503,Laasqoray,SO15,Sanaag,2021-02-18,0.1906174952131054,0.1497,0.123505588256152,0.1109,0.9686748643264408,14101,0.0014426049323349,6.869547296833139e-05,pixel_reliability=0 AND MODLAND_QA(bits0-1)=0 AND VI range -2000..10000,MOD13Q1 V061 Terra 250m 16-day
SO1503,Laasqoray,SO15,Sanaag,2021-03-06,0.1811211380955772,0.1476,0.1235394131472117,0.1111,0.964553135948341,14041,0.0015799958782716,0.0,pixel_reliability=0 AND MODLAND_QA(bits0-1)=0 AND VI range -2000..10000,MOD13Q1 V061 Terra 250m 16-day
SO1503,Laasqoray,SO15,Sanaag,2021-03-22,0.1719284492670307,0.1437,0.1209163193446392,0.1096,0.9559662018272996,13916,0.0041904238510682,6.869547296833139e-05,pixel_reliability=0 AND MODLAND_QA(bits0-1)=0 AND VI range -2000..10000,MOD13Q1 V061 Terra 250m 16-day
SO1503,Laasqoray,SO15,Sanaag,2021-04-07,0.1635943622115803,0.1415,0.1151293643883326,0.1077,0.9467610084495433,13782,0.0038469464862265,0.0001373909459366,pixel_reliability=0 AND MODLAND_QA(bits0-1)=0 AND VI range -2000..10000,MOD13Q1 V061 Terra 250m 16-day
SO1503,Laasqoray,SO15,Sanaag,2021-04-23,0.1820770217640321,0.1673,0.1294932875143184,0.1218,0.599711479013533,8730,0.1463213574225458,0.0080373703372947,pixel_reliability=0 AND MODLAND_QA(bits0-1)=0 AND VI range -2000..10000,MOD13Q1 V061 Terra 250m 16-day
SO1503,Laasqoray,SO15,Sanaag,2021-05-09,0.1996718127646228,0.1731,0.1422714991375255,0.13,0.8761420622380985,12754,0.0311190492546541,0.0,pixel_reliability=0 AND MODLAND_QA(bits0-1)=0 AND VI range -2000..10000,MOD13Q1 V061 Terra 250m 16-day
SO1503,Laasqoray,SO15,Sanaag,2021-05-25,0.212929324846556,0.1763,0.1519666666666666,0.1334,0.9065741567630692,13197,0.0015799958782716,0.0,pixel_reliability=0 AND MODLAND_QA(bits0-1)=0 AND VI range -2000..10000,MOD13Q1 V061 Terra 250m 16-day
SO1503,Laasqoray,SO15,Sanaag,2021-06-10,0.164395605355064,0.1582,0.122158391540551,0.1187,0.7081129353575599,10308,0.1486570035034691,0.0011678230404616,pixel_reliability=0 AND MODLAND_QA(bits0-1)=0 AND VI range -2000..10000,MOD13Q1 V061 Terra 250m 16-day
SO1503,Laasqoray,SO15,Sanaag,2021-06-26,0.1847980719888571,0.1577,0.1302915182171395,0.1187,0.9370749467610084,13641,0.0075565020265164,0.0002747818918733,pixel_reliability=0 AND MODLAND_QA(bits0-1)=0 AND VI range -2000..10000,MOD13Q1 V061 Terra 250m 16-day
SO1503,Laasqoray,SO15,Sanaag,2021-07-12,0.1439458741968211,0.1397,0.1043601285086236,0.1023,0.4062650271347118,5914,0.3114652744384145,0.0735041560761145,pixel_reliability=0 AND MODLAND_QA(bits0-1)=0 AND VI range -2000..10000,MOD13Q1 V061 Terra 250m 16-day
SO1503,Laasqoray,SO15,Sanaag,2021-07-28,0.1466484595696274,0.1419,0.109747075552185,0.1083,0.7246685443429278,10549,0.1198736003297382,0.0005495637837466,pixel_reliability=0 AND MODLAND_QA(bits0-1)=0 AND VI range -2000..10000,MOD13Q1 V061 Terra 250m 16-day
SO1503,Laasqoray,SO15,Sanaag,2021-08-13,0.1724625217265353,0.1468,0.1142056851100811,0.1076,0.9485470907467198,13808,0.0055643333104348,0.0006869547296833,pixel_reliability=0 AND MODLAND_QA(bits0-1)=0 AND VI range -2000..10000,MOD13Q1 V061 Terra 250m 16-day
SO1503,Laasqoray,SO15,Sanaag,2021-08-29,0.16515831251951296,0.1432,0.11624439587886357,0.10840000000000001,0.8801263996702617,12812,0.02143298756611939,0.0008243456756199766,pixel_reliability=0 AND MODLAND_QA(bits0-1)=0 AND VI range -2000..10000,MOD13Q1 V061 Terra 250m 16-day
SO1503,Laasqoray,SO15,Sanaag,2021-09-14,0.1731041032870817,0.1482,0.12006879127402242,0.1095,0.9258088891942021,13477,0.008106065810263104,6.869547296833139e-05,pixel_reliability=0 AND MODLAND_QA(bits0-1)=0 AND VI range -2000..10000,MOD13Q1 V061 Terra 250m 16-day
SO1503,Laasqoray,SO15,Sanaag,2021-09-30,0.1940691924385035,0.1637,0.1333456932690026,0.119,0.8685168647386138,12643,0.0131895308099196,0.0001373909459366,pixel_reliability=0 AND MODLAND_QA(bits0-1)=0 AND VI range -2000..10000,MOD13Q1 V061 Terra 250m 16-day
SO1503,Laasqoray,SO15,Sanaag,2021-10-16,0.2028960366946176,0.1707,0.1386434745216082,0.1256,0.958507934327128,13953,6.869547296833139e-05,0.0,pixel_reliability=0 AND MODLAND_QA(bits0-1)=0 AND VI range -2000..10000,MOD13Q1 V061 Terra 250m 16-day
SO1503,Laasqoray,SO15,Sanaag,2021-11-01,0.1858959906940674,0.1659,0.1301869174098487,0.122,0.8858281239266332,12895,0.0015799958782716,0.0,pixel_reliability=0 AND MODLAND_QA(bits0-1)=0 AND VI range -2000..10000,MOD13Q1 V061 Terra 250m 16-day
SO1503,Laasqoray,SO15,Sanaag,2021-11-17,0.1932487634329456,0.1602,0.1318469380244369,0.1188,0.9332966957477502,13586,0.0011678230404616,0.0,pixel_reliability=0 AND MODLAND_QA(bits0-1)=0 AND VI range -2000..10000,MOD13Q1 V061 Terra 250m 16-day
SO1503,Laasqoray,SO15,Sanaag,2021-12-03,0.1858254094030639,0.155,0.1223488717832616,0.1136,0.9102837123033592,13251,0.0204025554715944,0.0002060864189049,pixel_reliability=0 AND MODLAND_QA(bits0-1)=0 AND VI range -2000..10000,MOD13Q1 V061 Terra 250m 16-day
SO1503,Laasqoray,SO15,Sanaag,2021-12-19,0.1869909811181044,0.1531,0.1205215031469826,0.1109,0.9277323624373154,13505,0.0042591193240365,0.0,pixel_reliability=0 AND MODLAND_QA(bits0-1)=0 AND VI range -2000..10000,MOD13Q1 V061 Terra 250m 16-day
SO1601,Bossaso,SO16,Bari,2021-01-01,0.1975364500057931,0.18530000000000002,0.1389809407948094,0.13620000000000002,0.9545454545454546,8631,0.0033178500331785005,0.00011059500110595002,pixel_reliability=0 AND MODLAND_QA(bits0-1)=0 AND VI range -2000..10000,MOD13Q1 V061 Terra 250m 16-day
SO1601,Bossaso,SO16,Bari,2021-01-17,0.1916820128730251,0.1796,0.1349572498537156,0.1318,0.9450342844503428,8545,0.0085158150851581,0.0005529750055297,pixel_reliability=0 AND MODLAND_QA(bits0-1)=0 AND VI range -2000..10000,MOD13Q1 V061 Terra 250m 16-day
SO1601,Bossaso,SO16,Bari,2021-02-02,0.1849686596281845,0.1763,0.1313314436538903,0.1296,0.9637248396372484,8714,0.0079628400796284,0.0007741650077416,pixel_reliability=0 AND MODLAND_QA(bits0-1)=0 AND VI range -2000..10000,MOD13Q1 V061 Terra 250m 16-day
SO1601,Bossaso,SO16,Bari,2021-02-18,0.1784231794164944,0.17335,0.1266060303239145,0.1254,0.9628400796284008,8706,0.006525105065251,0.0005529750055297,pixel_reliability=0 AND MODLAND_QA(bits0-1)=0 AND VI range -2000..10000,MOD13Q1 V061 Terra 250m 16-day
SO1601,Bossaso,SO16,Bari,2021-03-06,0.1726698445358939,0.1686,0.1248875743026977,0.12495,0.9674850696748508,8748,0.004313205043132,0.0,pixel_reliability=0 AND MODLAND_QA(bits0-1)=0 AND VI range -2000..10000,MOD13Q1 V061 Terra 250m 16-day
SO1601,Bossaso,SO16,Bari,2021-03-22,0.1696006445672191,0.1656,0.1260012430939226,0.1264,0.9608493696084937,8688,0.0030966600309666,0.0001105950011059,pixel_reliability=0 AND MODLAND_QA(bits0-1)=0 AND VI range -2000..10000,MOD13Q1 V061 Terra 250m 16-day
SO1601,Bossaso,SO16,Bari,2021-04-07,0.1644255036630036,0.1608,0.1221000686813186,0.1224,0.9661579296615792,8736,0.0067462950674629,0.0003317850033178,pixel_reliability=0 AND MODLAND_QA(bits0-1)=0 AND VI range -2000..10000,MOD13Q1 V061 Terra 250m 16-day
SO1601,Bossaso,SO16,Bari,2021-04-23,0.1700612919764162,0.1598,0.1268624583440143,0.1224,0.862862198628622,7802,0.0273169652731696,0.004313205043132,pixel_reliability=0 AND MODLAND_QA(bits0-1)=0 AND VI range -2000..10000,MOD13Q1 V061 Terra 250m 16-day
SO1601,Bossaso,SO16,Bari,2021-05-09,0.1819326558603491,0.1639,0.1360939900249377,0.1257,0.8869719088697191,8020,0.0142667551426675,0.0002211900022119,pixel_reliability=0 AND MODLAND_QA(bits0-1)=0 AND VI range -2000..10000,MOD13Q1 V061 Terra 250m 16-day
SO1601,Bossaso,SO16,Bari,2021-05-25,0.1863307249712313,0.1651,0.1377529919447641,0.126,0.9610705596107056,8690,0.0063039150630391,0.0003317850033178,pixel_reliability=0 AND MODLAND_QA(bits0-1)=0 AND VI range -2000..10000,MOD13Q1 V061 Terra 250m 16-day
SO1601,Bossaso,SO16,Bari,2021-06-10,0.1522573187183811,0.1476,0.1127473018549747,0.1102,0.6558283565582835,5930,0.2136695421366954,0.0028754700287547,pixel_reliability=0 AND MODLAND_QA(bits0-1)=0 AND VI range -2000..10000,MOD13Q1 V061 Terra 250m 16-day
SO1601,Bossaso,SO16,Bari,2021-06-26,0.1712215916955017,0.1572,0.1232753287197232,0.1179,0.9588586595885866,8670,0.0100641451006414,0.0013271400132714,pixel_reliability=0 AND MODLAND_QA(bits0-1)=0 AND VI range -2000..10000,MOD13Q1 V061 Terra 250m 16-day
SO1601,Bossaso,SO16,Bari,2021-07-12,0.147591616766467,0.148,0.1142161676646706,0.1149,0.0923468259234682,835,0.4901570449015704,0.2180933421809334,pixel_reliability=0 AND MODLAND_QA(bits0-1)=0 AND VI range -2000..10000,MOD13Q1 V061 Terra 250m 16-day
SO1601,Bossaso,SO16,Bari,2021-07-28,0.1613064954309706,0.1552,0.1193926401580637,0.1161,0.8955983189559832,8098,0.0141561601415616,0.0032072550320725,pixel_reliability=0 AND MODLAND_QA(bits0-1)=0 AND VI range -2000..10000,MOD13Q1 V061 Terra 250m 16-day
SO1601,Bossaso,SO16,Bari,2021-08-13,0.1616708453133985,0.1545,0.1201998274870615,0.1177,0.9616235346162354,8695,0.0099535500995355,0.0014377350143773,pixel_reliability=0 AND MODLAND_QA(bits0-1)=0 AND VI range -2000..10000,MOD13Q1 V061 Terra 250m 16-day
SO1601,Bossaso,SO16,Bari,2021-08-29,0.16318516327496452,0.158,0.11795450780880265,0.11660000000000001,0.9347489493474895,8452,0.0115018801150188,0.0015483300154833,pixel_reliability=0 AND MODLAND_QA(bits0-1)=0 AND VI range -2000..10000,MOD13Q1 V061 Terra 250m 16-day
SO1601,Bossaso,SO16,Bari,2021-09-14,0.16677483024513753,0.1598,0.12153453792150995,0.1187,0.9609599646095996,8689,0.008847600088476001,0.00077416500774165,pixel_reliability=0 AND MODLAND_QA(bits0-1)=0 AND VI range -2000..10000,MOD13Q1 V061 Terra 250m 16-day
SO1601,Bossaso,SO16,Bari,2021-09-30,0.1741331548311991,0.1618,0.1279553201396973,0.1206,0.9500110595001106,8590,0.0077416500774165,0.0001105950011059,pixel_reliability=0 AND MODLAND_QA(bits0-1)=0 AND VI range -2000..10000,MOD13Q1 V061 Terra 250m 16-day
SO1601,Bossaso,SO16,Bari,2021-10-16,0.1792476426512968,0.1673,0.1292641037463977,0.1243,0.9594116345941164,8675,0.0029860650298606,0.0001105950011059,pixel_reliability=0 AND MODLAND_QA(bits0-1)=0 AND VI range -2000..10000,MOD13Q1 V061 Terra 250m 16-day
SO1601,Bossaso,SO16,Bari,2021-11-01,0.1758075949367088,0.1657,0.1260282661711764,0.1224,0.9523335545233356,8611,0.0046449900464499,0.0,pixel_reliability=0 AND MODLAND_QA(bits0-1)=0 AND VI range -2000..10000,MOD13Q1 V061 Terra 250m 16-day
SO1601,Bossaso,SO16,Bari,2021-11-17,0.1722965180418295,0.1638,0.1223956216961618,0.1203,0.962397699623977,8702,0.0023224950232249,0.0001105950011059,pixel_reliability=0 AND MODLAND_QA(bits0-1)=0 AND VI range -2000..10000,MOD13Q1 V061 Terra 250m 16-day
SO1601,Bossaso,SO16,Bari,2021-12-03,0.1716391756188697,0.1643,0.1205281644091545,0.119,0.947135589471356,8564,0.0133819951338199,0.0002211900022119,pixel_reliability=0 AND MODLAND_QA(bits0-1)=0 AND VI range -2000..10000,MOD13Q1 V061 Terra 250m 16-day
SO1601,Bossaso,SO16,Bari,2021-12-19,0.1680893226443592,0.1614,0.1180961775299175,0.1175,0.9518911745189116,8607,0.0071886750718867,0.0006635700066357,pixel_reliability=0 AND MODLAND_QA(bits0-1)=0 AND VI range -2000..10000,MOD13Q1 V061 Terra 250m 16-day
SO1602,Bandarbeyla,SO16,Bari,2021-01-01,0.16452809684684686,0.159,0.1224506662912913,0.1182,0.8089887640449438,10656,0.024066201032493167,0.005314303067112056,pixel_reliability=0 AND MODLAND_QA(bits0-1)=0 AND VI range -2000..10000,MOD13Q1 V061 Terra 250m 16-day
SO1602,Bandarbeyla,SO16,Bari,2021-01-17,0.1585906766025912,0.1536,0.1154747650097383,0.1113,0.8965229274218038,11809,0.0208017005769814,0.0046310355299119,pixel_reliability=0 AND MODLAND_QA(bits0-1)=0 AND VI range -2000..10000,MOD13Q1 V061 Terra 250m 16-day
SO1602,Bandarbeyla,SO16,Bari,2021-02-02,0.1540782953419227,0.1509,0.1130302279484638,0.1098,0.9192225933798968,12108,0.0211812936532037,0.0041755238384451,pixel_reliability=0 AND MODLAND_QA(bits0-1)=0 AND VI range -2000..10000,MOD13Q1 V061 Terra 250m 16-day
SO1602,Bandarbeyla,SO16,Bari,2021-02-18,0.1492220736366794,0.1468,0.1111815213615839,0.108,0.8742787731551777,11516,0.0308988764044943,0.0043273610689341,pixel_reliability=0 AND MODLAND_QA(bits0-1)=0 AND VI range -2000..10000,MOD13Q1 V061 Terra 250m 16-day
SO1602,Bandarbeyla,SO16,Bari,2021-03-06,0.1472589827809296,0.1458,0.1106725788792674,0.1075,0.762754327361069,10047,0.0642271484968114,0.0030367446097783,pixel_reliability=0 AND MODLAND_QA(bits0-1)=0 AND VI range -2000..10000,MOD13Q1 V061 Terra 250m 16-day
SO1602,Bandarbeyla,SO16,Bari,2021-03-22,0.1458436847258485,0.1441,0.1095095953002611,0.1075,0.9304585484360766,12256,0.022547828727604,0.0014424536896447,pixel_reliability=0 AND MODLAND_QA(bits0-1)=0 AND VI range -2000..10000,MOD13Q1 V061 Terra 250m 16-day
SO1602,Bandarbeyla,SO16,Bari,2021-04-07,0.1425210358431965,0.1416,0.1066634097204734,0.1047,0.9044184634072274,11913,0.0173853628909808,0.0034163376860006,pixel_reliability=0 AND MODLAND_QA(bits0-1)=0 AND VI range -2000..10000,MOD13Q1 V061 Terra 250m 16-day
SO1602,Bandarbeyla,SO16,Bari,2021-04-23,0.1447632082910893,0.1422,0.108946502196688,0.1068,0.6739295475250532,8877,0.0679471606437898,0.0114637109019131,pixel_reliability=0 AND MODLAND_QA(bits0-1)=0 AND VI range -2000..10000,MOD13Q1 V061 Terra 250m 16-day
SO1602,Bandarbeyla,SO16,Bari,2021-05-09,0.1538655749251628,0.1508,0.1168836943123789,0.1142,0.8622836319465533,11358,0.0148041299726692,0.0012906164591557,pixel_reliability=0 AND MODLAND_QA(bits0-1)=0 AND VI range -2000..10000,MOD13Q1 V061 Terra 250m 16-day
SO1602,Bandarbeyla,SO16,Bari,2021-05-25,0.1508034090909091,0.1486,0.1140371915584415,0.1124,0.9353173398117218,12320,0.0056179775280898,0.0009110233829334,pixel_reliability=0 AND MODLAND_QA(bits0-1)=0 AND VI range -2000..10000,MOD13Q1 V061 Terra 250m 16-day
SO1602,Bandarbeyla,SO16,Bari,2021-06-10,0.1426129733691669,0.1413,0.1065068409479599,0.1055,0.932204676586699,12279,0.0129061645915578,0.0031126632250227,pixel_reliability=0 AND MODLAND_QA(bits0-1)=0 AND VI range -2000..10000,MOD13Q1 V061 Terra 250m 16-day
SO1602,Bandarbeyla,SO16,Bari,2021-06-26,0.1413736300530829,0.1408,0.1066648427929767,0.1058,0.9296234436683876,12245,0.0171576070452474,0.0056938961433343,pixel_reliability=0 AND MODLAND_QA(bits0-1)=0 AND VI range -2000..10000,MOD13Q1 V061 Terra 250m 16-day
SO1602,Bandarbeyla,SO16,Bari,2021-07-12,0.1393842028861753,0.1388,0.1030586969515839,0.1022,0.889082903127847,11711,0.0186759793501366,0.0067567567567567,pixel_reliability=0 AND MODLAND_QA(bits0-1)=0 AND VI range -2000..10000,MOD13Q1 V061 Terra 250m 16-day
SO1602,Bandarbeyla,SO16,Bari,2021-07-28,0.1356504275612563,0.1351,0.1041039549416214,0.1031,0.9233221986030976,12162,0.0192074096568478,0.005314303067112,pixel_reliability=0 AND MODLAND_QA(bits0-1)=0 AND VI range -2000..10000,MOD13Q1 V061 Terra 250m 16-day
SO1602,Bandarbeyla,SO16,Bari,2021-08-13,0.1345487402695237,0.1343,0.1017196618397924,0.1008,0.906999696325539,11947,0.0165502581232918,0.0082751290616459,pixel_reliability=0 AND MODLAND_QA(bits0-1)=0 AND VI range -2000..10000,MOD13Q1 V061 Terra 250m 16-day
SO1602,Bandarbeyla,SO16,Bari,2021-08-29,0.13527710755223155,0.1351,0.10246699455328835,0.1014,0.9338748861220771,12301,0.013969025204980261,0.004175523838445187,pixel_reliability=0 AND MODLAND_QA(bits0-1)=0 AND VI range -2000..10000,MOD13Q1 V061 Terra 250m 16-day
SO1602,Bandarbeyla,SO16,Bari,2021-09-14,0.1368544109277177,0.1365,0.10298430766729004,0.10200000000000001,0.9337230488915882,12299,0.013437594898269055,0.004023686607956271,pixel_reliability=0 AND MODLAND_QA(bits0-1)=0 AND VI range -2000..10000,MOD13Q1 V061 Terra 250m 16-day
SO1602,Bandarbeyla,SO16,Bari,2021-09-30,0.1362730370665603,0.1359,0.1033391590275009,0.1025,0.7619192225933799,10036,0.0557242635894321,0.0087306407531126,pixel_reliability=0 AND MODLAND_QA(bits0-1)=0 AND VI range -2000..10000,MOD13Q1 V061 Terra 250m 16-day
SO1602,Bandarbeyla,SO16,Bari,2021-10-16,0.140784283275063,0.1399,0.1066991462720546,0.1056,0.9337230488915882,12299,0.0072881870634679,0.0009110233829334,pixel_reliability=0 AND MODLAND_QA(bits0-1)=0 AND VI range -2000..10000,MOD13Q1 V061 Terra 250m 16-day
SO1602,Bandarbeyla,SO16,Bari,2021-11-01,0.1442594871794872,0.142,0.1075804314204314,0.1056,0.9326601882781658,12285,0.0104008502884907,0.0011387792286668,pixel_reliability=0 AND MODLAND_QA(bits0-1)=0 AND VI range -2000..10000,MOD13Q1 V061 Terra 250m 16-day
SO1602,Bandarbeyla,SO16,Bari,2021-11-17,0.1414956395843979,0.1391,0.1046711037301993,0.1025,0.8914363802004251,11742,0.0171576070452474,0.0034163376860006,pixel_reliability=0 AND MODLAND_QA(bits0-1)=0 AND VI range -2000..10000,MOD13Q1 V061 Terra 250m 16-day
SO1602,Bandarbeyla,SO16,Bari,2021-12-03,0.1451906862314383,0.1411,0.1082055091819699,0.1052,0.8640297600971758,11381,0.0190555724263589,0.0050106286061342,pixel_reliability=0 AND MODLAND_QA(bits0-1)=0 AND VI range -2000..10000,MOD13Q1 V061 Terra 250m 16-day
SO1602,Bandarbeyla,SO16,Bari,2021-12-19,0.1459090764836559,0.14,0.1074094890510949,0.1036,0.4784391132705739,6302,0.2840874582447616,0.0099453385970239,pixel_reliability=0 AND MODLAND_QA(bits0-1)=0 AND VI range -2000..10000,MOD13Q1 V061 Terra 250m 16-day
SO1603,Caluula,SO16,Bari,2021-01-01,0.27720068565400846,0.27030000000000004,0.19859910337552747,0.1917,0.7091827192818403,3792,0.08958294370675145,0.012530390873386947,pixel_reliability=0 AND MODLAND_QA(bits0-1)=0 AND VI range -2000..10000,MOD13Q1 V061 Terra 250m 16-day
SO1603,Caluula,SO16,Bari,2021-01-17,0.2845416996917658,0.276,0.1884691545574637,0.1868,0.8494482887600524,4542,0.0321675706003366,0.007293809612867,pixel_reliability=0 AND MODLAND_QA(bits0-1)=0 AND VI range -2000..10000,MOD13Q1 V061 Terra 250m 16-day
SO1603,Caluula,SO16,Bari,2021-02-02,0.2689356585788562,0.26265,0.1843137564991334,0.1815,0.8632878249485693,4616,0.0302973630072938,0.0057976435384327,pixel_reliability=0 AND MODLAND_QA(bits0-1)=0 AND VI range -2000..10000,MOD13Q1 V061 Terra 250m 16-day
SO1603,Caluula,SO16,Bari,2021-02-18,0.2725779851585339,0.26,0.1769970766809084,0.1776,0.8316813166261455,4447,0.0261829063025995,0.0043014774639985,pixel_reliability=0 AND MODLAND_QA(bits0-1)=0 AND VI range -2000..10000,MOD13Q1 V061 Terra 250m 16-day
SO1603,Caluula,SO16,Bari,2021-03-06,0.2365066381156317,0.23195,0.1672238115631691,0.1672,0.8733869459510005,4670,0.0293622592107723,0.0028053113895642,pixel_reliability=0 AND MODLAND_QA(bits0-1)=0 AND VI range -2000..10000,MOD13Q1 V061 Terra 250m 16-day
SO1603,Caluula,SO16,Bari,2021-03-22,0.2194754785975479,0.2176,0.1580419229941922,0.1585,0.8694595100056106,4649,0.0230035533944267,0.0007480830372171,pixel_reliability=0 AND MODLAND_QA(bits0-1)=0 AND VI range -2000..10000,MOD13Q1 V061 Terra 250m 16-day
SO1603,Caluula,SO16,Bari,2021-04-07,0.2083061607333191,0.205,0.1481917714772969,0.1477,0.8773143818963905,4691,0.023190574153731,0.004675518982607,pixel_reliability=0 AND MODLAND_QA(bits0-1)=0 AND VI range -2000..10000,MOD13Q1 V061 Terra 250m 16-day
SO1603,Caluula,SO16,Bari,2021-04-23,0.2068973922902494,0.2026,0.1485739229024943,0.1471,0.824761548531887,4410,0.0387132971759865,0.0061716850570413,pixel_reliability=0 AND MODLAND_QA(bits0-1)=0 AND VI range -2000..10000,MOD13Q1 V061 Terra 250m 16-day
SO1603,Caluula,SO16,Bari,2021-05-09,0.2092193774865434,0.2033,0.1570493798268195,0.1534,0.7991397045072003,4273,0.0370301103422479,0.0054236020198242,pixel_reliability=0 AND MODLAND_QA(bits0-1)=0 AND VI range -2000..10000,MOD13Q1 V061 Terra 250m 16-day
SO1603,Caluula,SO16,Bari,2021-05-25,0.2119397043068352,0.2057,0.1526992071994857,0.1481,0.8728258836730877,4667,0.0291752384514681,0.0037404151860856,pixel_reliability=0 AND MODLAND_QA(bits0-1)=0 AND VI range -2000..10000,MOD13Q1 V061 Terra 250m 16-day
SO1603,Caluula,SO16,Bari,2021-06-10,0.1681846943138093,0.1604,0.1234066267635741,0.1193,0.4374415560127174,2339,0.2721152047877314,0.0100991210024312,pixel_reliability=0 AND MODLAND_QA(bits0-1)=0 AND VI range -2000..10000,MOD13Q1 V061 Terra 250m 16-day
SO1603,Caluula,SO16,Bari,2021-06-26,0.1944598514635211,0.1901,0.1392322848405417,0.1383,0.8561810360950065,4578,0.0398354217318122,0.0063587058163456,pixel_reliability=0 AND MODLAND_QA(bits0-1)=0 AND VI range -2000..10000,MOD13Q1 V061 Terra 250m 16-day
SO1603,Caluula,SO16,Bari,2021-07-12,0.1834067587939698,0.1814,0.1327340703517588,0.13235,0.7443426220310454,3980,0.0544230409575462,0.0151486815036469,pixel_reliability=0 AND MODLAND_QA(bits0-1)=0 AND VI range -2000..10000,MOD13Q1 V061 Terra 250m 16-day
SO1603,Caluula,SO16,Bari,2021-07-28,0.1856510177566045,0.1822,0.1316554352533564,0.1315,0.8636618664671779,4618,0.0336637366747709,0.0099121002431269,pixel_reliability=0 AND MODLAND_QA(bits0-1)=0 AND VI range -2000..10000,MOD13Q1 V061 Terra 250m 16-day
SO1603,Caluula,SO16,Bari,2021-08-13,0.1796213129296961,0.1776,0.1319517187846529,0.1313,0.843276603703011,4509,0.0437628576772021,0.0056106227791284,pixel_reliability=0 AND MODLAND_QA(bits0-1)=0 AND VI range -2000..10000,MOD13Q1 V061 Terra 250m 16-day
SO1603,Caluula,SO16,Bari,2021-08-29,0.18113628338614757,0.1781,0.12997847442281577,0.129,0.8262577146063212,4418,0.04638114830746213,0.004862539741911353,pixel_reliability=0 AND MODLAND_QA(bits0-1)=0 AND VI range -2000..10000,MOD13Q1 V061 Terra 250m 16-day
SO1603,Caluula,SO16,Bari,2021-09-14,0.18137532133676093,0.17750000000000002,0.13185854171535405,0.1303,0.800261829063026,4279,0.04750327286328782,0.005984664297737049,pixel_reliability=0 AND MODLAND_QA(bits0-1)=0 AND VI range -2000..10000,MOD13Q1 V061 Terra 250m 16-day
SO1603,Caluula,SO16,Bari,2021-09-30,0.1892403272631301,0.1858,0.1394168910002639,0.1365,0.7086216570039274,3789,0.1017392930615298,0.0071067888535627,pixel_reliability=0 AND MODLAND_QA(bits0-1)=0 AND VI range -2000..10000,MOD13Q1 V061 Terra 250m 16-day
SO1603,Caluula,SO16,Bari,2021-10-16,0.2036500959692898,0.1983,0.1444344423117935,0.142,0.8769403403777819,4689,0.0273050308584252,0.004675518982607,pixel_reliability=0 AND MODLAND_QA(bits0-1)=0 AND VI range -2000..10000,MOD13Q1 V061 Terra 250m 16-day
SO1603,Caluula,SO16,Bari,2021-11-01,0.2044571520757152,0.2003,0.1443781458378145,0.1427,0.8694595100056106,4649,0.0263699270619038,0.004675518982607,pixel_reliability=0 AND MODLAND_QA(bits0-1)=0 AND VI range -2000..10000,MOD13Q1 V061 Terra 250m 16-day
SO1603,Caluula,SO16,Bari,2021-11-17,0.2121188077430708,0.20695,0.14448402991641,0.1431,0.8501963717972695,4546,0.0185150551711239,0.0054236020198242,pixel_reliability=0 AND MODLAND_QA(bits0-1)=0 AND VI range -2000..10000,MOD13Q1 V061 Terra 250m 16-day
SO1603,Caluula,SO16,Bari,2021-12-03,0.2084957875457875,0.2028,0.1436601648351648,0.1415,0.2042266691602768,1092,0.5212268561810361,0.0379652141387694,pixel_reliability=0 AND MODLAND_QA(bits0-1)=0 AND VI range -2000..10000,MOD13Q1 V061 Terra 250m 16-day
SO1603,Caluula,SO16,Bari,2021-12-19,0.2489467302933899,0.2336,0.1641023683280311,0.1593,0.529081728071816,2829,0.2492986721526089,0.0097250794838227,pixel_reliability=0 AND MODLAND_QA(bits0-1)=0 AND VI range -2000..10000,MOD13Q1 V061 Terra 250m 16-day
SO1604,Iskushuban,SO16,Bari,2021-01-01,0.19220131906938098,0.18460000000000001,0.1443066784378895,0.1405,0.8921836630681554,19256,0.01654079599684937,0.005930593522679887,pixel_reliability=0 AND MODLAND_QA(bits0-1)=0 AND VI range -2000..10000,MOD13Q1 V061 Terra 250m 16-day
SO1604,Iskushuban,SO16,Bari,2021-01-17,0.1831729905937391,0.1765,0.1386498929975613,0.1346,0.9309641847750544,20093,0.0139461613306769,0.0047259417133855,pixel_reliability=0 AND MODLAND_QA(bits0-1)=0 AND VI range -2000..10000,MOD13Q1 V061 Terra 250m 16-day
SO1604,Iskushuban,SO16,Bari,2021-02-02,0.1763339718647111,0.1708,0.133442631946523,0.13,0.9287865449659454,20046,0.0142241579020525,0.0045406106658017,pixel_reliability=0 AND MODLAND_QA(bits0-1)=0 AND VI range -2000..10000,MOD13Q1 V061 Terra 250m 16-day
SO1604,Iskushuban,SO16,Bari,2021-02-18,0.169222374664741,0.1644,0.1291071332783165,0.1263,0.8982995876384191,19388,0.0151508131399712,0.0038919519992586,pixel_reliability=0 AND MODLAND_QA(bits0-1)=0 AND VI range -2000..10000,MOD13Q1 V061 Terra 250m 16-day
SO1604,Iskushuban,SO16,Bari,2021-03-06,0.1637677811704834,0.1596,0.1266728854961832,0.1242,0.9104387712551544,19650,0.0208960756150674,0.0039382847611546,pixel_reliability=0 AND MODLAND_QA(bits0-1)=0 AND VI range -2000..10000,MOD13Q1 V061 Terra 250m 16-day
SO1604,Iskushuban,SO16,Bari,2021-03-22,0.160149525542062,0.1566,0.1242029893308422,0.122,0.9423620442014548,20339,0.0118611870453597,0.0028262984756521,pixel_reliability=0 AND MODLAND_QA(bits0-1)=0 AND VI range -2000..10000,MOD13Q1 V061 Terra 250m 16-day
SO1604,Iskushuban,SO16,Bari,2021-04-07,0.155352700701096,0.1522,0.1178548780487804,0.1168,0.9384237594403002,20254,0.01311217161655,0.0045406106658017,pixel_reliability=0 AND MODLAND_QA(bits0-1)=0 AND VI range -2000..10000,MOD13Q1 V061 Terra 250m 16-day
SO1604,Iskushuban,SO16,Bari,2021-04-23,0.1556863497939929,0.1517,0.1200973965486355,0.1185,0.7759347634712506,16747,0.024093036185887,0.0039846175230505,pixel_reliability=0 AND MODLAND_QA(bits0-1)=0 AND VI range -2000..10000,MOD13Q1 V061 Terra 250m 16-day
SO1604,Iskushuban,SO16,Bari,2021-05-09,0.1626865269156405,0.1559,0.1282603439503409,0.1244,0.9106241023027384,19654,0.0083398971412685,0.0038456192373627,pixel_reliability=0 AND MODLAND_QA(bits0-1)=0 AND VI range -2000..10000,MOD13Q1 V061 Terra 250m 16-day
SO1604,Iskushuban,SO16,Bari,2021-05-25,0.162661399793134,0.1567,0.1265582524750037,0.1235,0.9406940647732012,20303,0.0106102024741694,0.0033359588565074,pixel_reliability=0 AND MODLAND_QA(bits0-1)=0 AND VI range -2000..10000,MOD13Q1 V061 Terra 250m 16-day
SO1604,Iskushuban,SO16,Bari,2021-06-10,0.1485500057398691,0.1452,0.1150530823097233,0.1136,0.8072093777510078,17422,0.0874299216976323,0.0053282676180327,pixel_reliability=0 AND MODLAND_QA(bits0-1)=0 AND VI range -2000..10000,MOD13Q1 V061 Terra 250m 16-day
SO1604,Iskushuban,SO16,Bari,2021-06-26,0.1520984715942599,0.1481,0.1171808875565166,0.1157,0.9427790390585182,20348,0.0142704906639484,0.0052356020942408,pixel_reliability=0 AND MODLAND_QA(bits0-1)=0 AND VI range -2000..10000,MOD13Q1 V061 Terra 250m 16-day
SO1604,Iskushuban,SO16,Bari,2021-07-12,0.1457266724587315,0.1422,0.1110947995531835,0.1095,0.7466061251911227,16114,0.086225269888338,0.017513783996664,pixel_reliability=0 AND MODLAND_QA(bits0-1)=0 AND VI range -2000..10000,MOD13Q1 V061 Terra 250m 16-day
SO1604,Iskushuban,SO16,Bari,2021-07-28,0.1439279972245626,0.1409,0.1122886603558507,0.1116,0.9348561367743132,20177,0.0126488439975906,0.0055135986656164,pixel_reliability=0 AND MODLAND_QA(bits0-1)=0 AND VI range -2000..10000,MOD13Q1 V061 Terra 250m 16-day
SO1604,Iskushuban,SO16,Bari,2021-08-13,0.1467279322673552,0.1437,0.1129984953818651,0.1117,0.9330491590603716,20138,0.0141778251401566,0.0061159245702636,pixel_reliability=0 AND MODLAND_QA(bits0-1)=0 AND VI range -2000..10000,MOD13Q1 V061 Terra 250m 16-day
SO1604,Iskushuban,SO16,Bari,2021-08-29,0.15144534814814817,0.1452,0.11642090864197534,0.1131,0.9382384283927165,20250,0.013251169902237873,0.005559931427512394,pixel_reliability=0 AND MODLAND_QA(bits0-1)=0 AND VI range -2000..10000,MOD13Q1 V061 Terra 250m 16-day
SO1604,Iskushuban,SO16,Bari,2021-09-14,0.15557284442477007,0.15080000000000002,0.11919803747971079,0.11620000000000001,0.9419913821062873,20331,0.011119862855024788,0.004123615808738359,pixel_reliability=0 AND MODLAND_QA(bits0-1)=0 AND VI range -2000..10000,MOD13Q1 V061 Terra 250m 16-day
SO1604,Iskushuban,SO16,Bari,2021-09-30,0.1578899157164105,0.1523,0.122800604858701,0.1188,0.9345318074410416,20170,0.0108418662836491,0.003613955427883,pixel_reliability=0 AND MODLAND_QA(bits0-1)=0 AND VI range -2000..10000,MOD13Q1 V061 Terra 250m 16-day
SO1604,Iskushuban,SO16,Bari,2021-10-16,0.1651048084518167,0.1589,0.1273648104265403,0.1245,0.9385164249640922,20256,0.008710559236436,0.0031042950470277,pixel_reliability=0 AND MODLAND_QA(bits0-1)=0 AND VI range -2000..10000,MOD13Q1 V061 Terra 250m 16-day
SO1604,Iskushuban,SO16,Bari,2021-11-01,0.1636150958387129,0.1588,0.1249309564008342,0.1223,0.9330491590603716,20138,0.0140388268544687,0.0056062641894083,pixel_reliability=0 AND MODLAND_QA(bits0-1)=0 AND VI range -2000..10000,MOD13Q1 V061 Terra 250m 16-day
SO1604,Iskushuban,SO16,Bari,2021-11-17,0.1628590007386303,0.1574,0.1226207238577609,0.1202,0.8781911689755826,18954,0.0296529676133994,0.0051892693323449,pixel_reliability=0 AND MODLAND_QA(bits0-1)=0 AND VI range -2000..10000,MOD13Q1 V061 Terra 250m 16-day
SO1604,Iskushuban,SO16,Bari,2021-12-03,0.1657933495840178,0.162,0.1244439139420274,0.1228,0.8743455497382199,18871,0.0380391975165639,0.0075059074271417,pixel_reliability=0 AND MODLAND_QA(bits0-1)=0 AND VI range -2000..10000,MOD13Q1 V061 Terra 250m 16-day
SO1604,Iskushuban,SO16,Bari,2021-12-19,0.1670037647499531,0.1603,0.1236943622401198,0.1208,0.7421118472872168,16017,0.1065190195987582,0.0083398971412685,pixel_reliability=0 AND MODLAND_QA(bits0-1)=0 AND VI range -2000..10000,MOD13Q1 V061 Terra 250m 16-day
SO1605,Qandala,SO16,Bari,2021-01-01,0.24641755225972206,0.2477,0.16785513254700454,0.1685,0.9567597765363128,8563,0.003016759776536313,0.0,pixel_reliability=0 AND MODLAND_QA(bits0-1)=0 AND VI range -2000..10000,MOD13Q1 V061 Terra 250m 16-day
SO1605,Qandala,SO16,Bari,2021-01-17,0.2416751515858209,0.2417,0.163968213619403,0.1653,0.9582122905027932,8576,0.0030167597765363,0.0002234636871508,pixel_reliability=0 AND MODLAND_QA(bits0-1)=0 AND VI range -2000..10000,MOD13Q1 V061 Terra 250m 16-day
SO1605,Qandala,SO16,Bari,2021-02-02,0.2314283377798399,0.2304,0.1591902679503538,0.1602,0.9632402234636872,8621,0.0039106145251396,0.0,pixel_reliability=0 AND MODLAND_QA(bits0-1)=0 AND VI range -2000..10000,MOD13Q1 V061 Terra 250m 16-day
SO1605,Qandala,SO16,Bari,2021-02-18,0.2189096887023434,0.2162,0.1509622478722164,0.151,0.9583240223463688,8577,0.0017877094972067,0.0,pixel_reliability=0 AND MODLAND_QA(bits0-1)=0 AND VI range -2000..10000,MOD13Q1 V061 Terra 250m 16-day
SO1605,Qandala,SO16,Bari,2021-03-06,0.2086575866465747,0.2063,0.146571542830648,0.1461,0.9639106145251396,8627,0.0011173184357541,0.0001117318435754,pixel_reliability=0 AND MODLAND_QA(bits0-1)=0 AND VI range -2000..10000,MOD13Q1 V061 Terra 250m 16-day
SO1605,Qandala,SO16,Bari,2021-03-22,0.2008685219614222,0.1985,0.1456467696955612,0.1449,0.9615642458100558,8606,0.0008938547486033,0.0,pixel_reliability=0 AND MODLAND_QA(bits0-1)=0 AND VI range -2000..10000,MOD13Q1 V061 Terra 250m 16-day
SO1605,Qandala,SO16,Bari,2021-04-07,0.1936284704519119,0.1908,0.1393647392815759,0.138,0.964245810055866,8630,0.0032402234636871,0.0,pixel_reliability=0 AND MODLAND_QA(bits0-1)=0 AND VI range -2000..10000,MOD13Q1 V061 Terra 250m 16-day
SO1605,Qandala,SO16,Bari,2021-04-23,0.200989988221437,0.1991,0.144821554770318,0.1448,0.8537430167597765,7641,0.0321787709497206,0.0007821229050279,pixel_reliability=0 AND MODLAND_QA(bits0-1)=0 AND VI range -2000..10000,MOD13Q1 V061 Terra 250m 16-day
SO1605,Qandala,SO16,Bari,2021-05-09,0.2164095111935355,0.2199,0.1606386541263743,0.1644,0.843463687150838,7549,0.0145251396648044,0.0,pixel_reliability=0 AND MODLAND_QA(bits0-1)=0 AND VI range -2000..10000,MOD13Q1 V061 Terra 250m 16-day
SO1605,Qandala,SO16,Bari,2021-05-25,0.2190105410774804,0.2194,0.1573733551478321,0.1583,0.9560893854748604,8557,0.0053631284916201,0.0001117318435754,pixel_reliability=0 AND MODLAND_QA(bits0-1)=0 AND VI range -2000..10000,MOD13Q1 V061 Terra 250m 16-day
SO1605,Qandala,SO16,Bari,2021-06-10,0.1695158663883089,0.1651,0.1243319763395963,0.1224,0.3211173184357542,2874,0.5071508379888268,0.0021229050279329,pixel_reliability=0 AND MODLAND_QA(bits0-1)=0 AND VI range -2000..10000,MOD13Q1 V061 Terra 250m 16-day
SO1605,Qandala,SO16,Bari,2021-06-26,0.1968229701353243,0.1934,0.1385130307979468,0.1364,0.9577653631284916,8572,0.0135195530726256,0.0004469273743016,pixel_reliability=0 AND MODLAND_QA(bits0-1)=0 AND VI range -2000..10000,MOD13Q1 V061 Terra 250m 16-day
SO1605,Qandala,SO16,Bari,2021-07-12,0.1832874800637959,0.1811,0.1333621810207336,0.132,0.5604469273743017,5016,0.1541899441340782,0.0444692737430167,pixel_reliability=0 AND MODLAND_QA(bits0-1)=0 AND VI range -2000..10000,MOD13Q1 V061 Terra 250m 16-day
SO1605,Qandala,SO16,Bari,2021-07-28,0.1766395406949072,0.1731,0.1294171465968586,0.1272,0.9389944134078212,8404,0.0115083798882681,0.0007821229050279,pixel_reliability=0 AND MODLAND_QA(bits0-1)=0 AND VI range -2000..10000,MOD13Q1 V061 Terra 250m 16-day
SO1605,Qandala,SO16,Bari,2021-08-13,0.1770453487004586,0.1735,0.1311727978360578,0.129,0.9500558659217876,8503,0.0086033519553072,0.0006703910614525,pixel_reliability=0 AND MODLAND_QA(bits0-1)=0 AND VI range -2000..10000,MOD13Q1 V061 Terra 250m 16-day
SO1605,Qandala,SO16,Bari,2021-08-29,0.1861696090189494,0.18280000000000002,0.1315934636603502,0.1287,0.9316201117318436,8338,0.011843575418994414,0.000893854748603352,pixel_reliability=0 AND MODLAND_QA(bits0-1)=0 AND VI range -2000..10000,MOD13Q1 V061 Terra 250m 16-day
SO1605,Qandala,SO16,Bari,2021-09-14,0.19270294429395832,0.1883,0.1382320339182664,0.13570000000000002,0.9487150837988827,8491,0.009497206703910615,0.000335195530726257,pixel_reliability=0 AND MODLAND_QA(bits0-1)=0 AND VI range -2000..10000,MOD13Q1 V061 Terra 250m 16-day
SO1605,Qandala,SO16,Bari,2021-09-30,0.2023276299731511,0.2008,0.1456403587991213,0.1472,0.9155307262569832,8194,0.0212290502793296,0.000558659217877,pixel_reliability=0 AND MODLAND_QA(bits0-1)=0 AND VI range -2000..10000,MOD13Q1 V061 Terra 250m 16-day
SO1605,Qandala,SO16,Bari,2021-10-16,0.212558837182314,0.2126,0.1483403388650342,0.1493,0.9627932960893856,8617,0.0020111731843575,0.0,pixel_reliability=0 AND MODLAND_QA(bits0-1)=0 AND VI range -2000..10000,MOD13Q1 V061 Terra 250m 16-day
SO1605,Qandala,SO16,Bari,2021-11-01,0.2091086663568773,0.2066,0.1455055181226766,0.14525,0.9617877094972068,8608,0.000558659217877,0.0,pixel_reliability=0 AND MODLAND_QA(bits0-1)=0 AND VI range -2000..10000,MOD13Q1 V061 Terra 250m 16-day
SO1605,Qandala,SO16,Bari,2021-11-17,0.2053821623504819,0.203,0.1408985948205783,0.1407,0.962122905027933,8611,0.0008938547486033,0.0,pixel_reliability=0 AND MODLAND_QA(bits0-1)=0 AND VI range -2000..10000,MOD13Q1 V061 Terra 250m 16-day
SO1605,Qandala,SO16,Bari,2021-12-03,0.2118174940898345,0.2087,0.1431445035460993,0.1419,0.9452513966480448,8460,0.0107262569832402,0.0001117318435754,pixel_reliability=0 AND MODLAND_QA(bits0-1)=0 AND VI range -2000..10000,MOD13Q1 V061 Terra 250m 16-day
SO1605,Qandala,SO16,Bari,2021-12-19,0.2093727816901408,0.20385,0.1388469718309859,0.1372,0.9519553072625698,8520,0.0032402234636871,0.0,pixel_reliability=0 AND MODLAND_QA(bits0-1)=0 AND VI range -2000..10000,MOD13Q1 V061 Terra 250m 16-day
SO1606,Qardho,SO16,Bari,2021-01-01,0.14997554245283018,0.1453,0.1074040566037736,0.1028,0.9712296133406634,21200,0.0,0.0,pixel_reliability=0 AND MODLAND_QA(bits0-1)=0 AND VI range -2000..10000,MOD13Q1 V061 Terra 250m 16-day
SO1606,Qardho,SO16,Bari,2021-01-17,0.1464577335234328,0.1429,0.1051394011865888,0.1016,0.9961059190031152,21743,4.581271761040865e-05,0.0,pixel_reliability=0 AND MODLAND_QA(bits0-1)=0 AND VI range -2000..10000,MOD13Q1 V061 Terra 250m 16-day
SO1606,Qardho,SO16,Bari,2021-02-02,0.1450288736289059,0.1423,0.105135182966172,0.1021,0.9940443467106468,21698,0.0,0.0,pixel_reliability=0 AND MODLAND_QA(bits0-1)=0 AND VI range -2000..10000,MOD13Q1 V061 Terra 250m 16-day
SO1606,Qardho,SO16,Bari,2021-02-18,0.1415747265373655,0.1395,0.1032280770291387,0.1006,0.9967931097672714,21758,0.0,0.0,pixel_reliability=0 AND MODLAND_QA(bits0-1)=0 AND VI range -2000..10000,MOD13Q1 V061 Terra 250m 16-day
SO1606,Qardho,SO16,Bari,2021-03-06,0.1400722779740871,0.138,0.1017779316843345,0.0989,0.9723749312809236,21225,0.0019699468572475,0.0,pixel_reliability=0 AND MODLAND_QA(bits0-1)=0 AND VI range -2000..10000,MOD13Q1 V061 Terra 250m 16-day
SO1606,Qardho,SO16,Bari,2021-03-22,0.1410631501494596,0.1394,0.1048798344446999,0.1021,0.996197544438336,21745,0.0,0.0,pixel_reliability=0 AND MODLAND_QA(bits0-1)=0 AND VI range -2000..10000,MOD13Q1 V061 Terra 250m 16-day
SO1606,Qardho,SO16,Bari,2021-04-07,0.1386290262951153,0.1373,0.1015801053653126,0.099,0.9913413963716328,21639,0.0,0.0,pixel_reliability=0 AND MODLAND_QA(bits0-1)=0 AND VI range -2000..10000,MOD13Q1 V061 Terra 250m 16-day
SO1606,Qardho,SO16,Bari,2021-04-23,0.1621078319950587,0.1592,0.118771432983323,0.11635,0.741707898112516,16190,0.0765530511269928,0.00224482316291,pixel_reliability=0 AND MODLAND_QA(bits0-1)=0 AND VI range -2000..10000,MOD13Q1 V061 Terra 250m 16-day
SO1606,Qardho,SO16,Bari,2021-05-09,0.1749211010255806,0.1717,0.1303741070376046,0.1278,0.7772585669781932,16966,0.0027487630566245,0.0,pixel_reliability=0 AND MODLAND_QA(bits0-1)=0 AND VI range -2000..10000,MOD13Q1 V061 Terra 250m 16-day
SO1606,Qardho,SO16,Bari,2021-05-25,0.170235918044973,0.1667,0.1269582466084371,0.1239,0.9860729338464358,21524,0.0,0.0,pixel_reliability=0 AND MODLAND_QA(bits0-1)=0 AND VI range -2000..10000,MOD13Q1 V061 Terra 250m 16-day
SO1606,Qardho,SO16,Bari,2021-06-10,0.1571776751531393,0.1541,0.1144183910796324,0.1116,0.9573025471870992,20896,0.0026571376214037,0.0,pixel_reliability=0 AND MODLAND_QA(bits0-1)=0 AND VI range -2000..10000,MOD13Q1 V061 Terra 250m 16-day
SO1606,Qardho,SO16,Bari,2021-06-26,0.1498821436875145,0.1473,0.1096974285049988,0.1075,0.985202492211838,21505,0.001236943375481,0.0,pixel_reliability=0 AND MODLAND_QA(bits0-1)=0 AND VI range -2000..10000,MOD13Q1 V061 Terra 250m 16-day
SO1606,Qardho,SO16,Bari,2021-07-12,0.1446963495575221,0.1421,0.1032063169538891,0.1011,0.786879237676379,17176,0.0828293934396188,0.0013743815283122,pixel_reliability=0 AND MODLAND_QA(bits0-1)=0 AND VI range -2000..10000,MOD13Q1 V061 Terra 250m 16-day
SO1606,Qardho,SO16,Bari,2021-07-28,0.1381944070080862,0.1362,0.1036684106661532,0.1015,0.95180502107385,20776,4.581271761040865e-05,0.0,pixel_reliability=0 AND MODLAND_QA(bits0-1)=0 AND VI range -2000..10000,MOD13Q1 V061 Terra 250m 16-day
SO1606,Qardho,SO16,Bari,2021-08-13,0.1401542168112697,0.1376,0.1009354324097397,0.0988,0.9821330401319406,21438,0.0004123144584936,0.0,pixel_reliability=0 AND MODLAND_QA(bits0-1)=0 AND VI range -2000..10000,MOD13Q1 V061 Terra 250m 16-day
SO1606,Qardho,SO16,Bari,2021-08-29,0.1417522306805075,0.1376,0.1029659561707036,0.0989,0.9929906542056075,21675,0.0,0.0,pixel_reliability=0 AND MODLAND_QA(bits0-1)=0 AND VI range -2000..10000,MOD13Q1 V061 Terra 250m 16-day
SO1606,Qardho,SO16,Bari,2021-09-14,0.14521486455304813,0.1401,0.10517421200793761,0.1013,0.992715777899945,21669,0.0,0.0,pixel_reliability=0 AND MODLAND_QA(bits0-1)=0 AND VI range -2000..10000,MOD13Q1 V061 Terra 250m 16-day
SO1606,Qardho,SO16,Bari,2021-09-30,0.1514552735052619,0.1462,0.1106916329362784,0.1069,0.7922851383544072,17294,0.0320230896096756,0.0,pixel_reliability=0 AND MODLAND_QA(bits0-1)=0 AND VI range -2000..10000,MOD13Q1 V061 Terra 250m 16-day
SO1606,Qardho,SO16,Bari,2021-10-16,0.1627261896993708,0.1572,0.1187955534840363,0.115,0.9829118563313176,21455,0.0,0.0,pixel_reliability=0 AND MODLAND_QA(bits0-1)=0 AND VI range -2000..10000,MOD13Q1 V061 Terra 250m 16-day
SO1606,Qardho,SO16,Bari,2021-11-01,0.1569168665596373,0.1512,0.1143288129190669,0.1103,0.9702217335532344,21178,0.0,0.0,pixel_reliability=0 AND MODLAND_QA(bits0-1)=0 AND VI range -2000..10000,MOD13Q1 V061 Terra 250m 16-day
SO1606,Qardho,SO16,Bari,2021-11-17,0.1516183396610797,0.1462,0.1095522640985276,0.1057,0.989463074949606,21598,0.0,0.0,pixel_reliability=0 AND MODLAND_QA(bits0-1)=0 AND VI range -2000..10000,MOD13Q1 V061 Terra 250m 16-day
SO1606,Qardho,SO16,Bari,2021-12-03,0.1480323935212957,0.1433,0.1061679341054866,0.1026,0.9928074033351658,21671,0.0,0.0,pixel_reliability=0 AND MODLAND_QA(bits0-1)=0 AND VI range -2000..10000,MOD13Q1 V061 Terra 250m 16-day
SO1606,Qardho,SO16,Bari,2021-12-19,0.1444199371835739,0.1405,0.1042858944309019,0.1011,0.9772768920652372,21332,0.0006413780465457,0.0,pixel_reliability=0 AND MODLAND_QA(bits0-1)=0 AND VI range -2000..10000,MOD13Q1 V061 Terra 250m 16-day
SO1701,Garoowe,SO17,Nugaal,2021-01-01,0.1473422967479675,0.1454,0.10963447154471545,0.10890000000000001,0.9734863474475662,9840,0.00019786307874950534,0.0,pixel_reliability=0 AND MODLAND_QA(bits0-1)=0 AND VI range -2000..10000,MOD13Q1 V061 Terra 250m 16-day
SO1701,Garoowe,SO17,Nugaal,2021-01-17,0.1443823470810918,0.1433,0.108551285116557,0.108,0.9930747922437672,10038,0.0002967946181242,0.0,pixel_reliability=0 AND MODLAND_QA(bits0-1)=0 AND VI range -2000..10000,MOD13Q1 V061 Terra 250m 16-day
SO1701,Garoowe,SO17,Nugaal,2021-02-02,0.1433053642515923,0.14285,0.1082430334394904,0.1077,0.9940641076375148,10048,0.0001978630787495,0.0,pixel_reliability=0 AND MODLAND_QA(bits0-1)=0 AND VI range -2000..10000,MOD13Q1 V061 Terra 250m 16-day
SO1701,Garoowe,SO17,Nugaal,2021-02-18,0.1393336017496769,0.1394,0.1063185306690525,0.1061,0.9951523545706372,10059,0.0002967946181242,0.0,pixel_reliability=0 AND MODLAND_QA(bits0-1)=0 AND VI range -2000..10000,MOD13Q1 V061 Terra 250m 16-day
SO1701,Garoowe,SO17,Nugaal,2021-03-06,0.137273082805331,0.1376,0.105275300415119,0.105,0.905619311436486,9154,0.0271072417886822,0.0,pixel_reliability=0 AND MODLAND_QA(bits0-1)=0 AND VI range -2000..10000,MOD13Q1 V061 Terra 250m 16-day
SO1701,Garoowe,SO17,Nugaal,2021-03-22,0.1398375699440447,0.14,0.1082042366107114,0.1074,0.9901068460625247,10008,0.0001978630787495,0.0,pixel_reliability=0 AND MODLAND_QA(bits0-1)=0 AND VI range -2000..10000,MOD13Q1 V061 Terra 250m 16-day
SO1701,Garoowe,SO17,Nugaal,2021-04-07,0.1375057857000597,0.1382,0.1054898824935272,0.1051,0.9934705184012664,10042,9.893153937475268e-05,0.0,pixel_reliability=0 AND MODLAND_QA(bits0-1)=0 AND VI range -2000..10000,MOD13Q1 V061 Terra 250m 16-day
SO1701,Garoowe,SO17,Nugaal,2021-04-23,0.1487132892804698,0.1406,0.1162279246206558,0.1105,0.4042342698852394,4086,0.2571230708349822,0.0153343886030866,pixel_reliability=0 AND MODLAND_QA(bits0-1)=0 AND VI range -2000..10000,MOD13Q1 V061 Terra 250m 16-day
SO1701,Garoowe,SO17,Nugaal,2021-05-09,0.1875520802675585,0.1824,0.1389621806020067,0.1349,0.7395132568262762,7475,0.0466956865848832,9.893153937475268e-05,pixel_reliability=0 AND MODLAND_QA(bits0-1)=0 AND VI range -2000..10000,MOD13Q1 V061 Terra 250m 16-day
SO1701,Garoowe,SO17,Nugaal,2021-05-25,0.1789362270984235,0.1757,0.139832680017043,0.1372,0.928769291650178,9388,0.0046497823506133,0.0,pixel_reliability=0 AND MODLAND_QA(bits0-1)=0 AND VI range -2000..10000,MOD13Q1 V061 Terra 250m 16-day
SO1701,Garoowe,SO17,Nugaal,2021-06-10,0.1587133150742652,0.1558,0.1214159169914674,0.1191,0.9391571032845272,9493,0.0189948555599525,0.0,pixel_reliability=0 AND MODLAND_QA(bits0-1)=0 AND VI range -2000..10000,MOD13Q1 V061 Terra 250m 16-day
SO1701,Garoowe,SO17,Nugaal,2021-06-26,0.1504151798174986,0.1487,0.1138832528180354,0.1126,0.9215472892758212,9315,0.0304709141274238,0.0,pixel_reliability=0 AND MODLAND_QA(bits0-1)=0 AND VI range -2000..10000,MOD13Q1 V061 Terra 250m 16-day
SO1701,Garoowe,SO17,Nugaal,2021-07-12,0.1425354678443278,0.1404,0.1094890284294783,0.1086,0.7168579343094579,7246,0.1009101701622477,0.0240403640680649,pixel_reliability=0 AND MODLAND_QA(bits0-1)=0 AND VI range -2000..10000,MOD13Q1 V061 Terra 250m 16-day
SO1701,Garoowe,SO17,Nugaal,2021-07-28,0.1404979843815956,0.14,0.1075568910932883,0.1065,0.9374752671151564,9476,0.0039572615749901,0.0,pixel_reliability=0 AND MODLAND_QA(bits0-1)=0 AND VI range -2000..10000,MOD13Q1 V061 Terra 250m 16-day
SO1701,Garoowe,SO17,Nugaal,2021-08-13,0.1373962940584089,0.1376,0.1053625881168177,0.1047,0.982390185991294,9930,0.0016818361693707,0.0,pixel_reliability=0 AND MODLAND_QA(bits0-1)=0 AND VI range -2000..10000,MOD13Q1 V061 Terra 250m 16-day
SO1701,Garoowe,SO17,Nugaal,2021-08-29,0.13787837484933713,0.13855,0.10542931900361592,0.1048,0.9849624060150376,9956,0.000890383854372774,0.0,pixel_reliability=0 AND MODLAND_QA(bits0-1)=0 AND VI range -2000..10000,MOD13Q1 V061 Terra 250m 16-day
SO1701,Garoowe,SO17,Nugaal,2021-09-14,0.13722134684865517,0.13820000000000002,0.10332891409072663,0.1024,0.9857538583300356,9964,0.0004946576968737634,0.0,pixel_reliability=0 AND MODLAND_QA(bits0-1)=0 AND VI range -2000..10000,MOD13Q1 V061 Terra 250m 16-day
SO1701,Garoowe,SO17,Nugaal,2021-09-30,0.1498807849430989,0.1493,0.1123998249197548,0.1106,0.6780767708745548,6854,0.1505738029283735,9.893153937475268e-05,pixel_reliability=0 AND MODLAND_QA(bits0-1)=0 AND VI range -2000..10000,MOD13Q1 V061 Terra 250m 16-day
SO1701,Garoowe,SO17,Nugaal,2021-10-16,0.1487313542294555,0.1478,0.1121432991762105,0.1106,0.984764542936288,9954,0.0006925207756232,0.0,pixel_reliability=0 AND MODLAND_QA(bits0-1)=0 AND VI range -2000..10000,MOD13Q1 V061 Terra 250m 16-day
SO1701,Garoowe,SO17,Nugaal,2021-11-01,0.1431330614406779,0.1434,0.1093976377118644,0.1087,0.9339137316976652,9440,0.000791452314998,0.0,pixel_reliability=0 AND MODLAND_QA(bits0-1)=0 AND VI range -2000..10000,MOD13Q1 V061 Terra 250m 16-day
SO1701,Garoowe,SO17,Nugaal,2021-11-17,0.1405210738796931,0.1416,0.1065734356075898,0.1064,0.9802136921250496,9908,9.893153937475268e-05,0.0,pixel_reliability=0 AND MODLAND_QA(bits0-1)=0 AND VI range -2000..10000,MOD13Q1 V061 Terra 250m 16-day
SO1701,Garoowe,SO17,Nugaal,2021-12-03,0.1392690252201761,0.1402,0.1046391212970376,0.1046,0.9885239414325286,9992,9.893153937475268e-05,0.0,pixel_reliability=0 AND MODLAND_QA(bits0-1)=0 AND VI range -2000..10000,MOD13Q1 V061 Terra 250m 16-day
SO1701,Garoowe,SO17,Nugaal,2021-12-19,0.1367989336256727,0.1383,0.1032318716364361,0.1031,0.9926790660862684,10034,0.0001978630787495,0.0,pixel_reliability=0 AND MODLAND_QA(bits0-1)=0 AND VI range -2000..10000,MOD13Q1 V061 Terra 250m 16-day
SO1702,Burtinle,SO17,Nugaal,2021-01-01,0.19242781321991853,0.19390000000000002,0.12101856282119441,0.12095,0.9947994711326575,11286,0.0,0.0,pixel_reliability=0 AND MODLAND_QA(bits0-1)=0 AND VI range -2000..10000,MOD13Q1 V061 Terra 250m 16-day
SO1702,Burtinle,SO17,Nugaal,2021-01-17,0.1868087110481586,0.1885,0.1178003186968838,0.118,0.9956809167033936,11296,0.0,0.0,pixel_reliability=0 AND MODLAND_QA(bits0-1)=0 AND VI range -2000..10000,MOD13Q1 V061 Terra 250m 16-day
SO1702,Burtinle,SO17,Nugaal,2021-02-02,0.1820795233032075,0.1845,0.1161698919014708,0.1162,0.9947994711326577,11286,0.0001762891141472,0.0,pixel_reliability=0 AND MODLAND_QA(bits0-1)=0 AND VI range -2000..10000,MOD13Q1 V061 Terra 250m 16-day
SO1702,Burtinle,SO17,Nugaal,2021-02-18,0.1768249619754854,0.1791,0.113692708240136,0.1135,0.9851917144116352,11177,0.0001762891141472,0.0,pixel_reliability=0 AND MODLAND_QA(bits0-1)=0 AND VI range -2000..10000,MOD13Q1 V061 Terra 250m 16-day
SO1702,Burtinle,SO17,Nugaal,2021-03-06,0.1759789582046531,0.1772,0.1139852892732139,0.1149,0.8562362274129572,9714,0.0317320405464962,0.0,pixel_reliability=0 AND MODLAND_QA(bits0-1)=0 AND VI range -2000..10000,MOD13Q1 V061 Terra 250m 16-day
SO1702,Burtinle,SO17,Nugaal,2021-03-22,0.1749271282734132,0.177,0.1143713271193963,0.1146,0.992948435434112,11265,0.0006170118995152,0.0,pixel_reliability=0 AND MODLAND_QA(bits0-1)=0 AND VI range -2000..10000,MOD13Q1 V061 Terra 250m 16-day
SO1702,Burtinle,SO17,Nugaal,2021-04-07,0.1728803144043098,0.1752,0.1126616444405192,0.1134,0.9980608197443808,11323,0.0,0.0,pixel_reliability=0 AND MODLAND_QA(bits0-1)=0 AND VI range -2000..10000,MOD13Q1 V061 Terra 250m 16-day
SO1702,Burtinle,SO17,Nugaal,2021-04-23,0.21717476340694,0.209,0.1444324921135646,0.1371,0.0279418245923314,317,0.4609960334949317,0.1732040546496253,pixel_reliability=0 AND MODLAND_QA(bits0-1)=0 AND VI range -2000..10000,MOD13Q1 V061 Terra 250m 16-day
SO1702,Burtinle,SO17,Nugaal,2021-05-09,0.2631190666134822,0.2606,0.1702518149182289,0.1699,0.2209784045835169,2507,0.5118554429263993,0.0011458792419568,pixel_reliability=0 AND MODLAND_QA(bits0-1)=0 AND VI range -2000..10000,MOD13Q1 V061 Terra 250m 16-day
SO1702,Burtinle,SO17,Nugaal,2021-05-25,0.2516069541029207,0.2513,0.1683014464534075,0.1672,0.9506390480387836,10785,0.0016747465843984,0.0,pixel_reliability=0 AND MODLAND_QA(bits0-1)=0 AND VI range -2000..10000,MOD13Q1 V061 Terra 250m 16-day
SO1702,Burtinle,SO17,Nugaal,2021-06-10,0.2164450883955868,0.218,0.1420907882493686,0.1424,0.6631115028646981,7523,0.1292199206698986,0.0,pixel_reliability=0 AND MODLAND_QA(bits0-1)=0 AND VI range -2000..10000,MOD13Q1 V061 Terra 250m 16-day
SO1702,Burtinle,SO17,Nugaal,2021-06-26,0.1965146410938093,0.1982,0.1268302506646411,0.1273,0.4641692375495813,5266,0.1680916703393565,0.0,pixel_reliability=0 AND MODLAND_QA(bits0-1)=0 AND VI range -2000..10000,MOD13Q1 V061 Terra 250m 16-day
SO1702,Burtinle,SO17,Nugaal,2021-07-12,0.1846361290322581,0.187,0.1206813440860215,0.1213,0.6557955046275893,7440,0.0911414720141031,0.0002644336712208,pixel_reliability=0 AND MODLAND_QA(bits0-1)=0 AND VI range -2000..10000,MOD13Q1 V061 Terra 250m 16-day
SO1702,Burtinle,SO17,Nugaal,2021-07-28,0.1811460068649885,0.1832,0.114709656750572,0.1153,0.7703834288232702,8740,0.0727192595857205,0.0,pixel_reliability=0 AND MODLAND_QA(bits0-1)=0 AND VI range -2000..10000,MOD13Q1 V061 Terra 250m 16-day
SO1702,Burtinle,SO17,Nugaal,2021-08-13,0.1751075298953662,0.1767,0.1111133314648729,0.11135,0.943499338915822,10704,0.0016747465843984,0.0,pixel_reliability=0 AND MODLAND_QA(bits0-1)=0 AND VI range -2000..10000,MOD13Q1 V061 Terra 250m 16-day
SO1702,Burtinle,SO17,Nugaal,2021-08-29,0.17202296715131934,0.17420000000000002,0.11127493268712978,0.11220000000000001,0.982106654914059,11142,0.0016747465843984133,0.0,pixel_reliability=0 AND MODLAND_QA(bits0-1)=0 AND VI range -2000..10000,MOD13Q1 V061 Terra 250m 16-day
SO1702,Burtinle,SO17,Nugaal,2021-09-14,0.1717273243681892,0.1743,0.11041675168096453,0.1102,0.7603349493168797,8626,0.0064345526663728515,0.0,pixel_reliability=0 AND MODLAND_QA(bits0-1)=0 AND VI range -2000..10000,MOD13Q1 V061 Terra 250m 16-day
SO1702,Burtinle,SO17,Nugaal,2021-09-30,0.1780426896012509,0.1807,0.1169210841803492,0.1168,0.3382106654914059,3837,0.4160423093873953,8.814455707360071e-05,pixel_reliability=0 AND MODLAND_QA(bits0-1)=0 AND VI range -2000..10000,MOD13Q1 V061 Terra 250m 16-day
SO1702,Burtinle,SO17,Nugaal,2021-10-16,0.1843305474692459,0.1852,0.116795746079444,0.1164,0.938651388276774,10649,0.0,0.0,pixel_reliability=0 AND MODLAND_QA(bits0-1)=0 AND VI range -2000..10000,MOD13Q1 V061 Terra 250m 16-day
SO1702,Burtinle,SO17,Nugaal,2021-11-01,0.1788835465663217,0.1804,0.1159010065851364,0.1154,0.9369766416923756,10630,0.0024680475980608,0.0,pixel_reliability=0 AND MODLAND_QA(bits0-1)=0 AND VI range -2000..10000,MOD13Q1 V061 Terra 250m 16-day
SO1702,Burtinle,SO17,Nugaal,2021-11-17,0.1767475387727579,0.1786,0.1138679125325113,0.1143,0.9150286469810488,10381,0.0,0.0,pixel_reliability=0 AND MODLAND_QA(bits0-1)=0 AND VI range -2000..10000,MOD13Q1 V061 Terra 250m 16-day
SO1702,Burtinle,SO17,Nugaal,2021-12-03,0.1768308946711816,0.1779,0.1122384512564605,0.1122,0.9891582194799472,11222,0.0,0.0,pixel_reliability=0 AND MODLAND_QA(bits0-1)=0 AND VI range -2000..10000,MOD13Q1 V061 Terra 250m 16-day
SO1702,Burtinle,SO17,Nugaal,2021-12-19,0.1732401226339643,0.175,0.1097022394028259,0.1094,0.9918907007492288,11253,0.0,0.0,pixel_reliability=0 AND MODLAND_QA(bits0-1)=0 AND VI range -2000..10000,MOD13Q1 V061 Terra 250m 16-day
SO1703,Eyl,SO17,Nugaal,2021-01-01,0.18703424859757903,0.19160000000000002,0.1334258488337762,0.1318,0.6101603314718069,6774,0.0201765447667087,0.005044136191677175,pixel_reliability=0 AND MODLAND_QA(bits0-1)=0 AND VI range -2000..10000,MOD13Q1 V061 Terra 250m 16-day
SO1703,Eyl,SO17,Nugaal,2021-01-17,0.1842359308219859,0.1875,0.126525603816718,0.1258,0.906233111151144,10061,0.0234192037470726,0.0083768690326067,pixel_reliability=0 AND MODLAND_QA(bits0-1)=0 AND VI range -2000..10000,MOD13Q1 V061 Terra 250m 16-day
SO1703,Eyl,SO17,Nugaal,2021-02-02,0.1741686837240976,0.1768,0.122592178227454,0.1236,0.9258692127544588,10279,0.0191857323004864,0.0048639884705458,pixel_reliability=0 AND MODLAND_QA(bits0-1)=0 AND VI range -2000..10000,MOD13Q1 V061 Terra 250m 16-day
SO1703,Eyl,SO17,Nugaal,2021-02-18,0.1678960167103857,0.17,0.1175086175070436,0.1188,0.927130246802378,10293,0.0216177265357593,0.0053143577733741,pixel_reliability=0 AND MODLAND_QA(bits0-1)=0 AND VI range -2000..10000,MOD13Q1 V061 Terra 250m 16-day
SO1703,Eyl,SO17,Nugaal,2021-03-06,0.1606261428571428,0.1602,0.1104548928571428,0.1101,0.5044136191677175,5600,0.2727436497928301,0.007746352008647,pixel_reliability=0 AND MODLAND_QA(bits0-1)=0 AND VI range -2000..10000,MOD13Q1 V061 Terra 250m 16-day
SO1703,Eyl,SO17,Nugaal,2021-03-22,0.1627188784866325,0.1645,0.117205279413184,0.1194,0.9332552693208432,10361,0.0155827778778598,0.0019816249324446,pixel_reliability=0 AND MODLAND_QA(bits0-1)=0 AND VI range -2000..10000,MOD13Q1 V061 Terra 250m 16-day
SO1703,Eyl,SO17,Nugaal,2021-04-07,0.1589035445544554,0.1604,0.114412405940594,0.1162,0.9097459917132048,10100,0.0183750675553954,0.0040533237254548,pixel_reliability=0 AND MODLAND_QA(bits0-1)=0 AND VI range -2000..10000,MOD13Q1 V061 Terra 250m 16-day
SO1703,Eyl,SO17,Nugaal,2021-04-23,0.1908554779572239,0.1837,0.1424585333915321,0.1393,0.4127184291118717,4582,0.243289497387858,0.0139614483876778,pixel_reliability=0 AND MODLAND_QA(bits0-1)=0 AND VI range -2000..10000,MOD13Q1 V061 Terra 250m 16-day
SO1703,Eyl,SO17,Nugaal,2021-05-09,0.2076625964823485,0.2033,0.1522124256611413,0.1518,0.7118537200504413,7903,0.0327868852459016,0.0001801477211313,pixel_reliability=0 AND MODLAND_QA(bits0-1)=0 AND VI range -2000..10000,MOD13Q1 V061 Terra 250m 16-day
SO1703,Eyl,SO17,Nugaal,2021-05-25,0.1853888443017656,0.1826,0.1354830758426966,0.1359,0.8978562421185372,9968,0.0068456134029904,0.0026121419564042,pixel_reliability=0 AND MODLAND_QA(bits0-1)=0 AND VI range -2000..10000,MOD13Q1 V061 Terra 250m 16-day
SO1703,Eyl,SO17,Nugaal,2021-06-10,0.1704717663149668,0.1685,0.1212190504103165,0.1222,0.9219960367501352,10236,0.0230589083048099,0.0043235453071518,pixel_reliability=0 AND MODLAND_QA(bits0-1)=0 AND VI range -2000..10000,MOD13Q1 V061 Terra 250m 16-day
SO1703,Eyl,SO17,Nugaal,2021-06-26,0.1641227598199672,0.1633,0.1171462561374795,0.1184,0.8805620608899297,9776,0.0241397946315979,0.0102684201044856,pixel_reliability=0 AND MODLAND_QA(bits0-1)=0 AND VI range -2000..10000,MOD13Q1 V061 Terra 250m 16-day
SO1703,Eyl,SO17,Nugaal,2021-07-12,0.1586337920331091,0.1584,0.1142986239006725,0.116,0.870563862367141,9665,0.0258511979823455,0.0125202666186272,pixel_reliability=0 AND MODLAND_QA(bits0-1)=0 AND VI range -2000..10000,MOD13Q1 V061 Terra 250m 16-day
SO1703,Eyl,SO17,Nugaal,2021-07-28,0.1546633801341156,0.1545,0.1118598805532271,0.1123,0.8596649252386958,9544,0.0296343001261034,0.0084669428931724,pixel_reliability=0 AND MODLAND_QA(bits0-1)=0 AND VI range -2000..10000,MOD13Q1 V061 Terra 250m 16-day
SO1703,Eyl,SO17,Nugaal,2021-08-13,0.1518955055064987,0.1524,0.110422581605318,0.112,0.907854440641326,10079,0.0177445505314357,0.0072059088452531,pixel_reliability=0 AND MODLAND_QA(bits0-1)=0 AND VI range -2000..10000,MOD13Q1 V061 Terra 250m 16-day
SO1703,Eyl,SO17,Nugaal,2021-08-29,0.15157387131524827,0.1524,0.10850565076877877,0.11,0.9197441902359935,10211,0.013150783642586922,0.00351288056206089,pixel_reliability=0 AND MODLAND_QA(bits0-1)=0 AND VI range -2000..10000,MOD13Q1 V061 Terra 250m 16-day
SO1703,Eyl,SO17,Nugaal,2021-09-14,0.1523153830825944,0.1531,0.10648398923981271,0.10790000000000001,0.904071338497568,10037,0.01756440281030445,0.007926499729778418,pixel_reliability=0 AND MODLAND_QA(bits0-1)=0 AND VI range -2000..10000,MOD13Q1 V061 Terra 250m 16-day
SO1703,Eyl,SO17,Nugaal,2021-09-30,0.1578121906083738,0.1566,0.1146669905158454,0.1148,0.7787785984507296,8646,0.0464781120518825,0.0054044316339398,pixel_reliability=0 AND MODLAND_QA(bits0-1)=0 AND VI range -2000..10000,MOD13Q1 V061 Terra 250m 16-day
SO1703,Eyl,SO17,Nugaal,2021-10-16,0.1635187289359653,0.1591,0.1154550698122291,0.1149,0.935417041974419,10385,0.0109890109890109,0.0015312556296162,pixel_reliability=0 AND MODLAND_QA(bits0-1)=0 AND VI range -2000..10000,MOD13Q1 V061 Terra 250m 16-day
SO1703,Eyl,SO17,Nugaal,2021-11-01,0.160985050998725,0.1594,0.1172347322566936,0.1183,0.8477751756440282,9412,0.0147721131327688,0.0007205908845253,pixel_reliability=0 AND MODLAND_QA(bits0-1)=0 AND VI range -2000..10000,MOD13Q1 V061 Terra 250m 16-day
SO1703,Eyl,SO17,Nugaal,2021-11-17,0.159874619093539,0.1583,0.1144141465766634,0.1153,0.934065934065934,10370,0.0126103404791929,0.0022518465141415,pixel_reliability=0 AND MODLAND_QA(bits0-1)=0 AND VI range -2000..10000,MOD13Q1 V061 Terra 250m 16-day
SO1703,Eyl,SO17,Nugaal,2021-12-03,0.1806381594147093,0.1789,0.1278951771274547,0.1279,0.935687263556116,10388,0.0174743289497387,0.0061250225184651,pixel_reliability=0 AND MODLAND_QA(bits0-1)=0 AND VI range -2000..10000,MOD13Q1 V061 Terra 250m 16-day
SO1703,Eyl,SO17,Nugaal,2021-12-19,0.1724904449054864,0.1676,0.1237137275242047,0.1213,0.7814808142676996,8676,0.0589083048099441,0.0044136191677175,pixel_reliability=0 AND MODLAND_QA(bits0-1)=0 AND VI range -2000..10000,MOD13Q1 V061 Terra 250m 16-day
SO1801,Gaalkacyo,SO18,Mudug,2021-01-01,0.18936332273909276,0.19060000000000002,0.12228672060098239,0.1216,0.9795098205694233,17305,0.0010754514065772344,0.0,pixel_reliability=0 AND MODLAND_QA(bits0-1)=0 AND VI range -2000..10000,MOD13Q1 V061 Terra 250m 16-day
SO1801,Gaalkacyo,SO18,Mudug,2021-01-17,0.1845595882045018,0.1864,0.1204578840225673,0.1203,0.9731703175411784,17193,0.003452765042169,0.0,pixel_reliability=0 AND MODLAND_QA(bits0-1)=0 AND VI range -2000..10000,MOD13Q1 V061 Terra 250m 16-day
SO1801,Gaalkacyo,SO18,Mudug,2021-02-02,0.1830382145744312,0.1848,0.1190453920776071,0.1192,0.9802456557423443,17318,0.0016414784626705,0.0,pixel_reliability=0 AND MODLAND_QA(bits0-1)=0 AND VI range -2000..10000,MOD13Q1 V061 Terra 250m 16-day
SO1801,Gaalkacyo,SO18,Mudug,2021-02-18,0.1774956319639073,0.1799,0.1160381844281905,0.1164,0.8280409803588612,14629,0.0292635988000226,0.0,pixel_reliability=0 AND MODLAND_QA(bits0-1)=0 AND VI range -2000..10000,MOD13Q1 V061 Terra 250m 16-day
SO1801,Gaalkacyo,SO18,Mudug,2021-03-06,0.179627277491484,0.1813,0.1144222988907328,0.1143,0.6480443765211977,11449,0.0383766344031244,0.0,pixel_reliability=0 AND MODLAND_QA(bits0-1)=0 AND VI range -2000..10000,MOD13Q1 V061 Terra 250m 16-day
SO1801,Gaalkacyo,SO18,Mudug,2021-03-22,0.1755096724424401,0.1773,0.1156519463565155,0.116,0.9538687949283976,16852,0.0055470651497141,0.0,pixel_reliability=0 AND MODLAND_QA(bits0-1)=0 AND VI range -2000..10000,MOD13Q1 V061 Terra 250m 16-day
SO1801,Gaalkacyo,SO18,Mudug,2021-04-07,0.1738487235886156,0.176,0.1140178830900486,0.1144,0.8492103922567499,15003,0.025358012112979,0.0,pixel_reliability=0 AND MODLAND_QA(bits0-1)=0 AND VI range -2000..10000,MOD13Q1 V061 Terra 250m 16-day
SO1801,Gaalkacyo,SO18,Mudug,2021-04-23,0.2279268728522336,0.208,0.154959587628866,0.1453,0.0823569366615724,1455,0.3583517292126563,0.2567498726439123,pixel_reliability=0 AND MODLAND_QA(bits0-1)=0 AND VI range -2000..10000,MOD13Q1 V061 Terra 250m 16-day
SO1801,Gaalkacyo,SO18,Mudug,2021-05-09,0.2481632754342431,0.24455,0.1651828332957365,0.1635,0.5018395879323032,8866,0.2439576611762042,0.0018112865794985,pixel_reliability=0 AND MODLAND_QA(bits0-1)=0 AND VI range -2000..10000,MOD13Q1 V061 Terra 250m 16-day
SO1801,Gaalkacyo,SO18,Mudug,2021-05-25,0.2290463399768391,0.2259,0.153128268422015,0.1503,0.9286805909322464,16407,0.0046414218599649,0.0,pixel_reliability=0 AND MODLAND_QA(bits0-1)=0 AND VI range -2000..10000,MOD13Q1 V061 Terra 250m 16-day
SO1801,Gaalkacyo,SO18,Mudug,2021-06-10,0.1961517732098486,0.1943,0.1344567765981477,0.1328,0.5011603554649913,8854,0.2612214863870493,0.0,pixel_reliability=0 AND MODLAND_QA(bits0-1)=0 AND VI range -2000..10000,MOD13Q1 V061 Terra 250m 16-day
SO1801,Gaalkacyo,SO18,Mudug,2021-06-26,0.1868794917922195,0.1875,0.1253799415336182,0.1245,0.5034244636893643,8894,0.2502405614988396,0.0,pixel_reliability=0 AND MODLAND_QA(bits0-1)=0 AND VI range -2000..10000,MOD13Q1 V061 Terra 250m 16-day
SO1801,Gaalkacyo,SO18,Mudug,2021-07-12,0.1806741655687307,0.1811,0.1218237703118137,0.121,0.5155374426897605,9108,0.1979396615158204,0.0140940736967227,pixel_reliability=0 AND MODLAND_QA(bits0-1)=0 AND VI range -2000..10000,MOD13Q1 V061 Terra 250m 16-day
SO1801,Gaalkacyo,SO18,Mudug,2021-07-28,0.1742359764089122,0.1751,0.1141495522062035,0.1137,0.5182543725590083,9156,0.2209203599932076,0.0,pixel_reliability=0 AND MODLAND_QA(bits0-1)=0 AND VI range -2000..10000,MOD13Q1 V061 Terra 250m 16-day
SO1801,Gaalkacyo,SO18,Mudug,2021-08-13,0.1759011898395722,0.1768,0.1133423863636363,0.1132,0.8467764759155487,14960,0.0183958793230316,0.0,pixel_reliability=0 AND MODLAND_QA(bits0-1)=0 AND VI range -2000..10000,MOD13Q1 V061 Terra 250m 16-day
SO1801,Gaalkacyo,SO18,Mudug,2021-08-29,0.17170518940089347,0.1734,0.11363641148032556,0.1135,0.9249448123620309,16341,0.014433689930378673,0.0,pixel_reliability=0 AND MODLAND_QA(bits0-1)=0 AND VI range -2000..10000,MOD13Q1 V061 Terra 250m 16-day
SO1801,Gaalkacyo,SO18,Mudug,2021-09-14,0.16990714285714287,0.1723,0.11646438861258789,0.1168,0.6601007528159846,11662,0.04279164544065207,0.0,pixel_reliability=0 AND MODLAND_QA(bits0-1)=0 AND VI range -2000..10000,MOD13Q1 V061 Terra 250m 16-day
SO1801,Gaalkacyo,SO18,Mudug,2021-09-30,0.170659086726478,0.1732,0.1135979411088106,0.1134,0.4921039225674987,8694,0.0769230769230769,0.0001132054112186,pixel_reliability=0 AND MODLAND_QA(bits0-1)=0 AND VI range -2000..10000,MOD13Q1 V061 Terra 250m 16-day
SO1801,Gaalkacyo,SO18,Mudug,2021-10-16,0.1815514875967137,0.1825,0.1190074738773231,0.1177,0.7096281202241467,12537,0.0015282730514518,0.0,pixel_reliability=0 AND MODLAND_QA(bits0-1)=0 AND VI range -2000..10000,MOD13Q1 V061 Terra 250m 16-day
SO1801,Gaalkacyo,SO18,Mudug,2021-11-01,0.1770209326327641,0.1779,0.1166542972415087,0.1161,0.6032716363842192,10658,0.0766966661006396,0.0001698081168279,pixel_reliability=0 AND MODLAND_QA(bits0-1)=0 AND VI range -2000..10000,MOD13Q1 V061 Terra 250m 16-day
SO1801,Gaalkacyo,SO18,Mudug,2021-11-17,0.1750645082380027,0.1758,0.1140453845600402,0.1138,0.7867210052640516,13899,0.0074149544348219,0.0,pixel_reliability=0 AND MODLAND_QA(bits0-1)=0 AND VI range -2000..10000,MOD13Q1 V061 Terra 250m 16-day
SO1801,Gaalkacyo,SO18,Mudug,2021-12-03,0.1757850474820144,0.1749,0.1150767251798561,0.114,0.9834720099620762,17375,0.0012452595234052,0.0,pixel_reliability=0 AND MODLAND_QA(bits0-1)=0 AND VI range -2000..10000,MOD13Q1 V061 Terra 250m 16-day
SO1801,Gaalkacyo,SO18,Mudug,2021-12-19,0.1723497944078947,0.1725,0.1103005404135338,0.1093,0.963604460293202,17024,0.0023207109299824,0.0,pixel_reliability=0 AND MODLAND_QA(bits0-1)=0 AND VI range -2000..10000,MOD13Q1 V061 Terra 250m 16-day
SO1802,Galdogob,SO18,Mudug,2021-01-01,0.1971528988573847,0.19990000000000002,0.12392035548032163,0.12340000000000001,0.9555196118075212,2363,0.003234937323089365,0.0,pixel_reliability=0 AND MODLAND_QA(bits0-1)=0 AND VI range -2000..10000,MOD13Q1 V061 Terra 250m 16-day
SO1802,Galdogob,SO18,Mudug,2021-01-17,0.1922832667554372,0.1961,0.1223761651131824,0.1222,0.9110392236150424,2253,0.0149615851192883,0.0,pixel_reliability=0 AND MODLAND_QA(bits0-1)=0 AND VI range -2000..10000,MOD13Q1 V061 Terra 250m 16-day
SO1802,Galdogob,SO18,Mudug,2021-02-02,0.1905640362225097,0.1943,0.1209156532988357,0.1207,0.9377274565305296,2319,0.004852405984634,0.0,pixel_reliability=0 AND MODLAND_QA(bits0-1)=0 AND VI range -2000..10000,MOD13Q1 V061 Terra 250m 16-day
SO1802,Galdogob,SO18,Mudug,2021-02-18,0.1849584884994523,0.1896,0.1161510952902519,0.1167,0.7383744439951476,1826,0.0513546300040436,0.0,pixel_reliability=0 AND MODLAND_QA(bits0-1)=0 AND VI range -2000..10000,MOD13Q1 V061 Terra 250m 16-day
SO1802,Galdogob,SO18,Mudug,2021-03-06,0.1871834850455136,0.1907,0.1184511703511053,0.118,0.6219167003639304,1538,0.0036393044884755,0.0,pixel_reliability=0 AND MODLAND_QA(bits0-1)=0 AND VI range -2000..10000,MOD13Q1 V061 Terra 250m 16-day
SO1802,Galdogob,SO18,Mudug,2021-03-22,0.1815047058823529,0.1851,0.1177500980392157,0.1182,0.8249090173877881,2040,0.0384148807116862,0.0,pixel_reliability=0 AND MODLAND_QA(bits0-1)=0 AND VI range -2000..10000,MOD13Q1 V061 Terra 250m 16-day
SO1802,Galdogob,SO18,Mudug,2021-04-07,0.1798719645293315,0.1835,0.1150917462482947,0.1157,0.5928022644561262,1466,0.0970481196926809,0.0,pixel_reliability=0 AND MODLAND_QA(bits0-1)=0 AND VI range -2000..10000,MOD13Q1 V061 Terra 250m 16-day
SO1802,Galdogob,SO18,Mudug,2021-04-23,0.2410945945945946,0.248,0.1688824324324324,0.17165,0.0299231702385766,74,0.5183987060250708,0.1686211079660331,pixel_reliability=0 AND MODLAND_QA(bits0-1)=0 AND VI range -2000..10000,MOD13Q1 V061 Terra 250m 16-day
SO1802,Galdogob,SO18,Mudug,2021-05-09,0.2875378980891719,0.2864,0.1912519108280255,0.18965,0.2539425798625151,628,0.4816012939749292,0.0,pixel_reliability=0 AND MODLAND_QA(bits0-1)=0 AND VI range -2000..10000,MOD13Q1 V061 Terra 250m 16-day
SO1802,Galdogob,SO18,Mudug,2021-05-25,0.2464710632570659,0.2447,0.1617556303275011,0.1584,0.9013344116457744,2229,0.0056611403154063,0.0,pixel_reliability=0 AND MODLAND_QA(bits0-1)=0 AND VI range -2000..10000,MOD13Q1 V061 Terra 250m 16-day
SO1802,Galdogob,SO18,Mudug,2021-06-10,0.2012277008310249,0.2027,0.1404788088642659,0.14115,0.2919530934088152,722,0.537808329963607,0.0,pixel_reliability=0 AND MODLAND_QA(bits0-1)=0 AND VI range -2000..10000,MOD13Q1 V061 Terra 250m 16-day
SO1802,Galdogob,SO18,Mudug,2021-06-26,0.1891896860986547,0.1915,0.1291533632286995,0.1293,0.2705216336433481,669,0.4678528103517994,0.0,pixel_reliability=0 AND MODLAND_QA(bits0-1)=0 AND VI range -2000..10000,MOD13Q1 V061 Terra 250m 16-day
SO1802,Galdogob,SO18,Mudug,2021-07-12,0.1835345509893455,0.185,0.1275334855403348,0.127,0.2656692276587141,657,0.3970885564092196,0.123331985442782,pixel_reliability=0 AND MODLAND_QA(bits0-1)=0 AND VI range -2000..10000,MOD13Q1 V061 Terra 250m 16-day
SO1802,Galdogob,SO18,Mudug,2021-07-28,0.1854749391727494,0.1867,0.1186639902676399,0.1181,0.4985847149211484,1233,0.2385766275778406,0.0,pixel_reliability=0 AND MODLAND_QA(bits0-1)=0 AND VI range -2000..10000,MOD13Q1 V061 Terra 250m 16-day
SO1802,Galdogob,SO18,Mudug,2021-08-13,0.1877374468085106,0.19035,0.1175621276595744,0.1171,0.7602102709260008,1880,0.0460978568540234,0.0,pixel_reliability=0 AND MODLAND_QA(bits0-1)=0 AND VI range -2000..10000,MOD13Q1 V061 Terra 250m 16-day
SO1802,Galdogob,SO18,Mudug,2021-08-29,0.18059344178952721,0.1826,0.11785332994407727,0.1174,0.7953902143145977,1967,0.03679741205014153,0.0,pixel_reliability=0 AND MODLAND_QA(bits0-1)=0 AND VI range -2000..10000,MOD13Q1 V061 Terra 250m 16-day
SO1802,Galdogob,SO18,Mudug,2021-09-14,0.17572351598173516,0.17700000000000002,0.11673584474885847,0.11635000000000001,0.3542256368782855,876,0.2826526486049333,0.0,pixel_reliability=0 AND MODLAND_QA(bits0-1)=0 AND VI range -2000..10000,MOD13Q1 V061 Terra 250m 16-day
SO1802,Galdogob,SO18,Mudug,2021-09-30,0.1858855212355212,0.18795,0.1148312741312741,0.11415,0.4189243833400727,1036,0.0994743226849979,0.0,pixel_reliability=0 AND MODLAND_QA(bits0-1)=0 AND VI range -2000..10000,MOD13Q1 V061 Terra 250m 16-day
SO1802,Galdogob,SO18,Mudug,2021-10-16,0.1869721266345492,0.1886,0.1201726772195457,0.1189,0.5875454913061059,1453,0.0121310149615851,0.0,pixel_reliability=0 AND MODLAND_QA(bits0-1)=0 AND VI range -2000..10000,MOD13Q1 V061 Terra 250m 16-day
SO1802,Galdogob,SO18,Mudug,2021-11-01,0.1810583643122676,0.1847,0.1160732342007435,0.1157,0.3263243024666397,807,0.303275374039628,0.0,pixel_reliability=0 AND MODLAND_QA(bits0-1)=0 AND VI range -2000..10000,MOD13Q1 V061 Terra 250m 16-day
SO1802,Galdogob,SO18,Mudug,2021-11-17,0.1841661698956781,0.1878,0.1173631892697466,0.1175,0.542660735948241,1342,0.0141528507885159,0.0,pixel_reliability=0 AND MODLAND_QA(bits0-1)=0 AND VI range -2000..10000,MOD13Q1 V061 Terra 250m 16-day
SO1802,Galdogob,SO18,Mudug,2021-12-03,0.1818543352601156,0.1848,0.1155493997332147,0.1155,0.9094217549534978,2249,0.0105135463000404,0.0,pixel_reliability=0 AND MODLAND_QA(bits0-1)=0 AND VI range -2000..10000,MOD13Q1 V061 Terra 250m 16-day
SO1802,Galdogob,SO18,Mudug,2021-12-19,0.1802125273762593,0.1836,0.1113765221200175,0.1118,0.9231702385766276,2283,0.0044480388192478,0.0,pixel_reliability=0 AND MODLAND_QA(bits0-1)=0 AND VI range -2000..10000,MOD13Q1 V061 Terra 250m 16-day
SO1803,Hobyo,SO18,Mudug,2021-01-01,0.18993734908700322,0.18580000000000002,0.13006955102040818,0.1288,0.7762473319103522,23275,0.024946638207043757,0.009505069370330844,pixel_reliability=0 AND MODLAND_QA(bits0-1)=0 AND VI range -2000..10000,MOD13Q1 V061 Terra 250m 16-day
SO1803,Hobyo,SO18,Mudug,2021-01-17,0.1797979485509606,0.1781,0.1257474845327255,0.1246,0.8193703308431163,24568,0.038720651013874,0.0098052294557097,pixel_reliability=0 AND MODLAND_QA(bits0-1)=0 AND VI range -2000..10000,MOD13Q1 V061 Terra 250m 16-day
SO1803,Hobyo,SO18,Mudug,2021-02-02,0.1755186056679518,0.175,0.1227236774116618,0.1225,0.8390808431163287,25159,0.0537953575240128,0.0086045891141942,pixel_reliability=0 AND MODLAND_QA(bits0-1)=0 AND VI range -2000..10000,MOD13Q1 V061 Terra 250m 16-day
SO1803,Hobyo,SO18,Mudug,2021-02-18,0.1687379801404698,0.1695,0.1167379365463792,0.1165,0.6885338847385272,20645,0.11349386339381,0.0095050693703308,pixel_reliability=0 AND MODLAND_QA(bits0-1)=0 AND VI range -2000..10000,MOD13Q1 V061 Terra 250m 16-day
SO1803,Hobyo,SO18,Mudug,2021-03-06,0.1639499734325186,0.1648,0.1158745882040382,0.1144,0.5021344717182498,15056,0.2506336712913554,0.011973052294557,pixel_reliability=0 AND MODLAND_QA(bits0-1)=0 AND VI range -2000..10000,MOD13Q1 V061 Terra 250m 16-day
SO1803,Hobyo,SO18,Mudug,2021-03-22,0.1667475145761698,0.1658,0.117239609807146,0.1167,0.892342582710779,26756,0.0267475987193169,0.0046691568836712,pixel_reliability=0 AND MODLAND_QA(bits0-1)=0 AND VI range -2000..10000,MOD13Q1 V061 Terra 250m 16-day
SO1803,Hobyo,SO18,Mudug,2021-04-07,0.1631333569226103,0.1632,0.1160865642218066,0.1154,0.6597852187833512,19783,0.0670691035218783,0.0033017609391675,pixel_reliability=0 AND MODLAND_QA(bits0-1)=0 AND VI range -2000..10000,MOD13Q1 V061 Terra 250m 16-day
SO1803,Hobyo,SO18,Mudug,2021-04-23,0.1684070475173518,0.16595,0.1232406033101975,0.11965,0.1249332977588047,3746,0.3596251334044824,0.1274679829242262,pixel_reliability=0 AND MODLAND_QA(bits0-1)=0 AND VI range -2000..10000,MOD13Q1 V061 Terra 250m 16-day
SO1803,Hobyo,SO18,Mudug,2021-05-09,0.2234832647462277,0.2245,0.160406683127572,0.1619,0.6078241728922091,18225,0.1153948772678762,0.0172425293489861,pixel_reliability=0 AND MODLAND_QA(bits0-1)=0 AND VI range -2000..10000,MOD13Q1 V061 Terra 250m 16-day
SO1803,Hobyo,SO18,Mudug,2021-05-25,0.2023345147178765,0.20105,0.1453089234077259,0.1447,0.8996131270010672,26974,0.0211112593383137,0.0091382070437566,pixel_reliability=0 AND MODLAND_QA(bits0-1)=0 AND VI range -2000..10000,MOD13Q1 V061 Terra 250m 16-day
SO1803,Hobyo,SO18,Mudug,2021-06-10,0.1796633489718069,0.1795,0.1288719822861402,0.1287,0.760639007470651,22807,0.0838113660618996,0.0111392742796157,pixel_reliability=0 AND MODLAND_QA(bits0-1)=0 AND VI range -2000..10000,MOD13Q1 V061 Terra 250m 16-day
SO1803,Hobyo,SO18,Mudug,2021-06-26,0.1727176456143797,0.1724,0.123007130930164,0.1227,0.6790955176093917,20362,0.0855456243329775,0.0147411953041622,pixel_reliability=0 AND MODLAND_QA(bits0-1)=0 AND VI range -2000..10000,MOD13Q1 V061 Terra 250m 16-day
SO1803,Hobyo,SO18,Mudug,2021-07-12,0.1664651611705748,0.1669,0.1191994679205593,0.1191,0.5390541622198506,16163,0.1529815901814301,0.0292489327641408,pixel_reliability=0 AND MODLAND_QA(bits0-1)=0 AND VI range -2000..10000,MOD13Q1 V061 Terra 250m 16-day
SO1803,Hobyo,SO18,Mudug,2021-07-28,0.1612634551304148,0.16255,0.1180475353326439,0.1187,0.5805096051227321,17406,0.1268676627534685,0.0500600320170757,pixel_reliability=0 AND MODLAND_QA(bits0-1)=0 AND VI range -2000..10000,MOD13Q1 V061 Terra 250m 16-day
SO1803,Hobyo,SO18,Mudug,2021-08-13,0.1587902113508073,0.1607,0.1139650942983415,0.114,0.762173159018143,22853,0.0531616862326574,0.0124733191035218,pixel_reliability=0 AND MODLAND_QA(bits0-1)=0 AND VI range -2000..10000,MOD13Q1 V061 Terra 250m 16-day
SO1803,Hobyo,SO18,Mudug,2021-08-29,0.15848423890961474,0.1602,0.11366667528533965,0.11380000000000001,0.9029148879402348,27073,0.014874599786552829,0.011205976520811099,pixel_reliability=0 AND MODLAND_QA(bits0-1)=0 AND VI range -2000..10000,MOD13Q1 V061 Terra 250m 16-day
SO1803,Hobyo,SO18,Mudug,2021-09-14,0.15583546027409334,0.158,0.11445762569955495,0.1134,0.7568369797225186,22693,0.021511472785485593,0.012540021344717182,pixel_reliability=0 AND MODLAND_QA(bits0-1)=0 AND VI range -2000..10000,MOD13Q1 V061 Terra 250m 16-day
SO1803,Hobyo,SO18,Mudug,2021-09-30,0.1571901422661689,0.1568,0.113613550600343,0.1126,0.6610859124866596,19822,0.0699372998932764,0.0201774279615795,pixel_reliability=0 AND MODLAND_QA(bits0-1)=0 AND VI range -2000..10000,MOD13Q1 V061 Terra 250m 16-day
SO1803,Hobyo,SO18,Mudug,2021-10-16,0.1731565445309122,0.1685,0.1262936770428016,0.1214,0.6171291355389541,18504,0.1158951440768409,0.0169090181430096,pixel_reliability=0 AND MODLAND_QA(bits0-1)=0 AND VI range -2000..10000,MOD13Q1 V061 Terra 250m 16-day
SO1803,Hobyo,SO18,Mudug,2021-11-01,0.166268917316164,0.1644,0.1233547441545239,0.1213,0.3936766275346852,11804,0.262173159018143,0.0178762006403415,pixel_reliability=0 AND MODLAND_QA(bits0-1)=0 AND VI range -2000..10000,MOD13Q1 V061 Terra 250m 16-day
SO1803,Hobyo,SO18,Mudug,2021-11-17,0.1673102964845404,0.1661,0.1203988521812791,0.11905,0.7874199573105657,23610,0.0210112059765208,0.0108391141942369,pixel_reliability=0 AND MODLAND_QA(bits0-1)=0 AND VI range -2000..10000,MOD13Q1 V061 Terra 250m 16-day
SO1803,Hobyo,SO18,Mudug,2021-12-03,0.1766887181528662,0.1736,0.1247882444267516,0.1231,0.8377801494130203,25120,0.0443903415154749,0.0113393810032017,pixel_reliability=0 AND MODLAND_QA(bits0-1)=0 AND VI range -2000..10000,MOD13Q1 V061 Terra 250m 16-day
SO1803,Hobyo,SO18,Mudug,2021-12-19,0.1645553796697676,0.1636,0.1163163654960791,0.1153,0.6847318569903948,20531,0.1608858057630736,0.0116395410885805,pixel_reliability=0 AND MODLAND_QA(bits0-1)=0 AND VI range -2000..10000,MOD13Q1 V061 Terra 250m 16-day
SO1804,Jariiban,SO18,Mudug,2021-01-01,0.18397863257124283,0.18610000000000002,0.12499756203272293,0.1246,0.7188254536957707,9229,0.011527377521613832,0.013085131240750838,pixel_reliability=0 AND MODLAND_QA(bits0-1)=0 AND VI range -2000..10000,MOD13Q1 V061 Terra 250m 16-day
SO1804,Jariiban,SO18,Mudug,2021-01-17,0.173939195339523,0.17535,0.1186838794829783,0.1182,0.8556741179219566,10986,0.0251577225640626,0.0137861204143624,pixel_reliability=0 AND MODLAND_QA(bits0-1)=0 AND VI range -2000..10000,MOD13Q1 V061 Terra 250m 16-day
SO1804,Jariiban,SO18,Mudug,2021-02-02,0.1737348557692307,0.1747,0.1197892407161803,0.1198,0.9396370433834412,12064,0.0123841420671391,0.0119947036373549,pixel_reliability=0 AND MODLAND_QA(bits0-1)=0 AND VI range -2000..10000,MOD13Q1 V061 Terra 250m 16-day
SO1804,Jariiban,SO18,Mudug,2021-02-18,0.1677478857669277,0.1687,0.115574933210502,0.1154,0.8454708310616091,10855,0.0383207414907703,0.0129293558688371,pixel_reliability=0 AND MODLAND_QA(bits0-1)=0 AND VI range -2000..10000,MOD13Q1 V061 Terra 250m 16-day
SO1804,Jariiban,SO18,Mudug,2021-03-06,0.1671084974938804,0.166,0.1116773633290593,0.1112,0.668198457823818,8579,0.1587351039800607,0.0126956928109665,pixel_reliability=0 AND MODLAND_QA(bits0-1)=0 AND VI range -2000..10000,MOD13Q1 V061 Terra 250m 16-day
SO1804,Jariiban,SO18,Mudug,2021-03-22,0.1688535672219418,0.1686,0.117119030792529,0.1165,0.9257730352831216,11886,0.0179141677700755,0.0081782070254692,pixel_reliability=0 AND MODLAND_QA(bits0-1)=0 AND VI range -2000..10000,MOD13Q1 V061 Terra 250m 16-day
SO1804,Jariiban,SO18,Mudug,2021-04-07,0.1644865268211229,0.165,0.1152226570653308,0.1154,0.7463198068385388,9582,0.0329464911597476,0.0058415764467637,pixel_reliability=0 AND MODLAND_QA(bits0-1)=0 AND VI range -2000..10000,MOD13Q1 V061 Terra 250m 16-day
SO1804,Jariiban,SO18,Mudug,2021-04-23,0.1952089743589743,0.19325,0.1394162393162393,0.1364,0.1275800295973206,1638,0.416543344497235,0.0882467481891113,pixel_reliability=0 AND MODLAND_QA(bits0-1)=0 AND VI range -2000..10000,MOD13Q1 V061 Terra 250m 16-day
SO1804,Jariiban,SO18,Mudug,2021-05-09,0.2139533416033493,0.2152,0.1549910218638548,0.1559,0.5022976867357271,6449,0.1780512500973596,0.0068541163642028,pixel_reliability=0 AND MODLAND_QA(bits0-1)=0 AND VI range -2000..10000,MOD13Q1 V061 Terra 250m 16-day
SO1804,Jariiban,SO18,Mudug,2021-05-25,0.2007116663866957,0.199,0.1420347135897866,0.1408,0.9273307890022588,11906,0.0162006386790248,0.0143313342160604,pixel_reliability=0 AND MODLAND_QA(bits0-1)=0 AND VI range -2000..10000,MOD13Q1 V061 Terra 250m 16-day
SO1804,Jariiban,SO18,Mudug,2021-06-10,0.1785316870462361,0.1773,0.1246088746656476,0.1238,0.8153282965963081,10468,0.0740711893449645,0.0152659864475426,pixel_reliability=0 AND MODLAND_QA(bits0-1)=0 AND VI range -2000..10000,MOD13Q1 V061 Terra 250m 16-day
SO1804,Jariiban,SO18,Mudug,2021-06-26,0.1642938607481653,0.1625,0.1184855557544299,0.1183,0.4351585014409221,5587,0.2892748656437417,0.0182257185139029,pixel_reliability=0 AND MODLAND_QA(bits0-1)=0 AND VI range -2000..10000,MOD13Q1 V061 Terra 250m 16-day
SO1804,Jariiban,SO18,Mudug,2021-07-12,0.1652560865455309,0.1642,0.1166239260581871,0.1159,0.7415686579951709,9521,0.0757068307500584,0.0204844614066516,pixel_reliability=0 AND MODLAND_QA(bits0-1)=0 AND VI range -2000..10000,MOD13Q1 V061 Terra 250m 16-day
SO1804,Jariiban,SO18,Mudug,2021-07-28,0.1607898173630222,0.1611,0.1160482236677508,0.116,0.6226341615390607,7994,0.1701067061297609,0.0190045953734714,pixel_reliability=0 AND MODLAND_QA(bits0-1)=0 AND VI range -2000..10000,MOD13Q1 V061 Terra 250m 16-day
SO1804,Jariiban,SO18,Mudug,2021-08-13,0.1585779223319964,0.159,0.1129670253350288,0.1129,0.7962458135368798,10223,0.039489056780123,0.0151880987615857,pixel_reliability=0 AND MODLAND_QA(bits0-1)=0 AND VI range -2000..10000,MOD13Q1 V061 Terra 250m 16-day
SO1804,Jariiban,SO18,Mudug,2021-08-29,0.15842346339416824,0.1585,0.11284438850430041,0.1131,0.74258119791261,9534,0.08287249785808863,0.012384142067139186,pixel_reliability=0 AND MODLAND_QA(bits0-1)=0 AND VI range -2000..10000,MOD13Q1 V061 Terra 250m 16-day
SO1804,Jariiban,SO18,Mudug,2021-09-14,0.15909534050179214,0.1587,0.1132961699948797,0.11330000000000001,0.7605732533686425,9765,0.04836825297920399,0.018926707687514605,pixel_reliability=0 AND MODLAND_QA(bits0-1)=0 AND VI range -2000..10000,MOD13Q1 V061 Terra 250m 16-day
SO1804,Jariiban,SO18,Mudug,2021-09-30,0.1570433901292597,0.1564,0.1136991039952996,0.1136,0.5302593659942363,6808,0.0492250175247293,0.0178362800841187,pixel_reliability=0 AND MODLAND_QA(bits0-1)=0 AND VI range -2000..10000,MOD13Q1 V061 Terra 250m 16-day
SO1804,Jariiban,SO18,Mudug,2021-10-16,0.1645991802548338,0.1643,0.1134510113160474,0.1135,0.8741334994937301,11223,0.0194719214892125,0.0126178051250097,pixel_reliability=0 AND MODLAND_QA(bits0-1)=0 AND VI range -2000..10000,MOD13Q1 V061 Terra 250m 16-day
SO1804,Jariiban,SO18,Mudug,2021-11-01,0.1609637084158932,0.1604,0.1143640108457607,0.1143,0.7468650206402367,9589,0.030142534465301,0.0122283666952254,pixel_reliability=0 AND MODLAND_QA(bits0-1)=0 AND VI range -2000..10000,MOD13Q1 V061 Terra 250m 16-day
SO1804,Jariiban,SO18,Mudug,2021-11-17,0.1652037656903765,0.165,0.1167945265135342,0.1167,0.912142690240673,11711,0.0246903964483215,0.011916815951398,pixel_reliability=0 AND MODLAND_QA(bits0-1)=0 AND VI range -2000..10000,MOD13Q1 V061 Terra 250m 16-day
SO1804,Jariiban,SO18,Mudug,2021-12-03,0.2071641348129881,0.2086,0.1451055651459104,0.1452,0.947503699665083,12165,0.0113716021497001,0.0131630189267076,pixel_reliability=0 AND MODLAND_QA(bits0-1)=0 AND VI range -2000..10000,MOD13Q1 V061 Terra 250m 16-day
SO1804,Jariiban,SO18,Mudug,2021-12-19,0.1981468893175789,0.2003,0.139201229804678,0.1393,0.6460004673261157,8294,0.1427681283589064,0.0133966819845782,pixel_reliability=0 AND MODLAND_QA(bits0-1)=0 AND VI range -2000..10000,MOD13Q1 V061 Terra 250m 16-day
SO1805,Xarardheere,SO18,Mudug,2021-01-01,0.24459063783783785,0.2401,0.15739917837837838,0.157,0.7462084543401097,4625,0.03856082607292675,0.023071958696353662,pixel_reliability=0 AND MODLAND_QA(bits0-1)=0 AND VI range -2000..10000,MOD13Q1 V061 Terra 250m 16-day
SO1805,Xarardheere,SO18,Mudug,2021-01-17,0.2191676400759734,0.2141,0.1498811490978157,0.1497,0.6795740561471443,4212,0.0516295579219102,0.0279122297515327,pixel_reliability=0 AND MODLAND_QA(bits0-1)=0 AND VI range -2000..10000,MOD13Q1 V061 Terra 250m 16-day
SO1805,Xarardheere,SO18,Mudug,2021-02-02,0.2176147487083137,0.2166,0.1387201737905119,0.1396,0.6869958050984188,4258,0.1213294611164891,0.0235559858018715,pixel_reliability=0 AND MODLAND_QA(bits0-1)=0 AND VI range -2000..10000,MOD13Q1 V061 Terra 250m 16-day
SO1805,Xarardheere,SO18,Mudug,2021-02-18,0.2033171252566735,0.2087,0.1305595071868583,0.1329,0.3928686673120361,2435,0.3251048725395288,0.0295256534365924,pixel_reliability=0 AND MODLAND_QA(bits0-1)=0 AND VI range -2000..10000,MOD13Q1 V061 Terra 250m 16-day
SO1805,Xarardheere,SO18,Mudug,2021-03-06,0.1935501230228471,0.1972,0.1263249912126538,0.1283,0.4590190383994837,2845,0.2052274927395934,0.0250080671184253,pixel_reliability=0 AND MODLAND_QA(bits0-1)=0 AND VI range -2000..10000,MOD13Q1 V061 Terra 250m 16-day
SO1805,Xarardheere,SO18,Mudug,2021-03-22,0.2011945722582086,0.2067,0.1339027473754746,0.1353,0.7223297838012263,4477,0.079703130041949,0.0161342368505969,pixel_reliability=0 AND MODLAND_QA(bits0-1)=0 AND VI range -2000..10000,MOD13Q1 V061 Terra 250m 16-day
SO1805,Xarardheere,SO18,Mudug,2021-04-07,0.202363949044586,0.2071,0.1332248917197452,0.1338,0.6332687963859309,3925,0.1013230074217489,0.0127460471119716,pixel_reliability=0 AND MODLAND_QA(bits0-1)=0 AND VI range -2000..10000,MOD13Q1 V061 Terra 250m 16-day
SO1805,Xarardheere,SO18,Mudug,2021-04-23,0.1577197324414716,0.1347,0.1201033444816053,0.1132,0.0482413681832849,299,0.3125201677960632,0.3171990964827363,pixel_reliability=0 AND MODLAND_QA(bits0-1)=0 AND VI range -2000..10000,MOD13Q1 V061 Terra 250m 16-day
SO1805,Xarardheere,SO18,Mudug,2021-05-09,0.247355403726708,0.2382,0.1679423602484472,0.165,0.3896418199419167,2415,0.2478218780251694,0.0735721200387221,pixel_reliability=0 AND MODLAND_QA(bits0-1)=0 AND VI range -2000..10000,MOD13Q1 V061 Terra 250m 16-day
SO1805,Xarardheere,SO18,Mudug,2021-05-25,0.2256168291649004,0.2256,0.1552799491309877,0.1511,0.3806066473055824,2359,0.2647628267182962,0.0267828331719909,pixel_reliability=0 AND MODLAND_QA(bits0-1)=0 AND VI range -2000..10000,MOD13Q1 V061 Terra 250m 16-day
SO1805,Xarardheere,SO18,Mudug,2021-06-10,0.1892048346055979,0.1811,0.1352875742154368,0.133,0.3804453049370764,2358,0.2416908680219425,0.0385608260729267,pixel_reliability=0 AND MODLAND_QA(bits0-1)=0 AND VI range -2000..10000,MOD13Q1 V061 Terra 250m 16-day
SO1805,Xarardheere,SO18,Mudug,2021-06-26,0.2004494908350305,0.2031,0.13530209485016,0.1347,0.5545337205550177,3437,0.1558567279767667,0.0442078089706356,pixel_reliability=0 AND MODLAND_QA(bits0-1)=0 AND VI range -2000..10000,MOD13Q1 V061 Terra 250m 16-day
SO1805,Xarardheere,SO18,Mudug,2021-07-12,0.1724294117647059,0.1711,0.1245078431372549,0.1272,0.0246853823814133,153,0.2909002904162633,0.3912552436269764,pixel_reliability=0 AND MODLAND_QA(bits0-1)=0 AND VI range -2000..10000,MOD13Q1 V061 Terra 250m 16-day
SO1805,Xarardheere,SO18,Mudug,2021-07-28,0.1881223021582733,0.1909,0.1320736896197328,0.1339,0.1569861245563084,973,0.3025169409486931,0.1989351403678606,pixel_reliability=0 AND MODLAND_QA(bits0-1)=0 AND VI range -2000..10000,MOD13Q1 V061 Terra 250m 16-day
SO1805,Xarardheere,SO18,Mudug,2021-08-13,0.1661028150134048,0.1687,0.1151780831099195,0.11745,0.2407228138109067,1492,0.4854791868344627,0.0458212326556953,pixel_reliability=0 AND MODLAND_QA(bits0-1)=0 AND VI range -2000..10000,MOD13Q1 V061 Terra 250m 16-day
SO1805,Xarardheere,SO18,Mudug,2021-08-29,0.167868323487472,0.1709,0.11698374414341008,0.1188,0.7920296869958051,4909,0.04356243949661181,0.02839625685705066,pixel_reliability=0 AND MODLAND_QA(bits0-1)=0 AND VI range -2000..10000,MOD13Q1 V061 Terra 250m 16-day
SO1805,Xarardheere,SO18,Mudug,2021-09-14,0.16030110017371166,0.1523,0.11613042848870875,0.1165,0.5572765408196192,3454,0.08260729267505647,0.0377541142303969,pixel_reliability=0 AND MODLAND_QA(bits0-1)=0 AND VI range -2000..10000,MOD13Q1 V061 Terra 250m 16-day
SO1805,Xarardheere,SO18,Mudug,2021-09-30,0.1699615151515151,0.1809,0.1196067676767676,0.1225,0.1597289448209099,990,0.3007421748951274,0.1550500161342368,pixel_reliability=0 AND MODLAND_QA(bits0-1)=0 AND VI range -2000..10000,MOD13Q1 V061 Terra 250m 16-day
SO1805,Xarardheere,SO18,Mudug,2021-10-16,0.2035177596936333,0.2034,0.146153614169459,0.1461,0.3370442078089706,2089,0.2491126169732171,0.036947402387867,pixel_reliability=0 AND MODLAND_QA(bits0-1)=0 AND VI range -2000..10000,MOD13Q1 V061 Terra 250m 16-day
SO1805,Xarardheere,SO18,Mudug,2021-11-01,0.1626288018433179,0.15525,0.1303241935483871,0.1325,0.0700225879315908,434,0.4661181026137463,0.1095514682155534,pixel_reliability=0 AND MODLAND_QA(bits0-1)=0 AND VI range -2000..10000,MOD13Q1 V061 Terra 250m 16-day
SO1805,Xarardheere,SO18,Mudug,2021-11-17,0.2087249321824907,0.2013,0.1444257459926017,0.1415,0.654243304291707,4055,0.0776056792513714,0.0254920942239432,pixel_reliability=0 AND MODLAND_QA(bits0-1)=0 AND VI range -2000..10000,MOD13Q1 V061 Terra 250m 16-day
SO1805,Xarardheere,SO18,Mudug,2021-12-03,0.1947758875739645,0.19225,0.1377771203155818,0.1394,0.3272023233301064,2028,0.3167150693772184,0.0309777347531461,pixel_reliability=0 AND MODLAND_QA(bits0-1)=0 AND VI range -2000..10000,MOD13Q1 V061 Terra 250m 16-day
SO1805,Xarardheere,SO18,Mudug,2021-12-19,0.1864770498822522,0.182,0.1284038749732391,0.129,0.7536302032913843,4671,0.0659890287189415,0.0295256534365924,pixel_reliability=0 AND MODLAND_QA(bits0-1)=0 AND VI range -2000..10000,MOD13Q1 V061 Terra 250m 16-day
SO1901,Dhuusamarreeb,SO19,Galgaduud,2021-01-01,0.21739117950127088,0.2167,0.13508665933914957,0.13390000000000002,0.9705313687579172,14557,0.0034002266817787855,0.0,pixel_reliability=0 AND MODLAND_QA(bits0-1)=0 AND VI range -2000..10000,MOD13Q1 V061 Terra 250m 16-day
SO1901,Dhuusamarreeb,SO19,Galgaduud,2021-01-17,0.2073200542779602,0.2075,0.1296460934152264,0.129,0.9335289019267952,14002,0.0077338489232615,0.0,pixel_reliability=0 AND MODLAND_QA(bits0-1)=0 AND VI range -2000..10000,MOD13Q1 V061 Terra 250m 16-day
SO1901,Dhuusamarreeb,SO19,Galgaduud,2021-02-02,0.202420970377211,0.2033,0.1269602187966186,0.1267,0.938529235282352,14077,0.0060004000266684,0.0,pixel_reliability=0 AND MODLAND_QA(bits0-1)=0 AND VI range -2000..10000,MOD13Q1 V061 Terra 250m 16-day
SO1901,Dhuusamarreeb,SO19,Galgaduud,2021-02-18,0.1990408454831855,0.1997,0.1227715803355557,0.1225,0.9099939995999732,13649,0.0079338622574838,0.0,pixel_reliability=0 AND MODLAND_QA(bits0-1)=0 AND VI range -2000..10000,MOD13Q1 V061 Terra 250m 16-day
SO1901,Dhuusamarreeb,SO19,Galgaduud,2021-03-06,0.1999579324215607,0.2004,0.1213225422365245,0.1213,0.8287219147943197,12430,0.0225348356557103,0.0,pixel_reliability=0 AND MODLAND_QA(bits0-1)=0 AND VI range -2000..10000,MOD13Q1 V061 Terra 250m 16-day
SO1901,Dhuusamarreeb,SO19,Galgaduud,2021-03-22,0.1993415926179084,0.2,0.1243940601503759,0.1241,0.9753983598906594,14630,0.0018667911194079,0.0,pixel_reliability=0 AND MODLAND_QA(bits0-1)=0 AND VI range -2000..10000,MOD13Q1 V061 Terra 250m 16-day
SO1901,Dhuusamarreeb,SO19,Galgaduud,2021-04-07,0.1961522135208566,0.1967,0.1206170449097011,0.1202,0.8343222881525435,12514,0.0226681778785252,0.0,pixel_reliability=0 AND MODLAND_QA(bits0-1)=0 AND VI range -2000..10000,MOD13Q1 V061 Terra 250m 16-day
SO1901,Dhuusamarreeb,SO19,Galgaduud,2021-04-23,0.3159307038327527,0.3193,0.2036295749128919,0.2055,0.4783652243482899,7175,0.1608773918261217,0.0998066537769184,pixel_reliability=0 AND MODLAND_QA(bits0-1)=0 AND VI range -2000..10000,MOD13Q1 V061 Terra 250m 16-day
SO1901,Dhuusamarreeb,SO19,Galgaduud,2021-05-09,0.3017471733884868,0.3009,0.1912986642537056,0.1897,0.7736515767717848,11604,0.067271151410094,0.0002666844456297,pixel_reliability=0 AND MODLAND_QA(bits0-1)=0 AND VI range -2000..10000,MOD13Q1 V061 Terra 250m 16-day
SO1901,Dhuusamarreeb,SO19,Galgaduud,2021-05-25,0.2765319273808592,0.2748,0.180924868925581,0.1811,0.8519901326755117,12779,0.0105340356023734,0.0,pixel_reliability=0 AND MODLAND_QA(bits0-1)=0 AND VI range -2000..10000,MOD13Q1 V061 Terra 250m 16-day
SO1901,Dhuusamarreeb,SO19,Galgaduud,2021-06-10,0.2303061752529898,0.2253,0.1491064167433302,0.1458,0.5797719847989866,8696,0.1588105873724915,0.0,pixel_reliability=0 AND MODLAND_QA(bits0-1)=0 AND VI range -2000..10000,MOD13Q1 V061 Terra 250m 16-day
SO1901,Dhuusamarreeb,SO19,Galgaduud,2021-06-26,0.2275782178217821,0.2269,0.1427003453833755,0.1422,0.5791052736849124,8686,0.135942396159744,0.0,pixel_reliability=0 AND MODLAND_QA(bits0-1)=0 AND VI range -2000..10000,MOD13Q1 V061 Terra 250m 16-day
SO1901,Dhuusamarreeb,SO19,Galgaduud,2021-07-12,0.2138386273943594,0.2136,0.1398825488497449,0.1392,0.6926461764117607,10389,0.0884058937262484,0.0017334488965931,pixel_reliability=0 AND MODLAND_QA(bits0-1)=0 AND VI range -2000..10000,MOD13Q1 V061 Terra 250m 16-day
SO1901,Dhuusamarreeb,SO19,Galgaduud,2021-07-28,0.2005240863531226,0.1991,0.1306324132613724,0.1288,0.4323621574771651,6485,0.2236149076605107,0.0282018801253416,pixel_reliability=0 AND MODLAND_QA(bits0-1)=0 AND VI range -2000..10000,MOD13Q1 V061 Terra 250m 16-day
SO1901,Dhuusamarreeb,SO19,Galgaduud,2021-08-13,0.1997538976178408,0.2014,0.1227825038013178,0.1231,0.657710514034269,9865,0.0356690446029735,0.0,pixel_reliability=0 AND MODLAND_QA(bits0-1)=0 AND VI range -2000..10000,MOD13Q1 V061 Terra 250m 16-day
SO1901,Dhuusamarreeb,SO19,Galgaduud,2021-08-29,0.19362666382857954,0.1945,0.12079836100468287,0.1208,0.9396626441762784,14094,0.004400293352890192,0.0,pixel_reliability=0 AND MODLAND_QA(bits0-1)=0 AND VI range -2000..10000,MOD13Q1 V061 Terra 250m 16-day
SO1901,Dhuusamarreeb,SO19,Galgaduud,2021-09-14,0.19313556054403805,0.1953,0.12232980324838243,0.1218,0.5049003266884459,7573,0.2020134675645043,0.0,pixel_reliability=0 AND MODLAND_QA(bits0-1)=0 AND VI range -2000..10000,MOD13Q1 V061 Terra 250m 16-day
SO1901,Dhuusamarreeb,SO19,Galgaduud,2021-09-30,0.190187987104009,0.1878,0.1215069245864872,0.1206,0.4756317087805853,7134,0.1009400626708447,0.0008000533368891,pixel_reliability=0 AND MODLAND_QA(bits0-1)=0 AND VI range -2000..10000,MOD13Q1 V061 Terra 250m 16-day
SO1901,Dhuusamarreeb,SO19,Galgaduud,2021-10-16,0.2274974310540234,0.2189,0.1543803173403853,0.1475,0.1764784318954597,2647,0.6075071671444763,0.0102673511567437,pixel_reliability=0 AND MODLAND_QA(bits0-1)=0 AND VI range -2000..10000,MOD13Q1 V061 Terra 250m 16-day
SO1901,Dhuusamarreeb,SO19,Galgaduud,2021-11-01,0.2312152304609218,0.2226,0.151311623246493,0.1458,0.0332688845923061,499,0.7523834922328155,0.0408027201813454,pixel_reliability=0 AND MODLAND_QA(bits0-1)=0 AND VI range -2000..10000,MOD13Q1 V061 Terra 250m 16-day
SO1901,Dhuusamarreeb,SO19,Galgaduud,2021-11-17,0.225420771484375,0.2213,0.144538935546875,0.1405,0.6827121808120541,10240,0.0167344489632642,0.0,pixel_reliability=0 AND MODLAND_QA(bits0-1)=0 AND VI range -2000..10000,MOD13Q1 V061 Terra 250m 16-day
SO1901,Dhuusamarreeb,SO19,Galgaduud,2021-12-03,0.2096824332478504,0.20905,0.1314109292502639,0.1307,0.8839255950396693,13258,0.0186679111940796,0.0,pixel_reliability=0 AND MODLAND_QA(bits0-1)=0 AND VI range -2000..10000,MOD13Q1 V061 Terra 250m 16-day
SO1901,Dhuusamarreeb,SO19,Galgaduud,2021-12-19,0.2006182476071901,0.2013,0.123286164500817,0.1231,0.8567904526968465,12851,0.0188012534168944,0.0,pixel_reliability=0 AND MODLAND_QA(bits0-1)=0 AND VI range -2000..10000,MOD13Q1 V061 Terra 250m 16-day
SO1902,Cabudwaaq,SO19,Galgaduud,2021-01-01,0.21384526771983786,0.2139,0.12654690339717603,0.1263,0.9609081139172488,7153,0.010881246641590544,0.0,pixel_reliability=0 AND MODLAND_QA(bits0-1)=0 AND VI range -2000..10000,MOD13Q1 V061 Terra 250m 16-day
SO1902,Cabudwaaq,SO19,Galgaduud,2021-01-17,0.2077545717592592,0.2083,0.1225727575231481,0.1225,0.9285330467490596,6912,0.018941429339065,0.0,pixel_reliability=0 AND MODLAND_QA(bits0-1)=0 AND VI range -2000..10000,MOD13Q1 V061 Terra 250m 16-day
SO1902,Cabudwaaq,SO19,Galgaduud,2021-02-02,0.2035486767354856,0.2038,0.120814410419842,0.1212,0.9695056421278884,7217,0.0063138097796883,0.0,pixel_reliability=0 AND MODLAND_QA(bits0-1)=0 AND VI range -2000..10000,MOD13Q1 V061 Terra 250m 16-day
SO1902,Cabudwaaq,SO19,Galgaduud,2021-02-18,0.1998321458275575,0.1999,0.1190308150817854,0.1192,0.9691026329930144,7214,0.0090005373455131,0.0,pixel_reliability=0 AND MODLAND_QA(bits0-1)=0 AND VI range -2000..10000,MOD13Q1 V061 Terra 250m 16-day
SO1902,Cabudwaaq,SO19,Galgaduud,2021-03-06,0.1988733735458854,0.1986,0.1175760735315237,0.1176,0.935384202041913,6963,0.0132993014508328,0.0,pixel_reliability=0 AND MODLAND_QA(bits0-1)=0 AND VI range -2000..10000,MOD13Q1 V061 Terra 250m 16-day
SO1902,Cabudwaaq,SO19,Galgaduud,2021-03-22,0.2001057300275482,0.1997,0.1190430716253443,0.119,0.9752821063944116,7260,0.0052391187533584,0.0,pixel_reliability=0 AND MODLAND_QA(bits0-1)=0 AND VI range -2000..10000,MOD13Q1 V061 Terra 250m 16-day
SO1902,Cabudwaaq,SO19,Galgaduud,2021-04-07,0.1972809657412876,0.197,0.1171415682220909,0.1172,0.909725953788286,6772,0.0181354110693175,0.0,pixel_reliability=0 AND MODLAND_QA(bits0-1)=0 AND VI range -2000..10000,MOD13Q1 V061 Terra 250m 16-day
SO1902,Cabudwaaq,SO19,Galgaduud,2021-04-23,0.3270151291512915,0.3262,0.2068186223862238,0.2061,0.5460773777538958,4065,0.1672487909725953,0.0854379365932294,pixel_reliability=0 AND MODLAND_QA(bits0-1)=0 AND VI range -2000..10000,MOD13Q1 V061 Terra 250m 16-day
SO1902,Cabudwaaq,SO19,Galgaduud,2021-05-09,0.3191056523422377,0.31335,0.2021947348044909,0.2006,0.6939817302525524,5166,0.0806018269747447,0.0004030091348737,pixel_reliability=0 AND MODLAND_QA(bits0-1)=0 AND VI range -2000..10000,MOD13Q1 V061 Terra 250m 16-day
SO1902,Cabudwaaq,SO19,Galgaduud,2021-05-25,0.3013203291384317,0.2961,0.1937053081639238,0.19205,0.8326168726491133,6198,0.0030897367006985,0.0,pixel_reliability=0 AND MODLAND_QA(bits0-1)=0 AND VI range -2000..10000,MOD13Q1 V061 Terra 250m 16-day
SO1902,Cabudwaaq,SO19,Galgaduud,2021-06-10,0.2475713090551181,0.24265,0.1597000492125984,0.1567,0.2729715206878023,2032,0.4324288017195056,0.0,pixel_reliability=0 AND MODLAND_QA(bits0-1)=0 AND VI range -2000..10000,MOD13Q1 V061 Terra 250m 16-day
SO1902,Cabudwaaq,SO19,Galgaduud,2021-06-26,0.2329889541918755,0.2284,0.1415922558340536,0.1391,0.7771359484148307,5785,0.0656904889844169,0.0,pixel_reliability=0 AND MODLAND_QA(bits0-1)=0 AND VI range -2000..10000,MOD13Q1 V061 Terra 250m 16-day
SO1902,Cabudwaaq,SO19,Galgaduud,2021-07-12,0.2202613535173642,0.2176,0.1390730543187889,0.1375,0.7542987641053197,5615,0.0292853304674905,0.0,pixel_reliability=0 AND MODLAND_QA(bits0-1)=0 AND VI range -2000..10000,MOD13Q1 V061 Terra 250m 16-day
SO1902,Cabudwaaq,SO19,Galgaduud,2021-07-28,0.2027751165889407,0.201,0.1279880079946702,0.1281,0.4032778076303063,3002,0.2466415905427189,0.0325094035464803,pixel_reliability=0 AND MODLAND_QA(bits0-1)=0 AND VI range -2000..10000,MOD13Q1 V061 Terra 250m 16-day
SO1902,Cabudwaaq,SO19,Galgaduud,2021-08-13,0.2038201979307242,0.202,0.1222748837906732,0.1216,0.895889306824288,6669,0.0130306286942504,0.0,pixel_reliability=0 AND MODLAND_QA(bits0-1)=0 AND VI range -2000..10000,MOD13Q1 V061 Terra 250m 16-day
SO1902,Cabudwaaq,SO19,Galgaduud,2021-08-29,0.20109429976851853,0.19970000000000002,0.12015348668981482,0.1197,0.9285330467490597,6912,0.008866200967221924,0.0,pixel_reliability=0 AND MODLAND_QA(bits0-1)=0 AND VI range -2000..10000,MOD13Q1 V061 Terra 250m 16-day
SO1902,Cabudwaaq,SO19,Galgaduud,2021-09-14,0.1971126967150497,0.1957,0.11846339190221544,0.11800000000000001,0.8792315959161741,6545,0.0315690488984417,0.0,pixel_reliability=0 AND MODLAND_QA(bits0-1)=0 AND VI range -2000..10000,MOD13Q1 V061 Terra 250m 16-day
SO1902,Cabudwaaq,SO19,Galgaduud,2021-09-30,0.1898000220653133,0.18745,0.1205520079435128,0.1202,0.6088124664159055,4532,0.0961848468565287,0.0002686727565824,pixel_reliability=0 AND MODLAND_QA(bits0-1)=0 AND VI range -2000..10000,MOD13Q1 V061 Terra 250m 16-day
SO1902,Cabudwaaq,SO19,Galgaduud,2021-10-16,0.2072944203347799,0.205,0.1317120892746435,0.1294,0.2166845781837721,1613,0.5689145620634067,0.0051047823750671,pixel_reliability=0 AND MODLAND_QA(bits0-1)=0 AND VI range -2000..10000,MOD13Q1 V061 Terra 250m 16-day
SO1902,Cabudwaaq,SO19,Galgaduud,2021-11-01,0.2223967849223946,0.2255,0.1405692904656319,0.1385,0.1211714132186996,902,0.5824825362708221,0.0020150456743686,pixel_reliability=0 AND MODLAND_QA(bits0-1)=0 AND VI range -2000..10000,MOD13Q1 V061 Terra 250m 16-day
SO1902,Cabudwaaq,SO19,Galgaduud,2021-11-17,0.2253180249576336,0.2199,0.1378874749653366,0.1358,0.8719774314884471,6491,0.0224341751746372,0.0,pixel_reliability=0 AND MODLAND_QA(bits0-1)=0 AND VI range -2000..10000,MOD13Q1 V061 Terra 250m 16-day
SO1902,Cabudwaaq,SO19,Galgaduud,2021-12-03,0.210994510076442,0.2083,0.1266204169562196,0.1255,0.9665502418054808,7195,0.0030897367006985,0.0,pixel_reliability=0 AND MODLAND_QA(bits0-1)=0 AND VI range -2000..10000,MOD13Q1 V061 Terra 250m 16-day
SO1902,Cabudwaaq,SO19,Galgaduud,2021-12-19,0.2034299079754601,0.202,0.1208098856664807,0.12,0.9634605051047824,7172,0.0042987641053197,0.0,pixel_reliability=0 AND MODLAND_QA(bits0-1)=0 AND VI range -2000..10000,MOD13Q1 V061 Terra 250m 16-day
SO1903,Cadaado,SO19,Galgaduud,2021-01-01,0.1986283902976847,0.19875,0.1285832138919515,0.12840000000000001,0.9780293840140181,7256,0.0006739452756436178,0.0,pixel_reliability=0 AND MODLAND_QA(bits0-1)=0 AND VI range -2000..10000,MOD13Q1 V061 Terra 250m 16-day
SO1903,Cadaado,SO19,Galgaduud,2021-01-17,0.1913424217002237,0.1923,0.1249008808724832,0.1252,0.9640113222806308,7152,0.0021566248820595,0.0,pixel_reliability=0 AND MODLAND_QA(bits0-1)=0 AND VI range -2000..10000,MOD13Q1 V061 Terra 250m 16-day
SO1903,Cadaado,SO19,Galgaduud,2021-02-02,0.189066947486661,0.18995,0.1223458859870822,0.1227,0.9599676506267693,7122,0.0022914139371883,0.0,pixel_reliability=0 AND MODLAND_QA(bits0-1)=0 AND VI range -2000..10000,MOD13Q1 V061 Terra 250m 16-day
SO1903,Cadaado,SO19,Galgaduud,2021-02-18,0.1841014767932489,0.1848,0.1195262577085361,0.1201,0.8305701577031945,6162,0.0076829761423372,0.0,pixel_reliability=0 AND MODLAND_QA(bits0-1)=0 AND VI range -2000..10000,MOD13Q1 V061 Terra 250m 16-day
SO1903,Cadaado,SO19,Galgaduud,2021-03-06,0.1871688767372978,0.1891,0.117088334472545,0.1176,0.5915891629599677,4389,0.0312710607898638,0.0,pixel_reliability=0 AND MODLAND_QA(bits0-1)=0 AND VI range -2000..10000,MOD13Q1 V061 Terra 250m 16-day
SO1903,Cadaado,SO19,Galgaduud,2021-03-22,0.1851101443063295,0.1863,0.1214006858122589,0.1218,0.943388596845936,6999,0.0010783124410297,0.0,pixel_reliability=0 AND MODLAND_QA(bits0-1)=0 AND VI range -2000..10000,MOD13Q1 V061 Terra 250m 16-day
SO1903,Cadaado,SO19,Galgaduud,2021-04-07,0.183003588635986,0.1844,0.1179211330785844,0.1184,0.811295322819787,6019,0.0183313114975064,0.0,pixel_reliability=0 AND MODLAND_QA(bits0-1)=0 AND VI range -2000..10000,MOD13Q1 V061 Terra 250m 16-day
SO1903,Cadaado,SO19,Galgaduud,2021-04-23,0.2803056127703399,0.2819,0.1870066941297631,0.1879,0.2617603450599811,1942,0.3385901064833535,0.1039223615042458,pixel_reliability=0 AND MODLAND_QA(bits0-1)=0 AND VI range -2000..10000,MOD13Q1 V061 Terra 250m 16-day
SO1903,Cadaado,SO19,Galgaduud,2021-05-09,0.2705628942807626,0.2681,0.1782540901213171,0.1771,0.7777328480927349,5770,0.062407332524599,0.0,pixel_reliability=0 AND MODLAND_QA(bits0-1)=0 AND VI range -2000..10000,MOD13Q1 V061 Terra 250m 16-day
SO1903,Cadaado,SO19,Galgaduud,2021-05-25,0.25541297981234,0.2516,0.1722024594825135,0.1691,0.9481062137754416,7034,0.0028305701577031,0.0,pixel_reliability=0 AND MODLAND_QA(bits0-1)=0 AND VI range -2000..10000,MOD13Q1 V061 Terra 250m 16-day
SO1903,Cadaado,SO19,Galgaduud,2021-06-10,0.2159952316076294,0.2107,0.1443810042818217,0.1401,0.6925461652513816,5138,0.0881520420541852,0.0,pixel_reliability=0 AND MODLAND_QA(bits0-1)=0 AND VI range -2000..10000,MOD13Q1 V061 Terra 250m 16-day
SO1903,Cadaado,SO19,Galgaduud,2021-06-26,0.201971107266436,0.1997,0.1337439446366782,0.1318,0.6232645909152177,4624,0.1319584849710203,0.0,pixel_reliability=0 AND MODLAND_QA(bits0-1)=0 AND VI range -2000..10000,MOD13Q1 V061 Terra 250m 16-day
SO1903,Cadaado,SO19,Galgaduud,2021-07-12,0.1991615367965368,0.199,0.132269329004329,0.1317,0.6227254346947028,4620,0.1254886103248416,0.0026957811025744,pixel_reliability=0 AND MODLAND_QA(bits0-1)=0 AND VI range -2000..10000,MOD13Q1 V061 Terra 250m 16-day
SO1903,Cadaado,SO19,Galgaduud,2021-07-28,0.1857846065347446,0.1851,0.1222050161067648,0.1212,0.5857932335894326,4346,0.1776519746596576,0.0,pixel_reliability=0 AND MODLAND_QA(bits0-1)=0 AND VI range -2000..10000,MOD13Q1 V061 Terra 250m 16-day
SO1903,Cadaado,SO19,Galgaduud,2021-08-13,0.1858340629053178,0.1858,0.1191990434500648,0.1191,0.8313788920339669,6168,0.0145572179539021,0.0,pixel_reliability=0 AND MODLAND_QA(bits0-1)=0 AND VI range -2000..10000,MOD13Q1 V061 Terra 250m 16-day
SO1903,Cadaado,SO19,Galgaduud,2021-08-29,0.18098052723565397,0.18130000000000002,0.11856369064957763,0.11900000000000001,0.9254616525138158,6866,0.004582827874376601,0.0,pixel_reliability=0 AND MODLAND_QA(bits0-1)=0 AND VI range -2000..10000,MOD13Q1 V061 Terra 250m 16-day
SO1903,Cadaado,SO19,Galgaduud,2021-09-14,0.1768822827635328,0.1774,0.11951773504273507,0.1197,0.7569753336029115,5616,0.040975872759131955,0.0,pixel_reliability=0 AND MODLAND_QA(bits0-1)=0 AND VI range -2000..10000,MOD13Q1 V061 Terra 250m 16-day
SO1903,Cadaado,SO19,Galgaduud,2021-09-30,0.1790439820242282,0.1792,0.1180195584212583,0.1184,0.6898503841488072,5118,0.0425933414206766,0.0006739452756436,pixel_reliability=0 AND MODLAND_QA(bits0-1)=0 AND VI range -2000..10000,MOD13Q1 V061 Terra 250m 16-day
SO1903,Cadaado,SO19,Galgaduud,2021-10-16,0.1984539090909091,0.196,0.1333938863636363,0.1286,0.5930718425663836,4400,0.1990834344251247,0.0,pixel_reliability=0 AND MODLAND_QA(bits0-1)=0 AND VI range -2000..10000,MOD13Q1 V061 Terra 250m 16-day
SO1903,Cadaado,SO19,Galgaduud,2021-11-01,0.1909782873636946,0.1888,0.1286912764592687,0.1264,0.42027227389136,3118,0.2224019409623938,0.000943523385901,pixel_reliability=0 AND MODLAND_QA(bits0-1)=0 AND VI range -2000..10000,MOD13Q1 V061 Terra 250m 16-day
SO1903,Cadaado,SO19,Galgaduud,2021-11-17,0.1925121670081967,0.1924,0.1239493852459016,0.1228,0.5262164712225367,3904,0.0103787572449117,0.0,pixel_reliability=0 AND MODLAND_QA(bits0-1)=0 AND VI range -2000..10000,MOD13Q1 V061 Terra 250m 16-day
SO1903,Cadaado,SO19,Galgaduud,2021-12-03,0.1878479405346426,0.1887,0.1232262684124386,0.1233,0.9882733522038012,7332,0.0008087343307723,0.0,pixel_reliability=0 AND MODLAND_QA(bits0-1)=0 AND VI range -2000..10000,MOD13Q1 V061 Terra 250m 16-day
SO1903,Cadaado,SO19,Galgaduud,2021-12-19,0.1838308098326044,0.1851,0.117593424822802,0.1179,0.8937862245585658,6631,0.0043132497641191,0.0,pixel_reliability=0 AND MODLAND_QA(bits0-1)=0 AND VI range -2000..10000,MOD13Q1 V061 Terra 250m 16-day
SO1904,Ceel Buur,SO19,Galgaduud,2021-01-01,0.23294874181060157,0.23025,0.14749869714115543,0.1468,0.8761904761904762,13432,0.020221787345075015,0.0,pixel_reliability=0 AND MODLAND_QA(bits0-1)=0 AND VI range -2000..10000,MOD13Q1 V061 Terra 250m 16-day
SO1904,Ceel Buur,SO19,Galgaduud,2021-01-17,0.2170453718199608,0.2151,0.1407254109589041,0.1394,0.6666666666666666,10220,0.0402478799739073,0.0,pixel_reliability=0 AND MODLAND_QA(bits0-1)=0 AND VI range -2000..10000,MOD13Q1 V061 Terra 250m 16-day
SO1904,Ceel Buur,SO19,Galgaduud,2021-02-02,0.2144131021194605,0.2119,0.1366675040758856,0.136,0.8802348336594912,13494,0.0105022831050228,0.0,pixel_reliability=0 AND MODLAND_QA(bits0-1)=0 AND VI range -2000..10000,MOD13Q1 V061 Terra 250m 16-day
SO1904,Ceel Buur,SO19,Galgaduud,2021-02-18,0.2075766045879626,0.2062,0.1304064583166813,0.1299,0.8161121983039791,12511,0.027136333985649,0.0,pixel_reliability=0 AND MODLAND_QA(bits0-1)=0 AND VI range -2000..10000,MOD13Q1 V061 Terra 250m 16-day
SO1904,Ceel Buur,SO19,Galgaduud,2021-03-06,0.2042031275890637,0.2025,0.1275636909693455,0.1267,0.6298760600130463,9656,0.0692106979778212,0.0,pixel_reliability=0 AND MODLAND_QA(bits0-1)=0 AND VI range -2000..10000,MOD13Q1 V061 Terra 250m 16-day
SO1904,Ceel Buur,SO19,Galgaduud,2021-03-22,0.2184592357649901,0.2127,0.1415685999093792,0.1375,0.8637964774951077,13242,0.0075668623613829,0.0,pixel_reliability=0 AND MODLAND_QA(bits0-1)=0 AND VI range -2000..10000,MOD13Q1 V061 Terra 250m 16-day
SO1904,Ceel Buur,SO19,Galgaduud,2021-04-07,0.2172829066081443,0.2112,0.1370032187271397,0.1332,0.8025440313111546,12303,0.0355512067840834,0.0,pixel_reliability=0 AND MODLAND_QA(bits0-1)=0 AND VI range -2000..10000,MOD13Q1 V061 Terra 250m 16-day
SO1904,Ceel Buur,SO19,Galgaduud,2021-04-23,0.2898039078382652,0.2891,0.1881159927716286,0.1871,0.2887801696020874,4427,0.2120678408349641,0.1410958904109589,pixel_reliability=0 AND MODLAND_QA(bits0-1)=0 AND VI range -2000..10000,MOD13Q1 V061 Terra 250m 16-day
SO1904,Ceel Buur,SO19,Galgaduud,2021-05-09,0.3067555758183641,0.3039,0.1952452083523297,0.1943,0.7153946510110893,10967,0.0593607305936073,0.017873450750163,pixel_reliability=0 AND MODLAND_QA(bits0-1)=0 AND VI range -2000..10000,MOD13Q1 V061 Terra 250m 16-day
SO1904,Ceel Buur,SO19,Galgaduud,2021-05-25,0.2523639399430494,0.2518,0.1656903615497454,0.1639,0.7559686888454011,11589,0.0501630789302022,0.0003913894324853,pixel_reliability=0 AND MODLAND_QA(bits0-1)=0 AND VI range -2000..10000,MOD13Q1 V061 Terra 250m 16-day
SO1904,Ceel Buur,SO19,Galgaduud,2021-06-10,0.226808496843542,0.2262,0.1502724108513905,0.1509,0.3823222439660795,5861,0.220808871493803,0.0049575994781474,pixel_reliability=0 AND MODLAND_QA(bits0-1)=0 AND VI range -2000..10000,MOD13Q1 V061 Terra 250m 16-day
SO1904,Ceel Buur,SO19,Galgaduud,2021-06-26,0.2201903177668539,0.2193,0.1391120523174157,0.1387,0.7431180691454664,11392,0.0416829745596868,6.523157208088715e-05,pixel_reliability=0 AND MODLAND_QA(bits0-1)=0 AND VI range -2000..10000,MOD13Q1 V061 Terra 250m 16-day
SO1904,Ceel Buur,SO19,Galgaduud,2021-07-12,0.199589165329053,0.1991,0.1332484751203852,0.1327,0.0812785388127853,1246,0.3206131767775603,0.3272667971298108,pixel_reliability=0 AND MODLAND_QA(bits0-1)=0 AND VI range -2000..10000,MOD13Q1 V061 Terra 250m 16-day
SO1904,Ceel Buur,SO19,Galgaduud,2021-07-28,0.1870755186721991,0.1858,0.1274660936573799,0.127,0.1100456621004566,1687,0.3101108936725375,0.2463796477495107,pixel_reliability=0 AND MODLAND_QA(bits0-1)=0 AND VI range -2000..10000,MOD13Q1 V061 Terra 250m 16-day
SO1904,Ceel Buur,SO19,Galgaduud,2021-08-13,0.1985579916317991,0.1974,0.1205689420203227,0.1204,0.545662100456621,8365,0.1168297455968688,0.0,pixel_reliability=0 AND MODLAND_QA(bits0-1)=0 AND VI range -2000..10000,MOD13Q1 V061 Terra 250m 16-day
SO1904,Ceel Buur,SO19,Galgaduud,2021-08-29,0.18910746003552398,0.18780000000000002,0.12192922270151399,0.12150000000000001,0.7712328767123288,11823,0.048336594911937376,6.523157208088715e-05,pixel_reliability=0 AND MODLAND_QA(bits0-1)=0 AND VI range -2000..10000,MOD13Q1 V061 Terra 250m 16-day
SO1904,Ceel Buur,SO19,Galgaduud,2021-09-14,0.19367079587519834,0.19210000000000002,0.12080399259650978,0.1199,0.4934116112198304,7564,0.01943900848010437,0.0,pixel_reliability=0 AND MODLAND_QA(bits0-1)=0 AND VI range -2000..10000,MOD13Q1 V061 Terra 250m 16-day
SO1904,Ceel Buur,SO19,Galgaduud,2021-09-30,0.192148064793578,0.1895,0.1227304472477064,0.1218,0.4550554468362687,6976,0.123091976516634,0.0240704500978473,pixel_reliability=0 AND MODLAND_QA(bits0-1)=0 AND VI range -2000..10000,MOD13Q1 V061 Terra 250m 16-day
SO1904,Ceel Buur,SO19,Galgaduud,2021-10-16,0.2197199874292898,0.2158,0.1560390320553111,0.1527,0.1037834311806914,1591,0.4904109589041096,0.1015655577299412,pixel_reliability=0 AND MODLAND_QA(bits0-1)=0 AND VI range -2000..10000,MOD13Q1 V061 Terra 250m 16-day
SO1904,Ceel Buur,SO19,Galgaduud,2021-11-01,0.2501848221343873,0.24825,0.1628497233201581,0.1621,0.1650358773646444,2530,0.3810176125244618,0.0971950424005218,pixel_reliability=0 AND MODLAND_QA(bits0-1)=0 AND VI range -2000..10000,MOD13Q1 V061 Terra 250m 16-day
SO1904,Ceel Buur,SO19,Galgaduud,2021-11-17,0.2310131919124959,0.2267,0.1519201635178433,0.1494,0.5904109589041096,9051,0.0177429876060013,0.0,pixel_reliability=0 AND MODLAND_QA(bits0-1)=0 AND VI range -2000..10000,MOD13Q1 V061 Terra 250m 16-day
SO1904,Ceel Buur,SO19,Galgaduud,2021-12-03,0.21538592106891,0.213,0.1352139304713596,0.1335,0.5272667971298108,8083,0.1041095890410958,0.0018917155903457,pixel_reliability=0 AND MODLAND_QA(bits0-1)=0 AND VI range -2000..10000,MOD13Q1 V061 Terra 250m 16-day
SO1904,Ceel Buur,SO19,Galgaduud,2021-12-19,0.2016295379537953,0.1998,0.1275926999842841,0.1269,0.8301369863013699,12726,0.018460534898891,0.0,pixel_reliability=0 AND MODLAND_QA(bits0-1)=0 AND VI range -2000..10000,MOD13Q1 V061 Terra 250m 16-day
SO1905,Ceel Dheer,SO19,Galgaduud,2021-01-01,0.27502258391643847,0.2614,0.17986596694047258,0.1749,0.8094065501108102,9861,0.03324304358532381,0.016005909874415167,pixel_reliability=0 AND MODLAND_QA(bits0-1)=0 AND VI range -2000..10000,MOD13Q1 V061 Terra 250m 16-day
SO1905,Ceel Dheer,SO19,Galgaduud,2021-01-17,0.2512052624856303,0.2397,0.1689252267211649,0.1625,0.6426167610604941,7829,0.0508085036526307,0.0185504391365016,pixel_reliability=0 AND MODLAND_QA(bits0-1)=0 AND VI range -2000..10000,MOD13Q1 V061 Terra 250m 16-day
SO1905,Ceel Dheer,SO19,Galgaduud,2021-02-02,0.2401101732516374,0.2315,0.1533266744136911,0.1511,0.776984322416482,9466,0.0581958466715915,0.0142001149142247,pixel_reliability=0 AND MODLAND_QA(bits0-1)=0 AND VI range -2000..10000,MOD13Q1 V061 Terra 250m 16-day
SO1905,Ceel Dheer,SO19,Galgaduud,2021-02-18,0.19642949586155,0.2028,0.1335457236017055,0.1391,0.3272592957399655,3987,0.4140195354182057,0.0165804809981121,pixel_reliability=0 AND MODLAND_QA(bits0-1)=0 AND VI range -2000..10000,MOD13Q1 V061 Terra 250m 16-day
SO1905,Ceel Dheer,SO19,Galgaduud,2021-03-06,0.2051126951699985,0.2038,0.1398367722165475,0.1405,0.5625051300993187,6853,0.1170483460559796,0.0162521546417138,pixel_reliability=0 AND MODLAND_QA(bits0-1)=0 AND VI range -2000..10000,MOD13Q1 V061 Terra 250m 16-day
SO1905,Ceel Dheer,SO19,Galgaduud,2021-03-22,0.2432857209086694,0.2349,0.1650161219286045,0.1573,0.7081999507510466,8628,0.0656652712796519,0.0138717885578264,pixel_reliability=0 AND MODLAND_QA(bits0-1)=0 AND VI range -2000..10000,MOD13Q1 V061 Terra 250m 16-day
SO1905,Ceel Dheer,SO19,Galgaduud,2021-04-07,0.2373669868276619,0.2316,0.1555055159165752,0.149,0.5982106213576295,7288,0.1200032832635639,0.0138717885578264,pixel_reliability=0 AND MODLAND_QA(bits0-1)=0 AND VI range -2000..10000,MOD13Q1 V061 Terra 250m 16-day
SO1905,Ceel Dheer,SO19,Galgaduud,2021-04-23,0.2274159544159544,0.2282,0.1640433998100665,0.1635,0.0864319133218419,1053,0.3442501846835755,0.2162029056882541,pixel_reliability=0 AND MODLAND_QA(bits0-1)=0 AND VI range -2000..10000,MOD13Q1 V061 Terra 250m 16-day
SO1905,Ceel Dheer,SO19,Galgaduud,2021-05-09,0.3069157446097275,0.3116,0.2049927461139896,0.2088,0.4910941475826972,5983,0.1653123204465238,0.0485923007469424,pixel_reliability=0 AND MODLAND_QA(bits0-1)=0 AND VI range -2000..10000,MOD13Q1 V061 Terra 250m 16-day
SO1905,Ceel Dheer,SO19,Galgaduud,2021-05-25,0.2377930898876404,0.23165,0.1787838202247191,0.1845,0.1461052285972256,1780,0.4916687187063941,0.0366083887384059,pixel_reliability=0 AND MODLAND_QA(bits0-1)=0 AND VI range -2000..10000,MOD13Q1 V061 Terra 250m 16-day
SO1905,Ceel Dheer,SO19,Galgaduud,2021-06-10,0.2596810183950946,0.2527,0.1819103172487337,0.17765,0.6157760814249363,7502,0.1033407206763522,0.0242961503734712,pixel_reliability=0 AND MODLAND_QA(bits0-1)=0 AND VI range -2000..10000,MOD13Q1 V061 Terra 250m 16-day
SO1905,Ceel Dheer,SO19,Galgaduud,2021-06-26,0.236580739697978,0.23275,0.1579904914256462,0.1555,0.6413855372240006,7814,0.0949683985881966,0.0203562340966921,pixel_reliability=0 AND MODLAND_QA(bits0-1)=0 AND VI range -2000..10000,MOD13Q1 V061 Terra 250m 16-day
SO1905,Ceel Dheer,SO19,Galgaduud,2021-07-12,0.1569344569288389,0.1547,0.120078277153558,0.1226,0.0219157842895838,267,0.303209390133793,0.4298612821144217,pixel_reliability=0 AND MODLAND_QA(bits0-1)=0 AND VI range -2000..10000,MOD13Q1 V061 Terra 250m 16-day
SO1905,Ceel Dheer,SO19,Galgaduud,2021-07-28,0.1604032943676939,0.1531,0.1219842720510095,0.1281,0.0772387753426906,941,0.3614873183944841,0.2222769432816219,pixel_reliability=0 AND MODLAND_QA(bits0-1)=0 AND VI range -2000..10000,MOD13Q1 V061 Terra 250m 16-day
SO1905,Ceel Dheer,SO19,Galgaduud,2021-08-13,0.1944025388765471,0.201,0.1272802284988892,0.1277,0.2586390872527292,3151,0.4408602150537634,0.0503980957071328,pixel_reliability=0 AND MODLAND_QA(bits0-1)=0 AND VI range -2000..10000,MOD13Q1 V061 Terra 250m 16-day
SO1905,Ceel Dheer,SO19,Galgaduud,2021-08-29,0.18476438356164387,0.18960000000000002,0.1291813730121241,0.1285,0.5213001723713371,6351,0.09258803250430929,0.01682672576541082,pixel_reliability=0 AND MODLAND_QA(bits0-1)=0 AND VI range -2000..10000,MOD13Q1 V061 Terra 250m 16-day
SO1905,Ceel Dheer,SO19,Galgaduud,2021-09-14,0.1716435561877667,0.1731,0.1193702987197724,0.1213,0.28851678568497086,3515,0.23795452679963885,0.048838545514241154,pixel_reliability=0 AND MODLAND_QA(bits0-1)=0 AND VI range -2000..10000,MOD13Q1 V061 Terra 250m 16-day
SO1905,Ceel Dheer,SO19,Galgaduud,2021-09-30,0.1762521344918776,0.1727,0.1208686059690215,0.1202,0.2172699663465484,2647,0.3275055405072642,0.1125338586555035,pixel_reliability=0 AND MODLAND_QA(bits0-1)=0 AND VI range -2000..10000,MOD13Q1 V061 Terra 250m 16-day
SO1905,Ceel Dheer,SO19,Galgaduud,2021-10-16,0.2197029641185648,0.1864,0.1609907956318252,0.15075,0.1052285972256422,1282,0.5670196174997948,0.0751046540261019,pixel_reliability=0 AND MODLAND_QA(bits0-1)=0 AND VI range -2000..10000,MOD13Q1 V061 Terra 250m 16-day
SO1905,Ceel Dheer,SO19,Galgaduud,2021-11-01,0.2140477154969383,0.1978,0.1551952896844088,0.1559,0.1742592136583764,2123,0.4065501108101453,0.037921694163999,pixel_reliability=0 AND MODLAND_QA(bits0-1)=0 AND VI range -2000..10000,MOD13Q1 V061 Terra 250m 16-day
SO1905,Ceel Dheer,SO19,Galgaduud,2021-11-17,0.2621924742540269,0.2595,0.1777232637972009,0.1709,0.3108429779200525,3787,0.2306492653697775,0.0196995813838955,pixel_reliability=0 AND MODLAND_QA(bits0-1)=0 AND VI range -2000..10000,MOD13Q1 V061 Terra 250m 16-day
SO1905,Ceel Dheer,SO19,Galgaduud,2021-12-03,0.2300106649616368,0.2247,0.155268030690537,0.15495,0.320939013379299,3910,0.3542641385537224,0.0174012968891077,pixel_reliability=0 AND MODLAND_QA(bits0-1)=0 AND VI range -2000..10000,MOD13Q1 V061 Terra 250m 16-day
SO1905,Ceel Dheer,SO19,Galgaduud,2021-12-19,0.2211486638073242,0.2098,0.1469350489387441,0.1421,0.7463678896823442,9093,0.0329147172289255,0.0154313387507182,pixel_reliability=0 AND MODLAND_QA(bits0-1)=0 AND VI range -2000..10000,MOD13Q1 V061 Terra 250m 16-day
SO2001,Belet Weyne,SO20,Hiraan,2021-01-01,0.23543767212725547,0.23170000000000002,0.13813482312440648,0.13390000000000002,0.9718504845408399,16848,0.003230272265805261,0.0,pixel_reliability=0 AND MODLAND_QA(bits0-1)=0 AND VI range -2000..10000,MOD13Q1 V061 Terra 250m 16-day
SO2001,Belet Weyne,SO20,Hiraan,2021-01-17,0.2188971001561454,0.2171,0.1289428879470592,0.1257,0.7757844946931242,13449,0.0414743885556068,0.0,pixel_reliability=0 AND MODLAND_QA(bits0-1)=0 AND VI range -2000..10000,MOD13Q1 V061 Terra 250m 16-day
SO2001,Belet Weyne,SO20,Hiraan,2021-02-02,0.2146496247373161,0.2144,0.1272689162413689,0.1255,0.9607175819104752,16655,0.0039801568989386,0.0,pixel_reliability=0 AND MODLAND_QA(bits0-1)=0 AND VI range -2000..10000,MOD13Q1 V061 Terra 250m 16-day
SO2001,Belet Weyne,SO20,Hiraan,2021-02-18,0.209292479309104,0.2104,0.1261853364519611,0.1244,0.9618135671435164,16674,0.0049030918320258,0.0,pixel_reliability=0 AND MODLAND_QA(bits0-1)=0 AND VI range -2000..10000,MOD13Q1 V061 Terra 250m 16-day
SO2001,Belet Weyne,SO20,Hiraan,2021-03-06,0.2063572286572286,0.2076,0.1227659986517129,0.1216,0.941220581449008,16317,0.0053645592985694,0.0,pixel_reliability=0 AND MODLAND_QA(bits0-1)=0 AND VI range -2000..10000,MOD13Q1 V061 Terra 250m 16-day
SO2001,Belet Weyne,SO20,Hiraan,2021-03-22,0.2122248837911258,0.2129,0.1276781104738907,0.1258,0.9555260729118598,16565,0.0035763728657129,0.0,pixel_reliability=0 AND MODLAND_QA(bits0-1)=0 AND VI range -2000..10000,MOD13Q1 V061 Terra 250m 16-day
SO2001,Belet Weyne,SO20,Hiraan,2021-04-07,0.2087733291649298,0.212,0.12362399610949,0.1228,0.8302953391785879,14394,0.0290147669589293,0.0,pixel_reliability=0 AND MODLAND_QA(bits0-1)=0 AND VI range -2000..10000,MOD13Q1 V061 Terra 250m 16-day
SO2001,Belet Weyne,SO20,Hiraan,2021-04-23,0.354222224975223,0.3584,0.2205559217046581,0.2202,0.2328103368712505,4036,0.3010498384863867,0.1449007844946931,pixel_reliability=0 AND MODLAND_QA(bits0-1)=0 AND VI range -2000..10000,MOD13Q1 V061 Terra 250m 16-day
SO2001,Belet Weyne,SO20,Hiraan,2021-05-09,0.3809033073673092,0.3756,0.2350205637707948,0.22965,0.8737886479003231,15148,0.0222081218274111,0.0,pixel_reliability=0 AND MODLAND_QA(bits0-1)=0 AND VI range -2000..10000,MOD13Q1 V061 Terra 250m 16-day
SO2001,Belet Weyne,SO20,Hiraan,2021-05-25,0.3478749407625475,0.3414,0.2159838658720471,0.2122,0.8033571758191047,13927,0.0039224734656206,0.0,pixel_reliability=0 AND MODLAND_QA(bits0-1)=0 AND VI range -2000..10000,MOD13Q1 V061 Terra 250m 16-day
SO2001,Belet Weyne,SO20,Hiraan,2021-06-10,0.2731238365971783,0.264,0.1750876395030532,0.1689,0.2739386248269497,4749,0.4038994000922934,0.0151707429626211,pixel_reliability=0 AND MODLAND_QA(bits0-1)=0 AND VI range -2000..10000,MOD13Q1 V061 Terra 250m 16-day
SO2001,Belet Weyne,SO20,Hiraan,2021-06-26,0.2531921197902291,0.24665,0.1544442382003864,0.1495,0.8359483156437472,14492,0.0345523765574527,0.0,pixel_reliability=0 AND MODLAND_QA(bits0-1)=0 AND VI range -2000..10000,MOD13Q1 V061 Terra 250m 16-day
SO2001,Belet Weyne,SO20,Hiraan,2021-07-12,0.2412122966818477,0.2463,0.1506835393623943,0.1501,0.0886594370096908,1537,0.5492039686202123,0.1135786802030456,pixel_reliability=0 AND MODLAND_QA(bits0-1)=0 AND VI range -2000..10000,MOD13Q1 V061 Terra 250m 16-day
SO2001,Belet Weyne,SO20,Hiraan,2021-07-28,0.213492556980057,0.2114,0.1359266737891738,0.1358,0.1619750807568066,2808,0.4546031379787725,0.1054453161052145,pixel_reliability=0 AND MODLAND_QA(bits0-1)=0 AND VI range -2000..10000,MOD13Q1 V061 Terra 250m 16-day
SO2001,Belet Weyne,SO20,Hiraan,2021-08-13,0.2190658952225033,0.2183,0.1272562286054472,0.124,0.7751499769266267,13438,0.0562990309183202,5.768343331795109e-05,pixel_reliability=0 AND MODLAND_QA(bits0-1)=0 AND VI range -2000..10000,MOD13Q1 V061 Terra 250m 16-day
SO2001,Belet Weyne,SO20,Hiraan,2021-08-29,0.21152263979665942,0.21230000000000002,0.1276108811425805,0.12490000000000001,0.9531610521458237,16524,0.008191047531149053,0.0,pixel_reliability=0 AND MODLAND_QA(bits0-1)=0 AND VI range -2000..10000,MOD13Q1 V061 Terra 250m 16-day
SO2001,Belet Weyne,SO20,Hiraan,2021-09-14,0.21165216695322228,0.2121,0.1221506906978123,0.12000000000000001,0.972946469773881,16867,0.00265343793262575,0.0,pixel_reliability=0 AND MODLAND_QA(bits0-1)=0 AND VI range -2000..10000,MOD13Q1 V061 Terra 250m 16-day
SO2001,Belet Weyne,SO20,Hiraan,2021-09-30,0.217526037710255,0.2163,0.1232100990233315,0.1205,0.8504845408398708,14744,0.0309183202584217,0.0,pixel_reliability=0 AND MODLAND_QA(bits0-1)=0 AND VI range -2000..10000,MOD13Q1 V061 Terra 250m 16-day
SO2001,Belet Weyne,SO20,Hiraan,2021-10-16,0.2401759125211766,0.223,0.149335869397813,0.1361,0.3745385325334563,6493,0.312471158283341,0.0277457314259344,pixel_reliability=0 AND MODLAND_QA(bits0-1)=0 AND VI range -2000..10000,MOD13Q1 V061 Terra 250m 16-day
SO2001,Belet Weyne,SO20,Hiraan,2021-11-01,0.2551283902144367,0.2455,0.1590068861371187,0.152,0.190989847715736,3311,0.5442431933548685,0.0134402399630826,pixel_reliability=0 AND MODLAND_QA(bits0-1)=0 AND VI range -2000..10000,MOD13Q1 V061 Terra 250m 16-day
SO2001,Belet Weyne,SO20,Hiraan,2021-11-17,0.2403448190958211,0.2399,0.1435587442719376,0.1385,0.8433894785417628,14621,0.034090909090909,0.0016151361329026,pixel_reliability=0 AND MODLAND_QA(bits0-1)=0 AND VI range -2000..10000,MOD13Q1 V061 Terra 250m 16-day
SO2001,Belet Weyne,SO20,Hiraan,2021-12-03,0.218396736466139,0.2222,0.1293383220113453,0.128,0.8236617443470236,14279,0.0272265805260729,0.0,pixel_reliability=0 AND MODLAND_QA(bits0-1)=0 AND VI range -2000..10000,MOD13Q1 V061 Terra 250m 16-day
SO2001,Belet Weyne,SO20,Hiraan,2021-12-19,0.207895441720484,0.2123,0.1236009655777791,0.1225,0.919993077988002,15949,0.0065759113982464,0.0,pixel_reliability=0 AND MODLAND_QA(bits0-1)=0 AND VI range -2000..10000,MOD13Q1 V061 Terra 250m 16-day
SO2002,Bulo Burto,SO20,Hiraan,2021-01-01,0.29292439076989435,0.2894,0.1631079415570412,0.16040000000000001,0.9851285319736562,18548,0.0011153601019757808,0.0,pixel_reliability=0 AND MODLAND_QA(bits0-1)=0 AND VI range -2000..10000,MOD13Q1 V061 Terra 250m 16-day
SO2002,Bulo Burto,SO20,Hiraan,2021-01-17,0.2675269590572227,0.2684,0.1492915988336775,0.1488,0.8743360951773954,16462,0.0166772891438283,0.0,pixel_reliability=0 AND MODLAND_QA(bits0-1)=0 AND VI range -2000..10000,MOD13Q1 V061 Terra 250m 16-day
SO2002,Bulo Burto,SO20,Hiraan,2021-02-02,0.2501299829360929,0.2523,0.1392945945945946,0.1394,0.9648927129806673,18167,0.0037709793923943,0.0,pixel_reliability=0 AND MODLAND_QA(bits0-1)=0 AND VI range -2000..10000,MOD13Q1 V061 Terra 250m 16-day
SO2002,Bulo Burto,SO20,Hiraan,2021-02-18,0.2392859832402235,0.2423,0.1374539553072625,0.1385,0.950711705969832,17900,0.0066921606118546,0.0,pixel_reliability=0 AND MODLAND_QA(bits0-1)=0 AND VI range -2000..10000,MOD13Q1 V061 Terra 250m 16-day
SO2002,Bulo Burto,SO20,Hiraan,2021-03-06,0.2345007857485604,0.2379,0.1337848848368522,0.1347,0.8854896961971532,16672,0.0163055024431697,0.0,pixel_reliability=0 AND MODLAND_QA(bits0-1)=0 AND VI range -2000..10000,MOD13Q1 V061 Terra 250m 16-day
SO2002,Bulo Burto,SO20,Hiraan,2021-03-22,0.2412029433241588,0.2442,0.141720080885244,0.143,0.9455598045464202,17803,0.0050456766517951,0.0,pixel_reliability=0 AND MODLAND_QA(bits0-1)=0 AND VI range -2000..10000,MOD13Q1 V061 Terra 250m 16-day
SO2002,Bulo Burto,SO20,Hiraan,2021-04-07,0.2499584637561779,0.248,0.1409039813289401,0.1389,0.7737412364563416,14568,0.0335670278308901,0.0,pixel_reliability=0 AND MODLAND_QA(bits0-1)=0 AND VI range -2000..10000,MOD13Q1 V061 Terra 250m 16-day
SO2002,Bulo Burto,SO20,Hiraan,2021-04-23,0.3336181279620853,0.33165,0.2079837677725118,0.20635,0.0448268536222647,844,0.2556830252814956,0.4003080518376885,pixel_reliability=0 AND MODLAND_QA(bits0-1)=0 AND VI range -2000..10000,MOD13Q1 V061 Terra 250m 16-day
SO2002,Bulo Burto,SO20,Hiraan,2021-05-09,0.4621043723554302,0.464,0.2749122305057425,0.2757,0.7907903123008285,14889,0.0626195028680688,0.0040365413214361,pixel_reliability=0 AND MODLAND_QA(bits0-1)=0 AND VI range -2000..10000,MOD13Q1 V061 Terra 250m 16-day
SO2002,Bulo Burto,SO20,Hiraan,2021-05-25,0.3866864946889226,0.37765,0.2224432018209408,0.2211,0.3500106224771617,6590,0.4272891438283407,0.0033460803059273,pixel_reliability=0 AND MODLAND_QA(bits0-1)=0 AND VI range -2000..10000,MOD13Q1 V061 Terra 250m 16-day
SO2002,Bulo Burto,SO20,Hiraan,2021-06-10,0.3131149932025636,0.3076,0.192776461448825,0.19,0.2734756745272997,5149,0.3747609942638623,0.029530486509454,pixel_reliability=0 AND MODLAND_QA(bits0-1)=0 AND VI range -2000..10000,MOD13Q1 V061 Terra 250m 16-day
SO2002,Bulo Burto,SO20,Hiraan,2021-06-26,0.2826219149751053,0.2823,0.1633770356185369,0.1627,0.6933821967282771,13055,0.1163692373061398,0.0075950711705969,pixel_reliability=0 AND MODLAND_QA(bits0-1)=0 AND VI range -2000..10000,MOD13Q1 V061 Terra 250m 16-day
SO2002,Bulo Burto,SO20,Hiraan,2021-07-12,0.2259739130434783,0.2144,0.1489043478260869,0.1379,0.0012215848735925,23,0.3746547694922456,0.374707881878054,pixel_reliability=0 AND MODLAND_QA(bits0-1)=0 AND VI range -2000..10000,MOD13Q1 V061 Terra 250m 16-day
SO2002,Bulo Burto,SO20,Hiraan,2021-07-28,0.2368655800400655,0.2384,0.138428155162994,0.1393,0.2916401104737625,5491,0.3227639685574676,0.0359039728064584,pixel_reliability=0 AND MODLAND_QA(bits0-1)=0 AND VI range -2000..10000,MOD13Q1 V061 Terra 250m 16-day
SO2002,Bulo Burto,SO20,Hiraan,2021-08-13,0.2320069906051116,0.2333,0.1218669057480553,0.1234,0.5257595071170597,9899,0.2930210325047801,0.0012215848735925,pixel_reliability=0 AND MODLAND_QA(bits0-1)=0 AND VI range -2000..10000,MOD13Q1 V061 Terra 250m 16-day
SO2002,Bulo Burto,SO20,Hiraan,2021-08-29,0.22335260427332926,0.2263,0.12601824015291146,0.12710000000000002,0.7780433397068196,14649,0.09161886551943914,0.00031867431485022306,pixel_reliability=0 AND MODLAND_QA(bits0-1)=0 AND VI range -2000..10000,MOD13Q1 V061 Terra 250m 16-day
SO2002,Bulo Burto,SO20,Hiraan,2021-09-14,0.22395211140383894,0.2263,0.12069050056454649,0.12190000000000001,0.7055980454642022,13285,0.08853834714255364,0.0024431697471850437,pixel_reliability=0 AND MODLAND_QA(bits0-1)=0 AND VI range -2000..10000,MOD13Q1 V061 Terra 250m 16-day
SO2002,Bulo Burto,SO20,Hiraan,2021-09-30,0.241641086368902,0.2395,0.1260332797013772,0.1263,0.825260250690461,15538,0.0357446356490333,0.0026025069046101,pixel_reliability=0 AND MODLAND_QA(bits0-1)=0 AND VI range -2000..10000,MOD13Q1 V061 Terra 250m 16-day
SO2002,Bulo Burto,SO20,Hiraan,2021-10-16,0.3363169018224574,0.3371,0.2149514844209288,0.2132,0.361376673040153,6804,0.3691310813681751,0.0112067134055661,pixel_reliability=0 AND MODLAND_QA(bits0-1)=0 AND VI range -2000..10000,MOD13Q1 V061 Terra 250m 16-day
SO2002,Bulo Burto,SO20,Hiraan,2021-11-01,0.3259029907667604,0.3192,0.1943919510236852,0.1906,0.2646059060973019,4982,0.4483747609942639,0.0356384108774166,pixel_reliability=0 AND MODLAND_QA(bits0-1)=0 AND VI range -2000..10000,MOD13Q1 V061 Terra 250m 16-day
SO2002,Bulo Burto,SO20,Hiraan,2021-11-17,0.2859891510601435,0.288,0.1631886725517696,0.1611,0.643775228383259,12121,0.1330465264499681,0.0039834289356277,pixel_reliability=0 AND MODLAND_QA(bits0-1)=0 AND VI range -2000..10000,MOD13Q1 V061 Terra 250m 16-day
SO2002,Bulo Burto,SO20,Hiraan,2021-12-03,0.2475978826984004,0.2496,0.1368605440074183,0.138,0.6873273847461228,12941,0.077703420437646,0.0001062247716167,pixel_reliability=0 AND MODLAND_QA(bits0-1)=0 AND VI range -2000..10000,MOD13Q1 V061 Terra 250m 16-day
SO2002,Bulo Burto,SO20,Hiraan,2021-12-19,0.2327044918957791,0.235,0.1334588371964374,0.1346,0.9601125982579136,18077,0.0056299128956872,0.0,pixel_reliability=0 AND MODLAND_QA(bits0-1)=0 AND VI range -2000..10000,MOD13Q1 V061 Terra 250m 16-day
SO2003,Jalalaqsi,SO20,Hiraan,2021-01-01,0.3598346415917144,0.3567,0.2129323793949305,0.2151,0.9997275204359674,3669,0.00027247956403269756,0.0,pixel_reliability=0 AND MODLAND_QA(bits0-1)=0 AND VI range -2000..10000,MOD13Q1 V061 Terra 250m 16-day
SO2003,Jalalaqsi,SO20,Hiraan,2021-01-17,0.3232736594803759,0.3195,0.1916737700386954,0.1964,0.9858310626702996,3618,0.0002724795640326,0.0,pixel_reliability=0 AND MODLAND_QA(bits0-1)=0 AND VI range -2000..10000,MOD13Q1 V061 Terra 250m 16-day
SO2003,Jalalaqsi,SO20,Hiraan,2021-02-02,0.2933923764311645,0.2926,0.1750091315275062,0.181,0.97574931880109,3581,0.0046321525885558,0.0,pixel_reliability=0 AND MODLAND_QA(bits0-1)=0 AND VI range -2000..10000,MOD13Q1 V061 Terra 250m 16-day
SO2003,Jalalaqsi,SO20,Hiraan,2021-02-18,0.2755001928906034,0.2724,0.1662135850096445,0.1721,0.9888283378746594,3629,0.0010899182561307,0.0,pixel_reliability=0 AND MODLAND_QA(bits0-1)=0 AND VI range -2000..10000,MOD13Q1 V061 Terra 250m 16-day
SO2003,Jalalaqsi,SO20,Hiraan,2021-03-06,0.2672925801011804,0.26705,0.1607643338954469,0.168,0.969482288828338,3558,0.0010899182561307,0.0,pixel_reliability=0 AND MODLAND_QA(bits0-1)=0 AND VI range -2000..10000,MOD13Q1 V061 Terra 250m 16-day
SO2003,Jalalaqsi,SO20,Hiraan,2021-03-22,0.2772845691382766,0.2836,0.1810063269395934,0.1876,0.9517711171662124,3493,0.0049046321525885,0.0,pixel_reliability=0 AND MODLAND_QA(bits0-1)=0 AND VI range -2000..10000,MOD13Q1 V061 Terra 250m 16-day
SO2003,Jalalaqsi,SO20,Hiraan,2021-04-07,0.2826238775510204,0.27955,0.1712804897959183,0.1736,0.667574931880109,2450,0.0465940054495912,0.0,pixel_reliability=0 AND MODLAND_QA(bits0-1)=0 AND VI range -2000..10000,MOD13Q1 V061 Terra 250m 16-day
SO2003,Jalalaqsi,SO20,Hiraan,2021-04-23,0.4016209745762711,0.41785,0.2574309322033898,0.26625,0.1286103542234332,472,0.3376021798365122,0.1814713896457765,pixel_reliability=0 AND MODLAND_QA(bits0-1)=0 AND VI range -2000..10000,MOD13Q1 V061 Terra 250m 16-day
SO2003,Jalalaqsi,SO20,Hiraan,2021-05-09,0.3945230769230769,0.4012,0.2453926696832579,0.2462,0.3010899182561308,1105,0.2915531335149863,0.0138964577656675,pixel_reliability=0 AND MODLAND_QA(bits0-1)=0 AND VI range -2000..10000,MOD13Q1 V061 Terra 250m 16-day
SO2003,Jalalaqsi,SO20,Hiraan,2021-05-25,0.31171125,0.3162,0.1995825,0.20255,0.0435967302452316,160,0.6528610354223433,0.0351498637602179,pixel_reliability=0 AND MODLAND_QA(bits0-1)=0 AND VI range -2000..10000,MOD13Q1 V061 Terra 250m 16-day
SO2003,Jalalaqsi,SO20,Hiraan,2021-06-10,0.3381809701492537,0.3405,0.2141567164179104,0.2133,0.1460490463215258,536,0.4313351498637602,0.0422343324250681,pixel_reliability=0 AND MODLAND_QA(bits0-1)=0 AND VI range -2000..10000,MOD13Q1 V061 Terra 250m 16-day
SO2003,Jalalaqsi,SO20,Hiraan,2021-06-26,0.2826459958932238,0.2858,0.1695546201232032,0.16945,0.2653950953678474,974,0.297275204359673,0.0092643051771117,pixel_reliability=0 AND MODLAND_QA(bits0-1)=0 AND VI range -2000..10000,MOD13Q1 V061 Terra 250m 16-day
SO2003,Jalalaqsi,SO20,Hiraan,2021-07-12,0.168,0.16825,0.1190249999999999,0.1191,0.0010899182561307,4,0.2002724795640326,0.6059945504087193,pixel_reliability=0 AND MODLAND_QA(bits0-1)=0 AND VI range -2000..10000,MOD13Q1 V061 Terra 250m 16-day
SO2003,Jalalaqsi,SO20,Hiraan,2021-07-28,0.2492313021702838,0.2558,0.1480832220367278,0.1533,0.3264305177111716,1198,0.2732970027247956,0.0212534059945504,pixel_reliability=0 AND MODLAND_QA(bits0-1)=0 AND VI range -2000..10000,MOD13Q1 V061 Terra 250m 16-day
SO2003,Jalalaqsi,SO20,Hiraan,2021-08-13,0.2447476923076923,0.2409,0.1407123076923077,0.14035,0.0354223433242506,130,0.8008174386920981,0.026975476839237,pixel_reliability=0 AND MODLAND_QA(bits0-1)=0 AND VI range -2000..10000,MOD13Q1 V061 Terra 250m 16-day
SO2003,Jalalaqsi,SO20,Hiraan,2021-08-29,0.2454396966993756,0.24860000000000002,0.14744460303300624,0.1502,0.30544959128065396,1121,0.27084468664850136,0.005449591280653951,pixel_reliability=0 AND MODLAND_QA(bits0-1)=0 AND VI range -2000..10000,MOD13Q1 V061 Terra 250m 16-day
SO2003,Jalalaqsi,SO20,Hiraan,2021-09-14,0.25622065727699533,0.26270000000000004,0.1463225352112676,0.1501,0.11607629427792915,426,0.5381471389645777,0.050953678474114444,pixel_reliability=0 AND MODLAND_QA(bits0-1)=0 AND VI range -2000..10000,MOD13Q1 V061 Terra 250m 16-day
SO2003,Jalalaqsi,SO20,Hiraan,2021-09-30,0.2493378560331434,0.2506,0.1410912998446401,0.1422,0.526158038147139,1931,0.1378746594005449,0.0223433242506812,pixel_reliability=0 AND MODLAND_QA(bits0-1)=0 AND VI range -2000..10000,MOD13Q1 V061 Terra 250m 16-day
SO2003,Jalalaqsi,SO20,Hiraan,2021-10-16,0.2992032544378698,0.28805,0.2008597633136095,0.19155,0.0920980926430517,338,0.4923705722070844,0.0727520435967302,pixel_reliability=0 AND MODLAND_QA(bits0-1)=0 AND VI range -2000..10000,MOD13Q1 V061 Terra 250m 16-day
SO2003,Jalalaqsi,SO20,Hiraan,2021-11-01,0.3557882352941176,0.3488,0.2249529411764705,0.2117,0.0046321525885558,17,0.5940054495912807,0.1098092643051771,pixel_reliability=0 AND MODLAND_QA(bits0-1)=0 AND VI range -2000..10000,MOD13Q1 V061 Terra 250m 16-day
SO2003,Jalalaqsi,SO20,Hiraan,2021-11-17,0.3424828397565922,0.3487,0.2222273022312373,0.2234,0.6716621253405994,2465,0.0558583106267029,0.0029972752043596,pixel_reliability=0 AND MODLAND_QA(bits0-1)=0 AND VI range -2000..10000,MOD13Q1 V061 Terra 250m 16-day
SO2003,Jalalaqsi,SO20,Hiraan,2021-12-03,0.295329375,0.29995,0.174691796875,0.17535,0.6975476839237057,2560,0.0651226158038147,0.0005449591280653,pixel_reliability=0 AND MODLAND_QA(bits0-1)=0 AND VI range -2000..10000,MOD13Q1 V061 Terra 250m 16-day
SO2003,Jalalaqsi,SO20,Hiraan,2021-12-19,0.2678470134324092,0.2728,0.1659375821663332,0.1674,0.9534059945504088,3499,0.0073569482288828,0.0,pixel_reliability=0 AND MODLAND_QA(bits0-1)=0 AND VI range -2000..10000,MOD13Q1 V061 Terra 250m 16-day
SO2101,Jowhar,SO21,Middle Shabelle,2021-01-01,0.36780041277817666,0.35425,0.22243226848528358,0.21080000000000002,0.991988606017447,5572,0.00017803097739006588,0.0,pixel_reliability=0 AND MODLAND_QA(bits0-1)=0 AND VI range -2000..10000,MOD13Q1 V061 Terra 250m 16-day
SO2101,Jowhar,SO21,Middle Shabelle,2021-01-17,0.319705004152824,0.30715,0.1963928156146179,0.18755,0.8573971871105572,4816,0.0178030977390065,0.00017803097739,pixel_reliability=0 AND MODLAND_QA(bits0-1)=0 AND VI range -2000..10000,MOD13Q1 V061 Terra 250m 16-day
SO2101,Jowhar,SO21,Middle Shabelle,2021-02-02,0.3013959442099468,0.2864,0.1856084969719214,0.1783,0.9700907957984688,5449,0.0039166815025814,0.00017803097739,pixel_reliability=0 AND MODLAND_QA(bits0-1)=0 AND VI range -2000..10000,MOD13Q1 V061 Terra 250m 16-day
SO2101,Jowhar,SO21,Middle Shabelle,2021-02-18,0.2842411719647645,0.2647,0.1761306587514362,0.16835,0.929677763930924,5222,0.0105038276660138,0.0005340929321701,pixel_reliability=0 AND MODLAND_QA(bits0-1)=0 AND VI range -2000..10000,MOD13Q1 V061 Terra 250m 16-day
SO2101,Jowhar,SO21,Middle Shabelle,2021-03-06,0.2771399843198746,0.25595,0.1698512936103489,0.16105,0.908314046644116,5102,0.013708385259035,0.0,pixel_reliability=0 AND MODLAND_QA(bits0-1)=0 AND VI range -2000..10000,MOD13Q1 V061 Terra 250m 16-day
SO2101,Jowhar,SO21,Middle Shabelle,2021-03-22,0.2767525014052838,0.2574,0.1868577665355068,0.1763,0.9501513263307816,5337,0.0042727434573615,0.0,pixel_reliability=0 AND MODLAND_QA(bits0-1)=0 AND VI range -2000..10000,MOD13Q1 V061 Terra 250m 16-day
SO2101,Jowhar,SO21,Middle Shabelle,2021-04-07,0.2638896982310094,0.2442,0.1657776621574748,0.1546,0.51326330781556,2883,0.0849207762150614,0.0247463058572191,pixel_reliability=0 AND MODLAND_QA(bits0-1)=0 AND VI range -2000..10000,MOD13Q1 V061 Terra 250m 16-day
SO2101,Jowhar,SO21,Middle Shabelle,2021-04-23,0.341325386996904,0.3435,0.218243653250774,0.2195,0.0575040056969912,323,0.3419975075663165,0.2634858465372975,pixel_reliability=0 AND MODLAND_QA(bits0-1)=0 AND VI range -2000..10000,MOD13Q1 V061 Terra 250m 16-day
SO2101,Jowhar,SO21,Middle Shabelle,2021-05-09,0.4020592670157068,0.4074,0.2651638743455498,0.2693,0.1700195834075129,955,0.4044863806302297,0.0822503115542104,pixel_reliability=0 AND MODLAND_QA(bits0-1)=0 AND VI range -2000..10000,MOD13Q1 V061 Terra 250m 16-day
SO2101,Jowhar,SO21,Middle Shabelle,2021-05-25,0.4064567567567568,0.3905,0.2649094594594594,0.25795,0.0263485846537297,148,0.6396653017625067,0.0610646252447925,pixel_reliability=0 AND MODLAND_QA(bits0-1)=0 AND VI range -2000..10000,MOD13Q1 V061 Terra 250m 16-day
SO2101,Jowhar,SO21,Middle Shabelle,2021-06-10,0.3708568247821878,0.3713,0.2409192642787996,0.2443,0.183905999643938,1033,0.4064447213815204,0.0347160405910628,pixel_reliability=0 AND MODLAND_QA(bits0-1)=0 AND VI range -2000..10000,MOD13Q1 V061 Terra 250m 16-day
SO2101,Jowhar,SO21,Middle Shabelle,2021-06-26,0.3481851851851852,0.34065,0.2145531635802469,0.21335,0.2307281466975253,1296,0.3685241231974363,0.0286629873598006,pixel_reliability=0 AND MODLAND_QA(bits0-1)=0 AND VI range -2000..10000,MOD13Q1 V061 Terra 250m 16-day
SO2101,Jowhar,SO21,Middle Shabelle,2021-07-12,0.26475,0.26475,0.1997,0.1997,0.0003560619547801,2,0.173046110023144,0.6450062310842086,pixel_reliability=0 AND MODLAND_QA(bits0-1)=0 AND VI range -2000..10000,MOD13Q1 V061 Terra 250m 16-day
SO2101,Jowhar,SO21,Middle Shabelle,2021-07-28,0.2628169934640523,0.2521,0.1717202614379084,0.1687,0.02723873954068,153,0.4479259391134057,0.2018871283603347,pixel_reliability=0 AND MODLAND_QA(bits0-1)=0 AND VI range -2000..10000,MOD13Q1 V061 Terra 250m 16-day
SO2101,Jowhar,SO21,Middle Shabelle,2021-08-13,0.2436241379310344,0.25,0.1423172413793103,0.1509,0.0051628983443119,29,0.3505429944810397,0.32455047178209,pixel_reliability=0 AND MODLAND_QA(bits0-1)=0 AND VI range -2000..10000,MOD13Q1 V061 Terra 250m 16-day
SO2101,Jowhar,SO21,Middle Shabelle,2021-08-29,0.24903131407269338,0.2356,0.1625975768872321,0.15810000000000002,0.19102723873954067,1073,0.3859711589816628,0.023322058038098628,pixel_reliability=0 AND MODLAND_QA(bits0-1)=0 AND VI range -2000..10000,MOD13Q1 V061 Terra 250m 16-day
SO2101,Jowhar,SO21,Middle Shabelle,2021-09-14,0.23720487804878046,0.23420000000000002,0.15922439024390245,0.1625,0.0072992700729927005,41,0.4265622218265978,0.23980772654441873,pixel_reliability=0 AND MODLAND_QA(bits0-1)=0 AND VI range -2000..10000,MOD13Q1 V061 Terra 250m 16-day
SO2101,Jowhar,SO21,Middle Shabelle,2021-09-30,0.2647809192200557,0.2525,0.1600760445682451,0.1552,0.1278262417660673,718,0.4279864696457183,0.1077087413209898,pixel_reliability=0 AND MODLAND_QA(bits0-1)=0 AND VI range -2000..10000,MOD13Q1 V061 Terra 250m 16-day
SO2101,Jowhar,SO21,Middle Shabelle,2021-10-16,0.3383342812006318,0.3168,0.2215864139020537,0.2151,0.1126936086879117,633,0.5453088837457718,0.0644472138152038,pixel_reliability=0 AND MODLAND_QA(bits0-1)=0 AND VI range -2000..10000,MOD13Q1 V061 Terra 250m 16-day
SO2101,Jowhar,SO21,Middle Shabelle,2021-11-01,0.3824645833333333,0.37705,0.2512020833333333,0.24835,0.0085454869147231,48,0.4917215595513619,0.1851522164856685,pixel_reliability=0 AND MODLAND_QA(bits0-1)=0 AND VI range -2000..10000,MOD13Q1 V061 Terra 250m 16-day
SO2101,Jowhar,SO21,Middle Shabelle,2021-11-17,0.3844150949796472,0.3762,0.2629283921302578,0.25765,0.5248353213459142,2948,0.1052163076375289,0.0076553320277728,pixel_reliability=0 AND MODLAND_QA(bits0-1)=0 AND VI range -2000..10000,MOD13Q1 V061 Terra 250m 16-day
SO2101,Jowhar,SO21,Middle Shabelle,2021-12-03,0.3627213516609393,0.3518,0.2184804810996563,0.2102,0.7771052163076375,4365,0.0610646252447925,0.0007121239095602,pixel_reliability=0 AND MODLAND_QA(bits0-1)=0 AND VI range -2000..10000,MOD13Q1 V061 Terra 250m 16-day
SO2101,Jowhar,SO21,Middle Shabelle,2021-12-19,0.3176006816507001,0.2998,0.2025933308769344,0.1932,0.9663521452732776,5428,0.0032045575930211,0.0,pixel_reliability=0 AND MODLAND_QA(bits0-1)=0 AND VI range -2000..10000,MOD13Q1 V061 Terra 250m 16-day
SO2102,Adan Yabaal,SO21,Middle Shabelle,2021-01-01,0.3322548148148149,0.32370000000000004,0.2164257108721625,0.2155,0.8853395388195473,4185,0.02792468796276708,0.009942881320076159,pixel_reliability=0 AND MODLAND_QA(bits0-1)=0 AND VI range -2000..10000,MOD13Q1 V061 Terra 250m 16-day
SO2102,Adan Yabaal,SO21,Middle Shabelle,2021-01-17,0.2731278527607362,0.2733,0.1826894887525562,0.1802,0.5172413793103449,2445,0.0605034905859953,0.0120583879839221,pixel_reliability=0 AND MODLAND_QA(bits0-1)=0 AND VI range -2000..10000,MOD13Q1 V061 Terra 250m 16-day
SO2102,Adan Yabaal,SO21,Middle Shabelle,2021-02-02,0.2682826190476191,0.26355,0.1693197619047619,0.16885,0.8885127988153163,4200,0.0175587053099217,0.0126930399830759,pixel_reliability=0 AND MODLAND_QA(bits0-1)=0 AND VI range -2000..10000,MOD13Q1 V061 Terra 250m 16-day
SO2102,Adan Yabaal,SO21,Middle Shabelle,2021-02-18,0.2337957527333894,0.23305,0.1557184608915054,0.1535,0.5030674846625767,2378,0.2532261476623651,0.0135392426486143,pixel_reliability=0 AND MODLAND_QA(bits0-1)=0 AND VI range -2000..10000,MOD13Q1 V061 Terra 250m 16-day
SO2102,Adan Yabaal,SO21,Middle Shabelle,2021-03-06,0.2323860328638498,0.2319,0.1576424002347418,0.1561,0.7209646710387138,3408,0.0503490585995345,0.0105775333192299,pixel_reliability=0 AND MODLAND_QA(bits0-1)=0 AND VI range -2000..10000,MOD13Q1 V061 Terra 250m 16-day
SO2102,Adan Yabaal,SO21,Middle Shabelle,2021-03-22,0.2466578101828967,0.24055,0.165123504695996,0.1605,0.855933996192088,4046,0.0188280093082293,0.0090966786545377,pixel_reliability=0 AND MODLAND_QA(bits0-1)=0 AND VI range -2000..10000,MOD13Q1 V061 Terra 250m 16-day
SO2102,Adan Yabaal,SO21,Middle Shabelle,2021-04-07,0.2408678499999999,0.2338,0.15656725,0.1514,0.4231013327691982,2000,0.2255130103659826,0.0188280093082293,pixel_reliability=0 AND MODLAND_QA(bits0-1)=0 AND VI range -2000..10000,MOD13Q1 V061 Terra 250m 16-day
SO2102,Adan Yabaal,SO21,Middle Shabelle,2021-04-23,0.2531826923076923,0.24285,0.1806978365384615,0.17015,0.0880050772159932,416,0.2841125449545166,0.2580918129892109,pixel_reliability=0 AND MODLAND_QA(bits0-1)=0 AND VI range -2000..10000,MOD13Q1 V061 Terra 250m 16-day
SO2102,Adan Yabaal,SO21,Middle Shabelle,2021-05-09,0.3834323010752688,0.3828,0.2545363870967742,0.2531,0.4918552993441929,2325,0.1480854664692193,0.0518299132642267,pixel_reliability=0 AND MODLAND_QA(bits0-1)=0 AND VI range -2000..10000,MOD13Q1 V061 Terra 250m 16-day
SO2102,Adan Yabaal,SO21,Middle Shabelle,2021-05-25,0.3152385008517888,0.3381,0.2243522998296422,0.2333,0.1241802411677596,587,0.5443198646075735,0.0294055426274592,pixel_reliability=0 AND MODLAND_QA(bits0-1)=0 AND VI range -2000..10000,MOD13Q1 V061 Terra 250m 16-day
SO2102,Adan Yabaal,SO21,Middle Shabelle,2021-06-10,0.2925368435676577,0.2983,0.2048096693525979,0.2075,0.7613708483181723,3599,0.0444256399407658,0.0158662999788449,pixel_reliability=0 AND MODLAND_QA(bits0-1)=0 AND VI range -2000..10000,MOD13Q1 V061 Terra 250m 16-day
SO2102,Adan Yabaal,SO21,Middle Shabelle,2021-06-26,0.2781566232356134,0.2794,0.1811156894679696,0.18325,0.7793526549608631,3684,0.0497144066003807,0.0135392426486143,pixel_reliability=0 AND MODLAND_QA(bits0-1)=0 AND VI range -2000..10000,MOD13Q1 V061 Terra 250m 16-day
SO2102,Adan Yabaal,SO21,Middle Shabelle,2021-07-12,0.1896931174089069,0.1716,0.142714979757085,0.1388,0.0522530145969959,247,0.2517452929976729,0.4341019674211974,pixel_reliability=0 AND MODLAND_QA(bits0-1)=0 AND VI range -2000..10000,MOD13Q1 V061 Terra 250m 16-day
SO2102,Adan Yabaal,SO21,Middle Shabelle,2021-07-28,0.2229065683646112,0.21985,0.1449325737265415,0.1431,0.1578167971229109,746,0.3480008462026655,0.0922360905436852,pixel_reliability=0 AND MODLAND_QA(bits0-1)=0 AND VI range -2000..10000,MOD13Q1 V061 Terra 250m 16-day
SO2102,Adan Yabaal,SO21,Middle Shabelle,2021-08-13,0.2083930061349693,0.2081,0.1334048261758691,0.1321,0.5172413793103449,2445,0.2481489316691347,0.02898244129469,pixel_reliability=0 AND MODLAND_QA(bits0-1)=0 AND VI range -2000..10000,MOD13Q1 V061 Terra 250m 16-day
SO2102,Adan Yabaal,SO21,Middle Shabelle,2021-08-29,0.21166437768240343,0.21130000000000002,0.14377464745554874,0.13870000000000002,0.6900782737465623,3262,0.0924476412100698,0.010789083985614555,pixel_reliability=0 AND MODLAND_QA(bits0-1)=0 AND VI range -2000..10000,MOD13Q1 V061 Terra 250m 16-day
SO2102,Adan Yabaal,SO21,Middle Shabelle,2021-09-14,0.21064577373211965,0.20220000000000002,0.13481157347204162,0.1297,0.1626824624497567,769,0.22741696636344405,0.14068119314575842,pixel_reliability=0 AND MODLAND_QA(bits0-1)=0 AND VI range -2000..10000,MOD13Q1 V061 Terra 250m 16-day
SO2102,Adan Yabaal,SO21,Middle Shabelle,2021-09-30,0.2167139689578714,0.20965,0.1371559866962306,0.13125,0.1908187010789084,902,0.178337211762217,0.2729003596361328,pixel_reliability=0 AND MODLAND_QA(bits0-1)=0 AND VI range -2000..10000,MOD13Q1 V061 Terra 250m 16-day
SO2102,Adan Yabaal,SO21,Middle Shabelle,2021-10-16,0.3309205797101449,0.3416,0.2484631884057971,0.2547,0.1459699598053734,690,0.3964459488047387,0.0916014385445314,pixel_reliability=0 AND MODLAND_QA(bits0-1)=0 AND VI range -2000..10000,MOD13Q1 V061 Terra 250m 16-day
SO2102,Adan Yabaal,SO21,Middle Shabelle,2021-11-01,0.3242435540069686,0.3221,0.2291557491289198,0.2169,0.0607150412523799,287,0.4984133700021155,0.0793314998942246,pixel_reliability=0 AND MODLAND_QA(bits0-1)=0 AND VI range -2000..10000,MOD13Q1 V061 Terra 250m 16-day
SO2102,Adan Yabaal,SO21,Middle Shabelle,2021-11-17,0.350680406779661,0.33265,0.2294015593220339,0.2122,0.6240744658345674,2950,0.175163951766448,0.0162894013116141,pixel_reliability=0 AND MODLAND_QA(bits0-1)=0 AND VI range -2000..10000,MOD13Q1 V061 Terra 250m 16-day
SO2102,Adan Yabaal,SO21,Middle Shabelle,2021-12-03,0.2979096025011165,0.2862,0.1906050468959357,0.1839,0.4736619420351174,2239,0.2737465623016712,0.0114237359847683,pixel_reliability=0 AND MODLAND_QA(bits0-1)=0 AND VI range -2000..10000,MOD13Q1 V061 Terra 250m 16-day
SO2102,Adan Yabaal,SO21,Middle Shabelle,2021-12-19,0.2538446946946947,0.2514,0.1676225475475475,0.165,0.845356462872858,3996,0.0112121853183837,0.0133276919822297,pixel_reliability=0 AND MODLAND_QA(bits0-1)=0 AND VI range -2000..10000,MOD13Q1 V061 Terra 250m 16-day
SO2103,Balcad,SO21,Middle Shabelle,2021-01-01,0.4127296441774492,0.40805,0.27492109519408503,0.2807,0.8685530804736102,4328,0.024282560706401765,0.015653220951234198,pixel_reliability=0 AND MODLAND_QA(bits0-1)=0 AND VI range -2000..10000,MOD13Q1 V061 Terra 250m 16-day
SO2103,Balcad,SO21,Middle Shabelle,2021-01-17,0.3728106053026513,0.3633,0.2430042271135567,0.24445,0.8023279149106963,3998,0.0268914308649408,0.0238811960666265,pixel_reliability=0 AND MODLAND_QA(bits0-1)=0 AND VI range -2000..10000,MOD13Q1 V061 Terra 250m 16-day
SO2103,Balcad,SO21,Middle Shabelle,2021-02-02,0.3307873735050598,0.32465,0.2159638684452622,0.21535,0.8725667268713626,4348,0.0329119004615693,0.0154525386313465,pixel_reliability=0 AND MODLAND_QA(bits0-1)=0 AND VI range -2000..10000,MOD13Q1 V061 Terra 250m 16-day
SO2103,Balcad,SO21,Middle Shabelle,2021-02-18,0.3038479076149097,0.2923,0.1983627944203064,0.196,0.877583784868553,4373,0.0280955247842665,0.0180614087898856,pixel_reliability=0 AND MODLAND_QA(bits0-1)=0 AND VI range -2000..10000,MOD13Q1 V061 Terra 250m 16-day
SO2103,Balcad,SO21,Middle Shabelle,2021-03-06,0.2992980310880829,0.2907,0.1930344732297063,0.1938,0.5809753160746538,2895,0.1848284166164961,0.0176600441501103,pixel_reliability=0 AND MODLAND_QA(bits0-1)=0 AND VI range -2000..10000,MOD13Q1 V061 Terra 250m 16-day
SO2103,Balcad,SO21,Middle Shabelle,2021-03-22,0.2748971693735499,0.263,0.1942880278422273,0.18985,0.8649407987156331,4310,0.0321091711820188,0.0126429861529199,pixel_reliability=0 AND MODLAND_QA(bits0-1)=0 AND VI range -2000..10000,MOD13Q1 V061 Terra 250m 16-day
SO2103,Balcad,SO21,Middle Shabelle,2021-04-07,0.2833303244837758,0.2702,0.193084424778761,0.1895,0.3401565322095123,1695,0.1420830824804334,0.0917118201886413,pixel_reliability=0 AND MODLAND_QA(bits0-1)=0 AND VI range -2000..10000,MOD13Q1 V061 Terra 250m 16-day
SO2103,Balcad,SO21,Middle Shabelle,2021-04-23,0.2485809782608695,0.2162,0.1854244565217391,0.1622,0.0369255468593216,184,0.2707204495283965,0.3925346177001806,pixel_reliability=0 AND MODLAND_QA(bits0-1)=0 AND VI range -2000..10000,MOD13Q1 V061 Terra 250m 16-day
SO2103,Balcad,SO21,Middle Shabelle,2021-05-09,0.3019806878306878,0.3171,0.2290150793650793,0.23195,0.0758579169175195,378,0.282560706401766,0.3499899658840056,pixel_reliability=0 AND MODLAND_QA(bits0-1)=0 AND VI range -2000..10000,MOD13Q1 V061 Terra 250m 16-day
SO2103,Balcad,SO21,Middle Shabelle,2021-05-25,0.3282947368421053,0.2882,0.2566947368421052,0.2339,0.0266907485450531,133,0.4633754766205097,0.2034918723660445,pixel_reliability=0 AND MODLAND_QA(bits0-1)=0 AND VI range -2000..10000,MOD13Q1 V061 Terra 250m 16-day
SO2103,Balcad,SO21,Middle Shabelle,2021-06-10,0.3570179487179487,0.3428,0.2558119933829611,0.2531,0.24262492474413,1209,0.2942002809552478,0.0583985550872968,pixel_reliability=0 AND MODLAND_QA(bits0-1)=0 AND VI range -2000..10000,MOD13Q1 V061 Terra 250m 16-day
SO2103,Balcad,SO21,Middle Shabelle,2021-06-26,0.3856407374890255,0.36925,0.2453131694468832,0.2375,0.4571543247039936,2278,0.1774031707806542,0.0844872566726871,pixel_reliability=0 AND MODLAND_QA(bits0-1)=0 AND VI range -2000..10000,MOD13Q1 V061 Terra 250m 16-day
SO2103,Balcad,SO21,Middle Shabelle,2021-07-12,0.2402608695652174,0.2415,0.1995043478260869,0.2028,0.0046156933574152,23,0.0754565522777443,0.8119606662653021,pixel_reliability=0 AND MODLAND_QA(bits0-1)=0 AND VI range -2000..10000,MOD13Q1 V061 Terra 250m 16-day
SO2103,Balcad,SO21,Middle Shabelle,2021-07-28,0.326325,0.29345,0.230325,0.2223,0.0040136463977523,20,0.2105157535621112,0.5879991972707205,pixel_reliability=0 AND MODLAND_QA(bits0-1)=0 AND VI range -2000..10000,MOD13Q1 V061 Terra 250m 16-day
SO2103,Balcad,SO21,Middle Shabelle,2021-08-13,0.2186818181818182,0.209,0.1869939393939393,0.1928,0.0066225165562913,33,0.1844270519767208,0.5524784266506121,pixel_reliability=0 AND MODLAND_QA(bits0-1)=0 AND VI range -2000..10000,MOD13Q1 V061 Terra 250m 16-day
SO2103,Balcad,SO21,Middle Shabelle,2021-08-29,0.2893777219430486,0.30210000000000004,0.22289899497487436,0.2212,0.11980734497290789,597,0.47260686333534013,0.109773228978527,pixel_reliability=0 AND MODLAND_QA(bits0-1)=0 AND VI range -2000..10000,MOD13Q1 V061 Terra 250m 16-day
SO2103,Balcad,SO21,Middle Shabelle,2021-09-14,0.28307610619469026,0.2836,0.22065044247787613,0.222,0.045354204294601644,226,0.32450331125827814,0.2817579771222155,pixel_reliability=0 AND MODLAND_QA(bits0-1)=0 AND VI range -2000..10000,MOD13Q1 V061 Terra 250m 16-day
SO2103,Balcad,SO21,Middle Shabelle,2021-09-30,0.3028583333333333,0.28695,0.2050025,0.2029,0.0240818783865141,120,0.3263094521372667,0.3186835239815372,pixel_reliability=0 AND MODLAND_QA(bits0-1)=0 AND VI range -2000..10000,MOD13Q1 V061 Terra 250m 16-day
SO2103,Balcad,SO21,Middle Shabelle,2021-10-16,0.4325383928571428,0.39545,0.2931763392857143,0.2826,0.0449528396548264,224,0.3347381095725467,0.3120610074252458,pixel_reliability=0 AND MODLAND_QA(bits0-1)=0 AND VI range -2000..10000,MOD13Q1 V061 Terra 250m 16-day
SO2103,Balcad,SO21,Middle Shabelle,2021-11-01,0.2595743902439024,0.187,0.1972384146341463,0.1651,0.0329119004615693,164,0.3664459161147902,0.3194862532610877,pixel_reliability=0 AND MODLAND_QA(bits0-1)=0 AND VI range -2000..10000,MOD13Q1 V061 Terra 250m 16-day
SO2103,Balcad,SO21,Middle Shabelle,2021-11-17,0.3858369782214156,0.35935,0.2777466424682396,0.26185,0.4423038330323098,2204,0.1493076459963877,0.0640176600441501,pixel_reliability=0 AND MODLAND_QA(bits0-1)=0 AND VI range -2000..10000,MOD13Q1 V061 Terra 250m 16-day
SO2103,Balcad,SO21,Middle Shabelle,2021-12-03,0.4265554207119741,0.43455,0.2597534789644012,0.2531,0.2480433473810957,1236,0.3285169576560305,0.0941200080272928,pixel_reliability=0 AND MODLAND_QA(bits0-1)=0 AND VI range -2000..10000,MOD13Q1 V061 Terra 250m 16-day
SO2103,Balcad,SO21,Middle Shabelle,2021-12-19,0.348335119047619,0.3252,0.2333152678571428,0.2248,0.6742925948223961,3360,0.0419426048565121,0.1356612482440297,pixel_reliability=0 AND MODLAND_QA(bits0-1)=0 AND VI range -2000..10000,MOD13Q1 V061 Terra 250m 16-day
SO2104,Cadale,SO21,Middle Shabelle,2021-01-01,0.38551795548227535,0.4156,0.26223614179719706,0.2742,0.8717838148627282,6065,0.0343538881701883,0.01581141296535863,pixel_reliability=0 AND MODLAND_QA(bits0-1)=0 AND VI range -2000..10000,MOD13Q1 V061 Terra 250m 16-day
SO2104,Cadale,SO21,Middle Shabelle,2021-01-17,0.3230346986541837,0.35115,0.2108649210064365,0.2185,0.4913037228690528,3418,0.0270231421589765,0.0168175937904269,pixel_reliability=0 AND MODLAND_QA(bits0-1)=0 AND VI range -2000..10000,MOD13Q1 V061 Terra 250m 16-day
SO2104,Cadale,SO21,Middle Shabelle,2021-02-02,0.3081228405046911,0.3298,0.1964709479132966,0.2009,0.8886014086531551,6182,0.0273106223947103,0.022135978151502,pixel_reliability=0 AND MODLAND_QA(bits0-1)=0 AND VI range -2000..10000,MOD13Q1 V061 Terra 250m 16-day
SO2104,Cadale,SO21,Middle Shabelle,2021-02-18,0.2906882006726458,0.306,0.1844256165919282,0.1877,0.5128647405490873,3568,0.2629006755785539,0.0159551530832255,pixel_reliability=0 AND MODLAND_QA(bits0-1)=0 AND VI range -2000..10000,MOD13Q1 V061 Terra 250m 16-day
SO2104,Cadale,SO21,Middle Shabelle,2021-03-06,0.2691822264389626,0.2834,0.1852120177103099,0.1873,0.6817593790426908,4743,0.0671266350438407,0.0201236165013655,pixel_reliability=0 AND MODLAND_QA(bits0-1)=0 AND VI range -2000..10000,MOD13Q1 V061 Terra 250m 16-day
SO2104,Cadale,SO21,Middle Shabelle,2021-03-22,0.2725720430107527,0.2852,0.1879248271889401,0.1901,0.7485985338507978,5208,0.0306166451056489,0.0142302716688227,pixel_reliability=0 AND MODLAND_QA(bits0-1)=0 AND VI range -2000..10000,MOD13Q1 V061 Terra 250m 16-day
SO2104,Cadale,SO21,Middle Shabelle,2021-04-07,0.2765388153310105,0.2884,0.1799524041811847,0.183,0.2062670691389967,1435,0.3669685209141871,0.0633893919793014,pixel_reliability=0 AND MODLAND_QA(bits0-1)=0 AND VI range -2000..10000,MOD13Q1 V061 Terra 250m 16-day
SO2104,Cadale,SO21,Middle Shabelle,2021-04-23,0.2899712765957447,0.3351,0.2033062310030395,0.2174,0.094580997556418,658,0.2524076469742705,0.2802932298404484,pixel_reliability=0 AND MODLAND_QA(bits0-1)=0 AND VI range -2000..10000,MOD13Q1 V061 Terra 250m 16-day
SO2104,Cadale,SO21,Middle Shabelle,2021-05-09,0.4207663619744058,0.46865,0.2830473491773309,0.3036,0.1572516889463849,1094,0.3619376167888458,0.102917924392698,pixel_reliability=0 AND MODLAND_QA(bits0-1)=0 AND VI range -2000..10000,MOD13Q1 V061 Terra 250m 16-day
SO2104,Cadale,SO21,Middle Shabelle,2021-05-25,0.2430686498855835,0.2117,0.2028196796338673,0.1879,0.0628144315078338,437,0.5768290929998563,0.0879689521345407,pixel_reliability=0 AND MODLAND_QA(bits0-1)=0 AND VI range -2000..10000,MOD13Q1 V061 Terra 250m 16-day
SO2104,Cadale,SO21,Middle Shabelle,2021-06-10,0.2959732311621967,0.2963,0.2155261302681992,0.2089,0.5627425614489003,3915,0.1236165013655311,0.0228546787408365,pixel_reliability=0 AND MODLAND_QA(bits0-1)=0 AND VI range -2000..10000,MOD13Q1 V061 Terra 250m 16-day
SO2104,Cadale,SO21,Middle Shabelle,2021-06-26,0.3188026475037822,0.3391,0.2057665279878971,0.2105,0.3800488716400747,2644,0.2048296679603277,0.1036366249820324,pixel_reliability=0 AND MODLAND_QA(bits0-1)=0 AND VI range -2000..10000,MOD13Q1 V061 Terra 250m 16-day
SO2104,Cadale,SO21,Middle Shabelle,2021-07-12,0.1905728155339806,0.1869,0.1550097087378641,0.1545,0.0148052321402903,103,0.1147046140577835,0.6931148483541757,pixel_reliability=0 AND MODLAND_QA(bits0-1)=0 AND VI range -2000..10000,MOD13Q1 V061 Terra 250m 16-day
SO2104,Cadale,SO21,Middle Shabelle,2021-07-28,0.2539721461187215,0.248,0.1692680365296804,0.1653,0.0314790858128503,219,0.3873796176512865,0.2541325283886733,pixel_reliability=0 AND MODLAND_QA(bits0-1)=0 AND VI range -2000..10000,MOD13Q1 V061 Terra 250m 16-day
SO2104,Cadale,SO21,Middle Shabelle,2021-08-13,0.2216036563071298,0.21705,0.1478504570383912,0.1447,0.1572516889463849,1094,0.3524507690096305,0.1398591346844904,pixel_reliability=0 AND MODLAND_QA(bits0-1)=0 AND VI range -2000..10000,MOD13Q1 V061 Terra 250m 16-day
SO2104,Cadale,SO21,Middle Shabelle,2021-08-29,0.2301588410104012,0.2442,0.15713361812778603,0.1589,0.38694839729768576,2692,0.24550812131665947,0.048727899956877964,pixel_reliability=0 AND MODLAND_QA(bits0-1)=0 AND VI range -2000..10000,MOD13Q1 V061 Terra 250m 16-day
SO2104,Cadale,SO21,Middle Shabelle,2021-09-14,0.23839102564102566,0.22915000000000002,0.16788333333333336,0.16255,0.06727037516170763,468,0.30688515164582436,0.2828805519620526,pixel_reliability=0 AND MODLAND_QA(bits0-1)=0 AND VI range -2000..10000,MOD13Q1 V061 Terra 250m 16-day
SO2104,Cadale,SO21,Middle Shabelle,2021-09-30,0.3050677842565598,0.33085,0.1911551020408163,0.195,0.0986057208566911,686,0.2123041540894063,0.3971539456662354,pixel_reliability=0 AND MODLAND_QA(bits0-1)=0 AND VI range -2000..10000,MOD13Q1 V061 Terra 250m 16-day
SO2104,Cadale,SO21,Middle Shabelle,2021-10-16,0.2518220338983051,0.1897,0.2005779661016949,0.1707,0.1272100043122035,885,0.3600689952565761,0.166882276843467,pixel_reliability=0 AND MODLAND_QA(bits0-1)=0 AND VI range -2000..10000,MOD13Q1 V061 Terra 250m 16-day
SO2104,Cadale,SO21,Middle Shabelle,2021-11-01,0.2032728723404255,0.15645,0.169695744680851,0.14235,0.0540462843179531,376,0.3809113123472761,0.1976426620669829,pixel_reliability=0 AND MODLAND_QA(bits0-1)=0 AND VI range -2000..10000,MOD13Q1 V061 Terra 250m 16-day
SO2104,Cadale,SO21,Middle Shabelle,2021-11-17,0.4119922357019064,0.4138,0.2819978162911612,0.2809,0.4146902400459968,2885,0.1983613626563173,0.0490153801926117,pixel_reliability=0 AND MODLAND_QA(bits0-1)=0 AND VI range -2000..10000,MOD13Q1 V061 Terra 250m 16-day
SO2104,Cadale,SO21,Middle Shabelle,2021-12-03,0.3273254426481909,0.3439,0.2179005388760585,0.2187,0.3734368262181975,2598,0.276699726893776,0.0228546787408365,pixel_reliability=0 AND MODLAND_QA(bits0-1)=0 AND VI range -2000..10000,MOD13Q1 V061 Terra 250m 16-day
SO2104,Cadale,SO21,Middle Shabelle,2021-12-19,0.2797346695557963,0.2922,0.1902164319248826,0.1933,0.7960327727468737,5538,0.030472904987782,0.0188299554405634,pixel_reliability=0 AND MODLAND_QA(bits0-1)=0 AND VI range -2000..10000,MOD13Q1 V061 Terra 250m 16-day
SO2201,Bondhere,SO22,Banadir,2021-01-01,,,,,0.0,0,0.2857142857142857,0.0,pixel_reliability=0 AND MODLAND_QA(bits0-1)=0 AND VI range -2000..10000,MOD13Q1 V061 Terra 250m 16-day
SO2201,Bondhere,SO22,Banadir,2021-01-17,,,,,0.0,0,0.4285714285714285,0.2857142857142857,pixel_reliability=0 AND MODLAND_QA(bits0-1)=0 AND VI range -2000..10000,MOD13Q1 V061 Terra 250m 16-day
SO2201,Bondhere,SO22,Banadir,2021-02-02,,,,,0.0,0,0.5714285714285714,0.0,pixel_reliability=0 AND MODLAND_QA(bits0-1)=0 AND VI range -2000..10000,MOD13Q1 V061 Terra 250m 16-day
SO2201,Bondhere,SO22,Banadir,2021-02-18,0.16585,0.16585,0.10225,0.10225,0.2857142857142857,2,0.4285714285714285,0.0,pixel_reliability=0 AND MODLAND_QA(bits0-1)=0 AND VI range -2000..10000,MOD13Q1 V061 Terra 250m 16-day
SO2201,Bondhere,SO22,Banadir,2021-03-06,,,,,0.0,0,0.5714285714285714,0.0,pixel_reliability=0 AND MODLAND_QA(bits0-1)=0 AND VI range -2000..10000,MOD13Q1 V061 Terra 250m 16-day
SO2201,Bondhere,SO22,Banadir,2021-03-22,0.1616,0.1616,0.1224,0.1224,0.1428571428571428,1,0.4285714285714285,0.0,pixel_reliability=0 AND MODLAND_QA(bits0-1)=0 AND VI range -2000..10000,MOD13Q1 V061 Terra 250m 16-day
SO2201,Bondhere,SO22,Banadir,2021-04-07,,,,,0.0,0,0.2857142857142857,0.4285714285714285,pixel_reliability=0 AND MODLAND_QA(bits0-1)=0 AND VI range -2000..10000,MOD13Q1 V061 Terra 250m 16-day
SO2201,Bondhere,SO22,Banadir,2021-04-23,,,,,0.0,0,0.0,0.5714285714285714,pixel_reliability=0 AND MODLAND_QA(bits0-1)=0 AND VI range -2000..10000,MOD13Q1 V061 Terra 250m 16-day
SO2201,Bondhere,SO22,Banadir,2021-05-09,,,,,0.0,0,0.0,0.8571428571428571,pixel_reliability=0 AND MODLAND_QA(bits0-1)=0 AND VI range -2000..10000,MOD13Q1 V061 Terra 250m 16-day
SO2201,Bondhere,SO22,Banadir,2021-05-25,,,,,0.0,0,0.1428571428571428,0.2857142857142857,pixel_reliability=0 AND MODLAND_QA(bits0-1)=0 AND VI range -2000..10000,MOD13Q1 V061 Terra 250m 16-day
SO2201,Bondhere,SO22,Banadir,2021-06-10,,,,,0.0,0,0.0,0.8571428571428571,pixel_reliability=0 AND MODLAND_QA(bits0-1)=0 AND VI range -2000..10000,MOD13Q1 V061 Terra 250m 16-day
SO2201,Bondhere,SO22,Banadir,2021-06-26,,,,,0.0,0,0.2857142857142857,0.2857142857142857,pixel_reliability=0 AND MODLAND_QA(bits0-1)=0 AND VI range -2000..10000,MOD13Q1 V061 Terra 250m 16-day
SO2201,Bondhere,SO22,Banadir,2021-07-12,,,,,0.0,0,0.0,1.0,pixel_reliability=0 AND MODLAND_QA(bits0-1)=0 AND VI range -2000..10000,MOD13Q1 V061 Terra 250m 16-day
SO2201,Bondhere,SO22,Banadir,2021-07-28,,,,,0.0,0,0.0,1.0,pixel_reliability=0 AND MODLAND_QA(bits0-1)=0 AND VI range -2000..10000,MOD13Q1 V061 Terra 250m 16-day
SO2201,Bondhere,SO22,Banadir,2021-08-13,,,,,0.0,0,0.0,0.8571428571428571,pixel_reliability=0 AND MODLAND_QA(bits0-1)=0 AND VI range -2000..10000,MOD13Q1 V061 Terra 250m 16-day
SO2201,Bondhere,SO22,Banadir,2021-08-29,,,,,0.0,0,0.0,0.5714285714285714,pixel_reliability=0 AND MODLAND_QA(bits0-1)=0 AND VI range -2000..10000,MOD13Q1 V061 Terra 250m 16-day
SO2201,Bondhere,SO22,Banadir,2021-09-14,,,,,0.0,0,0.42857142857142855,0.0,pixel_reliability=0 AND MODLAND_QA(bits0-1)=0 AND VI range -2000..10000,MOD13Q1 V061 Terra 250m 16-day
SO2201,Bondhere,SO22,Banadir,2021-09-30,,,,,0.0,0,0.2857142857142857,0.5714285714285714,pixel_reliability=0 AND MODLAND_QA(bits0-1)=0 AND VI range -2000..10000,MOD13Q1 V061 Terra 250m 16-day
SO2201,Bondhere,SO22,Banadir,2021-10-16,,,,,0.0,0,0.0,0.7142857142857143,pixel_reliability=0 AND MODLAND_QA(bits0-1)=0 AND VI range -2000..10000,MOD13Q1 V061 Terra 250m 16-day
SO2201,Bondhere,SO22,Banadir,2021-11-01,,,,,0.0,0,0.1428571428571428,0.7142857142857143,pixel_reliability=0 AND MODLAND_QA(bits0-1)=0 AND VI range -2000..10000,MOD13Q1 V061 Terra 250m 16-day
SO2201,Bondhere,SO22,Banadir,2021-11-17,,,,,0.0,0,0.1428571428571428,0.5714285714285714,pixel_reliability=0 AND MODLAND_QA(bits0-1)=0 AND VI range -2000..10000,MOD13Q1 V061 Terra 250m 16-day
SO2201,Bondhere,SO22,Banadir,2021-12-03,,,,,0.0,0,0.0,1.0,pixel_reliability=0 AND MODLAND_QA(bits0-1)=0 AND VI range -2000..10000,MOD13Q1 V061 Terra 250m 16-day
SO2201,Bondhere,SO22,Banadir,2021-12-19,0.2225,0.2225,0.1465,0.1465,0.1428571428571428,1,0.5714285714285714,0.1428571428571428,pixel_reliability=0 AND MODLAND_QA(bits0-1)=0 AND VI range -2000..10000,MOD13Q1 V061 Terra 250m 16-day
SO2202,Cabdulasis,SO22,Banadir,2021-01-01,,,,,0.0,0,0.0,1.0,pixel_reliability=0 AND MODLAND_QA(bits0-1)=0 AND VI range -2000..10000,MOD13Q1 V061 Terra 250m 16-day
SO2202,Cabdulasis,SO22,Banadir,2021-01-17,,,,,0.0,0,0.0,1.0,pixel_reliability=0 AND MODLAND_QA(bits0-1)=0 AND VI range -2000..10000,MOD13Q1 V061 Terra 250m 16-day
SO2202,Cabdulasis,SO22,Banadir,2021-02-02,,,,,0.0,0,0.0,1.0,pixel_reliability=0 AND MODLAND_QA(bits0-1)=0 AND VI range -2000..10000,MOD13Q1 V061 Terra 250m 16-day
SO2202,Cabdulasis,SO22,Banadir,2021-02-18,,,,,0.0,0,0.0,1.0,pixel_reliability=0 AND MODLAND_QA(bits0-1)=0 AND VI range -2000..10000,MOD13Q1 V061 Terra 250m 16-day
SO2202,Cabdulasis,SO22,Banadir,2021-03-06,,,,,0.0,0,1.0,0.0,pixel_reliability=0 AND MODLAND_QA(bits0-1)=0 AND VI range -2000..10000,MOD13Q1 V061 Terra 250m 16-day
SO2202,Cabdulasis,SO22,Banadir,2021-03-22,,,,,0.0,0,1.0,0.0,pixel_reliability=0 AND MODLAND_QA(bits0-1)=0 AND VI range -2000..10000,MOD13Q1 V061 Terra 250m 16-day
SO2202,Cabdulasis,SO22,Banadir,2021-04-07,,,,,0.0,0,0.0,0.0,pixel_reliability=0 AND MODLAND_QA(bits0-1)=0 AND VI range -2000..10000,MOD13Q1 V061 Terra 250m 16-day
SO2202,Cabdulasis,SO22,Banadir,2021-04-23,,,,,0.0,0,0.0,1.0,pixel_reliability=0 AND MODLAND_QA(bits0-1)=0 AND VI range -2000..10000,MOD13Q1 V061 Terra 250m 16-day
SO2202,Cabdulasis,SO22,Banadir,2021-05-09,,,,,0.0,0,0.0,1.0,pixel_reliability=0 AND MODLAND_QA(bits0-1)=0 AND VI range -2000..10000,MOD13Q1 V061 Terra 250m 16-day
SO2202,Cabdulasis,SO22,Banadir,2021-05-25,,,,,0.0,0,0.0,0.0,pixel_reliability=0 AND MODLAND_QA(bits0-1)=0 AND VI range -2000..10000,MOD13Q1 V061 Terra 250m 16-day
SO2202,Cabdulasis,SO22,Banadir,2021-06-10,,,,,0.0,0,0.0,1.0,pixel_reliability=0 AND MODLAND_QA(bits0-1)=0 AND VI range -2000..10000,MOD13Q1 V061 Terra 250m 16-day
SO2202,Cabdulasis,SO22,Banadir,2021-06-26,,,,,0.0,0,0.0,1.0,pixel_reliability=0 AND MODLAND_QA(bits0-1)=0 AND VI range -2000..10000,MOD13Q1 V061 Terra 250m 16-day
SO2202,Cabdulasis,SO22,Banadir,2021-07-12,,,,,0.0,0,0.0,1.0,pixel_reliability=0 AND MODLAND_QA(bits0-1)=0 AND VI range -2000..10000,MOD13Q1 V061 Terra 250m 16-day
SO2202,Cabdulasis,SO22,Banadir,2021-07-28,,,,,0.0,0,0.0,1.0,pixel_reliability=0 AND MODLAND_QA(bits0-1)=0 AND VI range -2000..10000,MOD13Q1 V061 Terra 250m 16-day
SO2202,Cabdulasis,SO22,Banadir,2021-08-13,,,,,0.0,0,0.0,0.0,pixel_reliability=0 AND MODLAND_QA(bits0-1)=0 AND VI range -2000..10000,MOD13Q1 V061 Terra 250m 16-day
SO2202,Cabdulasis,SO22,Banadir,2021-08-29,,,,,0.0,0,0.0,0.0,pixel_reliability=0 AND MODLAND_QA(bits0-1)=0 AND VI range -2000..10000,MOD13Q1 V061 Terra 250m 16-day
SO2202,Cabdulasis,SO22,Banadir,2021-09-14,,,,,0.0,0,0.0,1.0,pixel_reliability=0 AND MODLAND_QA(bits0-1)=0 AND VI range -2000..10000,MOD13Q1 V061 Terra 250m 16-day
SO2202,Cabdulasis,SO22,Banadir,2021-09-30,,,,,0.0,0,0.0,1.0,pixel_reliability=0 AND MODLAND_QA(bits0-1)=0 AND VI range -2000..10000,MOD13Q1 V061 Terra 250m 16-day
SO2202,Cabdulasis,SO22,Banadir,2021-10-16,,,,,0.0,0,0.0,1.0,pixel_reliability=0 AND MODLAND_QA(bits0-1)=0 AND VI range -2000..10000,MOD13Q1 V061 Terra 250m 16-day
SO2202,Cabdulasis,SO22,Banadir,2021-11-01,,,,,0.0,0,0.0,1.0,pixel_reliability=0 AND MODLAND_QA(bits0-1)=0 AND VI range -2000..10000,MOD13Q1 V061 Terra 250m 16-day
SO2202,Cabdulasis,SO22,Banadir,2021-11-17,,,,,0.0,0,0.0,1.0,pixel_reliability=0 AND MODLAND_QA(bits0-1)=0 AND VI range -2000..10000,MOD13Q1 V061 Terra 250m 16-day
SO2202,Cabdulasis,SO22,Banadir,2021-12-03,,,,,0.0,0,0.0,1.0,pixel_reliability=0 AND MODLAND_QA(bits0-1)=0 AND VI range -2000..10000,MOD13Q1 V061 Terra 250m 16-day
SO2202,Cabdulasis,SO22,Banadir,2021-12-19,,,,,0.0,0,0.0,1.0,pixel_reliability=0 AND MODLAND_QA(bits0-1)=0 AND VI range -2000..10000,MOD13Q1 V061 Terra 250m 16-day
SO2203,Daynile,SO22,Banadir,2021-01-01,0.26780000000000004,0.2778,0.19530666666666666,0.20270000000000002,0.45454545454545453,15,0.15151515151515152,0.0,pixel_reliability=0 AND MODLAND_QA(bits0-1)=0 AND VI range -2000..10000,MOD13Q1 V061 Terra 250m 16-day
SO2203,Daynile,SO22,Banadir,2021-01-17,0.23895,0.2447,0.1734,0.176,0.303030303030303,10,0.3636363636363636,0.0,pixel_reliability=0 AND MODLAND_QA(bits0-1)=0 AND VI range -2000..10000,MOD13Q1 V061 Terra 250m 16-day
SO2203,Daynile,SO22,Banadir,2021-02-02,0.212725,0.2165,0.1573125,0.16135,0.2424242424242424,8,0.2727272727272727,0.0,pixel_reliability=0 AND MODLAND_QA(bits0-1)=0 AND VI range -2000..10000,MOD13Q1 V061 Terra 250m 16-day
SO2203,Daynile,SO22,Banadir,2021-02-18,0.20105,0.20305,0.1482833333333333,0.1525,0.3636363636363636,12,0.1818181818181818,0.0,pixel_reliability=0 AND MODLAND_QA(bits0-1)=0 AND VI range -2000..10000,MOD13Q1 V061 Terra 250m 16-day
SO2203,Daynile,SO22,Banadir,2021-03-06,0.2032666666666667,0.2086,0.1491,0.1504,0.0909090909090909,3,0.5454545454545454,0.0,pixel_reliability=0 AND MODLAND_QA(bits0-1)=0 AND VI range -2000..10000,MOD13Q1 V061 Terra 250m 16-day
SO2203,Daynile,SO22,Banadir,2021-03-22,0.2092642857142857,0.20845,0.15595,0.15685,0.4242424242424242,14,0.2121212121212121,0.0,pixel_reliability=0 AND MODLAND_QA(bits0-1)=0 AND VI range -2000..10000,MOD13Q1 V061 Terra 250m 16-day
SO2203,Daynile,SO22,Banadir,2021-04-07,0.20975,0.21055,0.15844,0.1598,0.303030303030303,10,0.2727272727272727,0.0,pixel_reliability=0 AND MODLAND_QA(bits0-1)=0 AND VI range -2000..10000,MOD13Q1 V061 Terra 250m 16-day
SO2203,Daynile,SO22,Banadir,2021-04-23,,,,,0.0,0,0.0,0.9393939393939394,pixel_reliability=0 AND MODLAND_QA(bits0-1)=0 AND VI range -2000..10000,MOD13Q1 V061 Terra 250m 16-day
SO2203,Daynile,SO22,Banadir,2021-05-09,,,,,0.0,0,0.0,1.0,pixel_reliability=0 AND MODLAND_QA(bits0-1)=0 AND VI range -2000..10000,MOD13Q1 V061 Terra 250m 16-day
SO2203,Daynile,SO22,Banadir,2021-05-25,,,,,0.0,0,0.0,0.9090909090909092,pixel_reliability=0 AND MODLAND_QA(bits0-1)=0 AND VI range -2000..10000,MOD13Q1 V061 Terra 250m 16-day
SO2203,Daynile,SO22,Banadir,2021-06-10,0.2585363636363636,0.2616,0.1977545454545454,0.1998,0.3333333333333333,11,0.2424242424242424,0.0303030303030303,pixel_reliability=0 AND MODLAND_QA(bits0-1)=0 AND VI range -2000..10000,MOD13Q1 V061 Terra 250m 16-day
SO2203,Daynile,SO22,Banadir,2021-06-26,,,,,0.0,0,0.4242424242424242,0.2727272727272727,pixel_reliability=0 AND MODLAND_QA(bits0-1)=0 AND VI range -2000..10000,MOD13Q1 V061 Terra 250m 16-day
SO2203,Daynile,SO22,Banadir,2021-07-12,,,,,0.0,0,0.0,1.0,pixel_reliability=0 AND MODLAND_QA(bits0-1)=0 AND VI range -2000..10000,MOD13Q1 V061 Terra 250m 16-day
SO2203,Daynile,SO22,Banadir,2021-07-28,,,,,0.0,0,0.2121212121212121,0.5151515151515151,pixel_reliability=0 AND MODLAND_QA(bits0-1)=0 AND VI range -2000..10000,MOD13Q1 V061 Terra 250m 16-day
SO2203,Daynile,SO22,Banadir,2021-08-13,,,,,0.0,0,0.2727272727272727,0.6363636363636364,pixel_reliability=0 AND MODLAND_QA(bits0-1)=0 AND VI range -2000..10000,MOD13Q1 V061 Terra 250m 16-day
SO2203,Daynile,SO22,Banadir,2021-08-29,,,,,0.0,0,0.21212121212121213,0.45454545454545453,pixel_reliability=0 AND MODLAND_QA(bits0-1)=0 AND VI range -2000..10000,MOD13Q1 V061 Terra 250m 16-day
SO2203,Daynile,SO22,Banadir,2021-09-14,,,,,0.0,0,0.030303030303030304,0.6363636363636364,pixel_reliability=0 AND MODLAND_QA(bits0-1)=0 AND VI range -2000..10000,MOD13Q1 V061 Terra 250m 16-day
SO2203,Daynile,SO22,Banadir,2021-09-30,,,,,0.0,0,0.0303030303030303,0.8484848484848485,pixel_reliability=0 AND MODLAND_QA(bits0-1)=0 AND VI range -2000..10000,MOD13Q1 V061 Terra 250m 16-day
SO2203,Daynile,SO22,Banadir,2021-10-16,,,,,0.0,0,0.0303030303030303,0.6060606060606061,pixel_reliability=0 AND MODLAND_QA(bits0-1)=0 AND VI range -2000..10000,MOD13Q1 V061 Terra 250m 16-day
SO2203,Daynile,SO22,Banadir,2021-11-01,,,,,0.0,0,0.0,1.0,pixel_reliability=0 AND MODLAND_QA(bits0-1)=0 AND VI range -2000..10000,MOD13Q1 V061 Terra 250m 16-day
SO2203,Daynile,SO22,Banadir,2021-11-17,0.2268,0.2268,0.1742,0.1742,0.0303030303030303,1,0.1212121212121212,0.7878787878787878,pixel_reliability=0 AND MODLAND_QA(bits0-1)=0 AND VI range -2000..10000,MOD13Q1 V061 Terra 250m 16-day
SO2203,Daynile,SO22,Banadir,2021-12-03,,,,,0.0,0,0.3939393939393939,0.303030303030303,pixel_reliability=0 AND MODLAND_QA(bits0-1)=0 AND VI range -2000..10000,MOD13Q1 V061 Terra 250m 16-day
SO2203,Daynile,SO22,Banadir,2021-12-19,,,,,0.0,0,0.0303030303030303,0.8181818181818182,pixel_reliability=0 AND MODLAND_QA(bits0-1)=0 AND VI range -2000..10000,MOD13Q1 V061 Terra 250m 16-day
SO2204,Dharkenley,SO22,Banadir,2021-01-01,0.34840000000000004,0.34840000000000004,0.268,0.268,0.125,2,0.0625,0.0625,pixel_reliability=0 AND MODLAND_QA(bits0-1)=0 AND VI range -2000..10000,MOD13Q1 V061 Terra 250m 16-day
SO2204,Dharkenley,SO22,Banadir,2021-01-17,0.29225,0.29225,0.22485,0.22485,0.125,2,0.125,0.125,pixel_reliability=0 AND MODLAND_QA(bits0-1)=0 AND VI range -2000..10000,MOD13Q1 V061 Terra 250m 16-day
SO2204,Dharkenley,SO22,Banadir,2021-02-02,0.2607,0.2607,0.1816,0.1816,0.0625,1,0.5625,0.0,pixel_reliability=0 AND MODLAND_QA(bits0-1)=0 AND VI range -2000..10000,MOD13Q1 V061 Terra 250m 16-day
SO2204,Dharkenley,SO22,Banadir,2021-02-18,0.22665,0.22665,0.17085,0.17085,0.125,2,0.375,0.0,pixel_reliability=0 AND MODLAND_QA(bits0-1)=0 AND VI range -2000..10000,MOD13Q1 V061 Terra 250m 16-day
SO2204,Dharkenley,SO22,Banadir,2021-03-06,0.2234666666666666,0.2224,0.1666333333333333,0.1723,0.1875,3,0.375,0.0,pixel_reliability=0 AND MODLAND_QA(bits0-1)=0 AND VI range -2000..10000,MOD13Q1 V061 Terra 250m 16-day
SO2204,Dharkenley,SO22,Banadir,2021-03-22,0.245875,0.24785,0.16135,0.1874,0.25,4,0.1875,0.0,pixel_reliability=0 AND MODLAND_QA(bits0-1)=0 AND VI range -2000..10000,MOD13Q1 V061 Terra 250m 16-day
SO2204,Dharkenley,SO22,Banadir,2021-04-07,0.2532,0.2532,0.18995,0.18995,0.125,2,0.25,0.0625,pixel_reliability=0 AND MODLAND_QA(bits0-1)=0 AND VI range -2000..10000,MOD13Q1 V061 Terra 250m 16-day
SO2204,Dharkenley,SO22,Banadir,2021-04-23,0.5994,0.5994,0.321,0.321,0.0625,1,0.1875,0.4375,pixel_reliability=0 AND MODLAND_QA(bits0-1)=0 AND VI range -2000..10000,MOD13Q1 V061 Terra 250m 16-day
SO2204,Dharkenley,SO22,Banadir,2021-05-09,,,,,0.0,0,0.1875,0.75,pixel_reliability=0 AND MODLAND_QA(bits0-1)=0 AND VI range -2000..10000,MOD13Q1 V061 Terra 250m 16-day
SO2204,Dharkenley,SO22,Banadir,2021-05-25,,,,,0.0,0,0.0625,0.5,pixel_reliability=0 AND MODLAND_QA(bits0-1)=0 AND VI range -2000..10000,MOD13Q1 V061 Terra 250m 16-day
SO2204,Dharkenley,SO22,Banadir,2021-06-10,,,,,0.0,0,0.375,0.0625,pixel_reliability=0 AND MODLAND_QA(bits0-1)=0 AND VI range -2000..10000,MOD13Q1 V061 Terra 250m 16-day
SO2204,Dharkenley,SO22,Banadir,2021-06-26,,,,,0.0,0,0.375,0.125,pixel_reliability=0 AND MODLAND_QA(bits0-1)=0 AND VI range -2000..10000,MOD13Q1 V061 Terra 250m 16-day
SO2204,Dharkenley,SO22,Banadir,2021-07-12,,,,,0.0,0,0.125,0.6875,pixel_reliability=0 AND MODLAND_QA(bits0-1)=0 AND VI range -2000..10000,MOD13Q1 V061 Terra 250m 16-day
SO2204,Dharkenley,SO22,Banadir,2021-07-28,0.2971,0.2971,0.2322,0.2322,0.0625,1,0.1875,0.0625,pixel_reliability=0 AND MODLAND_QA(bits0-1)=0 AND VI range -2000..10000,MOD13Q1 V061 Terra 250m 16-day
SO2204,Dharkenley,SO22,Banadir,2021-08-13,,,,,0.0,0,0.0625,0.4375,pixel_reliability=0 AND MODLAND_QA(bits0-1)=0 AND VI range -2000..10000,MOD13Q1 V061 Terra 250m 16-day
SO2204,Dharkenley,SO22,Banadir,2021-08-29,0.38130000000000003,0.38130000000000003,0.2931,0.2931,0.0625,1,0.3125,0.0625,pixel_reliability=0 AND MODLAND_QA(bits0-1)=0 AND VI range -2000..10000,MOD13Q1 V061 Terra 250m 16-day
SO2204,Dharkenley,SO22,Banadir,2021-09-14,,,,,0.0,0,0.3125,0.5625,pixel_reliability=0 AND MODLAND_QA(bits0-1)=0 AND VI range -2000..10000,MOD13Q1 V061 Terra 250m 16-day
SO2204,Dharkenley,SO22,Banadir,2021-09-30,,,,,0.0,0,0.0625,0.5625,pixel_reliability=0 AND MODLAND_QA(bits0-1)=0 AND VI range -2000..10000,MOD13Q1 V061 Terra 250m 16-day
SO2204,Dharkenley,SO22,Banadir,2021-10-16,,,,,0.0,0,0.125,0.5625,pixel_reliability=0 AND MODLAND_QA(bits0-1)=0 AND VI range -2000..10000,MOD13Q1 V061 Terra 250m 16-day
SO2204,Dharkenley,SO22,Banadir,2021-11-01,,,,,0.0,0,0.375,0.1875,pixel_reliability=0 AND MODLAND_QA(bits0-1)=0 AND VI range -2000..10000,MOD13Q1 V061 Terra 250m 16-day
SO2204,Dharkenley,SO22,Banadir,2021-11-17,0.3281,0.3281,0.2407,0.2407,0.0625,1,0.0,0.5625,pixel_reliability=0 AND MODLAND_QA(bits0-1)=0 AND VI range -2000..10000,MOD13Q1 V061 Terra 250m 16-day
SO2204,Dharkenley,SO22,Banadir,2021-12-03,,,,,0.0,0,0.1875,0.4375,pixel_reliability=0 AND MODLAND_QA(bits0-1)=0 AND VI range -2000..10000,MOD13Q1 V061 Terra 250m 16-day
SO2204,Dharkenley,SO22,Banadir,2021-12-19,,,,,0.0,0,0.0625,0.75,pixel_reliability=0 AND MODLAND_QA(bits0-1)=0 AND VI range -2000..10000,MOD13Q1 V061 Terra 250m 16-day
SO2205,Hamar Jabjab,SO22,Banadir,2021-01-01,,,,,0.0,0,0.0,1.0,pixel_reliability=0 AND MODLAND_QA(bits0-1)=0 AND VI range -2000..10000,MOD13Q1 V061 Terra 250m 16-day
SO2205,Hamar Jabjab,SO22,Banadir,2021-01-17,,,,,0.0,0,0.0,0.0,pixel_reliability=0 AND MODLAND_QA(bits0-1)=0 AND VI range -2000..10000,MOD13Q1 V061 Terra 250m 16-day
SO2205,Hamar Jabjab,SO22,Banadir,2021-02-02,,,,,0.0,0,0.0,0.0,pixel_reliability=0 AND MODLAND_QA(bits0-1)=0 AND VI range -2000..10000,MOD13Q1 V061 Terra 250m 16-day
SO2205,Hamar Jabjab,SO22,Banadir,2021-02-18,,,,,0.0,0,0.0,1.0,pixel_reliability=0 AND MODLAND_QA(bits0-1)=0 AND VI range -2000..10000,MOD13Q1 V061 Terra 250m 16-day
SO2205,Hamar Jabjab,SO22,Banadir,2021-03-06,,,,,0.0,0,1.0,0.0,pixel_reliability=0 AND MODLAND_QA(bits0-1)=0 AND VI range -2000..10000,MOD13Q1 V061 Terra 250m 16-day
SO2205,Hamar Jabjab,SO22,Banadir,2021-03-22,,,,,0.0,0,0.0,0.0,pixel_reliability=0 AND MODLAND_QA(bits0-1)=0 AND VI range -2000..10000,MOD13Q1 V061 Terra 250m 16-day
SO2205,Hamar Jabjab,SO22,Banadir,2021-04-07,,,,,0.0,0,0.0,0.0,pixel_reliability=0 AND MODLAND_QA(bits0-1)=0 AND VI range -2000..10000,MOD13Q1 V061 Terra 250m 16-day
SO2205,Hamar Jabjab,SO22,Banadir,2021-04-23,,,,,0.0,0,0.0,1.0,pixel_reliability=0 AND MODLAND_QA(bits0-1)=0 AND VI range -2000..10000,MOD13Q1 V061 Terra 250m 16-day
SO2205,Hamar Jabjab,SO22,Banadir,2021-05-09,,,,,0.0,0,0.0,1.0,pixel_reliability=0 AND MODLAND_QA(bits0-1)=0 AND VI range -2000..10000,MOD13Q1 V061 Terra 250m 16-day
SO2205,Hamar Jabjab,SO22,Banadir,2021-05-25,,,,,0.0,0,0.0,1.0,pixel_reliability=0 AND MODLAND_QA(bits0-1)=0 AND VI range -2000..10000,MOD13Q1 V061 Terra 250m 16-day
SO2205,Hamar Jabjab,SO22,Banadir,2021-06-10,,,,,0.0,0,0.0,1.0,pixel_reliability=0 AND MODLAND_QA(bits0-1)=0 AND VI range -2000..10000,MOD13Q1 V061 Terra 250m 16-day
SO2205,Hamar Jabjab,SO22,Banadir,2021-06-26,,,,,0.0,0,1.0,0.0,pixel_reliability=0 AND MODLAND_QA(bits0-1)=0 AND VI range -2000..10000,MOD13Q1 V061 Terra 250m 16-day
SO2205,Hamar Jabjab,SO22,Banadir,2021-07-12,,,,,0.0,0,0.0,1.0,pixel_reliability=0 AND MODLAND_QA(bits0-1)=0 AND VI range -2000..10000,MOD13Q1 V061 Terra 250m 16-day
SO2205,Hamar Jabjab,SO22,Banadir,2021-07-28,,,,,0.0,0,0.0,1.0,pixel_reliability=0 AND MODLAND_QA(bits0-1)=0 AND VI range -2000..10000,MOD13Q1 V061 Terra 250m 16-day
SO2205,Hamar Jabjab,SO22,Banadir,2021-08-13,,,,,0.0,0,0.0,1.0,pixel_reliability=0 AND MODLAND_QA(bits0-1)=0 AND VI range -2000..10000,MOD13Q1 V061 Terra 250m 16-day
SO2205,Hamar Jabjab,SO22,Banadir,2021-08-29,,,,,0.0,0,0.0,1.0,pixel_reliability=0 AND MODLAND_QA(bits0-1)=0 AND VI range -2000..10000,MOD13Q1 V061 Terra 250m 16-day
SO2205,Hamar Jabjab,SO22,Banadir,2021-09-14,,,,,0.0,0,0.0,1.0,pixel_reliability=0 AND MODLAND_QA(bits0-1)=0 AND VI range -2000..10000,MOD13Q1 V061 Terra 250m 16-day
SO2205,Hamar Jabjab,SO22,Banadir,2021-09-30,,,,,0.0,0,0.0,0.0,pixel_reliability=0 AND MODLAND_QA(bits0-1)=0 AND VI range -2000..10000,MOD13Q1 V061 Terra 250m 16-day
SO2205,Hamar Jabjab,SO22,Banadir,2021-10-16,,,,,0.0,0,0.0,1.0,pixel_reliability=0 AND MODLAND_QA(bits0-1)=0 AND VI range -2000..10000,MOD13Q1 V061 Terra 250m 16-day
SO2205,Hamar Jabjab,SO22,Banadir,2021-11-01,,,,,0.0,0,0.0,1.0,pixel_reliability=0 AND MODLAND_QA(bits0-1)=0 AND VI range -2000..10000,MOD13Q1 V061 Terra 250m 16-day
SO2205,Hamar Jabjab,SO22,Banadir,2021-11-17,,,,,0.0,0,0.0,1.0,pixel_reliability=0 AND MODLAND_QA(bits0-1)=0 AND VI range -2000..10000,MOD13Q1 V061 Terra 250m 16-day
SO2205,Hamar Jabjab,SO22,Banadir,2021-12-03,,,,,0.0,0,0.0,1.0,pixel_reliability=0 AND MODLAND_QA(bits0-1)=0 AND VI range -2000..10000,MOD13Q1 V061 Terra 250m 16-day
SO2205,Hamar Jabjab,SO22,Banadir,2021-12-19,0.1188,0.1188,-0.0034,-0.0034,1.0,1,0.0,0.0,pixel_reliability=0 AND MODLAND_QA(bits0-1)=0 AND VI range -2000..10000,MOD13Q1 V061 Terra 250m 16-day
SO2206,Hamar Weyne,SO22,Banadir,2021-01-01,0.091,0.091,0.052000000000000005,0.052000000000000005,0.25,1,0.25,0.0,pixel_reliability=0 AND MODLAND_QA(bits0-1)=0 AND VI range -2000..10000,MOD13Q1 V061 Terra 250m 16-day
SO2206,Hamar Weyne,SO22,Banadir,2021-01-17,,,,,0.0,0,0.0,0.75,pixel_reliability=0 AND MODLAND_QA(bits0-1)=0 AND VI range -2000..10000,MOD13Q1 V061 Terra 250m 16-day
SO2206,Hamar Weyne,SO22,Banadir,2021-02-02,,,,,0.0,0,0.25,0.25,pixel_reliability=0 AND MODLAND_QA(bits0-1)=0 AND VI range -2000..10000,MOD13Q1 V061 Terra 250m 16-day
SO2206,Hamar Weyne,SO22,Banadir,2021-02-18,0.1944,0.1944,0.11935,0.11935,0.5,2,0.0,0.0,pixel_reliability=0 AND MODLAND_QA(bits0-1)=0 AND VI range -2000..10000,MOD13Q1 V061 Terra 250m 16-day
SO2206,Hamar Weyne,SO22,Banadir,2021-03-06,,,,,0.0,0,0.5,0.0,pixel_reliability=0 AND MODLAND_QA(bits0-1)=0 AND VI range -2000..10000,MOD13Q1 V061 Terra 250m 16-day
SO2206,Hamar Weyne,SO22,Banadir,2021-03-22,0.1846,0.1846,0.1314,0.1314,0.25,1,0.25,0.0,pixel_reliability=0 AND MODLAND_QA(bits0-1)=0 AND VI range -2000..10000,MOD13Q1 V061 Terra 250m 16-day
SO2206,Hamar Weyne,SO22,Banadir,2021-04-07,,,,,0.0,0,0.25,0.0,pixel_reliability=0 AND MODLAND_QA(bits0-1)=0 AND VI range -2000..10000,MOD13Q1 V061 Terra 250m 16-day
SO2206,Hamar Weyne,SO22,Banadir,2021-04-23,,,,,0.0,0,0.0,1.0,pixel_reliability=0 AND MODLAND_QA(bits0-1)=0 AND VI range -2000..10000,MOD13Q1 V061 Terra 250m 16-day
SO2206,Hamar Weyne,SO22,Banadir,2021-05-09,,,,,0.0,0,0.0,0.75,pixel_reliability=0 AND MODLAND_QA(bits0-1)=0 AND VI range -2000..10000,MOD13Q1 V061 Terra 250m 16-day
SO2206,Hamar Weyne,SO22,Banadir,2021-05-25,,,,,0.0,0,0.0,0.75,pixel_reliability=0 AND MODLAND_QA(bits0-1)=0 AND VI range -2000..10000,MOD13Q1 V061 Terra 250m 16-day
SO2206,Hamar Weyne,SO22,Banadir,2021-06-10,,,,,0.0,0,0.0,0.75,pixel_reliability=0 AND MODLAND_QA(bits0-1)=0 AND VI range -2000..10000,MOD13Q1 V061 Terra 250m 16-day
SO2206,Hamar Weyne,SO22,Banadir,2021-06-26,,,,,0.0,0,0.5,0.5,pixel_reliability=0 AND MODLAND_QA(bits0-1)=0 AND VI range -2000..10000,MOD13Q1 V061 Terra 250m 16-day
SO2206,Hamar Weyne,SO22,Banadir,2021-07-12,,,,,0.0,0,0.0,1.0,pixel_reliability=0 AND MODLAND_QA(bits0-1)=0 AND VI range -2000..10000,MOD13Q1 V061 Terra 250m 16-day
SO2206,Hamar Weyne,SO22,Banadir,2021-07-28,,,,,0.0,0,0.0,1.0,pixel_reliability=0 AND MODLAND_QA(bits0-1)=0 AND VI range -2000..10000,MOD13Q1 V061 Terra 250m 16-day
SO2206,Hamar Weyne,SO22,Banadir,2021-08-13,,,,,0.0,0,0.0,0.75,pixel_reliability=0 AND MODLAND_QA(bits0-1)=0 AND VI range -2000..10000,MOD13Q1 V061 Terra 250m 16-day
SO2206,Hamar Weyne,SO22,Banadir,2021-08-29,,,,,0.0,0,0.0,1.0,pixel_reliability=0 AND MODLAND_QA(bits0-1)=0 AND VI range -2000..10000,MOD13Q1 V061 Terra 250m 16-day
SO2206,Hamar Weyne,SO22,Banadir,2021-09-14,,,,,0.0,0,0.25,0.75,pixel_reliability=0 AND MODLAND_QA(bits0-1)=0 AND VI range -2000..10000,MOD13Q1 V061 Terra 250m 16-day
SO2206,Hamar Weyne,SO22,Banadir,2021-09-30,,,,,0.0,0,0.0,0.75,pixel_reliability=0 AND MODLAND_QA(bits0-1)=0 AND VI range -2000..10000,MOD13Q1 V061 Terra 250m 16-day
SO2206,Hamar Weyne,SO22,Banadir,2021-10-16,,,,,0.0,0,0.0,1.0,pixel_reliability=0 AND MODLAND_QA(bits0-1)=0 AND VI range -2000..10000,MOD13Q1 V061 Terra 250m 16-day
SO2206,Hamar Weyne,SO22,Banadir,2021-11-01,,,,,0.0,0,0.0,1.0,pixel_reliability=0 AND MODLAND_QA(bits0-1)=0 AND VI range -2000..10000,MOD13Q1 V061 Terra 250m 16-day
SO2206,Hamar Weyne,SO22,Banadir,2021-11-17,,,,,0.0,0,0.0,1.0,pixel_reliability=0 AND MODLAND_QA(bits0-1)=0 AND VI range -2000..10000,MOD13Q1 V061 Terra 250m 16-day
SO2206,Hamar Weyne,SO22,Banadir,2021-12-03,,,,,0.0,0,0.0,1.0,pixel_reliability=0 AND MODLAND_QA(bits0-1)=0 AND VI range -2000..10000,MOD13Q1 V061 Terra 250m 16-day
SO2206,Hamar Weyne,SO22,Banadir,2021-12-19,,,,,0.0,0,0.0,0.0,pixel_reliability=0 AND MODLAND_QA(bits0-1)=0 AND VI range -2000..10000,MOD13Q1 V061 Terra 250m 16-day
SO2207,Hawl Wadaag,SO22,Banadir,2021-01-01,0.17636666666666667,0.1464,0.12196666666666668,0.1012,0.23076923076923078,3,0.5384615384615384,0.0,pixel_reliability=0 AND MODLAND_QA(bits0-1)=0 AND VI range -2000..10000,MOD13Q1 V061 Terra 250m 16-day
SO2207,Hawl Wadaag,SO22,Banadir,2021-01-17,,,,,0.0,0,0.9230769230769232,0.0769230769230769,pixel_reliability=0 AND MODLAND_QA(bits0-1)=0 AND VI range -2000..10000,MOD13Q1 V061 Terra 250m 16-day
SO2207,Hawl Wadaag,SO22,Banadir,2021-02-02,,,,,0.0,0,0.6923076923076923,0.0769230769230769,pixel_reliability=0 AND MODLAND_QA(bits0-1)=0 AND VI range -2000..10000,MOD13Q1 V061 Terra 250m 16-day
SO2207,Hawl Wadaag,SO22,Banadir,2021-02-18,0.17165,0.17165,0.11125,0.11125,0.1538461538461538,2,0.5384615384615384,0.0,pixel_reliability=0 AND MODLAND_QA(bits0-1)=0 AND VI range -2000..10000,MOD13Q1 V061 Terra 250m 16-day
SO2207,Hawl Wadaag,SO22,Banadir,2021-03-06,,,,,0.0,0,1.0,0.0,pixel_reliability=0 AND MODLAND_QA(bits0-1)=0 AND VI range -2000..10000,MOD13Q1 V061 Terra 250m 16-day
SO2207,Hawl Wadaag,SO22,Banadir,2021-03-22,0.17215,0.17215,0.1234,0.1234,0.1538461538461538,2,0.5384615384615384,0.0,pixel_reliability=0 AND MODLAND_QA(bits0-1)=0 AND VI range -2000..10000,MOD13Q1 V061 Terra 250m 16-day
SO2207,Hawl Wadaag,SO22,Banadir,2021-04-07,,,,,0.0,0,0.9230769230769232,0.0,pixel_reliability=0 AND MODLAND_QA(bits0-1)=0 AND VI range -2000..10000,MOD13Q1 V061 Terra 250m 16-day
SO2207,Hawl Wadaag,SO22,Banadir,2021-04-23,,,,,0.0,0,0.1538461538461538,0.5384615384615384,pixel_reliability=0 AND MODLAND_QA(bits0-1)=0 AND VI range -2000..10000,MOD13Q1 V061 Terra 250m 16-day
SO2207,Hawl Wadaag,SO22,Banadir,2021-05-09,,,,,0.0,0,0.0,1.0,pixel_reliability=0 AND MODLAND_QA(bits0-1)=0 AND VI range -2000..10000,MOD13Q1 V061 Terra 250m 16-day
SO2207,Hawl Wadaag,SO22,Banadir,2021-05-25,,,,,0.0,0,0.0,0.8461538461538461,pixel_reliability=0 AND MODLAND_QA(bits0-1)=0 AND VI range -2000..10000,MOD13Q1 V061 Terra 250m 16-day
SO2207,Hawl Wadaag,SO22,Banadir,2021-06-10,,,,,0.0,0,0.4615384615384615,0.3076923076923077,pixel_reliability=0 AND MODLAND_QA(bits0-1)=0 AND VI range -2000..10000,MOD13Q1 V061 Terra 250m 16-day
SO2207,Hawl Wadaag,SO22,Banadir,2021-06-26,,,,,0.0,0,0.0769230769230769,0.4615384615384615,pixel_reliability=0 AND MODLAND_QA(bits0-1)=0 AND VI range -2000..10000,MOD13Q1 V061 Terra 250m 16-day
SO2207,Hawl Wadaag,SO22,Banadir,2021-07-12,,,,,0.0,0,0.0,1.0,pixel_reliability=0 AND MODLAND_QA(bits0-1)=0 AND VI range -2000..10000,MOD13Q1 V061 Terra 250m 16-day
SO2207,Hawl Wadaag,SO22,Banadir,2021-07-28,,,,,0.0,0,0.0,0.9230769230769232,pixel_reliability=0 AND MODLAND_QA(bits0-1)=0 AND VI range -2000..10000,MOD13Q1 V061 Terra 250m 16-day
SO2207,Hawl Wadaag,SO22,Banadir,2021-08-13,,,,,0.0,0,0.0769230769230769,0.8461538461538461,pixel_reliability=0 AND MODLAND_QA(bits0-1)=0 AND VI range -2000..10000,MOD13Q1 V061 Terra 250m 16-day
SO2207,Hawl Wadaag,SO22,Banadir,2021-08-29,,,,,0.0,0,0.15384615384615385,0.5384615384615384,pixel_reliability=0 AND MODLAND_QA(bits0-1)=0 AND VI range -2000..10000,MOD13Q1 V061 Terra 250m 16-day
SO2207,Hawl Wadaag,SO22,Banadir,2021-09-14,,,,,0.0,0,0.23076923076923078,0.5384615384615384,pixel_reliability=0 AND MODLAND_QA(bits0-1)=0 AND VI range -2000..10000,MOD13Q1 V061 Terra 250m 16-day
SO2207,Hawl Wadaag,SO22,Banadir,2021-09-30,,,,,0.0,0,0.0769230769230769,0.8461538461538461,pixel_reliability=0 AND MODLAND_QA(bits0-1)=0 AND VI range -2000..10000,MOD13Q1 V061 Terra 250m 16-day
SO2207,Hawl Wadaag,SO22,Banadir,2021-10-16,,,,,0.0,0,0.0,1.0,pixel_reliability=0 AND MODLAND_QA(bits0-1)=0 AND VI range -2000..10000,MOD13Q1 V061 Terra 250m 16-day
SO2207,Hawl Wadaag,SO22,Banadir,2021-11-01,,,,,0.0,0,0.1538461538461538,0.6923076923076923,pixel_reliability=0 AND MODLAND_QA(bits0-1)=0 AND VI range -2000..10000,MOD13Q1 V061 Terra 250m 16-day
SO2207,Hawl Wadaag,SO22,Banadir,2021-11-17,,,,,0.0,0,0.0769230769230769,0.7692307692307693,pixel_reliability=0 AND MODLAND_QA(bits0-1)=0 AND VI range -2000..10000,MOD13Q1 V061 Terra 250m 16-day
SO2207,Hawl Wadaag,SO22,Banadir,2021-12-03,,,,,0.0,0,0.3076923076923077,0.3846153846153846,pixel_reliability=0 AND MODLAND_QA(bits0-1)=0 AND VI range -2000..10000,MOD13Q1 V061 Terra 250m 16-day
SO2207,Hawl Wadaag,SO22,Banadir,2021-12-19,,,,,0.0,0,0.3846153846153846,0.1538461538461538,pixel_reliability=0 AND MODLAND_QA(bits0-1)=0 AND VI range -2000..10000,MOD13Q1 V061 Terra 250m 16-day
SO2208,Heliwa,SO22,Banadir,2021-01-01,0.273675,0.27125,0.19982500000000003,0.19595,0.36363636363636365,4,0.2727272727272727,0.0,pixel_reliability=0 AND MODLAND_QA(bits0-1)=0 AND VI range -2000..10000,MOD13Q1 V061 Terra 250m 16-day
SO2208,Heliwa,SO22,Banadir,2021-01-17,0.256,0.256,0.19655,0.19655,0.1818181818181818,2,0.2727272727272727,0.0,pixel_reliability=0 AND MODLAND_QA(bits0-1)=0 AND VI range -2000..10000,MOD13Q1 V061 Terra 250m 16-day
SO2208,Heliwa,SO22,Banadir,2021-02-02,0.2414666666666666,0.253,0.1883666666666666,0.1958,0.2727272727272727,3,0.0909090909090909,0.0,pixel_reliability=0 AND MODLAND_QA(bits0-1)=0 AND VI range -2000..10000,MOD13Q1 V061 Terra 250m 16-day
SO2208,Heliwa,SO22,Banadir,2021-02-18,0.24595,0.24595,0.1917,0.1917,0.1818181818181818,2,0.3636363636363636,0.0,pixel_reliability=0 AND MODLAND_QA(bits0-1)=0 AND VI range -2000..10000,MOD13Q1 V061 Terra 250m 16-day
SO2208,Heliwa,SO22,Banadir,2021-03-06,0.2174,0.2108,0.1643666666666667,0.1586,0.2727272727272727,3,0.4545454545454545,0.0,pixel_reliability=0 AND MODLAND_QA(bits0-1)=0 AND VI range -2000..10000,MOD13Q1 V061 Terra 250m 16-day
SO2208,Heliwa,SO22,Banadir,2021-03-22,0.22146,0.2245,0.17466,0.1774,0.4545454545454545,5,0.0,0.0,pixel_reliability=0 AND MODLAND_QA(bits0-1)=0 AND VI range -2000..10000,MOD13Q1 V061 Terra 250m 16-day
SO2208,Heliwa,SO22,Banadir,2021-04-07,0.2341666666666667,0.2323,0.1878333333333333,0.1866,0.2727272727272727,3,0.0909090909090909,0.0,pixel_reliability=0 AND MODLAND_QA(bits0-1)=0 AND VI range -2000..10000,MOD13Q1 V061 Terra 250m 16-day
SO2208,Heliwa,SO22,Banadir,2021-04-23,0.2048,0.2048,0.1668,0.1668,0.0909090909090909,1,0.5454545454545454,0.0,pixel_reliability=0 AND MODLAND_QA(bits0-1)=0 AND VI range -2000..10000,MOD13Q1 V061 Terra 250m 16-day
SO2208,Heliwa,SO22,Banadir,2021-05-09,,,,,0.0,0,0.3636363636363636,0.1818181818181818,pixel_reliability=0 AND MODLAND_QA(bits0-1)=0 AND VI range -2000..10000,MOD13Q1 V061 Terra 250m 16-day
SO2208,Heliwa,SO22,Banadir,2021-05-25,,,,,0.0,0,0.1818181818181818,0.3636363636363636,pixel_reliability=0 AND MODLAND_QA(bits0-1)=0 AND VI range -2000..10000,MOD13Q1 V061 Terra 250m 16-day
SO2208,Heliwa,SO22,Banadir,2021-06-10,0.2632333333333334,0.265,0.2064333333333333,0.2042,0.2727272727272727,3,0.1818181818181818,0.0,pixel_reliability=0 AND MODLAND_QA(bits0-1)=0 AND VI range -2000..10000,MOD13Q1 V061 Terra 250m 16-day
SO2208,Heliwa,SO22,Banadir,2021-06-26,0.222,0.222,0.1759,0.1759,0.0909090909090909,1,0.4545454545454545,0.0909090909090909,pixel_reliability=0 AND MODLAND_QA(bits0-1)=0 AND VI range -2000..10000,MOD13Q1 V061 Terra 250m 16-day
SO2208,Heliwa,SO22,Banadir,2021-07-12,,,,,0.0,0,0.0,1.0,pixel_reliability=0 AND MODLAND_QA(bits0-1)=0 AND VI range -2000..10000,MOD13Q1 V061 Terra 250m 16-day
SO2208,Heliwa,SO22,Banadir,2021-07-28,,,,,0.0,0,0.5454545454545454,0.1818181818181818,pixel_reliability=0 AND MODLAND_QA(bits0-1)=0 AND VI range -2000..10000,MOD13Q1 V061 Terra 250m 16-day
SO2208,Heliwa,SO22,Banadir,2021-08-13,,,,,0.0,0,0.2727272727272727,0.1818181818181818,pixel_reliability=0 AND MODLAND_QA(bits0-1)=0 AND VI range -2000..10000,MOD13Q1 V061 Terra 250m 16-day
SO2208,Heliwa,SO22,Banadir,2021-08-29,0.3081333333333333,0.3023,0.2544666666666667,0.2535,0.2727272727272727,3,0.45454545454545453,0.0,pixel_reliability=0 AND MODLAND_QA(bits0-1)=0 AND VI range -2000..10000,MOD13Q1 V061 Terra 250m 16-day
SO2208,Heliwa,SO22,Banadir,2021-09-14,0.27403333333333335,0.2873,0.21596666666666667,0.2298,0.2727272727272727,3,0.5454545454545454,0.0,pixel_reliability=0 AND MODLAND_QA(bits0-1)=0 AND VI range -2000..10000,MOD13Q1 V061 Terra 250m 16-day
SO2208,Heliwa,SO22,Banadir,2021-09-30,,,,,0.0,0,0.3636363636363636,0.0909090909090909,pixel_reliability=0 AND MODLAND_QA(bits0-1)=0 AND VI range -2000..10000,MOD13Q1 V061 Terra 250m 16-day
SO2208,Heliwa,SO22,Banadir,2021-10-16,,,,,0.0,0,0.3636363636363636,0.5454545454545454,pixel_reliability=0 AND MODLAND_QA(bits0-1)=0 AND VI range -2000..10000,MOD13Q1 V061 Terra 250m 16-day
SO2208,Heliwa,SO22,Banadir,2021-11-01,0.2803,0.2803,0.21595,0.21595,0.1818181818181818,2,0.5454545454545454,0.0,pixel_reliability=0 AND MODLAND_QA(bits0-1)=0 AND VI range -2000..10000,MOD13Q1 V061 Terra 250m 16-day
SO2208,Heliwa,SO22,Banadir,2021-11-17,0.2755,0.2755,0.2091,0.2091,0.0909090909090909,1,0.3636363636363636,0.0909090909090909,pixel_reliability=0 AND MODLAND_QA(bits0-1)=0 AND VI range -2000..10000,MOD13Q1 V061 Terra 250m 16-day
SO2208,Heliwa,SO22,Banadir,2021-12-03,0.2471,0.2471,0.2042,0.2042,0.0909090909090909,1,0.4545454545454545,0.1818181818181818,pixel_reliability=0 AND MODLAND_QA(bits0-1)=0 AND VI range -2000..10000,MOD13Q1 V061 Terra 250m 16-day
SO2208,Heliwa,SO22,Banadir,2021-12-19,,,,,0.0,0,0.3636363636363636,0.2727272727272727,pixel_reliability=0 AND MODLAND_QA(bits0-1)=0 AND VI range -2000..10000,MOD13Q1 V061 Terra 250m 16-day
SO2209,Hodan,SO22,Banadir,2021-01-01,0.2371,0.2371,0.168,0.168,0.1,1,0.8,0.0,pixel_reliability=0 AND MODLAND_QA(bits0-1)=0 AND VI range -2000..10000,MOD13Q1 V061 Terra 250m 16-day
SO2209,Hodan,SO22,Banadir,2021-01-17,,,,,0.0,0,1.0,0.0,pixel_reliability=0 AND MODLAND_QA(bits0-1)=0 AND VI range -2000..10000,MOD13Q1 V061 Terra 250m 16-day
SO2209,Hodan,SO22,Banadir,2021-02-02,,,,,0.0,0,0.8,0.0,pixel_reliability=0 AND MODLAND_QA(bits0-1)=0 AND VI range -2000..10000,MOD13Q1 V061 Terra 250m 16-day
SO2209,Hodan,SO22,Banadir,2021-02-18,,,,,0.0,0,0.9,0.0,pixel_reliability=0 AND MODLAND_QA(bits0-1)=0 AND VI range -2000..10000,MOD13Q1 V061 Terra 250m 16-day
SO2209,Hodan,SO22,Banadir,2021-03-06,,,,,0.0,0,1.0,0.0,pixel_reliability=0 AND MODLAND_QA(bits0-1)=0 AND VI range -2000..10000,MOD13Q1 V061 Terra 250m 16-day
SO2209,Hodan,SO22,Banadir,2021-03-22,,,,,0.0,0,0.8,0.0,pixel_reliability=0 AND MODLAND_QA(bits0-1)=0 AND VI range -2000..10000,MOD13Q1 V061 Terra 250m 16-day
SO2209,Hodan,SO22,Banadir,2021-04-07,,,,,0.0,0,0.9,0.0,pixel_reliability=0 AND MODLAND_QA(bits0-1)=0 AND VI range -2000..10000,MOD13Q1 V061 Terra 250m 16-day
SO2209,Hodan,SO22,Banadir,2021-04-23,,,,,0.0,0,0.2,0.5,pixel_reliability=0 AND MODLAND_QA(bits0-1)=0 AND VI range -2000..10000,MOD13Q1 V061 Terra 250m 16-day
SO2209,Hodan,SO22,Banadir,2021-05-09,,,,,0.0,0,0.0,1.0,pixel_reliability=0 AND MODLAND_QA(bits0-1)=0 AND VI range -2000..10000,MOD13Q1 V061 Terra 250m 16-day
SO2209,Hodan,SO22,Banadir,2021-05-25,,,,,0.0,0,0.0,1.0,pixel_reliability=0 AND MODLAND_QA(bits0-1)=0 AND VI range -2000..10000,MOD13Q1 V061 Terra 250m 16-day
SO2209,Hodan,SO22,Banadir,2021-06-10,,,,,0.0,0,0.8,0.0,pixel_reliability=0 AND MODLAND_QA(bits0-1)=0 AND VI range -2000..10000,MOD13Q1 V061 Terra 250m 16-day
SO2209,Hodan,SO22,Banadir,2021-06-26,,,,,0.0,0,0.3,0.1,pixel_reliability=0 AND MODLAND_QA(bits0-1)=0 AND VI range -2000..10000,MOD13Q1 V061 Terra 250m 16-day
SO2209,Hodan,SO22,Banadir,2021-07-12,,,,,0.0,0,0.0,1.0,pixel_reliability=0 AND MODLAND_QA(bits0-1)=0 AND VI range -2000..10000,MOD13Q1 V061 Terra 250m 16-day
SO2209,Hodan,SO22,Banadir,2021-07-28,,,,,0.0,0,0.0,0.9,pixel_reliability=0 AND MODLAND_QA(bits0-1)=0 AND VI range -2000..10000,MOD13Q1 V061 Terra 250m 16-day
SO2209,Hodan,SO22,Banadir,2021-08-13,,,,,0.0,0,0.0,1.0,pixel_reliability=0 AND MODLAND_QA(bits0-1)=0 AND VI range -2000..10000,MOD13Q1 V061 Terra 250m 16-day
SO2209,Hodan,SO22,Banadir,2021-08-29,,,,,0.0,0,0.1,0.4,pixel_reliability=0 AND MODLAND_QA(bits0-1)=0 AND VI range -2000..10000,MOD13Q1 V061 Terra 250m 16-day
SO2209,Hodan,SO22,Banadir,2021-09-14,,,,,0.0,0,0.1,0.7,pixel_reliability=0 AND MODLAND_QA(bits0-1)=0 AND VI range -2000..10000,MOD13Q1 V061 Terra 250m 16-day
SO2209,Hodan,SO22,Banadir,2021-09-30,,,,,0.0,0,0.0,1.0,pixel_reliability=0 AND MODLAND_QA(bits0-1)=0 AND VI range -2000..10000,MOD13Q1 V061 Terra 250m 16-day
SO2209,Hodan,SO22,Banadir,2021-10-16,,,,,0.0,0,0.1,0.7,pixel_reliability=0 AND MODLAND_QA(bits0-1)=0 AND VI range -2000..10000,MOD13Q1 V061 Terra 250m 16-day
SO2209,Hodan,SO22,Banadir,2021-11-01,,,,,0.0,0,0.3,0.4,pixel_reliability=0 AND MODLAND_QA(bits0-1)=0 AND VI range -2000..10000,MOD13Q1 V061 Terra 250m 16-day
SO2209,Hodan,SO22,Banadir,2021-11-17,,,,,0.0,0,0.4,0.2,pixel_reliability=0 AND MODLAND_QA(bits0-1)=0 AND VI range -2000..10000,MOD13Q1 V061 Terra 250m 16-day
SO2209,Hodan,SO22,Banadir,2021-12-03,,,,,0.0,0,0.4,0.4,pixel_reliability=0 AND MODLAND_QA(bits0-1)=0 AND VI range -2000..10000,MOD13Q1 V061 Terra 250m 16-day
SO2209,Hodan,SO22,Banadir,2021-12-19,,,,,0.0,0,0.5,0.1,pixel_reliability=0 AND MODLAND_QA(bits0-1)=0 AND VI range -2000..10000,MOD13Q1 V061 Terra 250m 16-day
SO2210,Kahda,SO22,Banadir,2021-01-01,0.23370000000000002,0.22710000000000002,0.16697142857142855,0.1656,0.5833333333333334,21,0.1111111111111111,0.0,pixel_reliability=0 AND MODLAND_QA(bits0-1)=0 AND VI range -2000..10000,MOD13Q1 V061 Terra 250m 16-day
SO2210,Kahda,SO22,Banadir,2021-01-17,0.21125625,0.2084,0.15665,0.15325,0.4444444444444444,16,0.1111111111111111,0.0,pixel_reliability=0 AND MODLAND_QA(bits0-1)=0 AND VI range -2000..10000,MOD13Q1 V061 Terra 250m 16-day
SO2210,Kahda,SO22,Banadir,2021-02-02,0.2096928571428571,0.20525,0.1505642857142857,0.1496,0.3888888888888889,14,0.1944444444444444,0.0,pixel_reliability=0 AND MODLAND_QA(bits0-1)=0 AND VI range -2000..10000,MOD13Q1 V061 Terra 250m 16-day
SO2210,Kahda,SO22,Banadir,2021-02-18,0.1922882352941176,0.1912,0.1402764705882353,0.1394,0.4722222222222222,17,0.1944444444444444,0.0,pixel_reliability=0 AND MODLAND_QA(bits0-1)=0 AND VI range -2000..10000,MOD13Q1 V061 Terra 250m 16-day
SO2210,Kahda,SO22,Banadir,2021-03-06,0.1938428571428571,0.1971,0.1489428571428571,0.1517,0.1944444444444444,7,0.5555555555555556,0.0,pixel_reliability=0 AND MODLAND_QA(bits0-1)=0 AND VI range -2000..10000,MOD13Q1 V061 Terra 250m 16-day
SO2210,Kahda,SO22,Banadir,2021-03-22,0.19803125,0.19545,0.14731875,0.14585,0.4444444444444444,16,0.1388888888888889,0.0,pixel_reliability=0 AND MODLAND_QA(bits0-1)=0 AND VI range -2000..10000,MOD13Q1 V061 Terra 250m 16-day
SO2210,Kahda,SO22,Banadir,2021-04-07,0.205675,0.2076,0.1533,0.15535,0.2222222222222222,8,0.25,0.1111111111111111,pixel_reliability=0 AND MODLAND_QA(bits0-1)=0 AND VI range -2000..10000,MOD13Q1 V061 Terra 250m 16-day
SO2210,Kahda,SO22,Banadir,2021-04-23,,,,,0.0,0,0.0,0.9722222222222222,pixel_reliability=0 AND MODLAND_QA(bits0-1)=0 AND VI range -2000..10000,MOD13Q1 V061 Terra 250m 16-day
SO2210,Kahda,SO22,Banadir,2021-05-09,,,,,0.0,0,0.0,1.0,pixel_reliability=0 AND MODLAND_QA(bits0-1)=0 AND VI range -2000..10000,MOD13Q1 V061 Terra 250m 16-day
SO2210,Kahda,SO22,Banadir,2021-05-25,,,,,0.0,0,0.0,0.9444444444444444,pixel_reliability=0 AND MODLAND_QA(bits0-1)=0 AND VI range -2000..10000,MOD13Q1 V061 Terra 250m 16-day
SO2210,Kahda,SO22,Banadir,2021-06-10,0.2651666666666667,0.26775,0.19815,0.20055,0.1666666666666666,6,0.3333333333333333,0.0,pixel_reliability=0 AND MODLAND_QA(bits0-1)=0 AND VI range -2000..10000,MOD13Q1 V061 Terra 250m 16-day
SO2210,Kahda,SO22,Banadir,2021-06-26,,,,,0.0,0,0.3333333333333333,0.3888888888888889,pixel_reliability=0 AND MODLAND_QA(bits0-1)=0 AND VI range -2000..10000,MOD13Q1 V061 Terra 250m 16-day
SO2210,Kahda,SO22,Banadir,2021-07-12,,,,,0.0,0,0.0,1.0,pixel_reliability=0 AND MODLAND_QA(bits0-1)=0 AND VI range -2000..10000,MOD13Q1 V061 Terra 250m 16-day
SO2210,Kahda,SO22,Banadir,2021-07-28,,,,,0.0,0,0.1111111111111111,0.6111111111111112,pixel_reliability=0 AND MODLAND_QA(bits0-1)=0 AND VI range -2000..10000,MOD13Q1 V061 Terra 250m 16-day
SO2210,Kahda,SO22,Banadir,2021-08-13,,,,,0.0,0,0.5,0.1111111111111111,pixel_reliability=0 AND MODLAND_QA(bits0-1)=0 AND VI range -2000..10000,MOD13Q1 V061 Terra 250m 16-day
SO2210,Kahda,SO22,Banadir,2021-08-29,,,,,0.0,0,0.25,0.5,pixel_reliability=0 AND MODLAND_QA(bits0-1)=0 AND VI range -2000..10000,MOD13Q1 V061 Terra 250m 16-day
SO2210,Kahda,SO22,Banadir,2021-09-14,,,,,0.0,0,0.027777777777777776,0.8333333333333334,pixel_reliability=0 AND MODLAND_QA(bits0-1)=0 AND VI range -2000..10000,MOD13Q1 V061 Terra 250m 16-day
SO2210,Kahda,SO22,Banadir,2021-09-30,,,,,0.0,0,0.0277777777777777,0.8888888888888888,pixel_reliability=0 AND MODLAND_QA(bits0-1)=0 AND VI range -2000..10000,MOD13Q1 V061 Terra 250m 16-day
SO2210,Kahda,SO22,Banadir,2021-10-16,,,,,0.0,0,0.0277777777777777,0.7222222222222222,pixel_reliability=0 AND MODLAND_QA(bits0-1)=0 AND VI range -2000..10000,MOD13Q1 V061 Terra 250m 16-day
SO2210,Kahda,SO22,Banadir,2021-11-01,,,,,0.0,0,0.0,1.0,pixel_reliability=0 AND MODLAND_QA(bits0-1)=0 AND VI range -2000..10000,MOD13Q1 V061 Terra 250m 16-day
SO2210,Kahda,SO22,Banadir,2021-11-17,,,,,0.0,0,0.0277777777777777,0.8888888888888888,pixel_reliability=0 AND MODLAND_QA(bits0-1)=0 AND VI range -2000..10000,MOD13Q1 V061 Terra 250m 16-day
SO2210,Kahda,SO22,Banadir,2021-12-03,,,,,0.0,0,0.3888888888888889,0.1388888888888889,pixel_reliability=0 AND MODLAND_QA(bits0-1)=0 AND VI range -2000..10000,MOD13Q1 V061 Terra 250m 16-day
SO2210,Kahda,SO22,Banadir,2021-12-19,,,,,0.0,0,0.0,1.0,pixel_reliability=0 AND MODLAND_QA(bits0-1)=0 AND VI range -2000..10000,MOD13Q1 V061 Terra 250m 16-day
SO2211,Karaan,SO22,Banadir,2021-01-01,0.25939999999999996,0.25939999999999996,0.20400000000000001,0.20400000000000001,0.07142857142857142,2,0.35714285714285715,0.35714285714285715,pixel_reliability=0 AND MODLAND_QA(bits0-1)=0 AND VI range -2000..10000,MOD13Q1 V061 Terra 250m 16-day
SO2211,Karaan,SO22,Banadir,2021-01-17,,,,,0.0,0,0.25,0.3571428571428571,pixel_reliability=0 AND MODLAND_QA(bits0-1)=0 AND VI range -2000..10000,MOD13Q1 V061 Terra 250m 16-day
SO2211,Karaan,SO22,Banadir,2021-02-02,0.1725,0.1725,0.1505,0.1505,0.0357142857142857,1,0.2857142857142857,0.3214285714285714,pixel_reliability=0 AND MODLAND_QA(bits0-1)=0 AND VI range -2000..10000,MOD13Q1 V061 Terra 250m 16-day
SO2211,Karaan,SO22,Banadir,2021-02-18,0.1765,0.1765,0.1106,0.1106,0.0357142857142857,1,0.4285714285714285,0.2142857142857142,pixel_reliability=0 AND MODLAND_QA(bits0-1)=0 AND VI range -2000..10000,MOD13Q1 V061 Terra 250m 16-day
SO2211,Karaan,SO22,Banadir,2021-03-06,,,,,0.0,0,0.6428571428571429,0.0714285714285714,pixel_reliability=0 AND MODLAND_QA(bits0-1)=0 AND VI range -2000..10000,MOD13Q1 V061 Terra 250m 16-day
SO2211,Karaan,SO22,Banadir,2021-03-22,,,,,0.0,0,0.5714285714285714,0.1071428571428571,pixel_reliability=0 AND MODLAND_QA(bits0-1)=0 AND VI range -2000..10000,MOD13Q1 V061 Terra 250m 16-day
SO2211,Karaan,SO22,Banadir,2021-04-07,0.1717,0.1717,0.1591,0.1591,0.0357142857142857,1,0.3928571428571428,0.2857142857142857,pixel_reliability=0 AND MODLAND_QA(bits0-1)=0 AND VI range -2000..10000,MOD13Q1 V061 Terra 250m 16-day
SO2211,Karaan,SO22,Banadir,2021-04-23,0.2913,0.2913,0.1893,0.1893,0.0357142857142857,1,0.3214285714285714,0.2857142857142857,pixel_reliability=0 AND MODLAND_QA(bits0-1)=0 AND VI range -2000..10000,MOD13Q1 V061 Terra 250m 16-day
SO2211,Karaan,SO22,Banadir,2021-05-09,,,,,0.0,0,0.25,0.4642857142857143,pixel_reliability=0 AND MODLAND_QA(bits0-1)=0 AND VI range -2000..10000,MOD13Q1 V061 Terra 250m 16-day
SO2211,Karaan,SO22,Banadir,2021-05-25,,,,,0.0,0,0.0357142857142857,0.7142857142857143,pixel_reliability=0 AND MODLAND_QA(bits0-1)=0 AND VI range -2000..10000,MOD13Q1 V061 Terra 250m 16-day
SO2211,Karaan,SO22,Banadir,2021-06-10,,,,,0.0,0,0.2142857142857142,0.3214285714285714,pixel_reliability=0 AND MODLAND_QA(bits0-1)=0 AND VI range -2000..10000,MOD13Q1 V061 Terra 250m 16-day
SO2211,Karaan,SO22,Banadir,2021-06-26,0.2553,0.2553,0.2003,0.2003,0.0357142857142857,1,0.5,0.1071428571428571,pixel_reliability=0 AND MODLAND_QA(bits0-1)=0 AND VI range -2000..10000,MOD13Q1 V061 Terra 250m 16-day
SO2211,Karaan,SO22,Banadir,2021-07-12,,,,,0.0,0,0.0,1.0,pixel_reliability=0 AND MODLAND_QA(bits0-1)=0 AND VI range -2000..10000,MOD13Q1 V061 Terra 250m 16-day
SO2211,Karaan,SO22,Banadir,2021-07-28,,,,,0.0,0,0.0357142857142857,0.8571428571428571,pixel_reliability=0 AND MODLAND_QA(bits0-1)=0 AND VI range -2000..10000,MOD13Q1 V061 Terra 250m 16-day
SO2211,Karaan,SO22,Banadir,2021-08-13,,,,,0.0,0,0.0714285714285714,0.75,pixel_reliability=0 AND MODLAND_QA(bits0-1)=0 AND VI range -2000..10000,MOD13Q1 V061 Terra 250m 16-day
SO2211,Karaan,SO22,Banadir,2021-08-29,0.2587,0.2587,0.2156,0.2156,0.03571428571428571,1,0.2857142857142857,0.32142857142857145,pixel_reliability=0 AND MODLAND_QA(bits0-1)=0 AND VI range -2000..10000,MOD13Q1 V061 Terra 250m 16-day
SO2211,Karaan,SO22,Banadir,2021-09-14,0.256,0.256,0.2001,0.2001,0.07142857142857142,2,0.42857142857142855,0.14285714285714285,pixel_reliability=0 AND MODLAND_QA(bits0-1)=0 AND VI range -2000..10000,MOD13Q1 V061 Terra 250m 16-day
SO2211,Karaan,SO22,Banadir,2021-09-30,,,,,0.0,0,0.2142857142857142,0.4285714285714285,pixel_reliability=0 AND MODLAND_QA(bits0-1)=0 AND VI range -2000..10000,MOD13Q1 V061 Terra 250m 16-day
SO2211,Karaan,SO22,Banadir,2021-10-16,,,,,0.0,0,0.2142857142857142,0.5714285714285714,pixel_reliability=0 AND MODLAND_QA(bits0-1)=0 AND VI range -2000..10000,MOD13Q1 V061 Terra 250m 16-day
SO2211,Karaan,SO22,Banadir,2021-11-01,0.2064,0.2064,0.1798,0.1798,0.0357142857142857,1,0.2142857142857142,0.3214285714285714,pixel_reliability=0 AND MODLAND_QA(bits0-1)=0 AND VI range -2000..10000,MOD13Q1 V061 Terra 250m 16-day
SO2211,Karaan,SO22,Banadir,2021-11-17,0.21165,0.21305,0.17715,0.18475,0.1428571428571428,4,0.2142857142857142,0.0714285714285714,pixel_reliability=0 AND MODLAND_QA(bits0-1)=0 AND VI range -2000..10000,MOD13Q1 V061 Terra 250m 16-day
SO2211,Karaan,SO22,Banadir,2021-12-03,,,,,0.0,0,0.25,0.3928571428571428,pixel_reliability=0 AND MODLAND_QA(bits0-1)=0 AND VI range -2000..10000,MOD13Q1 V061 Terra 250m 16-day
SO2211,Karaan,SO22,Banadir,2021-12-19,0.19022,0.1972,0.17062,0.1792,0.1785714285714285,5,0.25,0.0714285714285714,pixel_reliability=0 AND MODLAND_QA(bits0-1)=0 AND VI range -2000..10000,MOD13Q1 V061 Terra 250m 16-day
SO2212,Shangaani,SO22,Banadir,2021-01-01,0.091,0.091,0.052000000000000005,0.052000000000000005,1.0,1,0.0,0.0,pixel_reliability=0 AND MODLAND_QA(bits0-1)=0 AND VI range -2000..10000,MOD13Q1 V061 Terra 250m 16-day
SO2212,Shangaani,SO22,Banadir,2021-01-17,,,,,0.0,0,0.0,1.0,pixel_reliability=0 AND MODLAND_QA(bits0-1)=0 AND VI range -2000..10000,MOD13Q1 V061 Terra 250m 16-day
SO2212,Shangaani,SO22,Banadir,2021-02-02,,,,,0.0,0,0.0,0.0,pixel_reliability=0 AND MODLAND_QA(bits0-1)=0 AND VI range -2000..10000,MOD13Q1 V061 Terra 250m 16-day
SO2212,Shangaani,SO22,Banadir,2021-02-18,,,,,0.0,0,0.0,0.0,pixel_reliability=0 AND MODLAND_QA(bits0-1)=0 AND VI range -2000..10000,MOD13Q1 V061 Terra 250m 16-day
SO2212,Shangaani,SO22,Banadir,2021-03-06,,,,,0.0,0,0.0,0.0,pixel_reliability=0 AND MODLAND_QA(bits0-1)=0 AND VI range -2000..10000,MOD13Q1 V061 Terra 250m 16-day
SO2212,Shangaani,SO22,Banadir,2021-03-22,,,,,0.0,0,0.0,0.0,pixel_reliability=0 AND MODLAND_QA(bits0-1)=0 AND VI range -2000..10000,MOD13Q1 V061 Terra 250m 16-day
SO2212,Shangaani,SO22,Banadir,2021-04-07,,,,,0.0,0,0.0,0.0,pixel_reliability=0 AND MODLAND_QA(bits0-1)=0 AND VI range -2000..10000,MOD13Q1 V061 Terra 250m 16-day
SO2212,Shangaani,SO22,Banadir,2021-04-23,,,,,0.0,0,0.0,1.0,pixel_reliability=0 AND MODLAND_QA(bits0-1)=0 AND VI range -2000..10000,MOD13Q1 V061 Terra 250m 16-day
SO2212,Shangaani,SO22,Banadir,2021-05-09,,,,,0.0,0,0.0,1.0,pixel_reliability=0 AND MODLAND_QA(bits0-1)=0 AND VI range -2000..10000,MOD13Q1 V061 Terra 250m 16-day
SO2212,Shangaani,SO22,Banadir,2021-05-25,,,,,0.0,0,0.0,1.0,pixel_reliability=0 AND MODLAND_QA(bits0-1)=0 AND VI range -2000..10000,MOD13Q1 V061 Terra 250m 16-day
SO2212,Shangaani,SO22,Banadir,2021-06-10,,,,,0.0,0,0.0,1.0,pixel_reliability=0 AND MODLAND_QA(bits0-1)=0 AND VI range -2000..10000,MOD13Q1 V061 Terra 250m 16-day
SO2212,Shangaani,SO22,Banadir,2021-06-26,,,,,0.0,0,1.0,0.0,pixel_reliability=0 AND MODLAND_QA(bits0-1)=0 AND VI range -2000..10000,MOD13Q1 V061 Terra 250m 16-day
SO2212,Shangaani,SO22,Banadir,2021-07-12,,,,,0.0,0,0.0,1.0,pixel_reliability=0 AND MODLAND_QA(bits0-1)=0 AND VI range -2000..10000,MOD13Q1 V061 Terra 250m 16-day
SO2212,Shangaani,SO22,Banadir,2021-07-28,,,,,0.0,0,0.0,1.0,pixel_reliability=0 AND MODLAND_QA(bits0-1)=0 AND VI range -2000..10000,MOD13Q1 V061 Terra 250m 16-day
SO2212,Shangaani,SO22,Banadir,2021-08-13,,,,,0.0,0,0.0,1.0,pixel_reliability=0 AND MODLAND_QA(bits0-1)=0 AND VI range -2000..10000,MOD13Q1 V061 Terra 250m 16-day
SO2212,Shangaani,SO22,Banadir,2021-08-29,,,,,0.0,0,0.0,1.0,pixel_reliability=0 AND MODLAND_QA(bits0-1)=0 AND VI range -2000..10000,MOD13Q1 V061 Terra 250m 16-day
SO2212,Shangaani,SO22,Banadir,2021-09-14,,,,,0.0,0,0.0,1.0,pixel_reliability=0 AND MODLAND_QA(bits0-1)=0 AND VI range -2000..10000,MOD13Q1 V061 Terra 250m 16-day
SO2212,Shangaani,SO22,Banadir,2021-09-30,,,,,0.0,0,0.0,1.0,pixel_reliability=0 AND MODLAND_QA(bits0-1)=0 AND VI range -2000..10000,MOD13Q1 V061 Terra 250m 16-day
SO2212,Shangaani,SO22,Banadir,2021-10-16,,,,,0.0,0,0.0,1.0,pixel_reliability=0 AND MODLAND_QA(bits0-1)=0 AND VI range -2000..10000,MOD13Q1 V061 Terra 250m 16-day
SO2212,Shangaani,SO22,Banadir,2021-11-01,,,,,0.0,0,0.0,1.0,pixel_reliability=0 AND MODLAND_QA(bits0-1)=0 AND VI range -2000..10000,MOD13Q1 V061 Terra 250m 16-day
SO2212,Shangaani,SO22,Banadir,2021-11-17,,,,,0.0,0,0.0,1.0,pixel_reliability=0 AND MODLAND_QA(bits0-1)=0 AND VI range -2000..10000,MOD13Q1 V061 Terra 250m 16-day
SO2212,Shangaani,SO22,Banadir,2021-12-03,,,,,0.0,0,0.0,1.0,pixel_reliability=0 AND MODLAND_QA(bits0-1)=0 AND VI range -2000..10000,MOD13Q1 V061 Terra 250m 16-day
SO2212,Shangaani,SO22,Banadir,2021-12-19,,,,,0.0,0,0.0,0.0,pixel_reliability=0 AND MODLAND_QA(bits0-1)=0 AND VI range -2000..10000,MOD13Q1 V061 Terra 250m 16-day
SO2213,Shibis,SO22,Banadir,2021-01-01,,,,,0.0,0,0.5,0.0,pixel_reliability=0 AND MODLAND_QA(bits0-1)=0 AND VI range -2000..10000,MOD13Q1 V061 Terra 250m 16-day
SO2213,Shibis,SO22,Banadir,2021-01-17,,,,,0.0,0,0.0,0.25,pixel_reliability=0 AND MODLAND_QA(bits0-1)=0 AND VI range -2000..10000,MOD13Q1 V061 Terra 250m 16-day
SO2213,Shibis,SO22,Banadir,2021-02-02,,,,,0.0,0,0.0,0.0,pixel_reliability=0 AND MODLAND_QA(bits0-1)=0 AND VI range -2000..10000,MOD13Q1 V061 Terra 250m 16-day
SO2213,Shibis,SO22,Banadir,2021-02-18,,,,,0.0,0,0.75,0.0,pixel_reliability=0 AND MODLAND_QA(bits0-1)=0 AND VI range -2000..10000,MOD13Q1 V061 Terra 250m 16-day
SO2213,Shibis,SO22,Banadir,2021-03-06,,,,,0.0,0,0.5,0.0,pixel_reliability=0 AND MODLAND_QA(bits0-1)=0 AND VI range -2000..10000,MOD13Q1 V061 Terra 250m 16-day
SO2213,Shibis,SO22,Banadir,2021-03-22,,,,,0.0,0,0.75,0.0,pixel_reliability=0 AND MODLAND_QA(bits0-1)=0 AND VI range -2000..10000,MOD13Q1 V061 Terra 250m 16-day
SO2213,Shibis,SO22,Banadir,2021-04-07,,,,,0.0,0,0.0,0.5,pixel_reliability=0 AND MODLAND_QA(bits0-1)=0 AND VI range -2000..10000,MOD13Q1 V061 Terra 250m 16-day
SO2213,Shibis,SO22,Banadir,2021-04-23,,,,,0.0,0,0.25,0.75,pixel_reliability=0 AND MODLAND_QA(bits0-1)=0 AND VI range -2000..10000,MOD13Q1 V061 Terra 250m 16-day
SO2213,Shibis,SO22,Banadir,2021-05-09,,,,,0.0,0,0.0,1.0,pixel_reliability=0 AND MODLAND_QA(bits0-1)=0 AND VI range -2000..10000,MOD13Q1 V061 Terra 250m 16-day
SO2213,Shibis,SO22,Banadir,2021-05-25,,,,,0.0,0,0.25,0.25,pixel_reliability=0 AND MODLAND_QA(bits0-1)=0 AND VI range -2000..10000,MOD13Q1 V061 Terra 250m 16-day
SO2213,Shibis,SO22,Banadir,2021-06-10,,,,,0.0,0,0.0,0.75,pixel_reliability=0 AND MODLAND_QA(bits0-1)=0 AND VI range -2000..10000,MOD13Q1 V061 Terra 250m 16-day
SO2213,Shibis,SO22,Banadir,2021-06-26,,,,,0.0,0,0.0,0.75,pixel_reliability=0 AND MODLAND_QA(bits0-1)=0 AND VI range -2000..10000,MOD13Q1 V061 Terra 250m 16-day
SO2213,Shibis,SO22,Banadir,2021-07-12,,,,,0.0,0,0.0,1.0,pixel_reliability=0 AND MODLAND_QA(bits0-1)=0 AND VI range -2000..10000,MOD13Q1 V061 Terra 250m 16-day
SO2213,Shibis,SO22,Banadir,2021-07-28,,,,,0.0,0,0.0,1.0,pixel_reliability=0 AND MODLAND_QA(bits0-1)=0 AND VI range -2000..10000,MOD13Q1 V061 Terra 250m 16-day
SO2213,Shibis,SO22,Banadir,2021-08-13,,,,,0.0,0,0.25,0.25,pixel_reliability=0 AND MODLAND_QA(bits0-1)=0 AND VI range -2000..10000,MOD13Q1 V061 Terra 250m 16-day
SO2213,Shibis,SO22,Banadir,2021-08-29,,,,,0.0,0,0.0,0.25,pixel_reliability=0 AND MODLAND_QA(bits0-1)=0 AND VI range -2000..10000,MOD13Q1 V061 Terra 250m 16-day
SO2213,Shibis,SO22,Banadir,2021-09-14,,,,,0.0,0,0.75,0.0,pixel_reliability=0 AND MODLAND_QA(bits0-1)=0 AND VI range -2000..10000,MOD13Q1 V061 Terra 250m 16-day
SO2213,Shibis,SO22,Banadir,2021-09-30,,,,,0.0,0,0.0,1.0,pixel_reliability=0 AND MODLAND_QA(bits0-1)=0 AND VI range -2000..10000,MOD13Q1 V061 Terra 250m 16-day
SO2213,Shibis,SO22,Banadir,2021-10-16,,,,,0.0,0,0.0,1.0,pixel_reliability=0 AND MODLAND_QA(bits0-1)=0 AND VI range -2000..10000,MOD13Q1 V061 Terra 250m 16-day
SO2213,Shibis,SO22,Banadir,2021-11-01,,,,,0.0,0,0.0,0.75,pixel_reliability=0 AND MODLAND_QA(bits0-1)=0 AND VI range -2000..10000,MOD13Q1 V061 Terra 250m 16-day
SO2213,Shibis,SO22,Banadir,2021-11-17,,,,,0.0,0,0.25,0.25,pixel_reliability=0 AND MODLAND_QA(bits0-1)=0 AND VI range -2000..10000,MOD13Q1 V061 Terra 250m 16-day
SO2213,Shibis,SO22,Banadir,2021-12-03,,,,,0.0,0,0.0,1.0,pixel_reliability=0 AND MODLAND_QA(bits0-1)=0 AND VI range -2000..10000,MOD13Q1 V061 Terra 250m 16-day
SO2213,Shibis,SO22,Banadir,2021-12-19,0.1902,0.1902,0.1275,0.1275,0.25,1,0.25,0.25,pixel_reliability=0 AND MODLAND_QA(bits0-1)=0 AND VI range -2000..10000,MOD13Q1 V061 Terra 250m 16-day
SO2214,Waaberi,SO22,Banadir,2021-01-01,0.1902,0.1902,0.14115,0.14115,0.2222222222222222,2,0.4444444444444444,0.1111111111111111,pixel_reliability=0 AND MODLAND_QA(bits0-1)=0 AND VI range -2000..10000,MOD13Q1 V061 Terra 250m 16-day
SO2214,Waaberi,SO22,Banadir,2021-01-17,,,,,0.0,0,0.6666666666666666,0.0,pixel_reliability=0 AND MODLAND_QA(bits0-1)=0 AND VI range -2000..10000,MOD13Q1 V061 Terra 250m 16-day
SO2214,Waaberi,SO22,Banadir,2021-02-02,,,,,0.0,0,0.5555555555555556,0.2222222222222222,pixel_reliability=0 AND MODLAND_QA(bits0-1)=0 AND VI range -2000..10000,MOD13Q1 V061 Terra 250m 16-day
SO2214,Waaberi,SO22,Banadir,2021-02-18,,,,,0.0,0,0.1111111111111111,0.1111111111111111,pixel_reliability=0 AND MODLAND_QA(bits0-1)=0 AND VI range -2000..10000,MOD13Q1 V061 Terra 250m 16-day
SO2214,Waaberi,SO22,Banadir,2021-03-06,,,,,0.0,0,0.6666666666666666,0.2222222222222222,pixel_reliability=0 AND MODLAND_QA(bits0-1)=0 AND VI range -2000..10000,MOD13Q1 V061 Terra 250m 16-day
SO2214,Waaberi,SO22,Banadir,2021-03-22,0.1597,0.1597,0.1154,0.1154,0.1111111111111111,1,0.4444444444444444,0.2222222222222222,pixel_reliability=0 AND MODLAND_QA(bits0-1)=0 AND VI range -2000..10000,MOD13Q1 V061 Terra 250m 16-day
SO2214,Waaberi,SO22,Banadir,2021-04-07,,,,,0.0,0,0.3333333333333333,0.1111111111111111,pixel_reliability=0 AND MODLAND_QA(bits0-1)=0 AND VI range -2000..10000,MOD13Q1 V061 Terra 250m 16-day
SO2214,Waaberi,SO22,Banadir,2021-04-23,,,,,0.0,0,0.0,0.6666666666666666,pixel_reliability=0 AND MODLAND_QA(bits0-1)=0 AND VI range -2000..10000,MOD13Q1 V061 Terra 250m 16-day
SO2214,Waaberi,SO22,Banadir,2021-05-09,,,,,0.0,0,0.1111111111111111,0.6666666666666666,pixel_reliability=0 AND MODLAND_QA(bits0-1)=0 AND VI range -2000..10000,MOD13Q1 V061 Terra 250m 16-day
SO2214,Waaberi,SO22,Banadir,2021-05-25,,,,,0.0,0,0.0,0.8888888888888888,pixel_reliability=0 AND MODLAND_QA(bits0-1)=0 AND VI range -2000..10000,MOD13Q1 V061 Terra 250m 16-day
SO2214,Waaberi,SO22,Banadir,2021-06-10,,,,,0.0,0,0.1111111111111111,0.5555555555555556,pixel_reliability=0 AND MODLAND_QA(bits0-1)=0 AND VI range -2000..10000,MOD13Q1 V061 Terra 250m 16-day
SO2214,Waaberi,SO22,Banadir,2021-06-26,,,,,0.0,0,0.2222222222222222,0.5555555555555556,pixel_reliability=0 AND MODLAND_QA(bits0-1)=0 AND VI range -2000..10000,MOD13Q1 V061 Terra 250m 16-day
SO2214,Waaberi,SO22,Banadir,2021-07-12,,,,,0.0,0,0.0,1.0,pixel_reliability=0 AND MODLAND_QA(bits0-1)=0 AND VI range -2000..10000,MOD13Q1 V061 Terra 250m 16-day
SO2214,Waaberi,SO22,Banadir,2021-07-28,,,,,0.0,0,0.0,1.0,pixel_reliability=0 AND MODLAND_QA(bits0-1)=0 AND VI range -2000..10000,MOD13Q1 V061 Terra 250m 16-day
SO2214,Waaberi,SO22,Banadir,2021-08-13,,,,,0.0,0,0.1111111111111111,0.3333333333333333,pixel_reliability=0 AND MODLAND_QA(bits0-1)=0 AND VI range -2000..10000,MOD13Q1 V061 Terra 250m 16-day
SO2214,Waaberi,SO22,Banadir,2021-08-29,,,,,0.0,0,0.1111111111111111,0.5555555555555556,pixel_reliability=0 AND MODLAND_QA(bits0-1)=0 AND VI range -2000..10000,MOD13Q1 V061 Terra 250m 16-day
SO2214,Waaberi,SO22,Banadir,2021-09-14,,,,,0.0,0,0.0,1.0,pixel_reliability=0 AND MODLAND_QA(bits0-1)=0 AND VI range -2000..10000,MOD13Q1 V061 Terra 250m 16-day
SO2214,Waaberi,SO22,Banadir,2021-09-30,,,,,0.0,0,0.4444444444444444,0.1111111111111111,pixel_reliability=0 AND MODLAND_QA(bits0-1)=0 AND VI range -2000..10000,MOD13Q1 V061 Terra 250m 16-day
SO2214,Waaberi,SO22,Banadir,2021-10-16,,,,,0.0,0,0.0,1.0,pixel_reliability=0 AND MODLAND_QA(bits0-1)=0 AND VI range -2000..10000,MOD13Q1 V061 Terra 250m 16-day
SO2214,Waaberi,SO22,Banadir,2021-11-01,,,,,0.0,0,0.0,1.0,pixel_reliability=0 AND MODLAND_QA(bits0-1)=0 AND VI range -2000..10000,MOD13Q1 V061 Terra 250m 16-day
SO2214,Waaberi,SO22,Banadir,2021-11-17,,,,,0.0,0,0.0,1.0,pixel_reliability=0 AND MODLAND_QA(bits0-1)=0 AND VI range -2000..10000,MOD13Q1 V061 Terra 250m 16-day
SO2214,Waaberi,SO22,Banadir,2021-12-03,,,,,0.0,0,0.0,1.0,pixel_reliability=0 AND MODLAND_QA(bits0-1)=0 AND VI range -2000..10000,MOD13Q1 V061 Terra 250m 16-day
SO2214,Waaberi,SO22,Banadir,2021-12-19,,,,,0.0,0,0.1111111111111111,0.2222222222222222,pixel_reliability=0 AND MODLAND_QA(bits0-1)=0 AND VI range -2000..10000,MOD13Q1 V061 Terra 250m 16-day
SO2215,Wadajir (Medina),SO22,Banadir,2021-01-01,0.218775,0.21989999999999998,0.165375,0.16465000000000002,0.12903225806451613,4,0.5161290322580645,0.03225806451612903,pixel_reliability=0 AND MODLAND_QA(bits0-1)=0 AND VI range -2000..10000,MOD13Q1 V061 Terra 250m 16-day
SO2215,Wadajir (Medina),SO22,Banadir,2021-01-17,0.16978,0.157,0.13296,0.1301,0.1612903225806451,5,0.4193548387096774,0.0,pixel_reliability=0 AND MODLAND_QA(bits0-1)=0 AND VI range -2000..10000,MOD13Q1 V061 Terra 250m 16-day
SO2215,Wadajir (Medina),SO22,Banadir,2021-02-02,0.235,0.235,0.188,0.188,0.032258064516129,1,0.7419354838709677,0.0,pixel_reliability=0 AND MODLAND_QA(bits0-1)=0 AND VI range -2000..10000,MOD13Q1 V061 Terra 250m 16-day
SO2215,Wadajir (Medina),SO22,Banadir,2021-02-18,0.1958666666666667,0.1978,0.1455166666666666,0.1427,0.1935483870967742,6,0.4193548387096774,0.0,pixel_reliability=0 AND MODLAND_QA(bits0-1)=0 AND VI range -2000..10000,MOD13Q1 V061 Terra 250m 16-day
SO2215,Wadajir (Medina),SO22,Banadir,2021-03-06,0.1921,0.1921,0.1341,0.1341,0.032258064516129,1,0.7419354838709677,0.0,pixel_reliability=0 AND MODLAND_QA(bits0-1)=0 AND VI range -2000..10000,MOD13Q1 V061 Terra 250m 16-day
SO2215,Wadajir (Medina),SO22,Banadir,2021-03-22,0.1594333333333333,0.1466,0.1201666666666666,0.1056,0.0967741935483871,3,0.4193548387096774,0.0,pixel_reliability=0 AND MODLAND_QA(bits0-1)=0 AND VI range -2000..10000,MOD13Q1 V061 Terra 250m 16-day
SO2215,Wadajir (Medina),SO22,Banadir,2021-04-07,0.17945,0.18225,0.133375,0.13075,0.1290322580645161,4,0.3870967741935484,0.0,pixel_reliability=0 AND MODLAND_QA(bits0-1)=0 AND VI range -2000..10000,MOD13Q1 V061 Terra 250m 16-day
SO2215,Wadajir (Medina),SO22,Banadir,2021-04-23,,,,,0.0,0,0.2580645161290322,0.3225806451612903,pixel_reliability=0 AND MODLAND_QA(bits0-1)=0 AND VI range -2000..10000,MOD13Q1 V061 Terra 250m 16-day
SO2215,Wadajir (Medina),SO22,Banadir,2021-05-09,,,,,0.0,0,0.064516129032258,0.6451612903225806,pixel_reliability=0 AND MODLAND_QA(bits0-1)=0 AND VI range -2000..10000,MOD13Q1 V061 Terra 250m 16-day
SO2215,Wadajir (Medina),SO22,Banadir,2021-05-25,0.1197,0.1197,0.0989,0.0989,0.032258064516129,1,0.0967741935483871,0.6129032258064516,pixel_reliability=0 AND MODLAND_QA(bits0-1)=0 AND VI range -2000..10000,MOD13Q1 V061 Terra 250m 16-day
SO2215,Wadajir (Medina),SO22,Banadir,2021-06-10,0.23355,0.23355,0.1757,0.1757,0.064516129032258,2,0.3225806451612903,0.0967741935483871,pixel_reliability=0 AND MODLAND_QA(bits0-1)=0 AND VI range -2000..10000,MOD13Q1 V061 Terra 250m 16-day
SO2215,Wadajir (Medina),SO22,Banadir,2021-06-26,,,,,0.0,0,0.4838709677419355,0.2258064516129032,pixel_reliability=0 AND MODLAND_QA(bits0-1)=0 AND VI range -2000..10000,MOD13Q1 V061 Terra 250m 16-day
SO2215,Wadajir (Medina),SO22,Banadir,2021-07-12,,,,,0.0,0,0.0,1.0,pixel_reliability=0 AND MODLAND_QA(bits0-1)=0 AND VI range -2000..10000,MOD13Q1 V061 Terra 250m 16-day
SO2215,Wadajir (Medina),SO22,Banadir,2021-07-28,,,,,0.0,0,0.2258064516129032,0.1612903225806451,pixel_reliability=0 AND MODLAND_QA(bits0-1)=0 AND VI range -2000..10000,MOD13Q1 V061 Terra 250m 16-day
SO2215,Wadajir (Medina),SO22,Banadir,2021-08-13,,,,,0.0,0,0.064516129032258,0.5161290322580645,pixel_reliability=0 AND MODLAND_QA(bits0-1)=0 AND VI range -2000..10000,MOD13Q1 V061 Terra 250m 16-day
SO2215,Wadajir (Medina),SO22,Banadir,2021-08-29,,,,,0.0,0,0.22580645161290322,0.22580645161290322,pixel_reliability=0 AND MODLAND_QA(bits0-1)=0 AND VI range -2000..10000,MOD13Q1 V061 Terra 250m 16-day
SO2215,Wadajir (Medina),SO22,Banadir,2021-09-14,,,,,0.0,0,0.0,0.7741935483870968,pixel_reliability=0 AND MODLAND_QA(bits0-1)=0 AND VI range -2000..10000,MOD13Q1 V061 Terra 250m 16-day
SO2215,Wadajir (Medina),SO22,Banadir,2021-09-30,0.2532,0.2532,0.2006,0.2006,0.032258064516129,1,0.1935483870967742,0.4838709677419355,pixel_reliability=0 AND MODLAND_QA(bits0-1)=0 AND VI range -2000..10000,MOD13Q1 V061 Terra 250m 16-day
SO2215,Wadajir (Medina),SO22,Banadir,2021-10-16,,,,,0.0,0,0.1935483870967742,0.3870967741935484,pixel_reliability=0 AND MODLAND_QA(bits0-1)=0 AND VI range -2000..10000,MOD13Q1 V061 Terra 250m 16-day
SO2215,Wadajir (Medina),SO22,Banadir,2021-11-01,,,,,0.0,0,0.0967741935483871,0.5161290322580645,pixel_reliability=0 AND MODLAND_QA(bits0-1)=0 AND VI range -2000..10000,MOD13Q1 V061 Terra 250m 16-day
SO2215,Wadajir (Medina),SO22,Banadir,2021-11-17,,,,,0.0,0,0.1290322580645161,0.6129032258064516,pixel_reliability=0 AND MODLAND_QA(bits0-1)=0 AND VI range -2000..10000,MOD13Q1 V061 Terra 250m 16-day
SO2215,Wadajir (Medina),SO22,Banadir,2021-12-03,,,,,0.0,0,0.1290322580645161,0.5806451612903226,pixel_reliability=0 AND MODLAND_QA(bits0-1)=0 AND VI range -2000..10000,MOD13Q1 V061 Terra 250m 16-day
SO2215,Wadajir (Medina),SO22,Banadir,2021-12-19,,,,,0.0,0,0.1935483870967742,0.2903225806451613,pixel_reliability=0 AND MODLAND_QA(bits0-1)=0 AND VI range -2000..10000,MOD13Q1 V061 Terra 250m 16-day
SO2216,Wardhigley,SO22,Banadir,2021-01-01,0.1464,0.1464,0.09670000000000001,0.09670000000000001,0.09090909090909091,1,0.5454545454545454,0.0,pixel_reliability=0 AND MODLAND_QA(bits0-1)=0 AND VI range -2000..10000,MOD13Q1 V061 Terra 250m 16-day
SO2216,Wardhigley,SO22,Banadir,2021-01-17,,,,,0.0,0,0.7272727272727273,0.1818181818181818,pixel_reliability=0 AND MODLAND_QA(bits0-1)=0 AND VI range -2000..10000,MOD13Q1 V061 Terra 250m 16-day
SO2216,Wardhigley,SO22,Banadir,2021-02-02,,,,,0.0,0,0.8181818181818182,0.0909090909090909,pixel_reliability=0 AND MODLAND_QA(bits0-1)=0 AND VI range -2000..10000,MOD13Q1 V061 Terra 250m 16-day
SO2216,Wardhigley,SO22,Banadir,2021-02-18,0.1752,0.1823,0.1103666666666666,0.1086,0.2727272727272727,3,0.4545454545454545,0.0,pixel_reliability=0 AND MODLAND_QA(bits0-1)=0 AND VI range -2000..10000,MOD13Q1 V061 Terra 250m 16-day
SO2216,Wardhigley,SO22,Banadir,2021-03-06,,,,,0.0,0,0.8181818181818182,0.0,pixel_reliability=0 AND MODLAND_QA(bits0-1)=0 AND VI range -2000..10000,MOD13Q1 V061 Terra 250m 16-day
SO2216,Wardhigley,SO22,Banadir,2021-03-22,0.1731,0.1731,0.1269,0.1269,0.1818181818181818,2,0.5454545454545454,0.0,pixel_reliability=0 AND MODLAND_QA(bits0-1)=0 AND VI range -2000..10000,MOD13Q1 V061 Terra 250m 16-day
SO2216,Wardhigley,SO22,Banadir,2021-04-07,,,,,0.0,0,0.8181818181818182,0.0909090909090909,pixel_reliability=0 AND MODLAND_QA(bits0-1)=0 AND VI range -2000..10000,MOD13Q1 V061 Terra 250m 16-day
SO2216,Wardhigley,SO22,Banadir,2021-04-23,,,,,0.0,0,0.0,0.6363636363636364,pixel_reliability=0 AND MODLAND_QA(bits0-1)=0 AND VI range -2000..10000,MOD13Q1 V061 Terra 250m 16-day
SO2216,Wardhigley,SO22,Banadir,2021-05-09,,,,,0.0,0,0.0,1.0,pixel_reliability=0 AND MODLAND_QA(bits0-1)=0 AND VI range -2000..10000,MOD13Q1 V061 Terra 250m 16-day
SO2216,Wardhigley,SO22,Banadir,2021-05-25,,,,,0.0,0,0.0909090909090909,0.6363636363636364,pixel_reliability=0 AND MODLAND_QA(bits0-1)=0 AND VI range -2000..10000,MOD13Q1 V061 Terra 250m 16-day
SO2216,Wardhigley,SO22,Banadir,2021-06-10,,,,,0.0,0,0.3636363636363636,0.4545454545454545,pixel_reliability=0 AND MODLAND_QA(bits0-1)=0 AND VI range -2000..10000,MOD13Q1 V061 Terra 250m 16-day
SO2216,Wardhigley,SO22,Banadir,2021-06-26,,,,,0.0,0,0.0909090909090909,0.5454545454545454,pixel_reliability=0 AND MODLAND_QA(bits0-1)=0 AND VI range -2000..10000,MOD13Q1 V061 Terra 250m 16-day
SO2216,Wardhigley,SO22,Banadir,2021-07-12,,,,,0.0,0,0.0,1.0,pixel_reliability=0 AND MODLAND_QA(bits0-1)=0 AND VI range -2000..10000,MOD13Q1 V061 Terra 250m 16-day
SO2216,Wardhigley,SO22,Banadir,2021-07-28,,,,,0.0,0,0.0,1.0,pixel_reliability=0 AND MODLAND_QA(bits0-1)=0 AND VI range -2000..10000,MOD13Q1 V061 Terra 250m 16-day
SO2216,Wardhigley,SO22,Banadir,2021-08-13,,,,,0.0,0,0.0,1.0,pixel_reliability=0 AND MODLAND_QA(bits0-1)=0 AND VI range -2000..10000,MOD13Q1 V061 Terra 250m 16-day
SO2216,Wardhigley,SO22,Banadir,2021-08-29,,,,,0.0,0,0.09090909090909091,0.7272727272727273,pixel_reliability=0 AND MODLAND_QA(bits0-1)=0 AND VI range -2000..10000,MOD13Q1 V061 Terra 250m 16-day
SO2216,Wardhigley,SO22,Banadir,2021-09-14,,,,,0.0,0,0.36363636363636365,0.2727272727272727,pixel_reliability=0 AND MODLAND_QA(bits0-1)=0 AND VI range -2000..10000,MOD13Q1 V061 Terra 250m 16-day
SO2216,Wardhigley,SO22,Banadir,2021-09-30,,,,,0.0,0,0.0909090909090909,0.8181818181818182,pixel_reliability=0 AND MODLAND_QA(bits0-1)=0 AND VI range -2000..10000,MOD13Q1 V061 Terra 250m 16-day
SO2216,Wardhigley,SO22,Banadir,2021-10-16,,,,,0.0,0,0.0,0.8181818181818182,pixel_reliability=0 AND MODLAND_QA(bits0-1)=0 AND VI range -2000..10000,MOD13Q1 V061 Terra 250m 16-day
SO2216,Wardhigley,SO22,Banadir,2021-11-01,,,,,0.0,0,0.1818181818181818,0.5454545454545454,pixel_reliability=0 AND MODLAND_QA(bits0-1)=0 AND VI range -2000..10000,MOD13Q1 V061 Terra 250m 16-day
SO2216,Wardhigley,SO22,Banadir,2021-11-17,,,,,0.0,0,0.0,0.9090909090909092,pixel_reliability=0 AND MODLAND_QA(bits0-1)=0 AND VI range -2000..10000,MOD13Q1 V061 Terra 250m 16-day
SO2216,Wardhigley,SO22,Banadir,2021-12-03,,,,,0.0,0,0.0909090909090909,0.5454545454545454,pixel_reliability=0 AND MODLAND_QA(bits0-1)=0 AND VI range -2000..10000,MOD13Q1 V061 Terra 250m 16-day
SO2216,Wardhigley,SO22,Banadir,2021-12-19,0.2225,0.2225,0.1465,0.1465,0.0909090909090909,1,0.2727272727272727,0.2727272727272727,pixel_reliability=0 AND MODLAND_QA(bits0-1)=0 AND VI range -2000..10000,MOD13Q1 V061 Terra 250m 16-day
SO2217,Yaaqshid,SO22,Banadir,2021-01-01,,,,,0.0,0,0.9285714285714286,0.0,pixel_reliability=0 AND MODLAND_QA(bits0-1)=0 AND VI range -2000..10000,MOD13Q1 V061 Terra 250m 16-day
SO2217,Yaaqshid,SO22,Banadir,2021-01-17,,,,,0.0,0,0.8571428571428571,0.0,pixel_reliability=0 AND MODLAND_QA(bits0-1)=0 AND VI range -2000..10000,MOD13Q1 V061 Terra 250m 16-day
SO2217,Yaaqshid,SO22,Banadir,2021-02-02,,,,,0.0,0,0.7857142857142857,0.0714285714285714,pixel_reliability=0 AND MODLAND_QA(bits0-1)=0 AND VI range -2000..10000,MOD13Q1 V061 Terra 250m 16-day
SO2217,Yaaqshid,SO22,Banadir,2021-02-18,0.1494,0.1494,0.0959,0.0959,0.0714285714285714,1,0.8571428571428571,0.0,pixel_reliability=0 AND MODLAND_QA(bits0-1)=0 AND VI range -2000..10000,MOD13Q1 V061 Terra 250m 16-day
SO2217,Yaaqshid,SO22,Banadir,2021-03-06,,,,,0.0,0,0.9285714285714286,0.0,pixel_reliability=0 AND MODLAND_QA(bits0-1)=0 AND VI range -2000..10000,MOD13Q1 V061 Terra 250m 16-day
SO2217,Yaaqshid,SO22,Banadir,2021-03-22,,,,,0.0,0,0.7142857142857143,0.0,pixel_reliability=0 AND MODLAND_QA(bits0-1)=0 AND VI range -2000..10000,MOD13Q1 V061 Terra 250m 16-day
SO2217,Yaaqshid,SO22,Banadir,2021-04-07,,,,,0.0,0,0.8571428571428571,0.0,pixel_reliability=0 AND MODLAND_QA(bits0-1)=0 AND VI range -2000..10000,MOD13Q1 V061 Terra 250m 16-day
SO2217,Yaaqshid,SO22,Banadir,2021-04-23,,,,,0.0,0,0.6428571428571429,0.0714285714285714,pixel_reliability=0 AND MODLAND_QA(bits0-1)=0 AND VI range -2000..10000,MOD13Q1 V061 Terra 250m 16-day
SO2217,Yaaqshid,SO22,Banadir,2021-05-09,,,,,0.0,0,0.3571428571428571,0.2142857142857142,pixel_reliability=0 AND MODLAND_QA(bits0-1)=0 AND VI range -2000..10000,MOD13Q1 V061 Terra 250m 16-day
SO2217,Yaaqshid,SO22,Banadir,2021-05-25,,,,,0.0,0,0.0714285714285714,0.4285714285714285,pixel_reliability=0 AND MODLAND_QA(bits0-1)=0 AND VI range -2000..10000,MOD13Q1 V061 Terra 250m 16-day
SO2217,Yaaqshid,SO22,Banadir,2021-06-10,,,,,0.0,0,0.6428571428571429,0.1428571428571428,pixel_reliability=0 AND MODLAND_QA(bits0-1)=0 AND VI range -2000..10000,MOD13Q1 V061 Terra 250m 16-day
SO2217,Yaaqshid,SO22,Banadir,2021-06-26,,,,,0.0,0,0.2857142857142857,0.5,pixel_reliability=0 AND MODLAND_QA(bits0-1)=0 AND VI range -2000..10000,MOD13Q1 V061 Terra 250m 16-day
SO2217,Yaaqshid,SO22,Banadir,2021-07-12,,,,,0.0,0,0.0,1.0,pixel_reliability=0 AND MODLAND_QA(bits0-1)=0 AND VI range -2000..10000,MOD13Q1 V061 Terra 250m 16-day
SO2217,Yaaqshid,SO22,Banadir,2021-07-28,,,,,0.0,0,0.0,0.9285714285714286,pixel_reliability=0 AND MODLAND_QA(bits0-1)=0 AND VI range -2000..10000,MOD13Q1 V061 Terra 250m 16-day
SO2217,Yaaqshid,SO22,Banadir,2021-08-13,,,,,0.0,0,0.0,0.7857142857142857,pixel_reliability=0 AND MODLAND_QA(bits0-1)=0 AND VI range -2000..10000,MOD13Q1 V061 Terra 250m 16-day
SO2217,Yaaqshid,SO22,Banadir,2021-08-29,,,,,0.0,0,0.6428571428571429,0.07142857142857142,pixel_reliability=0 AND MODLAND_QA(bits0-1)=0 AND VI range -2000..10000,MOD13Q1 V061 Terra 250m 16-day
SO2217,Yaaqshid,SO22,Banadir,2021-09-14,,,,,0.0,0,0.5,0.14285714285714285,pixel_reliability=0 AND MODLAND_QA(bits0-1)=0 AND VI range -2000..10000,MOD13Q1 V061 Terra 250m 16-day
SO2217,Yaaqshid,SO22,Banadir,2021-09-30,,,,,0.0,0,0.2142857142857142,0.2857142857142857,pixel_reliability=0 AND MODLAND_QA(bits0-1)=0 AND VI range -2000..10000,MOD13Q1 V061 Terra 250m 16-day
SO2217,Yaaqshid,SO22,Banadir,2021-10-16,,,,,0.0,0,0.0,0.8571428571428571,pixel_reliability=0 AND MODLAND_QA(bits0-1)=0 AND VI range -2000..10000,MOD13Q1 V061 Terra 250m 16-day
SO2217,Yaaqshid,SO22,Banadir,2021-11-01,,,,,0.0,0,0.5,0.1428571428571428,pixel_reliability=0 AND MODLAND_QA(bits0-1)=0 AND VI range -2000..10000,MOD13Q1 V061 Terra 250m 16-day
SO2217,Yaaqshid,SO22,Banadir,2021-11-17,,,,,0.0,0,0.7142857142857143,0.1428571428571428,pixel_reliability=0 AND MODLAND_QA(bits0-1)=0 AND VI range -2000..10000,MOD13Q1 V061 Terra 250m 16-day
SO2217,Yaaqshid,SO22,Banadir,2021-12-03,,,,,0.0,0,0.1428571428571428,0.4285714285714285,pixel_reliability=0 AND MODLAND_QA(bits0-1)=0 AND VI range -2000..10000,MOD13Q1 V061 Terra 250m 16-day
SO2217,Yaaqshid,SO22,Banadir,2021-12-19,,,,,0.0,0,0.2857142857142857,0.2857142857142857,pixel_reliability=0 AND MODLAND_QA(bits0-1)=0 AND VI range -2000..10000,MOD13Q1 V061 Terra 250m 16-day
SO2301,Marka,SO23,Lower Shabelle,2021-01-01,0.4884514200298954,0.4813,0.31320463378176383,0.30560000000000004,0.5263571990558615,669,0.1007081038552321,0.006294256490952006,pixel_reliability=0 AND MODLAND_QA(bits0-1)=0 AND VI range -2000..10000,MOD13Q1 V061 Terra 250m 16-day
SO2301,Marka,SO23,Lower Shabelle,2021-01-17,0.4391048751486325,0.4236,0.2866409036860879,0.2843,0.6616837136113297,841,0.049567269866247,0.0,pixel_reliability=0 AND MODLAND_QA(bits0-1)=0 AND VI range -2000..10000,MOD13Q1 V061 Terra 250m 16-day
SO2301,Marka,SO23,Lower Shabelle,2021-02-02,0.3903205254515599,0.3702,0.2519045977011494,0.2431,0.4791502753737214,609,0.068450039339103,0.0,pixel_reliability=0 AND MODLAND_QA(bits0-1)=0 AND VI range -2000..10000,MOD13Q1 V061 Terra 250m 16-day
SO2301,Marka,SO23,Lower Shabelle,2021-02-18,0.3771550326797385,0.3549,0.2466641830065359,0.2357,0.6018882769472856,765,0.075531077891424,0.007081038552321,pixel_reliability=0 AND MODLAND_QA(bits0-1)=0 AND VI range -2000..10000,MOD13Q1 V061 Terra 250m 16-day
SO2301,Marka,SO23,Lower Shabelle,2021-03-06,0.3485911949685535,0.3281,0.2294463312368972,0.2189,0.3752950432730134,477,0.3186467348544453,0.000786782061369,pixel_reliability=0 AND MODLAND_QA(bits0-1)=0 AND VI range -2000..10000,MOD13Q1 V061 Terra 250m 16-day
SO2301,Marka,SO23,Lower Shabelle,2021-03-22,0.2789915730337078,0.28075,0.1905769662921348,0.19775,0.1400472069236821,178,0.4933123524783634,0.009441384736428,pixel_reliability=0 AND MODLAND_QA(bits0-1)=0 AND VI range -2000..10000,MOD13Q1 V061 Terra 250m 16-day
SO2301,Marka,SO23,Lower Shabelle,2021-04-07,0.307388047808765,0.3073,0.1984127490039841,0.1937,0.1974822974036192,251,0.2321007081038552,0.046420141620771,pixel_reliability=0 AND MODLAND_QA(bits0-1)=0 AND VI range -2000..10000,MOD13Q1 V061 Terra 250m 16-day
SO2301,Marka,SO23,Lower Shabelle,2021-04-23,0.3418382716049383,0.33805,0.215245061728395,0.2059,0.1274586939417781,162,0.3249409913453973,0.057435090479937,pixel_reliability=0 AND MODLAND_QA(bits0-1)=0 AND VI range -2000..10000,MOD13Q1 V061 Terra 250m 16-day
SO2301,Marka,SO23,Lower Shabelle,2021-05-09,0.3680872611464968,0.3579,0.2456707006369426,0.229,0.1235247836349331,157,0.3548387096774194,0.1164437450826121,pixel_reliability=0 AND MODLAND_QA(bits0-1)=0 AND VI range -2000..10000,MOD13Q1 V061 Terra 250m 16-day
SO2301,Marka,SO23,Lower Shabelle,2021-05-25,0.3412821100917431,0.33605,0.226643119266055,0.2146,0.1715184893784421,218,0.3225806451612903,0.055861526357199,pixel_reliability=0 AND MODLAND_QA(bits0-1)=0 AND VI range -2000..10000,MOD13Q1 V061 Terra 250m 16-day
SO2301,Marka,SO23,Lower Shabelle,2021-06-10,0.3952037151702786,0.4022,0.2712263157894737,0.2703,0.2541306058221872,323,0.2769472856018883,0.027537372147915,pixel_reliability=0 AND MODLAND_QA(bits0-1)=0 AND VI range -2000..10000,MOD13Q1 V061 Terra 250m 16-day
SO2301,Marka,SO23,Lower Shabelle,2021-06-26,0.3476999999999999,0.35545,0.2362333333333333,0.239,0.02360346184107,30,0.4461054287962234,0.1856805664830841,pixel_reliability=0 AND MODLAND_QA(bits0-1)=0 AND VI range -2000..10000,MOD13Q1 V061 Terra 250m 16-day
SO2301,Marka,SO23,Lower Shabelle,2021-07-12,0.32371,0.34105,0.22187,0.2225,0.00786782061369,10,0.2297403619197482,0.4767899291896145,pixel_reliability=0 AND MODLAND_QA(bits0-1)=0 AND VI range -2000..10000,MOD13Q1 V061 Terra 250m 16-day
SO2301,Marka,SO23,Lower Shabelle,2021-07-28,0.4297685185185186,0.4155,0.304037037037037,0.29405,0.042486231313926,54,0.3603461841070023,0.2116443745082612,pixel_reliability=0 AND MODLAND_QA(bits0-1)=0 AND VI range -2000..10000,MOD13Q1 V061 Terra 250m 16-day
SO2301,Marka,SO23,Lower Shabelle,2021-08-13,0.4056234693877552,0.40745,0.2382010204081632,0.2312,0.077104642014162,98,0.3863099921321793,0.1510621557828481,pixel_reliability=0 AND MODLAND_QA(bits0-1)=0 AND VI range -2000..10000,MOD13Q1 V061 Terra 250m 16-day
SO2301,Marka,SO23,Lower Shabelle,2021-08-29,0.32587179487179485,0.3433,0.22277564102564107,0.23055000000000003,0.06136900078678206,78,0.5971675845790716,0.043273013375295044,pixel_reliability=0 AND MODLAND_QA(bits0-1)=0 AND VI range -2000..10000,MOD13Q1 V061 Terra 250m 16-day
SO2301,Marka,SO23,Lower Shabelle,2021-09-14,0.31582666666666664,0.33815,0.22337333333333337,0.24655,0.023603461841070025,30,0.5617623918174666,0.12588512981904013,pixel_reliability=0 AND MODLAND_QA(bits0-1)=0 AND VI range -2000..10000,MOD13Q1 V061 Terra 250m 16-day
SO2301,Marka,SO23,Lower Shabelle,2021-09-30,0.3765462499999999,0.3903,0.2765775,0.2883,0.06294256490952,80,0.4264358772619984,0.0983477576711251,pixel_reliability=0 AND MODLAND_QA(bits0-1)=0 AND VI range -2000..10000,MOD13Q1 V061 Terra 250m 16-day
SO2301,Marka,SO23,Lower Shabelle,2021-10-16,0.3937588235294118,0.3426,0.2902588235294118,0.2408,0.013375295043273,17,0.3241542092840283,0.3021243115656963,pixel_reliability=0 AND MODLAND_QA(bits0-1)=0 AND VI range -2000..10000,MOD13Q1 V061 Terra 250m 16-day
SO2301,Marka,SO23,Lower Shabelle,2021-11-01,0.3827551401869159,0.3649,0.2529532710280374,0.2509,0.084185680566483,107,0.3808025177025964,0.1235247836349331,pixel_reliability=0 AND MODLAND_QA(bits0-1)=0 AND VI range -2000..10000,MOD13Q1 V061 Terra 250m 16-day
SO2301,Marka,SO23,Lower Shabelle,2021-11-17,0.3857767857142857,0.35505,0.2363482142857143,0.22935,0.1321793863099921,168,0.3941778127458694,0.048780487804878,pixel_reliability=0 AND MODLAND_QA(bits0-1)=0 AND VI range -2000..10000,MOD13Q1 V061 Terra 250m 16-day
SO2301,Marka,SO23,Lower Shabelle,2021-12-03,0.4760128205128205,0.47635,0.3143439102564102,0.31495,0.2454760031471282,312,0.3123524783634933,0.022029897718332,pixel_reliability=0 AND MODLAND_QA(bits0-1)=0 AND VI range -2000..10000,MOD13Q1 V061 Terra 250m 16-day
SO2301,Marka,SO23,Lower Shabelle,2021-12-19,0.479388552631579,0.47545,0.3219590789473684,0.3223,0.5979543666404405,760,0.069236821400472,0.021243115656963,pixel_reliability=0 AND MODLAND_QA(bits0-1)=0 AND VI range -2000..10000,MOD13Q1 V061 Terra 250m 16-day
SO2302,Afgooye,SO23,Lower Shabelle,2021-01-01,0.3757264981949458,0.3635,0.23004370637785804,0.222,0.9503659652333029,4155,0.007548032936870997,0.0029734675205855443,pixel_reliability=0 AND MODLAND_QA(bits0-1)=0 AND VI range -2000..10000,MOD13Q1 V061 Terra 250m 16-day
SO2302,Afgooye,SO23,Lower Shabelle,2021-01-17,0.3289134996331621,0.3091,0.2005702616776718,0.1888,0.9352698993595608,4089,0.016010978956999,0.0032021957913998,pixel_reliability=0 AND MODLAND_QA(bits0-1)=0 AND VI range -2000..10000,MOD13Q1 V061 Terra 250m 16-day
SO2302,Afgooye,SO23,Lower Shabelle,2021-02-02,0.2934092045181447,0.2675,0.1816800288392213,0.1681,0.9517383348581884,4161,0.0112076852698993,0.0032021957913998,pixel_reliability=0 AND MODLAND_QA(bits0-1)=0 AND VI range -2000..10000,MOD13Q1 V061 Terra 250m 16-day
SO2302,Afgooye,SO23,Lower Shabelle,2021-02-18,0.2769538218878913,0.2486,0.1725904877456928,0.1593,0.9425892040256176,4121,0.008462946020128,0.0043458371454711,pixel_reliability=0 AND MODLAND_QA(bits0-1)=0 AND VI range -2000..10000,MOD13Q1 V061 Terra 250m 16-day
SO2302,Afgooye,SO23,Lower Shabelle,2021-03-06,0.2645802816901408,0.23785,0.1615512112676056,0.14925,0.8119853613906679,3550,0.0603842634949679,0.0020585544373284,pixel_reliability=0 AND MODLAND_QA(bits0-1)=0 AND VI range -2000..10000,MOD13Q1 V061 Terra 250m 16-day
SO2302,Afgooye,SO23,Lower Shabelle,2021-03-22,0.2541923035666398,0.2313,0.1649860016090104,0.1527,0.8529277218664227,3729,0.056267154620311,0.0016010978956999,pixel_reliability=0 AND MODLAND_QA(bits0-1)=0 AND VI range -2000..10000,MOD13Q1 V061 Terra 250m 16-day
SO2302,Afgooye,SO23,Lower Shabelle,2021-04-07,0.2620812111801242,0.222,0.1689725931677018,0.149,0.2946020128087832,1288,0.2792772186642269,0.1010978956999085,pixel_reliability=0 AND MODLAND_QA(bits0-1)=0 AND VI range -2000..10000,MOD13Q1 V061 Terra 250m 16-day
SO2302,Afgooye,SO23,Lower Shabelle,2021-04-23,0.3159169884169885,0.2966,0.2090007722007722,0.1923,0.0592406221408966,259,0.3824336688014638,0.2330741079597438,pixel_reliability=0 AND MODLAND_QA(bits0-1)=0 AND VI range -2000..10000,MOD13Q1 V061 Terra 250m 16-day
SO2302,Afgooye,SO23,Lower Shabelle,2021-05-09,0.3601682142857142,0.34995,0.2230439285714285,0.21555,0.0640439158279963,280,0.3531564501372369,0.2509149130832571,pixel_reliability=0 AND MODLAND_QA(bits0-1)=0 AND VI range -2000..10000,MOD13Q1 V061 Terra 250m 16-day
SO2302,Afgooye,SO23,Lower Shabelle,2021-05-25,0.3888285714285714,0.3793,0.2532238095238095,0.2581,0.0048032936870997,21,0.4768984446477585,0.1999085086916742,pixel_reliability=0 AND MODLAND_QA(bits0-1)=0 AND VI range -2000..10000,MOD13Q1 V061 Terra 250m 16-day
SO2302,Afgooye,SO23,Lower Shabelle,2021-06-10,0.3354889209463358,0.3208,0.2188614541257934,0.2144,0.3963860933211345,1733,0.2294144556267154,0.0219579139981701,pixel_reliability=0 AND MODLAND_QA(bits0-1)=0 AND VI range -2000..10000,MOD13Q1 V061 Terra 250m 16-day
SO2302,Afgooye,SO23,Lower Shabelle,2021-06-26,0.313561937716263,0.2794,0.1933622837370242,0.1836,0.0661024702653248,289,0.4688929551692589,0.126715462031107,pixel_reliability=0 AND MODLAND_QA(bits0-1)=0 AND VI range -2000..10000,MOD13Q1 V061 Terra 250m 16-day
SO2302,Afgooye,SO23,Lower Shabelle,2021-07-12,0.2536357142857143,0.2479,0.1574785714285714,0.1557,0.0032021957913998,14,0.1786367795059469,0.6269441903019213,pixel_reliability=0 AND MODLAND_QA(bits0-1)=0 AND VI range -2000..10000,MOD13Q1 V061 Terra 250m 16-day
SO2302,Afgooye,SO23,Lower Shabelle,2021-07-28,0.395905223880597,0.3847,0.2635186567164179,0.26435,0.0306495882891125,134,0.3657365050320219,0.2742451967063129,pixel_reliability=0 AND MODLAND_QA(bits0-1)=0 AND VI range -2000..10000,MOD13Q1 V061 Terra 250m 16-day
SO2302,Afgooye,SO23,Lower Shabelle,2021-08-13,0.4472,0.4698,0.3136058823529412,0.3428,0.0038883806038426,17,0.2339890210430009,0.4190301921317474,pixel_reliability=0 AND MODLAND_QA(bits0-1)=0 AND VI range -2000..10000,MOD13Q1 V061 Terra 250m 16-day
SO2302,Afgooye,SO23,Lower Shabelle,2021-08-29,0.287485447761194,0.2419,0.1772973880597015,0.1417,0.06129917657822507,268,0.6344922232387923,0.045516925892040254,pixel_reliability=0 AND MODLAND_QA(bits0-1)=0 AND VI range -2000..10000,MOD13Q1 V061 Terra 250m 16-day
SO2302,Afgooye,SO23,Lower Shabelle,2021-09-14,0.34900370370370365,0.3704,0.2419370370370371,0.2594,0.006175663311985362,27,0.4354986276303751,0.25434583714547115,pixel_reliability=0 AND MODLAND_QA(bits0-1)=0 AND VI range -2000..10000,MOD13Q1 V061 Terra 250m 16-day
SO2302,Afgooye,SO23,Lower Shabelle,2021-09-30,0.2615413043478261,0.24115,0.1647166666666666,0.13555,0.0315645013723696,138,0.361619396157365,0.2266697163769442,pixel_reliability=0 AND MODLAND_QA(bits0-1)=0 AND VI range -2000..10000,MOD13Q1 V061 Terra 250m 16-day
SO2302,Afgooye,SO23,Lower Shabelle,2021-10-16,0.3042454545454545,0.2984,0.1770363636363636,0.1724,0.0075480329368709,33,0.4261207685269899,0.2868252516010979,pixel_reliability=0 AND MODLAND_QA(bits0-1)=0 AND VI range -2000..10000,MOD13Q1 V061 Terra 250m 16-day
SO2302,Afgooye,SO23,Lower Shabelle,2021-11-01,0.2632151898734177,0.2506,0.1680379746835443,0.1524,0.0180695333943275,79,0.4876486733760293,0.2124885635864593,pixel_reliability=0 AND MODLAND_QA(bits0-1)=0 AND VI range -2000..10000,MOD13Q1 V061 Terra 250m 16-day
SO2302,Afgooye,SO23,Lower Shabelle,2021-11-17,0.3197562009419152,0.3107,0.2046642857142857,0.1974,0.2913998170173833,1274,0.2351326623970722,0.0894327538883806,pixel_reliability=0 AND MODLAND_QA(bits0-1)=0 AND VI range -2000..10000,MOD13Q1 V061 Terra 250m 16-day
SO2302,Afgooye,SO23,Lower Shabelle,2021-12-03,0.3463680675287356,0.31995,0.2049551005747126,0.18915,0.636779505946935,2784,0.1010978956999085,0.0306495882891125,pixel_reliability=0 AND MODLAND_QA(bits0-1)=0 AND VI range -2000..10000,MOD13Q1 V061 Terra 250m 16-day
SO2302,Afgooye,SO23,Lower Shabelle,2021-12-19,0.3290836027034969,0.2896,0.2049797531589773,0.1799,0.7783623055809699,3403,0.0180695333943275,0.1177950594693504,pixel_reliability=0 AND MODLAND_QA(bits0-1)=0 AND VI range -2000..10000,MOD13Q1 V061 Terra 250m 16-day
SO2303,Baraawe,SO23,Lower Shabelle,2021-01-01,0.3455183786078098,0.32445,0.22220475382003396,0.2146,0.6161087866108786,2356,0.05230125523012552,0.004707112970711297,pixel_reliability=0 AND MODLAND_QA(bits0-1)=0 AND VI range -2000..10000,MOD13Q1 V061 Terra 250m 16-day
SO2303,Baraawe,SO23,Lower Shabelle,2021-01-17,0.3009566809633784,0.2861,0.2030394259320356,0.1942,0.7926255230125523,3031,0.0264121338912133,0.0013075313807531,pixel_reliability=0 AND MODLAND_QA(bits0-1)=0 AND VI range -2000..10000,MOD13Q1 V061 Terra 250m 16-day
SO2303,Baraawe,SO23,Lower Shabelle,2021-02-02,0.2669974600870827,0.2571,0.1826211175616836,0.17915,0.3603556485355648,1378,0.2445083682008368,0.0086297071129707,pixel_reliability=0 AND MODLAND_QA(bits0-1)=0 AND VI range -2000..10000,MOD13Q1 V061 Terra 250m 16-day
SO2303,Baraawe,SO23,Lower Shabelle,2021-02-18,0.262417748091603,0.2534,0.1698900763358778,0.16765,0.6851464435146444,2620,0.0711297071129707,0.0094142259414225,pixel_reliability=0 AND MODLAND_QA(bits0-1)=0 AND VI range -2000..10000,MOD13Q1 V061 Terra 250m 16-day
SO2303,Baraawe,SO23,Lower Shabelle,2021-03-06,0.2545127887788779,0.2473,0.1735079207920792,0.1729,0.3169456066945607,1212,0.4194560669456067,0.0088912133891213,pixel_reliability=0 AND MODLAND_QA(bits0-1)=0 AND VI range -2000..10000,MOD13Q1 V061 Terra 250m 16-day
SO2303,Baraawe,SO23,Lower Shabelle,2021-03-22,0.2325772937905467,0.2336,0.1557135310472659,0.1587,0.2821652719665272,1079,0.3164225941422594,0.0319037656903765,pixel_reliability=0 AND MODLAND_QA(bits0-1)=0 AND VI range -2000..10000,MOD13Q1 V061 Terra 250m 16-day
SO2303,Baraawe,SO23,Lower Shabelle,2021-04-07,0.2152763313609467,0.23495,0.1530698224852071,0.16645,0.0883891213389121,338,0.3582635983263598,0.1414748953974895,pixel_reliability=0 AND MODLAND_QA(bits0-1)=0 AND VI range -2000..10000,MOD13Q1 V061 Terra 250m 16-day
SO2303,Baraawe,SO23,Lower Shabelle,2021-04-23,0.2340447154471545,0.2475,0.1560439024390243,0.1645,0.0643305439330543,246,0.3125,0.2149581589958159,pixel_reliability=0 AND MODLAND_QA(bits0-1)=0 AND VI range -2000..10000,MOD13Q1 V061 Terra 250m 16-day
SO2303,Baraawe,SO23,Lower Shabelle,2021-05-09,0.311041116751269,0.3262,0.2021213197969543,0.2144,0.0515167364016736,197,0.3595711297071129,0.2523535564853556,pixel_reliability=0 AND MODLAND_QA(bits0-1)=0 AND VI range -2000..10000,MOD13Q1 V061 Terra 250m 16-day
SO2303,Baraawe,SO23,Lower Shabelle,2021-05-25,0.2951132075471698,0.3221,0.2049637735849056,0.2163,0.0692991631799163,265,0.3742154811715481,0.2144351464435146,pixel_reliability=0 AND MODLAND_QA(bits0-1)=0 AND VI range -2000..10000,MOD13Q1 V061 Terra 250m 16-day
SO2303,Baraawe,SO23,Lower Shabelle,2021-06-10,0.384454962406015,0.37875,0.2600248120300752,0.26485,0.3478033472803347,1330,0.1961297071129707,0.0376569037656903,pixel_reliability=0 AND MODLAND_QA(bits0-1)=0 AND VI range -2000..10000,MOD13Q1 V061 Terra 250m 16-day
SO2303,Baraawe,SO23,Lower Shabelle,2021-06-26,0.2899804597701149,0.3136,0.1858045977011494,0.2013,0.0227510460251046,87,0.2939330543933054,0.3153765690376569,pixel_reliability=0 AND MODLAND_QA(bits0-1)=0 AND VI range -2000..10000,MOD13Q1 V061 Terra 250m 16-day
SO2303,Baraawe,SO23,Lower Shabelle,2021-07-12,0.3745366666666667,0.38955,0.25838,0.2646,0.0078451882845188,30,0.2194037656903765,0.5031380753138075,pixel_reliability=0 AND MODLAND_QA(bits0-1)=0 AND VI range -2000..10000,MOD13Q1 V061 Terra 250m 16-day
SO2303,Baraawe,SO23,Lower Shabelle,2021-07-28,0.3380818443804034,0.3545,0.2264167146974063,0.24,0.0907426778242677,347,0.3177301255230125,0.182531380753138,pixel_reliability=0 AND MODLAND_QA(bits0-1)=0 AND VI range -2000..10000,MOD13Q1 V061 Terra 250m 16-day
SO2303,Baraawe,SO23,Lower Shabelle,2021-08-13,0.3165903381642512,0.3426,0.2039057971014492,0.2163,0.0541317991631799,207,0.386244769874477,0.2207112970711297,pixel_reliability=0 AND MODLAND_QA(bits0-1)=0 AND VI range -2000..10000,MOD13Q1 V061 Terra 250m 16-day
SO2303,Baraawe,SO23,Lower Shabelle,2021-08-29,0.28244227642276426,0.30760000000000004,0.19619512195121952,0.2155,0.032165271966527194,123,0.49476987447698745,0.13807531380753138,pixel_reliability=0 AND MODLAND_QA(bits0-1)=0 AND VI range -2000..10000,MOD13Q1 V061 Terra 250m 16-day
SO2303,Baraawe,SO23,Lower Shabelle,2021-09-14,0.3027242236024845,0.33790000000000003,0.21645838509316773,0.2409,0.04210251046025105,161,0.6163702928870293,0.0852510460251046,pixel_reliability=0 AND MODLAND_QA(bits0-1)=0 AND VI range -2000..10000,MOD13Q1 V061 Terra 250m 16-day
SO2303,Baraawe,SO23,Lower Shabelle,2021-09-30,0.3567689492325856,0.3544,0.2257427390791027,0.228,0.2214958158995816,847,0.3135460251046025,0.1030334728033472,pixel_reliability=0 AND MODLAND_QA(bits0-1)=0 AND VI range -2000..10000,MOD13Q1 V061 Terra 250m 16-day
SO2303,Baraawe,SO23,Lower Shabelle,2021-10-16,0.2746763358778625,0.2923,0.1872419847328244,0.1951,0.0342573221757322,131,0.2677824267782426,0.3399581589958159,pixel_reliability=0 AND MODLAND_QA(bits0-1)=0 AND VI range -2000..10000,MOD13Q1 V061 Terra 250m 16-day
SO2303,Baraawe,SO23,Lower Shabelle,2021-11-01,0.2689155172413793,0.2764,0.1785341379310344,0.1881,0.075836820083682,290,0.4134414225941422,0.1770397489539749,pixel_reliability=0 AND MODLAND_QA(bits0-1)=0 AND VI range -2000..10000,MOD13Q1 V061 Terra 250m 16-day
SO2303,Baraawe,SO23,Lower Shabelle,2021-11-17,0.2606585895858959,0.2533,0.1612656826568266,0.1627,0.6378138075313807,2439,0.07086820083682,0.0530857740585774,pixel_reliability=0 AND MODLAND_QA(bits0-1)=0 AND VI range -2000..10000,MOD13Q1 V061 Terra 250m 16-day
SO2303,Baraawe,SO23,Lower Shabelle,2021-12-03,0.2476460905349794,0.243,0.1699810699588477,0.1675,0.0635460251046025,243,0.4293933054393305,0.1378138075313807,pixel_reliability=0 AND MODLAND_QA(bits0-1)=0 AND VI range -2000..10000,MOD13Q1 V061 Terra 250m 16-day
SO2303,Baraawe,SO23,Lower Shabelle,2021-12-19,0.2661714371617558,0.2536,0.16329711365003,0.1543,0.4348849372384937,1663,0.1506276150627615,0.1019874476987447,pixel_reliability=0 AND MODLAND_QA(bits0-1)=0 AND VI range -2000..10000,MOD13Q1 V061 Terra 250m 16-day
SO2304,Kurtunwaarey,SO23,Lower Shabelle,2021-01-01,0.5409827256637169,0.5433,0.3096660884955752,0.30820000000000003,0.9724612736660929,2825,0.004819277108433735,0.0,pixel_reliability=0 AND MODLAND_QA(bits0-1)=0 AND VI range -2000..10000,MOD13Q1 V061 Terra 250m 16-day
SO2304,Kurtunwaarey,SO23,Lower Shabelle,2021-01-17,0.4770945318084346,0.47865,0.2885529306647605,0.28795,0.9631669535283992,2798,0.0037865748709122,0.0,pixel_reliability=0 AND MODLAND_QA(bits0-1)=0 AND VI range -2000..10000,MOD13Q1 V061 Terra 250m 16-day
SO2304,Kurtunwaarey,SO23,Lower Shabelle,2021-02-02,0.4178683884297521,0.41315,0.2511490702479338,0.24935,0.9996557659208262,2904,0.0,0.0,pixel_reliability=0 AND MODLAND_QA(bits0-1)=0 AND VI range -2000..10000,MOD13Q1 V061 Terra 250m 16-day
SO2304,Kurtunwaarey,SO23,Lower Shabelle,2021-02-18,0.3724393425605537,0.3645,0.2304621107266435,0.2247,0.9948364888123924,2890,0.0003442340791738,0.0,pixel_reliability=0 AND MODLAND_QA(bits0-1)=0 AND VI range -2000..10000,MOD13Q1 V061 Terra 250m 16-day
SO2304,Kurtunwaarey,SO23,Lower Shabelle,2021-03-06,0.3552806810740013,0.3543,0.2110586771447282,0.2116,0.525645438898451,1527,0.3604130808950086,0.0,pixel_reliability=0 AND MODLAND_QA(bits0-1)=0 AND VI range -2000..10000,MOD13Q1 V061 Terra 250m 16-day
SO2304,Kurtunwaarey,SO23,Lower Shabelle,2021-03-22,0.3615027442371021,0.3626,0.2126560922063666,0.2104,0.3135972461273666,911,0.4791738382099827,0.0048192771084337,pixel_reliability=0 AND MODLAND_QA(bits0-1)=0 AND VI range -2000..10000,MOD13Q1 V061 Terra 250m 16-day
SO2304,Kurtunwaarey,SO23,Lower Shabelle,2021-04-07,0.3878956521739131,0.3733,0.2530869565217392,0.2335,0.0079173838209982,23,0.4819277108433735,0.2196213425129087,pixel_reliability=0 AND MODLAND_QA(bits0-1)=0 AND VI range -2000..10000,MOD13Q1 V061 Terra 250m 16-day
SO2304,Kurtunwaarey,SO23,Lower Shabelle,2021-04-23,0.6547266666666668,0.6977,0.3988266666666667,0.4148,0.0051635111876075,15,0.3074010327022375,0.3438898450946643,pixel_reliability=0 AND MODLAND_QA(bits0-1)=0 AND VI range -2000..10000,MOD13Q1 V061 Terra 250m 16-day
SO2304,Kurtunwaarey,SO23,Lower Shabelle,2021-05-09,,,,,0.0,0,0.3910499139414802,0.2898450946643717,pixel_reliability=0 AND MODLAND_QA(bits0-1)=0 AND VI range -2000..10000,MOD13Q1 V061 Terra 250m 16-day
SO2304,Kurtunwaarey,SO23,Lower Shabelle,2021-05-25,0.4223333333333334,0.43755,0.264125,0.2671,0.004130808950086,12,0.4905335628227194,0.1683304647160068,pixel_reliability=0 AND MODLAND_QA(bits0-1)=0 AND VI range -2000..10000,MOD13Q1 V061 Terra 250m 16-day
SO2304,Kurtunwaarey,SO23,Lower Shabelle,2021-06-10,0.5802093750000001,0.6011500000000001,0.3740978515625,0.38465,0.1762478485370051,512,0.4013769363166953,0.0561101549053356,pixel_reliability=0 AND MODLAND_QA(bits0-1)=0 AND VI range -2000..10000,MOD13Q1 V061 Terra 250m 16-day
SO2304,Kurtunwaarey,SO23,Lower Shabelle,2021-06-26,,,,,0.0,0,0.3518072289156626,0.2908777969018933,pixel_reliability=0 AND MODLAND_QA(bits0-1)=0 AND VI range -2000..10000,MOD13Q1 V061 Terra 250m 16-day
SO2304,Kurtunwaarey,SO23,Lower Shabelle,2021-07-12,0.51535,0.51535,0.3293,0.3293,0.0006884681583476,2,0.2936316695352839,0.470223752151463,pixel_reliability=0 AND MODLAND_QA(bits0-1)=0 AND VI range -2000..10000,MOD13Q1 V061 Terra 250m 16-day
SO2304,Kurtunwaarey,SO23,Lower Shabelle,2021-07-28,0.4425152941176471,0.444,0.2653541176470588,0.26285,0.0585197934595524,170,0.3707401032702238,0.2406196213425129,pixel_reliability=0 AND MODLAND_QA(bits0-1)=0 AND VI range -2000..10000,MOD13Q1 V061 Terra 250m 16-day
SO2304,Kurtunwaarey,SO23,Lower Shabelle,2021-08-13,0.3779,0.3779,0.2217,0.2217,0.0003442340791738,1,0.3714285714285714,0.3335628227194492,pixel_reliability=0 AND MODLAND_QA(bits0-1)=0 AND VI range -2000..10000,MOD13Q1 V061 Terra 250m 16-day
SO2304,Kurtunwaarey,SO23,Lower Shabelle,2021-08-29,0.4757,0.4757,0.3194,0.3194,0.00034423407917383823,1,0.6623063683304647,0.10567986230636833,pixel_reliability=0 AND MODLAND_QA(bits0-1)=0 AND VI range -2000..10000,MOD13Q1 V061 Terra 250m 16-day
SO2304,Kurtunwaarey,SO23,Lower Shabelle,2021-09-14,0.38035,0.38035,0.22840000000000002,0.22840000000000002,0.0006884681583476765,2,0.4258175559380379,0.22685025817555937,pixel_reliability=0 AND MODLAND_QA(bits0-1)=0 AND VI range -2000..10000,MOD13Q1 V061 Terra 250m 16-day
SO2304,Kurtunwaarey,SO23,Lower Shabelle,2021-09-30,0.4131753581661891,0.4098,0.2256707736389684,0.2227,0.1201376936316695,349,0.4478485370051635,0.0454388984509466,pixel_reliability=0 AND MODLAND_QA(bits0-1)=0 AND VI range -2000..10000,MOD13Q1 V061 Terra 250m 16-day
SO2304,Kurtunwaarey,SO23,Lower Shabelle,2021-10-16,0.5191,0.5191,0.2708,0.2708,0.0003442340791738,1,0.2240963855421686,0.5129087779690189,pixel_reliability=0 AND MODLAND_QA(bits0-1)=0 AND VI range -2000..10000,MOD13Q1 V061 Terra 250m 16-day
SO2304,Kurtunwaarey,SO23,Lower Shabelle,2021-11-01,0.2614363636363636,0.2375,0.1477818181818181,0.13255,0.0075731497418244,22,0.4354561101549053,0.2,pixel_reliability=0 AND MODLAND_QA(bits0-1)=0 AND VI range -2000..10000,MOD13Q1 V061 Terra 250m 16-day
SO2304,Kurtunwaarey,SO23,Lower Shabelle,2021-11-17,0.4904407704654895,0.5417000000000001,0.2607590690208667,0.2818,0.2144578313253012,623,0.5900172117039587,0.0,pixel_reliability=0 AND MODLAND_QA(bits0-1)=0 AND VI range -2000..10000,MOD13Q1 V061 Terra 250m 16-day
SO2304,Kurtunwaarey,SO23,Lower Shabelle,2021-12-03,0.5578661145617667,0.5566,0.3087928226363009,0.3059,0.4987951807228916,1449,0.2282271944922547,0.004130808950086,pixel_reliability=0 AND MODLAND_QA(bits0-1)=0 AND VI range -2000..10000,MOD13Q1 V061 Terra 250m 16-day
SO2304,Kurtunwaarey,SO23,Lower Shabelle,2021-12-19,0.4860489061740398,0.4919,0.2995763247447739,0.2984,0.7080895008605852,2057,0.0836488812392426,0.0082616179001721,pixel_reliability=0 AND MODLAND_QA(bits0-1)=0 AND VI range -2000..10000,MOD13Q1 V061 Terra 250m 16-day
SO2305,Qoryooley,SO23,Lower Shabelle,2021-01-01,0.4607833075335398,0.4516,0.2704300309597523,0.2651,0.984505969011938,3876,0.000508001016002032,0.0,pixel_reliability=0 AND MODLAND_QA(bits0-1)=0 AND VI range -2000..10000,MOD13Q1 V061 Terra 250m 16-day
SO2305,Qoryooley,SO23,Lower Shabelle,2021-01-17,0.4042819209039548,0.3928,0.2398327414581652,0.2315,0.9441198882397764,3717,0.0022860045720091,0.0,pixel_reliability=0 AND MODLAND_QA(bits0-1)=0 AND VI range -2000..10000,MOD13Q1 V061 Terra 250m 16-day
SO2305,Qoryooley,SO23,Lower Shabelle,2021-02-02,0.3616829467244456,0.3466,0.2163608717817996,0.2057,0.9964439928879858,3923,0.000254000508001,0.0,pixel_reliability=0 AND MODLAND_QA(bits0-1)=0 AND VI range -2000..10000,MOD13Q1 V061 Terra 250m 16-day
SO2305,Qoryooley,SO23,Lower Shabelle,2021-02-18,0.3327893757961784,0.3156,0.2077341910828025,0.1975,0.9969519939039878,3925,0.000254000508001,0.0,pixel_reliability=0 AND MODLAND_QA(bits0-1)=0 AND VI range -2000..10000,MOD13Q1 V061 Terra 250m 16-day
SO2305,Qoryooley,SO23,Lower Shabelle,2021-03-06,0.3069726363636363,0.3023,0.1950584090909091,0.19,0.5588011176022352,2200,0.1828803657607315,0.0,pixel_reliability=0 AND MODLAND_QA(bits0-1)=0 AND VI range -2000..10000,MOD13Q1 V061 Terra 250m 16-day
SO2305,Qoryooley,SO23,Lower Shabelle,2021-03-22,0.2973840886203424,0.2934,0.1878045317220543,0.1889,0.2522225044450089,993,0.5646431292862586,0.0035560071120142,pixel_reliability=0 AND MODLAND_QA(bits0-1)=0 AND VI range -2000..10000,MOD13Q1 V061 Terra 250m 16-day
SO2305,Qoryooley,SO23,Lower Shabelle,2021-04-07,0.3347653846153846,0.29415,0.2065903846153846,0.17795,0.0132080264160528,52,0.3200406400812801,0.3103886207772415,pixel_reliability=0 AND MODLAND_QA(bits0-1)=0 AND VI range -2000..10000,MOD13Q1 V061 Terra 250m 16-day
SO2305,Qoryooley,SO23,Lower Shabelle,2021-04-23,0.3432272727272727,0.3264,0.2006272727272727,0.1841,0.0027940055880111,11,0.2887985775971552,0.3942087884175768,pixel_reliability=0 AND MODLAND_QA(bits0-1)=0 AND VI range -2000..10000,MOD13Q1 V061 Terra 250m 16-day
SO2305,Qoryooley,SO23,Lower Shabelle,2021-05-09,0.4749662337662338,0.4664,0.2896688311688312,0.282,0.0195580391160782,77,0.4422148844297688,0.2128524257048514,pixel_reliability=0 AND MODLAND_QA(bits0-1)=0 AND VI range -2000..10000,MOD13Q1 V061 Terra 250m 16-day
SO2305,Qoryooley,SO23,Lower Shabelle,2021-05-25,0.45465,0.45465,0.31495,0.31495,0.000508001016002,2,0.5326390652781305,0.1419862839725679,pixel_reliability=0 AND MODLAND_QA(bits0-1)=0 AND VI range -2000..10000,MOD13Q1 V061 Terra 250m 16-day
SO2305,Qoryooley,SO23,Lower Shabelle,2021-06-10,0.431136043956044,0.4221,0.2700795604395604,0.2651,0.1155702311404622,455,0.4038608077216154,0.0990601981203962,pixel_reliability=0 AND MODLAND_QA(bits0-1)=0 AND VI range -2000..10000,MOD13Q1 V061 Terra 250m 16-day
SO2305,Qoryooley,SO23,Lower Shabelle,2021-06-26,0.4251,0.4251,0.2556,0.2556,0.000254000508001,1,0.2989585979171958,0.3837947675895352,pixel_reliability=0 AND MODLAND_QA(bits0-1)=0 AND VI range -2000..10000,MOD13Q1 V061 Terra 250m 16-day
SO2305,Qoryooley,SO23,Lower Shabelle,2021-07-12,0.396275,0.38865,0.249775,0.246,0.001016002032004,4,0.3045466090932182,0.4719329438658877,pixel_reliability=0 AND MODLAND_QA(bits0-1)=0 AND VI range -2000..10000,MOD13Q1 V061 Terra 250m 16-day
SO2305,Qoryooley,SO23,Lower Shabelle,2021-07-28,0.5146309523809524,0.53805,0.3203261904761905,0.3278,0.0106680213360426,42,0.2758445516891034,0.4081788163576327,pixel_reliability=0 AND MODLAND_QA(bits0-1)=0 AND VI range -2000..10000,MOD13Q1 V061 Terra 250m 16-day
SO2305,Qoryooley,SO23,Lower Shabelle,2021-08-13,0.3584,0.3584,0.232,0.232,0.000254000508001,1,0.2293624587249174,0.4701549403098806,pixel_reliability=0 AND MODLAND_QA(bits0-1)=0 AND VI range -2000..10000,MOD13Q1 V061 Terra 250m 16-day
SO2305,Qoryooley,SO23,Lower Shabelle,2021-08-29,0.52162,0.4939,0.3372,0.3126,0.00127000254000508,5,0.7861315722631446,0.03556007112014224,pixel_reliability=0 AND MODLAND_QA(bits0-1)=0 AND VI range -2000..10000,MOD13Q1 V061 Terra 250m 16-day
SO2305,Qoryooley,SO23,Lower Shabelle,2021-09-14,0.4168,0.4168,0.29960000000000003,0.29960000000000003,0.000254000508001016,1,0.49555499110998225,0.19964439928879857,pixel_reliability=0 AND MODLAND_QA(bits0-1)=0 AND VI range -2000..10000,MOD13Q1 V061 Terra 250m 16-day
SO2305,Qoryooley,SO23,Lower Shabelle,2021-09-30,0.385,0.385,0.2109,0.2109,0.000254000508001,1,0.429514859029718,0.2194564389128778,pixel_reliability=0 AND MODLAND_QA(bits0-1)=0 AND VI range -2000..10000,MOD13Q1 V061 Terra 250m 16-day
SO2305,Qoryooley,SO23,Lower Shabelle,2021-10-16,0.3998666666666666,0.402,0.2465,0.2455,0.000762001524003,3,0.3675387350774701,0.317754635509271,pixel_reliability=0 AND MODLAND_QA(bits0-1)=0 AND VI range -2000..10000,MOD13Q1 V061 Terra 250m 16-day
SO2305,Qoryooley,SO23,Lower Shabelle,2021-11-01,0.4577166666666667,0.4628,0.2651166666666666,0.2671,0.0060960121920243,24,0.5275590551181102,0.1427482854965709,pixel_reliability=0 AND MODLAND_QA(bits0-1)=0 AND VI range -2000..10000,MOD13Q1 V061 Terra 250m 16-day
SO2305,Qoryooley,SO23,Lower Shabelle,2021-11-17,0.4350945945945946,0.43325,0.2312774774774775,0.2279,0.0563881127762255,222,0.8084836169672339,0.0,pixel_reliability=0 AND MODLAND_QA(bits0-1)=0 AND VI range -2000..10000,MOD13Q1 V061 Terra 250m 16-day
SO2305,Qoryooley,SO23,Lower Shabelle,2021-12-03,0.4912044567433731,0.4858,0.2810020972909991,0.2761,0.8719837439674879,3433,0.0350520701041402,0.000762001524003,pixel_reliability=0 AND MODLAND_QA(bits0-1)=0 AND VI range -2000..10000,MOD13Q1 V061 Terra 250m 16-day
SO2305,Qoryooley,SO23,Lower Shabelle,2021-12-19,0.4746632435817157,0.4684,0.2965956793988729,0.291,0.8112776225552452,3194,0.0919481838963677,0.0038100076200152,pixel_reliability=0 AND MODLAND_QA(bits0-1)=0 AND VI range -2000..10000,MOD13Q1 V061 Terra 250m 16-day
SO2306,Sablaale,SO23,Lower Shabelle,2021-01-01,0.5566992436135294,0.5619000000000001,0.32824368488654204,0.32680000000000003,0.9810977317278073,7007,0.0019602352282273874,0.0,pixel_reliability=0 AND MODLAND_QA(bits0-1)=0 AND VI range -2000..10000,MOD13Q1 V061 Terra 250m 16-day
SO2306,Sablaale,SO23,Lower Shabelle,2021-01-17,0.4825436628079549,0.4829,0.294003695458593,0.2924,0.9434332119854384,6738,0.0109213105572668,0.0,pixel_reliability=0 AND MODLAND_QA(bits0-1)=0 AND VI range -2000..10000,MOD13Q1 V061 Terra 250m 16-day
SO2306,Sablaale,SO23,Lower Shabelle,2021-02-02,0.4175596621221102,0.4142,0.26037768227623,0.2591,0.9448333800056008,6748,0.0152618314197703,0.0,pixel_reliability=0 AND MODLAND_QA(bits0-1)=0 AND VI range -2000..10000,MOD13Q1 V061 Terra 250m 16-day
SO2306,Sablaale,SO23,Lower Shabelle,2021-02-18,0.3703366235741445,0.3672,0.232308288973384,0.2306,0.9206104732567908,6575,0.0189022682721926,0.0,pixel_reliability=0 AND MODLAND_QA(bits0-1)=0 AND VI range -2000..10000,MOD13Q1 V061 Terra 250m 16-day
SO2306,Sablaale,SO23,Lower Shabelle,2021-03-06,0.3656580963435868,0.3619,0.2108323660282453,0.2112,0.7237468496219547,5169,0.1143937272472696,0.0,pixel_reliability=0 AND MODLAND_QA(bits0-1)=0 AND VI range -2000..10000,MOD13Q1 V061 Terra 250m 16-day
SO2306,Sablaale,SO23,Lower Shabelle,2021-03-22,0.3538178057553957,0.35025,0.2229210071942446,0.2185,0.3892467096051526,2780,0.3702044245309437,0.0060207224866984,pixel_reliability=0 AND MODLAND_QA(bits0-1)=0 AND VI range -2000..10000,MOD13Q1 V061 Terra 250m 16-day
SO2306,Sablaale,SO23,Lower Shabelle,2021-04-07,0.4254214285714285,0.37695,0.2820142857142857,0.2465,0.0019602352282273,14,0.417250070008401,0.2614113693643237,pixel_reliability=0 AND MODLAND_QA(bits0-1)=0 AND VI range -2000..10000,MOD13Q1 V061 Terra 250m 16-day
SO2306,Sablaale,SO23,Lower Shabelle,2021-04-23,0.6574382352941176,0.6648000000000001,0.4075441176470589,0.4096,0.0047605712685522,34,0.4831979837580509,0.1746009521142537,pixel_reliability=0 AND MODLAND_QA(bits0-1)=0 AND VI range -2000..10000,MOD13Q1 V061 Terra 250m 16-day
SO2306,Sablaale,SO23,Lower Shabelle,2021-05-09,,,,,0.0,0,0.2458695043405208,0.4270512461495379,pixel_reliability=0 AND MODLAND_QA(bits0-1)=0 AND VI range -2000..10000,MOD13Q1 V061 Terra 250m 16-day
SO2306,Sablaale,SO23,Lower Shabelle,2021-05-25,0.6096333333333334,0.6202000000000001,0.3507,0.3649,0.0004200504060487,3,0.4906188742649118,0.2047045645477457,pixel_reliability=0 AND MODLAND_QA(bits0-1)=0 AND VI range -2000..10000,MOD13Q1 V061 Terra 250m 16-day
SO2306,Sablaale,SO23,Lower Shabelle,2021-06-10,0.5807238520408163,0.5821500000000001,0.3695413265306123,0.3676,0.2195463455614673,1568,0.3996079529543545,0.0449453934472136,pixel_reliability=0 AND MODLAND_QA(bits0-1)=0 AND VI range -2000..10000,MOD13Q1 V061 Terra 250m 16-day
SO2306,Sablaale,SO23,Lower Shabelle,2021-06-26,0.6052571428571429,0.6024,0.3555428571428572,0.3569,0.0009801176141136,7,0.3916269952394287,0.2950154018482218,pixel_reliability=0 AND MODLAND_QA(bits0-1)=0 AND VI range -2000..10000,MOD13Q1 V061 Terra 250m 16-day
SO2306,Sablaale,SO23,Lower Shabelle,2021-07-12,0.5024666666666667,0.5117,0.3043333333333333,0.3052,0.0004200504060487,3,0.1507980957714925,0.6411369364323719,pixel_reliability=0 AND MODLAND_QA(bits0-1)=0 AND VI range -2000..10000,MOD13Q1 V061 Terra 250m 16-day
SO2306,Sablaale,SO23,Lower Shabelle,2021-07-28,0.5096047619047619,0.5029,0.3193071428571428,0.319,0.0058807056846821,42,0.3053766451974237,0.4123494819378325,pixel_reliability=0 AND MODLAND_QA(bits0-1)=0 AND VI range -2000..10000,MOD13Q1 V061 Terra 250m 16-day
SO2306,Sablaale,SO23,Lower Shabelle,2021-08-13,0.59944,0.5581,0.3384,0.3309,0.0007000840100812,5,0.3814057686922431,0.3286194343321199,pixel_reliability=0 AND MODLAND_QA(bits0-1)=0 AND VI range -2000..10000,MOD13Q1 V061 Terra 250m 16-day
SO2306,Sablaale,SO23,Lower Shabelle,2021-08-29,,,,,0.0,0,0.4257910949313918,0.22976757210865303,pixel_reliability=0 AND MODLAND_QA(bits0-1)=0 AND VI range -2000..10000,MOD13Q1 V061 Terra 250m 16-day
SO2306,Sablaale,SO23,Lower Shabelle,2021-09-14,,,,,0.0,0,0.3277793335200224,0.30929711565387846,pixel_reliability=0 AND MODLAND_QA(bits0-1)=0 AND VI range -2000..10000,MOD13Q1 V061 Terra 250m 16-day
SO2306,Sablaale,SO23,Lower Shabelle,2021-09-30,0.4074899825479929,0.4056,0.2291803839441535,0.2265,0.4011481377765332,2865,0.260991318958275,0.0179221506580789,pixel_reliability=0 AND MODLAND_QA(bits0-1)=0 AND VI range -2000..10000,MOD13Q1 V061 Terra 250m 16-day
SO2306,Sablaale,SO23,Lower Shabelle,2021-10-16,,,,,0.0,0,0.2198263791654998,0.5161019322318678,pixel_reliability=0 AND MODLAND_QA(bits0-1)=0 AND VI range -2000..10000,MOD13Q1 V061 Terra 250m 16-day
SO2306,Sablaale,SO23,Lower Shabelle,2021-11-01,0.4843815189873418,0.4883,0.2999574683544304,0.2991,0.0553066367964155,395,0.5840100812097452,0.04284514141697,pixel_reliability=0 AND MODLAND_QA(bits0-1)=0 AND VI range -2000..10000,MOD13Q1 V061 Terra 250m 16-day
SO2306,Sablaale,SO23,Lower Shabelle,2021-11-17,0.490504206807964,0.4942,0.2694985228002569,0.26785,0.4360123214785774,3114,0.3501820218426211,0.0025203024362923,pixel_reliability=0 AND MODLAND_QA(bits0-1)=0 AND VI range -2000..10000,MOD13Q1 V061 Terra 250m 16-day
SO2306,Sablaale,SO23,Lower Shabelle,2021-12-03,0.5299170265486726,0.5346000000000001,0.2943042477876106,0.2964,0.3955474656958835,2825,0.3399607952954354,0.0037804536544385,pixel_reliability=0 AND MODLAND_QA(bits0-1)=0 AND VI range -2000..10000,MOD13Q1 V061 Terra 250m 16-day
SO2306,Sablaale,SO23,Lower Shabelle,2021-12-19,0.4870190769990128,0.489,0.2854692250740375,0.2865,0.5673480817698123,4052,0.220526463175581,0.0030803696443573,pixel_reliability=0 AND MODLAND_QA(bits0-1)=0 AND VI range -2000..10000,MOD13Q1 V061 Terra 250m 16-day
SO2307,Wanla Weyn,SO23,Lower Shabelle,2021-01-01,0.31747152767527675,0.31520000000000004,0.1846168413284133,0.1814,0.9961770327892957,6775,0.000882223202470225,0.0,pixel_reliability=0 AND MODLAND_QA(bits0-1)=0 AND VI range -2000..10000,MOD13Q1 V061 Terra 250m 16-day
SO2307,Wanla Weyn,SO23,Lower Shabelle,2021-01-17,0.2759698194838133,0.2762,0.1604091153214978,0.1619,0.985590354359653,6703,0.0016174092045287,0.0,pixel_reliability=0 AND MODLAND_QA(bits0-1)=0 AND VI range -2000..10000,MOD13Q1 V061 Terra 250m 16-day
SO2307,Wanla Weyn,SO23,Lower Shabelle,2021-02-02,0.2554664157760048,0.2538,0.1503949872045762,0.1519,0.9767681223349508,6643,0.0033818556094691,0.0,pixel_reliability=0 AND MODLAND_QA(bits0-1)=0 AND VI range -2000..10000,MOD13Q1 V061 Terra 250m 16-day
SO2307,Wanla Weyn,SO23,Lower Shabelle,2021-02-18,0.2424169079939668,0.2384,0.145589245852187,0.1478,0.9748566387295986,6630,0.0019114836053521,0.0,pixel_reliability=0 AND MODLAND_QA(bits0-1)=0 AND VI range -2000..10000,MOD13Q1 V061 Terra 250m 16-day
SO2307,Wanla Weyn,SO23,Lower Shabelle,2021-03-06,0.2339062509966513,0.2306,0.1401866209535959,0.1434,0.9220702837817968,6271,0.0101455668284075,0.0,pixel_reliability=0 AND MODLAND_QA(bits0-1)=0 AND VI range -2000..10000,MOD13Q1 V061 Terra 250m 16-day
SO2307,Wanla Weyn,SO23,Lower Shabelle,2021-03-22,0.2387721534279674,0.2341,0.1405573240712775,0.1415,0.973680341126305,6622,0.0052933392148213,0.0,pixel_reliability=0 AND MODLAND_QA(bits0-1)=0 AND VI range -2000..10000,MOD13Q1 V061 Terra 250m 16-day
SO2307,Wanla Weyn,SO23,Lower Shabelle,2021-04-07,0.2522680764411028,0.2525,0.1501378759398496,0.1537,0.4693427437141597,3192,0.2811351271871783,0.0114689016321129,pixel_reliability=0 AND MODLAND_QA(bits0-1)=0 AND VI range -2000..10000,MOD13Q1 V061 Terra 250m 16-day
SO2307,Wanla Weyn,SO23,Lower Shabelle,2021-04-23,0.3195358974358974,0.3237,0.2055653846153846,0.20175,0.0114689016321129,78,0.2890751360094103,0.3731804146449051,pixel_reliability=0 AND MODLAND_QA(bits0-1)=0 AND VI range -2000..10000,MOD13Q1 V061 Terra 250m 16-day
SO2307,Wanla Weyn,SO23,Lower Shabelle,2021-05-09,0.3759764588100687,0.3702,0.2309862986270023,0.2292,0.5140420526393178,3496,0.1598294368475224,0.0141155712395236,pixel_reliability=0 AND MODLAND_QA(bits0-1)=0 AND VI range -2000..10000,MOD13Q1 V061 Terra 250m 16-day
SO2307,Wanla Weyn,SO23,Lower Shabelle,2021-05-25,0.3382491803278688,0.3362,0.2187377049180328,0.2185,0.0179385384502279,122,0.6354947801793854,0.076018232612851,pixel_reliability=0 AND MODLAND_QA(bits0-1)=0 AND VI range -2000..10000,MOD13Q1 V061 Terra 250m 16-day
SO2307,Wanla Weyn,SO23,Lower Shabelle,2021-06-10,0.3021402739726028,0.3044,0.1860394520547945,0.1857,0.053668578150272,365,0.4715483017203352,0.0798411998235553,pixel_reliability=0 AND MODLAND_QA(bits0-1)=0 AND VI range -2000..10000,MOD13Q1 V061 Terra 250m 16-day
SO2307,Wanla Weyn,SO23,Lower Shabelle,2021-06-26,0.2677762886597938,0.25585,0.1558730240549828,0.15195,0.0855756506396118,582,0.4812527569475077,0.0773415674165563,pixel_reliability=0 AND MODLAND_QA(bits0-1)=0 AND VI range -2000..10000,MOD13Q1 V061 Terra 250m 16-day
SO2307,Wanla Weyn,SO23,Lower Shabelle,2021-07-12,0.2345333333333333,0.2251,0.1516222222222222,0.1463,0.0013233348037053,9,0.1852668725187472,0.5938832524628731,pixel_reliability=0 AND MODLAND_QA(bits0-1)=0 AND VI range -2000..10000,MOD13Q1 V061 Terra 250m 16-day
SO2307,Wanla Weyn,SO23,Lower Shabelle,2021-07-28,0.2641478260869564,0.26095,0.1539217391304347,0.15435,0.0067637112189383,46,0.2664314071460079,0.4727245993236288,pixel_reliability=0 AND MODLAND_QA(bits0-1)=0 AND VI range -2000..10000,MOD13Q1 V061 Terra 250m 16-day
SO2307,Wanla Weyn,SO23,Lower Shabelle,2021-08-13,0.26162,0.2627,0.1444599999999999,0.1422,0.002940744008234,20,0.3852374650786649,0.3149536832818703,pixel_reliability=0 AND MODLAND_QA(bits0-1)=0 AND VI range -2000..10000,MOD13Q1 V061 Terra 250m 16-day
SO2307,Wanla Weyn,SO23,Lower Shabelle,2021-08-29,0.21977818181818182,0.21175000000000002,0.1409661363636364,0.13605,0.06469636818114984,440,0.695338920746949,0.024261138067931187,pixel_reliability=0 AND MODLAND_QA(bits0-1)=0 AND VI range -2000..10000,MOD13Q1 V061 Terra 250m 16-day
SO2307,Wanla Weyn,SO23,Lower Shabelle,2021-09-14,0.2501275675675676,0.25620000000000004,0.15963675675675676,0.1632,0.02720188207616527,185,0.5499191295397735,0.11689457432730481,pixel_reliability=0 AND MODLAND_QA(bits0-1)=0 AND VI range -2000..10000,MOD13Q1 V061 Terra 250m 16-day
SO2307,Wanla Weyn,SO23,Lower Shabelle,2021-09-30,0.246054113345521,0.24675,0.1358418647166362,0.1369,0.1608586972504043,1094,0.3983237759153066,0.0666078517865019,pixel_reliability=0 AND MODLAND_QA(bits0-1)=0 AND VI range -2000..10000,MOD13Q1 V061 Terra 250m 16-day
SO2307,Wanla Weyn,SO23,Lower Shabelle,2021-10-16,0.3738515960230246,0.3674,0.2208316064887493,0.2232,0.2809880899867666,1911,0.3967063667107778,0.0301426260843993,pixel_reliability=0 AND MODLAND_QA(bits0-1)=0 AND VI range -2000..10000,MOD13Q1 V061 Terra 250m 16-day
SO2307,Wanla Weyn,SO23,Lower Shabelle,2021-11-01,0.3630210526315789,0.3644,0.2359473684210526,0.2456,0.0027937068078223,19,0.5024261138067931,0.1557123952359947,pixel_reliability=0 AND MODLAND_QA(bits0-1)=0 AND VI range -2000..10000,MOD13Q1 V061 Terra 250m 16-day
SO2307,Wanla Weyn,SO23,Lower Shabelle,2021-11-17,0.3295286536616565,0.3291,0.2018986888391429,0.1961,0.4597853256873989,3127,0.282311424790472,0.003970004411116,pixel_reliability=0 AND MODLAND_QA(bits0-1)=0 AND VI range -2000..10000,MOD13Q1 V061 Terra 250m 16-day
SO2307,Wanla Weyn,SO23,Lower Shabelle,2021-12-03,0.3193051446945337,0.322,0.1842586655948553,0.1821,0.9145713865607998,6220,0.0161740920452874,0.0,pixel_reliability=0 AND MODLAND_QA(bits0-1)=0 AND VI range -2000..10000,MOD13Q1 V061 Terra 250m 16-day
SO2307,Wanla Weyn,SO23,Lower Shabelle,2021-12-19,0.2740049916298889,0.2701,0.1654540709176685,0.1601,0.966181443905308,6571,0.0061755624172915,0.0,pixel_reliability=0 AND MODLAND_QA(bits0-1)=0 AND VI range -2000..10000,MOD13Q1 V061 Terra 250m 16-day
SO2401,Baydhaba,SO24,Bay,2021-01-01,0.37034007367716004,0.3705,0.18403712659075688,0.1807,0.9907757648151835,14930,0.0016590351051828257,0.0,pixel_reliability=0 AND MODLAND_QA(bits0-1)=0 AND VI range -2000..10000,MOD13Q1 V061 Terra 250m 16-day
SO2401,Baydhaba,SO24,Bay,2021-01-17,0.3190796937953263,0.3202,0.1578803048616706,0.1551,0.9882540314553055,14892,0.0017917579135974,0.0,pixel_reliability=0 AND MODLAND_QA(bits0-1)=0 AND VI range -2000..10000,MOD13Q1 V061 Terra 250m 16-day
SO2401,Baydhaba,SO24,Bay,2021-02-02,0.2884643677375257,0.2924,0.1432132467532467,0.1413,0.9708673435529896,14630,0.0057070807618289,0.0,pixel_reliability=0 AND MODLAND_QA(bits0-1)=0 AND VI range -2000..10000,MOD13Q1 V061 Terra 250m 16-day
SO2401,Baydhaba,SO24,Bay,2021-02-18,0.2770358035901376,0.2833,0.1414391632325208,0.1421,0.9500962240361006,14317,0.0057734421660362,0.0,pixel_reliability=0 AND MODLAND_QA(bits0-1)=0 AND VI range -2000..10000,MOD13Q1 V061 Terra 250m 16-day
SO2401,Baydhaba,SO24,Bay,2021-03-06,0.2794850400249506,0.2859,0.1450454205218837,0.1435,0.638330347070144,9619,0.1270157276527971,0.0,pixel_reliability=0 AND MODLAND_QA(bits0-1)=0 AND VI range -2000..10000,MOD13Q1 V061 Terra 250m 16-day
SO2401,Baydhaba,SO24,Bay,2021-03-22,0.3147156298003072,0.3185,0.1638768356374808,0.1591,0.8640254827792156,13020,0.0155285685845112,0.0,pixel_reliability=0 AND MODLAND_QA(bits0-1)=0 AND VI range -2000..10000,MOD13Q1 V061 Terra 250m 16-day
SO2401,Baydhaba,SO24,Bay,2021-04-07,0.3876466772151899,0.38,0.1980245972382048,0.1912,0.4613444820492401,6952,0.2125555776760236,0.0309244143606078,pixel_reliability=0 AND MODLAND_QA(bits0-1)=0 AND VI range -2000..10000,MOD13Q1 V061 Terra 250m 16-day
SO2401,Baydhaba,SO24,Bay,2021-04-23,0.6118172043010752,0.6463,0.3819817204301076,0.3996,0.0061716105912801,93,0.2087066162319994,0.5536531953016126,pixel_reliability=0 AND MODLAND_QA(bits0-1)=0 AND VI range -2000..10000,MOD13Q1 V061 Terra 250m 16-day
SO2401,Baydhaba,SO24,Bay,2021-05-09,0.5613475406283858,0.5783,0.3231362513542796,0.3404,0.9187736412502489,13845,0.0222310704094498,0.0003318070210365,pixel_reliability=0 AND MODLAND_QA(bits0-1)=0 AND VI range -2000..10000,MOD13Q1 V061 Terra 250m 16-day
SO2401,Baydhaba,SO24,Bay,2021-05-25,0.4964338441137468,0.4953,0.2720420215117136,0.2703,0.4503948503550335,6787,0.3244409051695534,0.01506403875506,pixel_reliability=0 AND MODLAND_QA(bits0-1)=0 AND VI range -2000..10000,MOD13Q1 V061 Terra 250m 16-day
SO2401,Baydhaba,SO24,Bay,2021-06-10,0.4008783053323594,0.3994,0.2331094229364499,0.2317,0.181697524719623,2738,0.4509921029928993,0.077178313093105,pixel_reliability=0 AND MODLAND_QA(bits0-1)=0 AND VI range -2000..10000,MOD13Q1 V061 Terra 250m 16-day
SO2401,Baydhaba,SO24,Bay,2021-06-26,0.3517973744292237,0.35155,0.1839842846270928,0.1826,0.1743977702568186,2628,0.4310836817307054,0.0407459021832901,pixel_reliability=0 AND MODLAND_QA(bits0-1)=0 AND VI range -2000..10000,MOD13Q1 V061 Terra 250m 16-day
SO2401,Baydhaba,SO24,Bay,2021-07-12,0.2638,0.2582,0.1430333333333333,0.1392,0.0005972526378658,9,0.4582918574557038,0.2964363925940673,pixel_reliability=0 AND MODLAND_QA(bits0-1)=0 AND VI range -2000..10000,MOD13Q1 V061 Terra 250m 16-day
SO2401,Baydhaba,SO24,Bay,2021-07-28,0.3169209335219236,0.3187,0.1483680339462517,0.1487,0.0469175127745703,707,0.3718893091777822,0.3447474948569912,pixel_reliability=0 AND MODLAND_QA(bits0-1)=0 AND VI range -2000..10000,MOD13Q1 V061 Terra 250m 16-day
SO2401,Baydhaba,SO24,Bay,2021-08-13,0.2796591726229153,0.2745,0.1273815031405674,0.1306,0.3063906032251642,4617,0.3532417545955272,0.0310571371690224,pixel_reliability=0 AND MODLAND_QA(bits0-1)=0 AND VI range -2000..10000,MOD13Q1 V061 Terra 250m 16-day
SO2401,Baydhaba,SO24,Bay,2021-08-29,0.2728883310533516,0.2766,0.1342967441860465,0.1374,0.48510186475545825,7310,0.2781206450328489,0.0,pixel_reliability=0 AND MODLAND_QA(bits0-1)=0 AND VI range -2000..10000,MOD13Q1 V061 Terra 250m 16-day
SO2401,Baydhaba,SO24,Bay,2021-09-14,0.29053530261679245,0.29400000000000004,0.13739540857280463,0.1384,0.41336518680735285,6229,0.3633950494392461,0.0007299754462804433,pixel_reliability=0 AND MODLAND_QA(bits0-1)=0 AND VI range -2000..10000,MOD13Q1 V061 Terra 250m 16-day
SO2401,Baydhaba,SO24,Bay,2021-09-30,0.3174193245389874,0.3129,0.1452948408039229,0.1427,0.9608467715176852,14479,0.0072997544628044,0.0,pixel_reliability=0 AND MODLAND_QA(bits0-1)=0 AND VI range -2000..10000,MOD13Q1 V061 Terra 250m 16-day
SO2401,Baydhaba,SO24,Bay,2021-10-16,0.5097407379518072,0.5346500000000001,0.2949771987951807,0.3044,0.4406397239365585,6640,0.3115004313491273,0.0045125754860972,pixel_reliability=0 AND MODLAND_QA(bits0-1)=0 AND VI range -2000..10000,MOD13Q1 V061 Terra 250m 16-day
SO2401,Baydhaba,SO24,Bay,2021-11-01,0.4977296543895055,0.52225,0.2862915489404641,0.29825,0.5261132125555776,7928,0.2146791426106576,0.0013935894883535,pixel_reliability=0 AND MODLAND_QA(bits0-1)=0 AND VI range -2000..10000,MOD13Q1 V061 Terra 250m 16-day
SO2401,Baydhaba,SO24,Bay,2021-11-17,0.3977876264044944,0.4046,0.1986300140449438,0.1977,0.9449863959121376,14240,0.0160594598181697,0.0,pixel_reliability=0 AND MODLAND_QA(bits0-1)=0 AND VI range -2000..10000,MOD13Q1 V061 Terra 250m 16-day
SO2401,Baydhaba,SO24,Bay,2021-12-03,0.3607755701723029,0.3648,0.1791408879673983,0.1766,0.9281969606476872,13987,0.0140686176919503,0.0,pixel_reliability=0 AND MODLAND_QA(bits0-1)=0 AND VI range -2000..10000,MOD13Q1 V061 Terra 250m 16-day
SO2401,Baydhaba,SO24,Bay,2021-12-19,0.3115340168461751,0.3136,0.1521692971554819,0.1488,0.961178578538722,14484,0.0101532948437188,0.0,pixel_reliability=0 AND MODLAND_QA(bits0-1)=0 AND VI range -2000..10000,MOD13Q1 V061 Terra 250m 16-day
SO2402,Buur Hakaba,SO24,Bay,2021-01-01,0.4119070478851527,0.4052,0.23818501300703346,0.2338,0.9911191749427044,20758,0.0009071810542398777,0.0,pixel_reliability=0 AND MODLAND_QA(bits0-1)=0 AND VI range -2000..10000,MOD13Q1 V061 Terra 250m 16-day
SO2402,Buur Hakaba,SO24,Bay,2021-01-17,0.3518164142766714,0.3454,0.204898441836685,0.1983,0.9805672268907564,20537,0.0027215431627196,0.0,pixel_reliability=0 AND MODLAND_QA(bits0-1)=0 AND VI range -2000..10000,MOD13Q1 V061 Terra 250m 16-day
SO2402,Buur Hakaba,SO24,Bay,2021-02-02,0.3073692523551814,0.3046,0.1805613048707156,0.1747,0.9528265851795265,19956,0.008355614973262,0.0,pixel_reliability=0 AND MODLAND_QA(bits0-1)=0 AND VI range -2000..10000,MOD13Q1 V061 Terra 250m 16-day
SO2402,Buur Hakaba,SO24,Bay,2021-02-18,0.2819043019778605,0.2807,0.1692107811762237,0.1653,0.9100935828877004,19061,0.0182391138273491,0.0,pixel_reliability=0 AND MODLAND_QA(bits0-1)=0 AND VI range -2000..10000,MOD13Q1 V061 Terra 250m 16-day
SO2402,Buur Hakaba,SO24,Bay,2021-03-06,0.273536626697663,0.2712,0.1633434418206289,0.1596,0.7804621848739496,16346,0.0476031321619556,0.0,pixel_reliability=0 AND MODLAND_QA(bits0-1)=0 AND VI range -2000..10000,MOD13Q1 V061 Terra 250m 16-day
SO2402,Buur Hakaba,SO24,Bay,2021-03-22,0.2940852073901872,0.2872,0.1702191422978098,0.1642,0.7804621848739496,16346,0.0507066462948815,0.0,pixel_reliability=0 AND MODLAND_QA(bits0-1)=0 AND VI range -2000..10000,MOD13Q1 V061 Terra 250m 16-day
SO2402,Buur Hakaba,SO24,Bay,2021-04-07,0.3373327951002227,0.327,0.1816065979955456,0.1681,0.1715049656226127,3592,0.3701776165011459,0.1125381970970206,pixel_reliability=0 AND MODLAND_QA(bits0-1)=0 AND VI range -2000..10000,MOD13Q1 V061 Terra 250m 16-day
SO2402,Buur Hakaba,SO24,Bay,2021-04-23,0.4718798742138364,0.4761,0.2865867924528302,0.2915,0.0075916730328495,159,0.3086325439266615,0.3601508785332314,pixel_reliability=0 AND MODLAND_QA(bits0-1)=0 AND VI range -2000..10000,MOD13Q1 V061 Terra 250m 16-day
SO2402,Buur Hakaba,SO24,Bay,2021-05-09,0.4649760382212421,0.4602,0.2758780227857406,0.2714,0.389753628724217,8163,0.2658040488922842,0.0443086325439266,pixel_reliability=0 AND MODLAND_QA(bits0-1)=0 AND VI range -2000..10000,MOD13Q1 V061 Terra 250m 16-day
SO2402,Buur Hakaba,SO24,Bay,2021-05-25,0.4160949781659389,0.4054999999999999,0.2381165938864629,0.225,0.0218678380443086,458,0.6422841864018335,0.0703781512605042,pixel_reliability=0 AND MODLAND_QA(bits0-1)=0 AND VI range -2000..10000,MOD13Q1 V061 Terra 250m 16-day
SO2402,Buur Hakaba,SO24,Bay,2021-06-10,0.4270907207207207,0.41825,0.2666621921921922,0.2589,0.1589954163483575,3330,0.4114304812834224,0.0818850267379679,pixel_reliability=0 AND MODLAND_QA(bits0-1)=0 AND VI range -2000..10000,MOD13Q1 V061 Terra 250m 16-day
SO2402,Buur Hakaba,SO24,Bay,2021-06-26,0.3193069418386492,0.3073,0.1819386491557223,0.1731,0.0254488158899923,533,0.3615832696715049,0.2913961038961039,pixel_reliability=0 AND MODLAND_QA(bits0-1)=0 AND VI range -2000..10000,MOD13Q1 V061 Terra 250m 16-day
SO2402,Buur Hakaba,SO24,Bay,2021-07-12,0.3563666666666666,0.3517,0.2211933333333333,0.2219,0.0007161955691367,15,0.2068850267379679,0.5388177998472116,pixel_reliability=0 AND MODLAND_QA(bits0-1)=0 AND VI range -2000..10000,MOD13Q1 V061 Terra 250m 16-day
SO2402,Buur Hakaba,SO24,Bay,2021-07-28,0.316265,0.31165,0.1760449999999999,0.16605,0.0009549274255156,20,0.1552234530175706,0.6055194805194806,pixel_reliability=0 AND MODLAND_QA(bits0-1)=0 AND VI range -2000..10000,MOD13Q1 V061 Terra 250m 16-day
SO2402,Buur Hakaba,SO24,Bay,2021-08-13,0.2582134328358209,0.2548,0.1402099502487562,0.1369,0.0095970206264323,201,0.3820187165775401,0.2901546982429335,pixel_reliability=0 AND MODLAND_QA(bits0-1)=0 AND VI range -2000..10000,MOD13Q1 V061 Terra 250m 16-day
SO2402,Buur Hakaba,SO24,Bay,2021-08-29,0.25165601265822785,0.2459,0.14372151898734178,0.1422,0.015087853323147441,316,0.7195855614973262,0.06049465240641711,pixel_reliability=0 AND MODLAND_QA(bits0-1)=0 AND VI range -2000..10000,MOD13Q1 V061 Terra 250m 16-day
SO2402,Buur Hakaba,SO24,Bay,2021-09-14,0.2621518950437318,0.2602,0.14639446064139944,0.1429,0.016377005347593582,343,0.6268143621084797,0.09587471352177235,pixel_reliability=0 AND MODLAND_QA(bits0-1)=0 AND VI range -2000..10000,MOD13Q1 V061 Terra 250m 16-day
SO2402,Buur Hakaba,SO24,Bay,2021-09-30,0.268130719243834,0.2627,0.1440861024959386,0.1381,0.323290679908327,6771,0.3125,0.0335656990068754,pixel_reliability=0 AND MODLAND_QA(bits0-1)=0 AND VI range -2000..10000,MOD13Q1 V061 Terra 250m 16-day
SO2402,Buur Hakaba,SO24,Bay,2021-10-16,0.3622749258649095,0.3515,0.1965833278418451,0.1905,0.289820473644003,6070,0.3296409472880061,0.0754870129870129,pixel_reliability=0 AND MODLAND_QA(bits0-1)=0 AND VI range -2000..10000,MOD13Q1 V061 Terra 250m 16-day
SO2402,Buur Hakaba,SO24,Bay,2021-11-01,0.4441530226700252,0.4507,0.2751403022670025,0.2762,0.0379106187929717,794,0.6572765469824293,0.0546218487394958,pixel_reliability=0 AND MODLAND_QA(bits0-1)=0 AND VI range -2000..10000,MOD13Q1 V061 Terra 250m 16-day
SO2402,Buur Hakaba,SO24,Bay,2021-11-17,0.4143380448430493,0.4085,0.2306777847533632,0.2292,0.5323720397249809,11150,0.2499045072574484,9.549274255156608e-05,pixel_reliability=0 AND MODLAND_QA(bits0-1)=0 AND VI range -2000..10000,MOD13Q1 V061 Terra 250m 16-day
SO2402,Buur Hakaba,SO24,Bay,2021-12-03,0.3999035659971682,0.3959,0.2284100372332057,0.2288,0.9104755538579068,19069,0.0179526355996944,0.0,pixel_reliability=0 AND MODLAND_QA(bits0-1)=0 AND VI range -2000..10000,MOD13Q1 V061 Terra 250m 16-day
SO2402,Buur Hakaba,SO24,Bay,2021-12-19,0.3362014773667415,0.3317,0.197070547216641,0.1954,0.8079640947288006,16922,0.0592055003819709,0.0090718105423987,pixel_reliability=0 AND MODLAND_QA(bits0-1)=0 AND VI range -2000..10000,MOD13Q1 V061 Terra 250m 16-day
SO2403,Diinsoor,SO24,Bay,2021-01-01,0.39826451612903224,0.38870000000000005,0.22748998636983186,0.2204,0.9735491861288039,11005,0.0046001415428167025,0.0,pixel_reliability=0 AND MODLAND_QA(bits0-1)=0 AND VI range -2000..10000,MOD13Q1 V061 Terra 250m 16-day
SO2403,Diinsoor,SO24,Bay,2021-01-17,0.3331977187667082,0.3243,0.1869804312956692,0.18235,0.9927459306440198,11222,0.0006192498230714,0.0,pixel_reliability=0 AND MODLAND_QA(bits0-1)=0 AND VI range -2000..10000,MOD13Q1 V061 Terra 250m 16-day
SO2403,Diinsoor,SO24,Bay,2021-02-02,0.2982111070042506,0.2928,0.1659350027721308,0.16145,0.9573602264685068,10822,0.0090233545647558,0.0,pixel_reliability=0 AND MODLAND_QA(bits0-1)=0 AND VI range -2000..10000,MOD13Q1 V061 Terra 250m 16-day
SO2403,Diinsoor,SO24,Bay,2021-02-18,0.2815040595524321,0.2781,0.159003051599778,0.1549,0.9566525123849964,10814,0.0077848549186128,0.0,pixel_reliability=0 AND MODLAND_QA(bits0-1)=0 AND VI range -2000..10000,MOD13Q1 V061 Terra 250m 16-day
SO2403,Diinsoor,SO24,Bay,2021-03-06,0.2975434672035604,0.2923,0.1566387835117092,0.1535,0.8348372257607927,9437,0.0074309978768577,0.0,pixel_reliability=0 AND MODLAND_QA(bits0-1)=0 AND VI range -2000..10000,MOD13Q1 V061 Terra 250m 16-day
SO2403,Diinsoor,SO24,Bay,2021-03-22,0.3051697287735849,0.29035,0.1799380778301886,0.1718,0.7501769285208776,8480,0.0758138711960368,0.0,pixel_reliability=0 AND MODLAND_QA(bits0-1)=0 AND VI range -2000..10000,MOD13Q1 V061 Terra 250m 16-day
SO2403,Diinsoor,SO24,Bay,2021-04-07,0.3409612945838838,0.3334,0.2032881109643329,0.199,0.0669674451521585,757,0.3699575371549893,0.245488322717622,pixel_reliability=0 AND MODLAND_QA(bits0-1)=0 AND VI range -2000..10000,MOD13Q1 V061 Terra 250m 16-day
SO2403,Diinsoor,SO24,Bay,2021-04-23,0.4751625,0.48535,0.2968354166666667,0.29725,0.0042462845010615,48,0.2446036801132342,0.4470099079971691,pixel_reliability=0 AND MODLAND_QA(bits0-1)=0 AND VI range -2000..10000,MOD13Q1 V061 Terra 250m 16-day
SO2403,Diinsoor,SO24,Bay,2021-05-09,0.482086630369026,0.4789,0.2973748336358137,0.2967,0.2924628450106157,3306,0.2973283793347487,0.1027070063694267,pixel_reliability=0 AND MODLAND_QA(bits0-1)=0 AND VI range -2000..10000,MOD13Q1 V061 Terra 250m 16-day
SO2403,Diinsoor,SO24,Bay,2021-05-25,0.4488694019471489,0.4451,0.2628140472878998,0.2612,0.0636058032554847,719,0.6108457183297947,0.0295470629865534,pixel_reliability=0 AND MODLAND_QA(bits0-1)=0 AND VI range -2000..10000,MOD13Q1 V061 Terra 250m 16-day
SO2403,Diinsoor,SO24,Bay,2021-06-10,0.4303610400562193,0.4226,0.2662898805340829,0.2618,0.6294232130219392,7115,0.111553432413305,0.0074309978768577,pixel_reliability=0 AND MODLAND_QA(bits0-1)=0 AND VI range -2000..10000,MOD13Q1 V061 Terra 250m 16-day
SO2403,Diinsoor,SO24,Bay,2021-06-26,0.3796522911051213,0.3669,0.2229309973045822,0.2192,0.0328202406227883,371,0.3930467091295117,0.2276185421089879,pixel_reliability=0 AND MODLAND_QA(bits0-1)=0 AND VI range -2000..10000,MOD13Q1 V061 Terra 250m 16-day
SO2403,Diinsoor,SO24,Bay,2021-07-12,0.2489,0.2489,0.1547,0.1547,8.846426043878273e-05,1,0.4854033970276008,0.3084748761500354,pixel_reliability=0 AND MODLAND_QA(bits0-1)=0 AND VI range -2000..10000,MOD13Q1 V061 Terra 250m 16-day
SO2403,Diinsoor,SO24,Bay,2021-07-28,0.2848166666666666,0.29525,0.1649166666666666,0.16555,0.0005307855626326,6,0.1428697806086341,0.6125265392781316,pixel_reliability=0 AND MODLAND_QA(bits0-1)=0 AND VI range -2000..10000,MOD13Q1 V061 Terra 250m 16-day
SO2403,Diinsoor,SO24,Bay,2021-08-13,0.2764869565217391,0.273,0.1742043478260869,0.1658,0.002034677990092,23,0.2684890304317056,0.4179051663128096,pixel_reliability=0 AND MODLAND_QA(bits0-1)=0 AND VI range -2000..10000,MOD13Q1 V061 Terra 250m 16-day
SO2403,Diinsoor,SO24,Bay,2021-08-29,0.24891368421052637,0.24760000000000001,0.1504905263157895,0.14830000000000002,0.008404104741684359,95,0.6867480537862704,0.07475230007077141,pixel_reliability=0 AND MODLAND_QA(bits0-1)=0 AND VI range -2000..10000,MOD13Q1 V061 Terra 250m 16-day
SO2403,Diinsoor,SO24,Bay,2021-09-14,0.24706500000000003,0.24665000000000004,0.15872,0.15810000000000002,0.0017692852087756545,20,0.6951521585279548,0.10164543524416136,pixel_reliability=0 AND MODLAND_QA(bits0-1)=0 AND VI range -2000..10000,MOD13Q1 V061 Terra 250m 16-day
SO2403,Diinsoor,SO24,Bay,2021-09-30,0.2694454149031678,0.2656,0.1484891240220597,0.1452,0.689755838641189,7797,0.1004069355980184,0.0006192498230714,pixel_reliability=0 AND MODLAND_QA(bits0-1)=0 AND VI range -2000..10000,MOD13Q1 V061 Terra 250m 16-day
SO2403,Diinsoor,SO24,Bay,2021-10-16,0.2730681796233704,0.2693,0.1502097054563013,0.1477,0.183209483368719,2071,0.338729653220099,0.1441967445152158,pixel_reliability=0 AND MODLAND_QA(bits0-1)=0 AND VI range -2000..10000,MOD13Q1 V061 Terra 250m 16-day
SO2403,Diinsoor,SO24,Bay,2021-11-01,0.3560638243716195,0.3394,0.2141409481387209,0.2052,0.2780431705590941,3143,0.3039631988676575,0.0038924274593064,pixel_reliability=0 AND MODLAND_QA(bits0-1)=0 AND VI range -2000..10000,MOD13Q1 V061 Terra 250m 16-day
SO2403,Diinsoor,SO24,Bay,2021-11-17,0.374779255636407,0.3692,0.205419038530359,0.2034,0.7415958952583156,8383,0.0714791224345364,0.0,pixel_reliability=0 AND MODLAND_QA(bits0-1)=0 AND VI range -2000..10000,MOD13Q1 V061 Terra 250m 16-day
SO2403,Diinsoor,SO24,Bay,2021-12-03,0.3644967127101403,0.3597,0.2071673305493093,0.2068,0.8261677282377919,9339,0.0425513092710544,0.0,pixel_reliability=0 AND MODLAND_QA(bits0-1)=0 AND VI range -2000..10000,MOD13Q1 V061 Terra 250m 16-day
SO2403,Diinsoor,SO24,Bay,2021-12-19,0.3171621674876848,0.3071,0.1730173508483853,0.168,0.8081210191082803,9135,0.0679405520169851,0.0,pixel_reliability=0 AND MODLAND_QA(bits0-1)=0 AND VI range -2000..10000,MOD13Q1 V061 Terra 250m 16-day
SO2404,Qansax Dheere,SO24,Bay,2021-01-01,0.325679390916251,0.3205,0.17225103701758993,0.1675,0.9937385859639969,3809,0.0010435690060005217,0.0,pixel_reliability=0 AND MODLAND_QA(bits0-1)=0 AND VI range -2000..10000,MOD13Q1 V061 Terra 250m 16-day
SO2404,Qansax Dheere,SO24,Bay,2021-01-17,0.2787249272294257,0.2742,0.1466653612066684,0.1448,0.985911818418993,3779,0.0005217845030002,0.0,pixel_reliability=0 AND MODLAND_QA(bits0-1)=0 AND VI range -2000..10000,MOD13Q1 V061 Terra 250m 16-day
SO2404,Qansax Dheere,SO24,Bay,2021-02-02,0.256558347107438,0.2539,0.1337039669421487,0.1343,0.9470388729454736,3630,0.0109574745630054,0.0,pixel_reliability=0 AND MODLAND_QA(bits0-1)=0 AND VI range -2000..10000,MOD13Q1 V061 Terra 250m 16-day
SO2404,Qansax Dheere,SO24,Bay,2021-02-18,0.2467891233766233,0.2452,0.1340875541125541,0.13635,0.9642577615444822,3696,0.0049569527785024,0.0,pixel_reliability=0 AND MODLAND_QA(bits0-1)=0 AND VI range -2000..10000,MOD13Q1 V061 Terra 250m 16-day
SO2404,Qansax Dheere,SO24,Bay,2021-03-06,0.2675591265060241,0.26445,0.127168313253012,0.1296,0.8661622749804331,3320,0.014088181581007,0.0,pixel_reliability=0 AND MODLAND_QA(bits0-1)=0 AND VI range -2000..10000,MOD13Q1 V061 Terra 250m 16-day
SO2404,Qansax Dheere,SO24,Bay,2021-03-22,0.2925708975521306,0.2876,0.1701672710788758,0.1649,0.8632924602139317,3309,0.0339159926950169,0.0,pixel_reliability=0 AND MODLAND_QA(bits0-1)=0 AND VI range -2000..10000,MOD13Q1 V061 Terra 250m 16-day
SO2404,Qansax Dheere,SO24,Bay,2021-04-07,0.3374791759465479,0.33105,0.1969824610244989,0.19475,0.4685624836942342,1796,0.210018262457605,0.0607878945995303,pixel_reliability=0 AND MODLAND_QA(bits0-1)=0 AND VI range -2000..10000,MOD13Q1 V061 Terra 250m 16-day
SO2404,Qansax Dheere,SO24,Bay,2021-04-23,0.4216934426229508,0.4137,0.2731377049180328,0.2701,0.0318288546830159,122,0.2799373858596399,0.3895121314896947,pixel_reliability=0 AND MODLAND_QA(bits0-1)=0 AND VI range -2000..10000,MOD13Q1 V061 Terra 250m 16-day
SO2404,Qansax Dheere,SO24,Bay,2021-05-09,0.4413815210751375,0.4356,0.26711478313989,0.26735,0.8541612314114271,3274,0.0472214975215236,0.0,pixel_reliability=0 AND MODLAND_QA(bits0-1)=0 AND VI range -2000..10000,MOD13Q1 V061 Terra 250m 16-day
SO2404,Qansax Dheere,SO24,Bay,2021-05-25,0.3820186301369863,0.3789,0.2150523287671233,0.2122,0.0952256717975476,365,0.5110879206887555,0.0386120532220193,pixel_reliability=0 AND MODLAND_QA(bits0-1)=0 AND VI range -2000..10000,MOD13Q1 V061 Terra 250m 16-day
SO2404,Qansax Dheere,SO24,Bay,2021-06-10,0.409335119047619,0.4056,0.2384860544217687,0.23385,0.3068092877641534,1176,0.2945473519436473,0.0396556222280198,pixel_reliability=0 AND MODLAND_QA(bits0-1)=0 AND VI range -2000..10000,MOD13Q1 V061 Terra 250m 16-day
SO2404,Qansax Dheere,SO24,Bay,2021-06-26,0.3787444444444444,0.3601,0.2119722222222222,0.20865,0.0046960605270023,18,0.3715105661361857,0.3446386642316723,pixel_reliability=0 AND MODLAND_QA(bits0-1)=0 AND VI range -2000..10000,MOD13Q1 V061 Terra 250m 16-day
SO2404,Qansax Dheere,SO24,Bay,2021-07-12,,,,,0.0,0,0.8531176624054265,0.0589616488390294,pixel_reliability=0 AND MODLAND_QA(bits0-1)=0 AND VI range -2000..10000,MOD13Q1 V061 Terra 250m 16-day
SO2404,Qansax Dheere,SO24,Bay,2021-07-28,,,,,0.0,0,0.4145577876337072,0.2439342551526219,pixel_reliability=0 AND MODLAND_QA(bits0-1)=0 AND VI range -2000..10000,MOD13Q1 V061 Terra 250m 16-day
SO2404,Qansax Dheere,SO24,Bay,2021-08-13,0.2553558139534884,0.25595,0.1268899224806201,0.12795,0.0673102008870336,258,0.589877380641795,0.0313070701800156,pixel_reliability=0 AND MODLAND_QA(bits0-1)=0 AND VI range -2000..10000,MOD13Q1 V061 Terra 250m 16-day
SO2404,Qansax Dheere,SO24,Bay,2021-08-29,0.23497646103896108,0.23320000000000002,0.13265681818181818,0.1342,0.16070962692408036,616,0.5990086094442995,0.001826245760500913,pixel_reliability=0 AND MODLAND_QA(bits0-1)=0 AND VI range -2000..10000,MOD13Q1 V061 Terra 250m 16-day
SO2404,Qansax Dheere,SO24,Bay,2021-09-14,0.22575094339622648,0.2273,0.13195660377358492,0.13240000000000002,0.013827289329506914,53,0.951995825723976,0.0,pixel_reliability=0 AND MODLAND_QA(bits0-1)=0 AND VI range -2000..10000,MOD13Q1 V061 Terra 250m 16-day
SO2404,Qansax Dheere,SO24,Bay,2021-09-30,0.2468945228684359,0.24055,0.1287306606437041,0.129,0.924080354813462,3542,0.0073049830420036,0.0,pixel_reliability=0 AND MODLAND_QA(bits0-1)=0 AND VI range -2000..10000,MOD13Q1 V061 Terra 250m 16-day
SO2404,Qansax Dheere,SO24,Bay,2021-10-16,0.2832144230769231,0.2805,0.1515259615384615,0.148,0.0542655883120271,208,0.5580485259587791,0.1333159405165666,pixel_reliability=0 AND MODLAND_QA(bits0-1)=0 AND VI range -2000..10000,MOD13Q1 V061 Terra 250m 16-day
SO2404,Qansax Dheere,SO24,Bay,2021-11-01,0.3200441412520063,0.3079,0.1888600856072766,0.1808,0.4876076180537438,1869,0.1455778763370727,0.0,pixel_reliability=0 AND MODLAND_QA(bits0-1)=0 AND VI range -2000..10000,MOD13Q1 V061 Terra 250m 16-day
SO2404,Qansax Dheere,SO24,Bay,2021-11-17,0.3754523610664954,0.3734,0.2025307420494699,0.2045,0.812157578919906,3113,0.0412209757370206,0.0002608922515001,pixel_reliability=0 AND MODLAND_QA(bits0-1)=0 AND VI range -2000..10000,MOD13Q1 V061 Terra 250m 16-day
SO2404,Qansax Dheere,SO24,Bay,2021-12-03,0.3332442760487145,0.3295,0.1840351826792963,0.1842,0.963996869292982,3695,0.0010435690060005,0.0,pixel_reliability=0 AND MODLAND_QA(bits0-1)=0 AND VI range -2000..10000,MOD13Q1 V061 Terra 250m 16-day
SO2404,Qansax Dheere,SO24,Bay,2021-12-19,0.293654592959296,0.2883,0.1537909515951595,0.15245,0.9486042264544744,3636,0.012001043569006,0.0,pixel_reliability=0 AND MODLAND_QA(bits0-1)=0 AND VI range -2000..10000,MOD13Q1 V061 Terra 250m 16-day
SO2501,Xudur,SO25,Bakool,2021-01-01,0.2741805820685339,0.2725,0.14831082772649037,0.1474,0.9848975188781014,6391,0.0010787486515641855,0.0,pixel_reliability=0 AND MODLAND_QA(bits0-1)=0 AND VI range -2000..10000,MOD13Q1 V061 Terra 250m 16-day
SO2501,Xudur,SO25,Bakool,2021-01-17,0.2534141919349797,0.2526,0.1371202719599875,0.1371,0.9859762675296656,6398,0.0010787486515641,0.0,pixel_reliability=0 AND MODLAND_QA(bits0-1)=0 AND VI range -2000..10000,MOD13Q1 V061 Terra 250m 16-day
SO2501,Xudur,SO25,Bakool,2021-02-02,0.2368036428110896,0.2354,0.1295409574468085,0.1298,0.9560795191863152,6204,0.0044691015564801,0.0,pixel_reliability=0 AND MODLAND_QA(bits0-1)=0 AND VI range -2000..10000,MOD13Q1 V061 Terra 250m 16-day
SO2501,Xudur,SO25,Bakool,2021-02-18,0.2309741379310345,0.2296,0.1301756133952254,0.1305,0.929573123747881,6032,0.0009246417013407,0.0,pixel_reliability=0 AND MODLAND_QA(bits0-1)=0 AND VI range -2000..10000,MOD13Q1 V061 Terra 250m 16-day
SO2501,Xudur,SO25,Bakool,2021-03-06,0.2256384495084897,0.2242,0.1268357015192135,0.1282,0.6897827092001849,4476,0.138850362151333,0.0,pixel_reliability=0 AND MODLAND_QA(bits0-1)=0 AND VI range -2000..10000,MOD13Q1 V061 Terra 250m 16-day
SO2501,Xudur,SO25,Bakool,2021-03-22,0.2359563363259669,0.2335,0.1333801450276243,0.1336,0.8925874556942518,5792,0.0030821390044691,0.0,pixel_reliability=0 AND MODLAND_QA(bits0-1)=0 AND VI range -2000..10000,MOD13Q1 V061 Terra 250m 16-day
SO2501,Xudur,SO25,Bakool,2021-04-07,0.2644139595677937,0.251,0.1479574939003137,0.1425,0.8842656803821852,5738,0.0228078286330713,0.0003082139004469,pixel_reliability=0 AND MODLAND_QA(bits0-1)=0 AND VI range -2000..10000,MOD13Q1 V061 Terra 250m 16-day
SO2501,Xudur,SO25,Bakool,2021-04-23,0.5752245901639346,0.6167,0.3465354098360656,0.37215,0.0940052396363076,610,0.1806133456618893,0.4507628294036061,pixel_reliability=0 AND MODLAND_QA(bits0-1)=0 AND VI range -2000..10000,MOD13Q1 V061 Terra 250m 16-day
SO2501,Xudur,SO25,Bakool,2021-05-09,0.4441977929854576,0.4464,0.2657390248075278,0.2708,0.9007551240560948,5845,0.0200339035290491,0.0,pixel_reliability=0 AND MODLAND_QA(bits0-1)=0 AND VI range -2000..10000,MOD13Q1 V061 Terra 250m 16-day
SO2501,Xudur,SO25,Bakool,2021-05-25,0.3683328527291452,0.3667,0.2193812736010985,0.2196,0.8978270920018493,5826,0.0124826629680998,0.0,pixel_reliability=0 AND MODLAND_QA(bits0-1)=0 AND VI range -2000..10000,MOD13Q1 V061 Terra 250m 16-day
SO2501,Xudur,SO25,Bakool,2021-06-10,0.2694936507936508,0.2655,0.1591095238095238,0.1566,0.0485436893203883,315,0.7914932963476653,0.0081676683618431,pixel_reliability=0 AND MODLAND_QA(bits0-1)=0 AND VI range -2000..10000,MOD13Q1 V061 Terra 250m 16-day
SO2501,Xudur,SO25,Bakool,2021-06-26,0.2800061575178998,0.2742,0.1505577565632458,0.1498,0.3228540607181384,2095,0.3336415472337802,0.0171058714748035,pixel_reliability=0 AND MODLAND_QA(bits0-1)=0 AND VI range -2000..10000,MOD13Q1 V061 Terra 250m 16-day
SO2501,Xudur,SO25,Bakool,2021-07-12,0.2561892430278884,0.255,0.1448394422310757,0.1454,0.0386808445060872,251,0.73416551086454,0.0585606410849129,pixel_reliability=0 AND MODLAND_QA(bits0-1)=0 AND VI range -2000..10000,MOD13Q1 V061 Terra 250m 16-day
SO2501,Xudur,SO25,Bakool,2021-07-28,0.2499067876874506,0.2485,0.1372860299921073,0.1374,0.1952535059331175,1267,0.5857605177993528,0.0012328556017876,pixel_reliability=0 AND MODLAND_QA(bits0-1)=0 AND VI range -2000..10000,MOD13Q1 V061 Terra 250m 16-day
SO2501,Xudur,SO25,Bakool,2021-08-13,0.2361389346416681,0.2338,0.1232701244086209,0.1236,0.8794883649252582,5707,0.0138696255201109,0.0,pixel_reliability=0 AND MODLAND_QA(bits0-1)=0 AND VI range -2000..10000,MOD13Q1 V061 Terra 250m 16-day
SO2501,Xudur,SO25,Bakool,2021-08-29,0.22545720346799486,0.22340000000000002,0.12597526286662977,0.1263,0.83541377716135,5421,0.03251656649714902,0.0,pixel_reliability=0 AND MODLAND_QA(bits0-1)=0 AND VI range -2000..10000,MOD13Q1 V061 Terra 250m 16-day
SO2501,Xudur,SO25,Bakool,2021-09-14,0.2350797262889879,0.23035,0.12299185232336093,0.1226,0.9684080752041917,6284,0.0024657112035752814,0.0,pixel_reliability=0 AND MODLAND_QA(bits0-1)=0 AND VI range -2000..10000,MOD13Q1 V061 Terra 250m 16-day
SO2501,Xudur,SO25,Bakool,2021-09-30,0.2471638162307176,0.2373,0.12869128101945,0.1263,0.919093851132686,5964,0.010171058714748,0.0,pixel_reliability=0 AND MODLAND_QA(bits0-1)=0 AND VI range -2000..10000,MOD13Q1 V061 Terra 250m 16-day
SO2501,Xudur,SO25,Bakool,2021-10-16,0.3915974875460256,0.3789,0.2172573316006064,0.2068,0.7115117891816921,4617,0.0981661272923408,0.0012328556017876,pixel_reliability=0 AND MODLAND_QA(bits0-1)=0 AND VI range -2000..10000,MOD13Q1 V061 Terra 250m 16-day
SO2501,Xudur,SO25,Bakool,2021-11-01,0.3754614657210401,0.3658,0.2293699425869638,0.2217,0.912621359223301,5922,0.005085529357374,0.0,pixel_reliability=0 AND MODLAND_QA(bits0-1)=0 AND VI range -2000..10000,MOD13Q1 V061 Terra 250m 16-day
SO2501,Xudur,SO25,Bakool,2021-11-17,0.3008308943089431,0.2934,0.1634784635805541,0.1601,0.9288025889967636,6027,0.0055478502080443,0.0,pixel_reliability=0 AND MODLAND_QA(bits0-1)=0 AND VI range -2000..10000,MOD13Q1 V061 Terra 250m 16-day
SO2501,Xudur,SO25,Bakool,2021-12-03,0.2691530939774983,0.264,0.1476582892124421,0.1445,0.9314224071505623,6044,0.0041608876560332,0.0,pixel_reliability=0 AND MODLAND_QA(bits0-1)=0 AND VI range -2000..10000,MOD13Q1 V061 Terra 250m 16-day
SO2501,Xudur,SO25,Bakool,2021-12-19,0.2344798142024878,0.231,0.1256406707605101,0.1247,0.9787332408691632,6351,0.0018492834026814,0.0,pixel_reliability=0 AND MODLAND_QA(bits0-1)=0 AND VI range -2000..10000,MOD13Q1 V061 Terra 250m 16-day
SO2502,Ceel Barde,SO25,Bakool,2021-01-01,0.246870946557971,0.2492,0.13739504076086956,0.13770000000000002,0.9878089699138799,8832,0.0008947545017335869,0.0,pixel_reliability=0 AND MODLAND_QA(bits0-1)=0 AND VI range -2000..10000,MOD13Q1 V061 Terra 250m 16-day
SO2502,Ceel Barde,SO25,Bakool,2021-01-17,0.2353780202925908,0.2382,0.1313706583294006,0.1335,0.9479923945867352,8476,0.0080527905156022,0.0,pixel_reliability=0 AND MODLAND_QA(bits0-1)=0 AND VI range -2000..10000,MOD13Q1 V061 Terra 250m 16-day
SO2502,Ceel Barde,SO25,Bakool,2021-02-02,0.2263302494331066,0.2298,0.1289559750566893,0.1313,0.9864668381612794,8820,0.001453976065317,0.0,pixel_reliability=0 AND MODLAND_QA(bits0-1)=0 AND VI range -2000..10000,MOD13Q1 V061 Terra 250m 16-day
SO2502,Ceel Barde,SO25,Bakool,2021-02-18,0.2223483288059525,0.2272,0.1314188142199125,0.1344,0.946985795772285,8467,0.001453976065317,0.0,pixel_reliability=0 AND MODLAND_QA(bits0-1)=0 AND VI range -2000..10000,MOD13Q1 V061 Terra 250m 16-day
SO2502,Ceel Barde,SO25,Bakool,2021-03-06,0.2123460440358093,0.215,0.1267423905153641,0.1296,0.9245050889162286,8266,0.0272900123028743,0.0,pixel_reliability=0 AND MODLAND_QA(bits0-1)=0 AND VI range -2000..10000,MOD13Q1 V061 Terra 250m 16-day
SO2502,Ceel Barde,SO25,Bakool,2021-03-22,0.2263457831325301,0.2329,0.1341058626257608,0.1374,0.9004585616821384,8051,0.0016776646907504,0.0,pixel_reliability=0 AND MODLAND_QA(bits0-1)=0 AND VI range -2000..10000,MOD13Q1 V061 Terra 250m 16-day
SO2502,Ceel Barde,SO25,Bakool,2021-04-07,0.2339234872844197,0.2145,0.1390145863782519,0.1344,0.7652387876076502,6842,0.0835477015993736,0.0063751258248518,pixel_reliability=0 AND MODLAND_QA(bits0-1)=0 AND VI range -2000..10000,MOD13Q1 V061 Terra 250m 16-day
SO2502,Ceel Barde,SO25,Bakool,2021-04-23,0.5772183953033269,0.671,0.3709359425962166,0.4147,0.1714573313946985,1533,0.3266972374454759,0.1631808522536629,pixel_reliability=0 AND MODLAND_QA(bits0-1)=0 AND VI range -2000..10000,MOD13Q1 V061 Terra 250m 16-day
SO2502,Ceel Barde,SO25,Bakool,2021-05-09,0.4843976782542502,0.4997,0.3013115199188023,0.3104,0.8815568728330164,7882,0.0055922156358349,0.0,pixel_reliability=0 AND MODLAND_QA(bits0-1)=0 AND VI range -2000..10000,MOD13Q1 V061 Terra 250m 16-day
SO2502,Ceel Barde,SO25,Bakool,2021-05-25,0.4093184246265279,0.4146,0.2594534178361249,0.2626,0.9882563471647466,8836,0.0,0.0,pixel_reliability=0 AND MODLAND_QA(bits0-1)=0 AND VI range -2000..10000,MOD13Q1 V061 Terra 250m 16-day
SO2502,Ceel Barde,SO25,Bakool,2021-06-10,0.2637359362224039,0.25,0.1714945216680294,0.1676,0.2735711889050441,2446,0.4387652387876076,0.0004473772508667,pixel_reliability=0 AND MODLAND_QA(bits0-1)=0 AND VI range -2000..10000,MOD13Q1 V061 Terra 250m 16-day
SO2502,Ceel Barde,SO25,Bakool,2021-06-26,0.2852011057792614,0.2843,0.1662722094721468,0.1678,0.5360697908511353,4793,0.1659769600715803,0.0022368862543339,pixel_reliability=0 AND MODLAND_QA(bits0-1)=0 AND VI range -2000..10000,MOD13Q1 V061 Terra 250m 16-day
SO2502,Ceel Barde,SO25,Bakool,2021-07-12,0.2771781353525793,0.2811,0.1689974917179365,0.1695,0.2363270327703836,2113,0.526898557208366,0.0090593893300525,pixel_reliability=0 AND MODLAND_QA(bits0-1)=0 AND VI range -2000..10000,MOD13Q1 V061 Terra 250m 16-day
SO2502,Ceel Barde,SO25,Bakool,2021-07-28,0.2180708947885939,0.2156,0.1354043854473943,0.1371,0.5687283301644112,5085,0.2560116318085225,0.0023487305670506,pixel_reliability=0 AND MODLAND_QA(bits0-1)=0 AND VI range -2000..10000,MOD13Q1 V061 Terra 250m 16-day
SO2502,Ceel Barde,SO25,Bakool,2021-08-13,0.2351201624293785,0.2403,0.1359679849340866,0.13805,0.9502292808410692,8496,0.0030197964433508,0.0,pixel_reliability=0 AND MODLAND_QA(bits0-1)=0 AND VI range -2000..10000,MOD13Q1 V061 Terra 250m 16-day
SO2502,Ceel Barde,SO25,Bakool,2021-08-29,0.22607336442862402,0.232,0.13630543758438687,0.14020000000000002,0.9111956157029415,8147,0.0016776646907504754,0.0,pixel_reliability=0 AND MODLAND_QA(bits0-1)=0 AND VI range -2000..10000,MOD13Q1 V061 Terra 250m 16-day
SO2502,Ceel Barde,SO25,Bakool,2021-09-14,0.2351674916013438,0.2394,0.1309105151175812,0.1341,0.9987697125601163,8930,0.0,0.0,pixel_reliability=0 AND MODLAND_QA(bits0-1)=0 AND VI range -2000..10000,MOD13Q1 V061 Terra 250m 16-day
SO2502,Ceel Barde,SO25,Bakool,2021-09-30,0.2554792661905934,0.2584,0.1423593573011573,0.1426,0.908399507885024,8122,0.0156582037803377,0.0002236886254333,pixel_reliability=0 AND MODLAND_QA(bits0-1)=0 AND VI range -2000..10000,MOD13Q1 V061 Terra 250m 16-day
SO2502,Ceel Barde,SO25,Bakool,2021-10-16,0.346944482196249,0.3263,0.1891659282413699,0.1769,0.8229504529694665,7358,0.0630801923722178,0.0,pixel_reliability=0 AND MODLAND_QA(bits0-1)=0 AND VI range -2000..10000,MOD13Q1 V061 Terra 250m 16-day
SO2502,Ceel Barde,SO25,Bakool,2021-11-01,0.3301846134411318,0.32165,0.2037639464375947,0.1976,0.8853595794653842,7916,0.0136450061514371,0.0019013533161838,pixel_reliability=0 AND MODLAND_QA(bits0-1)=0 AND VI range -2000..10000,MOD13Q1 V061 Terra 250m 16-day
SO2502,Ceel Barde,SO25,Bakool,2021-11-17,0.2639843630904262,0.2601,0.1453896639334796,0.1439,0.968459903813891,8659,0.0065988144502852,0.0,pixel_reliability=0 AND MODLAND_QA(bits0-1)=0 AND VI range -2000..10000,MOD13Q1 V061 Terra 250m 16-day
SO2502,Ceel Barde,SO25,Bakool,2021-12-03,0.246342823179792,0.2492,0.1402975928677563,0.1421,0.7527122245833799,6730,0.0021250419416172,0.0,pixel_reliability=0 AND MODLAND_QA(bits0-1)=0 AND VI range -2000..10000,MOD13Q1 V061 Terra 250m 16-day
SO2502,Ceel Barde,SO25,Bakool,2021-12-19,0.2209347399300462,0.2258,0.1252043890330587,0.128,0.9912761436080976,8863,0.0012302874398836,0.0,pixel_reliability=0 AND MODLAND_QA(bits0-1)=0 AND VI range -2000..10000,MOD13Q1 V061 Terra 250m 16-day
SO2503,Tayeeglow,SO25,Bakool,2021-01-01,0.34117580711636214,0.33380000000000004,0.1688377524385218,0.16640000000000002,0.9662816938802602,7279,0.004380724810832338,0.0,pixel_reliability=0 AND MODLAND_QA(bits0-1)=0 AND VI range -2000..10000,MOD13Q1 V061 Terra 250m 16-day
SO2503,Tayeeglow,SO25,Bakool,2021-01-17,0.3082046608986883,0.3052,0.1526587496511303,0.1516,0.9512810301340768,7166,0.008363201911589,0.0,pixel_reliability=0 AND MODLAND_QA(bits0-1)=0 AND VI range -2000..10000,MOD13Q1 V061 Terra 250m 16-day
SO2503,Tayeeglow,SO25,Bakool,2021-02-02,0.2894811707733941,0.2885,0.1387023073636234,0.1389,0.9320323908137528,7021,0.0046462232842161,0.0,pixel_reliability=0 AND MODLAND_QA(bits0-1)=0 AND VI range -2000..10000,MOD13Q1 V061 Terra 250m 16-day
SO2503,Tayeeglow,SO25,Bakool,2021-02-18,0.2704998898223385,0.2703,0.143285181104531,0.1441,0.9638922076198062,7261,0.0049117217575998,0.0,pixel_reliability=0 AND MODLAND_QA(bits0-1)=0 AND VI range -2000..10000,MOD13Q1 V061 Terra 250m 16-day
SO2503,Tayeeglow,SO25,Bakool,2021-03-06,0.2645266519823788,0.2649,0.1375066079295154,0.139,0.964290455329882,7264,0.0045134740475242,0.0,pixel_reliability=0 AND MODLAND_QA(bits0-1)=0 AND VI range -2000..10000,MOD13Q1 V061 Terra 250m 16-day
SO2503,Tayeeglow,SO25,Bakool,2021-03-22,0.2845731730902058,0.2849,0.145215457936179,0.1462,0.9609717244125846,7239,0.0046462232842161,0.0,pixel_reliability=0 AND MODLAND_QA(bits0-1)=0 AND VI range -2000..10000,MOD13Q1 V061 Terra 250m 16-day
SO2503,Tayeeglow,SO25,Bakool,2021-04-07,0.314534815134513,0.3026,0.1578030786937131,0.1501,0.9227399442453206,6951,0.0112836851188105,0.0,pixel_reliability=0 AND MODLAND_QA(bits0-1)=0 AND VI range -2000..10000,MOD13Q1 V061 Terra 250m 16-day
SO2503,Tayeeglow,SO25,Bakool,2021-04-23,0.5104566308243728,0.5601,0.2999964157706093,0.3282,0.037037037037037,279,0.273861675295367,0.3730253551042081,pixel_reliability=0 AND MODLAND_QA(bits0-1)=0 AND VI range -2000..10000,MOD13Q1 V061 Terra 250m 16-day
SO2503,Tayeeglow,SO25,Bakool,2021-05-09,0.5587138145756458,0.5705,0.3183974400369004,0.3259,0.5756006902960308,4336,0.1336784813487322,0.004778972520908,pixel_reliability=0 AND MODLAND_QA(bits0-1)=0 AND VI range -2000..10000,MOD13Q1 V061 Terra 250m 16-day
SO2503,Tayeeglow,SO25,Bakool,2021-05-25,0.4599624018324608,0.45675,0.2466078043193717,0.2439,0.8113633346608257,6112,0.065710872162485,0.0006637461834594,pixel_reliability=0 AND MODLAND_QA(bits0-1)=0 AND VI range -2000..10000,MOD13Q1 V061 Terra 250m 16-day
SO2503,Tayeeglow,SO25,Bakool,2021-06-10,0.3419805714285714,0.3456,0.2029088571428571,0.20495,0.0464622328421611,350,0.6990574804194876,0.0321253152794371,pixel_reliability=0 AND MODLAND_QA(bits0-1)=0 AND VI range -2000..10000,MOD13Q1 V061 Terra 250m 16-day
SO2503,Tayeeglow,SO25,Bakool,2021-06-26,0.3040640899508082,0.3011,0.1643268446943078,0.1655,0.5667064914376743,4269,0.2005840966414443,0.0268153458117615,pixel_reliability=0 AND MODLAND_QA(bits0-1)=0 AND VI range -2000..10000,MOD13Q1 V061 Terra 250m 16-day
SO2503,Tayeeglow,SO25,Bakool,2021-07-12,0.2840052023121387,0.2846,0.1606416184971098,0.162,0.0229656179476968,173,0.537103411655383,0.1979291119076065,pixel_reliability=0 AND MODLAND_QA(bits0-1)=0 AND VI range -2000..10000,MOD13Q1 V061 Terra 250m 16-day
SO2503,Tayeeglow,SO25,Bakool,2021-07-28,0.2729535856046573,0.2726,0.1426465996295316,0.144,0.5016593654586486,3779,0.1889021638125581,0.0050444709942917,pixel_reliability=0 AND MODLAND_QA(bits0-1)=0 AND VI range -2000..10000,MOD13Q1 V061 Terra 250m 16-day
SO2503,Tayeeglow,SO25,Bakool,2021-08-13,0.2617631463628396,0.2567,0.1267967134092901,0.1288,0.6058675162617815,4564,0.1700517722023098,0.0323908137528209,pixel_reliability=0 AND MODLAND_QA(bits0-1)=0 AND VI range -2000..10000,MOD13Q1 V061 Terra 250m 16-day
SO2503,Tayeeglow,SO25,Bakool,2021-08-29,0.2500456651863294,0.24780000000000002,0.13203216837227266,0.13440000000000002,0.6875082968272932,5179,0.19062790388955264,0.0,pixel_reliability=0 AND MODLAND_QA(bits0-1)=0 AND VI range -2000..10000,MOD13Q1 V061 Terra 250m 16-day
SO2503,Tayeeglow,SO25,Bakool,2021-09-14,0.2619708432849532,0.2595,0.12841861106007715,0.1302,0.722554095313952,5443,0.11841231912916501,0.0,pixel_reliability=0 AND MODLAND_QA(bits0-1)=0 AND VI range -2000..10000,MOD13Q1 V061 Terra 250m 16-day
SO2503,Tayeeglow,SO25,Bakool,2021-09-30,0.3094906600931252,0.31,0.1396261161325664,0.1406,0.9693349263241736,7302,0.0050444709942917,0.0,pixel_reliability=0 AND MODLAND_QA(bits0-1)=0 AND VI range -2000..10000,MOD13Q1 V061 Terra 250m 16-day
SO2503,Tayeeglow,SO25,Bakool,2021-10-16,0.469638652300325,0.4655,0.2866292799726355,0.2806,0.7761847869374751,5847,0.0460639851320854,0.0001327492366918,pixel_reliability=0 AND MODLAND_QA(bits0-1)=0 AND VI range -2000..10000,MOD13Q1 V061 Terra 250m 16-day
SO2503,Tayeeglow,SO25,Bakool,2021-11-01,0.4550196004206098,0.4493,0.2664475920084122,0.265,0.6312226204699323,4755,0.1591663347935749,0.0070357095446701,pixel_reliability=0 AND MODLAND_QA(bits0-1)=0 AND VI range -2000..10000,MOD13Q1 V061 Terra 250m 16-day
SO2503,Tayeeglow,SO25,Bakool,2021-11-17,0.3402430208759722,0.3272,0.1719363282848956,0.1664,0.6486127704765697,4886,0.2061595645825036,0.0,pixel_reliability=0 AND MODLAND_QA(bits0-1)=0 AND VI range -2000..10000,MOD13Q1 V061 Terra 250m 16-day
SO2503,Tayeeglow,SO25,Bakool,2021-12-03,0.3239298963903744,0.3137,0.1583625835561497,0.1549,0.7943714323642639,5984,0.0398247710075667,0.0,pixel_reliability=0 AND MODLAND_QA(bits0-1)=0 AND VI range -2000..10000,MOD13Q1 V061 Terra 250m 16-day
SO2503,Tayeeglow,SO25,Bakool,2021-12-19,0.2794086591409692,0.27725,0.1384871420704846,0.1378,0.964290455329882,7264,0.0049117217575998,0.0,pixel_reliability=0 AND MODLAND_QA(bits0-1)=0 AND VI range -2000..10000,MOD13Q1 V061 Terra 250m 16-day
SO2504,Waajid,SO25,Bakool,2021-01-01,0.24001914756215695,0.233,0.1272438165967065,0.12660000000000002,0.9657000311817898,3097,0.0034299968818210166,0.0,pixel_reliability=0 AND MODLAND_QA(bits0-1)=0 AND VI range -2000..10000,MOD13Q1 V061 Terra 250m 16-day
SO2504,Waajid,SO25,Bakool,2021-01-17,0.2267047435897436,0.2217,0.1209973717948718,0.121,0.9728718428437793,3120,0.0062363579669473,0.0,pixel_reliability=0 AND MODLAND_QA(bits0-1)=0 AND VI range -2000..10000,MOD13Q1 V061 Terra 250m 16-day
SO2504,Waajid,SO25,Bakool,2021-02-02,0.2211732939632546,0.2165,0.1181905511811023,0.1185,0.950420954162769,3048,0.0090427190520735,0.0,pixel_reliability=0 AND MODLAND_QA(bits0-1)=0 AND VI range -2000..10000,MOD13Q1 V061 Terra 250m 16-day
SO2504,Waajid,SO25,Bakool,2021-02-18,0.219272080714522,0.2143,0.1208416804498842,0.1212,0.9426255067040848,3023,0.0081072653570314,0.0,pixel_reliability=0 AND MODLAND_QA(bits0-1)=0 AND VI range -2000..10000,MOD13Q1 V061 Terra 250m 16-day
SO2504,Waajid,SO25,Bakool,2021-03-06,0.1934182716049383,0.1917,0.1165041152263374,0.1165,0.3788587464920486,1215,0.3392578734019332,0.0,pixel_reliability=0 AND MODLAND_QA(bits0-1)=0 AND VI range -2000..10000,MOD13Q1 V061 Terra 250m 16-day
SO2504,Waajid,SO25,Bakool,2021-03-22,0.2332633651056775,0.2255,0.1324501450476585,0.1319,0.7524165887121921,2413,0.0255690676644839,0.0,pixel_reliability=0 AND MODLAND_QA(bits0-1)=0 AND VI range -2000..10000,MOD13Q1 V061 Terra 250m 16-day
SO2504,Waajid,SO25,Bakool,2021-04-07,0.2496675507020281,0.2389,0.1471846593863754,0.1435,0.5996258185219832,1923,0.1562207670720299,0.0006236357966947,pixel_reliability=0 AND MODLAND_QA(bits0-1)=0 AND VI range -2000..10000,MOD13Q1 V061 Terra 250m 16-day
SO2504,Waajid,SO25,Bakool,2021-04-23,0.5937577586206896,0.60045,0.3569818965517242,0.3567,0.0361708762082943,116,0.0994699095728094,0.6651075771749299,pixel_reliability=0 AND MODLAND_QA(bits0-1)=0 AND VI range -2000..10000,MOD13Q1 V061 Terra 250m 16-day
SO2504,Waajid,SO25,Bakool,2021-05-09,0.4446470628649948,0.4411,0.2761866712469941,0.2754,0.90770190208918,2911,0.0215154349859681,0.0,pixel_reliability=0 AND MODLAND_QA(bits0-1)=0 AND VI range -2000..10000,MOD13Q1 V061 Terra 250m 16-day
SO2504,Waajid,SO25,Bakool,2021-05-25,0.3694098181818182,0.3608,0.2285709421487603,0.2228,0.9432491425007796,3025,0.0037418147801683,0.0,pixel_reliability=0 AND MODLAND_QA(bits0-1)=0 AND VI range -2000..10000,MOD13Q1 V061 Terra 250m 16-day
SO2504,Waajid,SO25,Bakool,2021-06-10,0.2540285123966942,0.2521,0.1579822314049587,0.1555,0.0754599314000623,242,0.6089803554724041,0.0355472404115996,pixel_reliability=0 AND MODLAND_QA(bits0-1)=0 AND VI range -2000..10000,MOD13Q1 V061 Terra 250m 16-day
SO2504,Waajid,SO25,Bakool,2021-06-26,0.2777284462151395,0.267,0.1496493227091633,0.1474,0.3913314624259432,1255,0.2528843155597131,0.0077954474586841,pixel_reliability=0 AND MODLAND_QA(bits0-1)=0 AND VI range -2000..10000,MOD13Q1 V061 Terra 250m 16-day
SO2504,Waajid,SO25,Bakool,2021-07-12,,,,,0.0,0,0.4945431867789211,0.2859370127845338,pixel_reliability=0 AND MODLAND_QA(bits0-1)=0 AND VI range -2000..10000,MOD13Q1 V061 Terra 250m 16-day
SO2504,Waajid,SO25,Bakool,2021-07-28,0.196993006993007,0.1968,0.1237580419580419,0.1252,0.0445899594636732,143,0.7187402556906767,0.0380417835983785,pixel_reliability=0 AND MODLAND_QA(bits0-1)=0 AND VI range -2000..10000,MOD13Q1 V061 Terra 250m 16-day
SO2504,Waajid,SO25,Bakool,2021-08-13,0.2229294388224471,0.2213,0.1221428242870285,0.1228,0.6778921110071718,2174,0.0757717492984097,0.0,pixel_reliability=0 AND MODLAND_QA(bits0-1)=0 AND VI range -2000..10000,MOD13Q1 V061 Terra 250m 16-day
SO2504,Waajid,SO25,Bakool,2021-08-29,0.22502731819930744,0.2189,0.12797506733358985,0.12760000000000002,0.810414717804802,2599,0.04365450576863112,0.0,pixel_reliability=0 AND MODLAND_QA(bits0-1)=0 AND VI range -2000..10000,MOD13Q1 V061 Terra 250m 16-day
SO2504,Waajid,SO25,Bakool,2021-09-14,0.22828784827123197,0.223,0.1258764014770057,0.12510000000000002,0.9289055191768008,2979,0.011849080137199874,0.0,pixel_reliability=0 AND MODLAND_QA(bits0-1)=0 AND VI range -2000..10000,MOD13Q1 V061 Terra 250m 16-day
SO2504,Waajid,SO25,Bakool,2021-09-30,0.233279986898133,0.2261,0.1249887651490337,0.1244,0.9519800436545056,3053,0.0062363579669473,0.0,pixel_reliability=0 AND MODLAND_QA(bits0-1)=0 AND VI range -2000..10000,MOD13Q1 V061 Terra 250m 16-day
SO2504,Waajid,SO25,Bakool,2021-10-16,0.3784415300546448,0.3817,0.2158644808743169,0.2213,0.1711880261927034,549,0.7293420642344871,0.0046772684752104,pixel_reliability=0 AND MODLAND_QA(bits0-1)=0 AND VI range -2000..10000,MOD13Q1 V061 Terra 250m 16-day
SO2504,Waajid,SO25,Bakool,2021-11-01,0.3192342359050445,0.2966,0.1975989614243323,0.18465,0.8406610539444964,2696,0.0280636108512628,0.0003118178983473,pixel_reliability=0 AND MODLAND_QA(bits0-1)=0 AND VI range -2000..10000,MOD13Q1 V061 Terra 250m 16-day
SO2504,Waajid,SO25,Bakool,2021-11-17,0.2668686813186813,0.2567,0.1482435681965093,0.14455,0.9647645774867476,3094,0.0046772684752104,0.0,pixel_reliability=0 AND MODLAND_QA(bits0-1)=0 AND VI range -2000..10000,MOD13Q1 V061 Terra 250m 16-day
SO2504,Waajid,SO25,Bakool,2021-12-03,0.234841780104712,0.2276,0.128284537521815,0.1266,0.8933582787652011,2865,0.0311817898347365,0.0,pixel_reliability=0 AND MODLAND_QA(bits0-1)=0 AND VI range -2000..10000,MOD13Q1 V061 Terra 250m 16-day
SO2504,Waajid,SO25,Bakool,2021-12-19,0.2166682728198168,0.211,0.1172044112656939,0.1162,0.9189273464296852,2947,0.0212036170876208,0.0,pixel_reliability=0 AND MODLAND_QA(bits0-1)=0 AND VI range -2000..10000,MOD13Q1 V061 Terra 250m 16-day
SO2505,Rab Dhuure,SO25,Bakool,2021-01-01,0.16817432908647328,0.1637,0.09384331797235022,0.095,0.972068511198946,3689,0.0034255599472990776,0.0,pixel_reliability=0 AND MODLAND_QA(bits0-1)=0 AND VI range -2000..10000,MOD13Q1 V061 Terra 250m 16-day
SO2505,Rab Dhuure,SO25,Bakool,2021-01-17,0.1621658736669401,0.1585,0.0908230243368881,0.0921,0.9636363636363636,3657,0.0021080368906455,0.0,pixel_reliability=0 AND MODLAND_QA(bits0-1)=0 AND VI range -2000..10000,MOD13Q1 V061 Terra 250m 16-day
SO2505,Rab Dhuure,SO25,Bakool,2021-02-02,0.1598271096159237,0.1566,0.0892179702831511,0.0909,0.9399209486166008,3567,0.0081686429512516,0.0,pixel_reliability=0 AND MODLAND_QA(bits0-1)=0 AND VI range -2000..10000,MOD13Q1 V061 Terra 250m 16-day
SO2505,Rab Dhuure,SO25,Bakool,2021-02-18,0.1565381055229867,0.1526,0.0909165689601974,0.0923,0.8540184453227931,3241,0.0071146245059288,0.0,pixel_reliability=0 AND MODLAND_QA(bits0-1)=0 AND VI range -2000..10000,MOD13Q1 V061 Terra 250m 16-day
SO2505,Rab Dhuure,SO25,Bakool,2021-03-06,0.1470808417085427,0.1454,0.0909962939698492,0.0922,0.4194993412384716,1592,0.3343873517786561,0.0,pixel_reliability=0 AND MODLAND_QA(bits0-1)=0 AND VI range -2000..10000,MOD13Q1 V061 Terra 250m 16-day
SO2505,Rab Dhuure,SO25,Bakool,2021-03-22,0.1587691216216216,0.1529,0.0943732432432432,0.09455,0.7799736495388669,2960,0.0229249011857707,0.0,pixel_reliability=0 AND MODLAND_QA(bits0-1)=0 AND VI range -2000..10000,MOD13Q1 V061 Terra 250m 16-day
SO2505,Rab Dhuure,SO25,Bakool,2021-04-07,0.1673444116562154,0.1608,0.0995946514201401,0.098,0.714361001317523,2711,0.0492753623188405,0.0,pixel_reliability=0 AND MODLAND_QA(bits0-1)=0 AND VI range -2000..10000,MOD13Q1 V061 Terra 250m 16-day
SO2505,Rab Dhuure,SO25,Bakool,2021-04-23,0.2275708333333333,0.22125,0.1280083333333333,0.1301,0.0063241106719367,24,0.2100131752305665,0.542292490118577,pixel_reliability=0 AND MODLAND_QA(bits0-1)=0 AND VI range -2000..10000,MOD13Q1 V061 Terra 250m 16-day
SO2505,Rab Dhuure,SO25,Bakool,2021-05-09,0.3258540622884225,0.3231,0.2040472579553148,0.20115,0.7783926218708828,2954,0.0382081686429512,0.0010540184453227,pixel_reliability=0 AND MODLAND_QA(bits0-1)=0 AND VI range -2000..10000,MOD13Q1 V061 Terra 250m 16-day
SO2505,Rab Dhuure,SO25,Bakool,2021-05-25,0.2774795941375423,0.27415,0.1678505636978579,0.1651,0.9349143610013176,3548,0.0068511198945981,0.000790513833992,pixel_reliability=0 AND MODLAND_QA(bits0-1)=0 AND VI range -2000..10000,MOD13Q1 V061 Terra 250m 16-day
SO2505,Rab Dhuure,SO25,Bakool,2021-06-10,0.2092163533834586,0.2032,0.1365554511278195,0.13405,0.1401844532279315,532,0.6134387351778656,0.0005270092226613,pixel_reliability=0 AND MODLAND_QA(bits0-1)=0 AND VI range -2000..10000,MOD13Q1 V061 Terra 250m 16-day
SO2505,Rab Dhuure,SO25,Bakool,2021-06-26,0.2132075816993464,0.2098,0.1206708496732026,0.118,0.2015810276679842,765,0.3243741765480896,0.0382081686429512,pixel_reliability=0 AND MODLAND_QA(bits0-1)=0 AND VI range -2000..10000,MOD13Q1 V061 Terra 250m 16-day
SO2505,Rab Dhuure,SO25,Bakool,2021-07-12,,,,,0.0,0,0.5818181818181818,0.2811594202898551,pixel_reliability=0 AND MODLAND_QA(bits0-1)=0 AND VI range -2000..10000,MOD13Q1 V061 Terra 250m 16-day
SO2505,Rab Dhuure,SO25,Bakool,2021-07-28,0.1761054166666666,0.173,0.1169015277777777,0.114,0.1897233201581027,720,0.7046113306982872,0.0,pixel_reliability=0 AND MODLAND_QA(bits0-1)=0 AND VI range -2000..10000,MOD13Q1 V061 Terra 250m 16-day
SO2505,Rab Dhuure,SO25,Bakool,2021-08-13,0.1696332861690838,0.1674,0.096760417403608,0.0986,0.744927536231884,2827,0.02266139657444,0.0,pixel_reliability=0 AND MODLAND_QA(bits0-1)=0 AND VI range -2000..10000,MOD13Q1 V061 Terra 250m 16-day
SO2505,Rab Dhuure,SO25,Bakool,2021-08-29,0.1620656939768051,0.1602,0.0957702581369248,0.09730000000000001,0.7043478260869566,2673,0.04031620553359684,0.0,pixel_reliability=0 AND MODLAND_QA(bits0-1)=0 AND VI range -2000..10000,MOD13Q1 V061 Terra 250m 16-day
SO2505,Rab Dhuure,SO25,Bakool,2021-09-14,0.16371847133757964,0.16190000000000002,0.09429282747161451,0.0961,0.9515151515151515,3611,0.006851119894598155,0.0,pixel_reliability=0 AND MODLAND_QA(bits0-1)=0 AND VI range -2000..10000,MOD13Q1 V061 Terra 250m 16-day
SO2505,Rab Dhuure,SO25,Bakool,2021-09-30,0.1641629118558153,0.1624,0.0926169811320754,0.0946,0.9357048748353096,3551,0.0005270092226613,0.0,pixel_reliability=0 AND MODLAND_QA(bits0-1)=0 AND VI range -2000..10000,MOD13Q1 V061 Terra 250m 16-day
SO2505,Rab Dhuure,SO25,Bakool,2021-10-16,0.179895205479452,0.17045,0.1094013698630137,0.1084,0.0384716732542819,146,0.8284584980237154,0.0287220026350461,pixel_reliability=0 AND MODLAND_QA(bits0-1)=0 AND VI range -2000..10000,MOD13Q1 V061 Terra 250m 16-day
SO2505,Rab Dhuure,SO25,Bakool,2021-11-01,0.1826618929457639,0.1693,0.1154756114852889,0.1113,0.7433465085638998,2821,0.0376811594202898,0.0002635046113306,pixel_reliability=0 AND MODLAND_QA(bits0-1)=0 AND VI range -2000..10000,MOD13Q1 V061 Terra 250m 16-day
SO2505,Rab Dhuure,SO25,Bakool,2021-11-17,0.172604287729196,0.165,0.0989935401974612,0.0979,0.9341238471673254,3545,0.0052700922266139,0.0,pixel_reliability=0 AND MODLAND_QA(bits0-1)=0 AND VI range -2000..10000,MOD13Q1 V061 Terra 250m 16-day
SO2505,Rab Dhuure,SO25,Bakool,2021-12-03,0.1624408197641774,0.1578,0.0929152161706906,0.09445,0.9386034255599472,3562,0.0131752305665349,0.0,pixel_reliability=0 AND MODLAND_QA(bits0-1)=0 AND VI range -2000..10000,MOD13Q1 V061 Terra 250m 16-day
SO2505,Rab Dhuure,SO25,Bakool,2021-12-19,0.1558252126200274,0.1536,0.088073086419753,0.09,0.9604743083003952,3645,0.0068511198945981,0.0,pixel_reliability=0 AND MODLAND_QA(bits0-1)=0 AND VI range -2000..10000,MOD13Q1 V061 Terra 250m 16-day
SO2601,Garbahaarey,SO26,Gedo,2021-01-01,0.25652291535391725,0.2528,0.14208302877546736,0.1403,0.9682733374008542,9522,0.0001016880211511084,0.0,pixel_reliability=0 AND MODLAND_QA(bits0-1)=0 AND VI range -2000..10000,MOD13Q1 V061 Terra 250m 16-day
SO2601,Garbahaarey,SO26,Gedo,2021-01-17,0.2406674161982094,0.2401,0.133362700395586,0.1332,0.9768151311775471,9606,0.0007118161480577,0.0,pixel_reliability=0 AND MODLAND_QA(bits0-1)=0 AND VI range -2000..10000,MOD13Q1 V061 Terra 250m 16-day
SO2601,Garbahaarey,SO26,Gedo,2021-02-02,0.2312548636894028,0.2314,0.1273076800678901,0.1277,0.9586129753914988,9427,0.0045759609517998,0.0,pixel_reliability=0 AND MODLAND_QA(bits0-1)=0 AND VI range -2000..10000,MOD13Q1 V061 Terra 250m 16-day
SO2601,Garbahaarey,SO26,Gedo,2021-02-18,0.2274105521472393,0.2281,0.1287450752928053,0.1284,0.9116331096196868,8965,0.0052877770998576,0.0,pixel_reliability=0 AND MODLAND_QA(bits0-1)=0 AND VI range -2000..10000,MOD13Q1 V061 Terra 250m 16-day
SO2601,Garbahaarey,SO26,Gedo,2021-03-06,0.2389937000532765,0.237,0.1267977490676611,0.1275,0.7634736628025218,7508,0.044132601179581,0.0,pixel_reliability=0 AND MODLAND_QA(bits0-1)=0 AND VI range -2000..10000,MOD13Q1 V061 Terra 250m 16-day
SO2601,Garbahaarey,SO26,Gedo,2021-03-22,0.2473362201742204,0.239,0.1486041787653074,0.1416,0.8054708155379297,7921,0.0304047183241814,0.0,pixel_reliability=0 AND MODLAND_QA(bits0-1)=0 AND VI range -2000..10000,MOD13Q1 V061 Terra 250m 16-day
SO2601,Garbahaarey,SO26,Gedo,2021-04-07,0.2720323795180723,0.256,0.1634418925702811,0.15305,0.4051250762660158,3984,0.2865568436038235,0.0444376652430343,pixel_reliability=0 AND MODLAND_QA(bits0-1)=0 AND VI range -2000..10000,MOD13Q1 V061 Terra 250m 16-day
SO2601,Garbahaarey,SO26,Gedo,2021-04-23,0.4137338235294118,0.39985,0.2446294117647059,0.2325,0.0207443563148261,204,0.1688021151108399,0.5549115314215985,pixel_reliability=0 AND MODLAND_QA(bits0-1)=0 AND VI range -2000..10000,MOD13Q1 V061 Terra 250m 16-day
SO2601,Garbahaarey,SO26,Gedo,2021-05-09,0.3659319716775598,0.3524,0.2255035511982571,0.2179,0.9334960341671752,9180,0.0068130974171242,0.0001016880211511,pixel_reliability=0 AND MODLAND_QA(bits0-1)=0 AND VI range -2000..10000,MOD13Q1 V061 Terra 250m 16-day
SO2601,Garbahaarey,SO26,Gedo,2021-05-25,0.2956403686221623,0.2887,0.1745871656552034,0.1685,0.4524100061012813,4449,0.2036811063656701,0.0048810250152532,pixel_reliability=0 AND MODLAND_QA(bits0-1)=0 AND VI range -2000..10000,MOD13Q1 V061 Terra 250m 16-day
SO2601,Garbahaarey,SO26,Gedo,2021-06-10,0.2654761224489796,0.24555,0.1611583673469387,0.1502,0.0996542607280862,980,0.6220256253813301,0.0090502338824486,pixel_reliability=0 AND MODLAND_QA(bits0-1)=0 AND VI range -2000..10000,MOD13Q1 V061 Terra 250m 16-day
SO2601,Garbahaarey,SO26,Gedo,2021-06-26,0.2378027257240204,0.2274,0.1426858603066439,0.1354,0.0596908684157006,587,0.5743339434614603,0.0738255033557047,pixel_reliability=0 AND MODLAND_QA(bits0-1)=0 AND VI range -2000..10000,MOD13Q1 V061 Terra 250m 16-day
SO2601,Garbahaarey,SO26,Gedo,2021-07-12,0.2209428571428571,0.2132,0.1335857142857143,0.1318,0.0014236322961155,14,0.5210494203782794,0.231747000203376,pixel_reliability=0 AND MODLAND_QA(bits0-1)=0 AND VI range -2000..10000,MOD13Q1 V061 Terra 250m 16-day
SO2601,Garbahaarey,SO26,Gedo,2021-07-28,0.2280617537313433,0.2308,0.1298992537313432,0.1299,0.0545047793369941,536,0.718527557453732,0.0352857433394346,pixel_reliability=0 AND MODLAND_QA(bits0-1)=0 AND VI range -2000..10000,MOD13Q1 V061 Terra 250m 16-day
SO2601,Garbahaarey,SO26,Gedo,2021-08-13,0.231904406364749,0.2308,0.1238278370344465,0.1242,0.581553792963189,5719,0.1092129347162904,0.0015253203172666,pixel_reliability=0 AND MODLAND_QA(bits0-1)=0 AND VI range -2000..10000,MOD13Q1 V061 Terra 250m 16-day
SO2601,Garbahaarey,SO26,Gedo,2021-08-29,0.21414580392156865,0.21300000000000002,0.12814482352941178,0.1285,0.2593044539353264,2550,0.3327232052064267,0.004881025015253203,pixel_reliability=0 AND MODLAND_QA(bits0-1)=0 AND VI range -2000..10000,MOD13Q1 V061 Terra 250m 16-day
SO2601,Garbahaarey,SO26,Gedo,2021-09-14,0.2290352409638554,0.229,0.12708574297188757,0.1263,0.3038438071995119,2988,0.4816961561928005,0.0,pixel_reliability=0 AND MODLAND_QA(bits0-1)=0 AND VI range -2000..10000,MOD13Q1 V061 Terra 250m 16-day
SO2601,Garbahaarey,SO26,Gedo,2021-09-30,0.2209651691002122,0.2186,0.1244732060401847,0.1239,0.8148261134838316,8013,0.0022371364653243,0.0,pixel_reliability=0 AND MODLAND_QA(bits0-1)=0 AND VI range -2000..10000,MOD13Q1 V061 Terra 250m 16-day
SO2601,Garbahaarey,SO26,Gedo,2021-10-16,0.2432406564714659,0.231,0.1383664677359194,0.1322,0.2726255847061216,2681,0.4094976611755135,0.0369127516778523,pixel_reliability=0 AND MODLAND_QA(bits0-1)=0 AND VI range -2000..10000,MOD13Q1 V061 Terra 250m 16-day
SO2601,Garbahaarey,SO26,Gedo,2021-11-01,0.2799408905967451,0.27085,0.1643341772151899,0.1569,0.4498678055725035,4424,0.1883262151718527,0.0081350416920886,pixel_reliability=0 AND MODLAND_QA(bits0-1)=0 AND VI range -2000..10000,MOD13Q1 V061 Terra 250m 16-day
SO2601,Garbahaarey,SO26,Gedo,2021-11-17,0.2700793226381462,0.2541,0.1519604382929642,0.143,0.9697986577181208,9537,0.0017286963595688,0.0,pixel_reliability=0 AND MODLAND_QA(bits0-1)=0 AND VI range -2000..10000,MOD13Q1 V061 Terra 250m 16-day
SO2601,Garbahaarey,SO26,Gedo,2021-12-03,0.2611474594952055,0.255,0.1520421800947867,0.1484,0.9226154159040064,9073,0.0053894651210087,0.0,pixel_reliability=0 AND MODLAND_QA(bits0-1)=0 AND VI range -2000..10000,MOD13Q1 V061 Terra 250m 16-day
SO2601,Garbahaarey,SO26,Gedo,2021-12-19,0.2360461138245912,0.23385,0.1317171692503716,0.13,0.9576977832011389,9418,0.002847264592231,0.0,pixel_reliability=0 AND MODLAND_QA(bits0-1)=0 AND VI range -2000..10000,MOD13Q1 V061 Terra 250m 16-day
SO2602,Baardheere,SO26,Gedo,2021-01-01,0.3003541048824594,0.29600000000000004,0.17118301989150092,0.1691,0.9363359295631561,16590,0.011965233096286262,0.0,pixel_reliability=0 AND MODLAND_QA(bits0-1)=0 AND VI range -2000..10000,MOD13Q1 V061 Terra 250m 16-day
SO2602,Baardheere,SO26,Gedo,2021-01-17,0.2709245904466287,0.2697,0.1592453526470081,0.1568,0.9818828310193024,17397,0.0023704707077548,0.0,pixel_reliability=0 AND MODLAND_QA(bits0-1)=0 AND VI range -2000..10000,MOD13Q1 V061 Terra 250m 16-day
SO2602,Baardheere,SO26,Gedo,2021-02-02,0.2522288415652589,0.25305,0.1464880100214746,0.1453,0.946156451066712,16764,0.0128682695563833,0.0,pixel_reliability=0 AND MODLAND_QA(bits0-1)=0 AND VI range -2000..10000,MOD13Q1 V061 Terra 250m 16-day
SO2602,Baardheere,SO26,Gedo,2021-02-18,0.2434528571428571,0.245,0.1465736291793313,0.1465,0.9284343605373068,16450,0.0138841855739925,0.0,pixel_reliability=0 AND MODLAND_QA(bits0-1)=0 AND VI range -2000..10000,MOD13Q1 V061 Terra 250m 16-day
SO2602,Baardheere,SO26,Gedo,2021-03-06,0.2687783108504399,0.2715,0.1411376011730205,0.1407,0.9622982277909472,17050,0.0047973811942657,0.0,pixel_reliability=0 AND MODLAND_QA(bits0-1)=0 AND VI range -2000..10000,MOD13Q1 V061 Terra 250m 16-day
SO2602,Baardheere,SO26,Gedo,2021-03-22,0.2563984203190336,0.2502,0.1631847839553972,0.1569,0.7288633028558528,12914,0.0791850095947623,0.0,pixel_reliability=0 AND MODLAND_QA(bits0-1)=0 AND VI range -2000..10000,MOD13Q1 V061 Terra 250m 16-day
SO2602,Baardheere,SO26,Gedo,2021-04-07,0.3027239130434783,0.29145,0.202563768115942,0.1946999999999999,0.0077886894683372,138,0.3153854836889039,0.3923129021334236,pixel_reliability=0 AND MODLAND_QA(bits0-1)=0 AND VI range -2000..10000,MOD13Q1 V061 Terra 250m 16-day
SO2602,Baardheere,SO26,Gedo,2021-04-23,0.4427052631578947,0.4369,0.2878490304709141,0.2853,0.0203747601309402,361,0.2488994243142566,0.4470030477480528,pixel_reliability=0 AND MODLAND_QA(bits0-1)=0 AND VI range -2000..10000,MOD13Q1 V061 Terra 250m 16-day
SO2602,Baardheere,SO26,Gedo,2021-05-09,0.4248913739987677,0.4238,0.2664820825631547,0.2636,0.4580088046054859,8115,0.194660796929676,0.0347104639349813,pixel_reliability=0 AND MODLAND_QA(bits0-1)=0 AND VI range -2000..10000,MOD13Q1 V061 Terra 250m 16-day
SO2602,Baardheere,SO26,Gedo,2021-05-25,0.331939054054054,0.33105,0.1995887837837838,0.1939,0.0417654362794897,740,0.4277570831922339,0.1771644655152952,pixel_reliability=0 AND MODLAND_QA(bits0-1)=0 AND VI range -2000..10000,MOD13Q1 V061 Terra 250m 16-day
SO2602,Baardheere,SO26,Gedo,2021-06-10,0.2986375796178344,0.2965,0.1916345107122177,0.1894,0.0974714979117281,1727,0.6996274974602099,0.0079580088046054,pixel_reliability=0 AND MODLAND_QA(bits0-1)=0 AND VI range -2000..10000,MOD13Q1 V061 Terra 250m 16-day
SO2602,Baardheere,SO26,Gedo,2021-06-26,0.2836133333333333,0.28,0.1722733333333333,0.1649,0.000846596681341,15,0.226549271926854,0.5187944463257704,pixel_reliability=0 AND MODLAND_QA(bits0-1)=0 AND VI range -2000..10000,MOD13Q1 V061 Terra 250m 16-day
SO2602,Baardheere,SO26,Gedo,2021-07-12,0.2464,0.264,0.14832,0.1541,0.0002821988937803,5,0.2856417202844565,0.4398916356247883,pixel_reliability=0 AND MODLAND_QA(bits0-1)=0 AND VI range -2000..10000,MOD13Q1 V061 Terra 250m 16-day
SO2602,Baardheere,SO26,Gedo,2021-07-28,0.2376867924528302,0.23475,0.1332245283018868,0.1327,0.0059826165481431,106,0.2209617338300034,0.5492719268540467,pixel_reliability=0 AND MODLAND_QA(bits0-1)=0 AND VI range -2000..10000,MOD13Q1 V061 Terra 250m 16-day
SO2602,Baardheere,SO26,Gedo,2021-08-13,0.2660596802841918,0.2681,0.1404658885223716,0.1403,0.6672875042329834,11823,0.1604582910034992,0.0267524551303758,pixel_reliability=0 AND MODLAND_QA(bits0-1)=0 AND VI range -2000..10000,MOD13Q1 V061 Terra 250m 16-day
SO2602,Baardheere,SO26,Gedo,2021-08-29,0.24356111111111112,0.24285,0.14088333333333333,0.1402,0.005079580088046055,90,0.7196636189186139,0.13421379388192797,pixel_reliability=0 AND MODLAND_QA(bits0-1)=0 AND VI range -2000..10000,MOD13Q1 V061 Terra 250m 16-day
SO2602,Baardheere,SO26,Gedo,2021-09-14,0.24762796892341843,0.2482,0.1353803551609323,0.1343,0.05085224065921662,901,0.6968619483011627,0.03911276667795462,pixel_reliability=0 AND MODLAND_QA(bits0-1)=0 AND VI range -2000..10000,MOD13Q1 V061 Terra 250m 16-day
SO2602,Baardheere,SO26,Gedo,2021-09-30,0.2352810880164229,0.236,0.1428519053117783,0.1419,0.8797832712495767,15588,0.0233660684050118,0.001749633141438,pixel_reliability=0 AND MODLAND_QA(bits0-1)=0 AND VI range -2000..10000,MOD13Q1 V061 Terra 250m 16-day
SO2602,Baardheere,SO26,Gedo,2021-10-16,0.2700886761710794,0.2539,0.1611006109979633,0.1509,0.4156789705384355,7365,0.2033525228581104,0.0794672084885427,pixel_reliability=0 AND MODLAND_QA(bits0-1)=0 AND VI range -2000..10000,MOD13Q1 V061 Terra 250m 16-day
SO2602,Baardheere,SO26,Gedo,2021-11-01,0.2865182757289052,0.2688,0.1773869762502413,0.1642,0.5846032283553448,10358,0.1440907551642397,0.0197539225646235,pixel_reliability=0 AND MODLAND_QA(bits0-1)=0 AND VI range -2000..10000,MOD13Q1 V061 Terra 250m 16-day
SO2602,Baardheere,SO26,Gedo,2021-11-17,0.3006176218921537,0.2928,0.1702537294155635,0.1656,0.6991759792301614,12388,0.0983745343718252,0.0364036572976633,pixel_reliability=0 AND MODLAND_QA(bits0-1)=0 AND VI range -2000..10000,MOD13Q1 V061 Terra 250m 16-day
SO2602,Baardheere,SO26,Gedo,2021-12-03,0.3485744587035209,0.3431,0.2179067653833498,0.2137,0.8576024381984423,15195,0.0345975843774692,0.0005079580088046,pixel_reliability=0 AND MODLAND_QA(bits0-1)=0 AND VI range -2000..10000,MOD13Q1 V061 Terra 250m 16-day
SO2602,Baardheere,SO26,Gedo,2021-12-19,0.3165906871994644,0.3064,0.1826753484691703,0.1738,0.9272491251834292,16429,0.0195281634495992,0.0,pixel_reliability=0 AND MODLAND_QA(bits0-1)=0 AND VI range -2000..10000,MOD13Q1 V061 Terra 250m 16-day
SO2603,Belet Xaawo,SO26,Gedo,2021-01-01,0.2504761121408712,0.2564,0.133746640407785,0.1346,0.9789067815831254,4316,0.0009072352007257881,0.0,pixel_reliability=0 AND MODLAND_QA(bits0-1)=0 AND VI range -2000..10000,MOD13Q1 V061 Terra 250m 16-day
SO2603,Belet Xaawo,SO26,Gedo,2021-01-17,0.2379331956870842,0.2439,0.1276545079146593,0.1288,0.9886595599909276,4359,0.0,0.0,pixel_reliability=0 AND MODLAND_QA(bits0-1)=0 AND VI range -2000..10000,MOD13Q1 V061 Terra 250m 16-day
SO2603,Belet Xaawo,SO26,Gedo,2021-02-02,0.2339249711782338,0.24,0.1238638229190684,0.1251,0.9836697663869358,4337,0.0024948968019959,0.0,pixel_reliability=0 AND MODLAND_QA(bits0-1)=0 AND VI range -2000..10000,MOD13Q1 V061 Terra 250m 16-day
SO2603,Belet Xaawo,SO26,Gedo,2021-02-18,0.2337541907878177,0.2397,0.1227484017115529,0.1234,0.9011113631208892,3973,0.0054434112043547,0.0,pixel_reliability=0 AND MODLAND_QA(bits0-1)=0 AND VI range -2000..10000,MOD13Q1 V061 Terra 250m 16-day
SO2603,Belet Xaawo,SO26,Gedo,2021-03-06,0.2462847773032336,0.2503,0.12646961561928,0.1273,0.7434792469947834,3278,0.0424132456339306,0.0,pixel_reliability=0 AND MODLAND_QA(bits0-1)=0 AND VI range -2000..10000,MOD13Q1 V061 Terra 250m 16-day
SO2603,Belet Xaawo,SO26,Gedo,2021-03-22,0.243884765625,0.2493,0.1369992788461538,0.1378,0.7548196870038557,3328,0.0344749376275799,0.0,pixel_reliability=0 AND MODLAND_QA(bits0-1)=0 AND VI range -2000..10000,MOD13Q1 V061 Terra 250m 16-day
SO2603,Belet Xaawo,SO26,Gedo,2021-04-07,0.2963754385964912,0.3047,0.1702473684210526,0.1689,0.0129281016103424,57,0.3744613290995691,0.3170787026536629,pixel_reliability=0 AND MODLAND_QA(bits0-1)=0 AND VI range -2000..10000,MOD13Q1 V061 Terra 250m 16-day
SO2603,Belet Xaawo,SO26,Gedo,2021-04-23,0.3906141414141414,0.3957,0.2286277777777777,0.22765,0.0449081424359265,198,0.226808800181447,0.4370605579496484,pixel_reliability=0 AND MODLAND_QA(bits0-1)=0 AND VI range -2000..10000,MOD13Q1 V061 Terra 250m 16-day
SO2603,Belet Xaawo,SO26,Gedo,2021-05-09,0.3725602937747727,0.3661,0.2256232688272324,0.219,0.9727829439782264,4289,0.0029485144023588,0.0002268088001814,pixel_reliability=0 AND MODLAND_QA(bits0-1)=0 AND VI range -2000..10000,MOD13Q1 V061 Terra 250m 16-day
SO2603,Belet Xaawo,SO26,Gedo,2021-05-25,0.3127222462203023,0.3139,0.1786332181425486,0.1742,0.5250623724200499,2315,0.2175096393740077,0.0011340440009072,pixel_reliability=0 AND MODLAND_QA(bits0-1)=0 AND VI range -2000..10000,MOD13Q1 V061 Terra 250m 16-day
SO2603,Belet Xaawo,SO26,Gedo,2021-06-10,0.2658403631284916,0.26695,0.1564899441340782,0.1549,0.162395100929916,716,0.537310047629848,0.0015876616012701,pixel_reliability=0 AND MODLAND_QA(bits0-1)=0 AND VI range -2000..10000,MOD13Q1 V061 Terra 250m 16-day
SO2603,Belet Xaawo,SO26,Gedo,2021-06-26,0.2460716568544995,0.243,0.1417407905803196,0.1413,0.2696756634157405,1189,0.331821274665457,0.1599002041279201,pixel_reliability=0 AND MODLAND_QA(bits0-1)=0 AND VI range -2000..10000,MOD13Q1 V061 Terra 250m 16-day
SO2603,Belet Xaawo,SO26,Gedo,2021-07-12,0.2255910256410256,0.22555,0.1289576923076923,0.1317,0.0176910864141528,78,0.4549784531639828,0.2497164889997732,pixel_reliability=0 AND MODLAND_QA(bits0-1)=0 AND VI range -2000..10000,MOD13Q1 V061 Terra 250m 16-day
SO2603,Belet Xaawo,SO26,Gedo,2021-07-28,0.2423955903271693,0.2445,0.1320901849217639,0.1318,0.1594465865275572,703,0.5162168292129735,0.0088455432070764,pixel_reliability=0 AND MODLAND_QA(bits0-1)=0 AND VI range -2000..10000,MOD13Q1 V061 Terra 250m 16-day
SO2603,Belet Xaawo,SO26,Gedo,2021-08-13,0.2333909281437126,0.23835,0.1247245808383233,0.1249,0.7575413926060331,3340,0.0303923792243139,0.0,pixel_reliability=0 AND MODLAND_QA(bits0-1)=0 AND VI range -2000..10000,MOD13Q1 V061 Terra 250m 16-day
SO2603,Belet Xaawo,SO26,Gedo,2021-08-29,0.22779285714285713,0.2331,0.13027485422740526,0.1316,0.31118167384894535,1372,0.21819006577455205,0.0,pixel_reliability=0 AND MODLAND_QA(bits0-1)=0 AND VI range -2000..10000,MOD13Q1 V061 Terra 250m 16-day
SO2603,Belet Xaawo,SO26,Gedo,2021-09-14,0.24006828995242097,0.2467,0.12627954100195915,0.1275,0.8103878430483102,3573,0.03606259922885008,0.0,pixel_reliability=0 AND MODLAND_QA(bits0-1)=0 AND VI range -2000..10000,MOD13Q1 V061 Terra 250m 16-day
SO2603,Belet Xaawo,SO26,Gedo,2021-09-30,0.2409040684410646,0.244,0.127468288973384,0.1279,0.5965071444772058,2630,0.008165116806532,0.0002268088001814,pixel_reliability=0 AND MODLAND_QA(bits0-1)=0 AND VI range -2000..10000,MOD13Q1 V061 Terra 250m 16-day
SO2603,Belet Xaawo,SO26,Gedo,2021-10-16,0.2505176349614396,0.2505,0.1368162467866323,0.1358,0.4411431163529145,1945,0.2270356089816285,0.0136085280108868,pixel_reliability=0 AND MODLAND_QA(bits0-1)=0 AND VI range -2000..10000,MOD13Q1 V061 Terra 250m 16-day
SO2603,Belet Xaawo,SO26,Gedo,2021-11-01,0.3335358259400084,0.3325,0.1877769328263624,0.1858,0.5368564300294851,2367,0.1526423225221138,0.0410523928328419,pixel_reliability=0 AND MODLAND_QA(bits0-1)=0 AND VI range -2000..10000,MOD13Q1 V061 Terra 250m 16-day
SO2603,Belet Xaawo,SO26,Gedo,2021-11-17,0.2700755374782103,0.26475,0.1493458454386984,0.1449,0.7806758902245408,3442,0.0963937400771149,0.0058970288047176,pixel_reliability=0 AND MODLAND_QA(bits0-1)=0 AND VI range -2000..10000,MOD13Q1 V061 Terra 250m 16-day
SO2603,Belet Xaawo,SO26,Gedo,2021-12-03,0.2855361150400754,0.28415,0.163122182932579,0.1615,0.9621229303696984,4242,0.002041279201633,0.0,pixel_reliability=0 AND MODLAND_QA(bits0-1)=0 AND VI range -2000..10000,MOD13Q1 V061 Terra 250m 16-day
SO2603,Belet Xaawo,SO26,Gedo,2021-12-19,0.2503370168258299,0.2536,0.135987653478854,0.136,0.997505103198004,4398,0.0002268088001814,0.0,pixel_reliability=0 AND MODLAND_QA(bits0-1)=0 AND VI range -2000..10000,MOD13Q1 V061 Terra 250m 16-day
SO2604,Ceel Waaq,SO26,Gedo,2021-01-01,0.2922183276563015,0.2857,0.15345466432260194,0.14980000000000002,0.9821929635225556,9101,0.0019425857975393912,0.0,pixel_reliability=0 AND MODLAND_QA(bits0-1)=0 AND VI range -2000..10000,MOD13Q1 V061 Terra 250m 16-day
SO2604,Ceel Waaq,SO26,Gedo,2021-01-17,0.2734295158999016,0.2687,0.1451798054857392,0.1427,0.9875890351823872,9151,0.0014029786315562,0.0,pixel_reliability=0 AND MODLAND_QA(bits0-1)=0 AND VI range -2000..10000,MOD13Q1 V061 Terra 250m 16-day
SO2604,Ceel Waaq,SO26,Gedo,2021-02-02,0.2619607768115942,0.26,0.1358360811594202,0.1348,0.9308223613209584,8625,0.015864450679905,0.0,pixel_reliability=0 AND MODLAND_QA(bits0-1)=0 AND VI range -2000..10000,MOD13Q1 V061 Terra 250m 16-day
SO2604,Ceel Waaq,SO26,Gedo,2021-02-18,0.2558245556975259,0.2535,0.135552375421071,0.1351,0.9290956183898124,8609,0.0107921433196632,0.0,pixel_reliability=0 AND MODLAND_QA(bits0-1)=0 AND VI range -2000..10000,MOD13Q1 V061 Terra 250m 16-day
SO2604,Ceel Waaq,SO26,Gedo,2021-03-06,0.2760634467120181,0.2758,0.1388402380952381,0.1386,0.9518670407943016,8820,0.0062594431254047,0.0,pixel_reliability=0 AND MODLAND_QA(bits0-1)=0 AND VI range -2000..10000,MOD13Q1 V061 Terra 250m 16-day
SO2604,Ceel Waaq,SO26,Gedo,2021-03-22,0.2960594283276451,0.2897,0.1700401592718999,0.1634,0.7589035182387223,7032,0.0768400604360026,0.0,pixel_reliability=0 AND MODLAND_QA(bits0-1)=0 AND VI range -2000..10000,MOD13Q1 V061 Terra 250m 16-day
SO2604,Ceel Waaq,SO26,Gedo,2021-04-07,0.404,0.404,0.2443,0.2443,0.0001079214331966,1,0.3384416145046406,0.3643427584718325,pixel_reliability=0 AND MODLAND_QA(bits0-1)=0 AND VI range -2000..10000,MOD13Q1 V061 Terra 250m 16-day
SO2604,Ceel Waaq,SO26,Gedo,2021-04-23,0.5040493975903615,0.4918,0.3010168674698795,0.294,0.0089574789553205,83,0.2265270882797323,0.4866177422836175,pixel_reliability=0 AND MODLAND_QA(bits0-1)=0 AND VI range -2000..10000,MOD13Q1 V061 Terra 250m 16-day
SO2604,Ceel Waaq,SO26,Gedo,2021-05-09,0.4256558032949337,0.4146,0.25699580081754,0.2483,0.871249730196417,8073,0.0206129937405568,0.0006475285991797,pixel_reliability=0 AND MODLAND_QA(bits0-1)=0 AND VI range -2000..10000,MOD13Q1 V061 Terra 250m 16-day
SO2604,Ceel Waaq,SO26,Gedo,2021-05-25,0.3375875714285714,0.3301,0.1863702857142857,0.1822,0.075545003237643,700,0.5155406863803151,0.0636736455860133,pixel_reliability=0 AND MODLAND_QA(bits0-1)=0 AND VI range -2000..10000,MOD13Q1 V061 Terra 250m 16-day
SO2604,Ceel Waaq,SO26,Gedo,2021-06-10,0.3046945544554455,0.29625,0.1749962871287128,0.17025,0.0436002590114396,404,0.7531836822793007,0.016727822145478,pixel_reliability=0 AND MODLAND_QA(bits0-1)=0 AND VI range -2000..10000,MOD13Q1 V061 Terra 250m 16-day
SO2604,Ceel Waaq,SO26,Gedo,2021-06-26,0.2324333333333333,0.228,0.1449,0.1444,0.0003237642995898,3,0.2513490179149579,0.4677314914742068,pixel_reliability=0 AND MODLAND_QA(bits0-1)=0 AND VI range -2000..10000,MOD13Q1 V061 Terra 250m 16-day
SO2604,Ceel Waaq,SO26,Gedo,2021-07-12,,,,,0.0,0,0.2038635873084394,0.5251456939348155,pixel_reliability=0 AND MODLAND_QA(bits0-1)=0 AND VI range -2000..10000,MOD13Q1 V061 Terra 250m 16-day
SO2604,Ceel Waaq,SO26,Gedo,2021-07-28,0.2391484304932735,0.2381,0.1370011210762332,0.1363,0.0481329592056982,446,0.5185624865098208,0.2017051586445068,pixel_reliability=0 AND MODLAND_QA(bits0-1)=0 AND VI range -2000..10000,MOD13Q1 V061 Terra 250m 16-day
SO2604,Ceel Waaq,SO26,Gedo,2021-08-13,0.2688065784769395,0.2673,0.1312433678941723,0.1308,0.9055687459529462,8391,0.0111159076192531,0.0001079214331966,pixel_reliability=0 AND MODLAND_QA(bits0-1)=0 AND VI range -2000..10000,MOD13Q1 V061 Terra 250m 16-day
SO2604,Ceel Waaq,SO26,Gedo,2021-08-29,0.2397821818181818,0.2412,0.13975745454545455,0.1395,0.029678394129074033,275,0.864774444204619,0.016080293546298294,pixel_reliability=0 AND MODLAND_QA(bits0-1)=0 AND VI range -2000..10000,MOD13Q1 V061 Terra 250m 16-day
SO2604,Ceel Waaq,SO26,Gedo,2021-09-14,0.25420449966420416,0.2539,0.13007400940228342,0.12990000000000002,0.1606950140297863,1489,0.5984243470753292,0.0019425857975393912,pixel_reliability=0 AND MODLAND_QA(bits0-1)=0 AND VI range -2000..10000,MOD13Q1 V061 Terra 250m 16-day
SO2604,Ceel Waaq,SO26,Gedo,2021-09-30,0.252267212535344,0.2498,0.1379972785108388,0.1369,0.9160371249730196,8488,0.0067990502913878,0.0,pixel_reliability=0 AND MODLAND_QA(bits0-1)=0 AND VI range -2000..10000,MOD13Q1 V061 Terra 250m 16-day
SO2604,Ceel Waaq,SO26,Gedo,2021-10-16,0.264271893830703,0.2569,0.1464962266857963,0.1428,0.7522123893805309,6970,0.0669112885819123,0.0166199007122814,pixel_reliability=0 AND MODLAND_QA(bits0-1)=0 AND VI range -2000..10000,MOD13Q1 V061 Terra 250m 16-day
SO2604,Ceel Waaq,SO26,Gedo,2021-11-01,0.360413896810993,0.3589,0.2095638060668913,0.2044,0.4162529678394129,3857,0.3285128426505504,0.0043168573278653,pixel_reliability=0 AND MODLAND_QA(bits0-1)=0 AND VI range -2000..10000,MOD13Q1 V061 Terra 250m 16-day
SO2604,Ceel Waaq,SO26,Gedo,2021-11-17,0.3202364844457867,0.3069,0.1754710208396254,0.1704,0.7146557306281027,6622,0.0939995683142672,0.0129505719835959,pixel_reliability=0 AND MODLAND_QA(bits0-1)=0 AND VI range -2000..10000,MOD13Q1 V061 Terra 250m 16-day
SO2604,Ceel Waaq,SO26,Gedo,2021-12-03,0.3459131013306039,0.3386,0.1974095573183214,0.1932,0.8435139218648824,7816,0.0316209799266134,0.0,pixel_reliability=0 AND MODLAND_QA(bits0-1)=0 AND VI range -2000..10000,MOD13Q1 V061 Terra 250m 16-day
SO2604,Ceel Waaq,SO26,Gedo,2021-12-19,0.2822081433594193,0.2765,0.148030838153567,0.145,0.9515432764947118,8817,0.0175911936110511,0.0,pixel_reliability=0 AND MODLAND_QA(bits0-1)=0 AND VI range -2000..10000,MOD13Q1 V061 Terra 250m 16-day
SO2605,Doolow,SO26,Gedo,2021-01-01,0.18539864425162692,0.1704,0.11114864425162692,0.1022,0.959417273673257,1844,0.0,0.0,pixel_reliability=0 AND MODLAND_QA(bits0-1)=0 AND VI range -2000..10000,MOD13Q1 V061 Terra 250m 16-day
SO2605,Doolow,SO26,Gedo,2021-01-17,0.1802113685344827,0.1659,0.1083936961206896,0.0998,0.9656607700312176,1856,0.0005202913631633,0.0,pixel_reliability=0 AND MODLAND_QA(bits0-1)=0 AND VI range -2000..10000,MOD13Q1 V061 Terra 250m 16-day
SO2605,Doolow,SO26,Gedo,2021-02-02,0.1769503198294243,0.1655,0.1058273454157782,0.099,0.9760665972944848,1876,0.0015608740894901,0.0,pixel_reliability=0 AND MODLAND_QA(bits0-1)=0 AND VI range -2000..10000,MOD13Q1 V061 Terra 250m 16-day
SO2605,Doolow,SO26,Gedo,2021-02-18,0.1765805350028458,0.1651,0.1050511098463289,0.0981,0.9141519250780435,1757,0.0036420395421436,0.0,pixel_reliability=0 AND MODLAND_QA(bits0-1)=0 AND VI range -2000..10000,MOD13Q1 V061 Terra 250m 16-day
SO2605,Doolow,SO26,Gedo,2021-03-06,0.1802279735682819,0.1699,0.1018019273127753,0.0958,0.9448491155046826,1816,0.0036420395421436,0.0,pixel_reliability=0 AND MODLAND_QA(bits0-1)=0 AND VI range -2000..10000,MOD13Q1 V061 Terra 250m 16-day
SO2605,Doolow,SO26,Gedo,2021-03-22,0.1694199638118214,0.1607,0.1071816043425814,0.102,0.8626430801248699,1658,0.0171696149843912,0.0005202913631633,pixel_reliability=0 AND MODLAND_QA(bits0-1)=0 AND VI range -2000..10000,MOD13Q1 V061 Terra 250m 16-day
SO2605,Doolow,SO26,Gedo,2021-04-07,0.1635866666666666,0.1588,0.1019605128205128,0.0995,0.1014568158168574,195,0.4797086368366285,0.0718002081165452,pixel_reliability=0 AND MODLAND_QA(bits0-1)=0 AND VI range -2000..10000,MOD13Q1 V061 Terra 250m 16-day
SO2605,Doolow,SO26,Gedo,2021-04-23,0.1927085365853658,0.18165,0.1217335365853658,0.1159,0.0853277835587929,164,0.2575442247658689,0.2996878251821019,pixel_reliability=0 AND MODLAND_QA(bits0-1)=0 AND VI range -2000..10000,MOD13Q1 V061 Terra 250m 16-day
SO2605,Doolow,SO26,Gedo,2021-05-09,0.2296796271637816,0.2047,0.147632689747004,0.12855,0.7814776274713839,1502,0.0306971904266389,0.0026014568158168,pixel_reliability=0 AND MODLAND_QA(bits0-1)=0 AND VI range -2000..10000,MOD13Q1 V061 Terra 250m 16-day
SO2605,Doolow,SO26,Gedo,2021-05-25,0.2039078221722003,0.1868,0.1227118176702307,0.1116,0.9245577523413112,1777,0.014047866805411,0.0015608740894901,pixel_reliability=0 AND MODLAND_QA(bits0-1)=0 AND VI range -2000..10000,MOD13Q1 V061 Terra 250m 16-day
SO2605,Doolow,SO26,Gedo,2021-06-10,0.174359287054409,0.16535,0.1086675422138836,0.103,0.554630593132154,1066,0.1238293444328824,0.005723204994797,pixel_reliability=0 AND MODLAND_QA(bits0-1)=0 AND VI range -2000..10000,MOD13Q1 V061 Terra 250m 16-day
SO2605,Doolow,SO26,Gedo,2021-06-26,0.1983613104524181,0.1793,0.1203332293291731,0.1073,0.3335067637877211,641,0.2809573361082206,0.0176899063475546,pixel_reliability=0 AND MODLAND_QA(bits0-1)=0 AND VI range -2000..10000,MOD13Q1 V061 Terra 250m 16-day
SO2605,Doolow,SO26,Gedo,2021-07-12,0.1730916666666666,0.18505,0.1066916666666666,0.1073,0.0062434963579604,12,0.2091571279916753,0.5280957336108221,pixel_reliability=0 AND MODLAND_QA(bits0-1)=0 AND VI range -2000..10000,MOD13Q1 V061 Terra 250m 16-day
SO2605,Doolow,SO26,Gedo,2021-07-28,0.1702181818181818,0.17125,0.10635,0.1038,0.0114464099895941,22,0.6347554630593132,0.1508844953173777,pixel_reliability=0 AND MODLAND_QA(bits0-1)=0 AND VI range -2000..10000,MOD13Q1 V061 Terra 250m 16-day
SO2605,Doolow,SO26,Gedo,2021-08-13,0.1723402662229617,0.1605,0.103940931780366,0.0972,0.9380853277835588,1803,0.0020811654526534,0.0,pixel_reliability=0 AND MODLAND_QA(bits0-1)=0 AND VI range -2000..10000,MOD13Q1 V061 Terra 250m 16-day
SO2605,Doolow,SO26,Gedo,2021-08-29,0.1609266149870801,0.15565,0.10115103359173126,0.098,0.40270551508844954,774,0.07752341311134235,0.0,pixel_reliability=0 AND MODLAND_QA(bits0-1)=0 AND VI range -2000..10000,MOD13Q1 V061 Terra 250m 16-day
SO2605,Doolow,SO26,Gedo,2021-09-14,0.16888034257748777,0.1578,0.10389257748776509,0.09720000000000001,0.6378772112382934,1226,0.06503642039542143,0.0,pixel_reliability=0 AND MODLAND_QA(bits0-1)=0 AND VI range -2000..10000,MOD13Q1 V061 Terra 250m 16-day
SO2605,Doolow,SO26,Gedo,2021-09-30,0.1702602631578947,0.1603,0.1012978947368421,0.0964,0.3954214360041623,760,0.0026014568158168,0.0,pixel_reliability=0 AND MODLAND_QA(bits0-1)=0 AND VI range -2000..10000,MOD13Q1 V061 Terra 250m 16-day
SO2605,Doolow,SO26,Gedo,2021-10-16,0.1756538934426229,0.16495,0.1074850409836065,0.1017,0.2539021852237252,488,0.4484911550468262,0.0093652445369406,pixel_reliability=0 AND MODLAND_QA(bits0-1)=0 AND VI range -2000..10000,MOD13Q1 V061 Terra 250m 16-day
SO2605,Doolow,SO26,Gedo,2021-11-01,0.1693326710816777,0.1603,0.1053092715231788,0.1002,0.2356919875130073,453,0.2330905306971904,0.042143600416233,pixel_reliability=0 AND MODLAND_QA(bits0-1)=0 AND VI range -2000..10000,MOD13Q1 V061 Terra 250m 16-day
SO2605,Doolow,SO26,Gedo,2021-11-17,0.1862782448765108,0.1737,0.1113789280084078,0.1043,0.990114464099896,1903,0.0015608740894901,0.0,pixel_reliability=0 AND MODLAND_QA(bits0-1)=0 AND VI range -2000..10000,MOD13Q1 V061 Terra 250m 16-day
SO2605,Doolow,SO26,Gedo,2021-12-03,0.2051158910329171,0.196,0.1292811010215664,0.1226,0.9167533818938606,1762,0.0067637877211238,0.0,pixel_reliability=0 AND MODLAND_QA(bits0-1)=0 AND VI range -2000..10000,MOD13Q1 V061 Terra 250m 16-day
SO2605,Doolow,SO26,Gedo,2021-12-19,0.1925227827050998,0.18225,0.1187962860310421,0.1117,0.938605619146722,1804,0.0015608740894901,0.0,pixel_reliability=0 AND MODLAND_QA(bits0-1)=0 AND VI range -2000..10000,MOD13Q1 V061 Terra 250m 16-day
SO2606,Luuq,SO26,Gedo,2021-01-01,0.1883574778530485,0.1816,0.10839053673788432,0.1073,0.9681162344869337,9595,0.002118857834729089,0.0,pixel_reliability=0 AND MODLAND_QA(bits0-1)=0 AND VI range -2000..10000,MOD13Q1 V061 Terra 250m 16-day
SO2606,Luuq,SO26,Gedo,2021-01-17,0.1791254606016446,0.174,0.1036603310086395,0.1038,0.9693270103924932,9607,0.0032287357481586,0.0,pixel_reliability=0 AND MODLAND_QA(bits0-1)=0 AND VI range -2000..10000,MOD13Q1 V061 Terra 250m 16-day
SO2606,Luuq,SO26,Gedo,2021-02-02,0.1754098301866891,0.1717,0.1012433076679675,0.1021,0.9566138633841188,9481,0.0061547775199273,0.0,pixel_reliability=0 AND MODLAND_QA(bits0-1)=0 AND VI range -2000..10000,MOD13Q1 V061 Terra 250m 16-day
SO2606,Luuq,SO26,Gedo,2021-02-18,0.1721776417383631,0.1688,0.1049192477388043,0.1045,0.9147411966501868,9066,0.0083745333467863,0.0,pixel_reliability=0 AND MODLAND_QA(bits0-1)=0 AND VI range -2000..10000,MOD13Q1 V061 Terra 250m 16-day
SO2606,Luuq,SO26,Gedo,2021-03-06,0.1713913895486936,0.1662,0.1013460411718131,0.0992,0.5097366562405408,5052,0.2548683281202704,0.0,pixel_reliability=0 AND MODLAND_QA(bits0-1)=0 AND VI range -2000..10000,MOD13Q1 V061 Terra 250m 16-day
SO2606,Luuq,SO26,Gedo,2021-03-22,0.1844693150355122,0.1722,0.1152074395088479,0.1095,0.8381596206235495,8307,0.0296640096862072,0.0,pixel_reliability=0 AND MODLAND_QA(bits0-1)=0 AND VI range -2000..10000,MOD13Q1 V061 Terra 250m 16-day
SO2606,Luuq,SO26,Gedo,2021-04-07,0.1918206238483811,0.1774,0.1174932350618584,0.1106,0.7666229442034104,7598,0.0474220563010796,0.002219755826859,pixel_reliability=0 AND MODLAND_QA(bits0-1)=0 AND VI range -2000..10000,MOD13Q1 V061 Terra 250m 16-day
SO2606,Luuq,SO26,Gedo,2021-04-23,0.2084921017402945,0.2054,0.1385452476572958,0.1361,0.0753708001210776,747,0.2400363232771667,0.3815962062354959,pixel_reliability=0 AND MODLAND_QA(bits0-1)=0 AND VI range -2000..10000,MOD13Q1 V061 Terra 250m 16-day
SO2606,Luuq,SO26,Gedo,2021-05-09,0.291291024930748,0.27495,0.1811946398891966,0.16805,0.7284835031782868,7220,0.0562001816163858,0.0168499646857027,pixel_reliability=0 AND MODLAND_QA(bits0-1)=0 AND VI range -2000..10000,MOD13Q1 V061 Terra 250m 16-day
SO2606,Luuq,SO26,Gedo,2021-05-25,0.2428690915850787,0.2335,0.1478412566612963,0.1387,0.8141458984966199,8069,0.0292604177176874,0.0104933911815154,pixel_reliability=0 AND MODLAND_QA(bits0-1)=0 AND VI range -2000..10000,MOD13Q1 V061 Terra 250m 16-day
SO2606,Luuq,SO26,Gedo,2021-06-10,0.1745316423043852,0.1644,0.1120912295786758,0.1079,0.1173443648471395,1163,0.6333366965997377,0.0118050650792049,pixel_reliability=0 AND MODLAND_QA(bits0-1)=0 AND VI range -2000..10000,MOD13Q1 V061 Terra 250m 16-day
SO2606,Luuq,SO26,Gedo,2021-06-26,0.1922851159007726,0.1886,0.1155224481496543,0.1149,0.2481081626475633,2459,0.3002724245787508,0.0360205831903945,pixel_reliability=0 AND MODLAND_QA(bits0-1)=0 AND VI range -2000..10000,MOD13Q1 V061 Terra 250m 16-day
SO2606,Luuq,SO26,Gedo,2021-07-12,0.1928571428571428,0.19735,0.1185642857142857,0.12015,0.0014125718898193,14,0.4311371203713046,0.358086974069216,pixel_reliability=0 AND MODLAND_QA(bits0-1)=0 AND VI range -2000..10000,MOD13Q1 V061 Terra 250m 16-day
SO2606,Luuq,SO26,Gedo,2021-07-28,0.1795926931106471,0.1785,0.1091361169102296,0.108,0.0483301382302492,479,0.6747048733730199,0.0520633639390576,pixel_reliability=0 AND MODLAND_QA(bits0-1)=0 AND VI range -2000..10000,MOD13Q1 V061 Terra 250m 16-day
SO2606,Luuq,SO26,Gedo,2021-08-13,0.1736977459497534,0.1693,0.1004977342099084,0.1005,0.8594490969629704,8518,0.0155382907880133,0.0,pixel_reliability=0 AND MODLAND_QA(bits0-1)=0 AND VI range -2000..10000,MOD13Q1 V061 Terra 250m 16-day
SO2606,Luuq,SO26,Gedo,2021-08-29,0.17017069000201165,0.1661,0.10497229933614965,0.10500000000000001,0.5015639188780143,4971,0.1060437897285844,0.00010089799212995662,pixel_reliability=0 AND MODLAND_QA(bits0-1)=0 AND VI range -2000..10000,MOD13Q1 V061 Terra 250m 16-day
SO2606,Luuq,SO26,Gedo,2021-09-14,0.16981307726139863,0.1648,0.1002781556956458,0.09970000000000001,0.688225204318434,6821,0.06205226515992332,0.0,pixel_reliability=0 AND MODLAND_QA(bits0-1)=0 AND VI range -2000..10000,MOD13Q1 V061 Terra 250m 16-day
SO2606,Luuq,SO26,Gedo,2021-09-30,0.1728167259317792,0.1675,0.0997338337942842,0.0995,0.7661184542427606,7593,0.0109978811421652,0.0001008979921299,pixel_reliability=0 AND MODLAND_QA(bits0-1)=0 AND VI range -2000..10000,MOD13Q1 V061 Terra 250m 16-day
SO2606,Luuq,SO26,Gedo,2021-10-16,0.1941704081632653,0.1762,0.117387026239067,0.10605,0.0692160226011502,686,0.7154676621935223,0.0260316819695288,pixel_reliability=0 AND MODLAND_QA(bits0-1)=0 AND VI range -2000..10000,MOD13Q1 V061 Terra 250m 16-day
SO2606,Luuq,SO26,Gedo,2021-11-01,0.18502945026178,0.1683,0.1161128490401396,0.1054,0.4625163959237211,4584,0.1282413479971748,0.006961961456967,pixel_reliability=0 AND MODLAND_QA(bits0-1)=0 AND VI range -2000..10000,MOD13Q1 V061 Terra 250m 16-day
SO2606,Luuq,SO26,Gedo,2021-11-17,0.1830627943984723,0.1711,0.107348514746446,0.102,0.951064473816971,9426,0.0071637574412269,0.0,pixel_reliability=0 AND MODLAND_QA(bits0-1)=0 AND VI range -2000..10000,MOD13Q1 V061 Terra 250m 16-day
SO2606,Luuq,SO26,Gedo,2021-12-03,0.1768824679628811,0.1695,0.1051682390631904,0.1025,0.9133286247603672,9052,0.018464332559782,0.0,pixel_reliability=0 AND MODLAND_QA(bits0-1)=0 AND VI range -2000..10000,MOD13Q1 V061 Terra 250m 16-day
SO2606,Luuq,SO26,Gedo,2021-12-19,0.1705480416895227,0.1658,0.0994659462424575,0.0988,0.9196851982645544,9115,0.0142266168903238,0.0,pixel_reliability=0 AND MODLAND_QA(bits0-1)=0 AND VI range -2000..10000,MOD13Q1 V061 Terra 250m 16-day
SO2701,Bu'aale,SO27,Middle Juba,2021-01-01,0.44304980610352385,0.4405,0.2714349519473951,0.2657,0.9246959775491114,5931,0.016682257561584035,0.0,pixel_reliability=0 AND MODLAND_QA(bits0-1)=0 AND VI range -2000..10000,MOD13Q1 V061 Terra 250m 16-day
SO2701,Bu'aale,SO27,Middle Juba,2021-01-17,0.3863869729907773,0.38065,0.2345881258234519,0.2245,0.9466791393826004,6072,0.0024945431867789,0.0,pixel_reliability=0 AND MODLAND_QA(bits0-1)=0 AND VI range -2000..10000,MOD13Q1 V061 Terra 250m 16-day
SO2701,Bu'aale,SO27,Middle Juba,2021-02-02,0.3535021420138303,0.3528,0.2135393995614775,0.207,0.924384159650764,5929,0.0168381665107577,0.0,pixel_reliability=0 AND MODLAND_QA(bits0-1)=0 AND VI range -2000..10000,MOD13Q1 V061 Terra 250m 16-day
SO2701,Bu'aale,SO27,Middle Juba,2021-02-18,0.3356675311552711,0.3372,0.2053089592455372,0.2015,0.9257873401933272,5938,0.0118490801371998,0.0,pixel_reliability=0 AND MODLAND_QA(bits0-1)=0 AND VI range -2000..10000,MOD13Q1 V061 Terra 250m 16-day
SO2701,Bu'aale,SO27,Middle Juba,2021-03-06,0.3366498039215687,0.33535,0.2004089999999999,0.1953,0.7951356407857811,5100,0.0074836295603367,0.0,pixel_reliability=0 AND MODLAND_QA(bits0-1)=0 AND VI range -2000..10000,MOD13Q1 V061 Terra 250m 16-day
SO2701,Bu'aale,SO27,Middle Juba,2021-03-22,0.3359576059322034,0.3395,0.2076683474576271,0.2053,0.7358902400997818,4720,0.094792641097599,0.0,pixel_reliability=0 AND MODLAND_QA(bits0-1)=0 AND VI range -2000..10000,MOD13Q1 V061 Terra 250m 16-day
SO2701,Bu'aale,SO27,Middle Juba,2021-04-07,0.5170361702127659,0.53,0.339763829787234,0.3412,0.007327720611163,47,0.490645463049579,0.2104770813844714,pixel_reliability=0 AND MODLAND_QA(bits0-1)=0 AND VI range -2000..10000,MOD13Q1 V061 Terra 250m 16-day
SO2701,Bu'aale,SO27,Middle Juba,2021-04-23,0.6317593750000001,0.6567000000000001,0.400134375,0.3935,0.0049890863735578,32,0.4463673214842532,0.2095416276894293,pixel_reliability=0 AND MODLAND_QA(bits0-1)=0 AND VI range -2000..10000,MOD13Q1 V061 Terra 250m 16-day
SO2701,Bu'aale,SO27,Middle Juba,2021-05-09,0.4549666666666667,0.478,0.3110666666666666,0.321,0.000467726847521,3,0.3529778609292173,0.3495478640473963,pixel_reliability=0 AND MODLAND_QA(bits0-1)=0 AND VI range -2000..10000,MOD13Q1 V061 Terra 250m 16-day
SO2701,Bu'aale,SO27,Middle Juba,2021-05-25,0.4626875,0.4293,0.31979375,0.3054,0.0024945431867789,16,0.5187090739008419,0.1573121297162457,pixel_reliability=0 AND MODLAND_QA(bits0-1)=0 AND VI range -2000..10000,MOD13Q1 V061 Terra 250m 16-day
SO2701,Bu'aale,SO27,Middle Juba,2021-06-10,0.5010792865707434,0.5063,0.3243394784172662,0.3241,0.520112254443405,3336,0.1855316495166822,0.0252572497661365,pixel_reliability=0 AND MODLAND_QA(bits0-1)=0 AND VI range -2000..10000,MOD13Q1 V061 Terra 250m 16-day
SO2701,Bu'aale,SO27,Middle Juba,2021-06-26,0.4011730496453901,0.3922,0.2516404255319149,0.249,0.0219831618334892,141,0.2935765512940442,0.3738696601184908,pixel_reliability=0 AND MODLAND_QA(bits0-1)=0 AND VI range -2000..10000,MOD13Q1 V061 Terra 250m 16-day
SO2701,Bu'aale,SO27,Middle Juba,2021-07-12,,,,,0.0,0,0.2393202369816027,0.5899594636732148,pixel_reliability=0 AND MODLAND_QA(bits0-1)=0 AND VI range -2000..10000,MOD13Q1 V061 Terra 250m 16-day
SO2701,Bu'aale,SO27,Middle Juba,2021-07-28,0.3854,0.3854,0.2581,0.2581,0.0003118178983473,2,0.2090739008419083,0.5679763018397256,pixel_reliability=0 AND MODLAND_QA(bits0-1)=0 AND VI range -2000..10000,MOD13Q1 V061 Terra 250m 16-day
SO2701,Bu'aale,SO27,Middle Juba,2021-08-13,0.4498428571428572,0.4709,0.2658,0.26045,0.0021827252884315,14,0.2542874961022762,0.4619582164016214,pixel_reliability=0 AND MODLAND_QA(bits0-1)=0 AND VI range -2000..10000,MOD13Q1 V061 Terra 250m 16-day
SO2701,Bu'aale,SO27,Middle Juba,2021-08-29,0.2627,0.26235,0.168525,0.171,0.0006236357966947302,4,0.4203305269722482,0.2128157156220767,pixel_reliability=0 AND MODLAND_QA(bits0-1)=0 AND VI range -2000..10000,MOD13Q1 V061 Terra 250m 16-day
SO2701,Bu'aale,SO27,Middle Juba,2021-09-14,0.2921785714285714,0.29265,0.20945714285714287,0.21000000000000002,0.002182725288431556,14,0.3391019644527596,0.31805425631431244,pixel_reliability=0 AND MODLAND_QA(bits0-1)=0 AND VI range -2000..10000,MOD13Q1 V061 Terra 250m 16-day
SO2701,Bu'aale,SO27,Middle Juba,2021-09-30,0.3269166607836216,0.3127,0.1968651959054006,0.1912,0.4416900530090427,2833,0.2435297786092921,0.0026504521359526,pixel_reliability=0 AND MODLAND_QA(bits0-1)=0 AND VI range -2000..10000,MOD13Q1 V061 Terra 250m 16-day
SO2701,Bu'aale,SO27,Middle Juba,2021-10-16,0.389480577223089,0.3922,0.2305084243369734,0.2345,0.199875272840661,1282,0.2842220143436233,0.1951980043654505,pixel_reliability=0 AND MODLAND_QA(bits0-1)=0 AND VI range -2000..10000,MOD13Q1 V061 Terra 250m 16-day
SO2701,Bu'aale,SO27,Middle Juba,2021-11-01,0.4008296360485268,0.4094,0.2551244367417677,0.2589,0.2698783910196445,1731,0.3473651387589647,0.0,pixel_reliability=0 AND MODLAND_QA(bits0-1)=0 AND VI range -2000..10000,MOD13Q1 V061 Terra 250m 16-day
SO2701,Bu'aale,SO27,Middle Juba,2021-11-17,0.4467858603937611,0.455,0.2558114804397852,0.2611,0.6097599002182725,3911,0.157156220767072,0.0,pixel_reliability=0 AND MODLAND_QA(bits0-1)=0 AND VI range -2000..10000,MOD13Q1 V061 Terra 250m 16-day
SO2701,Bu'aale,SO27,Middle Juba,2021-12-03,0.449478034504005,0.45065,0.2730971041281578,0.2751,0.5060804490177736,3246,0.2008107265357031,0.0007795447458684,pixel_reliability=0 AND MODLAND_QA(bits0-1)=0 AND VI range -2000..10000,MOD13Q1 V061 Terra 250m 16-day
SO2701,Bu'aale,SO27,Middle Juba,2021-12-19,0.4628368898321435,0.4692,0.255340517075053,0.2528,0.8080760835671967,5183,0.0707826629248518,0.0,pixel_reliability=0 AND MODLAND_QA(bits0-1)=0 AND VI range -2000..10000,MOD13Q1 V061 Terra 250m 16-day
SO2702,Jilib,SO27,Middle Juba,2021-01-01,0.5302638881698163,0.5431,0.32662583484338603,0.3284,0.6093059936908517,3863,0.116403785488959,0.0026813880126182964,pixel_reliability=0 AND MODLAND_QA(bits0-1)=0 AND VI range -2000..10000,MOD13Q1 V061 Terra 250m 16-day
SO2702,Jilib,SO27,Middle Juba,2021-01-17,0.4449280871670703,0.452,0.2959666232073012,0.2937,0.8468454258675079,5369,0.0064668769716088,0.0001577287066246,pixel_reliability=0 AND MODLAND_QA(bits0-1)=0 AND VI range -2000..10000,MOD13Q1 V061 Terra 250m 16-day
SO2702,Jilib,SO27,Middle Juba,2021-02-02,0.408165130260521,0.4081,0.2591325794446035,0.2528,0.5509463722397476,3493,0.1492113564668769,0.002365930599369,pixel_reliability=0 AND MODLAND_QA(bits0-1)=0 AND VI range -2000..10000,MOD13Q1 V061 Terra 250m 16-day
SO2702,Jilib,SO27,Middle Juba,2021-02-18,0.3629847972972972,0.3716,0.214574896049896,0.2168,0.6069400630914826,3848,0.0583596214511041,0.0025236593059936,pixel_reliability=0 AND MODLAND_QA(bits0-1)=0 AND VI range -2000..10000,MOD13Q1 V061 Terra 250m 16-day
SO2702,Jilib,SO27,Middle Juba,2021-03-06,0.3436741973010703,0.3469,0.2123793624941833,0.2113,0.6779179810725552,4298,0.0586750788643533,0.0012618296529968,pixel_reliability=0 AND MODLAND_QA(bits0-1)=0 AND VI range -2000..10000,MOD13Q1 V061 Terra 250m 16-day
SO2702,Jilib,SO27,Middle Juba,2021-03-22,0.3319670823436263,0.33485,0.2034709619952494,0.2038,0.7968454258675078,5052,0.0302839116719242,0.0020504731861198,pixel_reliability=0 AND MODLAND_QA(bits0-1)=0 AND VI range -2000..10000,MOD13Q1 V061 Terra 250m 16-day
SO2702,Jilib,SO27,Middle Juba,2021-04-07,0.33456796875,0.27975,0.22478828125,0.1844,0.0201892744479495,128,0.3881703470031545,0.2698738170347003,pixel_reliability=0 AND MODLAND_QA(bits0-1)=0 AND VI range -2000..10000,MOD13Q1 V061 Terra 250m 16-day
SO2702,Jilib,SO27,Middle Juba,2021-04-23,0.4222710875331565,0.3514,0.2909862068965517,0.2495,0.0594637223974763,377,0.521608832807571,0.0894321766561514,pixel_reliability=0 AND MODLAND_QA(bits0-1)=0 AND VI range -2000..10000,MOD13Q1 V061 Terra 250m 16-day
SO2702,Jilib,SO27,Middle Juba,2021-05-09,0.3971236842105263,0.3607,0.2563157894736842,0.2315,0.005993690851735,38,0.3746056782334385,0.3443217665615142,pixel_reliability=0 AND MODLAND_QA(bits0-1)=0 AND VI range -2000..10000,MOD13Q1 V061 Terra 250m 16-day
SO2702,Jilib,SO27,Middle Juba,2021-05-25,0.4239780346820809,0.3858,0.291584971098266,0.274,0.0272870662460567,173,0.4848580441640379,0.1925867507886435,pixel_reliability=0 AND MODLAND_QA(bits0-1)=0 AND VI range -2000..10000,MOD13Q1 V061 Terra 250m 16-day
SO2702,Jilib,SO27,Middle Juba,2021-06-10,0.4950571578947368,0.4975,0.3264210526315789,0.3213,0.1498422712933754,950,0.3880126182965299,0.0837539432176656,pixel_reliability=0 AND MODLAND_QA(bits0-1)=0 AND VI range -2000..10000,MOD13Q1 V061 Terra 250m 16-day
SO2702,Jilib,SO27,Middle Juba,2021-06-26,0.4298678571428572,0.4103,0.2758910714285714,0.25855,0.0088328075709779,56,0.4652996845425867,0.2017350157728706,pixel_reliability=0 AND MODLAND_QA(bits0-1)=0 AND VI range -2000..10000,MOD13Q1 V061 Terra 250m 16-day
SO2702,Jilib,SO27,Middle Juba,2021-07-12,0.3487093333333333,0.34775,0.214922,0.21165,0.0236593059936908,150,0.3790220820189274,0.317192429022082,pixel_reliability=0 AND MODLAND_QA(bits0-1)=0 AND VI range -2000..10000,MOD13Q1 V061 Terra 250m 16-day
SO2702,Jilib,SO27,Middle Juba,2021-07-28,0.3498365853658536,0.3256,0.2287585365853658,0.2197,0.0064668769716088,41,0.2435331230283911,0.4820189274447949,pixel_reliability=0 AND MODLAND_QA(bits0-1)=0 AND VI range -2000..10000,MOD13Q1 V061 Terra 250m 16-day
SO2702,Jilib,SO27,Middle Juba,2021-08-13,0.342315,0.32925,0.2159374999999999,0.20935,0.0063091482649842,40,0.1772870662460567,0.5845425867507886,pixel_reliability=0 AND MODLAND_QA(bits0-1)=0 AND VI range -2000..10000,MOD13Q1 V061 Terra 250m 16-day
SO2702,Jilib,SO27,Middle Juba,2021-08-29,0.3069477777777778,0.31245,0.20996333333333336,0.2154,0.028391167192429023,180,0.41593059936908516,0.19810725552050473,pixel_reliability=0 AND MODLAND_QA(bits0-1)=0 AND VI range -2000..10000,MOD13Q1 V061 Terra 250m 16-day
SO2702,Jilib,SO27,Middle Juba,2021-09-14,0.2818625,0.30465000000000003,0.17750625000000003,0.20225,0.002523659305993691,16,0.29337539432176657,0.36845425867507886,pixel_reliability=0 AND MODLAND_QA(bits0-1)=0 AND VI range -2000..10000,MOD13Q1 V061 Terra 250m 16-day
SO2702,Jilib,SO27,Middle Juba,2021-09-30,0.3630215538847118,0.3562,0.2185159565580618,0.217,0.1888012618296529,1197,0.3548895899053628,0.0921135646687697,pixel_reliability=0 AND MODLAND_QA(bits0-1)=0 AND VI range -2000..10000,MOD13Q1 V061 Terra 250m 16-day
SO2702,Jilib,SO27,Middle Juba,2021-10-16,0.3124991329479769,0.30015,0.1940910404624277,0.1914,0.0545741324921135,346,0.3506309148264984,0.2847003154574132,pixel_reliability=0 AND MODLAND_QA(bits0-1)=0 AND VI range -2000..10000,MOD13Q1 V061 Terra 250m 16-day
SO2702,Jilib,SO27,Middle Juba,2021-11-01,0.4102434343434343,0.3867,0.2606713131313132,0.2434,0.0780757097791798,495,0.6146687697160883,0.1031545741324921,pixel_reliability=0 AND MODLAND_QA(bits0-1)=0 AND VI range -2000..10000,MOD13Q1 V061 Terra 250m 16-day
SO2702,Jilib,SO27,Middle Juba,2021-11-17,0.3188378220140515,0.2882,0.1940053864168618,0.18095,0.2694006309148265,1708,0.4194006309148265,0.0285488958990536,pixel_reliability=0 AND MODLAND_QA(bits0-1)=0 AND VI range -2000..10000,MOD13Q1 V061 Terra 250m 16-day
SO2702,Jilib,SO27,Middle Juba,2021-12-03,0.4844185483870968,0.55205,0.2924592741935484,0.31815,0.1173501577287066,744,0.4070977917981072,0.1386435331230283,pixel_reliability=0 AND MODLAND_QA(bits0-1)=0 AND VI range -2000..10000,MOD13Q1 V061 Terra 250m 16-day
SO2702,Jilib,SO27,Middle Juba,2021-12-19,0.4358594316511514,0.464,0.2418006859382656,0.24845,0.6438485804416404,4082,0.0996845425867507,0.0293375394321766,pixel_reliability=0 AND MODLAND_QA(bits0-1)=0 AND VI range -2000..10000,MOD13Q1 V061 Terra 250m 16-day
SO2703,Saakow,SO27,Middle Juba,2021-01-01,0.34314884356841746,0.3362,0.20866478295545177,0.2066,0.9053120165033522,8777,0.022795255286230016,0.0,pixel_reliability=0 AND MODLAND_QA(bits0-1)=0 AND VI range -2000..10000,MOD13Q1 V061 Terra 250m 16-day
SO2703,Saakow,SO27,Middle Juba,2021-01-17,0.3007544890315676,0.293,0.1800190797217763,0.1773,0.9638989169675092,9345,0.0043321299638989,0.0,pixel_reliability=0 AND MODLAND_QA(bits0-1)=0 AND VI range -2000..10000,MOD13Q1 V061 Terra 250m 16-day
SO2703,Saakow,SO27,Middle Juba,2021-02-02,0.2748188080495356,0.27175,0.1636101503759398,0.1626,0.9328519855595668,9044,0.0162970603403816,0.0,pixel_reliability=0 AND MODLAND_QA(bits0-1)=0 AND VI range -2000..10000,MOD13Q1 V061 Terra 250m 16-day
SO2703,Saakow,SO27,Middle Juba,2021-02-18,0.2618739703459637,0.26,0.1618070251823958,0.1617,0.8765342960288809,8498,0.0231046931407942,0.0,pixel_reliability=0 AND MODLAND_QA(bits0-1)=0 AND VI range -2000..10000,MOD13Q1 V061 Terra 250m 16-day
SO2703,Saakow,SO27,Middle Juba,2021-03-06,0.2801646773465704,0.27925,0.1558159634476534,0.1556,0.9142857142857144,8864,0.0103145951521402,0.0,pixel_reliability=0 AND MODLAND_QA(bits0-1)=0 AND VI range -2000..10000,MOD13Q1 V061 Terra 250m 16-day
SO2703,Saakow,SO27,Middle Juba,2021-03-22,0.2725946128451381,0.263,0.1726913415366146,0.1687,0.6873646209386282,6664,0.1227436823104693,0.000515729757607,pixel_reliability=0 AND MODLAND_QA(bits0-1)=0 AND VI range -2000..10000,MOD13Q1 V061 Terra 250m 16-day
SO2703,Saakow,SO27,Middle Juba,2021-04-07,0.2999115942028986,0.2913,0.1860014492753623,0.1851,0.0071170706549767,69,0.3187209902011346,0.3933986591026302,pixel_reliability=0 AND MODLAND_QA(bits0-1)=0 AND VI range -2000..10000,MOD13Q1 V061 Terra 250m 16-day
SO2703,Saakow,SO27,Middle Juba,2021-04-23,0.5008919463087248,0.4963,0.3049583892617449,0.3021,0.015368746776689,149,0.3192367199587416,0.3184115523465703,pixel_reliability=0 AND MODLAND_QA(bits0-1)=0 AND VI range -2000..10000,MOD13Q1 V061 Terra 250m 16-day
SO2703,Saakow,SO27,Middle Juba,2021-05-09,0.5177708469055374,0.51935,0.3313221498371335,0.3289499999999999,0.0633316142341413,614,0.4111397627643115,0.1425477050025786,pixel_reliability=0 AND MODLAND_QA(bits0-1)=0 AND VI range -2000..10000,MOD13Q1 V061 Terra 250m 16-day
SO2703,Saakow,SO27,Middle Juba,2021-05-25,0.4112617647058824,0.41185,0.27495,0.28025,0.0035069623517276,34,0.589994842702424,0.1110881897885508,pixel_reliability=0 AND MODLAND_QA(bits0-1)=0 AND VI range -2000..10000,MOD13Q1 V061 Terra 250m 16-day
SO2703,Saakow,SO27,Middle Juba,2021-06-10,0.3981860622462788,0.3989,0.2602948579161029,0.2619,0.2286745745229499,2217,0.430221763795771,0.0001031459515214,pixel_reliability=0 AND MODLAND_QA(bits0-1)=0 AND VI range -2000..10000,MOD13Q1 V061 Terra 250m 16-day
SO2703,Saakow,SO27,Middle Juba,2021-06-26,0.3702788732394366,0.37055,0.2260838028169014,0.22635,0.0292934502320783,284,0.2220732336255802,0.4774626095925735,pixel_reliability=0 AND MODLAND_QA(bits0-1)=0 AND VI range -2000..10000,MOD13Q1 V061 Terra 250m 16-day
SO2703,Saakow,SO27,Middle Juba,2021-07-12,0.4179,0.4179,0.2278,0.2278,0.0001031459515214,1,0.5775141825683342,0.1917483238782877,pixel_reliability=0 AND MODLAND_QA(bits0-1)=0 AND VI range -2000..10000,MOD13Q1 V061 Terra 250m 16-day
SO2703,Saakow,SO27,Middle Juba,2021-07-28,,,,,0.0,0,0.0825167612171222,0.7329551315110882,pixel_reliability=0 AND MODLAND_QA(bits0-1)=0 AND VI range -2000..10000,MOD13Q1 V061 Terra 250m 16-day
SO2703,Saakow,SO27,Middle Juba,2021-08-13,0.2931547841726619,0.29355,0.1474129856115108,0.1471,0.2867457452294997,2780,0.2714801444043321,0.1586384734399175,pixel_reliability=0 AND MODLAND_QA(bits0-1)=0 AND VI range -2000..10000,MOD13Q1 V061 Terra 250m 16-day
SO2703,Saakow,SO27,Middle Juba,2021-08-29,0.2594875,0.26765,0.166525,0.16825,0.0016503352243424445,16,0.5030428055698813,0.2526044352759154,pixel_reliability=0 AND MODLAND_QA(bits0-1)=0 AND VI range -2000..10000,MOD13Q1 V061 Terra 250m 16-day
SO2703,Saakow,SO27,Middle Juba,2021-09-14,0.3036314285714286,0.2886,0.1531244897959184,0.1458,0.02527075812274368,245,0.6616812790097989,0.08746776689014957,pixel_reliability=0 AND MODLAND_QA(bits0-1)=0 AND VI range -2000..10000,MOD13Q1 V061 Terra 250m 16-day
SO2703,Saakow,SO27,Middle Juba,2021-09-30,0.2540445988538682,0.2524,0.1525377650429799,0.1522,0.7199587416193914,6980,0.0853017019082001,0.0049510056730273,pixel_reliability=0 AND MODLAND_QA(bits0-1)=0 AND VI range -2000..10000,MOD13Q1 V061 Terra 250m 16-day
SO2703,Saakow,SO27,Middle Juba,2021-10-16,0.2986468989958653,0.286,0.1726426757235676,0.1667,0.3492521918514698,3386,0.2630221763795771,0.0834450747808148,pixel_reliability=0 AND MODLAND_QA(bits0-1)=0 AND VI range -2000..10000,MOD13Q1 V061 Terra 250m 16-day
SO2703,Saakow,SO27,Middle Juba,2021-11-01,0.2880324956293706,0.276,0.181741520979021,0.17505,0.4719958741619391,4576,0.2374419804022692,0.0044352759154203,pixel_reliability=0 AND MODLAND_QA(bits0-1)=0 AND VI range -2000..10000,MOD13Q1 V061 Terra 250m 16-day
SO2703,Saakow,SO27,Middle Juba,2021-11-17,0.3083376340790684,0.3032,0.1752666104811523,0.1723,0.6731304796286746,6526,0.0897369778236204,0.0021660649819494,pixel_reliability=0 AND MODLAND_QA(bits0-1)=0 AND VI range -2000..10000,MOD13Q1 V061 Terra 250m 16-day
SO2703,Saakow,SO27,Middle Juba,2021-12-03,0.3676736191860464,0.3647,0.2278037911821705,0.2247,0.8515729757607013,8256,0.0290871583290355,0.0,pixel_reliability=0 AND MODLAND_QA(bits0-1)=0 AND VI range -2000..10000,MOD13Q1 V061 Terra 250m 16-day
SO2703,Saakow,SO27,Middle Juba,2021-12-19,0.3477849305135952,0.3502,0.2006245800604229,0.1979,0.8535327488396081,8275,0.047137699845281,0.0,pixel_reliability=0 AND MODLAND_QA(bits0-1)=0 AND VI range -2000..10000,MOD13Q1 V061 Terra 250m 16-day
SO2801,Kismaayo,SO28,Lower Juba,2021-01-01,0.4748195506138523,0.4722,0.27862249247162385,0.28190000000000004,0.38568748324845886,4317,0.3261860091128384,0.01956580005360493,pixel_reliability=0 AND MODLAND_QA(bits0-1)=0 AND VI range -2000..10000,MOD13Q1 V061 Terra 250m 16-day
SO2801,Kismaayo,SO28,Lower Juba,2021-01-17,0.3587926728971963,0.3435,0.2356948660436137,0.227,0.7169659608683999,8025,0.0336817653890824,0.0047351022960779,pixel_reliability=0 AND MODLAND_QA(bits0-1)=0 AND VI range -2000..10000,MOD13Q1 V061 Terra 250m 16-day
SO2801,Kismaayo,SO28,Lower Juba,2021-02-02,0.337236368505624,0.3319,0.2130821237279057,0.2036,0.6672027159832038,7468,0.0763870276065398,0.0064325917984454,pixel_reliability=0 AND MODLAND_QA(bits0-1)=0 AND VI range -2000..10000,MOD13Q1 V061 Terra 250m 16-day
SO2801,Kismaayo,SO28,Lower Juba,2021-02-18,0.3217952185617228,0.3143,0.2065847070888347,0.2014,0.696953453051014,7801,0.0682569463057267,0.0073260073260073,pixel_reliability=0 AND MODLAND_QA(bits0-1)=0 AND VI range -2000..10000,MOD13Q1 V061 Terra 250m 16-day
SO2801,Kismaayo,SO28,Lower Juba,2021-03-06,0.3101220546984572,0.3066,0.1913625292192613,0.18835,0.7644063253819351,8556,0.0660234074868221,0.0167068703654069,pixel_reliability=0 AND MODLAND_QA(bits0-1)=0 AND VI range -2000..10000,MOD13Q1 V061 Terra 250m 16-day
SO2801,Kismaayo,SO28,Lower Juba,2021-03-22,0.3241310053722179,0.331,0.2032611409567664,0.2073,0.6984722594478692,7818,0.0438667024032877,0.0419011882426516,pixel_reliability=0 AND MODLAND_QA(bits0-1)=0 AND VI range -2000..10000,MOD13Q1 V061 Terra 250m 16-day
SO2801,Kismaayo,SO28,Lower Juba,2021-04-07,0.2732164021164021,0.2617,0.1814375661375661,0.1726,0.0168855534709193,189,0.262932189761458,0.4094523362816046,pixel_reliability=0 AND MODLAND_QA(bits0-1)=0 AND VI range -2000..10000,MOD13Q1 V061 Terra 250m 16-day
SO2801,Kismaayo,SO28,Lower Juba,2021-04-23,0.417102005730659,0.382,0.280867335243553,0.2513,0.0311802019119092,349,0.4178504422406861,0.1765389082462253,pixel_reliability=0 AND MODLAND_QA(bits0-1)=0 AND VI range -2000..10000,MOD13Q1 V061 Terra 250m 16-day
SO2801,Kismaayo,SO28,Lower Juba,2021-05-09,0.3763762108262108,0.37615,0.2370928774928775,0.23585,0.0627177700348432,702,0.3370856785490931,0.275350665594568,pixel_reliability=0 AND MODLAND_QA(bits0-1)=0 AND VI range -2000..10000,MOD13Q1 V061 Terra 250m 16-day
SO2801,Kismaayo,SO28,Lower Juba,2021-05-25,0.4135953271028037,0.3987,0.2760441588785047,0.26125,0.038238184579648,428,0.5255963548646475,0.1103368176538908,pixel_reliability=0 AND MODLAND_QA(bits0-1)=0 AND VI range -2000..10000,MOD13Q1 V061 Terra 250m 16-day
SO2801,Kismaayo,SO28,Lower Juba,2021-06-10,0.4028316532564142,0.3907,0.2481324730529831,0.2422,0.5884928080050031,6587,0.1523273474492986,0.0248369516662199,pixel_reliability=0 AND MODLAND_QA(bits0-1)=0 AND VI range -2000..10000,MOD13Q1 V061 Terra 250m 16-day
SO2801,Kismaayo,SO28,Lower Juba,2021-06-26,0.4088695652173912,0.4171,0.2684217391304347,0.276,0.0102742785669614,115,0.2641829715000446,0.4301795765210399,pixel_reliability=0 AND MODLAND_QA(bits0-1)=0 AND VI range -2000..10000,MOD13Q1 V061 Terra 250m 16-day
SO2801,Kismaayo,SO28,Lower Juba,2021-07-12,0.429758925143954,0.4129,0.252052783109405,0.2371,0.0465469489859733,521,0.5004020369874028,0.200303761279371,pixel_reliability=0 AND MODLAND_QA(bits0-1)=0 AND VI range -2000..10000,MOD13Q1 V061 Terra 250m 16-day
SO2801,Kismaayo,SO28,Lower Juba,2021-07-28,0.4084025,0.4019,0.261331875,0.25825,0.0285892968819798,320,0.3050120611096221,0.3393192173679978,pixel_reliability=0 AND MODLAND_QA(bits0-1)=0 AND VI range -2000..10000,MOD13Q1 V061 Terra 250m 16-day
SO2801,Kismaayo,SO28,Lower Juba,2021-08-13,0.3407208,0.3302,0.1977688,0.1938,0.0111676940945233,125,0.309300455641919,0.3624586795318502,pixel_reliability=0 AND MODLAND_QA(bits0-1)=0 AND VI range -2000..10000,MOD13Q1 V061 Terra 250m 16-day
SO2801,Kismaayo,SO28,Lower Juba,2021-08-29,0.3203198113207547,0.3029,0.19926415094339622,0.1996,0.009470204592155812,106,0.3330653086750648,0.3593317251853837,pixel_reliability=0 AND MODLAND_QA(bits0-1)=0 AND VI range -2000..10000,MOD13Q1 V061 Terra 250m 16-day
SO2801,Kismaayo,SO28,Lower Juba,2021-09-14,0.26417795698924734,0.25315,0.15985645161290324,0.1562,0.03323505762530153,372,0.3333333333333333,0.30313588850174217,pixel_reliability=0 AND MODLAND_QA(bits0-1)=0 AND VI range -2000..10000,MOD13Q1 V061 Terra 250m 16-day
SO2801,Kismaayo,SO28,Lower Juba,2021-09-30,0.2826873854212134,0.2646,0.1750593190746398,0.1655,0.2046814973644242,2291,0.4049852586437952,0.0386848923434289,pixel_reliability=0 AND MODLAND_QA(bits0-1)=0 AND VI range -2000..10000,MOD13Q1 V061 Terra 250m 16-day
SO2801,Kismaayo,SO28,Lower Juba,2021-10-16,0.3206586595976074,0.2925,0.192031430125068,0.17515,0.6571964620745109,7356,0.1064057893326186,0.0326096667560082,pixel_reliability=0 AND MODLAND_QA(bits0-1)=0 AND VI range -2000..10000,MOD13Q1 V061 Terra 250m 16-day
SO2801,Kismaayo,SO28,Lower Juba,2021-11-01,0.2768535135135135,0.2762,0.1557508108108108,0.1531,0.0495845617796837,555,0.4633252925935853,0.1997677119628339,pixel_reliability=0 AND MODLAND_QA(bits0-1)=0 AND VI range -2000..10000,MOD13Q1 V061 Terra 250m 16-day
SO2801,Kismaayo,SO28,Lower Juba,2021-11-17,0.4015093023255814,0.3889,0.2489470930232558,0.256,0.0153667470740641,172,0.318860001786831,0.3668364156169034,pixel_reliability=0 AND MODLAND_QA(bits0-1)=0 AND VI range -2000..10000,MOD13Q1 V061 Terra 250m 16-day
SO2801,Kismaayo,SO28,Lower Juba,2021-12-03,0.3314913793103449,0.3072,0.2151189655172413,0.1816,0.0051818100598588,58,0.3483427141963727,0.3517376932011078,pixel_reliability=0 AND MODLAND_QA(bits0-1)=0 AND VI range -2000..10000,MOD13Q1 V061 Terra 250m 16-day
SO2801,Kismaayo,SO28,Lower Juba,2021-12-19,0.4146700636942674,0.3805,0.2503536768963521,0.2246,0.1542928616099347,1727,0.3134101670687036,0.1828821584919145,pixel_reliability=0 AND MODLAND_QA(bits0-1)=0 AND VI range -2000..10000,MOD13Q1 V061 Terra 250m 16-day
SO2802,Afmadow,SO28,Lower Juba,2021-01-01,0.339965233241311,0.3121,0.21979652438592767,0.2029,0.9074674803276056,28254,0.022418500080295486,0.0009314276537658584,pixel_reliability=0 AND MODLAND_QA(bits0-1)=0 AND VI range -2000..10000,MOD13Q1 V061 Terra 250m 16-day
SO2802,Afmadow,SO28,Lower Juba,2021-01-17,0.3114292690803402,0.2808,0.2086571208152427,0.185,0.8951019752689899,27869,0.0042717199293399,0.0015095551629998,pixel_reliability=0 AND MODLAND_QA(bits0-1)=0 AND VI range -2000..10000,MOD13Q1 V061 Terra 250m 16-day
SO2802,Afmadow,SO28,Lower Juba,2021-02-02,0.2884739198372034,0.2673,0.187240023256659,0.1756,0.8838606070338847,27519,0.0278143568331459,0.0075798940099566,pixel_reliability=0 AND MODLAND_QA(bits0-1)=0 AND VI range -2000..10000,MOD13Q1 V061 Terra 250m 16-day
SO2802,Afmadow,SO28,Lower Juba,2021-02-18,0.2737425774024929,0.2602,0.1790508524326498,0.1737,0.7987795085916172,24870,0.0452866548899951,0.0047534928537016,pixel_reliability=0 AND MODLAND_QA(bits0-1)=0 AND VI range -2000..10000,MOD13Q1 V061 Terra 250m 16-day
SO2802,Afmadow,SO28,Lower Juba,2021-03-06,0.2801957334209278,0.2703,0.1783049271871236,0.175,0.8800064236389915,27399,0.0221615545206359,0.0119479685241689,pixel_reliability=0 AND MODLAND_QA(bits0-1)=0 AND VI range -2000..10000,MOD13Q1 V061 Terra 250m 16-day
SO2802,Afmadow,SO28,Lower Juba,2021-03-22,0.2864974585038909,0.2741,0.1915423642661149,0.1898,0.7140195920989241,22231,0.0672876184358439,0.0362614421069535,pixel_reliability=0 AND MODLAND_QA(bits0-1)=0 AND VI range -2000..10000,MOD13Q1 V061 Terra 250m 16-day
SO2802,Afmadow,SO28,Lower Juba,2021-04-07,0.4227621621621622,0.39825,0.2861027027027027,0.27455,0.0023767464268508,74,0.2498153203789947,0.4891279910069054,pixel_reliability=0 AND MODLAND_QA(bits0-1)=0 AND VI range -2000..10000,MOD13Q1 V061 Terra 250m 16-day
SO2802,Afmadow,SO28,Lower Juba,2021-04-23,0.537023178807947,0.5064500000000001,0.3450612582781457,0.3337,0.0096996948771479,302,0.3621326481451742,0.2949092660992452,pixel_reliability=0 AND MODLAND_QA(bits0-1)=0 AND VI range -2000..10000,MOD13Q1 V061 Terra 250m 16-day
SO2802,Afmadow,SO28,Lower Juba,2021-05-09,0.3782223642172524,0.3698,0.2588386581469649,0.2549,0.0100529950216797,313,0.3270595792516461,0.3472940420748354,pixel_reliability=0 AND MODLAND_QA(bits0-1)=0 AND VI range -2000..10000,MOD13Q1 V061 Terra 250m 16-day
SO2802,Afmadow,SO28,Lower Juba,2021-05-25,0.3491144465290807,0.3296,0.2360793621013133,0.2265,0.0171189979123173,533,0.5525614260478561,0.150313152400835,pixel_reliability=0 AND MODLAND_QA(bits0-1)=0 AND VI range -2000..10000,MOD13Q1 V061 Terra 250m 16-day
SO2802,Afmadow,SO28,Lower Juba,2021-06-10,0.3403066729403713,0.3121,0.2290079733082385,0.2135,0.3754295808575558,11689,0.2438734543118676,0.0795567689095872,pixel_reliability=0 AND MODLAND_QA(bits0-1)=0 AND VI range -2000..10000,MOD13Q1 V061 Terra 250m 16-day
SO2802,Afmadow,SO28,Lower Juba,2021-06-26,0.2847373860182371,0.27815,0.1905998480243161,0.1861,0.0211337722819977,658,0.3306246988919222,0.3431507949253252,pixel_reliability=0 AND MODLAND_QA(bits0-1)=0 AND VI range -2000..10000,MOD13Q1 V061 Terra 250m 16-day
SO2802,Afmadow,SO28,Lower Juba,2021-07-12,0.2729,0.2669,0.18515,0.1948,0.0002569455596595,8,0.2137787056367432,0.5962100529950217,pixel_reliability=0 AND MODLAND_QA(bits0-1)=0 AND VI range -2000..10000,MOD13Q1 V061 Terra 250m 16-day
SO2802,Afmadow,SO28,Lower Juba,2021-07-28,0.4422444444444445,0.4842,0.2808888888888889,0.3124,0.0002890637546169,9,0.1436646860446443,0.6414003533001446,pixel_reliability=0 AND MODLAND_QA(bits0-1)=0 AND VI range -2000..10000,MOD13Q1 V061 Terra 250m 16-day
SO2802,Afmadow,SO28,Lower Juba,2021-08-13,0.2336995449891935,0.232,0.1459417017404163,0.1452,0.2823510518708849,8791,0.1731170708206199,0.3041271880520315,pixel_reliability=0 AND MODLAND_QA(bits0-1)=0 AND VI range -2000..10000,MOD13Q1 V061 Terra 250m 16-day
SO2802,Afmadow,SO28,Lower Juba,2021-08-29,0.2302452830188679,0.23345000000000002,0.1620679245283019,0.16060000000000002,0.0034045286654889994,106,0.3938654247631283,0.36026979283764254,pixel_reliability=0 AND MODLAND_QA(bits0-1)=0 AND VI range -2000..10000,MOD13Q1 V061 Terra 250m 16-day
SO2802,Afmadow,SO28,Lower Juba,2021-09-14,0.25356770833333336,0.2521,0.16941979166666665,0.167,0.0030833467159145657,96,0.3463304962261121,0.3682672233820459,pixel_reliability=0 AND MODLAND_QA(bits0-1)=0 AND VI range -2000..10000,MOD13Q1 V061 Terra 250m 16-day
SO2802,Afmadow,SO28,Lower Juba,2021-09-30,0.2501291337640584,0.2434,0.1722762861928691,0.1708,0.2684438734543118,8358,0.3301108077726031,0.1021358599646699,pixel_reliability=0 AND MODLAND_QA(bits0-1)=0 AND VI range -2000..10000,MOD13Q1 V061 Terra 250m 16-day
SO2802,Afmadow,SO28,Lower Juba,2021-10-16,0.2971950674237047,0.27405,0.1964178672817601,0.1856,0.1810181467801509,5636,0.2886462180825437,0.2397302071623575,pixel_reliability=0 AND MODLAND_QA(bits0-1)=0 AND VI range -2000..10000,MOD13Q1 V061 Terra 250m 16-day
SO2802,Afmadow,SO28,Lower Juba,2021-11-01,0.2966618147448016,0.27605,0.1997970699432892,0.1879,0.0679621005299502,2116,0.5075317167175205,0.20992452224185,pixel_reliability=0 AND MODLAND_QA(bits0-1)=0 AND VI range -2000..10000,MOD13Q1 V061 Terra 250m 16-day
SO2802,Afmadow,SO28,Lower Juba,2021-11-17,0.3256677637130802,0.29515,0.2027805907172996,0.19155,0.1522402440982816,4740,0.3289866709490927,0.2204914083828489,pixel_reliability=0 AND MODLAND_QA(bits0-1)=0 AND VI range -2000..10000,MOD13Q1 V061 Terra 250m 16-day
SO2802,Afmadow,SO28,Lower Juba,2021-12-03,0.3570160187842421,0.3513,0.2466186798852074,0.2431,0.246218082543761,7666,0.3534286173117071,0.1156576200417536,pixel_reliability=0 AND MODLAND_QA(bits0-1)=0 AND VI range -2000..10000,MOD13Q1 V061 Terra 250m 16-day
SO2802,Afmadow,SO28,Lower Juba,2021-12-19,0.4254091081404629,0.40245,0.2699897196727853,0.263,0.6439055725068251,20048,0.1455917777420909,0.0149349606552111,pixel_reliability=0 AND MODLAND_QA(bits0-1)=0 AND VI range -2000..10000,MOD13Q1 V061 Terra 250m 16-day
SO2803,Badhaadhe,SO28,Lower Juba,2021-01-01,0.5180318394553964,0.5165000000000001,0.3019710962983974,0.3019,0.6087369420702754,7051,0.24415091081757748,0.012863679530346197,pixel_reliability=0 AND MODLAND_QA(bits0-1)=0 AND VI range -2000..10000,MOD13Q1 V061 Terra 250m 16-day
SO2803,Badhaadhe,SO28,Lower Juba,2021-01-17,0.4517465907365224,0.4475,0.2956225056947608,0.2972,0.5685055685055685,6585,0.022015022015022,0.0030216696883363,pixel_reliability=0 AND MODLAND_QA(bits0-1)=0 AND VI range -2000..10000,MOD13Q1 V061 Terra 250m 16-day
SO2803,Badhaadhe,SO28,Lower Juba,2021-02-02,0.4137155589300316,0.4089,0.2521788576100923,0.2452,0.7391004057670725,8561,0.0890960890960891,0.007683674350341,pixel_reliability=0 AND MODLAND_QA(bits0-1)=0 AND VI range -2000..10000,MOD13Q1 V061 Terra 250m 16-day
SO2803,Badhaadhe,SO28,Lower Juba,2021-02-18,0.3934034977300866,0.38375,0.2473468530747008,0.2448,0.8367435034101701,9692,0.0460157126823793,0.0072520072520072,pixel_reliability=0 AND MODLAND_QA(bits0-1)=0 AND VI range -2000..10000,MOD13Q1 V061 Terra 250m 16-day
SO2803,Badhaadhe,SO28,Lower Juba,2021-03-06,0.3711623588158364,0.3653,0.2356717037213173,0.2266,0.7261503928170595,8411,0.0988517655184321,0.0104463437796771,pixel_reliability=0 AND MODLAND_QA(bits0-1)=0 AND VI range -2000..10000,MOD13Q1 V061 Terra 250m 16-day
SO2803,Badhaadhe,SO28,Lower Juba,2021-03-22,0.3870760648648649,0.3848,0.246265881081081,0.2454,0.7985841319174652,9250,0.0649227315893982,0.0093240093240093,pixel_reliability=0 AND MODLAND_QA(bits0-1)=0 AND VI range -2000..10000,MOD13Q1 V061 Terra 250m 16-day
SO2803,Badhaadhe,SO28,Lower Juba,2021-04-07,0.3612726708074534,0.3196,0.2363546583850931,0.2068,0.0138996805663472,161,0.3717517050850384,0.2587412587412587,pixel_reliability=0 AND MODLAND_QA(bits0-1)=0 AND VI range -2000..10000,MOD13Q1 V061 Terra 250m 16-day
SO2803,Badhaadhe,SO28,Lower Juba,2021-04-23,0.5095294117647058,0.5024500000000001,0.3229937499999999,0.31845,0.0234826901493568,272,0.4387464387464387,0.1492704826038159,pixel_reliability=0 AND MODLAND_QA(bits0-1)=0 AND VI range -2000..10000,MOD13Q1 V061 Terra 250m 16-day
SO2803,Badhaadhe,SO28,Lower Juba,2021-05-09,0.5197060606060605,0.5592,0.3295787878787879,0.345,0.0028490028490028,33,0.3261676595009928,0.3742553742553742,pixel_reliability=0 AND MODLAND_QA(bits0-1)=0 AND VI range -2000..10000,MOD13Q1 V061 Terra 250m 16-day
SO2803,Badhaadhe,SO28,Lower Juba,2021-05-25,0.438597265625,0.4216,0.281463671875,0.27855,0.0221013554346887,256,0.5175688509021842,0.1354571354571354,pixel_reliability=0 AND MODLAND_QA(bits0-1)=0 AND VI range -2000..10000,MOD13Q1 V061 Terra 250m 16-day
SO2803,Badhaadhe,SO28,Lower Juba,2021-06-10,0.4850687290703237,0.4718,0.3036534205070961,0.2923,0.541396874730208,6271,0.202710869377536,0.0292670292670292,pixel_reliability=0 AND MODLAND_QA(bits0-1)=0 AND VI range -2000..10000,MOD13Q1 V061 Terra 250m 16-day
SO2803,Badhaadhe,SO28,Lower Juba,2021-06-26,0.4099445783132531,0.3519,0.2668475903614458,0.22405,0.0143313476646809,166,0.3362686696020029,0.338686005352672,pixel_reliability=0 AND MODLAND_QA(bits0-1)=0 AND VI range -2000..10000,MOD13Q1 V061 Terra 250m 16-day
SO2803,Badhaadhe,SO28,Lower Juba,2021-07-12,0.6349951807228915,0.6787000000000001,0.4189951807228916,0.4452,0.0071656738323404,83,0.3958387291720625,0.3172753172753172,pixel_reliability=0 AND MODLAND_QA(bits0-1)=0 AND VI range -2000..10000,MOD13Q1 V061 Terra 250m 16-day
SO2803,Badhaadhe,SO28,Lower Juba,2021-07-28,0.5897996855345913,0.59805,0.3833163522012578,0.38635,0.0274540274540274,318,0.3480963480963481,0.3043253043253043,pixel_reliability=0 AND MODLAND_QA(bits0-1)=0 AND VI range -2000..10000,MOD13Q1 V061 Terra 250m 16-day
SO2803,Badhaadhe,SO28,Lower Juba,2021-08-13,0.3776647345942648,0.3632,0.2127887736424649,0.2065,0.1415004748338081,1639,0.4107744107744108,0.1479754813088146,pixel_reliability=0 AND MODLAND_QA(bits0-1)=0 AND VI range -2000..10000,MOD13Q1 V061 Terra 250m 16-day
SO2803,Badhaadhe,SO28,Lower Juba,2021-08-29,0.4985717948717948,0.505,0.30646153846153845,0.31020000000000003,0.003367003367003367,39,0.4144004144004144,0.27963394630061295,pixel_reliability=0 AND MODLAND_QA(bits0-1)=0 AND VI range -2000..10000,MOD13Q1 V061 Terra 250m 16-day
SO2803,Badhaadhe,SO28,Lower Juba,2021-09-14,0.4460126153846154,0.44720000000000004,0.28234830769230773,0.28140000000000004,0.028058361391694726,325,0.5572822239488906,0.13675213675213677,pixel_reliability=0 AND MODLAND_QA(bits0-1)=0 AND VI range -2000..10000,MOD13Q1 V061 Terra 250m 16-day
SO2803,Badhaadhe,SO28,Lower Juba,2021-09-30,0.3698068019093079,0.34525,0.2448313046937152,0.2332,0.217042217042217,2514,0.4248467581800915,0.0120866787533454,pixel_reliability=0 AND MODLAND_QA(bits0-1)=0 AND VI range -2000..10000,MOD13Q1 V061 Terra 250m 16-day
SO2803,Badhaadhe,SO28,Lower Juba,2021-10-16,0.3994035456187895,0.3937,0.2458714769647696,0.2413,0.7645687645687645,8856,0.0600017266683933,0.0048346715013381,pixel_reliability=0 AND MODLAND_QA(bits0-1)=0 AND VI range -2000..10000,MOD13Q1 V061 Terra 250m 16-day
SO2803,Badhaadhe,SO28,Lower Juba,2021-11-01,0.3616450704225352,0.3498,0.2229746478873239,0.2204,0.0061296727963394,71,0.3468013468013468,0.3295346628679962,pixel_reliability=0 AND MODLAND_QA(bits0-1)=0 AND VI range -2000..10000,MOD13Q1 V061 Terra 250m 16-day
SO2803,Badhaadhe,SO28,Lower Juba,2021-11-17,0.4247183168316832,0.39745,0.2629138613861386,0.2513,0.0174393507726841,202,0.4357247690581023,0.2343952343952344,pixel_reliability=0 AND MODLAND_QA(bits0-1)=0 AND VI range -2000..10000,MOD13Q1 V061 Terra 250m 16-day
SO2803,Badhaadhe,SO28,Lower Juba,2021-12-03,0.3392846153846154,0.3376,0.1962128205128205,0.2046,0.0033670033670033,39,0.4137097470430804,0.2558059224725891,pixel_reliability=0 AND MODLAND_QA(bits0-1)=0 AND VI range -2000..10000,MOD13Q1 V061 Terra 250m 16-day
SO2803,Badhaadhe,SO28,Lower Juba,2021-12-19,0.588642214532872,0.62165,0.3578358131487889,0.386,0.0499007165673832,578,0.4311490978157645,0.1568678235344902,pixel_reliability=0 AND MODLAND_QA(bits0-1)=0 AND VI range -2000..10000,MOD13Q1 V061 Terra 250m 16-day
SO2804,Jamaame,SO28,Lower Juba,2021-01-01,0.4303951640759931,0.38980000000000004,0.25968013816925734,0.2403,0.22696981575852607,579,0.5448843590748726,0.013328106624852998,pixel_reliability=0 AND MODLAND_QA(bits0-1)=0 AND VI range -2000..10000,MOD13Q1 V061 Terra 250m 16-day
SO2804,Jamaame,SO28,Lower Juba,2021-01-17,0.4311359599749844,0.4133,0.275378736710444,0.2509,0.6268130145041161,1599,0.1101528812230497,0.0105840846726773,pixel_reliability=0 AND MODLAND_QA(bits0-1)=0 AND VI range -2000..10000,MOD13Q1 V061 Terra 250m 16-day
SO2804,Jamaame,SO28,Lower Juba,2021-02-02,0.3947362854686156,0.3848,0.2352355975924333,0.2149,0.4558996471971775,1163,0.1865934927479419,0.0215601724813798,pixel_reliability=0 AND MODLAND_QA(bits0-1)=0 AND VI range -2000..10000,MOD13Q1 V061 Terra 250m 16-day
SO2804,Jamaame,SO28,Lower Juba,2021-02-18,0.3340552331606217,0.2932,0.20632,0.1771,0.3782830262642101,965,0.1728733829870639,0.0125441003528028,pixel_reliability=0 AND MODLAND_QA(bits0-1)=0 AND VI range -2000..10000,MOD13Q1 V061 Terra 250m 16-day
SO2804,Jamaame,SO28,Lower Juba,2021-03-06,0.3231783540802213,0.298,0.1961212309820193,0.1793,0.5668365346922776,1446,0.1015288122304978,0.009016072128577,pixel_reliability=0 AND MODLAND_QA(bits0-1)=0 AND VI range -2000..10000,MOD13Q1 V061 Terra 250m 16-day
SO2804,Jamaame,SO28,Lower Juba,2021-03-22,0.3264334158415841,0.3104,0.2012946782178217,0.19115,0.6334770678165426,1616,0.084672677381419,0.0113680909447275,pixel_reliability=0 AND MODLAND_QA(bits0-1)=0 AND VI range -2000..10000,MOD13Q1 V061 Terra 250m 16-day
SO2804,Jamaame,SO28,Lower Juba,2021-04-07,0.2514282828282829,0.2661,0.1674121212121212,0.1766,0.0388083104664837,99,0.3853390827126617,0.213641709133673,pixel_reliability=0 AND MODLAND_QA(bits0-1)=0 AND VI range -2000..10000,MOD13Q1 V061 Terra 250m 16-day
SO2804,Jamaame,SO28,Lower Juba,2021-04-23,0.348118,0.34215,0.231134,0.2273,0.0588004704037632,150,0.4065072520580164,0.1121128969031752,pixel_reliability=0 AND MODLAND_QA(bits0-1)=0 AND VI range -2000..10000,MOD13Q1 V061 Terra 250m 16-day
SO2804,Jamaame,SO28,Lower Juba,2021-05-09,0.2974166666666666,0.33265,0.20065,0.2257,0.0282242257938063,72,0.2990983927871423,0.3653469227753822,pixel_reliability=0 AND MODLAND_QA(bits0-1)=0 AND VI range -2000..10000,MOD13Q1 V061 Terra 250m 16-day
SO2804,Jamaame,SO28,Lower Juba,2021-05-25,0.3866210344827586,0.3816,0.2627420689655172,0.2611,0.1136809094472755,290,0.493531948255586,0.0725205801646413,pixel_reliability=0 AND MODLAND_QA(bits0-1)=0 AND VI range -2000..10000,MOD13Q1 V061 Terra 250m 16-day
SO2804,Jamaame,SO28,Lower Juba,2021-06-10,0.3318671875,0.3058,0.21458515625,0.2022499999999999,0.0501764014112112,128,0.4566836534692277,0.1317130537044296,pixel_reliability=0 AND MODLAND_QA(bits0-1)=0 AND VI range -2000..10000,MOD13Q1 V061 Terra 250m 16-day
SO2804,Jamaame,SO28,Lower Juba,2021-06-26,0.379909756097561,0.3742,0.2507048780487805,0.2569,0.0160721285770286,41,0.4327714621716974,0.2281458251666013,pixel_reliability=0 AND MODLAND_QA(bits0-1)=0 AND VI range -2000..10000,MOD13Q1 V061 Terra 250m 16-day
SO2804,Jamaame,SO28,Lower Juba,2021-07-12,0.3289610169491526,0.3549,0.2028440677966102,0.2191,0.0231281850254802,59,0.1807134457075656,0.5072520580164641,pixel_reliability=0 AND MODLAND_QA(bits0-1)=0 AND VI range -2000..10000,MOD13Q1 V061 Terra 250m 16-day
SO2804,Jamaame,SO28,Lower Juba,2021-07-28,0.3440007299270073,0.3521,0.2316116788321168,0.2433,0.053704429635437,137,0.4186593492747942,0.1838494707957663,pixel_reliability=0 AND MODLAND_QA(bits0-1)=0 AND VI range -2000..10000,MOD13Q1 V061 Terra 250m 16-day
SO2804,Jamaame,SO28,Lower Juba,2021-08-13,0.2912529411764706,0.3460499999999999,0.1882588235294117,0.223,0.0133281066248529,34,0.3041944335554684,0.3673069384555076,pixel_reliability=0 AND MODLAND_QA(bits0-1)=0 AND VI range -2000..10000,MOD13Q1 V061 Terra 250m 16-day
SO2804,Jamaame,SO28,Lower Juba,2021-08-29,0.25783333333333336,0.3059,0.16611228070175443,0.1928,0.022344178753430026,57,0.47628381027048217,0.16542532340258723,pixel_reliability=0 AND MODLAND_QA(bits0-1)=0 AND VI range -2000..10000,MOD13Q1 V061 Terra 250m 16-day
SO2804,Jamaame,SO28,Lower Juba,2021-09-14,0.2596382978723405,0.2717,0.16758191489361704,0.18565,0.03684829478635829,94,0.3837710701685613,0.23206585652685222,pixel_reliability=0 AND MODLAND_QA(bits0-1)=0 AND VI range -2000..10000,MOD13Q1 V061 Terra 250m 16-day
SO2804,Jamaame,SO28,Lower Juba,2021-09-30,0.3328485611510791,0.346,0.2051064748201438,0.2159,0.1089768718149745,278,0.3904351234809878,0.0991767934143473,pixel_reliability=0 AND MODLAND_QA(bits0-1)=0 AND VI range -2000..10000,MOD13Q1 V061 Terra 250m 16-day
SO2804,Jamaame,SO28,Lower Juba,2021-10-16,0.3291884681583477,0.3143,0.1993347676419965,0.1912,0.2277538220305762,581,0.2826342610740885,0.1544492355938847,pixel_reliability=0 AND MODLAND_QA(bits0-1)=0 AND VI range -2000..10000,MOD13Q1 V061 Terra 250m 16-day
SO2804,Jamaame,SO28,Lower Juba,2021-11-01,0.2878772486772487,0.3017,0.1855312169312169,0.1945,0.0740885927087416,189,0.5017640141121129,0.1305370442963543,pixel_reliability=0 AND MODLAND_QA(bits0-1)=0 AND VI range -2000..10000,MOD13Q1 V061 Terra 250m 16-day
SO2804,Jamaame,SO28,Lower Juba,2021-11-17,0.2672266832917706,0.2691,0.1679822942643391,0.1711,0.1571932575460603,401,0.3151705213641709,0.1654253234025872,pixel_reliability=0 AND MODLAND_QA(bits0-1)=0 AND VI range -2000..10000,MOD13Q1 V061 Terra 250m 16-day
SO2804,Jamaame,SO28,Lower Juba,2021-12-03,0.2897157407407407,0.2744499999999999,0.1912249999999999,0.183,0.0423363386907095,108,0.3939631517052136,0.2281458251666013,pixel_reliability=0 AND MODLAND_QA(bits0-1)=0 AND VI range -2000..10000,MOD13Q1 V061 Terra 250m 16-day
SO2804,Jamaame,SO28,Lower Juba,2021-12-19,0.3596799625468165,0.33675,0.211100936329588,0.1969,0.2093296746373971,534,0.2304978439827518,0.2438259506076048,pixel_reliability=0 AND MODLAND_QA(bits0-1)=0 AND VI range -2000..10000,MOD13Q1 V061 Terra 250m 16-day
Unspecified,Unspecified,SO22,Banadir,2021-01-01,0.26466438356164385,0.2657,0.19418630136986303,0.1957,0.43452380952380953,73,0.11904761904761904,0.03571428571428571,pixel_reliability=0 AND MODLAND_QA(bits0-1)=0 AND VI range -2000..10000,MOD13Q1 V061 Terra 250m 16-day
Unspecified,Unspecified,SO22,Banadir,2021-01-17,0.2431216666666666,0.24075,0.18562,0.18285,0.3571428571428571,60,0.2142857142857142,0.0714285714285714,pixel_reliability=0 AND MODLAND_QA(bits0-1)=0 AND VI range -2000..10000,MOD13Q1 V061 Terra 250m 16-day
Unspecified,Unspecified,SO22,Banadir,2021-02-02,0.223235593220339,0.2212,0.1656338983050847,0.1645,0.3511904761904761,59,0.1785714285714285,0.0119047619047619,pixel_reliability=0 AND MODLAND_QA(bits0-1)=0 AND VI range -2000..10000,MOD13Q1 V061 Terra 250m 16-day
Unspecified,Unspecified,SO22,Banadir,2021-02-18,0.2152242424242424,0.21325,0.1602333333333333,0.1589,0.3928571428571428,66,0.1607142857142857,0.0892857142857142,pixel_reliability=0 AND MODLAND_QA(bits0-1)=0 AND VI range -2000..10000,MOD13Q1 V061 Terra 250m 16-day
Unspecified,Unspecified,SO22,Banadir,2021-03-06,0.2045033333333333,0.20405,0.1576733333333333,0.1577,0.3571428571428571,60,0.3273809523809524,0.0416666666666666,pixel_reliability=0 AND MODLAND_QA(bits0-1)=0 AND VI range -2000..10000,MOD13Q1 V061 Terra 250m 16-day
Unspecified,Unspecified,SO22,Banadir,2021-03-22,0.2175984615384615,0.2163,0.17192,0.1712,0.3869047619047619,65,0.2261904761904762,0.0714285714285714,pixel_reliability=0 AND MODLAND_QA(bits0-1)=0 AND VI range -2000..10000,MOD13Q1 V061 Terra 250m 16-day
Unspecified,Unspecified,SO22,Banadir,2021-04-07,0.2210649122807017,0.2204,0.1691561403508772,0.1685,0.3392857142857143,57,0.125,0.0892857142857142,pixel_reliability=0 AND MODLAND_QA(bits0-1)=0 AND VI range -2000..10000,MOD13Q1 V061 Terra 250m 16-day
Unspecified,Unspecified,SO22,Banadir,2021-04-23,0.2249,0.2143,0.1713210526315789,0.168,0.1130952380952381,19,0.2142857142857142,0.2797619047619047,pixel_reliability=0 AND MODLAND_QA(bits0-1)=0 AND VI range -2000..10000,MOD13Q1 V061 Terra 250m 16-day
Unspecified,Unspecified,SO22,Banadir,2021-05-09,0.29955,0.29955,0.2287,0.2287,0.0119047619047619,2,0.0773809523809523,0.7559523809523809,pixel_reliability=0 AND MODLAND_QA(bits0-1)=0 AND VI range -2000..10000,MOD13Q1 V061 Terra 250m 16-day
Unspecified,Unspecified,SO22,Banadir,2021-05-25,,,,,0.0,0,0.1130952380952381,0.6428571428571429,pixel_reliability=0 AND MODLAND_QA(bits0-1)=0 AND VI range -2000..10000,MOD13Q1 V061 Terra 250m 16-day
Unspecified,Unspecified,SO22,Banadir,2021-06-10,0.23084,0.2277,0.183032,0.1838,0.1488095238095238,25,0.1785714285714285,0.1785714285714285,pixel_reliability=0 AND MODLAND_QA(bits0-1)=0 AND VI range -2000..10000,MOD13Q1 V061 Terra 250m 16-day
Unspecified,Unspecified,SO22,Banadir,2021-06-26,0.225,0.225,0.1669,0.1669,0.0059523809523809,1,0.3333333333333333,0.244047619047619,pixel_reliability=0 AND MODLAND_QA(bits0-1)=0 AND VI range -2000..10000,MOD13Q1 V061 Terra 250m 16-day
Unspecified,Unspecified,SO22,Banadir,2021-07-12,,,,,0.0,0,0.0119047619047619,0.8988095238095238,pixel_reliability=0 AND MODLAND_QA(bits0-1)=0 AND VI range -2000..10000,MOD13Q1 V061 Terra 250m 16-day
Unspecified,Unspecified,SO22,Banadir,2021-07-28,0.252,0.252,0.1897,0.1897,0.0059523809523809,1,0.0357142857142857,0.7738095238095238,pixel_reliability=0 AND MODLAND_QA(bits0-1)=0 AND VI range -2000..10000,MOD13Q1 V061 Terra 250m 16-day
Unspecified,Unspecified,SO22,Banadir,2021-08-13,0.288375,0.29285,0.2048,0.2033,0.0238095238095238,4,0.1666666666666666,0.4285714285714285,pixel_reliability=0 AND MODLAND_QA(bits0-1)=0 AND VI range -2000..10000,MOD13Q1 V061 Terra 250m 16-day
Unspecified,Unspecified,SO22,Banadir,2021-08-29,0.28090000000000004,0.28480000000000005,0.23395000000000005,0.238,0.047619047619047616,8,0.35119047619047616,0.2261904761904762,pixel_reliability=0 AND MODLAND_QA(bits0-1)=0 AND VI range -2000..10000,MOD13Q1 V061 Terra 250m 16-day
Unspecified,Unspecified,SO22,Banadir,2021-09-14,0.26268,0.26525,0.20606,0.20975,0.05952380952380952,10,0.2916666666666667,0.20833333333333334,pixel_reliability=0 AND MODLAND_QA(bits0-1)=0 AND VI range -2000..10000,MOD13Q1 V061 Terra 250m 16-day
Unspecified,Unspecified,SO22,Banadir,2021-09-30,0.2701583333333333,0.26765,0.2170333333333333,0.21565,0.0714285714285714,12,0.2976190476190476,0.2142857142857142,pixel_reliability=0 AND MODLAND_QA(bits0-1)=0 AND VI range -2000..10000,MOD13Q1 V061 Terra 250m 16-day
Unspecified,Unspecified,SO22,Banadir,2021-10-16,0.245325,0.2458,0.1962249999999999,0.1987,0.0238095238095238,4,0.3809523809523809,0.2619047619047619,pixel_reliability=0 AND MODLAND_QA(bits0-1)=0 AND VI range -2000..10000,MOD13Q1 V061 Terra 250m 16-day
Unspecified,Unspecified,SO22,Banadir,2021-11-01,0.244855,0.248,0.188395,0.1904,0.119047619047619,20,0.25,0.2857142857142857,pixel_reliability=0 AND MODLAND_QA(bits0-1)=0 AND VI range -2000..10000,MOD13Q1 V061 Terra 250m 16-day
Unspecified,Unspecified,SO22,Banadir,2021-11-17,0.23588,0.2513,0.18712,0.1923,0.0297619047619047,5,0.1845238095238095,0.5297619047619048,pixel_reliability=0 AND MODLAND_QA(bits0-1)=0 AND VI range -2000..10000,MOD13Q1 V061 Terra 250m 16-day
Unspecified,Unspecified,SO22,Banadir,2021-12-03,0.0796333333333333,0.1006,0.0834666666666666,0.0769,0.0178571428571428,3,0.2321428571428571,0.5119047619047619,pixel_reliability=0 AND MODLAND_QA(bits0-1)=0 AND VI range -2000..10000,MOD13Q1 V061 Terra 250m 16-day
Unspecified,Unspecified,SO22,Banadir,2021-12-19,0.1906818181818182,0.1949,0.1569454545454545,0.1554,0.0654761904761904,11,0.1011904761904761,0.6309523809523809,pixel_reliability=0 AND MODLAND_QA(bits0-1)=0 AND VI range -2000..10000,MOD13Q1 V061 Terra 250m 16-day
