district_id,district_name,region_id,region_name,date,ndvi_mean,ndvi_median,evi_mean,evi_median,valid_pixel_fraction,good_pixel_count,marginal_pixel_fraction,cloudy_pixel_fraction,qa_rule,source_version
SO1101,Borama,SO11,Awdal,2018-01-01,0.16815266337177373,0.1655,0.10969925864909393,0.1109,0.9956260251503554,3642,0.0002733734281027884,0.0,pixel_reliability=0 AND MODLAND_QA(bits0-1)=0 AND VI range -2000..10000,MOD13Q1 V061 Terra 250m 16-day
SO1101,Borama,SO11,Awdal,2018-01-17,0.16005151763740774,0.158,0.10513489198796827,0.10650000000000001,0.9997266265718973,3657,0.0,0.0,pixel_reliability=0 AND MODLAND_QA(bits0-1)=0 AND VI range -2000..10000,MOD13Q1 V061 Terra 250m 16-day
SO1101,Borama,SO11,Awdal,2018-02-02,0.15629373626373627,0.1544,0.10446956043956046,0.10490000000000001,0.9950792782941498,3640,0.0,0.0,pixel_reliability=0 AND MODLAND_QA(bits0-1)=0 AND VI range -2000..10000,MOD13Q1 V061 Terra 250m 16-day
SO1101,Borama,SO11,Awdal,2018-02-18,0.15070425531914897,0.15,0.10138201977824393,0.1027,0.9122471295790049,3337,0.0005467468562055768,0.0,pixel_reliability=0 AND MODLAND_QA(bits0-1)=0 AND VI range -2000..10000,MOD13Q1 V061 Terra 250m 16-day
SO1101,Borama,SO11,Awdal,2018-03-06,0.15379077936333702,0.1511,0.10679066959385292,0.10690000000000001,0.996172772006561,3644,0.0005467468562055768,0.0,pixel_reliability=0 AND MODLAND_QA(bits0-1)=0 AND VI range -2000..10000,MOD13Q1 V061 Terra 250m 16-day
SO1101,Borama,SO11,Awdal,2018-03-22,0.15857484848484849,0.1545,0.10873644628099173,0.1072,0.9923455440131219,3630,0.0008201202843083652,0.0,pixel_reliability=0 AND MODLAND_QA(bits0-1)=0 AND VI range -2000..10000,MOD13Q1 V061 Terra 250m 16-day
SO1101,Borama,SO11,Awdal,2018-04-07,0.19373265418502209,0.1947,0.13937654185022028,0.1408,0.49644614543466375,1816,0.30973209404045926,0.0010934937124111536,pixel_reliability=0 AND MODLAND_QA(bits0-1)=0 AND VI range -2000..10000,MOD13Q1 V061 Terra 250m 16-day
SO1101,Borama,SO11,Awdal,2018-04-23,0.23119220310765815,0.23005,0.16874087125416204,0.1721,0.9852378348824494,3604,0.0032804811372334607,0.0,pixel_reliability=0 AND MODLAND_QA(bits0-1)=0 AND VI range -2000..10000,MOD13Q1 V061 Terra 250m 16-day
SO1101,Borama,SO11,Awdal,2018-05-09,0.23735181200453,0.2333,0.15155441676104192,0.154,0.9655549480590486,3532,0.007927829414980863,0.0,pixel_reliability=0 AND MODLAND_QA(bits0-1)=0 AND VI range -2000..10000,MOD13Q1 V061 Terra 250m 16-day
SO1101,Borama,SO11,Awdal,2018-05-25,0.24102650720838797,0.23905,0.17395036041939713,0.17500000000000002,0.8343357025697102,3052,0.0541279387643521,0.0,pixel_reliability=0 AND MODLAND_QA(bits0-1)=0 AND VI range -2000..10000,MOD13Q1 V061 Terra 250m 16-day
SO1101,Borama,SO11,Awdal,2018-06-10,0.2166314603174603,0.21450000000000002,0.15419790476190476,0.15360000000000001,0.8611262985237835,3150,0.0541279387643521,0.0,pixel_reliability=0 AND MODLAND_QA(bits0-1)=0 AND VI range -2000..10000,MOD13Q1 V061 Terra 250m 16-day
SO1101,Borama,SO11,Awdal,2018-06-26,0.19934455555555555,0.1995,0.1457587777777778,0.1456,0.4920721705850191,1800,0.23892837616183707,0.0,pixel_reliability=0 AND MODLAND_QA(bits0-1)=0 AND VI range -2000..10000,MOD13Q1 V061 Terra 250m 16-day
SO1101,Borama,SO11,Awdal,2018-07-12,0.21718218061008762,0.21450000000000002,0.15216523708849292,0.153,0.9051394204483324,3311,0.026243849097867686,0.0,pixel_reliability=0 AND MODLAND_QA(bits0-1)=0 AND VI range -2000..10000,MOD13Q1 V061 Terra 250m 16-day
SO1101,Borama,SO11,Awdal,2018-07-28,0.21416309314586995,0.2104,0.1540951142355009,0.1521,0.777747402952433,2845,0.08201202843083652,0.0,pixel_reliability=0 AND MODLAND_QA(bits0-1)=0 AND VI range -2000..10000,MOD13Q1 V061 Terra 250m 16-day
SO1101,Borama,SO11,Awdal,2018-08-13,0.238378880866426,0.23460000000000003,0.1641288206979543,0.16405,0.9086932750136687,3324,0.021323127392017496,0.0,pixel_reliability=0 AND MODLAND_QA(bits0-1)=0 AND VI range -2000..10000,MOD13Q1 V061 Terra 250m 16-day
SO1101,Borama,SO11,Awdal,2018-08-29,0.2541270674569574,0.2464,0.16882130962461192,0.16840000000000002,0.9685620557681793,3543,0.0005467468562055768,0.0,pixel_reliability=0 AND MODLAND_QA(bits0-1)=0 AND VI range -2000..10000,MOD13Q1 V061 Terra 250m 16-day
SO1101,Borama,SO11,Awdal,2018-09-14,0.245700593220339,0.23470000000000002,0.16932107344632769,0.16555,0.967741935483871,3540,0.004100601421541826,0.0,pixel_reliability=0 AND MODLAND_QA(bits0-1)=0 AND VI range -2000..10000,MOD13Q1 V061 Terra 250m 16-day
SO1101,Borama,SO11,Awdal,2018-09-30,0.22158318684434367,0.21180000000000002,0.15245432378792176,0.1509,0.9641880809185347,3527,0.00519409513395298,0.0,pixel_reliability=0 AND MODLAND_QA(bits0-1)=0 AND VI range -2000..10000,MOD13Q1 V061 Terra 250m 16-day
SO1101,Borama,SO11,Awdal,2018-10-16,0.2386638698630137,0.2248,0.15796318493150685,0.1549,0.9579004920721705,3504,0.007654455986878075,0.0,pixel_reliability=0 AND MODLAND_QA(bits0-1)=0 AND VI range -2000..10000,MOD13Q1 V061 Terra 250m 16-day
SO1101,Borama,SO11,Awdal,2018-11-01,0.23373489655172414,0.2212,0.15038115862068965,0.1464,0.990978676872608,3625,0.0002733734281027884,0.0,pixel_reliability=0 AND MODLAND_QA(bits0-1)=0 AND VI range -2000..10000,MOD13Q1 V061 Terra 250m 16-day
SO1101,Borama,SO11,Awdal,2018-11-17,0.21421696453120706,0.20470000000000002,0.13939813032719278,0.13720000000000002,0.9942591580098414,3637,0.0005467468562055768,0.0,pixel_reliability=0 AND MODLAND_QA(bits0-1)=0 AND VI range -2000..10000,MOD13Q1 V061 Terra 250m 16-day
SO1101,Borama,SO11,Awdal,2018-12-03,0.20550691550925929,0.19515,0.13004470486111114,0.12810000000000002,0.9447785675232367,3456,0.0019136139967195188,0.0,pixel_reliability=0 AND MODLAND_QA(bits0-1)=0 AND VI range -2000..10000,MOD13Q1 V061 Terra 250m 16-day
SO1101,Borama,SO11,Awdal,2018-12-19,0.1992264140582098,0.18935000000000002,0.12045702910488744,0.1193,0.9956260251503554,3642,0.0002733734281027884,0.0,pixel_reliability=0 AND MODLAND_QA(bits0-1)=0 AND VI range -2000..10000,MOD13Q1 V061 Terra 250m 16-day
SO1102,Baki,SO11,Awdal,2018-01-01,0.12636260447559988,0.1155,0.08633712590994878,0.0815,0.9699267782426778,3709,0.0018305439330543933,0.0,pixel_reliability=0 AND MODLAND_QA(bits0-1)=0 AND VI range -2000..10000,MOD13Q1 V061 Terra 250m 16-day
SO1102,Baki,SO11,Awdal,2018-01-17,0.12172206278026906,0.11220000000000001,0.0824303139013453,0.0779,0.8747384937238494,3345,0.038964435146443516,0.0002615062761506276,pixel_reliability=0 AND MODLAND_QA(bits0-1)=0 AND VI range -2000..10000,MOD13Q1 V061 Terra 250m 16-day
SO1102,Baki,SO11,Awdal,2018-02-02,0.12378478535353536,0.114,0.08565549242424243,0.0814,0.8284518828451883,3168,0.003922594142259414,0.0,pixel_reliability=0 AND MODLAND_QA(bits0-1)=0 AND VI range -2000..10000,MOD13Q1 V061 Terra 250m 16-day
SO1102,Baki,SO11,Awdal,2018-02-18,0.1138784862932062,0.1051,0.07851054827175209,0.0743,0.8776150627615062,3356,0.015167364016736401,0.0002615062761506276,pixel_reliability=0 AND MODLAND_QA(bits0-1)=0 AND VI range -2000..10000,MOD13Q1 V061 Terra 250m 16-day
SO1102,Baki,SO11,Awdal,2018-03-06,0.12194017139796466,0.11280000000000001,0.08681636314943762,0.0809,0.9764644351464435,3734,0.002876569037656904,0.0,pixel_reliability=0 AND MODLAND_QA(bits0-1)=0 AND VI range -2000..10000,MOD13Q1 V061 Terra 250m 16-day
SO1102,Baki,SO11,Awdal,2018-03-22,0.12275331888377135,0.11270000000000001,0.08597434299647794,0.0801,0.9652196652719666,3691,0.004707112970711297,0.0,pixel_reliability=0 AND MODLAND_QA(bits0-1)=0 AND VI range -2000..10000,MOD13Q1 V061 Terra 250m 16-day
SO1102,Baki,SO11,Awdal,2018-04-07,0.15743599397590363,0.1462,0.11540170682730924,0.11195,0.5209205020920502,1992,0.2225418410041841,0.011767782426778242,pixel_reliability=0 AND MODLAND_QA(bits0-1)=0 AND VI range -2000..10000,MOD13Q1 V061 Terra 250m 16-day
SO1102,Baki,SO11,Awdal,2018-04-23,0.15272572199730094,0.1308,0.11293479082321188,0.0995,0.9688807531380753,3705,0.003922594142259414,0.0002615062761506276,pixel_reliability=0 AND MODLAND_QA(bits0-1)=0 AND VI range -2000..10000,MOD13Q1 V061 Terra 250m 16-day
SO1102,Baki,SO11,Awdal,2018-05-09,0.1424761655172414,0.1189,0.1003920827586207,0.0891,0.9479602510460251,3625,0.015167364016736401,0.0002615062761506276,pixel_reliability=0 AND MODLAND_QA(bits0-1)=0 AND VI range -2000..10000,MOD13Q1 V061 Terra 250m 16-day
SO1102,Baki,SO11,Awdal,2018-05-25,0.14854600360576925,0.12755,0.10880823317307693,0.0955,0.8702928870292888,3328,0.030073221757322174,0.0010460251046025104,pixel_reliability=0 AND MODLAND_QA(bits0-1)=0 AND VI range -2000..10000,MOD13Q1 V061 Terra 250m 16-day
SO1102,Baki,SO11,Awdal,2018-06-10,0.14300234463276837,0.12430000000000001,0.10339209039548024,0.0926,0.9257322175732218,3540,0.013859832635983263,0.002615062761506276,pixel_reliability=0 AND MODLAND_QA(bits0-1)=0 AND VI range -2000..10000,MOD13Q1 V061 Terra 250m 16-day
SO1102,Baki,SO11,Awdal,2018-06-26,0.1321220551378446,0.11720000000000001,0.09740281954887219,0.0874,0.8347280334728033,3192,0.047594142259414225,0.004707112970711297,pixel_reliability=0 AND MODLAND_QA(bits0-1)=0 AND VI range -2000..10000,MOD13Q1 V061 Terra 250m 16-day
SO1102,Baki,SO11,Awdal,2018-07-12,0.14114599942644107,0.1241,0.10132718669343276,0.0925,0.9118723849372385,3487,0.02301255230125523,0.0054916317991631795,pixel_reliability=0 AND MODLAND_QA(bits0-1)=0 AND VI range -2000..10000,MOD13Q1 V061 Terra 250m 16-day
SO1102,Baki,SO11,Awdal,2018-07-28,0.14064186955214908,0.1231,0.10211295461376618,0.0921,0.8700313807531381,3327,0.03138075313807531,0.0018305439330543933,pixel_reliability=0 AND MODLAND_QA(bits0-1)=0 AND VI range -2000..10000,MOD13Q1 V061 Terra 250m 16-day
SO1102,Baki,SO11,Awdal,2018-08-13,0.14611356840620593,0.1267,0.10442197461212976,0.0942,0.9270397489539749,3545,0.01961297071129707,0.001307531380753138,pixel_reliability=0 AND MODLAND_QA(bits0-1)=0 AND VI range -2000..10000,MOD13Q1 V061 Terra 250m 16-day
SO1102,Baki,SO11,Awdal,2018-08-29,0.1502273155851359,0.13055,0.10715929007210204,0.0985,0.9429916317991632,3606,0.006799163179916318,0.0,pixel_reliability=0 AND MODLAND_QA(bits0-1)=0 AND VI range -2000..10000,MOD13Q1 V061 Terra 250m 16-day
SO1102,Baki,SO11,Awdal,2018-09-14,0.1528855349344978,0.1364,0.11005846069868995,0.1023,0.9581589958158996,3664,0.006014644351464435,0.0005230125523012552,pixel_reliability=0 AND MODLAND_QA(bits0-1)=0 AND VI range -2000..10000,MOD13Q1 V061 Terra 250m 16-day
SO1102,Baki,SO11,Awdal,2018-09-30,0.1481378953107961,0.1359,0.10564179389312978,0.10070000000000001,0.9592050209205021,3668,0.007583682008368201,0.0002615062761506276,pixel_reliability=0 AND MODLAND_QA(bits0-1)=0 AND VI range -2000..10000,MOD13Q1 V061 Terra 250m 16-day
SO1102,Baki,SO11,Awdal,2018-10-16,0.16971826057980674,0.1575,0.11943452182605799,0.1168,0.7847803347280334,3001,0.06982217573221758,0.0002615062761506276,pixel_reliability=0 AND MODLAND_QA(bits0-1)=0 AND VI range -2000..10000,MOD13Q1 V061 Terra 250m 16-day
SO1102,Baki,SO11,Awdal,2018-11-01,0.1710680660104227,0.15715,0.12252278517660685,0.11565,0.9032426778242678,3454,0.032426778242677826,0.0,pixel_reliability=0 AND MODLAND_QA(bits0-1)=0 AND VI range -2000..10000,MOD13Q1 V061 Terra 250m 16-day
SO1102,Baki,SO11,Awdal,2018-11-17,0.16008964464186565,0.14900000000000002,0.10745580233203776,0.10205,0.9419456066945606,3602,0.006014644351464435,0.0,pixel_reliability=0 AND MODLAND_QA(bits0-1)=0 AND VI range -2000..10000,MOD13Q1 V061 Terra 250m 16-day
SO1102,Baki,SO11,Awdal,2018-12-03,0.15634791885274574,0.1448,0.10651000349772649,0.10020000000000001,0.7476464435146444,2859,0.09571129707112971,0.0015690376569037657,pixel_reliability=0 AND MODLAND_QA(bits0-1)=0 AND VI range -2000..10000,MOD13Q1 V061 Terra 250m 16-day
SO1102,Baki,SO11,Awdal,2018-12-19,0.16875407762756217,0.1646,0.10486122982991715,0.10310000000000001,0.5996338912133892,2293,0.23064853556485357,0.0020920502092050207,pixel_reliability=0 AND MODLAND_QA(bits0-1)=0 AND VI range -2000..10000,MOD13Q1 V061 Terra 250m 16-day
SO1103,Lughaye,SO11,Awdal,2018-01-01,0.09056081855388813,0.0888,0.0670912687585266,0.06670000000000001,0.9262067222643416,3665,0.00960323477381855,0.0005054334091483447,pixel_reliability=0 AND MODLAND_QA(bits0-1)=0 AND VI range -2000..10000,MOD13Q1 V061 Terra 250m 16-day
SO1103,Lughaye,SO11,Awdal,2018-01-17,0.0878126811594203,0.08700000000000001,0.06470813823857302,0.0646,0.9067475360121304,3588,0.007328784432650998,0.00025271670457417233,pixel_reliability=0 AND MODLAND_QA(bits0-1)=0 AND VI range -2000..10000,MOD13Q1 V061 Terra 250m 16-day
SO1103,Lughaye,SO11,Awdal,2018-02-02,0.08938750380981407,0.0882,0.06709801889667785,0.06670000000000001,0.8291635077078595,3281,0.005812484205205964,0.000758150113722517,pixel_reliability=0 AND MODLAND_QA(bits0-1)=0 AND VI range -2000..10000,MOD13Q1 V061 Terra 250m 16-day
SO1103,Lughaye,SO11,Awdal,2018-02-18,0.08804855099736544,0.08650000000000001,0.0640447120812947,0.0635,0.671468284053576,2657,0.15845337376800606,0.007328784432650998,pixel_reliability=0 AND MODLAND_QA(bits0-1)=0 AND VI range -2000..10000,MOD13Q1 V061 Terra 250m 16-day
SO1103,Lughaye,SO11,Awdal,2018-03-06,0.09023514385587525,0.0882,0.06782815272922829,0.0669,0.939853424311347,3719,0.003032600454890068,0.00025271670457417233,pixel_reliability=0 AND MODLAND_QA(bits0-1)=0 AND VI range -2000..10000,MOD13Q1 V061 Terra 250m 16-day
SO1103,Lughaye,SO11,Awdal,2018-03-22,0.0917539618587161,0.0903,0.06741582057480526,0.0664,0.9408642911296436,3723,0.006570634318928481,0.0,pixel_reliability=0 AND MODLAND_QA(bits0-1)=0 AND VI range -2000..10000,MOD13Q1 V061 Terra 250m 16-day
SO1103,Lughaye,SO11,Awdal,2018-04-07,0.09339595818815331,0.092,0.07240334494773519,0.0716,0.3626484710639373,1435,0.29668941117007835,0.010108668182966895,pixel_reliability=0 AND MODLAND_QA(bits0-1)=0 AND VI range -2000..10000,MOD13Q1 V061 Terra 250m 16-day
SO1103,Lughaye,SO11,Awdal,2018-04-23,0.101041384863124,0.0984,0.07709637681159422,0.075,0.9416224412433661,3726,0.006823351023502654,0.00025271670457417233,pixel_reliability=0 AND MODLAND_QA(bits0-1)=0 AND VI range -2000..10000,MOD13Q1 V061 Terra 250m 16-day
SO1103,Lughaye,SO11,Awdal,2018-05-09,0.10132954173486089,0.0971,0.076038188761593,0.0728,0.9264594389689158,3666,0.023249936820823856,0.00025271670457417233,pixel_reliability=0 AND MODLAND_QA(bits0-1)=0 AND VI range -2000..10000,MOD13Q1 V061 Terra 250m 16-day
SO1103,Lughaye,SO11,Awdal,2018-05-25,0.12195289875173372,0.1086,0.093370346740638,0.0825,0.9110437199898913,3605,0.024260803639120546,0.0,pixel_reliability=0 AND MODLAND_QA(bits0-1)=0 AND VI range -2000..10000,MOD13Q1 V061 Terra 250m 16-day
SO1103,Lughaye,SO11,Awdal,2018-06-10,0.12080883315158124,0.1085,0.09347363685932389,0.08310000000000001,0.9269648723780642,3668,0.02451352034369472,0.00530705079605762,pixel_reliability=0 AND MODLAND_QA(bits0-1)=0 AND VI range -2000..10000,MOD13Q1 V061 Terra 250m 16-day
SO1103,Lughaye,SO11,Awdal,2018-06-26,0.12261769356597602,0.11520000000000001,0.09353909487459106,0.0868,0.9269648723780642,3668,0.01592115238817286,0.008845084660096033,pixel_reliability=0 AND MODLAND_QA(bits0-1)=0 AND VI range -2000..10000,MOD13Q1 V061 Terra 250m 16-day
SO1103,Lughaye,SO11,Awdal,2018-07-12,0.11481881647122989,0.1114,0.08757545677665667,0.085,0.92671215567349,3667,0.016679302501895376,0.006823351023502654,pixel_reliability=0 AND MODLAND_QA(bits0-1)=0 AND VI range -2000..10000,MOD13Q1 V061 Terra 250m 16-day
SO1103,Lughaye,SO11,Awdal,2018-07-28,0.10882468284611142,0.1063,0.08226127964699394,0.0806,0.916350770785949,3626,0.0192064695476371,0.0020217336365933787,pixel_reliability=0 AND MODLAND_QA(bits0-1)=0 AND VI range -2000..10000,MOD13Q1 V061 Terra 250m 16-day
SO1103,Lughaye,SO11,Awdal,2018-08-13,0.10743076713819369,0.1042,0.08031958650707292,0.0782,0.9289866060146575,3676,0.017437452615617893,0.001516300227445034,pixel_reliability=0 AND MODLAND_QA(bits0-1)=0 AND VI range -2000..10000,MOD13Q1 V061 Terra 250m 16-day
SO1103,Lughaye,SO11,Awdal,2018-08-29,0.10825643030466434,0.1041,0.08200951739013213,0.07970000000000001,0.9373262572656053,3709,0.011877685114986101,0.00025271670457417233,pixel_reliability=0 AND MODLAND_QA(bits0-1)=0 AND VI range -2000..10000,MOD13Q1 V061 Terra 250m 16-day
SO1103,Lughaye,SO11,Awdal,2018-09-14,0.10807190283400808,0.1048,0.08254958164642377,0.0804,0.9363153904473086,3705,0.013141268637856963,0.0,pixel_reliability=0 AND MODLAND_QA(bits0-1)=0 AND VI range -2000..10000,MOD13Q1 V061 Terra 250m 16-day
SO1103,Lughaye,SO11,Awdal,2018-09-30,0.1079093707804483,0.1044,0.0819199027815285,0.0799,0.9358099570381602,3703,0.011119535001263583,0.00025271670457417233,pixel_reliability=0 AND MODLAND_QA(bits0-1)=0 AND VI range -2000..10000,MOD13Q1 V061 Terra 250m 16-day
SO1103,Lughaye,SO11,Awdal,2018-10-16,0.11042041702867073,0.10600000000000001,0.08354561251086012,0.08030000000000001,0.2908769269648724,1151,0.4094010614101592,0.006823351023502654,pixel_reliability=0 AND MODLAND_QA(bits0-1)=0 AND VI range -2000..10000,MOD13Q1 V061 Terra 250m 16-day
SO1103,Lughaye,SO11,Awdal,2018-11-01,0.11050427509293678,0.1047,0.08273368029739778,0.0796,0.6798079353045237,2690,0.13141268637856962,0.0010108668182966893,pixel_reliability=0 AND MODLAND_QA(bits0-1)=0 AND VI range -2000..10000,MOD13Q1 V061 Terra 250m 16-day
SO1103,Lughaye,SO11,Awdal,2018-11-17,0.11069450000000002,0.1052,0.08043830555555556,0.078,0.9097801364670205,3600,0.010866818296689411,0.0010108668182966893,pixel_reliability=0 AND MODLAND_QA(bits0-1)=0 AND VI range -2000..10000,MOD13Q1 V061 Terra 250m 16-day
SO1103,Lughaye,SO11,Awdal,2018-12-03,0.10259990732159407,0.0999,0.07594411492122335,0.07350000000000001,0.272681324235532,1079,0.4417487995956533,0.0070760677280768255,pixel_reliability=0 AND MODLAND_QA(bits0-1)=0 AND VI range -2000..10000,MOD13Q1 V061 Terra 250m 16-day
SO1103,Lughaye,SO11,Awdal,2018-12-19,0.10740889526542326,0.1023,0.07669296987087518,0.0748,0.5284306292645944,2091,0.20899671468284053,0.003032600454890068,pixel_reliability=0 AND MODLAND_QA(bits0-1)=0 AND VI range -2000..10000,MOD13Q1 V061 Terra 250m 16-day
SO1104,Zeylac,SO11,Awdal,2018-01-01,0.10072292063492065,0.09920000000000001,0.06774633333333334,0.0666,0.8558619752750984,6300,0.03586469229724222,0.0005434044287460942,pixel_reliability=0 AND MODLAND_QA(bits0-1)=0 AND VI range -2000..10000,MOD13Q1 V061 Terra 250m 16-day
SO1104,Zeylac,SO11,Awdal,2018-01-17,0.09734823209428829,0.09580000000000001,0.06412704744635842,0.0631,0.899062627360413,6618,0.02173617714984377,0.002173617714984377,pixel_reliability=0 AND MODLAND_QA(bits0-1)=0 AND VI range -2000..10000,MOD13Q1 V061 Terra 250m 16-day
SO1104,Zeylac,SO11,Awdal,2018-02-02,0.09852602800294769,0.09730000000000001,0.06648785556374356,0.0651,0.9217497622605624,6785,0.015894579540823257,0.000950957750305665,pixel_reliability=0 AND MODLAND_QA(bits0-1)=0 AND VI range -2000..10000,MOD13Q1 V061 Terra 250m 16-day
SO1104,Zeylac,SO11,Awdal,2018-02-18,0.09680386819484241,0.0951,0.06427638490926457,0.0631,0.5689444368971607,4188,0.1861160168455373,0.006385002037766607,pixel_reliability=0 AND MODLAND_QA(bits0-1)=0 AND VI range -2000..10000,MOD13Q1 V061 Terra 250m 16-day
SO1104,Zeylac,SO11,Awdal,2018-03-06,0.0966262972218139,0.0955,0.06579939732470969,0.0648,0.9241950821899199,6803,0.012226599646787122,0.0006792555359326179,pixel_reliability=0 AND MODLAND_QA(bits0-1)=0 AND VI range -2000..10000,MOD13Q1 V061 Terra 250m 16-day
SO1104,Zeylac,SO11,Awdal,2018-03-22,0.09813837547224645,0.09670000000000001,0.06813708224353386,0.0673,0.9349273196576552,6882,0.016573835076755875,0.0012226599646787122,pixel_reliability=0 AND MODLAND_QA(bits0-1)=0 AND VI range -2000..10000,MOD13Q1 V061 Terra 250m 16-day
SO1104,Zeylac,SO11,Awdal,2018-04-07,0.10502351660315733,0.10350000000000001,0.07378187261839958,0.07250000000000001,0.24955848390164379,1837,0.4735769596522212,0.019290857220486346,pixel_reliability=0 AND MODLAND_QA(bits0-1)=0 AND VI range -2000..10000,MOD13Q1 V061 Terra 250m 16-day
SO1104,Zeylac,SO11,Awdal,2018-04-23,0.10708834684423857,0.10210000000000001,0.07598356977417486,0.0719,0.9384594484445048,6908,0.00950957750305665,0.0005434044287460942,pixel_reliability=0 AND MODLAND_QA(bits0-1)=0 AND VI range -2000..10000,MOD13Q1 V061 Terra 250m 16-day
SO1104,Zeylac,SO11,Awdal,2018-05-09,0.10499507433279599,0.09910000000000001,0.07234766254701774,0.0687,0.7584567314223611,5583,0.08001630213286239,0.0008151066431191414,pixel_reliability=0 AND MODLAND_QA(bits0-1)=0 AND VI range -2000..10000,MOD13Q1 V061 Terra 250m 16-day
SO1104,Zeylac,SO11,Awdal,2018-05-25,0.11966989911467985,0.1092,0.0883817376981676,0.0805,0.659828827604945,4857,0.14223610922429017,0.0014943621790517593,pixel_reliability=0 AND MODLAND_QA(bits0-1)=0 AND VI range -2000..10000,MOD13Q1 V061 Terra 250m 16-day
SO1104,Zeylac,SO11,Awdal,2018-06-10,0.11534236979758929,0.1068,0.08571869456447578,0.0799,0.5973373182991442,4397,0.25458497486754517,0.005841597609020513,pixel_reliability=0 AND MODLAND_QA(bits0-1)=0 AND VI range -2000..10000,MOD13Q1 V061 Terra 250m 16-day
SO1104,Zeylac,SO11,Awdal,2018-06-26,0.10658157669237361,0.1043,0.08140379891459584,0.0794,0.475614726260019,3501,0.3890775709822035,0.006113299823393561,pixel_reliability=0 AND MODLAND_QA(bits0-1)=0 AND VI range -2000..10000,MOD13Q1 V061 Terra 250m 16-day
SO1104,Zeylac,SO11,Awdal,2018-07-12,0.10488868180935741,0.10070000000000001,0.07623867210250437,0.07390000000000001,0.6997690531177829,5151,0.11506588778698547,0.0035321287868496126,pixel_reliability=0 AND MODLAND_QA(bits0-1)=0 AND VI range -2000..10000,MOD13Q1 V061 Terra 250m 16-day
SO1104,Zeylac,SO11,Awdal,2018-07-28,0.10125478927203066,0.098,0.07381424010217115,0.07250000000000001,0.6382285015622877,4698,0.1734818638771906,0.0008151066431191414,pixel_reliability=0 AND MODLAND_QA(bits0-1)=0 AND VI range -2000..10000,MOD13Q1 V061 Terra 250m 16-day
SO1104,Zeylac,SO11,Awdal,2018-08-13,0.10403354937745182,0.09820000000000001,0.07374995735971344,0.0711,0.7964950414345877,5863,0.052438527373998095,0.0006792555359326179,pixel_reliability=0 AND MODLAND_QA(bits0-1)=0 AND VI range -2000..10000,MOD13Q1 V061 Terra 250m 16-day
SO1104,Zeylac,SO11,Awdal,2018-08-29,0.10923365454810921,0.10250000000000001,0.07386719229084537,0.07010000000000001,0.9304442331205,6849,0.013992664040211928,0.0017660643934248063,pixel_reliability=0 AND MODLAND_QA(bits0-1)=0 AND VI range -2000..10000,MOD13Q1 V061 Terra 250m 16-day
SO1104,Zeylac,SO11,Awdal,2018-09-14,0.10844434424932764,0.10250000000000001,0.07613989875019775,0.0722,0.8587148485260155,6321,0.031381605760086945,0.00013585110718652356,pixel_reliability=0 AND MODLAND_QA(bits0-1)=0 AND VI range -2000..10000,MOD13Q1 V061 Terra 250m 16-day
SO1104,Zeylac,SO11,Awdal,2018-09-30,0.10636264261486278,0.1018,0.07380203515263645,0.0719,0.8811302812117918,6486,0.026490965901372097,0.0010868088574921885,pixel_reliability=0 AND MODLAND_QA(bits0-1)=0 AND VI range -2000..10000,MOD13Q1 V061 Terra 250m 16-day
SO1104,Zeylac,SO11,Awdal,2018-10-16,0.11597265692175408,0.1061,0.07689002579535685,0.0704,0.47398451297378075,3489,0.24222252411357154,0.005298193180274419,pixel_reliability=0 AND MODLAND_QA(bits0-1)=0 AND VI range -2000..10000,MOD13Q1 V061 Terra 250m 16-day
SO1104,Zeylac,SO11,Awdal,2018-11-01,0.10815919686915093,0.1014,0.07121299982984516,0.0682,0.7983969569351991,5877,0.04768373862246977,0.0013585110718652357,pixel_reliability=0 AND MODLAND_QA(bits0-1)=0 AND VI range -2000..10000,MOD13Q1 V061 Terra 250m 16-day
SO1104,Zeylac,SO11,Awdal,2018-11-17,0.10576624203821658,0.10010000000000001,0.06904801334546558,0.0669,0.8958022007879364,6594,0.029072136937916045,0.0010868088574921885,pixel_reliability=0 AND MODLAND_QA(bits0-1)=0 AND VI range -2000..10000,MOD13Q1 V061 Terra 250m 16-day
SO1104,Zeylac,SO11,Awdal,2018-12-03,0.10710039460020769,0.1014,0.06927011422637591,0.0665,0.654123081103111,4815,0.14726260019019155,0.0010868088574921885,pixel_reliability=0 AND MODLAND_QA(bits0-1)=0 AND VI range -2000..10000,MOD13Q1 V061 Terra 250m 16-day
SO1104,Zeylac,SO11,Awdal,2018-12-19,0.10846067577282531,0.1024,0.06780778816199377,0.0653,0.5669066702893628,4173,0.2040483629941584,0.004618937644341801,pixel_reliability=0 AND MODLAND_QA(bits0-1)=0 AND VI range -2000..10000,MOD13Q1 V061 Terra 250m 16-day
SO1201,Hargeysa,SO12,Woqooyi Galbeed,2018-01-01,0.14540077552778974,0.14100000000000001,0.09586174678402168,0.09390000000000001,0.9919408999328408,16247,0.0015263447096892362,0.0,pixel_reliability=0 AND MODLAND_QA(bits0-1)=0 AND VI range -2000..10000,MOD13Q1 V061 Terra 250m 16-day
SO1201,Hargeysa,SO12,Woqooyi Galbeed,2018-01-17,0.14032952564741039,0.1365,0.09272598356573707,0.0907,0.9807680566579157,16064,0.0034800659380914587,0.0,pixel_reliability=0 AND MODLAND_QA(bits0-1)=0 AND VI range -2000..10000,MOD13Q1 V061 Terra 250m 16-day
SO1201,Hargeysa,SO12,Woqooyi Galbeed,2018-02-02,0.14034308081119398,0.1374,0.09282505701781422,0.0912,0.9904756090115392,16223,0.0007326454606508334,0.0,pixel_reliability=0 AND MODLAND_QA(bits0-1)=0 AND VI range -2000..10000,MOD13Q1 V061 Terra 250m 16-day
SO1201,Hargeysa,SO12,Woqooyi Galbeed,2018-02-18,0.1359745820668693,0.1336,0.09135695921985816,0.0898,0.9641614262164967,15792,0.0007326454606508334,0.0,pixel_reliability=0 AND MODLAND_QA(bits0-1)=0 AND VI range -2000..10000,MOD13Q1 V061 Terra 250m 16-day
SO1201,Hargeysa,SO12,Woqooyi Galbeed,2018-03-06,0.1390676571920758,0.1375,0.09389114679463516,0.093,0.9923682764515538,16254,0.0011600219793638194,0.0,pixel_reliability=0 AND MODLAND_QA(bits0-1)=0 AND VI range -2000..10000,MOD13Q1 V061 Terra 250m 16-day
SO1201,Hargeysa,SO12,Woqooyi Galbeed,2018-03-22,0.14919434829810332,0.1464,0.09728013921706369,0.0964,0.95604127236095,15659,0.0011600219793638194,0.0,pixel_reliability=0 AND MODLAND_QA(bits0-1)=0 AND VI range -2000..10000,MOD13Q1 V061 Terra 250m 16-day
SO1201,Hargeysa,SO12,Woqooyi Galbeed,2018-04-07,0.1617264396505616,0.1559,0.11461333571046534,0.1116,0.34245069906587705,5609,0.3325599853470908,0.06184748763660785,pixel_reliability=0 AND MODLAND_QA(bits0-1)=0 AND VI range -2000..10000,MOD13Q1 V061 Terra 250m 16-day
SO1201,Hargeysa,SO12,Woqooyi Galbeed,2018-04-23,0.18418973301248998,0.17370000000000002,0.1324725335166724,0.126,0.5328164112583186,8727,0.29134867818548144,0.00989071371878625,pixel_reliability=0 AND MODLAND_QA(bits0-1)=0 AND VI range -2000..10000,MOD13Q1 V061 Terra 250m 16-day
SO1201,Hargeysa,SO12,Woqooyi Galbeed,2018-05-09,0.20576711445824009,0.19640000000000002,0.1458646448198657,0.13970000000000002,0.8998717870443861,14739,0.013614994810427987,0.0,pixel_reliability=0 AND MODLAND_QA(bits0-1)=0 AND VI range -2000..10000,MOD13Q1 V061 Terra 250m 16-day
SO1201,Hargeysa,SO12,Woqooyi Galbeed,2018-05-25,0.21563524680324486,0.2056,0.1506295613914478,0.14450000000000002,0.8880884058855852,14546,0.026985774467305695,0.0,pixel_reliability=0 AND MODLAND_QA(bits0-1)=0 AND VI range -2000..10000,MOD13Q1 V061 Terra 250m 16-day
SO1201,Hargeysa,SO12,Woqooyi Galbeed,2018-06-10,0.19118820654948582,0.1811,0.13293659105827438,0.1263,0.8371084925819647,13711,0.06276329446242139,0.0,pixel_reliability=0 AND MODLAND_QA(bits0-1)=0 AND VI range -2000..10000,MOD13Q1 V061 Terra 250m 16-day
SO1201,Hargeysa,SO12,Woqooyi Galbeed,2018-06-26,0.17771789113985845,0.1698,0.12347449353185258,0.11760000000000001,0.7504121130716161,12291,0.08004151657610355,0.0,pixel_reliability=0 AND MODLAND_QA(bits0-1)=0 AND VI range -2000..10000,MOD13Q1 V061 Terra 250m 16-day
SO1201,Hargeysa,SO12,Woqooyi Galbeed,2018-07-12,0.16819516592443615,0.15910000000000002,0.11569863525355555,0.11,0.8499908419317419,13922,0.06093168081079431,0.0,pixel_reliability=0 AND MODLAND_QA(bits0-1)=0 AND VI range -2000..10000,MOD13Q1 V061 Terra 250m 16-day
SO1201,Hargeysa,SO12,Woqooyi Galbeed,2018-07-28,0.1646206882022472,0.1549,0.11283309691011237,0.10500000000000001,0.869405946638989,14240,0.03321326088283778,0.0,pixel_reliability=0 AND MODLAND_QA(bits0-1)=0 AND VI range -2000..10000,MOD13Q1 V061 Terra 250m 16-day
SO1201,Hargeysa,SO12,Woqooyi Galbeed,2018-08-13,0.16708602622908456,0.1558,0.11426426125718715,0.1046,0.9450515904511875,15479,0.009768606142011112,0.0,pixel_reliability=0 AND MODLAND_QA(bits0-1)=0 AND VI range -2000..10000,MOD13Q1 V061 Terra 250m 16-day
SO1201,Hargeysa,SO12,Woqooyi Galbeed,2018-08-29,0.17087754852021408,0.16040000000000001,0.11726293120123799,0.1091,0.9468832041028146,15509,0.0015263447096892362,0.0,pixel_reliability=0 AND MODLAND_QA(bits0-1)=0 AND VI range -2000..10000,MOD13Q1 V061 Terra 250m 16-day
SO1201,Hargeysa,SO12,Woqooyi Galbeed,2018-09-14,0.17421408203125,0.1641,0.11900656901041667,0.11220000000000001,0.9377861896330667,15360,0.002869528054215764,0.0,pixel_reliability=0 AND MODLAND_QA(bits0-1)=0 AND VI range -2000..10000,MOD13Q1 V061 Terra 250m 16-day
SO1201,Hargeysa,SO12,Woqooyi Galbeed,2018-09-30,0.1680252603016344,0.1608,0.11498423045371363,0.1107,0.9675193845778131,15847,0.0032969045729287503,0.0,pixel_reliability=0 AND MODLAND_QA(bits0-1)=0 AND VI range -2000..10000,MOD13Q1 V061 Terra 250m 16-day
SO1201,Hargeysa,SO12,Woqooyi Galbeed,2018-10-16,0.1792453184470946,0.1726,0.11988441173982914,0.11660000000000001,0.7218389401062336,11823,0.011356004640087918,0.0001221075767751389,pixel_reliability=0 AND MODLAND_QA(bits0-1)=0 AND VI range -2000..10000,MOD13Q1 V061 Terra 250m 16-day
SO1201,Hargeysa,SO12,Woqooyi Galbeed,2018-11-01,0.17959823059001323,0.1748,0.12193600528933947,0.11910000000000001,0.9695952133829904,15881,0.0023810977471152087,0.0,pixel_reliability=0 AND MODLAND_QA(bits0-1)=0 AND VI range -2000..10000,MOD13Q1 V061 Terra 250m 16-day
SO1201,Hargeysa,SO12,Woqooyi Galbeed,2018-11-17,0.17218879789960617,0.16840000000000002,0.1134468212789898,0.1115,0.9766774528359484,15997,0.001221075767751389,0.0,pixel_reliability=0 AND MODLAND_QA(bits0-1)=0 AND VI range -2000..10000,MOD13Q1 V061 Terra 250m 16-day
SO1201,Hargeysa,SO12,Woqooyi Galbeed,2018-12-03,0.1661020054979383,0.16290000000000002,0.10931001499437712,0.1077,0.9772269369314366,16006,0.0021979363819525,0.0,pixel_reliability=0 AND MODLAND_QA(bits0-1)=0 AND VI range -2000..10000,MOD13Q1 V061 Terra 250m 16-day
SO1201,Hargeysa,SO12,Woqooyi Galbeed,2018-12-19,0.16189988921472792,0.158,0.104375073313783,0.10300000000000001,0.9368703828072532,15345,0.01856035166982111,0.0,pixel_reliability=0 AND MODLAND_QA(bits0-1)=0 AND VI range -2000..10000,MOD13Q1 V061 Terra 250m 16-day
SO1202,Berbera,SO12,Woqooyi Galbeed,2018-01-01,0.10927354955297698,0.10690000000000001,0.07848353623739775,0.0772,0.8595487246566383,10514,0.028449967298888164,0.0006540222367560497,pixel_reliability=0 AND MODLAND_QA(bits0-1)=0 AND VI range -2000..10000,MOD13Q1 V061 Terra 250m 16-day
SO1202,Berbera,SO12,Woqooyi Galbeed,2018-01-17,0.10779419785320567,0.1053,0.0775985107823228,0.0758,0.8454054937867888,10341,0.018639633747547416,0.0010627861347285807,pixel_reliability=0 AND MODLAND_QA(bits0-1)=0 AND VI range -2000..10000,MOD13Q1 V061 Terra 250m 16-day
SO1202,Berbera,SO12,Woqooyi Galbeed,2018-02-02,0.10870541357515802,0.1066,0.0771542273518366,0.0761,0.8924950948332243,10917,0.012262916939175932,0.0017168083714846304,pixel_reliability=0 AND MODLAND_QA(bits0-1)=0 AND VI range -2000..10000,MOD13Q1 V061 Terra 250m 16-day
SO1202,Berbera,SO12,Woqooyi Galbeed,2018-02-18,0.10316888546725099,0.10010000000000001,0.07226524931896246,0.0709,0.6902387181164159,8443,0.09614126880313931,0.027468933943754086,pixel_reliability=0 AND MODLAND_QA(bits0-1)=0 AND VI range -2000..10000,MOD13Q1 V061 Terra 250m 16-day
SO1202,Berbera,SO12,Woqooyi Galbeed,2018-03-06,0.10429951146185644,0.1023,0.07531124577226606,0.0745,0.8701765860039241,10644,0.024934597776324396,0.001226291693917593,pixel_reliability=0 AND MODLAND_QA(bits0-1)=0 AND VI range -2000..10000,MOD13Q1 V061 Terra 250m 16-day
SO1202,Berbera,SO12,Woqooyi Galbeed,2018-03-22,0.10803894419581697,0.10650000000000001,0.07836666362224862,0.0777,0.8951111837802486,10949,0.018067364290385874,0.003515369522563767,pixel_reliability=0 AND MODLAND_QA(bits0-1)=0 AND VI range -2000..10000,MOD13Q1 V061 Terra 250m 16-day
SO1202,Berbera,SO12,Woqooyi Galbeed,2018-04-07,0.11589973257826018,0.1134,0.08433638508730534,0.0814,0.519702419882276,6357,0.15696533682145192,0.019048397645519948,pixel_reliability=0 AND MODLAND_QA(bits0-1)=0 AND VI range -2000..10000,MOD13Q1 V061 Terra 250m 16-day
SO1202,Berbera,SO12,Woqooyi Galbeed,2018-04-23,0.11906568637973597,0.1169,0.08845507137490609,0.0857,0.7616906474820144,9317,0.014306736429038588,0.0022073250490516677,pixel_reliability=0 AND MODLAND_QA(bits0-1)=0 AND VI range -2000..10000,MOD13Q1 V061 Terra 250m 16-day
SO1202,Berbera,SO12,Woqooyi Galbeed,2018-05-09,0.12119293769845614,0.1178,0.09083163254133363,0.0873,0.7466481360366253,9133,0.06131458469587966,0.0021255722694571615,pixel_reliability=0 AND MODLAND_QA(bits0-1)=0 AND VI range -2000..10000,MOD13Q1 V061 Terra 250m 16-day
SO1202,Berbera,SO12,Woqooyi Galbeed,2018-05-25,0.12320433247447277,0.1194,0.09245714285714286,0.0886,0.8566873773708306,10479,0.03711576193590582,0.003515369522563767,pixel_reliability=0 AND MODLAND_QA(bits0-1)=0 AND VI range -2000..10000,MOD13Q1 V061 Terra 250m 16-day
SO1202,Berbera,SO12,Woqooyi Galbeed,2018-06-10,0.11016874299798342,0.1085,0.08347462469191126,0.0818,0.7297253106605625,8926,0.08412361020274689,0.013243950294310006,pixel_reliability=0 AND MODLAND_QA(bits0-1)=0 AND VI range -2000..10000,MOD13Q1 V061 Terra 250m 16-day
SO1202,Berbera,SO12,Woqooyi Galbeed,2018-06-26,0.10811896790808243,0.1067,0.08119220483359746,0.0796,0.8253760627861347,10096,0.04422825376062786,0.012589928057553957,pixel_reliability=0 AND MODLAND_QA(bits0-1)=0 AND VI range -2000..10000,MOD13Q1 V061 Terra 250m 16-day
SO1202,Berbera,SO12,Woqooyi Galbeed,2018-07-12,0.0973902841032314,0.0961,0.07284930600737367,0.0717,0.7539241334205363,9222,0.07815565729234794,0.017413342053629825,pixel_reliability=0 AND MODLAND_QA(bits0-1)=0 AND VI range -2000..10000,MOD13Q1 V061 Terra 250m 16-day
SO1202,Berbera,SO12,Woqooyi Galbeed,2018-07-28,0.10110833242802825,0.10010000000000001,0.07549338403041825,0.0745,0.7525343361674297,9205,0.07930019620667103,0.008175277959450621,pixel_reliability=0 AND MODLAND_QA(bits0-1)=0 AND VI range -2000..10000,MOD13Q1 V061 Terra 250m 16-day
SO1202,Berbera,SO12,Woqooyi Galbeed,2018-08-13,0.1027991711311028,0.1019,0.07609954513292227,0.0752,0.80878024852845,9893,0.04439175931981688,0.008257030739045127,pixel_reliability=0 AND MODLAND_QA(bits0-1)=0 AND VI range -2000..10000,MOD13Q1 V061 Terra 250m 16-day
SO1202,Berbera,SO12,Woqooyi Galbeed,2018-08-29,0.10750068306010929,0.10690000000000001,0.0791698816029144,0.078,0.8976455199476783,10980,0.017331589274035317,0.002697841726618705,pixel_reliability=0 AND MODLAND_QA(bits0-1)=0 AND VI range -2000..10000,MOD13Q1 V061 Terra 250m 16-day
SO1202,Berbera,SO12,Woqooyi Galbeed,2018-09-14,0.10957560243702828,0.10790000000000001,0.08132919887241975,0.0794,0.8990353172007848,10997,0.016677567037279267,0.0004905166775670373,pixel_reliability=0 AND MODLAND_QA(bits0-1)=0 AND VI range -2000..10000,MOD13Q1 V061 Terra 250m 16-day
SO1202,Berbera,SO12,Woqooyi Galbeed,2018-09-30,0.11253962613362947,0.1105,0.08144993522117343,0.0801,0.8834205362982341,10806,0.019784172661870502,0.00040876389797253105,pixel_reliability=0 AND MODLAND_QA(bits0-1)=0 AND VI range -2000..10000,MOD13Q1 V061 Terra 250m 16-day
SO1202,Berbera,SO12,Woqooyi Galbeed,2018-10-16,0.11705045346577415,0.113,0.08419757071906715,0.081,0.7571942446043165,9262,0.052567037279267495,0.0036788750817527797,pixel_reliability=0 AND MODLAND_QA(bits0-1)=0 AND VI range -2000..10000,MOD13Q1 V061 Terra 250m 16-day
SO1202,Berbera,SO12,Woqooyi Galbeed,2018-11-01,0.12401519024970274,0.1206,0.09060608402695204,0.08750000000000001,0.8250490516677567,10092,0.032210595160235445,0.0008175277959450621,pixel_reliability=0 AND MODLAND_QA(bits0-1)=0 AND VI range -2000..10000,MOD13Q1 V061 Terra 250m 16-day
SO1202,Berbera,SO12,Woqooyi Galbeed,2018-11-17,0.12622949061662198,0.1223,0.09041856568364612,0.08800000000000001,0.6098757357750163,7460,0.040549378678875085,0.0004905166775670373,pixel_reliability=0 AND MODLAND_QA(bits0-1)=0 AND VI range -2000..10000,MOD13Q1 V061 Terra 250m 16-day
SO1202,Berbera,SO12,Woqooyi Galbeed,2018-12-03,0.12465120053784096,0.1213,0.08828913753361506,0.0857,0.8512099411379986,10412,0.022482014388489208,0.0003270111183780249,pixel_reliability=0 AND MODLAND_QA(bits0-1)=0 AND VI range -2000..10000,MOD13Q1 V061 Terra 250m 16-day
SO1202,Berbera,SO12,Woqooyi Galbeed,2018-12-19,0.12277218342337594,0.1198,0.08757753327184083,0.0849,0.6204218443427076,7589,0.06254087638979726,0.00302485284499673,pixel_reliability=0 AND MODLAND_QA(bits0-1)=0 AND VI range -2000..10000,MOD13Q1 V061 Terra 250m 16-day
SO1203,Gebiley,SO12,Woqooyi Galbeed,2018-01-01,0.16737589123867072,0.1726,0.10457472306143002,0.111,0.9839476813317479,4965,0.002972651605231867,0.0,pixel_reliability=0 AND MODLAND_QA(bits0-1)=0 AND VI range -2000..10000,MOD13Q1 V061 Terra 250m 16-day
SO1203,Gebiley,SO12,Woqooyi Galbeed,2018-01-17,0.15994172939979653,0.1648,0.10076177009155646,0.10700000000000001,0.9740388426476417,4915,0.0077288941736028535,0.0,pixel_reliability=0 AND MODLAND_QA(bits0-1)=0 AND VI range -2000..10000,MOD13Q1 V061 Terra 250m 16-day
SO1203,Gebiley,SO12,Woqooyi Galbeed,2018-02-02,0.15643009728012705,0.15940000000000001,0.09883283700615446,0.1041,0.9982164090368609,5037,0.0,0.0,pixel_reliability=0 AND MODLAND_QA(bits0-1)=0 AND VI range -2000..10000,MOD13Q1 V061 Terra 250m 16-day
SO1203,Gebiley,SO12,Woqooyi Galbeed,2018-02-18,0.15230356668143555,0.1542,0.09846772264067345,0.10455,0.8945699564011098,4514,0.0007927070947284979,0.0,pixel_reliability=0 AND MODLAND_QA(bits0-1)=0 AND VI range -2000..10000,MOD13Q1 V061 Terra 250m 16-day
SO1203,Gebiley,SO12,Woqooyi Galbeed,2018-03-06,0.1531988397679536,0.158,0.10101928385677135,0.1076,0.9906856916369402,4999,0.0007927070947284979,0.0,pixel_reliability=0 AND MODLAND_QA(bits0-1)=0 AND VI range -2000..10000,MOD13Q1 V061 Terra 250m 16-day
SO1203,Gebiley,SO12,Woqooyi Galbeed,2018-03-22,0.15795415521251852,0.1625,0.1024316557411715,0.1071,0.9371779627427665,4729,0.0031708283789139914,0.0,pixel_reliability=0 AND MODLAND_QA(bits0-1)=0 AND VI range -2000..10000,MOD13Q1 V061 Terra 250m 16-day
SO1203,Gebiley,SO12,Woqooyi Galbeed,2018-04-07,0.21399308283518365,0.2134,0.14621746370623398,0.14765,0.4641300039635355,2342,0.229290527150218,0.02318668252080856,pixel_reliability=0 AND MODLAND_QA(bits0-1)=0 AND VI range -2000..10000,MOD13Q1 V061 Terra 250m 16-day
SO1203,Gebiley,SO12,Woqooyi Galbeed,2018-04-23,0.2318391212056888,0.226,0.16342078115049885,0.15910000000000002,0.9336107808164883,4711,0.029528339278636545,0.0,pixel_reliability=0 AND MODLAND_QA(bits0-1)=0 AND VI range -2000..10000,MOD13Q1 V061 Terra 250m 16-day
SO1203,Gebiley,SO12,Woqooyi Galbeed,2018-05-09,0.22921345903771134,0.22110000000000002,0.1506518638925011,0.1453,0.9143876337693222,4614,0.01605231866825208,0.0,pixel_reliability=0 AND MODLAND_QA(bits0-1)=0 AND VI range -2000..10000,MOD13Q1 V061 Terra 250m 16-day
SO1203,Gebiley,SO12,Woqooyi Galbeed,2018-05-25,0.2588818705035972,0.24780000000000002,0.18254345323741006,0.1756,0.8263971462544589,4170,0.046175188267935,0.0,pixel_reliability=0 AND MODLAND_QA(bits0-1)=0 AND VI range -2000..10000,MOD13Q1 V061 Terra 250m 16-day
SO1203,Gebiley,SO12,Woqooyi Galbeed,2018-06-10,0.23420328546562236,0.22660000000000002,0.16084434290687558,0.15765,0.9108204518430439,4596,0.030915576694411414,0.0,pixel_reliability=0 AND MODLAND_QA(bits0-1)=0 AND VI range -2000..10000,MOD13Q1 V061 Terra 250m 16-day
SO1203,Gebiley,SO12,Woqooyi Galbeed,2018-06-26,0.2052885889989751,0.20650000000000002,0.1418047488896481,0.1432,0.5800634165675783,2927,0.21026555687673404,0.0,pixel_reliability=0 AND MODLAND_QA(bits0-1)=0 AND VI range -2000..10000,MOD13Q1 V061 Terra 250m 16-day
SO1203,Gebiley,SO12,Woqooyi Galbeed,2018-07-12,0.22312627425890383,0.22,0.15073721475794413,0.15330000000000002,0.9292508917954816,4689,0.02100673801030519,0.0,pixel_reliability=0 AND MODLAND_QA(bits0-1)=0 AND VI range -2000..10000,MOD13Q1 V061 Terra 250m 16-day
SO1203,Gebiley,SO12,Woqooyi Galbeed,2018-07-28,0.23013454499237418,0.22690000000000002,0.15874161159125574,0.1583,0.7796274276654777,3934,0.06460562822037257,0.0,pixel_reliability=0 AND MODLAND_QA(bits0-1)=0 AND VI range -2000..10000,MOD13Q1 V061 Terra 250m 16-day
SO1203,Gebiley,SO12,Woqooyi Galbeed,2018-08-13,0.25144552191403774,0.24100000000000002,0.16613294516197336,0.16390000000000002,0.9359889021006738,4723,0.015259611573523584,0.0,pixel_reliability=0 AND MODLAND_QA(bits0-1)=0 AND VI range -2000..10000,MOD13Q1 V061 Terra 250m 16-day
SO1203,Gebiley,SO12,Woqooyi Galbeed,2018-08-29,0.24506966076381484,0.2364,0.1626157670151483,0.1592,0.9288545382481174,4687,0.006143479984145858,0.0,pixel_reliability=0 AND MODLAND_QA(bits0-1)=0 AND VI range -2000..10000,MOD13Q1 V061 Terra 250m 16-day
SO1203,Gebiley,SO12,Woqooyi Galbeed,2018-09-14,0.23896493401015229,0.2354,0.15790921827411167,0.15660000000000002,0.976020610384463,4925,0.004359889021006738,0.0,pixel_reliability=0 AND MODLAND_QA(bits0-1)=0 AND VI range -2000..10000,MOD13Q1 V061 Terra 250m 16-day
SO1203,Gebiley,SO12,Woqooyi Galbeed,2018-09-30,0.21320112336601305,0.2155,0.1408543913398693,0.1438,0.9702734839476813,4896,0.005152596115735236,0.0,pixel_reliability=0 AND MODLAND_QA(bits0-1)=0 AND VI range -2000..10000,MOD13Q1 V061 Terra 250m 16-day
SO1203,Gebiley,SO12,Woqooyi Galbeed,2018-10-16,0.22894048573975043,0.229,0.14591274509803923,0.14800000000000002,0.8894173602853745,4488,0.027744748315497423,0.0,pixel_reliability=0 AND MODLAND_QA(bits0-1)=0 AND VI range -2000..10000,MOD13Q1 V061 Terra 250m 16-day
SO1203,Gebiley,SO12,Woqooyi Galbeed,2018-11-01,0.23159379591836735,0.229,0.1503757755102041,0.1511,0.9710661910424099,4900,0.006738010305192232,0.0,pixel_reliability=0 AND MODLAND_QA(bits0-1)=0 AND VI range -2000..10000,MOD13Q1 V061 Terra 250m 16-day
SO1203,Gebiley,SO12,Woqooyi Galbeed,2018-11-17,0.21418173965447976,0.21025,0.1319639614302933,0.131,0.9865239793896156,4978,0.002179944510503369,0.0,pixel_reliability=0 AND MODLAND_QA(bits0-1)=0 AND VI range -2000..10000,MOD13Q1 V061 Terra 250m 16-day
SO1203,Gebiley,SO12,Woqooyi Galbeed,2018-12-03,0.20242901002506267,0.201,0.12414060150375938,0.1233,0.9488703923900119,4788,0.009710661910424098,0.0,pixel_reliability=0 AND MODLAND_QA(bits0-1)=0 AND VI range -2000..10000,MOD13Q1 V061 Terra 250m 16-day
SO1203,Gebiley,SO12,Woqooyi Galbeed,2018-12-19,0.20021364232619152,0.198,0.11676372977700045,0.1177,0.9064605628220372,4574,0.03983353151010702,0.00019817677368212446,pixel_reliability=0 AND MODLAND_QA(bits0-1)=0 AND VI range -2000..10000,MOD13Q1 V061 Terra 250m 16-day
SO1301,Burco,SO13,Togdheer,2018-01-01,0.17641523355984803,0.1741,0.11287570228476644,0.1109,0.9962153518123668,18689,0.0006929637526652452,0.0,pixel_reliability=0 AND MODLAND_QA(bits0-1)=0 AND VI range -2000..10000,MOD13Q1 V061 Terra 250m 16-day
SO1301,Burco,SO13,Togdheer,2018-01-17,0.17007964705882356,0.168,0.10806179144385027,0.1072,0.9968017057569296,18700,0.00042643923240938164,0.0,pixel_reliability=0 AND MODLAND_QA(bits0-1)=0 AND VI range -2000..10000,MOD13Q1 V061 Terra 250m 16-day
SO1301,Burco,SO13,Togdheer,2018-02-02,0.16283776438356165,0.1607,0.10444117808219178,0.1043,0.9728144989339019,18250,0.002345415778251599,0.0,pixel_reliability=0 AND MODLAND_QA(bits0-1)=0 AND VI range -2000..10000,MOD13Q1 V061 Terra 250m 16-day
SO1301,Burco,SO13,Togdheer,2018-02-18,0.16281976601314174,0.16110000000000002,0.10339703509802875,0.1038,0.997814498933902,18719,0.00015991471215351814,0.0,pixel_reliability=0 AND MODLAND_QA(bits0-1)=0 AND VI range -2000..10000,MOD13Q1 V061 Terra 250m 16-day
SO1301,Burco,SO13,Togdheer,2018-03-06,0.16321031979160897,0.16060000000000002,0.10299502854292523,0.1027,0.9617803837953092,18043,0.004850746268656716,0.0,pixel_reliability=0 AND MODLAND_QA(bits0-1)=0 AND VI range -2000..10000,MOD13Q1 V061 Terra 250m 16-day
SO1301,Burco,SO13,Togdheer,2018-03-22,0.16680436746158508,0.1627,0.10429007545299333,0.10400000000000001,0.9678571428571429,18157,0.003784648187633262,0.0,pixel_reliability=0 AND MODLAND_QA(bits0-1)=0 AND VI range -2000..10000,MOD13Q1 V061 Terra 250m 16-day
SO1301,Burco,SO13,Togdheer,2018-04-07,0.18230884975233902,0.1757,0.11837293340671437,0.1143,0.48427505330490406,9085,0.1880597014925373,0.0226545842217484,pixel_reliability=0 AND MODLAND_QA(bits0-1)=0 AND VI range -2000..10000,MOD13Q1 V061 Terra 250m 16-day
SO1301,Burco,SO13,Togdheer,2018-04-23,0.2176197229013855,0.203,0.13928027709861449,0.1316,0.5886460554371002,11043,0.12531982942430703,0.0010660980810234541,pixel_reliability=0 AND MODLAND_QA(bits0-1)=0 AND VI range -2000..10000,MOD13Q1 V061 Terra 250m 16-day
SO1301,Burco,SO13,Togdheer,2018-05-09,0.2126978673357378,0.198,0.1405889132821076,0.13290000000000002,0.33992537313432836,6377,0.3390724946695096,0.027505330490405117,pixel_reliability=0 AND MODLAND_QA(bits0-1)=0 AND VI range -2000..10000,MOD13Q1 V061 Terra 250m 16-day
SO1301,Burco,SO13,Togdheer,2018-05-25,0.20224875376609147,0.1918,0.13614363188167627,0.1293,0.5838486140724947,10953,0.33326226012793175,0.00042643923240938164,pixel_reliability=0 AND MODLAND_QA(bits0-1)=0 AND VI range -2000..10000,MOD13Q1 V061 Terra 250m 16-day
SO1301,Burco,SO13,Togdheer,2018-06-10,0.18428384043272483,0.1792,0.12642861167455488,0.1231,0.4730277185501066,8874,0.4197228144989339,0.0,pixel_reliability=0 AND MODLAND_QA(bits0-1)=0 AND VI range -2000..10000,MOD13Q1 V061 Terra 250m 16-day
SO1301,Burco,SO13,Togdheer,2018-06-26,0.18127268548916614,0.1744,0.1209654629021668,0.1182,0.4871002132196162,9138,0.25756929637526654,0.005490405117270789,pixel_reliability=0 AND MODLAND_QA(bits0-1)=0 AND VI range -2000..10000,MOD13Q1 V061 Terra 250m 16-day
SO1301,Burco,SO13,Togdheer,2018-07-12,0.17091463565891477,0.16855,0.1080062015503876,0.1073,0.6876332622601279,12900,0.14168443496801705,0.00037313432835820896,pixel_reliability=0 AND MODLAND_QA(bits0-1)=0 AND VI range -2000..10000,MOD13Q1 V061 Terra 250m 16-day
SO1301,Burco,SO13,Togdheer,2018-07-28,0.17077227438206552,0.1635,0.10921557769687681,0.10690000000000001,0.8345948827292111,15657,0.05383795309168443,0.0,pixel_reliability=0 AND MODLAND_QA(bits0-1)=0 AND VI range -2000..10000,MOD13Q1 V061 Terra 250m 16-day
SO1301,Burco,SO13,Togdheer,2018-08-13,0.14454386722606122,0.1426,0.09752612290227049,0.09570000000000001,0.4319829424307036,8104,0.4059701492537313,0.00010660980810234541,pixel_reliability=0 AND MODLAND_QA(bits0-1)=0 AND VI range -2000..10000,MOD13Q1 V061 Terra 250m 16-day
SO1301,Burco,SO13,Togdheer,2018-08-29,0.16292117302052786,0.1577,0.10459409579667645,0.1024,0.8179637526652452,15345,0.027078891257995737,0.0,pixel_reliability=0 AND MODLAND_QA(bits0-1)=0 AND VI range -2000..10000,MOD13Q1 V061 Terra 250m 16-day
SO1301,Burco,SO13,Togdheer,2018-09-14,0.17877999206259212,0.17300000000000001,0.11211417394262387,0.10890000000000001,0.9401918976545842,17638,0.0052238805970149255,0.0,pixel_reliability=0 AND MODLAND_QA(bits0-1)=0 AND VI range -2000..10000,MOD13Q1 V061 Terra 250m 16-day
SO1301,Burco,SO13,Togdheer,2018-09-30,0.17820085695979496,0.1633,0.1156632388274868,0.108,0.6655650319829425,12486,0.12739872068230276,0.0,pixel_reliability=0 AND MODLAND_QA(bits0-1)=0 AND VI range -2000..10000,MOD13Q1 V061 Terra 250m 16-day
SO1301,Burco,SO13,Togdheer,2018-10-16,0.21787292991625212,0.2024,0.13759336313834145,0.12990000000000002,0.8465351812366738,15881,0.03326226012793177,0.0,pixel_reliability=0 AND MODLAND_QA(bits0-1)=0 AND VI range -2000..10000,MOD13Q1 V061 Terra 250m 16-day
SO1301,Burco,SO13,Togdheer,2018-11-01,0.21990153111149488,0.2034,0.14259629885454442,0.1337,0.9260660980810235,17373,0.0015991471215351812,0.0,pixel_reliability=0 AND MODLAND_QA(bits0-1)=0 AND VI range -2000..10000,MOD13Q1 V061 Terra 250m 16-day
SO1301,Burco,SO13,Togdheer,2018-11-17,0.21309358254452107,0.19770000000000001,0.13714163324241938,0.1293,0.9967484008528784,18699,0.0005330490405117271,0.0,pixel_reliability=0 AND MODLAND_QA(bits0-1)=0 AND VI range -2000..10000,MOD13Q1 V061 Terra 250m 16-day
SO1301,Burco,SO13,Togdheer,2018-12-03,0.202109900990099,0.19160000000000002,0.12883755418785123,0.124,0.9960021321961621,18685,0.0005330490405117271,0.0,pixel_reliability=0 AND MODLAND_QA(bits0-1)=0 AND VI range -2000..10000,MOD13Q1 V061 Terra 250m 16-day
SO1301,Burco,SO13,Togdheer,2018-12-19,0.18817943114253577,0.1812,0.11584260003213884,0.1131,0.9951492537313433,18669,0.0004797441364605544,0.0,pixel_reliability=0 AND MODLAND_QA(bits0-1)=0 AND VI range -2000..10000,MOD13Q1 V061 Terra 250m 16-day
SO1302,Buuhoodle,SO13,Togdheer,2018-01-01,0.2000654334689851,0.19990000000000002,0.12574143544210137,0.1247,0.9952135493372607,8109,0.0003681885125184094,0.0,pixel_reliability=0 AND MODLAND_QA(bits0-1)=0 AND VI range -2000..10000,MOD13Q1 V061 Terra 250m 16-day
SO1302,Buuhoodle,SO13,Togdheer,2018-01-17,0.1900728813559322,0.1917,0.11923862687300417,0.11910000000000001,0.9992636229749632,8142,0.0,0.0,pixel_reliability=0 AND MODLAND_QA(bits0-1)=0 AND VI range -2000..10000,MOD13Q1 V061 Terra 250m 16-day
SO1302,Buuhoodle,SO13,Togdheer,2018-02-02,0.1805163544761659,0.1811,0.11627642423459503,0.1165,0.9500490918016691,7741,0.006013745704467354,0.0,pixel_reliability=0 AND MODLAND_QA(bits0-1)=0 AND VI range -2000..10000,MOD13Q1 V061 Terra 250m 16-day
SO1302,Buuhoodle,SO13,Togdheer,2018-02-18,0.18093472222222223,0.1827,0.11396198377581121,0.1148,0.9985272459499264,8136,0.0,0.0,pixel_reliability=0 AND MODLAND_QA(bits0-1)=0 AND VI range -2000..10000,MOD13Q1 V061 Terra 250m 16-day
SO1302,Buuhoodle,SO13,Togdheer,2018-03-06,0.17769850820487323,0.17915,0.11312046245648931,0.114,0.9872361315660285,8044,0.0011045655375552283,0.0,pixel_reliability=0 AND MODLAND_QA(bits0-1)=0 AND VI range -2000..10000,MOD13Q1 V061 Terra 250m 16-day
SO1302,Buuhoodle,SO13,Togdheer,2018-03-22,0.18489875900720576,0.1847,0.11834671737389912,0.117,0.9197349042709867,7494,0.008836524300441826,0.0,pixel_reliability=0 AND MODLAND_QA(bits0-1)=0 AND VI range -2000..10000,MOD13Q1 V061 Terra 250m 16-day
SO1302,Buuhoodle,SO13,Togdheer,2018-04-07,0.20356794027228814,0.19590000000000002,0.13437349582784366,0.131,0.5589101620029455,4554,0.2103583701521846,0.0006136475208640157,pixel_reliability=0 AND MODLAND_QA(bits0-1)=0 AND VI range -2000..10000,MOD13Q1 V061 Terra 250m 16-day
SO1302,Buuhoodle,SO13,Togdheer,2018-04-23,0.2757756237218814,0.26990000000000003,0.18679427402862986,0.18510000000000001,0.30007363770250367,2445,0.4540991654393716,0.001718213058419244,pixel_reliability=0 AND MODLAND_QA(bits0-1)=0 AND VI range -2000..10000,MOD13Q1 V061 Terra 250m 16-day
SO1302,Buuhoodle,SO13,Togdheer,2018-05-09,0.2893207911683533,0.2783,0.18974553817847287,0.1836,0.133406971035837,1087,0.375920471281296,0.16531664212076583,pixel_reliability=0 AND MODLAND_QA(bits0-1)=0 AND VI range -2000..10000,MOD13Q1 V061 Terra 250m 16-day
SO1302,Buuhoodle,SO13,Togdheer,2018-05-25,0.2279628656716418,0.2232,0.1661463880597015,0.163,0.20557191948944525,1675,0.7428816887579774,0.0011045655375552283,pixel_reliability=0 AND MODLAND_QA(bits0-1)=0 AND VI range -2000..10000,MOD13Q1 V061 Terra 250m 16-day
SO1302,Buuhoodle,SO13,Togdheer,2018-06-10,0.19206674191121145,0.18960000000000002,0.140695410082769,0.1393,0.16310751104565538,1329,0.7148993618065783,0.0,pixel_reliability=0 AND MODLAND_QA(bits0-1)=0 AND VI range -2000..10000,MOD13Q1 V061 Terra 250m 16-day
SO1302,Buuhoodle,SO13,Togdheer,2018-06-26,0.18394436654982474,0.1769,0.13033014521782674,0.1275,0.24509081983308786,1997,0.29933726067746685,0.17476681394207166,pixel_reliability=0 AND MODLAND_QA(bits0-1)=0 AND VI range -2000..10000,MOD13Q1 V061 Terra 250m 16-day
SO1302,Buuhoodle,SO13,Togdheer,2018-07-12,0.17281557426337943,0.1721,0.11378839446782922,0.1131,0.20409916543937162,1663,0.62346588119784,0.0006136475208640157,pixel_reliability=0 AND MODLAND_QA(bits0-1)=0 AND VI range -2000..10000,MOD13Q1 V061 Terra 250m 16-day
SO1302,Buuhoodle,SO13,Togdheer,2018-07-28,0.19889761385503527,0.2015,0.1278918922386145,0.1272,0.9566764850270005,7795,0.0062592047128129605,0.0,pixel_reliability=0 AND MODLAND_QA(bits0-1)=0 AND VI range -2000..10000,MOD13Q1 V061 Terra 250m 16-day
SO1302,Buuhoodle,SO13,Togdheer,2018-08-13,0.1622457312806158,0.15895,0.11396207137858644,0.11320000000000001,0.35076092292587135,2858,0.4317623956799215,0.000859106529209622,pixel_reliability=0 AND MODLAND_QA(bits0-1)=0 AND VI range -2000..10000,MOD13Q1 V061 Terra 250m 16-day
SO1302,Buuhoodle,SO13,Togdheer,2018-08-29,0.17695319185059424,0.17495,0.11880030560271647,0.1189,0.7228767795778105,5890,0.06332842415316642,0.0,pixel_reliability=0 AND MODLAND_QA(bits0-1)=0 AND VI range -2000..10000,MOD13Q1 V061 Terra 250m 16-day
SO1302,Buuhoodle,SO13,Togdheer,2018-09-14,0.18555095495495497,0.18280000000000002,0.12384007207207208,0.1227,0.6811487481590575,5550,0.09891998036327933,0.0,pixel_reliability=0 AND MODLAND_QA(bits0-1)=0 AND VI range -2000..10000,MOD13Q1 V061 Terra 250m 16-day
SO1302,Buuhoodle,SO13,Togdheer,2018-09-30,0.2673770355599867,0.267,0.17744802259887005,0.17880000000000001,0.3692930780559647,3009,0.21759941089837997,0.0,pixel_reliability=0 AND MODLAND_QA(bits0-1)=0 AND VI range -2000..10000,MOD13Q1 V061 Terra 250m 16-day
SO1302,Buuhoodle,SO13,Togdheer,2018-10-16,0.3092561737361999,0.30760000000000004,0.19462979372457875,0.1932,0.8448699067255768,6884,0.02110947471772214,0.0,pixel_reliability=0 AND MODLAND_QA(bits0-1)=0 AND VI range -2000..10000,MOD13Q1 V061 Terra 250m 16-day
SO1302,Buuhoodle,SO13,Togdheer,2018-11-01,0.29610083980947605,0.2952,0.19293058410629232,0.1922,0.9791359842906234,7978,0.0007363770250368188,0.0,pixel_reliability=0 AND MODLAND_QA(bits0-1)=0 AND VI range -2000..10000,MOD13Q1 V061 Terra 250m 16-day
SO1302,Buuhoodle,SO13,Togdheer,2018-11-17,0.2581249107252801,0.257,0.16444859007511392,0.1623,0.9966863033873343,8121,0.0,0.0,pixel_reliability=0 AND MODLAND_QA(bits0-1)=0 AND VI range -2000..10000,MOD13Q1 V061 Terra 250m 16-day
SO1302,Buuhoodle,SO13,Togdheer,2018-12-03,0.23069461557417448,0.2331,0.14336404632824054,0.1429,0.9960726558664703,8116,0.0,0.0,pixel_reliability=0 AND MODLAND_QA(bits0-1)=0 AND VI range -2000..10000,MOD13Q1 V061 Terra 250m 16-day
SO1302,Buuhoodle,SO13,Togdheer,2018-12-19,0.2095826543209877,0.21330000000000002,0.13199939506172842,0.1322,0.9941089837997055,8100,0.0004909180166912126,0.0,pixel_reliability=0 AND MODLAND_QA(bits0-1)=0 AND VI range -2000..10000,MOD13Q1 V061 Terra 250m 16-day
SO1303,Owdweyne,SO13,Togdheer,2018-01-01,0.15763751405499335,0.1496,0.10409289583972196,0.0999,0.9987748851454824,9783,0.0,0.0,pixel_reliability=0 AND MODLAND_QA(bits0-1)=0 AND VI range -2000..10000,MOD13Q1 V061 Terra 250m 16-day
SO1303,Owdweyne,SO13,Togdheer,2018-01-17,0.1524744911527053,0.1464,0.10034468650915414,0.0976,0.9981623277182236,9777,0.0,0.0,pixel_reliability=0 AND MODLAND_QA(bits0-1)=0 AND VI range -2000..10000,MOD13Q1 V061 Terra 250m 16-day
SO1303,Owdweyne,SO13,Togdheer,2018-02-02,0.14831446217189911,0.14500000000000002,0.09825382398353064,0.09630000000000001,0.9918325676365493,9715,0.00010209290454313425,0.0,pixel_reliability=0 AND MODLAND_QA(bits0-1)=0 AND VI range -2000..10000,MOD13Q1 V061 Terra 250m 16-day
SO1303,Owdweyne,SO13,Togdheer,2018-02-18,0.14697449313946345,0.1431,0.09717909072291625,0.0956,0.9970393057682491,9766,0.0,0.0,pixel_reliability=0 AND MODLAND_QA(bits0-1)=0 AND VI range -2000..10000,MOD13Q1 V061 Terra 250m 16-day
SO1303,Owdweyne,SO13,Togdheer,2018-03-06,0.15371642879145703,0.1474,0.10038796591025773,0.09820000000000001,0.9942827973455844,9739,0.0,0.0,pixel_reliability=0 AND MODLAND_QA(bits0-1)=0 AND VI range -2000..10000,MOD13Q1 V061 Terra 250m 16-day
SO1303,Owdweyne,SO13,Togdheer,2018-03-22,0.15982380170378735,0.1524,0.10392323719593555,0.10200000000000001,0.994691168963757,9743,0.0,0.0,pixel_reliability=0 AND MODLAND_QA(bits0-1)=0 AND VI range -2000..10000,MOD13Q1 V061 Terra 250m 16-day
SO1303,Owdweyne,SO13,Togdheer,2018-04-07,0.16676338204592903,0.15940000000000001,0.11166244258872653,0.10940000000000001,0.4890250127616131,4790,0.13251659009698827,0.01296579887697805,pixel_reliability=0 AND MODLAND_QA(bits0-1)=0 AND VI range -2000..10000,MOD13Q1 V061 Terra 250m 16-day
SO1303,Owdweyne,SO13,Togdheer,2018-04-23,0.18621613138686133,0.1701,0.12396169708029198,0.11595,0.5594691168963757,5480,0.22368555385400715,0.019908116385911178,pixel_reliability=0 AND MODLAND_QA(bits0-1)=0 AND VI range -2000..10000,MOD13Q1 V061 Terra 250m 16-day
SO1303,Owdweyne,SO13,Togdheer,2018-05-09,0.19838717910888168,0.1875,0.13331308645618176,0.1278,0.6919857069933639,6778,0.07697805002552323,0.0,pixel_reliability=0 AND MODLAND_QA(bits0-1)=0 AND VI range -2000..10000,MOD13Q1 V061 Terra 250m 16-day
SO1303,Owdweyne,SO13,Togdheer,2018-05-25,0.1911655752916225,0.1835,0.131710776776246,0.1277,0.7701888718734048,7544,0.09025012761613067,0.0,pixel_reliability=0 AND MODLAND_QA(bits0-1)=0 AND VI range -2000..10000,MOD13Q1 V061 Terra 250m 16-day
SO1303,Owdweyne,SO13,Togdheer,2018-06-10,0.16971015990954613,0.16570000000000001,0.11871715393312873,0.1164,0.6320571720265441,6191,0.22123532414497193,0.0,pixel_reliability=0 AND MODLAND_QA(bits0-1)=0 AND VI range -2000..10000,MOD13Q1 V061 Terra 250m 16-day
SO1303,Owdweyne,SO13,Togdheer,2018-06-26,0.17212528169014085,0.1676,0.11766100938967136,0.1155,0.4349157733537519,4260,0.222052067381317,0.0,pixel_reliability=0 AND MODLAND_QA(bits0-1)=0 AND VI range -2000..10000,MOD13Q1 V061 Terra 250m 16-day
SO1303,Owdweyne,SO13,Togdheer,2018-07-12,0.1600998678025852,0.15925,0.10519613689776733,0.1037,0.695048494129658,6808,0.11107708014293007,0.0,pixel_reliability=0 AND MODLAND_QA(bits0-1)=0 AND VI range -2000..10000,MOD13Q1 V061 Terra 250m 16-day
SO1303,Owdweyne,SO13,Togdheer,2018-07-28,0.15198488277149189,0.1497,0.10129128659745715,0.09910000000000001,0.87524247064829,8573,0.021031138335885657,0.0,pixel_reliability=0 AND MODLAND_QA(bits0-1)=0 AND VI range -2000..10000,MOD13Q1 V061 Terra 250m 16-day
SO1303,Owdweyne,SO13,Togdheer,2018-08-13,0.14743999442974517,0.1458,0.10046504665088427,0.0969,0.7331291475242471,7181,0.14589076059213885,0.0,pixel_reliability=0 AND MODLAND_QA(bits0-1)=0 AND VI range -2000..10000,MOD13Q1 V061 Terra 250m 16-day
SO1303,Owdweyne,SO13,Togdheer,2018-08-29,0.15951470417296293,0.1583,0.10653689410670697,0.1041,0.878305257784584,8603,0.0022460438999489536,0.0,pixel_reliability=0 AND MODLAND_QA(bits0-1)=0 AND VI range -2000..10000,MOD13Q1 V061 Terra 250m 16-day
SO1303,Owdweyne,SO13,Togdheer,2018-09-14,0.16541319207108685,0.1637,0.10904135338345866,0.1062,0.8961715160796324,8778,0.00010209290454313425,0.0,pixel_reliability=0 AND MODLAND_QA(bits0-1)=0 AND VI range -2000..10000,MOD13Q1 V061 Terra 250m 16-day
SO1303,Owdweyne,SO13,Togdheer,2018-09-30,0.1655130458163046,0.16090000000000002,0.11138446977844702,0.1086,0.9492598264420623,9298,0.0021439509954058193,0.0,pixel_reliability=0 AND MODLAND_QA(bits0-1)=0 AND VI range -2000..10000,MOD13Q1 V061 Terra 250m 16-day
SO1303,Owdweyne,SO13,Togdheer,2018-10-16,0.17784322312866752,0.17170000000000002,0.11566838414197797,0.1126,0.713323124042879,6987,0.03910158244002042,0.0,pixel_reliability=0 AND MODLAND_QA(bits0-1)=0 AND VI range -2000..10000,MOD13Q1 V061 Terra 250m 16-day
SO1303,Owdweyne,SO13,Togdheer,2018-11-01,0.1869881259402536,0.1781,0.12270766172361917,0.11810000000000001,0.9500765696784074,9306,0.0,0.0,pixel_reliability=0 AND MODLAND_QA(bits0-1)=0 AND VI range -2000..10000,MOD13Q1 V061 Terra 250m 16-day
SO1303,Owdweyne,SO13,Togdheer,2018-11-17,0.1813335450819672,0.1724,0.12075463114754098,0.1155,0.9964267483409903,9760,0.0,0.0,pixel_reliability=0 AND MODLAND_QA(bits0-1)=0 AND VI range -2000..10000,MOD13Q1 V061 Terra 250m 16-day
SO1303,Owdweyne,SO13,Togdheer,2018-12-03,0.17479482866043616,0.16735,0.11517936656282451,0.1105,0.9831546707503829,9630,0.0,0.0,pixel_reliability=0 AND MODLAND_QA(bits0-1)=0 AND VI range -2000..10000,MOD13Q1 V061 Terra 250m 16-day
SO1303,Owdweyne,SO13,Togdheer,2018-12-19,0.16509070173636084,0.1595,0.10651901777458134,0.1033,0.9936702399183257,9733,0.0,0.0,pixel_reliability=0 AND MODLAND_QA(bits0-1)=0 AND VI range -2000..10000,MOD13Q1 V061 Terra 250m 16-day
SO1304,Sheikh,SO13,Togdheer,2018-01-01,0.19417587896253602,0.1608,0.12147273775216139,0.1126,0.9956958393113343,3470,0.0,0.0,pixel_reliability=0 AND MODLAND_QA(bits0-1)=0 AND VI range -2000..10000,MOD13Q1 V061 Terra 250m 16-day
SO1304,Sheikh,SO13,Togdheer,2018-01-17,0.1829119815668203,0.15460000000000002,0.11182260944700462,0.1062,0.9962697274031563,3472,0.0,0.0,pixel_reliability=0 AND MODLAND_QA(bits0-1)=0 AND VI range -2000..10000,MOD13Q1 V061 Terra 250m 16-day
SO1304,Sheikh,SO13,Togdheer,2018-02-02,0.17292278664731497,0.1479,0.11004148040638607,0.1046,0.9885222381635581,3445,0.00028694404591104734,0.0,pixel_reliability=0 AND MODLAND_QA(bits0-1)=0 AND VI range -2000..10000,MOD13Q1 V061 Terra 250m 16-day
SO1304,Sheikh,SO13,Togdheer,2018-02-18,0.16434612220916567,0.1444,0.10279908930669801,0.10020000000000001,0.9767575322812052,3404,0.0014347202295552368,0.0,pixel_reliability=0 AND MODLAND_QA(bits0-1)=0 AND VI range -2000..10000,MOD13Q1 V061 Terra 250m 16-day
SO1304,Sheikh,SO13,Togdheer,2018-03-06,0.16170858789625359,0.14070000000000002,0.09943201729106628,0.09530000000000001,0.9956958393113343,3470,0.0,0.0,pixel_reliability=0 AND MODLAND_QA(bits0-1)=0 AND VI range -2000..10000,MOD13Q1 V061 Terra 250m 16-day
SO1304,Sheikh,SO13,Togdheer,2018-03-22,0.1626359557109557,0.1464,0.1064190268065268,0.10235,0.9847919655667144,3432,0.0005738880918220947,0.0,pixel_reliability=0 AND MODLAND_QA(bits0-1)=0 AND VI range -2000..10000,MOD13Q1 V061 Terra 250m 16-day
SO1304,Sheikh,SO13,Togdheer,2018-04-07,0.1701649685174585,0.15810000000000002,0.1189372066399542,0.11380000000000001,0.5012912482065998,1747,0.16757532281205165,0.015781922525107604,pixel_reliability=0 AND MODLAND_QA(bits0-1)=0 AND VI range -2000..10000,MOD13Q1 V061 Terra 250m 16-day
SO1304,Sheikh,SO13,Togdheer,2018-04-23,0.24018667434715826,0.19875,0.1571026113671275,0.13925,0.7472022955523673,2604,0.017503586800573886,0.0014347202295552368,pixel_reliability=0 AND MODLAND_QA(bits0-1)=0 AND VI range -2000..10000,MOD13Q1 V061 Terra 250m 16-day
SO1304,Sheikh,SO13,Togdheer,2018-05-09,0.2249292770543332,0.19920000000000002,0.15430673551863497,0.1416,0.6390243902439025,2227,0.1236728837876614,0.0,pixel_reliability=0 AND MODLAND_QA(bits0-1)=0 AND VI range -2000..10000,MOD13Q1 V061 Terra 250m 16-day
SO1304,Sheikh,SO13,Togdheer,2018-05-25,0.23505351624093346,0.2059,0.16189268369599494,0.14800000000000002,0.9098995695839311,3171,0.01606886657101865,0.0,pixel_reliability=0 AND MODLAND_QA(bits0-1)=0 AND VI range -2000..10000,MOD13Q1 V061 Terra 250m 16-day
SO1304,Sheikh,SO13,Togdheer,2018-06-10,0.1862988079470199,0.1812,0.13418724061810156,0.13140000000000002,0.6499282639885222,2265,0.17015781922525108,0.0,pixel_reliability=0 AND MODLAND_QA(bits0-1)=0 AND VI range -2000..10000,MOD13Q1 V061 Terra 250m 16-day
SO1304,Sheikh,SO13,Togdheer,2018-06-26,0.18605089617855933,0.17300000000000001,0.12791910720324653,0.12350000000000001,0.848493543758967,2957,0.042467718794835005,0.0,pixel_reliability=0 AND MODLAND_QA(bits0-1)=0 AND VI range -2000..10000,MOD13Q1 V061 Terra 250m 16-day
SO1304,Sheikh,SO13,Togdheer,2018-07-12,0.1483622194513716,0.1472,0.10495885286783042,0.10375000000000001,0.69038737446198,2406,0.1509325681492109,0.0,pixel_reliability=0 AND MODLAND_QA(bits0-1)=0 AND VI range -2000..10000,MOD13Q1 V061 Terra 250m 16-day
SO1304,Sheikh,SO13,Togdheer,2018-07-28,0.14724149659863947,0.1457,0.10433301320528211,0.1032,0.7170731707317073,2499,0.13744619799139168,0.0,pixel_reliability=0 AND MODLAND_QA(bits0-1)=0 AND VI range -2000..10000,MOD13Q1 V061 Terra 250m 16-day
SO1304,Sheikh,SO13,Togdheer,2018-08-13,0.1499108108108108,0.1466,0.10522621621621622,0.1037,0.7431850789096126,2590,0.11162123385939741,0.0,pixel_reliability=0 AND MODLAND_QA(bits0-1)=0 AND VI range -2000..10000,MOD13Q1 V061 Terra 250m 16-day
SO1304,Sheikh,SO13,Togdheer,2018-08-29,0.17242856729377715,0.15810000000000002,0.11402248914616499,0.1106,0.9913916786226685,3455,0.0,0.0,pixel_reliability=0 AND MODLAND_QA(bits0-1)=0 AND VI range -2000..10000,MOD13Q1 V061 Terra 250m 16-day
SO1304,Sheikh,SO13,Togdheer,2018-09-14,0.19802295229522954,0.1703,0.13015688568856887,0.1208,0.9563845050215208,3333,0.0014347202295552368,0.0,pixel_reliability=0 AND MODLAND_QA(bits0-1)=0 AND VI range -2000..10000,MOD13Q1 V061 Terra 250m 16-day
SO1304,Sheikh,SO13,Togdheer,2018-09-30,0.21854216972878393,0.18050000000000002,0.13626471274424032,0.12510000000000002,0.9839311334289813,3429,0.0031563845050215206,0.0,pixel_reliability=0 AND MODLAND_QA(bits0-1)=0 AND VI range -2000..10000,MOD13Q1 V061 Terra 250m 16-day
SO1304,Sheikh,SO13,Togdheer,2018-10-16,0.2349145618127291,0.1943,0.14305728090636455,0.1295,0.861119081779053,3001,0.020946915351506456,0.0,pixel_reliability=0 AND MODLAND_QA(bits0-1)=0 AND VI range -2000..10000,MOD13Q1 V061 Terra 250m 16-day
SO1304,Sheikh,SO13,Togdheer,2018-11-01,0.25906117576842735,0.2101,0.15720799761265297,0.1411,0.9615494978479197,3351,0.003443328550932568,0.0,pixel_reliability=0 AND MODLAND_QA(bits0-1)=0 AND VI range -2000..10000,MOD13Q1 V061 Terra 250m 16-day
SO1304,Sheikh,SO13,Togdheer,2018-11-17,0.24142403405370008,0.2016,0.15495507531106748,0.1385,0.8763271162123386,3054,0.0,0.0,pixel_reliability=0 AND MODLAND_QA(bits0-1)=0 AND VI range -2000..10000,MOD13Q1 V061 Terra 250m 16-day
SO1304,Sheikh,SO13,Togdheer,2018-12-03,0.24300314574314577,0.19970000000000002,0.14987743145743146,0.1378,0.994261119081779,3465,0.0,0.0,pixel_reliability=0 AND MODLAND_QA(bits0-1)=0 AND VI range -2000..10000,MOD13Q1 V061 Terra 250m 16-day
SO1304,Sheikh,SO13,Togdheer,2018-12-19,0.21266479497598817,0.1829,0.13557591429626895,0.12480000000000001,0.7767575322812051,2707,0.0,0.0,pixel_reliability=0 AND MODLAND_QA(bits0-1)=0 AND VI range -2000..10000,MOD13Q1 V061 Terra 250m 16-day
SO1401,Laas Caanood,SO14,Sool,2018-01-01,0.1512123761179599,0.1396,0.11034430746918057,0.10790000000000001,0.9230254350736279,12411,0.0,0.0,pixel_reliability=0 AND MODLAND_QA(bits0-1)=0 AND VI range -2000..10000,MOD13Q1 V061 Terra 250m 16-day
SO1401,Laas Caanood,SO14,Sool,2018-01-17,0.14461442227448598,0.1363,0.10488591153933693,0.10360000000000001,0.9802915365164361,13181,0.0,0.0,pixel_reliability=0 AND MODLAND_QA(bits0-1)=0 AND VI range -2000..10000,MOD13Q1 V061 Terra 250m 16-day
SO1401,Laas Caanood,SO14,Sool,2018-02-02,0.14022037866289577,0.134,0.10417337575614738,0.1033,0.9466755912539045,12729,0.0,0.0,pixel_reliability=0 AND MODLAND_QA(bits0-1)=0 AND VI range -2000..10000,MOD13Q1 V061 Terra 250m 16-day
SO1401,Laas Caanood,SO14,Sool,2018-02-18,0.13800729848333204,0.1325,0.10039188544152744,0.0998,0.9660121969358917,12989,0.0,0.0,pixel_reliability=0 AND MODLAND_QA(bits0-1)=0 AND VI range -2000..10000,MOD13Q1 V061 Terra 250m 16-day
SO1401,Laas Caanood,SO14,Sool,2018-03-06,0.13818498387839706,0.1333,0.10272607861200676,0.1024,0.9687639446675591,13026,0.0,0.0,pixel_reliability=0 AND MODLAND_QA(bits0-1)=0 AND VI range -2000..10000,MOD13Q1 V061 Terra 250m 16-day
SO1401,Laas Caanood,SO14,Sool,2018-03-22,0.13490415868364705,0.12510000000000002,0.10298009692325032,0.0998,0.6598988546779712,8873,0.0,0.0,pixel_reliability=0 AND MODLAND_QA(bits0-1)=0 AND VI range -2000..10000,MOD13Q1 V061 Terra 250m 16-day
SO1401,Laas Caanood,SO14,Sool,2018-04-07,0.15018206000348858,0.1428,0.11181816675388105,0.10740000000000001,0.8527443105756358,11466,0.03540086271009966,0.0,pixel_reliability=0 AND MODLAND_QA(bits0-1)=0 AND VI range -2000..10000,MOD13Q1 V061 Terra 250m 16-day
SO1401,Laas Caanood,SO14,Sool,2018-04-23,0.1775493384009009,0.16465000000000002,0.13246631475225226,0.1241,0.5283355644801427,7104,0.16793098319202737,0.0,pixel_reliability=0 AND MODLAND_QA(bits0-1)=0 AND VI range -2000..10000,MOD13Q1 V061 Terra 250m 16-day
SO1401,Laas Caanood,SO14,Sool,2018-05-09,0.18420550538887273,0.17830000000000001,0.13910119429070786,0.1341,0.2553175665625465,3433,0.30626208537855126,0.08403986315632903,pixel_reliability=0 AND MODLAND_QA(bits0-1)=0 AND VI range -2000..10000,MOD13Q1 V061 Terra 250m 16-day
SO1401,Laas Caanood,SO14,Sool,2018-05-25,0.163906284885019,0.1582,0.12651820718910473,0.1217,0.6662204373047746,8958,0.19470474490554812,0.00022311468094600624,pixel_reliability=0 AND MODLAND_QA(bits0-1)=0 AND VI range -2000..10000,MOD13Q1 V061 Terra 250m 16-day
SO1401,Laas Caanood,SO14,Sool,2018-06-10,0.14412810692200279,0.14115,0.11004202074606026,0.1076,0.7456492637215528,10026,0.10932619366354306,0.0,pixel_reliability=0 AND MODLAND_QA(bits0-1)=0 AND VI range -2000..10000,MOD13Q1 V061 Terra 250m 16-day
SO1401,Laas Caanood,SO14,Sool,2018-06-26,0.13652930121482712,0.1326,0.10504497975288132,0.1022,0.7162724973969954,9631,0.13134017551688235,0.015766770786851108,pixel_reliability=0 AND MODLAND_QA(bits0-1)=0 AND VI range -2000..10000,MOD13Q1 V061 Terra 250m 16-day
SO1401,Laas Caanood,SO14,Sool,2018-07-12,0.12420686768966627,0.1217,0.09537875308509498,0.09390000000000001,0.6930685705786107,9319,0.15878328127324112,0.0,pixel_reliability=0 AND MODLAND_QA(bits0-1)=0 AND VI range -2000..10000,MOD13Q1 V061 Terra 250m 16-day
SO1401,Laas Caanood,SO14,Sool,2018-07-28,0.13728521725919174,0.135,0.10102467335156488,0.10060000000000001,0.9790272199910754,13164,0.0009668302840993604,0.0,pixel_reliability=0 AND MODLAND_QA(bits0-1)=0 AND VI range -2000..10000,MOD13Q1 V061 Terra 250m 16-day
SO1401,Laas Caanood,SO14,Sool,2018-08-13,0.12907671435163823,0.1268,0.0979602676511306,0.0978,0.8058158560166593,10835,0.05905101889037632,0.0,pixel_reliability=0 AND MODLAND_QA(bits0-1)=0 AND VI range -2000..10000,MOD13Q1 V061 Terra 250m 16-day
SO1401,Laas Caanood,SO14,Sool,2018-08-29,0.13040986823122055,0.1272,0.10027175146676925,0.09960000000000001,0.7732411125985423,10397,0.0010412018444146958,0.0,pixel_reliability=0 AND MODLAND_QA(bits0-1)=0 AND VI range -2000..10000,MOD13Q1 V061 Terra 250m 16-day
SO1401,Laas Caanood,SO14,Sool,2018-09-14,0.13024528283611006,0.1272,0.09971221425803953,0.09860000000000001,0.7678119886955228,10324,0.005280380782388815,0.0,pixel_reliability=0 AND MODLAND_QA(bits0-1)=0 AND VI range -2000..10000,MOD13Q1 V061 Terra 250m 16-day
SO1401,Laas Caanood,SO14,Sool,2018-09-30,0.17099235087719297,0.15710000000000002,0.1294668538011696,0.1212,0.6358768406961178,8550,0.042763647181317865,0.0,pixel_reliability=0 AND MODLAND_QA(bits0-1)=0 AND VI range -2000..10000,MOD13Q1 V061 Terra 250m 16-day
SO1401,Laas Caanood,SO14,Sool,2018-10-16,0.18371059915337024,0.1736,0.1340843373493976,0.1282,0.9135802469135802,12284,0.003049233972928752,0.0,pixel_reliability=0 AND MODLAND_QA(bits0-1)=0 AND VI range -2000..10000,MOD13Q1 V061 Terra 250m 16-day
SO1401,Laas Caanood,SO14,Sool,2018-11-01,0.17324184865028813,0.16665000000000002,0.12563029269032455,0.12150000000000001,0.9808121374386435,13188,0.00022311468094600624,0.0,pixel_reliability=0 AND MODLAND_QA(bits0-1)=0 AND VI range -2000..10000,MOD13Q1 V061 Terra 250m 16-day
SO1401,Laas Caanood,SO14,Sool,2018-11-17,0.15851076840655137,0.1535,0.11408916271238329,0.11170000000000001,0.9717388070801726,13066,0.0,0.0,pixel_reliability=0 AND MODLAND_QA(bits0-1)=0 AND VI range -2000..10000,MOD13Q1 V061 Terra 250m 16-day
SO1401,Laas Caanood,SO14,Sool,2018-12-03,0.15095001535626534,0.1479,0.10842353347665849,0.10740000000000001,0.9686152015469285,13024,7.437156031533541e-05,0.0,pixel_reliability=0 AND MODLAND_QA(bits0-1)=0 AND VI range -2000..10000,MOD13Q1 V061 Terra 250m 16-day
SO1401,Laas Caanood,SO14,Sool,2018-12-19,0.14294693770720643,0.1403,0.10509792357354737,0.10450000000000001,0.8524468243343746,11462,0.0,0.0,pixel_reliability=0 AND MODLAND_QA(bits0-1)=0 AND VI range -2000..10000,MOD13Q1 V061 Terra 250m 16-day
SO1402,Caynabo,SO14,Sool,2018-01-01,0.14714503125673636,0.14815,0.1021496982108213,0.1028,0.9918751336326705,9278,0.0009621552277100705,0.0,pixel_reliability=0 AND MODLAND_QA(bits0-1)=0 AND VI range -2000..10000,MOD13Q1 V061 Terra 250m 16-day
SO1402,Caynabo,SO14,Sool,2018-01-17,0.142863830472103,0.14400000000000002,0.09904861587982833,0.1,0.9963651913619842,9320,0.0,0.0,pixel_reliability=0 AND MODLAND_QA(bits0-1)=0 AND VI range -2000..10000,MOD13Q1 V061 Terra 250m 16-day
SO1402,Caynabo,SO14,Sool,2018-02-02,0.13876278215790042,0.1401,0.09729626309536668,0.0983,0.9898439170408382,9259,0.00010690613641223006,0.0,pixel_reliability=0 AND MODLAND_QA(bits0-1)=0 AND VI range -2000..10000,MOD13Q1 V061 Terra 250m 16-day
SO1402,Caynabo,SO14,Sool,2018-02-18,0.13728657660555377,0.1391,0.09590080411707945,0.09720000000000001,0.9971135343168698,9327,0.00010690613641223006,0.0,pixel_reliability=0 AND MODLAND_QA(bits0-1)=0 AND VI range -2000..10000,MOD13Q1 V061 Terra 250m 16-day
SO1402,Caynabo,SO14,Sool,2018-03-06,0.13670689282627485,0.138,0.09580381374243734,0.0969,0.9895231986316014,9256,0.0014966859097712208,0.0,pixel_reliability=0 AND MODLAND_QA(bits0-1)=0 AND VI range -2000..10000,MOD13Q1 V061 Terra 250m 16-day
SO1402,Caynabo,SO14,Sool,2018-03-22,0.14192007950150407,0.14300000000000002,0.09772018693596907,0.0989,0.9950823177250374,9308,0.00021381227282446012,0.0,pixel_reliability=0 AND MODLAND_QA(bits0-1)=0 AND VI range -2000..10000,MOD13Q1 V061 Terra 250m 16-day
SO1402,Caynabo,SO14,Sool,2018-04-07,0.156910319884263,0.151,0.11145783636071373,0.1063,0.6650630746204832,6221,0.0750481077613855,0.00010690613641223006,pixel_reliability=0 AND MODLAND_QA(bits0-1)=0 AND VI range -2000..10000,MOD13Q1 V061 Terra 250m 16-day
SO1402,Caynabo,SO14,Sool,2018-04-23,0.19006110694183864,0.184,0.1290447842401501,0.12565,0.5698097070771863,5330,0.17190506735086594,0.00021381227282446012,pixel_reliability=0 AND MODLAND_QA(bits0-1)=0 AND VI range -2000..10000,MOD13Q1 V061 Terra 250m 16-day
SO1402,Caynabo,SO14,Sool,2018-05-09,0.2135482028241335,0.2026,0.14759189131365,0.14105,0.4996792815907633,4674,0.1867650203121659,0.015180671370536669,pixel_reliability=0 AND MODLAND_QA(bits0-1)=0 AND VI range -2000..10000,MOD13Q1 V061 Terra 250m 16-day
SO1402,Caynabo,SO14,Sool,2018-05-25,0.22083056768558953,0.2156,0.15653171209155245,0.1506,0.7099636519136199,6641,0.08274534958306606,0.00021381227282446012,pixel_reliability=0 AND MODLAND_QA(bits0-1)=0 AND VI range -2000..10000,MOD13Q1 V061 Terra 250m 16-day
SO1402,Caynabo,SO14,Sool,2018-06-10,0.2017988051470588,0.19920000000000002,0.14429213497899157,0.1411,0.8141971349155441,7616,0.05217019456916827,0.0,pixel_reliability=0 AND MODLAND_QA(bits0-1)=0 AND VI range -2000..10000,MOD13Q1 V061 Terra 250m 16-day
SO1402,Caynabo,SO14,Sool,2018-06-26,0.18533880099916736,0.1839,0.13227803497085763,0.1303,0.6419713491554415,6005,0.07034423775924738,0.0,pixel_reliability=0 AND MODLAND_QA(bits0-1)=0 AND VI range -2000..10000,MOD13Q1 V061 Terra 250m 16-day
SO1402,Caynabo,SO14,Sool,2018-07-12,0.1642628446447508,0.1637,0.11273588282078473,0.1121,0.8064998930938636,7544,0.06959589480436178,0.0,pixel_reliability=0 AND MODLAND_QA(bits0-1)=0 AND VI range -2000..10000,MOD13Q1 V061 Terra 250m 16-day
SO1402,Caynabo,SO14,Sool,2018-07-28,0.15600986151440696,0.15535,0.1114993522448068,0.1106,0.957237545435108,8954,0.008338678640153944,0.0,pixel_reliability=0 AND MODLAND_QA(bits0-1)=0 AND VI range -2000..10000,MOD13Q1 V061 Terra 250m 16-day
SO1402,Caynabo,SO14,Sool,2018-08-13,0.14385141035548688,0.1442,0.10362795595054097,0.1033,0.5533461620697028,5176,0.14432328415651058,0.0,pixel_reliability=0 AND MODLAND_QA(bits0-1)=0 AND VI range -2000..10000,MOD13Q1 V061 Terra 250m 16-day
SO1402,Caynabo,SO14,Sool,2018-08-29,0.14828240469208212,0.14850000000000002,0.10715257162192647,0.1066,0.9478298054308317,8866,0.001603592046183451,0.0,pixel_reliability=0 AND MODLAND_QA(bits0-1)=0 AND VI range -2000..10000,MOD13Q1 V061 Terra 250m 16-day
SO1402,Caynabo,SO14,Sool,2018-09-14,0.15211285587188614,0.15180000000000002,0.10816531361209965,0.10740000000000001,0.9612999786187727,8992,0.0012828736369467607,0.0,pixel_reliability=0 AND MODLAND_QA(bits0-1)=0 AND VI range -2000..10000,MOD13Q1 V061 Terra 250m 16-day
SO1402,Caynabo,SO14,Sool,2018-09-30,0.17021826437941476,0.1631,0.11764714934409688,0.11170000000000001,0.8475518494761599,7928,0.012508017960230917,0.0,pixel_reliability=0 AND MODLAND_QA(bits0-1)=0 AND VI range -2000..10000,MOD13Q1 V061 Terra 250m 16-day
SO1402,Caynabo,SO14,Sool,2018-10-16,0.19422358252076563,0.1869,0.13216406644998194,0.1265,0.8880692751763951,8307,0.008873209322215095,0.0,pixel_reliability=0 AND MODLAND_QA(bits0-1)=0 AND VI range -2000..10000,MOD13Q1 V061 Terra 250m 16-day
SO1402,Caynabo,SO14,Sool,2018-11-01,0.18952226277372264,0.18330000000000002,0.13240105065251054,0.1277,0.9666452854393842,9042,0.0028864656831302116,0.0,pixel_reliability=0 AND MODLAND_QA(bits0-1)=0 AND VI range -2000..10000,MOD13Q1 V061 Terra 250m 16-day
SO1402,Caynabo,SO14,Sool,2018-11-17,0.17716005185265205,0.1729,0.12348130063735553,0.12050000000000001,0.9896301047680137,9257,0.0010690613641223007,0.0,pixel_reliability=0 AND MODLAND_QA(bits0-1)=0 AND VI range -2000..10000,MOD13Q1 V061 Terra 250m 16-day
SO1402,Caynabo,SO14,Sool,2018-12-03,0.16893123590679696,0.1665,0.11601327177064318,0.1149,0.9956168484070985,9313,0.0007483429548856104,0.0,pixel_reliability=0 AND MODLAND_QA(bits0-1)=0 AND VI range -2000..10000,MOD13Q1 V061 Terra 250m 16-day
SO1402,Caynabo,SO14,Sool,2018-12-19,0.16032623340170574,0.1593,0.10972220662852207,0.10930000000000001,0.9902715415864871,9263,0.0,0.0,pixel_reliability=0 AND MODLAND_QA(bits0-1)=0 AND VI range -2000..10000,MOD13Q1 V061 Terra 250m 16-day
SO1403,Taleex,SO14,Sool,2018-01-01,0.12703998217292267,0.1257,0.09632876101812421,0.0941,0.9907761750564223,10097,0.0,0.0,pixel_reliability=0 AND MODLAND_QA(bits0-1)=0 AND VI range -2000..10000,MOD13Q1 V061 Terra 250m 16-day
SO1403,Taleex,SO14,Sool,2018-01-17,0.12461501838783422,0.1236,0.09448525991452142,0.092,0.9872436463546266,10061,0.0,0.0,pixel_reliability=0 AND MODLAND_QA(bits0-1)=0 AND VI range -2000..10000,MOD13Q1 V061 Terra 250m 16-day
SO1403,Taleex,SO14,Sool,2018-02-02,0.12486827333740086,0.1246,0.0960577384584096,0.0936,0.9649690903738593,9834,9.812579727210283e-05,0.0,pixel_reliability=0 AND MODLAND_QA(bits0-1)=0 AND VI range -2000..10000,MOD13Q1 V061 Terra 250m 16-day
SO1403,Taleex,SO14,Sool,2018-02-18,0.12209403665180783,0.1217,0.09285316493313522,0.0911,0.9905799234618782,10095,0.0,0.0,pixel_reliability=0 AND MODLAND_QA(bits0-1)=0 AND VI range -2000..10000,MOD13Q1 V061 Terra 250m 16-day
SO1403,Taleex,SO14,Sool,2018-03-06,0.12489874543119628,0.1246,0.09628536007112516,0.0942,0.993327445785497,10123,0.0,0.0,pixel_reliability=0 AND MODLAND_QA(bits0-1)=0 AND VI range -2000..10000,MOD13Q1 V061 Terra 250m 16-day
SO1403,Taleex,SO14,Sool,2018-03-22,0.12158712481051037,0.12140000000000001,0.09409404749873673,0.0918,0.9709547640074576,9895,0.0,0.0,pixel_reliability=0 AND MODLAND_QA(bits0-1)=0 AND VI range -2000..10000,MOD13Q1 V061 Terra 250m 16-day
SO1403,Taleex,SO14,Sool,2018-04-07,0.13090818970249204,0.1285,0.09923163903831377,0.09680000000000001,0.8938278873515847,9109,0.0029437739181630853,0.0,pixel_reliability=0 AND MODLAND_QA(bits0-1)=0 AND VI range -2000..10000,MOD13Q1 V061 Terra 250m 16-day
SO1403,Taleex,SO14,Sool,2018-04-23,0.1386976852352623,0.13490000000000002,0.10695487290427258,0.1032,0.9071729957805907,9245,0.00451378667451673,0.0,pixel_reliability=0 AND MODLAND_QA(bits0-1)=0 AND VI range -2000..10000,MOD13Q1 V061 Terra 250m 16-day
SO1403,Taleex,SO14,Sool,2018-05-09,0.13493614457831327,0.1318,0.10328563484708063,0.1005,0.10587773525659896,1079,0.4057501717201452,0.14983809243450102,pixel_reliability=0 AND MODLAND_QA(bits0-1)=0 AND VI range -2000..10000,MOD13Q1 V061 Terra 250m 16-day
SO1403,Taleex,SO14,Sool,2018-05-25,0.13237195690157252,0.1296,0.10359541351193943,0.09960000000000001,0.6739279756648022,6868,0.10303208713570798,0.002256893337258365,pixel_reliability=0 AND MODLAND_QA(bits0-1)=0 AND VI range -2000..10000,MOD13Q1 V061 Terra 250m 16-day
SO1403,Taleex,SO14,Sool,2018-06-10,0.12349563374311148,0.1223,0.09530418609580332,0.09290000000000001,0.9259150230595624,9436,0.0207045432244137,0.0,pixel_reliability=0 AND MODLAND_QA(bits0-1)=0 AND VI range -2000..10000,MOD13Q1 V061 Terra 250m 16-day
SO1403,Taleex,SO14,Sool,2018-06-26,0.12557744155560413,0.1237,0.09753626829801179,0.0945,0.8982435482288293,9154,0.011971347267196546,0.00019625159454420566,pixel_reliability=0 AND MODLAND_QA(bits0-1)=0 AND VI range -2000..10000,MOD13Q1 V061 Terra 250m 16-day
SO1403,Taleex,SO14,Sool,2018-07-12,0.11577101245832602,0.1126,0.08991712581154587,0.0889,0.5592189186537141,5699,0.22971249141399275,0.0063781768226866846,pixel_reliability=0 AND MODLAND_QA(bits0-1)=0 AND VI range -2000..10000,MOD13Q1 V061 Terra 250m 16-day
SO1403,Taleex,SO14,Sool,2018-07-28,0.12022619634928464,0.1183,0.09290535767143562,0.09040000000000001,0.9945049553527623,10135,0.0,0.0,pixel_reliability=0 AND MODLAND_QA(bits0-1)=0 AND VI range -2000..10000,MOD13Q1 V061 Terra 250m 16-day
SO1403,Taleex,SO14,Sool,2018-08-13,0.11755247984093671,0.1158,0.09097778636915939,0.0887,0.888332842704347,9053,0.010597586105387106,0.0,pixel_reliability=0 AND MODLAND_QA(bits0-1)=0 AND VI range -2000..10000,MOD13Q1 V061 Terra 250m 16-day
SO1403,Taleex,SO14,Sool,2018-08-29,0.11758392579541921,0.11610000000000001,0.09323506062804436,0.09040000000000001,0.9468158178785203,9649,0.00019625159454420566,0.0,pixel_reliability=0 AND MODLAND_QA(bits0-1)=0 AND VI range -2000..10000,MOD13Q1 V061 Terra 250m 16-day
SO1403,Taleex,SO14,Sool,2018-09-14,0.12094018797769056,0.1197,0.09409818219376162,0.09115000000000001,0.9500539691884996,9682,0.00029437739181630853,0.0,pixel_reliability=0 AND MODLAND_QA(bits0-1)=0 AND VI range -2000..10000,MOD13Q1 V061 Terra 250m 16-day
SO1403,Taleex,SO14,Sool,2018-09-30,0.1353878165567142,0.1316,0.1035013194296659,0.0994,0.9221862427632225,9398,0.004317535079972525,0.0,pixel_reliability=0 AND MODLAND_QA(bits0-1)=0 AND VI range -2000..10000,MOD13Q1 V061 Terra 250m 16-day
SO1403,Taleex,SO14,Sool,2018-10-16,0.14164511003757382,0.137,0.10881984970477726,0.10250000000000001,0.9140418015896379,9315,9.812579727210283e-05,0.0,pixel_reliability=0 AND MODLAND_QA(bits0-1)=0 AND VI range -2000..10000,MOD13Q1 V061 Terra 250m 16-day
SO1403,Taleex,SO14,Sool,2018-11-01,0.13529323211273195,0.1328,0.10376371936092091,0.09920000000000001,0.9888136591109803,10077,0.0,0.0,pixel_reliability=0 AND MODLAND_QA(bits0-1)=0 AND VI range -2000..10000,MOD13Q1 V061 Terra 250m 16-day
SO1403,Taleex,SO14,Sool,2018-11-17,0.13054476505360188,0.12890000000000001,0.09966335036569482,0.0961,0.9793935825728584,9981,0.0,0.0,pixel_reliability=0 AND MODLAND_QA(bits0-1)=0 AND VI range -2000..10000,MOD13Q1 V061 Terra 250m 16-day
SO1403,Taleex,SO14,Sool,2018-12-03,0.12836750273713543,0.1265,0.09736487508709069,0.0941,0.9858698851928172,10047,0.0,0.0,pixel_reliability=0 AND MODLAND_QA(bits0-1)=0 AND VI range -2000..10000,MOD13Q1 V061 Terra 250m 16-day
SO1403,Taleex,SO14,Sool,2018-12-19,0.124445800811739,0.1232,0.09586805078572173,0.0926,0.9428907859876362,9609,0.0,0.0,pixel_reliability=0 AND MODLAND_QA(bits0-1)=0 AND VI range -2000..10000,MOD13Q1 V061 Terra 250m 16-day
SO1404,Xudun,SO14,Sool,2018-01-01,0.12302484734617192,0.1184,0.09455782057303898,0.09140000000000001,0.9784906700983547,10645,0.0,0.0,pixel_reliability=0 AND MODLAND_QA(bits0-1)=0 AND VI range -2000..10000,MOD13Q1 V061 Terra 250m 16-day
SO1404,Xudun,SO14,Sool,2018-01-17,0.12034098041036116,0.116,0.09239496796954787,0.0896,0.9900726169684714,10771,0.0,0.0,pixel_reliability=0 AND MODLAND_QA(bits0-1)=0 AND VI range -2000..10000,MOD13Q1 V061 Terra 250m 16-day
SO1404,Xudun,SO14,Sool,2018-02-02,0.11803088652135667,0.11410000000000001,0.0925968331541394,0.0898,0.9404357018108283,10231,0.0,0.0,pixel_reliability=0 AND MODLAND_QA(bits0-1)=0 AND VI range -2000..10000,MOD13Q1 V061 Terra 250m 16-day
SO1404,Xudun,SO14,Sool,2018-02-18,0.11727377782004947,0.11370000000000001,0.09027440555449875,0.0879,0.9664491221619634,10514,0.0,0.0,pixel_reliability=0 AND MODLAND_QA(bits0-1)=0 AND VI range -2000..10000,MOD13Q1 V061 Terra 250m 16-day
SO1404,Xudun,SO14,Sool,2018-03-06,0.11947312947299937,0.1165,0.0934636490380147,0.09140000000000001,0.9889695744094126,10759,0.0,0.0,pixel_reliability=0 AND MODLAND_QA(bits0-1)=0 AND VI range -2000..10000,MOD13Q1 V061 Terra 250m 16-day
SO1404,Xudun,SO14,Sool,2018-03-22,0.11623700941435383,0.11380000000000001,0.0919930064800098,0.0893,0.7518154242117842,8179,0.0,0.0,pixel_reliability=0 AND MODLAND_QA(bits0-1)=0 AND VI range -2000..10000,MOD13Q1 V061 Terra 250m 16-day
SO1404,Xudun,SO14,Sool,2018-04-07,0.13403845491920838,0.1307,0.10151672244000386,0.0994,0.9613935104329442,10459,0.00367680853019579,0.0,pixel_reliability=0 AND MODLAND_QA(bits0-1)=0 AND VI range -2000..10000,MOD13Q1 V061 Terra 250m 16-day
SO1404,Xudun,SO14,Sool,2018-04-23,0.15662240917782028,0.1496,0.12087464627151052,0.1164,0.7211140729846494,7845,0.02150932990164537,0.0,pixel_reliability=0 AND MODLAND_QA(bits0-1)=0 AND VI range -2000..10000,MOD13Q1 V061 Terra 250m 16-day
SO1404,Xudun,SO14,Sool,2018-05-09,0.19217473508087005,0.1812,0.138271332961517,0.13520000000000001,0.16481294236602628,1793,0.38257192756687197,0.08484235683426786,pixel_reliability=0 AND MODLAND_QA(bits0-1)=0 AND VI range -2000..10000,MOD13Q1 V061 Terra 250m 16-day
SO1404,Xudun,SO14,Sool,2018-05-25,0.17399157986111113,0.16505,0.13570987413194446,0.1301,0.42356834267855503,4608,0.2730030333670374,9.192021325489476e-05,pixel_reliability=0 AND MODLAND_QA(bits0-1)=0 AND VI range -2000..10000,MOD13Q1 V061 Terra 250m 16-day
SO1404,Xudun,SO14,Sool,2018-06-10,0.14670851692307693,0.1437,0.11547943384615386,0.1134,0.7468517326960199,8125,0.07666145785458223,0.002298005331372369,pixel_reliability=0 AND MODLAND_QA(bits0-1)=0 AND VI range -2000..10000,MOD13Q1 V061 Terra 250m 16-day
SO1404,Xudun,SO14,Sool,2018-06-26,0.14637417522985396,0.1432,0.1147658599242834,0.1125,0.6798418972332015,7396,0.06351686735913227,0.001103042559058737,pixel_reliability=0 AND MODLAND_QA(bits0-1)=0 AND VI range -2000..10000,MOD13Q1 V061 Terra 250m 16-day
SO1404,Xudun,SO14,Sool,2018-07-12,0.13388461808809748,0.13295,0.1017693533270853,0.1009,0.7846309403437816,8536,0.07068664399301407,0.002573765971137053,pixel_reliability=0 AND MODLAND_QA(bits0-1)=0 AND VI range -2000..10000,MOD13Q1 V061 Terra 250m 16-day
SO1404,Xudun,SO14,Sool,2018-07-28,0.1342347549742078,0.1327,0.10419368091378041,0.1033,0.9978858350951374,10856,0.0,0.0,pixel_reliability=0 AND MODLAND_QA(bits0-1)=0 AND VI range -2000..10000,MOD13Q1 V061 Terra 250m 16-day
SO1404,Xudun,SO14,Sool,2018-08-13,0.1256392958670457,0.1246,0.09946610540126832,0.0993,0.4203511352146337,4573,0.34056439010938505,0.010295063884548213,pixel_reliability=0 AND MODLAND_QA(bits0-1)=0 AND VI range -2000..10000,MOD13Q1 V061 Terra 250m 16-day
SO1404,Xudun,SO14,Sool,2018-08-29,0.1262508216676811,0.12480000000000001,0.10182098803002639,0.1005,0.9061494622667524,9858,0.0,0.0,pixel_reliability=0 AND MODLAND_QA(bits0-1)=0 AND VI range -2000..10000,MOD13Q1 V061 Terra 250m 16-day
SO1404,Xudun,SO14,Sool,2018-09-14,0.12858655574043262,0.1269,0.10305486411536328,0.1019,0.8286607224928761,9015,0.0008272819192940528,0.0,pixel_reliability=0 AND MODLAND_QA(bits0-1)=0 AND VI range -2000..10000,MOD13Q1 V061 Terra 250m 16-day
SO1404,Xudun,SO14,Sool,2018-09-30,0.15773907100199072,0.1522,0.11756264100862641,0.11420000000000001,0.6926188068756319,7535,0.000735361706039158,0.0,pixel_reliability=0 AND MODLAND_QA(bits0-1)=0 AND VI range -2000..10000,MOD13Q1 V061 Terra 250m 16-day
SO1404,Xudun,SO14,Sool,2018-10-16,0.1597037417943107,0.1504,0.12118168490153172,0.1154,0.840150749149738,9140,0.0005515212795293685,0.0,pixel_reliability=0 AND MODLAND_QA(bits0-1)=0 AND VI range -2000..10000,MOD13Q1 V061 Terra 250m 16-day
SO1404,Xudun,SO14,Sool,2018-11-01,0.1504999627387052,0.1433,0.11480555193292968,0.1096,0.9867634892912952,10735,9.192021325489476e-05,0.0,pixel_reliability=0 AND MODLAND_QA(bits0-1)=0 AND VI range -2000..10000,MOD13Q1 V061 Terra 250m 16-day
SO1404,Xudun,SO14,Sool,2018-11-17,0.14086411837237978,0.1363,0.10757242720288343,0.1043,0.9691148083463553,10543,9.192021325489476e-05,0.0,pixel_reliability=0 AND MODLAND_QA(bits0-1)=0 AND VI range -2000..10000,MOD13Q1 V061 Terra 250m 16-day
SO1404,Xudun,SO14,Sool,2018-12-03,0.1360092043972424,0.1326,0.10318810322340229,0.10110000000000001,0.9866715690780402,10734,0.00027576063976468427,0.0,pixel_reliability=0 AND MODLAND_QA(bits0-1)=0 AND VI range -2000..10000,MOD13Q1 V061 Terra 250m 16-day
SO1404,Xudun,SO14,Sool,2018-12-19,0.13078685825322153,0.12805,0.10194444671712005,0.1003,0.8987958452063609,9778,0.0,0.0,pixel_reliability=0 AND MODLAND_QA(bits0-1)=0 AND VI range -2000..10000,MOD13Q1 V061 Terra 250m 16-day
SO1501,Ceerigaabo,SO15,Sanaag,2018-01-01,0.13147211680371076,0.12000000000000001,0.0940715264600464,0.0896,0.937660626029654,28458,0.005436573311367381,0.007281713344316309,pixel_reliability=0 AND MODLAND_QA(bits0-1)=0 AND VI range -2000..10000,MOD13Q1 V061 Terra 250m 16-day
SO1501,Ceerigaabo,SO15,Sanaag,2018-01-17,0.12923940107097787,0.1189,0.09291870800504792,0.08900000000000001,0.9660296540362439,29319,0.001383855024711697,9.884678747940691e-05,pixel_reliability=0 AND MODLAND_QA(bits0-1)=0 AND VI range -2000..10000,MOD13Q1 V061 Terra 250m 16-day
SO1501,Ceerigaabo,SO15,Sanaag,2018-02-02,0.12832070037581142,0.1193,0.09426181414417492,0.0902,0.9644151565074135,29270,0.0011532125205930808,6.589785831960461e-05,pixel_reliability=0 AND MODLAND_QA(bits0-1)=0 AND VI range -2000..10000,MOD13Q1 V061 Terra 250m 16-day
SO1501,Ceerigaabo,SO15,Sanaag,2018-02-18,0.12535727857041956,0.117,0.09145284644723832,0.0872,0.9329818780889622,28316,0.015255354200988468,0.00042833607907742996,pixel_reliability=0 AND MODLAND_QA(bits0-1)=0 AND VI range -2000..10000,MOD13Q1 V061 Terra 250m 16-day
SO1501,Ceerigaabo,SO15,Sanaag,2018-03-06,0.12732104134032554,0.1198,0.09507675202615269,0.091,0.9675782537067545,29366,0.003130148270181219,3.2948929159802305e-05,pixel_reliability=0 AND MODLAND_QA(bits0-1)=0 AND VI range -2000..10000,MOD13Q1 V061 Terra 250m 16-day
SO1501,Ceerigaabo,SO15,Sanaag,2018-03-22,0.12577321651630813,0.11760000000000001,0.09303986467730742,0.08900000000000001,0.9495881383855025,28820,0.004678747940691928,0.0005271828665568369,pixel_reliability=0 AND MODLAND_QA(bits0-1)=0 AND VI range -2000..10000,MOD13Q1 V061 Terra 250m 16-day
SO1501,Ceerigaabo,SO15,Sanaag,2018-04-07,0.13392606321839082,0.1231,0.09927885416666668,0.09230000000000001,0.9172981878088962,27840,0.019538714991762768,0.0005601317957166392,pixel_reliability=0 AND MODLAND_QA(bits0-1)=0 AND VI range -2000..10000,MOD13Q1 V061 Terra 250m 16-day
SO1501,Ceerigaabo,SO15,Sanaag,2018-04-23,0.1556643565739835,0.1343,0.11198534302081878,0.10260000000000001,0.9432619439868204,28628,0.0064909390444810545,0.00023064250411861613,pixel_reliability=0 AND MODLAND_QA(bits0-1)=0 AND VI range -2000..10000,MOD13Q1 V061 Terra 250m 16-day
SO1501,Ceerigaabo,SO15,Sanaag,2018-05-09,0.16549423204286834,0.1464,0.11936453729905475,0.10840000000000001,0.5472487644151565,16609,0.1754859967051071,0.013278418451400329,pixel_reliability=0 AND MODLAND_QA(bits0-1)=0 AND VI range -2000..10000,MOD13Q1 V061 Terra 250m 16-day
SO1501,Ceerigaabo,SO15,Sanaag,2018-05-25,0.16096748268261968,0.14135,0.1190111972607053,0.1076,0.837166392092257,25408,0.039077429983525536,0.0013179571663920922,pixel_reliability=0 AND MODLAND_QA(bits0-1)=0 AND VI range -2000..10000,MOD13Q1 V061 Terra 250m 16-day
SO1501,Ceerigaabo,SO15,Sanaag,2018-06-10,0.14645405807608655,0.1386,0.11011237074064181,0.1052,0.8634925864909391,26207,0.04085667215815486,0.001812191103789127,pixel_reliability=0 AND MODLAND_QA(bits0-1)=0 AND VI range -2000..10000,MOD13Q1 V061 Terra 250m 16-day
SO1501,Ceerigaabo,SO15,Sanaag,2018-06-26,0.14756327572663003,0.1331,0.10873983503534956,0.10110000000000001,0.8388797364085667,25460,0.016606260296540363,0.0011202635914332785,pixel_reliability=0 AND MODLAND_QA(bits0-1)=0 AND VI range -2000..10000,MOD13Q1 V061 Terra 250m 16-day
SO1501,Ceerigaabo,SO15,Sanaag,2018-07-12,0.12893751773374215,0.12480000000000001,0.09851074550363827,0.096,0.7199670510708402,21851,0.0699176276771005,0.0031630971993410213,pixel_reliability=0 AND MODLAND_QA(bits0-1)=0 AND VI range -2000..10000,MOD13Q1 V061 Terra 250m 16-day
SO1501,Ceerigaabo,SO15,Sanaag,2018-07-28,0.1274427256178674,0.1218,0.09788843730308759,0.09380000000000001,0.9412191103789127,28566,0.013772652388797364,0.0008237232289950577,pixel_reliability=0 AND MODLAND_QA(bits0-1)=0 AND VI range -2000..10000,MOD13Q1 V061 Terra 250m 16-day
SO1501,Ceerigaabo,SO15,Sanaag,2018-08-13,0.1275896377808345,0.1188,0.09637979659038806,0.0917,0.7904777594728172,23991,0.05390444810543658,0.0013509060955518945,pixel_reliability=0 AND MODLAND_QA(bits0-1)=0 AND VI range -2000..10000,MOD13Q1 V061 Terra 250m 16-day
SO1501,Ceerigaabo,SO15,Sanaag,2018-08-29,0.13085960691655033,0.1211,0.09827368703683814,0.09290000000000001,0.9203624382207578,27933,0.0026029654036243822,0.00019769357495881383,pixel_reliability=0 AND MODLAND_QA(bits0-1)=0 AND VI range -2000..10000,MOD13Q1 V061 Terra 250m 16-day
SO1501,Ceerigaabo,SO15,Sanaag,2018-09-14,0.13693351109652543,0.1233,0.10126944250728145,0.0951,0.8031960461285008,24377,0.0024382207578253707,0.0,pixel_reliability=0 AND MODLAND_QA(bits0-1)=0 AND VI range -2000..10000,MOD13Q1 V061 Terra 250m 16-day
SO1501,Ceerigaabo,SO15,Sanaag,2018-09-30,0.13961010578340413,0.1254,0.10123986820428336,0.0954,0.76,23066,0.0013179571663920922,0.0,pixel_reliability=0 AND MODLAND_QA(bits0-1)=0 AND VI range -2000..10000,MOD13Q1 V061 Terra 250m 16-day
SO1501,Ceerigaabo,SO15,Sanaag,2018-10-16,0.14937566469893743,0.1333,0.10651547107438018,0.0988,0.6976935749588138,21175,0.01644151565074135,6.589785831960461e-05,pixel_reliability=0 AND MODLAND_QA(bits0-1)=0 AND VI range -2000..10000,MOD13Q1 V061 Terra 250m 16-day
SO1501,Ceerigaabo,SO15,Sanaag,2018-11-01,0.14523326238870563,0.1293,0.10678130254336492,0.09770000000000001,0.9288632619439868,28191,0.007149917627677101,0.0,pixel_reliability=0 AND MODLAND_QA(bits0-1)=0 AND VI range -2000..10000,MOD13Q1 V061 Terra 250m 16-day
SO1501,Ceerigaabo,SO15,Sanaag,2018-11-17,0.14330625177204426,0.1275,0.10271654734902184,0.0955,0.9296869851729819,28216,0.0032619439868204285,6.589785831960461e-05,pixel_reliability=0 AND MODLAND_QA(bits0-1)=0 AND VI range -2000..10000,MOD13Q1 V061 Terra 250m 16-day
SO1501,Ceerigaabo,SO15,Sanaag,2018-12-03,0.14093705944689433,0.126,0.1001010733941818,0.0941,0.9638550247116968,29253,0.001186161449752883,0.0,pixel_reliability=0 AND MODLAND_QA(bits0-1)=0 AND VI range -2000..10000,MOD13Q1 V061 Terra 250m 16-day
SO1501,Ceerigaabo,SO15,Sanaag,2018-12-19,0.1362408275279713,0.1227,0.09813040954190416,0.0925,0.9364744645799011,28422,0.0007578253706754531,0.0,pixel_reliability=0 AND MODLAND_QA(bits0-1)=0 AND VI range -2000..10000,MOD13Q1 V061 Terra 250m 16-day
SO1502,Ceel Afweyn,SO15,Sanaag,2018-01-01,0.14032127634998556,0.1383,0.10063420155934162,0.1003,0.9574232789604644,17315,0.0016035388443461432,0.0,pixel_reliability=0 AND MODLAND_QA(bits0-1)=0 AND VI range -2000..10000,MOD13Q1 V061 Terra 250m 16-day
SO1502,Ceel Afweyn,SO15,Sanaag,2018-01-17,0.13649991924319335,0.13540000000000002,0.09952335025380711,0.0999,0.9585844622615427,17336,0.0019353055017970694,0.0001105888858169754,pixel_reliability=0 AND MODLAND_QA(bits0-1)=0 AND VI range -2000..10000,MOD13Q1 V061 Terra 250m 16-day
SO1502,Ceel Afweyn,SO15,Sanaag,2018-02-02,0.1341363765642776,0.1341,0.09758928327645051,0.0983,0.9720763063312137,17580,0.0028200165883328727,5.52944429084877e-05,pixel_reliability=0 AND MODLAND_QA(bits0-1)=0 AND VI range -2000..10000,MOD13Q1 V061 Terra 250m 16-day
SO1502,Ceel Afweyn,SO15,Sanaag,2018-02-18,0.1306314350255618,0.13055,0.09544309237902747,0.09580000000000001,0.9301631186065801,16822,0.020569532761957422,0.00646944982029306,pixel_reliability=0 AND MODLAND_QA(bits0-1)=0 AND VI range -2000..10000,MOD13Q1 V061 Terra 250m 16-day
SO1502,Ceel Afweyn,SO15,Sanaag,2018-03-06,0.1292979777323336,0.1298,0.09631289479663714,0.0975,0.9734033729610174,17604,0.004312966546862041,0.0001105888858169754,pixel_reliability=0 AND MODLAND_QA(bits0-1)=0 AND VI range -2000..10000,MOD13Q1 V061 Terra 250m 16-day
SO1502,Ceel Afweyn,SO15,Sanaag,2018-03-22,0.13367490676912644,0.1338,0.09783251779862132,0.0993,0.9786010505944153,17698,0.00552944429084877,0.0003870611003594139,pixel_reliability=0 AND MODLAND_QA(bits0-1)=0 AND VI range -2000..10000,MOD13Q1 V061 Terra 250m 16-day
SO1502,Ceel Afweyn,SO15,Sanaag,2018-04-07,0.15182320706141966,0.1474,0.11171626823587104,0.1107,0.9020735416090683,16314,0.017085982858722697,0.003649433231960188,pixel_reliability=0 AND MODLAND_QA(bits0-1)=0 AND VI range -2000..10000,MOD13Q1 V061 Terra 250m 16-day
SO1502,Ceel Afweyn,SO15,Sanaag,2018-04-23,0.16771094895465655,0.157,0.12307047244094488,0.1194,0.8145977329278408,14732,0.06192977605750622,0.0013823610727121925,pixel_reliability=0 AND MODLAND_QA(bits0-1)=0 AND VI range -2000..10000,MOD13Q1 V061 Terra 250m 16-day
SO1502,Ceel Afweyn,SO15,Sanaag,2018-05-09,0.1686746258784622,0.16110000000000002,0.12480888797023565,0.12140000000000001,0.6687862869781587,12095,0.11020182471661598,0.002930605474149848,pixel_reliability=0 AND MODLAND_QA(bits0-1)=0 AND VI range -2000..10000,MOD13Q1 V061 Terra 250m 16-day
SO1502,Ceel Afweyn,SO15,Sanaag,2018-05-25,0.17652295664091705,0.169,0.1303891041614752,0.12710000000000002,0.8875863975670445,16052,0.03312137130218413,0.0007741222007188278,pixel_reliability=0 AND MODLAND_QA(bits0-1)=0 AND VI range -2000..10000,MOD13Q1 V061 Terra 250m 16-day
SO1502,Ceel Afweyn,SO15,Sanaag,2018-06-10,0.16904253313696616,0.1656,0.1260581796759941,0.12440000000000001,0.9386231683715787,16975,0.010174177495161736,0.0013823610727121925,pixel_reliability=0 AND MODLAND_QA(bits0-1)=0 AND VI range -2000..10000,MOD13Q1 V061 Terra 250m 16-day
SO1502,Ceel Afweyn,SO15,Sanaag,2018-06-26,0.15669507244604758,0.1524,0.11755134193311732,0.11620000000000001,0.9044512026541333,16357,0.017970693945258503,0.0011611833010782416,pixel_reliability=0 AND MODLAND_QA(bits0-1)=0 AND VI range -2000..10000,MOD13Q1 V061 Terra 250m 16-day
SO1502,Ceel Afweyn,SO15,Sanaag,2018-07-12,0.13930821622990253,0.1376,0.10403023800481075,0.1039,0.8735416090682886,15798,0.030854299142936133,0.002377661045064971,pixel_reliability=0 AND MODLAND_QA(bits0-1)=0 AND VI range -2000..10000,MOD13Q1 V061 Terra 250m 16-day
SO1502,Ceel Afweyn,SO15,Sanaag,2018-07-28,0.1381094522019334,0.1375,0.10455642678123882,0.10540000000000001,0.9266242742604368,16758,0.013989494055847387,0.001271772186895217,pixel_reliability=0 AND MODLAND_QA(bits0-1)=0 AND VI range -2000..10000,MOD13Q1 V061 Terra 250m 16-day
SO1502,Ceel Afweyn,SO15,Sanaag,2018-08-13,0.13704342144342146,0.1363,0.1019768814968815,0.1037,0.9308819463643904,16835,0.011390655239148466,0.0014376555156206802,pixel_reliability=0 AND MODLAND_QA(bits0-1)=0 AND VI range -2000..10000,MOD13Q1 V061 Terra 250m 16-day
SO1502,Ceel Afweyn,SO15,Sanaag,2018-08-29,0.1383796272165883,0.1378,0.104912390232848,0.10650000000000001,0.9760022117777163,17651,0.002764722145424385,0.0002211777716339508,pixel_reliability=0 AND MODLAND_QA(bits0-1)=0 AND VI range -2000..10000,MOD13Q1 V061 Terra 250m 16-day
SO1502,Ceel Afweyn,SO15,Sanaag,2018-09-14,0.14072329321916224,0.1385,0.10609417380236057,0.1066,0.9557091512303013,17284,0.0013823610727121925,0.0,pixel_reliability=0 AND MODLAND_QA(bits0-1)=0 AND VI range -2000..10000,MOD13Q1 V061 Terra 250m 16-day
SO1502,Ceel Afweyn,SO15,Sanaag,2018-09-30,0.146940887944403,0.1427,0.1070761530067199,0.1067,0.9627315454796793,17411,0.0017694221730716064,0.0001105888858169754,pixel_reliability=0 AND MODLAND_QA(bits0-1)=0 AND VI range -2000..10000,MOD13Q1 V061 Terra 250m 16-day
SO1502,Ceel Afweyn,SO15,Sanaag,2018-10-16,0.1626568757655857,0.15510000000000002,0.115918167751918,0.1136,0.8576721039535526,15511,0.022670721592479955,0.00016588332872546308,pixel_reliability=0 AND MODLAND_QA(bits0-1)=0 AND VI range -2000..10000,MOD13Q1 V061 Terra 250m 16-day
SO1502,Ceel Afweyn,SO15,Sanaag,2018-11-01,0.16298287434952935,0.1537,0.1192175700169561,0.1159,0.9457008570638651,17103,0.0021564832734310203,0.0,pixel_reliability=0 AND MODLAND_QA(bits0-1)=0 AND VI range -2000..10000,MOD13Q1 V061 Terra 250m 16-day
SO1502,Ceel Afweyn,SO15,Sanaag,2018-11-17,0.15891450046396538,0.1507,0.11632679863903496,0.1134,0.8938346696157036,16165,0.03765551562068012,0.0001105888858169754,pixel_reliability=0 AND MODLAND_QA(bits0-1)=0 AND VI range -2000..10000,MOD13Q1 V061 Terra 250m 16-day
SO1502,Ceel Afweyn,SO15,Sanaag,2018-12-03,0.15383677666744133,0.14700000000000002,0.11006433302347202,0.10840000000000001,0.9517279513408903,17212,0.012662427426043683,0.0001105888858169754,pixel_reliability=0 AND MODLAND_QA(bits0-1)=0 AND VI range -2000..10000,MOD13Q1 V061 Terra 250m 16-day
SO1502,Ceel Afweyn,SO15,Sanaag,2018-12-19,0.14949564847384544,0.1442,0.10651534664699874,0.1052,0.9746198507050041,17626,0.002045894387614045,0.0,pixel_reliability=0 AND MODLAND_QA(bits0-1)=0 AND VI range -2000..10000,MOD13Q1 V061 Terra 250m 16-day
SO1503,Laasqoray,SO15,Sanaag,2018-01-01,0.15893623919859295,0.1335,0.10626649078534833,0.09820000000000001,0.8983307000068695,13077,0.011815621350552998,0.00034347736484165696,pixel_reliability=0 AND MODLAND_QA(bits0-1)=0 AND VI range -2000..10000,MOD13Q1 V061 Terra 250m 16-day
SO1503,Laasqoray,SO15,Sanaag,2018-01-17,0.15482506608262217,0.1325,0.10466227626312213,0.0979,0.9095967575736759,13241,0.0017173868242082847,6.869547296833139e-05,pixel_reliability=0 AND MODLAND_QA(bits0-1)=0 AND VI range -2000..10000,MOD13Q1 V061 Terra 250m 16-day
SO1503,Laasqoray,SO15,Sanaag,2018-02-02,0.1530975840184624,0.1323,0.10633579979806723,0.09910000000000001,0.952531428178883,13866,0.0010304320945249707,0.0,pixel_reliability=0 AND MODLAND_QA(bits0-1)=0 AND VI range -2000..10000,MOD13Q1 V061 Terra 250m 16-day
SO1503,Laasqoray,SO15,Sanaag,2018-02-18,0.14955960580304808,0.1291,0.10120512895662367,0.0959,0.9375558150717868,13648,0.005633028783403174,0.00020608641890499415,pixel_reliability=0 AND MODLAND_QA(bits0-1)=0 AND VI range -2000..10000,MOD13Q1 V061 Terra 250m 16-day
SO1503,Laasqoray,SO15,Sanaag,2018-03-06,0.14854604840436927,0.13040000000000002,0.10346640251302922,0.0979,0.9622174898674177,14007,0.0015113004053032904,0.0,pixel_reliability=0 AND MODLAND_QA(bits0-1)=0 AND VI range -2000..10000,MOD13Q1 V061 Terra 250m 16-day
SO1503,Laasqoray,SO15,Sanaag,2018-03-22,0.14406537251537252,0.1279,0.10173174603174603,0.0969,0.9607748849350828,13986,0.003572164594353232,0.0,pixel_reliability=0 AND MODLAND_QA(bits0-1)=0 AND VI range -2000..10000,MOD13Q1 V061 Terra 250m 16-day
SO1503,Laasqoray,SO15,Sanaag,2018-04-07,0.1510379993923743,0.13,0.10221437034786572,0.097,0.9044445971010511,13166,0.01044171189118637,0.0004808683107783197,pixel_reliability=0 AND MODLAND_QA(bits0-1)=0 AND VI range -2000..10000,MOD13Q1 V061 Terra 250m 16-day
SO1503,Laasqoray,SO15,Sanaag,2018-04-23,0.15672025938858405,0.1332,0.11194662581058934,0.1008,0.9640035721645943,14033,0.0020608641890499414,0.00013739094593666278,pixel_reliability=0 AND MODLAND_QA(bits0-1)=0 AND VI range -2000..10000,MOD13Q1 V061 Terra 250m 16-day
SO1503,Laasqoray,SO15,Sanaag,2018-05-09,0.14914433268531826,0.1355,0.10696213337841265,0.1014,0.8127361406883287,11831,0.06148244830665659,0.004190423851068215,pixel_reliability=0 AND MODLAND_QA(bits0-1)=0 AND VI range -2000..10000,MOD13Q1 V061 Terra 250m 16-day
SO1503,Laasqoray,SO15,Sanaag,2018-05-25,0.15223991445294913,0.1343,0.10953196007804293,0.101,0.915435872775984,13326,0.01786082297176616,0.0009617366215566394,pixel_reliability=0 AND MODLAND_QA(bits0-1)=0 AND VI range -2000..10000,MOD13Q1 V061 Terra 250m 16-day
SO1503,Laasqoray,SO15,Sanaag,2018-06-10,0.1395956741756448,0.13140000000000002,0.10140419523343128,0.098,0.8416569348079962,12252,0.04760596276705365,0.0013052139863982963,pixel_reliability=0 AND MODLAND_QA(bits0-1)=0 AND VI range -2000..10000,MOD13Q1 V061 Terra 250m 16-day
SO1503,Laasqoray,SO15,Sanaag,2018-06-26,0.15038638316787672,0.1312,0.10605017039561417,0.09860000000000001,0.9272514941265371,13498,0.009960843580408052,0.0014426049323349591,pixel_reliability=0 AND MODLAND_QA(bits0-1)=0 AND VI range -2000..10000,MOD13Q1 V061 Terra 250m 16-day
SO1503,Laasqoray,SO15,Sanaag,2018-07-12,0.1223811753097248,0.1207,0.09353398750137047,0.09280000000000001,0.6265714089441505,9121,0.17702823383938998,0.0028852098646699183,pixel_reliability=0 AND MODLAND_QA(bits0-1)=0 AND VI range -2000..10000,MOD13Q1 V061 Terra 250m 16-day
SO1503,Laasqoray,SO15,Sanaag,2018-07-28,0.1380608109093561,0.1246,0.09968334427185883,0.0946,0.9420210208147283,13713,0.0057704197293398365,0.0011678230404616335,pixel_reliability=0 AND MODLAND_QA(bits0-1)=0 AND VI range -2000..10000,MOD13Q1 V061 Terra 250m 16-day
SO1503,Laasqoray,SO15,Sanaag,2018-08-13,0.1321488361847419,0.12250000000000001,0.09567884573022983,0.09230000000000001,0.9355636463557052,13619,0.011953012296489662,0.001579995878271622,pixel_reliability=0 AND MODLAND_QA(bits0-1)=0 AND VI range -2000..10000,MOD13Q1 V061 Terra 250m 16-day
SO1503,Laasqoray,SO15,Sanaag,2018-08-29,0.14001321415802645,0.125,0.0998843689667501,0.0954,0.9607061894621145,13985,0.005839115202308168,0.0,pixel_reliability=0 AND MODLAND_QA(bits0-1)=0 AND VI range -2000..10000,MOD13Q1 V061 Terra 250m 16-day
SO1503,Laasqoray,SO15,Sanaag,2018-09-14,0.14219848623853212,0.12660000000000002,0.10300772171253822,0.0965,0.8985367864257745,13080,0.0006869547296833139,0.0,pixel_reliability=0 AND MODLAND_QA(bits0-1)=0 AND VI range -2000..10000,MOD13Q1 V061 Terra 250m 16-day
SO1503,Laasqoray,SO15,Sanaag,2018-09-30,0.14270084092501753,0.12840000000000001,0.10444606400373746,0.0981,0.88225595933228,12843,0.001236518513429965,0.0,pixel_reliability=0 AND MODLAND_QA(bits0-1)=0 AND VI range -2000..10000,MOD13Q1 V061 Terra 250m 16-day
SO1503,Laasqoray,SO15,Sanaag,2018-10-16,0.14941885192959795,0.1333,0.1057711286936864,0.0993,0.8508621281857526,12386,0.000893041148588308,6.869547296833139e-05,pixel_reliability=0 AND MODLAND_QA(bits0-1)=0 AND VI range -2000..10000,MOD13Q1 V061 Terra 250m 16-day
SO1503,Laasqoray,SO15,Sanaag,2018-11-01,0.16019428175990677,0.1358,0.10997437354312356,0.1018,0.9430514529092533,13728,0.000893041148588308,0.0,pixel_reliability=0 AND MODLAND_QA(bits0-1)=0 AND VI range -2000..10000,MOD13Q1 V061 Terra 250m 16-day
SO1503,Laasqoray,SO15,Sanaag,2018-11-17,0.15911462226423329,0.1351,0.10816162291863594,0.1004,0.9447688397334616,13753,0.0020608641890499414,0.0,pixel_reliability=0 AND MODLAND_QA(bits0-1)=0 AND VI range -2000..10000,MOD13Q1 V061 Terra 250m 16-day
SO1503,Laasqoray,SO15,Sanaag,2018-12-03,0.15682385396446172,0.1351,0.10543022248768107,0.0993,0.9201071649378306,13394,0.0014426049323349591,0.0,pixel_reliability=0 AND MODLAND_QA(bits0-1)=0 AND VI range -2000..10000,MOD13Q1 V061 Terra 250m 16-day
SO1503,Laasqoray,SO15,Sanaag,2018-12-19,0.15003426424955085,0.1306,0.10229688061407809,0.09680000000000001,0.8412447619701862,12246,0.021982551349866045,6.869547296833139e-05,pixel_reliability=0 AND MODLAND_QA(bits0-1)=0 AND VI range -2000..10000,MOD13Q1 V061 Terra 250m 16-day
SO1601,Bossaso,SO16,Bari,2018-01-01,0.1484327028604787,0.1482,0.1095439696438996,0.10930000000000001,0.9472461844724619,8565,0.01028533510285335,0.00143773501437735,pixel_reliability=0 AND MODLAND_QA(bits0-1)=0 AND VI range -2000..10000,MOD13Q1 V061 Terra 250m 16-day
SO1601,Bossaso,SO16,Bari,2018-01-17,0.14671204805087742,0.1472,0.10773526086444471,0.10830000000000001,0.9390621543906216,8491,0.00475558504755585,0.00022119000221190003,pixel_reliability=0 AND MODLAND_QA(bits0-1)=0 AND VI range -2000..10000,MOD13Q1 V061 Terra 250m 16-day
SO1601,Bossaso,SO16,Bari,2018-02-02,0.14676076384906528,0.14780000000000001,0.10831065489161601,0.1091,0.9642778146427782,8719,0.0033178500331785005,0.00044238000442380006,pixel_reliability=0 AND MODLAND_QA(bits0-1)=0 AND VI range -2000..10000,MOD13Q1 V061 Terra 250m 16-day
SO1601,Bossaso,SO16,Bari,2018-02-18,0.14277623292428804,0.1442,0.10570284788145405,0.10640000000000001,0.9553196195531962,8638,0.00453439504534395,0.00011059500110595002,pixel_reliability=0 AND MODLAND_QA(bits0-1)=0 AND VI range -2000..10000,MOD13Q1 V061 Terra 250m 16-day
SO1601,Bossaso,SO16,Bari,2018-03-06,0.14412857306721727,0.1451,0.10775337233310392,0.1085,0.9641672196416722,8718,0.00409201504092015,0.00011059500110595002,pixel_reliability=0 AND MODLAND_QA(bits0-1)=0 AND VI range -2000..10000,MOD13Q1 V061 Terra 250m 16-day
SO1601,Bossaso,SO16,Bari,2018-03-22,0.14301685832566702,0.1437,0.10751496090156394,0.1082,0.9617341296173413,8696,0.0084052200840522,0.00011059500110595002,pixel_reliability=0 AND MODLAND_QA(bits0-1)=0 AND VI range -2000..10000,MOD13Q1 V061 Terra 250m 16-day
SO1601,Bossaso,SO16,Bari,2018-04-07,0.14632690198284348,0.1449,0.11002738011531431,0.10650000000000001,0.7864410528644106,7111,0.0081840300818403,0.00033178500331785003,pixel_reliability=0 AND MODLAND_QA(bits0-1)=0 AND VI range -2000..10000,MOD13Q1 V061 Terra 250m 16-day
SO1601,Bossaso,SO16,Bari,2018-04-23,0.15206774117922872,0.1443,0.11342376040323526,0.1102,0.9434859544348595,8531,0.006635700066357001,0.00011059500110595002,pixel_reliability=0 AND MODLAND_QA(bits0-1)=0 AND VI range -2000..10000,MOD13Q1 V061 Terra 250m 16-day
SO1601,Bossaso,SO16,Bari,2018-05-09,0.154567578125,0.1458,0.1147783143939394,0.109,0.9343065693430657,8448,0.014156160141561602,0.00232249502322495,pixel_reliability=0 AND MODLAND_QA(bits0-1)=0 AND VI range -2000..10000,MOD13Q1 V061 Terra 250m 16-day
SO1601,Bossaso,SO16,Bari,2018-05-25,0.15638709331426529,0.14550000000000002,0.1149377070670957,0.1091,0.9280026542800266,8391,0.021787215217872153,0.0022119000221190004,pixel_reliability=0 AND MODLAND_QA(bits0-1)=0 AND VI range -2000..10000,MOD13Q1 V061 Terra 250m 16-day
SO1601,Bossaso,SO16,Bari,2018-06-10,0.14058987245672638,0.1361,0.10384749468569693,0.101,0.7283786772837868,6586,0.0944481309444813,0.0032072550320725503,pixel_reliability=0 AND MODLAND_QA(bits0-1)=0 AND VI range -2000..10000,MOD13Q1 V061 Terra 250m 16-day
SO1601,Bossaso,SO16,Bari,2018-06-26,0.15048414464534077,0.1437,0.11350675707000464,0.1091,0.9542136695421367,8628,0.00807343508073435,0.0034284450342844503,pixel_reliability=0 AND MODLAND_QA(bits0-1)=0 AND VI range -2000..10000,MOD13Q1 V061 Terra 250m 16-day
SO1601,Bossaso,SO16,Bari,2018-07-12,0.14115881667529778,0.13670000000000002,0.10746233816675298,0.1047,0.8542357885423579,7724,0.017916390179163903,0.0033178500331785005,pixel_reliability=0 AND MODLAND_QA(bits0-1)=0 AND VI range -2000..10000,MOD13Q1 V061 Terra 250m 16-day
SO1601,Bossaso,SO16,Bari,2018-07-28,0.1435540264215968,0.1422,0.10635414129810455,0.1058,0.9627294846272948,8705,0.007409865074098651,0.0026542800265428003,pixel_reliability=0 AND MODLAND_QA(bits0-1)=0 AND VI range -2000..10000,MOD13Q1 V061 Terra 250m 16-day
SO1601,Bossaso,SO16,Bari,2018-08-13,0.1408116576431287,0.1391,0.10382828015205621,0.10350000000000001,0.960075204600752,8681,0.0081840300818403,0.0019907100199071004,pixel_reliability=0 AND MODLAND_QA(bits0-1)=0 AND VI range -2000..10000,MOD13Q1 V061 Terra 250m 16-day
SO1601,Bossaso,SO16,Bari,2018-08-29,0.14283703660797034,0.14300000000000002,0.10738263438368861,0.1076,0.9546560495465605,8632,0.009621765096217651,0.0006635700066357001,pixel_reliability=0 AND MODLAND_QA(bits0-1)=0 AND VI range -2000..10000,MOD13Q1 V061 Terra 250m 16-day
SO1601,Bossaso,SO16,Bari,2018-09-14,0.14501414572284987,0.1427,0.10915877334563062,0.1078,0.9593010395930104,8674,0.00387082503870825,0.0,pixel_reliability=0 AND MODLAND_QA(bits0-1)=0 AND VI range -2000..10000,MOD13Q1 V061 Terra 250m 16-day
SO1601,Bossaso,SO16,Bari,2018-09-30,0.14849744909631662,0.14595000000000002,0.11067070464424618,0.10930000000000001,0.966821499668215,8742,0.0022119000221190004,0.0,pixel_reliability=0 AND MODLAND_QA(bits0-1)=0 AND VI range -2000..10000,MOD13Q1 V061 Terra 250m 16-day
SO1601,Bossaso,SO16,Bari,2018-10-16,0.15485569397108945,0.1487,0.11386715242684217,0.11130000000000001,0.9410528644105286,8509,0.0015483300154833,0.0,pixel_reliability=0 AND MODLAND_QA(bits0-1)=0 AND VI range -2000..10000,MOD13Q1 V061 Terra 250m 16-day
SO1601,Bossaso,SO16,Bari,2018-11-01,0.15979477207155224,0.1529,0.11666746682054242,0.1131,0.9583056845830569,8665,0.0018801150188011502,0.0,pixel_reliability=0 AND MODLAND_QA(bits0-1)=0 AND VI range -2000..10000,MOD13Q1 V061 Terra 250m 16-day
SO1601,Bossaso,SO16,Bari,2018-11-17,0.15696062932662053,0.1515,0.11687536815607301,0.11280000000000001,0.8786772837867728,7945,0.0181375801813758,0.0009953550099535502,pixel_reliability=0 AND MODLAND_QA(bits0-1)=0 AND VI range -2000..10000,MOD13Q1 V061 Terra 250m 16-day
SO1601,Bossaso,SO16,Bari,2018-12-03,0.15719460742544128,0.15180000000000002,0.11342204503956178,0.111,0.9085379340853793,8215,0.0036496350364963502,0.00011059500110595002,pixel_reliability=0 AND MODLAND_QA(bits0-1)=0 AND VI range -2000..10000,MOD13Q1 V061 Terra 250m 16-day
SO1601,Bossaso,SO16,Bari,2018-12-19,0.15524269820822112,0.1515,0.1119997540695632,0.1107,0.9443707144437071,8539,0.007078080070780801,0.00011059500110595002,pixel_reliability=0 AND MODLAND_QA(bits0-1)=0 AND VI range -2000..10000,MOD13Q1 V061 Terra 250m 16-day
SO1602,Bandarbeyla,SO16,Bari,2018-01-01,0.13510744079324757,0.13340000000000002,0.10071286568876507,0.09920000000000001,0.9264348618281203,12203,0.01806863042818099,0.004858791375645309,pixel_reliability=0 AND MODLAND_QA(bits0-1)=0 AND VI range -2000..10000,MOD13Q1 V061 Terra 250m 16-day
SO1602,Bandarbeyla,SO16,Bari,2018-01-17,0.1344149478349183,0.133,0.10099598375034623,0.0993,0.822274521712724,10831,0.028469480716671727,0.0016702095353780747,pixel_reliability=0 AND MODLAND_QA(bits0-1)=0 AND VI range -2000..10000,MOD13Q1 V061 Terra 250m 16-day
SO1602,Bandarbeyla,SO16,Bari,2018-02-02,0.13385062392953267,0.13240000000000002,0.10041175271185059,0.09910000000000001,0.9308381415122988,12261,0.019662921348314606,0.0021257212268448226,pixel_reliability=0 AND MODLAND_QA(bits0-1)=0 AND VI range -2000..10000,MOD13Q1 V061 Terra 250m 16-day
SO1602,Bandarbeyla,SO16,Bari,2018-02-18,0.12823747978872482,0.1272,0.09604748302252884,0.0951,0.7042969936228363,9277,0.1390069845126025,0.00258123291831157,pixel_reliability=0 AND MODLAND_QA(bits0-1)=0 AND VI range -2000..10000,MOD13Q1 V061 Terra 250m 16-day
SO1602,Bandarbeyla,SO16,Bari,2018-03-06,0.13252408800916082,0.1312,0.09959598396859153,0.0985,0.9281809899787428,12226,0.019283328272092316,0.003416337686000607,pixel_reliability=0 AND MODLAND_QA(bits0-1)=0 AND VI range -2000..10000,MOD13Q1 V061 Terra 250m 16-day
SO1602,Bandarbeyla,SO16,Bari,2018-03-22,0.12976624177289012,0.1285,0.09737483962342747,0.0964,0.9112511387792287,12003,0.02171272395991497,0.0006073489219556636,pixel_reliability=0 AND MODLAND_QA(bits0-1)=0 AND VI range -2000..10000,MOD13Q1 V061 Terra 250m 16-day
SO1602,Bandarbeyla,SO16,Bari,2018-04-07,0.12822159110062364,0.127,0.0972785690207315,0.09630000000000001,0.9008502884907379,11866,0.03211357424840571,0.0010628606134224113,pixel_reliability=0 AND MODLAND_QA(bits0-1)=0 AND VI range -2000..10000,MOD13Q1 V061 Terra 250m 16-day
SO1602,Bandarbeyla,SO16,Bari,2018-04-23,0.13010208888149136,0.1283,0.10075642476697737,0.099,0.9122380807774066,12016,0.023382933495293044,0.0031126632250227755,pixel_reliability=0 AND MODLAND_QA(bits0-1)=0 AND VI range -2000..10000,MOD13Q1 V061 Terra 250m 16-day
SO1602,Bandarbeyla,SO16,Bari,2018-05-09,0.1286130884184309,0.1272,0.09843351183063512,0.0971,0.6096264804129973,8030,0.2657151533556028,0.006832675372001214,pixel_reliability=0 AND MODLAND_QA(bits0-1)=0 AND VI range -2000..10000,MOD13Q1 V061 Terra 250m 16-day
SO1602,Bandarbeyla,SO16,Bari,2018-05-25,0.13543507047477746,0.1341,0.10196441023738873,0.101,0.8187063467962344,10784,0.014044943820224719,0.003568174916489523,pixel_reliability=0 AND MODLAND_QA(bits0-1)=0 AND VI range -2000..10000,MOD13Q1 V061 Terra 250m 16-day
SO1602,Bandarbeyla,SO16,Bari,2018-06-10,0.12474549363460079,0.1237,0.09503836944608382,0.0941,0.9004706954145156,11861,0.022395991497115093,0.0060734892195566355,pixel_reliability=0 AND MODLAND_QA(bits0-1)=0 AND VI range -2000..10000,MOD13Q1 V061 Terra 250m 16-day
SO1602,Bandarbeyla,SO16,Bari,2018-06-26,0.1291503202781845,0.12840000000000001,0.09767819363103954,0.0969,0.8296386273914363,10928,0.01290616459155785,0.006225326450045551,pixel_reliability=0 AND MODLAND_QA(bits0-1)=0 AND VI range -2000..10000,MOD13Q1 V061 Terra 250m 16-day
SO1602,Bandarbeyla,SO16,Bari,2018-07-12,0.12313456606271202,0.1226,0.09499645900554314,0.094,0.9176283024597631,12087,0.018296386273914365,0.005845733373823261,pixel_reliability=0 AND MODLAND_QA(bits0-1)=0 AND VI range -2000..10000,MOD13Q1 V061 Terra 250m 16-day
SO1602,Bandarbeyla,SO16,Bari,2018-07-28,0.12126582268108818,0.12085000000000001,0.09302957227138646,0.092,0.9265107804433648,12204,0.017916793197692075,0.007515942909201336,pixel_reliability=0 AND MODLAND_QA(bits0-1)=0 AND VI range -2000..10000,MOD13Q1 V061 Terra 250m 16-day
SO1602,Bandarbeyla,SO16,Bari,2018-08-13,0.12025746862439504,0.1198,0.09279109999179723,0.0921,0.9255238384451867,12191,0.017916793197692075,0.006301245065290009,pixel_reliability=0 AND MODLAND_QA(bits0-1)=0 AND VI range -2000..10000,MOD13Q1 V061 Terra 250m 16-day
SO1602,Bandarbeyla,SO16,Bari,2018-08-29,0.12292069698952879,0.1223,0.09544788939790577,0.0945,0.9280291527482539,12224,0.013893106589735802,0.001442453689644701,pixel_reliability=0 AND MODLAND_QA(bits0-1)=0 AND VI range -2000..10000,MOD13Q1 V061 Terra 250m 16-day
SO1602,Bandarbeyla,SO16,Bari,2018-09-14,0.12195987899413878,0.12090000000000001,0.09454853469464927,0.0936,0.8030671120558761,10578,0.011843303978135438,0.0006832675372001215,pixel_reliability=0 AND MODLAND_QA(bits0-1)=0 AND VI range -2000..10000,MOD13Q1 V061 Terra 250m 16-day
SO1602,Bandarbeyla,SO16,Bari,2018-09-30,0.12850197970387625,0.12760000000000002,0.09991423224089171,0.09870000000000001,0.9126935924688734,12022,0.011767385362890981,0.0019738839963559063,pixel_reliability=0 AND MODLAND_QA(bits0-1)=0 AND VI range -2000..10000,MOD13Q1 V061 Terra 250m 16-day
SO1602,Bandarbeyla,SO16,Bari,2018-10-16,0.13133757278323074,0.1296,0.10141396606221925,0.1,0.9126935924688734,12022,0.0072881870634679624,0.0006073489219556636,pixel_reliability=0 AND MODLAND_QA(bits0-1)=0 AND VI range -2000..10000,MOD13Q1 V061 Terra 250m 16-day
SO1602,Bandarbeyla,SO16,Bari,2018-11-01,0.13276237952808242,0.1306,0.10048198737121969,0.09870000000000001,0.9137564530822958,12036,0.013209839052535682,0.0010628606134224113,pixel_reliability=0 AND MODLAND_QA(bits0-1)=0 AND VI range -2000..10000,MOD13Q1 V061 Terra 250m 16-day
SO1602,Bandarbeyla,SO16,Bari,2018-11-17,0.13373437977261157,0.1306,0.09877661632445274,0.0959,0.8947767992711813,11786,0.014044943820224719,0.0016702095353780747,pixel_reliability=0 AND MODLAND_QA(bits0-1)=0 AND VI range -2000..10000,MOD13Q1 V061 Terra 250m 16-day
SO1602,Bandarbeyla,SO16,Bari,2018-12-03,0.1362331206940546,0.1325,0.10180396784894105,0.09820000000000001,0.5950501062860614,7838,0.2572122684482235,0.0022016398420892803,pixel_reliability=0 AND MODLAND_QA(bits0-1)=0 AND VI range -2000..10000,MOD13Q1 V061 Terra 250m 16-day
SO1602,Bandarbeyla,SO16,Bari,2018-12-19,0.1353148070108227,0.1326,0.10032138684034099,0.09770000000000001,0.7926662617673854,10441,0.09952930458548435,0.005466140297600972,pixel_reliability=0 AND MODLAND_QA(bits0-1)=0 AND VI range -2000..10000,MOD13Q1 V061 Terra 250m 16-day
SO1603,Caluula,SO16,Bari,2018-01-01,0.18549068709600192,0.17320000000000002,0.125074144122576,0.12010000000000001,0.7811857116139892,4177,0.0639610996820647,0.007854871890779876,pixel_reliability=0 AND MODLAND_QA(bits0-1)=0 AND VI range -2000..10000,MOD13Q1 V061 Terra 250m 16-day
SO1603,Caluula,SO16,Bari,2018-01-17,0.18319827467218774,0.17500000000000002,0.1310134575569358,0.1275,0.8129792406957173,4347,0.031419487563119505,0.011969328595474098,pixel_reliability=0 AND MODLAND_QA(bits0-1)=0 AND VI range -2000..10000,MOD13Q1 V061 Terra 250m 16-day
SO1603,Caluula,SO16,Bari,2018-02-02,0.17744539995710917,0.1701,0.12351164486382157,0.12050000000000001,0.8720778006358706,4663,0.028240134654946698,0.006919768094258463,pixel_reliability=0 AND MODLAND_QA(bits0-1)=0 AND VI range -2000..10000,MOD13Q1 V061 Terra 250m 16-day
SO1603,Caluula,SO16,Bari,2018-02-18,0.16931871257485032,0.1645,0.1203524379811805,0.11850000000000001,0.8745090705068262,4676,0.028427155414250983,0.0031793529081728072,pixel_reliability=0 AND MODLAND_QA(bits0-1)=0 AND VI range -2000..10000,MOD13Q1 V061 Terra 250m 16-day
SO1603,Caluula,SO16,Bari,2018-03-06,0.16536171122994653,0.1615,0.12001719786096259,0.11900000000000001,0.8743220497475219,4675,0.03871329717598653,0.004301477463998503,pixel_reliability=0 AND MODLAND_QA(bits0-1)=0 AND VI range -2000..10000,MOD13Q1 V061 Terra 250m 16-day
SO1603,Caluula,SO16,Bari,2018-03-22,0.16354839193825044,0.16090000000000002,0.11676027015437392,0.1155,0.8722648213951749,4664,0.017953992893211146,0.0022442491116513932,pixel_reliability=0 AND MODLAND_QA(bits0-1)=0 AND VI range -2000..10000,MOD13Q1 V061 Terra 250m 16-day
SO1603,Caluula,SO16,Bari,2018-04-07,0.1612488999137187,0.16,0.12059939603106128,0.1199,0.867028240134655,4636,0.033289695156162334,0.004114456704694221,pixel_reliability=0 AND MODLAND_QA(bits0-1)=0 AND VI range -2000..10000,MOD13Q1 V061 Terra 250m 16-day
SO1603,Caluula,SO16,Bari,2018-04-23,0.16095902407841464,0.1583,0.1215685702109525,0.1197,0.8776884234149991,4693,0.032167570600336634,0.004301477463998503,pixel_reliability=0 AND MODLAND_QA(bits0-1)=0 AND VI range -2000..10000,MOD13Q1 V061 Terra 250m 16-day
SO1603,Caluula,SO16,Bari,2018-05-09,0.16147260598235422,0.1572,0.12154899935442219,0.1192,0.8690854684870021,4647,0.03385075743407518,0.007480830372171311,pixel_reliability=0 AND MODLAND_QA(bits0-1)=0 AND VI range -2000..10000,MOD13Q1 V061 Terra 250m 16-day
SO1603,Caluula,SO16,Bari,2018-05-25,0.17644406705856738,0.1734,0.12926536033093838,0.1282,0.8589863474845708,4593,0.0379652141387694,0.007854871890779876,pixel_reliability=0 AND MODLAND_QA(bits0-1)=0 AND VI range -2000..10000,MOD13Q1 V061 Terra 250m 16-day
SO1603,Caluula,SO16,Bari,2018-06-10,0.15270558035714288,0.15030000000000002,0.11361060267857144,0.1119,0.6702824013465495,3584,0.12118945202917523,0.008041892650084159,pixel_reliability=0 AND MODLAND_QA(bits0-1)=0 AND VI range -2000..10000,MOD13Q1 V061 Terra 250m 16-day
SO1603,Caluula,SO16,Bari,2018-06-26,0.16486380515508955,0.1613,0.121543250327654,0.1198,0.8561810360950065,4578,0.034598840471292316,0.010473162521039836,pixel_reliability=0 AND MODLAND_QA(bits0-1)=0 AND VI range -2000..10000,MOD13Q1 V061 Terra 250m 16-day
SO1603,Caluula,SO16,Bari,2018-07-12,0.15068970588235295,0.1484,0.1137711898395722,0.1121,0.8393491677576211,4488,0.034224798952683745,0.010286141761735553,pixel_reliability=0 AND MODLAND_QA(bits0-1)=0 AND VI range -2000..10000,MOD13Q1 V061 Terra 250m 16-day
SO1603,Caluula,SO16,Bari,2018-07-28,0.1490954476806904,0.1486,0.11333216828478963,0.1119,0.8668412193753506,4635,0.027118010099121,0.012717411632691229,pixel_reliability=0 AND MODLAND_QA(bits0-1)=0 AND VI range -2000..10000,MOD13Q1 V061 Terra 250m 16-day
SO1603,Caluula,SO16,Bari,2018-08-13,0.1448841020838211,0.1453,0.11048784827909154,0.111,0.7987656629885918,4271,0.04525902375163643,0.010847204039648402,pixel_reliability=0 AND MODLAND_QA(bits0-1)=0 AND VI range -2000..10000,MOD13Q1 V061 Terra 250m 16-day
SO1603,Caluula,SO16,Bari,2018-08-29,0.15453816352739727,0.15430000000000002,0.11679066780821919,0.1154,0.8737609874696092,4672,0.03665606882363942,0.004301477463998503,pixel_reliability=0 AND MODLAND_QA(bits0-1)=0 AND VI range -2000..10000,MOD13Q1 V061 Terra 250m 16-day
SO1603,Caluula,SO16,Bari,2018-09-14,0.15882848524024995,0.1564,0.12040252100840336,0.11850000000000001,0.8679633439311764,4641,0.021881428838601086,0.005423602019824201,pixel_reliability=0 AND MODLAND_QA(bits0-1)=0 AND VI range -2000..10000,MOD13Q1 V061 Terra 250m 16-day
SO1603,Caluula,SO16,Bari,2018-09-30,0.16306777849048534,0.16090000000000002,0.12333138764165064,0.12090000000000001,0.8746960912661306,4677,0.011595287076865532,0.004114456704694221,pixel_reliability=0 AND MODLAND_QA(bits0-1)=0 AND VI range -2000..10000,MOD13Q1 V061 Terra 250m 16-day
SO1603,Caluula,SO16,Bari,2018-10-16,0.17104733247972687,0.1661,0.12583318395219806,0.12240000000000001,0.876379278099869,4686,0.01477463998503834,0.00336637366747709,pixel_reliability=0 AND MODLAND_QA(bits0-1)=0 AND VI range -2000..10000,MOD13Q1 V061 Terra 250m 16-day
SO1603,Caluula,SO16,Bari,2018-11-01,0.17677512803384549,0.17120000000000002,0.12451743486973951,0.1207,0.8399102300355339,4491,0.015148681503646904,0.0037404151860856555,pixel_reliability=0 AND MODLAND_QA(bits0-1)=0 AND VI range -2000..10000,MOD13Q1 V061 Terra 250m 16-day
SO1603,Caluula,SO16,Bari,2018-11-17,0.18194281698060163,0.1789,0.12885850435760474,0.1277,0.6652328408453339,3557,0.11090331026743969,0.009164017205909855,pixel_reliability=0 AND MODLAND_QA(bits0-1)=0 AND VI range -2000..10000,MOD13Q1 V061 Terra 250m 16-day
SO1603,Caluula,SO16,Bari,2018-12-03,0.19108590184432636,0.1859,0.13264595185995623,0.12940000000000002,0.5982794090144006,3199,0.1694408079296802,0.005797643538432766,pixel_reliability=0 AND MODLAND_QA(bits0-1)=0 AND VI range -2000..10000,MOD13Q1 V061 Terra 250m 16-day
SO1603,Caluula,SO16,Bari,2018-12-19,0.17827329093799685,0.1752,0.12348330683624802,0.1231,0.11763605760239386,629,0.4170562932485506,0.2060968767533196,pixel_reliability=0 AND MODLAND_QA(bits0-1)=0 AND VI range -2000..10000,MOD13Q1 V061 Terra 250m 16-day
SO1604,Iskushuban,SO16,Bari,2018-01-01,0.1372830941859888,0.1346,0.10524098604835906,0.1044,0.9331881573460594,20141,0.01246351295000695,0.005374600379928648,pixel_reliability=0 AND MODLAND_QA(bits0-1)=0 AND VI range -2000..10000,MOD13Q1 V061 Terra 250m 16-day
SO1604,Iskushuban,SO16,Bari,2018-01-17,0.1362717716143239,0.1341,0.10647299323651234,0.1061,0.8837047676411991,19073,0.021035073900755225,0.006996247046286429,pixel_reliability=0 AND MODLAND_QA(bits0-1)=0 AND VI range -2000..10000,MOD13Q1 V061 Terra 250m 16-day
SO1604,Iskushuban,SO16,Bari,2018-02-02,0.1369850551406953,0.1351,0.10536647544631818,0.10490000000000001,0.9368947782977344,20221,0.012834175045174442,0.005559931427512394,pixel_reliability=0 AND MODLAND_QA(bits0-1)=0 AND VI range -2000..10000,MOD13Q1 V061 Terra 250m 16-day
SO1604,Iskushuban,SO16,Bari,2018-02-18,0.1338895767860884,0.1325,0.10342173161533627,0.10310000000000001,0.8845850901172219,19092,0.01464115275911597,0.003752953713570866,pixel_reliability=0 AND MODLAND_QA(bits0-1)=0 AND VI range -2000..10000,MOD13Q1 V061 Terra 250m 16-day
SO1604,Iskushuban,SO16,Bari,2018-03-06,0.13422701756116814,0.133,0.1050236779794791,0.10490000000000001,0.9392577491544271,20272,0.013158504378446,0.002779965713756197,pixel_reliability=0 AND MODLAND_QA(bits0-1)=0 AND VI range -2000..10000,MOD13Q1 V061 Terra 250m 16-day
SO1604,Iskushuban,SO16,Bari,2018-03-22,0.13456790704588248,0.1335,0.10511602417996235,0.10550000000000001,0.9350878005837928,20182,0.012741509521382569,0.0019459759996293378,pixel_reliability=0 AND MODLAND_QA(bits0-1)=0 AND VI range -2000..10000,MOD13Q1 V061 Terra 250m 16-day
SO1604,Iskushuban,SO16,Bari,2018-04-07,0.13138904032955298,0.13040000000000002,0.10339892691857804,0.1033,0.9110410971598017,19663,0.01519714590186721,0.002687300189964324,pixel_reliability=0 AND MODLAND_QA(bits0-1)=0 AND VI range -2000..10000,MOD13Q1 V061 Terra 250m 16-day
SO1604,Iskushuban,SO16,Bari,2018-04-23,0.13278451756556162,0.1316,0.10478885700148441,0.1041,0.9363851179168791,20210,0.011351526664504471,0.0024556363804846405,pixel_reliability=0 AND MODLAND_QA(bits0-1)=0 AND VI range -2000..10000,MOD13Q1 V061 Terra 250m 16-day
SO1604,Iskushuban,SO16,Bari,2018-05-09,0.13631637231241772,0.1338,0.10608534444931988,0.10450000000000001,0.8447389148867164,18232,0.05420933141824584,0.00616225733215957,pixel_reliability=0 AND MODLAND_QA(bits0-1)=0 AND VI range -2000..10000,MOD13Q1 V061 Terra 250m 16-day
SO1604,Iskushuban,SO16,Bari,2018-05-25,0.14452452241908342,0.1394,0.11257980797782838,0.1092,0.9361997868692953,20206,0.011397859426400408,0.005050271046657092,pixel_reliability=0 AND MODLAND_QA(bits0-1)=0 AND VI range -2000..10000,MOD13Q1 V061 Terra 250m 16-day
SO1604,Iskushuban,SO16,Bari,2018-06-10,0.13649837099051845,0.1325,0.1062738551543272,0.1046,0.9186860028726312,19828,0.020757077329379606,0.006393921141639253,pixel_reliability=0 AND MODLAND_QA(bits0-1)=0 AND VI range -2000..10000,MOD13Q1 V061 Terra 250m 16-day
SO1604,Iskushuban,SO16,Bari,2018-06-26,0.14173830019880715,0.13765,0.11044437872763421,0.10840000000000001,0.9322151693462447,20120,0.013853495806885049,0.007459574665245795,pixel_reliability=0 AND MODLAND_QA(bits0-1)=0 AND VI range -2000..10000,MOD13Q1 V061 Terra 250m 16-day
SO1604,Iskushuban,SO16,Bari,2018-07-12,0.13312747467656205,0.1303,0.1048496941129275,0.10400000000000001,0.9239679377287681,19942,0.015706806282722512,0.008061900569892972,pixel_reliability=0 AND MODLAND_QA(bits0-1)=0 AND VI range -2000..10000,MOD13Q1 V061 Terra 250m 16-day
SO1604,Iskushuban,SO16,Bari,2018-07-28,0.12978754741145757,0.1275,0.10304807152357028,0.1022,0.9406013992494092,20301,0.014085159616364732,0.007459574665245795,pixel_reliability=0 AND MODLAND_QA(bits0-1)=0 AND VI range -2000..10000,MOD13Q1 V061 Terra 250m 16-day
SO1604,Iskushuban,SO16,Bari,2018-08-13,0.12920404513204573,0.1274,0.10135044343713047,0.1008,0.9403697354399295,20296,0.012509845711902886,0.008108233331788908,pixel_reliability=0 AND MODLAND_QA(bits0-1)=0 AND VI range -2000..10000,MOD13Q1 V061 Terra 250m 16-day
SO1604,Iskushuban,SO16,Bari,2018-08-29,0.13226465636077198,0.13,0.10488449192595509,0.10400000000000001,0.9411110596302645,20312,0.011166195616920725,0.003938284761154613,pixel_reliability=0 AND MODLAND_QA(bits0-1)=0 AND VI range -2000..10000,MOD13Q1 V061 Terra 250m 16-day
SO1604,Iskushuban,SO16,Bari,2018-09-14,0.1332016832824007,0.13140000000000002,0.10493914633535395,0.1039,0.9248482602047908,19961,0.007876569522309225,0.0018996432377334012,pixel_reliability=0 AND MODLAND_QA(bits0-1)=0 AND VI range -2000..10000,MOD13Q1 V061 Terra 250m 16-day
SO1604,Iskushuban,SO16,Bari,2018-09-30,0.13531731802276872,0.1331,0.10755028830515993,0.1063,0.9401380716304499,20291,0.007830236760413289,0.0024556363804846405,pixel_reliability=0 AND MODLAND_QA(bits0-1)=0 AND VI range -2000..10000,MOD13Q1 V061 Terra 250m 16-day
SO1604,Iskushuban,SO16,Bari,2018-10-16,0.13691647986510613,0.1331,0.10731303312834753,0.1051,0.934253810869666,20164,0.007598572950933605,0.0036602881897789927,pixel_reliability=0 AND MODLAND_QA(bits0-1)=0 AND VI range -2000..10000,MOD13Q1 V061 Terra 250m 16-day
SO1604,Iskushuban,SO16,Bari,2018-11-01,0.1386947490659396,0.1345,0.10708551449055842,0.1052,0.9176666821109206,19806,0.008988555807811703,0.0029652967613399434,pixel_reliability=0 AND MODLAND_QA(bits0-1)=0 AND VI range -2000..10000,MOD13Q1 V061 Terra 250m 16-day
SO1604,Iskushuban,SO16,Bari,2018-11-17,0.1378145685857136,0.13440000000000002,0.10696929359932676,0.10550000000000001,0.9359681230598156,20201,0.013343835426029746,0.0032896260946115,pixel_reliability=0 AND MODLAND_QA(bits0-1)=0 AND VI range -2000..10000,MOD13Q1 V061 Terra 250m 16-day
SO1604,Iskushuban,SO16,Bari,2018-12-03,0.14006393184961652,0.1374,0.10707881302653087,0.1062,0.7369689107167678,15906,0.07292776722420423,0.0048649399990733444,pixel_reliability=0 AND MODLAND_QA(bits0-1)=0 AND VI range -2000..10000,MOD13Q1 V061 Terra 250m 16-day
SO1604,Iskushuban,SO16,Bari,2018-12-19,0.13898621873467387,0.13820000000000002,0.10656567761974822,0.10700000000000001,0.5668350090348886,12234,0.3209933744150489,0.01491914933049159,pixel_reliability=0 AND MODLAND_QA(bits0-1)=0 AND VI range -2000..10000,MOD13Q1 V061 Terra 250m 16-day
SO1605,Qandala,SO16,Bari,2018-01-01,0.17034758743331357,0.1651,0.11928559573206877,0.11800000000000001,0.9424581005586592,8435,0.0032402234636871507,0.0,pixel_reliability=0 AND MODLAND_QA(bits0-1)=0 AND VI range -2000..10000,MOD13Q1 V061 Terra 250m 16-day
SO1605,Qandala,SO16,Bari,2018-01-17,0.16647316638974605,0.16240000000000002,0.11885856871587944,0.1173,0.9414525139664804,8426,0.002458100558659218,0.0,pixel_reliability=0 AND MODLAND_QA(bits0-1)=0 AND VI range -2000..10000,MOD13Q1 V061 Terra 250m 16-day
SO1605,Qandala,SO16,Bari,2018-02-02,0.1650275557620818,0.1615,0.11808980018587362,0.11720000000000001,0.9617877094972067,8608,0.000893854748603352,0.0,pixel_reliability=0 AND MODLAND_QA(bits0-1)=0 AND VI range -2000..10000,MOD13Q1 V061 Terra 250m 16-day
SO1605,Qandala,SO16,Bari,2018-02-18,0.15872822759668187,0.1564,0.11553645285664214,0.1148,0.9563128491620112,8559,0.005474860335195531,0.000223463687150838,pixel_reliability=0 AND MODLAND_QA(bits0-1)=0 AND VI range -2000..10000,MOD13Q1 V061 Terra 250m 16-day
SO1605,Qandala,SO16,Bari,2018-03-06,0.1587107694093072,0.1563,0.11641492398746664,0.11570000000000001,0.9627932960893855,8617,0.005139664804469274,0.0,pixel_reliability=0 AND MODLAND_QA(bits0-1)=0 AND VI range -2000..10000,MOD13Q1 V061 Terra 250m 16-day
SO1605,Qandala,SO16,Bari,2018-03-22,0.156881021474173,0.1542,0.11537268717353454,0.1145,0.9625698324022346,8615,0.002905027932960894,0.000223463687150838,pixel_reliability=0 AND MODLAND_QA(bits0-1)=0 AND VI range -2000..10000,MOD13Q1 V061 Terra 250m 16-day
SO1605,Qandala,SO16,Bari,2018-04-07,0.15469607333085597,0.1517,0.11889424005945745,0.11720000000000001,0.9020111731843575,8073,0.005251396648044693,0.000223463687150838,pixel_reliability=0 AND MODLAND_QA(bits0-1)=0 AND VI range -2000..10000,MOD13Q1 V061 Terra 250m 16-day
SO1605,Qandala,SO16,Bari,2018-04-23,0.1603959231766231,0.1542,0.11817281724991163,0.11570000000000001,0.948268156424581,8487,0.004134078212290503,0.000111731843575419,pixel_reliability=0 AND MODLAND_QA(bits0-1)=0 AND VI range -2000..10000,MOD13Q1 V061 Terra 250m 16-day
SO1605,Qandala,SO16,Bari,2018-05-09,0.16357083896327232,0.1603,0.12214996929124187,0.1203,0.909608938547486,8141,0.024804469273743017,0.005251396648044693,pixel_reliability=0 AND MODLAND_QA(bits0-1)=0 AND VI range -2000..10000,MOD13Q1 V061 Terra 250m 16-day
SO1605,Qandala,SO16,Bari,2018-05-25,0.17079705263157896,0.1703,0.12456585964912281,0.12535000000000002,0.9553072625698324,8550,0.009832402234636871,0.001005586592178771,pixel_reliability=0 AND MODLAND_QA(bits0-1)=0 AND VI range -2000..10000,MOD13Q1 V061 Terra 250m 16-day
SO1605,Qandala,SO16,Bari,2018-06-10,0.15337670838971584,0.15165,0.11313575778078484,0.1144,0.660558659217877,5912,0.16491620111731845,0.0031284916201117317,pixel_reliability=0 AND MODLAND_QA(bits0-1)=0 AND VI range -2000..10000,MOD13Q1 V061 Terra 250m 16-day
SO1605,Qandala,SO16,Bari,2018-06-26,0.1626972884525479,0.1627,0.1212008999532492,0.1221,0.955977653631285,8556,0.009720670391061453,0.002905027932960894,pixel_reliability=0 AND MODLAND_QA(bits0-1)=0 AND VI range -2000..10000,MOD13Q1 V061 Terra 250m 16-day
SO1605,Qandala,SO16,Bari,2018-07-12,0.15314651677110208,0.153,0.11440708932301266,0.1148,0.9093854748603352,8139,0.01675977653631285,0.002793296089385475,pixel_reliability=0 AND MODLAND_QA(bits0-1)=0 AND VI range -2000..10000,MOD13Q1 V061 Terra 250m 16-day
SO1605,Qandala,SO16,Bari,2018-07-28,0.15256217171122366,0.1522,0.11133093864091391,0.1119,0.9487150837988827,8491,0.009273743016759777,0.0023463687150837987,pixel_reliability=0 AND MODLAND_QA(bits0-1)=0 AND VI range -2000..10000,MOD13Q1 V061 Terra 250m 16-day
SO1605,Qandala,SO16,Bari,2018-08-13,0.15043601765688383,0.15030000000000002,0.10906051061799094,0.10980000000000001,0.9365363128491621,8382,0.011843575418994414,0.0022346368715083797,pixel_reliability=0 AND MODLAND_QA(bits0-1)=0 AND VI range -2000..10000,MOD13Q1 V061 Terra 250m 16-day
SO1605,Qandala,SO16,Bari,2018-08-29,0.15336005589845114,0.1529,0.11320588098288109,0.11380000000000001,0.959441340782123,8587,0.007486033519553073,0.000335195530726257,pixel_reliability=0 AND MODLAND_QA(bits0-1)=0 AND VI range -2000..10000,MOD13Q1 V061 Terra 250m 16-day
SO1605,Qandala,SO16,Bari,2018-09-14,0.1591114621256606,0.1569,0.11723626541397533,0.11660000000000001,0.9513966480446927,8515,0.007486033519553073,0.000223463687150838,pixel_reliability=0 AND MODLAND_QA(bits0-1)=0 AND VI range -2000..10000,MOD13Q1 V061 Terra 250m 16-day
SO1605,Qandala,SO16,Bari,2018-09-30,0.16211705507246377,0.15990000000000001,0.11895777391304348,0.1187,0.9636871508379888,8625,0.000670391061452514,0.0,pixel_reliability=0 AND MODLAND_QA(bits0-1)=0 AND VI range -2000..10000,MOD13Q1 V061 Terra 250m 16-day
SO1605,Qandala,SO16,Bari,2018-10-16,0.17030230048618522,0.1695,0.12287658010198034,0.1232,0.9422346368715084,8433,0.000223463687150838,0.0,pixel_reliability=0 AND MODLAND_QA(bits0-1)=0 AND VI range -2000..10000,MOD13Q1 V061 Terra 250m 16-day
SO1605,Qandala,SO16,Bari,2018-11-01,0.17657627869043457,0.1754,0.12658651986484912,0.1264,0.9589944134078212,8583,0.0007821229050279329,0.0,pixel_reliability=0 AND MODLAND_QA(bits0-1)=0 AND VI range -2000..10000,MOD13Q1 V061 Terra 250m 16-day
SO1605,Qandala,SO16,Bari,2018-11-17,0.1730694660079981,0.1713,0.1270497882851094,0.1269,0.9499441340782123,8502,0.000446927374301676,0.0,pixel_reliability=0 AND MODLAND_QA(bits0-1)=0 AND VI range -2000..10000,MOD13Q1 V061 Terra 250m 16-day
SO1605,Qandala,SO16,Bari,2018-12-03,0.17594110671936763,0.1736,0.12149387351778657,0.1211,0.9045810055865922,8096,0.002122905027932961,0.0,pixel_reliability=0 AND MODLAND_QA(bits0-1)=0 AND VI range -2000..10000,MOD13Q1 V061 Terra 250m 16-day
SO1605,Qandala,SO16,Bari,2018-12-19,0.1734961785714286,0.1706,0.12096402380952381,0.12090000000000001,0.9385474860335196,8400,0.01005586592178771,0.000446927374301676,pixel_reliability=0 AND MODLAND_QA(bits0-1)=0 AND VI range -2000..10000,MOD13Q1 V061 Terra 250m 16-day
SO1606,Qardho,SO16,Bari,2018-01-01,0.1308753276615314,0.1296,0.0959376776270407,0.0941,0.9961975444383361,21745,0.0,0.0,pixel_reliability=0 AND MODLAND_QA(bits0-1)=0 AND VI range -2000..10000,MOD13Q1 V061 Terra 250m 16-day
SO1606,Qardho,SO16,Bari,2018-01-17,0.12943271630907305,0.1282,0.09558311129808816,0.09380000000000001,0.9800714678394722,21393,4.581271761040865e-05,0.0,pixel_reliability=0 AND MODLAND_QA(bits0-1)=0 AND VI range -2000..10000,MOD13Q1 V061 Terra 250m 16-day
SO1606,Qardho,SO16,Bari,2018-02-02,0.13135447901049477,0.1302,0.09654161825337332,0.0947,0.9778266446765622,21344,0.0,0.0,pixel_reliability=0 AND MODLAND_QA(bits0-1)=0 AND VI range -2000..10000,MOD13Q1 V061 Terra 250m 16-day
SO1606,Qardho,SO16,Bari,2018-02-18,0.12730846118084613,0.1262,0.094365960018596,0.0927,0.9854315557998901,21510,0.0,0.0,pixel_reliability=0 AND MODLAND_QA(bits0-1)=0 AND VI range -2000..10000,MOD13Q1 V061 Terra 250m 16-day
SO1606,Qardho,SO16,Bari,2018-03-06,0.12981283311891198,0.12890000000000001,0.09618136371990443,0.0942,0.9970679860729339,21764,0.0,0.0,pixel_reliability=0 AND MODLAND_QA(bits0-1)=0 AND VI range -2000..10000,MOD13Q1 V061 Terra 250m 16-day
SO1606,Qardho,SO16,Bari,2018-03-22,0.12714757488639525,0.126,0.09462047667624965,0.09290000000000001,0.9879970679860729,21566,0.0,0.0,pixel_reliability=0 AND MODLAND_QA(bits0-1)=0 AND VI range -2000..10000,MOD13Q1 V061 Terra 250m 16-day
SO1606,Qardho,SO16,Bari,2018-04-07,0.12656895183211916,0.1254,0.09554035555072307,0.0935,0.8426791277258567,18394,0.0003665017408832692,0.0,pixel_reliability=0 AND MODLAND_QA(bits0-1)=0 AND VI range -2000..10000,MOD13Q1 V061 Terra 250m 16-day
SO1606,Qardho,SO16,Bari,2018-04-23,0.1331625361253359,0.1307,0.09799971099731279,0.0964,0.9035642294300897,19723,0.002244823162910024,0.0,pixel_reliability=0 AND MODLAND_QA(bits0-1)=0 AND VI range -2000..10000,MOD13Q1 V061 Terra 250m 16-day
SO1606,Qardho,SO16,Bari,2018-05-09,0.14395796101620675,0.14170000000000002,0.10310715067893123,0.10250000000000001,0.41836173721825176,9132,0.3802913688840022,0.006413780465457211,pixel_reliability=0 AND MODLAND_QA(bits0-1)=0 AND VI range -2000..10000,MOD13Q1 V061 Terra 250m 16-day
SO1606,Qardho,SO16,Bari,2018-05-25,0.14115509829743203,0.1381,0.10436192738218418,0.10200000000000001,0.9740700018325087,21262,0.00032068902327286056,0.0,pixel_reliability=0 AND MODLAND_QA(bits0-1)=0 AND VI range -2000..10000,MOD13Q1 V061 Terra 250m 16-day
SO1606,Qardho,SO16,Bari,2018-06-10,0.13586763401465488,0.1327,0.09944145295025068,0.09720000000000001,0.9503390141103171,20744,0.005864027854132307,0.0,pixel_reliability=0 AND MODLAND_QA(bits0-1)=0 AND VI range -2000..10000,MOD13Q1 V061 Terra 250m 16-day
SO1606,Qardho,SO16,Bari,2018-06-26,0.13338607269218397,0.1311,0.09918479529476634,0.09670000000000001,0.9970221733553234,21763,0.0,0.0,pixel_reliability=0 AND MODLAND_QA(bits0-1)=0 AND VI range -2000..10000,MOD13Q1 V061 Terra 250m 16-day
SO1606,Qardho,SO16,Bari,2018-07-12,0.12392350963977677,0.1218,0.09303149416539827,0.0897,0.7223749312809236,15768,0.09927615906175555,0.0005039398937144951,pixel_reliability=0 AND MODLAND_QA(bits0-1)=0 AND VI range -2000..10000,MOD13Q1 V061 Terra 250m 16-day
SO1606,Qardho,SO16,Bari,2018-07-28,0.12579426931444707,0.124,0.09281129472758412,0.0906,0.989692138537658,21603,4.581271761040865e-05,0.0,pixel_reliability=0 AND MODLAND_QA(bits0-1)=0 AND VI range -2000..10000,MOD13Q1 V061 Terra 250m 16-day
SO1606,Qardho,SO16,Bari,2018-08-13,0.12371332273747196,0.12200000000000001,0.09122129768137623,0.0891,0.9800256551218618,21392,9.16254352208173e-05,0.0,pixel_reliability=0 AND MODLAND_QA(bits0-1)=0 AND VI range -2000..10000,MOD13Q1 V061 Terra 250m 16-day
SO1606,Qardho,SO16,Bari,2018-08-29,0.12507815836915825,0.12350000000000001,0.09345502704201913,0.0911,0.9910665200659703,21633,0.0,0.0,pixel_reliability=0 AND MODLAND_QA(bits0-1)=0 AND VI range -2000..10000,MOD13Q1 V061 Terra 250m 16-day
SO1606,Qardho,SO16,Bari,2018-09-14,0.12722861226976614,0.1255,0.09483045882738904,0.0927,0.9775059556532893,21337,9.16254352208173e-05,0.0,pixel_reliability=0 AND MODLAND_QA(bits0-1)=0 AND VI range -2000..10000,MOD13Q1 V061 Terra 250m 16-day
SO1606,Qardho,SO16,Bari,2018-09-30,0.13400280634802442,0.13240000000000002,0.09919561129985573,0.0975,0.9843778632948507,21487,0.00022906358805204326,0.0,pixel_reliability=0 AND MODLAND_QA(bits0-1)=0 AND VI range -2000..10000,MOD13Q1 V061 Terra 250m 16-day
SO1606,Qardho,SO16,Bari,2018-10-16,0.139460528918736,0.1365,0.10307085741058879,0.10110000000000001,0.8800164925783397,19209,0.0,0.0,pixel_reliability=0 AND MODLAND_QA(bits0-1)=0 AND VI range -2000..10000,MOD13Q1 V061 Terra 250m 16-day
SO1606,Qardho,SO16,Bari,2018-11-01,0.13953295571095573,0.13670000000000002,0.10322711888111888,0.10070000000000001,0.9826827927432655,21450,0.0,0.0,pixel_reliability=0 AND MODLAND_QA(bits0-1)=0 AND VI range -2000..10000,MOD13Q1 V061 Terra 250m 16-day
SO1606,Qardho,SO16,Bari,2018-11-17,0.13649518292682927,0.134,0.10130404979674797,0.0989,0.9015942825728422,19680,0.0,0.0,pixel_reliability=0 AND MODLAND_QA(bits0-1)=0 AND VI range -2000..10000,MOD13Q1 V061 Terra 250m 16-day
SO1606,Qardho,SO16,Bari,2018-12-03,0.13468107487807213,0.1326,0.09801414363584202,0.09570000000000001,0.9581271761040865,20914,0.0005039398937144951,0.0,pixel_reliability=0 AND MODLAND_QA(bits0-1)=0 AND VI range -2000..10000,MOD13Q1 V061 Terra 250m 16-day
SO1606,Qardho,SO16,Bari,2018-12-19,0.1329417200239532,0.1313,0.09685102952692433,0.0949,0.9945482866043613,21709,0.0,0.0,pixel_reliability=0 AND MODLAND_QA(bits0-1)=0 AND VI range -2000..10000,MOD13Q1 V061 Terra 250m 16-day
SO1701,Garoowe,SO17,Nugaal,2018-01-01,0.13562110702573785,0.1361,0.10316816058829374,0.1039,0.9955480807281362,10063,9.893153937475267e-05,0.0,pixel_reliability=0 AND MODLAND_QA(bits0-1)=0 AND VI range -2000..10000,MOD13Q1 V061 Terra 250m 16-day
SO1701,Garoowe,SO17,Nugaal,2018-01-17,0.1329343587174349,0.1341,0.10133773547094188,0.10210000000000001,0.9873367629600317,9980,9.893153937475267e-05,0.0,pixel_reliability=0 AND MODLAND_QA(bits0-1)=0 AND VI range -2000..10000,MOD13Q1 V061 Terra 250m 16-day
SO1701,Garoowe,SO17,Nugaal,2018-02-02,0.13283203903232366,0.1345,0.10186430168733482,0.1024,0.9732884843688168,9838,0.0,0.0,pixel_reliability=0 AND MODLAND_QA(bits0-1)=0 AND VI range -2000..10000,MOD13Q1 V061 Terra 250m 16-day
SO1701,Garoowe,SO17,Nugaal,2018-02-18,0.13016744744744746,0.1318,0.09917851851851853,0.09970000000000001,0.9883260783537792,9990,9.893153937475267e-05,0.0,pixel_reliability=0 AND MODLAND_QA(bits0-1)=0 AND VI range -2000..10000,MOD13Q1 V061 Terra 250m 16-day
SO1701,Garoowe,SO17,Nugaal,2018-03-06,0.13220431017320328,0.1343,0.10201839538124627,0.10250000000000001,0.9938662445587654,10046,0.0,0.0,pixel_reliability=0 AND MODLAND_QA(bits0-1)=0 AND VI range -2000..10000,MOD13Q1 V061 Terra 250m 16-day
SO1701,Garoowe,SO17,Nugaal,2018-03-22,0.1282832862966447,0.1303,0.10036958294136093,0.1012,0.9464780371982588,9567,0.0028690146418678276,0.0,pixel_reliability=0 AND MODLAND_QA(bits0-1)=0 AND VI range -2000..10000,MOD13Q1 V061 Terra 250m 16-day
SO1701,Garoowe,SO17,Nugaal,2018-04-07,0.13666120689655173,0.13670000000000002,0.10657186711522289,0.1057,0.9410368025326474,9512,0.0003957261574990107,0.0,pixel_reliability=0 AND MODLAND_QA(bits0-1)=0 AND VI range -2000..10000,MOD13Q1 V061 Terra 250m 16-day
SO1701,Garoowe,SO17,Nugaal,2018-04-23,0.15011708639595134,0.14500000000000002,0.11572560549463791,0.113,0.8210328452710725,8299,0.01741195092995647,0.0,pixel_reliability=0 AND MODLAND_QA(bits0-1)=0 AND VI range -2000..10000,MOD13Q1 V061 Terra 250m 16-day
SO1701,Garoowe,SO17,Nugaal,2018-05-09,0.15417768549280178,0.15,0.11562264673311186,0.1116,0.1786703601108033,1806,0.4034428175702414,0.08814800158290463,pixel_reliability=0 AND MODLAND_QA(bits0-1)=0 AND VI range -2000..10000,MOD13Q1 V061 Terra 250m 16-day
SO1701,Garoowe,SO17,Nugaal,2018-05-25,0.1493676262786038,0.1441,0.11530561003901718,0.1119,0.9381677878907796,9483,0.013157894736842105,0.0016818361693707953,pixel_reliability=0 AND MODLAND_QA(bits0-1)=0 AND VI range -2000..10000,MOD13Q1 V061 Terra 250m 16-day
SO1701,Garoowe,SO17,Nugaal,2018-06-10,0.1343595688695476,0.1308,0.10314026920352191,0.1008,0.9775425405619311,9881,0.004352987732489117,0.0,pixel_reliability=0 AND MODLAND_QA(bits0-1)=0 AND VI range -2000..10000,MOD13Q1 V061 Terra 250m 16-day
SO1701,Garoowe,SO17,Nugaal,2018-06-26,0.13524734367183594,0.1333,0.10323287643821913,0.10210000000000001,0.9888207360506529,9995,0.0009893153937475267,0.0,pixel_reliability=0 AND MODLAND_QA(bits0-1)=0 AND VI range -2000..10000,MOD13Q1 V061 Terra 250m 16-day
SO1701,Garoowe,SO17,Nugaal,2018-07-12,0.12574221072186836,0.12440000000000001,0.09639597929936305,0.0955,0.7455480807281362,7536,0.03719825880490701,0.0007914523149980214,pixel_reliability=0 AND MODLAND_QA(bits0-1)=0 AND VI range -2000..10000,MOD13Q1 V061 Terra 250m 16-day
SO1701,Garoowe,SO17,Nugaal,2018-07-28,0.12671941381023347,0.1267,0.09725961251862891,0.0974,0.9957459438068856,10065,9.893153937475267e-05,0.0,pixel_reliability=0 AND MODLAND_QA(bits0-1)=0 AND VI range -2000..10000,MOD13Q1 V061 Terra 250m 16-day
SO1701,Garoowe,SO17,Nugaal,2018-08-13,0.12449511004983388,0.125,0.09605449543189369,0.09620000000000001,0.9529085872576177,9632,0.0018796992481203006,0.0,pixel_reliability=0 AND MODLAND_QA(bits0-1)=0 AND VI range -2000..10000,MOD13Q1 V061 Terra 250m 16-day
SO1701,Garoowe,SO17,Nugaal,2018-08-29,0.12524982803543513,0.1258,0.09818439812402292,0.09820000000000001,0.9492481203007519,9595,9.893153937475267e-05,0.0,pixel_reliability=0 AND MODLAND_QA(bits0-1)=0 AND VI range -2000..10000,MOD13Q1 V061 Terra 250m 16-day
SO1701,Garoowe,SO17,Nugaal,2018-09-14,0.1275023246492986,0.128,0.09909521042084168,0.0989,0.9873367629600317,9980,0.00019786307874950534,0.0,pixel_reliability=0 AND MODLAND_QA(bits0-1)=0 AND VI range -2000..10000,MOD13Q1 V061 Terra 250m 16-day
SO1701,Garoowe,SO17,Nugaal,2018-09-30,0.14279170931422724,0.1394,0.11189650972364382,0.10890000000000001,0.9665611396913336,9770,0.00890383854372774,0.0,pixel_reliability=0 AND MODLAND_QA(bits0-1)=0 AND VI range -2000..10000,MOD13Q1 V061 Terra 250m 16-day
SO1701,Garoowe,SO17,Nugaal,2018-10-16,0.15124552346972905,0.1441,0.11527345300479429,0.11120000000000001,0.8873169766521567,8969,0.0003957261574990107,0.0,pixel_reliability=0 AND MODLAND_QA(bits0-1)=0 AND VI range -2000..10000,MOD13Q1 V061 Terra 250m 16-day
SO1701,Garoowe,SO17,Nugaal,2018-11-01,0.14243814907872696,0.1396,0.11017353433835846,0.10740000000000001,0.9449940641076375,9552,9.893153937475267e-05,0.0,pixel_reliability=0 AND MODLAND_QA(bits0-1)=0 AND VI range -2000..10000,MOD13Q1 V061 Terra 250m 16-day
SO1701,Garoowe,SO17,Nugaal,2018-11-17,0.1337640327308256,0.13305,0.10251860039081583,0.10200000000000001,0.8100514444004748,8188,9.893153937475267e-05,0.0,pixel_reliability=0 AND MODLAND_QA(bits0-1)=0 AND VI range -2000..10000,MOD13Q1 V061 Terra 250m 16-day
SO1701,Garoowe,SO17,Nugaal,2018-12-03,0.1358277940139071,0.13520000000000001,0.10167169202862039,0.10160000000000001,0.9816976652156707,9923,0.00019786307874950534,0.0,pixel_reliability=0 AND MODLAND_QA(bits0-1)=0 AND VI range -2000..10000,MOD13Q1 V061 Terra 250m 16-day
SO1701,Garoowe,SO17,Nugaal,2018-12-19,0.1323459464896399,0.13265,0.10075904244618789,0.1009,0.9835773644637911,9942,9.893153937475267e-05,0.0,pixel_reliability=0 AND MODLAND_QA(bits0-1)=0 AND VI range -2000..10000,MOD13Q1 V061 Terra 250m 16-day
SO1702,Burtinle,SO17,Nugaal,2018-01-01,0.1767369328331547,0.17700000000000002,0.11356490710968203,0.1134,0.9868664609960335,11196,0.00044072278536800354,0.0,pixel_reliability=0 AND MODLAND_QA(bits0-1)=0 AND VI range -2000..10000,MOD13Q1 V061 Terra 250m 16-day
SO1702,Burtinle,SO17,Nugaal,2018-01-17,0.16947373683270847,0.17020000000000002,0.11022879842885198,0.1102,0.9873953283384751,11202,0.00044072278536800354,0.0,pixel_reliability=0 AND MODLAND_QA(bits0-1)=0 AND VI range -2000..10000,MOD13Q1 V061 Terra 250m 16-day
SO1702,Burtinle,SO17,Nugaal,2018-02-02,0.16613553041774295,0.16720000000000002,0.10854287877438319,0.1087,0.9895989422653151,11227,0.0,0.0,pixel_reliability=0 AND MODLAND_QA(bits0-1)=0 AND VI range -2000..10000,MOD13Q1 V061 Terra 250m 16-day
SO1702,Burtinle,SO17,Nugaal,2018-02-18,0.16281056432201124,0.164,0.10562415975751092,0.1056,0.9887174966945791,11217,8.814455707360071e-05,0.0,pixel_reliability=0 AND MODLAND_QA(bits0-1)=0 AND VI range -2000..10000,MOD13Q1 V061 Terra 250m 16-day
SO1702,Burtinle,SO17,Nugaal,2018-03-06,0.16392594580091227,0.16540000000000002,0.1082749217422413,0.1087,0.9855442926399295,11181,0.00044072278536800354,0.0,pixel_reliability=0 AND MODLAND_QA(bits0-1)=0 AND VI range -2000..10000,MOD13Q1 V061 Terra 250m 16-day
SO1702,Burtinle,SO17,Nugaal,2018-03-22,0.16243824388053,0.1627,0.11072210869077026,0.1107,0.7850154252974879,8906,0.007933010136624064,0.0,pixel_reliability=0 AND MODLAND_QA(bits0-1)=0 AND VI range -2000..10000,MOD13Q1 V061 Terra 250m 16-day
SO1702,Burtinle,SO17,Nugaal,2018-04-07,0.18283159248490274,0.17800000000000002,0.12540331022142698,0.1217,0.7881886293521375,8942,0.0738651388276774,0.0,pixel_reliability=0 AND MODLAND_QA(bits0-1)=0 AND VI range -2000..10000,MOD13Q1 V061 Terra 250m 16-day
SO1702,Burtinle,SO17,Nugaal,2018-04-23,0.21377881090746537,0.2169,0.1490607063030845,0.1502,0.19717937417364478,2237,0.5826355222565006,0.0021154693697664167,pixel_reliability=0 AND MODLAND_QA(bits0-1)=0 AND VI range -2000..10000,MOD13Q1 V061 Terra 250m 16-day
SO1702,Burtinle,SO17,Nugaal,2018-05-09,0.23916141592920356,0.2452,0.15561884955752214,0.15725,0.09960334949316879,1130,0.43076245041868666,0.13459673865138827,pixel_reliability=0 AND MODLAND_QA(bits0-1)=0 AND VI range -2000..10000,MOD13Q1 V061 Terra 250m 16-day
SO1702,Burtinle,SO17,Nugaal,2018-05-25,0.20940497845859263,0.2127,0.14279100047869794,0.1433,0.18413397972675188,2089,0.4647862494490965,0.09687086822388717,pixel_reliability=0 AND MODLAND_QA(bits0-1)=0 AND VI range -2000..10000,MOD13Q1 V061 Terra 250m 16-day
SO1702,Burtinle,SO17,Nugaal,2018-06-10,0.20303079356347134,0.2053,0.13334570210424976,0.1338,0.6408990744821508,7271,0.17708241516086382,0.0,pixel_reliability=0 AND MODLAND_QA(bits0-1)=0 AND VI range -2000..10000,MOD13Q1 V061 Terra 250m 16-day
SO1702,Burtinle,SO17,Nugaal,2018-06-26,0.1889176556039781,0.191,0.12567976310202258,0.126,0.7888056412516528,8949,0.05773468488320846,0.0,pixel_reliability=0 AND MODLAND_QA(bits0-1)=0 AND VI range -2000..10000,MOD13Q1 V061 Terra 250m 16-day
SO1702,Burtinle,SO17,Nugaal,2018-07-12,0.1690089332460733,0.17500000000000002,0.11108383507853405,0.11280000000000001,0.26936976641692373,3056,0.39955927721463197,0.0,pixel_reliability=0 AND MODLAND_QA(bits0-1)=0 AND VI range -2000..10000,MOD13Q1 V061 Terra 250m 16-day
SO1702,Burtinle,SO17,Nugaal,2018-07-28,0.16686457772996235,0.1685,0.10873570916263224,0.10890000000000001,0.9831643895989423,11154,0.0016747465843984133,0.0,pixel_reliability=0 AND MODLAND_QA(bits0-1)=0 AND VI range -2000..10000,MOD13Q1 V061 Terra 250m 16-day
SO1702,Burtinle,SO17,Nugaal,2018-08-13,0.16122208005634464,0.16190000000000002,0.10476138044371407,0.1043,0.7509034817100044,8519,0.06064345526663729,0.0,pixel_reliability=0 AND MODLAND_QA(bits0-1)=0 AND VI range -2000..10000,MOD13Q1 V061 Terra 250m 16-day
SO1702,Burtinle,SO17,Nugaal,2018-08-29,0.1613602587463557,0.1628,0.10807552842565599,0.10840000000000001,0.9674746584398414,10976,0.00044072278536800354,0.0,pixel_reliability=0 AND MODLAND_QA(bits0-1)=0 AND VI range -2000..10000,MOD13Q1 V061 Terra 250m 16-day
SO1702,Burtinle,SO17,Nugaal,2018-09-14,0.16094026212922513,0.1615,0.11114564267647738,0.11125000000000002,0.7666813574261789,8698,0.02891141472014103,0.0,pixel_reliability=0 AND MODLAND_QA(bits0-1)=0 AND VI range -2000..10000,MOD13Q1 V061 Terra 250m 16-day
SO1702,Burtinle,SO17,Nugaal,2018-09-30,0.19724624277456645,0.195,0.13278944029324685,0.131,0.6252093433230498,7093,0.06928162185985015,0.0,pixel_reliability=0 AND MODLAND_QA(bits0-1)=0 AND VI range -2000..10000,MOD13Q1 V061 Terra 250m 16-day
SO1702,Burtinle,SO17,Nugaal,2018-10-16,0.21340019358125317,0.2131,0.14200856851757515,0.1411,0.8651388276773909,9815,0.00872631115028647,0.0,pixel_reliability=0 AND MODLAND_QA(bits0-1)=0 AND VI range -2000..10000,MOD13Q1 V061 Terra 250m 16-day
SO1702,Burtinle,SO17,Nugaal,2018-11-01,0.20142854578096947,0.202,0.13166313899650384,0.1308,0.9328338475099163,10583,0.00017628911414720142,0.0,pixel_reliability=0 AND MODLAND_QA(bits0-1)=0 AND VI range -2000..10000,MOD13Q1 V061 Terra 250m 16-day
SO1702,Burtinle,SO17,Nugaal,2018-11-17,0.1871768216516308,0.1885,0.1212861703182314,0.1206,0.8891141472014104,10087,0.0,0.0,pixel_reliability=0 AND MODLAND_QA(bits0-1)=0 AND VI range -2000..10000,MOD13Q1 V061 Terra 250m 16-day
SO1702,Burtinle,SO17,Nugaal,2018-12-03,0.1811093151660878,0.18280000000000002,0.11520333066167959,0.11520000000000001,0.9897752313794623,11229,0.0,0.0,pixel_reliability=0 AND MODLAND_QA(bits0-1)=0 AND VI range -2000..10000,MOD13Q1 V061 Terra 250m 16-day
SO1702,Burtinle,SO17,Nugaal,2018-12-19,0.172999311627907,0.17500000000000002,0.11229336744186047,0.11270000000000001,0.9475539885412075,10750,0.00017628911414720142,0.0,pixel_reliability=0 AND MODLAND_QA(bits0-1)=0 AND VI range -2000..10000,MOD13Q1 V061 Terra 250m 16-day
SO1703,Eyl,SO17,Nugaal,2018-01-01,0.1492012911929081,0.14980000000000002,0.10610342069762962,0.1075,0.9347865249504593,10378,0.0191857323004864,0.005314357773374167,pixel_reliability=0 AND MODLAND_QA(bits0-1)=0 AND VI range -2000..10000,MOD13Q1 V061 Terra 250m 16-day
SO1703,Eyl,SO17,Nugaal,2018-01-17,0.1463789417057903,0.1481,0.10651701877934275,0.1078,0.9209151504233472,10224,0.021437578814627996,0.004053323725454873,pixel_reliability=0 AND MODLAND_QA(bits0-1)=0 AND VI range -2000..10000,MOD13Q1 V061 Terra 250m 16-day
SO1703,Eyl,SO17,Nugaal,2018-02-02,0.14548270323212537,0.1469,0.10504556317335943,0.1067,0.9196541163754278,10210,0.017294181228607458,0.0018915510718789407,pixel_reliability=0 AND MODLAND_QA(bits0-1)=0 AND VI range -2000..10000,MOD13Q1 V061 Terra 250m 16-day
SO1703,Eyl,SO17,Nugaal,2018-02-18,0.13965895654370897,0.1395,0.10131560131379486,0.1028,0.713024680237795,7916,0.11997838227346425,0.004503693028283192,pixel_reliability=0 AND MODLAND_QA(bits0-1)=0 AND VI range -2000..10000,MOD13Q1 V061 Terra 250m 16-day
SO1703,Eyl,SO17,Nugaal,2018-03-06,0.14419930684369814,0.14550000000000002,0.1043544274138436,0.10590000000000001,0.9226265537740947,10243,0.017294181228607458,0.008016573590344082,pixel_reliability=0 AND MODLAND_QA(bits0-1)=0 AND VI range -2000..10000,MOD13Q1 V061 Terra 250m 16-day
SO1703,Eyl,SO17,Nugaal,2018-03-22,0.1408206470980654,0.14150000000000001,0.10390041138536803,0.1056,0.8101243019275807,8994,0.03530895334174023,0.002431994235272924,pixel_reliability=0 AND MODLAND_QA(bits0-1)=0 AND VI range -2000..10000,MOD13Q1 V061 Terra 250m 16-day
SO1703,Eyl,SO17,Nugaal,2018-04-07,0.1473982033639144,0.1456,0.10997098623853212,0.10940000000000001,0.7068996577193298,7848,0.10160331471806881,0.004233471446586201,pixel_reliability=0 AND MODLAND_QA(bits0-1)=0 AND VI range -2000..10000,MOD13Q1 V061 Terra 250m 16-day
SO1703,Eyl,SO17,Nugaal,2018-04-23,0.16238515853983482,0.15610000000000002,0.12039440447641887,0.1192,0.6760943974058728,7506,0.07088812826517744,0.008466942893172402,pixel_reliability=0 AND MODLAND_QA(bits0-1)=0 AND VI range -2000..10000,MOD13Q1 V061 Terra 250m 16-day
SO1703,Eyl,SO17,Nugaal,2018-05-09,0.195011,0.20020000000000002,0.13824945238095238,0.14170000000000002,0.37831021437578816,4200,0.23473248063411997,0.04800936768149883,pixel_reliability=0 AND MODLAND_QA(bits0-1)=0 AND VI range -2000..10000,MOD13Q1 V061 Terra 250m 16-day
SO1703,Eyl,SO17,Nugaal,2018-05-25,0.17347472333757716,0.17300000000000001,0.12662719616100285,0.12760000000000002,0.9197441902359935,10211,0.014141596108809223,0.006034948657899478,pixel_reliability=0 AND MODLAND_QA(bits0-1)=0 AND VI range -2000..10000,MOD13Q1 V061 Terra 250m 16-day
SO1703,Eyl,SO17,Nugaal,2018-06-10,0.15593492362626463,0.1535,0.11315732989486213,0.11280000000000001,0.9081246622230229,10082,0.020086470906143038,0.008737164474869392,pixel_reliability=0 AND MODLAND_QA(bits0-1)=0 AND VI range -2000..10000,MOD13Q1 V061 Terra 250m 16-day
SO1703,Eyl,SO17,Nugaal,2018-06-26,0.15466824192921044,0.1542,0.11217993971217426,0.11315,0.9263195820572869,10284,0.016483516483516484,0.008376869032606737,pixel_reliability=0 AND MODLAND_QA(bits0-1)=0 AND VI range -2000..10000,MOD13Q1 V061 Terra 250m 16-day
SO1703,Eyl,SO17,Nugaal,2018-07-12,0.1418615831987076,0.1411,0.10447004846526656,0.10600000000000001,0.8363357953521888,9285,0.04737885065753918,0.008917312196000721,pixel_reliability=0 AND MODLAND_QA(bits0-1)=0 AND VI range -2000..10000,MOD13Q1 V061 Terra 250m 16-day
SO1703,Eyl,SO17,Nugaal,2018-07-28,0.14303341645885287,0.1447,0.10336536543257242,0.10550000000000001,0.9391100702576113,10426,0.018825436858223743,0.006305170239596469,pixel_reliability=0 AND MODLAND_QA(bits0-1)=0 AND VI range -2000..10000,MOD13Q1 V061 Terra 250m 16-day
SO1703,Eyl,SO17,Nugaal,2018-08-13,0.13923697662337658,0.1404,0.10144594285714287,0.10350000000000001,0.8669609079445145,9625,0.030985408034588362,0.009277607638263376,pixel_reliability=0 AND MODLAND_QA(bits0-1)=0 AND VI range -2000..10000,MOD13Q1 V061 Terra 250m 16-day
SO1703,Eyl,SO17,Nugaal,2018-08-29,0.14137131374988038,0.1432,0.10423513539374223,0.1066,0.9413619167717528,10451,0.018645289137092416,0.003422806701495226,pixel_reliability=0 AND MODLAND_QA(bits0-1)=0 AND VI range -2000..10000,MOD13Q1 V061 Terra 250m 16-day
SO1703,Eyl,SO17,Nugaal,2018-09-14,0.1398684612294094,0.1424,0.10530710124548011,0.1073,0.8967753557917493,9956,0.03197622050081066,0.0030625112592325707,pixel_reliability=0 AND MODLAND_QA(bits0-1)=0 AND VI range -2000..10000,MOD13Q1 V061 Terra 250m 16-day
SO1703,Eyl,SO17,Nugaal,2018-09-30,0.15658964599959074,0.1554,0.11410285451197055,0.11470000000000001,0.8803819131687984,9774,0.042695009908124665,0.002431994235272924,pixel_reliability=0 AND MODLAND_QA(bits0-1)=0 AND VI range -2000..10000,MOD13Q1 V061 Terra 250m 16-day
SO1703,Eyl,SO17,Nugaal,2018-10-16,0.16985850739263086,0.1655,0.12580228819525932,0.125,0.7676094397405873,8522,0.022878760583678617,0.00027022158169699153,pixel_reliability=0 AND MODLAND_QA(bits0-1)=0 AND VI range -2000..10000,MOD13Q1 V061 Terra 250m 16-day
SO1703,Eyl,SO17,Nugaal,2018-11-01,0.1757356971634039,0.1731,0.12903351977626848,0.1282,0.9018194919834264,10012,0.011889749594667627,0.0018014772113132769,pixel_reliability=0 AND MODLAND_QA(bits0-1)=0 AND VI range -2000..10000,MOD13Q1 V061 Terra 250m 16-day
SO1703,Eyl,SO17,Nugaal,2018-11-17,0.17150868571428574,0.1678,0.12214603174603175,0.1197,0.7093316519546028,7875,0.010718789407313998,0.0016213294901819492,pixel_reliability=0 AND MODLAND_QA(bits0-1)=0 AND VI range -2000..10000,MOD13Q1 V061 Terra 250m 16-day
SO1703,Eyl,SO17,Nugaal,2018-12-03,0.15924327968227425,0.159,0.11288548285953179,0.1129,0.8618266978922716,9568,0.029183930823275087,0.00351288056206089,pixel_reliability=0 AND MODLAND_QA(bits0-1)=0 AND VI range -2000..10000,MOD13Q1 V061 Terra 250m 16-day
SO1703,Eyl,SO17,Nugaal,2018-12-19,0.15690134825014346,0.1578,0.11175388219544846,0.113,0.9419924337957125,10458,0.01405152224824356,0.00351288056206089,pixel_reliability=0 AND MODLAND_QA(bits0-1)=0 AND VI range -2000..10000,MOD13Q1 V061 Terra 250m 16-day
SO1801,Gaalkacyo,SO18,Mudug,2018-01-01,0.17670754760398094,0.1771,0.1173434332393718,0.11670000000000001,0.9839248316069508,17383,0.0014150676402332031,0.0,pixel_reliability=0 AND MODLAND_QA(bits0-1)=0 AND VI range -2000..10000,MOD13Q1 V061 Terra 250m 16-day
SO1801,Gaalkacyo,SO18,Mudug,2018-01-17,0.1702982877917204,0.1714,0.11407291544505688,0.11380000000000001,0.9653025414614819,17054,0.00090564328974925,0.0,pixel_reliability=0 AND MODLAND_QA(bits0-1)=0 AND VI range -2000..10000,MOD13Q1 V061 Terra 250m 16-day
SO1801,Gaalkacyo,SO18,Mudug,2018-02-02,0.16769539458591418,0.1694,0.11215430144528561,0.1119,0.9869247750042452,17436,0.00011320541121865625,0.0,pixel_reliability=0 AND MODLAND_QA(bits0-1)=0 AND VI range -2000..10000,MOD13Q1 V061 Terra 250m 16-day
SO1801,Gaalkacyo,SO18,Mudug,2018-02-18,0.16434580024813897,0.16625,0.11038684863523573,0.1102,0.9124356144223694,16120,0.010301692420897719,0.0,pixel_reliability=0 AND MODLAND_QA(bits0-1)=0 AND VI range -2000..10000,MOD13Q1 V061 Terra 250m 16-day
SO1801,Gaalkacyo,SO18,Mudug,2018-03-06,0.16762598339536217,0.16970000000000002,0.11279793873461208,0.1126,0.9885662534669157,17465,0.0006226297617026094,0.0,pixel_reliability=0 AND MODLAND_QA(bits0-1)=0 AND VI range -2000..10000,MOD13Q1 V061 Terra 250m 16-day
SO1801,Gaalkacyo,SO18,Mudug,2018-03-22,0.16926518327024284,0.1673,0.11643549995383622,0.11470000000000001,0.6130639044546329,10831,0.024678779645667063,0.0,pixel_reliability=0 AND MODLAND_QA(bits0-1)=0 AND VI range -2000..10000,MOD13Q1 V061 Terra 250m 16-day
SO1801,Gaalkacyo,SO18,Mudug,2018-04-07,0.19486047276464544,0.19340000000000002,0.13476713257965056,0.13240000000000002,0.2753721627893813,4865,0.5314994056715912,0.0060564895001981095,pixel_reliability=0 AND MODLAND_QA(bits0-1)=0 AND VI range -2000..10000,MOD13Q1 V061 Terra 250m 16-day
SO1801,Gaalkacyo,SO18,Mudug,2018-04-23,0.24250357682619647,0.2505,0.16027304785894209,0.1641,0.11235637063451633,1985,0.6949680194713307,0.01092432218260033,pixel_reliability=0 AND MODLAND_QA(bits0-1)=0 AND VI range -2000..10000,MOD13Q1 V061 Terra 250m 16-day
SO1801,Gaalkacyo,SO18,Mudug,2018-05-09,0.2291659217877095,0.23220000000000002,0.16225530726256984,0.16340000000000002,0.21276957038546443,3759,0.31827701364125205,0.14111054508405502,pixel_reliability=0 AND MODLAND_QA(bits0-1)=0 AND VI range -2000..10000,MOD13Q1 V061 Terra 250m 16-day
SO1801,Gaalkacyo,SO18,Mudug,2018-05-25,0.22733565406581455,0.2255,0.15908897198803376,0.1577,0.41625629705099904,7354,0.32993717099677367,0.039735099337748346,pixel_reliability=0 AND MODLAND_QA(bits0-1)=0 AND VI range -2000..10000,MOD13Q1 V061 Terra 250m 16-day
SO1801,Gaalkacyo,SO18,Mudug,2018-06-10,0.21044138284776367,0.21000000000000002,0.14096204349610175,0.1399,0.8276447614195959,14622,0.08263995018961906,0.0,pixel_reliability=0 AND MODLAND_QA(bits0-1)=0 AND VI range -2000..10000,MOD13Q1 V061 Terra 250m 16-day
SO1801,Gaalkacyo,SO18,Mudug,2018-06-26,0.19532447254530702,0.1956,0.13052226129294023,0.1301,0.8370408105507443,14788,0.018961906379124923,0.0,pixel_reliability=0 AND MODLAND_QA(bits0-1)=0 AND VI range -2000..10000,MOD13Q1 V061 Terra 250m 16-day
SO1801,Gaalkacyo,SO18,Mudug,2018-07-12,0.17732319145049324,0.17895,0.12005615637559372,0.12010000000000001,0.6196864210109243,10948,0.18667572309956415,0.0,pixel_reliability=0 AND MODLAND_QA(bits0-1)=0 AND VI range -2000..10000,MOD13Q1 V061 Terra 250m 16-day
SO1801,Gaalkacyo,SO18,Mudug,2018-07-28,0.17760558969510754,0.1789,0.11821964665563696,0.1184,0.9579441897322692,16924,0.004641421859964906,0.0,pixel_reliability=0 AND MODLAND_QA(bits0-1)=0 AND VI range -2000..10000,MOD13Q1 V061 Terra 250m 16-day
SO1801,Gaalkacyo,SO18,Mudug,2018-08-13,0.16743908726702667,0.1703,0.11406229750914476,0.1145,0.6499122658063056,11482,0.15067640233203147,0.0,pixel_reliability=0 AND MODLAND_QA(bits0-1)=0 AND VI range -2000..10000,MOD13Q1 V061 Terra 250m 16-day
SO1801,Gaalkacyo,SO18,Mudug,2018-08-29,0.1711290156694295,0.17320000000000002,0.11605387500756248,0.1165,0.9355861210165846,16529,0.0002264108224373125,0.0,pixel_reliability=0 AND MODLAND_QA(bits0-1)=0 AND VI range -2000..10000,MOD13Q1 V061 Terra 250m 16-day
SO1801,Gaalkacyo,SO18,Mudug,2018-09-14,0.17072447143499775,0.17220000000000002,0.11928086369770578,0.1197,0.6291390728476821,11115,0.03503707477217411,0.0,pixel_reliability=0 AND MODLAND_QA(bits0-1)=0 AND VI range -2000..10000,MOD13Q1 V061 Terra 250m 16-day
SO1801,Gaalkacyo,SO18,Mudug,2018-09-30,0.19460123857714676,0.19110000000000002,0.12965180877577223,0.1255,0.7494764249731137,13241,0.019244919907171563,0.00011320541121865625,pixel_reliability=0 AND MODLAND_QA(bits0-1)=0 AND VI range -2000..10000,MOD13Q1 V061 Terra 250m 16-day
SO1801,Gaalkacyo,SO18,Mudug,2018-10-16,0.19284110697179352,0.1874,0.13054849387972325,0.1264,0.5317824191996378,9395,0.21842984094639722,0.0,pixel_reliability=0 AND MODLAND_QA(bits0-1)=0 AND VI range -2000..10000,MOD13Q1 V061 Terra 250m 16-day
SO1801,Gaalkacyo,SO18,Mudug,2018-11-01,0.19625433419402435,0.193,0.13161418295831795,0.12860000000000002,0.9206996094413313,16266,0.014377087224769344,0.0,pixel_reliability=0 AND MODLAND_QA(bits0-1)=0 AND VI range -2000..10000,MOD13Q1 V061 Terra 250m 16-day
SO1801,Gaalkacyo,SO18,Mudug,2018-11-17,0.19033197926711667,0.1885,0.12592445756991322,0.124,0.9391520914699722,16592,0.004188600215090281,0.0,pixel_reliability=0 AND MODLAND_QA(bits0-1)=0 AND VI range -2000..10000,MOD13Q1 V061 Terra 250m 16-day
SO1801,Gaalkacyo,SO18,Mudug,2018-12-03,0.18431607235439829,0.1845,0.12060460279970044,0.11950000000000001,0.9825663666723269,17359,0.00016980811682798438,0.0,pixel_reliability=0 AND MODLAND_QA(bits0-1)=0 AND VI range -2000..10000,MOD13Q1 V061 Terra 250m 16-day
SO1801,Gaalkacyo,SO18,Mudug,2018-12-19,0.17627702071608192,0.1776,0.11733412764938332,0.117,0.9453783890869983,16702,0.0006226297617026094,0.0,pixel_reliability=0 AND MODLAND_QA(bits0-1)=0 AND VI range -2000..10000,MOD13Q1 V061 Terra 250m 16-day
SO1802,Galdogob,SO18,Mudug,2018-01-01,0.18444966694421316,0.187,0.11928176519567028,0.1198,0.9712899312575819,2402,0.002426202992317024,0.0,pixel_reliability=0 AND MODLAND_QA(bits0-1)=0 AND VI range -2000..10000,MOD13Q1 V061 Terra 250m 16-day
SO1802,Galdogob,SO18,Mudug,2018-01-17,0.17739596088435375,0.1804,0.11533720238095238,0.1158,0.9510715729882734,2352,0.00606550748079256,0.0,pixel_reliability=0 AND MODLAND_QA(bits0-1)=0 AND VI range -2000..10000,MOD13Q1 V061 Terra 250m 16-day
SO1802,Galdogob,SO18,Mudug,2018-02-02,0.1734894250944188,0.17550000000000002,0.11424494334872012,0.115,0.9636069551152446,2383,0.0008087343307723412,0.0,pixel_reliability=0 AND MODLAND_QA(bits0-1)=0 AND VI range -2000..10000,MOD13Q1 V061 Terra 250m 16-day
SO1802,Galdogob,SO18,Mudug,2018-02-18,0.17031156530408773,0.1721,0.11115284147557328,0.11170000000000001,0.8111605337646584,2006,0.003234937323089365,0.0,pixel_reliability=0 AND MODLAND_QA(bits0-1)=0 AND VI range -2000..10000,MOD13Q1 V061 Terra 250m 16-day
SO1802,Galdogob,SO18,Mudug,2018-03-06,0.17297942421676546,0.1741,0.11413039796782389,0.11445,0.955115244642135,2362,0.0016174686615446825,0.0,pixel_reliability=0 AND MODLAND_QA(bits0-1)=0 AND VI range -2000..10000,MOD13Q1 V061 Terra 250m 16-day
SO1802,Galdogob,SO18,Mudug,2018-03-22,0.17756082036775106,0.1779,0.11685332390381896,0.11520000000000001,0.28588758592802266,707,0.09745248685806712,0.0,pixel_reliability=0 AND MODLAND_QA(bits0-1)=0 AND VI range -2000..10000,MOD13Q1 V061 Terra 250m 16-day
SO1802,Galdogob,SO18,Mudug,2018-04-07,0.16847619961612287,0.1698,0.12225431861804223,0.1227,0.2106752931661949,521,0.5535786494136676,0.0020218358269308533,pixel_reliability=0 AND MODLAND_QA(bits0-1)=0 AND VI range -2000..10000,MOD13Q1 V061 Terra 250m 16-day
SO1802,Galdogob,SO18,Mudug,2018-04-23,0.19851999999999997,0.1888,0.14254799999999998,0.1371,0.0303275374039628,75,0.912252325111201,0.0004043671653861706,pixel_reliability=0 AND MODLAND_QA(bits0-1)=0 AND VI range -2000..10000,MOD13Q1 V061 Terra 250m 16-day
SO1802,Galdogob,SO18,Mudug,2018-05-09,0.24851068158697864,0.2485,0.16674526958290944,0.1686,0.39749292357460575,983,0.15204205418520017,0.15649009300444805,pixel_reliability=0 AND MODLAND_QA(bits0-1)=0 AND VI range -2000..10000,MOD13Q1 V061 Terra 250m 16-day
SO1802,Galdogob,SO18,Mudug,2018-05-25,0.19901897289586307,0.19920000000000002,0.1411607703281027,0.1401,0.2834613829357056,701,0.48685806712494945,0.023453295592397897,pixel_reliability=0 AND MODLAND_QA(bits0-1)=0 AND VI range -2000..10000,MOD13Q1 V061 Terra 250m 16-day
SO1802,Galdogob,SO18,Mudug,2018-06-10,0.18780685197155783,0.1899,0.12691008403361345,0.1265,0.625556004852406,1547,0.19207440355843106,0.0004043671653861706,pixel_reliability=0 AND MODLAND_QA(bits0-1)=0 AND VI range -2000..10000,MOD13Q1 V061 Terra 250m 16-day
SO1802,Galdogob,SO18,Mudug,2018-06-26,0.18616439659489234,0.1892,0.12154151226840262,0.1218,0.8075212292761828,1997,0.009704811969268095,0.0,pixel_reliability=0 AND MODLAND_QA(bits0-1)=0 AND VI range -2000..10000,MOD13Q1 V061 Terra 250m 16-day
SO1802,Galdogob,SO18,Mudug,2018-07-12,0.1623594982078853,0.16390000000000002,0.11169474313022701,0.112,0.3384553174282248,837,0.47836635665183985,0.0,pixel_reliability=0 AND MODLAND_QA(bits0-1)=0 AND VI range -2000..10000,MOD13Q1 V061 Terra 250m 16-day
SO1802,Galdogob,SO18,Mudug,2018-07-28,0.17663561880120743,0.1801,0.1143826218197499,0.11470000000000001,0.9377274565305297,2319,0.006874241811564901,0.0,pixel_reliability=0 AND MODLAND_QA(bits0-1)=0 AND VI range -2000..10000,MOD13Q1 V061 Terra 250m 16-day
SO1802,Galdogob,SO18,Mudug,2018-08-13,0.1609915730337079,0.164,0.11007977528089888,0.11040000000000001,0.43186413263243023,1068,0.32713303679741207,0.0,pixel_reliability=0 AND MODLAND_QA(bits0-1)=0 AND VI range -2000..10000,MOD13Q1 V061 Terra 250m 16-day
SO1802,Galdogob,SO18,Mudug,2018-08-29,0.16898841372451517,0.1721,0.11366842366981603,0.11420000000000001,0.8131823695915892,2011,0.002426202992317024,0.0,pixel_reliability=0 AND MODLAND_QA(bits0-1)=0 AND VI range -2000..10000,MOD13Q1 V061 Terra 250m 16-day
SO1802,Galdogob,SO18,Mudug,2018-09-14,0.17445034550839095,0.17750000000000002,0.11174323790720632,0.11130000000000001,0.40962393853619083,1013,0.03113627173473514,0.0,pixel_reliability=0 AND MODLAND_QA(bits0-1)=0 AND VI range -2000..10000,MOD13Q1 V061 Terra 250m 16-day
SO1802,Galdogob,SO18,Mudug,2018-09-30,0.19729008908685972,0.1955,0.12559810690423165,0.12150000000000001,0.7262434290335624,1796,0.003639304488475536,0.0,pixel_reliability=0 AND MODLAND_QA(bits0-1)=0 AND VI range -2000..10000,MOD13Q1 V061 Terra 250m 16-day
SO1802,Galdogob,SO18,Mudug,2018-10-16,0.21112127031019204,0.21385,0.13622444608567208,0.13670000000000002,0.547513141932875,1354,0.12009704811969268,0.0,pixel_reliability=0 AND MODLAND_QA(bits0-1)=0 AND VI range -2000..10000,MOD13Q1 V061 Terra 250m 16-day
SO1802,Galdogob,SO18,Mudug,2018-11-01,0.22536461215932913,0.2298,0.15012348008385745,0.15130000000000002,0.964415689446017,2385,0.002426202992317024,0.0,pixel_reliability=0 AND MODLAND_QA(bits0-1)=0 AND VI range -2000..10000,MOD13Q1 V061 Terra 250m 16-day
SO1802,Galdogob,SO18,Mudug,2018-11-17,0.21417238475177305,0.21730000000000002,0.13820212765957446,0.13820000000000002,0.912252325111201,2256,0.004448038819247877,0.0,pixel_reliability=0 AND MODLAND_QA(bits0-1)=0 AND VI range -2000..10000,MOD13Q1 V061 Terra 250m 16-day
SO1802,Galdogob,SO18,Mudug,2018-12-03,0.19555796311818946,0.1985,0.1254569153394803,0.1259,0.9648200566114031,2386,0.0004043671653861706,0.0,pixel_reliability=0 AND MODLAND_QA(bits0-1)=0 AND VI range -2000..10000,MOD13Q1 V061 Terra 250m 16-day
SO1802,Galdogob,SO18,Mudug,2018-12-19,0.18372290961817303,0.1869,0.12070749154180764,0.12140000000000001,0.836635665183987,2069,0.0004043671653861706,0.0,pixel_reliability=0 AND MODLAND_QA(bits0-1)=0 AND VI range -2000..10000,MOD13Q1 V061 Terra 250m 16-day
SO1803,Hobyo,SO18,Mudug,2018-01-01,0.16644403680188571,0.15860000000000002,0.12342516442991296,0.1165,0.8772345250800427,26303,0.013040288153681964,0.011272678762006404,pixel_reliability=0 AND MODLAND_QA(bits0-1)=0 AND VI range -2000..10000,MOD13Q1 V061 Terra 250m 16-day
SO1803,Hobyo,SO18,Mudug,2018-01-17,0.15505801988972037,0.1501,0.1158798296573454,0.10930000000000001,0.677427961579509,20312,0.08788020277481323,0.01137273212379936,pixel_reliability=0 AND MODLAND_QA(bits0-1)=0 AND VI range -2000..10000,MOD13Q1 V061 Terra 250m 16-day
SO1803,Hobyo,SO18,Mudug,2018-02-02,0.14891024134395459,0.1464,0.11286249309882485,0.1077,0.8457177161152615,25358,0.0376534151547492,0.012373265741728923,pixel_reliability=0 AND MODLAND_QA(bits0-1)=0 AND VI range -2000..10000,MOD13Q1 V061 Terra 250m 16-day
SO1803,Hobyo,SO18,Mudug,2018-02-18,0.14400629659957764,0.1429,0.10613751670042669,0.1037,0.7738460512273212,23203,0.040021344717182494,0.003235058697972252,pixel_reliability=0 AND MODLAND_QA(bits0-1)=0 AND VI range -2000..10000,MOD13Q1 V061 Terra 250m 16-day
SO1803,Hobyo,SO18,Mudug,2018-03-06,0.1473892010599296,0.1468,0.10873547860176412,0.1067,0.9187900213447172,27549,0.01634204909284952,0.006470117395944504,pixel_reliability=0 AND MODLAND_QA(bits0-1)=0 AND VI range -2000..10000,MOD13Q1 V061 Terra 250m 16-day
SO1803,Hobyo,SO18,Mudug,2018-03-22,0.14347153689122194,0.14350000000000002,0.10510196121318169,0.10310000000000001,0.45744397011739596,13716,0.310965848452508,0.0073372465314834575,pixel_reliability=0 AND MODLAND_QA(bits0-1)=0 AND VI range -2000..10000,MOD13Q1 V061 Terra 250m 16-day
SO1803,Hobyo,SO18,Mudug,2018-04-07,0.17098870398386284,0.1635,0.1284326525466465,0.1242,0.13227054429028814,3966,0.48359124866595515,0.0816435432230523,pixel_reliability=0 AND MODLAND_QA(bits0-1)=0 AND VI range -2000..10000,MOD13Q1 V061 Terra 250m 16-day
SO1803,Hobyo,SO18,Mudug,2018-04-23,0.20946988475029232,0.2019,0.16040312343410723,0.1529,0.399346318036286,11974,0.34334978655282816,0.02868196371398079,pixel_reliability=0 AND MODLAND_QA(bits0-1)=0 AND VI range -2000..10000,MOD13Q1 V061 Terra 250m 16-day
SO1803,Hobyo,SO18,Mudug,2018-05-09,0.23000309982486866,0.22310000000000002,0.17153845008756569,0.1658,0.38086979722518677,11420,0.23115661686232658,0.06059898612593383,pixel_reliability=0 AND MODLAND_QA(bits0-1)=0 AND VI range -2000..10000,MOD13Q1 V061 Terra 250m 16-day
SO1803,Hobyo,SO18,Mudug,2018-05-25,0.233388806303562,0.2286,0.17555000203078674,0.1689,0.8211379402347919,24621,0.04679162219850587,0.009371664887940235,pixel_reliability=0 AND MODLAND_QA(bits0-1)=0 AND VI range -2000..10000,MOD13Q1 V061 Terra 250m 16-day
SO1803,Hobyo,SO18,Mudug,2018-06-10,0.21510901672192065,0.2102,0.1599676272359649,0.15480000000000002,0.915454909284952,27449,0.014140875133404483,0.010105389541088581,pixel_reliability=0 AND MODLAND_QA(bits0-1)=0 AND VI range -2000..10000,MOD13Q1 V061 Terra 250m 16-day
SO1803,Hobyo,SO18,Mudug,2018-06-26,0.1966416081523892,0.19360000000000002,0.1461491195851788,0.1429,0.9261939701173959,27771,0.012873532550693702,0.010372198505869797,pixel_reliability=0 AND MODLAND_QA(bits0-1)=0 AND VI range -2000..10000,MOD13Q1 V061 Terra 250m 16-day
SO1803,Hobyo,SO18,Mudug,2018-07-12,0.1812422327887096,0.1797,0.13165333097273513,0.1295,0.659318303094984,19769,0.03155016008537887,0.013340448239060833,pixel_reliability=0 AND MODLAND_QA(bits0-1)=0 AND VI range -2000..10000,MOD13Q1 V061 Terra 250m 16-day
SO1803,Hobyo,SO18,Mudug,2018-07-28,0.17386050328993424,0.17220000000000002,0.12868215735685287,0.1264,0.9529082177161152,28572,0.0072371931696905015,0.011406083244397012,pixel_reliability=0 AND MODLAND_QA(bits0-1)=0 AND VI range -2000..10000,MOD13Q1 V061 Terra 250m 16-day
SO1803,Hobyo,SO18,Mudug,2018-08-13,0.16156081923919766,0.16160000000000002,0.12323712423442153,0.12200000000000001,0.593549893276414,17797,0.1500466915688367,0.012773479188900747,pixel_reliability=0 AND MODLAND_QA(bits0-1)=0 AND VI range -2000..10000,MOD13Q1 V061 Terra 250m 16-day
SO1803,Hobyo,SO18,Mudug,2018-08-29,0.16391683565540888,0.1637,0.12236675176891094,0.12050000000000001,0.9144210245464247,27418,0.010472251867662754,0.010538954108858058,pixel_reliability=0 AND MODLAND_QA(bits0-1)=0 AND VI range -2000..10000,MOD13Q1 V061 Terra 250m 16-day
SO1803,Hobyo,SO18,Mudug,2018-09-14,0.15800001560062404,0.1585,0.12130695787831512,0.1193,0.8551227321237994,25640,0.0409218249733191,0.01410752401280683,pixel_reliability=0 AND MODLAND_QA(bits0-1)=0 AND VI range -2000..10000,MOD13Q1 V061 Terra 250m 16-day
SO1803,Hobyo,SO18,Mudug,2018-09-30,0.1807049828047383,0.1752,0.1339341497898357,0.12810000000000002,0.8727988260405549,26170,0.029682497331910352,0.015441568836712913,pixel_reliability=0 AND MODLAND_QA(bits0-1)=0 AND VI range -2000..10000,MOD13Q1 V061 Terra 250m 16-day
SO1803,Hobyo,SO18,Mudug,2018-10-16,0.16659647150058163,0.16,0.12733406359053895,0.1203,0.17202508004268943,5158,0.5591648879402348,0.008371131270010672,pixel_reliability=0 AND MODLAND_QA(bits0-1)=0 AND VI range -2000..10000,MOD13Q1 V061 Terra 250m 16-day
SO1803,Hobyo,SO18,Mudug,2018-11-01,0.1802343925912475,0.17880000000000001,0.12971293353913202,0.1277,0.7346584845250801,22028,0.08554562433297759,0.013707310565635006,pixel_reliability=0 AND MODLAND_QA(bits0-1)=0 AND VI range -2000..10000,MOD13Q1 V061 Terra 250m 16-day
SO1803,Hobyo,SO18,Mudug,2018-11-17,0.20278004867364324,0.1952,0.1478130348016549,0.1427,0.6851987726787621,20545,0.06229989327641409,0.005436232657417289,pixel_reliability=0 AND MODLAND_QA(bits0-1)=0 AND VI range -2000..10000,MOD13Q1 V061 Terra 250m 16-day
SO1803,Hobyo,SO18,Mudug,2018-12-03,0.2121352736644032,0.2036,0.1507943508140391,0.14350000000000002,0.8153014941302028,24446,0.0385538954108858,0.007937566702241196,pixel_reliability=0 AND MODLAND_QA(bits0-1)=0 AND VI range -2000..10000,MOD13Q1 V061 Terra 250m 16-day
SO1803,Hobyo,SO18,Mudug,2018-12-19,0.1919696701978813,0.1857,0.1392212752348591,0.1327,0.8342782817502669,25015,0.04599119530416222,0.00963847385272145,pixel_reliability=0 AND MODLAND_QA(bits0-1)=0 AND VI range -2000..10000,MOD13Q1 V061 Terra 250m 16-day
SO1804,Jariiban,SO18,Mudug,2018-01-01,0.15171303489137591,0.1499,0.10682943548387096,0.1057,0.9464911597476439,12152,0.010125399174390528,0.01440922190201729,pixel_reliability=0 AND MODLAND_QA(bits0-1)=0 AND VI range -2000..10000,MOD13Q1 V061 Terra 250m 16-day
SO1804,Jariiban,SO18,Mudug,2018-01-17,0.14827411884896988,0.1467,0.10608744253362849,0.10550000000000001,0.9148687592491627,11746,0.01409767115818989,0.013552457356491939,pixel_reliability=0 AND MODLAND_QA(bits0-1)=0 AND VI range -2000..10000,MOD13Q1 V061 Terra 250m 16-day
SO1804,Jariiban,SO18,Mudug,2018-02-02,0.14811352760990149,0.14650000000000002,0.10489113337196788,0.1041,0.9408053586727938,12079,0.0170574032245502,0.008022431653555573,pixel_reliability=0 AND MODLAND_QA(bits0-1)=0 AND VI range -2000..10000,MOD13Q1 V061 Terra 250m 16-day
SO1804,Jariiban,SO18,Mudug,2018-02-18,0.1438426031456576,0.14120000000000002,0.10292961021198997,0.1028,0.6833865565854038,8774,0.07189033413817275,0.011838928265441234,pixel_reliability=0 AND MODLAND_QA(bits0-1)=0 AND VI range -2000..10000,MOD13Q1 V061 Terra 250m 16-day
SO1804,Jariiban,SO18,Mudug,2018-03-06,0.14883966778008487,0.1476,0.1043920014444344,0.10400000000000001,0.8627618973440299,11077,0.01394189578627619,0.010748500662045331,pixel_reliability=0 AND MODLAND_QA(bits0-1)=0 AND VI range -2000..10000,MOD13Q1 V061 Terra 250m 16-day
SO1804,Jariiban,SO18,Mudug,2018-03-22,0.1480750348675035,0.1469,0.10605991846368416,0.1053,0.7259911208038009,9321,0.029363657605732535,0.012072591323311784,pixel_reliability=0 AND MODLAND_QA(bits0-1)=0 AND VI range -2000..10000,MOD13Q1 V061 Terra 250m 16-day
SO1804,Jariiban,SO18,Mudug,2018-04-07,0.1650140681653372,0.1623,0.12350761421319797,0.1223,0.21481423786899292,2758,0.5221590466547239,0.014564997273930992,pixel_reliability=0 AND MODLAND_QA(bits0-1)=0 AND VI range -2000..10000,MOD13Q1 V061 Terra 250m 16-day
SO1804,Jariiban,SO18,Mudug,2018-04-23,0.18928786013986015,0.18910000000000002,0.13713046153846153,0.1379,0.2784484772957395,3575,0.38959420515616483,0.025391385621933174,pixel_reliability=0 AND MODLAND_QA(bits0-1)=0 AND VI range -2000..10000,MOD13Q1 V061 Terra 250m 16-day
SO1804,Jariiban,SO18,Mudug,2018-05-09,0.2192654460093897,0.21730000000000002,0.15662508920187795,0.1564,0.41475192772022745,5325,0.19479710257808242,0.11301503232338968,pixel_reliability=0 AND MODLAND_QA(bits0-1)=0 AND VI range -2000..10000,MOD13Q1 V061 Terra 250m 16-day
SO1804,Jariiban,SO18,Mudug,2018-05-25,0.20444557780230174,0.2049,0.15328975248305218,0.153,0.494041592024301,6343,0.232962068696939,0.026014487109587973,pixel_reliability=0 AND MODLAND_QA(bits0-1)=0 AND VI range -2000..10000,MOD13Q1 V061 Terra 250m 16-day
SO1804,Jariiban,SO18,Mudug,2018-06-10,0.1992831218598314,0.19640000000000002,0.14078959380056205,0.1403,0.9146350961912921,11743,0.011916815951398084,0.01440922190201729,pixel_reliability=0 AND MODLAND_QA(bits0-1)=0 AND VI range -2000..10000,MOD13Q1 V061 Terra 250m 16-day
SO1804,Jariiban,SO18,Mudug,2018-06-26,0.18506471944657957,0.1839,0.13279841147834998,0.1327,0.9119869148687593,11709,0.009969623802476828,0.015032323389672093,pixel_reliability=0 AND MODLAND_QA(bits0-1)=0 AND VI range -2000..10000,MOD13Q1 V061 Terra 250m 16-day
SO1804,Jariiban,SO18,Mudug,2018-07-12,0.16998661979946986,0.1695,0.12117625907571744,0.12100000000000001,0.6758314510475893,8677,0.06542565620375419,0.018615156943687202,pixel_reliability=0 AND MODLAND_QA(bits0-1)=0 AND VI range -2000..10000,MOD13Q1 V061 Terra 250m 16-day
SO1804,Jariiban,SO18,Mudug,2018-07-28,0.16515362882760953,0.1648,0.1172852140077821,0.11720000000000001,0.9207882233818834,11822,0.008411870083339825,0.017213178596463898,pixel_reliability=0 AND MODLAND_QA(bits0-1)=0 AND VI range -2000..10000,MOD13Q1 V061 Terra 250m 16-day
SO1804,Jariiban,SO18,Mudug,2018-08-13,0.15882685446009392,0.15910000000000002,0.11574194053208138,0.1153,0.49770231326427294,6390,0.1825687358828569,0.018615156943687202,pixel_reliability=0 AND MODLAND_QA(bits0-1)=0 AND VI range -2000..10000,MOD13Q1 V061 Terra 250m 16-day
SO1804,Jariiban,SO18,Mudug,2018-08-29,0.16134846449922205,0.16160000000000002,0.11577234460732128,0.11560000000000001,0.9510865332190981,12211,0.01082638834800218,0.011761040579484383,pixel_reliability=0 AND MODLAND_QA(bits0-1)=0 AND VI range -2000..10000,MOD13Q1 V061 Terra 250m 16-day
SO1804,Jariiban,SO18,Mudug,2018-09-14,0.15815706977695929,0.1582,0.11750186208307757,0.11750000000000001,0.7612742425422541,9774,0.03863229223459771,0.017758392398161852,pixel_reliability=0 AND MODLAND_QA(bits0-1)=0 AND VI range -2000..10000,MOD13Q1 V061 Terra 250m 16-day
SO1804,Jariiban,SO18,Mudug,2018-09-30,0.17071792182176798,0.1685,0.12372496862112246,0.1207,0.8687592491627074,11154,0.010125399174390528,0.016434301736895397,pixel_reliability=0 AND MODLAND_QA(bits0-1)=0 AND VI range -2000..10000,MOD13Q1 V061 Terra 250m 16-day
SO1804,Jariiban,SO18,Mudug,2018-10-16,0.1796118512233065,0.1778,0.13048199688870035,0.1272,0.5507438274008879,7071,0.18233507282498637,0.0026481813225329074,pixel_reliability=0 AND MODLAND_QA(bits0-1)=0 AND VI range -2000..10000,MOD13Q1 V061 Terra 250m 16-day
SO1804,Jariiban,SO18,Mudug,2018-11-01,0.1831897238095238,0.1824,0.1305564761904762,0.12805,0.8178207025469273,10500,0.026326037853415377,0.008879196199080926,pixel_reliability=0 AND MODLAND_QA(bits0-1)=0 AND VI range -2000..10000,MOD13Q1 V061 Terra 250m 16-day
SO1804,Jariiban,SO18,Mudug,2018-11-17,0.17680902167014234,0.1767,0.12492162480732615,0.1236,0.859023288418101,11029,0.01417555884414674,0.008879196199080926,pixel_reliability=0 AND MODLAND_QA(bits0-1)=0 AND VI range -2000..10000,MOD13Q1 V061 Terra 250m 16-day
SO1804,Jariiban,SO18,Mudug,2018-12-03,0.17287008909263907,0.1724,0.11902267969898798,0.11720000000000001,0.9004595373471455,11561,0.02095178752239271,0.007399330165900771,pixel_reliability=0 AND MODLAND_QA(bits0-1)=0 AND VI range -2000..10000,MOD13Q1 V061 Terra 250m 16-day
SO1804,Jariiban,SO18,Mudug,2018-12-19,0.16537017830993195,0.16540000000000002,0.1157853131191317,0.11460000000000001,0.9041981462730743,11609,0.01401978347223304,0.009424410000778876,pixel_reliability=0 AND MODLAND_QA(bits0-1)=0 AND VI range -2000..10000,MOD13Q1 V061 Terra 250m 16-day
SO1805,Xarardheere,SO18,Mudug,2018-01-01,0.22896208993733877,0.2331,0.1602743826022853,0.16540000000000002,0.8754436915133914,5426,0.020813165537270088,0.03339787028073572,pixel_reliability=0 AND MODLAND_QA(bits0-1)=0 AND VI range -2000..10000,MOD13Q1 V061 Terra 250m 16-day
SO1805,Xarardheere,SO18,Mudug,2018-01-17,0.2131518612521151,0.22290000000000001,0.1539405668358714,0.16,0.3814133591481123,2364,0.24878993223620524,0.029364311068086478,pixel_reliability=0 AND MODLAND_QA(bits0-1)=0 AND VI range -2000..10000,MOD13Q1 V061 Terra 250m 16-day
SO1805,Xarardheere,SO18,Mudug,2018-02-02,0.1911693006716713,0.1975,0.14639186092453577,0.1501,0.40835753468860925,2531,0.20716360116166505,0.033720555017747664,pixel_reliability=0 AND MODLAND_QA(bits0-1)=0 AND VI range -2000..10000,MOD13Q1 V061 Terra 250m 16-day
SO1805,Xarardheere,SO18,Mudug,2018-02-18,0.1729965453095934,0.1766,0.12359904331650279,0.1262,0.6071313326879638,3763,0.06986124556308487,0.02452404001290739,pixel_reliability=0 AND MODLAND_QA(bits0-1)=0 AND VI range -2000..10000,MOD13Q1 V061 Terra 250m 16-day
SO1805,Xarardheere,SO18,Mudug,2018-03-06,0.17206563043058506,0.1789,0.12198268005406449,0.12510000000000002,0.8355921264924169,5179,0.0340432397547596,0.020813165537270088,pixel_reliability=0 AND MODLAND_QA(bits0-1)=0 AND VI range -2000..10000,MOD13Q1 V061 Terra 250m 16-day
SO1805,Xarardheere,SO18,Mudug,2018-03-22,0.16549332460732985,0.163,0.12198952879581153,0.12390000000000001,0.24653113907712165,1528,0.40448531784446595,0.012746047111971604,pixel_reliability=0 AND MODLAND_QA(bits0-1)=0 AND VI range -2000..10000,MOD13Q1 V061 Terra 250m 16-day
SO1805,Xarardheere,SO18,Mudug,2018-04-07,0.21242047244094486,0.19,0.1596775590551181,0.14345000000000002,0.12294288480154889,762,0.34817683123588256,0.14778960955146822,pixel_reliability=0 AND MODLAND_QA(bits0-1)=0 AND VI range -2000..10000,MOD13Q1 V061 Terra 250m 16-day
SO1805,Xarardheere,SO18,Mudug,2018-04-23,0.20604381384790013,0.18710000000000002,0.16274313280363223,0.15560000000000002,0.1421426266537593,881,0.3799612778315586,0.19135204904808004,pixel_reliability=0 AND MODLAND_QA(bits0-1)=0 AND VI range -2000..10000,MOD13Q1 V061 Terra 250m 16-day
SO1805,Xarardheere,SO18,Mudug,2018-05-09,0.26540907617504056,0.2344,0.2046899513776337,0.18805,0.19909648273636657,1234,0.23152629880606648,0.23265569538560826,pixel_reliability=0 AND MODLAND_QA(bits0-1)=0 AND VI range -2000..10000,MOD13Q1 V061 Terra 250m 16-day
SO1805,Xarardheere,SO18,Mudug,2018-05-25,0.27849274826789844,0.2742,0.2149578290993072,0.21660000000000001,0.3493062278154243,2165,0.24427234591803806,0.03630203291384317,pixel_reliability=0 AND MODLAND_QA(bits0-1)=0 AND VI range -2000..10000,MOD13Q1 V061 Terra 250m 16-day
SO1805,Xarardheere,SO18,Mudug,2018-06-10,0.27798301135232023,0.2846,0.19895865365465046,0.2029,0.8101000322684737,5021,0.03597934817683124,0.025653436592449178,pixel_reliability=0 AND MODLAND_QA(bits0-1)=0 AND VI range -2000..10000,MOD13Q1 V061 Terra 250m 16-day
SO1805,Xarardheere,SO18,Mudug,2018-06-26,0.2449090698273641,0.25220000000000004,0.17405609379026024,0.1764,0.6261697321716683,3881,0.10955146821555341,0.02758954501452081,pixel_reliability=0 AND MODLAND_QA(bits0-1)=0 AND VI range -2000..10000,MOD13Q1 V061 Terra 250m 16-day
SO1805,Xarardheere,SO18,Mudug,2018-07-12,0.21347858042839143,0.21860000000000002,0.15362881142377155,0.15660000000000002,0.3841561794127138,2381,0.17941271377863827,0.0340432397547596,pixel_reliability=0 AND MODLAND_QA(bits0-1)=0 AND VI range -2000..10000,MOD13Q1 V061 Terra 250m 16-day
SO1805,Xarardheere,SO18,Mudug,2018-07-28,0.20725994173343046,0.2129,0.14978785506190823,0.15330000000000002,0.8860922878347854,5492,0.026298806066473057,0.02291061632784769,pixel_reliability=0 AND MODLAND_QA(bits0-1)=0 AND VI range -2000..10000,MOD13Q1 V061 Terra 250m 16-day
SO1805,Xarardheere,SO18,Mudug,2018-08-13,0.16510792227204785,0.1676,0.12445022421524664,0.1265,0.1079380445304937,669,0.5827686350435625,0.06227815424330429,pixel_reliability=0 AND MODLAND_QA(bits0-1)=0 AND VI range -2000..10000,MOD13Q1 V061 Terra 250m 16-day
SO1805,Xarardheere,SO18,Mudug,2018-08-29,0.1940891393442623,0.19795000000000001,0.13726933060109292,0.14035,0.4724104549854792,2928,0.16876411745724426,0.030977734753146177,pixel_reliability=0 AND MODLAND_QA(bits0-1)=0 AND VI range -2000..10000,MOD13Q1 V061 Terra 250m 16-day
SO1805,Xarardheere,SO18,Mudug,2018-09-14,0.17683139424596903,0.1827,0.13250945305090103,0.13670000000000002,0.510325911584382,3163,0.23201032591158438,0.04291707002258793,pixel_reliability=0 AND MODLAND_QA(bits0-1)=0 AND VI range -2000..10000,MOD13Q1 V061 Terra 250m 16-day
SO1805,Xarardheere,SO18,Mudug,2018-09-30,0.249886858974359,0.25970000000000004,0.17637027243589748,0.184,0.4027105517909003,2496,0.1760245240400129,0.10245240400129074,pixel_reliability=0 AND MODLAND_QA(bits0-1)=0 AND VI range -2000..10000,MOD13Q1 V061 Terra 250m 16-day
SO1805,Xarardheere,SO18,Mudug,2018-10-16,0.21577199627444896,0.1782,0.15844073269171066,0.14,0.5196837689577283,3221,0.15246853823814133,0.023878670538883512,pixel_reliability=0 AND MODLAND_QA(bits0-1)=0 AND VI range -2000..10000,MOD13Q1 V061 Terra 250m 16-day
SO1805,Xarardheere,SO18,Mudug,2018-11-01,0.21934591836734696,0.21645,0.15992551020408163,0.1553,0.30041949015811553,1862,0.3096160051629558,0.04888673765730881,pixel_reliability=0 AND MODLAND_QA(bits0-1)=0 AND VI range -2000..10000,MOD13Q1 V061 Terra 250m 16-day
SO1805,Xarardheere,SO18,Mudug,2018-11-17,0.2628521841039847,0.259,0.1822412955465587,0.183,0.7571797353985157,4693,0.055340432397547594,0.013068731848983543,pixel_reliability=0 AND MODLAND_QA(bits0-1)=0 AND VI range -2000..10000,MOD13Q1 V061 Terra 250m 16-day
SO1805,Xarardheere,SO18,Mudug,2018-12-03,0.2957454746747855,0.28400000000000003,0.19905197896484916,0.1897,0.5829299774120684,3613,0.1373023555985802,0.023394643433365604,pixel_reliability=0 AND MODLAND_QA(bits0-1)=0 AND VI range -2000..10000,MOD13Q1 V061 Terra 250m 16-day
SO1805,Xarardheere,SO18,Mudug,2018-12-19,0.2415974665218965,0.2411,0.16404252623959464,0.16570000000000001,0.4457889641819942,2763,0.2878347854146499,0.03049370764762827,pixel_reliability=0 AND MODLAND_QA(bits0-1)=0 AND VI range -2000..10000,MOD13Q1 V061 Terra 250m 16-day
SO1901,Dhuusamarreeb,SO19,Galgaduud,2018-01-01,0.2110349291646312,0.21030000000000001,0.13784401563263313,0.1368,0.9553303553570238,14329,0.002133475565037669,0.0,pixel_reliability=0 AND MODLAND_QA(bits0-1)=0 AND VI range -2000..10000,MOD13Q1 V061 Terra 250m 16-day
SO1901,Dhuusamarreeb,SO19,Galgaduud,2018-01-17,0.1972832876712329,0.19770000000000001,0.1284326210045662,0.1282,0.7300486699113274,10950,0.0014667644509633977,0.0,pixel_reliability=0 AND MODLAND_QA(bits0-1)=0 AND VI range -2000..10000,MOD13Q1 V061 Terra 250m 16-day
SO1901,Dhuusamarreeb,SO19,Galgaduud,2018-02-02,0.1861185618611209,0.1862,0.12281696862883328,0.12240000000000001,0.9457297153143542,14185,0.004800320021334755,0.0,pixel_reliability=0 AND MODLAND_QA(bits0-1)=0 AND VI range -2000..10000,MOD13Q1 V061 Terra 250m 16-day
SO1901,Dhuusamarreeb,SO19,Galgaduud,2018-02-18,0.18829102000976086,0.18910000000000002,0.12076503660322109,0.1207,0.6830455363690913,10245,0.010000666711114074,0.0,pixel_reliability=0 AND MODLAND_QA(bits0-1)=0 AND VI range -2000..10000,MOD13Q1 V061 Terra 250m 16-day
SO1901,Dhuusamarreeb,SO19,Galgaduud,2018-03-06,0.18647654424677407,0.18630000000000002,0.12022214247537606,0.1198,0.8731915461030736,13097,0.014534302286819121,0.0,pixel_reliability=0 AND MODLAND_QA(bits0-1)=0 AND VI range -2000..10000,MOD13Q1 V061 Terra 250m 16-day
SO1901,Dhuusamarreeb,SO19,Galgaduud,2018-03-22,0.18169621638048927,0.18280000000000002,0.12223824646710227,0.1222,0.43876258417227815,6581,0.19574638309220616,6.667111140742716e-05,pixel_reliability=0 AND MODLAND_QA(bits0-1)=0 AND VI range -2000..10000,MOD13Q1 V061 Terra 250m 16-day
SO1901,Dhuusamarreeb,SO19,Galgaduud,2018-04-07,0.2333640662506001,0.231,0.14369246279404707,0.1431,0.2777518501233416,4166,0.4458963930928729,0.06820454696979798,pixel_reliability=0 AND MODLAND_QA(bits0-1)=0 AND VI range -2000..10000,MOD13Q1 V061 Terra 250m 16-day
SO1901,Dhuusamarreeb,SO19,Galgaduud,2018-04-23,0.2708592116538132,0.2733,0.17305561268209085,0.17500000000000002,0.0778051870124675,1167,0.41222748183212216,0.2118141209413961,pixel_reliability=0 AND MODLAND_QA(bits0-1)=0 AND VI range -2000..10000,MOD13Q1 V061 Terra 250m 16-day
SO1901,Dhuusamarreeb,SO19,Galgaduud,2018-05-09,0.29332951124640627,0.28800000000000003,0.18767422628107563,0.1841,0.3942262817521168,5913,0.20094672978198547,0.023068204546969798,pixel_reliability=0 AND MODLAND_QA(bits0-1)=0 AND VI range -2000..10000,MOD13Q1 V061 Terra 250m 16-day
SO1901,Dhuusamarreeb,SO19,Galgaduud,2018-05-25,0.2724934413580247,0.2687,0.1818687191358025,0.17930000000000001,0.432028801920128,6480,0.17154476965131008,0.00046669777985199013,pixel_reliability=0 AND MODLAND_QA(bits0-1)=0 AND VI range -2000..10000,MOD13Q1 V061 Terra 250m 16-day
SO1901,Dhuusamarreeb,SO19,Galgaduud,2018-06-10,0.24688368444313494,0.2456,0.160715763111373,0.16060000000000002,0.9051270084672312,13576,0.009667311154076938,0.0,pixel_reliability=0 AND MODLAND_QA(bits0-1)=0 AND VI range -2000..10000,MOD13Q1 V061 Terra 250m 16-day
SO1901,Dhuusamarreeb,SO19,Galgaduud,2018-06-26,0.2262043745878215,0.22560000000000002,0.14442089103832345,0.1446,0.9098606573771585,13647,0.0030668711247416494,0.0,pixel_reliability=0 AND MODLAND_QA(bits0-1)=0 AND VI range -2000..10000,MOD13Q1 V061 Terra 250m 16-day
SO1901,Dhuusamarreeb,SO19,Galgaduud,2018-07-12,0.20712341710635937,0.2069,0.13046402388225492,0.1302,0.9603306887125809,14404,0.00633375558370558,0.0,pixel_reliability=0 AND MODLAND_QA(bits0-1)=0 AND VI range -2000..10000,MOD13Q1 V061 Terra 250m 16-day
SO1901,Dhuusamarreeb,SO19,Galgaduud,2018-07-28,0.19956224001143597,0.1993,0.12928303909656208,0.1282,0.9327955197013135,13991,0.004600306687112474,0.0,pixel_reliability=0 AND MODLAND_QA(bits0-1)=0 AND VI range -2000..10000,MOD13Q1 V061 Terra 250m 16-day
SO1901,Dhuusamarreeb,SO19,Galgaduud,2018-08-13,0.1954420397466696,0.19720000000000001,0.12498504040183447,0.1255,0.305287019134609,4579,0.40356023734915664,0.0,pixel_reliability=0 AND MODLAND_QA(bits0-1)=0 AND VI range -2000..10000,MOD13Q1 V061 Terra 250m 16-day
SO1901,Dhuusamarreeb,SO19,Galgaduud,2018-08-29,0.18945668206039076,0.18960000000000002,0.12519770515097692,0.1242,0.9383958930595373,14075,0.0013334222281485431,0.0,pixel_reliability=0 AND MODLAND_QA(bits0-1)=0 AND VI range -2000..10000,MOD13Q1 V061 Terra 250m 16-day
SO1901,Dhuusamarreeb,SO19,Galgaduud,2018-09-14,0.18779926066751162,0.18780000000000002,0.12594551119560626,0.1253,0.6312420828055204,9468,0.004066937795853057,0.0,pixel_reliability=0 AND MODLAND_QA(bits0-1)=0 AND VI range -2000..10000,MOD13Q1 V061 Terra 250m 16-day
SO1901,Dhuusamarreeb,SO19,Galgaduud,2018-09-30,0.21217173832054248,0.2104,0.13224491468593993,0.1307,0.89479298619908,13421,0.0027335155677045138,0.0,pixel_reliability=0 AND MODLAND_QA(bits0-1)=0 AND VI range -2000..10000,MOD13Q1 V061 Terra 250m 16-day
SO1901,Dhuusamarreeb,SO19,Galgaduud,2018-10-16,0.21429252669039148,0.2131,0.13853536819052834,0.1371,0.24354956997133143,3653,0.41862790852723514,0.0010667377825188346,pixel_reliability=0 AND MODLAND_QA(bits0-1)=0 AND VI range -2000..10000,MOD13Q1 V061 Terra 250m 16-day
SO1901,Dhuusamarreeb,SO19,Galgaduud,2018-11-01,0.22151606313834724,0.2197,0.14095907435183203,0.1396,0.9334622308153877,14001,0.009467297819854658,0.0,pixel_reliability=0 AND MODLAND_QA(bits0-1)=0 AND VI range -2000..10000,MOD13Q1 V061 Terra 250m 16-day
SO1901,Dhuusamarreeb,SO19,Galgaduud,2018-11-17,0.215810043482872,0.215,0.13983631350090148,0.1389,0.6286419094606307,9429,0.057937195813054204,0.03560237349156611,pixel_reliability=0 AND MODLAND_QA(bits0-1)=0 AND VI range -2000..10000,MOD13Q1 V061 Terra 250m 16-day
SO1901,Dhuusamarreeb,SO19,Galgaduud,2018-12-03,0.2075341514777431,0.2073,0.1302403456539104,0.1291,0.9181278751916795,13771,0.008400560037335822,0.0023334888992599507,pixel_reliability=0 AND MODLAND_QA(bits0-1)=0 AND VI range -2000..10000,MOD13Q1 V061 Terra 250m 16-day
SO1901,Dhuusamarreeb,SO19,Galgaduud,2018-12-19,0.1983337819467102,0.19870000000000002,0.12469182300163133,0.12440000000000001,0.9808653910260684,14712,0.0025335022334822322,0.0,pixel_reliability=0 AND MODLAND_QA(bits0-1)=0 AND VI range -2000..10000,MOD13Q1 V061 Terra 250m 16-day
SO1902,Cabudwaaq,SO19,Galgaduud,2018-01-01,0.21495740640991115,0.21150000000000002,0.1362722596283329,0.1346,0.9975819451907576,7426,0.0,0.0,pixel_reliability=0 AND MODLAND_QA(bits0-1)=0 AND VI range -2000..10000,MOD13Q1 V061 Terra 250m 16-day
SO1902,Cabudwaaq,SO19,Galgaduud,2018-01-17,0.20333397297297295,0.20120000000000002,0.12809287837837838,0.1275,0.9940891993551854,7400,0.0,0.0,pixel_reliability=0 AND MODLAND_QA(bits0-1)=0 AND VI range -2000..10000,MOD13Q1 V061 Terra 250m 16-day
SO1902,Cabudwaaq,SO19,Galgaduud,2018-02-02,0.1909234375,0.18860000000000002,0.12391416103603604,0.124,0.9543256313809779,7104,0.0012090274046211713,0.0,pixel_reliability=0 AND MODLAND_QA(bits0-1)=0 AND VI range -2000..10000,MOD13Q1 V061 Terra 250m 16-day
SO1902,Cabudwaaq,SO19,Galgaduud,2018-02-18,0.1919333239634575,0.19010000000000002,0.12078449754040761,0.1211,0.9558033315421817,7115,0.0032240730789897904,0.0,pixel_reliability=0 AND MODLAND_QA(bits0-1)=0 AND VI range -2000..10000,MOD13Q1 V061 Terra 250m 16-day
SO1902,Cabudwaaq,SO19,Galgaduud,2018-03-06,0.18846274829528611,0.1874,0.11911025793062557,0.1192,0.9062332079527136,6746,0.020822138635142397,0.0,pixel_reliability=0 AND MODLAND_QA(bits0-1)=0 AND VI range -2000..10000,MOD13Q1 V061 Terra 250m 16-day
SO1902,Cabudwaaq,SO19,Galgaduud,2018-03-22,0.18758706786171578,0.1869,0.1219005670385952,0.1223,0.734416980118216,5467,0.052256851155292855,0.0005373455131649651,pixel_reliability=0 AND MODLAND_QA(bits0-1)=0 AND VI range -2000..10000,MOD13Q1 V061 Terra 250m 16-day
SO1902,Cabudwaaq,SO19,Galgaduud,2018-04-07,0.2988220408163266,0.3074,0.16419006802721087,0.16670000000000001,0.09873723804406233,735,0.6222461042450296,0.14132186996238583,pixel_reliability=0 AND MODLAND_QA(bits0-1)=0 AND VI range -2000..10000,MOD13Q1 V061 Terra 250m 16-day
SO1902,Cabudwaaq,SO19,Galgaduud,2018-04-23,0.2926414977973568,0.2921,0.18968035242290748,0.18910000000000002,0.15247178936055883,1135,0.3980386888769479,0.08248253627082214,pixel_reliability=0 AND MODLAND_QA(bits0-1)=0 AND VI range -2000..10000,MOD13Q1 V061 Terra 250m 16-day
SO1902,Cabudwaaq,SO19,Galgaduud,2018-05-09,0.3124410126582278,0.30660000000000004,0.19717721518987338,0.19330000000000003,0.1061257388500806,790,0.4355185384202042,0.0999462654486835,pixel_reliability=0 AND MODLAND_QA(bits0-1)=0 AND VI range -2000..10000,MOD13Q1 V061 Terra 250m 16-day
SO1902,Cabudwaaq,SO19,Galgaduud,2018-05-25,0.31333172239393087,0.3075,0.2087748243888733,0.2044,0.47810317033852767,3559,0.1595916174099946,0.0004030091348737238,pixel_reliability=0 AND MODLAND_QA(bits0-1)=0 AND VI range -2000..10000,MOD13Q1 V061 Terra 250m 16-day
SO1902,Cabudwaaq,SO19,Galgaduud,2018-06-10,0.2871313691170751,0.2747,0.1834971800855698,0.1757,0.6907576571735626,5142,0.060048361096184846,0.0,pixel_reliability=0 AND MODLAND_QA(bits0-1)=0 AND VI range -2000..10000,MOD13Q1 V061 Terra 250m 16-day
SO1902,Cabudwaaq,SO19,Galgaduud,2018-06-26,0.25377657194679565,0.2431,0.16088411426844015,0.15480000000000002,0.8887694787748522,6616,0.004298764105319721,0.0,pixel_reliability=0 AND MODLAND_QA(bits0-1)=0 AND VI range -2000..10000,MOD13Q1 V061 Terra 250m 16-day
SO1902,Cabudwaaq,SO19,Galgaduud,2018-07-12,0.2293123361730013,0.2233,0.14283550131061598,0.1401,0.8199892530897367,6104,0.06125738850080602,0.0,pixel_reliability=0 AND MODLAND_QA(bits0-1)=0 AND VI range -2000..10000,MOD13Q1 V061 Terra 250m 16-day
SO1902,Cabudwaaq,SO19,Galgaduud,2018-07-28,0.21578598677998112,0.21250000000000002,0.1386621152030217,0.1374,0.7113111230521225,5295,0.05239118753358409,0.0,pixel_reliability=0 AND MODLAND_QA(bits0-1)=0 AND VI range -2000..10000,MOD13Q1 V061 Terra 250m 16-day
SO1902,Cabudwaaq,SO19,Galgaduud,2018-08-13,0.20590878910406468,0.2036,0.13154677590976804,0.1311,0.6312466415905427,4699,0.1601289629231596,0.0,pixel_reliability=0 AND MODLAND_QA(bits0-1)=0 AND VI range -2000..10000,MOD13Q1 V061 Terra 250m 16-day
SO1902,Cabudwaaq,SO19,Galgaduud,2018-08-29,0.20084111012169786,0.19840000000000002,0.13248477292965272,0.13240000000000002,0.9051585169263837,6738,0.008866200967221924,0.0,pixel_reliability=0 AND MODLAND_QA(bits0-1)=0 AND VI range -2000..10000,MOD13Q1 V061 Terra 250m 16-day
SO1902,Cabudwaaq,SO19,Galgaduud,2018-09-14,0.19875067580803135,0.19690000000000002,0.13129571008814891,0.1318,0.6857872111767866,5105,0.008328855454056958,0.0,pixel_reliability=0 AND MODLAND_QA(bits0-1)=0 AND VI range -2000..10000,MOD13Q1 V061 Terra 250m 16-day
SO1902,Cabudwaaq,SO19,Galgaduud,2018-09-30,0.22052075911208555,0.2152,0.13625982460948208,0.13340000000000002,0.9803868887694788,7298,0.0026867275658248252,0.0,pixel_reliability=0 AND MODLAND_QA(bits0-1)=0 AND VI range -2000..10000,MOD13Q1 V061 Terra 250m 16-day
SO1902,Cabudwaaq,SO19,Galgaduud,2018-10-16,0.227038477437134,0.222,0.1407142611091974,0.13820000000000002,0.3899785061794734,2903,0.3659322944653412,0.00013433637829124128,pixel_reliability=0 AND MODLAND_QA(bits0-1)=0 AND VI range -2000..10000,MOD13Q1 V061 Terra 250m 16-day
SO1902,Cabudwaaq,SO19,Galgaduud,2018-11-01,0.2375114018691589,0.23090000000000002,0.14974751976994966,0.14550000000000002,0.934309511015583,6955,0.015717356260075227,0.0,pixel_reliability=0 AND MODLAND_QA(bits0-1)=0 AND VI range -2000..10000,MOD13Q1 V061 Terra 250m 16-day
SO1902,Cabudwaaq,SO19,Galgaduud,2018-11-17,0.2271492369477912,0.22010000000000002,0.14451751004016067,0.1414,0.8362439548629769,6225,0.021628156904889843,0.0,pixel_reliability=0 AND MODLAND_QA(bits0-1)=0 AND VI range -2000..10000,MOD13Q1 V061 Terra 250m 16-day
SO1902,Cabudwaaq,SO19,Galgaduud,2018-12-03,0.214878500879448,0.2112,0.13205014206467325,0.1307,0.9928801719505642,7391,0.0,0.0,pixel_reliability=0 AND MODLAND_QA(bits0-1)=0 AND VI range -2000..10000,MOD13Q1 V061 Terra 250m 16-day
SO1902,Cabudwaaq,SO19,Galgaduud,2018-12-19,0.20315596769778266,0.2018,0.12550510539282783,0.1252,0.9814615797958087,7306,0.0010746910263299302,0.0,pixel_reliability=0 AND MODLAND_QA(bits0-1)=0 AND VI range -2000..10000,MOD13Q1 V061 Terra 250m 16-day
SO1903,Cadaado,SO19,Galgaduud,2018-01-01,0.18716461926798486,0.1879,0.12441837049502173,0.12380000000000001,0.9611807521229276,7131,0.001213101496158512,0.0,pixel_reliability=0 AND MODLAND_QA(bits0-1)=0 AND VI range -2000..10000,MOD13Q1 V061 Terra 250m 16-day
SO1903,Cadaado,SO19,Galgaduud,2018-01-17,0.178643432715552,0.18100000000000002,0.11871313456889605,0.1188,0.8363660870737296,6205,0.0018870467718021297,0.0,pixel_reliability=0 AND MODLAND_QA(bits0-1)=0 AND VI range -2000..10000,MOD13Q1 V061 Terra 250m 16-day
SO1903,Cadaado,SO19,Galgaduud,2018-02-02,0.174457395876574,0.1773,0.11611037775010377,0.1165,0.9741205014152851,7227,0.0005391562205148942,0.0,pixel_reliability=0 AND MODLAND_QA(bits0-1)=0 AND VI range -2000..10000,MOD13Q1 V061 Terra 250m 16-day
SO1903,Cadaado,SO19,Galgaduud,2018-02-18,0.17032794348508634,0.17320000000000002,0.11536232339089483,0.116,0.858606281169969,6370,0.007952554252594689,0.0,pixel_reliability=0 AND MODLAND_QA(bits0-1)=0 AND VI range -2000..10000,MOD13Q1 V061 Terra 250m 16-day
SO1903,Cadaado,SO19,Galgaduud,2018-03-06,0.17589786220043574,0.1792,0.11737354302832244,0.1179,0.9898908208653457,7344,0.0009435233859010648,0.0,pixel_reliability=0 AND MODLAND_QA(bits0-1)=0 AND VI range -2000..10000,MOD13Q1 V061 Terra 250m 16-day
SO1903,Cadaado,SO19,Galgaduud,2018-03-22,0.172521430665494,0.1734,0.11969111697449428,0.11960000000000001,0.459765467044076,3411,0.05647661409893517,0.00013478905512872354,pixel_reliability=0 AND MODLAND_QA(bits0-1)=0 AND VI range -2000..10000,MOD13Q1 V061 Terra 250m 16-day
SO1903,Cadaado,SO19,Galgaduud,2018-04-07,0.19397024617996605,0.1948,0.1257689728353141,0.1237,0.3175630138832727,2356,0.25946893112279285,0.0738644022105405,pixel_reliability=0 AND MODLAND_QA(bits0-1)=0 AND VI range -2000..10000,MOD13Q1 V061 Terra 250m 16-day
SO1903,Cadaado,SO19,Galgaduud,2018-04-23,0.21859457831325302,0.2189,0.1467744979919679,0.14575,0.06712494945410433,498,0.658714112414072,0.051893786224558563,pixel_reliability=0 AND MODLAND_QA(bits0-1)=0 AND VI range -2000..10000,MOD13Q1 V061 Terra 250m 16-day
SO1903,Cadaado,SO19,Galgaduud,2018-05-09,0.25100718057022176,0.2487,0.16839915522703272,0.165,0.2552904704138024,1894,0.3319854427820461,0.04771532551556813,pixel_reliability=0 AND MODLAND_QA(bits0-1)=0 AND VI range -2000..10000,MOD13Q1 V061 Terra 250m 16-day
SO1903,Cadaado,SO19,Galgaduud,2018-05-25,0.2349744976485678,0.23385,0.16150168875587861,0.1607,0.6305431998921688,4678,0.08019948780159052,0.0,pixel_reliability=0 AND MODLAND_QA(bits0-1)=0 AND VI range -2000..10000,MOD13Q1 V061 Terra 250m 16-day
SO1903,Cadaado,SO19,Galgaduud,2018-06-10,0.21337319436825747,0.21080000000000002,0.14277538855366612,0.14170000000000002,0.7371613424989891,5469,0.04946758323224154,0.0,pixel_reliability=0 AND MODLAND_QA(bits0-1)=0 AND VI range -2000..10000,MOD13Q1 V061 Terra 250m 16-day
SO1903,Cadaado,SO19,Galgaduud,2018-06-26,0.20183447735687843,0.1996,0.1325550412987753,0.1308,0.9464887451138968,7022,0.0010783124410297883,0.0,pixel_reliability=0 AND MODLAND_QA(bits0-1)=0 AND VI range -2000..10000,MOD13Q1 V061 Terra 250m 16-day
SO1903,Cadaado,SO19,Galgaduud,2018-07-12,0.18917111079625956,0.18760000000000002,0.12388972796826297,0.12225,0.9513411510985308,7058,0.0063350855910500065,0.0,pixel_reliability=0 AND MODLAND_QA(bits0-1)=0 AND VI range -2000..10000,MOD13Q1 V061 Terra 250m 16-day
SO1903,Cadaado,SO19,Galgaduud,2018-07-28,0.18547344771241833,0.1849,0.1221792892156863,0.1212,0.9898908208653457,7344,0.0006739452756436178,0.0,pixel_reliability=0 AND MODLAND_QA(bits0-1)=0 AND VI range -2000..10000,MOD13Q1 V061 Terra 250m 16-day
SO1903,Cadaado,SO19,Galgaduud,2018-08-13,0.1754874144760533,0.17575000000000002,0.1175890889449046,0.117,0.7486184121849306,5554,0.06510311362717347,0.0,pixel_reliability=0 AND MODLAND_QA(bits0-1)=0 AND VI range -2000..10000,MOD13Q1 V061 Terra 250m 16-day
SO1903,Cadaado,SO19,Galgaduud,2018-08-29,0.17508573880480577,0.1763,0.11883349976595414,0.1184,0.8638630543199892,6409,0.0009435233859010648,0.0,pixel_reliability=0 AND MODLAND_QA(bits0-1)=0 AND VI range -2000..10000,MOD13Q1 V061 Terra 250m 16-day
SO1903,Cadaado,SO19,Galgaduud,2018-09-14,0.17286482564435782,0.1738,0.11860621615767815,0.11810000000000001,0.6223210675293166,4617,0.003908882598732983,0.0,pixel_reliability=0 AND MODLAND_QA(bits0-1)=0 AND VI range -2000..10000,MOD13Q1 V061 Terra 250m 16-day
SO1903,Cadaado,SO19,Galgaduud,2018-09-30,0.20827170501295142,0.20620000000000002,0.134312372390675,0.1315,0.8846205688098127,6563,0.005256773150020219,0.0004043671653861706,pixel_reliability=0 AND MODLAND_QA(bits0-1)=0 AND VI range -2000..10000,MOD13Q1 V061 Terra 250m 16-day
SO1903,Cadaado,SO19,Galgaduud,2018-10-16,0.20904699837750138,0.2056,0.13762320173066522,0.1351,0.24922496293300983,1849,0.45181291279148134,0.0,pixel_reliability=0 AND MODLAND_QA(bits0-1)=0 AND VI range -2000..10000,MOD13Q1 V061 Terra 250m 16-day
SO1903,Cadaado,SO19,Galgaduud,2018-11-01,0.21028392583298486,0.2064,0.1393057437613272,0.1359,0.966841892438334,7173,0.004987195039762771,0.0,pixel_reliability=0 AND MODLAND_QA(bits0-1)=0 AND VI range -2000..10000,MOD13Q1 V061 Terra 250m 16-day
SO1903,Cadaado,SO19,Galgaduud,2018-11-17,0.20428076340502876,0.19920000000000002,0.13366835807331112,0.1302,0.8898773419598328,6602,0.009570022914139371,0.0,pixel_reliability=0 AND MODLAND_QA(bits0-1)=0 AND VI range -2000..10000,MOD13Q1 V061 Terra 250m 16-day
SO1903,Cadaado,SO19,Galgaduud,2018-12-03,0.1957600777345919,0.1928,0.12749290671848973,0.125,0.9710203531473245,7204,0.0006739452756436178,0.0,pixel_reliability=0 AND MODLAND_QA(bits0-1)=0 AND VI range -2000..10000,MOD13Q1 V061 Terra 250m 16-day
SO1903,Cadaado,SO19,Galgaduud,2018-12-19,0.186379381443299,0.18560000000000001,0.12219921649484537,0.12090000000000001,0.9805903760614638,7275,0.0006739452756436178,0.0,pixel_reliability=0 AND MODLAND_QA(bits0-1)=0 AND VI range -2000..10000,MOD13Q1 V061 Terra 250m 16-day
SO1904,Ceel Buur,SO19,Galgaduud,2018-01-01,0.21676434057493965,0.2152,0.1418515470704411,0.1406,0.8917808219178082,13671,0.009458577951728636,0.0,pixel_reliability=0 AND MODLAND_QA(bits0-1)=0 AND VI range -2000..10000,MOD13Q1 V061 Terra 250m 16-day
SO1904,Ceel Buur,SO19,Galgaduud,2018-01-17,0.20276464788732393,0.202,0.13467422535211268,0.1338,0.741030658838878,11360,0.0018264840182648401,0.0,pixel_reliability=0 AND MODLAND_QA(bits0-1)=0 AND VI range -2000..10000,MOD13Q1 V061 Terra 250m 16-day
SO1904,Ceel Buur,SO19,Galgaduud,2018-02-02,0.18741020823165772,0.18630000000000002,0.1272409712054661,0.1267,0.8019569471624266,12294,0.02172211350293542,0.0,pixel_reliability=0 AND MODLAND_QA(bits0-1)=0 AND VI range -2000..10000,MOD13Q1 V061 Terra 250m 16-day
SO1904,Ceel Buur,SO19,Galgaduud,2018-02-18,0.19118223443223442,0.1897,0.12283667313079079,0.12240000000000001,0.6054794520547945,9282,0.021200260926288322,0.0,pixel_reliability=0 AND MODLAND_QA(bits0-1)=0 AND VI range -2000..10000,MOD13Q1 V061 Terra 250m 16-day
SO1904,Ceel Buur,SO19,Galgaduud,2018-03-06,0.18692417834980465,0.1862,0.12376819122040912,0.1233,0.85146771037182,13053,0.02511415525114155,0.0,pixel_reliability=0 AND MODLAND_QA(bits0-1)=0 AND VI range -2000..10000,MOD13Q1 V061 Terra 250m 16-day
SO1904,Ceel Buur,SO19,Galgaduud,2018-03-22,0.19289819150653964,0.1894,0.13024598740513485,0.1285,0.40397912589693413,6193,0.16131767775603392,0.00032615786040443573,pixel_reliability=0 AND MODLAND_QA(bits0-1)=0 AND VI range -2000..10000,MOD13Q1 V061 Terra 250m 16-day
SO1904,Ceel Buur,SO19,Galgaduud,2018-04-07,0.24466531612903225,0.23620000000000002,0.1586711225806452,0.1542,0.2527723418134377,3875,0.45909980430528374,0.05407697325505545,pixel_reliability=0 AND MODLAND_QA(bits0-1)=0 AND VI range -2000..10000,MOD13Q1 V061 Terra 250m 16-day
SO1904,Ceel Buur,SO19,Galgaduud,2018-04-23,0.3128571761960327,0.3029,0.1969619603267211,0.19210000000000002,0.11180691454664057,1714,0.2867579908675799,0.25270711024135684,pixel_reliability=0 AND MODLAND_QA(bits0-1)=0 AND VI range -2000..10000,MOD13Q1 V061 Terra 250m 16-day
SO1904,Ceel Buur,SO19,Galgaduud,2018-05-09,0.32721245972073043,0.319,0.21847357679914073,0.21450000000000002,0.060730593607305934,931,0.33744292237442924,0.2405740378343118,pixel_reliability=0 AND MODLAND_QA(bits0-1)=0 AND VI range -2000..10000,MOD13Q1 V061 Terra 250m 16-day
SO1904,Ceel Buur,SO19,Galgaduud,2018-05-25,0.284558220603538,0.28325,0.1992947970863684,0.1995,0.1253750815394651,1922,0.4898238747553816,0.03522504892367906,pixel_reliability=0 AND MODLAND_QA(bits0-1)=0 AND VI range -2000..10000,MOD13Q1 V061 Terra 250m 16-day
SO1904,Ceel Buur,SO19,Galgaduud,2018-06-10,0.2599316050625629,0.25670000000000004,0.17405550122249386,0.17170000000000002,0.9071102413568167,13906,0.015851272015655577,0.0,pixel_reliability=0 AND MODLAND_QA(bits0-1)=0 AND VI range -2000..10000,MOD13Q1 V061 Terra 250m 16-day
SO1904,Ceel Buur,SO19,Galgaduud,2018-06-26,0.23190181355744774,0.23120000000000002,0.15189239190534112,0.1507,0.5898891063274625,9043,0.15518590998043053,6.523157208088715e-05,pixel_reliability=0 AND MODLAND_QA(bits0-1)=0 AND VI range -2000..10000,MOD13Q1 V061 Terra 250m 16-day
SO1904,Ceel Buur,SO19,Galgaduud,2018-07-12,0.22062361794707183,0.2189,0.14312908196019689,0.14150000000000001,0.914481409001957,14019,0.017416829745596867,0.0,pixel_reliability=0 AND MODLAND_QA(bits0-1)=0 AND VI range -2000..10000,MOD13Q1 V061 Terra 250m 16-day
SO1904,Ceel Buur,SO19,Galgaduud,2018-07-28,0.2088515463205854,0.2071,0.1401395209167472,0.139,0.9449445531637313,14486,0.0020221787345075016,0.0,pixel_reliability=0 AND MODLAND_QA(bits0-1)=0 AND VI range -2000..10000,MOD13Q1 V061 Terra 250m 16-day
SO1904,Ceel Buur,SO19,Galgaduud,2018-08-13,0.1933922783198982,0.1925,0.12669079338141706,0.126,0.15375081539465102,2357,0.5992824527071102,6.523157208088715e-05,pixel_reliability=0 AND MODLAND_QA(bits0-1)=0 AND VI range -2000..10000,MOD13Q1 V061 Terra 250m 16-day
SO1904,Ceel Buur,SO19,Galgaduud,2018-08-29,0.19513508550185876,0.1935,0.13260347955390336,0.132,0.8773646444879322,13450,0.011872146118721462,0.00019569471624266145,pixel_reliability=0 AND MODLAND_QA(bits0-1)=0 AND VI range -2000..10000,MOD13Q1 V061 Terra 250m 16-day
SO1904,Ceel Buur,SO19,Galgaduud,2018-09-14,0.19451775450249073,0.1925,0.13206694341550645,0.13140000000000002,0.5106979778212655,7829,0.01304631441617743,0.0001304631441617743,pixel_reliability=0 AND MODLAND_QA(bits0-1)=0 AND VI range -2000..10000,MOD13Q1 V061 Terra 250m 16-day
SO1904,Ceel Buur,SO19,Galgaduud,2018-09-30,0.2550089268213002,0.24860000000000002,0.16449777850375696,0.16090000000000002,0.7986953685583823,12244,0.03431180691454664,0.005414220482713634,pixel_reliability=0 AND MODLAND_QA(bits0-1)=0 AND VI range -2000..10000,MOD13Q1 V061 Terra 250m 16-day
SO1904,Ceel Buur,SO19,Galgaduud,2018-10-16,0.2666978260869565,0.26565,0.1813852888624181,0.17980000000000002,0.21904761904761905,3358,0.3441617742987606,0.02857142857142857,pixel_reliability=0 AND MODLAND_QA(bits0-1)=0 AND VI range -2000..10000,MOD13Q1 V061 Terra 250m 16-day
SO1904,Ceel Buur,SO19,Galgaduud,2018-11-01,0.26800459471836363,0.2659,0.17612578232330944,0.1753,0.8546640574037835,13102,0.030984996738421394,0.0005870841487279843,pixel_reliability=0 AND MODLAND_QA(bits0-1)=0 AND VI range -2000..10000,MOD13Q1 V061 Terra 250m 16-day
SO1904,Ceel Buur,SO19,Galgaduud,2018-11-17,0.25814649635785375,0.2576,0.17326193700625833,0.1729,0.635812133072407,9747,0.053163731245923024,0.014742335290280496,pixel_reliability=0 AND MODLAND_QA(bits0-1)=0 AND VI range -2000..10000,MOD13Q1 V061 Terra 250m 16-day
SO1904,Ceel Buur,SO19,Galgaduud,2018-12-03,0.23177218231571745,0.2277,0.15085635368565076,0.14815,0.7628180039138943,11694,0.04559686888454012,0.024135681669928244,pixel_reliability=0 AND MODLAND_QA(bits0-1)=0 AND VI range -2000..10000,MOD13Q1 V061 Terra 250m 16-day
SO1904,Ceel Buur,SO19,Galgaduud,2018-12-19,0.21770897507310963,0.2151,0.1413818479320429,0.13920000000000002,0.9368558382257013,14362,0.007762557077625571,0.0,pixel_reliability=0 AND MODLAND_QA(bits0-1)=0 AND VI range -2000..10000,MOD13Q1 V061 Terra 250m 16-day
SO1905,Ceel Dheer,SO19,Galgaduud,2018-01-01,0.19352858401510387,0.20470000000000002,0.13676795468848335,0.1413,0.6521382253960437,7945,0.08076828367397193,0.01584174669621604,pixel_reliability=0 AND MODLAND_QA(bits0-1)=0 AND VI range -2000..10000,MOD13Q1 V061 Terra 250m 16-day
SO1905,Ceel Dheer,SO19,Galgaduud,2018-01-17,0.19164660519698237,0.19940000000000002,0.13153430726859058,0.13570000000000002,0.685463350570467,8351,0.08216367068866454,0.015923828285315602,pixel_reliability=0 AND MODLAND_QA(bits0-1)=0 AND VI range -2000..10000,MOD13Q1 V061 Terra 250m 16-day
SO1905,Ceel Dheer,SO19,Galgaduud,2018-02-02,0.1666868894165536,0.1754,0.12336509497964722,0.1272,0.48395304933103506,5896,0.17729623245506032,0.015595501928917344,pixel_reliability=0 AND MODLAND_QA(bits0-1)=0 AND VI range -2000..10000,MOD13Q1 V061 Terra 250m 16-day
SO1905,Ceel Dheer,SO19,Galgaduud,2018-02-18,0.16419065487230705,0.16720000000000002,0.1149379512055928,0.1178,0.5753098579988508,7009,0.09521464335549536,0.013789706968726915,pixel_reliability=0 AND MODLAND_QA(bits0-1)=0 AND VI range -2000..10000,MOD13Q1 V061 Terra 250m 16-day
SO1905,Ceel Dheer,SO19,Galgaduud,2018-03-06,0.16865233240654928,0.1736,0.11992725774894451,0.12300000000000001,0.7970943117458754,9711,0.04366740540096856,0.008618566855454321,pixel_reliability=0 AND MODLAND_QA(bits0-1)=0 AND VI range -2000..10000,MOD13Q1 V061 Terra 250m 16-day
SO1905,Ceel Dheer,SO19,Galgaduud,2018-03-22,0.16867121861604412,0.16975,0.12264966319657072,0.1221,0.26807846999917917,3266,0.36280062382007716,0.01518509398341952,pixel_reliability=0 AND MODLAND_QA(bits0-1)=0 AND VI range -2000..10000,MOD13Q1 V061 Terra 250m 16-day
SO1905,Ceel Dheer,SO19,Galgaduud,2018-04-07,0.22169139664804474,0.24130000000000001,0.15964178770949722,0.1715,0.07346302224411065,895,0.40121480751867356,0.1890338996962981,pixel_reliability=0 AND MODLAND_QA(bits0-1)=0 AND VI range -2000..10000,MOD13Q1 V061 Terra 250m 16-day
SO1905,Ceel Dheer,SO19,Galgaduud,2018-04-23,0.2484504891304348,0.25845,0.17991875000000004,0.18945,0.15103012394319953,1840,0.24008864811622754,0.2720183862759583,pixel_reliability=0 AND MODLAND_QA(bits0-1)=0 AND VI range -2000..10000,MOD13Q1 V061 Terra 250m 16-day
SO1905,Ceel Dheer,SO19,Galgaduud,2018-05-09,0.3425510944700461,0.3406,0.24384748463901687,0.24430000000000002,0.42748091603053434,5208,0.14068784371665435,0.1126980218337027,pixel_reliability=0 AND MODLAND_QA(bits0-1)=0 AND VI range -2000..10000,MOD13Q1 V061 Terra 250m 16-day
SO1905,Ceel Dheer,SO19,Galgaduud,2018-05-25,0.21239199735449737,0.20225,0.1724923941798942,0.1723,0.12410736271854222,1512,0.3604202577361898,0.15874579331855865,pixel_reliability=0 AND MODLAND_QA(bits0-1)=0 AND VI range -2000..10000,MOD13Q1 V061 Terra 250m 16-day
SO1905,Ceel Dheer,SO19,Galgaduud,2018-06-10,0.27518996629504794,0.28340000000000004,0.1954374902774177,0.2006,0.3165886891570221,3857,0.29483706804563736,0.016580480998112122,pixel_reliability=0 AND MODLAND_QA(bits0-1)=0 AND VI range -2000..10000,MOD13Q1 V061 Terra 250m 16-day
SO1905,Ceel Dheer,SO19,Galgaduud,2018-06-26,0.25500825996892806,0.26225,0.1828638529259451,0.18985000000000002,0.3169990971025199,3862,0.2938520889764426,0.02216202905688254,pixel_reliability=0 AND MODLAND_QA(bits0-1)=0 AND VI range -2000..10000,MOD13Q1 V061 Terra 250m 16-day
SO1905,Ceel Dheer,SO19,Galgaduud,2018-07-12,0.2407623378212974,0.24080000000000001,0.1692744675642595,0.1701,0.6706065829434458,8170,0.1140934088483953,0.014938849216120825,pixel_reliability=0 AND MODLAND_QA(bits0-1)=0 AND VI range -2000..10000,MOD13Q1 V061 Terra 250m 16-day
SO1905,Ceel Dheer,SO19,Galgaduud,2018-07-28,0.2240327646081836,0.23020000000000002,0.15847507171976447,0.1617,0.5436263646064188,6623,0.11795124353607486,0.016498399409012557,pixel_reliability=0 AND MODLAND_QA(bits0-1)=0 AND VI range -2000..10000,MOD13Q1 V061 Terra 250m 16-day
SO1905,Ceel Dheer,SO19,Galgaduud,2018-08-13,0.16095978473581213,0.15950000000000003,0.1308908023483366,0.1338,0.08388738405975539,1022,0.45793318558647295,0.19248132643847984,pixel_reliability=0 AND MODLAND_QA(bits0-1)=0 AND VI range -2000..10000,MOD13Q1 V061 Terra 250m 16-day
SO1905,Ceel Dheer,SO19,Galgaduud,2018-08-29,0.19570679203539826,0.2054,0.1365405088495575,0.14,0.3710087827300336,4520,0.31757366822621685,0.025855700566362966,pixel_reliability=0 AND MODLAND_QA(bits0-1)=0 AND VI range -2000..10000,MOD13Q1 V061 Terra 250m 16-day
SO1905,Ceel Dheer,SO19,Galgaduud,2018-09-14,0.19854463024897806,0.2059,0.13787885544407286,0.14020000000000002,0.22088155626692932,2691,0.442830173192153,0.05327095132561766,pixel_reliability=0 AND MODLAND_QA(bits0-1)=0 AND VI range -2000..10000,MOD13Q1 V061 Terra 250m 16-day
SO1905,Ceel Dheer,SO19,Galgaduud,2018-09-30,0.2305241316270567,0.23020000000000002,0.15594646556977454,0.1554,0.2693917754247722,3282,0.250759254699171,0.15217926619059344,pixel_reliability=0 AND MODLAND_QA(bits0-1)=0 AND VI range -2000..10000,MOD13Q1 V061 Terra 250m 16-day
SO1905,Ceel Dheer,SO19,Galgaduud,2018-10-16,0.19152388247112004,0.14785,0.1466211451531894,0.1274,0.3268488877944677,3982,0.26463104325699743,0.051629319543626366,pixel_reliability=0 AND MODLAND_QA(bits0-1)=0 AND VI range -2000..10000,MOD13Q1 V061 Terra 250m 16-day
SO1905,Ceel Dheer,SO19,Galgaduud,2018-11-01,0.22268935685828115,0.233,0.15955805350028462,0.1626,0.14421735204793565,1757,0.34712304030206026,0.14750061561191824,pixel_reliability=0 AND MODLAND_QA(bits0-1)=0 AND VI range -2000..10000,MOD13Q1 V061 Terra 250m 16-day
SO1905,Ceel Dheer,SO19,Galgaduud,2018-11-17,0.2978138066357474,0.2853,0.20782372458080628,0.19920000000000002,0.6902240827382418,8409,0.061397028646474595,0.006320282360666503,pixel_reliability=0 AND MODLAND_QA(bits0-1)=0 AND VI range -2000..10000,MOD13Q1 V061 Terra 250m 16-day
SO1905,Ceel Dheer,SO19,Galgaduud,2018-12-03,0.326745143728223,0.30345,0.21279590592334496,0.2043,0.37691865714520234,4592,0.26249692194040875,0.03086267750143643,pixel_reliability=0 AND MODLAND_QA(bits0-1)=0 AND VI range -2000..10000,MOD13Q1 V061 Terra 250m 16-day
SO1905,Ceel Dheer,SO19,Galgaduud,2018-12-19,0.26797144003852946,0.2576,0.18415209503933216,0.17980000000000002,0.5112862185011902,6229,0.18870557333989987,0.01140934088483953,pixel_reliability=0 AND MODLAND_QA(bits0-1)=0 AND VI range -2000..10000,MOD13Q1 V061 Terra 250m 16-day
SO2001,Belet Weyne,SO20,Hiraan,2018-01-01,0.20634796070629197,0.20550000000000002,0.12487842576473515,0.1217,0.9277803414859253,16084,0.012055837563451776,0.0,pixel_reliability=0 AND MODLAND_QA(bits0-1)=0 AND VI range -2000..10000,MOD13Q1 V061 Terra 250m 16-day
SO2001,Belet Weyne,SO20,Hiraan,2018-01-17,0.1948742796907941,0.1957,0.1205523600374795,0.11860000000000001,0.9850023073373327,17076,0.0007498846331333641,0.0,pixel_reliability=0 AND MODLAND_QA(bits0-1)=0 AND VI range -2000..10000,MOD13Q1 V061 Terra 250m 16-day
SO2001,Belet Weyne,SO20,Hiraan,2018-02-02,0.18725105449738633,0.1889,0.11515244246830499,0.1134,0.9600253807106599,16643,0.0025957544993077987,0.0,pixel_reliability=0 AND MODLAND_QA(bits0-1)=0 AND VI range -2000..10000,MOD13Q1 V061 Terra 250m 16-day
SO2001,Belet Weyne,SO20,Hiraan,2018-02-18,0.18539202643958794,0.18730000000000002,0.11463834931221344,0.1135,0.9686778957083526,16793,0.0029418550992155053,0.0,pixel_reliability=0 AND MODLAND_QA(bits0-1)=0 AND VI range -2000..10000,MOD13Q1 V061 Terra 250m 16-day
SO2001,Belet Weyne,SO20,Hiraan,2018-03-06,0.18121337882875738,0.1837,0.11915239644500873,0.1187,0.7269266266728196,12602,0.06472081218274112,0.0,pixel_reliability=0 AND MODLAND_QA(bits0-1)=0 AND VI range -2000..10000,MOD13Q1 V061 Terra 250m 16-day
SO2001,Belet Weyne,SO20,Hiraan,2018-03-22,0.19182924498043497,0.1903,0.11907597023542243,0.1169,0.8992270419935394,15589,0.01718966312874942,5.7683433317951084e-05,pixel_reliability=0 AND MODLAND_QA(bits0-1)=0 AND VI range -2000..10000,MOD13Q1 V061 Terra 250m 16-day
SO2001,Belet Weyne,SO20,Hiraan,2018-04-07,0.30665824964131994,0.3125,0.17054873266379725,0.1716,0.12061605906783572,2091,0.3849792339640055,0.1808952468850946,pixel_reliability=0 AND MODLAND_QA(bits0-1)=0 AND VI range -2000..10000,MOD13Q1 V061 Terra 250m 16-day
SO2001,Belet Weyne,SO20,Hiraan,2018-04-23,0.3118850152905199,0.3054,0.19341911314984708,0.18915,0.15089986155976004,2616,0.39755422242731886,0.11300184586986617,pixel_reliability=0 AND MODLAND_QA(bits0-1)=0 AND VI range -2000..10000,MOD13Q1 V061 Terra 250m 16-day
SO2001,Belet Weyne,SO20,Hiraan,2018-05-09,0.3747003241968759,0.3598,0.2412133068081344,0.23220000000000002,0.39143977849561606,6786,0.25628749423165664,0.016901245962159667,pixel_reliability=0 AND MODLAND_QA(bits0-1)=0 AND VI range -2000..10000,MOD13Q1 V061 Terra 250m 16-day
SO2001,Belet Weyne,SO20,Hiraan,2018-05-25,0.3320465346534654,0.3249,0.2242071134805788,0.2177,0.3786917397323489,6565,0.3170858329487771,0.0038647900323027225,pixel_reliability=0 AND MODLAND_QA(bits0-1)=0 AND VI range -2000..10000,MOD13Q1 V061 Terra 250m 16-day
SO2001,Belet Weyne,SO20,Hiraan,2018-06-10,0.29118485120574655,0.2856,0.1871742688558235,0.182,0.8994000922934933,15592,0.01643977849561606,5.7683433317951084e-05,pixel_reliability=0 AND MODLAND_QA(bits0-1)=0 AND VI range -2000..10000,MOD13Q1 V061 Terra 250m 16-day
SO2001,Belet Weyne,SO20,Hiraan,2018-06-26,0.2583631534805703,0.2509,0.16353286972323178,0.1575,0.8253345639132441,14308,0.04476234425473004,0.0015574526995846792,pixel_reliability=0 AND MODLAND_QA(bits0-1)=0 AND VI range -2000..10000,MOD13Q1 V061 Terra 250m 16-day
SO2001,Belet Weyne,SO20,Hiraan,2018-07-12,0.23709425145258994,0.23040000000000002,0.1465137408826802,0.1403,0.9332025842178127,16178,0.012055837563451776,0.0,pixel_reliability=0 AND MODLAND_QA(bits0-1)=0 AND VI range -2000..10000,MOD13Q1 V061 Terra 250m 16-day
SO2001,Belet Weyne,SO20,Hiraan,2018-07-28,0.22494273745267057,0.21880000000000002,0.14639948441150408,0.1394,0.7160244577757268,12413,0.04435856022150438,5.7683433317951084e-05,pixel_reliability=0 AND MODLAND_QA(bits0-1)=0 AND VI range -2000..10000,MOD13Q1 V061 Terra 250m 16-day
SO2001,Belet Weyne,SO20,Hiraan,2018-08-13,0.20358460322478658,0.1955,0.13345428390768257,0.1277,0.36490539916935855,6326,0.37799953853253343,0.00023073373327180433,pixel_reliability=0 AND MODLAND_QA(bits0-1)=0 AND VI range -2000..10000,MOD13Q1 V061 Terra 250m 16-day
SO2001,Belet Weyne,SO20,Hiraan,2018-08-29,0.20801023478315606,0.20500000000000002,0.13524620129665763,0.1311,0.9164167051222889,15887,0.007383479464697739,0.0,pixel_reliability=0 AND MODLAND_QA(bits0-1)=0 AND VI range -2000..10000,MOD13Q1 V061 Terra 250m 16-day
SO2001,Belet Weyne,SO20,Hiraan,2018-09-14,0.2131038910142764,0.2109,0.13000402164784922,0.1274,0.6181933548684818,10717,0.012113520996769728,0.0,pixel_reliability=0 AND MODLAND_QA(bits0-1)=0 AND VI range -2000..10000,MOD13Q1 V061 Terra 250m 16-day
SO2001,Belet Weyne,SO20,Hiraan,2018-09-30,0.24520861790898255,0.234,0.15201228525348853,0.1418,0.8226234425473005,14261,0.019900784494693124,5.7683433317951084e-05,pixel_reliability=0 AND MODLAND_QA(bits0-1)=0 AND VI range -2000..10000,MOD13Q1 V061 Terra 250m 16-day
SO2001,Belet Weyne,SO20,Hiraan,2018-10-16,0.2652772967863894,0.2545,0.16282342155009452,0.1558,0.30514536225196126,5290,0.332544993077988,0.0070373788647900325,pixel_reliability=0 AND MODLAND_QA(bits0-1)=0 AND VI range -2000..10000,MOD13Q1 V061 Terra 250m 16-day
SO2001,Belet Weyne,SO20,Hiraan,2018-11-01,0.27536803105747326,0.2743,0.1738709089374631,0.1721,0.6834910013844024,11849,0.12978772496538993,0.0017881864328564837,pixel_reliability=0 AND MODLAND_QA(bits0-1)=0 AND VI range -2000..10000,MOD13Q1 V061 Terra 250m 16-day
SO2001,Belet Weyne,SO20,Hiraan,2018-11-17,0.27473073470351994,0.2665,0.17537879360579572,0.169,0.7325219197046609,12699,0.0425703737886479,0.0004037840332256576,pixel_reliability=0 AND MODLAND_QA(bits0-1)=0 AND VI range -2000..10000,MOD13Q1 V061 Terra 250m 16-day
SO2001,Belet Weyne,SO20,Hiraan,2018-12-03,0.24130703806228374,0.23395000000000002,0.14254145328719725,0.1363,0.8335256114443932,14450,0.03403322565759114,0.0006922011998154131,pixel_reliability=0 AND MODLAND_QA(bits0-1)=0 AND VI range -2000..10000,MOD13Q1 V061 Terra 250m 16-day
SO2001,Belet Weyne,SO20,Hiraan,2018-12-19,0.22157287359093378,0.2159,0.13320816203508348,0.1277,0.9569104753114905,16589,0.005768343331795108,0.0,pixel_reliability=0 AND MODLAND_QA(bits0-1)=0 AND VI range -2000..10000,MOD13Q1 V061 Terra 250m 16-day
SO2002,Bulo Burto,SO20,Hiraan,2018-01-01,0.2565685603301772,0.25830000000000003,0.14767663874726875,0.1464,0.8750796685787126,16476,0.015880603356702782,0.0,pixel_reliability=0 AND MODLAND_QA(bits0-1)=0 AND VI range -2000..10000,MOD13Q1 V061 Terra 250m 16-day
SO2002,Bulo Burto,SO20,Hiraan,2018-01-17,0.23017787294015615,0.23340000000000002,0.13992863183000867,0.1404,0.9798172933928192,18448,0.0021244954323348204,0.0,pixel_reliability=0 AND MODLAND_QA(bits0-1)=0 AND VI range -2000..10000,MOD13Q1 V061 Terra 250m 16-day
SO2002,Bulo Burto,SO20,Hiraan,2018-02-02,0.21589420808408344,0.2202,0.130942013753005,0.13190000000000002,0.9500212449543234,17887,0.0033460803059273425,0.0,pixel_reliability=0 AND MODLAND_QA(bits0-1)=0 AND VI range -2000..10000,MOD13Q1 V061 Terra 250m 16-day
SO2002,Bulo Burto,SO20,Hiraan,2018-02-18,0.21581592580024886,0.2205,0.12968893790295216,0.1315,0.9391332058636074,17682,0.004673889951136605,0.0,pixel_reliability=0 AND MODLAND_QA(bits0-1)=0 AND VI range -2000..10000,MOD13Q1 V061 Terra 250m 16-day
SO2002,Bulo Burto,SO20,Hiraan,2018-03-06,0.2101766449391219,0.215,0.133488371664002,0.13540000000000002,0.8637136180157212,16262,0.030539621839813045,0.0,pixel_reliability=0 AND MODLAND_QA(bits0-1)=0 AND VI range -2000..10000,MOD13Q1 V061 Terra 250m 16-day
SO2002,Bulo Burto,SO20,Hiraan,2018-03-22,0.22552814547837485,0.22310000000000002,0.14249416775884668,0.1379,0.810495007435734,15260,0.05773316337369875,0.0,pixel_reliability=0 AND MODLAND_QA(bits0-1)=0 AND VI range -2000..10000,MOD13Q1 V061 Terra 250m 16-day
SO2002,Bulo Burto,SO20,Hiraan,2018-04-07,0.29913497133497136,0.26480000000000004,0.17515315315315316,0.1592,0.0648502230720204,1221,0.2931272572763969,0.30539621839813047,pixel_reliability=0 AND MODLAND_QA(bits0-1)=0 AND VI range -2000..10000,MOD13Q1 V061 Terra 250m 16-day
SO2002,Bulo Burto,SO20,Hiraan,2018-04-23,0.34231227154047,0.33840000000000003,0.21746762402088773,0.2172,0.06102613129381772,1149,0.3691841937539834,0.21398980242192478,pixel_reliability=0 AND MODLAND_QA(bits0-1)=0 AND VI range -2000..10000,MOD13Q1 V061 Terra 250m 16-day
SO2002,Bulo Burto,SO20,Hiraan,2018-05-09,0.4452329022441993,0.4363,0.2901212248003043,0.2847,0.13963246229020607,2629,0.37290206076056936,0.13734862970044615,pixel_reliability=0 AND MODLAND_QA(bits0-1)=0 AND VI range -2000..10000,MOD13Q1 V061 Terra 250m 16-day
SO2002,Bulo Burto,SO20,Hiraan,2018-05-25,0.41218614457831326,0.41715,0.27079457831325304,0.271,0.01763331208837901,332,0.6151476524325473,0.112385808370512,pixel_reliability=0 AND MODLAND_QA(bits0-1)=0 AND VI range -2000..10000,MOD13Q1 V061 Terra 250m 16-day
SO2002,Bulo Burto,SO20,Hiraan,2018-06-10,0.3284514107803075,0.3274,0.20775650904845303,0.2069,0.2729445506692161,5139,0.3940939026981092,0.053431060123220735,pixel_reliability=0 AND MODLAND_QA(bits0-1)=0 AND VI range -2000..10000,MOD13Q1 V061 Terra 250m 16-day
SO2002,Bulo Burto,SO20,Hiraan,2018-06-26,0.29204242099625066,0.28140000000000004,0.17923497589716123,0.1757,0.09916082430422775,1867,0.5384533673252603,0.09161886551943914,pixel_reliability=0 AND MODLAND_QA(bits0-1)=0 AND VI range -2000..10000,MOD13Q1 V061 Terra 250m 16-day
SO2002,Bulo Burto,SO20,Hiraan,2018-07-12,0.27721943659878107,0.2742,0.1649964099895942,0.1627,0.7145740386658168,13454,0.08922880815806246,0.0047270023369449755,pixel_reliability=0 AND MODLAND_QA(bits0-1)=0 AND VI range -2000..10000,MOD13Q1 V061 Terra 250m 16-day
SO2002,Bulo Burto,SO20,Hiraan,2018-07-28,0.24131482518933497,0.24020000000000002,0.15208997821350764,0.151,0.5119502868068834,9639,0.3428404503930317,0.0024431697471850437,pixel_reliability=0 AND MODLAND_QA(bits0-1)=0 AND VI range -2000..10000,MOD13Q1 V061 Terra 250m 16-day
SO2002,Bulo Burto,SO20,Hiraan,2018-08-13,0.22524892665474058,0.22155000000000002,0.130701252236136,0.12860000000000002,0.05937964733375823,1118,0.7414489058848523,0.03733800722328447,pixel_reliability=0 AND MODLAND_QA(bits0-1)=0 AND VI range -2000..10000,MOD13Q1 V061 Terra 250m 16-day
SO2002,Bulo Burto,SO20,Hiraan,2018-08-29,0.2369025352585628,0.23345000000000002,0.14044490429818668,0.1391,0.6326747397493095,11912,0.14223496919481624,0.0,pixel_reliability=0 AND MODLAND_QA(bits0-1)=0 AND VI range -2000..10000,MOD13Q1 V061 Terra 250m 16-day
SO2002,Bulo Burto,SO20,Hiraan,2018-09-14,0.248102569528416,0.24750000000000003,0.13485583434099155,0.1338,0.7027830890163587,13232,0.0317080943275972,0.00015933715742511153,pixel_reliability=0 AND MODLAND_QA(bits0-1)=0 AND VI range -2000..10000,MOD13Q1 V061 Terra 250m 16-day
SO2002,Bulo Burto,SO20,Hiraan,2018-09-30,0.33737979000347107,0.33890000000000003,0.2059839031586255,0.20800000000000002,0.6120671340556618,11524,0.13511790949649458,0.002177607818143191,pixel_reliability=0 AND MODLAND_QA(bits0-1)=0 AND VI range -2000..10000,MOD13Q1 V061 Terra 250m 16-day
SO2002,Bulo Burto,SO20,Hiraan,2018-10-16,0.3598198958935801,0.3653,0.2226859070753808,0.2265,0.27549394518801784,5187,0.40009560229445507,0.0031867431485022306,pixel_reliability=0 AND MODLAND_QA(bits0-1)=0 AND VI range -2000..10000,MOD13Q1 V061 Terra 250m 16-day
SO2002,Bulo Burto,SO20,Hiraan,2018-11-01,0.35412451550387597,0.35450000000000004,0.2233875,0.22215000000000001,0.21924792861695347,4128,0.48980242192479284,0.04742936052687487,pixel_reliability=0 AND MODLAND_QA(bits0-1)=0 AND VI range -2000..10000,MOD13Q1 V061 Terra 250m 16-day
SO2002,Bulo Burto,SO20,Hiraan,2018-11-17,0.37980379801158715,0.3687,0.2388158214719977,0.2298,0.7425642659868281,13981,0.05773316337369875,0.00010622477161674102,pixel_reliability=0 AND MODLAND_QA(bits0-1)=0 AND VI range -2000..10000,MOD13Q1 V061 Terra 250m 16-day
SO2002,Bulo Burto,SO20,Hiraan,2018-12-03,0.35127432453909735,0.3477,0.1971445168467896,0.19440000000000002,0.6683662630125345,12584,0.06458466114297855,0.003292967920118972,pixel_reliability=0 AND MODLAND_QA(bits0-1)=0 AND VI range -2000..10000,MOD13Q1 V061 Terra 250m 16-day
SO2002,Bulo Burto,SO20,Hiraan,2018-12-19,0.3059652140400806,0.2988,0.18078935135776122,0.1763,0.8957934990439771,16866,0.013968557467601445,0.0,pixel_reliability=0 AND MODLAND_QA(bits0-1)=0 AND VI range -2000..10000,MOD13Q1 V061 Terra 250m 16-day
SO2003,Jalalaqsi,SO20,Hiraan,2018-01-01,0.29105787518573556,0.29415,0.18991103268945025,0.1888,0.7335149863760217,2692,0.05122615803814714,0.0,pixel_reliability=0 AND MODLAND_QA(bits0-1)=0 AND VI range -2000..10000,MOD13Q1 V061 Terra 250m 16-day
SO2003,Jalalaqsi,SO20,Hiraan,2018-01-17,0.2559900246642916,0.259,0.16715864620443957,0.1658,0.9942779291553133,3649,0.0,0.0,pixel_reliability=0 AND MODLAND_QA(bits0-1)=0 AND VI range -2000..10000,MOD13Q1 V061 Terra 250m 16-day
SO2003,Jalalaqsi,SO20,Hiraan,2018-02-02,0.23157483164983167,0.2376,0.15745036475869809,0.1593,0.9711171662125341,3564,0.0008174386920980927,0.0,pixel_reliability=0 AND MODLAND_QA(bits0-1)=0 AND VI range -2000..10000,MOD13Q1 V061 Terra 250m 16-day
SO2003,Jalalaqsi,SO20,Hiraan,2018-02-18,0.23378253968253968,0.2419,0.1502448129251701,0.15245,0.9613079019073569,3528,0.0051771117166212535,0.0,pixel_reliability=0 AND MODLAND_QA(bits0-1)=0 AND VI range -2000..10000,MOD13Q1 V061 Terra 250m 16-day
SO2003,Jalalaqsi,SO20,Hiraan,2018-03-06,0.2267909793814433,0.2359,0.15091517754868272,0.1562,0.9514986376021798,3492,0.009264305177111716,0.0,pixel_reliability=0 AND MODLAND_QA(bits0-1)=0 AND VI range -2000..10000,MOD13Q1 V061 Terra 250m 16-day
SO2003,Jalalaqsi,SO20,Hiraan,2018-03-22,0.24838159609120522,0.25070000000000003,0.1646501628664495,0.16240000000000002,0.3346049046321526,1228,0.25912806539509536,0.010899182561307902,pixel_reliability=0 AND MODLAND_QA(bits0-1)=0 AND VI range -2000..10000,MOD13Q1 V061 Terra 250m 16-day
SO2003,Jalalaqsi,SO20,Hiraan,2018-04-07,0.23814666666666667,0.22405000000000003,0.14669833333333332,0.1411,0.01634877384196185,60,0.15476839237057222,0.6185286103542235,pixel_reliability=0 AND MODLAND_QA(bits0-1)=0 AND VI range -2000..10000,MOD13Q1 V061 Terra 250m 16-day
SO2003,Jalalaqsi,SO20,Hiraan,2018-04-23,0.38752393162393173,0.39980000000000004,0.26083504273504277,0.2676,0.03188010899182561,117,0.42343324250681197,0.188283378746594,pixel_reliability=0 AND MODLAND_QA(bits0-1)=0 AND VI range -2000..10000,MOD13Q1 V061 Terra 250m 16-day
SO2003,Jalalaqsi,SO20,Hiraan,2018-05-09,0.39930227272727276,0.39170000000000005,0.27860454545454555,0.27245,0.011989100817438692,44,0.2967302452316076,0.36648501362397823,pixel_reliability=0 AND MODLAND_QA(bits0-1)=0 AND VI range -2000..10000,MOD13Q1 V061 Terra 250m 16-day
SO2003,Jalalaqsi,SO20,Hiraan,2018-05-25,0.4523310344827586,0.46440000000000003,0.3124241379310345,0.322,0.00790190735694823,29,0.5166212534059945,0.1762942779291553,pixel_reliability=0 AND MODLAND_QA(bits0-1)=0 AND VI range -2000..10000,MOD13Q1 V061 Terra 250m 16-day
SO2003,Jalalaqsi,SO20,Hiraan,2018-06-10,0.2912,0.2912,0.1809,0.1809,0.00027247956403269756,1,0.2613079019073569,0.46103542234332423,pixel_reliability=0 AND MODLAND_QA(bits0-1)=0 AND VI range -2000..10000,MOD13Q1 V061 Terra 250m 16-day
SO2003,Jalalaqsi,SO20,Hiraan,2018-06-26,0.36369285714285715,0.33975,0.24167857142857144,0.2194,0.0038147138964577656,14,0.2730245231607629,0.38501362397820166,pixel_reliability=0 AND MODLAND_QA(bits0-1)=0 AND VI range -2000..10000,MOD13Q1 V061 Terra 250m 16-day
SO2003,Jalalaqsi,SO20,Hiraan,2018-07-12,0.3221483636363636,0.3241,0.20023418181818184,0.2051,0.07493188010899182,275,0.5787465940054496,0.04904632152588556,pixel_reliability=0 AND MODLAND_QA(bits0-1)=0 AND VI range -2000..10000,MOD13Q1 V061 Terra 250m 16-day
SO2003,Jalalaqsi,SO20,Hiraan,2018-07-28,0.25726944444444444,0.25650000000000006,0.1659027777777778,0.16345,0.009809264305177113,36,0.820708446866485,0.040326975476839236,pixel_reliability=0 AND MODLAND_QA(bits0-1)=0 AND VI range -2000..10000,MOD13Q1 V061 Terra 250m 16-day
SO2003,Jalalaqsi,SO20,Hiraan,2018-08-13,0.188475,0.1915,0.12665,0.12825000000000003,0.0010899182561307902,4,0.38283378746594005,0.3634877384196185,pixel_reliability=0 AND MODLAND_QA(bits0-1)=0 AND VI range -2000..10000,MOD13Q1 V061 Terra 250m 16-day
SO2003,Jalalaqsi,SO20,Hiraan,2018-08-29,0.2725622306717364,0.2755,0.16038618504435995,0.1645,0.21498637602179838,789,0.5209809264305177,0.0,pixel_reliability=0 AND MODLAND_QA(bits0-1)=0 AND VI range -2000..10000,MOD13Q1 V061 Terra 250m 16-day
SO2003,Jalalaqsi,SO20,Hiraan,2018-09-14,0.2745952419354839,0.28155,0.15477399193548388,0.16010000000000002,0.6757493188010899,2480,0.08065395095367847,0.0016348773841961854,pixel_reliability=0 AND MODLAND_QA(bits0-1)=0 AND VI range -2000..10000,MOD13Q1 V061 Terra 250m 16-day
SO2003,Jalalaqsi,SO20,Hiraan,2018-09-30,0.2751300191204588,0.2832,0.16954015296367111,0.1739,0.1425068119891008,523,0.4002724795640327,0.04141689373297003,pixel_reliability=0 AND MODLAND_QA(bits0-1)=0 AND VI range -2000..10000,MOD13Q1 V061 Terra 250m 16-day
SO2003,Jalalaqsi,SO20,Hiraan,2018-10-16,0.2878945161290322,0.29575,0.18400451612903226,0.1854,0.08446866485013624,310,0.6776566757493188,0.019618528610354225,pixel_reliability=0 AND MODLAND_QA(bits0-1)=0 AND VI range -2000..10000,MOD13Q1 V061 Terra 250m 16-day
SO2003,Jalalaqsi,SO20,Hiraan,2018-11-01,0.2831791666666667,0.25780000000000003,0.18383750000000001,0.1675,0.006539509536784741,24,0.5773841961852861,0.13024523160762944,pixel_reliability=0 AND MODLAND_QA(bits0-1)=0 AND VI range -2000..10000,MOD13Q1 V061 Terra 250m 16-day
SO2003,Jalalaqsi,SO20,Hiraan,2018-11-17,0.3991603916866507,0.4102,0.2604488009592326,0.2656,0.6817438692098092,2502,0.025885558583106268,0.0008174386920980927,pixel_reliability=0 AND MODLAND_QA(bits0-1)=0 AND VI range -2000..10000,MOD13Q1 V061 Terra 250m 16-day
SO2003,Jalalaqsi,SO20,Hiraan,2018-12-03,0.369835009310987,0.3759,0.2211122905027933,0.2204,0.5852861035422343,2148,0.09209809264305177,0.0051771117166212535,pixel_reliability=0 AND MODLAND_QA(bits0-1)=0 AND VI range -2000..10000,MOD13Q1 V061 Terra 250m 16-day
SO2003,Jalalaqsi,SO20,Hiraan,2018-12-19,0.33573822381262197,0.3383,0.217038223812622,0.21630000000000002,0.8376021798365123,3074,0.037874659400544956,0.0,pixel_reliability=0 AND MODLAND_QA(bits0-1)=0 AND VI range -2000..10000,MOD13Q1 V061 Terra 250m 16-day
SO2101,Jowhar,SO21,Middle Shabelle,2018-01-01,0.2953776365705615,0.28415,0.1951588201820941,0.19010000000000002,0.9385793128004273,5272,0.009613672779063557,0.0,pixel_reliability=0 AND MODLAND_QA(bits0-1)=0 AND VI range -2000..10000,MOD13Q1 V061 Terra 250m 16-day
SO2101,Jowhar,SO21,Middle Shabelle,2018-01-17,0.2613948059048661,0.2494,0.16704384909786768,0.1638,0.9768559729392914,5487,0.0032045575930211858,0.0,pixel_reliability=0 AND MODLAND_QA(bits0-1)=0 AND VI range -2000..10000,MOD13Q1 V061 Terra 250m 16-day
SO2101,Jowhar,SO21,Middle Shabelle,2018-02-02,0.23046766978446523,0.2214,0.15992848718991462,0.1537,0.8755563468043439,4918,0.01940537653551718,0.0,pixel_reliability=0 AND MODLAND_QA(bits0-1)=0 AND VI range -2000..10000,MOD13Q1 V061 Terra 250m 16-day
SO2101,Jowhar,SO21,Middle Shabelle,2018-02-18,0.24297382120759545,0.2195,0.15419780243225947,0.1421,0.8344311910272387,4687,0.0526971693074595,0.019583407512907245,pixel_reliability=0 AND MODLAND_QA(bits0-1)=0 AND VI range -2000..10000,MOD13Q1 V061 Terra 250m 16-day
SO2101,Jowhar,SO21,Middle Shabelle,2018-03-06,0.22688230574324325,0.2106,0.15348859797297298,0.14730000000000001,0.843154708919352,4736,0.03311376179455225,0.0,pixel_reliability=0 AND MODLAND_QA(bits0-1)=0 AND VI range -2000..10000,MOD13Q1 V061 Terra 250m 16-day
SO2101,Jowhar,SO21,Middle Shabelle,2018-03-22,0.23061954507160912,0.2127,0.1537340353833193,0.1406,0.6339683104860245,3561,0.08705714794374221,0.01335232330425494,pixel_reliability=0 AND MODLAND_QA(bits0-1)=0 AND VI range -2000..10000,MOD13Q1 V061 Terra 250m 16-day
SO2101,Jowhar,SO21,Middle Shabelle,2018-04-07,0.270458064516129,0.2571,0.15941290322580645,0.1522,0.060708563290012466,341,0.2002848495638241,0.42353569521096673,pixel_reliability=0 AND MODLAND_QA(bits0-1)=0 AND VI range -2000..10000,MOD13Q1 V061 Terra 250m 16-day
SO2101,Jowhar,SO21,Middle Shabelle,2018-04-23,0.32383666666666666,0.30405000000000004,0.21583370370370372,0.1998,0.04806836389531779,270,0.30443297133701264,0.3001602278796511,pixel_reliability=0 AND MODLAND_QA(bits0-1)=0 AND VI range -2000..10000,MOD13Q1 V061 Terra 250m 16-day
SO2101,Jowhar,SO21,Middle Shabelle,2018-05-09,0.4632503916449086,0.4582,0.31777127937336813,0.3244,0.06818586434039522,383,0.448638063022966,0.13939825529642158,pixel_reliability=0 AND MODLAND_QA(bits0-1)=0 AND VI range -2000..10000,MOD13Q1 V061 Terra 250m 16-day
SO2101,Jowhar,SO21,Middle Shabelle,2018-05-25,0.5080086956521739,0.5266000000000001,0.3814869565217391,0.3886,0.004094712479971515,23,0.39416058394160586,0.3119102723873954,pixel_reliability=0 AND MODLAND_QA(bits0-1)=0 AND VI range -2000..10000,MOD13Q1 V061 Terra 250m 16-day
SO2101,Jowhar,SO21,Middle Shabelle,2018-06-10,0.46372209302325595,0.4841,0.3012941860465116,0.3239,0.015310664055545665,86,0.37119458785828735,0.3275769983977212,pixel_reliability=0 AND MODLAND_QA(bits0-1)=0 AND VI range -2000..10000,MOD13Q1 V061 Terra 250m 16-day
SO2101,Jowhar,SO21,Middle Shabelle,2018-06-26,0.3497916666666667,0.35355000000000003,0.21995666666666666,0.2087,0.010681858643403952,60,0.4356418016734912,0.24247819120526973,pixel_reliability=0 AND MODLAND_QA(bits0-1)=0 AND VI range -2000..10000,MOD13Q1 V061 Terra 250m 16-day
SO2101,Jowhar,SO21,Middle Shabelle,2018-07-12,0.3633857142857143,0.3569,0.2684714285714286,0.2546,0.001246216841730461,7,0.3071034359978636,0.43546377069610115,pixel_reliability=0 AND MODLAND_QA(bits0-1)=0 AND VI range -2000..10000,MOD13Q1 V061 Terra 250m 16-day
SO2101,Jowhar,SO21,Middle Shabelle,2018-07-28,0.3515418918918919,0.33230000000000004,0.24366756756756758,0.2475,0.013174292326864874,74,0.6038810753071034,0.12177318853480505,pixel_reliability=0 AND MODLAND_QA(bits0-1)=0 AND VI range -2000..10000,MOD13Q1 V061 Terra 250m 16-day
SO2101,Jowhar,SO21,Middle Shabelle,2018-08-13,0.27351250000000005,0.2611,0.1938125,0.18830000000000002,0.002848495638241054,16,0.35232330425494035,0.3549937689157914,pixel_reliability=0 AND MODLAND_QA(bits0-1)=0 AND VI range -2000..10000,MOD13Q1 V061 Terra 250m 16-day
SO2101,Jowhar,SO21,Middle Shabelle,2018-08-29,0.2920295149638803,0.2828,0.17250402476780188,0.1681,0.17251201709097383,969,0.5212747017981129,0.015310664055545665,pixel_reliability=0 AND MODLAND_QA(bits0-1)=0 AND VI range -2000..10000,MOD13Q1 V061 Terra 250m 16-day
SO2101,Jowhar,SO21,Middle Shabelle,2018-09-14,0.30719299632872066,0.281,0.1767093758825191,0.165,0.6304076909382232,3541,0.13957628627381163,0.012640199394694678,pixel_reliability=0 AND MODLAND_QA(bits0-1)=0 AND VI range -2000..10000,MOD13Q1 V061 Terra 250m 16-day
SO2101,Jowhar,SO21,Middle Shabelle,2018-09-30,0.26882207031250005,0.2523,0.17300781250000002,0.16125,0.18230372084742746,1024,0.38828556168773365,0.10361402884101834,pixel_reliability=0 AND MODLAND_QA(bits0-1)=0 AND VI range -2000..10000,MOD13Q1 V061 Terra 250m 16-day
SO2101,Jowhar,SO21,Middle Shabelle,2018-10-16,0.3063808510638298,0.2795,0.19411063829787237,0.1799,0.008367455937333096,47,0.8267758589994659,0.07673135125511839,pixel_reliability=0 AND MODLAND_QA(bits0-1)=0 AND VI range -2000..10000,MOD13Q1 V061 Terra 250m 16-day
SO2101,Jowhar,SO21,Middle Shabelle,2018-11-01,0.32422,0.33230000000000004,0.22052,0.21880000000000002,0.0008901548869503294,5,0.4240697881431369,0.2723873954068008,pixel_reliability=0 AND MODLAND_QA(bits0-1)=0 AND VI range -2000..10000,MOD13Q1 V061 Terra 250m 16-day
SO2101,Jowhar,SO21,Middle Shabelle,2018-11-17,0.4070253179532683,0.40230000000000005,0.2837740905057675,0.27840000000000004,0.6019227345558127,3381,0.06765177140822504,0.0016022787965105929,pixel_reliability=0 AND MODLAND_QA(bits0-1)=0 AND VI range -2000..10000,MOD13Q1 V061 Terra 250m 16-day
SO2101,Jowhar,SO21,Middle Shabelle,2018-12-03,0.3978510854503464,0.38285,0.2424615011547345,0.23145000000000002,0.7708741320989853,4330,0.058038098629161476,0.0019583407512907248,pixel_reliability=0 AND MODLAND_QA(bits0-1)=0 AND VI range -2000..10000,MOD13Q1 V061 Terra 250m 16-day
SO2101,Jowhar,SO21,Middle Shabelle,2018-12-19,0.3684275674587193,0.35285,0.25432619814740237,0.24450000000000002,0.8841018337190671,4966,0.024034181947658894,0.00017803097739006588,pixel_reliability=0 AND MODLAND_QA(bits0-1)=0 AND VI range -2000..10000,MOD13Q1 V061 Terra 250m 16-day
SO2102,Adan Yabaal,SO21,Middle Shabelle,2018-01-01,0.23478219132737504,0.24100000000000002,0.16281175107580273,0.1651,0.6390945631478739,3021,0.05542627459276497,0.01184683731753755,pixel_reliability=0 AND MODLAND_QA(bits0-1)=0 AND VI range -2000..10000,MOD13Q1 V061 Terra 250m 16-day
SO2102,Adan Yabaal,SO21,Middle Shabelle,2018-01-17,0.22534981077147015,0.2243,0.14553863173216885,0.14550000000000002,0.726676539031098,3435,0.1191030251745293,0.013750793314998943,pixel_reliability=0 AND MODLAND_QA(bits0-1)=0 AND VI range -2000..10000,MOD13Q1 V061 Terra 250m 16-day
SO2102,Adan Yabaal,SO21,Middle Shabelle,2018-02-02,0.1837206549118388,0.19390000000000002,0.13439805685498382,0.138,0.5878993018828009,2779,0.10133276919822297,0.012904590649460547,pixel_reliability=0 AND MODLAND_QA(bits0-1)=0 AND VI range -2000..10000,MOD13Q1 V061 Terra 250m 16-day
SO2102,Adan Yabaal,SO21,Middle Shabelle,2018-02-18,0.1955327701513552,0.2015,0.13327476240760297,0.136,0.6010154431986461,2841,0.10154431986460757,0.02834778929553628,pixel_reliability=0 AND MODLAND_QA(bits0-1)=0 AND VI range -2000..10000,MOD13Q1 V061 Terra 250m 16-day
SO2102,Adan Yabaal,SO21,Middle Shabelle,2018-03-06,0.18043997940974604,0.1917,0.1311251544269046,0.1355,0.6164586418447218,2914,0.08673577321768564,0.007827374656230167,pixel_reliability=0 AND MODLAND_QA(bits0-1)=0 AND VI range -2000..10000,MOD13Q1 V061 Terra 250m 16-day
SO2102,Adan Yabaal,SO21,Middle Shabelle,2018-03-22,0.193034748427673,0.20005,0.13834648846960168,0.134,0.4036386714618151,1908,0.18383752908821663,0.022212819970382908,pixel_reliability=0 AND MODLAND_QA(bits0-1)=0 AND VI range -2000..10000,MOD13Q1 V061 Terra 250m 16-day
SO2102,Adan Yabaal,SO21,Middle Shabelle,2018-04-07,0.19678191489361704,0.12535000000000002,0.1491372340425532,0.11695,0.019885762640152318,94,0.20224243706367676,0.47387349270150203,pixel_reliability=0 AND MODLAND_QA(bits0-1)=0 AND VI range -2000..10000,MOD13Q1 V061 Terra 250m 16-day
SO2102,Adan Yabaal,SO21,Middle Shabelle,2018-04-23,0.2926485493230174,0.2847,0.21360889748549322,0.2024,0.10937169452083774,517,0.2409562090120584,0.2894013116141316,pixel_reliability=0 AND MODLAND_QA(bits0-1)=0 AND VI range -2000..10000,MOD13Q1 V061 Terra 250m 16-day
SO2102,Adan Yabaal,SO21,Middle Shabelle,2018-05-09,0.4253729755630091,0.45280000000000004,0.3069402012458074,0.3241,0.44150624074465833,2087,0.12671884916437487,0.13052676115929765,pixel_reliability=0 AND MODLAND_QA(bits0-1)=0 AND VI range -2000..10000,MOD13Q1 V061 Terra 250m 16-day
SO2102,Adan Yabaal,SO21,Middle Shabelle,2018-05-25,0.3493859281437126,0.35150000000000003,0.2570305389221557,0.24825,0.07065792257245611,334,0.42183202877089065,0.14998942246668076,pixel_reliability=0 AND MODLAND_QA(bits0-1)=0 AND VI range -2000..10000,MOD13Q1 V061 Terra 250m 16-day
SO2102,Adan Yabaal,SO21,Middle Shabelle,2018-06-10,0.2871852071005917,0.3019,0.21298461538461538,0.21100000000000002,0.03575206261899725,169,0.44489105140681195,0.16225936111698752,pixel_reliability=0 AND MODLAND_QA(bits0-1)=0 AND VI range -2000..10000,MOD13Q1 V061 Terra 250m 16-day
SO2102,Adan Yabaal,SO21,Middle Shabelle,2018-06-26,0.266168115942029,0.2775,0.19244589371980675,0.1947,0.13137296382483604,621,0.429024751427967,0.06283054791622594,pixel_reliability=0 AND MODLAND_QA(bits0-1)=0 AND VI range -2000..10000,MOD13Q1 V061 Terra 250m 16-day
SO2102,Adan Yabaal,SO21,Middle Shabelle,2018-07-12,0.25730660879305517,0.26,0.17765695883506022,0.1748,0.7554474296594035,3571,0.07636979056484028,0.005711867992384176,pixel_reliability=0 AND MODLAND_QA(bits0-1)=0 AND VI range -2000..10000,MOD13Q1 V061 Terra 250m 16-day
SO2102,Adan Yabaal,SO21,Middle Shabelle,2018-07-28,0.2066801872074883,0.2243,0.1548691887675507,0.1608,0.27120795430505606,1282,0.39602284747196953,0.03025174529299767,pixel_reliability=0 AND MODLAND_QA(bits0-1)=0 AND VI range -2000..10000,MOD13Q1 V061 Terra 250m 16-day
SO2102,Adan Yabaal,SO21,Middle Shabelle,2018-08-13,0.16246944444444444,0.14205,0.1309345679012346,0.12555,0.06854241590861011,324,0.3520203088639729,0.3094986249206685,pixel_reliability=0 AND MODLAND_QA(bits0-1)=0 AND VI range -2000..10000,MOD13Q1 V061 Terra 250m 16-day
SO2102,Adan Yabaal,SO21,Middle Shabelle,2018-08-29,0.22190000000000001,0.21910000000000002,0.14497851282051283,0.1408,0.41252379944996825,1950,0.3678866088428179,0.022635921303152104,pixel_reliability=0 AND MODLAND_QA(bits0-1)=0 AND VI range -2000..10000,MOD13Q1 V061 Terra 250m 16-day
SO2102,Adan Yabaal,SO21,Middle Shabelle,2018-09-14,0.23370473965287053,0.2288,0.14631201602136182,0.1411,0.3169028982441295,1498,0.21176221705098372,0.15189337846414216,pixel_reliability=0 AND MODLAND_QA(bits0-1)=0 AND VI range -2000..10000,MOD13Q1 V061 Terra 250m 16-day
SO2102,Adan Yabaal,SO21,Middle Shabelle,2018-09-30,0.2936405194805195,0.3034,0.1963632034632035,0.1995,0.24434101967421198,1155,0.18404907975460122,0.2597842183202877,pixel_reliability=0 AND MODLAND_QA(bits0-1)=0 AND VI range -2000..10000,MOD13Q1 V061 Terra 250m 16-day
SO2102,Adan Yabaal,SO21,Middle Shabelle,2018-10-16,0.25340789946140035,0.269,0.1836950628366248,0.1827,0.2356674423524434,1114,0.24539877300613497,0.16352866511529512,pixel_reliability=0 AND MODLAND_QA(bits0-1)=0 AND VI range -2000..10000,MOD13Q1 V061 Terra 250m 16-day
SO2102,Adan Yabaal,SO21,Middle Shabelle,2018-11-01,0.1922013157894737,0.1237,0.1495671052631579,0.1152,0.03215570129045907,152,0.2720541569705945,0.3630209435159721,pixel_reliability=0 AND MODLAND_QA(bits0-1)=0 AND VI range -2000..10000,MOD13Q1 V061 Terra 250m 16-day
SO2102,Adan Yabaal,SO21,Middle Shabelle,2018-11-17,0.35519862009486847,0.35750000000000004,0.25181328158689087,0.24830000000000002,0.4905859953458853,2319,0.13835413581552783,0.006558070657922572,pixel_reliability=0 AND MODLAND_QA(bits0-1)=0 AND VI range -2000..10000,MOD13Q1 V061 Terra 250m 16-day
SO2102,Adan Yabaal,SO21,Middle Shabelle,2018-12-03,0.38819576124567473,0.37645,0.2556175605536332,0.2482,0.24455257034059658,1156,0.3566744235244341,0.03955997461392003,pixel_reliability=0 AND MODLAND_QA(bits0-1)=0 AND VI range -2000..10000,MOD13Q1 V061 Terra 250m 16-day
SO2102,Adan Yabaal,SO21,Middle Shabelle,2018-12-19,0.34733774354327146,0.3322,0.2439759401903036,0.2363,0.4668923207108102,2207,0.2356674423524434,0.02665538396445949,pixel_reliability=0 AND MODLAND_QA(bits0-1)=0 AND VI range -2000..10000,MOD13Q1 V061 Terra 250m 16-day
SO2103,Balcad,SO21,Middle Shabelle,2018-01-01,0.3421108679432977,0.3242,0.2372618502859985,0.2315,0.8069436082681116,4021,0.047561709813365445,0.018864138069436084,pixel_reliability=0 AND MODLAND_QA(bits0-1)=0 AND VI range -2000..10000,MOD13Q1 V061 Terra 250m 16-day
SO2103,Balcad,SO21,Middle Shabelle,2018-01-17,0.2954900176901693,0.2715,0.20317563810967906,0.19390000000000002,0.794099939795304,3957,0.09953843066425848,0.02608870158539033,pixel_reliability=0 AND MODLAND_QA(bits0-1)=0 AND VI range -2000..10000,MOD13Q1 V061 Terra 250m 16-day
SO2103,Balcad,SO21,Middle Shabelle,2018-02-02,0.25829774814814815,0.23920000000000002,0.1799,0.1772,0.6773028296207104,3375,0.10636162954043749,0.022476419827413205,pixel_reliability=0 AND MODLAND_QA(bits0-1)=0 AND VI range -2000..10000,MOD13Q1 V061 Terra 250m 16-day
SO2103,Balcad,SO21,Middle Shabelle,2018-02-18,0.24461589571068124,0.22105000000000002,0.16337106812447436,0.15835,0.4772225566927554,2378,0.2243628336343568,0.06060606060606061,pixel_reliability=0 AND MODLAND_QA(bits0-1)=0 AND VI range -2000..10000,MOD13Q1 V061 Terra 250m 16-day
SO2103,Balcad,SO21,Middle Shabelle,2018-03-06,0.2351356725146199,0.2134,0.1661727485380117,0.1627,0.8579169175195666,4275,0.028095524784266506,0.016054585591009432,pixel_reliability=0 AND MODLAND_QA(bits0-1)=0 AND VI range -2000..10000,MOD13Q1 V061 Terra 250m 16-day
SO2103,Balcad,SO21,Middle Shabelle,2018-03-22,0.24090754414125198,0.2117,0.16732568218298557,0.15085,0.2500501705799719,1246,0.24021673690547862,0.12522576760987358,pixel_reliability=0 AND MODLAND_QA(bits0-1)=0 AND VI range -2000..10000,MOD13Q1 V061 Terra 250m 16-day
SO2103,Balcad,SO21,Middle Shabelle,2018-04-07,0.18175587188612102,0.1779,0.13092633451957297,0.1291,0.05639173188842063,281,0.15572948023279148,0.5538832028898254,pixel_reliability=0 AND MODLAND_QA(bits0-1)=0 AND VI range -2000..10000,MOD13Q1 V061 Terra 250m 16-day
SO2103,Balcad,SO21,Middle Shabelle,2018-04-23,0.2664182795698925,0.2457,0.20057849462365587,0.18430000000000002,0.018663455749548464,93,0.2139273530002007,0.4794300622115192,pixel_reliability=0 AND MODLAND_QA(bits0-1)=0 AND VI range -2000..10000,MOD13Q1 V061 Terra 250m 16-day
SO2103,Balcad,SO21,Middle Shabelle,2018-05-09,0.39205500000000004,0.45995,0.2880685714285714,0.31445,0.028095524784266506,140,0.2950030102347983,0.40858920329119003,pixel_reliability=0 AND MODLAND_QA(bits0-1)=0 AND VI range -2000..10000,MOD13Q1 V061 Terra 250m 16-day
SO2103,Balcad,SO21,Middle Shabelle,2018-05-25,0.3258969072164949,0.27140000000000003,0.26271443298969077,0.2295,0.019466185029098935,97,0.3722657033915312,0.28777844671884406,pixel_reliability=0 AND MODLAND_QA(bits0-1)=0 AND VI range -2000..10000,MOD13Q1 V061 Terra 250m 16-day
SO2103,Balcad,SO21,Middle Shabelle,2018-06-10,0.29793333333333333,0.27725,0.25260666666666665,0.25370000000000004,0.006020469596628537,30,0.2925948223961469,0.4350792695163556,pixel_reliability=0 AND MODLAND_QA(bits0-1)=0 AND VI range -2000..10000,MOD13Q1 V061 Terra 250m 16-day
SO2103,Balcad,SO21,Middle Shabelle,2018-06-26,0.37488757225433533,0.36515000000000003,0.2857962427745665,0.28150000000000003,0.0694360826811158,346,0.4083885209713024,0.1725867951033514,pixel_reliability=0 AND MODLAND_QA(bits0-1)=0 AND VI range -2000..10000,MOD13Q1 V061 Terra 250m 16-day
SO2103,Balcad,SO21,Middle Shabelle,2018-07-12,0.2673434343434343,0.2747,0.21917777777777778,0.216,0.019867549668874173,99,0.33714629741119806,0.33714629741119806,pixel_reliability=0 AND MODLAND_QA(bits0-1)=0 AND VI range -2000..10000,MOD13Q1 V061 Terra 250m 16-day
SO2103,Balcad,SO21,Middle Shabelle,2018-07-28,0.23031172413793105,0.1996,0.1840041379310345,0.1703,0.029098936383704595,145,0.2733293196869356,0.42063014248444713,pixel_reliability=0 AND MODLAND_QA(bits0-1)=0 AND VI range -2000..10000,MOD13Q1 V061 Terra 250m 16-day
SO2103,Balcad,SO21,Middle Shabelle,2018-08-13,0.22856181818181817,0.1981,0.18555454545454544,0.17470000000000002,0.011037527593818985,55,0.35179610676299417,0.3479831426851294,pixel_reliability=0 AND MODLAND_QA(bits0-1)=0 AND VI range -2000..10000,MOD13Q1 V061 Terra 250m 16-day
SO2103,Balcad,SO21,Middle Shabelle,2018-08-29,0.2580052631578948,0.2554,0.183704048582996,0.1769,0.04956853301224162,247,0.4844471202087096,0.1649608669476219,pixel_reliability=0 AND MODLAND_QA(bits0-1)=0 AND VI range -2000..10000,MOD13Q1 V061 Terra 250m 16-day
SO2103,Balcad,SO21,Middle Shabelle,2018-09-14,0.26615193621867883,0.2579,0.1741865603644647,0.17250000000000001,0.08809953843066426,439,0.34276540236805136,0.23941400762592815,pixel_reliability=0 AND MODLAND_QA(bits0-1)=0 AND VI range -2000..10000,MOD13Q1 V061 Terra 250m 16-day
SO2103,Balcad,SO21,Middle Shabelle,2018-09-30,0.29358695652173916,0.22845000000000001,0.1934949275362319,0.15505000000000002,0.027694160144491272,138,0.23058398555087298,0.511539233393538,pixel_reliability=0 AND MODLAND_QA(bits0-1)=0 AND VI range -2000..10000,MOD13Q1 V061 Terra 250m 16-day
SO2103,Balcad,SO21,Middle Shabelle,2018-10-16,0.14547111111111113,0.12765,0.12808444444444445,0.11900000000000001,0.018061408789885613,90,0.47220549869556494,0.3953441701786073,pixel_reliability=0 AND MODLAND_QA(bits0-1)=0 AND VI range -2000..10000,MOD13Q1 V061 Terra 250m 16-day
SO2103,Balcad,SO21,Middle Shabelle,2018-11-01,0.16115000000000002,0.1442,0.13863902439024392,0.13445000000000001,0.01645595023078467,82,0.22014850491671684,0.5161549267509532,pixel_reliability=0 AND MODLAND_QA(bits0-1)=0 AND VI range -2000..10000,MOD13Q1 V061 Terra 250m 16-day
SO2103,Balcad,SO21,Middle Shabelle,2018-11-17,0.40273339100346023,0.39965,0.2972461591695502,0.2989,0.5799719044752157,2890,0.10475617098133655,0.04976921533212924,pixel_reliability=0 AND MODLAND_QA(bits0-1)=0 AND VI range -2000..10000,MOD13Q1 V061 Terra 250m 16-day
SO2103,Balcad,SO21,Middle Shabelle,2018-12-03,0.3949068120933793,0.3749,0.2741198239571374,0.2716,0.5243829018663456,2613,0.11338551073650412,0.0381296407786474,pixel_reliability=0 AND MODLAND_QA(bits0-1)=0 AND VI range -2000..10000,MOD13Q1 V061 Terra 250m 16-day
SO2103,Balcad,SO21,Middle Shabelle,2018-12-19,0.3866767080745342,0.37055000000000005,0.279865900621118,0.2745,0.6461970700381297,3220,0.10515753562111178,0.06823198876179008,pixel_reliability=0 AND MODLAND_QA(bits0-1)=0 AND VI range -2000..10000,MOD13Q1 V061 Terra 250m 16-day
SO2104,Cadale,SO21,Middle Shabelle,2018-01-01,0.2592684358974359,0.27590000000000003,0.18382625641025643,0.19015,0.5605864596808969,3900,0.1322409084375449,0.022279718269368982,pixel_reliability=0 AND MODLAND_QA(bits0-1)=0 AND VI range -2000..10000,MOD13Q1 V061 Terra 250m 16-day
SO2104,Cadale,SO21,Middle Shabelle,2018-01-17,0.25093117313150426,0.2548,0.16605373699148535,0.1668,0.6077332183412391,4228,0.24306453931292224,0.019404915912031046,pixel_reliability=0 AND MODLAND_QA(bits0-1)=0 AND VI range -2000..10000,MOD13Q1 V061 Terra 250m 16-day
SO2104,Cadale,SO21,Middle Shabelle,2018-02-02,0.20716269605765156,0.22260000000000002,0.15282835947435355,0.1589,0.6781658760960184,4718,0.11844185712232284,0.020554836854966223,pixel_reliability=0 AND MODLAND_QA(bits0-1)=0 AND VI range -2000..10000,MOD13Q1 V061 Terra 250m 16-day
SO2104,Cadale,SO21,Middle Shabelle,2018-02-18,0.2017033983008496,0.21760000000000002,0.14024932533733137,0.1457,0.5752479517033204,4002,0.15236452493891045,0.038234871352594506,pixel_reliability=0 AND MODLAND_QA(bits0-1)=0 AND VI range -2000..10000,MOD13Q1 V061 Terra 250m 16-day
SO2104,Cadale,SO21,Middle Shabelle,2018-03-06,0.19661866973356332,0.21430000000000002,0.14221451025493578,0.1495,0.7498921949115999,5217,0.05648986632169038,0.013655311197355182,pixel_reliability=0 AND MODLAND_QA(bits0-1)=0 AND VI range -2000..10000,MOD13Q1 V061 Terra 250m 16-day
SO2104,Cadale,SO21,Middle Shabelle,2018-03-22,0.18151552453468697,0.19055,0.13289780033840948,0.135,0.3398016386373437,2364,0.16946959896507116,0.098749460974558,pixel_reliability=0 AND MODLAND_QA(bits0-1)=0 AND VI range -2000..10000,MOD13Q1 V061 Terra 250m 16-day
SO2104,Cadale,SO21,Middle Shabelle,2018-04-07,0.1283913043478261,0.1107,0.11465217391304347,0.1028,0.023142158976570362,161,0.09630587897082075,0.6962771309472474,pixel_reliability=0 AND MODLAND_QA(bits0-1)=0 AND VI range -2000..10000,MOD13Q1 V061 Terra 250m 16-day
SO2104,Cadale,SO21,Middle Shabelle,2018-04-23,0.31960703745743474,0.3567,0.23390601589103296,0.2499,0.12663504384073596,881,0.25039528532413396,0.2585884720425471,pixel_reliability=0 AND MODLAND_QA(bits0-1)=0 AND VI range -2000..10000,MOD13Q1 V061 Terra 250m 16-day
SO2104,Cadale,SO21,Middle Shabelle,2018-05-09,0.4718680111265647,0.5072,0.3553933240611961,0.3781,0.1033491447462987,719,0.29064251832686505,0.23027166882276842,pixel_reliability=0 AND MODLAND_QA(bits0-1)=0 AND VI range -2000..10000,MOD13Q1 V061 Terra 250m 16-day
SO2104,Cadale,SO21,Middle Shabelle,2018-05-25,0.3434895480225989,0.30765,0.2756457627118644,0.25475000000000003,0.05088400172488142,354,0.3948541037803651,0.1930429782952422,pixel_reliability=0 AND MODLAND_QA(bits0-1)=0 AND VI range -2000..10000,MOD13Q1 V061 Terra 250m 16-day
SO2104,Cadale,SO21,Middle Shabelle,2018-06-10,0.1936635193133047,0.1695,0.17660515021459228,0.1645,0.03349144746298692,233,0.278137128072445,0.3774615495184706,pixel_reliability=0 AND MODLAND_QA(bits0-1)=0 AND VI range -2000..10000,MOD13Q1 V061 Terra 250m 16-day
SO2104,Cadale,SO21,Middle Shabelle,2018-06-26,0.22039344023323615,0.17170000000000002,0.18264373177842566,0.15725,0.0986057208566911,686,0.4368262181974989,0.12246658042259595,pixel_reliability=0 AND MODLAND_QA(bits0-1)=0 AND VI range -2000..10000,MOD13Q1 V061 Terra 250m 16-day
SO2104,Cadale,SO21,Middle Shabelle,2018-07-12,0.22446030277544157,0.2099,0.1666307821698907,0.1559,0.1709070001437401,1189,0.267069138996694,0.2631881558142878,pixel_reliability=0 AND MODLAND_QA(bits0-1)=0 AND VI range -2000..10000,MOD13Q1 V061 Terra 250m 16-day
SO2104,Cadale,SO21,Middle Shabelle,2018-07-28,0.13431933701657456,0.12340000000000001,0.1214327808471455,0.1155,0.07805088400172489,543,0.506108955009343,0.10219922380336352,pixel_reliability=0 AND MODLAND_QA(bits0-1)=0 AND VI range -2000..10000,MOD13Q1 V061 Terra 250m 16-day
SO2104,Cadale,SO21,Middle Shabelle,2018-08-13,0.1478145945945946,0.13345,0.13083594594594594,0.1265,0.05318384361075176,370,0.3053040103492885,0.32715250826505676,pixel_reliability=0 AND MODLAND_QA(bits0-1)=0 AND VI range -2000..10000,MOD13Q1 V061 Terra 250m 16-day
SO2104,Cadale,SO21,Middle Shabelle,2018-08-29,0.24700660628662763,0.26940000000000003,0.16164837506659563,0.1675,0.269800201236165,1877,0.33620813569067126,0.09759954003162283,pixel_reliability=0 AND MODLAND_QA(bits0-1)=0 AND VI range -2000..10000,MOD13Q1 V061 Terra 250m 16-day
SO2104,Cadale,SO21,Middle Shabelle,2018-09-14,0.2632458728010825,0.2873,0.1634255751014885,0.1703,0.31867184131090986,2217,0.193330458530976,0.16946959896507116,pixel_reliability=0 AND MODLAND_QA(bits0-1)=0 AND VI range -2000..10000,MOD13Q1 V061 Terra 250m 16-day
SO2104,Cadale,SO21,Middle Shabelle,2018-09-30,0.24249984802431615,0.2736,0.16901534954407296,0.17815000000000003,0.094580997556418,658,0.1763691246226822,0.4529251113985914,pixel_reliability=0 AND MODLAND_QA(bits0-1)=0 AND VI range -2000..10000,MOD13Q1 V061 Terra 250m 16-day
SO2104,Cadale,SO21,Middle Shabelle,2018-10-16,0.1650131634819533,0.108,0.13467685774946922,0.10260000000000001,0.06770159551530833,471,0.3567629725456375,0.2871927554980595,pixel_reliability=0 AND MODLAND_QA(bits0-1)=0 AND VI range -2000..10000,MOD13Q1 V061 Terra 250m 16-day
SO2104,Cadale,SO21,Middle Shabelle,2018-11-01,0.12490917874396136,0.1124,0.11591787439613528,0.1072,0.029754204398447608,207,0.22078482104355326,0.44602558574098033,pixel_reliability=0 AND MODLAND_QA(bits0-1)=0 AND VI range -2000..10000,MOD13Q1 V061 Terra 250m 16-day
SO2104,Cadale,SO21,Middle Shabelle,2018-11-17,0.4196270559610706,0.44010000000000005,0.30412180048661797,0.3143,0.29538594221647263,2055,0.3872358775334196,0.02328589909443726,pixel_reliability=0 AND MODLAND_QA(bits0-1)=0 AND VI range -2000..10000,MOD13Q1 V061 Terra 250m 16-day
SO2104,Cadale,SO21,Middle Shabelle,2018-12-03,0.4289783815711754,0.4479,0.2859263437684584,0.29200000000000004,0.24335201954865604,1693,0.37013080350725885,0.055627425614489,pixel_reliability=0 AND MODLAND_QA(bits0-1)=0 AND VI range -2000..10000,MOD13Q1 V061 Terra 250m 16-day
SO2104,Cadale,SO21,Middle Shabelle,2018-12-19,0.36426126033057854,0.3623,0.2552403236914601,0.25215,0.41742130228546787,2904,0.236452493891045,0.056058645968089696,pixel_reliability=0 AND MODLAND_QA(bits0-1)=0 AND VI range -2000..10000,MOD13Q1 V061 Terra 250m 16-day
SO2201,Bondhere,SO22,Banadir,2018-01-01,,,,,0.0,0,0.5714285714285714,0.14285714285714285,pixel_reliability=0 AND MODLAND_QA(bits0-1)=0 AND VI range -2000..10000,MOD13Q1 V061 Terra 250m 16-day
SO2201,Bondhere,SO22,Banadir,2018-01-17,,,,,0.0,0,0.42857142857142855,0.0,pixel_reliability=0 AND MODLAND_QA(bits0-1)=0 AND VI range -2000..10000,MOD13Q1 V061 Terra 250m 16-day
SO2201,Bondhere,SO22,Banadir,2018-02-02,,,,,0.0,0,0.7142857142857143,0.14285714285714285,pixel_reliability=0 AND MODLAND_QA(bits0-1)=0 AND VI range -2000..10000,MOD13Q1 V061 Terra 250m 16-day
SO2201,Bondhere,SO22,Banadir,2018-02-18,,,,,0.0,0,0.5714285714285714,0.0,pixel_reliability=0 AND MODLAND_QA(bits0-1)=0 AND VI range -2000..10000,MOD13Q1 V061 Terra 250m 16-day
SO2201,Bondhere,SO22,Banadir,2018-03-06,,,,,0.0,0,0.5714285714285714,0.14285714285714285,pixel_reliability=0 AND MODLAND_QA(bits0-1)=0 AND VI range -2000..10000,MOD13Q1 V061 Terra 250m 16-day
SO2201,Bondhere,SO22,Banadir,2018-03-22,,,,,0.0,0,0.0,1.0,pixel_reliability=0 AND MODLAND_QA(bits0-1)=0 AND VI range -2000..10000,MOD13Q1 V061 Terra 250m 16-day
SO2201,Bondhere,SO22,Banadir,2018-04-07,,,,,0.0,0,0.5714285714285714,0.14285714285714285,pixel_reliability=0 AND MODLAND_QA(bits0-1)=0 AND VI range -2000..10000,MOD13Q1 V061 Terra 250m 16-day
SO2201,Bondhere,SO22,Banadir,2018-04-23,,,,,0.0,0,0.2857142857142857,0.2857142857142857,pixel_reliability=0 AND MODLAND_QA(bits0-1)=0 AND VI range -2000..10000,MOD13Q1 V061 Terra 250m 16-day
SO2201,Bondhere,SO22,Banadir,2018-05-09,,,,,0.0,0,0.0,0.7142857142857143,pixel_reliability=0 AND MODLAND_QA(bits0-1)=0 AND VI range -2000..10000,MOD13Q1 V061 Terra 250m 16-day
SO2201,Bondhere,SO22,Banadir,2018-05-25,,,,,0.0,0,0.0,0.8571428571428571,pixel_reliability=0 AND MODLAND_QA(bits0-1)=0 AND VI range -2000..10000,MOD13Q1 V061 Terra 250m 16-day
SO2201,Bondhere,SO22,Banadir,2018-06-10,,,,,0.0,0,0.14285714285714285,0.42857142857142855,pixel_reliability=0 AND MODLAND_QA(bits0-1)=0 AND VI range -2000..10000,MOD13Q1 V061 Terra 250m 16-day
SO2201,Bondhere,SO22,Banadir,2018-06-26,,,,,0.0,0,0.42857142857142855,0.2857142857142857,pixel_reliability=0 AND MODLAND_QA(bits0-1)=0 AND VI range -2000..10000,MOD13Q1 V061 Terra 250m 16-day
SO2201,Bondhere,SO22,Banadir,2018-07-12,,,,,0.0,0,0.14285714285714285,0.2857142857142857,pixel_reliability=0 AND MODLAND_QA(bits0-1)=0 AND VI range -2000..10000,MOD13Q1 V061 Terra 250m 16-day
SO2201,Bondhere,SO22,Banadir,2018-07-28,,,,,0.0,0,0.2857142857142857,0.42857142857142855,pixel_reliability=0 AND MODLAND_QA(bits0-1)=0 AND VI range -2000..10000,MOD13Q1 V061 Terra 250m 16-day
SO2201,Bondhere,SO22,Banadir,2018-08-13,,,,,0.0,0,0.0,1.0,pixel_reliability=0 AND MODLAND_QA(bits0-1)=0 AND VI range -2000..10000,MOD13Q1 V061 Terra 250m 16-day
SO2201,Bondhere,SO22,Banadir,2018-08-29,0.1774,0.1774,0.11670000000000001,0.11670000000000001,0.14285714285714285,1,0.42857142857142855,0.0,pixel_reliability=0 AND MODLAND_QA(bits0-1)=0 AND VI range -2000..10000,MOD13Q1 V061 Terra 250m 16-day
SO2201,Bondhere,SO22,Banadir,2018-09-14,,,,,0.0,0,0.14285714285714285,0.14285714285714285,pixel_reliability=0 AND MODLAND_QA(bits0-1)=0 AND VI range -2000..10000,MOD13Q1 V061 Terra 250m 16-day
SO2201,Bondhere,SO22,Banadir,2018-09-30,,,,,0.0,0,0.0,0.8571428571428571,pixel_reliability=0 AND MODLAND_QA(bits0-1)=0 AND VI range -2000..10000,MOD13Q1 V061 Terra 250m 16-day
SO2201,Bondhere,SO22,Banadir,2018-10-16,,,,,0.0,0,0.14285714285714285,0.0,pixel_reliability=0 AND MODLAND_QA(bits0-1)=0 AND VI range -2000..10000,MOD13Q1 V061 Terra 250m 16-day
SO2201,Bondhere,SO22,Banadir,2018-11-01,0.19745000000000001,0.19745000000000001,0.1558,0.1558,0.2857142857142857,2,0.42857142857142855,0.0,pixel_reliability=0 AND MODLAND_QA(bits0-1)=0 AND VI range -2000..10000,MOD13Q1 V061 Terra 250m 16-day
SO2201,Bondhere,SO22,Banadir,2018-11-17,0.1776,0.1776,0.1292,0.1292,0.14285714285714285,1,0.42857142857142855,0.0,pixel_reliability=0 AND MODLAND_QA(bits0-1)=0 AND VI range -2000..10000,MOD13Q1 V061 Terra 250m 16-day
SO2201,Bondhere,SO22,Banadir,2018-12-03,,,,,0.0,0,0.0,0.7142857142857143,pixel_reliability=0 AND MODLAND_QA(bits0-1)=0 AND VI range -2000..10000,MOD13Q1 V061 Terra 250m 16-day
SO2201,Bondhere,SO22,Banadir,2018-12-19,,,,,0.0,0,0.5714285714285714,0.0,pixel_reliability=0 AND MODLAND_QA(bits0-1)=0 AND VI range -2000..10000,MOD13Q1 V061 Terra 250m 16-day
SO2202,Cabdulasis,SO22,Banadir,2018-01-01,,,,,0.0,0,1.0,0.0,pixel_reliability=0 AND MODLAND_QA(bits0-1)=0 AND VI range -2000..10000,MOD13Q1 V061 Terra 250m 16-day
SO2202,Cabdulasis,SO22,Banadir,2018-01-17,,,,,0.0,0,0.0,0.0,pixel_reliability=0 AND MODLAND_QA(bits0-1)=0 AND VI range -2000..10000,MOD13Q1 V061 Terra 250m 16-day
SO2202,Cabdulasis,SO22,Banadir,2018-02-02,,,,,0.0,0,1.0,0.0,pixel_reliability=0 AND MODLAND_QA(bits0-1)=0 AND VI range -2000..10000,MOD13Q1 V061 Terra 250m 16-day
SO2202,Cabdulasis,SO22,Banadir,2018-02-18,,,,,0.0,0,1.0,0.0,pixel_reliability=0 AND MODLAND_QA(bits0-1)=0 AND VI range -2000..10000,MOD13Q1 V061 Terra 250m 16-day
SO2202,Cabdulasis,SO22,Banadir,2018-03-06,,,,,0.0,0,0.0,0.0,pixel_reliability=0 AND MODLAND_QA(bits0-1)=0 AND VI range -2000..10000,MOD13Q1 V061 Terra 250m 16-day
SO2202,Cabdulasis,SO22,Banadir,2018-03-22,,,,,0.0,0,0.0,1.0,pixel_reliability=0 AND MODLAND_QA(bits0-1)=0 AND VI range -2000..10000,MOD13Q1 V061 Terra 250m 16-day
SO2202,Cabdulasis,SO22,Banadir,2018-04-07,,,,,0.0,0,0.0,1.0,pixel_reliability=0 AND MODLAND_QA(bits0-1)=0 AND VI range -2000..10000,MOD13Q1 V061 Terra 250m 16-day
SO2202,Cabdulasis,SO22,Banadir,2018-04-23,,,,,0.0,0,0.0,1.0,pixel_reliability=0 AND MODLAND_QA(bits0-1)=0 AND VI range -2000..10000,MOD13Q1 V061 Terra 250m 16-day
SO2202,Cabdulasis,SO22,Banadir,2018-05-09,,,,,0.0,0,1.0,0.0,pixel_reliability=0 AND MODLAND_QA(bits0-1)=0 AND VI range -2000..10000,MOD13Q1 V061 Terra 250m 16-day
SO2202,Cabdulasis,SO22,Banadir,2018-05-25,,,,,0.0,0,0.0,1.0,pixel_reliability=0 AND MODLAND_QA(bits0-1)=0 AND VI range -2000..10000,MOD13Q1 V061 Terra 250m 16-day
SO2202,Cabdulasis,SO22,Banadir,2018-06-10,,,,,0.0,0,0.0,1.0,pixel_reliability=0 AND MODLAND_QA(bits0-1)=0 AND VI range -2000..10000,MOD13Q1 V061 Terra 250m 16-day
SO2202,Cabdulasis,SO22,Banadir,2018-06-26,,,,,0.0,0,0.0,1.0,pixel_reliability=0 AND MODLAND_QA(bits0-1)=0 AND VI range -2000..10000,MOD13Q1 V061 Terra 250m 16-day
SO2202,Cabdulasis,SO22,Banadir,2018-07-12,,,,,0.0,0,0.0,0.0,pixel_reliability=0 AND MODLAND_QA(bits0-1)=0 AND VI range -2000..10000,MOD13Q1 V061 Terra 250m 16-day
SO2202,Cabdulasis,SO22,Banadir,2018-07-28,,,,,0.0,0,1.0,0.0,pixel_reliability=0 AND MODLAND_QA(bits0-1)=0 AND VI range -2000..10000,MOD13Q1 V061 Terra 250m 16-day
SO2202,Cabdulasis,SO22,Banadir,2018-08-13,,,,,0.0,0,0.0,1.0,pixel_reliability=0 AND MODLAND_QA(bits0-1)=0 AND VI range -2000..10000,MOD13Q1 V061 Terra 250m 16-day
SO2202,Cabdulasis,SO22,Banadir,2018-08-29,,,,,0.0,0,0.0,1.0,pixel_reliability=0 AND MODLAND_QA(bits0-1)=0 AND VI range -2000..10000,MOD13Q1 V061 Terra 250m 16-day
SO2202,Cabdulasis,SO22,Banadir,2018-09-14,,,,,0.0,0,0.0,1.0,pixel_reliability=0 AND MODLAND_QA(bits0-1)=0 AND VI range -2000..10000,MOD13Q1 V061 Terra 250m 16-day
SO2202,Cabdulasis,SO22,Banadir,2018-09-30,,,,,0.0,0,0.0,0.0,pixel_reliability=0 AND MODLAND_QA(bits0-1)=0 AND VI range -2000..10000,MOD13Q1 V061 Terra 250m 16-day
SO2202,Cabdulasis,SO22,Banadir,2018-10-16,,,,,0.0,0,1.0,0.0,pixel_reliability=0 AND MODLAND_QA(bits0-1)=0 AND VI range -2000..10000,MOD13Q1 V061 Terra 250m 16-day
SO2202,Cabdulasis,SO22,Banadir,2018-11-01,,,,,0.0,0,0.0,0.0,pixel_reliability=0 AND MODLAND_QA(bits0-1)=0 AND VI range -2000..10000,MOD13Q1 V061 Terra 250m 16-day
SO2202,Cabdulasis,SO22,Banadir,2018-11-17,,,,,0.0,0,1.0,0.0,pixel_reliability=0 AND MODLAND_QA(bits0-1)=0 AND VI range -2000..10000,MOD13Q1 V061 Terra 250m 16-day
SO2202,Cabdulasis,SO22,Banadir,2018-12-03,,,,,0.0,0,0.0,1.0,pixel_reliability=0 AND MODLAND_QA(bits0-1)=0 AND VI range -2000..10000,MOD13Q1 V061 Terra 250m 16-day
SO2202,Cabdulasis,SO22,Banadir,2018-12-19,,,,,0.0,0,0.0,0.0,pixel_reliability=0 AND MODLAND_QA(bits0-1)=0 AND VI range -2000..10000,MOD13Q1 V061 Terra 250m 16-day
SO2203,Daynile,SO22,Banadir,2018-01-01,0.22185625000000003,0.22200000000000003,0.16426250000000003,0.16110000000000002,0.48484848484848486,16,0.0,0.0,pixel_reliability=0 AND MODLAND_QA(bits0-1)=0 AND VI range -2000..10000,MOD13Q1 V061 Terra 250m 16-day
SO2203,Daynile,SO22,Banadir,2018-01-17,0.2094,0.2086,0.16301764705882352,0.16160000000000002,0.5151515151515151,17,0.36363636363636365,0.0,pixel_reliability=0 AND MODLAND_QA(bits0-1)=0 AND VI range -2000..10000,MOD13Q1 V061 Terra 250m 16-day
SO2203,Daynile,SO22,Banadir,2018-02-02,0.1962666666666667,0.1942,0.14628333333333332,0.14685,0.7272727272727273,24,0.06060606060606061,0.0,pixel_reliability=0 AND MODLAND_QA(bits0-1)=0 AND VI range -2000..10000,MOD13Q1 V061 Terra 250m 16-day
SO2203,Daynile,SO22,Banadir,2018-02-18,0.1778,0.1778,0.1383,0.1383,0.030303030303030304,1,0.5757575757575758,0.0,pixel_reliability=0 AND MODLAND_QA(bits0-1)=0 AND VI range -2000..10000,MOD13Q1 V061 Terra 250m 16-day
SO2203,Daynile,SO22,Banadir,2018-03-06,0.18730000000000002,0.18435,0.1408357142857143,0.1397,0.42424242424242425,14,0.21212121212121213,0.0,pixel_reliability=0 AND MODLAND_QA(bits0-1)=0 AND VI range -2000..10000,MOD13Q1 V061 Terra 250m 16-day
SO2203,Daynile,SO22,Banadir,2018-03-22,0.21276666666666666,0.2106,0.15556666666666666,0.1559,0.09090909090909091,3,0.5454545454545454,0.030303030303030304,pixel_reliability=0 AND MODLAND_QA(bits0-1)=0 AND VI range -2000..10000,MOD13Q1 V061 Terra 250m 16-day
SO2203,Daynile,SO22,Banadir,2018-04-07,,,,,0.0,0,0.2727272727272727,0.45454545454545453,pixel_reliability=0 AND MODLAND_QA(bits0-1)=0 AND VI range -2000..10000,MOD13Q1 V061 Terra 250m 16-day
SO2203,Daynile,SO22,Banadir,2018-04-23,,,,,0.0,0,0.0,0.9090909090909091,pixel_reliability=0 AND MODLAND_QA(bits0-1)=0 AND VI range -2000..10000,MOD13Q1 V061 Terra 250m 16-day
SO2203,Daynile,SO22,Banadir,2018-05-09,,,,,0.0,0,0.0,1.0,pixel_reliability=0 AND MODLAND_QA(bits0-1)=0 AND VI range -2000..10000,MOD13Q1 V061 Terra 250m 16-day
SO2203,Daynile,SO22,Banadir,2018-05-25,,,,,0.0,0,0.2727272727272727,0.48484848484848486,pixel_reliability=0 AND MODLAND_QA(bits0-1)=0 AND VI range -2000..10000,MOD13Q1 V061 Terra 250m 16-day
SO2203,Daynile,SO22,Banadir,2018-06-10,0.30431428571428576,0.2978,0.24028571428571427,0.2386,0.21212121212121213,7,0.18181818181818182,0.12121212121212122,pixel_reliability=0 AND MODLAND_QA(bits0-1)=0 AND VI range -2000..10000,MOD13Q1 V061 Terra 250m 16-day
SO2203,Daynile,SO22,Banadir,2018-06-26,,,,,0.0,0,0.2727272727272727,0.2727272727272727,pixel_reliability=0 AND MODLAND_QA(bits0-1)=0 AND VI range -2000..10000,MOD13Q1 V061 Terra 250m 16-day
SO2203,Daynile,SO22,Banadir,2018-07-12,,,,,0.0,0,0.3333333333333333,0.2727272727272727,pixel_reliability=0 AND MODLAND_QA(bits0-1)=0 AND VI range -2000..10000,MOD13Q1 V061 Terra 250m 16-day
SO2203,Daynile,SO22,Banadir,2018-07-28,,,,,0.0,0,0.0,1.0,pixel_reliability=0 AND MODLAND_QA(bits0-1)=0 AND VI range -2000..10000,MOD13Q1 V061 Terra 250m 16-day
SO2203,Daynile,SO22,Banadir,2018-08-13,,,,,0.0,0,0.0,1.0,pixel_reliability=0 AND MODLAND_QA(bits0-1)=0 AND VI range -2000..10000,MOD13Q1 V061 Terra 250m 16-day
SO2203,Daynile,SO22,Banadir,2018-08-29,0.2874333333333334,0.2844,0.21656666666666669,0.21130000000000002,0.09090909090909091,3,0.15151515151515152,0.42424242424242425,pixel_reliability=0 AND MODLAND_QA(bits0-1)=0 AND VI range -2000..10000,MOD13Q1 V061 Terra 250m 16-day
SO2203,Daynile,SO22,Banadir,2018-09-14,,,,,0.0,0,0.12121212121212122,0.5454545454545454,pixel_reliability=0 AND MODLAND_QA(bits0-1)=0 AND VI range -2000..10000,MOD13Q1 V061 Terra 250m 16-day
SO2203,Daynile,SO22,Banadir,2018-09-30,,,,,0.0,0,0.0,1.0,pixel_reliability=0 AND MODLAND_QA(bits0-1)=0 AND VI range -2000..10000,MOD13Q1 V061 Terra 250m 16-day
SO2203,Daynile,SO22,Banadir,2018-10-16,0.21530000000000002,0.21530000000000002,0.1766,0.1766,0.030303030303030304,1,0.2727272727272727,0.3939393939393939,pixel_reliability=0 AND MODLAND_QA(bits0-1)=0 AND VI range -2000..10000,MOD13Q1 V061 Terra 250m 16-day
SO2203,Daynile,SO22,Banadir,2018-11-01,,,,,0.0,0,0.0,1.0,pixel_reliability=0 AND MODLAND_QA(bits0-1)=0 AND VI range -2000..10000,MOD13Q1 V061 Terra 250m 16-day
SO2203,Daynile,SO22,Banadir,2018-11-17,0.2848,0.2848,0.216,0.216,0.030303030303030304,1,0.18181818181818182,0.45454545454545453,pixel_reliability=0 AND MODLAND_QA(bits0-1)=0 AND VI range -2000..10000,MOD13Q1 V061 Terra 250m 16-day
SO2203,Daynile,SO22,Banadir,2018-12-03,0.24801428571428571,0.2412,0.18554285714285715,0.1819,0.21212121212121213,7,0.24242424242424243,0.030303030303030304,pixel_reliability=0 AND MODLAND_QA(bits0-1)=0 AND VI range -2000..10000,MOD13Q1 V061 Terra 250m 16-day
SO2203,Daynile,SO22,Banadir,2018-12-19,,,,,0.0,0,0.0,0.8484848484848485,pixel_reliability=0 AND MODLAND_QA(bits0-1)=0 AND VI range -2000..10000,MOD13Q1 V061 Terra 250m 16-day
SO2204,Dharkenley,SO22,Banadir,2018-01-01,0.20139999999999997,0.21180000000000002,0.14852,0.1584,0.3125,5,0.375,0.0,pixel_reliability=0 AND MODLAND_QA(bits0-1)=0 AND VI range -2000..10000,MOD13Q1 V061 Terra 250m 16-day
SO2204,Dharkenley,SO22,Banadir,2018-01-17,0.2147,0.2147,0.14850000000000002,0.14850000000000002,0.0625,1,0.5625,0.0,pixel_reliability=0 AND MODLAND_QA(bits0-1)=0 AND VI range -2000..10000,MOD13Q1 V061 Terra 250m 16-day
SO2204,Dharkenley,SO22,Banadir,2018-02-02,0.20753999999999997,0.21300000000000002,0.14474000000000004,0.1403,0.3125,5,0.125,0.0,pixel_reliability=0 AND MODLAND_QA(bits0-1)=0 AND VI range -2000..10000,MOD13Q1 V061 Terra 250m 16-day
SO2204,Dharkenley,SO22,Banadir,2018-02-18,0.1864,0.1864,0.13390000000000002,0.13390000000000002,0.125,2,0.3125,0.0,pixel_reliability=0 AND MODLAND_QA(bits0-1)=0 AND VI range -2000..10000,MOD13Q1 V061 Terra 250m 16-day
SO2204,Dharkenley,SO22,Banadir,2018-03-06,0.1835,0.18330000000000002,0.13586666666666666,0.13670000000000002,0.1875,3,0.125,0.0625,pixel_reliability=0 AND MODLAND_QA(bits0-1)=0 AND VI range -2000..10000,MOD13Q1 V061 Terra 250m 16-day
SO2204,Dharkenley,SO22,Banadir,2018-03-22,0.20990000000000003,0.20990000000000003,0.14855000000000002,0.14855000000000002,0.125,2,0.1875,0.0,pixel_reliability=0 AND MODLAND_QA(bits0-1)=0 AND VI range -2000..10000,MOD13Q1 V061 Terra 250m 16-day
SO2204,Dharkenley,SO22,Banadir,2018-04-07,0.19765000000000002,0.20115,0.14315000000000003,0.14455,0.375,6,0.0625,0.0,pixel_reliability=0 AND MODLAND_QA(bits0-1)=0 AND VI range -2000..10000,MOD13Q1 V061 Terra 250m 16-day
SO2204,Dharkenley,SO22,Banadir,2018-04-23,0.3018,0.3018,0.2147,0.2147,0.0625,1,0.0625,0.625,pixel_reliability=0 AND MODLAND_QA(bits0-1)=0 AND VI range -2000..10000,MOD13Q1 V061 Terra 250m 16-day
SO2204,Dharkenley,SO22,Banadir,2018-05-09,,,,,0.0,0,0.0,0.9375,pixel_reliability=0 AND MODLAND_QA(bits0-1)=0 AND VI range -2000..10000,MOD13Q1 V061 Terra 250m 16-day
SO2204,Dharkenley,SO22,Banadir,2018-05-25,,,,,0.0,0,0.0625,0.6875,pixel_reliability=0 AND MODLAND_QA(bits0-1)=0 AND VI range -2000..10000,MOD13Q1 V061 Terra 250m 16-day
SO2204,Dharkenley,SO22,Banadir,2018-06-10,,,,,0.0,0,0.5,0.0625,pixel_reliability=0 AND MODLAND_QA(bits0-1)=0 AND VI range -2000..10000,MOD13Q1 V061 Terra 250m 16-day
SO2204,Dharkenley,SO22,Banadir,2018-06-26,,,,,0.0,0,0.1875,0.4375,pixel_reliability=0 AND MODLAND_QA(bits0-1)=0 AND VI range -2000..10000,MOD13Q1 V061 Terra 250m 16-day
SO2204,Dharkenley,SO22,Banadir,2018-07-12,0.31020000000000003,0.31020000000000003,0.25470000000000004,0.25470000000000004,0.0625,1,0.1875,0.75,pixel_reliability=0 AND MODLAND_QA(bits0-1)=0 AND VI range -2000..10000,MOD13Q1 V061 Terra 250m 16-day
SO2204,Dharkenley,SO22,Banadir,2018-07-28,,,,,0.0,0,0.125,0.6875,pixel_reliability=0 AND MODLAND_QA(bits0-1)=0 AND VI range -2000..10000,MOD13Q1 V061 Terra 250m 16-day
SO2204,Dharkenley,SO22,Banadir,2018-08-13,,,,,0.0,0,0.125,0.875,pixel_reliability=0 AND MODLAND_QA(bits0-1)=0 AND VI range -2000..10000,MOD13Q1 V061 Terra 250m 16-day
SO2204,Dharkenley,SO22,Banadir,2018-08-29,,,,,0.0,0,0.0625,0.5,pixel_reliability=0 AND MODLAND_QA(bits0-1)=0 AND VI range -2000..10000,MOD13Q1 V061 Terra 250m 16-day
SO2204,Dharkenley,SO22,Banadir,2018-09-14,,,,,0.0,0,0.1875,0.5,pixel_reliability=0 AND MODLAND_QA(bits0-1)=0 AND VI range -2000..10000,MOD13Q1 V061 Terra 250m 16-day
SO2204,Dharkenley,SO22,Banadir,2018-09-30,,,,,0.0,0,0.0625,0.5,pixel_reliability=0 AND MODLAND_QA(bits0-1)=0 AND VI range -2000..10000,MOD13Q1 V061 Terra 250m 16-day
SO2204,Dharkenley,SO22,Banadir,2018-10-16,,,,,0.0,0,0.25,0.25,pixel_reliability=0 AND MODLAND_QA(bits0-1)=0 AND VI range -2000..10000,MOD13Q1 V061 Terra 250m 16-day
SO2204,Dharkenley,SO22,Banadir,2018-11-01,,,,,0.0,0,0.0,1.0,pixel_reliability=0 AND MODLAND_QA(bits0-1)=0 AND VI range -2000..10000,MOD13Q1 V061 Terra 250m 16-day
SO2204,Dharkenley,SO22,Banadir,2018-11-17,,,,,0.0,0,0.25,0.4375,pixel_reliability=0 AND MODLAND_QA(bits0-1)=0 AND VI range -2000..10000,MOD13Q1 V061 Terra 250m 16-day
SO2204,Dharkenley,SO22,Banadir,2018-12-03,0.215,0.215,0.1554,0.1554,0.0625,1,0.1875,0.25,pixel_reliability=0 AND MODLAND_QA(bits0-1)=0 AND VI range -2000..10000,MOD13Q1 V061 Terra 250m 16-day
SO2204,Dharkenley,SO22,Banadir,2018-12-19,,,,,0.0,0,0.3125,0.5,pixel_reliability=0 AND MODLAND_QA(bits0-1)=0 AND VI range -2000..10000,MOD13Q1 V061 Terra 250m 16-day
SO2205,Hamar Jabjab,SO22,Banadir,2018-01-01,,,,,0.0,0,0.0,1.0,pixel_reliability=0 AND MODLAND_QA(bits0-1)=0 AND VI range -2000..10000,MOD13Q1 V061 Terra 250m 16-day
SO2205,Hamar Jabjab,SO22,Banadir,2018-01-17,,,,,0.0,0,0.0,1.0,pixel_reliability=0 AND MODLAND_QA(bits0-1)=0 AND VI range -2000..10000,MOD13Q1 V061 Terra 250m 16-day
SO2205,Hamar Jabjab,SO22,Banadir,2018-02-02,,,,,0.0,0,0.0,1.0,pixel_reliability=0 AND MODLAND_QA(bits0-1)=0 AND VI range -2000..10000,MOD13Q1 V061 Terra 250m 16-day
SO2205,Hamar Jabjab,SO22,Banadir,2018-02-18,,,,,0.0,0,0.0,0.0,pixel_reliability=0 AND MODLAND_QA(bits0-1)=0 AND VI range -2000..10000,MOD13Q1 V061 Terra 250m 16-day
SO2205,Hamar Jabjab,SO22,Banadir,2018-03-06,,,,,0.0,0,0.0,1.0,pixel_reliability=0 AND MODLAND_QA(bits0-1)=0 AND VI range -2000..10000,MOD13Q1 V061 Terra 250m 16-day
SO2205,Hamar Jabjab,SO22,Banadir,2018-03-22,,,,,0.0,0,0.0,1.0,pixel_reliability=0 AND MODLAND_QA(bits0-1)=0 AND VI range -2000..10000,MOD13Q1 V061 Terra 250m 16-day
SO2205,Hamar Jabjab,SO22,Banadir,2018-04-07,,,,,0.0,0,0.0,0.0,pixel_reliability=0 AND MODLAND_QA(bits0-1)=0 AND VI range -2000..10000,MOD13Q1 V061 Terra 250m 16-day
SO2205,Hamar Jabjab,SO22,Banadir,2018-04-23,0.3768,0.3768,0.0216,0.0216,1.0,1,0.0,0.0,pixel_reliability=0 AND MODLAND_QA(bits0-1)=0 AND VI range -2000..10000,MOD13Q1 V061 Terra 250m 16-day
SO2205,Hamar Jabjab,SO22,Banadir,2018-05-09,,,,,0.0,0,0.0,0.0,pixel_reliability=0 AND MODLAND_QA(bits0-1)=0 AND VI range -2000..10000,MOD13Q1 V061 Terra 250m 16-day
SO2205,Hamar Jabjab,SO22,Banadir,2018-05-25,,,,,0.0,0,0.0,1.0,pixel_reliability=0 AND MODLAND_QA(bits0-1)=0 AND VI range -2000..10000,MOD13Q1 V061 Terra 250m 16-day
SO2205,Hamar Jabjab,SO22,Banadir,2018-06-10,,,,,0.0,0,1.0,0.0,pixel_reliability=0 AND MODLAND_QA(bits0-1)=0 AND VI range -2000..10000,MOD13Q1 V061 Terra 250m 16-day
SO2205,Hamar Jabjab,SO22,Banadir,2018-06-26,,,,,0.0,0,0.0,1.0,pixel_reliability=0 AND MODLAND_QA(bits0-1)=0 AND VI range -2000..10000,MOD13Q1 V061 Terra 250m 16-day
SO2205,Hamar Jabjab,SO22,Banadir,2018-07-12,,,,,0.0,0,0.0,0.0,pixel_reliability=0 AND MODLAND_QA(bits0-1)=0 AND VI range -2000..10000,MOD13Q1 V061 Terra 250m 16-day
SO2205,Hamar Jabjab,SO22,Banadir,2018-07-28,,,,,0.0,0,1.0,0.0,pixel_reliability=0 AND MODLAND_QA(bits0-1)=0 AND VI range -2000..10000,MOD13Q1 V061 Terra 250m 16-day
SO2205,Hamar Jabjab,SO22,Banadir,2018-08-13,,,,,0.0,0,0.0,1.0,pixel_reliability=0 AND MODLAND_QA(bits0-1)=0 AND VI range -2000..10000,MOD13Q1 V061 Terra 250m 16-day
SO2205,Hamar Jabjab,SO22,Banadir,2018-08-29,,,,,0.0,0,0.0,1.0,pixel_reliability=0 AND MODLAND_QA(bits0-1)=0 AND VI range -2000..10000,MOD13Q1 V061 Terra 250m 16-day
SO2205,Hamar Jabjab,SO22,Banadir,2018-09-14,,,,,0.0,0,0.0,1.0,pixel_reliability=0 AND MODLAND_QA(bits0-1)=0 AND VI range -2000..10000,MOD13Q1 V061 Terra 250m 16-day
SO2205,Hamar Jabjab,SO22,Banadir,2018-09-30,,,,,0.0,0,0.0,1.0,pixel_reliability=0 AND MODLAND_QA(bits0-1)=0 AND VI range -2000..10000,MOD13Q1 V061 Terra 250m 16-day
SO2205,Hamar Jabjab,SO22,Banadir,2018-10-16,,,,,0.0,0,0.0,1.0,pixel_reliability=0 AND MODLAND_QA(bits0-1)=0 AND VI range -2000..10000,MOD13Q1 V061 Terra 250m 16-day
SO2205,Hamar Jabjab,SO22,Banadir,2018-11-01,,,,,0.0,0,0.0,1.0,pixel_reliability=0 AND MODLAND_QA(bits0-1)=0 AND VI range -2000..10000,MOD13Q1 V061 Terra 250m 16-day
SO2205,Hamar Jabjab,SO22,Banadir,2018-11-17,,,,,0.0,0,0.0,1.0,pixel_reliability=0 AND MODLAND_QA(bits0-1)=0 AND VI range -2000..10000,MOD13Q1 V061 Terra 250m 16-day
SO2205,Hamar Jabjab,SO22,Banadir,2018-12-03,,,,,0.0,0,0.0,0.0,pixel_reliability=0 AND MODLAND_QA(bits0-1)=0 AND VI range -2000..10000,MOD13Q1 V061 Terra 250m 16-day
SO2205,Hamar Jabjab,SO22,Banadir,2018-12-19,,,,,0.0,0,1.0,0.0,pixel_reliability=0 AND MODLAND_QA(bits0-1)=0 AND VI range -2000..10000,MOD13Q1 V061 Terra 250m 16-day
SO2206,Hamar Weyne,SO22,Banadir,2018-01-01,,,,,0.0,0,0.5,0.0,pixel_reliability=0 AND MODLAND_QA(bits0-1)=0 AND VI range -2000..10000,MOD13Q1 V061 Terra 250m 16-day
SO2206,Hamar Weyne,SO22,Banadir,2018-01-17,,,,,0.0,0,0.25,0.25,pixel_reliability=0 AND MODLAND_QA(bits0-1)=0 AND VI range -2000..10000,MOD13Q1 V061 Terra 250m 16-day
SO2206,Hamar Weyne,SO22,Banadir,2018-02-02,,,,,0.0,0,0.5,0.0,pixel_reliability=0 AND MODLAND_QA(bits0-1)=0 AND VI range -2000..10000,MOD13Q1 V061 Terra 250m 16-day
SO2206,Hamar Weyne,SO22,Banadir,2018-02-18,0.1579,0.1579,0.11130000000000001,0.11130000000000001,0.25,1,0.25,0.0,pixel_reliability=0 AND MODLAND_QA(bits0-1)=0 AND VI range -2000..10000,MOD13Q1 V061 Terra 250m 16-day
SO2206,Hamar Weyne,SO22,Banadir,2018-03-06,,,,,0.0,0,0.0,0.75,pixel_reliability=0 AND MODLAND_QA(bits0-1)=0 AND VI range -2000..10000,MOD13Q1 V061 Terra 250m 16-day
SO2206,Hamar Weyne,SO22,Banadir,2018-03-22,,,,,0.0,0,0.0,0.5,pixel_reliability=0 AND MODLAND_QA(bits0-1)=0 AND VI range -2000..10000,MOD13Q1 V061 Terra 250m 16-day
SO2206,Hamar Weyne,SO22,Banadir,2018-04-07,,,,,0.0,0,0.5,0.0,pixel_reliability=0 AND MODLAND_QA(bits0-1)=0 AND VI range -2000..10000,MOD13Q1 V061 Terra 250m 16-day
SO2206,Hamar Weyne,SO22,Banadir,2018-04-23,,,,,0.0,0,0.75,0.0,pixel_reliability=0 AND MODLAND_QA(bits0-1)=0 AND VI range -2000..10000,MOD13Q1 V061 Terra 250m 16-day
SO2206,Hamar Weyne,SO22,Banadir,2018-05-09,,,,,0.0,0,0.25,0.5,pixel_reliability=0 AND MODLAND_QA(bits0-1)=0 AND VI range -2000..10000,MOD13Q1 V061 Terra 250m 16-day
SO2206,Hamar Weyne,SO22,Banadir,2018-05-25,,,,,0.0,0,0.0,1.0,pixel_reliability=0 AND MODLAND_QA(bits0-1)=0 AND VI range -2000..10000,MOD13Q1 V061 Terra 250m 16-day
SO2206,Hamar Weyne,SO22,Banadir,2018-06-10,,,,,0.0,0,0.5,0.25,pixel_reliability=0 AND MODLAND_QA(bits0-1)=0 AND VI range -2000..10000,MOD13Q1 V061 Terra 250m 16-day
SO2206,Hamar Weyne,SO22,Banadir,2018-06-26,,,,,0.0,0,0.0,1.0,pixel_reliability=0 AND MODLAND_QA(bits0-1)=0 AND VI range -2000..10000,MOD13Q1 V061 Terra 250m 16-day
SO2206,Hamar Weyne,SO22,Banadir,2018-07-12,,,,,0.0,0,0.25,0.25,pixel_reliability=0 AND MODLAND_QA(bits0-1)=0 AND VI range -2000..10000,MOD13Q1 V061 Terra 250m 16-day
SO2206,Hamar Weyne,SO22,Banadir,2018-07-28,,,,,0.0,0,0.0,0.5,pixel_reliability=0 AND MODLAND_QA(bits0-1)=0 AND VI range -2000..10000,MOD13Q1 V061 Terra 250m 16-day
SO2206,Hamar Weyne,SO22,Banadir,2018-08-13,,,,,0.0,0,0.0,1.0,pixel_reliability=0 AND MODLAND_QA(bits0-1)=0 AND VI range -2000..10000,MOD13Q1 V061 Terra 250m 16-day
SO2206,Hamar Weyne,SO22,Banadir,2018-08-29,,,,,0.0,0,0.25,0.5,pixel_reliability=0 AND MODLAND_QA(bits0-1)=0 AND VI range -2000..10000,MOD13Q1 V061 Terra 250m 16-day
SO2206,Hamar Weyne,SO22,Banadir,2018-09-14,,,,,0.0,0,0.0,0.5,pixel_reliability=0 AND MODLAND_QA(bits0-1)=0 AND VI range -2000..10000,MOD13Q1 V061 Terra 250m 16-day
SO2206,Hamar Weyne,SO22,Banadir,2018-09-30,,,,,0.0,0,0.0,1.0,pixel_reliability=0 AND MODLAND_QA(bits0-1)=0 AND VI range -2000..10000,MOD13Q1 V061 Terra 250m 16-day
SO2206,Hamar Weyne,SO22,Banadir,2018-10-16,,,,,0.0,0,0.25,0.25,pixel_reliability=0 AND MODLAND_QA(bits0-1)=0 AND VI range -2000..10000,MOD13Q1 V061 Terra 250m 16-day
SO2206,Hamar Weyne,SO22,Banadir,2018-11-01,,,,,0.0,0,0.5,0.25,pixel_reliability=0 AND MODLAND_QA(bits0-1)=0 AND VI range -2000..10000,MOD13Q1 V061 Terra 250m 16-day
SO2206,Hamar Weyne,SO22,Banadir,2018-11-17,,,,,0.0,0,0.25,0.25,pixel_reliability=0 AND MODLAND_QA(bits0-1)=0 AND VI range -2000..10000,MOD13Q1 V061 Terra 250m 16-day
SO2206,Hamar Weyne,SO22,Banadir,2018-12-03,,,,,0.0,0,0.0,0.75,pixel_reliability=0 AND MODLAND_QA(bits0-1)=0 AND VI range -2000..10000,MOD13Q1 V061 Terra 250m 16-day
SO2206,Hamar Weyne,SO22,Banadir,2018-12-19,,,,,0.0,0,0.0,0.25,pixel_reliability=0 AND MODLAND_QA(bits0-1)=0 AND VI range -2000..10000,MOD13Q1 V061 Terra 250m 16-day
SO2207,Hawl Wadaag,SO22,Banadir,2018-01-01,0.1683,0.1683,0.11710000000000001,0.11710000000000001,0.07692307692307693,1,0.8461538461538461,0.0,pixel_reliability=0 AND MODLAND_QA(bits0-1)=0 AND VI range -2000..10000,MOD13Q1 V061 Terra 250m 16-day
SO2207,Hawl Wadaag,SO22,Banadir,2018-01-17,,,,,0.0,0,0.8461538461538461,0.0,pixel_reliability=0 AND MODLAND_QA(bits0-1)=0 AND VI range -2000..10000,MOD13Q1 V061 Terra 250m 16-day
SO2207,Hawl Wadaag,SO22,Banadir,2018-02-02,,,,,0.0,0,0.7692307692307693,0.0,pixel_reliability=0 AND MODLAND_QA(bits0-1)=0 AND VI range -2000..10000,MOD13Q1 V061 Terra 250m 16-day
SO2207,Hawl Wadaag,SO22,Banadir,2018-02-18,0.1524,0.1524,0.1077,0.1077,0.15384615384615385,2,0.46153846153846156,0.07692307692307693,pixel_reliability=0 AND MODLAND_QA(bits0-1)=0 AND VI range -2000..10000,MOD13Q1 V061 Terra 250m 16-day
SO2207,Hawl Wadaag,SO22,Banadir,2018-03-06,0.1555,0.1555,0.12100000000000001,0.12100000000000001,0.07692307692307693,1,0.6923076923076923,0.07692307692307693,pixel_reliability=0 AND MODLAND_QA(bits0-1)=0 AND VI range -2000..10000,MOD13Q1 V061 Terra 250m 16-day
SO2207,Hawl Wadaag,SO22,Banadir,2018-03-22,,,,,0.0,0,0.7692307692307693,0.0,pixel_reliability=0 AND MODLAND_QA(bits0-1)=0 AND VI range -2000..10000,MOD13Q1 V061 Terra 250m 16-day
SO2207,Hawl Wadaag,SO22,Banadir,2018-04-07,0.2137,0.2137,0.1428,0.1428,0.07692307692307693,1,0.8461538461538461,0.0,pixel_reliability=0 AND MODLAND_QA(bits0-1)=0 AND VI range -2000..10000,MOD13Q1 V061 Terra 250m 16-day
SO2207,Hawl Wadaag,SO22,Banadir,2018-04-23,,,,,0.0,0,0.23076923076923078,0.46153846153846156,pixel_reliability=0 AND MODLAND_QA(bits0-1)=0 AND VI range -2000..10000,MOD13Q1 V061 Terra 250m 16-day
SO2207,Hawl Wadaag,SO22,Banadir,2018-05-09,,,,,0.0,0,0.07692307692307693,0.7692307692307693,pixel_reliability=0 AND MODLAND_QA(bits0-1)=0 AND VI range -2000..10000,MOD13Q1 V061 Terra 250m 16-day
SO2207,Hawl Wadaag,SO22,Banadir,2018-05-25,,,,,0.0,0,0.0,1.0,pixel_reliability=0 AND MODLAND_QA(bits0-1)=0 AND VI range -2000..10000,MOD13Q1 V061 Terra 250m 16-day
SO2207,Hawl Wadaag,SO22,Banadir,2018-06-10,,,,,0.0,0,0.3076923076923077,0.3076923076923077,pixel_reliability=0 AND MODLAND_QA(bits0-1)=0 AND VI range -2000..10000,MOD13Q1 V061 Terra 250m 16-day
SO2207,Hawl Wadaag,SO22,Banadir,2018-06-26,,,,,0.0,0,0.0,0.5384615384615384,pixel_reliability=0 AND MODLAND_QA(bits0-1)=0 AND VI range -2000..10000,MOD13Q1 V061 Terra 250m 16-day
SO2207,Hawl Wadaag,SO22,Banadir,2018-07-12,,,,,0.0,0,0.0,0.38461538461538464,pixel_reliability=0 AND MODLAND_QA(bits0-1)=0 AND VI range -2000..10000,MOD13Q1 V061 Terra 250m 16-day
SO2207,Hawl Wadaag,SO22,Banadir,2018-07-28,,,,,0.0,0,0.07692307692307693,0.8461538461538461,pixel_reliability=0 AND MODLAND_QA(bits0-1)=0 AND VI range -2000..10000,MOD13Q1 V061 Terra 250m 16-day
SO2207,Hawl Wadaag,SO22,Banadir,2018-08-13,,,,,0.0,0,0.15384615384615385,0.6153846153846154,pixel_reliability=0 AND MODLAND_QA(bits0-1)=0 AND VI range -2000..10000,MOD13Q1 V061 Terra 250m 16-day
SO2207,Hawl Wadaag,SO22,Banadir,2018-08-29,,,,,0.0,0,0.46153846153846156,0.07692307692307693,pixel_reliability=0 AND MODLAND_QA(bits0-1)=0 AND VI range -2000..10000,MOD13Q1 V061 Terra 250m 16-day
SO2207,Hawl Wadaag,SO22,Banadir,2018-09-14,,,,,0.0,0,0.3076923076923077,0.38461538461538464,pixel_reliability=0 AND MODLAND_QA(bits0-1)=0 AND VI range -2000..10000,MOD13Q1 V061 Terra 250m 16-day
SO2207,Hawl Wadaag,SO22,Banadir,2018-09-30,,,,,0.0,0,0.0,0.9230769230769231,pixel_reliability=0 AND MODLAND_QA(bits0-1)=0 AND VI range -2000..10000,MOD13Q1 V061 Terra 250m 16-day
SO2207,Hawl Wadaag,SO22,Banadir,2018-10-16,,,,,0.0,0,0.5384615384615384,0.3076923076923077,pixel_reliability=0 AND MODLAND_QA(bits0-1)=0 AND VI range -2000..10000,MOD13Q1 V061 Terra 250m 16-day
SO2207,Hawl Wadaag,SO22,Banadir,2018-11-01,0.18130000000000002,0.18130000000000002,0.1371,0.1371,0.07692307692307693,1,0.38461538461538464,0.07692307692307693,pixel_reliability=0 AND MODLAND_QA(bits0-1)=0 AND VI range -2000..10000,MOD13Q1 V061 Terra 250m 16-day
SO2207,Hawl Wadaag,SO22,Banadir,2018-11-17,,,,,0.0,0,0.3076923076923077,0.23076923076923078,pixel_reliability=0 AND MODLAND_QA(bits0-1)=0 AND VI range -2000..10000,MOD13Q1 V061 Terra 250m 16-day
SO2207,Hawl Wadaag,SO22,Banadir,2018-12-03,,,,,0.0,0,0.38461538461538464,0.46153846153846156,pixel_reliability=0 AND MODLAND_QA(bits0-1)=0 AND VI range -2000..10000,MOD13Q1 V061 Terra 250m 16-day
SO2207,Hawl Wadaag,SO22,Banadir,2018-12-19,,,,,0.0,0,0.38461538461538464,0.3076923076923077,pixel_reliability=0 AND MODLAND_QA(bits0-1)=0 AND VI range -2000..10000,MOD13Q1 V061 Terra 250m 16-day
SO2208,Heliwa,SO22,Banadir,2018-01-01,,,,,0.0,0,0.2727272727272727,0.0,pixel_reliability=0 AND MODLAND_QA(bits0-1)=0 AND VI range -2000..10000,MOD13Q1 V061 Terra 250m 16-day
SO2208,Heliwa,SO22,Banadir,2018-01-17,,,,,0.0,0,0.9090909090909091,0.0,pixel_reliability=0 AND MODLAND_QA(bits0-1)=0 AND VI range -2000..10000,MOD13Q1 V061 Terra 250m 16-day
SO2208,Heliwa,SO22,Banadir,2018-02-02,0.1976,0.1976,0.16040000000000001,0.16040000000000001,0.09090909090909091,1,0.18181818181818182,0.0,pixel_reliability=0 AND MODLAND_QA(bits0-1)=0 AND VI range -2000..10000,MOD13Q1 V061 Terra 250m 16-day
SO2208,Heliwa,SO22,Banadir,2018-02-18,0.2305,0.2305,0.17149999999999999,0.17149999999999999,0.18181818181818182,2,0.0,0.0,pixel_reliability=0 AND MODLAND_QA(bits0-1)=0 AND VI range -2000..10000,MOD13Q1 V061 Terra 250m 16-day
SO2208,Heliwa,SO22,Banadir,2018-03-06,0.20405,0.20405,0.15184999999999998,0.15184999999999998,0.18181818181818182,2,0.09090909090909091,0.0,pixel_reliability=0 AND MODLAND_QA(bits0-1)=0 AND VI range -2000..10000,MOD13Q1 V061 Terra 250m 16-day
SO2208,Heliwa,SO22,Banadir,2018-03-22,0.20475,0.20475,0.15589999999999998,0.15589999999999998,0.18181818181818182,2,0.45454545454545453,0.0,pixel_reliability=0 AND MODLAND_QA(bits0-1)=0 AND VI range -2000..10000,MOD13Q1 V061 Terra 250m 16-day
SO2208,Heliwa,SO22,Banadir,2018-04-07,0.2151,0.2151,0.15905000000000002,0.15905000000000002,0.18181818181818182,2,0.09090909090909091,0.0,pixel_reliability=0 AND MODLAND_QA(bits0-1)=0 AND VI range -2000..10000,MOD13Q1 V061 Terra 250m 16-day
SO2208,Heliwa,SO22,Banadir,2018-04-23,0.1995,0.1995,0.159,0.159,0.09090909090909091,1,0.5454545454545454,0.0,pixel_reliability=0 AND MODLAND_QA(bits0-1)=0 AND VI range -2000..10000,MOD13Q1 V061 Terra 250m 16-day
SO2208,Heliwa,SO22,Banadir,2018-05-09,,,,,0.0,0,0.2727272727272727,0.36363636363636365,pixel_reliability=0 AND MODLAND_QA(bits0-1)=0 AND VI range -2000..10000,MOD13Q1 V061 Terra 250m 16-day
SO2208,Heliwa,SO22,Banadir,2018-05-25,,,,,0.0,0,0.0,0.9090909090909091,pixel_reliability=0 AND MODLAND_QA(bits0-1)=0 AND VI range -2000..10000,MOD13Q1 V061 Terra 250m 16-day
SO2208,Heliwa,SO22,Banadir,2018-06-10,0.2534,0.2534,0.1865,0.1865,0.09090909090909091,1,0.36363636363636365,0.0,pixel_reliability=0 AND MODLAND_QA(bits0-1)=0 AND VI range -2000..10000,MOD13Q1 V061 Terra 250m 16-day
SO2208,Heliwa,SO22,Banadir,2018-06-26,,,,,0.0,0,0.5454545454545454,0.18181818181818182,pixel_reliability=0 AND MODLAND_QA(bits0-1)=0 AND VI range -2000..10000,MOD13Q1 V061 Terra 250m 16-day
SO2208,Heliwa,SO22,Banadir,2018-07-12,,,,,0.0,0,0.45454545454545453,0.0,pixel_reliability=0 AND MODLAND_QA(bits0-1)=0 AND VI range -2000..10000,MOD13Q1 V061 Terra 250m 16-day
SO2208,Heliwa,SO22,Banadir,2018-07-28,,,,,0.0,0,0.18181818181818182,0.45454545454545453,pixel_reliability=0 AND MODLAND_QA(bits0-1)=0 AND VI range -2000..10000,MOD13Q1 V061 Terra 250m 16-day
SO2208,Heliwa,SO22,Banadir,2018-08-13,0.263425,0.2619,0.21350000000000002,0.21195000000000003,0.36363636363636365,4,0.2727272727272727,0.0,pixel_reliability=0 AND MODLAND_QA(bits0-1)=0 AND VI range -2000..10000,MOD13Q1 V061 Terra 250m 16-day
SO2208,Heliwa,SO22,Banadir,2018-08-29,0.27082500000000004,0.27715,0.215125,0.21955000000000002,0.36363636363636365,4,0.2727272727272727,0.0,pixel_reliability=0 AND MODLAND_QA(bits0-1)=0 AND VI range -2000..10000,MOD13Q1 V061 Terra 250m 16-day
SO2208,Heliwa,SO22,Banadir,2018-09-14,,,,,0.0,0,0.18181818181818182,0.36363636363636365,pixel_reliability=0 AND MODLAND_QA(bits0-1)=0 AND VI range -2000..10000,MOD13Q1 V061 Terra 250m 16-day
SO2208,Heliwa,SO22,Banadir,2018-09-30,0.2451,0.2451,0.1988,0.1988,0.09090909090909091,1,0.18181818181818182,0.45454545454545453,pixel_reliability=0 AND MODLAND_QA(bits0-1)=0 AND VI range -2000..10000,MOD13Q1 V061 Terra 250m 16-day
SO2208,Heliwa,SO22,Banadir,2018-10-16,,,,,0.0,0,0.18181818181818182,0.09090909090909091,pixel_reliability=0 AND MODLAND_QA(bits0-1)=0 AND VI range -2000..10000,MOD13Q1 V061 Terra 250m 16-day
SO2208,Heliwa,SO22,Banadir,2018-11-01,0.2366,0.2366,0.19920000000000002,0.19920000000000002,0.09090909090909091,1,0.45454545454545453,0.0,pixel_reliability=0 AND MODLAND_QA(bits0-1)=0 AND VI range -2000..10000,MOD13Q1 V061 Terra 250m 16-day
SO2208,Heliwa,SO22,Banadir,2018-11-17,0.23720000000000002,0.23720000000000002,0.1701,0.1701,0.09090909090909091,1,0.2727272727272727,0.0,pixel_reliability=0 AND MODLAND_QA(bits0-1)=0 AND VI range -2000..10000,MOD13Q1 V061 Terra 250m 16-day
SO2208,Heliwa,SO22,Banadir,2018-12-03,0.24885000000000002,0.24885000000000002,0.187,0.187,0.18181818181818182,2,0.36363636363636365,0.0,pixel_reliability=0 AND MODLAND_QA(bits0-1)=0 AND VI range -2000..10000,MOD13Q1 V061 Terra 250m 16-day
SO2208,Heliwa,SO22,Banadir,2018-12-19,,,,,0.0,0,0.2727272727272727,0.2727272727272727,pixel_reliability=0 AND MODLAND_QA(bits0-1)=0 AND VI range -2000..10000,MOD13Q1 V061 Terra 250m 16-day
SO2209,Hodan,SO22,Banadir,2018-01-01,,,,,0.0,0,0.8,0.0,pixel_reliability=0 AND MODLAND_QA(bits0-1)=0 AND VI range -2000..10000,MOD13Q1 V061 Terra 250m 16-day
SO2209,Hodan,SO22,Banadir,2018-01-17,,,,,0.0,0,0.9,0.0,pixel_reliability=0 AND MODLAND_QA(bits0-1)=0 AND VI range -2000..10000,MOD13Q1 V061 Terra 250m 16-day
SO2209,Hodan,SO22,Banadir,2018-02-02,,,,,0.0,0,0.8,0.0,pixel_reliability=0 AND MODLAND_QA(bits0-1)=0 AND VI range -2000..10000,MOD13Q1 V061 Terra 250m 16-day
SO2209,Hodan,SO22,Banadir,2018-02-18,0.1469,0.1469,0.1041,0.1041,0.1,1,0.5,0.1,pixel_reliability=0 AND MODLAND_QA(bits0-1)=0 AND VI range -2000..10000,MOD13Q1 V061 Terra 250m 16-day
SO2209,Hodan,SO22,Banadir,2018-03-06,0.1772,0.1772,0.12560000000000002,0.12560000000000002,0.1,1,0.8,0.0,pixel_reliability=0 AND MODLAND_QA(bits0-1)=0 AND VI range -2000..10000,MOD13Q1 V061 Terra 250m 16-day
SO2209,Hodan,SO22,Banadir,2018-03-22,,,,,0.0,0,0.7,0.1,pixel_reliability=0 AND MODLAND_QA(bits0-1)=0 AND VI range -2000..10000,MOD13Q1 V061 Terra 250m 16-day
SO2209,Hodan,SO22,Banadir,2018-04-07,0.1933,0.1933,0.1366,0.1366,0.1,1,0.7,0.0,pixel_reliability=0 AND MODLAND_QA(bits0-1)=0 AND VI range -2000..10000,MOD13Q1 V061 Terra 250m 16-day
SO2209,Hodan,SO22,Banadir,2018-04-23,,,,,0.0,0,0.0,0.8,pixel_reliability=0 AND MODLAND_QA(bits0-1)=0 AND VI range -2000..10000,MOD13Q1 V061 Terra 250m 16-day
SO2209,Hodan,SO22,Banadir,2018-05-09,,,,,0.0,0,0.0,0.9,pixel_reliability=0 AND MODLAND_QA(bits0-1)=0 AND VI range -2000..10000,MOD13Q1 V061 Terra 250m 16-day
SO2209,Hodan,SO22,Banadir,2018-05-25,,,,,0.0,0,0.0,1.0,pixel_reliability=0 AND MODLAND_QA(bits0-1)=0 AND VI range -2000..10000,MOD13Q1 V061 Terra 250m 16-day
SO2209,Hodan,SO22,Banadir,2018-06-10,,,,,0.0,0,0.8,0.0,pixel_reliability=0 AND MODLAND_QA(bits0-1)=0 AND VI range -2000..10000,MOD13Q1 V061 Terra 250m 16-day
SO2209,Hodan,SO22,Banadir,2018-06-26,,,,,0.0,0,0.0,0.4,pixel_reliability=0 AND MODLAND_QA(bits0-1)=0 AND VI range -2000..10000,MOD13Q1 V061 Terra 250m 16-day
SO2209,Hodan,SO22,Banadir,2018-07-12,,,,,0.0,0,0.0,0.5,pixel_reliability=0 AND MODLAND_QA(bits0-1)=0 AND VI range -2000..10000,MOD13Q1 V061 Terra 250m 16-day
SO2209,Hodan,SO22,Banadir,2018-07-28,,,,,0.0,0,0.0,1.0,pixel_reliability=0 AND MODLAND_QA(bits0-1)=0 AND VI range -2000..10000,MOD13Q1 V061 Terra 250m 16-day
SO2209,Hodan,SO22,Banadir,2018-08-13,,,,,0.0,0,0.0,0.7,pixel_reliability=0 AND MODLAND_QA(bits0-1)=0 AND VI range -2000..10000,MOD13Q1 V061 Terra 250m 16-day
SO2209,Hodan,SO22,Banadir,2018-08-29,,,,,0.0,0,0.6,0.0,pixel_reliability=0 AND MODLAND_QA(bits0-1)=0 AND VI range -2000..10000,MOD13Q1 V061 Terra 250m 16-day
SO2209,Hodan,SO22,Banadir,2018-09-14,,,,,0.0,0,0.5,0.0,pixel_reliability=0 AND MODLAND_QA(bits0-1)=0 AND VI range -2000..10000,MOD13Q1 V061 Terra 250m 16-day
SO2209,Hodan,SO22,Banadir,2018-09-30,,,,,0.0,0,0.0,0.6,pixel_reliability=0 AND MODLAND_QA(bits0-1)=0 AND VI range -2000..10000,MOD13Q1 V061 Terra 250m 16-day
SO2209,Hodan,SO22,Banadir,2018-10-16,,,,,0.0,0,0.6,0.1,pixel_reliability=0 AND MODLAND_QA(bits0-1)=0 AND VI range -2000..10000,MOD13Q1 V061 Terra 250m 16-day
SO2209,Hodan,SO22,Banadir,2018-11-01,,,,,0.0,0,0.4,0.2,pixel_reliability=0 AND MODLAND_QA(bits0-1)=0 AND VI range -2000..10000,MOD13Q1 V061 Terra 250m 16-day
SO2209,Hodan,SO22,Banadir,2018-11-17,,,,,0.0,0,0.3,0.2,pixel_reliability=0 AND MODLAND_QA(bits0-1)=0 AND VI range -2000..10000,MOD13Q1 V061 Terra 250m 16-day
SO2209,Hodan,SO22,Banadir,2018-12-03,0.1777,0.1777,0.1189,0.1189,0.1,1,0.4,0.2,pixel_reliability=0 AND MODLAND_QA(bits0-1)=0 AND VI range -2000..10000,MOD13Q1 V061 Terra 250m 16-day
SO2209,Hodan,SO22,Banadir,2018-12-19,,,,,0.0,0,0.3,0.3,pixel_reliability=0 AND MODLAND_QA(bits0-1)=0 AND VI range -2000..10000,MOD13Q1 V061 Terra 250m 16-day
SO2210,Kahda,SO22,Banadir,2018-01-01,0.202824,0.20500000000000002,0.14833600000000002,0.1494,0.6944444444444444,25,0.027777777777777776,0.0,pixel_reliability=0 AND MODLAND_QA(bits0-1)=0 AND VI range -2000..10000,MOD13Q1 V061 Terra 250m 16-day
SO2210,Kahda,SO22,Banadir,2018-01-17,0.1880357142857143,0.18675000000000003,0.14341428571428572,0.1418,0.3888888888888889,14,0.4166666666666667,0.0,pixel_reliability=0 AND MODLAND_QA(bits0-1)=0 AND VI range -2000..10000,MOD13Q1 V061 Terra 250m 16-day
SO2210,Kahda,SO22,Banadir,2018-02-02,0.1771538461538462,0.17870000000000003,0.13149230769230769,0.13285000000000002,0.7222222222222222,26,0.05555555555555555,0.05555555555555555,pixel_reliability=0 AND MODLAND_QA(bits0-1)=0 AND VI range -2000..10000,MOD13Q1 V061 Terra 250m 16-day
SO2210,Kahda,SO22,Banadir,2018-02-18,0.17916,0.1744,0.12930000000000003,0.125,0.1388888888888889,5,0.6111111111111112,0.027777777777777776,pixel_reliability=0 AND MODLAND_QA(bits0-1)=0 AND VI range -2000..10000,MOD13Q1 V061 Terra 250m 16-day
SO2210,Kahda,SO22,Banadir,2018-03-06,0.17437391304347827,0.1763,0.12678260869565217,0.12710000000000002,0.6388888888888888,23,0.05555555555555555,0.0,pixel_reliability=0 AND MODLAND_QA(bits0-1)=0 AND VI range -2000..10000,MOD13Q1 V061 Terra 250m 16-day
SO2210,Kahda,SO22,Banadir,2018-03-22,0.17852,0.17930000000000001,0.12906,0.1292,0.1388888888888889,5,0.3611111111111111,0.0,pixel_reliability=0 AND MODLAND_QA(bits0-1)=0 AND VI range -2000..10000,MOD13Q1 V061 Terra 250m 16-day
SO2210,Kahda,SO22,Banadir,2018-04-07,0.19493333333333332,0.1971,0.14756666666666668,0.14980000000000002,0.08333333333333333,3,0.19444444444444445,0.05555555555555555,pixel_reliability=0 AND MODLAND_QA(bits0-1)=0 AND VI range -2000..10000,MOD13Q1 V061 Terra 250m 16-day
SO2210,Kahda,SO22,Banadir,2018-04-23,,,,,0.0,0,0.0,1.0,pixel_reliability=0 AND MODLAND_QA(bits0-1)=0 AND VI range -2000..10000,MOD13Q1 V061 Terra 250m 16-day
SO2210,Kahda,SO22,Banadir,2018-05-09,,,,,0.0,0,0.0,1.0,pixel_reliability=0 AND MODLAND_QA(bits0-1)=0 AND VI range -2000..10000,MOD13Q1 V061 Terra 250m 16-day
SO2210,Kahda,SO22,Banadir,2018-05-25,,,,,0.0,0,0.027777777777777776,0.8055555555555556,pixel_reliability=0 AND MODLAND_QA(bits0-1)=0 AND VI range -2000..10000,MOD13Q1 V061 Terra 250m 16-day
SO2210,Kahda,SO22,Banadir,2018-06-10,0.29065555555555556,0.29564999999999997,0.23028333333333334,0.23535,0.5,18,0.1111111111111111,0.027777777777777776,pixel_reliability=0 AND MODLAND_QA(bits0-1)=0 AND VI range -2000..10000,MOD13Q1 V061 Terra 250m 16-day
SO2210,Kahda,SO22,Banadir,2018-06-26,,,,,0.0,0,0.05555555555555555,0.5,pixel_reliability=0 AND MODLAND_QA(bits0-1)=0 AND VI range -2000..10000,MOD13Q1 V061 Terra 250m 16-day
SO2210,Kahda,SO22,Banadir,2018-07-12,,,,,0.0,0,0.0,0.8055555555555556,pixel_reliability=0 AND MODLAND_QA(bits0-1)=0 AND VI range -2000..10000,MOD13Q1 V061 Terra 250m 16-day
SO2210,Kahda,SO22,Banadir,2018-07-28,,,,,0.0,0,0.0,1.0,pixel_reliability=0 AND MODLAND_QA(bits0-1)=0 AND VI range -2000..10000,MOD13Q1 V061 Terra 250m 16-day
SO2210,Kahda,SO22,Banadir,2018-08-13,,,,,0.0,0,0.0,1.0,pixel_reliability=0 AND MODLAND_QA(bits0-1)=0 AND VI range -2000..10000,MOD13Q1 V061 Terra 250m 16-day
SO2210,Kahda,SO22,Banadir,2018-08-29,0.321,0.321,0.246,0.246,0.05555555555555555,2,0.027777777777777776,0.6388888888888888,pixel_reliability=0 AND MODLAND_QA(bits0-1)=0 AND VI range -2000..10000,MOD13Q1 V061 Terra 250m 16-day
SO2210,Kahda,SO22,Banadir,2018-09-14,,,,,0.0,0,0.1111111111111111,0.5277777777777778,pixel_reliability=0 AND MODLAND_QA(bits0-1)=0 AND VI range -2000..10000,MOD13Q1 V061 Terra 250m 16-day
SO2210,Kahda,SO22,Banadir,2018-09-30,,,,,0.0,0,0.0,1.0,pixel_reliability=0 AND MODLAND_QA(bits0-1)=0 AND VI range -2000..10000,MOD13Q1 V061 Terra 250m 16-day
SO2210,Kahda,SO22,Banadir,2018-10-16,0.19460000000000002,0.19460000000000002,0.13190000000000002,0.13190000000000002,0.027777777777777776,1,0.2222222222222222,0.4722222222222222,pixel_reliability=0 AND MODLAND_QA(bits0-1)=0 AND VI range -2000..10000,MOD13Q1 V061 Terra 250m 16-day
SO2210,Kahda,SO22,Banadir,2018-11-01,,,,,0.0,0,0.0,0.9722222222222222,pixel_reliability=0 AND MODLAND_QA(bits0-1)=0 AND VI range -2000..10000,MOD13Q1 V061 Terra 250m 16-day
SO2210,Kahda,SO22,Banadir,2018-11-17,,,,,0.0,0,0.027777777777777776,0.8055555555555556,pixel_reliability=0 AND MODLAND_QA(bits0-1)=0 AND VI range -2000..10000,MOD13Q1 V061 Terra 250m 16-day
SO2210,Kahda,SO22,Banadir,2018-12-03,0.206375,0.21055000000000001,0.14575,0.14695000000000003,0.2222222222222222,8,0.25,0.0,pixel_reliability=0 AND MODLAND_QA(bits0-1)=0 AND VI range -2000..10000,MOD13Q1 V061 Terra 250m 16-day
SO2210,Kahda,SO22,Banadir,2018-12-19,,,,,0.0,0,0.0,1.0,pixel_reliability=0 AND MODLAND_QA(bits0-1)=0 AND VI range -2000..10000,MOD13Q1 V061 Terra 250m 16-day
SO2211,Karaan,SO22,Banadir,2018-01-01,0.21395,0.21385,0.17645000000000002,0.18145,0.14285714285714285,4,0.32142857142857145,0.03571428571428571,pixel_reliability=0 AND MODLAND_QA(bits0-1)=0 AND VI range -2000..10000,MOD13Q1 V061 Terra 250m 16-day
SO2211,Karaan,SO22,Banadir,2018-01-17,,,,,0.0,0,0.39285714285714285,0.21428571428571427,pixel_reliability=0 AND MODLAND_QA(bits0-1)=0 AND VI range -2000..10000,MOD13Q1 V061 Terra 250m 16-day
SO2211,Karaan,SO22,Banadir,2018-02-02,,,,,0.0,0,0.6071428571428571,0.07142857142857142,pixel_reliability=0 AND MODLAND_QA(bits0-1)=0 AND VI range -2000..10000,MOD13Q1 V061 Terra 250m 16-day
SO2211,Karaan,SO22,Banadir,2018-02-18,0.27555,0.27555,0.17665,0.17665,0.07142857142857142,2,0.42857142857142855,0.0,pixel_reliability=0 AND MODLAND_QA(bits0-1)=0 AND VI range -2000..10000,MOD13Q1 V061 Terra 250m 16-day
SO2211,Karaan,SO22,Banadir,2018-03-06,0.14086,0.1867,0.12834,0.1595,0.17857142857142858,5,0.39285714285714285,0.0,pixel_reliability=0 AND MODLAND_QA(bits0-1)=0 AND VI range -2000..10000,MOD13Q1 V061 Terra 250m 16-day
SO2211,Karaan,SO22,Banadir,2018-03-22,0.2088,0.2088,0.17470000000000002,0.17470000000000002,0.03571428571428571,1,0.35714285714285715,0.35714285714285715,pixel_reliability=0 AND MODLAND_QA(bits0-1)=0 AND VI range -2000..10000,MOD13Q1 V061 Terra 250m 16-day
SO2211,Karaan,SO22,Banadir,2018-04-07,0.16643750000000002,0.20755,0.135075,0.1559,0.2857142857142857,8,0.10714285714285714,0.07142857142857142,pixel_reliability=0 AND MODLAND_QA(bits0-1)=0 AND VI range -2000..10000,MOD13Q1 V061 Terra 250m 16-day
SO2211,Karaan,SO22,Banadir,2018-04-23,0.2296,0.2296,0.18330000000000002,0.18330000000000002,0.07142857142857142,2,0.39285714285714285,0.14285714285714285,pixel_reliability=0 AND MODLAND_QA(bits0-1)=0 AND VI range -2000..10000,MOD13Q1 V061 Terra 250m 16-day
SO2211,Karaan,SO22,Banadir,2018-05-09,0.2553,0.2553,0.21480000000000002,0.21480000000000002,0.03571428571428571,1,0.07142857142857142,0.2857142857142857,pixel_reliability=0 AND MODLAND_QA(bits0-1)=0 AND VI range -2000..10000,MOD13Q1 V061 Terra 250m 16-day
SO2211,Karaan,SO22,Banadir,2018-05-25,,,,,0.0,0,0.0,0.7857142857142857,pixel_reliability=0 AND MODLAND_QA(bits0-1)=0 AND VI range -2000..10000,MOD13Q1 V061 Terra 250m 16-day
SO2211,Karaan,SO22,Banadir,2018-06-10,0.2396,0.2396,0.18680000000000002,0.18680000000000002,0.03571428571428571,1,0.17857142857142858,0.2857142857142857,pixel_reliability=0 AND MODLAND_QA(bits0-1)=0 AND VI range -2000..10000,MOD13Q1 V061 Terra 250m 16-day
SO2211,Karaan,SO22,Banadir,2018-06-26,0.24216666666666664,0.314,0.18893333333333331,0.2444,0.10714285714285714,3,0.5,0.07142857142857142,pixel_reliability=0 AND MODLAND_QA(bits0-1)=0 AND VI range -2000..10000,MOD13Q1 V061 Terra 250m 16-day
SO2211,Karaan,SO22,Banadir,2018-07-12,0.2776,0.2776,0.23875000000000002,0.23875000000000002,0.07142857142857142,2,0.2857142857142857,0.2857142857142857,pixel_reliability=0 AND MODLAND_QA(bits0-1)=0 AND VI range -2000..10000,MOD13Q1 V061 Terra 250m 16-day
SO2211,Karaan,SO22,Banadir,2018-07-28,,,,,0.0,0,0.21428571428571427,0.6071428571428571,pixel_reliability=0 AND MODLAND_QA(bits0-1)=0 AND VI range -2000..10000,MOD13Q1 V061 Terra 250m 16-day
SO2211,Karaan,SO22,Banadir,2018-08-13,,,,,0.0,0,0.21428571428571427,0.42857142857142855,pixel_reliability=0 AND MODLAND_QA(bits0-1)=0 AND VI range -2000..10000,MOD13Q1 V061 Terra 250m 16-day
SO2211,Karaan,SO22,Banadir,2018-08-29,,,,,0.0,0,0.14285714285714285,0.4642857142857143,pixel_reliability=0 AND MODLAND_QA(bits0-1)=0 AND VI range -2000..10000,MOD13Q1 V061 Terra 250m 16-day
SO2211,Karaan,SO22,Banadir,2018-09-14,,,,,0.0,0,0.39285714285714285,0.14285714285714285,pixel_reliability=0 AND MODLAND_QA(bits0-1)=0 AND VI range -2000..10000,MOD13Q1 V061 Terra 250m 16-day
SO2211,Karaan,SO22,Banadir,2018-09-30,,,,,0.0,0,0.39285714285714285,0.32142857142857145,pixel_reliability=0 AND MODLAND_QA(bits0-1)=0 AND VI range -2000..10000,MOD13Q1 V061 Terra 250m 16-day
SO2211,Karaan,SO22,Banadir,2018-10-16,0.23385,0.23385,0.1912,0.1912,0.07142857142857142,2,0.2857142857142857,0.03571428571428571,pixel_reliability=0 AND MODLAND_QA(bits0-1)=0 AND VI range -2000..10000,MOD13Q1 V061 Terra 250m 16-day
SO2211,Karaan,SO22,Banadir,2018-11-01,0.2666,0.2666,0.2207,0.2207,0.03571428571428571,1,0.25,0.14285714285714285,pixel_reliability=0 AND MODLAND_QA(bits0-1)=0 AND VI range -2000..10000,MOD13Q1 V061 Terra 250m 16-day
SO2211,Karaan,SO22,Banadir,2018-11-17,0.2588666666666667,0.24780000000000002,0.22063333333333335,0.1865,0.10714285714285714,3,0.32142857142857145,0.10714285714285714,pixel_reliability=0 AND MODLAND_QA(bits0-1)=0 AND VI range -2000..10000,MOD13Q1 V061 Terra 250m 16-day
SO2211,Karaan,SO22,Banadir,2018-12-03,0.1893,0.1893,0.15960000000000002,0.15960000000000002,0.03571428571428571,1,0.5,0.25,pixel_reliability=0 AND MODLAND_QA(bits0-1)=0 AND VI range -2000..10000,MOD13Q1 V061 Terra 250m 16-day
SO2211,Karaan,SO22,Banadir,2018-12-19,0.21430000000000002,0.21430000000000002,0.1681,0.1681,0.03571428571428571,1,0.17857142857142858,0.6785714285714286,pixel_reliability=0 AND MODLAND_QA(bits0-1)=0 AND VI range -2000..10000,MOD13Q1 V061 Terra 250m 16-day
SO2212,Shangaani,SO22,Banadir,2018-01-01,,,,,0.0,0,0.0,0.0,pixel_reliability=0 AND MODLAND_QA(bits0-1)=0 AND VI range -2000..10000,MOD13Q1 V061 Terra 250m 16-day
SO2212,Shangaani,SO22,Banadir,2018-01-17,,,,,0.0,0,0.0,1.0,pixel_reliability=0 AND MODLAND_QA(bits0-1)=0 AND VI range -2000..10000,MOD13Q1 V061 Terra 250m 16-day
SO2212,Shangaani,SO22,Banadir,2018-02-02,,,,,0.0,0,0.0,0.0,pixel_reliability=0 AND MODLAND_QA(bits0-1)=0 AND VI range -2000..10000,MOD13Q1 V061 Terra 250m 16-day
SO2212,Shangaani,SO22,Banadir,2018-02-18,,,,,0.0,0,1.0,0.0,pixel_reliability=0 AND MODLAND_QA(bits0-1)=0 AND VI range -2000..10000,MOD13Q1 V061 Terra 250m 16-day
SO2212,Shangaani,SO22,Banadir,2018-03-06,,,,,0.0,0,0.0,1.0,pixel_reliability=0 AND MODLAND_QA(bits0-1)=0 AND VI range -2000..10000,MOD13Q1 V061 Terra 250m 16-day
SO2212,Shangaani,SO22,Banadir,2018-03-22,,,,,0.0,0,0.0,1.0,pixel_reliability=0 AND MODLAND_QA(bits0-1)=0 AND VI range -2000..10000,MOD13Q1 V061 Terra 250m 16-day
SO2212,Shangaani,SO22,Banadir,2018-04-07,,,,,0.0,0,0.0,0.0,pixel_reliability=0 AND MODLAND_QA(bits0-1)=0 AND VI range -2000..10000,MOD13Q1 V061 Terra 250m 16-day
SO2212,Shangaani,SO22,Banadir,2018-04-23,,,,,0.0,0,1.0,0.0,pixel_reliability=0 AND MODLAND_QA(bits0-1)=0 AND VI range -2000..10000,MOD13Q1 V061 Terra 250m 16-day
SO2212,Shangaani,SO22,Banadir,2018-05-09,,,,,0.0,0,0.0,0.0,pixel_reliability=0 AND MODLAND_QA(bits0-1)=0 AND VI range -2000..10000,MOD13Q1 V061 Terra 250m 16-day
SO2212,Shangaani,SO22,Banadir,2018-05-25,,,,,0.0,0,0.0,1.0,pixel_reliability=0 AND MODLAND_QA(bits0-1)=0 AND VI range -2000..10000,MOD13Q1 V061 Terra 250m 16-day
SO2212,Shangaani,SO22,Banadir,2018-06-10,,,,,0.0,0,1.0,0.0,pixel_reliability=0 AND MODLAND_QA(bits0-1)=0 AND VI range -2000..10000,MOD13Q1 V061 Terra 250m 16-day
SO2212,Shangaani,SO22,Banadir,2018-06-26,,,,,0.0,0,0.0,1.0,pixel_reliability=0 AND MODLAND_QA(bits0-1)=0 AND VI range -2000..10000,MOD13Q1 V061 Terra 250m 16-day
SO2212,Shangaani,SO22,Banadir,2018-07-12,,,,,0.0,0,0.0,0.0,pixel_reliability=0 AND MODLAND_QA(bits0-1)=0 AND VI range -2000..10000,MOD13Q1 V061 Terra 250m 16-day
SO2212,Shangaani,SO22,Banadir,2018-07-28,,,,,0.0,0,0.0,0.0,pixel_reliability=0 AND MODLAND_QA(bits0-1)=0 AND VI range -2000..10000,MOD13Q1 V061 Terra 250m 16-day
SO2212,Shangaani,SO22,Banadir,2018-08-13,,,,,0.0,0,0.0,1.0,pixel_reliability=0 AND MODLAND_QA(bits0-1)=0 AND VI range -2000..10000,MOD13Q1 V061 Terra 250m 16-day
SO2212,Shangaani,SO22,Banadir,2018-08-29,,,,,0.0,0,0.0,1.0,pixel_reliability=0 AND MODLAND_QA(bits0-1)=0 AND VI range -2000..10000,MOD13Q1 V061 Terra 250m 16-day
SO2212,Shangaani,SO22,Banadir,2018-09-14,,,,,0.0,0,0.0,0.0,pixel_reliability=0 AND MODLAND_QA(bits0-1)=0 AND VI range -2000..10000,MOD13Q1 V061 Terra 250m 16-day
SO2212,Shangaani,SO22,Banadir,2018-09-30,,,,,0.0,0,0.0,1.0,pixel_reliability=0 AND MODLAND_QA(bits0-1)=0 AND VI range -2000..10000,MOD13Q1 V061 Terra 250m 16-day
SO2212,Shangaani,SO22,Banadir,2018-10-16,,,,,0.0,0,0.0,1.0,pixel_reliability=0 AND MODLAND_QA(bits0-1)=0 AND VI range -2000..10000,MOD13Q1 V061 Terra 250m 16-day
SO2212,Shangaani,SO22,Banadir,2018-11-01,,,,,0.0,0,0.0,1.0,pixel_reliability=0 AND MODLAND_QA(bits0-1)=0 AND VI range -2000..10000,MOD13Q1 V061 Terra 250m 16-day
SO2212,Shangaani,SO22,Banadir,2018-11-17,,,,,0.0,0,0.0,1.0,pixel_reliability=0 AND MODLAND_QA(bits0-1)=0 AND VI range -2000..10000,MOD13Q1 V061 Terra 250m 16-day
SO2212,Shangaani,SO22,Banadir,2018-12-03,,,,,0.0,0,0.0,1.0,pixel_reliability=0 AND MODLAND_QA(bits0-1)=0 AND VI range -2000..10000,MOD13Q1 V061 Terra 250m 16-day
SO2212,Shangaani,SO22,Banadir,2018-12-19,,,,,0.0,0,0.0,0.0,pixel_reliability=0 AND MODLAND_QA(bits0-1)=0 AND VI range -2000..10000,MOD13Q1 V061 Terra 250m 16-day
SO2213,Shibis,SO22,Banadir,2018-01-01,,,,,0.0,0,0.25,0.25,pixel_reliability=0 AND MODLAND_QA(bits0-1)=0 AND VI range -2000..10000,MOD13Q1 V061 Terra 250m 16-day
SO2213,Shibis,SO22,Banadir,2018-01-17,,,,,0.0,0,0.25,0.25,pixel_reliability=0 AND MODLAND_QA(bits0-1)=0 AND VI range -2000..10000,MOD13Q1 V061 Terra 250m 16-day
SO2213,Shibis,SO22,Banadir,2018-02-02,,,,,0.0,0,0.75,0.25,pixel_reliability=0 AND MODLAND_QA(bits0-1)=0 AND VI range -2000..10000,MOD13Q1 V061 Terra 250m 16-day
SO2213,Shibis,SO22,Banadir,2018-02-18,0.19690000000000002,0.19690000000000002,0.10540000000000001,0.10540000000000001,0.25,1,0.25,0.0,pixel_reliability=0 AND MODLAND_QA(bits0-1)=0 AND VI range -2000..10000,MOD13Q1 V061 Terra 250m 16-day
SO2213,Shibis,SO22,Banadir,2018-03-06,,,,,0.0,0,0.5,0.0,pixel_reliability=0 AND MODLAND_QA(bits0-1)=0 AND VI range -2000..10000,MOD13Q1 V061 Terra 250m 16-day
SO2213,Shibis,SO22,Banadir,2018-03-22,,,,,0.0,0,0.0,1.0,pixel_reliability=0 AND MODLAND_QA(bits0-1)=0 AND VI range -2000..10000,MOD13Q1 V061 Terra 250m 16-day
SO2213,Shibis,SO22,Banadir,2018-04-07,,,,,0.0,0,0.0,0.5,pixel_reliability=0 AND MODLAND_QA(bits0-1)=0 AND VI range -2000..10000,MOD13Q1 V061 Terra 250m 16-day
SO2213,Shibis,SO22,Banadir,2018-04-23,,,,,0.0,0,0.5,0.25,pixel_reliability=0 AND MODLAND_QA(bits0-1)=0 AND VI range -2000..10000,MOD13Q1 V061 Terra 250m 16-day
SO2213,Shibis,SO22,Banadir,2018-05-09,,,,,0.0,0,0.25,0.5,pixel_reliability=0 AND MODLAND_QA(bits0-1)=0 AND VI range -2000..10000,MOD13Q1 V061 Terra 250m 16-day
SO2213,Shibis,SO22,Banadir,2018-05-25,,,,,0.0,0,0.0,1.0,pixel_reliability=0 AND MODLAND_QA(bits0-1)=0 AND VI range -2000..10000,MOD13Q1 V061 Terra 250m 16-day
SO2213,Shibis,SO22,Banadir,2018-06-10,,,,,0.0,0,0.5,0.5,pixel_reliability=0 AND MODLAND_QA(bits0-1)=0 AND VI range -2000..10000,MOD13Q1 V061 Terra 250m 16-day
SO2213,Shibis,SO22,Banadir,2018-06-26,,,,,0.0,0,0.25,0.25,pixel_reliability=0 AND MODLAND_QA(bits0-1)=0 AND VI range -2000..10000,MOD13Q1 V061 Terra 250m 16-day
SO2213,Shibis,SO22,Banadir,2018-07-12,,,,,0.0,0,0.0,0.25,pixel_reliability=0 AND MODLAND_QA(bits0-1)=0 AND VI range -2000..10000,MOD13Q1 V061 Terra 250m 16-day
SO2213,Shibis,SO22,Banadir,2018-07-28,,,,,0.0,0,0.5,0.0,pixel_reliability=0 AND MODLAND_QA(bits0-1)=0 AND VI range -2000..10000,MOD13Q1 V061 Terra 250m 16-day
SO2213,Shibis,SO22,Banadir,2018-08-13,,,,,0.0,0,0.0,1.0,pixel_reliability=0 AND MODLAND_QA(bits0-1)=0 AND VI range -2000..10000,MOD13Q1 V061 Terra 250m 16-day
SO2213,Shibis,SO22,Banadir,2018-08-29,,,,,0.0,0,0.5,0.0,pixel_reliability=0 AND MODLAND_QA(bits0-1)=0 AND VI range -2000..10000,MOD13Q1 V061 Terra 250m 16-day
SO2213,Shibis,SO22,Banadir,2018-09-14,,,,,0.0,0,0.0,0.75,pixel_reliability=0 AND MODLAND_QA(bits0-1)=0 AND VI range -2000..10000,MOD13Q1 V061 Terra 250m 16-day
SO2213,Shibis,SO22,Banadir,2018-09-30,,,,,0.0,0,0.0,1.0,pixel_reliability=0 AND MODLAND_QA(bits0-1)=0 AND VI range -2000..10000,MOD13Q1 V061 Terra 250m 16-day
SO2213,Shibis,SO22,Banadir,2018-10-16,,,,,0.0,0,0.25,0.0,pixel_reliability=0 AND MODLAND_QA(bits0-1)=0 AND VI range -2000..10000,MOD13Q1 V061 Terra 250m 16-day
SO2213,Shibis,SO22,Banadir,2018-11-01,0.17966666666666667,0.17120000000000002,0.14126666666666668,0.1343,0.75,3,0.25,0.0,pixel_reliability=0 AND MODLAND_QA(bits0-1)=0 AND VI range -2000..10000,MOD13Q1 V061 Terra 250m 16-day
SO2213,Shibis,SO22,Banadir,2018-11-17,0.1776,0.1776,0.1292,0.1292,0.25,1,0.0,0.0,pixel_reliability=0 AND MODLAND_QA(bits0-1)=0 AND VI range -2000..10000,MOD13Q1 V061 Terra 250m 16-day
SO2213,Shibis,SO22,Banadir,2018-12-03,,,,,0.0,0,0.0,1.0,pixel_reliability=0 AND MODLAND_QA(bits0-1)=0 AND VI range -2000..10000,MOD13Q1 V061 Terra 250m 16-day
SO2213,Shibis,SO22,Banadir,2018-12-19,,,,,0.0,0,0.25,0.25,pixel_reliability=0 AND MODLAND_QA(bits0-1)=0 AND VI range -2000..10000,MOD13Q1 V061 Terra 250m 16-day
SO2214,Waaberi,SO22,Banadir,2018-01-01,0.2044,0.2044,0.1569,0.1569,0.1111111111111111,1,0.4444444444444444,0.0,pixel_reliability=0 AND MODLAND_QA(bits0-1)=0 AND VI range -2000..10000,MOD13Q1 V061 Terra 250m 16-day
SO2214,Waaberi,SO22,Banadir,2018-01-17,,,,,0.0,0,0.4444444444444444,0.1111111111111111,pixel_reliability=0 AND MODLAND_QA(bits0-1)=0 AND VI range -2000..10000,MOD13Q1 V061 Terra 250m 16-day
SO2214,Waaberi,SO22,Banadir,2018-02-02,,,,,0.0,0,0.7777777777777778,0.0,pixel_reliability=0 AND MODLAND_QA(bits0-1)=0 AND VI range -2000..10000,MOD13Q1 V061 Terra 250m 16-day
SO2214,Waaberi,SO22,Banadir,2018-02-18,,,,,0.0,0,0.6666666666666666,0.0,pixel_reliability=0 AND MODLAND_QA(bits0-1)=0 AND VI range -2000..10000,MOD13Q1 V061 Terra 250m 16-day
SO2214,Waaberi,SO22,Banadir,2018-03-06,0.1555,0.1555,0.12100000000000001,0.12100000000000001,0.1111111111111111,1,0.1111111111111111,0.1111111111111111,pixel_reliability=0 AND MODLAND_QA(bits0-1)=0 AND VI range -2000..10000,MOD13Q1 V061 Terra 250m 16-day
SO2214,Waaberi,SO22,Banadir,2018-03-22,,,,,0.0,0,0.2222222222222222,0.3333333333333333,pixel_reliability=0 AND MODLAND_QA(bits0-1)=0 AND VI range -2000..10000,MOD13Q1 V061 Terra 250m 16-day
SO2214,Waaberi,SO22,Banadir,2018-04-07,0.2137,0.2137,0.1428,0.1428,0.1111111111111111,1,0.3333333333333333,0.0,pixel_reliability=0 AND MODLAND_QA(bits0-1)=0 AND VI range -2000..10000,MOD13Q1 V061 Terra 250m 16-day
SO2214,Waaberi,SO22,Banadir,2018-04-23,0.2311,0.2311,0.16620000000000001,0.16620000000000001,0.1111111111111111,1,0.5555555555555556,0.1111111111111111,pixel_reliability=0 AND MODLAND_QA(bits0-1)=0 AND VI range -2000..10000,MOD13Q1 V061 Terra 250m 16-day
SO2214,Waaberi,SO22,Banadir,2018-05-09,,,,,0.0,0,0.4444444444444444,0.5555555555555556,pixel_reliability=0 AND MODLAND_QA(bits0-1)=0 AND VI range -2000..10000,MOD13Q1 V061 Terra 250m 16-day
SO2214,Waaberi,SO22,Banadir,2018-05-25,,,,,0.0,0,0.0,1.0,pixel_reliability=0 AND MODLAND_QA(bits0-1)=0 AND VI range -2000..10000,MOD13Q1 V061 Terra 250m 16-day
SO2214,Waaberi,SO22,Banadir,2018-06-10,,,,,0.0,0,0.4444444444444444,0.1111111111111111,pixel_reliability=0 AND MODLAND_QA(bits0-1)=0 AND VI range -2000..10000,MOD13Q1 V061 Terra 250m 16-day
SO2214,Waaberi,SO22,Banadir,2018-06-26,,,,,0.0,0,0.0,0.6666666666666666,pixel_reliability=0 AND MODLAND_QA(bits0-1)=0 AND VI range -2000..10000,MOD13Q1 V061 Terra 250m 16-day
SO2214,Waaberi,SO22,Banadir,2018-07-12,,,,,0.0,0,0.2222222222222222,0.5555555555555556,pixel_reliability=0 AND MODLAND_QA(bits0-1)=0 AND VI range -2000..10000,MOD13Q1 V061 Terra 250m 16-day
SO2214,Waaberi,SO22,Banadir,2018-07-28,,,,,0.0,0,0.3333333333333333,0.3333333333333333,pixel_reliability=0 AND MODLAND_QA(bits0-1)=0 AND VI range -2000..10000,MOD13Q1 V061 Terra 250m 16-day
SO2214,Waaberi,SO22,Banadir,2018-08-13,,,,,0.0,0,0.0,1.0,pixel_reliability=0 AND MODLAND_QA(bits0-1)=0 AND VI range -2000..10000,MOD13Q1 V061 Terra 250m 16-day
SO2214,Waaberi,SO22,Banadir,2018-08-29,,,,,0.0,0,0.0,0.6666666666666666,pixel_reliability=0 AND MODLAND_QA(bits0-1)=0 AND VI range -2000..10000,MOD13Q1 V061 Terra 250m 16-day
SO2214,Waaberi,SO22,Banadir,2018-09-14,,,,,0.0,0,0.3333333333333333,0.5555555555555556,pixel_reliability=0 AND MODLAND_QA(bits0-1)=0 AND VI range -2000..10000,MOD13Q1 V061 Terra 250m 16-day
SO2214,Waaberi,SO22,Banadir,2018-09-30,,,,,0.0,0,0.2222222222222222,0.5555555555555556,pixel_reliability=0 AND MODLAND_QA(bits0-1)=0 AND VI range -2000..10000,MOD13Q1 V061 Terra 250m 16-day
SO2214,Waaberi,SO22,Banadir,2018-10-16,,,,,0.0,0,0.2222222222222222,0.2222222222222222,pixel_reliability=0 AND MODLAND_QA(bits0-1)=0 AND VI range -2000..10000,MOD13Q1 V061 Terra 250m 16-day
SO2214,Waaberi,SO22,Banadir,2018-11-01,0.18130000000000002,0.18130000000000002,0.1371,0.1371,0.1111111111111111,1,0.2222222222222222,0.3333333333333333,pixel_reliability=0 AND MODLAND_QA(bits0-1)=0 AND VI range -2000..10000,MOD13Q1 V061 Terra 250m 16-day
SO2214,Waaberi,SO22,Banadir,2018-11-17,0.23620000000000002,0.23620000000000002,0.165,0.165,0.1111111111111111,1,0.0,0.3333333333333333,pixel_reliability=0 AND MODLAND_QA(bits0-1)=0 AND VI range -2000..10000,MOD13Q1 V061 Terra 250m 16-day
SO2214,Waaberi,SO22,Banadir,2018-12-03,,,,,0.0,0,0.1111111111111111,0.6666666666666666,pixel_reliability=0 AND MODLAND_QA(bits0-1)=0 AND VI range -2000..10000,MOD13Q1 V061 Terra 250m 16-day
SO2214,Waaberi,SO22,Banadir,2018-12-19,,,,,0.0,0,0.4444444444444444,0.2222222222222222,pixel_reliability=0 AND MODLAND_QA(bits0-1)=0 AND VI range -2000..10000,MOD13Q1 V061 Terra 250m 16-day
SO2215,Wadajir (Medina),SO22,Banadir,2018-01-01,0.18703333333333336,0.19290000000000002,0.13976666666666668,0.1384,0.0967741935483871,3,0.45161290322580644,0.06451612903225806,pixel_reliability=0 AND MODLAND_QA(bits0-1)=0 AND VI range -2000..10000,MOD13Q1 V061 Terra 250m 16-day
SO2215,Wadajir (Medina),SO22,Banadir,2018-01-17,0.1935,0.1935,0.1502,0.1502,0.03225806451612903,1,0.8064516129032258,0.0,pixel_reliability=0 AND MODLAND_QA(bits0-1)=0 AND VI range -2000..10000,MOD13Q1 V061 Terra 250m 16-day
SO2215,Wadajir (Medina),SO22,Banadir,2018-02-02,0.19990000000000002,0.19990000000000002,0.13445000000000001,0.13445000000000001,0.06451612903225806,2,0.7419354838709677,0.0,pixel_reliability=0 AND MODLAND_QA(bits0-1)=0 AND VI range -2000..10000,MOD13Q1 V061 Terra 250m 16-day
SO2215,Wadajir (Medina),SO22,Banadir,2018-02-18,0.15843333333333334,0.168,0.11853333333333334,0.1264,0.0967741935483871,3,0.5161290322580645,0.0,pixel_reliability=0 AND MODLAND_QA(bits0-1)=0 AND VI range -2000..10000,MOD13Q1 V061 Terra 250m 16-day
SO2215,Wadajir (Medina),SO22,Banadir,2018-03-06,0.13366666666666666,0.1494,0.11436666666666667,0.12990000000000002,0.0967741935483871,3,0.3548387096774194,0.0,pixel_reliability=0 AND MODLAND_QA(bits0-1)=0 AND VI range -2000..10000,MOD13Q1 V061 Terra 250m 16-day
SO2215,Wadajir (Medina),SO22,Banadir,2018-03-22,0.0915,0.0915,0.07435,0.07435,0.06451612903225806,2,0.5806451612903226,0.03225806451612903,pixel_reliability=0 AND MODLAND_QA(bits0-1)=0 AND VI range -2000..10000,MOD13Q1 V061 Terra 250m 16-day
SO2215,Wadajir (Medina),SO22,Banadir,2018-04-07,0.18595,0.19035000000000002,0.1302,0.13805,0.25806451612903225,8,0.2903225806451613,0.06451612903225806,pixel_reliability=0 AND MODLAND_QA(bits0-1)=0 AND VI range -2000..10000,MOD13Q1 V061 Terra 250m 16-day
SO2215,Wadajir (Medina),SO22,Banadir,2018-04-23,0.2239,0.2079,0.12569999999999998,0.1374,0.16129032258064516,5,0.25806451612903225,0.1935483870967742,pixel_reliability=0 AND MODLAND_QA(bits0-1)=0 AND VI range -2000..10000,MOD13Q1 V061 Terra 250m 16-day
SO2215,Wadajir (Medina),SO22,Banadir,2018-05-09,,,,,0.0,0,0.06451612903225806,0.6774193548387096,pixel_reliability=0 AND MODLAND_QA(bits0-1)=0 AND VI range -2000..10000,MOD13Q1 V061 Terra 250m 16-day
SO2215,Wadajir (Medina),SO22,Banadir,2018-05-25,,,,,0.0,0,0.0,0.8387096774193549,pixel_reliability=0 AND MODLAND_QA(bits0-1)=0 AND VI range -2000..10000,MOD13Q1 V061 Terra 250m 16-day
SO2215,Wadajir (Medina),SO22,Banadir,2018-06-10,,,,,0.0,0,0.25806451612903225,0.5483870967741935,pixel_reliability=0 AND MODLAND_QA(bits0-1)=0 AND VI range -2000..10000,MOD13Q1 V061 Terra 250m 16-day
SO2215,Wadajir (Medina),SO22,Banadir,2018-06-26,0.17550000000000002,0.17550000000000002,0.1236,0.1236,0.03225806451612903,1,0.16129032258064516,0.3548387096774194,pixel_reliability=0 AND MODLAND_QA(bits0-1)=0 AND VI range -2000..10000,MOD13Q1 V061 Terra 250m 16-day
SO2215,Wadajir (Medina),SO22,Banadir,2018-07-12,,,,,0.0,0,0.12903225806451613,0.4838709677419355,pixel_reliability=0 AND MODLAND_QA(bits0-1)=0 AND VI range -2000..10000,MOD13Q1 V061 Terra 250m 16-day
SO2215,Wadajir (Medina),SO22,Banadir,2018-07-28,,,,,0.0,0,0.03225806451612903,0.9032258064516129,pixel_reliability=0 AND MODLAND_QA(bits0-1)=0 AND VI range -2000..10000,MOD13Q1 V061 Terra 250m 16-day
SO2215,Wadajir (Medina),SO22,Banadir,2018-08-13,,,,,0.0,0,0.03225806451612903,0.8387096774193549,pixel_reliability=0 AND MODLAND_QA(bits0-1)=0 AND VI range -2000..10000,MOD13Q1 V061 Terra 250m 16-day
SO2215,Wadajir (Medina),SO22,Banadir,2018-08-29,,,,,0.0,0,0.25806451612903225,0.41935483870967744,pixel_reliability=0 AND MODLAND_QA(bits0-1)=0 AND VI range -2000..10000,MOD13Q1 V061 Terra 250m 16-day
SO2215,Wadajir (Medina),SO22,Banadir,2018-09-14,,,,,0.0,0,0.22580645161290322,0.3225806451612903,pixel_reliability=0 AND MODLAND_QA(bits0-1)=0 AND VI range -2000..10000,MOD13Q1 V061 Terra 250m 16-day
SO2215,Wadajir (Medina),SO22,Banadir,2018-09-30,,,,,0.0,0,0.0967741935483871,0.6129032258064516,pixel_reliability=0 AND MODLAND_QA(bits0-1)=0 AND VI range -2000..10000,MOD13Q1 V061 Terra 250m 16-day
SO2215,Wadajir (Medina),SO22,Banadir,2018-10-16,0.2612,0.2612,0.199,0.199,0.03225806451612903,1,0.4838709677419355,0.0,pixel_reliability=0 AND MODLAND_QA(bits0-1)=0 AND VI range -2000..10000,MOD13Q1 V061 Terra 250m 16-day
SO2215,Wadajir (Medina),SO22,Banadir,2018-11-01,,,,,0.0,0,0.03225806451612903,0.7741935483870968,pixel_reliability=0 AND MODLAND_QA(bits0-1)=0 AND VI range -2000..10000,MOD13Q1 V061 Terra 250m 16-day
SO2215,Wadajir (Medina),SO22,Banadir,2018-11-17,,,,,0.0,0,0.16129032258064516,0.4838709677419355,pixel_reliability=0 AND MODLAND_QA(bits0-1)=0 AND VI range -2000..10000,MOD13Q1 V061 Terra 250m 16-day
SO2215,Wadajir (Medina),SO22,Banadir,2018-12-03,0.21535,0.21535,0.1675,0.1675,0.06451612903225806,2,0.25806451612903225,0.4838709677419355,pixel_reliability=0 AND MODLAND_QA(bits0-1)=0 AND VI range -2000..10000,MOD13Q1 V061 Terra 250m 16-day
SO2215,Wadajir (Medina),SO22,Banadir,2018-12-19,,,,,0.0,0,0.3548387096774194,0.3870967741935484,pixel_reliability=0 AND MODLAND_QA(bits0-1)=0 AND VI range -2000..10000,MOD13Q1 V061 Terra 250m 16-day
SO2216,Wardhigley,SO22,Banadir,2018-01-01,0.1683,0.1683,0.11710000000000001,0.11710000000000001,0.09090909090909091,1,0.8181818181818182,0.0,pixel_reliability=0 AND MODLAND_QA(bits0-1)=0 AND VI range -2000..10000,MOD13Q1 V061 Terra 250m 16-day
SO2216,Wardhigley,SO22,Banadir,2018-01-17,,,,,0.0,0,0.8181818181818182,0.0,pixel_reliability=0 AND MODLAND_QA(bits0-1)=0 AND VI range -2000..10000,MOD13Q1 V061 Terra 250m 16-day
SO2216,Wardhigley,SO22,Banadir,2018-02-02,,,,,0.0,0,0.8181818181818182,0.0,pixel_reliability=0 AND MODLAND_QA(bits0-1)=0 AND VI range -2000..10000,MOD13Q1 V061 Terra 250m 16-day
SO2216,Wardhigley,SO22,Banadir,2018-02-18,0.1579,0.1579,0.11130000000000001,0.11130000000000001,0.09090909090909091,1,0.6363636363636364,0.0,pixel_reliability=0 AND MODLAND_QA(bits0-1)=0 AND VI range -2000..10000,MOD13Q1 V061 Terra 250m 16-day
SO2216,Wardhigley,SO22,Banadir,2018-03-06,,,,,0.0,0,0.6363636363636364,0.18181818181818182,pixel_reliability=0 AND MODLAND_QA(bits0-1)=0 AND VI range -2000..10000,MOD13Q1 V061 Terra 250m 16-day
SO2216,Wardhigley,SO22,Banadir,2018-03-22,,,,,0.0,0,0.45454545454545453,0.36363636363636365,pixel_reliability=0 AND MODLAND_QA(bits0-1)=0 AND VI range -2000..10000,MOD13Q1 V061 Terra 250m 16-day
SO2216,Wardhigley,SO22,Banadir,2018-04-07,,,,,0.0,0,0.9090909090909091,0.0,pixel_reliability=0 AND MODLAND_QA(bits0-1)=0 AND VI range -2000..10000,MOD13Q1 V061 Terra 250m 16-day
SO2216,Wardhigley,SO22,Banadir,2018-04-23,,,,,0.0,0,0.2727272727272727,0.2727272727272727,pixel_reliability=0 AND MODLAND_QA(bits0-1)=0 AND VI range -2000..10000,MOD13Q1 V061 Terra 250m 16-day
SO2216,Wardhigley,SO22,Banadir,2018-05-09,,,,,0.0,0,0.0,0.7272727272727273,pixel_reliability=0 AND MODLAND_QA(bits0-1)=0 AND VI range -2000..10000,MOD13Q1 V061 Terra 250m 16-day
SO2216,Wardhigley,SO22,Banadir,2018-05-25,,,,,0.0,0,0.0,0.9090909090909091,pixel_reliability=0 AND MODLAND_QA(bits0-1)=0 AND VI range -2000..10000,MOD13Q1 V061 Terra 250m 16-day
SO2216,Wardhigley,SO22,Banadir,2018-06-10,,,,,0.0,0,0.09090909090909091,0.45454545454545453,pixel_reliability=0 AND MODLAND_QA(bits0-1)=0 AND VI range -2000..10000,MOD13Q1 V061 Terra 250m 16-day
SO2216,Wardhigley,SO22,Banadir,2018-06-26,,,,,0.0,0,0.09090909090909091,0.45454545454545453,pixel_reliability=0 AND MODLAND_QA(bits0-1)=0 AND VI range -2000..10000,MOD13Q1 V061 Terra 250m 16-day
SO2216,Wardhigley,SO22,Banadir,2018-07-12,,,,,0.0,0,0.09090909090909091,0.2727272727272727,pixel_reliability=0 AND MODLAND_QA(bits0-1)=0 AND VI range -2000..10000,MOD13Q1 V061 Terra 250m 16-day
SO2216,Wardhigley,SO22,Banadir,2018-07-28,,,,,0.0,0,0.09090909090909091,0.9090909090909091,pixel_reliability=0 AND MODLAND_QA(bits0-1)=0 AND VI range -2000..10000,MOD13Q1 V061 Terra 250m 16-day
SO2216,Wardhigley,SO22,Banadir,2018-08-13,,,,,0.0,0,0.18181818181818182,0.7272727272727273,pixel_reliability=0 AND MODLAND_QA(bits0-1)=0 AND VI range -2000..10000,MOD13Q1 V061 Terra 250m 16-day
SO2216,Wardhigley,SO22,Banadir,2018-08-29,0.1774,0.1774,0.11670000000000001,0.11670000000000001,0.09090909090909091,1,0.5454545454545454,0.0,pixel_reliability=0 AND MODLAND_QA(bits0-1)=0 AND VI range -2000..10000,MOD13Q1 V061 Terra 250m 16-day
SO2216,Wardhigley,SO22,Banadir,2018-09-14,,,,,0.0,0,0.09090909090909091,0.36363636363636365,pixel_reliability=0 AND MODLAND_QA(bits0-1)=0 AND VI range -2000..10000,MOD13Q1 V061 Terra 250m 16-day
SO2216,Wardhigley,SO22,Banadir,2018-09-30,,,,,0.0,0,0.0,0.9090909090909091,pixel_reliability=0 AND MODLAND_QA(bits0-1)=0 AND VI range -2000..10000,MOD13Q1 V061 Terra 250m 16-day
SO2216,Wardhigley,SO22,Banadir,2018-10-16,,,,,0.0,0,0.2727272727272727,0.36363636363636365,pixel_reliability=0 AND MODLAND_QA(bits0-1)=0 AND VI range -2000..10000,MOD13Q1 V061 Terra 250m 16-day
SO2216,Wardhigley,SO22,Banadir,2018-11-01,0.2238,0.2238,0.1773,0.1773,0.09090909090909091,1,0.36363636363636365,0.0,pixel_reliability=0 AND MODLAND_QA(bits0-1)=0 AND VI range -2000..10000,MOD13Q1 V061 Terra 250m 16-day
SO2216,Wardhigley,SO22,Banadir,2018-11-17,0.218,0.218,0.1491,0.1491,0.09090909090909091,1,0.45454545454545453,0.09090909090909091,pixel_reliability=0 AND MODLAND_QA(bits0-1)=0 AND VI range -2000..10000,MOD13Q1 V061 Terra 250m 16-day
SO2216,Wardhigley,SO22,Banadir,2018-12-03,,,,,0.0,0,0.2727272727272727,0.5454545454545454,pixel_reliability=0 AND MODLAND_QA(bits0-1)=0 AND VI range -2000..10000,MOD13Q1 V061 Terra 250m 16-day
SO2216,Wardhigley,SO22,Banadir,2018-12-19,,,,,0.0,0,0.2727272727272727,0.36363636363636365,pixel_reliability=0 AND MODLAND_QA(bits0-1)=0 AND VI range -2000..10000,MOD13Q1 V061 Terra 250m 16-day
SO2217,Yaaqshid,SO22,Banadir,2018-01-01,,,,,0.0,0,1.0,0.0,pixel_reliability=0 AND MODLAND_QA(bits0-1)=0 AND VI range -2000..10000,MOD13Q1 V061 Terra 250m 16-day
SO2217,Yaaqshid,SO22,Banadir,2018-01-17,0.1739,0.1739,0.1217,0.1217,0.07142857142857142,1,0.6428571428571429,0.0,pixel_reliability=0 AND MODLAND_QA(bits0-1)=0 AND VI range -2000..10000,MOD13Q1 V061 Terra 250m 16-day
SO2217,Yaaqshid,SO22,Banadir,2018-02-02,,,,,0.0,0,0.7142857142857143,0.0,pixel_reliability=0 AND MODLAND_QA(bits0-1)=0 AND VI range -2000..10000,MOD13Q1 V061 Terra 250m 16-day
SO2217,Yaaqshid,SO22,Banadir,2018-02-18,,,,,0.0,0,0.7142857142857143,0.0,pixel_reliability=0 AND MODLAND_QA(bits0-1)=0 AND VI range -2000..10000,MOD13Q1 V061 Terra 250m 16-day
SO2217,Yaaqshid,SO22,Banadir,2018-03-06,0.19065000000000001,0.19065000000000001,0.14079999999999998,0.14079999999999998,0.14285714285714285,2,0.5,0.0,pixel_reliability=0 AND MODLAND_QA(bits0-1)=0 AND VI range -2000..10000,MOD13Q1 V061 Terra 250m 16-day
SO2217,Yaaqshid,SO22,Banadir,2018-03-22,,,,,0.0,0,0.7142857142857143,0.07142857142857142,pixel_reliability=0 AND MODLAND_QA(bits0-1)=0 AND VI range -2000..10000,MOD13Q1 V061 Terra 250m 16-day
SO2217,Yaaqshid,SO22,Banadir,2018-04-07,,,,,0.0,0,0.9285714285714286,0.0,pixel_reliability=0 AND MODLAND_QA(bits0-1)=0 AND VI range -2000..10000,MOD13Q1 V061 Terra 250m 16-day
SO2217,Yaaqshid,SO22,Banadir,2018-04-23,,,,,0.0,0,0.21428571428571427,0.42857142857142855,pixel_reliability=0 AND MODLAND_QA(bits0-1)=0 AND VI range -2000..10000,MOD13Q1 V061 Terra 250m 16-day
SO2217,Yaaqshid,SO22,Banadir,2018-05-09,,,,,0.0,0,0.2857142857142857,0.35714285714285715,pixel_reliability=0 AND MODLAND_QA(bits0-1)=0 AND VI range -2000..10000,MOD13Q1 V061 Terra 250m 16-day
SO2217,Yaaqshid,SO22,Banadir,2018-05-25,,,,,0.0,0,0.07142857142857142,0.6428571428571429,pixel_reliability=0 AND MODLAND_QA(bits0-1)=0 AND VI range -2000..10000,MOD13Q1 V061 Terra 250m 16-day
SO2217,Yaaqshid,SO22,Banadir,2018-06-10,,,,,0.0,0,0.2857142857142857,0.35714285714285715,pixel_reliability=0 AND MODLAND_QA(bits0-1)=0 AND VI range -2000..10000,MOD13Q1 V061 Terra 250m 16-day
SO2217,Yaaqshid,SO22,Banadir,2018-06-26,,,,,0.0,0,0.2857142857142857,0.42857142857142855,pixel_reliability=0 AND MODLAND_QA(bits0-1)=0 AND VI range -2000..10000,MOD13Q1 V061 Terra 250m 16-day
SO2217,Yaaqshid,SO22,Banadir,2018-07-12,,,,,0.0,0,0.35714285714285715,0.2857142857142857,pixel_reliability=0 AND MODLAND_QA(bits0-1)=0 AND VI range -2000..10000,MOD13Q1 V061 Terra 250m 16-day
SO2217,Yaaqshid,SO22,Banadir,2018-07-28,,,,,0.0,0,0.0,0.5,pixel_reliability=0 AND MODLAND_QA(bits0-1)=0 AND VI range -2000..10000,MOD13Q1 V061 Terra 250m 16-day
SO2217,Yaaqshid,SO22,Banadir,2018-08-13,,,,,0.0,0,0.21428571428571427,0.2857142857142857,pixel_reliability=0 AND MODLAND_QA(bits0-1)=0 AND VI range -2000..10000,MOD13Q1 V061 Terra 250m 16-day
SO2217,Yaaqshid,SO22,Banadir,2018-08-29,0.2333,0.2333,0.1552,0.1552,0.07142857142857142,1,0.6428571428571429,0.0,pixel_reliability=0 AND MODLAND_QA(bits0-1)=0 AND VI range -2000..10000,MOD13Q1 V061 Terra 250m 16-day
SO2217,Yaaqshid,SO22,Banadir,2018-09-14,,,,,0.0,0,0.5714285714285714,0.21428571428571427,pixel_reliability=0 AND MODLAND_QA(bits0-1)=0 AND VI range -2000..10000,MOD13Q1 V061 Terra 250m 16-day
SO2217,Yaaqshid,SO22,Banadir,2018-09-30,,,,,0.0,0,0.07142857142857142,0.5714285714285714,pixel_reliability=0 AND MODLAND_QA(bits0-1)=0 AND VI range -2000..10000,MOD13Q1 V061 Terra 250m 16-day
SO2217,Yaaqshid,SO22,Banadir,2018-10-16,,,,,0.0,0,0.5714285714285714,0.07142857142857142,pixel_reliability=0 AND MODLAND_QA(bits0-1)=0 AND VI range -2000..10000,MOD13Q1 V061 Terra 250m 16-day
SO2217,Yaaqshid,SO22,Banadir,2018-11-01,,,,,0.0,0,0.7857142857142857,0.0,pixel_reliability=0 AND MODLAND_QA(bits0-1)=0 AND VI range -2000..10000,MOD13Q1 V061 Terra 250m 16-day
SO2217,Yaaqshid,SO22,Banadir,2018-11-17,,,,,0.0,0,0.7857142857142857,0.0,pixel_reliability=0 AND MODLAND_QA(bits0-1)=0 AND VI range -2000..10000,MOD13Q1 V061 Terra 250m 16-day
SO2217,Yaaqshid,SO22,Banadir,2018-12-03,0.2263,0.2263,0.1829,0.1829,0.07142857142857142,1,0.5714285714285714,0.07142857142857142,pixel_reliability=0 AND MODLAND_QA(bits0-1)=0 AND VI range -2000..10000,MOD13Q1 V061 Terra 250m 16-day
SO2217,Yaaqshid,SO22,Banadir,2018-12-19,,,,,0.0,0,0.35714285714285715,0.35714285714285715,pixel_reliability=0 AND MODLAND_QA(bits0-1)=0 AND VI range -2000..10000,MOD13Q1 V061 Terra 250m 16-day
SO2301,Marka,SO23,Lower Shabelle,2018-01-01,0.3185643790849674,0.29505000000000003,0.2092950980392157,0.19740000000000002,0.4815106215578285,612,0.059008654602675056,0.0,pixel_reliability=0 AND MODLAND_QA(bits0-1)=0 AND VI range -2000..10000,MOD13Q1 V061 Terra 250m 16-day
SO2301,Marka,SO23,Lower Shabelle,2018-01-17,0.3281126315789474,0.2915,0.19869912280701754,0.18575000000000003,0.44846577498033047,570,0.04799370574350905,0.003147128245476003,pixel_reliability=0 AND MODLAND_QA(bits0-1)=0 AND VI range -2000..10000,MOD13Q1 V061 Terra 250m 16-day
SO2301,Marka,SO23,Lower Shabelle,2018-02-02,0.30353255172413796,0.26930000000000004,0.1840544827586207,0.1714,0.5704169944925256,725,0.042486231313926044,0.0055074744295830055,pixel_reliability=0 AND MODLAND_QA(bits0-1)=0 AND VI range -2000..10000,MOD13Q1 V061 Terra 250m 16-day
SO2301,Marka,SO23,Lower Shabelle,2018-02-18,0.2709773861967694,0.2545,0.1693380323054332,0.166,0.5357985837922895,681,0.1022816679779701,0.003933910306845004,pixel_reliability=0 AND MODLAND_QA(bits0-1)=0 AND VI range -2000..10000,MOD13Q1 V061 Terra 250m 16-day
SO2301,Marka,SO23,Lower Shabelle,2018-03-06,0.264702027027027,0.24115,0.17058108108108108,0.15960000000000002,0.6986624704956726,888,0.03068450039339103,0.0007867820613690008,pixel_reliability=0 AND MODLAND_QA(bits0-1)=0 AND VI range -2000..10000,MOD13Q1 V061 Terra 250m 16-day
SO2301,Marka,SO23,Lower Shabelle,2018-03-22,0.23258415300546456,0.23370000000000002,0.15580054644808744,0.15860000000000002,0.14398111723052714,183,0.4225019669551534,0.02675059008654603,pixel_reliability=0 AND MODLAND_QA(bits0-1)=0 AND VI range -2000..10000,MOD13Q1 V061 Terra 250m 16-day
SO2301,Marka,SO23,Lower Shabelle,2018-04-07,0.2338208888888889,0.2243,0.1520551111111111,0.1469,0.17702596380802518,225,0.26278520849724624,0.08025177025963807,pixel_reliability=0 AND MODLAND_QA(bits0-1)=0 AND VI range -2000..10000,MOD13Q1 V061 Terra 250m 16-day
SO2301,Marka,SO23,Lower Shabelle,2018-04-23,0.29005,0.27275000000000005,0.20259285714285716,0.1912,0.011014948859166011,14,0.10306845003933911,0.6546026750590087,pixel_reliability=0 AND MODLAND_QA(bits0-1)=0 AND VI range -2000..10000,MOD13Q1 V061 Terra 250m 16-day
SO2301,Marka,SO23,Lower Shabelle,2018-05-09,0.3423920634920636,0.3413,0.23584444444444444,0.22260000000000002,0.04956726986624705,63,0.22738001573564123,0.35326514555468136,pixel_reliability=0 AND MODLAND_QA(bits0-1)=0 AND VI range -2000..10000,MOD13Q1 V061 Terra 250m 16-day
SO2301,Marka,SO23,Lower Shabelle,2018-05-25,0.440408,0.4768,0.3287199999999999,0.3486,0.01966955153422502,25,0.2832415420928403,0.37372147915027537,pixel_reliability=0 AND MODLAND_QA(bits0-1)=0 AND VI range -2000..10000,MOD13Q1 V061 Terra 250m 16-day
SO2301,Marka,SO23,Lower Shabelle,2018-06-10,0.38795714285714283,0.4747,0.2632333333333334,0.3234,0.016522423288749016,21,0.45790715971675844,0.1966955153422502,pixel_reliability=0 AND MODLAND_QA(bits0-1)=0 AND VI range -2000..10000,MOD13Q1 V061 Terra 250m 16-day
SO2301,Marka,SO23,Lower Shabelle,2018-06-26,0.46268985507246374,0.48860000000000003,0.30745942028985507,0.3274,0.05428796223446106,69,0.5247836349331235,0.07159716758457907,pixel_reliability=0 AND MODLAND_QA(bits0-1)=0 AND VI range -2000..10000,MOD13Q1 V061 Terra 250m 16-day
SO2301,Marka,SO23,Lower Shabelle,2018-07-12,0.3967135135135135,0.4283,0.27736756756756764,0.3024,0.029110936270653028,37,0.5625491738788355,0.11723052714398112,pixel_reliability=0 AND MODLAND_QA(bits0-1)=0 AND VI range -2000..10000,MOD13Q1 V061 Terra 250m 16-day
SO2301,Marka,SO23,Lower Shabelle,2018-07-28,0.3877164705882353,0.4035,0.2637364705882353,0.2654,0.06687647521636507,85,0.4358772619984264,0.1038552321007081,pixel_reliability=0 AND MODLAND_QA(bits0-1)=0 AND VI range -2000..10000,MOD13Q1 V061 Terra 250m 16-day
SO2301,Marka,SO23,Lower Shabelle,2018-08-13,0.3991451612903226,0.3806,0.27623870967741937,0.2828,0.024390243902439025,31,0.33359559402045635,0.3060582218725413,pixel_reliability=0 AND MODLAND_QA(bits0-1)=0 AND VI range -2000..10000,MOD13Q1 V061 Terra 250m 16-day
SO2301,Marka,SO23,Lower Shabelle,2018-08-29,0.4384884120171674,0.42990000000000006,0.2613497854077253,0.25765000000000005,0.36664044059795436,466,0.15184893784421716,0.08575924468922108,pixel_reliability=0 AND MODLAND_QA(bits0-1)=0 AND VI range -2000..10000,MOD13Q1 V061 Terra 250m 16-day
SO2301,Marka,SO23,Lower Shabelle,2018-09-14,0.3739885245901639,0.3473,0.24765081967213112,0.2204,0.04799370574350905,61,0.5774980330448466,0.05350118017309206,pixel_reliability=0 AND MODLAND_QA(bits0-1)=0 AND VI range -2000..10000,MOD13Q1 V061 Terra 250m 16-day
SO2301,Marka,SO23,Lower Shabelle,2018-09-30,0.34371944444444447,0.3143,0.2245638888888889,0.22435,0.02832415420928403,36,0.4099134539732494,0.18332022029897718,pixel_reliability=0 AND MODLAND_QA(bits0-1)=0 AND VI range -2000..10000,MOD13Q1 V061 Terra 250m 16-day
SO2301,Marka,SO23,Lower Shabelle,2018-10-16,0.3791678800856531,0.3574,0.2608036402569593,0.2421,0.36742722265932337,467,0.1880409126671912,0.03933910306845004,pixel_reliability=0 AND MODLAND_QA(bits0-1)=0 AND VI range -2000..10000,MOD13Q1 V061 Terra 250m 16-day
SO2301,Marka,SO23,Lower Shabelle,2018-11-01,0.3365018518518519,0.3153,0.20997962962962965,0.20685,0.08497246262785209,108,0.42014162077104644,0.13847364280094415,pixel_reliability=0 AND MODLAND_QA(bits0-1)=0 AND VI range -2000..10000,MOD13Q1 V061 Terra 250m 16-day
SO2301,Marka,SO23,Lower Shabelle,2018-11-17,0.385124838012959,0.3677,0.2515976241900648,0.23700000000000002,0.36428009441384734,463,0.17938630999213218,0.029110936270653028,pixel_reliability=0 AND MODLAND_QA(bits0-1)=0 AND VI range -2000..10000,MOD13Q1 V061 Terra 250m 16-day
SO2301,Marka,SO23,Lower Shabelle,2018-12-03,0.38010087976539597,0.3675,0.2477099706744868,0.2313,0.2682926829268293,341,0.33438237608182536,0.044846577498033044,pixel_reliability=0 AND MODLAND_QA(bits0-1)=0 AND VI range -2000..10000,MOD13Q1 V061 Terra 250m 16-day
SO2301,Marka,SO23,Lower Shabelle,2018-12-19,0.4306458110516935,0.41550000000000004,0.3059121212121212,0.29300000000000004,0.44138473642800946,561,0.12273800157356413,0.06294256490952006,pixel_reliability=0 AND MODLAND_QA(bits0-1)=0 AND VI range -2000..10000,MOD13Q1 V061 Terra 250m 16-day
SO2302,Afgooye,SO23,Lower Shabelle,2018-01-01,0.29865735472890836,0.2813,0.19191585217602722,0.18100000000000002,0.9407593778591034,4113,0.00869167429094236,0.0027447392497712718,pixel_reliability=0 AND MODLAND_QA(bits0-1)=0 AND VI range -2000..10000,MOD13Q1 V061 Terra 250m 16-day
SO2302,Afgooye,SO23,Lower Shabelle,2018-01-17,0.25340501105379515,0.23470000000000002,0.16545502333578974,0.154,0.931152790484904,4071,0.02264409881061299,0.0013723696248856359,pixel_reliability=0 AND MODLAND_QA(bits0-1)=0 AND VI range -2000..10000,MOD13Q1 V061 Terra 250m 16-day
SO2302,Afgooye,SO23,Lower Shabelle,2018-02-02,0.22984117501239465,0.21295000000000003,0.1407401834407536,0.1312,0.9226898444647759,4034,0.013266239707227814,0.0022872827081427266,pixel_reliability=0 AND MODLAND_QA(bits0-1)=0 AND VI range -2000..10000,MOD13Q1 V061 Terra 250m 16-day
SO2302,Afgooye,SO23,Lower Shabelle,2018-02-18,0.21675460488914156,0.2063,0.1337066230812962,0.12890000000000001,0.8046660567246111,3518,0.08211344922232387,0.0029734675205855443,pixel_reliability=0 AND MODLAND_QA(bits0-1)=0 AND VI range -2000..10000,MOD13Q1 V061 Terra 250m 16-day
SO2302,Afgooye,SO23,Lower Shabelle,2018-03-06,0.20932229131786656,0.19640000000000002,0.12981112174121026,0.12190000000000001,0.9563129002744739,4181,0.010750228728270814,0.002516010978956999,pixel_reliability=0 AND MODLAND_QA(bits0-1)=0 AND VI range -2000..10000,MOD13Q1 V061 Terra 250m 16-day
SO2302,Afgooye,SO23,Lower Shabelle,2018-03-22,0.20030260869565217,0.1908,0.13621710144927537,0.13065,0.15782250686184812,690,0.4977127172918573,0.0267612076852699,pixel_reliability=0 AND MODLAND_QA(bits0-1)=0 AND VI range -2000..10000,MOD13Q1 V061 Terra 250m 16-day
SO2302,Afgooye,SO23,Lower Shabelle,2018-04-07,0.23242887700534762,0.2172,0.1441143315508021,0.1365,0.21386093321134492,935,0.244967978042086,0.11893870082342177,pixel_reliability=0 AND MODLAND_QA(bits0-1)=0 AND VI range -2000..10000,MOD13Q1 V061 Terra 250m 16-day
SO2302,Afgooye,SO23,Lower Shabelle,2018-04-23,0.3451516129032259,0.33130000000000004,0.2132774193548387,0.22240000000000001,0.007090576395242452,31,0.2166056724611162,0.48124428179322964,pixel_reliability=0 AND MODLAND_QA(bits0-1)=0 AND VI range -2000..10000,MOD13Q1 V061 Terra 250m 16-day
SO2302,Afgooye,SO23,Lower Shabelle,2018-05-09,0.39823517241379314,0.3977,0.26697862068965517,0.2649,0.033165599268069536,145,0.32410795974382434,0.34309240622140896,pixel_reliability=0 AND MODLAND_QA(bits0-1)=0 AND VI range -2000..10000,MOD13Q1 V061 Terra 250m 16-day
SO2302,Afgooye,SO23,Lower Shabelle,2018-05-25,0.4345184210526316,0.43695000000000006,0.3085763157894737,0.31215000000000004,0.00869167429094236,38,0.37511436413540716,0.3190759377859103,pixel_reliability=0 AND MODLAND_QA(bits0-1)=0 AND VI range -2000..10000,MOD13Q1 V061 Terra 250m 16-day
SO2302,Afgooye,SO23,Lower Shabelle,2018-06-10,0.42854166666666677,0.36750000000000005,0.3105833333333334,0.2917,0.0027447392497712718,12,0.2897987191216834,0.39981701738334857,pixel_reliability=0 AND MODLAND_QA(bits0-1)=0 AND VI range -2000..10000,MOD13Q1 V061 Terra 250m 16-day
SO2302,Afgooye,SO23,Lower Shabelle,2018-06-26,0.5236759999999999,0.5343500000000001,0.35747400000000007,0.36045000000000005,0.022872827081427266,100,0.49428179322964316,0.15233302836230558,pixel_reliability=0 AND MODLAND_QA(bits0-1)=0 AND VI range -2000..10000,MOD13Q1 V061 Terra 250m 16-day
SO2302,Afgooye,SO23,Lower Shabelle,2018-07-12,0.38683809523809526,0.37020000000000003,0.24918380952380953,0.24680000000000002,0.02401646843549863,105,0.4986276303751144,0.16331198536139066,pixel_reliability=0 AND MODLAND_QA(bits0-1)=0 AND VI range -2000..10000,MOD13Q1 V061 Terra 250m 16-day
SO2302,Afgooye,SO23,Lower Shabelle,2018-07-28,0.30228823529411764,0.3264,0.2108058823529412,0.22310000000000002,0.003888380603842635,17,0.3620768526989936,0.33462946020128087,pixel_reliability=0 AND MODLAND_QA(bits0-1)=0 AND VI range -2000..10000,MOD13Q1 V061 Terra 250m 16-day
SO2302,Afgooye,SO23,Lower Shabelle,2018-08-13,0.3766454545454545,0.34565,0.25673181818181817,0.24415,0.005032021957913998,22,0.4670631290027447,0.2442817932296432,pixel_reliability=0 AND MODLAND_QA(bits0-1)=0 AND VI range -2000..10000,MOD13Q1 V061 Terra 250m 16-day
SO2302,Afgooye,SO23,Lower Shabelle,2018-08-29,0.34354639830508477,0.32325000000000004,0.2138447033898305,0.2078,0.21591948764867339,944,0.47026532479414457,0.05878316559926807,pixel_reliability=0 AND MODLAND_QA(bits0-1)=0 AND VI range -2000..10000,MOD13Q1 V061 Terra 250m 16-day
SO2302,Afgooye,SO23,Lower Shabelle,2018-09-14,0.28727088047220856,0.26330000000000003,0.15560693556320707,0.14250000000000002,0.4650045745654163,2033,0.22095150960658738,0.03453796889295517,pixel_reliability=0 AND MODLAND_QA(bits0-1)=0 AND VI range -2000..10000,MOD13Q1 V061 Terra 250m 16-day
SO2302,Afgooye,SO23,Lower Shabelle,2018-09-30,0.2559565573770492,0.22415000000000002,0.1564467213114754,0.13640000000000002,0.027904849039341262,122,0.40370539798719124,0.25709057639524246,pixel_reliability=0 AND MODLAND_QA(bits0-1)=0 AND VI range -2000..10000,MOD13Q1 V061 Terra 250m 16-day
SO2302,Afgooye,SO23,Lower Shabelle,2018-10-16,0.2717709090909091,0.2763,0.19403818181818186,0.1983,0.012580054894784995,55,0.8158737419945106,0.09675205855443733,pixel_reliability=0 AND MODLAND_QA(bits0-1)=0 AND VI range -2000..10000,MOD13Q1 V061 Terra 250m 16-day
SO2302,Afgooye,SO23,Lower Shabelle,2018-11-01,0.2846913043478261,0.2904,0.19982173913043474,0.20850000000000002,0.0052607502287282705,23,0.34766697163769444,0.35635864592863675,pixel_reliability=0 AND MODLAND_QA(bits0-1)=0 AND VI range -2000..10000,MOD13Q1 V061 Terra 250m 16-day
SO2302,Afgooye,SO23,Lower Shabelle,2018-11-17,0.37369148099606825,0.35915,0.25228132372214945,0.2411,0.6980786825251601,3052,0.06541628545288197,0.04391582799634035,pixel_reliability=0 AND MODLAND_QA(bits0-1)=0 AND VI range -2000..10000,MOD13Q1 V061 Terra 250m 16-day
SO2302,Afgooye,SO23,Lower Shabelle,2018-12-03,0.38947612068965515,0.37135,0.23346114942528734,0.21915,0.7959743824336688,3480,0.04437328453796889,0.0054894784995425435,pixel_reliability=0 AND MODLAND_QA(bits0-1)=0 AND VI range -2000..10000,MOD13Q1 V061 Terra 250m 16-day
SO2302,Afgooye,SO23,Lower Shabelle,2018-12-19,0.37961183216783223,0.3637,0.26205790209790214,0.24750000000000003,0.8177035681610247,3575,0.0292772186642269,0.039569990850869166,pixel_reliability=0 AND MODLAND_QA(bits0-1)=0 AND VI range -2000..10000,MOD13Q1 V061 Terra 250m 16-day
SO2303,Baraawe,SO23,Lower Shabelle,2018-01-01,0.2779123036649215,0.24680000000000002,0.19195231239092495,0.1751,0.5993723849372385,2292,0.13755230125523013,0.001307531380753138,pixel_reliability=0 AND MODLAND_QA(bits0-1)=0 AND VI range -2000..10000,MOD13Q1 V061 Terra 250m 16-day
SO2303,Baraawe,SO23,Lower Shabelle,2018-01-17,0.2677421818181818,0.24305000000000002,0.16126786363636364,0.15165,0.5753138075313807,2200,0.15559623430962344,0.0,pixel_reliability=0 AND MODLAND_QA(bits0-1)=0 AND VI range -2000..10000,MOD13Q1 V061 Terra 250m 16-day
SO2303,Baraawe,SO23,Lower Shabelle,2018-02-02,0.23279587873045948,0.2106,0.1478450023685457,0.1406,0.5520397489539749,2111,0.1315376569037657,0.005230125523012552,pixel_reliability=0 AND MODLAND_QA(bits0-1)=0 AND VI range -2000..10000,MOD13Q1 V061 Terra 250m 16-day
SO2303,Baraawe,SO23,Lower Shabelle,2018-02-18,0.2055102787456446,0.19485000000000002,0.1399479094076655,0.13315,0.4503138075313807,1722,0.1532426778242678,0.02955020920502092,pixel_reliability=0 AND MODLAND_QA(bits0-1)=0 AND VI range -2000..10000,MOD13Q1 V061 Terra 250m 16-day
SO2303,Baraawe,SO23,Lower Shabelle,2018-03-06,0.20414515455304932,0.1935,0.13808395989974936,0.1337,0.6260460251046025,2394,0.08682008368200837,0.0018305439330543933,pixel_reliability=0 AND MODLAND_QA(bits0-1)=0 AND VI range -2000..10000,MOD13Q1 V061 Terra 250m 16-day
SO2303,Baraawe,SO23,Lower Shabelle,2018-03-22,0.1749567073170732,0.18710000000000002,0.11948292682926832,0.12935000000000002,0.04288702928870293,164,0.36532426778242677,0.22358786610878661,pixel_reliability=0 AND MODLAND_QA(bits0-1)=0 AND VI range -2000..10000,MOD13Q1 V061 Terra 250m 16-day
SO2303,Baraawe,SO23,Lower Shabelle,2018-04-07,0.15830000000000002,0.1694,0.10876622516556292,0.1143,0.03948744769874477,151,0.08577405857740586,0.6786087866108786,pixel_reliability=0 AND MODLAND_QA(bits0-1)=0 AND VI range -2000..10000,MOD13Q1 V061 Terra 250m 16-day
SO2303,Baraawe,SO23,Lower Shabelle,2018-04-23,0.2135942528735632,0.2394,0.15093793103448278,0.17350000000000002,0.022751046025104603,87,0.16448744769874477,0.5447175732217573,pixel_reliability=0 AND MODLAND_QA(bits0-1)=0 AND VI range -2000..10000,MOD13Q1 V061 Terra 250m 16-day
SO2303,Baraawe,SO23,Lower Shabelle,2018-05-09,0.31306853932584267,0.3211,0.2133404494382022,0.2248,0.023274058577405856,89,0.2170502092050209,0.44142259414225943,pixel_reliability=0 AND MODLAND_QA(bits0-1)=0 AND VI range -2000..10000,MOD13Q1 V061 Terra 250m 16-day
SO2303,Baraawe,SO23,Lower Shabelle,2018-05-25,0.40106774193548406,0.42450000000000004,0.29401935483870967,0.31270000000000003,0.02432008368200837,93,0.2622907949790795,0.39539748953974896,pixel_reliability=0 AND MODLAND_QA(bits0-1)=0 AND VI range -2000..10000,MOD13Q1 V061 Terra 250m 16-day
SO2303,Baraawe,SO23,Lower Shabelle,2018-06-10,0.29905714285714285,0.2654,0.21263877551020408,0.18680000000000002,0.012813807531380754,49,0.39984309623430964,0.2651673640167364,pixel_reliability=0 AND MODLAND_QA(bits0-1)=0 AND VI range -2000..10000,MOD13Q1 V061 Terra 250m 16-day
SO2303,Baraawe,SO23,Lower Shabelle,2018-06-26,0.36459558823529414,0.402,0.2540014705882353,0.27805,0.01778242677824268,68,0.401673640167364,0.2625523012552301,pixel_reliability=0 AND MODLAND_QA(bits0-1)=0 AND VI range -2000..10000,MOD13Q1 V061 Terra 250m 16-day
SO2303,Baraawe,SO23,Lower Shabelle,2018-07-12,0.3886875576036867,0.4032,0.2619806451612903,0.2757,0.05674686192468619,217,0.3948744769874477,0.14356694560669456,pixel_reliability=0 AND MODLAND_QA(bits0-1)=0 AND VI range -2000..10000,MOD13Q1 V061 Terra 250m 16-day
SO2303,Baraawe,SO23,Lower Shabelle,2018-07-28,0.29376142433234426,0.31020000000000003,0.18968694362017807,0.2018,0.08812761506276151,337,0.45397489539748953,0.09597280334728034,pixel_reliability=0 AND MODLAND_QA(bits0-1)=0 AND VI range -2000..10000,MOD13Q1 V061 Terra 250m 16-day
SO2303,Baraawe,SO23,Lower Shabelle,2018-08-13,0.29621675977653633,0.307,0.1958659217877095,0.201,0.046809623430962344,179,0.5078451882845189,0.11820083682008369,pixel_reliability=0 AND MODLAND_QA(bits0-1)=0 AND VI range -2000..10000,MOD13Q1 V061 Terra 250m 16-day
SO2303,Baraawe,SO23,Lower Shabelle,2018-08-29,0.2765685534591195,0.2782,0.17218553459119496,0.1749,0.12473849372384938,477,0.2513075313807531,0.2424163179916318,pixel_reliability=0 AND MODLAND_QA(bits0-1)=0 AND VI range -2000..10000,MOD13Q1 V061 Terra 250m 16-day
SO2303,Baraawe,SO23,Lower Shabelle,2018-09-14,0.2566910052910053,0.2732,0.16828148148148148,0.1749,0.04942468619246862,189,0.3820606694560669,0.17102510460251047,pixel_reliability=0 AND MODLAND_QA(bits0-1)=0 AND VI range -2000..10000,MOD13Q1 V061 Terra 250m 16-day
SO2303,Baraawe,SO23,Lower Shabelle,2018-09-30,0.21107833333333334,0.2425,0.14202,0.16285,0.015690376569037656,60,0.3415271966527197,0.3182531380753138,pixel_reliability=0 AND MODLAND_QA(bits0-1)=0 AND VI range -2000..10000,MOD13Q1 V061 Terra 250m 16-day
SO2303,Baraawe,SO23,Lower Shabelle,2018-10-16,0.21257860262008732,0.21660000000000001,0.14322314410480352,0.1429,0.059884937238493724,229,0.584989539748954,0.15821129707112971,pixel_reliability=0 AND MODLAND_QA(bits0-1)=0 AND VI range -2000..10000,MOD13Q1 V061 Terra 250m 16-day
SO2303,Baraawe,SO23,Lower Shabelle,2018-11-01,0.19379659090909093,0.2046,0.13274545454545456,0.1383,0.02301255230125523,88,0.2625523012552301,0.46077405857740583,pixel_reliability=0 AND MODLAND_QA(bits0-1)=0 AND VI range -2000..10000,MOD13Q1 V061 Terra 250m 16-day
SO2303,Baraawe,SO23,Lower Shabelle,2018-11-17,0.21799212328767126,0.20355,0.14954041095890414,0.1352,0.07635983263598327,292,0.5120292887029289,0.1561192468619247,pixel_reliability=0 AND MODLAND_QA(bits0-1)=0 AND VI range -2000..10000,MOD13Q1 V061 Terra 250m 16-day
SO2303,Baraawe,SO23,Lower Shabelle,2018-12-03,0.3404217391304348,0.28550000000000003,0.19849420289855074,0.1893,0.12630753138075315,483,0.4955543933054393,0.11950836820083682,pixel_reliability=0 AND MODLAND_QA(bits0-1)=0 AND VI range -2000..10000,MOD13Q1 V061 Terra 250m 16-day
SO2303,Baraawe,SO23,Lower Shabelle,2018-12-19,0.33962800000000004,0.41225,0.2066,0.23965000000000003,0.05230125523012552,200,0.23640167364016737,0.36976987447698745,pixel_reliability=0 AND MODLAND_QA(bits0-1)=0 AND VI range -2000..10000,MOD13Q1 V061 Terra 250m 16-day
SO2304,Kurtunwaarey,SO23,Lower Shabelle,2018-01-01,0.4274121263157895,0.43920000000000003,0.26830538947368426,0.2745,0.8175559380378657,2375,0.05163511187607573,0.0,pixel_reliability=0 AND MODLAND_QA(bits0-1)=0 AND VI range -2000..10000,MOD13Q1 V061 Terra 250m 16-day
SO2304,Kurtunwaarey,SO23,Lower Shabelle,2018-01-17,0.38507694792087205,0.3912,0.23402264836495765,0.2364,0.8526678141135973,2477,0.022719449225473323,0.0,pixel_reliability=0 AND MODLAND_QA(bits0-1)=0 AND VI range -2000..10000,MOD13Q1 V061 Terra 250m 16-day
SO2304,Kurtunwaarey,SO23,Lower Shabelle,2018-02-02,0.35824089624545824,0.3653,0.193683528461849,0.1975,0.8526678141135973,2477,0.01927710843373494,0.0,pixel_reliability=0 AND MODLAND_QA(bits0-1)=0 AND VI range -2000..10000,MOD13Q1 V061 Terra 250m 16-day
SO2304,Kurtunwaarey,SO23,Lower Shabelle,2018-02-18,0.3169007726269316,0.32575,0.19461269315673288,0.1995,0.6237521514629948,1812,0.07504302925989673,0.0,pixel_reliability=0 AND MODLAND_QA(bits0-1)=0 AND VI range -2000..10000,MOD13Q1 V061 Terra 250m 16-day
SO2304,Kurtunwaarey,SO23,Lower Shabelle,2018-03-06,0.30113391304347825,0.3115,0.19336090737240078,0.2023,0.9104991394148021,2645,0.024440619621342512,0.0,pixel_reliability=0 AND MODLAND_QA(bits0-1)=0 AND VI range -2000..10000,MOD13Q1 V061 Terra 250m 16-day
SO2304,Kurtunwaarey,SO23,Lower Shabelle,2018-03-22,0.30125,0.29805000000000004,0.17387894736842108,0.16570000000000001,0.013080895008605853,38,0.6344234079173838,0.06333907056798622,pixel_reliability=0 AND MODLAND_QA(bits0-1)=0 AND VI range -2000..10000,MOD13Q1 V061 Terra 250m 16-day
SO2304,Kurtunwaarey,SO23,Lower Shabelle,2018-04-07,0.39325156250000004,0.26530000000000004,0.20930781250000002,0.14950000000000002,0.022030981067125647,64,0.17555938037865748,0.5201376936316695,pixel_reliability=0 AND MODLAND_QA(bits0-1)=0 AND VI range -2000..10000,MOD13Q1 V061 Terra 250m 16-day
SO2304,Kurtunwaarey,SO23,Lower Shabelle,2018-04-23,0.330025,0.3157,0.165275,0.15075000000000002,0.001376936316695353,4,0.3180722891566265,0.34526678141135975,pixel_reliability=0 AND MODLAND_QA(bits0-1)=0 AND VI range -2000..10000,MOD13Q1 V061 Terra 250m 16-day
SO2304,Kurtunwaarey,SO23,Lower Shabelle,2018-05-09,0.7432714285714285,0.7537,0.5169,0.5502,0.0024096385542168677,7,0.3621342512908778,0.3263339070567986,pixel_reliability=0 AND MODLAND_QA(bits0-1)=0 AND VI range -2000..10000,MOD13Q1 V061 Terra 250m 16-day
SO2304,Kurtunwaarey,SO23,Lower Shabelle,2018-05-25,,,,,0.0,0,0.3311531841652324,0.32358003442340794,pixel_reliability=0 AND MODLAND_QA(bits0-1)=0 AND VI range -2000..10000,MOD13Q1 V061 Terra 250m 16-day
SO2304,Kurtunwaarey,SO23,Lower Shabelle,2018-06-10,,,,,0.0,0,0.4729776247848537,0.25645438898450945,pixel_reliability=0 AND MODLAND_QA(bits0-1)=0 AND VI range -2000..10000,MOD13Q1 V061 Terra 250m 16-day
SO2304,Kurtunwaarey,SO23,Lower Shabelle,2018-06-26,0.6754130434782608,0.7082,0.3931304347826087,0.4086,0.007917383820998278,23,0.5951807228915663,0.12289156626506025,pixel_reliability=0 AND MODLAND_QA(bits0-1)=0 AND VI range -2000..10000,MOD13Q1 V061 Terra 250m 16-day
SO2304,Kurtunwaarey,SO23,Lower Shabelle,2018-07-12,0.6850367441860465,0.6998000000000001,0.4371711627906977,0.4459,0.07401032702237521,215,0.5483648881239243,0.059208261617900174,pixel_reliability=0 AND MODLAND_QA(bits0-1)=0 AND VI range -2000..10000,MOD13Q1 V061 Terra 250m 16-day
SO2304,Kurtunwaarey,SO23,Lower Shabelle,2018-07-28,0.5114571428571428,0.5523,0.29291428571428574,0.29445,0.004819277108433735,14,0.3528399311531842,0.35731497418244407,pixel_reliability=0 AND MODLAND_QA(bits0-1)=0 AND VI range -2000..10000,MOD13Q1 V061 Terra 250m 16-day
SO2304,Kurtunwaarey,SO23,Lower Shabelle,2018-08-13,0.26994,0.26230000000000003,0.15182,0.14450000000000002,0.0017211703958691911,5,0.4271944922547332,0.28984509466437175,pixel_reliability=0 AND MODLAND_QA(bits0-1)=0 AND VI range -2000..10000,MOD13Q1 V061 Terra 250m 16-day
SO2304,Kurtunwaarey,SO23,Lower Shabelle,2018-08-29,0.3691820895522388,0.2822,0.20034328358208955,0.1484,0.02306368330464716,67,0.45714285714285713,0.18416523235800344,pixel_reliability=0 AND MODLAND_QA(bits0-1)=0 AND VI range -2000..10000,MOD13Q1 V061 Terra 250m 16-day
SO2304,Kurtunwaarey,SO23,Lower Shabelle,2018-09-14,0.43312549019607843,0.4585,0.25379607843137253,0.2559,0.01755593803786575,51,0.6430292598967298,0.0640275387263339,pixel_reliability=0 AND MODLAND_QA(bits0-1)=0 AND VI range -2000..10000,MOD13Q1 V061 Terra 250m 16-day
SO2304,Kurtunwaarey,SO23,Lower Shabelle,2018-09-30,0.36909032258064517,0.38070000000000004,0.1914645161290322,0.19010000000000002,0.010671256454388985,31,0.5676419965576592,0.16419965576592083,pixel_reliability=0 AND MODLAND_QA(bits0-1)=0 AND VI range -2000..10000,MOD13Q1 V061 Terra 250m 16-day
SO2304,Kurtunwaarey,SO23,Lower Shabelle,2018-10-16,0.33813750000000004,0.32335,0.21194375000000004,0.20085000000000003,0.15421686746987953,448,0.7311531841652323,0.001376936316695353,pixel_reliability=0 AND MODLAND_QA(bits0-1)=0 AND VI range -2000..10000,MOD13Q1 V061 Terra 250m 16-day
SO2304,Kurtunwaarey,SO23,Lower Shabelle,2018-11-01,,,,,0.0,0,0.2261617900172117,0.43580034423407915,pixel_reliability=0 AND MODLAND_QA(bits0-1)=0 AND VI range -2000..10000,MOD13Q1 V061 Terra 250m 16-day
SO2304,Kurtunwaarey,SO23,Lower Shabelle,2018-11-17,0.5759406156901687,0.6477,0.3846278053624628,0.4335,0.3466437177280551,1007,0.470223752151463,0.0006884681583476765,pixel_reliability=0 AND MODLAND_QA(bits0-1)=0 AND VI range -2000..10000,MOD13Q1 V061 Terra 250m 16-day
SO2304,Kurtunwaarey,SO23,Lower Shabelle,2018-12-03,0.5781916798732172,0.5934,0.3224727020602219,0.32535000000000003,0.8688468158347676,2524,0.03132530120481928,0.0,pixel_reliability=0 AND MODLAND_QA(bits0-1)=0 AND VI range -2000..10000,MOD13Q1 V061 Terra 250m 16-day
SO2304,Kurtunwaarey,SO23,Lower Shabelle,2018-12-19,0.541215918367347,0.5591,0.359709387755102,0.36710000000000004,0.6746987951807228,1960,0.11359724612736662,0.007228915662650603,pixel_reliability=0 AND MODLAND_QA(bits0-1)=0 AND VI range -2000..10000,MOD13Q1 V061 Terra 250m 16-day
SO2305,Qoryooley,SO23,Lower Shabelle,2018-01-01,0.3944587463556851,0.3881,0.2431838192419825,0.2378,0.8712217424434849,3430,0.041148082296164595,0.0,pixel_reliability=0 AND MODLAND_QA(bits0-1)=0 AND VI range -2000..10000,MOD13Q1 V061 Terra 250m 16-day
SO2305,Qoryooley,SO23,Lower Shabelle,2018-01-17,0.337185068119891,0.33095,0.2104516076294278,0.20720000000000002,0.9321818643637287,3670,0.001524003048006096,0.0,pixel_reliability=0 AND MODLAND_QA(bits0-1)=0 AND VI range -2000..10000,MOD13Q1 V061 Terra 250m 16-day
SO2305,Qoryooley,SO23,Lower Shabelle,2018-02-02,0.31716112372304206,0.311,0.17353620885357549,0.169,0.8950977901955804,3524,0.00254000508001016,0.0,pixel_reliability=0 AND MODLAND_QA(bits0-1)=0 AND VI range -2000..10000,MOD13Q1 V061 Terra 250m 16-day
SO2305,Qoryooley,SO23,Lower Shabelle,2018-02-18,0.28835677706651824,0.2852,0.17561923183968828,0.17200000000000001,0.9126238252476505,3593,0.020066040132080264,0.0,pixel_reliability=0 AND MODLAND_QA(bits0-1)=0 AND VI range -2000..10000,MOD13Q1 V061 Terra 250m 16-day
SO2305,Qoryooley,SO23,Lower Shabelle,2018-03-06,0.27583432682425496,0.27090000000000003,0.1705119989722508,0.1671,0.9885699771399543,3892,0.000762001524003048,0.0,pixel_reliability=0 AND MODLAND_QA(bits0-1)=0 AND VI range -2000..10000,MOD13Q1 V061 Terra 250m 16-day
SO2305,Qoryooley,SO23,Lower Shabelle,2018-03-22,0.27083913043478264,0.2641,0.1934130434782609,0.19010000000000002,0.005842011684023368,23,0.5969011938023876,0.09017018034036069,pixel_reliability=0 AND MODLAND_QA(bits0-1)=0 AND VI range -2000..10000,MOD13Q1 V061 Terra 250m 16-day
SO2305,Qoryooley,SO23,Lower Shabelle,2018-04-07,0.32924444444444456,0.30469999999999997,0.1793777777777778,0.1648,0.013716027432054865,54,0.1493522987045974,0.651257302514605,pixel_reliability=0 AND MODLAND_QA(bits0-1)=0 AND VI range -2000..10000,MOD13Q1 V061 Terra 250m 16-day
SO2305,Qoryooley,SO23,Lower Shabelle,2018-04-23,0.5316590909090909,0.5487,0.2992363636363636,0.3008,0.0055880111760223524,22,0.1620523241046482,0.5638811277622555,pixel_reliability=0 AND MODLAND_QA(bits0-1)=0 AND VI range -2000..10000,MOD13Q1 V061 Terra 250m 16-day
SO2305,Qoryooley,SO23,Lower Shabelle,2018-05-09,0.5629538461538461,0.5647,0.3698807692307693,0.3753,0.006604013208026416,26,0.2661925323850648,0.44678689357378715,pixel_reliability=0 AND MODLAND_QA(bits0-1)=0 AND VI range -2000..10000,MOD13Q1 V061 Terra 250m 16-day
SO2305,Qoryooley,SO23,Lower Shabelle,2018-05-25,0.6075,0.6075,0.41850000000000004,0.41850000000000004,0.000254000508001016,1,0.3248666497332995,0.3246126492252985,pixel_reliability=0 AND MODLAND_QA(bits0-1)=0 AND VI range -2000..10000,MOD13Q1 V061 Terra 250m 16-day
SO2305,Qoryooley,SO23,Lower Shabelle,2018-06-10,,,,,0.0,0,0.3225806451612903,0.3589027178054356,pixel_reliability=0 AND MODLAND_QA(bits0-1)=0 AND VI range -2000..10000,MOD13Q1 V061 Terra 250m 16-day
SO2305,Qoryooley,SO23,Lower Shabelle,2018-06-26,0.66665,0.65465,0.4028214285714286,0.41300000000000003,0.007112014224028448,28,0.6062992125984252,0.11633223266446532,pixel_reliability=0 AND MODLAND_QA(bits0-1)=0 AND VI range -2000..10000,MOD13Q1 V061 Terra 250m 16-day
SO2305,Qoryooley,SO23,Lower Shabelle,2018-07-12,0.5727129930394432,0.5738,0.3515951276102089,0.34940000000000004,0.1094742189484379,431,0.4663449326898654,0.05994411988823978,pixel_reliability=0 AND MODLAND_QA(bits0-1)=0 AND VI range -2000..10000,MOD13Q1 V061 Terra 250m 16-day
SO2305,Qoryooley,SO23,Lower Shabelle,2018-07-28,0.5696000000000001,0.5662,0.38315,0.37260000000000004,0.001016002032004064,4,0.4894589789179578,0.2286004572009144,pixel_reliability=0 AND MODLAND_QA(bits0-1)=0 AND VI range -2000..10000,MOD13Q1 V061 Terra 250m 16-day
SO2305,Qoryooley,SO23,Lower Shabelle,2018-08-13,0.397,0.397,0.22920000000000001,0.22920000000000001,0.000508001016002032,2,0.3233426466852934,0.3799847599695199,pixel_reliability=0 AND MODLAND_QA(bits0-1)=0 AND VI range -2000..10000,MOD13Q1 V061 Terra 250m 16-day
SO2305,Qoryooley,SO23,Lower Shabelle,2018-08-29,0.43984066666666677,0.42085000000000006,0.2420446666666667,0.22100000000000003,0.0381000762001524,150,0.5064770129540259,0.13741427482854965,pixel_reliability=0 AND MODLAND_QA(bits0-1)=0 AND VI range -2000..10000,MOD13Q1 V061 Terra 250m 16-day
SO2305,Qoryooley,SO23,Lower Shabelle,2018-09-14,0.34844897196261687,0.3376,0.17990803738317757,0.1734,0.13589027178054355,535,0.5186690373380747,0.03835407670815342,pixel_reliability=0 AND MODLAND_QA(bits0-1)=0 AND VI range -2000..10000,MOD13Q1 V061 Terra 250m 16-day
SO2305,Qoryooley,SO23,Lower Shabelle,2018-09-30,0.41100000000000003,0.41100000000000003,0.19160000000000002,0.19160000000000002,0.000254000508001016,1,0.3556007112014224,0.33248666497332996,pixel_reliability=0 AND MODLAND_QA(bits0-1)=0 AND VI range -2000..10000,MOD13Q1 V061 Terra 250m 16-day
SO2305,Qoryooley,SO23,Lower Shabelle,2018-10-16,0.37148336347197103,0.3559,0.24457558770343582,0.23,0.14046228092456184,553,0.6931673863347727,0.00127000254000508,pixel_reliability=0 AND MODLAND_QA(bits0-1)=0 AND VI range -2000..10000,MOD13Q1 V061 Terra 250m 16-day
SO2305,Qoryooley,SO23,Lower Shabelle,2018-11-01,,,,,0.0,0,0.25831851663703326,0.39014478028956057,pixel_reliability=0 AND MODLAND_QA(bits0-1)=0 AND VI range -2000..10000,MOD13Q1 V061 Terra 250m 16-day
SO2305,Qoryooley,SO23,Lower Shabelle,2018-11-17,0.5638313409961686,0.5864,0.3763237547892721,0.3876,0.3314706629413259,1305,0.44018288036576075,0.001016002032004064,pixel_reliability=0 AND MODLAND_QA(bits0-1)=0 AND VI range -2000..10000,MOD13Q1 V061 Terra 250m 16-day
SO2305,Qoryooley,SO23,Lower Shabelle,2018-12-03,0.5133535911602211,0.5158,0.28494319915811633,0.2827,0.9654559309118618,3801,0.005334010668021336,0.0,pixel_reliability=0 AND MODLAND_QA(bits0-1)=0 AND VI range -2000..10000,MOD13Q1 V061 Terra 250m 16-day
SO2305,Qoryooley,SO23,Lower Shabelle,2018-12-19,0.48554221218961624,0.48615,0.3256901241534989,0.3219,0.9001778003556007,3544,0.02032004064008128,0.000254000508001016,pixel_reliability=0 AND MODLAND_QA(bits0-1)=0 AND VI range -2000..10000,MOD13Q1 V061 Terra 250m 16-day
SO2306,Sablaale,SO23,Lower Shabelle,2018-01-01,0.4379786629888041,0.4353,0.2731044134350154,0.26930000000000004,0.8629235508260992,6163,0.06188742649117894,0.0,pixel_reliability=0 AND MODLAND_QA(bits0-1)=0 AND VI range -2000..10000,MOD13Q1 V061 Terra 250m 16-day
SO2306,Sablaale,SO23,Lower Shabelle,2018-01-17,0.39743713188220237,0.39590000000000003,0.22069526248399488,0.2182,0.8748249789974797,6248,0.04214505740688883,0.0,pixel_reliability=0 AND MODLAND_QA(bits0-1)=0 AND VI range -2000..10000,MOD13Q1 V061 Terra 250m 16-day
SO2306,Sablaale,SO23,Lower Shabelle,2018-02-02,0.3582532610428959,0.3578,0.20077018019454637,0.19990000000000002,0.8780453654438533,6271,0.04662559507140857,0.0,pixel_reliability=0 AND MODLAND_QA(bits0-1)=0 AND VI range -2000..10000,MOD13Q1 V061 Terra 250m 16-day
SO2306,Sablaale,SO23,Lower Shabelle,2018-02-18,0.3313195183321352,0.33,0.21941951833213516,0.21975,0.3895267432091851,2782,0.08555026603192382,0.00014001680201624196,pixel_reliability=0 AND MODLAND_QA(bits0-1)=0 AND VI range -2000..10000,MOD13Q1 V061 Terra 250m 16-day
SO2306,Sablaale,SO23,Lower Shabelle,2018-03-06,0.3158032638259293,0.316,0.20877840435176792,0.2094,0.7721926631195744,5515,0.0784094091290955,0.0,pixel_reliability=0 AND MODLAND_QA(bits0-1)=0 AND VI range -2000..10000,MOD13Q1 V061 Terra 250m 16-day
SO2306,Sablaale,SO23,Lower Shabelle,2018-03-22,0.34495454545454546,0.3335,0.22140181818181823,0.22190000000000001,0.007700924110893307,55,0.5564267712125455,0.14029683562027442,pixel_reliability=0 AND MODLAND_QA(bits0-1)=0 AND VI range -2000..10000,MOD13Q1 V061 Terra 250m 16-day
SO2306,Sablaale,SO23,Lower Shabelle,2018-04-07,0.68544,0.7296,0.37024000000000007,0.39390000000000003,0.0007000840100812098,5,0.016101932231867823,0.9262111453374405,pixel_reliability=0 AND MODLAND_QA(bits0-1)=0 AND VI range -2000..10000,MOD13Q1 V061 Terra 250m 16-day
SO2306,Sablaale,SO23,Lower Shabelle,2018-04-23,0.6464285714285715,0.6406000000000001,0.4037500000000001,0.41795000000000004,0.0019602352282273874,14,0.296275553066368,0.381965835900308,pixel_reliability=0 AND MODLAND_QA(bits0-1)=0 AND VI range -2000..10000,MOD13Q1 V061 Terra 250m 16-day
SO2306,Sablaale,SO23,Lower Shabelle,2018-05-09,0.7153734375,0.72155,0.42031875,0.41955000000000003,0.008961075329039486,64,0.4962195463455615,0.21086530383646038,pixel_reliability=0 AND MODLAND_QA(bits0-1)=0 AND VI range -2000..10000,MOD13Q1 V061 Terra 250m 16-day
SO2306,Sablaale,SO23,Lower Shabelle,2018-05-25,,,,,0.0,0,0.3601232147857743,0.3220386446373565,pixel_reliability=0 AND MODLAND_QA(bits0-1)=0 AND VI range -2000..10000,MOD13Q1 V061 Terra 250m 16-day
SO2306,Sablaale,SO23,Lower Shabelle,2018-06-10,,,,,0.0,0,0.44539344721366564,0.24838980677681322,pixel_reliability=0 AND MODLAND_QA(bits0-1)=0 AND VI range -2000..10000,MOD13Q1 V061 Terra 250m 16-day
SO2306,Sablaale,SO23,Lower Shabelle,2018-06-26,0.7729,0.7729,0.5305,0.5305,0.00014001680201624196,1,0.5147017642117054,0.20568468216185942,pixel_reliability=0 AND MODLAND_QA(bits0-1)=0 AND VI range -2000..10000,MOD13Q1 V061 Terra 250m 16-day
SO2306,Sablaale,SO23,Lower Shabelle,2018-07-12,0.6368486238532112,0.6516000000000001,0.4043559633027523,0.4148,0.015261831419770373,109,0.5651078129375525,0.12559507140856901,pixel_reliability=0 AND MODLAND_QA(bits0-1)=0 AND VI range -2000..10000,MOD13Q1 V061 Terra 250m 16-day
SO2306,Sablaale,SO23,Lower Shabelle,2018-07-28,0.5072000000000001,0.5172000000000001,0.28455,0.28450000000000003,0.0011201344161299357,8,0.4201904228507421,0.28577429291514983,pixel_reliability=0 AND MODLAND_QA(bits0-1)=0 AND VI range -2000..10000,MOD13Q1 V061 Terra 250m 16-day
SO2306,Sablaale,SO23,Lower Shabelle,2018-08-13,0.6052663461538462,0.5942500000000001,0.3851442307692308,0.37895,0.014561747409689163,104,0.5686082329879586,0.14673760851302156,pixel_reliability=0 AND MODLAND_QA(bits0-1)=0 AND VI range -2000..10000,MOD13Q1 V061 Terra 250m 16-day
SO2306,Sablaale,SO23,Lower Shabelle,2018-08-29,0.5507181818181819,0.5391,0.34092727272727275,0.3463,0.0015401848221786615,11,0.33394007280873705,0.347801736208345,pixel_reliability=0 AND MODLAND_QA(bits0-1)=0 AND VI range -2000..10000,MOD13Q1 V061 Terra 250m 16-day
SO2306,Sablaale,SO23,Lower Shabelle,2018-09-14,0.42962500000000003,0.4637,0.2619,0.2878,0.0005600672080649678,4,0.46513581629795575,0.17516101932231867,pixel_reliability=0 AND MODLAND_QA(bits0-1)=0 AND VI range -2000..10000,MOD13Q1 V061 Terra 250m 16-day
SO2306,Sablaale,SO23,Lower Shabelle,2018-09-30,0.511772972972973,0.5269,0.2627585585585585,0.2634,0.03108373004760571,222,0.6716605992719127,0.09409129095491459,pixel_reliability=0 AND MODLAND_QA(bits0-1)=0 AND VI range -2000..10000,MOD13Q1 V061 Terra 250m 16-day
SO2306,Sablaale,SO23,Lower Shabelle,2018-10-16,,,,,0.0,0,0.8298795855502661,0.10207224866984038,pixel_reliability=0 AND MODLAND_QA(bits0-1)=0 AND VI range -2000..10000,MOD13Q1 V061 Terra 250m 16-day
SO2306,Sablaale,SO23,Lower Shabelle,2018-11-01,0.3825,0.3825,0.24710000000000001,0.24710000000000001,0.00014001680201624196,1,0.36488378605432653,0.3461215345841501,pixel_reliability=0 AND MODLAND_QA(bits0-1)=0 AND VI range -2000..10000,MOD13Q1 V061 Terra 250m 16-day
SO2306,Sablaale,SO23,Lower Shabelle,2018-11-17,0.6726539927404719,0.67815,0.45607608892921964,0.45915,0.30859703164379726,2204,0.5359843181181742,0.0,pixel_reliability=0 AND MODLAND_QA(bits0-1)=0 AND VI range -2000..10000,MOD13Q1 V061 Terra 250m 16-day
SO2306,Sablaale,SO23,Lower Shabelle,2018-12-03,0.6136695304695304,0.6141,0.34263521478521486,0.3407,0.8409409129095492,6006,0.0747689722766732,0.0,pixel_reliability=0 AND MODLAND_QA(bits0-1)=0 AND VI range -2000..10000,MOD13Q1 V061 Terra 250m 16-day
SO2306,Sablaale,SO23,Lower Shabelle,2018-12-19,0.5822453244054491,0.5829,0.3576105056568922,0.3541,0.6064127695323439,4331,0.1705404648557827,0.002380285634276113,pixel_reliability=0 AND MODLAND_QA(bits0-1)=0 AND VI range -2000..10000,MOD13Q1 V061 Terra 250m 16-day
SO2307,Wanla Weyn,SO23,Lower Shabelle,2018-01-01,0.2822821169572597,0.2795,0.177049575682765,0.1767,0.9529480958682547,6481,0.0066166740185266875,0.0,pixel_reliability=0 AND MODLAND_QA(bits0-1)=0 AND VI range -2000..10000,MOD13Q1 V061 Terra 250m 16-day
SO2307,Wanla Weyn,SO23,Lower Shabelle,2018-01-17,0.2436550313526426,0.2412,0.15184232606748285,0.15230000000000002,0.9848551683575945,6698,0.002499632406998971,0.0,pixel_reliability=0 AND MODLAND_QA(bits0-1)=0 AND VI range -2000..10000,MOD13Q1 V061 Terra 250m 16-day
SO2307,Wanla Weyn,SO23,Lower Shabelle,2018-02-02,0.2245487645687646,0.2227,0.1305444289044289,0.1308,0.9461843846493163,6435,0.0016174092045287457,0.0,pixel_reliability=0 AND MODLAND_QA(bits0-1)=0 AND VI range -2000..10000,MOD13Q1 V061 Terra 250m 16-day
SO2307,Wanla Weyn,SO23,Lower Shabelle,2018-02-18,0.2182884975816203,0.2157,0.13545950725513906,0.135,0.9727981179238347,6616,0.00426407881193942,0.0,pixel_reliability=0 AND MODLAND_QA(bits0-1)=0 AND VI range -2000..10000,MOD13Q1 V061 Terra 250m 16-day
SO2307,Wanla Weyn,SO23,Lower Shabelle,2018-03-06,0.2105709228441755,0.20650000000000002,0.12814647503782148,0.1259,0.9719158947213645,6610,0.004705190413174533,0.0,pixel_reliability=0 AND MODLAND_QA(bits0-1)=0 AND VI range -2000..10000,MOD13Q1 V061 Terra 250m 16-day
SO2307,Wanla Weyn,SO23,Lower Shabelle,2018-03-22,0.23646568886751623,0.2293,0.15818422697763887,0.1529,0.6115277165122776,4159,0.13145125716806352,0.00014703720041170417,pixel_reliability=0 AND MODLAND_QA(bits0-1)=0 AND VI range -2000..10000,MOD13Q1 V061 Terra 250m 16-day
SO2307,Wanla Weyn,SO23,Lower Shabelle,2018-04-07,0.27661459549624684,0.24180000000000001,0.15959466221851545,0.1404,0.17629760329363328,1199,0.1907072489339803,0.26378473753859727,pixel_reliability=0 AND MODLAND_QA(bits0-1)=0 AND VI range -2000..10000,MOD13Q1 V061 Terra 250m 16-day
SO2307,Wanla Weyn,SO23,Lower Shabelle,2018-04-23,0.36200857142857146,0.3557,0.22513714285714287,0.22920000000000001,0.0051463020144096455,35,0.19644169975003675,0.5194824290545508,pixel_reliability=0 AND MODLAND_QA(bits0-1)=0 AND VI range -2000..10000,MOD13Q1 V061 Terra 250m 16-day
SO2307,Wanla Weyn,SO23,Lower Shabelle,2018-05-09,0.4731663461538462,0.49015,0.3221580128205129,0.3351,0.0458756065284517,312,0.3495074253786208,0.24952212909866195,pixel_reliability=0 AND MODLAND_QA(bits0-1)=0 AND VI range -2000..10000,MOD13Q1 V061 Terra 250m 16-day
SO2307,Wanla Weyn,SO23,Lower Shabelle,2018-05-25,0.44522,0.4254,0.3144914285714286,0.3114,0.0051463020144096455,35,0.3762681958535509,0.3080429348625202,pixel_reliability=0 AND MODLAND_QA(bits0-1)=0 AND VI range -2000..10000,MOD13Q1 V061 Terra 250m 16-day
SO2307,Wanla Weyn,SO23,Lower Shabelle,2018-06-10,0.4710513513513514,0.4676,0.3019648648648649,0.3024,0.005440376415233054,37,0.3987648875165417,0.25966769592706956,pixel_reliability=0 AND MODLAND_QA(bits0-1)=0 AND VI range -2000..10000,MOD13Q1 V061 Terra 250m 16-day
SO2307,Wanla Weyn,SO23,Lower Shabelle,2018-06-26,0.364918487394958,0.35860000000000003,0.2220319327731093,0.2152,0.017497426848992796,119,0.3820026466696074,0.2726069695632995,pixel_reliability=0 AND MODLAND_QA(bits0-1)=0 AND VI range -2000..10000,MOD13Q1 V061 Terra 250m 16-day
SO2307,Wanla Weyn,SO23,Lower Shabelle,2018-07-12,0.3657596590909091,0.35330000000000006,0.20404545454545453,0.18570000000000003,0.02587854727245993,176,0.3459785325687399,0.37303337744449344,pixel_reliability=0 AND MODLAND_QA(bits0-1)=0 AND VI range -2000..10000,MOD13Q1 V061 Terra 250m 16-day
SO2307,Wanla Weyn,SO23,Lower Shabelle,2018-07-28,0.26675,0.26270000000000004,0.20005,0.19390000000000002,0.0005881488016468167,4,0.33524481693868546,0.32774591971768857,pixel_reliability=0 AND MODLAND_QA(bits0-1)=0 AND VI range -2000..10000,MOD13Q1 V061 Terra 250m 16-day
SO2307,Wanla Weyn,SO23,Lower Shabelle,2018-08-13,0.30770000000000003,0.30770000000000003,0.2127,0.2127,0.00014703720041170417,1,0.28789883840611674,0.4415527128363476,pixel_reliability=0 AND MODLAND_QA(bits0-1)=0 AND VI range -2000..10000,MOD13Q1 V061 Terra 250m 16-day
SO2307,Wanla Weyn,SO23,Lower Shabelle,2018-08-29,0.29764129891756874,0.29985,0.16572339716902582,0.16695000000000002,0.3531833553889134,2402,0.4386119688281135,0.006028525216879871,pixel_reliability=0 AND MODLAND_QA(bits0-1)=0 AND VI range -2000..10000,MOD13Q1 V061 Terra 250m 16-day
SO2307,Wanla Weyn,SO23,Lower Shabelle,2018-09-14,0.27605245748166646,0.2664,0.1486420658449056,0.1484,0.942361417438612,6409,0.00882223202470225,0.00014703720041170417,pixel_reliability=0 AND MODLAND_QA(bits0-1)=0 AND VI range -2000..10000,MOD13Q1 V061 Terra 250m 16-day
SO2307,Wanla Weyn,SO23,Lower Shabelle,2018-09-30,0.2630490892531876,0.2625,0.15810455373406193,0.158,0.16144684605205117,1098,0.3968534039111895,0.05131598294368475,pixel_reliability=0 AND MODLAND_QA(bits0-1)=0 AND VI range -2000..10000,MOD13Q1 V061 Terra 250m 16-day
SO2307,Wanla Weyn,SO23,Lower Shabelle,2018-10-16,0.294844578313253,0.30970000000000003,0.1785566265060241,0.17700000000000002,0.012204087634171445,83,0.8973680341126304,0.019702984855168356,pixel_reliability=0 AND MODLAND_QA(bits0-1)=0 AND VI range -2000..10000,MOD13Q1 V061 Terra 250m 16-day
SO2307,Wanla Weyn,SO23,Lower Shabelle,2018-11-01,0.3379,0.3553,0.21055789473684214,0.2192,0.0027937068078223793,19,0.5606528451698279,0.1557123952359947,pixel_reliability=0 AND MODLAND_QA(bits0-1)=0 AND VI range -2000..10000,MOD13Q1 V061 Terra 250m 16-day
SO2307,Wanla Weyn,SO23,Lower Shabelle,2018-11-17,0.3947494129657989,0.38180000000000003,0.2626242981112813,0.2601,0.8641376268195854,5877,0.018232612851051315,0.0,pixel_reliability=0 AND MODLAND_QA(bits0-1)=0 AND VI range -2000..10000,MOD13Q1 V061 Terra 250m 16-day
SO2307,Wanla Weyn,SO23,Lower Shabelle,2018-12-03,0.36048184936847033,0.35800000000000004,0.20486011227194764,0.20320000000000002,0.9429495662402588,6413,0.00882223202470225,0.0,pixel_reliability=0 AND MODLAND_QA(bits0-1)=0 AND VI range -2000..10000,MOD13Q1 V061 Terra 250m 16-day
SO2307,Wanla Weyn,SO23,Lower Shabelle,2018-12-19,0.3344474266554904,0.33230000000000004,0.21522970662196148,0.21200000000000002,0.8770769004558153,5965,0.019261873253933245,0.0,pixel_reliability=0 AND MODLAND_QA(bits0-1)=0 AND VI range -2000..10000,MOD13Q1 V061 Terra 250m 16-day
SO2401,Baydhaba,SO24,Bay,2018-01-01,0.32766193301957575,0.32130000000000003,0.16859513675738355,0.1661,0.9729245470834162,14661,0.0057734421660362335,0.0,pixel_reliability=0 AND MODLAND_QA(bits0-1)=0 AND VI range -2000..10000,MOD13Q1 V061 Terra 250m 16-day
SO2401,Baydhaba,SO24,Bay,2018-01-17,0.28787960955907105,0.2872,0.14916513631773815,0.1486,0.985798659499635,14855,0.002256287743048643,0.0,pixel_reliability=0 AND MODLAND_QA(bits0-1)=0 AND VI range -2000..10000,MOD13Q1 V061 Terra 250m 16-day
SO2401,Baydhaba,SO24,Bay,2018-02-02,0.26338457077348437,0.2657,0.13367059815226923,0.13290000000000002,0.9840732629902449,14829,0.0019244807220120778,0.0,pixel_reliability=0 AND MODLAND_QA(bits0-1)=0 AND VI range -2000..10000,MOD13Q1 V061 Terra 250m 16-day
SO2401,Baydhaba,SO24,Bay,2018-02-18,0.2649794911804613,0.265,0.13500953188602444,0.1359,0.978167098015794,14740,0.002986263189329086,0.0,pixel_reliability=0 AND MODLAND_QA(bits0-1)=0 AND VI range -2000..10000,MOD13Q1 V061 Terra 250m 16-day
SO2401,Baydhaba,SO24,Bay,2018-03-06,0.27615726452905814,0.271,0.1434720798740338,0.13885,0.9272015395845776,13972,0.01858119317804765,0.0,pixel_reliability=0 AND MODLAND_QA(bits0-1)=0 AND VI range -2000..10000,MOD13Q1 V061 Terra 250m 16-day
SO2401,Baydhaba,SO24,Bay,2018-03-22,0.34262676659528907,0.3257,0.19768972927500766,0.18315,0.8677417214148251,13076,0.03271617227420532,0.0003318070210365651,pixel_reliability=0 AND MODLAND_QA(bits0-1)=0 AND VI range -2000..10000,MOD13Q1 V061 Terra 250m 16-day
SO2401,Baydhaba,SO24,Bay,2018-04-07,0.5148256198347108,0.5668000000000001,0.3048068870523416,0.3361,0.02408918972725463,363,0.2834295573694339,0.43586170283363196,pixel_reliability=0 AND MODLAND_QA(bits0-1)=0 AND VI range -2000..10000,MOD13Q1 V061 Terra 250m 16-day
SO2401,Baydhaba,SO24,Bay,2018-04-23,0.5424166666666667,0.5362,0.36019166666666663,0.3652,0.0007963368504877563,12,0.2013405003649877,0.5416417811400889,pixel_reliability=0 AND MODLAND_QA(bits0-1)=0 AND VI range -2000..10000,MOD13Q1 V061 Terra 250m 16-day
SO2401,Baydhaba,SO24,Bay,2018-05-09,0.596211997245179,0.6244500000000001,0.33603293388429756,0.3577,0.48178379454509257,7260,0.1833565598248059,0.0983476010352379,pixel_reliability=0 AND MODLAND_QA(bits0-1)=0 AND VI range -2000..10000,MOD13Q1 V061 Terra 250m 16-day
SO2401,Baydhaba,SO24,Bay,2018-05-25,0.5141296296296297,0.5309,0.28301481481481483,0.2879,0.005375273740792355,81,0.7062844249784326,0.078439179773044,pixel_reliability=0 AND MODLAND_QA(bits0-1)=0 AND VI range -2000..10000,MOD13Q1 V061 Terra 250m 16-day
SO2401,Baydhaba,SO24,Bay,2018-06-10,0.5096686131386862,0.51725,0.28232029197080294,0.28205,0.09091512376401885,1370,0.7510783728183689,0.01864755458225496,pixel_reliability=0 AND MODLAND_QA(bits0-1)=0 AND VI range -2000..10000,MOD13Q1 V061 Terra 250m 16-day
SO2401,Baydhaba,SO24,Bay,2018-06-26,0.34458,0.34690000000000004,0.21024000000000004,0.21080000000000002,0.0003318070210365651,5,0.328820757847236,0.34574291592010087,pixel_reliability=0 AND MODLAND_QA(bits0-1)=0 AND VI range -2000..10000,MOD13Q1 V061 Terra 250m 16-day
SO2401,Baydhaba,SO24,Bay,2018-07-12,0.36101970869367317,0.36810000000000004,0.16395880746472463,0.1631,0.1457960050434667,2197,0.39358948835357355,0.1716105912801115,pixel_reliability=0 AND MODLAND_QA(bits0-1)=0 AND VI range -2000..10000,MOD13Q1 V061 Terra 250m 16-day
SO2401,Baydhaba,SO24,Bay,2018-07-28,0.3272233229329174,0.3297,0.17576445657826312,0.1746,0.2552259605813259,3846,0.5127082089057005,0.04618753732828987,pixel_reliability=0 AND MODLAND_QA(bits0-1)=0 AND VI range -2000..10000,MOD13Q1 V061 Terra 250m 16-day
SO2401,Baydhaba,SO24,Bay,2018-08-13,0.29567355648535565,0.2901,0.13743933054393306,0.1351,0.07930187802773907,1195,0.7230738602428828,0.015064038755060056,pixel_reliability=0 AND MODLAND_QA(bits0-1)=0 AND VI range -2000..10000,MOD13Q1 V061 Terra 250m 16-day
SO2401,Baydhaba,SO24,Bay,2018-08-29,0.30188081651588955,0.3089,0.14296179540709814,0.14300000000000002,0.28608401353772644,4311,0.49532152100338445,0.002057203530426704,pixel_reliability=0 AND MODLAND_QA(bits0-1)=0 AND VI range -2000..10000,MOD13Q1 V061 Terra 250m 16-day
SO2401,Baydhaba,SO24,Bay,2018-09-14,0.30811196756160936,0.3118,0.1428411936068026,0.1424,0.8428561948370827,12701,0.039816842524387816,0.0,pixel_reliability=0 AND MODLAND_QA(bits0-1)=0 AND VI range -2000..10000,MOD13Q1 V061 Terra 250m 16-day
SO2401,Baydhaba,SO24,Bay,2018-09-30,0.41261749576031664,0.3769,0.23367063312605993,0.20535,0.46957329617094695,7076,0.1665007631561484,0.0003318070210365651,pixel_reliability=0 AND MODLAND_QA(bits0-1)=0 AND VI range -2000..10000,MOD13Q1 V061 Terra 250m 16-day
SO2401,Baydhaba,SO24,Bay,2018-10-16,0.41525676296782665,0.38970000000000005,0.21762833223900196,0.1917,0.40427367443095097,6092,0.3412303404340036,0.0004645298294511912,pixel_reliability=0 AND MODLAND_QA(bits0-1)=0 AND VI range -2000..10000,MOD13Q1 V061 Terra 250m 16-day
SO2401,Baydhaba,SO24,Bay,2018-11-01,0.4732759906759907,0.48165,0.2882648018648019,0.29755,0.05693808480987458,858,0.7648815448934899,0.004247129869268034,pixel_reliability=0 AND MODLAND_QA(bits0-1)=0 AND VI range -2000..10000,MOD13Q1 V061 Terra 250m 16-day
SO2401,Baydhaba,SO24,Bay,2018-11-17,0.5632734208593463,0.5817,0.3236552699228792,0.321,0.7228084146260535,10892,0.07571836220054416,0.0,pixel_reliability=0 AND MODLAND_QA(bits0-1)=0 AND VI range -2000..10000,MOD13Q1 V061 Terra 250m 16-day
SO2401,Baydhaba,SO24,Bay,2018-12-03,0.4291873474885121,0.4228,0.210373791792109,0.19920000000000002,0.837613643904705,12622,0.01400225628774305,0.0,pixel_reliability=0 AND MODLAND_QA(bits0-1)=0 AND VI range -2000..10000,MOD13Q1 V061 Terra 250m 16-day
SO2401,Baydhaba,SO24,Bay,2018-12-19,0.38633209054593876,0.38020000000000004,0.20440238200917296,0.1968,0.8970734620744575,13518,0.01645762824341363,0.0,pixel_reliability=0 AND MODLAND_QA(bits0-1)=0 AND VI range -2000..10000,MOD13Q1 V061 Terra 250m 16-day
SO2402,Buur Hakaba,SO24,Bay,2018-01-01,0.34185293872229466,0.3342,0.21219528031290744,0.2053,0.9155366692131398,19175,0.01566080977845684,0.0,pixel_reliability=0 AND MODLAND_QA(bits0-1)=0 AND VI range -2000..10000,MOD13Q1 V061 Terra 250m 16-day
SO2402,Buur Hakaba,SO24,Bay,2018-01-17,0.29831314311503365,0.29250000000000004,0.18599309497542876,0.17900000000000002,0.9521581359816654,19942,0.00706646294881589,0.0,pixel_reliability=0 AND MODLAND_QA(bits0-1)=0 AND VI range -2000..10000,MOD13Q1 V061 Terra 250m 16-day
SO2402,Buur Hakaba,SO24,Bay,2018-02-02,0.27614675211929324,0.2727,0.1558385813502196,0.1527,0.9349694423223835,19582,0.003962948815889993,0.0,pixel_reliability=0 AND MODLAND_QA(bits0-1)=0 AND VI range -2000..10000,MOD13Q1 V061 Terra 250m 16-day
SO2402,Buur Hakaba,SO24,Bay,2018-02-18,0.2622739669651299,0.261,0.16349880429342084,0.1578,0.8585275019098548,17981,0.01365546218487395,0.0,pixel_reliability=0 AND MODLAND_QA(bits0-1)=0 AND VI range -2000..10000,MOD13Q1 V061 Terra 250m 16-day
SO2402,Buur Hakaba,SO24,Bay,2018-03-06,0.269360272443055,0.2652,0.16079677869584638,0.1565,0.8552330022918259,17912,0.03619174942704354,0.0,pixel_reliability=0 AND MODLAND_QA(bits0-1)=0 AND VI range -2000..10000,MOD13Q1 V061 Terra 250m 16-day
SO2402,Buur Hakaba,SO24,Bay,2018-03-22,0.2930742149146731,0.2797,0.18985598846723295,0.1814,0.6127291825821237,12833,0.16090527119938886,0.001241405653170359,pixel_reliability=0 AND MODLAND_QA(bits0-1)=0 AND VI range -2000..10000,MOD13Q1 V061 Terra 250m 16-day
SO2402,Buur Hakaba,SO24,Bay,2018-04-07,0.5304317757009346,0.53825,0.29469906542056074,0.29895000000000005,0.06130634071810542,1284,0.16854469060351412,0.508594346829641,pixel_reliability=0 AND MODLAND_QA(bits0-1)=0 AND VI range -2000..10000,MOD13Q1 V061 Terra 250m 16-day
SO2402,Buur Hakaba,SO24,Bay,2018-04-23,0.5720734513274338,0.5750000000000001,0.37234778761061943,0.37,0.005395339954163483,113,0.37184873949579833,0.3507448433919022,pixel_reliability=0 AND MODLAND_QA(bits0-1)=0 AND VI range -2000..10000,MOD13Q1 V061 Terra 250m 16-day
SO2402,Buur Hakaba,SO24,Bay,2018-05-09,0.5678778761061947,0.5703,0.37751238938053094,0.3879,0.005395339954163483,113,0.3358479755538579,0.3647822765469824,pixel_reliability=0 AND MODLAND_QA(bits0-1)=0 AND VI range -2000..10000,MOD13Q1 V061 Terra 250m 16-day
SO2402,Buur Hakaba,SO24,Bay,2018-05-25,0.511536,0.5188,0.348432,0.34690000000000004,0.001193659281894576,25,0.47937356760886174,0.20282658517952637,pixel_reliability=0 AND MODLAND_QA(bits0-1)=0 AND VI range -2000..10000,MOD13Q1 V061 Terra 250m 16-day
SO2402,Buur Hakaba,SO24,Bay,2018-06-10,0.541282951653944,0.5348,0.34606157760814255,0.3411,0.018764323911382736,393,0.5830309396485867,0.17303284950343775,pixel_reliability=0 AND MODLAND_QA(bits0-1)=0 AND VI range -2000..10000,MOD13Q1 V061 Terra 250m 16-day
SO2402,Buur Hakaba,SO24,Bay,2018-06-26,0.4704499999999999,0.4799,0.283085,0.27470000000000006,0.0019098548510313217,40,0.3966768525592055,0.2879583651642475,pixel_reliability=0 AND MODLAND_QA(bits0-1)=0 AND VI range -2000..10000,MOD13Q1 V061 Terra 250m 16-day
SO2402,Buur Hakaba,SO24,Bay,2018-07-12,0.43903885714285706,0.4214,0.23794800000000002,0.20400000000000001,0.008355614973262033,175,0.24651451489686785,0.453781512605042,pixel_reliability=0 AND MODLAND_QA(bits0-1)=0 AND VI range -2000..10000,MOD13Q1 V061 Terra 250m 16-day
SO2402,Buur Hakaba,SO24,Bay,2018-07-28,0.35288928571428574,0.35295,0.1955714285714286,0.19115,0.004010695187165776,84,0.41792398777692896,0.33837853323147443,pixel_reliability=0 AND MODLAND_QA(bits0-1)=0 AND VI range -2000..10000,MOD13Q1 V061 Terra 250m 16-day
SO2402,Buur Hakaba,SO24,Bay,2018-08-13,0.29753638743455496,0.27295,0.1514884816753927,0.13745000000000002,0.01823911382734912,382,0.42064553093964857,0.32811306340718105,pixel_reliability=0 AND MODLAND_QA(bits0-1)=0 AND VI range -2000..10000,MOD13Q1 V061 Terra 250m 16-day
SO2402,Buur Hakaba,SO24,Bay,2018-08-29,0.3274059847198642,0.32370000000000004,0.17158629032258063,0.16440000000000002,0.11249045072574484,2356,0.657563025210084,0.035093582887700536,pixel_reliability=0 AND MODLAND_QA(bits0-1)=0 AND VI range -2000..10000,MOD13Q1 V061 Terra 250m 16-day
SO2402,Buur Hakaba,SO24,Bay,2018-09-14,0.32629398998330555,0.3236,0.16751938837456365,0.1613,0.6292016806722689,13178,0.18601986249045072,0.014419404125286478,pixel_reliability=0 AND MODLAND_QA(bits0-1)=0 AND VI range -2000..10000,MOD13Q1 V061 Terra 250m 16-day
SO2402,Buur Hakaba,SO24,Bay,2018-09-30,0.32872115563839704,0.3224,0.18389869524697114,0.17550000000000002,0.051231856378915204,1073,0.6527406417112299,0.06326394194041253,pixel_reliability=0 AND MODLAND_QA(bits0-1)=0 AND VI range -2000..10000,MOD13Q1 V061 Terra 250m 16-day
SO2402,Buur Hakaba,SO24,Bay,2018-10-16,0.3684421806853582,0.3719,0.2398907165109034,0.24680000000000002,0.07663292589763178,1605,0.8141233766233766,0.0018143621084797555,pixel_reliability=0 AND MODLAND_QA(bits0-1)=0 AND VI range -2000..10000,MOD13Q1 V061 Terra 250m 16-day
SO2402,Buur Hakaba,SO24,Bay,2018-11-01,0.5319228571428571,0.5503500000000001,0.3376042857142858,0.34845000000000004,0.0033422459893048127,70,0.5642188693659282,0.15751527883880825,pixel_reliability=0 AND MODLAND_QA(bits0-1)=0 AND VI range -2000..10000,MOD13Q1 V061 Terra 250m 16-day
SO2402,Buur Hakaba,SO24,Bay,2018-11-17,0.5367589008363202,0.5484,0.35447973856209153,0.3593,0.6793831168831169,14229,0.12461802902979374,0.00014323911382734913,pixel_reliability=0 AND MODLAND_QA(bits0-1)=0 AND VI range -2000..10000,MOD13Q1 V061 Terra 250m 16-day
SO2402,Buur Hakaba,SO24,Bay,2018-12-03,0.4532558098685261,0.4514,0.25061560121360515,0.24750000000000003,0.897011077158136,18787,0.02463712757830405,4.774637127578304e-05,pixel_reliability=0 AND MODLAND_QA(bits0-1)=0 AND VI range -2000..10000,MOD13Q1 V061 Terra 250m 16-day
SO2402,Buur Hakaba,SO24,Bay,2018-12-19,0.426777593386786,0.4249,0.26674898377773637,0.262,0.7681913674560733,16089,0.037815126050420166,0.0,pixel_reliability=0 AND MODLAND_QA(bits0-1)=0 AND VI range -2000..10000,MOD13Q1 V061 Terra 250m 16-day
SO2403,Diinsoor,SO24,Bay,2018-01-01,0.32440219200887904,0.31970000000000004,0.177253098409175,0.1749,0.9564755838641189,10812,0.009111818825194622,0.0,pixel_reliability=0 AND MODLAND_QA(bits0-1)=0 AND VI range -2000..10000,MOD13Q1 V061 Terra 250m 16-day
SO2403,Diinsoor,SO24,Bay,2018-01-17,0.289204207586269,0.2852,0.1591950806378953,0.1569,0.9818648266100496,11099,0.003361641896673744,0.0,pixel_reliability=0 AND MODLAND_QA(bits0-1)=0 AND VI range -2000..10000,MOD13Q1 V061 Terra 250m 16-day
SO2403,Diinsoor,SO24,Bay,2018-02-02,0.2682902845308842,0.2652,0.14952920943634074,0.1474,0.982484076433121,11106,0.0023885350318471337,0.0,pixel_reliability=0 AND MODLAND_QA(bits0-1)=0 AND VI range -2000..10000,MOD13Q1 V061 Terra 250m 16-day
SO2403,Diinsoor,SO24,Bay,2018-02-18,0.2569009752048968,0.254,0.15777556800497977,0.1552,0.8527070063694268,9639,0.017338995046001414,0.0007961783439490446,pixel_reliability=0 AND MODLAND_QA(bits0-1)=0 AND VI range -2000..10000,MOD13Q1 V061 Terra 250m 16-day
SO2403,Diinsoor,SO24,Bay,2018-03-06,0.28010396145610283,0.273,0.16289817987152036,0.1554,0.8262561924982307,9340,0.05007077140835103,0.0,pixel_reliability=0 AND MODLAND_QA(bits0-1)=0 AND VI range -2000..10000,MOD13Q1 V061 Terra 250m 16-day
SO2403,Diinsoor,SO24,Bay,2018-03-22,0.32411534876728804,0.31270000000000003,0.20622239927841252,0.19970000000000002,0.5884642604387827,6652,0.17082448690728946,0.006280962491153574,pixel_reliability=0 AND MODLAND_QA(bits0-1)=0 AND VI range -2000..10000,MOD13Q1 V061 Terra 250m 16-day
SO2403,Diinsoor,SO24,Bay,2018-04-07,0.4951881656804734,0.5071,0.2971396449704142,0.3017,0.014950460014154282,169,0.07289455060155697,0.7749469214437368,pixel_reliability=0 AND MODLAND_QA(bits0-1)=0 AND VI range -2000..10000,MOD13Q1 V061 Terra 250m 16-day
SO2403,Diinsoor,SO24,Bay,2018-04-23,0.5938888888888889,0.5883499999999999,0.39446666666666663,0.3884,0.004777070063694267,54,0.31165958952583156,0.3581917905166313,pixel_reliability=0 AND MODLAND_QA(bits0-1)=0 AND VI range -2000..10000,MOD13Q1 V061 Terra 250m 16-day
SO2403,Diinsoor,SO24,Bay,2018-05-09,0.63543,0.67845,0.39899999999999997,0.40375000000000005,0.0008846426043878273,10,0.243895966029724,0.48221868365180465,pixel_reliability=0 AND MODLAND_QA(bits0-1)=0 AND VI range -2000..10000,MOD13Q1 V061 Terra 250m 16-day
SO2403,Diinsoor,SO24,Bay,2018-05-25,,,,,0.0,0,0.3017515923566879,0.3643842887473461,pixel_reliability=0 AND MODLAND_QA(bits0-1)=0 AND VI range -2000..10000,MOD13Q1 V061 Terra 250m 16-day
SO2403,Diinsoor,SO24,Bay,2018-06-10,0.5085,0.5129,0.34722500000000006,0.35105,0.00035385704175513094,4,0.6424274593064402,0.1214614295824487,pixel_reliability=0 AND MODLAND_QA(bits0-1)=0 AND VI range -2000..10000,MOD13Q1 V061 Terra 250m 16-day
SO2403,Diinsoor,SO24,Bay,2018-06-26,0.4500227272727273,0.4347,0.23824545454545457,0.22445,0.00194621372965322,22,0.39720452937013445,0.2903397027600849,pixel_reliability=0 AND MODLAND_QA(bits0-1)=0 AND VI range -2000..10000,MOD13Q1 V061 Terra 250m 16-day
SO2403,Diinsoor,SO24,Bay,2018-07-12,0.33525,0.31810000000000005,0.17879360000000002,0.17060000000000003,0.022116065109695684,250,0.48849964614295827,0.18515569709837226,pixel_reliability=0 AND MODLAND_QA(bits0-1)=0 AND VI range -2000..10000,MOD13Q1 V061 Terra 250m 16-day
SO2403,Diinsoor,SO24,Bay,2018-07-28,0.2434,0.2434,0.15230000000000002,0.15230000000000002,8.846426043878273e-05,1,0.3319179051663128,0.3359872611464968,pixel_reliability=0 AND MODLAND_QA(bits0-1)=0 AND VI range -2000..10000,MOD13Q1 V061 Terra 250m 16-day
SO2403,Diinsoor,SO24,Bay,2018-08-13,0.42347142857142855,0.3995,0.24976190476190477,0.2204,0.0074309978768577496,84,0.543966737438075,0.18834041047416844,pixel_reliability=0 AND MODLAND_QA(bits0-1)=0 AND VI range -2000..10000,MOD13Q1 V061 Terra 250m 16-day
SO2403,Diinsoor,SO24,Bay,2018-08-29,0.28071452991452994,0.27185000000000004,0.14689273504273506,0.13920000000000002,0.020700636942675158,234,0.5046001415428167,0.1798478414720453,pixel_reliability=0 AND MODLAND_QA(bits0-1)=0 AND VI range -2000..10000,MOD13Q1 V061 Terra 250m 16-day
SO2403,Diinsoor,SO24,Bay,2018-09-14,0.30178474109438125,0.29860000000000003,0.16130042232831435,0.15975,0.48177636234961074,5446,0.23044939844302903,0.04856687898089172,pixel_reliability=0 AND MODLAND_QA(bits0-1)=0 AND VI range -2000..10000,MOD13Q1 V061 Terra 250m 16-day
SO2403,Diinsoor,SO24,Bay,2018-09-30,0.36534520135491155,0.35525,0.18524813699661272,0.1801,0.4700990799716914,5314,0.2616772823779193,0.008227176220806794,pixel_reliability=0 AND MODLAND_QA(bits0-1)=0 AND VI range -2000..10000,MOD13Q1 V061 Terra 250m 16-day
SO2403,Diinsoor,SO24,Bay,2018-10-16,0.35442814671814676,0.3448,0.17991785714285716,0.1753,0.4582448690728945,5180,0.24725760792639773,0.05290162774239207,pixel_reliability=0 AND MODLAND_QA(bits0-1)=0 AND VI range -2000..10000,MOD13Q1 V061 Terra 250m 16-day
SO2403,Diinsoor,SO24,Bay,2018-11-01,0.4687847457627119,0.47050000000000003,0.30964745762711865,0.3114,0.005219391365888181,59,0.5544939844302902,0.21213729653220098,pixel_reliability=0 AND MODLAND_QA(bits0-1)=0 AND VI range -2000..10000,MOD13Q1 V061 Terra 250m 16-day
SO2403,Diinsoor,SO24,Bay,2018-11-17,0.5592335381279364,0.5625,0.31930509577159377,0.31695,0.48956121726822366,5534,0.23274946921443737,0.0,pixel_reliability=0 AND MODLAND_QA(bits0-1)=0 AND VI range -2000..10000,MOD13Q1 V061 Terra 250m 16-day
SO2403,Diinsoor,SO24,Bay,2018-12-03,0.5101723541247485,0.511,0.2948508651911469,0.29745,0.8793347487615003,9940,0.03405874026893135,0.0,pixel_reliability=0 AND MODLAND_QA(bits0-1)=0 AND VI range -2000..10000,MOD13Q1 V061 Terra 250m 16-day
SO2403,Diinsoor,SO24,Bay,2018-12-19,0.49926779042301916,0.49860000000000004,0.2892096628730943,0.2857,0.8239561217268223,9314,0.01167728237791932,0.0,pixel_reliability=0 AND MODLAND_QA(bits0-1)=0 AND VI range -2000..10000,MOD13Q1 V061 Terra 250m 16-day
SO2404,Qansax Dheere,SO24,Bay,2018-01-01,0.29711647218453197,0.2894,0.15801470827679784,0.1555,0.9613879467779807,3685,0.004956952778502478,0.0,pixel_reliability=0 AND MODLAND_QA(bits0-1)=0 AND VI range -2000..10000,MOD13Q1 V061 Terra 250m 16-day
SO2404,Qansax Dheere,SO24,Bay,2018-01-17,0.2596625591171834,0.25470000000000004,0.13895026274303734,0.1386,0.9929559092094965,3806,0.0007826767545003914,0.0,pixel_reliability=0 AND MODLAND_QA(bits0-1)=0 AND VI range -2000..10000,MOD13Q1 V061 Terra 250m 16-day
SO2404,Qansax Dheere,SO24,Bay,2018-02-02,0.23740869793031177,0.2338,0.12889669897825518,0.1315,0.9958257239759979,3817,0.00026089225150013044,0.0,pixel_reliability=0 AND MODLAND_QA(bits0-1)=0 AND VI range -2000..10000,MOD13Q1 V061 Terra 250m 16-day
SO2404,Qansax Dheere,SO24,Bay,2018-02-18,0.24036556526488262,0.2381,0.13044533042053524,0.1338,0.9553874249934777,3662,0.004435168275502218,0.0,pixel_reliability=0 AND MODLAND_QA(bits0-1)=0 AND VI range -2000..10000,MOD13Q1 V061 Terra 250m 16-day
SO2404,Qansax Dheere,SO24,Bay,2018-03-06,0.23726039661708956,0.2341,0.12985296004666083,0.13140000000000002,0.8945995303939474,3429,0.02817636316201409,0.0,pixel_reliability=0 AND MODLAND_QA(bits0-1)=0 AND VI range -2000..10000,MOD13Q1 V061 Terra 250m 16-day
SO2404,Qansax Dheere,SO24,Bay,2018-03-22,0.2880586926762491,0.2728,0.1714661533196441,0.16345,0.7623271588833812,2922,0.05322201930602661,0.0005217845030002609,pixel_reliability=0 AND MODLAND_QA(bits0-1)=0 AND VI range -2000..10000,MOD13Q1 V061 Terra 250m 16-day
SO2404,Qansax Dheere,SO24,Bay,2018-04-07,0.4347161764705883,0.46135000000000004,0.2583544117647059,0.27355,0.035481346204017744,136,0.1654056874510827,0.5677015392642839,pixel_reliability=0 AND MODLAND_QA(bits0-1)=0 AND VI range -2000..10000,MOD13Q1 V061 Terra 250m 16-day
SO2404,Qansax Dheere,SO24,Bay,2018-04-23,0.4851375,0.42715000000000003,0.28305,0.27435000000000004,0.0020871380120010435,8,0.3934255152621967,0.31333159405165667,pixel_reliability=0 AND MODLAND_QA(bits0-1)=0 AND VI range -2000..10000,MOD13Q1 V061 Terra 250m 16-day
SO2404,Qansax Dheere,SO24,Bay,2018-05-09,0.4928320220841961,0.4893,0.29015141476880607,0.2923,0.378032872423689,1449,0.2501956691886251,0.10122619358205061,pixel_reliability=0 AND MODLAND_QA(bits0-1)=0 AND VI range -2000..10000,MOD13Q1 V061 Terra 250m 16-day
SO2404,Qansax Dheere,SO24,Bay,2018-05-25,,,,,0.0,0,0.5528306809287764,0.15105661361857553,pixel_reliability=0 AND MODLAND_QA(bits0-1)=0 AND VI range -2000..10000,MOD13Q1 V061 Terra 250m 16-day
SO2404,Qansax Dheere,SO24,Bay,2018-06-10,0.3734520833333333,0.36765000000000003,0.23849791666666667,0.23605,0.012522828072006262,48,0.6671014870858335,0.09287764153404644,pixel_reliability=0 AND MODLAND_QA(bits0-1)=0 AND VI range -2000..10000,MOD13Q1 V061 Terra 250m 16-day
SO2404,Qansax Dheere,SO24,Bay,2018-06-26,0.3951272727272728,0.36460000000000004,0.22418181818181815,0.2227,0.002869814766501435,11,0.39186016175319593,0.3115053482911557,pixel_reliability=0 AND MODLAND_QA(bits0-1)=0 AND VI range -2000..10000,MOD13Q1 V061 Terra 250m 16-day
SO2404,Qansax Dheere,SO24,Bay,2018-07-12,0.26781641791044775,0.2652,0.1566731343283582,0.1553,0.01747978085050874,67,0.5820506130967911,0.11818418992955909,pixel_reliability=0 AND MODLAND_QA(bits0-1)=0 AND VI range -2000..10000,MOD13Q1 V061 Terra 250m 16-day
SO2404,Qansax Dheere,SO24,Bay,2018-07-28,,,,,0.0,0,0.5277850247847639,0.22149752152361074,pixel_reliability=0 AND MODLAND_QA(bits0-1)=0 AND VI range -2000..10000,MOD13Q1 V061 Terra 250m 16-day
SO2404,Qansax Dheere,SO24,Bay,2018-08-13,0.2570702127659575,0.2606,0.12827021276595743,0.13,0.012261935820506132,47,0.7524132533263762,0.05009131228802505,pixel_reliability=0 AND MODLAND_QA(bits0-1)=0 AND VI range -2000..10000,MOD13Q1 V061 Terra 250m 16-day
SO2404,Qansax Dheere,SO24,Bay,2018-08-29,0.24882061955469506,0.24750000000000003,0.12377308809293319,0.12490000000000001,0.26950169579963473,1033,0.3634229063396817,0.0013044612575006521,pixel_reliability=0 AND MODLAND_QA(bits0-1)=0 AND VI range -2000..10000,MOD13Q1 V061 Terra 250m 16-day
SO2404,Qansax Dheere,SO24,Bay,2018-09-14,0.24862438478747204,0.24250000000000002,0.13041636305528925,0.1317,0.8163318549439081,3129,0.024002087138012,0.0,pixel_reliability=0 AND MODLAND_QA(bits0-1)=0 AND VI range -2000..10000,MOD13Q1 V061 Terra 250m 16-day
SO2404,Qansax Dheere,SO24,Bay,2018-09-30,0.2608410374261326,0.2524,0.13959363099146424,0.1326,0.39733889903469866,1523,0.2888077224106444,0.002348030263501174,pixel_reliability=0 AND MODLAND_QA(bits0-1)=0 AND VI range -2000..10000,MOD13Q1 V061 Terra 250m 16-day
SO2404,Qansax Dheere,SO24,Bay,2018-10-16,0.28589322840409953,0.26415,0.13748792093704246,0.1322,0.7127576310983563,2732,0.09313853378554657,0.012522828072006262,pixel_reliability=0 AND MODLAND_QA(bits0-1)=0 AND VI range -2000..10000,MOD13Q1 V061 Terra 250m 16-day
SO2404,Qansax Dheere,SO24,Bay,2018-11-01,0.3937683544303798,0.40625,0.25305696202531647,0.25734999999999997,0.04122097573702061,158,0.7456300547873728,0.020610487868510306,pixel_reliability=0 AND MODLAND_QA(bits0-1)=0 AND VI range -2000..10000,MOD13Q1 V061 Terra 250m 16-day
SO2404,Qansax Dheere,SO24,Bay,2018-11-17,0.4988179965307893,0.5105500000000001,0.28156626192541195,0.2912,0.6016175319593008,2306,0.08792068875554396,0.00026089225150013044,pixel_reliability=0 AND MODLAND_QA(bits0-1)=0 AND VI range -2000..10000,MOD13Q1 V061 Terra 250m 16-day
SO2404,Qansax Dheere,SO24,Bay,2018-12-03,0.4619483678593848,0.45935000000000004,0.262913684871312,0.2644,0.8312027132794156,3186,0.02817636316201409,0.0,pixel_reliability=0 AND MODLAND_QA(bits0-1)=0 AND VI range -2000..10000,MOD13Q1 V061 Terra 250m 16-day
SO2404,Qansax Dheere,SO24,Bay,2018-12-19,0.44070068794716566,0.43615000000000004,0.2555662080352229,0.2515,0.9480824419514741,3634,0.006783198539003391,0.0007826767545003914,pixel_reliability=0 AND MODLAND_QA(bits0-1)=0 AND VI range -2000..10000,MOD13Q1 V061 Terra 250m 16-day
SO2501,Xudur,SO25,Bakool,2018-01-01,0.2249448156318941,0.2218,0.1279759060825717,0.1264,0.9779627061180459,6346,0.0026198181537987362,0.0,pixel_reliability=0 AND MODLAND_QA(bits0-1)=0 AND VI range -2000..10000,MOD13Q1 V061 Terra 250m 16-day
SO2501,Xudur,SO25,Bakool,2018-01-17,0.2077656646312823,0.2048,0.11869622671050571,0.117,0.9842810910772076,6387,0.0004623208506703652,0.0,pixel_reliability=0 AND MODLAND_QA(bits0-1)=0 AND VI range -2000..10000,MOD13Q1 V061 Terra 250m 16-day
SO2501,Xudur,SO25,Bakool,2018-02-02,0.19979790079303378,0.1967,0.11288098273985384,0.11170000000000001,0.9910617968870397,6431,0.0001541069502234551,0.0,pixel_reliability=0 AND MODLAND_QA(bits0-1)=0 AND VI range -2000..10000,MOD13Q1 V061 Terra 250m 16-day
SO2501,Xudur,SO25,Bakool,2018-02-18,0.1974271212828896,0.19360000000000002,0.112291546006539,0.1115,0.989828941285252,6423,0.0003082139004469102,0.0,pixel_reliability=0 AND MODLAND_QA(bits0-1)=0 AND VI range -2000..10000,MOD13Q1 V061 Terra 250m 16-day
SO2501,Xudur,SO25,Bakool,2018-03-06,0.20306355805863838,0.1996,0.11538497598144774,0.1129,0.9303436584989982,6037,0.011403914316535676,0.0,pixel_reliability=0 AND MODLAND_QA(bits0-1)=0 AND VI range -2000..10000,MOD13Q1 V061 Terra 250m 16-day
SO2501,Xudur,SO25,Bakool,2018-03-22,0.2255482264887732,0.2152,0.13087144484217378,0.12735000000000002,0.9471413160733549,6146,0.0072430266605023885,0.0,pixel_reliability=0 AND MODLAND_QA(bits0-1)=0 AND VI range -2000..10000,MOD13Q1 V061 Terra 250m 16-day
SO2501,Xudur,SO25,Bakool,2018-04-07,0.32672857142857137,0.3468,0.2115857142857143,0.22210000000000002,0.0010787486515641855,7,0.2707659115426106,0.5114809677916474,pixel_reliability=0 AND MODLAND_QA(bits0-1)=0 AND VI range -2000..10000,MOD13Q1 V061 Terra 250m 16-day
SO2501,Xudur,SO25,Bakool,2018-04-23,0.40412371134020614,0.4121,0.25240103092783506,0.2645,0.014948374171675143,97,0.2462629064570812,0.4507628294036061,pixel_reliability=0 AND MODLAND_QA(bits0-1)=0 AND VI range -2000..10000,MOD13Q1 V061 Terra 250m 16-day
SO2501,Xudur,SO25,Bakool,2018-05-09,0.48939185851820843,0.49265000000000003,0.29429771871075766,0.2974,0.7363230081676684,4778,0.07489597780859916,0.04731083371860071,pixel_reliability=0 AND MODLAND_QA(bits0-1)=0 AND VI range -2000..10000,MOD13Q1 V061 Terra 250m 16-day
SO2501,Xudur,SO25,Bakool,2018-05-25,0.40413421828908563,0.39990000000000003,0.23409336283185841,0.23845000000000002,0.10448451225150254,678,0.747726922484204,0.0,pixel_reliability=0 AND MODLAND_QA(bits0-1)=0 AND VI range -2000..10000,MOD13Q1 V061 Terra 250m 16-day
SO2501,Xudur,SO25,Bakool,2018-06-10,0.38494470377019746,0.38415,0.23401023339317775,0.2338,0.6867005701957158,4456,0.16381568808753275,0.0003082139004469102,pixel_reliability=0 AND MODLAND_QA(bits0-1)=0 AND VI range -2000..10000,MOD13Q1 V061 Terra 250m 16-day
SO2501,Xudur,SO25,Bakool,2018-06-26,0.32744244604316547,0.3269,0.17945611510791368,0.1772,0.021420866081060256,139,0.7897981198952073,0.04237941131145015,pixel_reliability=0 AND MODLAND_QA(bits0-1)=0 AND VI range -2000..10000,MOD13Q1 V061 Terra 250m 16-day
SO2501,Xudur,SO25,Bakool,2018-07-12,0.28686763129689175,0.2867,0.16616993569131833,0.1651,0.8626907073509015,5598,0.04946833102172908,0.0,pixel_reliability=0 AND MODLAND_QA(bits0-1)=0 AND VI range -2000..10000,MOD13Q1 V061 Terra 250m 16-day
SO2501,Xudur,SO25,Bakool,2018-07-28,0.27784625631603127,0.2748,0.16697354157096922,0.1665,0.3354908306364617,2177,0.32639852057327784,0.0,pixel_reliability=0 AND MODLAND_QA(bits0-1)=0 AND VI range -2000..10000,MOD13Q1 V061 Terra 250m 16-day
SO2501,Xudur,SO25,Bakool,2018-08-13,0.24758418079096045,0.2514,0.14600169491525425,0.14500000000000002,0.02727693018955155,177,0.857759284943751,0.006780705809832023,pixel_reliability=0 AND MODLAND_QA(bits0-1)=0 AND VI range -2000..10000,MOD13Q1 V061 Terra 250m 16-day
SO2501,Xudur,SO25,Bakool,2018-08-29,0.2532369215781783,0.25115,0.14442357525572336,0.14405,0.6327631376175066,4106,0.00909231006318385,0.0,pixel_reliability=0 AND MODLAND_QA(bits0-1)=0 AND VI range -2000..10000,MOD13Q1 V061 Terra 250m 16-day
SO2501,Xudur,SO25,Bakool,2018-09-14,0.24992091795937954,0.24500000000000002,0.1365364305133536,0.1356,0.9636307597472646,6253,0.004931422407150563,0.0,pixel_reliability=0 AND MODLAND_QA(bits0-1)=0 AND VI range -2000..10000,MOD13Q1 V061 Terra 250m 16-day
SO2501,Xudur,SO25,Bakool,2018-09-30,0.3398699256110521,0.32915,0.20683730074388945,0.202,0.580058560641085,3764,0.03791030975496995,0.0,pixel_reliability=0 AND MODLAND_QA(bits0-1)=0 AND VI range -2000..10000,MOD13Q1 V061 Terra 250m 16-day
SO2501,Xudur,SO25,Bakool,2018-10-16,0.3479686701728024,0.3325,0.20969921111945905,0.19535000000000002,0.4102327014948374,2662,0.23069810448451225,0.0,pixel_reliability=0 AND MODLAND_QA(bits0-1)=0 AND VI range -2000..10000,MOD13Q1 V061 Terra 250m 16-day
SO2501,Xudur,SO25,Bakool,2018-11-01,0.4075005219206681,0.4076,0.25645746346555326,0.261,0.2952689166281399,1916,0.3732470334412082,0.0,pixel_reliability=0 AND MODLAND_QA(bits0-1)=0 AND VI range -2000..10000,MOD13Q1 V061 Terra 250m 16-day
SO2501,Xudur,SO25,Bakool,2018-11-17,0.4570713373330753,0.46030000000000004,0.27275571898587186,0.2727,0.7962706118045924,5167,0.028509785791339188,0.0,pixel_reliability=0 AND MODLAND_QA(bits0-1)=0 AND VI range -2000..10000,MOD13Q1 V061 Terra 250m 16-day
SO2501,Xudur,SO25,Bakool,2018-12-03,0.3518482764623956,0.3493,0.19058891016713092,0.18780000000000002,0.885190322083526,5744,0.012328556017876406,0.0,pixel_reliability=0 AND MODLAND_QA(bits0-1)=0 AND VI range -2000..10000,MOD13Q1 V061 Terra 250m 16-day
SO2501,Xudur,SO25,Bakool,2018-12-19,0.3038828626220363,0.30110000000000003,0.1754951359832636,0.17300000000000001,0.8839574664817383,5736,0.00940052396363076,0.0,pixel_reliability=0 AND MODLAND_QA(bits0-1)=0 AND VI range -2000..10000,MOD13Q1 V061 Terra 250m 16-day
SO2502,Ceel Barde,SO25,Bakool,2018-01-01,0.21241722423146472,0.21330000000000002,0.12726129068716094,0.1265,0.9895984789173471,8848,0.0005592215635834918,0.0,pixel_reliability=0 AND MODLAND_QA(bits0-1)=0 AND VI range -2000..10000,MOD13Q1 V061 Terra 250m 16-day
SO2502,Ceel Barde,SO25,Bakool,2018-01-17,0.19765729565413195,0.2006,0.12044470839900923,0.12090000000000001,0.9934011855497148,8882,0.0002236886254333967,0.0,pixel_reliability=0 AND MODLAND_QA(bits0-1)=0 AND VI range -2000..10000,MOD13Q1 V061 Terra 250m 16-day
SO2502,Ceel Barde,SO25,Bakool,2018-02-02,0.19111234567901236,0.19490000000000002,0.11620523275569149,0.11670000000000001,0.9874734369757298,8829,0.0002236886254333967,0.0,pixel_reliability=0 AND MODLAND_QA(bits0-1)=0 AND VI range -2000..10000,MOD13Q1 V061 Terra 250m 16-day
SO2502,Ceel Barde,SO25,Bakool,2018-02-18,0.19121953302961275,0.1928,0.11720935079726653,0.1187,0.9819930656526116,8780,0.00011184431271669836,0.0,pixel_reliability=0 AND MODLAND_QA(bits0-1)=0 AND VI range -2000..10000,MOD13Q1 V061 Terra 250m 16-day
SO2502,Ceel Barde,SO25,Bakool,2018-03-06,0.19807510882016036,0.1928,0.12292460481099658,0.12290000000000001,0.9764008500167767,8730,0.0003355329381500951,0.0,pixel_reliability=0 AND MODLAND_QA(bits0-1)=0 AND VI range -2000..10000,MOD13Q1 V061 Terra 250m 16-day
SO2502,Ceel Barde,SO25,Bakool,2018-03-22,0.22470935143288087,0.21610000000000001,0.13380910778512592,0.126,0.9639861313052231,8619,0.0029079521306341572,0.0,pixel_reliability=0 AND MODLAND_QA(bits0-1)=0 AND VI range -2000..10000,MOD13Q1 V061 Terra 250m 16-day
SO2502,Ceel Barde,SO25,Bakool,2018-04-07,0.28731052631578946,0.2526,0.1729175438596491,0.15560000000000002,0.006375125824851806,57,0.2548931886813556,0.5671625097863774,pixel_reliability=0 AND MODLAND_QA(bits0-1)=0 AND VI range -2000..10000,MOD13Q1 V061 Terra 250m 16-day
SO2502,Ceel Barde,SO25,Bakool,2018-04-23,0.4870899641577061,0.49870000000000003,0.29703548387096773,0.30085,0.062409126495917684,558,0.4297058494575551,0.22156358349177943,pixel_reliability=0 AND MODLAND_QA(bits0-1)=0 AND VI range -2000..10000,MOD13Q1 V061 Terra 250m 16-day
SO2502,Ceel Barde,SO25,Bakool,2018-05-09,0.5120315617176969,0.5344,0.31029878682842293,0.3106,0.5808075159378145,5193,0.13309473213287104,0.05838273123811654,pixel_reliability=0 AND MODLAND_QA(bits0-1)=0 AND VI range -2000..10000,MOD13Q1 V061 Terra 250m 16-day
SO2502,Ceel Barde,SO25,Bakool,2018-05-25,0.42335966183574886,0.4277,0.2735272946859904,0.2782,0.4630354546471312,4140,0.3017559557096522,0.00011184431271669836,pixel_reliability=0 AND MODLAND_QA(bits0-1)=0 AND VI range -2000..10000,MOD13Q1 V061 Terra 250m 16-day
SO2502,Ceel Barde,SO25,Bakool,2018-06-10,0.3548265613573205,0.3539,0.22815647213690216,0.2267,0.7646795660440666,6837,0.0954031987473437,0.0003355329381500951,pixel_reliability=0 AND MODLAND_QA(bits0-1)=0 AND VI range -2000..10000,MOD13Q1 V061 Terra 250m 16-day
SO2502,Ceel Barde,SO25,Bakool,2018-06-26,0.28791118909163826,0.2901,0.1781247443352717,0.1784,0.5577675875181747,4987,0.30969690191253774,0.0,pixel_reliability=0 AND MODLAND_QA(bits0-1)=0 AND VI range -2000..10000,MOD13Q1 V061 Terra 250m 16-day
SO2502,Ceel Barde,SO25,Bakool,2018-07-12,0.2719011466574934,0.2701,0.17004726522187824,0.1701,0.9753942512023264,8721,0.003243485068784252,0.0,pixel_reliability=0 AND MODLAND_QA(bits0-1)=0 AND VI range -2000..10000,MOD13Q1 V061 Terra 250m 16-day
SO2502,Ceel Barde,SO25,Bakool,2018-07-28,0.223284265010352,0.2156,0.14772735507246376,0.1467,0.43216642433732244,3864,0.29761771613913435,0.0,pixel_reliability=0 AND MODLAND_QA(bits0-1)=0 AND VI range -2000..10000,MOD13Q1 V061 Terra 250m 16-day
SO2502,Ceel Barde,SO25,Bakool,2018-08-13,0.2263017722878625,0.22390000000000002,0.1479729144289295,0.14850000000000002,0.624762330835477,5586,0.16049658874846215,0.00011184431271669836,pixel_reliability=0 AND MODLAND_QA(bits0-1)=0 AND VI range -2000..10000,MOD13Q1 V061 Terra 250m 16-day
SO2502,Ceel Barde,SO25,Bakool,2018-08-29,0.2394016766162835,0.24300000000000002,0.1412779753588213,0.14200000000000002,0.8805502740185661,7873,0.001565820378033777,0.0,pixel_reliability=0 AND MODLAND_QA(bits0-1)=0 AND VI range -2000..10000,MOD13Q1 V061 Terra 250m 16-day
SO2502,Ceel Barde,SO25,Bakool,2018-09-14,0.23297592505854803,0.23685,0.14276050351288055,0.1423,0.955150430600604,8540,0.0035790180069343474,0.0,pixel_reliability=0 AND MODLAND_QA(bits0-1)=0 AND VI range -2000..10000,MOD13Q1 V061 Terra 250m 16-day
SO2502,Ceel Barde,SO25,Bakool,2018-09-30,0.3208498808459934,0.30910000000000004,0.2008720434912124,0.1888,0.7509227155799127,6714,0.010065988144502852,0.00011184431271669836,pixel_reliability=0 AND MODLAND_QA(bits0-1)=0 AND VI range -2000..10000,MOD13Q1 V061 Terra 250m 16-day
SO2502,Ceel Barde,SO25,Bakool,2018-10-16,0.26559729617304495,0.2356,0.1721141846921797,0.1585,0.26887372777094287,2404,0.5101219103008612,0.0013421317526003803,pixel_reliability=0 AND MODLAND_QA(bits0-1)=0 AND VI range -2000..10000,MOD13Q1 V061 Terra 250m 16-day
SO2502,Ceel Barde,SO25,Bakool,2018-11-01,0.3520537444933921,0.3196,0.23509034841810175,0.2199,0.2792752488535958,2497,0.414159489989934,0.00011184431271669836,pixel_reliability=0 AND MODLAND_QA(bits0-1)=0 AND VI range -2000..10000,MOD13Q1 V061 Terra 250m 16-day
SO2502,Ceel Barde,SO25,Bakool,2018-11-17,0.4099470913361891,0.4243,0.243207254387177,0.24530000000000002,0.809417291130746,7237,0.037915222010960745,0.0003355329381500951,pixel_reliability=0 AND MODLAND_QA(bits0-1)=0 AND VI range -2000..10000,MOD13Q1 V061 Terra 250m 16-day
SO2502,Ceel Barde,SO25,Bakool,2018-12-03,0.28224494573035175,0.2711,0.15555304040800316,0.1456,0.8552734593445923,7647,0.01834246728553853,0.0,pixel_reliability=0 AND MODLAND_QA(bits0-1)=0 AND VI range -2000..10000,MOD13Q1 V061 Terra 250m 16-day
SO2502,Ceel Barde,SO25,Bakool,2018-12-19,0.25063717564870264,0.25045,0.14401755239520958,0.1416,0.896544010737054,8016,0.014092383402303992,0.0,pixel_reliability=0 AND MODLAND_QA(bits0-1)=0 AND VI range -2000..10000,MOD13Q1 V061 Terra 250m 16-day
SO2503,Tayeeglow,SO25,Bakool,2018-01-01,0.27452271992950505,0.2743,0.1476900719635776,0.1441,0.9038895526350723,6809,0.015531660692951015,0.0,pixel_reliability=0 AND MODLAND_QA(bits0-1)=0 AND VI range -2000..10000,MOD13Q1 V061 Terra 250m 16-day
SO2503,Tayeeglow,SO25,Bakool,2018-01-17,0.2497027650391152,0.25020000000000003,0.13727438629619637,0.13620000000000002,0.9842028408336652,7414,0.0013274923669188902,0.0,pixel_reliability=0 AND MODLAND_QA(bits0-1)=0 AND VI range -2000..10000,MOD13Q1 V061 Terra 250m 16-day
SO2503,Tayeeglow,SO25,Bakool,2018-02-02,0.2437448380010983,0.2446,0.11907771828665568,0.11850000000000001,0.9669454400637196,7284,0.0013274923669188902,0.0,pixel_reliability=0 AND MODLAND_QA(bits0-1)=0 AND VI range -2000..10000,MOD13Q1 V061 Terra 250m 16-day
SO2503,Tayeeglow,SO25,Bakool,2018-02-18,0.23097920270270272,0.22890000000000002,0.1262175945945946,0.12660000000000002,0.9823443515199788,7400,0.0018584893136864462,0.0,pixel_reliability=0 AND MODLAND_QA(bits0-1)=0 AND VI range -2000..10000,MOD13Q1 V061 Terra 250m 16-day
SO2503,Tayeeglow,SO25,Bakool,2018-03-06,0.2420156095432063,0.2285,0.14174778876927555,0.13520000000000001,0.9125182530200452,6874,0.01500066374618346,0.0,pixel_reliability=0 AND MODLAND_QA(bits0-1)=0 AND VI range -2000..10000,MOD13Q1 V061 Terra 250m 16-day
SO2503,Tayeeglow,SO25,Bakool,2018-03-22,0.3035071488294315,0.26515,0.1703247352285396,0.14400000000000002,0.9526085225009956,7176,0.008363201911589008,0.0,pixel_reliability=0 AND MODLAND_QA(bits0-1)=0 AND VI range -2000..10000,MOD13Q1 V061 Terra 250m 16-day
SO2503,Tayeeglow,SO25,Bakool,2018-04-07,0.6509878594249202,0.68435,0.33888674121405754,0.35125,0.08310102216912253,626,0.20881454931634144,0.4574538696402496,pixel_reliability=0 AND MODLAND_QA(bits0-1)=0 AND VI range -2000..10000,MOD13Q1 V061 Terra 250m 16-day
SO2503,Tayeeglow,SO25,Bakool,2018-04-23,0.5292894736842105,0.58005,0.3037921052631579,0.3342,0.005044470994291783,38,0.5559538032656313,0.18425594052834196,pixel_reliability=0 AND MODLAND_QA(bits0-1)=0 AND VI range -2000..10000,MOD13Q1 V061 Terra 250m 16-day
SO2503,Tayeeglow,SO25,Bakool,2018-05-09,0.505153250641574,0.5184,0.29593725406330196,0.30015000000000003,0.3103677153856365,2338,0.2635072348333997,0.15690959776981284,pixel_reliability=0 AND MODLAND_QA(bits0-1)=0 AND VI range -2000..10000,MOD13Q1 V061 Terra 250m 16-day
SO2503,Tayeeglow,SO25,Bakool,2018-05-25,0.45843123689727466,0.49260000000000004,0.26773312368972746,0.2859,0.06332138590203107,477,0.7796362670914643,0.020974379397318464,pixel_reliability=0 AND MODLAND_QA(bits0-1)=0 AND VI range -2000..10000,MOD13Q1 V061 Terra 250m 16-day
SO2503,Tayeeglow,SO25,Bakool,2018-06-10,0.3999362111630465,0.3932,0.23113351663458895,0.22890000000000002,0.4828089738484004,3637,0.25965750696933493,0.0007964954201513341,pixel_reliability=0 AND MODLAND_QA(bits0-1)=0 AND VI range -2000..10000,MOD13Q1 V061 Terra 250m 16-day
SO2503,Tayeeglow,SO25,Bakool,2018-06-26,0.3407378398791541,0.339,0.19351910876132933,0.19260000000000002,0.17575998938006107,1324,0.46488782689499536,0.10460639851320855,pixel_reliability=0 AND MODLAND_QA(bits0-1)=0 AND VI range -2000..10000,MOD13Q1 V061 Terra 250m 16-day
SO2503,Tayeeglow,SO25,Bakool,2018-07-12,0.3216363314051129,0.3175,0.16893974622130994,0.1686,0.7114031594318333,5359,0.1427054294437807,0.0010619938935351122,pixel_reliability=0 AND MODLAND_QA(bits0-1)=0 AND VI range -2000..10000,MOD13Q1 V061 Terra 250m 16-day
SO2503,Tayeeglow,SO25,Bakool,2018-07-28,0.2977136602098467,0.2957,0.1680951573849879,0.1678,0.657905217045002,4956,0.11615558210540289,0.0031859816806053365,pixel_reliability=0 AND MODLAND_QA(bits0-1)=0 AND VI range -2000..10000,MOD13Q1 V061 Terra 250m 16-day
SO2503,Tayeeglow,SO25,Bakool,2018-08-13,0.2582997067448681,0.2641,0.14249442815249266,0.1437,0.04526748971193416,341,0.8257002522235497,0.007699455728129564,pixel_reliability=0 AND MODLAND_QA(bits0-1)=0 AND VI range -2000..10000,MOD13Q1 V061 Terra 250m 16-day
SO2503,Tayeeglow,SO25,Bakool,2018-08-29,0.28327970671011704,0.276,0.1447712635165161,0.1459,0.8961900969069427,6751,0.026417098101685917,0.0,pixel_reliability=0 AND MODLAND_QA(bits0-1)=0 AND VI range -2000..10000,MOD13Q1 V061 Terra 250m 16-day
SO2503,Tayeeglow,SO25,Bakool,2018-09-14,0.28978397675383977,0.2869,0.13710838522208388,0.1375,0.959378733572282,7227,0.005840966414443117,0.0,pixel_reliability=0 AND MODLAND_QA(bits0-1)=0 AND VI range -2000..10000,MOD13Q1 V061 Terra 250m 16-day
SO2503,Tayeeglow,SO25,Bakool,2018-09-30,0.41487905132641295,0.4045,0.23596782006920416,0.23420000000000002,0.9207487056949423,6936,0.009425195805124121,0.00013274923669188903,pixel_reliability=0 AND MODLAND_QA(bits0-1)=0 AND VI range -2000..10000,MOD13Q1 V061 Terra 250m 16-day
SO2503,Tayeeglow,SO25,Bakool,2018-10-16,0.44391248600223965,0.44020000000000004,0.25704669652855544,0.25525000000000003,0.23709013673171378,1786,0.5101553166069295,0.0,pixel_reliability=0 AND MODLAND_QA(bits0-1)=0 AND VI range -2000..10000,MOD13Q1 V061 Terra 250m 16-day
SO2503,Tayeeglow,SO25,Bakool,2018-11-01,0.39811077738515904,0.39985000000000004,0.24546201413427562,0.25470000000000004,0.07513606796760919,566,0.7252090800477897,0.006504712597902562,pixel_reliability=0 AND MODLAND_QA(bits0-1)=0 AND VI range -2000..10000,MOD13Q1 V061 Terra 250m 16-day
SO2503,Tayeeglow,SO25,Bakool,2018-11-17,0.5579091583767567,0.5609000000000001,0.3452512869098374,0.34650000000000003,0.8407009159697332,6333,0.04619673436877738,0.00013274923669188903,pixel_reliability=0 AND MODLAND_QA(bits0-1)=0 AND VI range -2000..10000,MOD13Q1 V061 Terra 250m 16-day
SO2503,Tayeeglow,SO25,Bakool,2018-12-03,0.41344483196837056,0.4147,0.20354654052527538,0.2015,0.940130094251958,7082,0.01486791450949157,0.0,pixel_reliability=0 AND MODLAND_QA(bits0-1)=0 AND VI range -2000..10000,MOD13Q1 V061 Terra 250m 16-day
SO2503,Tayeeglow,SO25,Bakool,2018-12-19,0.38737318710832586,0.3855,0.20896871083258728,0.20675000000000002,0.8896853843090402,6702,0.020045134740475243,0.0006637461834594451,pixel_reliability=0 AND MODLAND_QA(bits0-1)=0 AND VI range -2000..10000,MOD13Q1 V061 Terra 250m 16-day
SO2504,Waajid,SO25,Bakool,2018-01-01,0.2190744277305428,0.2119,0.11944401569653369,0.1187,0.9535391331462426,3058,0.009978172747115684,0.0,pixel_reliability=0 AND MODLAND_QA(bits0-1)=0 AND VI range -2000..10000,MOD13Q1 V061 Terra 250m 16-day
SO2504,Waajid,SO25,Bakool,2018-01-17,0.2039687581274382,0.199,0.11225763979193759,0.11230000000000001,0.9591518553164952,3076,0.004989086373557842,0.0,pixel_reliability=0 AND MODLAND_QA(bits0-1)=0 AND VI range -2000..10000,MOD13Q1 V061 Terra 250m 16-day
SO2504,Waajid,SO25,Bakool,2018-02-02,0.2000375836786739,0.1967,0.11164880459037296,0.11220000000000001,0.9781727471156845,3137,0.0031181789834736516,0.0,pixel_reliability=0 AND MODLAND_QA(bits0-1)=0 AND VI range -2000..10000,MOD13Q1 V061 Terra 250m 16-day
SO2504,Waajid,SO25,Bakool,2018-02-18,0.2059461362148003,0.20115,0.11506322855271775,0.11505000000000001,0.9522918615528532,3054,0.002806361085126286,0.0,pixel_reliability=0 AND MODLAND_QA(bits0-1)=0 AND VI range -2000..10000,MOD13Q1 V061 Terra 250m 16-day
SO2504,Waajid,SO25,Bakool,2018-03-06,0.20846006097560976,0.20320000000000002,0.11554285230352303,0.11525,0.9204864359214219,2952,0.014655441222326161,0.0,pixel_reliability=0 AND MODLAND_QA(bits0-1)=0 AND VI range -2000..10000,MOD13Q1 V061 Terra 250m 16-day
SO2504,Waajid,SO25,Bakool,2018-03-22,0.25381878622570747,0.2305,0.1569671326287078,0.14350000000000002,0.914561895852822,2933,0.021515434985968196,0.0,pixel_reliability=0 AND MODLAND_QA(bits0-1)=0 AND VI range -2000..10000,MOD13Q1 V061 Terra 250m 16-day
SO2504,Waajid,SO25,Bakool,2018-04-07,0.58912,0.5485,0.337,0.3143,0.0015590894917368258,5,0.4536950420954163,0.3632678515746804,pixel_reliability=0 AND MODLAND_QA(bits0-1)=0 AND VI range -2000..10000,MOD13Q1 V061 Terra 250m 16-day
SO2504,Waajid,SO25,Bakool,2018-04-23,,,,,0.0,0,0.1824134705332086,0.5556594948550047,pixel_reliability=0 AND MODLAND_QA(bits0-1)=0 AND VI range -2000..10000,MOD13Q1 V061 Terra 250m 16-day
SO2504,Waajid,SO25,Bakool,2018-05-09,0.5065029443064917,0.5052,0.30865689960979076,0.31,0.8790146554412224,2819,0.025257249766136577,0.0034299968818210166,pixel_reliability=0 AND MODLAND_QA(bits0-1)=0 AND VI range -2000..10000,MOD13Q1 V061 Terra 250m 16-day
SO2504,Waajid,SO25,Bakool,2018-05-25,0.44061088082901556,0.43,0.2523374784110536,0.24750000000000003,0.18054256314312442,579,0.5709385718740255,0.002806361085126286,pixel_reliability=0 AND MODLAND_QA(bits0-1)=0 AND VI range -2000..10000,MOD13Q1 V061 Terra 250m 16-day
SO2504,Waajid,SO25,Bakool,2018-06-10,0.3651372257053292,0.36055000000000004,0.22939090909090912,0.22610000000000002,0.3978796382912379,1276,0.32335516058621766,0.0015590894917368258,pixel_reliability=0 AND MODLAND_QA(bits0-1)=0 AND VI range -2000..10000,MOD13Q1 V061 Terra 250m 16-day
SO2504,Waajid,SO25,Bakool,2018-06-26,0.2892,0.2892,0.1724,0.1724,0.0003118178983473651,1,0.7664483941378235,0.10227627065793576,pixel_reliability=0 AND MODLAND_QA(bits0-1)=0 AND VI range -2000..10000,MOD13Q1 V061 Terra 250m 16-day
SO2504,Waajid,SO25,Bakool,2018-07-12,0.27346954933008527,0.26930000000000004,0.15335870889159564,0.1514,0.5120049890863736,1642,0.18116619893981914,0.030246336139694418,pixel_reliability=0 AND MODLAND_QA(bits0-1)=0 AND VI range -2000..10000,MOD13Q1 V061 Terra 250m 16-day
SO2504,Waajid,SO25,Bakool,2018-07-28,0.2578112258064516,0.2495,0.161328,0.1589,0.24165887121920798,775,0.47396320548799503,0.0,pixel_reliability=0 AND MODLAND_QA(bits0-1)=0 AND VI range -2000..10000,MOD13Q1 V061 Terra 250m 16-day
SO2504,Waajid,SO25,Bakool,2018-08-13,0.21077039106145254,0.2104,0.13253296089385475,0.13240000000000002,0.05581540380417836,179,0.810414717804802,0.0037418147801683817,pixel_reliability=0 AND MODLAND_QA(bits0-1)=0 AND VI range -2000..10000,MOD13Q1 V061 Terra 250m 16-day
SO2504,Waajid,SO25,Bakool,2018-08-29,0.24324994152046786,0.23975000000000002,0.13745134502923978,0.13515,0.5332086061739943,1710,0.050514499532273154,0.0,pixel_reliability=0 AND MODLAND_QA(bits0-1)=0 AND VI range -2000..10000,MOD13Q1 V061 Terra 250m 16-day
SO2504,Waajid,SO25,Bakool,2018-09-14,0.2444446872645064,0.24100000000000002,0.13578662396382818,0.135,0.8275647022139071,2654,0.03866541939507328,0.0,pixel_reliability=0 AND MODLAND_QA(bits0-1)=0 AND VI range -2000..10000,MOD13Q1 V061 Terra 250m 16-day
SO2504,Waajid,SO25,Bakool,2018-09-30,0.27678370549185277,0.27240000000000003,0.16836831623415813,0.1646,0.516682257561584,1657,0.08263174306205176,0.0,pixel_reliability=0 AND MODLAND_QA(bits0-1)=0 AND VI range -2000..10000,MOD13Q1 V061 Terra 250m 16-day
SO2504,Waajid,SO25,Bakool,2018-10-16,0.3131599471249174,0.2988,0.17326212822207535,0.1675,0.4717804801995635,1513,0.19114437168693482,0.0003118178983473651,pixel_reliability=0 AND MODLAND_QA(bits0-1)=0 AND VI range -2000..10000,MOD13Q1 V061 Terra 250m 16-day
SO2504,Waajid,SO25,Bakool,2018-11-01,0.38842097791798114,0.38175000000000003,0.2564820189274448,0.25685,0.1976925475522295,634,0.47895229186155286,0.0,pixel_reliability=0 AND MODLAND_QA(bits0-1)=0 AND VI range -2000..10000,MOD13Q1 V061 Terra 250m 16-day
SO2504,Waajid,SO25,Bakool,2018-11-17,0.41222858796296297,0.3965,0.21638449074074076,0.21385,0.8082319925163705,2592,0.03928905519176801,0.0,pixel_reliability=0 AND MODLAND_QA(bits0-1)=0 AND VI range -2000..10000,MOD13Q1 V061 Terra 250m 16-day
SO2504,Waajid,SO25,Bakool,2018-12-03,0.3030569620253165,0.2927,0.16192969258589512,0.16060000000000002,0.8621764889304646,2765,0.0411599625818522,0.0,pixel_reliability=0 AND MODLAND_QA(bits0-1)=0 AND VI range -2000..10000,MOD13Q1 V061 Terra 250m 16-day
SO2504,Waajid,SO25,Bakool,2018-12-19,0.2642496389205625,0.2586,0.15329619916381607,0.1521,0.8203928905519177,2631,0.040224508886810104,0.0003118178983473651,pixel_reliability=0 AND MODLAND_QA(bits0-1)=0 AND VI range -2000..10000,MOD13Q1 V061 Terra 250m 16-day
SO2505,Rab Dhuure,SO25,Bakool,2018-01-01,0.1616766350067843,0.1621,0.09222016282225237,0.0937,0.9710144927536232,3685,0.005006587615283268,0.0,pixel_reliability=0 AND MODLAND_QA(bits0-1)=0 AND VI range -2000..10000,MOD13Q1 V061 Terra 250m 16-day
SO2505,Rab Dhuure,SO25,Bakool,2018-01-17,0.15283668574543474,0.1531,0.08719822840010902,0.0893,0.966798418972332,3669,0.001844532279314888,0.0,pixel_reliability=0 AND MODLAND_QA(bits0-1)=0 AND VI range -2000..10000,MOD13Q1 V061 Terra 250m 16-day
SO2505,Rab Dhuure,SO25,Bakool,2018-02-02,0.15059176000000002,0.1516,0.08611309333333333,0.08835000000000001,0.9881422924901185,3750,0.0005270092226613965,0.0,pixel_reliability=0 AND MODLAND_QA(bits0-1)=0 AND VI range -2000..10000,MOD13Q1 V061 Terra 250m 16-day
SO2505,Rab Dhuure,SO25,Bakool,2018-02-18,0.1517255249522771,0.15130000000000002,0.08594199618216525,0.0877,0.9662714097496706,3667,0.0005270092226613965,0.0,pixel_reliability=0 AND MODLAND_QA(bits0-1)=0 AND VI range -2000..10000,MOD13Q1 V061 Terra 250m 16-day
SO2505,Rab Dhuure,SO25,Bakool,2018-03-06,0.15166341807909606,0.1497,0.08836564971751414,0.08940000000000001,0.932806324110672,3540,0.00922266139657444,0.0,pixel_reliability=0 AND MODLAND_QA(bits0-1)=0 AND VI range -2000..10000,MOD13Q1 V061 Terra 250m 16-day
SO2505,Rab Dhuure,SO25,Bakool,2018-03-22,0.19342643742953777,0.19090000000000001,0.10586406426155583,0.10590000000000001,0.9349143610013175,3548,0.015019762845849802,0.0,pixel_reliability=0 AND MODLAND_QA(bits0-1)=0 AND VI range -2000..10000,MOD13Q1 V061 Terra 250m 16-day
SO2505,Rab Dhuure,SO25,Bakool,2018-04-07,0.2988285714285714,0.29505000000000003,0.17383865546218488,0.1748,0.06271409749670619,238,0.558102766798419,0.16574440052700923,pixel_reliability=0 AND MODLAND_QA(bits0-1)=0 AND VI range -2000..10000,MOD13Q1 V061 Terra 250m 16-day
SO2505,Rab Dhuure,SO25,Bakool,2018-04-23,0.4024255319148937,0.3798,0.26518936170212765,0.255,0.01238471673254282,47,0.2616600790513834,0.41870882740447957,pixel_reliability=0 AND MODLAND_QA(bits0-1)=0 AND VI range -2000..10000,MOD13Q1 V061 Terra 250m 16-day
SO2505,Rab Dhuure,SO25,Bakool,2018-05-09,0.42101614019904804,0.40740000000000004,0.26124556469061017,0.25070000000000003,0.6089591567852437,2311,0.1072463768115942,0.02160737812911726,pixel_reliability=0 AND MODLAND_QA(bits0-1)=0 AND VI range -2000..10000,MOD13Q1 V061 Terra 250m 16-day
SO2505,Rab Dhuure,SO25,Bakool,2018-05-25,0.3510849462365591,0.34085,0.2140861559139785,0.21045000000000003,0.19604743083003953,744,0.4914361001317523,0.0013175230566534915,pixel_reliability=0 AND MODLAND_QA(bits0-1)=0 AND VI range -2000..10000,MOD13Q1 V061 Terra 250m 16-day
SO2505,Rab Dhuure,SO25,Bakool,2018-06-10,0.26668915662650605,0.2642,0.1720380722891566,0.16790000000000002,0.10935441370223979,415,0.6845849802371542,0.0047430830039525695,pixel_reliability=0 AND MODLAND_QA(bits0-1)=0 AND VI range -2000..10000,MOD13Q1 V061 Terra 250m 16-day
SO2505,Rab Dhuure,SO25,Bakool,2018-06-26,0.2005,0.19105,0.14168750000000002,0.14285,0.002108036890645586,8,0.9902503293807642,0.001844532279314888,pixel_reliability=0 AND MODLAND_QA(bits0-1)=0 AND VI range -2000..10000,MOD13Q1 V061 Terra 250m 16-day
SO2505,Rab Dhuure,SO25,Bakool,2018-07-12,0.20917427253371185,0.20705,0.12921288147622426,0.13015,0.7425559947299077,2818,0.09723320158102766,0.0,pixel_reliability=0 AND MODLAND_QA(bits0-1)=0 AND VI range -2000..10000,MOD13Q1 V061 Terra 250m 16-day
SO2505,Rab Dhuure,SO25,Bakool,2018-07-28,0.18289005449591283,0.17955000000000002,0.12217738419618529,0.12235000000000001,0.19341238471673255,734,0.5038208168642951,0.0005270092226613965,pixel_reliability=0 AND MODLAND_QA(bits0-1)=0 AND VI range -2000..10000,MOD13Q1 V061 Terra 250m 16-day
SO2505,Rab Dhuure,SO25,Bakool,2018-08-13,0.1843919191919192,0.18150000000000002,0.11752457912457913,0.11520000000000001,0.0782608695652174,297,0.6395256916996047,0.016600790513833993,pixel_reliability=0 AND MODLAND_QA(bits0-1)=0 AND VI range -2000..10000,MOD13Q1 V061 Terra 250m 16-day
SO2505,Rab Dhuure,SO25,Bakool,2018-08-29,0.1867546278317152,0.18560000000000001,0.10929883495145631,0.10990000000000001,0.40711462450592883,1545,0.029776021080368906,0.0,pixel_reliability=0 AND MODLAND_QA(bits0-1)=0 AND VI range -2000..10000,MOD13Q1 V061 Terra 250m 16-day
SO2505,Rab Dhuure,SO25,Bakool,2018-09-14,0.1800079029957204,0.1791,0.10768978601997148,0.1085,0.9235836627140975,3505,0.011330698287220026,0.0,pixel_reliability=0 AND MODLAND_QA(bits0-1)=0 AND VI range -2000..10000,MOD13Q1 V061 Terra 250m 16-day
SO2505,Rab Dhuure,SO25,Bakool,2018-09-30,0.18626958466453675,0.1753,0.11930357827476039,0.1163,0.41238471673254284,1565,0.16337285902503293,0.0,pixel_reliability=0 AND MODLAND_QA(bits0-1)=0 AND VI range -2000..10000,MOD13Q1 V061 Terra 250m 16-day
SO2505,Rab Dhuure,SO25,Bakool,2018-10-16,0.2092792607802875,0.19385000000000002,0.11982982546201232,0.1168,0.5133069828722002,1948,0.0927536231884058,0.0007905138339920949,pixel_reliability=0 AND MODLAND_QA(bits0-1)=0 AND VI range -2000..10000,MOD13Q1 V061 Terra 250m 16-day
SO2505,Rab Dhuure,SO25,Bakool,2018-11-01,0.2170591286307054,0.1978,0.1394234439834025,0.12580000000000002,0.12700922266139658,482,0.5931488801054019,0.00026350461133069827,pixel_reliability=0 AND MODLAND_QA(bits0-1)=0 AND VI range -2000..10000,MOD13Q1 V061 Terra 250m 16-day
SO2505,Rab Dhuure,SO25,Bakool,2018-11-17,0.24421176470588235,0.2311,0.13174571171980243,0.1227,0.5868247694334651,2227,0.05006587615283267,0.00026350461133069827,pixel_reliability=0 AND MODLAND_QA(bits0-1)=0 AND VI range -2000..10000,MOD13Q1 V061 Terra 250m 16-day
SO2505,Rab Dhuure,SO25,Bakool,2018-12-03,0.20143955342902714,0.1947,0.10864836523125997,0.10540000000000001,0.6608695652173913,2508,0.04295125164690382,0.0,pixel_reliability=0 AND MODLAND_QA(bits0-1)=0 AND VI range -2000..10000,MOD13Q1 V061 Terra 250m 16-day
SO2505,Rab Dhuure,SO25,Bakool,2018-12-19,0.18180854184641934,0.17625000000000002,0.10421061259706645,0.1032,0.6108036890645586,2318,0.04479578392621871,0.0,pixel_reliability=0 AND MODLAND_QA(bits0-1)=0 AND VI range -2000..10000,MOD13Q1 V061 Terra 250m 16-day
SO2601,Garbahaarey,SO26,Gedo,2018-01-01,0.2344883151309511,0.23450000000000001,0.13276480754957057,0.1311,0.9590197274761033,9431,0.004067520846044336,0.0,pixel_reliability=0 AND MODLAND_QA(bits0-1)=0 AND VI range -2000..10000,MOD13Q1 V061 Terra 250m 16-day
SO2601,Garbahaarey,SO26,Gedo,2018-01-17,0.21983280632411067,0.2214,0.12481832743915125,0.12490000000000001,0.9776286353467561,9614,0.001016880211511084,0.0,pixel_reliability=0 AND MODLAND_QA(bits0-1)=0 AND VI range -2000..10000,MOD13Q1 V061 Terra 250m 16-day
SO2601,Garbahaarey,SO26,Gedo,2018-02-02,0.21271324640380831,0.2154,0.12258459070681985,0.12340000000000001,0.9826113483831604,9663,0.000508440105755542,0.0,pixel_reliability=0 AND MODLAND_QA(bits0-1)=0 AND VI range -2000..10000,MOD13Q1 V061 Terra 250m 16-day
SO2601,Garbahaarey,SO26,Gedo,2018-02-18,0.216327684224707,0.21910000000000002,0.12211473797655935,0.12250000000000001,0.7548301810046777,7423,0.0008135041692088672,0.0,pixel_reliability=0 AND MODLAND_QA(bits0-1)=0 AND VI range -2000..10000,MOD13Q1 V061 Terra 250m 16-day
SO2601,Garbahaarey,SO26,Gedo,2018-03-06,0.2231525985350541,0.21960000000000002,0.12525048250203466,0.1226,0.8746186699206834,8601,0.018100467764897293,0.0,pixel_reliability=0 AND MODLAND_QA(bits0-1)=0 AND VI range -2000..10000,MOD13Q1 V061 Terra 250m 16-day
SO2601,Garbahaarey,SO26,Gedo,2018-03-22,0.2523788688255484,0.24230000000000002,0.1549021787792867,0.1466,0.6814114297335774,6701,0.03467561521252797,0.0,pixel_reliability=0 AND MODLAND_QA(bits0-1)=0 AND VI range -2000..10000,MOD13Q1 V061 Terra 250m 16-day
SO2601,Garbahaarey,SO26,Gedo,2018-04-07,0.37921583333333336,0.34975,0.20704333333333333,0.18460000000000001,0.012202562538133009,120,0.2637787268659752,0.48820418954647143,pixel_reliability=0 AND MODLAND_QA(bits0-1)=0 AND VI range -2000..10000,MOD13Q1 V061 Terra 250m 16-day
SO2601,Garbahaarey,SO26,Gedo,2018-04-23,0.42574218181818185,0.42210000000000003,0.26779127272727277,0.2619,0.02796420581655481,275,0.30831808013016065,0.34777303233679074,pixel_reliability=0 AND MODLAND_QA(bits0-1)=0 AND VI range -2000..10000,MOD13Q1 V061 Terra 250m 16-day
SO2601,Garbahaarey,SO26,Gedo,2018-05-09,0.4438677987962167,0.45125000000000004,0.2739324161650903,0.27875,0.23652633719747815,2326,0.4767134431563962,0.027760829774252593,pixel_reliability=0 AND MODLAND_QA(bits0-1)=0 AND VI range -2000..10000,MOD13Q1 V061 Terra 250m 16-day
SO2601,Garbahaarey,SO26,Gedo,2018-05-25,0.28129080459770117,0.27105,0.1787264367816092,0.17300000000000001,0.017693715680292862,174,0.7278828553996339,0.08521456172462884,pixel_reliability=0 AND MODLAND_QA(bits0-1)=0 AND VI range -2000..10000,MOD13Q1 V061 Terra 250m 16-day
SO2601,Garbahaarey,SO26,Gedo,2018-06-10,0.32582032346658535,0.31720000000000004,0.2072453768690876,0.2006,0.33323164531218225,3277,0.40004067520846043,0.011694122432377467,pixel_reliability=0 AND MODLAND_QA(bits0-1)=0 AND VI range -2000..10000,MOD13Q1 V061 Terra 250m 16-day
SO2601,Garbahaarey,SO26,Gedo,2018-06-26,0.2928,0.26445,0.19218035714285714,0.17520000000000002,0.00569452918446207,56,0.5922310351840553,0.1451088061826317,pixel_reliability=0 AND MODLAND_QA(bits0-1)=0 AND VI range -2000..10000,MOD13Q1 V061 Terra 250m 16-day
SO2601,Garbahaarey,SO26,Gedo,2018-07-12,0.22624104046242777,0.22210000000000002,0.14301491329479768,0.14,0.08796013829570877,865,0.4790522676428717,0.15426072808623145,pixel_reliability=0 AND MODLAND_QA(bits0-1)=0 AND VI range -2000..10000,MOD13Q1 V061 Terra 250m 16-day
SO2601,Garbahaarey,SO26,Gedo,2018-07-28,0.2415485906040269,0.23820000000000002,0.1523825055928412,0.1496,0.22727272727272727,2235,0.4176327028676022,0.04016676835468782,pixel_reliability=0 AND MODLAND_QA(bits0-1)=0 AND VI range -2000..10000,MOD13Q1 V061 Terra 250m 16-day
SO2601,Garbahaarey,SO26,Gedo,2018-08-13,0.23967962003454235,0.2388,0.13524369602763386,0.13475,0.11775472849298353,1158,0.5560300996542608,0.04687817775066097,pixel_reliability=0 AND MODLAND_QA(bits0-1)=0 AND VI range -2000..10000,MOD13Q1 V061 Terra 250m 16-day
SO2601,Garbahaarey,SO26,Gedo,2018-08-29,0.2209450738916256,0.21930000000000002,0.132395289408867,0.1313,0.33028269269880006,3248,0.3108602806589384,0.0029489526133821436,pixel_reliability=0 AND MODLAND_QA(bits0-1)=0 AND VI range -2000..10000,MOD13Q1 V061 Terra 250m 16-day
SO2601,Garbahaarey,SO26,Gedo,2018-09-14,0.23207586959156468,0.23340000000000002,0.1323941946430736,0.13240000000000002,0.8390278625177954,8251,0.014032946918852958,0.0,pixel_reliability=0 AND MODLAND_QA(bits0-1)=0 AND VI range -2000..10000,MOD13Q1 V061 Terra 250m 16-day
SO2601,Garbahaarey,SO26,Gedo,2018-09-30,0.2413327042329469,0.2406,0.134803235373416,0.13340000000000002,0.7543217408989221,7418,0.03731950376245678,0.0001016880211511084,pixel_reliability=0 AND MODLAND_QA(bits0-1)=0 AND VI range -2000..10000,MOD13Q1 V061 Terra 250m 16-day
SO2601,Garbahaarey,SO26,Gedo,2018-10-16,0.2530243345289787,0.25170000000000003,0.13542261657542007,0.1341,0.5386414480374212,5297,0.16646329062436446,0.011795810453528574,pixel_reliability=0 AND MODLAND_QA(bits0-1)=0 AND VI range -2000..10000,MOD13Q1 V061 Terra 250m 16-day
SO2601,Garbahaarey,SO26,Gedo,2018-11-01,0.4033159420289855,0.4148,0.25905555555555554,0.2661,0.021049420378279438,207,0.7292047996745983,0.08409599349196664,pixel_reliability=0 AND MODLAND_QA(bits0-1)=0 AND VI range -2000..10000,MOD13Q1 V061 Terra 250m 16-day
SO2601,Garbahaarey,SO26,Gedo,2018-11-17,0.4293218245614035,0.4171,0.23883540350877194,0.23190000000000002,0.5796217205613179,5700,0.09456985967053082,0.00254220052877771,pixel_reliability=0 AND MODLAND_QA(bits0-1)=0 AND VI range -2000..10000,MOD13Q1 V061 Terra 250m 16-day
SO2601,Garbahaarey,SO26,Gedo,2018-12-03,0.36251898030127466,0.35225,0.2085272537659328,0.20135000000000003,0.8775676225340655,8630,0.012507626601586334,0.0,pixel_reliability=0 AND MODLAND_QA(bits0-1)=0 AND VI range -2000..10000,MOD13Q1 V061 Terra 250m 16-day
SO2601,Garbahaarey,SO26,Gedo,2018-12-19,0.31095604946524064,0.2988,0.1758833444741533,0.1694,0.912751677852349,8976,0.008745169818995322,0.0,pixel_reliability=0 AND MODLAND_QA(bits0-1)=0 AND VI range -2000..10000,MOD13Q1 V061 Terra 250m 16-day
SO2602,Baardheere,SO26,Gedo,2018-01-01,0.29803835616438357,0.29300000000000004,0.1774975239296154,0.17550000000000002,0.9847048199571058,17447,0.0019753922564623547,0.0,pixel_reliability=0 AND MODLAND_QA(bits0-1)=0 AND VI range -2000..10000,MOD13Q1 V061 Terra 250m 16-day
SO2602,Baardheere,SO26,Gedo,2018-01-17,0.26818745778235736,0.2646,0.1608961875321999,0.159,0.9859464950897392,17469,0.0023704707077548256,0.0,pixel_reliability=0 AND MODLAND_QA(bits0-1)=0 AND VI range -2000..10000,MOD13Q1 V061 Terra 250m 16-day
SO2602,Baardheere,SO26,Gedo,2018-02-02,0.24501060672744424,0.24530000000000002,0.14935490726186734,0.14800000000000002,0.8976746811152501,15905,0.001015916017609211,0.0,pixel_reliability=0 AND MODLAND_QA(bits0-1)=0 AND VI range -2000..10000,MOD13Q1 V061 Terra 250m 16-day
SO2602,Baardheere,SO26,Gedo,2018-02-18,0.2458412142054097,0.24580000000000002,0.1518765425567092,0.15,0.8534258945704933,15121,0.025172141325206007,0.001015916017609211,pixel_reliability=0 AND MODLAND_QA(bits0-1)=0 AND VI range -2000..10000,MOD13Q1 V061 Terra 250m 16-day
SO2602,Baardheere,SO26,Gedo,2018-03-06,0.24322677728408776,0.2422,0.14869452929741742,0.1456,0.8129585732023931,14404,0.0463934981374873,0.0,pixel_reliability=0 AND MODLAND_QA(bits0-1)=0 AND VI range -2000..10000,MOD13Q1 V061 Terra 250m 16-day
SO2602,Baardheere,SO26,Gedo,2018-03-22,0.26716876611005264,0.2582,0.1751887257648773,0.1685,0.5036121458403883,8923,0.16751326334800767,0.013997065131504685,pixel_reliability=0 AND MODLAND_QA(bits0-1)=0 AND VI range -2000..10000,MOD13Q1 V061 Terra 250m 16-day
SO2602,Baardheere,SO26,Gedo,2018-04-07,0.46275931677018634,0.4687,0.29096211180124226,0.28925,0.018173608759453664,322,0.08855401286826955,0.7132294841404222,pixel_reliability=0 AND MODLAND_QA(bits0-1)=0 AND VI range -2000..10000,MOD13Q1 V061 Terra 250m 16-day
SO2602,Baardheere,SO26,Gedo,2018-04-23,0.5362742857142858,0.5688,0.3463,0.3603,0.0019753922564623547,35,0.21255220679534936,0.49040523761146854,pixel_reliability=0 AND MODLAND_QA(bits0-1)=0 AND VI range -2000..10000,MOD13Q1 V061 Terra 250m 16-day
SO2602,Baardheere,SO26,Gedo,2018-05-09,0.5043391304347827,0.5037,0.32596086956521736,0.3165,0.0012981149113895473,23,0.21678519020205442,0.5182300485382098,pixel_reliability=0 AND MODLAND_QA(bits0-1)=0 AND VI range -2000..10000,MOD13Q1 V061 Terra 250m 16-day
SO2602,Baardheere,SO26,Gedo,2018-05-25,0.5072666666666668,0.5007,0.34853333333333336,0.3507,0.0003386386725364037,6,0.4589682808443391,0.25691387289761825,pixel_reliability=0 AND MODLAND_QA(bits0-1)=0 AND VI range -2000..10000,MOD13Q1 V061 Terra 250m 16-day
SO2602,Baardheere,SO26,Gedo,2018-06-10,0.4647102362204725,0.4746,0.26315669291338584,0.26430000000000003,0.0071678519020205445,127,0.4485833615532227,0.2595665424991534,pixel_reliability=0 AND MODLAND_QA(bits0-1)=0 AND VI range -2000..10000,MOD13Q1 V061 Terra 250m 16-day
SO2602,Baardheere,SO26,Gedo,2018-06-26,0.38753434343434334,0.3602,0.22847979797979798,0.2194,0.005587538096850661,99,0.49988712044248784,0.22468675922790382,pixel_reliability=0 AND MODLAND_QA(bits0-1)=0 AND VI range -2000..10000,MOD13Q1 V061 Terra 250m 16-day
SO2602,Baardheere,SO26,Gedo,2018-07-12,0.3411969498910675,0.3386,0.19727468409586058,0.1955,0.1295292922451744,2295,0.520939157918501,0.03233999322722655,pixel_reliability=0 AND MODLAND_QA(bits0-1)=0 AND VI range -2000..10000,MOD13Q1 V061 Terra 250m 16-day
SO2602,Baardheere,SO26,Gedo,2018-07-28,0.2842607142857143,0.2956,0.1819,0.1859,0.0015803138051698837,28,0.39157918500959477,0.2622756518794446,pixel_reliability=0 AND MODLAND_QA(bits0-1)=0 AND VI range -2000..10000,MOD13Q1 V061 Terra 250m 16-day
SO2602,Baardheere,SO26,Gedo,2018-08-13,0.25556818181818186,0.25560000000000005,0.16893636363636363,0.16760000000000003,0.0024833502652669604,44,0.4610565526583136,0.2333784851563382,pixel_reliability=0 AND MODLAND_QA(bits0-1)=0 AND VI range -2000..10000,MOD13Q1 V061 Terra 250m 16-day
SO2602,Baardheere,SO26,Gedo,2018-08-29,0.2519463302752294,0.25305,0.15918394495412844,0.15565,0.012303871768822666,218,0.47268314708206344,0.2062873913534259,pixel_reliability=0 AND MODLAND_QA(bits0-1)=0 AND VI range -2000..10000,MOD13Q1 V061 Terra 250m 16-day
SO2602,Baardheere,SO26,Gedo,2018-09-14,0.25447725203641597,0.25520000000000004,0.14702332295160517,0.1462,0.47115927305564964,8348,0.22350152387402641,0.026413816457839485,pixel_reliability=0 AND MODLAND_QA(bits0-1)=0 AND VI range -2000..10000,MOD13Q1 V061 Terra 250m 16-day
SO2602,Baardheere,SO26,Gedo,2018-09-30,0.2613422308690013,0.2548,0.14322194552529183,0.1413,0.21757534710463936,3855,0.38644316514279264,0.10328479512360311,pixel_reliability=0 AND MODLAND_QA(bits0-1)=0 AND VI range -2000..10000,MOD13Q1 V061 Terra 250m 16-day
SO2602,Baardheere,SO26,Gedo,2018-10-16,0.2799635348135965,0.273,0.15001932565789475,0.1454,0.8235692516085337,14592,0.03250931256349475,0.007393611017044813,pixel_reliability=0 AND MODLAND_QA(bits0-1)=0 AND VI range -2000..10000,MOD13Q1 V061 Terra 250m 16-day
SO2602,Baardheere,SO26,Gedo,2018-11-01,0.5245500000000001,0.5690500000000001,0.31620000000000004,0.3226,0.0002257591150242691,4,0.16514279264025286,0.6531211197652105,pixel_reliability=0 AND MODLAND_QA(bits0-1)=0 AND VI range -2000..10000,MOD13Q1 V061 Terra 250m 16-day
SO2602,Baardheere,SO26,Gedo,2018-11-17,0.5311619290335229,0.5392,0.31503714957851403,0.3166,0.28789931143469916,5101,0.3139180494412462,0.012981149113895474,pixel_reliability=0 AND MODLAND_QA(bits0-1)=0 AND VI range -2000..10000,MOD13Q1 V061 Terra 250m 16-day
SO2602,Baardheere,SO26,Gedo,2018-12-03,0.4290392947945939,0.42565000000000003,0.25676892145055535,0.25425000000000003,0.8435489332881815,14946,0.047522293712608646,0.0,pixel_reliability=0 AND MODLAND_QA(bits0-1)=0 AND VI range -2000..10000,MOD13Q1 V061 Terra 250m 16-day
SO2602,Baardheere,SO26,Gedo,2018-12-19,0.3879037973209086,0.38170000000000004,0.22358425160163076,0.2204,0.9690710012416751,17170,0.0034992662828761713,0.0,pixel_reliability=0 AND MODLAND_QA(bits0-1)=0 AND VI range -2000..10000,MOD13Q1 V061 Terra 250m 16-day
SO2603,Belet Xaawo,SO26,Gedo,2018-01-01,0.24370004537205084,0.2442,0.13454516787658802,0.1336,0.9997731911998186,4408,0.0,0.0,pixel_reliability=0 AND MODLAND_QA(bits0-1)=0 AND VI range -2000..10000,MOD13Q1 V061 Terra 250m 16-day
SO2603,Belet Xaawo,SO26,Gedo,2018-01-17,0.23006091012514224,0.2321,0.12720493742889646,0.127,0.9968246767974598,4395,0.0,0.0,pixel_reliability=0 AND MODLAND_QA(bits0-1)=0 AND VI range -2000..10000,MOD13Q1 V061 Terra 250m 16-day
SO2603,Belet Xaawo,SO26,Gedo,2018-02-02,0.22388577002524673,0.2268,0.12468574707367458,0.125,0.9882059423905648,4357,0.0,0.0,pixel_reliability=0 AND MODLAND_QA(bits0-1)=0 AND VI range -2000..10000,MOD13Q1 V061 Terra 250m 16-day
SO2603,Belet Xaawo,SO26,Gedo,2018-02-18,0.22285919294494924,0.22690000000000002,0.12143800106894709,0.1221,0.8487185302789748,3742,0.0,0.0,pixel_reliability=0 AND MODLAND_QA(bits0-1)=0 AND VI range -2000..10000,MOD13Q1 V061 Terra 250m 16-day
SO2603,Belet Xaawo,SO26,Gedo,2018-03-06,0.2536278795483062,0.24710000000000001,0.133961982434128,0.1272,0.9038330687230665,3985,0.014062145611249716,0.0,pixel_reliability=0 AND MODLAND_QA(bits0-1)=0 AND VI range -2000..10000,MOD13Q1 V061 Terra 250m 16-day
SO2603,Belet Xaawo,SO26,Gedo,2018-03-22,0.2687733128834356,0.2607,0.14912492331288346,0.1427,0.29575867543660694,1304,0.4692674075754139,0.0,pixel_reliability=0 AND MODLAND_QA(bits0-1)=0 AND VI range -2000..10000,MOD13Q1 V061 Terra 250m 16-day
SO2603,Belet Xaawo,SO26,Gedo,2018-04-07,0.46499999999999997,0.46855,0.2559769230769231,0.2529,0.005897028804717623,26,0.635745066908596,0.19210705375368564,pixel_reliability=0 AND MODLAND_QA(bits0-1)=0 AND VI range -2000..10000,MOD13Q1 V061 Terra 250m 16-day
SO2603,Belet Xaawo,SO26,Gedo,2018-04-23,0.43369609609609605,0.4363,0.2745798798798799,0.2746,0.07552733046042187,333,0.30392379224313903,0.29961442503969155,pixel_reliability=0 AND MODLAND_QA(bits0-1)=0 AND VI range -2000..10000,MOD13Q1 V061 Terra 250m 16-day
SO2603,Belet Xaawo,SO26,Gedo,2018-05-09,0.41344100000000006,0.41275000000000006,0.274198,0.27,0.022680880018144705,100,0.49058743479246997,0.21977772737582218,pixel_reliability=0 AND MODLAND_QA(bits0-1)=0 AND VI range -2000..10000,MOD13Q1 V061 Terra 250m 16-day
SO2603,Belet Xaawo,SO26,Gedo,2018-05-25,0.3101182926829268,0.30255,0.19978536585365855,0.19235000000000002,0.03719664322975731,164,0.37922431390337946,0.2812429122249943,pixel_reliability=0 AND MODLAND_QA(bits0-1)=0 AND VI range -2000..10000,MOD13Q1 V061 Terra 250m 16-day
SO2603,Belet Xaawo,SO26,Gedo,2018-06-10,0.3724873343151694,0.3662,0.23099116347569953,0.2269,0.3080063506464051,1358,0.3014288954411431,0.034021320027217056,pixel_reliability=0 AND MODLAND_QA(bits0-1)=0 AND VI range -2000..10000,MOD13Q1 V061 Terra 250m 16-day
SO2603,Belet Xaawo,SO26,Gedo,2018-06-26,0.2606,0.26015,0.183375,0.18610000000000002,0.0009072352007257881,4,0.5835790428668632,0.2077568609662055,pixel_reliability=0 AND MODLAND_QA(bits0-1)=0 AND VI range -2000..10000,MOD13Q1 V061 Terra 250m 16-day
SO2603,Belet Xaawo,SO26,Gedo,2018-07-12,0.26844531384350817,0.2645,0.16041375752364576,0.16060000000000002,0.2637786346110229,1163,0.4883193467906555,0.015649807212519847,pixel_reliability=0 AND MODLAND_QA(bits0-1)=0 AND VI range -2000..10000,MOD13Q1 V061 Terra 250m 16-day
SO2603,Belet Xaawo,SO26,Gedo,2018-07-28,0.27141936090225566,0.2721,0.16067593984962408,0.16060000000000002,0.36198684508958945,1596,0.4629167611703334,0.0004536176003628941,pixel_reliability=0 AND MODLAND_QA(bits0-1)=0 AND VI range -2000..10000,MOD13Q1 V061 Terra 250m 16-day
SO2603,Belet Xaawo,SO26,Gedo,2018-08-13,0.24567912893488575,0.2467,0.13975385942216473,0.1401,0.5259696076207757,2319,0.173508732138807,0.0009072352007257881,pixel_reliability=0 AND MODLAND_QA(bits0-1)=0 AND VI range -2000..10000,MOD13Q1 V061 Terra 250m 16-day
SO2603,Belet Xaawo,SO26,Gedo,2018-08-29,0.24860442973523425,0.2504,0.1354063645621181,0.1356,0.44545248355636197,1964,0.06736221365388977,0.0006804264005443411,pixel_reliability=0 AND MODLAND_QA(bits0-1)=0 AND VI range -2000..10000,MOD13Q1 V061 Terra 250m 16-day
SO2603,Belet Xaawo,SO26,Gedo,2018-09-14,0.24311742027605904,0.2459,0.1357028557829605,0.13605,0.9530505783624404,4202,0.0029485144023588114,0.0,pixel_reliability=0 AND MODLAND_QA(bits0-1)=0 AND VI range -2000..10000,MOD13Q1 V061 Terra 250m 16-day
SO2603,Belet Xaawo,SO26,Gedo,2018-09-30,0.2563456014362657,0.25570000000000004,0.15066561938958706,0.149,0.505330006804264,2228,0.15876616012701292,0.0024948968019959175,pixel_reliability=0 AND MODLAND_QA(bits0-1)=0 AND VI range -2000..10000,MOD13Q1 V061 Terra 250m 16-day
SO2603,Belet Xaawo,SO26,Gedo,2018-10-16,0.2762655988857939,0.2762,0.1474736304549675,0.14355,0.4885461555908369,2154,0.13132229530505785,0.009525969607620775,pixel_reliability=0 AND MODLAND_QA(bits0-1)=0 AND VI range -2000..10000,MOD13Q1 V061 Terra 250m 16-day
SO2603,Belet Xaawo,SO26,Gedo,2018-11-01,,,,,0.0,0,0.32524381946019504,0.36720344749376277,pixel_reliability=0 AND MODLAND_QA(bits0-1)=0 AND VI range -2000..10000,MOD13Q1 V061 Terra 250m 16-day
SO2603,Belet Xaawo,SO26,Gedo,2018-11-17,0.4471336824324324,0.45145,0.24480966216216218,0.24605000000000002,0.6713540485370832,2960,0.09866182807892947,0.005897028804717623,pixel_reliability=0 AND MODLAND_QA(bits0-1)=0 AND VI range -2000..10000,MOD13Q1 V061 Terra 250m 16-day
SO2603,Belet Xaawo,SO26,Gedo,2018-12-03,0.4277540207877462,0.4214,0.24010588074398248,0.2373,0.8292129734633704,3656,0.009072352007257882,0.0,pixel_reliability=0 AND MODLAND_QA(bits0-1)=0 AND VI range -2000..10000,MOD13Q1 V061 Terra 250m 16-day
SO2603,Belet Xaawo,SO26,Gedo,2018-12-19,0.3472783745583039,0.3418,0.19258101295641933,0.18560000000000001,0.9628033567702426,4245,0.0074846904059877525,0.0,pixel_reliability=0 AND MODLAND_QA(bits0-1)=0 AND VI range -2000..10000,MOD13Q1 V061 Terra 250m 16-day
SO2604,Ceel Waaq,SO26,Gedo,2018-01-01,0.2664764267718261,0.262,0.14420484171322162,0.1409,0.9852147636520613,9129,0.0023742715303259228,0.0,pixel_reliability=0 AND MODLAND_QA(bits0-1)=0 AND VI range -2000..10000,MOD13Q1 V061 Terra 250m 16-day
SO2604,Ceel Waaq,SO26,Gedo,2018-01-17,0.2477769728899133,0.2456,0.13480092196246296,0.13240000000000002,0.9832721778545219,9111,0.0017267429311461256,0.0,pixel_reliability=0 AND MODLAND_QA(bits0-1)=0 AND VI range -2000..10000,MOD13Q1 V061 Terra 250m 16-day
SO2604,Ceel Waaq,SO26,Gedo,2018-02-02,0.23978475643433123,0.2389,0.13131654700099415,0.1303,0.9770127347291172,9053,0.0008633714655730628,0.0,pixel_reliability=0 AND MODLAND_QA(bits0-1)=0 AND VI range -2000..10000,MOD13Q1 V061 Terra 250m 16-day
SO2604,Ceel Waaq,SO26,Gedo,2018-02-18,0.24323870034201525,0.2426,0.13015148645093394,0.1287,0.8204187351608029,7602,0.011223829052449816,0.0,pixel_reliability=0 AND MODLAND_QA(bits0-1)=0 AND VI range -2000..10000,MOD13Q1 V061 Terra 250m 16-day
SO2604,Ceel Waaq,SO26,Gedo,2018-03-06,0.296090557787757,0.28350000000000003,0.16090770503427088,0.1517,0.9132311677099072,8462,0.028491258363911073,0.0,pixel_reliability=0 AND MODLAND_QA(bits0-1)=0 AND VI range -2000..10000,MOD13Q1 V061 Terra 250m 16-day
SO2604,Ceel Waaq,SO26,Gedo,2018-03-22,0.33727135009507714,0.329,0.20871895203887597,0.2024,0.5107921433196633,4733,0.3157781135333477,0.0006475285991797971,pixel_reliability=0 AND MODLAND_QA(bits0-1)=0 AND VI range -2000..10000,MOD13Q1 V061 Terra 250m 16-day
SO2604,Ceel Waaq,SO26,Gedo,2018-04-07,0.5128948051948052,0.5207,0.2947818181818182,0.29550000000000004,0.00830995035614073,77,0.4469026548672566,0.3561407295488884,pixel_reliability=0 AND MODLAND_QA(bits0-1)=0 AND VI range -2000..10000,MOD13Q1 V061 Terra 250m 16-day
SO2604,Ceel Waaq,SO26,Gedo,2018-04-23,0.5573447368421053,0.5364500000000001,0.34789473684210526,0.33094999999999997,0.008202028922944096,76,0.3047701273472912,0.3754586660910857,pixel_reliability=0 AND MODLAND_QA(bits0-1)=0 AND VI range -2000..10000,MOD13Q1 V061 Terra 250m 16-day
SO2604,Ceel Waaq,SO26,Gedo,2018-05-09,0.4989,0.4989,0.3055,0.3055,0.00010792143319663285,1,0.2769263975825599,0.4451759119361105,pixel_reliability=0 AND MODLAND_QA(bits0-1)=0 AND VI range -2000..10000,MOD13Q1 V061 Terra 250m 16-day
SO2604,Ceel Waaq,SO26,Gedo,2018-05-25,,,,,0.0,0,0.47161666306928557,0.25545003237642994,pixel_reliability=0 AND MODLAND_QA(bits0-1)=0 AND VI range -2000..10000,MOD13Q1 V061 Terra 250m 16-day
SO2604,Ceel Waaq,SO26,Gedo,2018-06-10,0.4035605263157895,0.40125,0.23035657894736844,0.22625,0.008202028922944096,76,0.48273257068853875,0.19674077271746168,pixel_reliability=0 AND MODLAND_QA(bits0-1)=0 AND VI range -2000..10000,MOD13Q1 V061 Terra 250m 16-day
SO2604,Ceel Waaq,SO26,Gedo,2018-06-26,0.4260901639344262,0.4187,0.23371967213114753,0.223,0.0065832074249946035,61,0.49751780703647747,0.26138571120224474,pixel_reliability=0 AND MODLAND_QA(bits0-1)=0 AND VI range -2000..10000,MOD13Q1 V061 Terra 250m 16-day
SO2604,Ceel Waaq,SO26,Gedo,2018-07-12,0.3200888888888888,0.32180000000000003,0.1922444444444444,0.18960000000000002,0.002913878696309087,27,0.6056550830995036,0.11936110511547593,pixel_reliability=0 AND MODLAND_QA(bits0-1)=0 AND VI range -2000..10000,MOD13Q1 V061 Terra 250m 16-day
SO2604,Ceel Waaq,SO26,Gedo,2018-07-28,0.2833018691588785,0.28190000000000004,0.16662897196261686,0.1652,0.011547593352039715,107,0.4133390891431038,0.23839844593136197,pixel_reliability=0 AND MODLAND_QA(bits0-1)=0 AND VI range -2000..10000,MOD13Q1 V061 Terra 250m 16-day
SO2604,Ceel Waaq,SO26,Gedo,2018-08-13,0.2875194847020934,0.2849,0.16691739130434782,0.164,0.06701921001510901,621,0.4506799050291388,0.1777466004748543,pixel_reliability=0 AND MODLAND_QA(bits0-1)=0 AND VI range -2000..10000,MOD13Q1 V061 Terra 250m 16-day
SO2604,Ceel Waaq,SO26,Gedo,2018-08-29,0.28026859504132234,0.27745000000000003,0.1508223140495868,0.15005000000000002,0.02611698683358515,242,0.5998273257068854,0.1047917116339305,pixel_reliability=0 AND MODLAND_QA(bits0-1)=0 AND VI range -2000..10000,MOD13Q1 V061 Terra 250m 16-day
SO2604,Ceel Waaq,SO26,Gedo,2018-09-14,0.276624017016888,0.2753,0.15224649993554207,0.1509,0.8371465573062811,7757,0.02644075113317505,0.0,pixel_reliability=0 AND MODLAND_QA(bits0-1)=0 AND VI range -2000..10000,MOD13Q1 V061 Terra 250m 16-day
SO2604,Ceel Waaq,SO26,Gedo,2018-09-30,0.30567698975571317,0.2963,0.15393349093774628,0.14780000000000001,0.1369522987265271,1269,0.5368012087200518,0.07673213900280595,pixel_reliability=0 AND MODLAND_QA(bits0-1)=0 AND VI range -2000..10000,MOD13Q1 V061 Terra 250m 16-day
SO2604,Ceel Waaq,SO26,Gedo,2018-10-16,0.32185651980418334,0.30560000000000004,0.16748047767393565,0.1554,0.7274983811785021,6741,0.10015109000647529,0.00032376429958989856,pixel_reliability=0 AND MODLAND_QA(bits0-1)=0 AND VI range -2000..10000,MOD13Q1 V061 Terra 250m 16-day
SO2604,Ceel Waaq,SO26,Gedo,2018-11-01,0.53145,0.53145,0.31925000000000003,0.31925000000000003,0.0002158428663932657,2,0.23364990287071014,0.5153248435139218,pixel_reliability=0 AND MODLAND_QA(bits0-1)=0 AND VI range -2000..10000,MOD13Q1 V061 Terra 250m 16-day
SO2604,Ceel Waaq,SO26,Gedo,2018-11-17,0.5732568716780562,0.5715,0.31836461655277143,0.31625000000000003,0.28426505503993094,2634,0.3472911720267645,0.04996762357004101,pixel_reliability=0 AND MODLAND_QA(bits0-1)=0 AND VI range -2000..10000,MOD13Q1 V061 Terra 250m 16-day
SO2604,Ceel Waaq,SO26,Gedo,2018-12-03,0.47108271371063226,0.46040000000000003,0.26186654037414164,0.2564,0.911504424778761,8446,0.02007338657457371,0.0,pixel_reliability=0 AND MODLAND_QA(bits0-1)=0 AND VI range -2000..10000,MOD13Q1 V061 Terra 250m 16-day
SO2604,Ceel Waaq,SO26,Gedo,2018-12-19,0.4075276000947643,0.39935000000000004,0.20984078417436627,0.2049,0.9110727390459745,8442,0.012303043384416144,0.0,pixel_reliability=0 AND MODLAND_QA(bits0-1)=0 AND VI range -2000..10000,MOD13Q1 V061 Terra 250m 16-day
SO2605,Doolow,SO26,Gedo,2018-01-01,0.19503324579831932,0.1772,0.12063755252100841,0.10835,0.9906347554630593,1904,0.001040582726326743,0.0,pixel_reliability=0 AND MODLAND_QA(bits0-1)=0 AND VI range -2000..10000,MOD13Q1 V061 Terra 250m 16-day
SO2605,Doolow,SO26,Gedo,2018-01-17,0.18299425711275027,0.16770000000000002,0.11326032665964174,0.10310000000000001,0.9875130072840791,1898,0.0005202913631633715,0.0,pixel_reliability=0 AND MODLAND_QA(bits0-1)=0 AND VI range -2000..10000,MOD13Q1 V061 Terra 250m 16-day
SO2605,Doolow,SO26,Gedo,2018-02-02,0.18026456029489205,0.1663,0.11101263823064772,0.1017,0.9880332986472424,1899,0.0,0.0,pixel_reliability=0 AND MODLAND_QA(bits0-1)=0 AND VI range -2000..10000,MOD13Q1 V061 Terra 250m 16-day
SO2605,Doolow,SO26,Gedo,2018-02-18,0.17408351783517834,0.16290000000000002,0.10646955719557197,0.09910000000000001,0.8459937565036421,1626,0.0026014568158168575,0.0,pixel_reliability=0 AND MODLAND_QA(bits0-1)=0 AND VI range -2000..10000,MOD13Q1 V061 Terra 250m 16-day
SO2605,Doolow,SO26,Gedo,2018-03-06,0.1718949141767324,0.16290000000000002,0.10367418944691674,0.09860000000000001,0.8184183142559833,1573,0.01404786680541103,0.0,pixel_reliability=0 AND MODLAND_QA(bits0-1)=0 AND VI range -2000..10000,MOD13Q1 V061 Terra 250m 16-day
SO2605,Doolow,SO26,Gedo,2018-03-22,0.17954578313253014,0.1703,0.11081402753872632,0.10665,0.6045785639958376,1162,0.06815816857440167,0.0005202913631633715,pixel_reliability=0 AND MODLAND_QA(bits0-1)=0 AND VI range -2000..10000,MOD13Q1 V061 Terra 250m 16-day
SO2605,Doolow,SO26,Gedo,2018-04-07,0.2629182692307693,0.22955000000000003,0.15725769230769232,0.1384,0.10822060353798127,208,0.6129032258064516,0.09625390218522373,pixel_reliability=0 AND MODLAND_QA(bits0-1)=0 AND VI range -2000..10000,MOD13Q1 V061 Terra 250m 16-day
SO2605,Doolow,SO26,Gedo,2018-04-23,0.30129999999999996,0.2746,0.20030888888888893,0.1771,0.023413111342351717,45,0.35744016649323623,0.2627471383975026,pixel_reliability=0 AND MODLAND_QA(bits0-1)=0 AND VI range -2000..10000,MOD13Q1 V061 Terra 250m 16-day
SO2605,Doolow,SO26,Gedo,2018-05-09,0.2892189349112426,0.2826,0.19399704142011834,0.1887,0.08792924037460978,169,0.4583766909469303,0.08168574401664933,pixel_reliability=0 AND MODLAND_QA(bits0-1)=0 AND VI range -2000..10000,MOD13Q1 V061 Terra 250m 16-day
SO2605,Doolow,SO26,Gedo,2018-05-25,0.26175454545454546,0.25760000000000005,0.16852045454545456,0.16720000000000002,0.022892819979188347,44,0.627471383975026,0.07960457856399583,pixel_reliability=0 AND MODLAND_QA(bits0-1)=0 AND VI range -2000..10000,MOD13Q1 V061 Terra 250m 16-day
SO2605,Doolow,SO26,Gedo,2018-06-10,0.2611347280334728,0.24760000000000001,0.17174100418410043,0.16315000000000002,0.24869927159209157,478,0.31789802289282,0.0026014568158168575,pixel_reliability=0 AND MODLAND_QA(bits0-1)=0 AND VI range -2000..10000,MOD13Q1 V061 Terra 250m 16-day
SO2605,Doolow,SO26,Gedo,2018-06-26,0.23105000000000003,0.23105000000000003,0.15445,0.15445,0.001040582726326743,2,0.9604578563995838,0.006243496357960458,pixel_reliability=0 AND MODLAND_QA(bits0-1)=0 AND VI range -2000..10000,MOD13Q1 V061 Terra 250m 16-day
SO2605,Doolow,SO26,Gedo,2018-07-12,0.20085337001375514,0.18885000000000002,0.1252700137551582,0.1177,0.7565036420395421,1454,0.06607700312174818,0.0,pixel_reliability=0 AND MODLAND_QA(bits0-1)=0 AND VI range -2000..10000,MOD13Q1 V061 Terra 250m 16-day
SO2605,Doolow,SO26,Gedo,2018-07-28,0.18088159509202456,0.17335,0.11913803680981595,0.11285,0.1696149843912591,326,0.6373569198751301,0.0,pixel_reliability=0 AND MODLAND_QA(bits0-1)=0 AND VI range -2000..10000,MOD13Q1 V061 Terra 250m 16-day
SO2605,Doolow,SO26,Gedo,2018-08-13,0.19223192727272725,0.1809,0.11842247272727276,0.11220000000000001,0.7154006243496358,1375,0.08012486992715921,0.0015608740894901144,pixel_reliability=0 AND MODLAND_QA(bits0-1)=0 AND VI range -2000..10000,MOD13Q1 V061 Terra 250m 16-day
SO2605,Doolow,SO26,Gedo,2018-08-29,0.18500061728395062,0.17755,0.11211102292768961,0.1077,0.5900104058272633,1134,0.015088449531737774,0.0,pixel_reliability=0 AND MODLAND_QA(bits0-1)=0 AND VI range -2000..10000,MOD13Q1 V061 Terra 250m 16-day
SO2605,Doolow,SO26,Gedo,2018-09-14,0.18303280091272103,0.1744,0.11369275527666857,0.1087,0.9120707596253902,1753,0.04422476586888657,0.0005202913631633715,pixel_reliability=0 AND MODLAND_QA(bits0-1)=0 AND VI range -2000..10000,MOD13Q1 V061 Terra 250m 16-day
SO2605,Doolow,SO26,Gedo,2018-09-30,0.18034546232876714,0.1733,0.11490265410958904,0.1097,0.6077003121748179,1168,0.04422476586888657,0.0,pixel_reliability=0 AND MODLAND_QA(bits0-1)=0 AND VI range -2000..10000,MOD13Q1 V061 Terra 250m 16-day
SO2605,Doolow,SO26,Gedo,2018-10-16,0.18362716612377852,0.17350000000000002,0.11312201954397397,0.1076,0.7986472424557752,1535,0.04214360041623309,0.0036420395421436005,pixel_reliability=0 AND MODLAND_QA(bits0-1)=0 AND VI range -2000..10000,MOD13Q1 V061 Terra 250m 16-day
SO2605,Doolow,SO26,Gedo,2018-11-01,0.18135806451612904,0.18030000000000002,0.11984516129032258,0.12005000000000002,0.03225806451612903,62,0.540582726326743,0.2060353798126951,pixel_reliability=0 AND MODLAND_QA(bits0-1)=0 AND VI range -2000..10000,MOD13Q1 V061 Terra 250m 16-day
SO2605,Doolow,SO26,Gedo,2018-11-17,0.24575041698256253,0.2243,0.14524154662623198,0.1313,0.686264308012487,1319,0.05983350676378772,0.005723204994797087,pixel_reliability=0 AND MODLAND_QA(bits0-1)=0 AND VI range -2000..10000,MOD13Q1 V061 Terra 250m 16-day
SO2605,Doolow,SO26,Gedo,2018-12-03,0.25365048476454294,0.23170000000000002,0.15972770083102494,0.14435,0.7513007284079084,1444,0.011966701352757543,0.0,pixel_reliability=0 AND MODLAND_QA(bits0-1)=0 AND VI range -2000..10000,MOD13Q1 V061 Terra 250m 16-day
SO2605,Doolow,SO26,Gedo,2018-12-19,0.2384056562328391,0.2142,0.14590532674354753,0.129,0.9474505723204995,1821,0.006243496357960458,0.0,pixel_reliability=0 AND MODLAND_QA(bits0-1)=0 AND VI range -2000..10000,MOD13Q1 V061 Terra 250m 16-day
SO2606,Luuq,SO26,Gedo,2018-01-01,0.19023718016215646,0.18510000000000001,0.11243502158576392,0.11120000000000001,0.958228231258198,9497,0.005549389567147614,0.0,pixel_reliability=0 AND MODLAND_QA(bits0-1)=0 AND VI range -2000..10000,MOD13Q1 V061 Terra 250m 16-day
SO2606,Luuq,SO26,Gedo,2018-01-17,0.17772937823834198,0.1739,0.10518130569948186,0.10500000000000001,0.9736656240540813,9650,0.002118857834729089,0.0,pixel_reliability=0 AND MODLAND_QA(bits0-1)=0 AND VI range -2000..10000,MOD13Q1 V061 Terra 250m 16-day
SO2606,Luuq,SO26,Gedo,2018-02-02,0.17318059670781893,0.1695,0.1035029218106996,0.1038,0.9807284835031783,9720,0.001311673897689436,0.0,pixel_reliability=0 AND MODLAND_QA(bits0-1)=0 AND VI range -2000..10000,MOD13Q1 V061 Terra 250m 16-day
SO2606,Luuq,SO26,Gedo,2018-02-18,0.17525707345286293,0.1708,0.10323412377096589,0.1033,0.8722631419634749,8645,0.002623347795378872,0.0,pixel_reliability=0 AND MODLAND_QA(bits0-1)=0 AND VI range -2000..10000,MOD13Q1 V061 Terra 250m 16-day
SO2606,Luuq,SO26,Gedo,2018-03-06,0.1751192544497929,0.16970000000000002,0.1045380499272361,0.10210000000000001,0.9013217636969024,8933,0.016042780748663103,0.0,pixel_reliability=0 AND MODLAND_QA(bits0-1)=0 AND VI range -2000..10000,MOD13Q1 V061 Terra 250m 16-day
SO2606,Luuq,SO26,Gedo,2018-03-22,0.20393931874229348,0.1932,0.12274839704069052,0.11570000000000001,0.6546261729391585,6488,0.022197558268590455,0.0,pixel_reliability=0 AND MODLAND_QA(bits0-1)=0 AND VI range -2000..10000,MOD13Q1 V061 Terra 250m 16-day
SO2606,Luuq,SO26,Gedo,2018-04-07,0.23947028985507246,0.21860000000000002,0.13820797101449275,0.1288,0.013923922913934014,138,0.634951064473817,0.18898193925940873,pixel_reliability=0 AND MODLAND_QA(bits0-1)=0 AND VI range -2000..10000,MOD13Q1 V061 Terra 250m 16-day
SO2606,Luuq,SO26,Gedo,2018-04-23,0.3467111111111112,0.34950000000000003,0.23360370370370373,0.23270000000000002,0.0027242457875088287,27,0.20472202603168196,0.5305216426193119,pixel_reliability=0 AND MODLAND_QA(bits0-1)=0 AND VI range -2000..10000,MOD13Q1 V061 Terra 250m 16-day
SO2606,Luuq,SO26,Gedo,2018-05-09,0.37326400000000004,0.3531,0.22960550753768844,0.2179,0.5019675108465341,4975,0.16052870547876097,0.009686207244475834,pixel_reliability=0 AND MODLAND_QA(bits0-1)=0 AND VI range -2000..10000,MOD13Q1 V061 Terra 250m 16-day
SO2606,Luuq,SO26,Gedo,2018-05-25,0.3426782376502003,0.3297,0.20545527369826436,0.19895000000000002,0.15114519221067502,1498,0.5692664715972152,0.010089799212995661,pixel_reliability=0 AND MODLAND_QA(bits0-1)=0 AND VI range -2000..10000,MOD13Q1 V061 Terra 250m 16-day
SO2606,Luuq,SO26,Gedo,2018-06-10,0.29516229787234044,0.2838,0.1973009361702128,0.189,0.11855514075269902,1175,0.6215316315205327,0.016849964685702754,pixel_reliability=0 AND MODLAND_QA(bits0-1)=0 AND VI range -2000..10000,MOD13Q1 V061 Terra 250m 16-day
SO2606,Luuq,SO26,Gedo,2018-06-26,0.24257333333333328,0.248,0.16124,0.1603,0.0015134698819493492,15,0.8684290182625366,0.039552012914942994,pixel_reliability=0 AND MODLAND_QA(bits0-1)=0 AND VI range -2000..10000,MOD13Q1 V061 Terra 250m 16-day
SO2606,Luuq,SO26,Gedo,2018-07-12,0.20049887600983496,0.19440000000000002,0.12483055848261328,0.1227,0.2872565835939865,2847,0.3399253354858238,0.0890929270507517,pixel_reliability=0 AND MODLAND_QA(bits0-1)=0 AND VI range -2000..10000,MOD13Q1 V061 Terra 250m 16-day
SO2606,Luuq,SO26,Gedo,2018-07-28,0.21513480837613594,0.2162,0.1409739233504544,0.14350000000000002,0.2553728180809202,2531,0.4283119765916658,0.004843103622237917,pixel_reliability=0 AND MODLAND_QA(bits0-1)=0 AND VI range -2000..10000,MOD13Q1 V061 Terra 250m 16-day
SO2606,Luuq,SO26,Gedo,2018-08-13,0.18137290909090908,0.1807,0.1134909090909091,0.1136,0.05549389567147614,550,0.6151750580163454,0.061547775199273534,pixel_reliability=0 AND MODLAND_QA(bits0-1)=0 AND VI range -2000..10000,MOD13Q1 V061 Terra 250m 16-day
SO2606,Luuq,SO26,Gedo,2018-08-29,0.19299844497607654,0.1877,0.11458281997607654,0.11420000000000001,0.6748057713651499,6688,0.06084148925436384,0.0,pixel_reliability=0 AND MODLAND_QA(bits0-1)=0 AND VI range -2000..10000,MOD13Q1 V061 Terra 250m 16-day
SO2606,Luuq,SO26,Gedo,2018-09-14,0.1868101399795152,0.1816,0.11240682826903381,0.1126,0.8865906568459287,8787,0.022802946221370194,0.0,pixel_reliability=0 AND MODLAND_QA(bits0-1)=0 AND VI range -2000..10000,MOD13Q1 V061 Terra 250m 16-day
SO2606,Luuq,SO26,Gedo,2018-09-30,0.1963119981682186,0.1897,0.1247721721874523,0.1208,0.6609827464433458,6551,0.08586419130259308,0.0019170618504691756,pixel_reliability=0 AND MODLAND_QA(bits0-1)=0 AND VI range -2000..10000,MOD13Q1 V061 Terra 250m 16-day
SO2606,Luuq,SO26,Gedo,2018-10-16,0.20442088091353997,0.1917,0.11920606851549757,0.11675,0.618504691756634,6130,0.08334174149934416,0.0024215518111189585,pixel_reliability=0 AND MODLAND_QA(bits0-1)=0 AND VI range -2000..10000,MOD13Q1 V061 Terra 250m 16-day
SO2606,Luuq,SO26,Gedo,2018-11-01,0.25248991031390133,0.20800000000000002,0.1676671524663677,0.1379,0.0900010089799213,892,0.6469579255372818,0.011603269094945011,pixel_reliability=0 AND MODLAND_QA(bits0-1)=0 AND VI range -2000..10000,MOD13Q1 V061 Terra 250m 16-day
SO2606,Luuq,SO26,Gedo,2018-11-17,0.3188416580768665,0.2902,0.1758745545575026,0.1613,0.6851982645545354,6791,0.0783977398849763,0.0037332257088083945,pixel_reliability=0 AND MODLAND_QA(bits0-1)=0 AND VI range -2000..10000,MOD13Q1 V061 Terra 250m 16-day
SO2606,Luuq,SO26,Gedo,2018-12-03,0.26087793827160494,0.25035,0.15268611111111113,0.1482,0.8172737362526485,8100,0.039854706891332865,0.0,pixel_reliability=0 AND MODLAND_QA(bits0-1)=0 AND VI range -2000..10000,MOD13Q1 V061 Terra 250m 16-day
SO2606,Luuq,SO26,Gedo,2018-12-19,0.23500295157946094,0.22060000000000002,0.14117310647639958,0.13190000000000002,0.8272626374735143,8199,0.035616991221874686,0.0,pixel_reliability=0 AND MODLAND_QA(bits0-1)=0 AND VI range -2000..10000,MOD13Q1 V061 Terra 250m 16-day
SO2701,Bu'aale,SO27,Middle Juba,2018-01-01,0.42480777868185515,0.4319,0.24517866558177384,0.2424,0.9580604926722794,6145,0.0031181789834736516,0.0,pixel_reliability=0 AND MODLAND_QA(bits0-1)=0 AND VI range -2000..10000,MOD13Q1 V061 Terra 250m 16-day
SO2701,Bu'aale,SO27,Middle Juba,2018-01-17,0.37736199478487614,0.3788,0.22121841590612779,0.2175,0.9566573121297163,6136,0.0038977237293420642,0.0,pixel_reliability=0 AND MODLAND_QA(bits0-1)=0 AND VI range -2000..10000,MOD13Q1 V061 Terra 250m 16-day
SO2701,Bu'aale,SO27,Middle Juba,2018-02-02,0.34046435064935066,0.3378,0.2038720454545455,0.19990000000000002,0.9603991269098846,6160,0.001403180542563143,0.0,pixel_reliability=0 AND MODLAND_QA(bits0-1)=0 AND VI range -2000..10000,MOD13Q1 V061 Terra 250m 16-day
SO2701,Bu'aale,SO27,Middle Juba,2018-02-18,0.32314863835459917,0.32180000000000003,0.21857804227766137,0.2137,0.8186778921110072,5251,0.01637043966323667,0.0,pixel_reliability=0 AND MODLAND_QA(bits0-1)=0 AND VI range -2000..10000,MOD13Q1 V061 Terra 250m 16-day
SO2701,Bu'aale,SO27,Middle Juba,2018-03-06,0.3258818950265382,0.3235,0.19996331826223707,0.19640000000000002,0.7931088244465232,5087,0.04848768319301528,0.0,pixel_reliability=0 AND MODLAND_QA(bits0-1)=0 AND VI range -2000..10000,MOD13Q1 V061 Terra 250m 16-day
SO2701,Bu'aale,SO27,Middle Juba,2018-03-22,0.4760562962962963,0.4879,0.31703259259259253,0.3375,0.021047708138447148,135,0.5475522294979732,0.11116308076083567,pixel_reliability=0 AND MODLAND_QA(bits0-1)=0 AND VI range -2000..10000,MOD13Q1 V061 Terra 250m 16-day
SO2701,Bu'aale,SO27,Middle Juba,2018-04-07,0.48618268792710706,0.45930000000000004,0.2665305239179955,0.2444,0.06844402868724665,439,0.11599625818521983,0.5760835671967571,pixel_reliability=0 AND MODLAND_QA(bits0-1)=0 AND VI range -2000..10000,MOD13Q1 V061 Terra 250m 16-day
SO2701,Bu'aale,SO27,Middle Juba,2018-04-23,0.7066250000000001,0.71235,0.461125,0.46145,0.0006236357966947302,4,0.18459619582164016,0.5300904271905207,pixel_reliability=0 AND MODLAND_QA(bits0-1)=0 AND VI range -2000..10000,MOD13Q1 V061 Terra 250m 16-day
SO2701,Bu'aale,SO27,Middle Juba,2018-05-09,0.7375058823529412,0.743,0.45664705882352946,0.46740000000000004,0.0026504521359526035,17,0.38868101028999064,0.3048019956345494,pixel_reliability=0 AND MODLAND_QA(bits0-1)=0 AND VI range -2000..10000,MOD13Q1 V061 Terra 250m 16-day
SO2701,Bu'aale,SO27,Middle Juba,2018-05-25,0.6513,0.6564,0.43816666666666665,0.4616,0.0004677268475210477,3,0.5062363579669473,0.24586841284689742,pixel_reliability=0 AND MODLAND_QA(bits0-1)=0 AND VI range -2000..10000,MOD13Q1 V061 Terra 250m 16-day
SO2701,Bu'aale,SO27,Middle Juba,2018-06-10,0.5387571428571428,0.5248,0.35224285714285714,0.3483,0.001091362644215778,7,0.49064546304957907,0.1941066417212348,pixel_reliability=0 AND MODLAND_QA(bits0-1)=0 AND VI range -2000..10000,MOD13Q1 V061 Terra 250m 16-day
SO2701,Bu'aale,SO27,Middle Juba,2018-06-26,0.7209200000000001,0.737,0.5171600000000001,0.5329,0.0007795447458684129,5,0.4909572809479264,0.2246647957592766,pixel_reliability=0 AND MODLAND_QA(bits0-1)=0 AND VI range -2000..10000,MOD13Q1 V061 Terra 250m 16-day
SO2701,Bu'aale,SO27,Middle Juba,2018-07-12,0.465,0.448,0.2817290909090909,0.2672,0.008574992204552542,55,0.45681322107888994,0.22871842843779233,pixel_reliability=0 AND MODLAND_QA(bits0-1)=0 AND VI range -2000..10000,MOD13Q1 V061 Terra 250m 16-day
SO2701,Bu'aale,SO27,Middle Juba,2018-07-28,0.4490833333333334,0.42725,0.26525,0.2539,0.002806361085126286,18,0.3682569379482382,0.30807608356719673,pixel_reliability=0 AND MODLAND_QA(bits0-1)=0 AND VI range -2000..10000,MOD13Q1 V061 Terra 250m 16-day
SO2701,Bu'aale,SO27,Middle Juba,2018-08-13,0.43735636363636365,0.46435000000000004,0.27167636363636366,0.28595000000000004,0.017149984409105083,110,0.538821328344247,0.14250077954474588,pixel_reliability=0 AND MODLAND_QA(bits0-1)=0 AND VI range -2000..10000,MOD13Q1 V061 Terra 250m 16-day
SO2701,Bu'aale,SO27,Middle Juba,2018-08-29,0.5312984126984127,0.5556,0.35406984126984126,0.35250000000000004,0.009822263797942002,63,0.3995946367321484,0.254911131898971,pixel_reliability=0 AND MODLAND_QA(bits0-1)=0 AND VI range -2000..10000,MOD13Q1 V061 Terra 250m 16-day
SO2701,Bu'aale,SO27,Middle Juba,2018-09-14,0.5414857142857142,0.5436,0.3815857142857143,0.37520000000000003,0.001091362644215778,7,0.4223573433115061,0.22949797318366075,pixel_reliability=0 AND MODLAND_QA(bits0-1)=0 AND VI range -2000..10000,MOD13Q1 V061 Terra 250m 16-day
SO2701,Bu'aale,SO27,Middle Juba,2018-09-30,0.4095823959326343,0.4181,0.21150416269462985,0.21200000000000002,0.49064546304957907,3147,0.22372934206423448,0.01948861864671032,pixel_reliability=0 AND MODLAND_QA(bits0-1)=0 AND VI range -2000..10000,MOD13Q1 V061 Terra 250m 16-day
SO2701,Bu'aale,SO27,Middle Juba,2018-10-16,0.436102571860817,0.44200000000000006,0.2364426626323752,0.23285,0.20611163080760836,1322,0.3122856251948862,0.13111942625506703,pixel_reliability=0 AND MODLAND_QA(bits0-1)=0 AND VI range -2000..10000,MOD13Q1 V061 Terra 250m 16-day
SO2701,Bu'aale,SO27,Middle Juba,2018-11-01,0.7282519999999999,0.739,0.45071599999999995,0.443,0.0038977237293420642,25,0.2736202057998129,0.43405051449953225,pixel_reliability=0 AND MODLAND_QA(bits0-1)=0 AND VI range -2000..10000,MOD13Q1 V061 Terra 250m 16-day
SO2701,Bu'aale,SO27,Middle Juba,2018-11-17,0.6302603410341034,0.65125,0.38517816281628164,0.3821,0.28344246959775493,1818,0.483785469285937,0.0018709073900841909,pixel_reliability=0 AND MODLAND_QA(bits0-1)=0 AND VI range -2000..10000,MOD13Q1 V061 Terra 250m 16-day
SO2701,Bu'aale,SO27,Middle Juba,2018-12-03,0.5768199103837912,0.5848,0.33965176310150014,0.3407,0.8002806361085126,5133,0.06002494543186779,0.0,pixel_reliability=0 AND MODLAND_QA(bits0-1)=0 AND VI range -2000..10000,MOD13Q1 V061 Terra 250m 16-day
SO2701,Bu'aale,SO27,Middle Juba,2018-12-19,0.5295837911619177,0.5374,0.30428612864698856,0.3043,0.9137823511069535,5861,0.002182725288431556,0.0,pixel_reliability=0 AND MODLAND_QA(bits0-1)=0 AND VI range -2000..10000,MOD13Q1 V061 Terra 250m 16-day
SO2702,Jilib,SO27,Middle Juba,2018-01-01,0.4377922268041237,0.46130000000000004,0.2679195051546392,0.2667,0.7649842271293376,4850,0.032649842271293375,0.00047318611987381704,pixel_reliability=0 AND MODLAND_QA(bits0-1)=0 AND VI range -2000..10000,MOD13Q1 V061 Terra 250m 16-day
SO2702,Jilib,SO27,Middle Juba,2018-01-17,0.4080159930042752,0.42000000000000004,0.2308497473766032,0.22990000000000002,0.8116719242902208,5146,0.03138801261829653,0.0001577287066246057,pixel_reliability=0 AND MODLAND_QA(bits0-1)=0 AND VI range -2000..10000,MOD13Q1 V061 Terra 250m 16-day
SO2702,Jilib,SO27,Middle Juba,2018-02-02,0.3703653975653976,0.3781,0.22172939652939655,0.2182,0.6089905362776026,3861,0.07760252365930599,0.0011041009463722397,pixel_reliability=0 AND MODLAND_QA(bits0-1)=0 AND VI range -2000..10000,MOD13Q1 V061 Terra 250m 16-day
SO2702,Jilib,SO27,Middle Juba,2018-02-18,0.3230849386503068,0.33280000000000004,0.21269634969325155,0.2144,0.5141955835962145,3260,0.04574132492113565,0.012302839116719243,pixel_reliability=0 AND MODLAND_QA(bits0-1)=0 AND VI range -2000..10000,MOD13Q1 V061 Terra 250m 16-day
SO2702,Jilib,SO27,Middle Juba,2018-03-06,0.31268933615819217,0.3276,0.1824334745762712,0.18380000000000002,0.670031545741325,4248,0.03517350157728707,0.008990536277602523,pixel_reliability=0 AND MODLAND_QA(bits0-1)=0 AND VI range -2000..10000,MOD13Q1 V061 Terra 250m 16-day
SO2702,Jilib,SO27,Middle Juba,2018-03-22,0.2734152610441767,0.23620000000000002,0.18507630522088356,0.165,0.039274447949526815,249,0.4643533123028391,0.17681388012618296,pixel_reliability=0 AND MODLAND_QA(bits0-1)=0 AND VI range -2000..10000,MOD13Q1 V061 Terra 250m 16-day
SO2702,Jilib,SO27,Middle Juba,2018-04-07,0.4301286939942803,0.4087,0.2300320305052431,0.2101,0.16545741324921134,1049,0.10725552050473186,0.433596214511041,pixel_reliability=0 AND MODLAND_QA(bits0-1)=0 AND VI range -2000..10000,MOD13Q1 V061 Terra 250m 16-day
SO2702,Jilib,SO27,Middle Juba,2018-04-23,0.33043846153846157,0.28340000000000004,0.2178846153846154,0.18480000000000002,0.002050473186119874,13,0.08580441640378549,0.7468454258675079,pixel_reliability=0 AND MODLAND_QA(bits0-1)=0 AND VI range -2000..10000,MOD13Q1 V061 Terra 250m 16-day
SO2702,Jilib,SO27,Middle Juba,2018-05-09,0.5703033112582782,0.5443,0.37048476821192056,0.3619,0.023817034700315456,151,0.3864353312302839,0.24290220820189273,pixel_reliability=0 AND MODLAND_QA(bits0-1)=0 AND VI range -2000..10000,MOD13Q1 V061 Terra 250m 16-day
SO2702,Jilib,SO27,Middle Juba,2018-05-25,0.5852860655737706,0.5622,0.3904885245901639,0.37935,0.019242902208201892,122,0.5523659305993691,0.15347003154574132,pixel_reliability=0 AND MODLAND_QA(bits0-1)=0 AND VI range -2000..10000,MOD13Q1 V061 Terra 250m 16-day
SO2702,Jilib,SO27,Middle Juba,2018-06-10,0.4780029702970297,0.4978,0.33983861386138625,0.35150000000000003,0.015930599369085172,101,0.5048895899053628,0.19384858044164038,pixel_reliability=0 AND MODLAND_QA(bits0-1)=0 AND VI range -2000..10000,MOD13Q1 V061 Terra 250m 16-day
SO2702,Jilib,SO27,Middle Juba,2018-06-26,0.5599097435897435,0.5489,0.36398717948717946,0.3501,0.030757097791798107,195,0.5960567823343849,0.09195583596214511,pixel_reliability=0 AND MODLAND_QA(bits0-1)=0 AND VI range -2000..10000,MOD13Q1 V061 Terra 250m 16-day
SO2702,Jilib,SO27,Middle Juba,2018-07-12,0.531528640776699,0.5387500000000001,0.34145291262135924,0.35105,0.03249211356466877,206,0.49369085173501576,0.14952681388012617,pixel_reliability=0 AND MODLAND_QA(bits0-1)=0 AND VI range -2000..10000,MOD13Q1 V061 Terra 250m 16-day
SO2702,Jilib,SO27,Middle Juba,2018-07-28,0.3645812865497076,0.3529,0.23350643274853805,0.2275,0.02697160883280757,171,0.34069400630914826,0.29369085173501575,pixel_reliability=0 AND MODLAND_QA(bits0-1)=0 AND VI range -2000..10000,MOD13Q1 V061 Terra 250m 16-day
SO2702,Jilib,SO27,Middle Juba,2018-08-13,0.42584285714285725,0.3997,0.24474285714285712,0.22870000000000001,0.006624605678233439,42,0.432018927444795,0.25757097791798106,pixel_reliability=0 AND MODLAND_QA(bits0-1)=0 AND VI range -2000..10000,MOD13Q1 V061 Terra 250m 16-day
SO2702,Jilib,SO27,Middle Juba,2018-08-29,0.3707032863849765,0.3448,0.2388328638497653,0.22260000000000002,0.03359621451104101,213,0.32160883280757097,0.3252365930599369,pixel_reliability=0 AND MODLAND_QA(bits0-1)=0 AND VI range -2000..10000,MOD13Q1 V061 Terra 250m 16-day
SO2702,Jilib,SO27,Middle Juba,2018-09-14,0.36444000000000004,0.31775000000000003,0.2358411111111111,0.20935,0.014195583596214511,90,0.47334384858044165,0.18091482649842272,pixel_reliability=0 AND MODLAND_QA(bits0-1)=0 AND VI range -2000..10000,MOD13Q1 V061 Terra 250m 16-day
SO2702,Jilib,SO27,Middle Juba,2018-09-30,0.45062605363984676,0.46390000000000003,0.24243180076628354,0.233,0.04116719242902208,261,0.5331230283911672,0.09889589905362776,pixel_reliability=0 AND MODLAND_QA(bits0-1)=0 AND VI range -2000..10000,MOD13Q1 V061 Terra 250m 16-day
SO2702,Jilib,SO27,Middle Juba,2018-10-16,0.4312278350515464,0.46490000000000004,0.23052989690721654,0.225,0.01529968454258675,97,0.4657728706624606,0.250788643533123,pixel_reliability=0 AND MODLAND_QA(bits0-1)=0 AND VI range -2000..10000,MOD13Q1 V061 Terra 250m 16-day
SO2702,Jilib,SO27,Middle Juba,2018-11-01,0.36863608247422686,0.27030000000000004,0.23652268041237115,0.17950000000000002,0.01529968454258675,97,0.21829652996845425,0.5018927444794953,pixel_reliability=0 AND MODLAND_QA(bits0-1)=0 AND VI range -2000..10000,MOD13Q1 V061 Terra 250m 16-day
SO2702,Jilib,SO27,Middle Juba,2018-11-17,0.5781354430379747,0.70075,0.39362943037974685,0.46175,0.049842271293375394,316,0.7544164037854889,0.06861198738170347,pixel_reliability=0 AND MODLAND_QA(bits0-1)=0 AND VI range -2000..10000,MOD13Q1 V061 Terra 250m 16-day
SO2702,Jilib,SO27,Middle Juba,2018-12-03,0.5867637798036466,0.6393500000000001,0.34015143758765776,0.3561,0.4498422712933754,2852,0.17586750788643532,0.043533123028391164,pixel_reliability=0 AND MODLAND_QA(bits0-1)=0 AND VI range -2000..10000,MOD13Q1 V061 Terra 250m 16-day
SO2702,Jilib,SO27,Middle Juba,2018-12-19,0.5789666425470333,0.60475,0.3294229377713459,0.33645,0.21798107255520505,1382,0.4339116719242902,0.10662460567823344,pixel_reliability=0 AND MODLAND_QA(bits0-1)=0 AND VI range -2000..10000,MOD13Q1 V061 Terra 250m 16-day
SO2703,Saakow,SO27,Middle Juba,2018-01-01,0.3475701297297297,0.3493,0.20368922162162165,0.20650000000000002,0.9541000515729757,9250,0.008767405879319236,0.0,pixel_reliability=0 AND MODLAND_QA(bits0-1)=0 AND VI range -2000..10000,MOD13Q1 V061 Terra 250m 16-day
SO2703,Saakow,SO27,Middle Juba,2018-01-17,0.3064164398358177,0.3054,0.1817361849211493,0.1834,0.954925219185147,9258,0.008251676121712223,0.0,pixel_reliability=0 AND MODLAND_QA(bits0-1)=0 AND VI range -2000..10000,MOD13Q1 V061 Terra 250m 16-day
SO2703,Saakow,SO27,Middle Juba,2018-02-02,0.27222113759616606,0.2695,0.16541981334342287,0.1661,0.8178442496132027,7929,0.0046415678184631255,0.0,pixel_reliability=0 AND MODLAND_QA(bits0-1)=0 AND VI range -2000..10000,MOD13Q1 V061 Terra 250m 16-day
SO2703,Saakow,SO27,Middle Juba,2018-02-18,0.2630583910700539,0.2626,0.17739343084423917,0.1771,0.8039195461578134,7794,0.046209386281588445,0.0,pixel_reliability=0 AND MODLAND_QA(bits0-1)=0 AND VI range -2000..10000,MOD13Q1 V061 Terra 250m 16-day
SO2703,Saakow,SO27,Middle Juba,2018-03-06,0.30300308778731655,0.2906,0.19409598449183052,0.18660000000000002,0.7449200618875709,7222,0.07880350696235172,0.0,pixel_reliability=0 AND MODLAND_QA(bits0-1)=0 AND VI range -2000..10000,MOD13Q1 V061 Terra 250m 16-day
SO2703,Saakow,SO27,Middle Juba,2018-03-22,0.31040025290844714,0.3017,0.2129829033889732,0.20720000000000002,0.2039195461578133,1977,0.40350696235172767,0.03383187209902011,pixel_reliability=0 AND MODLAND_QA(bits0-1)=0 AND VI range -2000..10000,MOD13Q1 V061 Terra 250m 16-day
SO2703,Saakow,SO27,Middle Juba,2018-04-07,0.5471152815013405,0.5663,0.3562434316353888,0.36250000000000004,0.03847343991748324,373,0.06921093347086127,0.7143888602372357,pixel_reliability=0 AND MODLAND_QA(bits0-1)=0 AND VI range -2000..10000,MOD13Q1 V061 Terra 250m 16-day
SO2703,Saakow,SO27,Middle Juba,2018-04-23,0.5675838709677419,0.534,0.36491290322580644,0.3508,0.0031975244971634864,31,0.19927797833935018,0.5348117586384734,pixel_reliability=0 AND MODLAND_QA(bits0-1)=0 AND VI range -2000..10000,MOD13Q1 V061 Terra 250m 16-day
SO2703,Saakow,SO27,Middle Juba,2018-05-09,0.5296428571428572,0.5251,0.3405714285714286,0.3251,0.0007220216606498195,7,0.18782877772047446,0.5681279009798865,pixel_reliability=0 AND MODLAND_QA(bits0-1)=0 AND VI range -2000..10000,MOD13Q1 V061 Terra 250m 16-day
SO2703,Saakow,SO27,Middle Juba,2018-05-25,,,,,0.0,0,0.4671480144404332,0.3146982980917999,pixel_reliability=0 AND MODLAND_QA(bits0-1)=0 AND VI range -2000..10000,MOD13Q1 V061 Terra 250m 16-day
SO2703,Saakow,SO27,Middle Juba,2018-06-10,0.5552062500000001,0.5505,0.30128750000000004,0.2918,0.0016503352243424445,16,0.6447653429602888,0.1361526560082517,pixel_reliability=0 AND MODLAND_QA(bits0-1)=0 AND VI range -2000..10000,MOD13Q1 V061 Terra 250m 16-day
SO2703,Saakow,SO27,Middle Juba,2018-06-26,0.4298933333333334,0.431,0.24400666666666665,0.2456,0.0015471892728210418,15,0.3548220732336256,0.34657039711191334,pixel_reliability=0 AND MODLAND_QA(bits0-1)=0 AND VI range -2000..10000,MOD13Q1 V061 Terra 250m 16-day
SO2703,Saakow,SO27,Middle Juba,2018-07-12,0.3950010599078341,0.3932,0.20331428571428573,0.19905,0.22382671480144403,2170,0.3730789066529139,0.059412068076328005,pixel_reliability=0 AND MODLAND_QA(bits0-1)=0 AND VI range -2000..10000,MOD13Q1 V061 Terra 250m 16-day
SO2703,Saakow,SO27,Middle Juba,2018-07-28,0.28792500000000004,0.28615,0.17220000000000002,0.17085,0.00041258380608561113,4,0.32325941206807635,0.356988138215575,pixel_reliability=0 AND MODLAND_QA(bits0-1)=0 AND VI range -2000..10000,MOD13Q1 V061 Terra 250m 16-day
SO2703,Saakow,SO27,Middle Juba,2018-08-13,0.2676781818181818,0.25680000000000003,0.15790181818181823,0.1598,0.005673027333677153,55,0.46952037132542546,0.2333161423414131,pixel_reliability=0 AND MODLAND_QA(bits0-1)=0 AND VI range -2000..10000,MOD13Q1 V061 Terra 250m 16-day
SO2703,Saakow,SO27,Middle Juba,2018-08-29,0.280721052631579,0.2727,0.18535964912280703,0.1763,0.005879319236719959,57,0.36472408457968025,0.2834450747808149,pixel_reliability=0 AND MODLAND_QA(bits0-1)=0 AND VI range -2000..10000,MOD13Q1 V061 Terra 250m 16-day
SO2703,Saakow,SO27,Middle Juba,2018-09-14,0.2835621428571429,0.28300000000000003,0.15364285714285716,0.1512,0.01444043321299639,140,0.5072717895822589,0.16214543579164517,pixel_reliability=0 AND MODLAND_QA(bits0-1)=0 AND VI range -2000..10000,MOD13Q1 V061 Terra 250m 16-day
SO2703,Saakow,SO27,Middle Juba,2018-09-30,0.28159361769352287,0.2755,0.1502049131121643,0.1495,0.6529138731304797,6330,0.11655492521918515,0.010933470861268696,pixel_reliability=0 AND MODLAND_QA(bits0-1)=0 AND VI range -2000..10000,MOD13Q1 V061 Terra 250m 16-day
SO2703,Saakow,SO27,Middle Juba,2018-10-16,0.28298991371615595,0.27905,0.1505195626301696,0.1499,0.6933470861268696,6722,0.09417225373904074,0.010830324909747292,pixel_reliability=0 AND MODLAND_QA(bits0-1)=0 AND VI range -2000..10000,MOD13Q1 V061 Terra 250m 16-day
SO2703,Saakow,SO27,Middle Juba,2018-11-01,0.4870052631578947,0.4847,0.28603157894736847,0.29600000000000004,0.001959773078906653,19,0.2072202166064982,0.5298607529654461,pixel_reliability=0 AND MODLAND_QA(bits0-1)=0 AND VI range -2000..10000,MOD13Q1 V061 Terra 250m 16-day
SO2703,Saakow,SO27,Middle Juba,2018-11-17,0.5458706570657067,0.5458000000000001,0.32782052205220524,0.32635000000000003,0.22919030428055698,2222,0.3515214027849407,0.016503352243424446,pixel_reliability=0 AND MODLAND_QA(bits0-1)=0 AND VI range -2000..10000,MOD13Q1 V061 Terra 250m 16-day
SO2703,Saakow,SO27,Middle Juba,2018-12-03,0.4712616217609901,0.4773,0.2909598169395385,0.29510000000000003,0.8001031459515214,7757,0.06838576585869005,0.0,pixel_reliability=0 AND MODLAND_QA(bits0-1)=0 AND VI range -2000..10000,MOD13Q1 V061 Terra 250m 16-day
SO2703,Saakow,SO27,Middle Juba,2018-12-19,0.4432070668693009,0.44355,0.2623003690838037,0.2652,0.9501805054151624,9212,0.0034038164002062918,0.0,pixel_reliability=0 AND MODLAND_QA(bits0-1)=0 AND VI range -2000..10000,MOD13Q1 V061 Terra 250m 16-day
SO2801,Kismaayo,SO28,Lower Juba,2018-01-01,0.3751935353798127,0.3657,0.22034552549427683,0.2164,0.6868578575895649,7688,0.08835879567586885,0.00893415527561869,pixel_reliability=0 AND MODLAND_QA(bits0-1)=0 AND VI range -2000..10000,MOD13Q1 V061 Terra 250m 16-day
SO2801,Kismaayo,SO28,Lower Juba,2018-01-17,0.32722111909650925,0.315,0.18861003080082137,0.1809,0.8701867238452604,9740,0.0484231215938533,0.00259090502992942,pixel_reliability=0 AND MODLAND_QA(bits0-1)=0 AND VI range -2000..10000,MOD13Q1 V061 Terra 250m 16-day
SO2801,Kismaayo,SO28,Lower Juba,2018-02-02,0.3069536257833483,0.30260000000000004,0.20669957475380485,0.2011,0.3991780577146431,4468,0.17019565800053604,0.041365138926114535,pixel_reliability=0 AND MODLAND_QA(bits0-1)=0 AND VI range -2000..10000,MOD13Q1 V061 Terra 250m 16-day
SO2801,Kismaayo,SO28,Lower Juba,2018-02-18,0.29544770448548807,0.29025,0.2070423482849604,0.20420000000000002,0.33860448494594836,3790,0.3060841597426963,0.05449834718127401,pixel_reliability=0 AND MODLAND_QA(bits0-1)=0 AND VI range -2000..10000,MOD13Q1 V061 Terra 250m 16-day
SO2801,Kismaayo,SO28,Lower Juba,2018-03-06,0.2925531440162272,0.29085,0.19335128465179174,0.18280000000000002,0.26427231305280086,2958,0.2890199231662646,0.08719735549003842,pixel_reliability=0 AND MODLAND_QA(bits0-1)=0 AND VI range -2000..10000,MOD13Q1 V061 Terra 250m 16-day
SO2801,Kismaayo,SO28,Lower Juba,2018-03-22,0.3906626155878468,0.37470000000000003,0.27317679436371645,0.2622,0.20289466630930045,2271,0.34405431966407574,0.08576789064593943,pixel_reliability=0 AND MODLAND_QA(bits0-1)=0 AND VI range -2000..10000,MOD13Q1 V061 Terra 250m 16-day
SO2801,Kismaayo,SO28,Lower Juba,2018-04-07,0.49663403693931407,0.6029,0.2862269129287599,0.33080000000000004,0.03386044849459484,379,0.1957473420888055,0.45885821495577594,pixel_reliability=0 AND MODLAND_QA(bits0-1)=0 AND VI range -2000..10000,MOD13Q1 V061 Terra 250m 16-day
SO2801,Kismaayo,SO28,Lower Juba,2018-04-23,0.60193828125,0.6444000000000001,0.36816458333333335,0.38715,0.03430715625837577,384,0.24997766461181095,0.4182971500044671,pixel_reliability=0 AND MODLAND_QA(bits0-1)=0 AND VI range -2000..10000,MOD13Q1 V061 Terra 250m 16-day
SO2801,Kismaayo,SO28,Lower Juba,2018-05-09,0.6570276056338028,0.6819000000000001,0.4233754929577465,0.405,0.03171625122844635,355,0.5138032699008309,0.13678191726972214,pixel_reliability=0 AND MODLAND_QA(bits0-1)=0 AND VI range -2000..10000,MOD13Q1 V061 Terra 250m 16-day
SO2801,Kismaayo,SO28,Lower Juba,2018-05-25,0.5959115384615384,0.59625,0.41036634615384615,0.41275,0.009291521486643438,104,0.7593138568748324,0.057803984633252925,pixel_reliability=0 AND MODLAND_QA(bits0-1)=0 AND VI range -2000..10000,MOD13Q1 V061 Terra 250m 16-day
SO2801,Kismaayo,SO28,Lower Juba,2018-06-10,0.6328867768595042,0.6609,0.4247132231404959,0.4239,0.010810327883498616,121,0.4897703922094166,0.19521129277226837,pixel_reliability=0 AND MODLAND_QA(bits0-1)=0 AND VI range -2000..10000,MOD13Q1 V061 Terra 250m 16-day
SO2801,Kismaayo,SO28,Lower Juba,2018-06-26,0.5566755905511811,0.5559000000000001,0.36838871391076117,0.36970000000000003,0.03403913160010721,381,0.6332529259358528,0.07611900294827124,pixel_reliability=0 AND MODLAND_QA(bits0-1)=0 AND VI range -2000..10000,MOD13Q1 V061 Terra 250m 16-day
SO2801,Kismaayo,SO28,Lower Juba,2018-07-12,0.5198497282608695,0.5265,0.3429991847826087,0.3468,0.03287769141427678,368,0.5653533458411507,0.09791834182078085,pixel_reliability=0 AND MODLAND_QA(bits0-1)=0 AND VI range -2000..10000,MOD13Q1 V061 Terra 250m 16-day
SO2801,Kismaayo,SO28,Lower Juba,2018-07-28,0.43689384615384613,0.45135000000000003,0.2695769230769231,0.27875000000000005,0.011614401858304297,130,0.4406325381935138,0.21084606450460108,pixel_reliability=0 AND MODLAND_QA(bits0-1)=0 AND VI range -2000..10000,MOD13Q1 V061 Terra 250m 16-day
SO2801,Kismaayo,SO28,Lower Juba,2018-08-13,0.38058431890179517,0.375,0.2134281942977825,0.20395000000000002,0.16921290092021798,1894,0.3148396319128026,0.2093272581077459,pixel_reliability=0 AND MODLAND_QA(bits0-1)=0 AND VI range -2000..10000,MOD13Q1 V061 Terra 250m 16-day
SO2801,Kismaayo,SO28,Lower Juba,2018-08-29,0.3477406940063092,0.33740000000000003,0.2028984227129338,0.2001,0.02832127222371125,317,0.4170463682658805,0.21540248369516662,pixel_reliability=0 AND MODLAND_QA(bits0-1)=0 AND VI range -2000..10000,MOD13Q1 V061 Terra 250m 16-day
SO2801,Kismaayo,SO28,Lower Juba,2018-09-14,0.30388390804597704,0.2949,0.18213869731800766,0.1734,0.023318145269364782,261,0.5054051639417493,0.14500134012329136,pixel_reliability=0 AND MODLAND_QA(bits0-1)=0 AND VI range -2000..10000,MOD13Q1 V061 Terra 250m 16-day
SO2801,Kismaayo,SO28,Lower Juba,2018-09-30,0.3174290697674419,0.305,0.16995419615773508,0.16035,0.1767175913517377,1978,0.45876887340301975,0.022960779058340035,pixel_reliability=0 AND MODLAND_QA(bits0-1)=0 AND VI range -2000..10000,MOD13Q1 V061 Terra 250m 16-day
SO2801,Kismaayo,SO28,Lower Juba,2018-10-16,0.3097294820717132,0.2973,0.18035816733067728,0.1766,0.02242472974180291,251,0.33887250960421694,0.30063432502456894,pixel_reliability=0 AND MODLAND_QA(bits0-1)=0 AND VI range -2000..10000,MOD13Q1 V061 Terra 250m 16-day
SO2801,Kismaayo,SO28,Lower Juba,2018-11-01,0.5582266666666666,0.6106,0.3590961616161617,0.38570000000000004,0.044224068614312516,495,0.3595997498436523,0.2189761458054141,pixel_reliability=0 AND MODLAND_QA(bits0-1)=0 AND VI range -2000..10000,MOD13Q1 V061 Terra 250m 16-day
SO2801,Kismaayo,SO28,Lower Juba,2018-11-17,0.49173290540540543,0.52135,0.33351202702702704,0.34425000000000006,0.13222549807915662,1480,0.3992673992673993,0.09041365138926115,pixel_reliability=0 AND MODLAND_QA(bits0-1)=0 AND VI range -2000..10000,MOD13Q1 V061 Terra 250m 16-day
SO2801,Kismaayo,SO28,Lower Juba,2018-12-03,0.5732962955998496,0.6196,0.354682342986085,0.36960000000000004,0.47511837755740194,5318,0.18038059501474135,0.022067363530778164,pixel_reliability=0 AND MODLAND_QA(bits0-1)=0 AND VI range -2000..10000,MOD13Q1 V061 Terra 250m 16-day
SO2801,Kismaayo,SO28,Lower Juba,2018-12-19,0.4544989870212093,0.45680000000000004,0.28368024691358024,0.2746,0.28222996515679444,3159,0.3643348521397302,0.039399624765478425,pixel_reliability=0 AND MODLAND_QA(bits0-1)=0 AND VI range -2000..10000,MOD13Q1 V061 Terra 250m 16-day
SO2802,Afmadow,SO28,Lower Juba,2018-01-01,0.3234856744371389,0.3042,0.20583391445839144,0.19640000000000002,0.9672073229484502,30114,0.005010438413361169,0.0,pixel_reliability=0 AND MODLAND_QA(bits0-1)=0 AND VI range -2000..10000,MOD13Q1 V061 Terra 250m 16-day
SO2802,Afmadow,SO28,Lower Juba,2018-01-17,0.29351381442620794,0.2741,0.18702772423773972,0.1787,0.9764894812911514,30403,0.0018628553075317167,0.0,pixel_reliability=0 AND MODLAND_QA(bits0-1)=0 AND VI range -2000..10000,MOD13Q1 V061 Terra 250m 16-day
SO2802,Afmadow,SO28,Lower Juba,2018-02-02,0.2697250794416959,0.2545,0.1811273359880938,0.1698,0.7984904448370002,24861,0.022803918419784807,0.0020876826722338203,pixel_reliability=0 AND MODLAND_QA(bits0-1)=0 AND VI range -2000..10000,MOD13Q1 V061 Terra 250m 16-day
SO2802,Afmadow,SO28,Lower Juba,2018-02-18,0.27540847051403344,0.2657,0.1915726900031536,0.1887,0.509233981050265,15855,0.1514372892243456,0.14970290669664366,pixel_reliability=0 AND MODLAND_QA(bits0-1)=0 AND VI range -2000..10000,MOD13Q1 V061 Terra 250m 16-day
SO2802,Afmadow,SO28,Lower Juba,2018-03-06,0.2801725815633896,0.275,0.1836131771403547,0.1814,0.7334189818532199,22835,0.08174080616669344,0.017183234302232214,pixel_reliability=0 AND MODLAND_QA(bits0-1)=0 AND VI range -2000..10000,MOD13Q1 V061 Terra 250m 16-day
SO2802,Afmadow,SO28,Lower Juba,2018-03-22,0.3064079418580156,0.2923,0.2271873815041079,0.21780000000000002,0.15246507146298377,4747,0.41419624217119,0.12008993094588084,pixel_reliability=0 AND MODLAND_QA(bits0-1)=0 AND VI range -2000..10000,MOD13Q1 V061 Terra 250m 16-day
SO2802,Afmadow,SO28,Lower Juba,2018-04-07,0.5079166942148761,0.513,0.3138580165289256,0.30160000000000003,0.019431507949253253,605,0.04236389914886783,0.8250200738718484,pixel_reliability=0 AND MODLAND_QA(bits0-1)=0 AND VI range -2000..10000,MOD13Q1 V061 Terra 250m 16-day
SO2802,Afmadow,SO28,Lower Juba,2018-04-23,0.6284867857142857,0.6559,0.3794039285714286,0.3832,0.00899309458808415,280,0.24580054600931428,0.4868797173598844,pixel_reliability=0 AND MODLAND_QA(bits0-1)=0 AND VI range -2000..10000,MOD13Q1 V061 Terra 250m 16-day
SO2802,Afmadow,SO28,Lower Juba,2018-05-09,0.6216542253521129,0.6226499999999999,0.42512253521126775,0.41835,0.004560783683956962,142,0.3880841496707885,0.300979604946202,pixel_reliability=0 AND MODLAND_QA(bits0-1)=0 AND VI range -2000..10000,MOD13Q1 V061 Terra 250m 16-day
SO2802,Afmadow,SO28,Lower Juba,2018-05-25,0.5552953125000001,0.5676,0.39390781250000007,0.4033,0.002055564477276377,64,0.6326963224666774,0.19383330656817088,pixel_reliability=0 AND MODLAND_QA(bits0-1)=0 AND VI range -2000..10000,MOD13Q1 V061 Terra 250m 16-day
SO2802,Afmadow,SO28,Lower Juba,2018-06-10,0.5305173913043478,0.5277000000000001,0.3692478260869565,0.3771,0.000738718484021198,23,0.3860607033884696,0.3328729725389433,pixel_reliability=0 AND MODLAND_QA(bits0-1)=0 AND VI range -2000..10000,MOD13Q1 V061 Terra 250m 16-day
SO2802,Afmadow,SO28,Lower Juba,2018-06-26,0.40851023255813956,0.3865,0.2591651162790698,0.2484,0.006905411915850329,215,0.5481933515336438,0.1669824955837482,pixel_reliability=0 AND MODLAND_QA(bits0-1)=0 AND VI range -2000..10000,MOD13Q1 V061 Terra 250m 16-day
SO2802,Afmadow,SO28,Lower Juba,2018-07-12,0.35462885750044704,0.333,0.2109200607902736,0.19590000000000002,0.17963706439698088,5593,0.4259515015256143,0.10300305122852095,pixel_reliability=0 AND MODLAND_QA(bits0-1)=0 AND VI range -2000..10000,MOD13Q1 V061 Terra 250m 16-day
SO2802,Afmadow,SO28,Lower Juba,2018-07-28,0.3306131578947369,0.29810000000000003,0.22169078947368417,0.20505,0.0024409828167656976,76,0.40992452224185,0.2613457523687169,pixel_reliability=0 AND MODLAND_QA(bits0-1)=0 AND VI range -2000..10000,MOD13Q1 V061 Terra 250m 16-day
SO2802,Afmadow,SO28,Lower Juba,2018-08-13,0.26660103092783505,0.25545,0.16988917525773195,0.165,0.006230929821744018,194,0.42155130881644454,0.2550827043520154,pixel_reliability=0 AND MODLAND_QA(bits0-1)=0 AND VI range -2000..10000,MOD13Q1 V061 Terra 250m 16-day
SO2802,Afmadow,SO28,Lower Juba,2018-08-29,0.31105601265822785,0.2761,0.21379683544303796,0.1963,0.010149349606552113,316,0.3894009956640437,0.2785289866709491,pixel_reliability=0 AND MODLAND_QA(bits0-1)=0 AND VI range -2000..10000,MOD13Q1 V061 Terra 250m 16-day
SO2802,Afmadow,SO28,Lower Juba,2018-09-14,0.23540338517840806,0.2217,0.16253714547118023,0.1549,0.035105187088485625,1093,0.43571543279267705,0.18390878432632085,pixel_reliability=0 AND MODLAND_QA(bits0-1)=0 AND VI range -2000..10000,MOD13Q1 V061 Terra 250m 16-day
SO2802,Afmadow,SO28,Lower Juba,2018-09-30,0.318923228125351,0.2985,0.18659766370886222,0.1774,0.2859482897061185,8903,0.3286012526096033,0.041400353300144535,pixel_reliability=0 AND MODLAND_QA(bits0-1)=0 AND VI range -2000..10000,MOD13Q1 V061 Terra 250m 16-day
SO2802,Afmadow,SO28,Lower Juba,2018-10-16,0.31049870073624947,0.2842,0.18141762667821568,0.1666,0.14832182431347357,4618,0.38959370483378836,0.12420105990043359,pixel_reliability=0 AND MODLAND_QA(bits0-1)=0 AND VI range -2000..10000,MOD13Q1 V061 Terra 250m 16-day
SO2802,Afmadow,SO28,Lower Juba,2018-11-01,0.4275008641975309,0.4292,0.2958237037037037,0.29805000000000004,0.026015737915529146,810,0.3070178255982014,0.36322466677372733,pixel_reliability=0 AND MODLAND_QA(bits0-1)=0 AND VI range -2000..10000,MOD13Q1 V061 Terra 250m 16-day
SO2802,Afmadow,SO28,Lower Juba,2018-11-17,0.4939497417160137,0.48860000000000003,0.31522681113770945,0.3108,0.2549221133772282,7937,0.3840372571061506,0.016540870403083347,pixel_reliability=0 AND MODLAND_QA(bits0-1)=0 AND VI range -2000..10000,MOD13Q1 V061 Terra 250m 16-day
SO2802,Afmadow,SO28,Lower Juba,2018-12-03,0.474204109706818,0.46205,0.292811808958817,0.2884,0.7471334511000481,23262,0.07923558696001284,0.0010277822386381885,pixel_reliability=0 AND MODLAND_QA(bits0-1)=0 AND VI range -2000..10000,MOD13Q1 V061 Terra 250m 16-day
SO2802,Afmadow,SO28,Lower Juba,2018-12-19,0.4026348729217629,0.38180000000000003,0.252231435797504,0.2441,0.7746587441785772,24119,0.08492050746748032,0.005781275092339811,pixel_reliability=0 AND MODLAND_QA(bits0-1)=0 AND VI range -2000..10000,MOD13Q1 V061 Terra 250m 16-day
SO2803,Badhaadhe,SO28,Lower Juba,2018-01-01,0.41422309575625677,0.40790000000000004,0.2521480277475517,0.2515,0.634723301389968,7352,0.18181818181818182,0.006129672796339463,pixel_reliability=0 AND MODLAND_QA(bits0-1)=0 AND VI range -2000..10000,MOD13Q1 V061 Terra 250m 16-day
SO2803,Badhaadhe,SO28,Lower Juba,2018-01-17,0.41196996256119806,0.4063,0.23319436498032062,0.23370000000000002,0.899335232668566,10417,0.024605024605024606,0.002158335491668825,pixel_reliability=0 AND MODLAND_QA(bits0-1)=0 AND VI range -2000..10000,MOD13Q1 V061 Terra 250m 16-day
SO2803,Badhaadhe,SO28,Lower Juba,2018-02-02,0.3716319389312977,0.3619,0.2507319541984733,0.23720000000000002,0.5654838988172322,6550,0.059915393248726585,0.01036001036001036,pixel_reliability=0 AND MODLAND_QA(bits0-1)=0 AND VI range -2000..10000,MOD13Q1 V061 Terra 250m 16-day
SO2803,Badhaadhe,SO28,Lower Juba,2018-02-18,0.36655111210628455,0.3627,0.2647366621883863,0.26430000000000003,0.5783475783475783,6699,0.20115686782353448,0.014331347664680997,pixel_reliability=0 AND MODLAND_QA(bits0-1)=0 AND VI range -2000..10000,MOD13Q1 V061 Terra 250m 16-day
SO2803,Badhaadhe,SO28,Lower Juba,2018-03-06,0.34173569006000526,0.3295,0.22862457605009132,0.21960000000000002,0.33091599758266427,3833,0.4303720970387637,0.00604333937667271,pixel_reliability=0 AND MODLAND_QA(bits0-1)=0 AND VI range -2000..10000,MOD13Q1 V061 Terra 250m 16-day
SO2803,Badhaadhe,SO28,Lower Juba,2018-03-22,0.3976234268707483,0.3771,0.2815434523809524,0.267,0.20305620305620306,2352,0.4366744366744367,0.030389363722697058,pixel_reliability=0 AND MODLAND_QA(bits0-1)=0 AND VI range -2000..10000,MOD13Q1 V061 Terra 250m 16-day
SO2803,Badhaadhe,SO28,Lower Juba,2018-04-07,0.5641896755162242,0.5632,0.33853333333333335,0.32730000000000004,0.029267029267029267,339,0.19675386342053008,0.4887334887334887,pixel_reliability=0 AND MODLAND_QA(bits0-1)=0 AND VI range -2000..10000,MOD13Q1 V061 Terra 250m 16-day
SO2803,Badhaadhe,SO28,Lower Juba,2018-04-23,0.7182043126684636,0.7207,0.4140787061994609,0.405,0.032029698696365363,371,0.3245273245273245,0.3445566778900112,pixel_reliability=0 AND MODLAND_QA(bits0-1)=0 AND VI range -2000..10000,MOD13Q1 V061 Terra 250m 16-day
SO2803,Badhaadhe,SO28,Lower Juba,2018-05-09,0.6955710743801652,0.7211500000000001,0.4500595041322314,0.45890000000000003,0.020892687559354226,242,0.5768799102132436,0.10334110334110334,pixel_reliability=0 AND MODLAND_QA(bits0-1)=0 AND VI range -2000..10000,MOD13Q1 V061 Terra 250m 16-day
SO2803,Badhaadhe,SO28,Lower Juba,2018-05-25,0.6478702898550724,0.7275,0.4290217391304348,0.48115,0.011914011914011913,138,0.6138306138306139,0.1225071225071225,pixel_reliability=0 AND MODLAND_QA(bits0-1)=0 AND VI range -2000..10000,MOD13Q1 V061 Terra 250m 16-day
SO2803,Badhaadhe,SO28,Lower Juba,2018-06-10,0.7313452830188679,0.7621,0.49492924528301885,0.5186000000000001,0.009151342484675818,106,0.40550807217473883,0.2754036087369421,pixel_reliability=0 AND MODLAND_QA(bits0-1)=0 AND VI range -2000..10000,MOD13Q1 V061 Terra 250m 16-day
SO2803,Badhaadhe,SO28,Lower Juba,2018-06-26,0.7041551724137932,0.7499,0.4686422413793104,0.49460000000000004,0.010014676681343348,116,0.5953552620219287,0.11024777691444358,pixel_reliability=0 AND MODLAND_QA(bits0-1)=0 AND VI range -2000..10000,MOD13Q1 V061 Terra 250m 16-day
SO2803,Badhaadhe,SO28,Lower Juba,2018-07-12,0.6607066666666667,0.72445,0.43925333333333333,0.45495,0.00518000518000518,60,0.6160752827419494,0.1023051023051023,pixel_reliability=0 AND MODLAND_QA(bits0-1)=0 AND VI range -2000..10000,MOD13Q1 V061 Terra 250m 16-day
SO2803,Badhaadhe,SO28,Lower Juba,2018-07-28,0.6399810810810811,0.66615,0.39137702702702704,0.3839,0.006388673055339722,74,0.5427782094448761,0.14443581110247777,pixel_reliability=0 AND MODLAND_QA(bits0-1)=0 AND VI range -2000..10000,MOD13Q1 V061 Terra 250m 16-day
SO2803,Badhaadhe,SO28,Lower Juba,2018-08-13,0.6648205479452056,0.6777000000000001,0.4052767123287671,0.4022,0.006302339635672969,73,0.4605024605024605,0.222653889320556,pixel_reliability=0 AND MODLAND_QA(bits0-1)=0 AND VI range -2000..10000,MOD13Q1 V061 Terra 250m 16-day
SO2803,Badhaadhe,SO28,Lower Juba,2018-08-29,0.5126981481481482,0.5266000000000001,0.2997722222222223,0.2904,0.009324009324009324,108,0.4506604506604507,0.2259345592678926,pixel_reliability=0 AND MODLAND_QA(bits0-1)=0 AND VI range -2000..10000,MOD13Q1 V061 Terra 250m 16-day
SO2803,Badhaadhe,SO28,Lower Juba,2018-09-14,0.46652333333333335,0.46140000000000003,0.2857133333333334,0.28390000000000004,0.01036001036001036,120,0.46257446257446255,0.19701286367953036,pixel_reliability=0 AND MODLAND_QA(bits0-1)=0 AND VI range -2000..10000,MOD13Q1 V061 Terra 250m 16-day
SO2803,Badhaadhe,SO28,Lower Juba,2018-09-30,0.38812095096582466,0.3715,0.21825007429420504,0.2104,0.05810239143572477,673,0.5599585599585599,0.05085038418371752,pixel_reliability=0 AND MODLAND_QA(bits0-1)=0 AND VI range -2000..10000,MOD13Q1 V061 Terra 250m 16-day
SO2803,Badhaadhe,SO28,Lower Juba,2018-10-16,0.43433125212080087,0.4137,0.24606420088225314,0.23770000000000002,0.2544245877579211,2947,0.33695933695933694,0.08460675127341793,pixel_reliability=0 AND MODLAND_QA(bits0-1)=0 AND VI range -2000..10000,MOD13Q1 V061 Terra 250m 16-day
SO2803,Badhaadhe,SO28,Lower Juba,2018-11-01,0.5517583235638922,0.55015,0.3697771395076202,0.36760000000000004,0.14728481395148063,1706,0.36950703617370284,0.11102477769144435,pixel_reliability=0 AND MODLAND_QA(bits0-1)=0 AND VI range -2000..10000,MOD13Q1 V061 Terra 250m 16-day
SO2803,Badhaadhe,SO28,Lower Juba,2018-11-17,0.5798096739130435,0.5810000000000001,0.39490471014492756,0.3936,0.23828023828023828,2760,0.3267719934386601,0.08141241474574808,pixel_reliability=0 AND MODLAND_QA(bits0-1)=0 AND VI range -2000..10000,MOD13Q1 V061 Terra 250m 16-day
SO2803,Badhaadhe,SO28,Lower Juba,2018-12-03,0.5784754415678683,0.5782,0.3622497217517542,0.3584,0.35681602348269015,4133,0.3365276698610032,0.013295346628679962,pixel_reliability=0 AND MODLAND_QA(bits0-1)=0 AND VI range -2000..10000,MOD13Q1 V061 Terra 250m 16-day
SO2803,Badhaadhe,SO28,Lower Juba,2018-12-19,0.5650691688567675,0.5738,0.3463362187910644,0.3468,0.5255978589311923,6088,0.1570404903738237,0.004748338081671415,pixel_reliability=0 AND MODLAND_QA(bits0-1)=0 AND VI range -2000..10000,MOD13Q1 V061 Terra 250m 16-day
SO2804,Jamaame,SO28,Lower Juba,2018-01-01,0.37616365030674853,0.3653,0.24159325153374234,0.22825,0.511172089376715,1304,0.1426891415131321,0.00431203449627597,pixel_reliability=0 AND MODLAND_QA(bits0-1)=0 AND VI range -2000..10000,MOD13Q1 V061 Terra 250m 16-day
SO2804,Jamaame,SO28,Lower Juba,2018-01-17,0.3604487150837989,0.33320000000000005,0.20806849162011173,0.191,0.7016856134849079,1790,0.10897687181497452,0.00431203449627597,pixel_reliability=0 AND MODLAND_QA(bits0-1)=0 AND VI range -2000..10000,MOD13Q1 V061 Terra 250m 16-day
SO2804,Jamaame,SO28,Lower Juba,2018-02-02,0.3465373255813954,0.3201,0.2357594186046512,0.21100000000000002,0.3371226969815759,860,0.30419443355546844,0.012544100352802822,pixel_reliability=0 AND MODLAND_QA(bits0-1)=0 AND VI range -2000..10000,MOD13Q1 V061 Terra 250m 16-day
SO2804,Jamaame,SO28,Lower Juba,2018-02-18,0.305996065128901,0.2896,0.21484314789687925,0.2011,0.28890631125049,737,0.3547628381027048,0.04625637005096041,pixel_reliability=0 AND MODLAND_QA(bits0-1)=0 AND VI range -2000..10000,MOD13Q1 V061 Terra 250m 16-day
SO2804,Jamaame,SO28,Lower Juba,2018-03-06,0.3024472014925373,0.2787,0.17211408582089552,0.1627,0.42022736181889453,1072,0.10074480595844766,0.0011760094080752645,pixel_reliability=0 AND MODLAND_QA(bits0-1)=0 AND VI range -2000..10000,MOD13Q1 V061 Terra 250m 16-day
SO2804,Jamaame,SO28,Lower Juba,2018-03-22,0.25631931034482763,0.24495,0.1690989655172414,0.16005000000000003,0.11368090944727557,290,0.43708349666797336,0.09055272442179538,pixel_reliability=0 AND MODLAND_QA(bits0-1)=0 AND VI range -2000..10000,MOD13Q1 V061 Terra 250m 16-day
SO2804,Jamaame,SO28,Lower Juba,2018-04-07,0.2646915966386555,0.2248,0.1642966386554622,0.14150000000000001,0.046648373186985496,119,0.146609172873383,0.528812230497844,pixel_reliability=0 AND MODLAND_QA(bits0-1)=0 AND VI range -2000..10000,MOD13Q1 V061 Terra 250m 16-day
SO2804,Jamaame,SO28,Lower Juba,2018-04-23,0.29166976744186046,0.28090000000000004,0.2007744186046512,0.195,0.01685613484907879,43,0.13406507252058017,0.5993727949823598,pixel_reliability=0 AND MODLAND_QA(bits0-1)=0 AND VI range -2000..10000,MOD13Q1 V061 Terra 250m 16-day
SO2804,Jamaame,SO28,Lower Juba,2018-05-09,0.4684716216216217,0.52515,0.3025756756756757,0.3506,0.029008232065856527,74,0.3680909447275578,0.21912975303802432,pixel_reliability=0 AND MODLAND_QA(bits0-1)=0 AND VI range -2000..10000,MOD13Q1 V061 Terra 250m 16-day
SO2804,Jamaame,SO28,Lower Juba,2018-05-25,0.47981666666666667,0.53695,0.32790648148148144,0.3624,0.042336338690709525,108,0.555076440611525,0.10270482163857311,pixel_reliability=0 AND MODLAND_QA(bits0-1)=0 AND VI range -2000..10000,MOD13Q1 V061 Terra 250m 16-day
SO2804,Jamaame,SO28,Lower Juba,2018-06-10,0.43504,0.5181500000000001,0.313574,0.37355000000000005,0.01960015680125441,50,0.720109760878087,0.07369658957271658,pixel_reliability=0 AND MODLAND_QA(bits0-1)=0 AND VI range -2000..10000,MOD13Q1 V061 Terra 250m 16-day
SO2804,Jamaame,SO28,Lower Juba,2018-06-26,0.48296074766355146,0.5116,0.31532336448598136,0.3351,0.041944335554684437,107,0.5390043120344963,0.08741669933359467,pixel_reliability=0 AND MODLAND_QA(bits0-1)=0 AND VI range -2000..10000,MOD13Q1 V061 Terra 250m 16-day
SO2804,Jamaame,SO28,Lower Juba,2018-07-12,0.4857095693779904,0.48140000000000005,0.3042186602870814,0.2953,0.08192865542924344,209,0.5813406507252058,0.04821638573108585,pixel_reliability=0 AND MODLAND_QA(bits0-1)=0 AND VI range -2000..10000,MOD13Q1 V061 Terra 250m 16-day
SO2804,Jamaame,SO28,Lower Juba,2018-07-28,0.3473803030303031,0.3723,0.21969242424242424,0.23370000000000002,0.051744413955311645,132,0.3578988631909055,0.20893767150137202,pixel_reliability=0 AND MODLAND_QA(bits0-1)=0 AND VI range -2000..10000,MOD13Q1 V061 Terra 250m 16-day
SO2804,Jamaame,SO28,Lower Juba,2018-08-13,0.38850280373831775,0.3914,0.22345233644859813,0.2187,0.041944335554684437,107,0.4053312426499412,0.24029792238337908,pixel_reliability=0 AND MODLAND_QA(bits0-1)=0 AND VI range -2000..10000,MOD13Q1 V061 Terra 250m 16-day
SO2804,Jamaame,SO28,Lower Juba,2018-08-29,0.3726152941176471,0.37960000000000005,0.23532470588235296,0.2426,0.06664053312426499,170,0.3790670325362603,0.16111328890631124,pixel_reliability=0 AND MODLAND_QA(bits0-1)=0 AND VI range -2000..10000,MOD13Q1 V061 Terra 250m 16-day
SO2804,Jamaame,SO28,Lower Juba,2018-09-14,0.2958404761904762,0.30674999999999997,0.19172023809523808,0.20225,0.032928263426107406,84,0.5515484123872991,0.1128969031752254,pixel_reliability=0 AND MODLAND_QA(bits0-1)=0 AND VI range -2000..10000,MOD13Q1 V061 Terra 250m 16-day
SO2804,Jamaame,SO28,Lower Juba,2018-09-30,0.30482232142857146,0.29755,0.18140133928571428,0.18710000000000002,0.08780870246961976,224,0.662093296746374,0.016464131713053703,pixel_reliability=0 AND MODLAND_QA(bits0-1)=0 AND VI range -2000..10000,MOD13Q1 V061 Terra 250m 16-day
SO2804,Jamaame,SO28,Lower Juba,2018-10-16,0.22950256410256414,0.27565000000000006,0.15668589743589745,0.18985000000000002,0.03057624460995688,78,0.4406115248921991,0.16973735789886318,pixel_reliability=0 AND MODLAND_QA(bits0-1)=0 AND VI range -2000..10000,MOD13Q1 V061 Terra 250m 16-day
SO2804,Jamaame,SO28,Lower Juba,2018-11-01,0.24981150442477879,0.27090000000000003,0.15776725663716815,0.1746,0.04429635437083497,113,0.302234417875343,0.3324186593492748,pixel_reliability=0 AND MODLAND_QA(bits0-1)=0 AND VI range -2000..10000,MOD13Q1 V061 Terra 250m 16-day
SO2804,Jamaame,SO28,Lower Juba,2018-11-17,0.26683196721311475,0.27390000000000003,0.1702545081967213,0.17445000000000002,0.09564876519012153,244,0.48333986671893375,0.0929047432379459,pixel_reliability=0 AND MODLAND_QA(bits0-1)=0 AND VI range -2000..10000,MOD13Q1 V061 Terra 250m 16-day
SO2804,Jamaame,SO28,Lower Juba,2018-12-03,0.396357796014068,0.35800000000000004,0.2504240328253224,0.2247,0.3343786750294002,853,0.26538612308898474,0.025480203841630734,pixel_reliability=0 AND MODLAND_QA(bits0-1)=0 AND VI range -2000..10000,MOD13Q1 V061 Terra 250m 16-day
SO2804,Jamaame,SO28,Lower Juba,2018-12-19,0.39248444444444447,0.37670000000000003,0.25561555555555554,0.23440000000000003,0.19404155233241865,495,0.43669149353194825,0.03606428851430812,pixel_reliability=0 AND MODLAND_QA(bits0-1)=0 AND VI range -2000..10000,MOD13Q1 V061 Terra 250m 16-day
Unspecified,Unspecified,SO22,Banadir,2018-01-01,0.20821875,0.20745000000000002,0.1610453125,0.1588,0.38095238095238093,64,0.13095238095238096,0.07142857142857142,pixel_reliability=0 AND MODLAND_QA(bits0-1)=0 AND VI range -2000..10000,MOD13Q1 V061 Terra 250m 16-day
Unspecified,Unspecified,SO22,Banadir,2018-01-17,0.19461666666666666,0.18215,0.144875,0.14340000000000003,0.07142857142857142,12,0.6071428571428571,0.09523809523809523,pixel_reliability=0 AND MODLAND_QA(bits0-1)=0 AND VI range -2000..10000,MOD13Q1 V061 Terra 250m 16-day
Unspecified,Unspecified,SO22,Banadir,2018-02-02,0.18783857142857144,0.18259999999999998,0.14356285714285716,0.14125000000000001,0.4166666666666667,70,0.13095238095238096,0.09523809523809523,pixel_reliability=0 AND MODLAND_QA(bits0-1)=0 AND VI range -2000..10000,MOD13Q1 V061 Terra 250m 16-day
Unspecified,Unspecified,SO22,Banadir,2018-02-18,0.17654761904761906,0.1759,0.13864603174603177,0.13570000000000002,0.375,63,0.13690476190476192,0.05357142857142857,pixel_reliability=0 AND MODLAND_QA(bits0-1)=0 AND VI range -2000..10000,MOD13Q1 V061 Terra 250m 16-day
Unspecified,Unspecified,SO22,Banadir,2018-03-06,0.1813763157894737,0.17925000000000002,0.1383276315789474,0.13640000000000002,0.4523809523809524,76,0.1130952380952381,0.03571428571428571,pixel_reliability=0 AND MODLAND_QA(bits0-1)=0 AND VI range -2000..10000,MOD13Q1 V061 Terra 250m 16-day
Unspecified,Unspecified,SO22,Banadir,2018-03-22,0.18029433962264152,0.18050000000000002,0.14306415094339625,0.1411,0.31547619047619047,53,0.2619047619047619,0.06547619047619048,pixel_reliability=0 AND MODLAND_QA(bits0-1)=0 AND VI range -2000..10000,MOD13Q1 V061 Terra 250m 16-day
Unspecified,Unspecified,SO22,Banadir,2018-04-07,0.18832835820895524,0.18810000000000002,0.14946567164179106,0.1515,0.39880952380952384,67,0.11904761904761904,0.07142857142857142,pixel_reliability=0 AND MODLAND_QA(bits0-1)=0 AND VI range -2000..10000,MOD13Q1 V061 Terra 250m 16-day
Unspecified,Unspecified,SO22,Banadir,2018-04-23,0.1989777777777778,0.18150000000000002,0.15216666666666667,0.15940000000000001,0.05357142857142857,9,0.19047619047619047,0.3333333333333333,pixel_reliability=0 AND MODLAND_QA(bits0-1)=0 AND VI range -2000..10000,MOD13Q1 V061 Terra 250m 16-day
Unspecified,Unspecified,SO22,Banadir,2018-05-09,0.1506,0.1506,0.13140000000000002,0.13140000000000002,0.011904761904761904,2,0.06547619047619048,0.7619047619047619,pixel_reliability=0 AND MODLAND_QA(bits0-1)=0 AND VI range -2000..10000,MOD13Q1 V061 Terra 250m 16-day
Unspecified,Unspecified,SO22,Banadir,2018-05-25,0.20220000000000002,0.20220000000000002,0.16640000000000002,0.16640000000000002,0.005952380952380952,1,0.07142857142857142,0.7261904761904762,pixel_reliability=0 AND MODLAND_QA(bits0-1)=0 AND VI range -2000..10000,MOD13Q1 V061 Terra 250m 16-day
Unspecified,Unspecified,SO22,Banadir,2018-06-10,0.26885454545454546,0.26780000000000004,0.22112727272727273,0.219,0.06547619047619048,11,0.2916666666666667,0.17261904761904762,pixel_reliability=0 AND MODLAND_QA(bits0-1)=0 AND VI range -2000..10000,MOD13Q1 V061 Terra 250m 16-day
Unspecified,Unspecified,SO22,Banadir,2018-06-26,0.30982000000000004,0.32100000000000006,0.23552,0.24185,0.05952380952380952,10,0.32142857142857145,0.22023809523809523,pixel_reliability=0 AND MODLAND_QA(bits0-1)=0 AND VI range -2000..10000,MOD13Q1 V061 Terra 250m 16-day
Unspecified,Unspecified,SO22,Banadir,2018-07-12,,,,,0.0,0,0.17261904761904762,0.44047619047619047,pixel_reliability=0 AND MODLAND_QA(bits0-1)=0 AND VI range -2000..10000,MOD13Q1 V061 Terra 250m 16-day
Unspecified,Unspecified,SO22,Banadir,2018-07-28,,,,,0.0,0,0.05357142857142857,0.7380952380952381,pixel_reliability=0 AND MODLAND_QA(bits0-1)=0 AND VI range -2000..10000,MOD13Q1 V061 Terra 250m 16-day
Unspecified,Unspecified,SO22,Banadir,2018-08-13,0.23706666666666668,0.2371,0.19276666666666667,0.1908,0.017857142857142856,3,0.23214285714285715,0.43452380952380953,pixel_reliability=0 AND MODLAND_QA(bits0-1)=0 AND VI range -2000..10000,MOD13Q1 V061 Terra 250m 16-day
Unspecified,Unspecified,SO22,Banadir,2018-08-29,0.23570000000000002,0.2313,0.17788333333333334,0.17804999999999999,0.10714285714285714,18,0.17261904761904762,0.375,pixel_reliability=0 AND MODLAND_QA(bits0-1)=0 AND VI range -2000..10000,MOD13Q1 V061 Terra 250m 16-day
Unspecified,Unspecified,SO22,Banadir,2018-09-14,0.22380000000000003,0.21365,0.19023333333333334,0.1894,0.03571428571428571,6,0.375,0.20238095238095238,pixel_reliability=0 AND MODLAND_QA(bits0-1)=0 AND VI range -2000..10000,MOD13Q1 V061 Terra 250m 16-day
Unspecified,Unspecified,SO22,Banadir,2018-09-30,0.179675,0.193,0.14450000000000002,0.15655000000000002,0.09523809523809523,16,0.3869047619047619,0.16666666666666666,pixel_reliability=0 AND MODLAND_QA(bits0-1)=0 AND VI range -2000..10000,MOD13Q1 V061 Terra 250m 16-day
Unspecified,Unspecified,SO22,Banadir,2018-10-16,0.19272500000000004,0.20005,0.15242499999999998,0.15915,0.11904761904761904,20,0.2857142857142857,0.16071428571428573,pixel_reliability=0 AND MODLAND_QA(bits0-1)=0 AND VI range -2000..10000,MOD13Q1 V061 Terra 250m 16-day
Unspecified,Unspecified,SO22,Banadir,2018-11-01,0.22795,0.23615000000000003,0.19902,0.20170000000000002,0.05952380952380952,10,0.23809523809523808,0.2916666666666667,pixel_reliability=0 AND MODLAND_QA(bits0-1)=0 AND VI range -2000..10000,MOD13Q1 V061 Terra 250m 16-day
Unspecified,Unspecified,SO22,Banadir,2018-11-17,0.26097560975609757,0.25980000000000003,0.19909512195121953,0.2019,0.24404761904761904,41,0.10714285714285714,0.125,pixel_reliability=0 AND MODLAND_QA(bits0-1)=0 AND VI range -2000..10000,MOD13Q1 V061 Terra 250m 16-day
Unspecified,Unspecified,SO22,Banadir,2018-12-03,0.24497948717948717,0.2361,0.18764358974358977,0.184,0.23214285714285715,39,0.25595238095238093,0.18452380952380953,pixel_reliability=0 AND MODLAND_QA(bits0-1)=0 AND VI range -2000..10000,MOD13Q1 V061 Terra 250m 16-day
Unspecified,Unspecified,SO22,Banadir,2018-12-19,0.21533846153846156,0.22640000000000002,0.18249230769230768,0.1832,0.07738095238095238,13,0.16071428571428573,0.47023809523809523,pixel_reliability=0 AND MODLAND_QA(bits0-1)=0 AND VI range -2000..10000,MOD13Q1 V061 Terra 250m 16-day
