district_id,district_name,region_id,region_name,date,ndvi_mean,ndvi_median,evi_mean,evi_median,valid_pixel_fraction,good_pixel_count,marginal_pixel_fraction,cloudy_pixel_fraction,qa_rule,source_version
SO1101,Borama,SO11,Awdal,2023-01-01,0.2097426777048244,0.2029,0.1253465600913502,0.1252,0.9576271186440678,3503,0.0114816839803171,0.0,pixel_reliability=0 AND MODLAND_QA(bits0-1)=0 AND VI range -2000..10000,MOD13Q1 V061 Terra 250m 16-day
SO1101,Borama,SO11,Awdal,2023-01-17,0.2236672966781214,0.2116,0.1429064146620847,0.1347,0.9546200109349372,3492,0.0,0.0,pixel_reliability=0 AND MODLAND_QA(bits0-1)=0 AND VI range -2000..10000,MOD13Q1 V061 Terra 250m 16-day
SO1101,Borama,SO11,Awdal,2023-02-02,0.2211246036085292,0.2034,0.1431440677966101,0.1338,1.0,3658,0.0,0.0,pixel_reliability=0 AND MODLAND_QA(bits0-1)=0 AND VI range -2000..10000,MOD13Q1 V061 Terra 250m 16-day
SO1101,Borama,SO11,Awdal,2023-03-06,0.1964468571428571,0.1828,0.1321537714285714,0.12645,0.9568069983597596,3500,0.0087479496992892,0.0,pixel_reliability=0 AND MODLAND_QA(bits0-1)=0 AND VI range -2000..10000,MOD13Q1 V061 Terra 250m 16-day
SO1101,Borama,SO11,Awdal,2023-03-22,0.2693966076696166,0.25585,0.177915412979351,0.1739,0.3706943685073811,1356,0.4630945872061235,0.003827227993439,pixel_reliability=0 AND MODLAND_QA(bits0-1)=0 AND VI range -2000..10000,MOD13Q1 V061 Terra 250m 16-day
SO1101,Borama,SO11,Awdal,2023-04-07,0.3190244201457919,0.30635,0.2237133200795228,0.21935,0.8250410060142154,3018,0.0620557681793329,0.0,pixel_reliability=0 AND MODLAND_QA(bits0-1)=0 AND VI range -2000..10000,MOD13Q1 V061 Terra 250m 16-day
SO1101,Borama,SO11,Awdal,2023-04-23,0.339421969140338,0.3261,0.2227533063923585,0.2198,0.74412247129579,2722,0.1022416621104428,0.0,pixel_reliability=0 AND MODLAND_QA(bits0-1)=0 AND VI range -2000..10000,MOD13Q1 V061 Terra 250m 16-day
SO1101,Borama,SO11,Awdal,2023-05-09,0.3347964373801041,0.3215,0.2255995615237051,0.2229,0.9975396391470748,3649,0.0,0.0,pixel_reliability=0 AND MODLAND_QA(bits0-1)=0 AND VI range -2000..10000,MOD13Q1 V061 Terra 250m 16-day
SO1101,Borama,SO11,Awdal,2023-05-25,0.3192878597122301,0.30405,0.2171431954436451,0.211,0.911973756150902,3336,0.009021323127392,0.0,pixel_reliability=0 AND MODLAND_QA(bits0-1)=0 AND VI range -2000..10000,MOD13Q1 V061 Terra 250m 16-day
SO1101,Borama,SO11,Awdal,2023-06-10,0.2721720870678617,0.2604,0.1850621638924456,0.18215,0.854018589393111,3124,0.0237834882449425,0.0,pixel_reliability=0 AND MODLAND_QA(bits0-1)=0 AND VI range -2000..10000,MOD13Q1 V061 Terra 250m 16-day
SO1101,Borama,SO11,Awdal,2023-06-26,0.2562396466040861,0.25245,0.1721124516841524,0.1708,0.9901585565882997,3622,0.0005467468562055,0.0,pixel_reliability=0 AND MODLAND_QA(bits0-1)=0 AND VI range -2000..10000,MOD13Q1 V061 Terra 250m 16-day
SO1101,Borama,SO11,Awdal,2023-07-12,0.2302914554258046,0.2258,0.1531223298205639,0.1527,0.95981410606889,3511,0.0098414434117003,0.0,pixel_reliability=0 AND MODLAND_QA(bits0-1)=0 AND VI range -2000..10000,MOD13Q1 V061 Terra 250m 16-day
SO1101,Borama,SO11,Awdal,2023-07-28,0.2346583356449376,0.2308,0.1605515672676837,0.1615,0.9855112083105522,3605,0.0021869874248223,0.0,pixel_reliability=0 AND MODLAND_QA(bits0-1)=0 AND VI range -2000..10000,MOD13Q1 V061 Terra 250m 16-day
SO1101,Borama,SO11,Awdal,2023-08-13,0.2499916346681294,0.24175,0.1638785518376303,0.1604,0.9967195188627666,3646,0.0,0.0,pixel_reliability=0 AND MODLAND_QA(bits0-1)=0 AND VI range -2000..10000,MOD13Q1 V061 Terra 250m 16-day
SO1101,Borama,SO11,Awdal,2023-08-29,0.2505128450704225,0.24155,0.1736735492957746,0.17085,0.9704756697648989,3550,0.0065609622744669,0.0,pixel_reliability=0 AND MODLAND_QA(bits0-1)=0 AND VI range -2000..10000,MOD13Q1 V061 Terra 250m 16-day
SO1101,Borama,SO11,Awdal,2023-09-14,0.2572436682520808,0.25495,0.170791527942925,0.1717,0.9196282121377802,3364,0.0139420448332422,0.0,pixel_reliability=0 AND MODLAND_QA(bits0-1)=0 AND VI range -2000..10000,MOD13Q1 V061 Terra 250m 16-day
SO1101,Borama,SO11,Awdal,2023-09-30,0.2654425397696105,0.2672,0.1678583927591881,0.17225,0.9967195188627666,3646,0.0,0.0,pixel_reliability=0 AND MODLAND_QA(bits0-1)=0 AND VI range -2000..10000,MOD13Q1 V061 Terra 250m 16-day
SO1101,Borama,SO11,Awdal,2023-10-16,0.2491738031405591,0.2428,0.1663878973573343,0.1653,0.7137780207763805,2611,0.0,0.0,pixel_reliability=0 AND MODLAND_QA(bits0-1)=0 AND VI range -2000..10000,MOD13Q1 V061 Terra 250m 16-day
SO1101,Borama,SO11,Awdal,2023-11-01,0.2641841718152398,0.2473,0.1560490144160047,0.1512,0.9291962821213778,3399,0.0295243302351011,0.0,pixel_reliability=0 AND MODLAND_QA(bits0-1)=0 AND VI range -2000..10000,MOD13Q1 V061 Terra 250m 16-day
SO1101,Borama,SO11,Awdal,2023-11-17,0.2663898034747935,0.2531,0.1565680432925092,0.152,0.95981410606889,3511,0.0002733734281027,0.0,pixel_reliability=0 AND MODLAND_QA(bits0-1)=0 AND VI range -2000..10000,MOD13Q1 V061 Terra 250m 16-day
SO1101,Borama,SO11,Awdal,2023-12-03,0.2579988573021182,0.2421,0.1633458193979933,0.1565,0.9808638600328048,3588,0.0005467468562055,0.0,pixel_reliability=0 AND MODLAND_QA(bits0-1)=0 AND VI range -2000..10000,MOD13Q1 V061 Terra 250m 16-day
SO1101,Borama,SO11,Awdal,2023-12-19,0.2382332729468599,0.22365,0.1422875905797101,0.13775,0.9054127938764353,3312,0.0,0.0,pixel_reliability=0 AND MODLAND_QA(bits0-1)=0 AND VI range -2000..10000,MOD13Q1 V061 Terra 250m 16-day
SO1102,Baki,SO11,Awdal,2023-01-01,0.1997338461538461,0.19125,0.1163794871794871,0.1145,0.407949790794979,1560,0.3778765690376569,0.0214435146443514,pixel_reliability=0 AND MODLAND_QA(bits0-1)=0 AND VI range -2000..10000,MOD13Q1 V061 Terra 250m 16-day
SO1102,Baki,SO11,Awdal,2023-01-17,0.2108217375630857,0.202,0.1471159336697909,0.14255,0.725418410041841,2774,0.1325836820083682,0.0052301255230125,pixel_reliability=0 AND MODLAND_QA(bits0-1)=0 AND VI range -2000..10000,MOD13Q1 V061 Terra 250m 16-day
SO1102,Baki,SO11,Awdal,2023-02-02,0.1915955185291583,0.1789,0.1276290146509623,0.1203,0.9103033472803348,3481,0.0305962343096234,0.0,pixel_reliability=0 AND MODLAND_QA(bits0-1)=0 AND VI range -2000..10000,MOD13Q1 V061 Terra 250m 16-day
SO1102,Baki,SO11,Awdal,2023-03-06,0.1702150796034845,0.1626,0.1153941724241514,0.1094,0.8705543933054394,3329,0.0381799163179916,0.0007845188284518,pixel_reliability=0 AND MODLAND_QA(bits0-1)=0 AND VI range -2000..10000,MOD13Q1 V061 Terra 250m 16-day
SO1102,Baki,SO11,Awdal,2023-03-22,0.2518878787878788,0.2449,0.1734419913419913,0.1737,0.0604079497907949,231,0.8117154811715481,0.0206589958158995,pixel_reliability=0 AND MODLAND_QA(bits0-1)=0 AND VI range -2000..10000,MOD13Q1 V061 Terra 250m 16-day
SO1102,Baki,SO11,Awdal,2023-04-07,0.2139849298100743,0.1985,0.1482147811725846,0.13985,0.6333682008368201,2422,0.1759937238493724,0.0015690376569037,pixel_reliability=0 AND MODLAND_QA(bits0-1)=0 AND VI range -2000..10000,MOD13Q1 V061 Terra 250m 16-day
SO1102,Baki,SO11,Awdal,2023-04-23,0.2236841675936225,0.2016,0.1424799035965888,0.1333,0.7052824267782427,2697,0.1639644351464435,0.0023535564853556,pixel_reliability=0 AND MODLAND_QA(bits0-1)=0 AND VI range -2000..10000,MOD13Q1 V061 Terra 250m 16-day
SO1102,Baki,SO11,Awdal,2023-05-09,0.1975280424720936,0.1689,0.136502232507487,0.1223,0.9605125523012552,3673,0.0018305439330543,0.0007845188284518,pixel_reliability=0 AND MODLAND_QA(bits0-1)=0 AND VI range -2000..10000,MOD13Q1 V061 Terra 250m 16-day
SO1102,Baki,SO11,Awdal,2023-05-25,0.1894481885044947,0.1615,0.1287819940070825,0.1151,0.959989539748954,3671,0.0031380753138075,0.0,pixel_reliability=0 AND MODLAND_QA(bits0-1)=0 AND VI range -2000..10000,MOD13Q1 V061 Terra 250m 16-day
SO1102,Baki,SO11,Awdal,2023-06-10,0.1572643214682981,0.1343,0.1086114293659621,0.0956,0.9403765690376568,3596,0.0052301255230125,0.0002615062761506,pixel_reliability=0 AND MODLAND_QA(bits0-1)=0 AND VI range -2000..10000,MOD13Q1 V061 Terra 250m 16-day
SO1102,Baki,SO11,Awdal,2023-06-26,0.1505632515502831,0.1307,0.1045779724993259,0.0945,0.9699267782426778,3709,0.0036610878661087,0.0005230125523012,pixel_reliability=0 AND MODLAND_QA(bits0-1)=0 AND VI range -2000..10000,MOD13Q1 V061 Terra 250m 16-day
SO1102,Baki,SO11,Awdal,2023-07-12,0.1379527973927213,0.1211,0.0952563552417164,0.08695,0.9628661087866108,3682,0.0120292887029288,0.0010460251046025,pixel_reliability=0 AND MODLAND_QA(bits0-1)=0 AND VI range -2000..10000,MOD13Q1 V061 Terra 250m 16-day
SO1102,Baki,SO11,Awdal,2023-07-28,0.1365360723089564,0.1202,0.0960125718981101,0.0878,0.9547594142259416,3651,0.0104602510460251,0.002092050209205,pixel_reliability=0 AND MODLAND_QA(bits0-1)=0 AND VI range -2000..10000,MOD13Q1 V061 Terra 250m 16-day
SO1102,Baki,SO11,Awdal,2023-08-13,0.1424502958579881,0.12065,0.0995212479827864,0.08985,0.9722803347280334,3718,0.0018305439330543,0.0,pixel_reliability=0 AND MODLAND_QA(bits0-1)=0 AND VI range -2000..10000,MOD13Q1 V061 Terra 250m 16-day
SO1102,Baki,SO11,Awdal,2023-08-29,0.1448884791386272,0.1239,0.1030372812920592,0.0922,0.9714958158995816,3715,0.0065376569037656,0.0,pixel_reliability=0 AND MODLAND_QA(bits0-1)=0 AND VI range -2000..10000,MOD13Q1 V061 Terra 250m 16-day
SO1102,Baki,SO11,Awdal,2023-09-14,0.1508359119141727,0.12555,0.1030872953133822,0.0886,0.926255230125523,3542,0.0125523012552301,0.0,pixel_reliability=0 AND MODLAND_QA(bits0-1)=0 AND VI range -2000..10000,MOD13Q1 V061 Terra 250m 16-day
SO1102,Baki,SO11,Awdal,2023-09-30,0.1606851304114009,0.1331,0.107863861253025,0.0934,0.972541841004184,3719,0.0023535564853556,0.0,pixel_reliability=0 AND MODLAND_QA(bits0-1)=0 AND VI range -2000..10000,MOD13Q1 V061 Terra 250m 16-day
SO1102,Baki,SO11,Awdal,2023-10-16,0.1542775122749591,0.1341,0.1072924386252046,0.0976,0.7989016736401674,3055,0.0536087866108786,0.0018305439330543,pixel_reliability=0 AND MODLAND_QA(bits0-1)=0 AND VI range -2000..10000,MOD13Q1 V061 Terra 250m 16-day
SO1102,Baki,SO11,Awdal,2023-11-01,0.2505222099447514,0.2393,0.1411662983425414,0.1358,0.236663179916318,905,0.3386506276150627,0.1281380753138075,pixel_reliability=0 AND MODLAND_QA(bits0-1)=0 AND VI range -2000..10000,MOD13Q1 V061 Terra 250m 16-day
SO1102,Baki,SO11,Awdal,2023-11-17,0.2372890372168285,0.22835,0.1459251618122977,0.14295,0.6464435146443515,2472,0.1851464435146443,0.006276150627615,pixel_reliability=0 AND MODLAND_QA(bits0-1)=0 AND VI range -2000..10000,MOD13Q1 V061 Terra 250m 16-day
SO1102,Baki,SO11,Awdal,2023-12-03,0.2236588912450773,0.2069,0.1461600424113904,0.1388,0.8632322175732218,3301,0.0230125523012552,0.0,pixel_reliability=0 AND MODLAND_QA(bits0-1)=0 AND VI range -2000..10000,MOD13Q1 V061 Terra 250m 16-day
SO1102,Baki,SO11,Awdal,2023-12-19,0.2335549896480331,0.2216,0.1446301449275362,0.1436,0.6315376569037657,2415,0.1605648535564853,0.0007845188284518,pixel_reliability=0 AND MODLAND_QA(bits0-1)=0 AND VI range -2000..10000,MOD13Q1 V061 Terra 250m 16-day
SO1103,Lughaye,SO11,Awdal,2023-01-01,0.1294490476190476,0.12305,0.09053,0.0893,0.0530705079605761,210,0.549911549153399,0.0702552438716199,pixel_reliability=0 AND MODLAND_QA(bits0-1)=0 AND VI range -2000..10000,MOD13Q1 V061 Terra 250m 16-day
SO1103,Lughaye,SO11,Awdal,2023-01-17,0.1729543378995433,0.1598,0.1337913242009132,0.1269,0.1660348749052312,657,0.4432650998230983,0.0300732878443265,pixel_reliability=0 AND MODLAND_QA(bits0-1)=0 AND VI range -2000..10000,MOD13Q1 V061 Terra 250m 16-day
SO1103,Lughaye,SO11,Awdal,2023-02-02,0.1641106130860381,0.1537,0.1178303451828954,0.1122,0.4905231235784685,1941,0.400303260045489,0.0002527167045741,pixel_reliability=0 AND MODLAND_QA(bits0-1)=0 AND VI range -2000..10000,MOD13Q1 V061 Terra 250m 16-day
SO1103,Lughaye,SO11,Awdal,2023-03-06,0.1417189493433396,0.1391,0.1007920450281426,0.0998,0.6734900176901694,2665,0.1074045994440232,0.0189537528430629,pixel_reliability=0 AND MODLAND_QA(bits0-1)=0 AND VI range -2000..10000,MOD13Q1 V061 Terra 250m 16-day
SO1103,Lughaye,SO11,Awdal,2023-03-22,0.1430862745098039,0.1363,0.1030274509803921,0.0988,0.0128885519332827,51,0.6209249431387415,0.1991407632044478,pixel_reliability=0 AND MODLAND_QA(bits0-1)=0 AND VI range -2000..10000,MOD13Q1 V061 Terra 250m 16-day
SO1103,Lughaye,SO11,Awdal,2023-04-07,0.1763618738404452,0.1636,0.1339623376623376,0.124,0.2724286075309578,1078,0.482436189032095,0.0040434672731867,pixel_reliability=0 AND MODLAND_QA(bits0-1)=0 AND VI range -2000..10000,MOD13Q1 V061 Terra 250m 16-day
SO1103,Lughaye,SO11,Awdal,2023-04-23,0.1612670307845084,0.14885,0.1122585898709036,0.1046,0.5089714430123832,2014,0.2549911549153399,0.0075815011372251,pixel_reliability=0 AND MODLAND_QA(bits0-1)=0 AND VI range -2000..10000,MOD13Q1 V061 Terra 250m 16-day
SO1103,Lughaye,SO11,Awdal,2023-05-09,0.1390942250068101,0.1312,0.1004828384636338,0.0955,0.9277230224917868,3671,0.0090978013646702,0.0017690169320192,pixel_reliability=0 AND MODLAND_QA(bits0-1)=0 AND VI range -2000..10000,MOD13Q1 V061 Terra 250m 16-day
SO1103,Lughaye,SO11,Awdal,2023-05-25,0.1285348293469497,0.1222,0.0922245095404461,0.0885,0.9403588577204952,3721,0.0085923679555218,0.0,pixel_reliability=0 AND MODLAND_QA(bits0-1)=0 AND VI range -2000..10000,MOD13Q1 V061 Terra 250m 16-day
SO1103,Lughaye,SO11,Awdal,2023-06-10,0.1132011921657678,0.1107,0.0831042009650865,0.0819,0.8903209502148092,3523,0.025018953752843,0.0,pixel_reliability=0 AND MODLAND_QA(bits0-1)=0 AND VI range -2000..10000,MOD13Q1 V061 Terra 250m 16-day
SO1103,Lughaye,SO11,Awdal,2023-06-26,0.1135169994603346,0.1108,0.083914058283864,0.0825,0.9365681071518828,3706,0.0060652009097801,0.0010108668182966,pixel_reliability=0 AND MODLAND_QA(bits0-1)=0 AND VI range -2000..10000,MOD13Q1 V061 Terra 250m 16-day
SO1103,Lughaye,SO11,Awdal,2023-07-12,0.1089345870809485,0.1074,0.0797489234123739,0.079,0.9272175890826384,3669,0.0164265857973212,0.001516300227445,pixel_reliability=0 AND MODLAND_QA(bits0-1)=0 AND VI range -2000..10000,MOD13Q1 V061 Terra 250m 16-day
SO1103,Lughaye,SO11,Awdal,2023-07-28,0.1088070348996977,0.107,0.0808248969497114,0.0802,0.9196360879454132,3639,0.0283042709123073,0.0040434672731867,pixel_reliability=0 AND MODLAND_QA(bits0-1)=0 AND VI range -2000..10000,MOD13Q1 V061 Terra 250m 16-day
SO1103,Lughaye,SO11,Awdal,2023-08-13,0.1098633612537152,0.1073,0.0824313969197514,0.0816,0.9353045236290118,3701,0.0063179176143543,0.0,pixel_reliability=0 AND MODLAND_QA(bits0-1)=0 AND VI range -2000..10000,MOD13Q1 V061 Terra 250m 16-day
SO1103,Lughaye,SO11,Awdal,2023-08-29,0.1081383598597248,0.1063,0.0812897491232803,0.0803,0.9368208238564568,3707,0.0068233510235026,0.0,pixel_reliability=0 AND MODLAND_QA(bits0-1)=0 AND VI range -2000..10000,MOD13Q1 V061 Terra 250m 16-day
SO1103,Lughaye,SO11,Awdal,2023-09-14,0.105838591160221,0.1045,0.0780607458563535,0.0773,0.914834470558504,3620,0.0267879706848622,0.0005054334091483,pixel_reliability=0 AND MODLAND_QA(bits0-1)=0 AND VI range -2000..10000,MOD13Q1 V061 Terra 250m 16-day
SO1103,Lughaye,SO11,Awdal,2023-09-30,0.1101621604938271,0.107,0.0799465432098765,0.0786,0.8188021228203184,3240,0.0055597675006317,0.0002527167045741,pixel_reliability=0 AND MODLAND_QA(bits0-1)=0 AND VI range -2000..10000,MOD13Q1 V061 Terra 250m 16-day
SO1103,Lughaye,SO11,Awdal,2023-10-16,0.1151956218274111,0.1119,0.0841955583756345,0.08255,0.3982815264088956,1576,0.3206974981046247,0.0116249684104119,pixel_reliability=0 AND MODLAND_QA(bits0-1)=0 AND VI range -2000..10000,MOD13Q1 V061 Terra 250m 16-day
SO1103,Lughaye,SO11,Awdal,2023-11-01,0.1441184848484848,0.14145,0.1070148484848484,0.1037,0.0833965125094768,330,0.4958301743745261,0.0750568612585291,pixel_reliability=0 AND MODLAND_QA(bits0-1)=0 AND VI range -2000..10000,MOD13Q1 V061 Terra 250m 16-day
SO1103,Lughaye,SO11,Awdal,2023-11-17,0.1931753587679384,0.181,0.1354693384669233,0.1279,0.7220116249684104,2857,0.1005812484205206,0.0020217336365933,pixel_reliability=0 AND MODLAND_QA(bits0-1)=0 AND VI range -2000..10000,MOD13Q1 V061 Terra 250m 16-day
SO1103,Lughaye,SO11,Awdal,2023-12-03,0.1922061444969615,0.1835,0.1336828494260634,0.1291,0.3742734394743492,1481,0.2324993682082385,0.001516300227445,pixel_reliability=0 AND MODLAND_QA(bits0-1)=0 AND VI range -2000..10000,MOD13Q1 V061 Terra 250m 16-day
SO1103,Lughaye,SO11,Awdal,2023-12-19,0.18139592,0.1759,0.12628304,0.12315,0.3158958807177154,1250,0.3975233762951731,0.0048016173869092,pixel_reliability=0 AND MODLAND_QA(bits0-1)=0 AND VI range -2000..10000,MOD13Q1 V061 Terra 250m 16-day
SO1104,Zeylac,SO11,Awdal,2023-01-01,0.1611494932432432,0.1525,0.0932427927927928,0.08935,0.2412715663632658,1776,0.3203369107458226,0.1362586605080831,pixel_reliability=0 AND MODLAND_QA(bits0-1)=0 AND VI range -2000..10000,MOD13Q1 V061 Terra 250m 16-day
SO1104,Zeylac,SO11,Awdal,2023-01-17,0.1794242659758204,0.1713,0.1181731001727116,0.1136,0.3146311642439885,2316,0.3318842548566771,0.0417062899062627,pixel_reliability=0 AND MODLAND_QA(bits0-1)=0 AND VI range -2000..10000,MOD13Q1 V061 Terra 250m 16-day
SO1104,Zeylac,SO11,Awdal,2023-02-02,0.1829970063694267,0.1766,0.1163307643312101,0.11175,0.426572476565684,3140,0.4708599375084907,0.0014943621790517,pixel_reliability=0 AND MODLAND_QA(bits0-1)=0 AND VI range -2000..10000,MOD13Q1 V061 Terra 250m 16-day
SO1104,Zeylac,SO11,Awdal,2023-03-06,0.1564791957399926,0.1513,0.0994748071979434,0.0982,0.7398451297378074,5446,0.0797445999184893,0.0415704387990762,pixel_reliability=0 AND MODLAND_QA(bits0-1)=0 AND VI range -2000..10000,MOD13Q1 V061 Terra 250m 16-day
SO1104,Zeylac,SO11,Awdal,2023-03-22,0.1828697435897436,0.1817,0.1222844688644688,0.118,0.1854367613096046,1365,0.5847031653307975,0.0309740524385273,pixel_reliability=0 AND MODLAND_QA(bits0-1)=0 AND VI range -2000..10000,MOD13Q1 V061 Terra 250m 16-day
SO1104,Zeylac,SO11,Awdal,2023-04-07,0.2001455701754386,0.1931,0.144516447368421,0.1406,0.3097405243852737,2280,0.398043744056514,0.0335552234750713,pixel_reliability=0 AND MODLAND_QA(bits0-1)=0 AND VI range -2000..10000,MOD13Q1 V061 Terra 250m 16-day
SO1104,Zeylac,SO11,Awdal,2023-04-23,0.1638252189141856,0.1564,0.1072685541934228,0.1024,0.6981388398315447,5139,0.1324548295068605,0.0052981931802744,pixel_reliability=0 AND MODLAND_QA(bits0-1)=0 AND VI range -2000..10000,MOD13Q1 V061 Terra 250m 16-day
SO1104,Zeylac,SO11,Awdal,2023-05-09,0.1567243987250072,0.1451,0.1050884236453202,0.09905,0.9376443418013856,6902,0.0126341529683466,0.0019019155006113,pixel_reliability=0 AND MODLAND_QA(bits0-1)=0 AND VI range -2000..10000,MOD13Q1 V061 Terra 250m 16-day
SO1104,Zeylac,SO11,Awdal,2023-05-25,0.1468548550724638,0.1338,0.0967705942028985,0.0899,0.9373726395870128,6900,0.0133134085042793,0.0016302132862382,pixel_reliability=0 AND MODLAND_QA(bits0-1)=0 AND VI range -2000..10000,MOD13Q1 V061 Terra 250m 16-day
SO1104,Zeylac,SO11,Awdal,2023-06-10,0.1310486645540969,0.1202,0.0942404708012675,0.0862,0.6001901915500611,4418,0.2071729384594484,0.0021736177149843,pixel_reliability=0 AND MODLAND_QA(bits0-1)=0 AND VI range -2000..10000,MOD13Q1 V061 Terra 250m 16-day
SO1104,Zeylac,SO11,Awdal,2023-06-26,0.1262087072901905,0.1192,0.0866688395528263,0.0831,0.8627903817416112,6351,0.0328759679391387,0.0016302132862382,pixel_reliability=0 AND MODLAND_QA(bits0-1)=0 AND VI range -2000..10000,MOD13Q1 V061 Terra 250m 16-day
SO1104,Zeylac,SO11,Awdal,2023-07-12,0.1191025953666608,0.1121,0.0824350287406375,0.0795,0.7799212063578318,5741,0.0728161934519766,0.0035321287868496,pixel_reliability=0 AND MODLAND_QA(bits0-1)=0 AND VI range -2000..10000,MOD13Q1 V061 Terra 250m 16-day
SO1104,Zeylac,SO11,Awdal,2023-07-28,0.1178998479986488,0.1105,0.0810279682486066,0.0784,0.804374405651406,5921,0.1005298193180274,0.0040755332155957,pixel_reliability=0 AND MODLAND_QA(bits0-1)=0 AND VI range -2000..10000,MOD13Q1 V061 Terra 250m 16-day
SO1104,Zeylac,SO11,Awdal,2023-08-13,0.122564628885914,0.1147,0.0810334523278298,0.0779,0.913326993614998,6723,0.0152153240048906,0.0012226599646787,pixel_reliability=0 AND MODLAND_QA(bits0-1)=0 AND VI range -2000..10000,MOD13Q1 V061 Terra 250m 16-day
SO1104,Zeylac,SO11,Awdal,2023-08-29,0.1211274706609017,0.1135,0.0846829061148857,0.0807,0.8797717701399267,6476,0.0320608612960195,0.0006792555359326,pixel_reliability=0 AND MODLAND_QA(bits0-1)=0 AND VI range -2000..10000,MOD13Q1 V061 Terra 250m 16-day
SO1104,Zeylac,SO11,Awdal,2023-09-14,0.1222327137546468,0.111,0.0858456216439488,0.0793,0.6577910609971471,4842,0.1550061132998234,0.0016302132862382,pixel_reliability=0 AND MODLAND_QA(bits0-1)=0 AND VI range -2000..10000,MOD13Q1 V061 Terra 250m 16-day
SO1104,Zeylac,SO11,Awdal,2023-09-30,0.1277346135458167,0.1156,0.0832768605577689,0.0775,0.8524656975954354,6275,0.0101888330389892,0.000271702214373,pixel_reliability=0 AND MODLAND_QA(bits0-1)=0 AND VI range -2000..10000,MOD13Q1 V061 Terra 250m 16-day
SO1104,Zeylac,SO11,Awdal,2023-10-16,0.1347796445880452,0.124,0.0878981906300484,0.0799,0.4204591767422904,3095,0.2889553049857356,0.0076076620024453,pixel_reliability=0 AND MODLAND_QA(bits0-1)=0 AND VI range -2000..10000,MOD13Q1 V061 Terra 250m 16-day
SO1104,Zeylac,SO11,Awdal,2023-11-01,0.1726727876106195,0.14945,0.1071790376106194,0.0963,0.2456188017932346,1808,0.4283385409591088,0.0470044830865371,pixel_reliability=0 AND MODLAND_QA(bits0-1)=0 AND VI range -2000..10000,MOD13Q1 V061 Terra 250m 16-day
SO1104,Zeylac,SO11,Awdal,2023-11-17,0.17187075,0.1591,0.1071971875,0.1007,0.4347235429968754,3200,0.2840646651270208,0.0138568129330254,pixel_reliability=0 AND MODLAND_QA(bits0-1)=0 AND VI range -2000..10000,MOD13Q1 V061 Terra 250m 16-day
SO1104,Zeylac,SO11,Awdal,2023-12-03,0.1655846779440468,0.15505,0.1031610605074821,0.0956,0.4176063034913734,3074,0.3140877598152425,0.0038038310012226,pixel_reliability=0 AND MODLAND_QA(bits0-1)=0 AND VI range -2000..10000,MOD13Q1 V061 Terra 250m 16-day
SO1104,Zeylac,SO11,Awdal,2023-12-19,0.1580853412462908,0.1451,0.0981340652818991,0.0933,0.2289091156092922,1685,0.4347235429968754,0.0203776660779785,pixel_reliability=0 AND MODLAND_QA(bits0-1)=0 AND VI range -2000..10000,MOD13Q1 V061 Terra 250m 16-day
SO1201,Hargeysa,SO12,Woqooyi Galbeed,2023-01-01,0.1635317147798323,0.1571,0.1042296594386058,0.1013,0.9178826546187192,15034,0.041394468526772,0.0007936992490384,pixel_reliability=0 AND MODLAND_QA(bits0-1)=0 AND VI range -2000..10000,MOD13Q1 V061 Terra 250m 16-day
SO1201,Hargeysa,SO12,Woqooyi Galbeed,2023-01-17,0.1618311829944547,0.1547,0.1049424337646334,0.1014,0.990902985530252,16230,0.0020758288051773,0.0,pixel_reliability=0 AND MODLAND_QA(bits0-1)=0 AND VI range -2000..10000,MOD13Q1 V061 Terra 250m 16-day
SO1201,Hargeysa,SO12,Woqooyi Galbeed,2023-02-02,0.157647727415209,0.1515,0.1019179424487492,0.0988,0.9738689785701202,15951,6.105378838756945e-05,0.0,pixel_reliability=0 AND MODLAND_QA(bits0-1)=0 AND VI range -2000..10000,MOD13Q1 V061 Terra 250m 16-day
SO1201,Hargeysa,SO12,Woqooyi Galbeed,2023-03-06,0.1482363019346654,0.1457,0.0973833745639073,0.0955,0.9625129739300324,15765,0.0056169485316563,0.0,pixel_reliability=0 AND MODLAND_QA(bits0-1)=0 AND VI range -2000..10000,MOD13Q1 V061 Terra 250m 16-day
SO1201,Hargeysa,SO12,Woqooyi Galbeed,2023-03-22,0.1707724270639354,0.1678,0.1176056362507759,0.1151,0.4917882654618719,8055,0.2258990170340069,0.0029305818426033,pixel_reliability=0 AND MODLAND_QA(bits0-1)=0 AND VI range -2000..10000,MOD13Q1 V061 Terra 250m 16-day
SO1201,Hargeysa,SO12,Woqooyi Galbeed,2023-04-07,0.2040484770040556,0.1927,0.1451721718871343,0.1376,0.7075523536235423,11589,0.0573905610843152,0.0012821295561389,pixel_reliability=0 AND MODLAND_QA(bits0-1)=0 AND VI range -2000..10000,MOD13Q1 V061 Terra 250m 16-day
SO1201,Hargeysa,SO12,Woqooyi Galbeed,2023-04-23,0.2126752024922118,0.1959,0.1444815784008307,0.1339,0.2939739910861469,4815,0.5784235911838329,0.0,pixel_reliability=0 AND MODLAND_QA(bits0-1)=0 AND VI range -2000..10000,MOD13Q1 V061 Terra 250m 16-day
SO1201,Hargeysa,SO12,Woqooyi Galbeed,2023-05-09,0.2457095924147272,0.2299,0.1679719431104544,0.1574,0.991635630990903,16242,0.001404237132914,0.0,pixel_reliability=0 AND MODLAND_QA(bits0-1)=0 AND VI range -2000..10000,MOD13Q1 V061 Terra 250m 16-day
SO1201,Hargeysa,SO12,Woqooyi Galbeed,2023-05-25,0.2593147764618342,0.2453,0.1759092825696037,0.1674,0.9846144453263324,16127,0.0014652909213016,0.0,pixel_reliability=0 AND MODLAND_QA(bits0-1)=0 AND VI range -2000..10000,MOD13Q1 V061 Terra 250m 16-day
SO1201,Hargeysa,SO12,Woqooyi Galbeed,2023-06-10,0.2391457613424487,0.2297,0.1621830826600373,0.1562,0.9823554551559924,16090,0.0028695280542157,0.0,pixel_reliability=0 AND MODLAND_QA(bits0-1)=0 AND VI range -2000..10000,MOD13Q1 V061 Terra 250m 16-day
SO1201,Hargeysa,SO12,Woqooyi Galbeed,2023-06-26,0.20357601680084,0.1978,0.1430710885544277,0.139,0.8721533671164295,14285,0.0314427010195982,0.0,pixel_reliability=0 AND MODLAND_QA(bits0-1)=0 AND VI range -2000..10000,MOD13Q1 V061 Terra 250m 16-day
SO1201,Hargeysa,SO12,Woqooyi Galbeed,2023-07-12,0.1927935321159494,0.1844,0.1320451474907419,0.1264,0.9562244337261128,15662,0.0097686061420111,0.0,pixel_reliability=0 AND MODLAND_QA(bits0-1)=0 AND VI range -2000..10000,MOD13Q1 V061 Terra 250m 16-day
SO1201,Hargeysa,SO12,Woqooyi Galbeed,2023-07-28,0.1737744603000366,0.1644,0.1180678009513355,0.1116,0.8343000183161365,13665,0.0390133707796568,0.0,pixel_reliability=0 AND MODLAND_QA(bits0-1)=0 AND VI range -2000..10000,MOD13Q1 V061 Terra 250m 16-day
SO1201,Hargeysa,SO12,Woqooyi Galbeed,2023-08-13,0.173240499194847,0.1652,0.1151246686485817,0.1101,0.9857744673056964,16146,0.0009158068258135,0.0,pixel_reliability=0 AND MODLAND_QA(bits0-1)=0 AND VI range -2000..10000,MOD13Q1 V061 Terra 250m 16-day
SO1201,Hargeysa,SO12,Woqooyi Galbeed,2023-08-29,0.1779109408784827,0.1706,0.1222869277815531,0.1163,0.9882776726295868,16187,0.0021979363819525,0.0,pixel_reliability=0 AND MODLAND_QA(bits0-1)=0 AND VI range -2000..10000,MOD13Q1 V061 Terra 250m 16-day
SO1201,Hargeysa,SO12,Woqooyi Galbeed,2023-09-14,0.1937626304671968,0.1876,0.127923055417495,0.1239,0.982721777886318,16096,0.00225899017034,0.0,pixel_reliability=0 AND MODLAND_QA(bits0-1)=0 AND VI range -2000..10000,MOD13Q1 V061 Terra 250m 16-day
SO1201,Hargeysa,SO12,Woqooyi Galbeed,2023-09-30,0.1932946635084297,0.1892,0.1317356137661975,0.1298,0.8763660785151719,14354,0.0072043470297331,0.0,pixel_reliability=0 AND MODLAND_QA(bits0-1)=0 AND VI range -2000..10000,MOD13Q1 V061 Terra 250m 16-day
SO1201,Hargeysa,SO12,Woqooyi Galbeed,2023-10-16,0.1837108501511849,0.1791,0.1270034877997328,0.1246,0.8682459246596251,14221,0.0217962024543622,0.0002442151535502,pixel_reliability=0 AND MODLAND_QA(bits0-1)=0 AND VI range -2000..10000,MOD13Q1 V061 Terra 250m 16-day
SO1201,Hargeysa,SO12,Woqooyi Galbeed,2023-11-01,0.2215664279696714,0.2172,0.14417299915754,0.1424,0.7247084681604493,11870,0.0779656877709261,0.0170340069601318,pixel_reliability=0 AND MODLAND_QA(bits0-1)=0 AND VI range -2000..10000,MOD13Q1 V061 Terra 250m 16-day
SO1201,Hargeysa,SO12,Woqooyi Galbeed,2023-11-17,0.2408002041124886,0.2335,0.1605688690656184,0.1552,0.8076195127907687,13228,0.0696013187618291,0.0010379144025886,pixel_reliability=0 AND MODLAND_QA(bits0-1)=0 AND VI range -2000..10000,MOD13Q1 V061 Terra 250m 16-day
SO1201,Hargeysa,SO12,Woqooyi Galbeed,2023-12-03,0.2388532408840463,0.2279,0.1564325636104748,0.1497,0.9862018438244092,16153,0.0024421515355027,0.0,pixel_reliability=0 AND MODLAND_QA(bits0-1)=0 AND VI range -2000..10000,MOD13Q1 V061 Terra 250m 16-day
SO1201,Hargeysa,SO12,Woqooyi Galbeed,2023-12-19,0.2219162936788378,0.2108,0.1425275945556864,0.135,0.9330239941388364,15282,0.0142255326943036,6.105378838756945e-05,pixel_reliability=0 AND MODLAND_QA(bits0-1)=0 AND VI range -2000..10000,MOD13Q1 V061 Terra 250m 16-day
SO1202,Berbera,SO12,Woqooyi Galbeed,2023-01-01,0.1175197666318356,0.1118,0.0819012365029606,0.079,0.4694244604316547,5742,0.2271909744931327,0.0145519947678221,pixel_reliability=0 AND MODLAND_QA(bits0-1)=0 AND VI range -2000..10000,MOD13Q1 V061 Terra 250m 16-day
SO1202,Berbera,SO12,Woqooyi Galbeed,2023-01-17,0.1198900754716981,0.1142,0.0855252327044025,0.0826,0.6499345977763243,7950,0.1402877697841726,0.0055591890124264,pixel_reliability=0 AND MODLAND_QA(bits0-1)=0 AND VI range -2000..10000,MOD13Q1 V061 Terra 250m 16-day
SO1202,Berbera,SO12,Woqooyi Galbeed,2023-02-02,0.1310165822326759,0.1218,0.0867786683553464,0.0835,0.9036952256376716,11054,0.0113636363636363,0.0002452583387835,pixel_reliability=0 AND MODLAND_QA(bits0-1)=0 AND VI range -2000..10000,MOD13Q1 V061 Terra 250m 16-day
SO1202,Berbera,SO12,Woqooyi Galbeed,2023-03-06,0.1224713764813126,0.11675,0.0823811531449407,0.0801,0.7174623937213865,8776,0.0770928711576193,0.0123446697187704,pixel_reliability=0 AND MODLAND_QA(bits0-1)=0 AND VI range -2000..10000,MOD13Q1 V061 Terra 250m 16-day
SO1202,Berbera,SO12,Woqooyi Galbeed,2023-03-22,0.1297979493835171,0.1229,0.0976203244646333,0.0907,0.6299051667756703,7705,0.164404839764552,0.0176586003924133,pixel_reliability=0 AND MODLAND_QA(bits0-1)=0 AND VI range -2000..10000,MOD13Q1 V061 Terra 250m 16-day
SO1202,Berbera,SO12,Woqooyi Galbeed,2023-04-07,0.1444121232227488,0.1358,0.1021025687203791,0.0962,0.8624918247220406,10550,0.0299215173315892,0.0042511445389143,pixel_reliability=0 AND MODLAND_QA(bits0-1)=0 AND VI range -2000..10000,MOD13Q1 V061 Terra 250m 16-day
SO1202,Berbera,SO12,Woqooyi Galbeed,2023-04-23,0.1464403236836106,0.1361,0.1003686232049236,0.0942,0.7172988881621976,8774,0.0807717462393721,0.0240353172007848,pixel_reliability=0 AND MODLAND_QA(bits0-1)=0 AND VI range -2000..10000,MOD13Q1 V061 Terra 250m 16-day
SO1202,Berbera,SO12,Woqooyi Galbeed,2023-05-09,0.14648436638506,0.141,0.1027317741218319,0.0979,0.9193100065402224,11245,0.0116906474820143,0.0015533028122956,pixel_reliability=0 AND MODLAND_QA(bits0-1)=0 AND VI range -2000..10000,MOD13Q1 V061 Terra 250m 16-day
SO1202,Berbera,SO12,Woqooyi Galbeed,2023-05-25,0.1408580454461481,0.1357,0.099202290781452,0.0945,0.8850555918901243,10826,0.0161870503597122,0.0013897972531066,pixel_reliability=0 AND MODLAND_QA(bits0-1)=0 AND VI range -2000..10000,MOD13Q1 V061 Terra 250m 16-day
SO1202,Berbera,SO12,Woqooyi Galbeed,2023-06-10,0.1234508528287818,0.1211,0.0889160219964582,0.0862,0.8771255722694572,10729,0.0284499672988881,0.0035153695225637,pixel_reliability=0 AND MODLAND_QA(bits0-1)=0 AND VI range -2000..10000,MOD13Q1 V061 Terra 250m 16-day
SO1202,Berbera,SO12,Woqooyi Galbeed,2023-06-26,0.118222655242307,0.1155,0.0847820158466924,0.082,0.8873446697187705,10854,0.0237900588620013,0.0053139306736429,pixel_reliability=0 AND MODLAND_QA(bits0-1)=0 AND VI range -2000..10000,MOD13Q1 V061 Terra 250m 16-day
SO1202,Berbera,SO12,Woqooyi Galbeed,2023-07-12,0.1141164518941963,0.1109,0.0815292316635984,0.0793,0.8437704381948986,10321,0.0404676258992805,0.0107913669064748,pixel_reliability=0 AND MODLAND_QA(bits0-1)=0 AND VI range -2000..10000,MOD13Q1 V061 Terra 250m 16-day
SO1202,Berbera,SO12,Woqooyi Galbeed,2023-07-28,0.1096162972491589,0.1074,0.0788225113793785,0.0773,0.8261935905820798,10106,0.0370340091563113,0.0094015696533682,pixel_reliability=0 AND MODLAND_QA(bits0-1)=0 AND VI range -2000..10000,MOD13Q1 V061 Terra 250m 16-day
SO1202,Berbera,SO12,Woqooyi Galbeed,2023-08-13,0.1141041539016038,0.1117,0.0822969904487295,0.0803,0.90729234793983,11098,0.0125899280575539,0.001144538914323,pixel_reliability=0 AND MODLAND_QA(bits0-1)=0 AND VI range -2000..10000,MOD13Q1 V061 Terra 250m 16-day
SO1202,Berbera,SO12,Woqooyi Galbeed,2023-08-29,0.1152856413529036,0.1122,0.0821438873188075,0.08,0.8967462393721386,10969,0.0238718116415958,0.0022890778286461,pixel_reliability=0 AND MODLAND_QA(bits0-1)=0 AND VI range -2000..10000,MOD13Q1 V061 Terra 250m 16-day
SO1202,Berbera,SO12,Woqooyi Galbeed,2023-09-14,0.1156848221191028,0.1127,0.0830526295436968,0.0808,0.8456507521255723,10344,0.0344996729888816,0.0040058862001308,pixel_reliability=0 AND MODLAND_QA(bits0-1)=0 AND VI range -2000..10000,MOD13Q1 V061 Terra 250m 16-day
SO1202,Berbera,SO12,Woqooyi Galbeed,2023-09-30,0.1200007734303912,0.117,0.0858705550500455,0.0826,0.8984630477436233,10990,0.006948986265533,0.000490516677567,pixel_reliability=0 AND MODLAND_QA(bits0-1)=0 AND VI range -2000..10000,MOD13Q1 V061 Terra 250m 16-day
SO1202,Berbera,SO12,Woqooyi Galbeed,2023-10-16,0.1228608241758241,0.1187,0.0887181043956043,0.0853,0.8927403531720078,10920,0.0141432308698495,0.0017985611510791,pixel_reliability=0 AND MODLAND_QA(bits0-1)=0 AND VI range -2000..10000,MOD13Q1 V061 Terra 250m 16-day
SO1202,Berbera,SO12,Woqooyi Galbeed,2023-11-01,0.1508396869565217,0.1409,0.1089710260869565,0.1026,0.2350392413342053,2875,0.4048397645519948,0.0309025506867233,pixel_reliability=0 AND MODLAND_QA(bits0-1)=0 AND VI range -2000..10000,MOD13Q1 V061 Terra 250m 16-day
SO1202,Berbera,SO12,Woqooyi Galbeed,2023-11-17,0.1727193253287592,0.1467,0.1177427672955975,0.1019,0.1429856115107913,1749,0.5761935905820798,0.0250163505559189,pixel_reliability=0 AND MODLAND_QA(bits0-1)=0 AND VI range -2000..10000,MOD13Q1 V061 Terra 250m 16-day
SO1202,Berbera,SO12,Woqooyi Galbeed,2023-12-03,0.1677605056481979,0.1554,0.1169877461000538,0.1101,0.7598920863309353,9295,0.0479888816219751,0.0016350555918901,pixel_reliability=0 AND MODLAND_QA(bits0-1)=0 AND VI range -2000..10000,MOD13Q1 V061 Terra 250m 16-day
SO1202,Berbera,SO12,Woqooyi Galbeed,2023-12-19,0.1559669083717864,0.1418,0.1092124917600527,0.101,0.4960758665794637,6068,0.2195879659908436,0.0039241334205362,pixel_reliability=0 AND MODLAND_QA(bits0-1)=0 AND VI range -2000..10000,MOD13Q1 V061 Terra 250m 16-day
SO1203,Gebiley,SO12,Woqooyi Galbeed,2023-01-01,0.2071513940520446,0.2038,0.1192045306691449,0.12,0.8529528339278637,4304,0.0879904875148632,0.0003963535473642,pixel_reliability=0 AND MODLAND_QA(bits0-1)=0 AND VI range -2000..10000,MOD13Q1 V061 Terra 250m 16-day
SO1203,Gebiley,SO12,Woqooyi Galbeed,2023-01-17,0.2190048355132778,0.2061,0.1324207491082045,0.1243,1.0,5046,0.0,0.0,pixel_reliability=0 AND MODLAND_QA(bits0-1)=0 AND VI range -2000..10000,MOD13Q1 V061 Terra 250m 16-day
SO1203,Gebiley,SO12,Woqooyi Galbeed,2023-02-02,0.2090262870987281,0.1941,0.1284104179285281,0.1213,0.9815695600475624,4953,0.0,0.0,pixel_reliability=0 AND MODLAND_QA(bits0-1)=0 AND VI range -2000..10000,MOD13Q1 V061 Terra 250m 16-day
SO1203,Gebiley,SO12,Woqooyi Galbeed,2023-03-06,0.18448364792778,0.1768,0.1161364792778006,0.1135,0.9659135949266746,4874,0.0073325406262386,0.0,pixel_reliability=0 AND MODLAND_QA(bits0-1)=0 AND VI range -2000..10000,MOD13Q1 V061 Terra 250m 16-day
SO1203,Gebiley,SO12,Woqooyi Galbeed,2023-03-22,0.2432481751824817,0.2474,0.1541423357664233,0.1512,0.0814506539833531,411,0.8444312326595323,0.0019817677368212,pixel_reliability=0 AND MODLAND_QA(bits0-1)=0 AND VI range -2000..10000,MOD13Q1 V061 Terra 250m 16-day
SO1203,Gebiley,SO12,Woqooyi Galbeed,2023-04-07,0.2777979032803517,0.2756,0.1907761920865742,0.1925,0.586008719778042,2957,0.1484344034879112,0.0005945303210463,pixel_reliability=0 AND MODLAND_QA(bits0-1)=0 AND VI range -2000..10000,MOD13Q1 V061 Terra 250m 16-day
SO1203,Gebiley,SO12,Woqooyi Galbeed,2023-04-23,0.2944149653979239,0.2935,0.1866592560553633,0.1874,0.4581847007530717,2312,0.4276654776060246,0.0,pixel_reliability=0 AND MODLAND_QA(bits0-1)=0 AND VI range -2000..10000,MOD13Q1 V061 Terra 250m 16-day
SO1203,Gebiley,SO12,Woqooyi Galbeed,2023-05-09,0.3217487858719647,0.3129,0.2154314268512943,0.2119,0.9875148632580262,4983,0.0001981767736821,0.0,pixel_reliability=0 AND MODLAND_QA(bits0-1)=0 AND VI range -2000..10000,MOD13Q1 V061 Terra 250m 16-day
SO1203,Gebiley,SO12,Woqooyi Galbeed,2023-05-25,0.3114565244667503,0.30725,0.2080169385194479,0.2091,0.9476813317479192,4782,0.0005945303210463,0.0,pixel_reliability=0 AND MODLAND_QA(bits0-1)=0 AND VI range -2000..10000,MOD13Q1 V061 Terra 250m 16-day
SO1203,Gebiley,SO12,Woqooyi Galbeed,2023-06-10,0.2853185852090032,0.2733,0.1867765916398714,0.1868,0.9244946492271106,4665,0.0110978993261989,0.0,pixel_reliability=0 AND MODLAND_QA(bits0-1)=0 AND VI range -2000..10000,MOD13Q1 V061 Terra 250m 16-day
SO1203,Gebiley,SO12,Woqooyi Galbeed,2023-06-26,0.254505967413442,0.2433,0.1698561710794297,0.1643,0.9730479587792312,4910,0.0031708283789139,0.0,pixel_reliability=0 AND MODLAND_QA(bits0-1)=0 AND VI range -2000..10000,MOD13Q1 V061 Terra 250m 16-day
SO1203,Gebiley,SO12,Woqooyi Galbeed,2023-07-12,0.2291273217247098,0.22375,0.1510657545605307,0.1514,0.9560047562425684,4824,0.0170432025366627,0.0,pixel_reliability=0 AND MODLAND_QA(bits0-1)=0 AND VI range -2000..10000,MOD13Q1 V061 Terra 250m 16-day
SO1203,Gebiley,SO12,Woqooyi Galbeed,2023-07-28,0.2214095723014257,0.22025,0.1452108961303462,0.15065,0.9730479587792312,4910,0.0089179548156956,0.0,pixel_reliability=0 AND MODLAND_QA(bits0-1)=0 AND VI range -2000..10000,MOD13Q1 V061 Terra 250m 16-day
SO1203,Gebiley,SO12,Woqooyi Galbeed,2023-08-13,0.224238938759226,0.2229,0.1427249351685617,0.148,0.99346016646849,5013,0.0005945303210463,0.0,pixel_reliability=0 AND MODLAND_QA(bits0-1)=0 AND VI range -2000..10000,MOD13Q1 V061 Terra 250m 16-day
SO1203,Gebiley,SO12,Woqooyi Galbeed,2023-08-29,0.2343123915237134,0.2347,0.157353824419778,0.1628,0.9819659135949268,4955,0.0067380103051922,0.0,pixel_reliability=0 AND MODLAND_QA(bits0-1)=0 AND VI range -2000..10000,MOD13Q1 V061 Terra 250m 16-day
SO1203,Gebiley,SO12,Woqooyi Galbeed,2023-09-14,0.2592557830092118,0.2566,0.163796110542477,0.1691,0.968093539437178,4885,0.0079270709472849,0.0,pixel_reliability=0 AND MODLAND_QA(bits0-1)=0 AND VI range -2000..10000,MOD13Q1 V061 Terra 250m 16-day
SO1203,Gebiley,SO12,Woqooyi Galbeed,2023-09-30,0.2522896111665005,0.249,0.1599947956131605,0.1616,0.993856520015854,5015,0.0003963535473642,0.0,pixel_reliability=0 AND MODLAND_QA(bits0-1)=0 AND VI range -2000..10000,MOD13Q1 V061 Terra 250m 16-day
SO1203,Gebiley,SO12,Woqooyi Galbeed,2023-10-16,0.2224846822033898,0.2223,0.1458624576271186,0.1482,0.9353943717796276,4720,0.0021799445105033,0.0,pixel_reliability=0 AND MODLAND_QA(bits0-1)=0 AND VI range -2000..10000,MOD13Q1 V061 Terra 250m 16-day
SO1203,Gebiley,SO12,Woqooyi Galbeed,2023-11-01,0.2462832637439109,0.23865,0.1480176409185803,0.1453,0.5695600475624257,2874,0.1464526357510899,0.0168450257629805,pixel_reliability=0 AND MODLAND_QA(bits0-1)=0 AND VI range -2000..10000,MOD13Q1 V061 Terra 250m 16-day
SO1203,Gebiley,SO12,Woqooyi Galbeed,2023-11-17,0.2593703049421662,0.2428,0.1465862460567823,0.1378,0.9423305588585018,4755,0.0188267934998018,0.0005945303210463,pixel_reliability=0 AND MODLAND_QA(bits0-1)=0 AND VI range -2000..10000,MOD13Q1 V061 Terra 250m 16-day
SO1203,Gebiley,SO12,Woqooyi Galbeed,2023-12-03,0.2463232751623376,0.2258,0.1481150974025974,0.1394,0.9766151407055094,4928,0.0043598890210067,0.0,pixel_reliability=0 AND MODLAND_QA(bits0-1)=0 AND VI range -2000..10000,MOD13Q1 V061 Terra 250m 16-day
SO1203,Gebiley,SO12,Woqooyi Galbeed,2023-12-19,0.2287888798865708,0.2117,0.1321689082438728,0.1241,0.9783987316686484,4937,0.0037653586999603,0.0,pixel_reliability=0 AND MODLAND_QA(bits0-1)=0 AND VI range -2000..10000,MOD13Q1 V061 Terra 250m 16-day
SO1301,Burco,SO13,Togdheer,2023-01-01,0.194149553726672,0.192,0.1191937000115915,0.1184,0.919722814498934,17254,0.0003731343283582,0.0,pixel_reliability=0 AND MODLAND_QA(bits0-1)=0 AND VI range -2000..10000,MOD13Q1 V061 Terra 250m 16-day
SO1301,Burco,SO13,Togdheer,2023-01-17,0.1850531618549549,0.1834,0.1136096269811622,0.1134,0.9988805970149254,18739,0.0001599147121535,0.0,pixel_reliability=0 AND MODLAND_QA(bits0-1)=0 AND VI range -2000..10000,MOD13Q1 V061 Terra 250m 16-day
SO1301,Burco,SO13,Togdheer,2023-02-02,0.1796412157073695,0.1773,0.1091321893491124,0.1094,0.9909381663113006,18590,0.0004264392324093,0.0,pixel_reliability=0 AND MODLAND_QA(bits0-1)=0 AND VI range -2000..10000,MOD13Q1 V061 Terra 250m 16-day
SO1301,Burco,SO13,Togdheer,2023-03-06,0.1717390593910159,0.1701,0.1033158396141091,0.1038,0.8840618336886994,16585,0.0328891257995735,0.0,pixel_reliability=0 AND MODLAND_QA(bits0-1)=0 AND VI range -2000..10000,MOD13Q1 V061 Terra 250m 16-day
SO1301,Burco,SO13,Togdheer,2023-03-22,0.2043353627245159,0.1843,0.1376345929554467,0.1251,0.2285181236673774,4287,0.4944029850746269,0.0020788912579957,pixel_reliability=0 AND MODLAND_QA(bits0-1)=0 AND VI range -2000..10000,MOD13Q1 V061 Terra 250m 16-day
SO1301,Burco,SO13,Togdheer,2023-04-07,0.2284877980273042,0.2193,0.1454581226729375,0.1403,0.816044776119403,15309,0.0061300639658848,0.0,pixel_reliability=0 AND MODLAND_QA(bits0-1)=0 AND VI range -2000..10000,MOD13Q1 V061 Terra 250m 16-day
SO1301,Burco,SO13,Togdheer,2023-04-23,0.2453662077826725,0.2394,0.1554243208516887,0.15255,0.2904051172707889,5448,0.44227078891258,0.04045842217484,pixel_reliability=0 AND MODLAND_QA(bits0-1)=0 AND VI range -2000..10000,MOD13Q1 V061 Terra 250m 16-day
SO1301,Burco,SO13,Togdheer,2023-05-09,0.2528827336735353,0.2469,0.1671600736386538,0.1633,0.8252132196162046,15481,0.0076759061833688,5.330490405117271e-05,pixel_reliability=0 AND MODLAND_QA(bits0-1)=0 AND VI range -2000..10000,MOD13Q1 V061 Terra 250m 16-day
SO1301,Burco,SO13,Togdheer,2023-05-25,0.2626415282392026,0.2558,0.1683410435161483,0.1636,0.978731343283582,18361,0.0050106609808102,5.330490405117271e-05,pixel_reliability=0 AND MODLAND_QA(bits0-1)=0 AND VI range -2000..10000,MOD13Q1 V061 Terra 250m 16-day
SO1301,Burco,SO13,Togdheer,2023-06-10,0.2328402330865645,0.2255,0.1539257348090596,0.1491,0.7272388059701492,13643,0.1115138592750533,0.0,pixel_reliability=0 AND MODLAND_QA(bits0-1)=0 AND VI range -2000..10000,MOD13Q1 V061 Terra 250m 16-day
SO1301,Burco,SO13,Togdheer,2023-06-26,0.1959758362618768,0.1926,0.1260841598333984,0.1241,0.8190831556503199,15366,0.0597014925373134,0.0053837953091684,pixel_reliability=0 AND MODLAND_QA(bits0-1)=0 AND VI range -2000..10000,MOD13Q1 V061 Terra 250m 16-day
SO1301,Burco,SO13,Togdheer,2023-07-12,0.1705100687349062,0.1658,0.1125758870518298,0.1089,0.2869402985074626,5383,0.498454157782516,0.0497334754797441,pixel_reliability=0 AND MODLAND_QA(bits0-1)=0 AND VI range -2000..10000,MOD13Q1 V061 Terra 250m 16-day
SO1301,Burco,SO13,Togdheer,2023-07-28,0.1617505094416519,0.1594,0.1038891454965358,0.1022,0.3923773987206823,7361,0.2995735607675906,0.0015991471215351,pixel_reliability=0 AND MODLAND_QA(bits0-1)=0 AND VI range -2000..10000,MOD13Q1 V061 Terra 250m 16-day
SO1301,Burco,SO13,Togdheer,2023-08-13,0.1762093004382405,0.1735,0.1102227235838338,0.1093,0.9852345415778252,18483,0.0009061833688699,0.0,pixel_reliability=0 AND MODLAND_QA(bits0-1)=0 AND VI range -2000..10000,MOD13Q1 V061 Terra 250m 16-day
SO1301,Burco,SO13,Togdheer,2023-08-29,0.1774493888928597,0.1753,0.1069604745908083,0.1059,0.7457889125799574,13991,0.0123134328358208,0.0,pixel_reliability=0 AND MODLAND_QA(bits0-1)=0 AND VI range -2000..10000,MOD13Q1 V061 Terra 250m 16-day
SO1301,Burco,SO13,Togdheer,2023-09-14,0.1982151773940345,0.1955,0.1272069701726844,0.1246,0.8488805970149254,15925,0.0098081023454157,0.0,pixel_reliability=0 AND MODLAND_QA(bits0-1)=0 AND VI range -2000..10000,MOD13Q1 V061 Terra 250m 16-day
SO1301,Burco,SO13,Togdheer,2023-09-30,0.212058192186569,0.2078,0.1436031917610009,0.1401,0.6262793176972281,11749,0.1164712153518123,0.0,pixel_reliability=0 AND MODLAND_QA(bits0-1)=0 AND VI range -2000..10000,MOD13Q1 V061 Terra 250m 16-day
SO1301,Burco,SO13,Togdheer,2023-10-16,0.2054237686939182,0.1928,0.1355525224327018,0.1293,0.2673240938166311,5015,0.4764392324093817,0.0185501066098081,pixel_reliability=0 AND MODLAND_QA(bits0-1)=0 AND VI range -2000..10000,MOD13Q1 V061 Terra 250m 16-day
SO1301,Burco,SO13,Togdheer,2023-11-01,0.279962037583214,0.2747,0.1753130530041291,0.1743,0.6325692963752665,11867,0.1356609808102345,0.0001066098081023,pixel_reliability=0 AND MODLAND_QA(bits0-1)=0 AND VI range -2000..10000,MOD13Q1 V061 Terra 250m 16-day
SO1301,Burco,SO13,Togdheer,2023-11-17,0.3184397315734013,0.3089,0.2042301148022849,0.1993,0.9611407249466952,18031,0.0165778251599147,0.0001599147121535,pixel_reliability=0 AND MODLAND_QA(bits0-1)=0 AND VI range -2000..10000,MOD13Q1 V061 Terra 250m 16-day
SO1301,Burco,SO13,Togdheer,2023-12-03,0.3031520413630518,0.2932,0.1910586690955851,0.1853,0.9948827292110874,18664,0.0004797441364605,0.0,pixel_reliability=0 AND MODLAND_QA(bits0-1)=0 AND VI range -2000..10000,MOD13Q1 V061 Terra 250m 16-day
SO1301,Burco,SO13,Togdheer,2023-12-19,0.2783116023314637,0.2692,0.1734851974045969,0.1681,0.9694029850746269,18186,0.0016524520255863,0.0,pixel_reliability=0 AND MODLAND_QA(bits0-1)=0 AND VI range -2000..10000,MOD13Q1 V061 Terra 250m 16-day
SO1302,Buuhoodle,SO13,Togdheer,2023-01-01,0.1987859220907298,0.2002,0.1217264669625246,0.121,0.9955817378497792,8112,0.0,0.0,pixel_reliability=0 AND MODLAND_QA(bits0-1)=0 AND VI range -2000..10000,MOD13Q1 V061 Terra 250m 16-day
SO1302,Buuhoodle,SO13,Togdheer,2023-01-17,0.191164937165609,0.1936,0.1158261913649371,0.1158,0.9863770250368188,8037,0.0,0.0,pixel_reliability=0 AND MODLAND_QA(bits0-1)=0 AND VI range -2000..10000,MOD13Q1 V061 Terra 250m 16-day
SO1302,Buuhoodle,SO13,Togdheer,2023-02-02,0.1853911652044977,0.1879,0.1155289633016186,0.1159,0.993249877270496,8093,0.0,0.0,pixel_reliability=0 AND MODLAND_QA(bits0-1)=0 AND VI range -2000..10000,MOD13Q1 V061 Terra 250m 16-day
SO1302,Buuhoodle,SO13,Togdheer,2023-03-06,0.179218885077187,0.17965,0.1119940480274442,0.1113,0.7155130093274423,5830,0.0535100638193421,0.0,pixel_reliability=0 AND MODLAND_QA(bits0-1)=0 AND VI range -2000..10000,MOD13Q1 V061 Terra 250m 16-day
SO1302,Buuhoodle,SO13,Togdheer,2023-03-22,0.2301443872778297,0.2315,0.1603954162768943,0.1595,0.2623956799214531,2138,0.3286696121747668,0.0,pixel_reliability=0 AND MODLAND_QA(bits0-1)=0 AND VI range -2000..10000,MOD13Q1 V061 Terra 250m 16-day
SO1302,Buuhoodle,SO13,Togdheer,2023-04-07,0.2363564449600412,0.2411,0.1474562645011601,0.14745,0.9521354933726068,7758,0.0013500245459008,0.0,pixel_reliability=0 AND MODLAND_QA(bits0-1)=0 AND VI range -2000..10000,MOD13Q1 V061 Terra 250m 16-day
SO1302,Buuhoodle,SO13,Togdheer,2023-04-23,0.2300320461783439,0.22775,0.1533866640127388,0.152,0.616593028964163,5024,0.1842169857633775,0.0045409916543937,pixel_reliability=0 AND MODLAND_QA(bits0-1)=0 AND VI range -2000..10000,MOD13Q1 V061 Terra 250m 16-day
SO1302,Buuhoodle,SO13,Togdheer,2023-05-09,0.2581381930912312,0.2539,0.1659205491585473,0.1639,0.6928080510554737,5645,0.0667648502700049,0.0031909671084928,pixel_reliability=0 AND MODLAND_QA(bits0-1)=0 AND VI range -2000..10000,MOD13Q1 V061 Terra 250m 16-day
SO1302,Buuhoodle,SO13,Togdheer,2023-05-25,0.2601127143622723,0.2536,0.1666582395498392,0.164,0.9160530191458026,7464,0.0051546391752577,0.0,pixel_reliability=0 AND MODLAND_QA(bits0-1)=0 AND VI range -2000..10000,MOD13Q1 V061 Terra 250m 16-day
SO1302,Buuhoodle,SO13,Togdheer,2023-06-10,0.2010455414012739,0.1965,0.1460473248407643,0.1426,0.1926853215513009,1570,0.6698576337751595,0.0001227295041728,pixel_reliability=0 AND MODLAND_QA(bits0-1)=0 AND VI range -2000..10000,MOD13Q1 V061 Terra 250m 16-day
SO1302,Buuhoodle,SO13,Togdheer,2023-06-26,0.1881488549618321,0.1901,0.1232682859125607,0.1231,0.1768532155130093,1441,0.3730976926853215,0.1708394698085419,pixel_reliability=0 AND MODLAND_QA(bits0-1)=0 AND VI range -2000..10000,MOD13Q1 V061 Terra 250m 16-day
SO1302,Buuhoodle,SO13,Togdheer,2023-07-12,0.1516992917847025,0.1519,0.1110597733711048,0.1089,0.086647029945999,706,0.2729504172803141,0.4791359842906235,pixel_reliability=0 AND MODLAND_QA(bits0-1)=0 AND VI range -2000..10000,MOD13Q1 V061 Terra 250m 16-day
SO1302,Buuhoodle,SO13,Togdheer,2023-07-28,0.1726195891065456,0.1664,0.1076489249880554,0.1065,0.5137457044673539,4186,0.2151448208149239,0.0002454590083456,pixel_reliability=0 AND MODLAND_QA(bits0-1)=0 AND VI range -2000..10000,MOD13Q1 V061 Terra 250m 16-day
SO1302,Buuhoodle,SO13,Togdheer,2023-08-13,0.1791448823823823,0.1798,0.1104532282282282,0.1104,0.9808541973490428,7992,0.0004909180166912,0.0,pixel_reliability=0 AND MODLAND_QA(bits0-1)=0 AND VI range -2000..10000,MOD13Q1 V061 Terra 250m 16-day
SO1302,Buuhoodle,SO13,Togdheer,2023-08-29,0.1720914488424197,0.1697,0.1091315347274085,0.1085,0.6573392243495336,5356,0.0622238586156111,0.0,pixel_reliability=0 AND MODLAND_QA(bits0-1)=0 AND VI range -2000..10000,MOD13Q1 V061 Terra 250m 16-day
SO1302,Buuhoodle,SO13,Togdheer,2023-09-14,0.2034023622047244,0.197,0.1329028316172017,0.131,0.810505645557192,6604,0.0045409916543937,0.0,pixel_reliability=0 AND MODLAND_QA(bits0-1)=0 AND VI range -2000..10000,MOD13Q1 V061 Terra 250m 16-day
SO1302,Buuhoodle,SO13,Togdheer,2023-09-30,0.2261280252946249,0.2223,0.1618402127048002,0.1591,0.4269759450171821,3479,0.1763622974963181,0.0002454590083456,pixel_reliability=0 AND MODLAND_QA(bits0-1)=0 AND VI range -2000..10000,MOD13Q1 V061 Terra 250m 16-day
SO1302,Buuhoodle,SO13,Togdheer,2023-10-16,0.2906960899014778,0.28815,0.1868832204433497,0.18475,0.3986254295532646,3248,0.3170103092783505,0.0109229258713794,pixel_reliability=0 AND MODLAND_QA(bits0-1)=0 AND VI range -2000..10000,MOD13Q1 V061 Terra 250m 16-day
SO1302,Buuhoodle,SO13,Togdheer,2023-11-01,0.3297671595330739,0.3265,0.1958174319066147,0.1939,0.7885370643102602,6425,0.102847324496809,0.0,pixel_reliability=0 AND MODLAND_QA(bits0-1)=0 AND VI range -2000..10000,MOD13Q1 V061 Terra 250m 16-day
SO1302,Buuhoodle,SO13,Togdheer,2023-11-17,0.3305376744876744,0.3238,0.2127493762993763,0.20995,0.8264604810996563,6734,0.0274914089347079,0.0,pixel_reliability=0 AND MODLAND_QA(bits0-1)=0 AND VI range -2000..10000,MOD13Q1 V061 Terra 250m 16-day
SO1302,Buuhoodle,SO13,Togdheer,2023-12-03,0.2977912350105081,0.2888,0.1848172580046977,0.1787,0.9927589592538046,8089,0.0001227295041728,0.0,pixel_reliability=0 AND MODLAND_QA(bits0-1)=0 AND VI range -2000..10000,MOD13Q1 V061 Terra 250m 16-day
SO1302,Buuhoodle,SO13,Togdheer,2023-12-19,0.2687100909537857,0.2576,0.1665215216322517,0.1588,0.9985272459499264,8136,0.0,0.0,pixel_reliability=0 AND MODLAND_QA(bits0-1)=0 AND VI range -2000..10000,MOD13Q1 V061 Terra 250m 16-day
SO1303,Owdweyne,SO13,Togdheer,2023-01-01,0.1696330387421642,0.1648,0.1072719864351043,0.1053,0.9934660541092394,9731,0.0002041858090862,0.0,pixel_reliability=0 AND MODLAND_QA(bits0-1)=0 AND VI range -2000..10000,MOD13Q1 V061 Terra 250m 16-day
SO1303,Owdweyne,SO13,Togdheer,2023-01-17,0.1639492740286298,0.1603,0.1057115439672801,0.1044,0.998468606431853,9780,0.0,0.0,pixel_reliability=0 AND MODLAND_QA(bits0-1)=0 AND VI range -2000..10000,MOD13Q1 V061 Terra 250m 16-day
SO1303,Owdweyne,SO13,Togdheer,2023-02-02,0.1623796301971601,0.1595,0.1021079885585861,0.1011,0.9993874425727411,9789,0.0,0.0,pixel_reliability=0 AND MODLAND_QA(bits0-1)=0 AND VI range -2000..10000,MOD13Q1 V061 Terra 250m 16-day
SO1303,Owdweyne,SO13,Togdheer,2023-03-06,0.1580903627051322,0.1555,0.0991394167450611,0.0985,0.9767228177641654,9567,0.0001020929045431,0.0,pixel_reliability=0 AND MODLAND_QA(bits0-1)=0 AND VI range -2000..10000,MOD13Q1 V061 Terra 250m 16-day
SO1303,Owdweyne,SO13,Togdheer,2023-03-22,0.1697760827407886,0.1665,0.1148826115061409,0.1129,0.1579377233282287,1547,0.5800918836140888,0.0210311383358856,pixel_reliability=0 AND MODLAND_QA(bits0-1)=0 AND VI range -2000..10000,MOD13Q1 V061 Terra 250m 16-day
SO1303,Owdweyne,SO13,Togdheer,2023-04-07,0.1980647958353668,0.1932,0.1336546120058565,0.1293,0.6275650842266463,6147,0.0904543134252169,0.0012251148545176,pixel_reliability=0 AND MODLAND_QA(bits0-1)=0 AND VI range -2000..10000,MOD13Q1 V061 Terra 250m 16-day
SO1303,Owdweyne,SO13,Togdheer,2023-04-23,0.2157663139329806,0.2044,0.135820987654321,0.1285,0.0578866768759571,567,0.8538029606942318,0.0005104645227156,pixel_reliability=0 AND MODLAND_QA(bits0-1)=0 AND VI range -2000..10000,MOD13Q1 V061 Terra 250m 16-day
SO1303,Owdweyne,SO13,Togdheer,2023-05-09,0.2462212062256809,0.2407,0.1598511456982274,0.1558,0.944563552833078,9252,0.000816743236345,0.0,pixel_reliability=0 AND MODLAND_QA(bits0-1)=0 AND VI range -2000..10000,MOD13Q1 V061 Terra 250m 16-day
SO1303,Owdweyne,SO13,Togdheer,2023-05-25,0.259880501593175,0.2522,0.1685418028574365,0.1632,0.9932618683001532,9729,0.0,0.0,pixel_reliability=0 AND MODLAND_QA(bits0-1)=0 AND VI range -2000..10000,MOD13Q1 V061 Terra 250m 16-day
SO1303,Owdweyne,SO13,Togdheer,2023-06-10,0.247335173736943,0.2418,0.1604848752931144,0.1556,0.9578356304236856,9382,0.000816743236345,0.0,pixel_reliability=0 AND MODLAND_QA(bits0-1)=0 AND VI range -2000..10000,MOD13Q1 V061 Terra 250m 16-day
SO1303,Owdweyne,SO13,Togdheer,2023-06-26,0.200930738575983,0.1995,0.1359185706695005,0.1337,0.7685553854007147,7528,0.1088310362429811,0.0,pixel_reliability=0 AND MODLAND_QA(bits0-1)=0 AND VI range -2000..10000,MOD13Q1 V061 Terra 250m 16-day
SO1303,Owdweyne,SO13,Togdheer,2023-07-12,0.187066876155268,0.1846,0.1251539186691312,0.1229,0.5523226135783563,5410,0.247166921898928,0.0001020929045431,pixel_reliability=0 AND MODLAND_QA(bits0-1)=0 AND VI range -2000..10000,MOD13Q1 V061 Terra 250m 16-day
SO1303,Owdweyne,SO13,Togdheer,2023-07-28,0.1660686983701719,0.1629,0.1123272828756418,0.1089,0.4572741194486983,4479,0.334660541092394,0.0,pixel_reliability=0 AND MODLAND_QA(bits0-1)=0 AND VI range -2000..10000,MOD13Q1 V061 Terra 250m 16-day
SO1303,Owdweyne,SO13,Togdheer,2023-08-13,0.1728973861547886,0.1702,0.1126471104758015,0.1099,0.9998979070954568,9794,0.0,0.0,pixel_reliability=0 AND MODLAND_QA(bits0-1)=0 AND VI range -2000..10000,MOD13Q1 V061 Terra 250m 16-day
SO1303,Owdweyne,SO13,Togdheer,2023-08-29,0.1756161330049261,0.1721,0.1105172619047619,0.1076,0.9947932618683002,9744,0.0,0.0,pixel_reliability=0 AND MODLAND_QA(bits0-1)=0 AND VI range -2000..10000,MOD13Q1 V061 Terra 250m 16-day
SO1303,Owdweyne,SO13,Togdheer,2023-09-14,0.1981330298013245,0.1926,0.1243203849337748,0.1197,0.9866258295048494,9664,0.0009188361408882,0.0,pixel_reliability=0 AND MODLAND_QA(bits0-1)=0 AND VI range -2000..10000,MOD13Q1 V061 Terra 250m 16-day
SO1303,Owdweyne,SO13,Togdheer,2023-09-30,0.2038349031522977,0.1995,0.1402878085833649,0.1376,0.537621235324145,5266,0.0258295048494129,0.0,pixel_reliability=0 AND MODLAND_QA(bits0-1)=0 AND VI range -2000..10000,MOD13Q1 V061 Terra 250m 16-day
SO1303,Owdweyne,SO13,Togdheer,2023-10-16,0.1972568448883666,0.1913,0.1333373384253819,0.1287,0.347524247064829,3404,0.2964777947932618,0.014497192445125,pixel_reliability=0 AND MODLAND_QA(bits0-1)=0 AND VI range -2000..10000,MOD13Q1 V061 Terra 250m 16-day
SO1303,Owdweyne,SO13,Togdheer,2023-11-01,0.250899458505003,0.2472,0.1631657210123602,0.1609,0.8672792240939254,8495,0.0369576314446146,0.0,pixel_reliability=0 AND MODLAND_QA(bits0-1)=0 AND VI range -2000..10000,MOD13Q1 V061 Terra 250m 16-day
SO1303,Owdweyne,SO13,Togdheer,2023-11-17,0.2892845493118079,0.2855,0.1918316878816102,0.1879,0.9865237366003062,9663,0.0050025523226135,0.0,pixel_reliability=0 AND MODLAND_QA(bits0-1)=0 AND VI range -2000..10000,MOD13Q1 V061 Terra 250m 16-day
SO1303,Owdweyne,SO13,Togdheer,2023-12-03,0.2843208307755269,0.2813,0.1836520564763659,0.1797,0.997856049004594,9774,0.0,0.0,pixel_reliability=0 AND MODLAND_QA(bits0-1)=0 AND VI range -2000..10000,MOD13Q1 V061 Terra 250m 16-day
SO1303,Owdweyne,SO13,Togdheer,2023-12-19,0.2615778030381316,0.2582,0.1669776997003203,0.1646,0.98795303726391,9677,0.0005104645227156,0.0,pixel_reliability=0 AND MODLAND_QA(bits0-1)=0 AND VI range -2000..10000,MOD13Q1 V061 Terra 250m 16-day
SO1304,Sheikh,SO13,Togdheer,2023-01-01,0.2073847581179589,0.1716,0.1178637508283631,0.111,0.8659971305595409,3018,0.0746054519368723,0.0,pixel_reliability=0 AND MODLAND_QA(bits0-1)=0 AND VI range -2000..10000,MOD13Q1 V061 Terra 250m 16-day
SO1304,Sheikh,SO13,Togdheer,2023-01-17,0.2061082397003745,0.1702,0.1185978392394122,0.1102,0.9959827833572452,3471,0.0,0.0,pixel_reliability=0 AND MODLAND_QA(bits0-1)=0 AND VI range -2000..10000,MOD13Q1 V061 Terra 250m 16-day
SO1304,Sheikh,SO13,Togdheer,2023-02-02,0.1921809605982168,0.1627,0.1151712683347713,0.108,0.9977044476327116,3477,0.0,0.0,pixel_reliability=0 AND MODLAND_QA(bits0-1)=0 AND VI range -2000..10000,MOD13Q1 V061 Terra 250m 16-day
SO1304,Sheikh,SO13,Togdheer,2023-03-06,0.1714866605616606,0.1544,0.1020874847374847,0.0993,0.9400286944045912,3276,0.0109038737446198,0.0,pixel_reliability=0 AND MODLAND_QA(bits0-1)=0 AND VI range -2000..10000,MOD13Q1 V061 Terra 250m 16-day
SO1304,Sheikh,SO13,Togdheer,2023-03-22,0.2015994136460554,0.1827,0.1454550106609808,0.13645,0.5383070301291248,1876,0.2014347202295552,0.0146341463414634,pixel_reliability=0 AND MODLAND_QA(bits0-1)=0 AND VI range -2000..10000,MOD13Q1 V061 Terra 250m 16-day
SO1304,Sheikh,SO13,Togdheer,2023-04-07,0.2865546032707449,0.2515,0.1837883403997577,0.1708,0.9474892395982784,3302,0.006312769010043,0.0,pixel_reliability=0 AND MODLAND_QA(bits0-1)=0 AND VI range -2000..10000,MOD13Q1 V061 Terra 250m 16-day
SO1304,Sheikh,SO13,Togdheer,2023-04-23,0.3088499108734403,0.2761,0.1747678550207962,0.1651,0.4829268292682926,1683,0.3784791965566714,0.0071736011477761,pixel_reliability=0 AND MODLAND_QA(bits0-1)=0 AND VI range -2000..10000,MOD13Q1 V061 Terra 250m 16-day
SO1304,Sheikh,SO13,Togdheer,2023-05-09,0.3097669197080292,0.2682,0.1904684671532847,0.1796,0.9827833572453372,3425,0.0,0.0,pixel_reliability=0 AND MODLAND_QA(bits0-1)=0 AND VI range -2000..10000,MOD13Q1 V061 Terra 250m 16-day
SO1304,Sheikh,SO13,Togdheer,2023-05-25,0.3008737449509521,0.2621,0.1880997403346797,0.173,0.99454806312769,3466,0.0,0.0,pixel_reliability=0 AND MODLAND_QA(bits0-1)=0 AND VI range -2000..10000,MOD13Q1 V061 Terra 250m 16-day
SO1304,Sheikh,SO13,Togdheer,2023-06-10,0.2592256728778468,0.2285,0.1675307009760425,0.1555,0.9701578192252512,3381,0.0008608321377331,0.0,pixel_reliability=0 AND MODLAND_QA(bits0-1)=0 AND VI range -2000..10000,MOD13Q1 V061 Terra 250m 16-day
SO1304,Sheikh,SO13,Togdheer,2023-06-26,0.2093272472783826,0.1948,0.1407726283048211,0.1334,0.9225251076040172,3215,0.0249641319942611,0.0,pixel_reliability=0 AND MODLAND_QA(bits0-1)=0 AND VI range -2000..10000,MOD13Q1 V061 Terra 250m 16-day
SO1304,Sheikh,SO13,Togdheer,2023-07-12,0.2019297997644287,0.1866,0.1280220259128386,0.1218,0.9744619799139168,3396,0.0043041606886657,0.0,pixel_reliability=0 AND MODLAND_QA(bits0-1)=0 AND VI range -2000..10000,MOD13Q1 V061 Terra 250m 16-day
SO1304,Sheikh,SO13,Togdheer,2023-07-28,0.178408619402985,0.1633,0.1125173880597015,0.1075,0.7690100430416069,2680,0.0375896700143472,0.0,pixel_reliability=0 AND MODLAND_QA(bits0-1)=0 AND VI range -2000..10000,MOD13Q1 V061 Terra 250m 16-day
SO1304,Sheikh,SO13,Togdheer,2023-08-13,0.1888800976450315,0.1704,0.1221157380815623,0.1159,0.9991391678622668,3482,0.0,0.0,pixel_reliability=0 AND MODLAND_QA(bits0-1)=0 AND VI range -2000..10000,MOD13Q1 V061 Terra 250m 16-day
SO1304,Sheikh,SO13,Togdheer,2023-08-29,0.1945739167862266,0.1738,0.1204325107604017,0.1137,1.0,3485,0.0,0.0,pixel_reliability=0 AND MODLAND_QA(bits0-1)=0 AND VI range -2000..10000,MOD13Q1 V061 Terra 250m 16-day
SO1304,Sheikh,SO13,Togdheer,2023-09-14,0.2112426821800367,0.18605,0.1297532455603184,0.1251,0.9371592539454806,3266,0.0172166427546628,0.0,pixel_reliability=0 AND MODLAND_QA(bits0-1)=0 AND VI range -2000..10000,MOD13Q1 V061 Terra 250m 16-day
SO1304,Sheikh,SO13,Togdheer,2023-09-30,0.2307222558209858,0.2043,0.1468061082552162,0.1417,0.9489239598278336,3307,0.0008608321377331,0.0,pixel_reliability=0 AND MODLAND_QA(bits0-1)=0 AND VI range -2000..10000,MOD13Q1 V061 Terra 250m 16-day
SO1304,Sheikh,SO13,Togdheer,2023-10-16,0.2443415710503089,0.215,0.1576548690791409,0.1477,0.97532281205165,3399,0.0020086083213773,0.0,pixel_reliability=0 AND MODLAND_QA(bits0-1)=0 AND VI range -2000..10000,MOD13Q1 V061 Terra 250m 16-day
SO1304,Sheikh,SO13,Togdheer,2023-11-01,0.2681741171211444,0.2487,0.1754276709879302,0.1627,0.6418938307030129,2237,0.1965566714490674,0.0014347202295552,pixel_reliability=0 AND MODLAND_QA(bits0-1)=0 AND VI range -2000..10000,MOD13Q1 V061 Terra 250m 16-day
SO1304,Sheikh,SO13,Togdheer,2023-11-17,0.3395538834951456,0.2885,0.198728822815534,0.1844,0.472883787661406,1648,0.4332855093256815,0.0025824964131994,pixel_reliability=0 AND MODLAND_QA(bits0-1)=0 AND VI range -2000..10000,MOD13Q1 V061 Terra 250m 16-day
SO1304,Sheikh,SO13,Togdheer,2023-12-03,0.3360471632237416,0.2897,0.2021036368926389,0.1864,0.9862266857962696,3437,0.0,0.0,pixel_reliability=0 AND MODLAND_QA(bits0-1)=0 AND VI range -2000..10000,MOD13Q1 V061 Terra 250m 16-day
SO1304,Sheikh,SO13,Togdheer,2023-12-19,0.3163997397339503,0.2701,0.1893185945633314,0.1749,0.9922525107604018,3458,0.0,0.0,pixel_reliability=0 AND MODLAND_QA(bits0-1)=0 AND VI range -2000..10000,MOD13Q1 V061 Terra 250m 16-day
SO1401,Laas Caanood,SO14,Sool,2023-01-01,0.150937743431221,0.1468,0.106383516228748,0.1059,0.9623679904804404,12940,0.000223114680946,0.0,pixel_reliability=0 AND MODLAND_QA(bits0-1)=0 AND VI range -2000..10000,MOD13Q1 V061 Terra 250m 16-day
SO1401,Laas Caanood,SO14,Sool,2023-01-17,0.1456757096111407,0.1423,0.1018384065139639,0.1015,0.9773166741038228,13141,0.0,0.0,pixel_reliability=0 AND MODLAND_QA(bits0-1)=0 AND VI range -2000..10000,MOD13Q1 V061 Terra 250m 16-day
SO1401,Laas Caanood,SO14,Sool,2023-02-02,0.1425133880404225,0.14,0.1035651166324747,0.1034,0.9788041053101294,13161,0.0,0.0,pixel_reliability=0 AND MODLAND_QA(bits0-1)=0 AND VI range -2000..10000,MOD13Q1 V061 Terra 250m 16-day
SO1401,Laas Caanood,SO14,Sool,2023-03-06,0.13745068506006,0.1361,0.1049861204954955,0.1046,0.7925033467202142,10656,0.0288561654023501,0.0,pixel_reliability=0 AND MODLAND_QA(bits0-1)=0 AND VI range -2000..10000,MOD13Q1 V061 Terra 250m 16-day
SO1401,Laas Caanood,SO14,Sool,2023-03-22,0.149196518491748,0.1399,0.1146118780869774,0.1099,0.6173583221775993,8301,0.0861222668451584,0.0,pixel_reliability=0 AND MODLAND_QA(bits0-1)=0 AND VI range -2000..10000,MOD13Q1 V061 Terra 250m 16-day
SO1401,Laas Caanood,SO14,Sool,2023-04-07,0.1647276577490055,0.152,0.1193717962717416,0.114,0.9535177748029152,12821,0.0010412018444146,0.0,pixel_reliability=0 AND MODLAND_QA(bits0-1)=0 AND VI range -2000..10000,MOD13Q1 V061 Terra 250m 16-day
SO1401,Laas Caanood,SO14,Sool,2023-04-23,0.1552599303713528,0.152,0.1215254973474801,0.119,0.4486092518221032,6032,0.273389855719173,0.0104120184441469,pixel_reliability=0 AND MODLAND_QA(bits0-1)=0 AND VI range -2000..10000,MOD13Q1 V061 Terra 250m 16-day
SO1401,Laas Caanood,SO14,Sool,2023-05-09,0.1803357019849542,0.1716,0.1342927308982144,0.129,0.8205414249590957,11033,0.0079577569537408,0.0002974862412613,pixel_reliability=0 AND MODLAND_QA(bits0-1)=0 AND VI range -2000..10000,MOD13Q1 V061 Terra 250m 16-day
SO1401,Laas Caanood,SO14,Sool,2023-05-25,0.192549292692458,0.1822,0.1360371785853849,0.1322,0.9515841142347168,12795,0.000669344042838,0.0,pixel_reliability=0 AND MODLAND_QA(bits0-1)=0 AND VI range -2000..10000,MOD13Q1 V061 Terra 250m 16-day
SO1401,Laas Caanood,SO14,Sool,2023-06-10,0.1531925553547221,0.1471,0.1190095458653411,0.1142,0.6583370519113491,8852,0.2130745203034359,0.0,pixel_reliability=0 AND MODLAND_QA(bits0-1)=0 AND VI range -2000..10000,MOD13Q1 V061 Terra 250m 16-day
SO1401,Laas Caanood,SO14,Sool,2023-06-26,0.1348711617565314,0.1308,0.1038143301834352,0.1015,0.6689721850364421,8995,0.1268778818979622,0.0788338539342555,pixel_reliability=0 AND MODLAND_QA(bits0-1)=0 AND VI range -2000..10000,MOD13Q1 V061 Terra 250m 16-day
SO1401,Laas Caanood,SO14,Sool,2023-07-12,0.1315075943935926,0.1307,0.1014711098398169,0.1003,0.5200059497248253,6992,0.2660270712479547,0.0650751152759184,pixel_reliability=0 AND MODLAND_QA(bits0-1)=0 AND VI range -2000..10000,MOD13Q1 V061 Terra 250m 16-day
SO1401,Laas Caanood,SO14,Sool,2023-07-28,0.1362362580528082,0.1323,0.1019088195263587,0.1004,0.8196489662353116,11021,0.0208984084486092,0.0,pixel_reliability=0 AND MODLAND_QA(bits0-1)=0 AND VI range -2000..10000,MOD13Q1 V061 Terra 250m 16-day
SO1401,Laas Caanood,SO14,Sool,2023-08-13,0.1414963784517881,0.1384,0.1007747849705749,0.1005,0.9857206604194556,13254,0.0,0.0,pixel_reliability=0 AND MODLAND_QA(bits0-1)=0 AND VI range -2000..10000,MOD13Q1 V061 Terra 250m 16-day
SO1401,Laas Caanood,SO14,Sool,2023-08-29,0.1400651188085676,0.1385,0.1021336345381526,0.1011,0.8888888888888888,11952,0.0191134910010412,0.0,pixel_reliability=0 AND MODLAND_QA(bits0-1)=0 AND VI range -2000..10000,MOD13Q1 V061 Terra 250m 16-day
SO1401,Laas Caanood,SO14,Sool,2023-09-14,0.1485905005820721,0.148,0.1065870314318975,0.1031,0.9582775546630968,12885,7.437156031533541e-05,0.0,pixel_reliability=0 AND MODLAND_QA(bits0-1)=0 AND VI range -2000..10000,MOD13Q1 V061 Terra 250m 16-day
SO1401,Laas Caanood,SO14,Sool,2023-09-30,0.1758769575501058,0.1672,0.1341204282335366,0.1267,0.5974267440130894,8033,0.1883087907184292,0.0261044176706827,pixel_reliability=0 AND MODLAND_QA(bits0-1)=0 AND VI range -2000..10000,MOD13Q1 V061 Terra 250m 16-day
SO1401,Laas Caanood,SO14,Sool,2023-10-16,0.201782363441628,0.1903,0.1466161013923598,0.14,0.2083147404432545,2801,0.4786553621894987,0.0451435371114085,pixel_reliability=0 AND MODLAND_QA(bits0-1)=0 AND VI range -2000..10000,MOD13Q1 V061 Terra 250m 16-day
SO1401,Laas Caanood,SO14,Sool,2023-11-01,0.2471599937179353,0.2456,0.1671254318919485,0.1667,0.7103227725717686,9551,0.0276662204373047,0.0,pixel_reliability=0 AND MODLAND_QA(bits0-1)=0 AND VI range -2000..10000,MOD13Q1 V061 Terra 250m 16-day
SO1401,Laas Caanood,SO14,Sool,2023-11-17,0.2184666720556139,0.2138,0.154206458653302,0.15,0.9200505726610144,12371,0.0034210917745054,0.0,pixel_reliability=0 AND MODLAND_QA(bits0-1)=0 AND VI range -2000..10000,MOD13Q1 V061 Terra 250m 16-day
SO1401,Laas Caanood,SO14,Sool,2023-12-03,0.1980029878688033,0.1941,0.1394902126703609,0.1353,0.9931578164509892,13354,0.0002974862412613,0.0,pixel_reliability=0 AND MODLAND_QA(bits0-1)=0 AND VI range -2000..10000,MOD13Q1 V061 Terra 250m 16-day
SO1401,Laas Caanood,SO14,Sool,2023-12-19,0.179495915879305,0.1774,0.1239034059737884,0.1213,0.976052357578462,13124,0.0,0.0,pixel_reliability=0 AND MODLAND_QA(bits0-1)=0 AND VI range -2000..10000,MOD13Q1 V061 Terra 250m 16-day
SO1402,Caynabo,SO14,Sool,2023-01-01,0.1582712598851695,0.1566,0.1061772939009858,0.1056,0.9868505452212956,9231,0.0002138122728244,0.0,pixel_reliability=0 AND MODLAND_QA(bits0-1)=0 AND VI range -2000..10000,MOD13Q1 V061 Terra 250m 16-day
SO1402,Caynabo,SO14,Sool,2023-01-17,0.154690192287034,0.1541,0.1033598023418197,0.1035,0.9951892238614496,9309,0.0,0.0,pixel_reliability=0 AND MODLAND_QA(bits0-1)=0 AND VI range -2000..10000,MOD13Q1 V061 Terra 250m 16-day
SO1402,Caynabo,SO14,Sool,2023-02-02,0.1522440509609156,0.1521,0.1020448175340099,0.1023,0.9901646354500748,9262,0.0004276245456489,0.0,pixel_reliability=0 AND MODLAND_QA(bits0-1)=0 AND VI range -2000..10000,MOD13Q1 V061 Terra 250m 16-day
SO1402,Caynabo,SO14,Sool,2023-03-06,0.1496980325064157,0.1502,0.0977810094097519,0.0985,0.7498396407953817,7014,0.009300833867864,0.0,pixel_reliability=0 AND MODLAND_QA(bits0-1)=0 AND VI range -2000..10000,MOD13Q1 V061 Terra 250m 16-day
SO1402,Caynabo,SO14,Sool,2023-03-22,0.1710418056217246,0.163,0.1254824916626965,0.1197,0.4487919606585418,4198,0.1449647209749839,0.0,pixel_reliability=0 AND MODLAND_QA(bits0-1)=0 AND VI range -2000..10000,MOD13Q1 V061 Terra 250m 16-day
SO1402,Caynabo,SO14,Sool,2023-04-07,0.1928298925431455,0.1872,0.1305376967328774,0.1258,0.9849262347658756,9213,0.0004276245456489,0.0,pixel_reliability=0 AND MODLAND_QA(bits0-1)=0 AND VI range -2000..10000,MOD13Q1 V061 Terra 250m 16-day
SO1402,Caynabo,SO14,Sool,2023-04-23,0.1946410669793346,0.1888,0.1370338853876594,0.1328,0.7294205687406458,6823,0.1141757536882617,0.0054522129570237,pixel_reliability=0 AND MODLAND_QA(bits0-1)=0 AND VI range -2000..10000,MOD13Q1 V061 Terra 250m 16-day
SO1402,Caynabo,SO14,Sool,2023-05-09,0.2097163167535578,0.2042,0.1469114414541355,0.1428,0.7587128501175967,7097,0.0805003207184092,0.0,pixel_reliability=0 AND MODLAND_QA(bits0-1)=0 AND VI range -2000..10000,MOD13Q1 V061 Terra 250m 16-day
SO1402,Caynabo,SO14,Sool,2023-05-25,0.222860906077348,0.2157,0.1524466187845304,0.1464,0.967500534530682,9050,0.0069488988667949,0.0,pixel_reliability=0 AND MODLAND_QA(bits0-1)=0 AND VI range -2000..10000,MOD13Q1 V061 Terra 250m 16-day
SO1402,Caynabo,SO14,Sool,2023-06-10,0.2029487965245978,0.1984,0.1420390160854761,0.1372,0.9105195638229634,8517,0.0072696172760316,0.0,pixel_reliability=0 AND MODLAND_QA(bits0-1)=0 AND VI range -2000..10000,MOD13Q1 V061 Terra 250m 16-day
SO1402,Caynabo,SO14,Sool,2023-06-26,0.1656338999719022,0.16455,0.1147315116605788,0.1137,0.7609578789822535,7118,0.0963224289074192,0.0202052597819114,pixel_reliability=0 AND MODLAND_QA(bits0-1)=0 AND VI range -2000..10000,MOD13Q1 V061 Terra 250m 16-day
SO1402,Caynabo,SO14,Sool,2023-07-12,0.156208934169279,0.1552,0.1064496865203761,0.1059,0.2728244601240111,2552,0.4297626683771648,0.0,pixel_reliability=0 AND MODLAND_QA(bits0-1)=0 AND VI range -2000..10000,MOD13Q1 V061 Terra 250m 16-day
SO1402,Caynabo,SO14,Sool,2023-07-28,0.1509560361777428,0.1499,0.1025051776117446,0.1018,0.8155869146889031,7629,0.0188154800085524,0.0,pixel_reliability=0 AND MODLAND_QA(bits0-1)=0 AND VI range -2000..10000,MOD13Q1 V061 Terra 250m 16-day
SO1402,Caynabo,SO14,Sool,2023-08-13,0.1520250617681813,0.152,0.1053965087549683,0.1047,0.9951892238614496,9309,0.0004276245456489,0.0,pixel_reliability=0 AND MODLAND_QA(bits0-1)=0 AND VI range -2000..10000,MOD13Q1 V061 Terra 250m 16-day
SO1402,Caynabo,SO14,Sool,2023-08-29,0.1532072181551976,0.1513,0.1011331478770131,0.1004,0.7301689116955313,6830,0.00096215522771,0.0,pixel_reliability=0 AND MODLAND_QA(bits0-1)=0 AND VI range -2000..10000,MOD13Q1 V061 Terra 250m 16-day
SO1402,Caynabo,SO14,Sool,2023-09-14,0.1645336749399519,0.1601,0.116115740592474,0.1116,0.6676288218943768,6245,0.0012828736369467,0.0,pixel_reliability=0 AND MODLAND_QA(bits0-1)=0 AND VI range -2000..10000,MOD13Q1 V061 Terra 250m 16-day
SO1402,Caynabo,SO14,Sool,2023-09-30,0.1909234032915597,0.1878,0.1369069152951834,0.1342,0.7080393414581997,6623,0.0285439384220654,0.0,pixel_reliability=0 AND MODLAND_QA(bits0-1)=0 AND VI range -2000..10000,MOD13Q1 V061 Terra 250m 16-day
SO1402,Caynabo,SO14,Sool,2023-10-16,0.217720531013962,0.2107,0.1462907301441977,0.1419,0.4670729099850331,4369,0.2696172760316442,0.0031002779559546,pixel_reliability=0 AND MODLAND_QA(bits0-1)=0 AND VI range -2000..10000,MOD13Q1 V061 Terra 250m 16-day
SO1402,Caynabo,SO14,Sool,2023-11-01,0.2718773374773374,0.2585,0.1704749417249417,0.1646,0.8255291853752406,7722,0.0633953388924524,0.0,pixel_reliability=0 AND MODLAND_QA(bits0-1)=0 AND VI range -2000..10000,MOD13Q1 V061 Terra 250m 16-day
SO1402,Caynabo,SO14,Sool,2023-11-17,0.3009517752540346,0.2871,0.1995360071727435,0.1925,0.8942698310883045,8365,0.0162497327346589,0.0,pixel_reliability=0 AND MODLAND_QA(bits0-1)=0 AND VI range -2000..10000,MOD13Q1 V061 Terra 250m 16-day
SO1402,Caynabo,SO14,Sool,2023-12-03,0.2864822554610998,0.2783,0.1907981491445173,0.1859,0.993478725678854,9293,0.0007483429548856,0.0,pixel_reliability=0 AND MODLAND_QA(bits0-1)=0 AND VI range -2000..10000,MOD13Q1 V061 Terra 250m 16-day
SO1402,Caynabo,SO14,Sool,2023-12-19,0.2608531093170412,0.25605,0.1754717979489417,0.1725,0.9799016463545008,9166,0.0016035920461834,0.0,pixel_reliability=0 AND MODLAND_QA(bits0-1)=0 AND VI range -2000..10000,MOD13Q1 V061 Terra 250m 16-day
SO1403,Taleex,SO14,Sool,2023-01-01,0.1345579617834394,0.1332,0.0999273683146294,0.0973,0.9705622608183692,9891,0.0,0.0,pixel_reliability=0 AND MODLAND_QA(bits0-1)=0 AND VI range -2000..10000,MOD13Q1 V061 Terra 250m 16-day
SO1403,Taleex,SO14,Sool,2023-01-17,0.1315925922272637,0.1303,0.0984125172617873,0.0961,0.9947993327445784,10138,0.0,0.0,pixel_reliability=0 AND MODLAND_QA(bits0-1)=0 AND VI range -2000..10000,MOD13Q1 V061 Terra 250m 16-day
SO1403,Taleex,SO14,Sool,2023-02-02,0.1325230564325177,0.1318,0.1003345698500394,0.0979,0.9946030811500344,10136,0.0,0.0,pixel_reliability=0 AND MODLAND_QA(bits0-1)=0 AND VI range -2000..10000,MOD13Q1 V061 Terra 250m 16-day
SO1403,Taleex,SO14,Sool,2023-03-06,0.127063390329521,0.127,0.0963041331672517,0.0948,0.8665489157099402,8831,0.002943773918163,0.0,pixel_reliability=0 AND MODLAND_QA(bits0-1)=0 AND VI range -2000..10000,MOD13Q1 V061 Terra 250m 16-day
SO1403,Taleex,SO14,Sool,2023-03-22,0.1311457549675911,0.1281,0.1010103070874508,0.0964,0.9234618781277598,9411,0.0022568933372583,0.0,pixel_reliability=0 AND MODLAND_QA(bits0-1)=0 AND VI range -2000..10000,MOD13Q1 V061 Terra 250m 16-day
SO1403,Taleex,SO14,Sool,2023-04-07,0.13972231,0.1352,0.10493867,0.1009,0.9812579727210284,10000,0.0,0.0,pixel_reliability=0 AND MODLAND_QA(bits0-1)=0 AND VI range -2000..10000,MOD13Q1 V061 Terra 250m 16-day
SO1403,Taleex,SO14,Sool,2023-04-23,0.1399618120067925,0.136,0.1085125961442413,0.1042,0.9823373564910216,10011,0.0003925031890884,0.0,pixel_reliability=0 AND MODLAND_QA(bits0-1)=0 AND VI range -2000..10000,MOD13Q1 V061 Terra 250m 16-day
SO1403,Taleex,SO14,Sool,2023-05-09,0.1640042038885969,0.1623,0.1174230688386757,0.1165,0.9336669610440584,9515,0.0085369443626729,0.0003925031890884,pixel_reliability=0 AND MODLAND_QA(bits0-1)=0 AND VI range -2000..10000,MOD13Q1 V061 Terra 250m 16-day
SO1403,Taleex,SO14,Sool,2023-05-25,0.1822876522985564,0.1807,0.1266359168629057,0.1253,0.9583946619566284,9767,0.0033362771072514,0.0,pixel_reliability=0 AND MODLAND_QA(bits0-1)=0 AND VI range -2000..10000,MOD13Q1 V061 Terra 250m 16-day
SO1403,Taleex,SO14,Sool,2023-06-10,0.1608205244683047,0.1617,0.1217471505265331,0.1202,0.950446472377588,9686,0.0043175350799725,0.0,pixel_reliability=0 AND MODLAND_QA(bits0-1)=0 AND VI range -2000..10000,MOD13Q1 V061 Terra 250m 16-day
SO1403,Taleex,SO14,Sool,2023-06-26,0.1439811262929383,0.1458,0.107846430851743,0.1075,0.7684231184378373,7831,0.0645667746050436,0.0043175350799725,pixel_reliability=0 AND MODLAND_QA(bits0-1)=0 AND VI range -2000..10000,MOD13Q1 V061 Terra 250m 16-day
SO1403,Taleex,SO14,Sool,2023-07-12,0.1449291698991466,0.1447,0.1045371217998448,0.1034,0.2529683053674811,2578,0.4156608772446276,0.1162790697674418,pixel_reliability=0 AND MODLAND_QA(bits0-1)=0 AND VI range -2000..10000,MOD13Q1 V061 Terra 250m 16-day
SO1403,Taleex,SO14,Sool,2023-07-28,0.132467503776435,0.1341,0.1009587046827794,0.1002,0.5196742223530566,5296,0.1817289765479344,0.0007850063781768,pixel_reliability=0 AND MODLAND_QA(bits0-1)=0 AND VI range -2000..10000,MOD13Q1 V061 Terra 250m 16-day
SO1403,Taleex,SO14,Sool,2023-08-13,0.1359425134757436,0.1362,0.1018618686364543,0.1,0.9830242370719262,10018,0.0,0.0,pixel_reliability=0 AND MODLAND_QA(bits0-1)=0 AND VI range -2000..10000,MOD13Q1 V061 Terra 250m 16-day
SO1403,Taleex,SO14,Sool,2023-08-29,0.134577700069937,0.1351,0.1001547307423319,0.0985,0.9821411048964772,10009,0.0011775095672652,0.0,pixel_reliability=0 AND MODLAND_QA(bits0-1)=0 AND VI range -2000..10000,MOD13Q1 V061 Terra 250m 16-day
SO1403,Taleex,SO14,Sool,2023-09-14,0.132106139368138,0.1331,0.0993004369258346,0.098,0.8758708664507899,8926,0.0001962515945442,0.0,pixel_reliability=0 AND MODLAND_QA(bits0-1)=0 AND VI range -2000..10000,MOD13Q1 V061 Terra 250m 16-day
SO1403,Taleex,SO14,Sool,2023-09-30,0.1492111049107143,0.1468,0.1116050920758928,0.1084,0.7033657148464332,7168,0.0779118830340496,0.0001962515945442,pixel_reliability=0 AND MODLAND_QA(bits0-1)=0 AND VI range -2000..10000,MOD13Q1 V061 Terra 250m 16-day
SO1403,Taleex,SO14,Sool,2023-10-16,0.1744034561859611,0.1724,0.1275907478207677,0.1257,0.6416445883622804,6539,0.1012658227848101,9.812579727210284e-05,pixel_reliability=0 AND MODLAND_QA(bits0-1)=0 AND VI range -2000..10000,MOD13Q1 V061 Terra 250m 16-day
SO1403,Taleex,SO14,Sool,2023-11-01,0.1770956426538208,0.1707,0.1337273702649441,0.1299,0.8962810322833873,9134,0.0098125797272102,0.0,pixel_reliability=0 AND MODLAND_QA(bits0-1)=0 AND VI range -2000..10000,MOD13Q1 V061 Terra 250m 16-day
SO1403,Taleex,SO14,Sool,2023-11-17,0.1852497140242507,0.1806,0.1371785060626859,0.1332,0.857815719752723,8742,0.0001962515945442,0.0,pixel_reliability=0 AND MODLAND_QA(bits0-1)=0 AND VI range -2000..10000,MOD13Q1 V061 Terra 250m 16-day
SO1403,Taleex,SO14,Sool,2023-12-03,0.1739107033336631,0.1727,0.1278045306162825,0.1251,0.9919536846236876,10109,0.0,0.0,pixel_reliability=0 AND MODLAND_QA(bits0-1)=0 AND VI range -2000..10000,MOD13Q1 V061 Terra 250m 16-day
SO1403,Taleex,SO14,Sool,2023-12-19,0.1618664359177215,0.1613,0.1176604430379746,0.11595,0.992248062015504,10112,0.0,0.0,pixel_reliability=0 AND MODLAND_QA(bits0-1)=0 AND VI range -2000..10000,MOD13Q1 V061 Terra 250m 16-day
SO1404,Xudun,SO14,Sool,2023-01-01,0.138839321843387,0.136,0.1032339733982765,0.1018,0.9813401967092564,10676,0.0,0.0,pixel_reliability=0 AND MODLAND_QA(bits0-1)=0 AND VI range -2000..10000,MOD13Q1 V061 Terra 250m 16-day
SO1404,Xudun,SO14,Sool,2023-01-17,0.1362513857677902,0.1341,0.1006119288389513,0.0996,0.981707877562276,10680,0.0,0.0,pixel_reliability=0 AND MODLAND_QA(bits0-1)=0 AND VI range -2000..10000,MOD13Q1 V061 Terra 250m 16-day
SO1404,Xudun,SO14,Sool,2023-02-02,0.1334781893764434,0.1313,0.1022536812933025,0.1012,0.9950363084842356,10825,0.0,0.0,pixel_reliability=0 AND MODLAND_QA(bits0-1)=0 AND VI range -2000..10000,MOD13Q1 V061 Terra 250m 16-day
SO1404,Xudun,SO14,Sool,2023-03-06,0.1285540494027131,0.1276,0.09971220894918,0.0992,0.9079878665318504,9878,0.0029414468241566,0.0,pixel_reliability=0 AND MODLAND_QA(bits0-1)=0 AND VI range -2000..10000,MOD13Q1 V061 Terra 250m 16-day
SO1404,Xudun,SO14,Sool,2023-03-22,0.1438130586274807,0.1397,0.1134897288289653,0.1115,0.6067653276955602,6601,0.0361246438091736,0.0,pixel_reliability=0 AND MODLAND_QA(bits0-1)=0 AND VI range -2000..10000,MOD13Q1 V061 Terra 250m 16-day
SO1404,Xudun,SO14,Sool,2023-04-07,0.1547948569291191,0.1493,0.1167054142509818,0.113,0.9829947605478444,10694,0.0,0.0,pixel_reliability=0 AND MODLAND_QA(bits0-1)=0 AND VI range -2000..10000,MOD13Q1 V061 Terra 250m 16-day
SO1404,Xudun,SO14,Sool,2023-04-23,0.1571780610112829,0.1517,0.1198413428054046,0.1166,0.6598952109568894,7179,0.0854857983270521,0.0010111223458038,pixel_reliability=0 AND MODLAND_QA(bits0-1)=0 AND VI range -2000..10000,MOD13Q1 V061 Terra 250m 16-day
SO1404,Xudun,SO14,Sool,2023-05-09,0.1636240764828303,0.1578,0.1257612252861602,0.1223,0.7066825995036309,7688,0.0268407022704292,0.0027576063976468,pixel_reliability=0 AND MODLAND_QA(bits0-1)=0 AND VI range -2000..10000,MOD13Q1 V061 Terra 250m 16-day
SO1404,Xudun,SO14,Sool,2023-05-25,0.1780869586374696,0.17,0.1312714939172749,0.1265,0.9444801911940436,10275,0.0002757606397646,0.0,pixel_reliability=0 AND MODLAND_QA(bits0-1)=0 AND VI range -2000..10000,MOD13Q1 V061 Terra 250m 16-day
SO1404,Xudun,SO14,Sool,2023-06-10,0.163566749128528,0.1598,0.1241585404250534,0.1207,0.8174464564757791,8893,0.0424671385237613,0.0001838404265097,pixel_reliability=0 AND MODLAND_QA(bits0-1)=0 AND VI range -2000..10000,MOD13Q1 V061 Terra 250m 16-day
SO1404,Xudun,SO14,Sool,2023-06-26,0.1412224600456621,0.1395,0.1055542427701674,0.1042,0.9662652817354536,10512,0.0054232925820387,0.0001838404265097,pixel_reliability=0 AND MODLAND_QA(bits0-1)=0 AND VI range -2000..10000,MOD13Q1 V061 Terra 250m 16-day
SO1404,Xudun,SO14,Sool,2023-07-12,0.1336163197335554,0.1332,0.101580099916736,0.1001,0.1103961761191286,1201,0.4918650611269418,0.1050648037503447,pixel_reliability=0 AND MODLAND_QA(bits0-1)=0 AND VI range -2000..10000,MOD13Q1 V061 Terra 250m 16-day
SO1404,Xudun,SO14,Sool,2023-07-28,0.1289562197959549,0.1283,0.0977668337211383,0.0968,0.5135582314550969,5587,0.1982718999908079,0.0049636915157643,pixel_reliability=0 AND MODLAND_QA(bits0-1)=0 AND VI range -2000..10000,MOD13Q1 V061 Terra 250m 16-day
SO1404,Xudun,SO14,Sool,2023-08-13,0.1342078866697631,0.1327,0.1013434649326521,0.1003,0.989521095688942,10765,0.0,0.0,pixel_reliability=0 AND MODLAND_QA(bits0-1)=0 AND VI range -2000..10000,MOD13Q1 V061 Terra 250m 16-day
SO1404,Xudun,SO14,Sool,2023-08-29,0.131723359456142,0.1303,0.1007758096497025,0.0997,0.9735269785825904,10591,0.0011030425590587,0.0,pixel_reliability=0 AND MODLAND_QA(bits0-1)=0 AND VI range -2000..10000,MOD13Q1 V061 Terra 250m 16-day
SO1404,Xudun,SO14,Sool,2023-09-14,0.1407052465409973,0.136,0.1069333828582041,0.1037,0.9898887765419616,10769,0.0,0.0,pixel_reliability=0 AND MODLAND_QA(bits0-1)=0 AND VI range -2000..10000,MOD13Q1 V061 Terra 250m 16-day
SO1404,Xudun,SO14,Sool,2023-09-30,0.1847835822610294,0.1803,0.1362291015625,0.13365,0.800073536170604,8704,0.0288629469620369,0.0,pixel_reliability=0 AND MODLAND_QA(bits0-1)=0 AND VI range -2000..10000,MOD13Q1 V061 Terra 250m 16-day
SO1404,Xudun,SO14,Sool,2023-10-16,0.2355649641382308,0.219,0.162669789176266,0.1562,0.4229249011857707,4601,0.2573765971137053,0.000827281919294,pixel_reliability=0 AND MODLAND_QA(bits0-1)=0 AND VI range -2000..10000,MOD13Q1 V061 Terra 250m 16-day
SO1404,Xudun,SO14,Sool,2023-11-01,0.2694287613293051,0.2525,0.1900507703927492,0.1807,0.6085118117474032,6620,0.0906333302693262,0.0,pixel_reliability=0 AND MODLAND_QA(bits0-1)=0 AND VI range -2000..10000,MOD13Q1 V061 Terra 250m 16-day
SO1404,Xudun,SO14,Sool,2023-11-17,0.260349344016024,0.2374,0.1852145418127191,0.1716,0.917823329350124,9985,0.0154425958268223,0.0,pixel_reliability=0 AND MODLAND_QA(bits0-1)=0 AND VI range -2000..10000,MOD13Q1 V061 Terra 250m 16-day
SO1404,Xudun,SO14,Sool,2023-12-03,0.2373126918099464,0.218,0.1717766962469957,0.1592,0.9943928669914516,10818,0.0002757606397646,0.0,pixel_reliability=0 AND MODLAND_QA(bits0-1)=0 AND VI range -2000..10000,MOD13Q1 V061 Terra 250m 16-day
SO1404,Xudun,SO14,Sool,2023-12-19,0.2085124423095036,0.1945,0.1500430253367241,0.1393,0.9759169041272177,10617,0.0002757606397646,0.0,pixel_reliability=0 AND MODLAND_QA(bits0-1)=0 AND VI range -2000..10000,MOD13Q1 V061 Terra 250m 16-day
SO1501,Ceerigaabo,SO15,Sanaag,2023-01-01,0.1461002932045533,0.1298,0.1010576992066229,0.0949,0.9551894563426688,28990,0.015650741350906,9.884678747940691e-05,pixel_reliability=0 AND MODLAND_QA(bits0-1)=0 AND VI range -2000..10000,MOD13Q1 V061 Terra 250m 16-day
SO1501,Ceerigaabo,SO15,Sanaag,2023-01-17,0.1468301906854753,0.12885,0.0998334443893102,0.0935,0.9296210873146624,28214,0.0037561779242174,9.884678747940691e-05,pixel_reliability=0 AND MODLAND_QA(bits0-1)=0 AND VI range -2000..10000,MOD13Q1 V061 Terra 250m 16-day
SO1501,Ceerigaabo,SO15,Sanaag,2023-02-02,0.1445928680280402,0.1283,0.1016624775644282,0.0958,0.9729489291598024,29529,0.0023064250411861,0.0,pixel_reliability=0 AND MODLAND_QA(bits0-1)=0 AND VI range -2000..10000,MOD13Q1 V061 Terra 250m 16-day
SO1501,Ceerigaabo,SO15,Sanaag,2023-03-06,0.1364313695070395,0.1245,0.1005657875344219,0.094,0.8495222405271828,25783,0.0462602965403624,0.0016803953871499,pixel_reliability=0 AND MODLAND_QA(bits0-1)=0 AND VI range -2000..10000,MOD13Q1 V061 Terra 250m 16-day
SO1501,Ceerigaabo,SO15,Sanaag,2023-03-22,0.1599313012945258,0.1537,0.1159999957695236,0.1102,0.7788467874794069,23638,0.068830313014827,0.0024052718286655,pixel_reliability=0 AND MODLAND_QA(bits0-1)=0 AND VI range -2000..10000,MOD13Q1 V061 Terra 250m 16-day
SO1501,Ceerigaabo,SO15,Sanaag,2023-04-07,0.1886675326152912,0.1621,0.1332356909890776,0.1197,0.8687973640856672,26368,0.0024711696869851,0.0,pixel_reliability=0 AND MODLAND_QA(bits0-1)=0 AND VI range -2000..10000,MOD13Q1 V061 Terra 250m 16-day
SO1501,Ceerigaabo,SO15,Sanaag,2023-04-23,0.172099925104152,0.1599,0.1299851612601226,0.1226,0.7038879736408566,21363,0.0440856672158154,0.0016474464579901,pixel_reliability=0 AND MODLAND_QA(bits0-1)=0 AND VI range -2000..10000,MOD13Q1 V061 Terra 250m 16-day
SO1501,Ceerigaabo,SO15,Sanaag,2023-05-09,0.2001025553403956,0.1799,0.1374214185366594,0.1281,0.8677759472817134,26337,0.0052059308072487,0.0003953871499176,pixel_reliability=0 AND MODLAND_QA(bits0-1)=0 AND VI range -2000..10000,MOD13Q1 V061 Terra 250m 16-day
SO1501,Ceerigaabo,SO15,Sanaag,2023-05-25,0.1991033460837236,0.177,0.1402117577664176,0.13,0.92168039538715,27973,0.0024052718286655,9.884678747940691e-05,pixel_reliability=0 AND MODLAND_QA(bits0-1)=0 AND VI range -2000..10000,MOD13Q1 V061 Terra 250m 16-day
SO1501,Ceerigaabo,SO15,Sanaag,2023-06-10,0.1861417281746712,0.1664,0.1355659926533695,0.1252,0.9597693574958814,29129,0.0040527182866556,6.589785831960461e-05,pixel_reliability=0 AND MODLAND_QA(bits0-1)=0 AND VI range -2000..10000,MOD13Q1 V061 Terra 250m 16-day
SO1501,Ceerigaabo,SO15,Sanaag,2023-06-26,0.1664691280767626,0.1486,0.1179642747879293,0.1095,0.9477429983525536,28764,0.0106754530477759,0.0005271828665568,pixel_reliability=0 AND MODLAND_QA(bits0-1)=0 AND VI range -2000..10000,MOD13Q1 V061 Terra 250m 16-day
SO1501,Ceerigaabo,SO15,Sanaag,2023-07-12,0.1549844115558545,0.1415,0.1116445416152782,0.1043,0.8816144975288304,26757,0.0239538714991762,0.0008566721581548,pixel_reliability=0 AND MODLAND_QA(bits0-1)=0 AND VI range -2000..10000,MOD13Q1 V061 Terra 250m 16-day
SO1501,Ceerigaabo,SO15,Sanaag,2023-07-28,0.145162043710312,0.1328,0.1054017414001324,0.1006,0.8457660626029654,25669,0.0243163097199341,0.0011202635914332,pixel_reliability=0 AND MODLAND_QA(bits0-1)=0 AND VI range -2000..10000,MOD13Q1 V061 Terra 250m 16-day
SO1501,Ceerigaabo,SO15,Sanaag,2023-08-13,0.1478527627302275,0.1343,0.1053642673347779,0.0993,0.9731795716639208,29536,0.0015815485996705,3.2948929159802305e-05,pixel_reliability=0 AND MODLAND_QA(bits0-1)=0 AND VI range -2000..10000,MOD13Q1 V061 Terra 250m 16-day
SO1501,Ceerigaabo,SO15,Sanaag,2023-08-29,0.1484672267759562,0.1329,0.1062936953551912,0.0998,0.9647446457990116,29280,0.0062602965403624,0.0,pixel_reliability=0 AND MODLAND_QA(bits0-1)=0 AND VI range -2000..10000,MOD13Q1 V061 Terra 250m 16-day
SO1501,Ceerigaabo,SO15,Sanaag,2023-09-14,0.1530040312273308,0.133,0.1105109433831911,0.0987,0.953838550247117,28949,0.0050411861614497,6.589785831960461e-05,pixel_reliability=0 AND MODLAND_QA(bits0-1)=0 AND VI range -2000..10000,MOD13Q1 V061 Terra 250m 16-day
SO1501,Ceerigaabo,SO15,Sanaag,2023-09-30,0.1635647743609523,0.1427,0.1182823661418703,0.1067,0.939670510708402,28519,0.0030971993410214,0.0,pixel_reliability=0 AND MODLAND_QA(bits0-1)=0 AND VI range -2000..10000,MOD13Q1 V061 Terra 250m 16-day
SO1501,Ceerigaabo,SO15,Sanaag,2023-10-16,0.1879838269537154,0.1696,0.1274780669144981,0.1211,0.8065568369028007,24479,0.0472158154859967,0.000494233937397,pixel_reliability=0 AND MODLAND_QA(bits0-1)=0 AND VI range -2000..10000,MOD13Q1 V061 Terra 250m 16-day
SO1501,Ceerigaabo,SO15,Sanaag,2023-11-01,0.2135513447337738,0.1921,0.1516358297706956,0.14335,0.8477759472817133,25730,0.0371993410214168,0.0001317957166392,pixel_reliability=0 AND MODLAND_QA(bits0-1)=0 AND VI range -2000..10000,MOD13Q1 V061 Terra 250m 16-day
SO1501,Ceerigaabo,SO15,Sanaag,2023-11-17,0.2250552759656207,0.2003,0.1539783231507369,0.1454,0.9545634266886326,28971,0.0050411861614497,9.884678747940691e-05,pixel_reliability=0 AND MODLAND_QA(bits0-1)=0 AND VI range -2000..10000,MOD13Q1 V061 Terra 250m 16-day
SO1501,Ceerigaabo,SO15,Sanaag,2023-12-03,0.2108719896082864,0.1855,0.1438272310131921,0.1367,0.9765733113673806,29639,0.0017792421746293,9.884678747940691e-05,pixel_reliability=0 AND MODLAND_QA(bits0-1)=0 AND VI range -2000..10000,MOD13Q1 V061 Terra 250m 16-day
SO1501,Ceerigaabo,SO15,Sanaag,2023-12-19,0.1924388764122586,0.1694,0.1314907093252254,0.1233,0.953640856672158,28943,0.0101812191103789,0.0001976935749588,pixel_reliability=0 AND MODLAND_QA(bits0-1)=0 AND VI range -2000..10000,MOD13Q1 V061 Terra 250m 16-day
SO1502,Ceel Afweyn,SO15,Sanaag,2023-01-01,0.1517855923229649,0.1466,0.1068535274652548,0.1061,0.8354990323472491,15110,0.055902681780481,0.0007188277578103,pixel_reliability=0 AND MODLAND_QA(bits0-1)=0 AND VI range -2000..10000,MOD13Q1 V061 Terra 250m 16-day
SO1502,Ceel Afweyn,SO15,Sanaag,2023-01-17,0.1483575950588689,0.1446,0.1045554204465032,0.1049,0.8594415261266243,15543,0.0706110035941387,0.0007741222007188,pixel_reliability=0 AND MODLAND_QA(bits0-1)=0 AND VI range -2000..10000,MOD13Q1 V061 Terra 250m 16-day
SO1502,Ceel Afweyn,SO15,Sanaag,2023-02-02,0.1480406967308138,0.1446,0.1042593090656155,0.1042,0.9539397290572298,17252,0.0015482444014376,5.52944429084877e-05,pixel_reliability=0 AND MODLAND_QA(bits0-1)=0 AND VI range -2000..10000,MOD13Q1 V061 Terra 250m 16-day
SO1502,Ceel Afweyn,SO15,Sanaag,2023-03-06,0.1442247587518489,0.1426,0.0994316897936183,0.1003,0.7850152059717999,14197,0.0397567044512026,0.0030411943599668,pixel_reliability=0 AND MODLAND_QA(bits0-1)=0 AND VI range -2000..10000,MOD13Q1 V061 Terra 250m 16-day
SO1502,Ceel Afweyn,SO15,Sanaag,2023-03-22,0.1749286340452661,0.1655,0.1320384364042078,0.1274,0.6938346696157036,12548,0.0501520597179983,0.001935305501797,pixel_reliability=0 AND MODLAND_QA(bits0-1)=0 AND VI range -2000..10000,MOD13Q1 V061 Terra 250m 16-day
SO1502,Ceel Afweyn,SO15,Sanaag,2023-04-07,0.1942373535965263,0.1791,0.1378943666799977,0.132,0.96781863422726,17503,0.0024329554879734,0.0002211777716339,pixel_reliability=0 AND MODLAND_QA(bits0-1)=0 AND VI range -2000..10000,MOD13Q1 V061 Terra 250m 16-day
SO1502,Ceel Afweyn,SO15,Sanaag,2023-04-23,0.1828259730876907,0.1689,0.1361334507360245,0.1289,0.6122753663256842,11073,0.1652750898534697,0.0103953552667956,pixel_reliability=0 AND MODLAND_QA(bits0-1)=0 AND VI range -2000..10000,MOD13Q1 V061 Terra 250m 16-day
SO1502,Ceel Afweyn,SO15,Sanaag,2023-05-09,0.1926591812635308,0.1758,0.1368479498786328,0.1299,0.8428531932540779,15243,0.080729886646392,0.0003317666574509,pixel_reliability=0 AND MODLAND_QA(bits0-1)=0 AND VI range -2000..10000,MOD13Q1 V061 Terra 250m 16-day
SO1502,Ceel Afweyn,SO15,Sanaag,2023-05-25,0.1908530431786863,0.1773,0.1360439710610932,0.1302,0.9630080176942216,17416,0.0054741498479402,0.0005529444290848,pixel_reliability=0 AND MODLAND_QA(bits0-1)=0 AND VI range -2000..10000,MOD13Q1 V061 Terra 250m 16-day
SO1502,Ceel Afweyn,SO15,Sanaag,2023-06-10,0.1749063762196505,0.163,0.1264890061266167,0.1206,0.9747304395908212,17628,0.0036494332319601,0.0003870611003594,pixel_reliability=0 AND MODLAND_QA(bits0-1)=0 AND VI range -2000..10000,MOD13Q1 V061 Terra 250m 16-day
SO1502,Ceel Afweyn,SO15,Sanaag,2023-06-26,0.1593239375247581,0.1508,0.1150731367777715,0.1118,0.977108100635886,17671,0.0045341443184959,0.0009400055294442,pixel_reliability=0 AND MODLAND_QA(bits0-1)=0 AND VI range -2000..10000,MOD13Q1 V061 Terra 250m 16-day
SO1502,Ceel Afweyn,SO15,Sanaag,2023-07-12,0.1527978551798303,0.1459,0.1081684072171107,0.106,0.925518385402267,16738,0.0243295548797345,0.0013823610727121,pixel_reliability=0 AND MODLAND_QA(bits0-1)=0 AND VI range -2000..10000,MOD13Q1 V061 Terra 250m 16-day
SO1502,Ceel Afweyn,SO15,Sanaag,2023-07-28,0.1439856443423597,0.1396,0.1053528529980657,0.1039,0.9147912634780204,16544,0.008847110865358,0.0012717721868952,pixel_reliability=0 AND MODLAND_QA(bits0-1)=0 AND VI range -2000..10000,MOD13Q1 V061 Terra 250m 16-day
SO1502,Ceel Afweyn,SO15,Sanaag,2023-08-13,0.1465536222071767,0.1432,0.1074373899796885,0.1073,0.980038706110036,17724,0.002045894387614,5.52944429084877e-05,pixel_reliability=0 AND MODLAND_QA(bits0-1)=0 AND VI range -2000..10000,MOD13Q1 V061 Terra 250m 16-day
SO1502,Ceel Afweyn,SO15,Sanaag,2023-08-29,0.1469274005507059,0.1433,0.1042751186361239,0.1047,0.9438208460049764,17069,0.0035941387890517,0.0007188277578103,pixel_reliability=0 AND MODLAND_QA(bits0-1)=0 AND VI range -2000..10000,MOD13Q1 V061 Terra 250m 16-day
SO1502,Ceel Afweyn,SO15,Sanaag,2023-09-14,0.1537820702402957,0.1466,0.1146835808528268,0.1116,0.8675145147912635,15689,0.0038153165606856,0.0003317666574509,pixel_reliability=0 AND MODLAND_QA(bits0-1)=0 AND VI range -2000..10000,MOD13Q1 V061 Terra 250m 16-day
SO1502,Ceel Afweyn,SO15,Sanaag,2023-09-30,0.1677255091858895,0.1574,0.1210138287257146,0.1166,0.9420514238319048,17037,0.0021011888305225,0.0,pixel_reliability=0 AND MODLAND_QA(bits0-1)=0 AND VI range -2000..10000,MOD13Q1 V061 Terra 250m 16-day
SO1502,Ceel Afweyn,SO15,Sanaag,2023-10-16,0.1785965548621945,0.1663,0.1248667576703068,0.1208,0.8506497097041748,15384,0.0461708598285872,0.0006635333149018,pixel_reliability=0 AND MODLAND_QA(bits0-1)=0 AND VI range -2000..10000,MOD13Q1 V061 Terra 250m 16-day
SO1502,Ceel Afweyn,SO15,Sanaag,2023-11-01,0.2238179419772791,0.2254,0.1557471035583513,0.1577,0.5889411114183024,10651,0.1932540779651645,0.0091235830799004,pixel_reliability=0 AND MODLAND_QA(bits0-1)=0 AND VI range -2000..10000,MOD13Q1 V061 Terra 250m 16-day
SO1502,Ceel Afweyn,SO15,Sanaag,2023-11-17,0.2374341786492375,0.2382,0.1650460043572985,0.1657,0.6345037323748963,11475,0.1665468620403649,0.0065247442632015,pixel_reliability=0 AND MODLAND_QA(bits0-1)=0 AND VI range -2000..10000,MOD13Q1 V061 Terra 250m 16-day
SO1502,Ceel Afweyn,SO15,Sanaag,2023-12-03,0.2285116227446069,0.2216,0.1576319255506858,0.1556,0.9714680674592204,17569,0.0034282554603262,0.0003317666574509,pixel_reliability=0 AND MODLAND_QA(bits0-1)=0 AND VI range -2000..10000,MOD13Q1 V061 Terra 250m 16-day
SO1502,Ceel Afweyn,SO15,Sanaag,2023-12-19,0.2194423379483952,0.2163,0.1547950440528634,0.155,0.7029029582526956,12712,0.094111141830246,0.0002764722145424,pixel_reliability=0 AND MODLAND_QA(bits0-1)=0 AND VI range -2000..10000,MOD13Q1 V061 Terra 250m 16-day
SO1503,Laasqoray,SO15,Sanaag,2023-01-01,0.1615388449899126,0.1389,0.1066772192333557,0.1009,0.8172013464312702,11896,0.0760458885759428,0.0,pixel_reliability=0 AND MODLAND_QA(bits0-1)=0 AND VI range -2000..10000,MOD13Q1 V061 Terra 250m 16-day
SO1503,Laasqoray,SO15,Sanaag,2023-01-17,0.1773402903250714,0.1426,0.1159812446915296,0.1039,0.8896750704128598,12951,0.0220512468228343,0.0001373909459366,pixel_reliability=0 AND MODLAND_QA(bits0-1)=0 AND VI range -2000..10000,MOD13Q1 V061 Terra 250m 16-day
SO1503,Laasqoray,SO15,Sanaag,2023-02-02,0.1796795081384604,0.1445,0.118769429241595,0.1066,0.9664766091914544,14069,0.0006182592567149,0.0,pixel_reliability=0 AND MODLAND_QA(bits0-1)=0 AND VI range -2000..10000,MOD13Q1 V061 Terra 250m 16-day
SO1503,Laasqoray,SO15,Sanaag,2023-03-06,0.1604475113122172,0.138,0.1113124771348801,0.1015,0.7135398777220581,10387,0.0317373085113691,0.0002747818918733,pixel_reliability=0 AND MODLAND_QA(bits0-1)=0 AND VI range -2000..10000,MOD13Q1 V061 Terra 250m 16-day
SO1503,Laasqoray,SO15,Sanaag,2023-03-22,0.1709954317421708,0.1447,0.1170051307388264,0.1041,0.9037576423713676,13156,0.0162121316205262,0.0002747818918733,pixel_reliability=0 AND MODLAND_QA(bits0-1)=0 AND VI range -2000..10000,MOD13Q1 V061 Terra 250m 16-day
SO1503,Laasqoray,SO15,Sanaag,2023-04-07,0.1922358660656793,0.1548,0.1273517278385919,0.1126,0.9601566256783678,13977,0.0033660781754482,6.869547296833139e-05,pixel_reliability=0 AND MODLAND_QA(bits0-1)=0 AND VI range -2000..10000,MOD13Q1 V061 Terra 250m 16-day
SO1503,Laasqoray,SO15,Sanaag,2023-04-23,0.1686463796631512,0.1479,0.1239622619235007,0.1121,0.8728446795356186,12706,0.0178608229717661,0.0004808683107783,pixel_reliability=0 AND MODLAND_QA(bits0-1)=0 AND VI range -2000..10000,MOD13Q1 V061 Terra 250m 16-day
SO1503,Laasqoray,SO15,Sanaag,2023-05-09,0.2016365592176747,0.1697,0.1305213328504165,0.1179,0.9483410043278148,13805,0.0024730370268599,0.0,pixel_reliability=0 AND MODLAND_QA(bits0-1)=0 AND VI range -2000..10000,MOD13Q1 V061 Terra 250m 16-day
SO1503,Laasqoray,SO15,Sanaag,2023-05-25,0.2032663374188897,0.1711,0.1387742609949531,0.1239,0.9528062100707564,13870,0.0050147695266881,6.869547296833139e-05,pixel_reliability=0 AND MODLAND_QA(bits0-1)=0 AND VI range -2000..10000,MOD13Q1 V061 Terra 250m 16-day
SO1503,Laasqoray,SO15,Sanaag,2023-06-10,0.1991212455003599,0.1672,0.1383794096472282,0.1231,0.9541801195301228,13890,0.0076251974994847,0.0006182592567149,pixel_reliability=0 AND MODLAND_QA(bits0-1)=0 AND VI range -2000..10000,MOD13Q1 V061 Terra 250m 16-day
SO1503,Laasqoray,SO15,Sanaag,2023-06-26,0.1815928915216586,0.154,0.1243782228804146,0.1128,0.9277323624373154,13505,0.0132582262828879,0.0013052139863982,pixel_reliability=0 AND MODLAND_QA(bits0-1)=0 AND VI range -2000..10000,MOD13Q1 V061 Terra 250m 16-day
SO1503,Laasqoray,SO15,Sanaag,2023-07-12,0.1617569816116011,0.1464,0.1120835251906114,0.1057,0.9190080373703372,13378,0.0221199422958027,0.0006182592567149,pixel_reliability=0 AND MODLAND_QA(bits0-1)=0 AND VI range -2000..10000,MOD13Q1 V061 Terra 250m 16-day
SO1503,Laasqoray,SO15,Sanaag,2023-07-28,0.1584833045955469,0.1405,0.1117631156758377,0.1036,0.9163289139245724,13339,0.0164869135123995,0.0010304320945249,pixel_reliability=0 AND MODLAND_QA(bits0-1)=0 AND VI range -2000..10000,MOD13Q1 V061 Terra 250m 16-day
SO1503,Laasqoray,SO15,Sanaag,2023-08-13,0.164022754107689,0.1431,0.1105410697773668,0.1033,0.965789654461771,14059,0.0024730370268599,6.869547296833139e-05,pixel_reliability=0 AND MODLAND_QA(bits0-1)=0 AND VI range -2000..10000,MOD13Q1 V061 Terra 250m 16-day
SO1503,Laasqoray,SO15,Sanaag,2023-08-29,0.1630781330288324,0.1411,0.1114670568084499,0.1031,0.9625609672322594,14012,0.0070756337157381,0.0004808683107783,pixel_reliability=0 AND MODLAND_QA(bits0-1)=0 AND VI range -2000..10000,MOD13Q1 V061 Terra 250m 16-day
SO1503,Laasqoray,SO15,Sanaag,2023-09-14,0.1625097997020361,0.1409,0.1137746730673729,0.104,0.8299787044033798,12082,0.0076938929724531,6.869547296833139e-05,pixel_reliability=0 AND MODLAND_QA(bits0-1)=0 AND VI range -2000..10000,MOD13Q1 V061 Terra 250m 16-day
SO1503,Laasqoray,SO15,Sanaag,2023-09-30,0.1774227504967357,0.1469,0.1219571175134828,0.1087,0.968056605069726,14092,0.0004808683107783,0.0,pixel_reliability=0 AND MODLAND_QA(bits0-1)=0 AND VI range -2000..10000,MOD13Q1 V061 Terra 250m 16-day
SO1503,Laasqoray,SO15,Sanaag,2023-10-16,0.1727958927074602,0.1469,0.1178696084301281,0.1088,0.5736758947585354,8351,0.1454283162739575,6.869547296833139e-05,pixel_reliability=0 AND MODLAND_QA(bits0-1)=0 AND VI range -2000..10000,MOD13Q1 V061 Terra 250m 16-day
SO1503,Laasqoray,SO15,Sanaag,2023-11-01,0.1977146928490746,0.1643,0.1386834998696672,0.1217,0.790616198392526,11509,0.0950058391152023,0.0002747818918733,pixel_reliability=0 AND MODLAND_QA(bits0-1)=0 AND VI range -2000..10000,MOD13Q1 V061 Terra 250m 16-day
SO1503,Laasqoray,SO15,Sanaag,2023-11-17,0.2033265715973335,0.1725,0.1353842376170787,0.1235,0.8141100501476952,11851,0.0243181974307893,0.0005495637837466,pixel_reliability=0 AND MODLAND_QA(bits0-1)=0 AND VI range -2000..10000,MOD13Q1 V061 Terra 250m 16-day
SO1503,Laasqoray,SO15,Sanaag,2023-12-03,0.204176152092493,0.1672,0.138023986321446,0.1192,0.8437177989970461,12282,0.1010510407364154,0.0001373909459366,pixel_reliability=0 AND MODLAND_QA(bits0-1)=0 AND VI range -2000..10000,MOD13Q1 V061 Terra 250m 16-day
SO1503,Laasqoray,SO15,Sanaag,2023-12-19,0.213576103413798,0.1629,0.1353833809455792,0.1178,0.961874012502576,14002,0.0006182592567149,0.0,pixel_reliability=0 AND MODLAND_QA(bits0-1)=0 AND VI range -2000..10000,MOD13Q1 V061 Terra 250m 16-day
SO1601,Bossaso,SO16,Bari,2023-01-01,0.1665587507507507,0.1615,0.114117081081081,0.1133,0.9207033842070338,8325,0.0195753151957531,0.0009953550099535,pixel_reliability=0 AND MODLAND_QA(bits0-1)=0 AND VI range -2000..10000,MOD13Q1 V061 Terra 250m 16-day
SO1601,Bossaso,SO16,Bari,2023-01-17,0.1686263428120063,0.1656,0.1165501184834123,0.1168,0.8400796284007963,7596,0.0072992700729927,0.0008847600088476,pixel_reliability=0 AND MODLAND_QA(bits0-1)=0 AND VI range -2000..10000,MOD13Q1 V061 Terra 250m 16-day
SO1601,Bossaso,SO16,Bari,2023-02-02,0.1656678723159949,0.1633,0.11650980594787,0.1168,0.9631718646317188,8709,0.0061933200619332,0.0001105950011059,pixel_reliability=0 AND MODLAND_QA(bits0-1)=0 AND VI range -2000..10000,MOD13Q1 V061 Terra 250m 16-day
SO1601,Bossaso,SO16,Bari,2023-03-06,0.1619997899678774,0.1595,0.113914331603657,0.1133,0.8951559389515594,8094,0.0063039150630391,0.0004423800044238,pixel_reliability=0 AND MODLAND_QA(bits0-1)=0 AND VI range -2000..10000,MOD13Q1 V061 Terra 250m 16-day
SO1601,Bossaso,SO16,Bari,2023-03-22,0.1682662168450442,0.1557,0.1164838064215914,0.1115,0.9506746295067464,8596,0.0045343950453439,0.0011059500110595,pixel_reliability=0 AND MODLAND_QA(bits0-1)=0 AND VI range -2000..10000,MOD13Q1 V061 Terra 250m 16-day
SO1601,Bossaso,SO16,Bari,2023-04-07,0.1811313036511388,0.1663,0.1318746022662241,0.1231,0.9662685246626852,8737,0.0058615350586153,0.0001105950011059,pixel_reliability=0 AND MODLAND_QA(bits0-1)=0 AND VI range -2000..10000,MOD13Q1 V061 Terra 250m 16-day
SO1601,Bossaso,SO16,Bari,2023-04-23,0.178611402902557,0.1594,0.1313486063119097,0.1191,0.960185799601858,8682,0.0056403450564034,0.0003317850033178,pixel_reliability=0 AND MODLAND_QA(bits0-1)=0 AND VI range -2000..10000,MOD13Q1 V061 Terra 250m 16-day
SO1601,Bossaso,SO16,Bari,2023-05-09,0.1795213328590063,0.1581,0.1273351357761176,0.1166,0.9326476443264764,8433,0.0215660252156602,0.0001105950011059,pixel_reliability=0 AND MODLAND_QA(bits0-1)=0 AND VI range -2000..10000,MOD13Q1 V061 Terra 250m 16-day
SO1601,Bossaso,SO16,Bari,2023-05-25,0.1841960815950213,0.1615,0.1359219776420421,0.1218,0.9596328245963284,8677,0.0060827250608272,0.0004423800044238,pixel_reliability=0 AND MODLAND_QA(bits0-1)=0 AND VI range -2000..10000,MOD13Q1 V061 Terra 250m 16-day
SO1601,Bossaso,SO16,Bari,2023-06-10,0.1796326132895045,0.1607,0.1271325898098144,0.1174,0.9420482194204822,8518,0.0090687900906879,0.0024330900243309,pixel_reliability=0 AND MODLAND_QA(bits0-1)=0 AND VI range -2000..10000,MOD13Q1 V061 Terra 250m 16-day
SO1601,Bossaso,SO16,Bari,2023-06-26,0.1716445390898483,0.1556,0.1214121353558926,0.1139,0.9477991594779916,8570,0.0095111700951117,0.0008847600088476,pixel_reliability=0 AND MODLAND_QA(bits0-1)=0 AND VI range -2000..10000,MOD13Q1 V061 Terra 250m 16-day
SO1601,Bossaso,SO16,Bari,2023-07-12,0.1543219775924961,0.1463,0.111331995831162,0.1075,0.8489272284892723,7676,0.0622649856226498,0.002211900022119,pixel_reliability=0 AND MODLAND_QA(bits0-1)=0 AND VI range -2000..10000,MOD13Q1 V061 Terra 250m 16-day
SO1601,Bossaso,SO16,Bari,2023-07-28,0.1584483554529717,0.1465,0.1120722215810732,0.1077,0.9583056845830568,8665,0.0080734350807343,0.0026542800265428,pixel_reliability=0 AND MODLAND_QA(bits0-1)=0 AND VI range -2000..10000,MOD13Q1 V061 Terra 250m 16-day
SO1601,Bossaso,SO16,Bari,2023-08-13,0.1577781720675491,0.151,0.1129877110908261,0.1088,0.969254589692546,8764,0.008847600088476,0.0009953550099535,pixel_reliability=0 AND MODLAND_QA(bits0-1)=0 AND VI range -2000..10000,MOD13Q1 V061 Terra 250m 16-day
SO1601,Bossaso,SO16,Bari,2023-08-29,0.1598707908893212,0.1518,0.1139010186562893,0.1097,0.9662685246626852,8737,0.0099535500995355,0.0003317850033178,pixel_reliability=0 AND MODLAND_QA(bits0-1)=0 AND VI range -2000..10000,MOD13Q1 V061 Terra 250m 16-day
SO1601,Bossaso,SO16,Bari,2023-09-14,0.160576232086683,0.1512,0.1173050681579867,0.1114,0.9492368944923688,8583,0.0057509400575094,0.0014377350143773,pixel_reliability=0 AND MODLAND_QA(bits0-1)=0 AND VI range -2000..10000,MOD13Q1 V061 Terra 250m 16-day
SO1601,Bossaso,SO16,Bari,2023-09-30,0.1674239981522115,0.156,0.118452569580783,0.1136,0.9576421145764212,8659,0.0040920150409201,0.0,pixel_reliability=0 AND MODLAND_QA(bits0-1)=0 AND VI range -2000..10000,MOD13Q1 V061 Terra 250m 16-day
SO1601,Bossaso,SO16,Bari,2023-10-16,0.1735863178712693,0.1557,0.122515300251708,0.1147,0.6151293961512939,5562,0.163680601636806,0.0038708250387082,pixel_reliability=0 AND MODLAND_QA(bits0-1)=0 AND VI range -2000..10000,MOD13Q1 V061 Terra 250m 16-day
SO1601,Bossaso,SO16,Bari,2023-11-01,0.2104876035302104,0.1924,0.1457143788187372,0.1378,0.8145321831453218,7365,0.0899137358991373,0.0001105950011059,pixel_reliability=0 AND MODLAND_QA(bits0-1)=0 AND VI range -2000..10000,MOD13Q1 V061 Terra 250m 16-day
SO1601,Bossaso,SO16,Bari,2023-11-17,0.20954820431934,0.1882,0.1431133948070856,0.137,0.91152399911524,8242,0.0129396151293961,0.0013271400132714,pixel_reliability=0 AND MODLAND_QA(bits0-1)=0 AND VI range -2000..10000,MOD13Q1 V061 Terra 250m 16-day
SO1601,Bossaso,SO16,Bari,2023-12-03,0.2088990463215259,0.1894,0.1447996903641318,0.13725,0.8929440389294404,8074,0.0178057951780579,0.0009953550099535,pixel_reliability=0 AND MODLAND_QA(bits0-1)=0 AND VI range -2000..10000,MOD13Q1 V061 Terra 250m 16-day
SO1601,Bossaso,SO16,Bari,2023-12-19,0.2047783939254487,0.18665,0.1401707432121491,0.13385,0.9612917496129176,8692,0.0027648750276487,0.0004423800044238,pixel_reliability=0 AND MODLAND_QA(bits0-1)=0 AND VI range -2000..10000,MOD13Q1 V061 Terra 250m 16-day
SO1602,Bandarbeyla,SO16,Bari,2023-01-01,0.1541384893386339,0.1519,0.1108350740874593,0.10765,0.4201336167628302,5534,0.42506832675372,0.0088824779836015,pixel_reliability=0 AND MODLAND_QA(bits0-1)=0 AND VI range -2000..10000,MOD13Q1 V061 Terra 250m 16-day
SO1602,Bandarbeyla,SO16,Bari,2023-01-17,0.1605699063068102,0.1576,0.1228891623549154,0.1197,0.5428940176131187,7151,0.0768296386273914,0.0041755238384451,pixel_reliability=0 AND MODLAND_QA(bits0-1)=0 AND VI range -2000..10000,MOD13Q1 V061 Terra 250m 16-day
SO1602,Bandarbeyla,SO16,Bari,2023-02-02,0.1603250297973778,0.1574,0.122944052443385,0.12,0.6369571819010021,8390,0.0638475554205891,0.0045551169146674,pixel_reliability=0 AND MODLAND_QA(bits0-1)=0 AND VI range -2000..10000,MOD13Q1 V061 Terra 250m 16-day
SO1602,Bandarbeyla,SO16,Bari,2023-03-06,0.1458501681503461,0.1448,0.1140127200791295,0.1129,0.3837686000607349,5055,0.3556787124202855,0.0113877922866686,pixel_reliability=0 AND MODLAND_QA(bits0-1)=0 AND VI range -2000..10000,MOD13Q1 V061 Terra 250m 16-day
SO1602,Bandarbeyla,SO16,Bari,2023-03-22,0.1472692704571251,0.1454,0.1082750696522546,0.1067,0.7357273003340419,9691,0.0203461888855147,0.0020498026116003,pixel_reliability=0 AND MODLAND_QA(bits0-1)=0 AND VI range -2000..10000,MOD13Q1 V061 Terra 250m 16-day
SO1602,Bandarbeyla,SO16,Bari,2023-04-07,0.1536480937857415,0.1508,0.1178678993518871,0.1151,0.3982690555724263,5246,0.2249468569693288,0.005314303067112,pixel_reliability=0 AND MODLAND_QA(bits0-1)=0 AND VI range -2000..10000,MOD13Q1 V061 Terra 250m 16-day
SO1602,Bandarbeyla,SO16,Bari,2023-04-23,0.1469168807029401,0.1449,0.1111183845893883,0.1095,0.8985727300334042,11836,0.0141967810507136,0.0024293956878226,pixel_reliability=0 AND MODLAND_QA(bits0-1)=0 AND VI range -2000..10000,MOD13Q1 V061 Terra 250m 16-day
SO1602,Bandarbeyla,SO16,Bari,2023-05-09,0.1489456378112824,0.1471,0.1111525664916144,0.1092,0.8962951715760704,11806,0.0069085939872456,0.0027330701488004,pixel_reliability=0 AND MODLAND_QA(bits0-1)=0 AND VI range -2000..10000,MOD13Q1 V061 Terra 250m 16-day
SO1602,Bandarbeyla,SO16,Bari,2023-05-25,0.1552110785708308,0.1541,0.1147151619111371,0.114,0.9073033707865168,11951,0.0109322805952019,0.0028849073792894,pixel_reliability=0 AND MODLAND_QA(bits0-1)=0 AND VI range -2000..10000,MOD13Q1 V061 Terra 250m 16-day
SO1602,Bandarbeyla,SO16,Bari,2023-06-10,0.1494041300813008,0.1487,0.1113690081300813,0.1107,0.9337989675068328,12300,0.0138171879744913,0.0031126632250227,pixel_reliability=0 AND MODLAND_QA(bits0-1)=0 AND VI range -2000..10000,MOD13Q1 V061 Terra 250m 16-day
SO1602,Bandarbeyla,SO16,Bari,2023-06-26,0.1401606295149638,0.1395,0.1050878328173374,0.1047,0.7356513817187974,9690,0.05671120558761,0.0103249316732462,pixel_reliability=0 AND MODLAND_QA(bits0-1)=0 AND VI range -2000..10000,MOD13Q1 V061 Terra 250m 16-day
SO1602,Bandarbeyla,SO16,Bari,2023-07-12,0.1374956933144676,0.137,0.1042922002122391,0.1038,0.8584877011843304,11308,0.0173853628909808,0.008123291831157,pixel_reliability=0 AND MODLAND_QA(bits0-1)=0 AND VI range -2000..10000,MOD13Q1 V061 Terra 250m 16-day
SO1602,Bandarbeyla,SO16,Bari,2023-07-28,0.1354199885358663,0.135,0.1007674828037995,0.1002,0.9271181293653205,12212,0.0164743395080473,0.0064530822957789,pixel_reliability=0 AND MODLAND_QA(bits0-1)=0 AND VI range -2000..10000,MOD13Q1 V061 Terra 250m 16-day
SO1602,Bandarbeyla,SO16,Bari,2023-08-13,0.1344292978602229,0.1339,0.1030398421609307,0.1022,0.9331156999696324,12291,0.0138931065897358,0.0019738839963559,pixel_reliability=0 AND MODLAND_QA(bits0-1)=0 AND VI range -2000..10000,MOD13Q1 V061 Terra 250m 16-day
SO1602,Bandarbeyla,SO16,Bari,2023-08-29,0.1366686417502279,0.1361,0.103854263694373,0.1029,0.916109930154874,12067,0.0119951412086243,0.0023534770725781,pixel_reliability=0 AND MODLAND_QA(bits0-1)=0 AND VI range -2000..10000,MOD13Q1 V061 Terra 250m 16-day
SO1602,Bandarbeyla,SO16,Bari,2023-09-14,0.133813546189868,0.1331,0.1015397786292039,0.1005,0.8916641360461586,11745,0.0122988156696021,0.002657151533556,pixel_reliability=0 AND MODLAND_QA(bits0-1)=0 AND VI range -2000..10000,MOD13Q1 V061 Terra 250m 16-day
SO1602,Bandarbeyla,SO16,Bari,2023-09-30,0.1382581978139163,0.1375,0.1062843863858526,0.1055,0.8543121773458852,11253,0.010780443364713,0.0031885818402672,pixel_reliability=0 AND MODLAND_QA(bits0-1)=0 AND VI range -2000..10000,MOD13Q1 V061 Terra 250m 16-day
SO1602,Bandarbeyla,SO16,Bari,2023-10-16,0.1566968986187125,0.1526,0.1184167318217357,0.1149,0.2912997266929851,3837,0.3916641360461585,0.0085788035226237,pixel_reliability=0 AND MODLAND_QA(bits0-1)=0 AND VI range -2000..10000,MOD13Q1 V061 Terra 250m 16-day
SO1602,Bandarbeyla,SO16,Bari,2023-11-01,0.1925692325855962,0.1863,0.1436535773317591,0.1378,0.3215153355602794,4235,0.4072274521712724,0.0262678408745824,pixel_reliability=0 AND MODLAND_QA(bits0-1)=0 AND VI range -2000..10000,MOD13Q1 V061 Terra 250m 16-day
SO1602,Bandarbeyla,SO16,Bari,2023-11-17,0.2052689851644807,0.1981,0.1548147925177381,0.1483,0.7061949590039478,9302,0.0382629820832068,0.0031126632250227,pixel_reliability=0 AND MODLAND_QA(bits0-1)=0 AND VI range -2000..10000,MOD13Q1 V061 Terra 250m 16-day
SO1602,Bandarbeyla,SO16,Bari,2023-12-03,0.2041374234631398,0.1982,0.1510298718262715,0.1466,0.9299271181293652,12249,0.0170057698147585,0.0049347099908897,pixel_reliability=0 AND MODLAND_QA(bits0-1)=0 AND VI range -2000..10000,MOD13Q1 V061 Terra 250m 16-day
SO1602,Bandarbeyla,SO16,Bari,2023-12-19,0.1910132598973,0.1859,0.1411602865661752,0.1371,0.9166413604615852,12074,0.0247494685696932,0.0054661402976009,pixel_reliability=0 AND MODLAND_QA(bits0-1)=0 AND VI range -2000..10000,MOD13Q1 V061 Terra 250m 16-day
SO1603,Caluula,SO16,Bari,2023-01-01,0.2097641935483871,0.2076,0.1479795698924731,0.146,0.173929306152983,930,0.5313259771834674,0.0663923695530203,pixel_reliability=0 AND MODLAND_QA(bits0-1)=0 AND VI range -2000..10000,MOD13Q1 V061 Terra 250m 16-day
SO1603,Caluula,SO16,Bari,2023-01-17,0.2481443413729128,0.2413,0.1682245516388373,0.1623,0.3024125677950252,1617,0.3798391621469983,0.0230035533944267,pixel_reliability=0 AND MODLAND_QA(bits0-1)=0 AND VI range -2000..10000,MOD13Q1 V061 Terra 250m 16-day
SO1603,Caluula,SO16,Bari,2023-02-02,0.2645196447909898,0.2602,0.1782961663417804,0.1769,0.8634748457078736,4617,0.0205722835234711,0.0069197680942584,pixel_reliability=0 AND MODLAND_QA(bits0-1)=0 AND VI range -2000..10000,MOD13Q1 V061 Terra 250m 16-day
SO1603,Caluula,SO16,Bari,2023-03-06,0.2396911494252873,0.2341,0.1656522758620689,0.1653,0.8135403029736301,4350,0.0187020759304282,0.0037404151860856,pixel_reliability=0 AND MODLAND_QA(bits0-1)=0 AND VI range -2000..10000,MOD13Q1 V061 Terra 250m 16-day
SO1603,Caluula,SO16,Bari,2023-03-22,0.2301847733333333,0.22665,0.1595926933333333,0.1554,0.7013278473910604,3750,0.034411819711988,0.0069197680942584,pixel_reliability=0 AND MODLAND_QA(bits0-1)=0 AND VI range -2000..10000,MOD13Q1 V061 Terra 250m 16-day
SO1603,Caluula,SO16,Bari,2023-04-07,0.226242363877822,0.2227,0.1590710934041611,0.1573,0.8449597905367496,4518,0.0198242004862539,0.0035533944267813,pixel_reliability=0 AND MODLAND_QA(bits0-1)=0 AND VI range -2000..10000,MOD13Q1 V061 Terra 250m 16-day
SO1603,Caluula,SO16,Bari,2023-04-23,0.2100323123382226,0.20395,0.1466984900776531,0.1424,0.867028240134655,4636,0.0351599027492051,0.0057976435384327,pixel_reliability=0 AND MODLAND_QA(bits0-1)=0 AND VI range -2000..10000,MOD13Q1 V061 Terra 250m 16-day
SO1603,Caluula,SO16,Bari,2023-05-09,0.2168549903412749,0.2078,0.1451028332260142,0.1398,0.8713297175986534,4659,0.0261829063025995,0.0041144567046942,pixel_reliability=0 AND MODLAND_QA(bits0-1)=0 AND VI range -2000..10000,MOD13Q1 V061 Terra 250m 16-day
SO1603,Caluula,SO16,Bari,2023-05-25,0.2137407162651886,0.2022,0.1451621189511831,0.139,0.8773143818963905,4691,0.0198242004862539,0.005984664297737,pixel_reliability=0 AND MODLAND_QA(bits0-1)=0 AND VI range -2000..10000,MOD13Q1 V061 Terra 250m 16-day
SO1603,Caluula,SO16,Bari,2023-06-10,0.1996247002398081,0.1887,0.1368834968388925,0.1297,0.8578642229287451,4587,0.035720965027118,0.0087899756873012,pixel_reliability=0 AND MODLAND_QA(bits0-1)=0 AND VI range -2000..10000,MOD13Q1 V061 Terra 250m 16-day
SO1603,Caluula,SO16,Bari,2023-06-26,0.1852924140147862,0.1785,0.1298553198328511,0.1245,0.5818215821956237,3111,0.1292313446792594,0.0065457265756498,pixel_reliability=0 AND MODLAND_QA(bits0-1)=0 AND VI range -2000..10000,MOD13Q1 V061 Terra 250m 16-day
SO1603,Caluula,SO16,Bari,2023-07-12,0.1851612347294939,0.1787,0.1266788830715532,0.12215,0.8573031606508322,4584,0.0329156536375537,0.0099121002431269,pixel_reliability=0 AND MODLAND_QA(bits0-1)=0 AND VI range -2000..10000,MOD13Q1 V061 Terra 250m 16-day
SO1603,Caluula,SO16,Bari,2023-07-28,0.1639671090294041,0.1601,0.1225186312776476,0.1185,0.7187207780063587,3843,0.0901440059846643,0.0117823078361698,pixel_reliability=0 AND MODLAND_QA(bits0-1)=0 AND VI range -2000..10000,MOD13Q1 V061 Terra 250m 16-day
SO1603,Caluula,SO16,Bari,2023-08-13,0.1767147115590821,0.1723,0.1286324254771606,0.1254,0.8720778006358706,4663,0.0297363007293809,0.0061716850570413,pixel_reliability=0 AND MODLAND_QA(bits0-1)=0 AND VI range -2000..10000,MOD13Q1 V061 Terra 250m 16-day
SO1603,Caluula,SO16,Bari,2023-08-29,0.1770021897810219,0.17215,0.1253467582653499,0.1224,0.8711426968393492,4658,0.0239386571909481,0.0048625397419113,pixel_reliability=0 AND MODLAND_QA(bits0-1)=0 AND VI range -2000..10000,MOD13Q1 V061 Terra 250m 16-day
SO1603,Caluula,SO16,Bari,2023-09-14,0.179593329043329,0.1731,0.1278401973401973,0.1236,0.8718907798765663,4662,0.0261829063025995,0.0052365812605199,pixel_reliability=0 AND MODLAND_QA(bits0-1)=0 AND VI range -2000..10000,MOD13Q1 V061 Terra 250m 16-day
SO1603,Caluula,SO16,Bari,2023-09-30,0.1881675010697475,0.1804,0.1316586007702182,0.1277,0.8741350289882177,4674,0.0185150551711239,0.0044884982233027,pixel_reliability=0 AND MODLAND_QA(bits0-1)=0 AND VI range -2000..10000,MOD13Q1 V061 Terra 250m 16-day
SO1603,Caluula,SO16,Bari,2023-10-16,0.2046455544200306,0.19535,0.1340364588656106,0.1297,0.7319992519169628,3914,0.0875257153544043,0.0052365812605199,pixel_reliability=0 AND MODLAND_QA(bits0-1)=0 AND VI range -2000..10000,MOD13Q1 V061 Terra 250m 16-day
SO1603,Caluula,SO16,Bari,2023-11-01,0.237226339869281,0.23605,0.1611867320261437,0.1586,0.2861417617355526,1530,0.3989152795960352,0.0274920516177295,pixel_reliability=0 AND MODLAND_QA(bits0-1)=0 AND VI range -2000..10000,MOD13Q1 V061 Terra 250m 16-day
SO1603,Caluula,SO16,Bari,2023-11-17,0.2450017322834645,0.2435,0.1734830708661417,0.17265,0.2375163643164391,1270,0.5143070880867776,0.0194501589676454,pixel_reliability=0 AND MODLAND_QA(bits0-1)=0 AND VI range -2000..10000,MOD13Q1 V061 Terra 250m 16-day
SO1603,Caluula,SO16,Bari,2023-12-03,0.2559064633260712,0.2473,0.1804618736383442,0.1682,0.2575275855619974,1377,0.3906863661866467,0.0596596222180662,pixel_reliability=0 AND MODLAND_QA(bits0-1)=0 AND VI range -2000..10000,MOD13Q1 V061 Terra 250m 16-day
SO1603,Caluula,SO16,Bari,2023-12-19,0.2832070894622619,0.2675,0.1813588859416445,0.1783,0.7755750888348607,4147,0.0871516738357957,0.0155227230222554,pixel_reliability=0 AND MODLAND_QA(bits0-1)=0 AND VI range -2000..10000,MOD13Q1 V061 Terra 250m 16-day
SO1604,Iskushuban,SO16,Bari,2023-01-01,0.1643831527217742,0.161,0.1267482106854839,0.1255,0.367696798406153,7936,0.3600518926933234,0.0086178937126442,pixel_reliability=0 AND MODLAND_QA(bits0-1)=0 AND VI range -2000..10000,MOD13Q1 V061 Terra 250m 16-day
SO1604,Iskushuban,SO16,Bari,2023-01-17,0.1730969793621013,0.171,0.134694287054409,0.1326,0.4939072418106843,10660,0.2354630959551499,0.0122318491405272,pixel_reliability=0 AND MODLAND_QA(bits0-1)=0 AND VI range -2000..10000,MOD13Q1 V061 Terra 250m 16-day
SO1604,Iskushuban,SO16,Bari,2023-02-02,0.1828226492183799,0.1789,0.1390460978209379,0.1374,0.7824676828985776,16888,0.0666265116063568,0.0068109159987026,pixel_reliability=0 AND MODLAND_QA(bits0-1)=0 AND VI range -2000..10000,MOD13Q1 V061 Terra 250m 16-day
SO1604,Iskushuban,SO16,Bari,2023-03-06,0.1718910962108217,0.1692,0.1360098004054264,0.1359,0.5942640040772831,12826,0.1954315896770606,0.0060695918083676,pixel_reliability=0 AND MODLAND_QA(bits0-1)=0 AND VI range -2000..10000,MOD13Q1 V061 Terra 250m 16-day
SO1604,Iskushuban,SO16,Bari,2023-03-22,0.1609370537192819,0.1581,0.1206431873882228,0.1189,0.6994857063429551,15097,0.0783023676041328,0.0051429365704489,pixel_reliability=0 AND MODLAND_QA(bits0-1)=0 AND VI range -2000..10000,MOD13Q1 V061 Terra 250m 16-day
SO1604,Iskushuban,SO16,Bari,2023-04-07,0.1645689357622243,0.1605,0.1287191001232707,0.12665,0.6765509892044664,14602,0.0491590603715887,0.0031042950470277,pixel_reliability=0 AND MODLAND_QA(bits0-1)=0 AND VI range -2000..10000,MOD13Q1 V061 Terra 250m 16-day
SO1604,Iskushuban,SO16,Bari,2023-04-23,0.157881459586712,0.1532,0.1196566309181271,0.1178,0.8856507436408284,19115,0.0140851596163647,0.0034286243802993,pixel_reliability=0 AND MODLAND_QA(bits0-1)=0 AND VI range -2000..10000,MOD13Q1 V061 Terra 250m 16-day
SO1604,Iskushuban,SO16,Bari,2023-05-09,0.1597148374301967,0.1533,0.1188557643129273,0.1167,0.8877820506880415,19161,0.0166797942825371,0.0037992864754668,pixel_reliability=0 AND MODLAND_QA(bits0-1)=0 AND VI range -2000..10000,MOD13Q1 V061 Terra 250m 16-day
SO1604,Iskushuban,SO16,Bari,2023-05-25,0.1632666001695676,0.1576,0.1232081641813375,0.1202,0.9290182087754252,20051,0.0125098457119028,0.0034749571421952,pixel_reliability=0 AND MODLAND_QA(bits0-1)=0 AND VI range -2000..10000,MOD13Q1 V061 Terra 250m 16-day
SO1604,Iskushuban,SO16,Bari,2023-06-10,0.1585860577635152,0.1535,0.1197194865465317,0.117,0.938470092202196,20255,0.0162627994254737,0.0055135986656164,pixel_reliability=0 AND MODLAND_QA(bits0-1)=0 AND VI range -2000..10000,MOD13Q1 V061 Terra 250m 16-day
SO1604,Iskushuban,SO16,Bari,2023-06-26,0.151279752548853,0.14875,0.115118208368734,0.1134,0.8725385720242783,18832,0.0282166519946253,0.0068572487605986,pixel_reliability=0 AND MODLAND_QA(bits0-1)=0 AND VI range -2000..10000,MOD13Q1 V061 Terra 250m 16-day
SO1604,Iskushuban,SO16,Bari,2023-07-12,0.1465771260102679,0.1429,0.1109967061454785,0.1099,0.911504424778761,19673,0.0137608302830931,0.0080619005698929,pixel_reliability=0 AND MODLAND_QA(bits0-1)=0 AND VI range -2000..10000,MOD13Q1 V061 Terra 250m 16-day
SO1604,Iskushuban,SO16,Bari,2023-07-28,0.1403705751877804,0.139,0.1063128043554973,0.1062,0.9191029977296946,19837,0.0212204049483389,0.0071815780938701,pixel_reliability=0 AND MODLAND_QA(bits0-1)=0 AND VI range -2000..10000,MOD13Q1 V061 Terra 250m 16-day
SO1604,Iskushuban,SO16,Bari,2023-08-13,0.1420131346361583,0.1395,0.1108727045075125,0.1099,0.9436130287726452,20366,0.0119538525691516,0.0030579622851318,pixel_reliability=0 AND MODLAND_QA(bits0-1)=0 AND VI range -2000..10000,MOD13Q1 V061 Terra 250m 16-day
SO1604,Iskushuban,SO16,Bari,2023-08-29,0.1451465487253391,0.1422,0.1107017442727227,0.1095,0.9323541676319326,20123,0.0115831904739841,0.0033822916184033,pixel_reliability=0 AND MODLAND_QA(bits0-1)=0 AND VI range -2000..10000,MOD13Q1 V061 Terra 250m 16-day
SO1604,Iskushuban,SO16,Bari,2023-09-14,0.1492356331531174,0.1448,0.1120549129507464,0.1102,0.934114812583978,20161,0.0086642264745401,0.0033822916184033,pixel_reliability=0 AND MODLAND_QA(bits0-1)=0 AND VI range -2000..10000,MOD13Q1 V061 Terra 250m 16-day
SO1604,Iskushuban,SO16,Bari,2023-09-30,0.1523700459448661,0.1474,0.1164982171394327,0.1141,0.9277672242042349,20024,0.0085715609507482,0.0018996432377334,pixel_reliability=0 AND MODLAND_QA(bits0-1)=0 AND VI range -2000..10000,MOD13Q1 V061 Terra 250m 16-day
SO1604,Iskushuban,SO16,Bari,2023-10-16,0.1579485321221695,0.1536,0.123146583728278,0.1206,0.7038873187230691,15192,0.1391372839734976,0.0054209331418245,pixel_reliability=0 AND MODLAND_QA(bits0-1)=0 AND VI range -2000..10000,MOD13Q1 V061 Terra 250m 16-day
SO1604,Iskushuban,SO16,Bari,2023-11-01,0.1828518398618754,0.1744,0.135822941620805,0.1309,0.4293657044896446,9267,0.3513413334568873,0.0274753278042904,pixel_reliability=0 AND MODLAND_QA(bits0-1)=0 AND VI range -2000..10000,MOD13Q1 V061 Terra 250m 16-day
SO1604,Iskushuban,SO16,Bari,2023-11-17,0.1982172144976438,0.1976,0.1508927569957531,0.1509,0.7964138442292545,17189,0.0349812352314321,0.0044942779039058,pixel_reliability=0 AND MODLAND_QA(bits0-1)=0 AND VI range -2000..10000,MOD13Q1 V061 Terra 250m 16-day
SO1604,Iskushuban,SO16,Bari,2023-12-03,0.20532872249787,0.2028,0.1550506239663208,0.1534,0.9244775981096232,19953,0.0121391836167353,0.0048649399990733,pixel_reliability=0 AND MODLAND_QA(bits0-1)=0 AND VI range -2000..10000,MOD13Q1 V061 Terra 250m 16-day
SO1604,Iskushuban,SO16,Bari,2023-12-19,0.1990902561054144,0.1963,0.1481257789666617,0.1474,0.9353194643932724,20187,0.0154288097113468,0.0069035815224945,pixel_reliability=0 AND MODLAND_QA(bits0-1)=0 AND VI range -2000..10000,MOD13Q1 V061 Terra 250m 16-day
SO1605,Qandala,SO16,Bari,2023-01-01,0.2002318606993812,0.1981,0.1351299611454885,0.1327,0.7764245810055866,6949,0.0107262569832402,0.0003351955307262,pixel_reliability=0 AND MODLAND_QA(bits0-1)=0 AND VI range -2000..10000,MOD13Q1 V061 Terra 250m 16-day
SO1605,Qandala,SO16,Bari,2023-01-17,0.2200436069986541,0.2209,0.1437046739263428,0.1442,0.9131843575418994,8173,0.016536312849162,0.0002234636871508,pixel_reliability=0 AND MODLAND_QA(bits0-1)=0 AND VI range -2000..10000,MOD13Q1 V061 Terra 250m 16-day
SO1605,Qandala,SO16,Bari,2023-02-02,0.221831387290027,0.2225,0.1502793609773287,0.1519,0.951173184357542,8513,0.0020111731843575,0.0001117318435754,pixel_reliability=0 AND MODLAND_QA(bits0-1)=0 AND VI range -2000..10000,MOD13Q1 V061 Terra 250m 16-day
SO1605,Qandala,SO16,Bari,2023-03-06,0.2110311108507147,0.2087,0.1453232716194047,0.1453,0.9535195530726256,8534,0.0034636871508379,0.0,pixel_reliability=0 AND MODLAND_QA(bits0-1)=0 AND VI range -2000..10000,MOD13Q1 V061 Terra 250m 16-day
SO1605,Qandala,SO16,Bari,2023-03-22,0.2087476646103487,0.2089,0.1422574593982122,0.1414,0.887486033519553,7943,0.0069273743016759,0.0001117318435754,pixel_reliability=0 AND MODLAND_QA(bits0-1)=0 AND VI range -2000..10000,MOD13Q1 V061 Terra 250m 16-day
SO1605,Qandala,SO16,Bari,2023-04-07,0.2140327217547248,0.213,0.1514453579804111,0.1518,0.8099441340782123,7249,0.0064804469273743,0.0,pixel_reliability=0 AND MODLAND_QA(bits0-1)=0 AND VI range -2000..10000,MOD13Q1 V061 Terra 250m 16-day
SO1605,Qandala,SO16,Bari,2023-04-23,0.2048764042275264,0.2018,0.1462666191663698,0.1433,0.9408938547486032,8421,0.0022346368715083,0.0001117318435754,pixel_reliability=0 AND MODLAND_QA(bits0-1)=0 AND VI range -2000..10000,MOD13Q1 V061 Terra 250m 16-day
SO1605,Qandala,SO16,Bari,2023-05-09,0.215781230964467,0.2092,0.143466002538071,0.1415,0.8804469273743016,7880,0.0053631284916201,0.0,pixel_reliability=0 AND MODLAND_QA(bits0-1)=0 AND VI range -2000..10000,MOD13Q1 V061 Terra 250m 16-day
SO1605,Qandala,SO16,Bari,2023-05-25,0.2173887465907743,0.2181,0.1560903830190916,0.1559,0.9422346368715084,8433,0.0052513966480446,0.000558659217877,pixel_reliability=0 AND MODLAND_QA(bits0-1)=0 AND VI range -2000..10000,MOD13Q1 V061 Terra 250m 16-day
SO1605,Qandala,SO16,Bari,2023-06-10,0.2110717316581723,0.2099,0.1453073011734028,0.1465,0.94268156424581,8437,0.0099441340782122,0.0020111731843575,pixel_reliability=0 AND MODLAND_QA(bits0-1)=0 AND VI range -2000..10000,MOD13Q1 V061 Terra 250m 16-day
SO1605,Qandala,SO16,Bari,2023-06-26,0.1989876414726161,0.1933,0.1383791596201379,0.1373,0.8588826815642459,7687,0.0444692737430167,0.0030167597765363,pixel_reliability=0 AND MODLAND_QA(bits0-1)=0 AND VI range -2000..10000,MOD13Q1 V061 Terra 250m 16-day
SO1605,Qandala,SO16,Bari,2023-07-12,0.1887188847583643,0.18445,0.1297660470879801,0.1285,0.9016759776536312,8070,0.0163128491620111,0.0020111731843575,pixel_reliability=0 AND MODLAND_QA(bits0-1)=0 AND VI range -2000..10000,MOD13Q1 V061 Terra 250m 16-day
SO1605,Qandala,SO16,Bari,2023-07-28,0.1830648375193429,0.1794,0.1247938340673729,0.1228,0.9386592178770948,8401,0.0126256983240223,0.0022346368715083,pixel_reliability=0 AND MODLAND_QA(bits0-1)=0 AND VI range -2000..10000,MOD13Q1 V061 Terra 250m 16-day
SO1605,Qandala,SO16,Bari,2023-08-13,0.1779236836000927,0.1738,0.1255758176757133,0.1241,0.9633519553072626,8622,0.0051396648044692,0.0001117318435754,pixel_reliability=0 AND MODLAND_QA(bits0-1)=0 AND VI range -2000..10000,MOD13Q1 V061 Terra 250m 16-day
SO1605,Qandala,SO16,Bari,2023-08-29,0.1821859362224039,0.1787,0.1294580072421446,0.128,0.956536312849162,8561,0.0099441340782122,0.0003351955307262,pixel_reliability=0 AND MODLAND_QA(bits0-1)=0 AND VI range -2000..10000,MOD13Q1 V061 Terra 250m 16-day
SO1605,Qandala,SO16,Bari,2023-09-14,0.1890302144927536,0.1876,0.1332298086956521,0.132,0.9636871508379888,8625,0.006145251396648,0.0002234636871508,pixel_reliability=0 AND MODLAND_QA(bits0-1)=0 AND VI range -2000..10000,MOD13Q1 V061 Terra 250m 16-day
SO1605,Qandala,SO16,Bari,2023-09-30,0.1981457593688362,0.1957,0.1372833391344703,0.1371,0.9630167597765364,8619,0.0031284916201117,0.0,pixel_reliability=0 AND MODLAND_QA(bits0-1)=0 AND VI range -2000..10000,MOD13Q1 V061 Terra 250m 16-day
SO1605,Qandala,SO16,Bari,2023-10-16,0.2127694728033473,0.21,0.1457889037656903,0.1455,0.6675977653631285,5975,0.2179888268156424,0.0001117318435754,pixel_reliability=0 AND MODLAND_QA(bits0-1)=0 AND VI range -2000..10000,MOD13Q1 V061 Terra 250m 16-day
SO1605,Qandala,SO16,Bari,2023-11-01,0.2418360698689956,0.2451,0.1650362320648783,0.167,0.8955307262569833,8015,0.0136312849162011,0.0002234636871508,pixel_reliability=0 AND MODLAND_QA(bits0-1)=0 AND VI range -2000..10000,MOD13Q1 V061 Terra 250m 16-day
SO1605,Qandala,SO16,Bari,2023-11-17,0.2533657270582392,0.2588,0.170143387557432,0.171,0.8997765363128492,8053,0.0075977653631284,0.0,pixel_reliability=0 AND MODLAND_QA(bits0-1)=0 AND VI range -2000..10000,MOD13Q1 V061 Terra 250m 16-day
SO1605,Qandala,SO16,Bari,2023-12-03,0.2601302743016053,0.2612,0.1782838579193528,0.1794,0.8839106145251396,7911,0.0260335195530726,0.0027932960893854,pixel_reliability=0 AND MODLAND_QA(bits0-1)=0 AND VI range -2000..10000,MOD13Q1 V061 Terra 250m 16-day
SO1605,Qandala,SO16,Bari,2023-12-19,0.2508971727748691,0.2479,0.165474554973822,0.1656,0.9603351955307262,8595,0.0016759776536312,0.0001117318435754,pixel_reliability=0 AND MODLAND_QA(bits0-1)=0 AND VI range -2000..10000,MOD13Q1 V061 Terra 250m 16-day
SO1606,Qardho,SO16,Bari,2023-01-01,0.1413848516031196,0.1396,0.100842829289428,0.0992,0.8458860179585853,18464,0.0383910573575224,0.0,pixel_reliability=0 AND MODLAND_QA(bits0-1)=0 AND VI range -2000..10000,MOD13Q1 V061 Terra 250m 16-day
SO1606,Qardho,SO16,Bari,2023-01-17,0.1451283876457926,0.1414,0.104353116083496,0.1015,0.9152006597031336,19977,0.0071925966648341,0.0,pixel_reliability=0 AND MODLAND_QA(bits0-1)=0 AND VI range -2000..10000,MOD13Q1 V061 Terra 250m 16-day
SO1606,Qardho,SO16,Bari,2023-02-02,0.1450663957530771,0.1418,0.1051470450061072,0.102,0.9751695070551584,21286,0.0,0.0,pixel_reliability=0 AND MODLAND_QA(bits0-1)=0 AND VI range -2000..10000,MOD13Q1 V061 Terra 250m 16-day
SO1606,Qardho,SO16,Bari,2023-03-06,0.1387162118957058,0.1365,0.1034934623229149,0.1011,0.8310885101704233,18141,0.015026571376214,0.0,pixel_reliability=0 AND MODLAND_QA(bits0-1)=0 AND VI range -2000..10000,MOD13Q1 V061 Terra 250m 16-day
SO1606,Qardho,SO16,Bari,2023-03-22,0.1447433355041788,0.1423,0.1034773255182893,0.102,0.8441451346893898,18426,0.0060014660069635,0.0,pixel_reliability=0 AND MODLAND_QA(bits0-1)=0 AND VI range -2000..10000,MOD13Q1 V061 Terra 250m 16-day
SO1606,Qardho,SO16,Bari,2023-04-07,0.1529459738819139,0.1504,0.1148087530882872,0.1133,0.9086036283672349,19833,0.0028862012094557,0.0,pixel_reliability=0 AND MODLAND_QA(bits0-1)=0 AND VI range -2000..10000,MOD13Q1 V061 Terra 250m 16-day
SO1606,Qardho,SO16,Bari,2023-04-23,0.1560343323856792,0.1514,0.1142765238760661,0.1117,0.9507513285688108,20753,0.0006871907641561,0.0,pixel_reliability=0 AND MODLAND_QA(bits0-1)=0 AND VI range -2000..10000,MOD13Q1 V061 Terra 250m 16-day
SO1606,Qardho,SO16,Bari,2023-05-09,0.1643632374928119,0.1582,0.1173731397354801,0.1137,0.7966831592450064,17390,0.0016492578339747,0.0,pixel_reliability=0 AND MODLAND_QA(bits0-1)=0 AND VI range -2000..10000,MOD13Q1 V061 Terra 250m 16-day
SO1606,Qardho,SO16,Bari,2023-05-25,0.1780372672107135,0.1714,0.1297055450931157,0.1246,0.8757559098405717,19116,0.0,0.0,pixel_reliability=0 AND MODLAND_QA(bits0-1)=0 AND VI range -2000..10000,MOD13Q1 V061 Terra 250m 16-day
SO1606,Qardho,SO16,Bari,2023-06-10,0.1751253629534037,0.1684,0.127902129326635,0.123,0.9939985339930364,21697,0.0,0.0,pixel_reliability=0 AND MODLAND_QA(bits0-1)=0 AND VI range -2000..10000,MOD13Q1 V061 Terra 250m 16-day
SO1606,Qardho,SO16,Bari,2023-06-26,0.1521666255434144,0.14855,0.1114623898484314,0.1097,0.779824079164376,17022,0.0433388308594465,0.0002748763056624,pixel_reliability=0 AND MODLAND_QA(bits0-1)=0 AND VI range -2000..10000,MOD13Q1 V061 Terra 250m 16-day
SO1606,Qardho,SO16,Bari,2023-07-12,0.1471783583267561,0.1444,0.1067327440147329,0.1047,0.8706706981858163,19005,0.0204782847718526,0.0,pixel_reliability=0 AND MODLAND_QA(bits0-1)=0 AND VI range -2000..10000,MOD13Q1 V061 Terra 250m 16-day
SO1606,Qardho,SO16,Bari,2023-07-28,0.1423764152735562,0.1394,0.1036730955547112,0.1019,0.9646325820047644,21056,0.0001832508704416,0.0,pixel_reliability=0 AND MODLAND_QA(bits0-1)=0 AND VI range -2000..10000,MOD13Q1 V061 Terra 250m 16-day
SO1606,Qardho,SO16,Bari,2023-08-13,0.1406022432656063,0.1379,0.1043602188103337,0.1023,0.9966098588968296,21754,0.0,0.0,pixel_reliability=0 AND MODLAND_QA(bits0-1)=0 AND VI range -2000..10000,MOD13Q1 V061 Terra 250m 16-day
SO1606,Qardho,SO16,Bari,2023-08-29,0.1414786009933774,0.1386,0.1033237950699043,0.1015,0.9961517317207256,21744,0.0,0.0,pixel_reliability=0 AND MODLAND_QA(bits0-1)=0 AND VI range -2000..10000,MOD13Q1 V061 Terra 250m 16-day
SO1606,Qardho,SO16,Bari,2023-09-14,0.1404438663618123,0.1373,0.1019236106574588,0.0994,0.9818123511086676,21431,9.16254352208173e-05,0.0,pixel_reliability=0 AND MODLAND_QA(bits0-1)=0 AND VI range -2000..10000,MOD13Q1 V061 Terra 250m 16-day
SO1606,Qardho,SO16,Bari,2023-09-30,0.1472074084533559,0.1439,0.1063461592770403,0.1034,0.9733369983507422,21246,0.0018325087044163,0.0,pixel_reliability=0 AND MODLAND_QA(bits0-1)=0 AND VI range -2000..10000,MOD13Q1 V061 Terra 250m 16-day
SO1606,Qardho,SO16,Bari,2023-10-16,0.1501993945639572,0.1467,0.1110414723689295,0.108,0.7112882536192047,15526,0.1521440351841671,0.0,pixel_reliability=0 AND MODLAND_QA(bits0-1)=0 AND VI range -2000..10000,MOD13Q1 V061 Terra 250m 16-day
SO1606,Qardho,SO16,Bari,2023-11-01,0.1700148283939301,0.167,0.1260842397392809,0.1238,0.899670148433205,19638,0.0192413413963716,0.0,pixel_reliability=0 AND MODLAND_QA(bits0-1)=0 AND VI range -2000..10000,MOD13Q1 V061 Terra 250m 16-day
SO1606,Qardho,SO16,Bari,2023-11-17,0.1888785363481643,0.1836,0.1336439241429613,0.1307,0.942138537658054,20565,0.0029778266446765,0.0,pixel_reliability=0 AND MODLAND_QA(bits0-1)=0 AND VI range -2000..10000,MOD13Q1 V061 Terra 250m 16-day
SO1606,Qardho,SO16,Bari,2023-12-03,0.1870755048370433,0.1827,0.1314522682445759,0.1293,0.9755360087960416,21294,0.0,0.0,pixel_reliability=0 AND MODLAND_QA(bits0-1)=0 AND VI range -2000..10000,MOD13Q1 V061 Terra 250m 16-day
SO1606,Qardho,SO16,Bari,2023-12-19,0.1739441066766132,0.1705,0.1249430529653114,0.1232,0.9825911673080449,21448,4.581271761040865e-05,0.0,pixel_reliability=0 AND MODLAND_QA(bits0-1)=0 AND VI range -2000..10000,MOD13Q1 V061 Terra 250m 16-day
SO1701,Garoowe,SO17,Nugaal,2023-01-01,0.1340532896926661,0.1352,0.1015964384777543,0.1021,0.8916699643846459,9013,0.011970716264345,0.0,pixel_reliability=0 AND MODLAND_QA(bits0-1)=0 AND VI range -2000..10000,MOD13Q1 V061 Terra 250m 16-day
SO1701,Garoowe,SO17,Nugaal,2023-01-17,0.1326603985433947,0.1346,0.0991286465709083,0.1002,0.9780371982588048,9886,9.893153937475268e-05,0.0,pixel_reliability=0 AND MODLAND_QA(bits0-1)=0 AND VI range -2000..10000,MOD13Q1 V061 Terra 250m 16-day
SO1701,Garoowe,SO17,Nugaal,2023-02-02,0.1332996943765281,0.1357,0.1017266911165444,0.1025,0.9711119905025722,9816,9.893153937475268e-05,0.0,pixel_reliability=0 AND MODLAND_QA(bits0-1)=0 AND VI range -2000..10000,MOD13Q1 V061 Terra 250m 16-day
SO1701,Garoowe,SO17,Nugaal,2023-03-06,0.1327091132141605,0.135,0.1033641196401448,0.1039,0.8467550455085081,8559,0.0062326869806094,0.0,pixel_reliability=0 AND MODLAND_QA(bits0-1)=0 AND VI range -2000..10000,MOD13Q1 V061 Terra 250m 16-day
SO1701,Garoowe,SO17,Nugaal,2023-03-22,0.1486717877668308,0.145,0.1136929495073891,0.1117,0.96398891966759,9744,0.0013850415512465,0.0,pixel_reliability=0 AND MODLAND_QA(bits0-1)=0 AND VI range -2000..10000,MOD13Q1 V061 Terra 250m 16-day
SO1701,Garoowe,SO17,Nugaal,2023-04-07,0.1567499062890462,0.1531,0.1205145564348188,0.1185,0.9501385041551248,9604,0.003165809259992,0.0,pixel_reliability=0 AND MODLAND_QA(bits0-1)=0 AND VI range -2000..10000,MOD13Q1 V061 Terra 250m 16-day
SO1701,Garoowe,SO17,Nugaal,2023-04-23,0.1610523722234203,0.1549,0.1261640176838473,0.123,0.9174910961614564,9274,0.0156311832212109,9.893153937475268e-05,pixel_reliability=0 AND MODLAND_QA(bits0-1)=0 AND VI range -2000..10000,MOD13Q1 V061 Terra 250m 16-day
SO1701,Garoowe,SO17,Nugaal,2023-05-09,0.1730231443353394,0.1679,0.1297722838137472,0.127,0.9369806094182824,9471,0.0040561931143648,0.0001978630787495,pixel_reliability=0 AND MODLAND_QA(bits0-1)=0 AND VI range -2000..10000,MOD13Q1 V061 Terra 250m 16-day
SO1701,Garoowe,SO17,Nugaal,2023-05-25,0.179529269137513,0.1747,0.1336572797598429,0.1308,0.8568460625247328,8661,0.0010882469331222,0.0,pixel_reliability=0 AND MODLAND_QA(bits0-1)=0 AND VI range -2000..10000,MOD13Q1 V061 Terra 250m 16-day
SO1701,Garoowe,SO17,Nugaal,2023-06-10,0.1670231408480716,0.1611,0.1272273279352227,0.12385,0.9285714285714286,9386,0.0012861100118717,0.0,pixel_reliability=0 AND MODLAND_QA(bits0-1)=0 AND VI range -2000..10000,MOD13Q1 V061 Terra 250m 16-day
SO1701,Garoowe,SO17,Nugaal,2023-06-26,0.1452779332615716,0.1429,0.1107376883745963,0.1096,0.7352592006331619,7432,0.0682627621685793,0.0086070439256034,pixel_reliability=0 AND MODLAND_QA(bits0-1)=0 AND VI range -2000..10000,MOD13Q1 V061 Terra 250m 16-day
SO1701,Garoowe,SO17,Nugaal,2023-07-12,0.1426140609137056,0.14165,0.1067604695431472,0.1058,0.7795805302730511,7880,0.1282152750296794,0.0124653739612188,pixel_reliability=0 AND MODLAND_QA(bits0-1)=0 AND VI range -2000..10000,MOD13Q1 V061 Terra 250m 16-day
SO1701,Garoowe,SO17,Nugaal,2023-07-28,0.137339048773099,0.1374,0.1060843885691204,0.1056,0.9797190344281757,9903,0.0025722200237435,0.0,pixel_reliability=0 AND MODLAND_QA(bits0-1)=0 AND VI range -2000..10000,MOD13Q1 V061 Terra 250m 16-day
SO1701,Garoowe,SO17,Nugaal,2023-08-13,0.1375490970430641,0.1381,0.1046519051399087,0.1042,0.9970320538187574,10078,9.893153937475268e-05,0.0,pixel_reliability=0 AND MODLAND_QA(bits0-1)=0 AND VI range -2000..10000,MOD13Q1 V061 Terra 250m 16-day
SO1701,Garoowe,SO17,Nugaal,2023-08-29,0.1381899781485895,0.1389,0.1042050357568534,0.1039,0.99604273842501,10068,9.893153937475268e-05,0.0,pixel_reliability=0 AND MODLAND_QA(bits0-1)=0 AND VI range -2000..10000,MOD13Q1 V061 Terra 250m 16-day
SO1701,Garoowe,SO17,Nugaal,2023-09-14,0.1345417556479712,0.1363,0.1017439698774868,0.1023,0.8801939058171745,8897,0.0004946576968737,0.0,pixel_reliability=0 AND MODLAND_QA(bits0-1)=0 AND VI range -2000..10000,MOD13Q1 V061 Terra 250m 16-day
SO1701,Garoowe,SO17,Nugaal,2023-09-30,0.1487679010811482,0.1482,0.110308152106375,0.1069,0.7961020973486348,8047,0.0723189552829442,0.001187178472497,pixel_reliability=0 AND MODLAND_QA(bits0-1)=0 AND VI range -2000..10000,MOD13Q1 V061 Terra 250m 16-day
SO1701,Garoowe,SO17,Nugaal,2023-10-16,0.1614050484652665,0.1546,0.1235077342487883,0.1185,0.4899089829837752,4952,0.2606846062524733,0.001187178472497,pixel_reliability=0 AND MODLAND_QA(bits0-1)=0 AND VI range -2000..10000,MOD13Q1 V061 Terra 250m 16-day
SO1701,Garoowe,SO17,Nugaal,2023-11-01,0.1867649777685865,0.1783,0.1455068658877055,0.1398,0.956766917293233,9671,0.0134546893549663,0.0,pixel_reliability=0 AND MODLAND_QA(bits0-1)=0 AND VI range -2000..10000,MOD13Q1 V061 Terra 250m 16-day
SO1701,Garoowe,SO17,Nugaal,2023-11-17,0.1911832814345538,0.1838,0.1394185117577579,0.1358,0.9213494261970716,9313,0.000395726157499,0.0,pixel_reliability=0 AND MODLAND_QA(bits0-1)=0 AND VI range -2000..10000,MOD13Q1 V061 Terra 250m 16-day
SO1701,Garoowe,SO17,Nugaal,2023-12-03,0.1733599253580795,0.169,0.1263633044179947,0.12345,0.980807281361298,9914,9.893153937475268e-05,0.0,pixel_reliability=0 AND MODLAND_QA(bits0-1)=0 AND VI range -2000..10000,MOD13Q1 V061 Terra 250m 16-day
SO1701,Garoowe,SO17,Nugaal,2023-12-19,0.1596094587860061,0.1574,0.1178527359712947,0.1159,0.9925801345468936,10033,0.0005935892362485,0.0,pixel_reliability=0 AND MODLAND_QA(bits0-1)=0 AND VI range -2000..10000,MOD13Q1 V061 Terra 250m 16-day
SO1702,Burtinle,SO17,Nugaal,2023-01-01,0.1811396715957543,0.1815,0.1149709425746167,0.1149,0.9716174526223006,11023,0.0027324812692816,0.0,pixel_reliability=0 AND MODLAND_QA(bits0-1)=0 AND VI range -2000..10000,MOD13Q1 V061 Terra 250m 16-day
SO1702,Burtinle,SO17,Nugaal,2023-01-17,0.1730617752970832,0.174,0.1099903943104069,0.1101,0.9791097399735568,11108,8.814455707360071e-05,0.0,pixel_reliability=0 AND MODLAND_QA(bits0-1)=0 AND VI range -2000..10000,MOD13Q1 V061 Terra 250m 16-day
SO1702,Burtinle,SO17,Nugaal,2023-02-02,0.1707400617828773,0.1724,0.1102304942630185,0.111,0.998677831643896,11330,0.0,0.0,pixel_reliability=0 AND MODLAND_QA(bits0-1)=0 AND VI range -2000..10000,MOD13Q1 V061 Terra 250m 16-day
SO1702,Burtinle,SO17,Nugaal,2023-03-06,0.1696740507257,0.1731,0.1126180325465474,0.1144,0.6012340237990305,6821,0.0404583516967827,0.0,pixel_reliability=0 AND MODLAND_QA(bits0-1)=0 AND VI range -2000..10000,MOD13Q1 V061 Terra 250m 16-day
SO1702,Burtinle,SO17,Nugaal,2023-03-22,0.2074056353291791,0.208,0.1383681025918902,0.139,0.9760246804759806,11073,0.0006170118995152,0.0,pixel_reliability=0 AND MODLAND_QA(bits0-1)=0 AND VI range -2000..10000,MOD13Q1 V061 Terra 250m 16-day
SO1702,Burtinle,SO17,Nugaal,2023-04-07,0.2282584384315524,0.2282,0.1493308644806237,0.1496,0.7687968267959453,8722,0.0325253415601586,0.0,pixel_reliability=0 AND MODLAND_QA(bits0-1)=0 AND VI range -2000..10000,MOD13Q1 V061 Terra 250m 16-day
SO1702,Burtinle,SO17,Nugaal,2023-04-23,0.2192944673068129,0.2168,0.1535773205304069,0.1512,0.1927721463199647,2187,0.4230938739532834,0.0848832084618774,pixel_reliability=0 AND MODLAND_QA(bits0-1)=0 AND VI range -2000..10000,MOD13Q1 V061 Terra 250m 16-day
SO1702,Burtinle,SO17,Nugaal,2023-05-09,0.2534546076071257,0.2489,0.1658829850746269,0.1621,0.9153812252093432,10385,0.0043190832966064,0.0,pixel_reliability=0 AND MODLAND_QA(bits0-1)=0 AND VI range -2000..10000,MOD13Q1 V061 Terra 250m 16-day
SO1702,Burtinle,SO17,Nugaal,2023-05-25,0.2509143517626661,0.248,0.160648757464843,0.1586,0.9151167915381224,10382,0.0069634200088144,0.0,pixel_reliability=0 AND MODLAND_QA(bits0-1)=0 AND VI range -2000..10000,MOD13Q1 V061 Terra 250m 16-day
SO1702,Burtinle,SO17,Nugaal,2023-06-10,0.2222948356807512,0.2191,0.147061514084507,0.1444,0.750991626267078,8520,0.0723666813574261,0.0,pixel_reliability=0 AND MODLAND_QA(bits0-1)=0 AND VI range -2000..10000,MOD13Q1 V061 Terra 250m 16-day
SO1702,Burtinle,SO17,Nugaal,2023-06-26,0.1899249409681228,0.1904,0.1253476977567886,0.1248,0.2986337593653592,3388,0.3878360511238431,0.00220361392684,pixel_reliability=0 AND MODLAND_QA(bits0-1)=0 AND VI range -2000..10000,MOD13Q1 V061 Terra 250m 16-day
SO1702,Burtinle,SO17,Nugaal,2023-07-12,0.1763695756846223,0.1773,0.1199015046644598,0.1198,0.2929043631555751,3323,0.484530630233583,0.0001762891141472,pixel_reliability=0 AND MODLAND_QA(bits0-1)=0 AND VI range -2000..10000,MOD13Q1 V061 Terra 250m 16-day
SO1702,Burtinle,SO17,Nugaal,2023-07-28,0.1755727313566936,0.1756,0.1171036388140161,0.1169,0.7848391361833407,8904,0.0261789334508594,0.0,pixel_reliability=0 AND MODLAND_QA(bits0-1)=0 AND VI range -2000..10000,MOD13Q1 V061 Terra 250m 16-day
SO1702,Burtinle,SO17,Nugaal,2023-08-13,0.175110263600673,0.1748,0.1113958309964479,0.111,0.9429704715733804,10698,0.0,0.0,pixel_reliability=0 AND MODLAND_QA(bits0-1)=0 AND VI range -2000..10000,MOD13Q1 V061 Terra 250m 16-day
SO1702,Burtinle,SO17,Nugaal,2023-08-29,0.1713980482101097,0.1717,0.1143038136355459,0.1152,0.9799911855442928,11118,0.0016747465843984,0.0,pixel_reliability=0 AND MODLAND_QA(bits0-1)=0 AND VI range -2000..10000,MOD13Q1 V061 Terra 250m 16-day
SO1702,Burtinle,SO17,Nugaal,2023-09-14,0.1716678663504176,0.1712,0.110565845106734,0.1101,0.854737769942706,9697,0.001322168356104,0.0,pixel_reliability=0 AND MODLAND_QA(bits0-1)=0 AND VI range -2000..10000,MOD13Q1 V061 Terra 250m 16-day
SO1702,Burtinle,SO17,Nugaal,2023-09-30,0.1788823102678571,0.1778,0.112713671875,0.1109,0.4738651388276774,5376,0.2169237549581313,0.0441604230938739,pixel_reliability=0 AND MODLAND_QA(bits0-1)=0 AND VI range -2000..10000,MOD13Q1 V061 Terra 250m 16-day
SO1702,Burtinle,SO17,Nugaal,2023-10-16,0.2561537909018356,0.2565,0.1668110933758978,0.1681,0.1104451300132216,1253,0.6777434993389159,0.0353459673865138,pixel_reliability=0 AND MODLAND_QA(bits0-1)=0 AND VI range -2000..10000,MOD13Q1 V061 Terra 250m 16-day
SO1702,Burtinle,SO17,Nugaal,2023-11-01,0.2907762480699948,0.2922,0.2011422027792074,0.202,0.6850594975760247,7772,0.10330542089026,0.0107536359629792,pixel_reliability=0 AND MODLAND_QA(bits0-1)=0 AND VI range -2000..10000,MOD13Q1 V061 Terra 250m 16-day
SO1702,Burtinle,SO17,Nugaal,2023-11-17,0.2960044608595549,0.2965,0.1870022160399078,0.1854,0.9188188629352138,10424,0.0073159982371088,0.0,pixel_reliability=0 AND MODLAND_QA(bits0-1)=0 AND VI range -2000..10000,MOD13Q1 V061 Terra 250m 16-day
SO1702,Burtinle,SO17,Nugaal,2023-12-03,0.2565291135881104,0.253,0.1594518046709129,0.1564,0.9963860731599824,11304,0.0,0.0,pixel_reliability=0 AND MODLAND_QA(bits0-1)=0 AND VI range -2000..10000,MOD13Q1 V061 Terra 250m 16-day
SO1702,Burtinle,SO17,Nugaal,2023-12-19,0.2267069024171889,0.2259,0.1433259982094896,0.1426,0.98457470251212,11170,0.000440722785368,0.0,pixel_reliability=0 AND MODLAND_QA(bits0-1)=0 AND VI range -2000..10000,MOD13Q1 V061 Terra 250m 16-day
SO1703,Eyl,SO17,Nugaal,2023-01-01,0.1693993471284718,0.1687,0.119643487883147,0.1194,0.8139974779319041,9037,0.0411637542785083,0.0058548009367681,pixel_reliability=0 AND MODLAND_QA(bits0-1)=0 AND VI range -2000..10000,MOD13Q1 V061 Terra 250m 16-day
SO1703,Eyl,SO17,Nugaal,2023-01-17,0.1614458166817068,0.1625,0.1157557431996906,0.1151,0.6987029364078544,7757,0.1414159610880922,0.008016573590344,pixel_reliability=0 AND MODLAND_QA(bits0-1)=0 AND VI range -2000..10000,MOD13Q1 V061 Terra 250m 16-day
SO1703,Eyl,SO17,Nugaal,2023-02-02,0.1595326139364022,0.1613,0.116892159338767,0.1179,0.7846333993874978,8711,0.020086470906143,0.0046838407494145,pixel_reliability=0 AND MODLAND_QA(bits0-1)=0 AND VI range -2000..10000,MOD13Q1 V061 Terra 250m 16-day
SO1703,Eyl,SO17,Nugaal,2023-03-06,0.1458137444690265,0.1454,0.110384375,0.1105,0.3257070798054404,3616,0.4087551792469825,0.0154927040172941,pixel_reliability=0 AND MODLAND_QA(bits0-1)=0 AND VI range -2000..10000,MOD13Q1 V061 Terra 250m 16-day
SO1703,Eyl,SO17,Nugaal,2023-03-22,0.1625972308009059,0.1607,0.115728494955734,0.1144,0.8749774815348585,9714,0.0226986128625472,0.0018014772113132,pixel_reliability=0 AND MODLAND_QA(bits0-1)=0 AND VI range -2000..10000,MOD13Q1 V061 Terra 250m 16-day
SO1703,Eyl,SO17,Nugaal,2023-04-07,0.1706141562064156,0.1657,0.1205510925151092,0.1197,0.3874977481534858,4302,0.2187894073139974,0.0039632498648892,pixel_reliability=0 AND MODLAND_QA(bits0-1)=0 AND VI range -2000..10000,MOD13Q1 V061 Terra 250m 16-day
SO1703,Eyl,SO17,Nugaal,2023-04-23,0.1610321893925491,0.158,0.1210423563956689,0.1192,0.4908124662223023,5449,0.1992433795712484,0.0314357773374166,pixel_reliability=0 AND MODLAND_QA(bits0-1)=0 AND VI range -2000..10000,MOD13Q1 V061 Terra 250m 16-day
SO1703,Eyl,SO17,Nugaal,2023-05-09,0.185082275664795,0.1838,0.1329506515520712,0.1346,0.850207169879301,9439,0.009367681498829,0.0022518465141415,pixel_reliability=0 AND MODLAND_QA(bits0-1)=0 AND VI range -2000..10000,MOD13Q1 V061 Terra 250m 16-day
SO1703,Eyl,SO17,Nugaal,2023-05-25,0.1990568524590164,0.2,0.1442376786885246,0.1465,0.6868131868131868,7625,0.0106287155467483,0.0078364258692127,pixel_reliability=0 AND MODLAND_QA(bits0-1)=0 AND VI range -2000..10000,MOD13Q1 V061 Terra 250m 16-day
SO1703,Eyl,SO17,Nugaal,2023-06-10,0.1863738831272437,0.1856,0.1350196649381731,0.1361,0.903260673752477,10028,0.0081066474509097,0.0035128805620608,pixel_reliability=0 AND MODLAND_QA(bits0-1)=0 AND VI range -2000..10000,MOD13Q1 V061 Terra 250m 16-day
SO1703,Eyl,SO17,Nugaal,2023-06-26,0.1660760292672272,0.1661,0.1193194496013978,0.1204,0.8248063411997838,9157,0.028913709241578,0.01017834624392,pixel_reliability=0 AND MODLAND_QA(bits0-1)=0 AND VI range -2000..10000,MOD13Q1 V061 Terra 250m 16-day
SO1703,Eyl,SO17,Nugaal,2023-07-12,0.1594492836676217,0.1597,0.1161501322459775,0.1171,0.8173302107728337,9074,0.0217978742568906,0.0070257611241217,pixel_reliability=0 AND MODLAND_QA(bits0-1)=0 AND VI range -2000..10000,MOD13Q1 V061 Terra 250m 16-day
SO1703,Eyl,SO17,Nugaal,2023-07-28,0.1548458807508997,0.1555,0.1125403559964983,0.1143,0.92604936047559,10281,0.0155827778778598,0.0064853179607277,pixel_reliability=0 AND MODLAND_QA(bits0-1)=0 AND VI range -2000..10000,MOD13Q1 V061 Terra 250m 16-day
SO1703,Eyl,SO17,Nugaal,2023-08-13,0.1521464460431654,0.1535,0.1117698417266187,0.1135,0.9390199963970456,10425,0.0145919654116375,0.0036930282831922,pixel_reliability=0 AND MODLAND_QA(bits0-1)=0 AND VI range -2000..10000,MOD13Q1 V061 Terra 250m 16-day
SO1703,Eyl,SO17,Nugaal,2023-08-29,0.152637982832618,0.1545,0.1131939036285602,0.1147,0.9234372185191856,10252,0.0120698973157989,0.0043235453071518,pixel_reliability=0 AND MODLAND_QA(bits0-1)=0 AND VI range -2000..10000,MOD13Q1 V061 Terra 250m 16-day
SO1703,Eyl,SO17,Nugaal,2023-09-14,0.1480056277896371,0.149,0.107942538327188,0.1097,0.9283012069897316,10306,0.0185552152765267,0.0048639884705458,pixel_reliability=0 AND MODLAND_QA(bits0-1)=0 AND VI range -2000..10000,MOD13Q1 V061 Terra 250m 16-day
SO1703,Eyl,SO17,Nugaal,2023-09-30,0.1723383651302047,0.1657,0.1204471939841247,0.1117,0.6468203927220321,7181,0.1441181769050621,0.009097459917132,pixel_reliability=0 AND MODLAND_QA(bits0-1)=0 AND VI range -2000..10000,MOD13Q1 V061 Terra 250m 16-day
SO1703,Eyl,SO17,Nugaal,2023-10-16,0.2117716113503927,0.21265,0.1529968077020522,0.1564,0.7110430553053504,7894,0.0713384975680057,0.0064853179607277,pixel_reliability=0 AND MODLAND_QA(bits0-1)=0 AND VI range -2000..10000,MOD13Q1 V061 Terra 250m 16-day
SO1703,Eyl,SO17,Nugaal,2023-11-01,0.2412552379880724,0.2421,0.1825290199167323,0.1871,0.8004863988470546,8887,0.0825977301387137,0.008557016753738,pixel_reliability=0 AND MODLAND_QA(bits0-1)=0 AND VI range -2000..10000,MOD13Q1 V061 Terra 250m 16-day
SO1703,Eyl,SO17,Nugaal,2023-11-17,0.2580249505603164,0.2574,0.1821598879367172,0.183,0.8198522788686723,9102,0.0320662943613763,0.0018014772113132,pixel_reliability=0 AND MODLAND_QA(bits0-1)=0 AND VI range -2000..10000,MOD13Q1 V061 Terra 250m 16-day
SO1703,Eyl,SO17,Nugaal,2023-12-03,0.2499066158742405,0.2501,0.1726302054200019,0.1734,0.9339758602053684,10369,0.0140515222482435,0.0064853179607277,pixel_reliability=0 AND MODLAND_QA(bits0-1)=0 AND VI range -2000..10000,MOD13Q1 V061 Terra 250m 16-day
SO1703,Eyl,SO17,Nugaal,2023-12-19,0.2175357925407925,0.2168,0.1542613752913753,0.155,0.7728337236533958,8580,0.093226445685462,0.0071158349846874,pixel_reliability=0 AND MODLAND_QA(bits0-1)=0 AND VI range -2000..10000,MOD13Q1 V061 Terra 250m 16-day
SO1801,Gaalkacyo,SO18,Mudug,2023-01-01,0.1809152397358599,0.182,0.1177643697961527,0.1174,0.9857361181864494,17415,0.0011320541121865,0.0,pixel_reliability=0 AND MODLAND_QA(bits0-1)=0 AND VI range -2000..10000,MOD13Q1 V061 Terra 250m 16-day
SO1801,Gaalkacyo,SO18,Mudug,2023-01-17,0.174812452249273,0.1758,0.1135656650892297,0.1133,0.992754853682006,17539,0.0,0.0,pixel_reliability=0 AND MODLAND_QA(bits0-1)=0 AND VI range -2000..10000,MOD13Q1 V061 Terra 250m 16-day
SO1801,Gaalkacyo,SO18,Mudug,2023-02-02,0.1720592354494317,0.1736,0.1137187349328435,0.1137,0.9861323371257146,17422,0.0007924378785305,0.0,pixel_reliability=0 AND MODLAND_QA(bits0-1)=0 AND VI range -2000..10000,MOD13Q1 V061 Terra 250m 16-day
SO1801,Gaalkacyo,SO18,Mudug,2023-03-06,0.1670954139055433,0.1687,0.1146021352687493,0.1144,0.5381219222278825,9507,0.1001867889285107,0.0,pixel_reliability=0 AND MODLAND_QA(bits0-1)=0 AND VI range -2000..10000,MOD13Q1 V061 Terra 250m 16-day
SO1801,Gaalkacyo,SO18,Mudug,2023-03-22,0.1933966477146865,0.193,0.130079007605405,0.1296,0.7665704420671308,13543,0.0319805286692703,0.0,pixel_reliability=0 AND MODLAND_QA(bits0-1)=0 AND VI range -2000..10000,MOD13Q1 V061 Terra 250m 16-day
SO1801,Gaalkacyo,SO18,Mudug,2023-04-07,0.2001520380018387,0.1991,0.1337943303708244,0.1335,0.1846946284032376,3263,0.5854417841172808,0.0115469519443029,pixel_reliability=0 AND MODLAND_QA(bits0-1)=0 AND VI range -2000..10000,MOD13Q1 V061 Terra 250m 16-day
SO1801,Gaalkacyo,SO18,Mudug,2023-04-23,0.2003106182795699,0.2059,0.1365632056451613,0.1381,0.1684496518933605,2976,0.3098432105054621,0.1877511745061414,pixel_reliability=0 AND MODLAND_QA(bits0-1)=0 AND VI range -2000..10000,MOD13Q1 V061 Terra 250m 16-day
SO1801,Gaalkacyo,SO18,Mudug,2023-05-09,0.2195825150145502,0.2217,0.1498314469692279,0.1506,0.9141902982962584,16151,0.0046980245655742,0.0016414784626705,pixel_reliability=0 AND MODLAND_QA(bits0-1)=0 AND VI range -2000..10000,MOD13Q1 V061 Terra 250m 16-day
SO1801,Gaalkacyo,SO18,Mudug,2023-05-25,0.2122806322261578,0.2103,0.1392961571877297,0.1376,0.8469462840323767,14963,0.0147733061640346,0.0001698081168279,pixel_reliability=0 AND MODLAND_QA(bits0-1)=0 AND VI range -2000..10000,MOD13Q1 V061 Terra 250m 16-day
SO1801,Gaalkacyo,SO18,Mudug,2023-06-10,0.193227100675916,0.1909,0.1298569761650658,0.1271,0.7955510273391068,14055,0.0313012962019584,0.0,pixel_reliability=0 AND MODLAND_QA(bits0-1)=0 AND VI range -2000..10000,MOD13Q1 V061 Terra 250m 16-day
SO1801,Gaalkacyo,SO18,Mudug,2023-06-26,0.1716087375760273,0.1717,0.1170723038124907,0.1165,0.3815588385124809,6741,0.271862795041603,0.0007358351729212,pixel_reliability=0 AND MODLAND_QA(bits0-1)=0 AND VI range -2000..10000,MOD13Q1 V061 Terra 250m 16-day
SO1801,Gaalkacyo,SO18,Mudug,2023-07-12,0.1661743119266055,0.1669,0.1141668501529052,0.1137,0.3701816946850059,6540,0.2814852549951888,0.0025471217524197,pixel_reliability=0 AND MODLAND_QA(bits0-1)=0 AND VI range -2000..10000,MOD13Q1 V061 Terra 250m 16-day
SO1801,Gaalkacyo,SO18,Mudug,2023-07-28,0.1683260218683495,0.1679,0.1132265649079034,0.1125,0.7713250693383144,13627,0.0097922680704137,0.0,pixel_reliability=0 AND MODLAND_QA(bits0-1)=0 AND VI range -2000..10000,MOD13Q1 V061 Terra 250m 16-day
SO1801,Gaalkacyo,SO18,Mudug,2023-08-13,0.1691761599722992,0.17,0.1104629616805171,0.1095,0.9808116827984378,17328,0.0,0.0,pixel_reliability=0 AND MODLAND_QA(bits0-1)=0 AND VI range -2000..10000,MOD13Q1 V061 Terra 250m 16-day
SO1801,Gaalkacyo,SO18,Mudug,2023-08-29,0.1740397434374629,0.1745,0.1148611117709941,0.1146,0.9530763570498668,16838,0.0136978547574574,5.6602705609328126e-05,pixel_reliability=0 AND MODLAND_QA(bits0-1)=0 AND VI range -2000..10000,MOD13Q1 V061 Terra 250m 16-day
SO1801,Gaalkacyo,SO18,Mudug,2023-09-14,0.1807475528737734,0.177,0.1205728103858109,0.1164,0.9286805909322464,16407,0.0015282730514518,0.0,pixel_reliability=0 AND MODLAND_QA(bits0-1)=0 AND VI range -2000..10000,MOD13Q1 V061 Terra 250m 16-day
SO1801,Gaalkacyo,SO18,Mudug,2023-09-30,0.1753896365638766,0.1747,0.1192143281938326,0.1155,0.5139525669326994,9080,0.1729778683421067,0.0093394464255391,pixel_reliability=0 AND MODLAND_QA(bits0-1)=0 AND VI range -2000..10000,MOD13Q1 V061 Terra 250m 16-day
SO1801,Gaalkacyo,SO18,Mudug,2023-10-16,0.2471727496917385,0.2514,0.1645726263871763,0.1669,0.0459047942491651,811,0.5153676345729326,0.129903209373408,pixel_reliability=0 AND MODLAND_QA(bits0-1)=0 AND VI range -2000..10000,MOD13Q1 V061 Terra 250m 16-day
SO1801,Gaalkacyo,SO18,Mudug,2023-11-01,0.3028412126650429,0.305,0.2094101525445456,0.2102,0.4415577064583687,7801,0.2144110488481349,0.0281881473934454,pixel_reliability=0 AND MODLAND_QA(bits0-1)=0 AND VI range -2000..10000,MOD13Q1 V061 Terra 250m 16-day
SO1801,Gaalkacyo,SO18,Mudug,2023-11-17,0.3271374131577358,0.3271,0.2183473328097626,0.2177,0.9369445859512084,16553,0.010697911360163,0.0,pixel_reliability=0 AND MODLAND_QA(bits0-1)=0 AND VI range -2000..10000,MOD13Q1 V061 Terra 250m 16-day
SO1801,Gaalkacyo,SO18,Mudug,2023-12-03,0.2967570437441204,0.2959,0.1953412511759172,0.1946,0.9626988170034528,17008,0.0066791192619007,0.0,pixel_reliability=0 AND MODLAND_QA(bits0-1)=0 AND VI range -2000..10000,MOD13Q1 V061 Terra 250m 16-day
SO1801,Gaalkacyo,SO18,Mudug,2023-12-19,0.2575003257525487,0.2546,0.1665446401640828,0.165,0.9383030508858324,16577,0.0117167600611309,0.0,pixel_reliability=0 AND MODLAND_QA(bits0-1)=0 AND VI range -2000..10000,MOD13Q1 V061 Terra 250m 16-day
SO1802,Galdogob,SO18,Mudug,2023-01-01,0.1788883892068683,0.1813,0.1125363041700736,0.1129,0.9890820865345734,2446,0.0004043671653861,0.0,pixel_reliability=0 AND MODLAND_QA(bits0-1)=0 AND VI range -2000..10000,MOD13Q1 V061 Terra 250m 16-day
SO1802,Galdogob,SO18,Mudug,2023-01-17,0.1769877300613496,0.1795,0.1111935787321063,0.1115,0.9886777193691872,2445,0.0008087343307723,0.0,pixel_reliability=0 AND MODLAND_QA(bits0-1)=0 AND VI range -2000..10000,MOD13Q1 V061 Terra 250m 16-day
SO1802,Galdogob,SO18,Mudug,2023-02-02,0.1755820344544708,0.1773,0.1127475389663658,0.1132,0.985847149211484,2438,0.0,0.0,pixel_reliability=0 AND MODLAND_QA(bits0-1)=0 AND VI range -2000..10000,MOD13Q1 V061 Terra 250m 16-day
SO1802,Galdogob,SO18,Mudug,2023-03-06,0.1724774058577406,0.1742,0.1150928870292887,0.1162,0.2899312575818843,717,0.1382935705620703,0.0,pixel_reliability=0 AND MODLAND_QA(bits0-1)=0 AND VI range -2000..10000,MOD13Q1 V061 Terra 250m 16-day
SO1802,Galdogob,SO18,Mudug,2023-03-22,0.1841896081771721,0.1799,0.1226289608177172,0.1183,0.2373635260816821,587,0.1843914274160938,0.0,pixel_reliability=0 AND MODLAND_QA(bits0-1)=0 AND VI range -2000..10000,MOD13Q1 V061 Terra 250m 16-day
SO1802,Galdogob,SO18,Mudug,2023-04-07,0.2001011764705882,0.1933,0.1294733333333333,0.1274,0.1031136271734735,255,0.7165386170642943,0.0,pixel_reliability=0 AND MODLAND_QA(bits0-1)=0 AND VI range -2000..10000,MOD13Q1 V061 Terra 250m 16-day
SO1802,Galdogob,SO18,Mudug,2023-04-23,0.1889736842105263,0.195,0.1260403508771929,0.1237,0.0230489284270117,57,0.2822482814395471,0.421754953497776,pixel_reliability=0 AND MODLAND_QA(bits0-1)=0 AND VI range -2000..10000,MOD13Q1 V061 Terra 250m 16-day
SO1802,Galdogob,SO18,Mudug,2023-05-09,0.2122198994974874,0.2105,0.1404314070351759,0.13925,0.8046906591184796,1990,0.0149615851192883,0.0105135463000404,pixel_reliability=0 AND MODLAND_QA(bits0-1)=0 AND VI range -2000..10000,MOD13Q1 V061 Terra 250m 16-day
SO1802,Galdogob,SO18,Mudug,2023-05-25,0.2170618684461391,0.2243,0.1398245948522402,0.1423,0.424181156490093,1049,0.0392236150424585,0.0,pixel_reliability=0 AND MODLAND_QA(bits0-1)=0 AND VI range -2000..10000,MOD13Q1 V061 Terra 250m 16-day
SO1802,Galdogob,SO18,Mudug,2023-06-10,0.1861491085899514,0.1843,0.1247009724473258,0.1223,0.4989890820865346,1234,0.2114840274969672,0.0,pixel_reliability=0 AND MODLAND_QA(bits0-1)=0 AND VI range -2000..10000,MOD13Q1 V061 Terra 250m 16-day
SO1802,Galdogob,SO18,Mudug,2023-06-26,0.1585254786450662,0.1569,0.1083914580265095,0.1076,0.2745653052972098,679,0.4917104731095835,0.0,pixel_reliability=0 AND MODLAND_QA(bits0-1)=0 AND VI range -2000..10000,MOD13Q1 V061 Terra 250m 16-day
SO1802,Galdogob,SO18,Mudug,2023-07-12,0.1643136038186157,0.16585,0.1136029832935561,0.1141,0.338859684593611,838,0.2782046097856854,0.0,pixel_reliability=0 AND MODLAND_QA(bits0-1)=0 AND VI range -2000..10000,MOD13Q1 V061 Terra 250m 16-day
SO1802,Galdogob,SO18,Mudug,2023-07-28,0.1736464867903316,0.176,0.1154089376053962,0.115,0.7193691872219976,1779,0.009704811969268,0.0,pixel_reliability=0 AND MODLAND_QA(bits0-1)=0 AND VI range -2000..10000,MOD13Q1 V061 Terra 250m 16-day
SO1802,Galdogob,SO18,Mudug,2023-08-13,0.173078081632653,0.1751,0.1108232244897959,0.1111,0.990699555196118,2450,0.0,0.0,pixel_reliability=0 AND MODLAND_QA(bits0-1)=0 AND VI range -2000..10000,MOD13Q1 V061 Terra 250m 16-day
SO1802,Galdogob,SO18,Mudug,2023-08-29,0.1901768214936247,0.1945,0.1184464480874317,0.1192,0.8879902951880307,2196,0.0133441164577436,0.0,pixel_reliability=0 AND MODLAND_QA(bits0-1)=0 AND VI range -2000..10000,MOD13Q1 V061 Terra 250m 16-day
SO1802,Galdogob,SO18,Mudug,2023-09-14,0.2197500413907284,0.2245,0.145216142384106,0.1463,0.9769510715729884,2416,0.0008087343307723,0.0,pixel_reliability=0 AND MODLAND_QA(bits0-1)=0 AND VI range -2000..10000,MOD13Q1 V061 Terra 250m 16-day
SO1802,Galdogob,SO18,Mudug,2023-09-30,0.1617081967213115,0.15355,0.126207650273224,0.1206,0.1479983825313384,366,0.4670440760210271,0.1128184391427416,pixel_reliability=0 AND MODLAND_QA(bits0-1)=0 AND VI range -2000..10000,MOD13Q1 V061 Terra 250m 16-day
SO1802,Galdogob,SO18,Mudug,2023-10-16,0.275065,0.2763,0.176785,0.17615,0.0161746866154468,40,0.5940153659522847,0.1055398301657905,pixel_reliability=0 AND MODLAND_QA(bits0-1)=0 AND VI range -2000..10000,MOD13Q1 V061 Terra 250m 16-day
SO1802,Galdogob,SO18,Mudug,2023-11-01,0.3426905991735537,0.33875,0.2348921487603306,0.2305,0.3914274160938132,968,0.2575818843509907,0.0004043671653861,pixel_reliability=0 AND MODLAND_QA(bits0-1)=0 AND VI range -2000..10000,MOD13Q1 V061 Terra 250m 16-day
SO1802,Galdogob,SO18,Mudug,2023-11-17,0.3765143582640813,0.3676,0.2439356417359187,0.2373,0.8758592802264457,2166,0.0133441164577436,0.0,pixel_reliability=0 AND MODLAND_QA(bits0-1)=0 AND VI range -2000..10000,MOD13Q1 V061 Terra 250m 16-day
SO1802,Galdogob,SO18,Mudug,2023-12-03,0.3429788155994223,0.3382,0.2206073663938372,0.2145,0.8398706025070765,2077,0.042862919530934,0.0,pixel_reliability=0 AND MODLAND_QA(bits0-1)=0 AND VI range -2000..10000,MOD13Q1 V061 Terra 250m 16-day
SO1802,Galdogob,SO18,Mudug,2023-12-19,0.2859861755343338,0.2795,0.1792257389722601,0.1754,0.8892033966841892,2199,0.0380105135463,0.0,pixel_reliability=0 AND MODLAND_QA(bits0-1)=0 AND VI range -2000..10000,MOD13Q1 V061 Terra 250m 16-day
SO1803,Hobyo,SO18,Mudug,2023-01-01,0.1658234300159659,0.1653,0.1155819584885577,0.1146,0.5013340448239061,15032,0.2925226787620064,0.0326507470651013,pixel_reliability=0 AND MODLAND_QA(bits0-1)=0 AND VI range -2000..10000,MOD13Q1 V061 Terra 250m 16-day
SO1803,Hobyo,SO18,Mudug,2023-01-17,0.1570680032401782,0.1568,0.1122231987759326,0.111,0.7410952508004269,22221,0.0552961579509071,0.0112393276414087,pixel_reliability=0 AND MODLAND_QA(bits0-1)=0 AND VI range -2000..10000,MOD13Q1 V061 Terra 250m 16-day
SO1803,Hobyo,SO18,Mudug,2023-02-02,0.1521967841018429,0.153,0.111254592554215,0.1104,0.9012139807897546,27022,0.0241795624332977,0.009871931696905,pixel_reliability=0 AND MODLAND_QA(bits0-1)=0 AND VI range -2000..10000,MOD13Q1 V061 Terra 250m 16-day
SO1803,Hobyo,SO18,Mudug,2023-03-06,0.1414848012470771,0.1429,0.1103595739153026,0.1088,0.1283684631803628,3849,0.4662486659551761,0.0419890608324439,pixel_reliability=0 AND MODLAND_QA(bits0-1)=0 AND VI range -2000..10000,MOD13Q1 V061 Terra 250m 16-day
SO1803,Hobyo,SO18,Mudug,2023-03-22,0.1587910284100349,0.1565,0.1145190286315556,0.1119,0.6022211846318036,18057,0.1599519743863393,0.0067702774813233,pixel_reliability=0 AND MODLAND_QA(bits0-1)=0 AND VI range -2000..10000,MOD13Q1 V061 Terra 250m 16-day
SO1803,Hobyo,SO18,Mudug,2023-04-07,0.1804176653696498,0.1775,0.136820233463035,0.1356,0.0857123799359658,2570,0.6235992529348986,0.0371197972251867,pixel_reliability=0 AND MODLAND_QA(bits0-1)=0 AND VI range -2000..10000,MOD13Q1 V061 Terra 250m 16-day
SO1803,Hobyo,SO18,Mudug,2023-04-23,0.1800740361420288,0.1783,0.1320635955817004,0.1312,0.7880536286019211,23629,0.0508271077908217,0.0250800426894343,pixel_reliability=0 AND MODLAND_QA(bits0-1)=0 AND VI range -2000..10000,MOD13Q1 V061 Terra 250m 16-day
SO1803,Hobyo,SO18,Mudug,2023-05-09,0.1861807860769797,0.1832,0.1380637931702779,0.136,0.860425560298826,25799,0.0247798826040554,0.0455909818569904,pixel_reliability=0 AND MODLAND_QA(bits0-1)=0 AND VI range -2000..10000,MOD13Q1 V061 Terra 250m 16-day
SO1803,Hobyo,SO18,Mudug,2023-05-25,0.1870040717282224,0.1823,0.1347999506457185,0.1311,0.8108991462113126,24314,0.0401547491995731,0.0229455709711846,pixel_reliability=0 AND MODLAND_QA(bits0-1)=0 AND VI range -2000..10000,MOD13Q1 V061 Terra 250m 16-day
SO1803,Hobyo,SO18,Mudug,2023-06-10,0.1744709650862553,0.1701,0.1283326834561988,0.1264,0.8912419957310566,26723,0.0131069903948772,0.0056696905016008,pixel_reliability=0 AND MODLAND_QA(bits0-1)=0 AND VI range -2000..10000,MOD13Q1 V061 Terra 250m 16-day
SO1803,Hobyo,SO18,Mudug,2023-06-26,0.1530308933002481,0.1513,0.1101380024813896,0.1094,0.2688100320170757,8060,0.2904215581643543,0.0414220917822838,pixel_reliability=0 AND MODLAND_QA(bits0-1)=0 AND VI range -2000..10000,MOD13Q1 V061 Terra 250m 16-day
SO1803,Hobyo,SO18,Mudug,2023-07-12,0.1500622077215878,0.1482,0.1121852697722192,0.1121,0.5519943970117396,16551,0.1585845784418356,0.0628668623265741,pixel_reliability=0 AND MODLAND_QA(bits0-1)=0 AND VI range -2000..10000,MOD13Q1 V061 Terra 250m 16-day
SO1803,Hobyo,SO18,Mudug,2023-07-28,0.1466907842525302,0.146,0.1106714565963707,0.1104,0.7480322838847385,22429,0.0732390608324439,0.0134405016008537,pixel_reliability=0 AND MODLAND_QA(bits0-1)=0 AND VI range -2000..10000,MOD13Q1 V061 Terra 250m 16-day
SO1803,Hobyo,SO18,Mudug,2023-08-13,0.1475134901033151,0.148,0.1082988416182558,0.1078,0.9587446638207044,28747,0.0078041622198505,0.0097051760939167,pixel_reliability=0 AND MODLAND_QA(bits0-1)=0 AND VI range -2000..10000,MOD13Q1 V061 Terra 250m 16-day
SO1803,Hobyo,SO18,Mudug,2023-08-29,0.1488167576779938,0.1499,0.1126724740009043,0.1127,0.958878068303095,28751,0.0079375667022411,0.0100053361792956,pixel_reliability=0 AND MODLAND_QA(bits0-1)=0 AND VI range -2000..10000,MOD13Q1 V061 Terra 250m 16-day
SO1803,Hobyo,SO18,Mudug,2023-09-14,0.1465364858269194,0.1472,0.108184843251361,0.1082,0.8883070971184632,26635,0.0152081109925293,0.0111059231590181,pixel_reliability=0 AND MODLAND_QA(bits0-1)=0 AND VI range -2000..10000,MOD13Q1 V061 Terra 250m 16-day
SO1803,Hobyo,SO18,Mudug,2023-09-30,0.1490897774276147,0.1502,0.1090748670474689,0.1073,0.1693236392742796,5077,0.3920424226254002,0.0696704909284952,pixel_reliability=0 AND MODLAND_QA(bits0-1)=0 AND VI range -2000..10000,MOD13Q1 V061 Terra 250m 16-day
SO1803,Hobyo,SO18,Mudug,2023-10-16,0.1942323986358469,0.197,0.1446190602500947,0.1451,0.0880136072572038,2639,0.4280616328708644,0.1309698505869797,pixel_reliability=0 AND MODLAND_QA(bits0-1)=0 AND VI range -2000..10000,MOD13Q1 V061 Terra 250m 16-day
SO1803,Hobyo,SO18,Mudug,2023-11-01,0.2542944133129564,0.2531,0.187487366276108,0.1854,0.3928094983991462,11778,0.1915688367129135,0.1892009071504802,pixel_reliability=0 AND MODLAND_QA(bits0-1)=0 AND VI range -2000..10000,MOD13Q1 V061 Terra 250m 16-day
SO1803,Hobyo,SO18,Mudug,2023-11-17,0.2922706868611319,0.2877,0.2132217402144104,0.2065,0.53508537886873,16044,0.1013540554962646,0.0201440768409818,pixel_reliability=0 AND MODLAND_QA(bits0-1)=0 AND VI range -2000..10000,MOD13Q1 V061 Terra 250m 16-day
SO1803,Hobyo,SO18,Mudug,2023-12-03,0.2834926013579049,0.2775,0.2019881086323957,0.195,0.8596251334044824,25775,0.0278815368196371,0.009771878335112,pixel_reliability=0 AND MODLAND_QA(bits0-1)=0 AND VI range -2000..10000,MOD13Q1 V061 Terra 250m 16-day
SO1803,Hobyo,SO18,Mudug,2023-12-19,0.2473711685695097,0.2418,0.1760089456010745,0.1708,0.4965981856990394,14890,0.247698772678762,0.0105056029882604,pixel_reliability=0 AND MODLAND_QA(bits0-1)=0 AND VI range -2000..10000,MOD13Q1 V061 Terra 250m 16-day
SO1804,Jariiban,SO18,Mudug,2023-01-01,0.1797071978228228,0.1816,0.1238174174174174,0.1236,0.829971181556196,10656,0.0110600514058727,0.0114494898356569,pixel_reliability=0 AND MODLAND_QA(bits0-1)=0 AND VI range -2000..10000,MOD13Q1 V061 Terra 250m 16-day
SO1804,Jariiban,SO18,Mudug,2023-01-17,0.1718731967711136,0.1744,0.1222073951913896,0.1212,0.8973440299088714,11521,0.0163564140509385,0.0133187942986213,pixel_reliability=0 AND MODLAND_QA(bits0-1)=0 AND VI range -2000..10000,MOD13Q1 V061 Terra 250m 16-day
SO1804,Jariiban,SO18,Mudug,2023-02-02,0.1679945129955369,0.1705,0.1190238995361862,0.1187,0.8900225874289275,11427,0.0121504790092686,0.0084118700833398,pixel_reliability=0 AND MODLAND_QA(bits0-1)=0 AND VI range -2000..10000,MOD13Q1 V061 Terra 250m 16-day
SO1804,Jariiban,SO18,Mudug,2023-03-06,0.1632830167905312,0.1684,0.1155232590145885,0.1171,0.2829659630812368,3633,0.374406106394579,0.017135290910507,pixel_reliability=0 AND MODLAND_QA(bits0-1)=0 AND VI range -2000..10000,MOD13Q1 V061 Terra 250m 16-day
SO1804,Jariiban,SO18,Mudug,2023-03-22,0.1745853917808219,0.1685,0.1215342465753424,0.1173,0.7107251343562583,9125,0.0791338889321598,0.0013240906612664,pixel_reliability=0 AND MODLAND_QA(bits0-1)=0 AND VI range -2000..10000,MOD13Q1 V061 Terra 250m 16-day
SO1804,Jariiban,SO18,Mudug,2023-04-07,0.1849357193987115,0.1842,0.1287709735146743,0.1282,0.2176181945634395,2794,0.4149077030921411,0.0106706129760884,pixel_reliability=0 AND MODLAND_QA(bits0-1)=0 AND VI range -2000..10000,MOD13Q1 V061 Terra 250m 16-day
SO1804,Jariiban,SO18,Mudug,2023-04-23,0.1758018274853801,0.1768,0.1276021564327485,0.1273,0.4262014175558844,5472,0.1837370511722096,0.0939325492639613,pixel_reliability=0 AND MODLAND_QA(bits0-1)=0 AND VI range -2000..10000,MOD13Q1 V061 Terra 250m 16-day
SO1804,Jariiban,SO18,Mudug,2023-05-09,0.2002757338225484,0.2037,0.1418386507671781,0.1436,0.934029129994548,11992,0.0098917361165199,0.0104369499182179,pixel_reliability=0 AND MODLAND_QA(bits0-1)=0 AND VI range -2000..10000,MOD13Q1 V061 Terra 250m 16-day
SO1804,Jariiban,SO18,Mudug,2023-05-25,0.2044348306900986,0.2063,0.1445947621088727,0.1453,0.9085598566866578,11665,0.0105148376041747,0.0112158267777864,pixel_reliability=0 AND MODLAND_QA(bits0-1)=0 AND VI range -2000..10000,MOD13Q1 V061 Terra 250m 16-day
SO1804,Jariiban,SO18,Mudug,2023-06-10,0.1857181793551883,0.1857,0.1322217465908065,0.1311,0.8624503466002025,11073,0.0133187942986213,0.010359062232261,pixel_reliability=0 AND MODLAND_QA(bits0-1)=0 AND VI range -2000..10000,MOD13Q1 V061 Terra 250m 16-day
SO1804,Jariiban,SO18,Mudug,2023-06-26,0.160730808569454,0.1619,0.1162759087767795,0.1162,0.5635174078978114,7235,0.0870784328997585,0.019238258431342,pixel_reliability=0 AND MODLAND_QA(bits0-1)=0 AND VI range -2000..10000,MOD13Q1 V061 Terra 250m 16-day
SO1804,Jariiban,SO18,Mudug,2023-07-12,0.1605604615168144,0.1614,0.1163706064443506,0.116,0.5535477840953346,7107,0.1479866033180154,0.0286626684321208,pixel_reliability=0 AND MODLAND_QA(bits0-1)=0 AND VI range -2000..10000,MOD13Q1 V061 Terra 250m 16-day
SO1804,Jariiban,SO18,Mudug,2023-07-28,0.1571160121997712,0.15885,0.1131269634006862,0.1131,0.8171976010592725,10492,0.0265597009112859,0.0165900771088091,pixel_reliability=0 AND MODLAND_QA(bits0-1)=0 AND VI range -2000..10000,MOD13Q1 V061 Terra 250m 16-day
SO1804,Jariiban,SO18,Mudug,2023-08-13,0.1574040507364975,0.1592,0.1130706792144026,0.1132,0.9517875223927096,12220,0.0082560947114261,0.0142534465301035,pixel_reliability=0 AND MODLAND_QA(bits0-1)=0 AND VI range -2000..10000,MOD13Q1 V061 Terra 250m 16-day
SO1804,Jariiban,SO18,Mudug,2023-08-29,0.1600700941465411,0.1608,0.1153013753581662,0.1157,0.9513980839629256,12215,0.0105148376041747,0.0112158267777864,pixel_reliability=0 AND MODLAND_QA(bits0-1)=0 AND VI range -2000..10000,MOD13Q1 V061 Terra 250m 16-day
SO1804,Jariiban,SO18,Mudug,2023-09-14,0.1519211573236889,0.152,0.1085767012467878,0.1089,0.8183659163486253,10507,0.0294415452916893,0.0148765480177583,pixel_reliability=0 AND MODLAND_QA(bits0-1)=0 AND VI range -2000..10000,MOD13Q1 V061 Terra 250m 16-day
SO1804,Jariiban,SO18,Mudug,2023-09-30,0.1714582299227347,0.1665,0.1218675485834699,0.1139,0.3326583067217073,4271,0.306254381182335,0.0511722096736506,pixel_reliability=0 AND MODLAND_QA(bits0-1)=0 AND VI range -2000..10000,MOD13Q1 V061 Terra 250m 16-day
SO1804,Jariiban,SO18,Mudug,2023-10-16,0.2189118883792049,0.21465,0.1575263379204893,0.1549,0.2037541864631201,2616,0.4062621699509308,0.0657372069475815,pixel_reliability=0 AND MODLAND_QA(bits0-1)=0 AND VI range -2000..10000,MOD13Q1 V061 Terra 250m 16-day
SO1804,Jariiban,SO18,Mudug,2023-11-01,0.2714731070989696,0.2687,0.2008905662160885,0.2007,0.8239738297375185,10579,0.0373860892592881,0.0163564140509385,pixel_reliability=0 AND MODLAND_QA(bits0-1)=0 AND VI range -2000..10000,MOD13Q1 V061 Terra 250m 16-day
SO1804,Jariiban,SO18,Mudug,2023-11-17,0.2923467025822032,0.2947,0.2049621958015976,0.2063,0.8385388270114494,10766,0.0276501285146818,0.0105148376041747,pixel_reliability=0 AND MODLAND_QA(bits0-1)=0 AND VI range -2000..10000,MOD13Q1 V061 Terra 250m 16-day
SO1804,Jariiban,SO18,Mudug,2023-12-03,0.2714389418337167,0.2722,0.187130980939862,0.1883,0.9480489134667808,12172,0.0088791961990809,0.0102032868603473,pixel_reliability=0 AND MODLAND_QA(bits0-1)=0 AND VI range -2000..10000,MOD13Q1 V061 Terra 250m 16-day
SO1804,Jariiban,SO18,Mudug,2023-12-19,0.2374790412486064,0.2394,0.1697675089805524,0.169,0.6287872887296518,8073,0.1417555884414674,0.0115273775216138,pixel_reliability=0 AND MODLAND_QA(bits0-1)=0 AND VI range -2000..10000,MOD13Q1 V061 Terra 250m 16-day
SO1805,Xarardheere,SO18,Mudug,2023-01-01,0.1791417117117117,0.1779,0.133956036036036,0.132,0.3581800580832526,2220,0.3155856727976767,0.0322684737011939,pixel_reliability=0 AND MODLAND_QA(bits0-1)=0 AND VI range -2000..10000,MOD13Q1 V061 Terra 250m 16-day
SO1805,Xarardheere,SO18,Mudug,2023-01-17,0.1688645051917779,0.1695,0.1180592074592074,0.1184,0.7613746369796709,4719,0.0353339787028073,0.0277508873830267,pixel_reliability=0 AND MODLAND_QA(bits0-1)=0 AND VI range -2000..10000,MOD13Q1 V061 Terra 250m 16-day
SO1805,Xarardheere,SO18,Mudug,2023-02-02,0.1591324439969796,0.1622,0.1162814497860559,0.1174,0.6410132300742175,3973,0.0330751855437237,0.0288802839625685,pixel_reliability=0 AND MODLAND_QA(bits0-1)=0 AND VI range -2000..10000,MOD13Q1 V061 Terra 250m 16-day
SO1805,Xarardheere,SO18,Mudug,2023-03-06,0.1514055102040816,0.14995,0.1104826530612245,0.10885,0.0790577605679251,490,0.4567602452404001,0.0808325266214908,pixel_reliability=0 AND MODLAND_QA(bits0-1)=0 AND VI range -2000..10000,MOD13Q1 V061 Terra 250m 16-day
SO1805,Xarardheere,SO18,Mudug,2023-03-22,0.1666280479210711,0.14885,0.1197581395348837,0.1139,0.4578896418199419,2838,0.2194256211681187,0.0214585350112939,pixel_reliability=0 AND MODLAND_QA(bits0-1)=0 AND VI range -2000..10000,MOD13Q1 V061 Terra 250m 16-day
SO1805,Xarardheere,SO18,Mudug,2023-04-07,0.1896569471624266,0.1795,0.1300289628180039,0.1263,0.0824459503065505,511,0.5611487576637625,0.0845434010971281,pixel_reliability=0 AND MODLAND_QA(bits0-1)=0 AND VI range -2000..10000,MOD13Q1 V061 Terra 250m 16-day
SO1805,Xarardheere,SO18,Mudug,2023-04-23,0.2223317373103087,0.19885,0.1603285452642595,0.1527,0.616650532429816,3822,0.0761535979348176,0.111487576637625,pixel_reliability=0 AND MODLAND_QA(bits0-1)=0 AND VI range -2000..10000,MOD13Q1 V061 Terra 250m 16-day
SO1805,Xarardheere,SO18,Mudug,2023-05-09,0.2151335628851033,0.1945,0.156393113446901,0.1496,0.4451435947079703,2759,0.1197160374314294,0.2192642787996127,pixel_reliability=0 AND MODLAND_QA(bits0-1)=0 AND VI range -2000..10000,MOD13Q1 V061 Terra 250m 16-day
SO1805,Xarardheere,SO18,Mudug,2023-05-25,0.2226026032823995,0.2246,0.1498653650254668,0.155,0.2850919651500484,1767,0.1957082929977412,0.1813488222007099,pixel_reliability=0 AND MODLAND_QA(bits0-1)=0 AND VI range -2000..10000,MOD13Q1 V061 Terra 250m 16-day
SO1805,Xarardheere,SO18,Mudug,2023-06-10,0.186266264236902,0.1879,0.1365793394077449,0.1375,0.7082929977412068,4390,0.069054533720555,0.0292029686995805,pixel_reliability=0 AND MODLAND_QA(bits0-1)=0 AND VI range -2000..10000,MOD13Q1 V061 Terra 250m 16-day
SO1805,Xarardheere,SO18,Mudug,2023-06-26,0.1674812419146183,0.171,0.1178816731349719,0.1196,0.3741529525653436,2319,0.2066795740561471,0.0650209745079057,pixel_reliability=0 AND MODLAND_QA(bits0-1)=0 AND VI range -2000..10000,MOD13Q1 V061 Terra 250m 16-day
SO1805,Xarardheere,SO18,Mudug,2023-07-12,0.1648729752066116,0.16865,0.1169030578512396,0.1186,0.1952242658922233,1210,0.2786382704098096,0.2040980961600516,pixel_reliability=0 AND MODLAND_QA(bits0-1)=0 AND VI range -2000..10000,MOD13Q1 V061 Terra 250m 16-day
SO1805,Xarardheere,SO18,Mudug,2023-07-28,0.1415871551724138,0.1398,0.1062949137931034,0.1077,0.1871571474669248,1160,0.4830590513068732,0.085027428202646,pixel_reliability=0 AND MODLAND_QA(bits0-1)=0 AND VI range -2000..10000,MOD13Q1 V061 Terra 250m 16-day
SO1805,Xarardheere,SO18,Mudug,2023-08-13,0.1605979207920792,0.1656,0.1146218316831683,0.1169,0.6518231687641175,4040,0.159083575346886,0.0300096805421103,pixel_reliability=0 AND MODLAND_QA(bits0-1)=0 AND VI range -2000..10000,MOD13Q1 V061 Terra 250m 16-day
SO1805,Xarardheere,SO18,Mudug,2023-08-29,0.1533309101208459,0.1578,0.1139692220543806,0.11685,0.8544691836076154,5296,0.0272668602775088,0.031784446595676,pixel_reliability=0 AND MODLAND_QA(bits0-1)=0 AND VI range -2000..10000,MOD13Q1 V061 Terra 250m 16-day
SO1805,Xarardheere,SO18,Mudug,2023-09-14,0.1532369932432432,0.1576,0.1084811293436293,0.1103,0.6686027750887383,4144,0.1258470474346563,0.0330751855437237,pixel_reliability=0 AND MODLAND_QA(bits0-1)=0 AND VI range -2000..10000,MOD13Q1 V061 Terra 250m 16-day
SO1805,Xarardheere,SO18,Mudug,2023-09-30,0.1256461794019933,0.1134,0.1034707641196013,0.1013,0.0485640529202968,301,0.3305905130687318,0.2455630848660858,pixel_reliability=0 AND MODLAND_QA(bits0-1)=0 AND VI range -2000..10000,MOD13Q1 V061 Terra 250m 16-day
SO1805,Xarardheere,SO18,Mudug,2023-10-16,0.1741191011235955,0.16305,0.132767415730337,0.1307,0.1148757663762504,712,0.3192965472733139,0.2039367537915456,pixel_reliability=0 AND MODLAND_QA(bits0-1)=0 AND VI range -2000..10000,MOD13Q1 V061 Terra 250m 16-day
SO1805,Xarardheere,SO18,Mudug,2023-11-01,0.1923122994652406,0.1938,0.1496347593582888,0.1498,0.0301710229106163,187,0.1250403355921265,0.6535979348176831,pixel_reliability=0 AND MODLAND_QA(bits0-1)=0 AND VI range -2000..10000,MOD13Q1 V061 Terra 250m 16-day
SO1805,Xarardheere,SO18,Mudug,2023-11-17,0.3405533976124885,0.35095,0.2471248852157943,0.26395,0.3514036786060019,2178,0.1071313326879638,0.1343981929654727,pixel_reliability=0 AND MODLAND_QA(bits0-1)=0 AND VI range -2000..10000,MOD13Q1 V061 Terra 250m 16-day
SO1805,Xarardheere,SO18,Mudug,2023-12-03,0.3390340803553402,0.3468,0.2351853422168383,0.2478,0.7991287512100678,4953,0.036786060019361,0.0304937076476282,pixel_reliability=0 AND MODLAND_QA(bits0-1)=0 AND VI range -2000..10000,MOD13Q1 V061 Terra 250m 16-day
SO1805,Xarardheere,SO18,Mudug,2023-12-19,0.2949676923076923,0.30185,0.2039497846153846,0.20995,0.5243626976444015,3250,0.1455308163923846,0.0411423039690222,pixel_reliability=0 AND MODLAND_QA(bits0-1)=0 AND VI range -2000..10000,MOD13Q1 V061 Terra 250m 16-day
SO1901,Dhuusamarreeb,SO19,Galgaduud,2023-01-01,0.2009324804856895,0.1994,0.1258695504481064,0.1244,0.9224614974331622,13836,0.018267884525635,0.0,pixel_reliability=0 AND MODLAND_QA(bits0-1)=0 AND VI range -2000..10000,MOD13Q1 V061 Terra 250m 16-day
SO1901,Dhuusamarreeb,SO19,Galgaduud,2023-01-17,0.1910705735828733,0.1907,0.1182146425205332,0.1177,0.9903326888459232,14854,0.0003333555570371,0.0,pixel_reliability=0 AND MODLAND_QA(bits0-1)=0 AND VI range -2000..10000,MOD13Q1 V061 Terra 250m 16-day
SO1901,Dhuusamarreeb,SO19,Galgaduud,2023-02-02,0.1871044108596047,0.1868,0.1179223962251248,0.1177,0.9749316621108074,14623,0.0027335155677045,0.0,pixel_reliability=0 AND MODLAND_QA(bits0-1)=0 AND VI range -2000..10000,MOD13Q1 V061 Terra 250m 16-day
SO1901,Dhuusamarreeb,SO19,Galgaduud,2023-03-06,0.1864080808080808,0.1846,0.1133310023310023,0.1129,0.0858057203813587,1287,0.6080405360357357,0.0480032002133475,pixel_reliability=0 AND MODLAND_QA(bits0-1)=0 AND VI range -2000..10000,MOD13Q1 V061 Terra 250m 16-day
SO1901,Dhuusamarreeb,SO19,Galgaduud,2023-03-22,0.2380366969602005,0.2425,0.1577132873707301,0.1604,0.2127475165011,3191,0.4544302953530235,0.0026001733448896,pixel_reliability=0 AND MODLAND_QA(bits0-1)=0 AND VI range -2000..10000,MOD13Q1 V061 Terra 250m 16-day
SO1901,Dhuusamarreeb,SO19,Galgaduud,2023-04-07,0.2438486419753086,0.2437,0.1591985185185185,0.1578,0.081005400360024,1215,0.7129141942796187,0.0089339289285952,pixel_reliability=0 AND MODLAND_QA(bits0-1)=0 AND VI range -2000..10000,MOD13Q1 V061 Terra 250m 16-day
SO1901,Dhuusamarreeb,SO19,Galgaduud,2023-04-23,0.2633123159087231,0.2662,0.1738401359443276,0.1746,0.8239215947729849,12358,0.0068671244749649,0.0008667244482965,pixel_reliability=0 AND MODLAND_QA(bits0-1)=0 AND VI range -2000..10000,MOD13Q1 V061 Terra 250m 16-day
SO1901,Dhuusamarreeb,SO19,Galgaduud,2023-05-09,0.2674523217890977,0.2708,0.1734191877620748,0.1739,0.858590572704847,12878,0.0125341689445963,0.003600240016001,pixel_reliability=0 AND MODLAND_QA(bits0-1)=0 AND VI range -2000..10000,MOD13Q1 V061 Terra 250m 16-day
SO1901,Dhuusamarreeb,SO19,Galgaduud,2023-05-25,0.2603615780445969,0.2633,0.1629707592308386,0.163,0.7385159010600707,11077,0.0012667511167411,0.0003333555570371,pixel_reliability=0 AND MODLAND_QA(bits0-1)=0 AND VI range -2000..10000,MOD13Q1 V061 Terra 250m 16-day
SO1901,Dhuusamarreeb,SO19,Galgaduud,2023-06-10,0.2393193493010708,0.2392,0.1538052889724515,0.152,0.8155877058470564,12233,0.0320688045869724,0.0,pixel_reliability=0 AND MODLAND_QA(bits0-1)=0 AND VI range -2000..10000,MOD13Q1 V061 Terra 250m 16-day
SO1901,Dhuusamarreeb,SO19,Galgaduud,2023-06-26,0.2165087014081116,0.2163,0.1369790949572752,0.1354,0.5539702646843123,8309,0.160610707380492,0.0028668577905193,pixel_reliability=0 AND MODLAND_QA(bits0-1)=0 AND VI range -2000..10000,MOD13Q1 V061 Terra 250m 16-day
SO1901,Dhuusamarreeb,SO19,Galgaduud,2023-07-12,0.181352806122449,0.1752,0.1227896258503401,0.118,0.0784052270151343,1176,0.5704380292019468,0.0945396359757317,pixel_reliability=0 AND MODLAND_QA(bits0-1)=0 AND VI range -2000..10000,MOD13Q1 V061 Terra 250m 16-day
SO1901,Dhuusamarreeb,SO19,Galgaduud,2023-07-28,0.2034614877996113,0.204,0.1276888576981213,0.124,0.6175078338555904,9262,0.0838055870391359,0.0,pixel_reliability=0 AND MODLAND_QA(bits0-1)=0 AND VI range -2000..10000,MOD13Q1 V061 Terra 250m 16-day
SO1901,Dhuusamarreeb,SO19,Galgaduud,2023-08-13,0.194664886568962,0.1948,0.1225344843739543,0.1212,0.996266417761184,14943,6.667111140742716e-05,0.0,pixel_reliability=0 AND MODLAND_QA(bits0-1)=0 AND VI range -2000..10000,MOD13Q1 V061 Terra 250m 16-day
SO1901,Dhuusamarreeb,SO19,Galgaduud,2023-08-29,0.1902996800980125,0.1915,0.1186737680370269,0.1178,0.9795319687979198,14692,0.0018667911194079,0.0,pixel_reliability=0 AND MODLAND_QA(bits0-1)=0 AND VI range -2000..10000,MOD13Q1 V061 Terra 250m 16-day
SO1901,Dhuusamarreeb,SO19,Galgaduud,2023-09-14,0.1875495630287352,0.1881,0.119596273509054,0.1188,0.9535969064604308,14303,0.0042669511300753,0.0,pixel_reliability=0 AND MODLAND_QA(bits0-1)=0 AND VI range -2000..10000,MOD13Q1 V061 Terra 250m 16-day
SO1901,Dhuusamarreeb,SO19,Galgaduud,2023-09-30,0.2017233722541064,0.1956,0.136805660003958,0.131,0.3368891259417294,5053,0.2819521301420095,0.0390692712847523,pixel_reliability=0 AND MODLAND_QA(bits0-1)=0 AND VI range -2000..10000,MOD13Q1 V061 Terra 250m 16-day
SO1901,Dhuusamarreeb,SO19,Galgaduud,2023-10-16,0.2590076672104405,0.2509,0.1661729200652528,0.1649,0.0408693912927528,613,0.3492899526635109,0.2522834855657044,pixel_reliability=0 AND MODLAND_QA(bits0-1)=0 AND VI range -2000..10000,MOD13Q1 V061 Terra 250m 16-day
SO1901,Dhuusamarreeb,SO19,Galgaduud,2023-11-01,0.2665302752293578,0.2508,0.1785733944954128,0.1704,0.0072671511434095,109,0.4132942196146409,0.3615574371624775,pixel_reliability=0 AND MODLAND_QA(bits0-1)=0 AND VI range -2000..10000,MOD13Q1 V061 Terra 250m 16-day
SO1901,Dhuusamarreeb,SO19,Galgaduud,2023-11-17,0.3527197961248152,0.3458,0.2250030347832853,0.2229,0.8567904526968465,12851,0.0259350623374891,0.004066937795853,pixel_reliability=0 AND MODLAND_QA(bits0-1)=0 AND VI range -2000..10000,MOD13Q1 V061 Terra 250m 16-day
SO1901,Dhuusamarreeb,SO19,Galgaduud,2023-12-03,0.3377493991622605,0.3347,0.2205344159857172,0.2175,0.9709313954263618,14563,0.0057337155810387,0.0,pixel_reliability=0 AND MODLAND_QA(bits0-1)=0 AND VI range -2000..10000,MOD13Q1 V061 Terra 250m 16-day
SO1901,Dhuusamarreeb,SO19,Galgaduud,2023-12-19,0.2884686885726859,0.2853,0.1840898782455625,0.1822,0.908993932928862,13634,0.0024001600106673,0.0,pixel_reliability=0 AND MODLAND_QA(bits0-1)=0 AND VI range -2000..10000,MOD13Q1 V061 Terra 250m 16-day
SO1902,Cabudwaaq,SO19,Galgaduud,2023-01-01,0.2001856274184632,0.1951,0.1230326976229961,0.1203,0.9720580333154218,7236,0.0010746910263299,0.0,pixel_reliability=0 AND MODLAND_QA(bits0-1)=0 AND VI range -2000..10000,MOD13Q1 V061 Terra 250m 16-day
SO1902,Cabudwaaq,SO19,Galgaduud,2023-01-17,0.1948029201991656,0.1919,0.1163896245458215,0.1153,0.998253627082214,7431,0.0,0.0,pixel_reliability=0 AND MODLAND_QA(bits0-1)=0 AND VI range -2000..10000,MOD13Q1 V061 Terra 250m 16-day
SO1902,Cabudwaaq,SO19,Galgaduud,2023-02-02,0.1914772965702757,0.1892,0.1161600403496973,0.1155,0.9987909725953787,7435,0.0,0.0,pixel_reliability=0 AND MODLAND_QA(bits0-1)=0 AND VI range -2000..10000,MOD13Q1 V061 Terra 250m 16-day
SO1902,Cabudwaaq,SO19,Galgaduud,2023-03-06,0.1855815585960737,0.1838,0.1150672813801308,0.1157,0.2258194519075765,1681,0.4013970983342289,0.0,pixel_reliability=0 AND MODLAND_QA(bits0-1)=0 AND VI range -2000..10000,MOD13Q1 V061 Terra 250m 16-day
SO1902,Cabudwaaq,SO19,Galgaduud,2023-03-22,0.2429625996015936,0.2427,0.1581436752988048,0.1576,0.2697474476088125,2008,0.4305480924234283,0.0051047823750671,pixel_reliability=0 AND MODLAND_QA(bits0-1)=0 AND VI range -2000..10000,MOD13Q1 V061 Terra 250m 16-day
SO1902,Cabudwaaq,SO19,Galgaduud,2023-04-07,0.2492316901408451,0.24465,0.1561166666666666,0.15535,0.0572272971520687,426,0.7787479849543256,0.0008060182697474,pixel_reliability=0 AND MODLAND_QA(bits0-1)=0 AND VI range -2000..10000,MOD13Q1 V061 Terra 250m 16-day
SO1902,Cabudwaaq,SO19,Galgaduud,2023-04-23,0.2688537274270721,0.2676,0.1781443123938879,0.1777,0.8703653949489522,6479,0.0123589468027941,0.0002686727565824,pixel_reliability=0 AND MODLAND_QA(bits0-1)=0 AND VI range -2000..10000,MOD13Q1 V061 Terra 250m 16-day
SO1902,Cabudwaaq,SO19,Galgaduud,2023-05-09,0.2872093782306897,0.2862,0.1805535519125683,0.1802,0.9095916174099946,6771,0.0098065556152606,0.0010746910263299,pixel_reliability=0 AND MODLAND_QA(bits0-1)=0 AND VI range -2000..10000,MOD13Q1 V061 Terra 250m 16-day
SO1902,Cabudwaaq,SO19,Galgaduud,2023-05-25,0.2879103147095522,0.2872,0.1763455289061417,0.1768,0.9689682966147232,7213,0.0,0.0,pixel_reliability=0 AND MODLAND_QA(bits0-1)=0 AND VI range -2000..10000,MOD13Q1 V061 Terra 250m 16-day
SO1902,Cabudwaaq,SO19,Galgaduud,2023-06-10,0.256168800364908,0.2513,0.1608454462520906,0.1585,0.8835303600214938,6577,0.0255239118753358,0.0,pixel_reliability=0 AND MODLAND_QA(bits0-1)=0 AND VI range -2000..10000,MOD13Q1 V061 Terra 250m 16-day
SO1902,Cabudwaaq,SO19,Galgaduud,2023-06-26,0.2238216635095574,0.2183,0.1386645772343723,0.1372,0.7800913487372381,5807,0.0670338527673294,0.0001343363782912,pixel_reliability=0 AND MODLAND_QA(bits0-1)=0 AND VI range -2000..10000,MOD13Q1 V061 Terra 250m 16-day
SO1902,Cabudwaaq,SO19,Galgaduud,2023-07-12,0.2189629803921568,0.2124,0.1407527843137254,0.1369,0.1712788823213326,1275,0.6214400859752821,0.0018807092960773,pixel_reliability=0 AND MODLAND_QA(bits0-1)=0 AND VI range -2000..10000,MOD13Q1 V061 Terra 250m 16-day
SO1902,Cabudwaaq,SO19,Galgaduud,2023-07-28,0.206899063640692,0.2048,0.129221599746072,0.1272,0.8464535196131112,6301,0.0670338527673294,0.0,pixel_reliability=0 AND MODLAND_QA(bits0-1)=0 AND VI range -2000..10000,MOD13Q1 V061 Terra 250m 16-day
SO1902,Cabudwaaq,SO19,Galgaduud,2023-08-13,0.2032417920472864,0.2006,0.1254645351961311,0.1255,1.0,7444,0.0,0.0,pixel_reliability=0 AND MODLAND_QA(bits0-1)=0 AND VI range -2000..10000,MOD13Q1 V061 Terra 250m 16-day
SO1902,Cabudwaaq,SO19,Galgaduud,2023-08-29,0.1979015038631346,0.1958,0.1186113410596026,0.1184,0.9736700698549168,7248,0.0005373455131649,0.0,pixel_reliability=0 AND MODLAND_QA(bits0-1)=0 AND VI range -2000..10000,MOD13Q1 V061 Terra 250m 16-day
SO1902,Cabudwaaq,SO19,Galgaduud,2023-09-14,0.1929385025238362,0.1896,0.1193852495793606,0.1195,0.9580870499731328,7132,0.0036270822138635,0.0,pixel_reliability=0 AND MODLAND_QA(bits0-1)=0 AND VI range -2000..10000,MOD13Q1 V061 Terra 250m 16-day
SO1902,Cabudwaaq,SO19,Galgaduud,2023-09-30,0.2073185413700364,0.2051,0.1370785951589938,0.1364,0.8491402471789361,6321,0.0233745298226759,0.0004030091348737,pixel_reliability=0 AND MODLAND_QA(bits0-1)=0 AND VI range -2000..10000,MOD13Q1 V061 Terra 250m 16-day
SO1902,Cabudwaaq,SO19,Galgaduud,2023-10-16,0.2522671122994652,0.2405,0.1548446524064171,0.1475,0.0502418054809242,374,0.4595647501343364,0.1578452444922085,pixel_reliability=0 AND MODLAND_QA(bits0-1)=0 AND VI range -2000..10000,MOD13Q1 V061 Terra 250m 16-day
SO1902,Cabudwaaq,SO19,Galgaduud,2023-11-01,0.2967254990925589,0.2937,0.1818995462794918,0.1796,0.1480386888769478,1102,0.6801450832885545,0.0146426652337452,pixel_reliability=0 AND MODLAND_QA(bits0-1)=0 AND VI range -2000..10000,MOD13Q1 V061 Terra 250m 16-day
SO1902,Cabudwaaq,SO19,Galgaduud,2023-11-17,0.3610580113028868,0.36,0.2255659844203452,0.2249,0.8795002686727565,6547,0.0318377216550241,0.0,pixel_reliability=0 AND MODLAND_QA(bits0-1)=0 AND VI range -2000..10000,MOD13Q1 V061 Terra 250m 16-day
SO1902,Cabudwaaq,SO19,Galgaduud,2023-12-03,0.3397148738922972,0.3356,0.2159285071574642,0.2129,0.9853573347662548,7335,0.0014777001612036,0.0,pixel_reliability=0 AND MODLAND_QA(bits0-1)=0 AND VI range -2000..10000,MOD13Q1 V061 Terra 250m 16-day
SO1902,Cabudwaaq,SO19,Galgaduud,2023-12-19,0.2827421364985163,0.2741,0.1743622201240895,0.1707,0.9959699086512628,7414,0.0,0.0,pixel_reliability=0 AND MODLAND_QA(bits0-1)=0 AND VI range -2000..10000,MOD13Q1 V061 Terra 250m 16-day
SO1903,Cadaado,SO19,Galgaduud,2023-01-01,0.1806229249594574,0.1827,0.1179100840336134,0.118,0.914274160938132,6783,0.0014826796064159,0.0,pixel_reliability=0 AND MODLAND_QA(bits0-1)=0 AND VI range -2000..10000,MOD13Q1 V061 Terra 250m 16-day
SO1903,Cadaado,SO19,Galgaduud,2023-01-17,0.1779421038325632,0.1804,0.1137738923620549,0.1141,0.9917778676371478,7358,0.0002695781102574,0.0,pixel_reliability=0 AND MODLAND_QA(bits0-1)=0 AND VI range -2000..10000,MOD13Q1 V061 Terra 250m 16-day
SO1903,Cadaado,SO19,Galgaduud,2023-02-02,0.1763445394924437,0.1788,0.1153294553749643,0.1159,0.945410432672867,7014,0.0028305701577031,0.0,pixel_reliability=0 AND MODLAND_QA(bits0-1)=0 AND VI range -2000..10000,MOD13Q1 V061 Terra 250m 16-day
SO1903,Cadaado,SO19,Galgaduud,2023-03-06,0.168913309352518,0.1711,0.1181281294964028,0.1193,0.1873567866289257,1390,0.5136810890955654,0.0176573662218627,pixel_reliability=0 AND MODLAND_QA(bits0-1)=0 AND VI range -2000..10000,MOD13Q1 V061 Terra 250m 16-day
SO1903,Cadaado,SO19,Galgaduud,2023-03-22,0.1956429319371727,0.1993,0.1353488406881077,0.1361,0.3604259334142067,2674,0.2503032753740396,0.0020218358269308,pixel_reliability=0 AND MODLAND_QA(bits0-1)=0 AND VI range -2000..10000,MOD13Q1 V061 Terra 250m 16-day
SO1903,Cadaado,SO19,Galgaduud,2023-04-07,0.2222079510703364,0.2247,0.1432226299694189,0.1442,0.0440760210270926,327,0.8019948780159051,0.0047176169295053,pixel_reliability=0 AND MODLAND_QA(bits0-1)=0 AND VI range -2000..10000,MOD13Q1 V061 Terra 250m 16-day
SO1903,Cadaado,SO19,Galgaduud,2023-04-23,0.2215789862204724,0.2245,0.1487341043307086,0.1496,0.8216740800646988,6096,0.0068742418115649,0.0001347890551287,pixel_reliability=0 AND MODLAND_QA(bits0-1)=0 AND VI range -2000..10000,MOD13Q1 V061 Terra 250m 16-day
SO1903,Cadaado,SO19,Galgaduud,2023-05-09,0.2228281399893409,0.2222,0.1501024338248356,0.1495,0.7587275913195849,5629,0.0095700229141393,0.0001347890551287,pixel_reliability=0 AND MODLAND_QA(bits0-1)=0 AND VI range -2000..10000,MOD13Q1 V061 Terra 250m 16-day
SO1903,Cadaado,SO19,Galgaduud,2023-05-25,0.2301429982568274,0.2322,0.150516211504939,0.1502,0.6959158916295997,5163,0.000943523385901,0.0,pixel_reliability=0 AND MODLAND_QA(bits0-1)=0 AND VI range -2000..10000,MOD13Q1 V061 Terra 250m 16-day
SO1903,Cadaado,SO19,Galgaduud,2023-06-10,0.2227748328053502,0.2235,0.148743611404435,0.1488,0.7658714112414072,5682,0.0400323493732308,0.0,pixel_reliability=0 AND MODLAND_QA(bits0-1)=0 AND VI range -2000..10000,MOD13Q1 V061 Terra 250m 16-day
SO1903,Cadaado,SO19,Galgaduud,2023-06-26,0.2010758286429018,0.2003,0.1307638836772983,0.12945,0.4310553983016579,3198,0.2476074942714651,0.0053915622051489,pixel_reliability=0 AND MODLAND_QA(bits0-1)=0 AND VI range -2000..10000,MOD13Q1 V061 Terra 250m 16-day
SO1903,Cadaado,SO19,Galgaduud,2023-07-12,0.1818176275404396,0.1812,0.1237990460389879,0.1236,0.3249764119153525,2411,0.421754953497776,0.007278608976951,pixel_reliability=0 AND MODLAND_QA(bits0-1)=0 AND VI range -2000..10000,MOD13Q1 V061 Terra 250m 16-day
SO1903,Cadaado,SO19,Galgaduud,2023-07-28,0.1858971820632198,0.1857,0.12344807645185,0.1207,0.5500741339803208,4081,0.077503706699016,0.0001347890551287,pixel_reliability=0 AND MODLAND_QA(bits0-1)=0 AND VI range -2000..10000,MOD13Q1 V061 Terra 250m 16-day
SO1903,Cadaado,SO19,Galgaduud,2023-08-13,0.1865011021907742,0.1862,0.1205077425500068,0.12,0.9905647661409892,7349,0.0002695781102574,0.0,pixel_reliability=0 AND MODLAND_QA(bits0-1)=0 AND VI range -2000..10000,MOD13Q1 V061 Terra 250m 16-day
SO1903,Cadaado,SO19,Galgaduud,2023-08-29,0.178547579548545,0.1794,0.1167353957030187,0.1162,0.991238711416633,7354,0.000943523385901,0.0,pixel_reliability=0 AND MODLAND_QA(bits0-1)=0 AND VI range -2000..10000,MOD13Q1 V061 Terra 250m 16-day
SO1903,Cadaado,SO19,Galgaduud,2023-09-14,0.1751883606557377,0.1762,0.1149841666666666,0.1149,0.9866558835422564,7320,0.0008087343307723,0.0,pixel_reliability=0 AND MODLAND_QA(bits0-1)=0 AND VI range -2000..10000,MOD13Q1 V061 Terra 250m 16-day
SO1903,Cadaado,SO19,Galgaduud,2023-09-30,0.1913689219095795,0.1899,0.1299314732848561,0.1268,0.8526755627443051,6326,0.0246663970885564,0.0005391562205148,pixel_reliability=0 AND MODLAND_QA(bits0-1)=0 AND VI range -2000..10000,MOD13Q1 V061 Terra 250m 16-day
SO1903,Cadaado,SO19,Galgaduud,2023-10-16,0.2037358744394618,0.202,0.1393686098654708,0.1363,0.0300579592937053,223,0.4979107696455048,0.1957137080469066,pixel_reliability=0 AND MODLAND_QA(bits0-1)=0 AND VI range -2000..10000,MOD13Q1 V061 Terra 250m 16-day
SO1903,Cadaado,SO19,Galgaduud,2023-11-01,0.2754976644130301,0.2757,0.1949773202212661,0.1971,0.2193017926944332,1627,0.4689311227928292,0.0186008896077638,pixel_reliability=0 AND MODLAND_QA(bits0-1)=0 AND VI range -2000..10000,MOD13Q1 V061 Terra 250m 16-day
SO1903,Cadaado,SO19,Galgaduud,2023-11-17,0.3138139496799166,0.3174,0.2064654905463748,0.2073,0.905378083299636,6717,0.0079525542525946,0.0,pixel_reliability=0 AND MODLAND_QA(bits0-1)=0 AND VI range -2000..10000,MOD13Q1 V061 Terra 250m 16-day
SO1903,Cadaado,SO19,Galgaduud,2023-12-03,0.3010299944274171,0.3029,0.1999644051267763,0.2001,0.9675158377139776,7178,0.0052567731500202,0.0,pixel_reliability=0 AND MODLAND_QA(bits0-1)=0 AND VI range -2000..10000,MOD13Q1 V061 Terra 250m 16-day
SO1903,Cadaado,SO19,Galgaduud,2023-12-19,0.2661477710589228,0.2639,0.175381352833638,0.1735,0.9584849710203532,7111,0.002426202992317,0.0,pixel_reliability=0 AND MODLAND_QA(bits0-1)=0 AND VI range -2000..10000,MOD13Q1 V061 Terra 250m 16-day
SO1904,Ceel Buur,SO19,Galgaduud,2023-01-01,0.2015925880711545,0.1991,0.1311235873735612,0.129,0.7480756686236139,11468,0.0455968688845401,0.0,pixel_reliability=0 AND MODLAND_QA(bits0-1)=0 AND VI range -2000..10000,MOD13Q1 V061 Terra 250m 16-day
SO1904,Ceel Buur,SO19,Galgaduud,2023-01-17,0.1909548393884135,0.1888,0.12284922148969,0.1211,0.9300717547292888,14258,0.0007175472928897,0.0,pixel_reliability=0 AND MODLAND_QA(bits0-1)=0 AND VI range -2000..10000,MOD13Q1 V061 Terra 250m 16-day
SO1904,Ceel Buur,SO19,Galgaduud,2023-02-02,0.1828890797339395,0.1824,0.1192385871853161,0.1179,0.7747553816046967,11877,0.0551859099804305,0.0,pixel_reliability=0 AND MODLAND_QA(bits0-1)=0 AND VI range -2000..10000,MOD13Q1 V061 Terra 250m 16-day
SO1904,Ceel Buur,SO19,Galgaduud,2023-03-06,0.1819169997103967,0.1796,0.1156579496090356,0.1155,0.2252446183953033,3453,0.3607305936073059,0.0165688193085453,pixel_reliability=0 AND MODLAND_QA(bits0-1)=0 AND VI range -2000..10000,MOD13Q1 V061 Terra 250m 16-day
SO1904,Ceel Buur,SO19,Galgaduud,2023-03-22,0.2261155517349171,0.2213,0.1528875898718349,0.1498,0.4173515981735159,6398,0.2580560991519895,0.0008480104370515,pixel_reliability=0 AND MODLAND_QA(bits0-1)=0 AND VI range -2000..10000,MOD13Q1 V061 Terra 250m 16-day
SO1904,Ceel Buur,SO19,Galgaduud,2023-04-07,0.2592682467532468,0.2527,0.1706942207792207,0.1681,0.1004566210045662,1540,0.5639921722113503,0.0324200913242009,pixel_reliability=0 AND MODLAND_QA(bits0-1)=0 AND VI range -2000..10000,MOD13Q1 V061 Terra 250m 16-day
SO1904,Ceel Buur,SO19,Galgaduud,2023-04-23,0.2943781243565987,0.2913,0.1927703108914968,0.1906,0.6336594911937378,9714,0.0315068493150684,0.0133724722765818,pixel_reliability=0 AND MODLAND_QA(bits0-1)=0 AND VI range -2000..10000,MOD13Q1 V061 Terra 250m 16-day
SO1904,Ceel Buur,SO19,Galgaduud,2023-05-09,0.2721832770073418,0.2695,0.1871599230858874,0.1845,0.5597521200260926,8581,0.0792563600782778,0.1242009132420091,pixel_reliability=0 AND MODLAND_QA(bits0-1)=0 AND VI range -2000..10000,MOD13Q1 V061 Terra 250m 16-day
SO1904,Ceel Buur,SO19,Galgaduud,2023-05-25,0.2479292614955875,0.2481,0.1617636166589255,0.1601,0.4213307240704501,6459,0.1613829093281148,0.0322896281800391,pixel_reliability=0 AND MODLAND_QA(bits0-1)=0 AND VI range -2000..10000,MOD13Q1 V061 Terra 250m 16-day
SO1904,Ceel Buur,SO19,Galgaduud,2023-06-10,0.2224594225157426,0.2224,0.1470644908616188,0.1463,0.8494455316373125,13022,0.0349641226353555,0.0009784735812133,pixel_reliability=0 AND MODLAND_QA(bits0-1)=0 AND VI range -2000..10000,MOD13Q1 V061 Terra 250m 16-day
SO1904,Ceel Buur,SO19,Galgaduud,2023-06-26,0.1962352655583345,0.195,0.1287287038399293,0.1275,0.4433789954337899,6797,0.215003261578604,0.0113502935420743,pixel_reliability=0 AND MODLAND_QA(bits0-1)=0 AND VI range -2000..10000,MOD13Q1 V061 Terra 250m 16-day
SO1904,Ceel Buur,SO19,Galgaduud,2023-07-12,0.1816853618421052,0.1809,0.1272662828947368,0.12685,0.0396607958251793,608,0.3584474885844749,0.2461839530332681,pixel_reliability=0 AND MODLAND_QA(bits0-1)=0 AND VI range -2000..10000,MOD13Q1 V061 Terra 250m 16-day
SO1904,Ceel Buur,SO19,Galgaduud,2023-07-28,0.1871987678028484,0.1882,0.1195526004160665,0.1182,0.4076320939334638,6249,0.2288323548597521,0.002283105022831,pixel_reliability=0 AND MODLAND_QA(bits0-1)=0 AND VI range -2000..10000,MOD13Q1 V061 Terra 250m 16-day
SO1904,Ceel Buur,SO19,Galgaduud,2023-08-13,0.1843382669653827,0.1844,0.1199313868613138,0.1189,0.9026092628832356,13837,0.0061317677756033,0.0,pixel_reliability=0 AND MODLAND_QA(bits0-1)=0 AND VI range -2000..10000,MOD13Q1 V061 Terra 250m 16-day
SO1904,Ceel Buur,SO19,Galgaduud,2023-08-29,0.1816236886404955,0.1812,0.1185299441115076,0.1176,0.9687540769732552,14851,0.0037834311806914,0.0,pixel_reliability=0 AND MODLAND_QA(bits0-1)=0 AND VI range -2000..10000,MOD13Q1 V061 Terra 250m 16-day
SO1904,Ceel Buur,SO19,Galgaduud,2023-09-14,0.1779265205724508,0.1783,0.1194202444841979,0.1191,0.875146771037182,13416,0.0102413568166992,6.523157208088715e-05,pixel_reliability=0 AND MODLAND_QA(bits0-1)=0 AND VI range -2000..10000,MOD13Q1 V061 Terra 250m 16-day
SO1904,Ceel Buur,SO19,Galgaduud,2023-09-30,0.1973235173824131,0.1889,0.1416866394001363,0.1346,0.0956947162426614,1467,0.3801043705153294,0.1637964774951076,pixel_reliability=0 AND MODLAND_QA(bits0-1)=0 AND VI range -2000..10000,MOD13Q1 V061 Terra 250m 16-day
SO1904,Ceel Buur,SO19,Galgaduud,2023-10-16,0.2840270543615676,0.27645,0.1775055625790139,0.1711,0.1031963470319634,1582,0.2949771689497716,0.231767775603392,pixel_reliability=0 AND MODLAND_QA(bits0-1)=0 AND VI range -2000..10000,MOD13Q1 V061 Terra 250m 16-day
SO1904,Ceel Buur,SO19,Galgaduud,2023-11-01,0.3209225,0.3359499999999999,0.2134675,0.21685,0.0026092628832354,40,0.0952380952380952,0.7338551859099804,pixel_reliability=0 AND MODLAND_QA(bits0-1)=0 AND VI range -2000..10000,MOD13Q1 V061 Terra 250m 16-day
SO1904,Ceel Buur,SO19,Galgaduud,2023-11-17,0.3645267576438072,0.3592,0.2409601831058904,0.2379,0.3776255707762557,5789,0.1520547945205479,0.1681017612524462,pixel_reliability=0 AND MODLAND_QA(bits0-1)=0 AND VI range -2000..10000,MOD13Q1 V061 Terra 250m 16-day
SO1904,Ceel Buur,SO19,Galgaduud,2023-12-03,0.3492498501770635,0.3461,0.233000953418687,0.2319,0.9578604044357468,14684,0.010371819960861,0.0,pixel_reliability=0 AND MODLAND_QA(bits0-1)=0 AND VI range -2000..10000,MOD13Q1 V061 Terra 250m 16-day
SO1904,Ceel Buur,SO19,Galgaduud,2023-12-19,0.2912602154616494,0.2893,0.1935602382216827,0.1899,0.8598173515981735,13181,0.0074363992172211,6.523157208088715e-05,pixel_reliability=0 AND MODLAND_QA(bits0-1)=0 AND VI range -2000..10000,MOD13Q1 V061 Terra 250m 16-day
SO1905,Ceel Dheer,SO19,Galgaduud,2023-01-01,0.219852,0.2289,0.1578266220095693,0.1579,0.4288763030452269,5225,0.1906755314782894,0.0189608470819995,pixel_reliability=0 AND MODLAND_QA(bits0-1)=0 AND VI range -2000..10000,MOD13Q1 V061 Terra 250m 16-day
SO1905,Ceel Dheer,SO19,Galgaduud,2023-01-17,0.2358839044355606,0.225,0.1660411479154768,0.1566,0.8623491750800295,10506,0.0154313387507182,0.0149388492161208,pixel_reliability=0 AND MODLAND_QA(bits0-1)=0 AND VI range -2000..10000,MOD13Q1 V061 Terra 250m 16-day
SO1905,Ceel Dheer,SO19,Galgaduud,2023-02-02,0.205337466581795,0.1987,0.1510346530872056,0.145,0.6447508823770828,7855,0.0608224575227776,0.0150209308052203,pixel_reliability=0 AND MODLAND_QA(bits0-1)=0 AND VI range -2000..10000,MOD13Q1 V061 Terra 250m 16-day
SO1905,Ceel Dheer,SO19,Galgaduud,2023-03-06,0.1575779575328615,0.15795,0.1127085945399393,0.1147,0.1623573832389395,1978,0.4344578511039974,0.0385783468767955,pixel_reliability=0 AND MODLAND_QA(bits0-1)=0 AND VI range -2000..10000,MOD13Q1 V061 Terra 250m 16-day
SO1905,Ceel Dheer,SO19,Galgaduud,2023-03-22,0.2198978500551268,0.2228,0.1554351157662624,0.1574,0.2977920052532217,3628,0.3540999753755233,0.0184683575474021,pixel_reliability=0 AND MODLAND_QA(bits0-1)=0 AND VI range -2000..10000,MOD13Q1 V061 Terra 250m 16-day
SO1905,Ceel Dheer,SO19,Galgaduud,2023-04-07,0.2469601632438125,0.2426,0.1668546340179041,0.1751,0.3117458754001477,3798,0.3605023393252893,0.0295493720758433,pixel_reliability=0 AND MODLAND_QA(bits0-1)=0 AND VI range -2000..10000,MOD13Q1 V061 Terra 250m 16-day
SO1905,Ceel Dheer,SO19,Galgaduud,2023-04-23,0.3123878607086326,0.324,0.2194991233410446,0.2221,0.6741360912747271,8213,0.044898629237462,0.0293031273085446,pixel_reliability=0 AND MODLAND_QA(bits0-1)=0 AND VI range -2000..10000,MOD13Q1 V061 Terra 250m 16-day
SO1905,Ceel Dheer,SO19,Galgaduud,2023-05-09,0.2563809051724138,0.2556,0.1770284051724137,0.1846,0.1904292867109907,2320,0.2652876959697939,0.203398177788722,pixel_reliability=0 AND MODLAND_QA(bits0-1)=0 AND VI range -2000..10000,MOD13Q1 V061 Terra 250m 16-day
SO1905,Ceel Dheer,SO19,Galgaduud,2023-05-25,0.2218233628318584,0.2061,0.1601346902654867,0.1666,0.0463760978412542,565,0.3487646720840515,0.2187474349503406,pixel_reliability=0 AND MODLAND_QA(bits0-1)=0 AND VI range -2000..10000,MOD13Q1 V061 Terra 250m 16-day
SO1905,Ceel Dheer,SO19,Galgaduud,2023-06-10,0.2258968011632133,0.2419,0.1552965467102871,0.1587,0.2258064516129032,2751,0.2528112944266601,0.1630961175408355,pixel_reliability=0 AND MODLAND_QA(bits0-1)=0 AND VI range -2000..10000,MOD13Q1 V061 Terra 250m 16-day
SO1905,Ceel Dheer,SO19,Galgaduud,2023-06-26,0.1976458481192335,0.2082,0.1362391530636385,0.1388,0.3469588771238611,4227,0.2177624558811458,0.0975129278502831,pixel_reliability=0 AND MODLAND_QA(bits0-1)=0 AND VI range -2000..10000,MOD13Q1 V061 Terra 250m 16-day
SO1905,Ceel Dheer,SO19,Galgaduud,2023-07-12,0.1322508972267536,0.12435,0.1171857259380098,0.11715,0.1006320282360666,1226,0.332266272675039,0.2207994746778297,pixel_reliability=0 AND MODLAND_QA(bits0-1)=0 AND VI range -2000..10000,MOD13Q1 V061 Terra 250m 16-day
SO1905,Ceel Dheer,SO19,Galgaduud,2023-07-28,0.184626962962963,0.1946,0.1323611851851852,0.13495,0.1108101452844127,1350,0.4443076417959452,0.1138471640810966,pixel_reliability=0 AND MODLAND_QA(bits0-1)=0 AND VI range -2000..10000,MOD13Q1 V061 Terra 250m 16-day
SO1905,Ceel Dheer,SO19,Galgaduud,2023-08-13,0.18573125790939,0.1922,0.1242656542647431,0.1264,0.3243043585323812,3951,0.3042764507920873,0.0305343511450381,pixel_reliability=0 AND MODLAND_QA(bits0-1)=0 AND VI range -2000..10000,MOD13Q1 V061 Terra 250m 16-day
SO1905,Ceel Dheer,SO19,Galgaduud,2023-08-29,0.1866706907090464,0.1922,0.1234967909535452,0.1271,0.5371419190675532,6544,0.1726175818763851,0.0238857424279734,pixel_reliability=0 AND MODLAND_QA(bits0-1)=0 AND VI range -2000..10000,MOD13Q1 V061 Terra 250m 16-day
SO1905,Ceel Dheer,SO19,Galgaduud,2023-09-14,0.1682584283589489,0.176,0.1192678482895389,0.1234,0.331117130427645,4034,0.2249856357219075,0.0663219239924484,pixel_reliability=0 AND MODLAND_QA(bits0-1)=0 AND VI range -2000..10000,MOD13Q1 V061 Terra 250m 16-day
SO1905,Ceel Dheer,SO19,Galgaduud,2023-09-30,0.1285130293159609,0.1231,0.1157553745928338,0.1143,0.0251990478535664,307,0.2428794221456127,0.4472625790035295,pixel_reliability=0 AND MODLAND_QA(bits0-1)=0 AND VI range -2000..10000,MOD13Q1 V061 Terra 250m 16-day
SO1905,Ceel Dheer,SO19,Galgaduud,2023-10-16,0.2492025015253203,0.2591,0.1636859670530811,0.1742,0.134531724534187,1639,0.3060001641631782,0.1712221948616925,pixel_reliability=0 AND MODLAND_QA(bits0-1)=0 AND VI range -2000..10000,MOD13Q1 V061 Terra 250m 16-day
SO1905,Ceel Dheer,SO19,Galgaduud,2023-11-01,0.2086538374717833,0.2015,0.160296388261851,0.1592,0.0727242879422145,886,0.1660510547484199,0.4974144299433637,pixel_reliability=0 AND MODLAND_QA(bits0-1)=0 AND VI range -2000..10000,MOD13Q1 V061 Terra 250m 16-day
SO1905,Ceel Dheer,SO19,Galgaduud,2023-11-17,0.2884872646733112,0.26545,0.2275896456256921,0.2329,0.1482393499138143,1806,0.2830994008043995,0.2391857506361323,pixel_reliability=0 AND MODLAND_QA(bits0-1)=0 AND VI range -2000..10000,MOD13Q1 V061 Terra 250m 16-day
SO1905,Ceel Dheer,SO19,Galgaduud,2023-12-03,0.3812403651561812,0.3814,0.2721516717993841,0.2821,0.7462858080932447,9092,0.0898793400640236,0.0174833784782073,pixel_reliability=0 AND MODLAND_QA(bits0-1)=0 AND VI range -2000..10000,MOD13Q1 V061 Terra 250m 16-day
SO1905,Ceel Dheer,SO19,Galgaduud,2023-12-19,0.3384472371883222,0.3336,0.2217572860543791,0.224,0.655093162603628,7981,0.1145858983829927,0.0200279077402938,pixel_reliability=0 AND MODLAND_QA(bits0-1)=0 AND VI range -2000..10000,MOD13Q1 V061 Terra 250m 16-day
SO2001,Belet Weyne,SO20,Hiraan,2023-01-01,0.2163861834248865,0.2133,0.1296280272271316,0.1248,0.9660821412090448,16748,0.0030572219658514,0.0,pixel_reliability=0 AND MODLAND_QA(bits0-1)=0 AND VI range -2000..10000,MOD13Q1 V061 Terra 250m 16-day
SO2001,Belet Weyne,SO20,Hiraan,2023-01-17,0.2005813495511149,0.2009,0.1204670026064292,0.1176,0.9959044762344256,17265,0.0004037840332256,0.0,pixel_reliability=0 AND MODLAND_QA(bits0-1)=0 AND VI range -2000..10000,MOD13Q1 V061 Terra 250m 16-day
SO2001,Belet Weyne,SO20,Hiraan,2023-02-02,0.1945013535429142,0.196,0.1172419785429141,0.1151,0.9247808029533918,16032,0.019958467928011,0.0,pixel_reliability=0 AND MODLAND_QA(bits0-1)=0 AND VI range -2000..10000,MOD13Q1 V061 Terra 250m 16-day
SO2001,Belet Weyne,SO20,Hiraan,2023-03-06,0.1882454412570802,0.1891,0.1149255527133199,0.1136,0.6314028610982926,10946,0.0817951084448546,0.0,pixel_reliability=0 AND MODLAND_QA(bits0-1)=0 AND VI range -2000..10000,MOD13Q1 V061 Terra 250m 16-day
SO2001,Belet Weyne,SO20,Hiraan,2023-03-22,0.2512854236802521,0.2454,0.1560742496955805,0.1517,0.805318412551915,13961,0.0235925242270419,0.0,pixel_reliability=0 AND MODLAND_QA(bits0-1)=0 AND VI range -2000..10000,MOD13Q1 V061 Terra 250m 16-day
SO2001,Belet Weyne,SO20,Hiraan,2023-04-07,0.2890397520340953,0.2893,0.1750096861681518,0.1736,0.1488809413936317,2581,0.5337448084910014,0.0268804799261652,pixel_reliability=0 AND MODLAND_QA(bits0-1)=0 AND VI range -2000..10000,MOD13Q1 V061 Terra 250m 16-day
SO2001,Belet Weyne,SO20,Hiraan,2023-04-23,0.2913163266971279,0.2864,0.1895247062663185,0.185,0.7069681587448085,12256,0.0437817258883248,0.0128057221965851,pixel_reliability=0 AND MODLAND_QA(bits0-1)=0 AND VI range -2000..10000,MOD13Q1 V061 Terra 250m 16-day
SO2001,Belet Weyne,SO20,Hiraan,2023-05-09,0.2790236874236874,0.275,0.1749209198209198,0.1732,0.7086409783110291,12285,0.0469543147208121,0.0231310567604983,pixel_reliability=0 AND MODLAND_QA(bits0-1)=0 AND VI range -2000..10000,MOD13Q1 V061 Terra 250m 16-day
SO2001,Belet Weyne,SO20,Hiraan,2023-05-25,0.2651079254224605,0.2577,0.1578575918189187,0.1544,0.9250692201199816,16037,0.012863405629903,0.0004614674665436,pixel_reliability=0 AND MODLAND_QA(bits0-1)=0 AND VI range -2000..10000,MOD13Q1 V061 Terra 250m 16-day
SO2001,Belet Weyne,SO20,Hiraan,2023-06-10,0.2257625244618395,0.2169,0.1381338928195092,0.1328,0.7663820950622982,13286,0.0582602676511306,0.0014997692662667,pixel_reliability=0 AND MODLAND_QA(bits0-1)=0 AND VI range -2000..10000,MOD13Q1 V061 Terra 250m 16-day
SO2001,Belet Weyne,SO20,Hiraan,2023-06-26,0.2015774387827879,0.1943,0.1249835486171646,0.1188,0.7279072450392248,12619,0.0790263036455929,0.0050761421319796,pixel_reliability=0 AND MODLAND_QA(bits0-1)=0 AND VI range -2000..10000,MOD13Q1 V061 Terra 250m 16-day
SO2001,Belet Weyne,SO20,Hiraan,2023-07-12,0.1931496376811594,0.1807,0.1243652898550724,0.1152,0.3980156898938625,6900,0.4134171665897554,0.0114213197969543,pixel_reliability=0 AND MODLAND_QA(bits0-1)=0 AND VI range -2000..10000,MOD13Q1 V061 Terra 250m 16-day
SO2001,Belet Weyne,SO20,Hiraan,2023-07-28,0.1949366302035855,0.1975,0.116059161349134,0.1139,0.379672358098754,6582,0.2426742039686202,0.0155168435625288,pixel_reliability=0 AND MODLAND_QA(bits0-1)=0 AND VI range -2000..10000,MOD13Q1 V061 Terra 250m 16-day
SO2001,Belet Weyne,SO20,Hiraan,2023-08-13,0.1961557904119182,0.193,0.1202510727701025,0.1144,0.9060336871250576,15707,0.0015574526995846,0.0,pixel_reliability=0 AND MODLAND_QA(bits0-1)=0 AND VI range -2000..10000,MOD13Q1 V061 Terra 250m 16-day
SO2001,Belet Weyne,SO20,Hiraan,2023-08-29,0.1955723104056437,0.1927,0.1162503557744937,0.1113,0.9484886940470696,16443,0.0016151361329026,0.0,pixel_reliability=0 AND MODLAND_QA(bits0-1)=0 AND VI range -2000..10000,MOD13Q1 V061 Terra 250m 16-day
SO2001,Belet Weyne,SO20,Hiraan,2023-09-14,0.2012179022515101,0.1965,0.1215574801914175,0.1173,0.7352907245039225,12747,0.0160359944623904,0.0,pixel_reliability=0 AND MODLAND_QA(bits0-1)=0 AND VI range -2000..10000,MOD13Q1 V061 Terra 250m 16-day
SO2001,Belet Weyne,SO20,Hiraan,2023-09-30,0.2217182201509099,0.2062,0.1532125610297381,0.1399,0.5198431010613752,9012,0.2559990770650669,0.003518689432395,pixel_reliability=0 AND MODLAND_QA(bits0-1)=0 AND VI range -2000..10000,MOD13Q1 V061 Terra 250m 16-day
SO2001,Belet Weyne,SO20,Hiraan,2023-10-16,0.3325029945553538,0.32705,0.1953719600725953,0.193,0.0635671435163821,1102,0.3701545916012921,0.231022150438394,pixel_reliability=0 AND MODLAND_QA(bits0-1)=0 AND VI range -2000..10000,MOD13Q1 V061 Terra 250m 16-day
SO2001,Belet Weyne,SO20,Hiraan,2023-11-01,0.4663044127786716,0.4683,0.2695316708802574,0.2702,0.2509806183664052,4351,0.1895477618827872,0.2800530687586525,pixel_reliability=0 AND MODLAND_QA(bits0-1)=0 AND VI range -2000..10000,MOD13Q1 V061 Terra 250m 16-day
SO2001,Belet Weyne,SO20,Hiraan,2023-11-17,0.4176135082367297,0.4131,0.2708358755338621,0.2623,0.4727157360406091,8195,0.2684586986617443,0.012921089063221,pixel_reliability=0 AND MODLAND_QA(bits0-1)=0 AND VI range -2000..10000,MOD13Q1 V061 Terra 250m 16-day
SO2001,Belet Weyne,SO20,Hiraan,2023-12-03,0.4277211017907074,0.4182,0.2652869296210364,0.2603,0.9696008306414398,16809,0.0039224734656206,0.0,pixel_reliability=0 AND MODLAND_QA(bits0-1)=0 AND VI range -2000..10000,MOD13Q1 V061 Terra 250m 16-day
SO2001,Belet Weyne,SO20,Hiraan,2023-12-19,0.3600171997902465,0.3553,0.2157632057332634,0.2133,0.9900207660359944,17163,0.0010383017997231,0.0,pixel_reliability=0 AND MODLAND_QA(bits0-1)=0 AND VI range -2000..10000,MOD13Q1 V061 Terra 250m 16-day
SO2002,Bulo Burto,SO20,Hiraan,2023-01-01,0.2475106426041491,0.2451,0.1414895148141901,0.1402,0.9447100063734865,17787,0.0076481835564053,0.0,pixel_reliability=0 AND MODLAND_QA(bits0-1)=0 AND VI range -2000..10000,MOD13Q1 V061 Terra 250m 16-day
SO2002,Bulo Burto,SO20,Hiraan,2023-01-17,0.2212564140955029,0.2218,0.1269470135286883,0.1266,0.993254727002337,18701,0.0006904610155088,0.0,pixel_reliability=0 AND MODLAND_QA(bits0-1)=0 AND VI range -2000..10000,MOD13Q1 V061 Terra 250m 16-day
SO2002,Bulo Burto,SO20,Hiraan,2023-02-02,0.2088394659311728,0.2103,0.1223283332288597,0.1218,0.8473018908009348,15953,0.0475355852984916,0.0,pixel_reliability=0 AND MODLAND_QA(bits0-1)=0 AND VI range -2000..10000,MOD13Q1 V061 Terra 250m 16-day
SO2002,Bulo Burto,SO20,Hiraan,2023-03-06,0.2179944657266281,0.2152,0.1190319259923384,0.1198,0.6516358614828978,12269,0.1676758019970257,0.0003186743148502,pixel_reliability=0 AND MODLAND_QA(bits0-1)=0 AND VI range -2000..10000,MOD13Q1 V061 Terra 250m 16-day
SO2002,Bulo Burto,SO20,Hiraan,2023-03-22,0.2910609985315712,0.2791,0.1657707709251101,0.1569,0.7233906947100064,13620,0.1034629275547057,0.0,pixel_reliability=0 AND MODLAND_QA(bits0-1)=0 AND VI range -2000..10000,MOD13Q1 V061 Terra 250m 16-day
SO2002,Bulo Burto,SO20,Hiraan,2023-04-07,0.3438038213399504,0.3431,0.1992317121588089,0.2004,0.3210643722115997,6045,0.3192054387083067,0.0097195666029318,pixel_reliability=0 AND MODLAND_QA(bits0-1)=0 AND VI range -2000..10000,MOD13Q1 V061 Terra 250m 16-day
SO2002,Bulo Burto,SO20,Hiraan,2023-04-23,0.3334116350933763,0.3306,0.2084863092838909,0.2098,0.3953154875717017,7443,0.1997556830252815,0.0672933928192054,pixel_reliability=0 AND MODLAND_QA(bits0-1)=0 AND VI range -2000..10000,MOD13Q1 V061 Terra 250m 16-day
SO2002,Bulo Burto,SO20,Hiraan,2023-05-09,0.3330690504687811,0.3261,0.196165759026531,0.1946,0.5325047801147228,10026,0.1113235606543446,0.0769067346505205,pixel_reliability=0 AND MODLAND_QA(bits0-1)=0 AND VI range -2000..10000,MOD13Q1 V061 Terra 250m 16-day
SO2002,Bulo Burto,SO20,Hiraan,2023-05-25,0.2947382668851265,0.2927,0.1734831239759694,0.1725,0.2917463352453792,5493,0.2847886127044827,0.0683025281495644,pixel_reliability=0 AND MODLAND_QA(bits0-1)=0 AND VI range -2000..10000,MOD13Q1 V061 Terra 250m 16-day
SO2002,Bulo Burto,SO20,Hiraan,2023-06-10,0.2722671688968497,0.2702,0.1618678432198925,0.16,0.5040896537072446,9491,0.2153707244529424,0.0118971744210749,pixel_reliability=0 AND MODLAND_QA(bits0-1)=0 AND VI range -2000..10000,MOD13Q1 V061 Terra 250m 16-day
SO2002,Bulo Burto,SO20,Hiraan,2023-06-26,0.2233053492599325,0.2202,0.1305500389509218,0.1283,0.2045357977480348,3851,0.2621627363501168,0.2282239218185681,pixel_reliability=0 AND MODLAND_QA(bits0-1)=0 AND VI range -2000..10000,MOD13Q1 V061 Terra 250m 16-day
SO2002,Bulo Burto,SO20,Hiraan,2023-07-12,0.2221635467980295,0.2166,0.124728263546798,0.1223,0.2587635436583811,4872,0.3975993201614616,0.0606543445931591,pixel_reliability=0 AND MODLAND_QA(bits0-1)=0 AND VI range -2000..10000,MOD13Q1 V061 Terra 250m 16-day
SO2002,Bulo Burto,SO20,Hiraan,2023-07-28,0.2102809352517985,0.2092,0.1207354316546762,0.12,0.029530486509454,556,0.3606862120246441,0.3396537072445294,pixel_reliability=0 AND MODLAND_QA(bits0-1)=0 AND VI range -2000..10000,MOD13Q1 V061 Terra 250m 16-day
SO2002,Bulo Burto,SO20,Hiraan,2023-08-13,0.2034490101809954,0.2019,0.1210518806561086,0.12,0.3756107924367962,7072,0.3058211174845974,0.0299553855959209,pixel_reliability=0 AND MODLAND_QA(bits0-1)=0 AND VI range -2000..10000,MOD13Q1 V061 Terra 250m 16-day
SO2002,Bulo Burto,SO20,Hiraan,2023-08-29,0.2063841766272372,0.2065,0.1176180714683842,0.1175,0.8576056936477586,16147,0.0301678351391544,0.0007966857871255,pixel_reliability=0 AND MODLAND_QA(bits0-1)=0 AND VI range -2000..10000,MOD13Q1 V061 Terra 250m 16-day
SO2002,Bulo Burto,SO20,Hiraan,2023-09-14,0.2050261134307585,0.2043,0.1164945807237299,0.1175,0.6105799872530274,11496,0.0675058423624389,0.0030274059910771,pixel_reliability=0 AND MODLAND_QA(bits0-1)=0 AND VI range -2000..10000,MOD13Q1 V061 Terra 250m 16-day
SO2002,Bulo Burto,SO20,Hiraan,2023-09-30,0.204019209039548,0.1886,0.1399889265536723,0.1269,0.0470044614404079,885,0.410558742298704,0.2379434884214999,pixel_reliability=0 AND MODLAND_QA(bits0-1)=0 AND VI range -2000..10000,MOD13Q1 V061 Terra 250m 16-day
SO2002,Bulo Burto,SO20,Hiraan,2023-10-16,0.3850501084076127,0.3891,0.2126793784630209,0.2171,0.220469513490546,4151,0.3540471637985978,0.0749415763756107,pixel_reliability=0 AND MODLAND_QA(bits0-1)=0 AND VI range -2000..10000,MOD13Q1 V061 Terra 250m 16-day
SO2002,Bulo Burto,SO20,Hiraan,2023-11-01,0.604459392611146,0.618,0.3292312147777081,0.3355,0.3392819205438708,6388,0.138623326959847,0.2812300828553218,pixel_reliability=0 AND MODLAND_QA(bits0-1)=0 AND VI range -2000..10000,MOD13Q1 V061 Terra 250m 16-day
SO2002,Bulo Burto,SO20,Hiraan,2023-11-17,0.5307513476845152,0.53735,0.3545606729377714,0.3544,0.5872105374973444,11056,0.2172296579562354,0.0059485872105374,pixel_reliability=0 AND MODLAND_QA(bits0-1)=0 AND VI range -2000..10000,MOD13Q1 V061 Terra 250m 16-day
SO2002,Bulo Burto,SO20,Hiraan,2023-12-03,0.4900863663133098,0.488,0.3002446643109541,0.2953,0.9018483110261312,16980,0.0067983853834714,5.311238580837051e-05,pixel_reliability=0 AND MODLAND_QA(bits0-1)=0 AND VI range -2000..10000,MOD13Q1 V061 Terra 250m 16-day
SO2002,Bulo Burto,SO20,Hiraan,2023-12-19,0.409643306195072,0.4069,0.2385720925217016,0.2388,0.9850754195878478,18547,0.0024962821329934,5.311238580837051e-05,pixel_reliability=0 AND MODLAND_QA(bits0-1)=0 AND VI range -2000..10000,MOD13Q1 V061 Terra 250m 16-day
SO2003,Jalalaqsi,SO20,Hiraan,2023-01-01,0.2719295415959253,0.2753,0.1605601018675721,0.15965,0.9629427792915533,3534,0.0027247956403269,0.0,pixel_reliability=0 AND MODLAND_QA(bits0-1)=0 AND VI range -2000..10000,MOD13Q1 V061 Terra 250m 16-day
SO2003,Jalalaqsi,SO20,Hiraan,2023-01-17,0.2350752679307502,0.2392,0.1424854355592195,0.1455,0.9915531335149864,3639,0.0,0.0,pixel_reliability=0 AND MODLAND_QA(bits0-1)=0 AND VI range -2000..10000,MOD13Q1 V061 Terra 250m 16-day
SO2003,Jalalaqsi,SO20,Hiraan,2023-02-02,0.2213741955445544,0.22895,0.1432259282178218,0.1489,0.8806539509536785,3232,0.0141689373297002,0.0,pixel_reliability=0 AND MODLAND_QA(bits0-1)=0 AND VI range -2000..10000,MOD13Q1 V061 Terra 250m 16-day
SO2003,Jalalaqsi,SO20,Hiraan,2023-03-06,0.247457120838471,0.24995,0.1409466399506782,0.14235,0.8839237057220708,3244,0.0095367847411444,0.0,pixel_reliability=0 AND MODLAND_QA(bits0-1)=0 AND VI range -2000..10000,MOD13Q1 V061 Terra 250m 16-day
SO2003,Jalalaqsi,SO20,Hiraan,2023-03-22,0.3214937939859245,0.3431,0.1900057581573896,0.1992,0.8517711171662126,3126,0.0408719346049046,0.0,pixel_reliability=0 AND MODLAND_QA(bits0-1)=0 AND VI range -2000..10000,MOD13Q1 V061 Terra 250m 16-day
SO2003,Jalalaqsi,SO20,Hiraan,2023-04-07,0.3754296670030272,0.3944,0.2320389505549949,0.2424,0.2700272479564032,991,0.3637602179836512,0.0177111716621253,pixel_reliability=0 AND MODLAND_QA(bits0-1)=0 AND VI range -2000..10000,MOD13Q1 V061 Terra 250m 16-day
SO2003,Jalalaqsi,SO20,Hiraan,2023-04-23,0.3758908507223114,0.396,0.2340337078651685,0.2411,0.1697547683923705,623,0.3250681198910082,0.1343324250681199,pixel_reliability=0 AND MODLAND_QA(bits0-1)=0 AND VI range -2000..10000,MOD13Q1 V061 Terra 250m 16-day
SO2003,Jalalaqsi,SO20,Hiraan,2023-05-09,0.3905825242718447,0.3966,0.2351082524271845,0.23395,0.1122615803814714,412,0.4166212534059945,0.1002724795640327,pixel_reliability=0 AND MODLAND_QA(bits0-1)=0 AND VI range -2000..10000,MOD13Q1 V061 Terra 250m 16-day
SO2003,Jalalaqsi,SO20,Hiraan,2023-05-25,0.3234915322580645,0.3265,0.2060443548387097,0.211,0.0675749318801089,248,0.417983651226158,0.1299727520435967,pixel_reliability=0 AND MODLAND_QA(bits0-1)=0 AND VI range -2000..10000,MOD13Q1 V061 Terra 250m 16-day
SO2003,Jalalaqsi,SO20,Hiraan,2023-06-10,0.2961405063291139,0.289,0.1904198312236287,0.1852,0.0645776566757493,237,0.4923705722070844,0.1561307901907357,pixel_reliability=0 AND MODLAND_QA(bits0-1)=0 AND VI range -2000..10000,MOD13Q1 V061 Terra 250m 16-day
SO2003,Jalalaqsi,SO20,Hiraan,2023-06-26,0.2672492753623188,0.2658,0.1757768115942029,0.1769,0.0188010899182561,69,0.2174386920980926,0.4662125340599455,pixel_reliability=0 AND MODLAND_QA(bits0-1)=0 AND VI range -2000..10000,MOD13Q1 V061 Terra 250m 16-day
SO2003,Jalalaqsi,SO20,Hiraan,2023-07-12,0.2674727272727272,0.2555,0.1653909090909091,0.15295,0.0059945504087193,22,0.4166212534059945,0.2667574931880109,pixel_reliability=0 AND MODLAND_QA(bits0-1)=0 AND VI range -2000..10000,MOD13Q1 V061 Terra 250m 16-day
SO2003,Jalalaqsi,SO20,Hiraan,2023-07-28,,,,,0.0,0,0.1517711171662125,0.6465940054495913,pixel_reliability=0 AND MODLAND_QA(bits0-1)=0 AND VI range -2000..10000,MOD13Q1 V061 Terra 250m 16-day
SO2003,Jalalaqsi,SO20,Hiraan,2023-08-13,0.2475931818181818,0.2362,0.1602340909090909,0.15565,0.0119891008174386,44,0.4346049046321525,0.1950953678474114,pixel_reliability=0 AND MODLAND_QA(bits0-1)=0 AND VI range -2000..10000,MOD13Q1 V061 Terra 250m 16-day
SO2003,Jalalaqsi,SO20,Hiraan,2023-08-29,0.2148106481481481,0.2145,0.1283106481481481,0.125,0.1177111716621253,432,0.5713896457765668,0.0217983651226158,pixel_reliability=0 AND MODLAND_QA(bits0-1)=0 AND VI range -2000..10000,MOD13Q1 V061 Terra 250m 16-day
SO2003,Jalalaqsi,SO20,Hiraan,2023-09-14,0.2299909248554913,0.23005,0.1301335260115607,0.1327,0.4713896457765668,1730,0.2100817438692098,0.0329700272479564,pixel_reliability=0 AND MODLAND_QA(bits0-1)=0 AND VI range -2000..10000,MOD13Q1 V061 Terra 250m 16-day
SO2003,Jalalaqsi,SO20,Hiraan,2023-09-30,0.2913,0.2607,0.1966888888888889,0.1759,0.0024523160762942,9,0.1523160762942779,0.6367847411444142,pixel_reliability=0 AND MODLAND_QA(bits0-1)=0 AND VI range -2000..10000,MOD13Q1 V061 Terra 250m 16-day
SO2003,Jalalaqsi,SO20,Hiraan,2023-10-16,0.341973645320197,0.3475,0.1917820689655172,0.1989,0.553133514986376,2030,0.1196185286103542,0.0403269754768392,pixel_reliability=0 AND MODLAND_QA(bits0-1)=0 AND VI range -2000..10000,MOD13Q1 V061 Terra 250m 16-day
SO2003,Jalalaqsi,SO20,Hiraan,2023-11-01,0.6244910675381264,0.6265000000000001,0.3369193899782135,0.3381,0.1250681198910081,459,0.2961852861035422,0.3918256130790191,pixel_reliability=0 AND MODLAND_QA(bits0-1)=0 AND VI range -2000..10000,MOD13Q1 V061 Terra 250m 16-day
SO2003,Jalalaqsi,SO20,Hiraan,2023-11-17,0.4944877335499594,0.4912,0.3405292445166531,0.3411,0.3354223433242507,1231,0.3991825613079019,0.0149863760217983,pixel_reliability=0 AND MODLAND_QA(bits0-1)=0 AND VI range -2000..10000,MOD13Q1 V061 Terra 250m 16-day
SO2003,Jalalaqsi,SO20,Hiraan,2023-12-03,0.4754831702544031,0.4761,0.2969450097847358,0.3011,0.6961852861035422,2555,0.0673024523160762,0.0,pixel_reliability=0 AND MODLAND_QA(bits0-1)=0 AND VI range -2000..10000,MOD13Q1 V061 Terra 250m 16-day
SO2003,Jalalaqsi,SO20,Hiraan,2023-12-19,0.4404659999999999,0.4391,0.2713060277777778,0.273,0.9809264305177112,3600,0.0027247956403269,0.0,pixel_reliability=0 AND MODLAND_QA(bits0-1)=0 AND VI range -2000..10000,MOD13Q1 V061 Terra 250m 16-day
SO2101,Jowhar,SO21,Middle Shabelle,2023-01-01,0.2968012307692307,0.2801,0.1833524807692307,0.1783,0.9257610824283424,5200,0.0129962613494748,0.0,pixel_reliability=0 AND MODLAND_QA(bits0-1)=0 AND VI range -2000..10000,MOD13Q1 V061 Terra 250m 16-day
SO2101,Jowhar,SO21,Middle Shabelle,2023-01-17,0.2667150950793961,0.2471,0.1657691040972358,0.1574,0.908136015666726,5101,0.0035606195478013,0.0,pixel_reliability=0 AND MODLAND_QA(bits0-1)=0 AND VI range -2000..10000,MOD13Q1 V061 Terra 250m 16-day
SO2101,Jowhar,SO21,Middle Shabelle,2023-02-02,0.2419033125487139,0.22385,0.1644684138737334,0.155,0.913654975965818,5132,0.0064091151860423,0.0,pixel_reliability=0 AND MODLAND_QA(bits0-1)=0 AND VI range -2000..10000,MOD13Q1 V061 Terra 250m 16-day
SO2101,Jowhar,SO21,Middle Shabelle,2023-03-06,0.2420916563146998,0.2244,0.1419703519668737,0.137,0.8598896207940182,4830,0.0274167705180701,0.0003560619547801,pixel_reliability=0 AND MODLAND_QA(bits0-1)=0 AND VI range -2000..10000,MOD13Q1 V061 Terra 250m 16-day
SO2101,Jowhar,SO21,Middle Shabelle,2023-03-22,0.2644994841372195,0.2524,0.1567516636574671,0.1492,0.6902260993412854,3877,0.0996973473384368,0.0224319031511483,pixel_reliability=0 AND MODLAND_QA(bits0-1)=0 AND VI range -2000..10000,MOD13Q1 V061 Terra 250m 16-day
SO2101,Jowhar,SO21,Middle Shabelle,2023-04-07,0.3240377566656451,0.3152,0.1995924609255286,0.2,0.5809150792237849,3263,0.1312088303364785,0.0090795798468933,pixel_reliability=0 AND MODLAND_QA(bits0-1)=0 AND VI range -2000..10000,MOD13Q1 V061 Terra 250m 16-day
SO2101,Jowhar,SO21,Middle Shabelle,2023-04-23,0.3557270114942529,0.36835,0.2195477011494253,0.23105,0.0309773900658714,174,0.2545842976677942,0.4349296777639309,pixel_reliability=0 AND MODLAND_QA(bits0-1)=0 AND VI range -2000..10000,MOD13Q1 V061 Terra 250m 16-day
SO2101,Jowhar,SO21,Middle Shabelle,2023-05-09,0.3605875968992248,0.3512,0.2098258397932816,0.204,0.0688979882499555,387,0.4233576642335766,0.1531066405554566,pixel_reliability=0 AND MODLAND_QA(bits0-1)=0 AND VI range -2000..10000,MOD13Q1 V061 Terra 250m 16-day
SO2101,Jowhar,SO21,Middle Shabelle,2023-05-25,0.3508657754010694,0.3282,0.2014336898395721,0.1923,0.0332917927719423,187,0.4157023322058038,0.1981484778351433,pixel_reliability=0 AND MODLAND_QA(bits0-1)=0 AND VI range -2000..10000,MOD13Q1 V061 Terra 250m 16-day
SO2101,Jowhar,SO21,Middle Shabelle,2023-06-10,0.2931358208955223,0.2767,0.1972731343283582,0.1865,0.0119280754851344,67,0.3815203845469112,0.3526793662097205,pixel_reliability=0 AND MODLAND_QA(bits0-1)=0 AND VI range -2000..10000,MOD13Q1 V061 Terra 250m 16-day
SO2101,Jowhar,SO21,Middle Shabelle,2023-06-26,0.3376915789473685,0.3221,0.2071673684210526,0.187,0.0169129428520562,95,0.2042015310664055,0.5805590172690048,pixel_reliability=0 AND MODLAND_QA(bits0-1)=0 AND VI range -2000..10000,MOD13Q1 V061 Terra 250m 16-day
SO2101,Jowhar,SO21,Middle Shabelle,2023-07-12,0.2306405405405406,0.19975,0.1329310810810811,0.1121,0.0131742923268648,74,0.4043083496528395,0.3037208474274523,pixel_reliability=0 AND MODLAND_QA(bits0-1)=0 AND VI range -2000..10000,MOD13Q1 V061 Terra 250m 16-day
SO2101,Jowhar,SO21,Middle Shabelle,2023-07-28,0.2326114285714286,0.2295,0.1561457142857142,0.1617,0.0062310842086523,35,0.2157735445967598,0.5620437956204379,pixel_reliability=0 AND MODLAND_QA(bits0-1)=0 AND VI range -2000..10000,MOD13Q1 V061 Terra 250m 16-day
SO2101,Jowhar,SO21,Middle Shabelle,2023-08-13,0.2667812720848057,0.2092,0.1576098939929328,0.1254,0.0503827666013886,283,0.4507744347516468,0.1340573259747196,pixel_reliability=0 AND MODLAND_QA(bits0-1)=0 AND VI range -2000..10000,MOD13Q1 V061 Terra 250m 16-day
SO2101,Jowhar,SO21,Middle Shabelle,2023-08-29,0.2168593073593073,0.2023,0.1351965367965368,0.1308,0.0411251557771052,231,0.5558127114117857,0.1434929677763931,pixel_reliability=0 AND MODLAND_QA(bits0-1)=0 AND VI range -2000..10000,MOD13Q1 V061 Terra 250m 16-day
SO2101,Jowhar,SO21,Middle Shabelle,2023-09-14,0.2276520833333333,0.1983,0.13499375,0.12465,0.0427274345736158,240,0.4883389709809507,0.1742923268648744,pixel_reliability=0 AND MODLAND_QA(bits0-1)=0 AND VI range -2000..10000,MOD13Q1 V061 Terra 250m 16-day
SO2101,Jowhar,SO21,Middle Shabelle,2023-09-30,0.3007317073170732,0.2783,0.199219512195122,0.161,0.0072992700729927,41,0.2884101833719067,0.4555812711411786,pixel_reliability=0 AND MODLAND_QA(bits0-1)=0 AND VI range -2000..10000,MOD13Q1 V061 Terra 250m 16-day
SO2101,Jowhar,SO21,Middle Shabelle,2023-10-16,0.3927431726283048,0.3704,0.2195948055987558,0.2045,0.5723695923090618,3215,0.0840306213281111,0.0615987181769627,pixel_reliability=0 AND MODLAND_QA(bits0-1)=0 AND VI range -2000..10000,MOD13Q1 V061 Terra 250m 16-day
SO2101,Jowhar,SO21,Middle Shabelle,2023-11-01,0.6161816091954023,0.6264000000000001,0.3550413793103448,0.3647,0.0154886950329357,87,0.2495994303008723,0.5031155421043262,pixel_reliability=0 AND MODLAND_QA(bits0-1)=0 AND VI range -2000..10000,MOD13Q1 V061 Terra 250m 16-day
SO2101,Jowhar,SO21,Middle Shabelle,2023-11-17,0.5841821020228672,0.5966,0.3862394019349165,0.40485,0.4048424425850098,2274,0.262239629695567,0.0667616165212747,pixel_reliability=0 AND MODLAND_QA(bits0-1)=0 AND VI range -2000..10000,MOD13Q1 V061 Terra 250m 16-day
SO2101,Jowhar,SO21,Middle Shabelle,2023-12-03,0.5270176798256236,0.5397000000000001,0.3432647614434488,0.3625,0.735089905643582,4129,0.0722805768203667,0.0014242478191205,pixel_reliability=0 AND MODLAND_QA(bits0-1)=0 AND VI range -2000..10000,MOD13Q1 V061 Terra 250m 16-day
SO2101,Jowhar,SO21,Middle Shabelle,2023-12-19,0.4725387322646029,0.4744,0.2866920950801547,0.2973,0.9661741142958876,5427,0.0039166815025814,0.0,pixel_reliability=0 AND MODLAND_QA(bits0-1)=0 AND VI range -2000..10000,MOD13Q1 V061 Terra 250m 16-day
SO2102,Adan Yabaal,SO21,Middle Shabelle,2023-01-01,0.2597294046172539,0.24675,0.1771763669501822,0.168,0.3482123968690501,1646,0.2614766236513645,0.0294055426274592,pixel_reliability=0 AND MODLAND_QA(bits0-1)=0 AND VI range -2000..10000,MOD13Q1 V061 Terra 250m 16-day
SO2102,Adan Yabaal,SO21,Middle Shabelle,2023-01-17,0.2559217749313815,0.2404,0.1707948993595608,0.1601,0.9248995134334672,4372,0.0118468373175375,0.0103659826528453,pixel_reliability=0 AND MODLAND_QA(bits0-1)=0 AND VI range -2000..10000,MOD13Q1 V061 Terra 250m 16-day
SO2102,Adan Yabaal,SO21,Middle Shabelle,2023-02-02,0.2176643074119076,0.21395,0.1571030072904009,0.1513,0.6964247937381003,3292,0.1040829278612227,0.0099428813200761,pixel_reliability=0 AND MODLAND_QA(bits0-1)=0 AND VI range -2000..10000,MOD13Q1 V061 Terra 250m 16-day
SO2102,Adan Yabaal,SO21,Middle Shabelle,2023-03-06,0.1791475138121547,0.184,0.1270082872928176,0.1259,0.0382906706156124,181,0.5371271419504972,0.0911783372117622,pixel_reliability=0 AND MODLAND_QA(bits0-1)=0 AND VI range -2000..10000,MOD13Q1 V061 Terra 250m 16-day
SO2102,Adan Yabaal,SO21,Middle Shabelle,2023-03-22,0.248803156996587,0.2465,0.1724258532423208,0.1683,0.2479373810027501,1172,0.5620901205838799,0.0162894013116141,pixel_reliability=0 AND MODLAND_QA(bits0-1)=0 AND VI range -2000..10000,MOD13Q1 V061 Terra 250m 16-day
SO2102,Adan Yabaal,SO21,Middle Shabelle,2023-04-07,0.3356462489694971,0.3241,0.2196585737840066,0.2129,0.5132219166490375,2426,0.1658557224455257,0.0200973133065369,pixel_reliability=0 AND MODLAND_QA(bits0-1)=0 AND VI range -2000..10000,MOD13Q1 V061 Terra 250m 16-day
SO2102,Adan Yabaal,SO21,Middle Shabelle,2023-04-23,0.3540168201842211,0.3571,0.2531245895074089,0.2463,0.5282420139623439,2497,0.0657922572456103,0.0621958959170721,pixel_reliability=0 AND MODLAND_QA(bits0-1)=0 AND VI range -2000..10000,MOD13Q1 V061 Terra 250m 16-day
SO2102,Adan Yabaal,SO21,Middle Shabelle,2023-05-09,0.349415770609319,0.3638,0.2522329749103942,0.261,0.0590226359213031,279,0.2373598476835202,0.3837529088216628,pixel_reliability=0 AND MODLAND_QA(bits0-1)=0 AND VI range -2000..10000,MOD13Q1 V061 Terra 250m 16-day
SO2102,Adan Yabaal,SO21,Middle Shabelle,2023-05-25,0.2575660377358491,0.288,0.1853855345911949,0.1924,0.0336365559551512,159,0.2561878569917495,0.3528665115295113,pixel_reliability=0 AND MODLAND_QA(bits0-1)=0 AND VI range -2000..10000,MOD13Q1 V061 Terra 250m 16-day
SO2102,Adan Yabaal,SO21,Middle Shabelle,2023-06-10,0.2758513931888545,0.2894,0.1904055727554179,0.19805,0.136661730484451,646,0.2299555743600592,0.2940554262745927,pixel_reliability=0 AND MODLAND_QA(bits0-1)=0 AND VI range -2000..10000,MOD13Q1 V061 Terra 250m 16-day
SO2102,Adan Yabaal,SO21,Middle Shabelle,2023-06-26,0.1966971074380165,0.17585,0.1433999999999999,0.13505,0.0511952612650729,242,0.1635286651152951,0.5174529299767294,pixel_reliability=0 AND MODLAND_QA(bits0-1)=0 AND VI range -2000..10000,MOD13Q1 V061 Terra 250m 16-day
SO2102,Adan Yabaal,SO21,Middle Shabelle,2023-07-12,0.1295143129770992,0.1155,0.1128862595419847,0.1096,0.1108525491855299,524,0.2538607996615189,0.3344616035540512,pixel_reliability=0 AND MODLAND_QA(bits0-1)=0 AND VI range -2000..10000,MOD13Q1 V061 Terra 250m 16-day
SO2102,Adan Yabaal,SO21,Middle Shabelle,2023-07-28,0.1571778251599146,0.1305,0.1193501066098081,0.113,0.0992172625343769,469,0.3530780621958959,0.2276285170298286,pixel_reliability=0 AND MODLAND_QA(bits0-1)=0 AND VI range -2000..10000,MOD13Q1 V061 Terra 250m 16-day
SO2102,Adan Yabaal,SO21,Middle Shabelle,2023-08-13,0.188381098339719,0.196,0.1292381864623244,0.1305,0.1656441717791411,783,0.3304421408927438,0.1068330865242225,pixel_reliability=0 AND MODLAND_QA(bits0-1)=0 AND VI range -2000..10000,MOD13Q1 V061 Terra 250m 16-day
SO2102,Adan Yabaal,SO21,Middle Shabelle,2023-08-29,0.187377880512091,0.18685,0.1301157894736842,0.1295,0.2974402369367463,1406,0.381002750158663,0.045906494605458,pixel_reliability=0 AND MODLAND_QA(bits0-1)=0 AND VI range -2000..10000,MOD13Q1 V061 Terra 250m 16-day
SO2102,Adan Yabaal,SO21,Middle Shabelle,2023-09-14,0.1798341987466428,0.1821,0.1235495971351835,0.1245,0.2363020943515972,1117,0.1961074677385234,0.2001269303998307,pixel_reliability=0 AND MODLAND_QA(bits0-1)=0 AND VI range -2000..10000,MOD13Q1 V061 Terra 250m 16-day
SO2102,Adan Yabaal,SO21,Middle Shabelle,2023-09-30,0.126252688172043,0.1075,0.1112139784946236,0.1014,0.0196742119737677,93,0.2162047810450603,0.5390310979479586,pixel_reliability=0 AND MODLAND_QA(bits0-1)=0 AND VI range -2000..10000,MOD13Q1 V061 Terra 250m 16-day
SO2102,Adan Yabaal,SO21,Middle Shabelle,2023-10-16,0.2697719653179191,0.27995,0.1873841040462427,0.1899,0.0731965305690712,346,0.2288978210281362,0.3238840702348212,pixel_reliability=0 AND MODLAND_QA(bits0-1)=0 AND VI range -2000..10000,MOD13Q1 V061 Terra 250m 16-day
SO2102,Adan Yabaal,SO21,Middle Shabelle,2023-11-01,0.2748583333333333,0.2444,0.2316083333333333,0.219,0.0304632959593822,144,0.128199703829067,0.6471334884704887,pixel_reliability=0 AND MODLAND_QA(bits0-1)=0 AND VI range -2000..10000,MOD13Q1 V061 Terra 250m 16-day
SO2102,Adan Yabaal,SO21,Middle Shabelle,2023-11-17,0.449840979020979,0.4547,0.3391843356643356,0.3361,0.1512587264649883,715,0.2663422889782103,0.2335519356885974,pixel_reliability=0 AND MODLAND_QA(bits0-1)=0 AND VI range -2000..10000,MOD13Q1 V061 Terra 250m 16-day
SO2102,Adan Yabaal,SO21,Middle Shabelle,2023-12-03,0.4328322294776119,0.43075,0.3246437033582089,0.31005,0.4535646287285805,2144,0.2005500317325999,0.0222128199703829,pixel_reliability=0 AND MODLAND_QA(bits0-1)=0 AND VI range -2000..10000,MOD13Q1 V061 Terra 250m 16-day
SO2102,Adan Yabaal,SO21,Middle Shabelle,2023-12-19,0.3977689157435382,0.3904,0.2694285666330983,0.2648,0.6302094351597207,2979,0.0778506452295324,0.0418870319441506,pixel_reliability=0 AND MODLAND_QA(bits0-1)=0 AND VI range -2000..10000,MOD13Q1 V061 Terra 250m 16-day
SO2103,Balcad,SO21,Middle Shabelle,2023-01-01,0.3337075694273778,0.3179,0.2211396166134185,0.2177,0.8165763596227172,4069,0.0403371462974112,0.0290989363837045,pixel_reliability=0 AND MODLAND_QA(bits0-1)=0 AND VI range -2000..10000,MOD13Q1 V061 Terra 250m 16-day
SO2103,Balcad,SO21,Middle Shabelle,2023-01-17,0.303007332032339,0.2879,0.2029912461667131,0.2041,0.7198474814368854,3587,0.0509733092514549,0.0250852899859522,pixel_reliability=0 AND MODLAND_QA(bits0-1)=0 AND VI range -2000..10000,MOD13Q1 V061 Terra 250m 16-day
SO2103,Balcad,SO21,Middle Shabelle,2023-02-02,0.2710195751138088,0.2561,0.193126454223571,0.192,0.7934978928356412,3954,0.0557896849287577,0.0317078065422436,pixel_reliability=0 AND MODLAND_QA(bits0-1)=0 AND VI range -2000..10000,MOD13Q1 V061 Terra 250m 16-day
SO2103,Balcad,SO21,Middle Shabelle,2023-03-06,0.2400502,0.21375,0.1553888,0.1544,0.3010234798314268,1500,0.2986152919927754,0.0690347180413405,pixel_reliability=0 AND MODLAND_QA(bits0-1)=0 AND VI range -2000..10000,MOD13Q1 V061 Terra 250m 16-day
SO2103,Balcad,SO21,Middle Shabelle,2023-03-22,0.2752005767844268,0.2639,0.1649796683489545,0.1584,0.278346377684126,1387,0.3212923941400762,0.1456953642384106,pixel_reliability=0 AND MODLAND_QA(bits0-1)=0 AND VI range -2000..10000,MOD13Q1 V061 Terra 250m 16-day
SO2103,Balcad,SO21,Middle Shabelle,2023-04-07,0.3236576453697057,0.3112,0.2198795405599425,0.2158,0.2795504716034517,1393,0.2566726871362633,0.0812763395544852,pixel_reliability=0 AND MODLAND_QA(bits0-1)=0 AND VI range -2000..10000,MOD13Q1 V061 Terra 250m 16-day
SO2103,Balcad,SO21,Middle Shabelle,2023-04-23,0.2753390510948905,0.2615,0.2232372262773722,0.22025,0.0549869556492073,274,0.2885811759983945,0.4138069436082681,pixel_reliability=0 AND MODLAND_QA(bits0-1)=0 AND VI range -2000..10000,MOD13Q1 V061 Terra 250m 16-day
SO2103,Balcad,SO21,Middle Shabelle,2023-05-09,0.363125,0.3912,0.2692055288461538,0.2712,0.083483845073249,416,0.3036323499899659,0.2791491069636765,pixel_reliability=0 AND MODLAND_QA(bits0-1)=0 AND VI range -2000..10000,MOD13Q1 V061 Terra 250m 16-day
SO2103,Balcad,SO21,Middle Shabelle,2023-05-25,0.29197,0.235,0.205106,0.1822,0.0100341159943808,50,0.32771422837648,0.3421633554083885,pixel_reliability=0 AND MODLAND_QA(bits0-1)=0 AND VI range -2000..10000,MOD13Q1 V061 Terra 250m 16-day
SO2103,Balcad,SO21,Middle Shabelle,2023-06-10,0.2527290697674418,0.26565,0.1918331395348837,0.1978,0.0345173590206702,172,0.3734697973108569,0.2921934577563717,pixel_reliability=0 AND MODLAND_QA(bits0-1)=0 AND VI range -2000..10000,MOD13Q1 V061 Terra 250m 16-day
SO2103,Balcad,SO21,Middle Shabelle,2023-06-26,0.2463263157894737,0.2272,0.1886263157894736,0.1743,0.0038129640778647,19,0.0907084085892032,0.7742323901264299,pixel_reliability=0 AND MODLAND_QA(bits0-1)=0 AND VI range -2000..10000,MOD13Q1 V061 Terra 250m 16-day
SO2103,Balcad,SO21,Middle Shabelle,2023-07-12,0.1680714285714286,0.1655,0.1423619047619048,0.1433,0.0042143287176399,21,0.1926550270921131,0.5623118603251054,pixel_reliability=0 AND MODLAND_QA(bits0-1)=0 AND VI range -2000..10000,MOD13Q1 V061 Terra 250m 16-day
SO2103,Balcad,SO21,Middle Shabelle,2023-07-28,0.2539043383947939,0.2631,0.1809990238611713,0.1833,0.1850290989363837,922,0.2763395544852498,0.2151314469195264,pixel_reliability=0 AND MODLAND_QA(bits0-1)=0 AND VI range -2000..10000,MOD13Q1 V061 Terra 250m 16-day
SO2103,Balcad,SO21,Middle Shabelle,2023-08-13,0.2913333333333334,0.2428,0.2045404761904762,0.1737,0.0252859723058398,126,0.3871161950632149,0.2386112783463777,pixel_reliability=0 AND MODLAND_QA(bits0-1)=0 AND VI range -2000..10000,MOD13Q1 V061 Terra 250m 16-day
SO2103,Balcad,SO21,Middle Shabelle,2023-08-29,0.2391929824561404,0.1825,0.17585,0.14315,0.0228777844671884,114,0.2747340959261489,0.4539434075857917,pixel_reliability=0 AND MODLAND_QA(bits0-1)=0 AND VI range -2000..10000,MOD13Q1 V061 Terra 250m 16-day
SO2103,Balcad,SO21,Middle Shabelle,2023-09-14,0.2389922374429224,0.1741,0.1683908675799086,0.1385,0.0439494280553883,219,0.294601645595023,0.3654425045153522,pixel_reliability=0 AND MODLAND_QA(bits0-1)=0 AND VI range -2000..10000,MOD13Q1 V061 Terra 250m 16-day
SO2103,Balcad,SO21,Middle Shabelle,2023-09-30,0.2318102564102564,0.1549,0.1684589743589743,0.1286,0.0234798314268512,117,0.1603451735902067,0.6496086694762191,pixel_reliability=0 AND MODLAND_QA(bits0-1)=0 AND VI range -2000..10000,MOD13Q1 V061 Terra 250m 16-day
SO2103,Balcad,SO21,Middle Shabelle,2023-10-16,0.3363048780487805,0.3064,0.1980829268292683,0.1787,0.1398755769616697,697,0.1402769416014449,0.4415011037527593,pixel_reliability=0 AND MODLAND_QA(bits0-1)=0 AND VI range -2000..10000,MOD13Q1 V061 Terra 250m 16-day
SO2103,Balcad,SO21,Middle Shabelle,2023-11-01,0.2581833333333334,0.2635,0.2192583333333333,0.22335,0.0024081878386514,12,0.1059602649006622,0.7385109371864339,pixel_reliability=0 AND MODLAND_QA(bits0-1)=0 AND VI range -2000..10000,MOD13Q1 V061 Terra 250m 16-day
SO2103,Balcad,SO21,Middle Shabelle,2023-11-17,0.6355146926536732,0.6521,0.446976611694153,0.4439,0.1338551073650411,667,0.2777443307244632,0.4643788882199478,pixel_reliability=0 AND MODLAND_QA(bits0-1)=0 AND VI range -2000..10000,MOD13Q1 V061 Terra 250m 16-day
SO2103,Balcad,SO21,Middle Shabelle,2023-12-03,0.5324237475345167,0.5247,0.3807907692307692,0.377,0.5087296809151114,2535,0.1127834637768412,0.0509733092514549,pixel_reliability=0 AND MODLAND_QA(bits0-1)=0 AND VI range -2000..10000,MOD13Q1 V061 Terra 250m 16-day
SO2103,Balcad,SO21,Middle Shabelle,2023-12-19,0.4430076341290475,0.4349,0.3043956275112267,0.3079,0.8490868954445113,4231,0.023078466787076,0.0258880192655027,pixel_reliability=0 AND MODLAND_QA(bits0-1)=0 AND VI range -2000..10000,MOD13Q1 V061 Terra 250m 16-day
SO2104,Cadale,SO21,Middle Shabelle,2023-01-01,0.2976044488383589,0.3113,0.2088018783984181,0.20925,0.5815725168894639,4046,0.1565329883570504,0.02501078050884,pixel_reliability=0 AND MODLAND_QA(bits0-1)=0 AND VI range -2000..10000,MOD13Q1 V061 Terra 250m 16-day
SO2104,Cadale,SO21,Middle Shabelle,2023-01-17,0.2558985047410649,0.269,0.1787405178701677,0.1795,0.7882708063820613,5484,0.0225671985051027,0.0192611757941641,pixel_reliability=0 AND MODLAND_QA(bits0-1)=0 AND VI range -2000..10000,MOD13Q1 V061 Terra 250m 16-day
SO2104,Cadale,SO21,Middle Shabelle,2023-02-02,0.2377128821421041,0.2418,0.1663693864642631,0.1671,0.6817593790426908,4743,0.2118729337358056,0.0196923961477648,pixel_reliability=0 AND MODLAND_QA(bits0-1)=0 AND VI range -2000..10000,MOD13Q1 V061 Terra 250m 16-day
SO2104,Cadale,SO21,Middle Shabelle,2023-03-06,0.2152523897058823,0.2218,0.1433542279411764,0.1465,0.1563892482391835,1088,0.4191461836998706,0.0731637199942503,pixel_reliability=0 AND MODLAND_QA(bits0-1)=0 AND VI range -2000..10000,MOD13Q1 V061 Terra 250m 16-day
SO2104,Cadale,SO21,Middle Shabelle,2023-03-22,0.2410179887570269,0.2384,0.1572951280449719,0.1503,0.2301279287049015,1601,0.49374730487279,0.0905562742561448,pixel_reliability=0 AND MODLAND_QA(bits0-1)=0 AND VI range -2000..10000,MOD13Q1 V061 Terra 250m 16-day
SO2104,Cadale,SO21,Middle Shabelle,2023-04-07,0.3563790354822589,0.359,0.2348421539230385,0.23475,0.5752479517033204,4002,0.1148483541756504,0.0540462843179531,pixel_reliability=0 AND MODLAND_QA(bits0-1)=0 AND VI range -2000..10000,MOD13Q1 V061 Terra 250m 16-day
SO2104,Cadale,SO21,Middle Shabelle,2023-04-23,0.4127499642090194,0.4328,0.3014382963493199,0.3153,0.2008049446600546,1397,0.182118729337358,0.2480954434382636,pixel_reliability=0 AND MODLAND_QA(bits0-1)=0 AND VI range -2000..10000,MOD13Q1 V061 Terra 250m 16-day
SO2104,Cadale,SO21,Middle Shabelle,2023-05-09,0.2130492917847025,0.1708,0.1851181303116147,0.1647,0.0507402616070145,353,0.2946672416271381,0.3037228690527526,pixel_reliability=0 AND MODLAND_QA(bits0-1)=0 AND VI range -2000..10000,MOD13Q1 V061 Terra 250m 16-day
SO2104,Cadale,SO21,Middle Shabelle,2023-05-25,0.2088358490566037,0.1553,0.1684842767295597,0.1463,0.0228546787408365,159,0.3099036941210292,0.3336208135690671,pixel_reliability=0 AND MODLAND_QA(bits0-1)=0 AND VI range -2000..10000,MOD13Q1 V061 Terra 250m 16-day
SO2104,Cadale,SO21,Middle Shabelle,2023-06-10,0.1995614457831325,0.1541,0.1560072289156626,0.1473,0.0596521489147621,415,0.1916055771165732,0.4231709070001437,pixel_reliability=0 AND MODLAND_QA(bits0-1)=0 AND VI range -2000..10000,MOD13Q1 V061 Terra 250m 16-day
SO2104,Cadale,SO21,Middle Shabelle,2023-06-26,0.2242452702702702,0.2263,0.1607547297297297,0.15645,0.0212735374443007,148,0.0816443869483973,0.7320684202961046,pixel_reliability=0 AND MODLAND_QA(bits0-1)=0 AND VI range -2000..10000,MOD13Q1 V061 Terra 250m 16-day
SO2104,Cadale,SO21,Middle Shabelle,2023-07-12,0.1352643243243243,0.12015,0.1176227027027027,0.1105,0.0531838436107517,370,0.2153226965646111,0.417277562167601,pixel_reliability=0 AND MODLAND_QA(bits0-1)=0 AND VI range -2000..10000,MOD13Q1 V061 Terra 250m 16-day
SO2104,Cadale,SO21,Middle Shabelle,2023-07-28,0.1828127807900852,0.1719,0.1364151820294345,0.1372,0.1855684921661635,1291,0.2886301566767285,0.2023860859565905,pixel_reliability=0 AND MODLAND_QA(bits0-1)=0 AND VI range -2000..10000,MOD13Q1 V061 Terra 250m 16-day
SO2104,Cadale,SO21,Middle Shabelle,2023-08-13,0.1293599236641221,0.1158,0.1152900763358778,0.11045,0.0753198217622538,524,0.343538881701883,0.1928992381773753,pixel_reliability=0 AND MODLAND_QA(bits0-1)=0 AND VI range -2000..10000,MOD13Q1 V061 Terra 250m 16-day
SO2104,Cadale,SO21,Middle Shabelle,2023-08-29,0.1402403785488959,0.1148,0.1163419558359621,0.1093,0.0455656173638062,317,0.4125341382779934,0.2557136696852091,pixel_reliability=0 AND MODLAND_QA(bits0-1)=0 AND VI range -2000..10000,MOD13Q1 V061 Terra 250m 16-day
SO2104,Cadale,SO21,Middle Shabelle,2023-09-14,0.1687953775038521,0.1776,0.1203699537750385,0.1197,0.0932873364956159,649,0.1831249101624263,0.4103780365099899,pixel_reliability=0 AND MODLAND_QA(bits0-1)=0 AND VI range -2000..10000,MOD13Q1 V061 Terra 250m 16-day
SO2104,Cadale,SO21,Middle Shabelle,2023-09-30,0.1103773195876288,0.1082,0.1067453608247422,0.1063,0.0139427914330889,97,0.1042115854535,0.7309184993531694,pixel_reliability=0 AND MODLAND_QA(bits0-1)=0 AND VI range -2000..10000,MOD13Q1 V061 Terra 250m 16-day
SO2104,Cadale,SO21,Middle Shabelle,2023-10-16,0.2910653276955602,0.32355,0.2017077167019027,0.2116,0.1359781515020842,946,0.1691821187293373,0.3228403047290499,pixel_reliability=0 AND MODLAND_QA(bits0-1)=0 AND VI range -2000..10000,MOD13Q1 V061 Terra 250m 16-day
SO2104,Cadale,SO21,Middle Shabelle,2023-11-01,0.3414069444444444,0.22955,0.2777041666666667,0.1987,0.0103492884864165,72,0.0758947822337214,0.7600977432801495,pixel_reliability=0 AND MODLAND_QA(bits0-1)=0 AND VI range -2000..10000,MOD13Q1 V061 Terra 250m 16-day
SO2104,Cadale,SO21,Middle Shabelle,2023-11-17,0.5007776688453159,0.5307000000000001,0.3873314814814814,0.40155,0.1319534282018111,918,0.4136840592209285,0.1871496334626994,pixel_reliability=0 AND MODLAND_QA(bits0-1)=0 AND VI range -2000..10000,MOD13Q1 V061 Terra 250m 16-day
SO2104,Cadale,SO21,Middle Shabelle,2023-12-03,0.5025786039453718,0.5355,0.397647435508346,0.4096,0.4736236883714245,3295,0.1500646830530401,0.0482966796032772,pixel_reliability=0 AND MODLAND_QA(bits0-1)=0 AND VI range -2000..10000,MOD13Q1 V061 Terra 250m 16-day
SO2104,Cadale,SO21,Middle Shabelle,2023-12-19,0.4087485822306239,0.4342,0.2899804605602337,0.2984,0.8364237458674716,5819,0.0227109386229696,0.0204110967370993,pixel_reliability=0 AND MODLAND_QA(bits0-1)=0 AND VI range -2000..10000,MOD13Q1 V061 Terra 250m 16-day
SO2201,Bondhere,SO22,Banadir,2023-01-01,,,,,0.0,0,0.5714285714285714,0.0,pixel_reliability=0 AND MODLAND_QA(bits0-1)=0 AND VI range -2000..10000,MOD13Q1 V061 Terra 250m 16-day
SO2201,Bondhere,SO22,Banadir,2023-01-17,,,,,0.0,0,0.7142857142857143,0.1428571428571428,pixel_reliability=0 AND MODLAND_QA(bits0-1)=0 AND VI range -2000..10000,MOD13Q1 V061 Terra 250m 16-day
SO2201,Bondhere,SO22,Banadir,2023-02-02,,,,,0.0,0,0.0,0.5714285714285714,pixel_reliability=0 AND MODLAND_QA(bits0-1)=0 AND VI range -2000..10000,MOD13Q1 V061 Terra 250m 16-day
SO2201,Bondhere,SO22,Banadir,2023-03-06,,,,,0.0,0,0.4285714285714285,0.4285714285714285,pixel_reliability=0 AND MODLAND_QA(bits0-1)=0 AND VI range -2000..10000,MOD13Q1 V061 Terra 250m 16-day
SO2201,Bondhere,SO22,Banadir,2023-03-22,,,,,0.0,0,0.4285714285714285,0.1428571428571428,pixel_reliability=0 AND MODLAND_QA(bits0-1)=0 AND VI range -2000..10000,MOD13Q1 V061 Terra 250m 16-day
SO2201,Bondhere,SO22,Banadir,2023-04-07,,,,,0.0,0,0.2857142857142857,0.4285714285714285,pixel_reliability=0 AND MODLAND_QA(bits0-1)=0 AND VI range -2000..10000,MOD13Q1 V061 Terra 250m 16-day
SO2201,Bondhere,SO22,Banadir,2023-04-23,,,,,0.0,0,0.0,1.0,pixel_reliability=0 AND MODLAND_QA(bits0-1)=0 AND VI range -2000..10000,MOD13Q1 V061 Terra 250m 16-day
SO2201,Bondhere,SO22,Banadir,2023-05-09,,,,,0.0,0,0.0,0.7142857142857143,pixel_reliability=0 AND MODLAND_QA(bits0-1)=0 AND VI range -2000..10000,MOD13Q1 V061 Terra 250m 16-day
SO2201,Bondhere,SO22,Banadir,2023-05-25,,,,,0.0,0,0.0,1.0,pixel_reliability=0 AND MODLAND_QA(bits0-1)=0 AND VI range -2000..10000,MOD13Q1 V061 Terra 250m 16-day
SO2201,Bondhere,SO22,Banadir,2023-06-10,,,,,0.0,0,0.4285714285714285,0.0,pixel_reliability=0 AND MODLAND_QA(bits0-1)=0 AND VI range -2000..10000,MOD13Q1 V061 Terra 250m 16-day
SO2201,Bondhere,SO22,Banadir,2023-06-26,,,,,0.0,0,0.4285714285714285,0.2857142857142857,pixel_reliability=0 AND MODLAND_QA(bits0-1)=0 AND VI range -2000..10000,MOD13Q1 V061 Terra 250m 16-day
SO2201,Bondhere,SO22,Banadir,2023-07-12,,,,,0.0,0,0.0,0.8571428571428571,pixel_reliability=0 AND MODLAND_QA(bits0-1)=0 AND VI range -2000..10000,MOD13Q1 V061 Terra 250m 16-day
SO2201,Bondhere,SO22,Banadir,2023-07-28,,,,,0.0,0,0.0,0.7142857142857143,pixel_reliability=0 AND MODLAND_QA(bits0-1)=0 AND VI range -2000..10000,MOD13Q1 V061 Terra 250m 16-day
SO2201,Bondhere,SO22,Banadir,2023-08-13,,,,,0.0,0,0.1428571428571428,0.5714285714285714,pixel_reliability=0 AND MODLAND_QA(bits0-1)=0 AND VI range -2000..10000,MOD13Q1 V061 Terra 250m 16-day
SO2201,Bondhere,SO22,Banadir,2023-08-29,,,,,0.0,0,0.1428571428571428,0.1428571428571428,pixel_reliability=0 AND MODLAND_QA(bits0-1)=0 AND VI range -2000..10000,MOD13Q1 V061 Terra 250m 16-day
SO2201,Bondhere,SO22,Banadir,2023-09-14,,,,,0.0,0,0.1428571428571428,0.5714285714285714,pixel_reliability=0 AND MODLAND_QA(bits0-1)=0 AND VI range -2000..10000,MOD13Q1 V061 Terra 250m 16-day
SO2201,Bondhere,SO22,Banadir,2023-09-30,,,,,0.0,0,0.2857142857142857,0.5714285714285714,pixel_reliability=0 AND MODLAND_QA(bits0-1)=0 AND VI range -2000..10000,MOD13Q1 V061 Terra 250m 16-day
SO2201,Bondhere,SO22,Banadir,2023-10-16,,,,,0.0,0,0.1428571428571428,0.5714285714285714,pixel_reliability=0 AND MODLAND_QA(bits0-1)=0 AND VI range -2000..10000,MOD13Q1 V061 Terra 250m 16-day
SO2201,Bondhere,SO22,Banadir,2023-11-01,,,,,0.0,0,0.0,1.0,pixel_reliability=0 AND MODLAND_QA(bits0-1)=0 AND VI range -2000..10000,MOD13Q1 V061 Terra 250m 16-day
SO2201,Bondhere,SO22,Banadir,2023-11-17,,,,,0.0,0,0.0,1.0,pixel_reliability=0 AND MODLAND_QA(bits0-1)=0 AND VI range -2000..10000,MOD13Q1 V061 Terra 250m 16-day
SO2201,Bondhere,SO22,Banadir,2023-12-03,,,,,0.0,0,0.0,0.0,pixel_reliability=0 AND MODLAND_QA(bits0-1)=0 AND VI range -2000..10000,MOD13Q1 V061 Terra 250m 16-day
SO2201,Bondhere,SO22,Banadir,2023-12-19,0.1784,0.168,0.1181333333333333,0.1082,0.4285714285714285,3,0.1428571428571428,0.0,pixel_reliability=0 AND MODLAND_QA(bits0-1)=0 AND VI range -2000..10000,MOD13Q1 V061 Terra 250m 16-day
SO2202,Cabdulasis,SO22,Banadir,2023-01-01,,,,,0.0,0,1.0,0.0,pixel_reliability=0 AND MODLAND_QA(bits0-1)=0 AND VI range -2000..10000,MOD13Q1 V061 Terra 250m 16-day
SO2202,Cabdulasis,SO22,Banadir,2023-01-17,,,,,0.0,0,1.0,0.0,pixel_reliability=0 AND MODLAND_QA(bits0-1)=0 AND VI range -2000..10000,MOD13Q1 V061 Terra 250m 16-day
SO2202,Cabdulasis,SO22,Banadir,2023-02-02,,,,,0.0,0,1.0,0.0,pixel_reliability=0 AND MODLAND_QA(bits0-1)=0 AND VI range -2000..10000,MOD13Q1 V061 Terra 250m 16-day
SO2202,Cabdulasis,SO22,Banadir,2023-03-06,,,,,0.0,0,0.0,1.0,pixel_reliability=0 AND MODLAND_QA(bits0-1)=0 AND VI range -2000..10000,MOD13Q1 V061 Terra 250m 16-day
SO2202,Cabdulasis,SO22,Banadir,2023-03-22,,,,,0.0,0,0.0,0.0,pixel_reliability=0 AND MODLAND_QA(bits0-1)=0 AND VI range -2000..10000,MOD13Q1 V061 Terra 250m 16-day
SO2202,Cabdulasis,SO22,Banadir,2023-04-07,,,,,0.0,0,0.0,1.0,pixel_reliability=0 AND MODLAND_QA(bits0-1)=0 AND VI range -2000..10000,MOD13Q1 V061 Terra 250m 16-day
SO2202,Cabdulasis,SO22,Banadir,2023-04-23,,,,,0.0,0,0.0,1.0,pixel_reliability=0 AND MODLAND_QA(bits0-1)=0 AND VI range -2000..10000,MOD13Q1 V061 Terra 250m 16-day
SO2202,Cabdulasis,SO22,Banadir,2023-05-09,,,,,0.0,0,0.0,1.0,pixel_reliability=0 AND MODLAND_QA(bits0-1)=0 AND VI range -2000..10000,MOD13Q1 V061 Terra 250m 16-day
SO2202,Cabdulasis,SO22,Banadir,2023-05-25,,,,,0.0,0,0.0,1.0,pixel_reliability=0 AND MODLAND_QA(bits0-1)=0 AND VI range -2000..10000,MOD13Q1 V061 Terra 250m 16-day
SO2202,Cabdulasis,SO22,Banadir,2023-06-10,,,,,0.0,0,1.0,0.0,pixel_reliability=0 AND MODLAND_QA(bits0-1)=0 AND VI range -2000..10000,MOD13Q1 V061 Terra 250m 16-day
SO2202,Cabdulasis,SO22,Banadir,2023-06-26,,,,,0.0,0,0.0,1.0,pixel_reliability=0 AND MODLAND_QA(bits0-1)=0 AND VI range -2000..10000,MOD13Q1 V061 Terra 250m 16-day
SO2202,Cabdulasis,SO22,Banadir,2023-07-12,,,,,0.0,0,0.0,1.0,pixel_reliability=0 AND MODLAND_QA(bits0-1)=0 AND VI range -2000..10000,MOD13Q1 V061 Terra 250m 16-day
SO2202,Cabdulasis,SO22,Banadir,2023-07-28,,,,,0.0,0,1.0,0.0,pixel_reliability=0 AND MODLAND_QA(bits0-1)=0 AND VI range -2000..10000,MOD13Q1 V061 Terra 250m 16-day
SO2202,Cabdulasis,SO22,Banadir,2023-08-13,,,,,0.0,0,0.0,1.0,pixel_reliability=0 AND MODLAND_QA(bits0-1)=0 AND VI range -2000..10000,MOD13Q1 V061 Terra 250m 16-day
SO2202,Cabdulasis,SO22,Banadir,2023-08-29,,,,,0.0,0,0.0,1.0,pixel_reliability=0 AND MODLAND_QA(bits0-1)=0 AND VI range -2000..10000,MOD13Q1 V061 Terra 250m 16-day
SO2202,Cabdulasis,SO22,Banadir,2023-09-14,,,,,0.0,0,0.0,1.0,pixel_reliability=0 AND MODLAND_QA(bits0-1)=0 AND VI range -2000..10000,MOD13Q1 V061 Terra 250m 16-day
SO2202,Cabdulasis,SO22,Banadir,2023-09-30,,,,,0.0,0,0.0,1.0,pixel_reliability=0 AND MODLAND_QA(bits0-1)=0 AND VI range -2000..10000,MOD13Q1 V061 Terra 250m 16-day
SO2202,Cabdulasis,SO22,Banadir,2023-10-16,,,,,0.0,0,0.0,0.0,pixel_reliability=0 AND MODLAND_QA(bits0-1)=0 AND VI range -2000..10000,MOD13Q1 V061 Terra 250m 16-day
SO2202,Cabdulasis,SO22,Banadir,2023-11-01,,,,,0.0,0,0.0,1.0,pixel_reliability=0 AND MODLAND_QA(bits0-1)=0 AND VI range -2000..10000,MOD13Q1 V061 Terra 250m 16-day
SO2202,Cabdulasis,SO22,Banadir,2023-11-17,,,,,0.0,0,0.0,1.0,pixel_reliability=0 AND MODLAND_QA(bits0-1)=0 AND VI range -2000..10000,MOD13Q1 V061 Terra 250m 16-day
SO2202,Cabdulasis,SO22,Banadir,2023-12-03,,,,,0.0,0,0.0,1.0,pixel_reliability=0 AND MODLAND_QA(bits0-1)=0 AND VI range -2000..10000,MOD13Q1 V061 Terra 250m 16-day
SO2202,Cabdulasis,SO22,Banadir,2023-12-19,,,,,0.0,0,0.0,1.0,pixel_reliability=0 AND MODLAND_QA(bits0-1)=0 AND VI range -2000..10000,MOD13Q1 V061 Terra 250m 16-day
SO2203,Daynile,SO22,Banadir,2023-01-01,0.2082933333333333,0.2055,0.15102,0.148,0.4545454545454545,15,0.1212121212121212,0.0,pixel_reliability=0 AND MODLAND_QA(bits0-1)=0 AND VI range -2000..10000,MOD13Q1 V061 Terra 250m 16-day
SO2203,Daynile,SO22,Banadir,2023-01-17,0.2021285714285714,0.199,0.1518714285714285,0.1498499999999999,0.4242424242424242,14,0.1818181818181818,0.0,pixel_reliability=0 AND MODLAND_QA(bits0-1)=0 AND VI range -2000..10000,MOD13Q1 V061 Terra 250m 16-day
SO2203,Daynile,SO22,Banadir,2023-02-02,,,,,0.0,0,0.8787878787878788,0.0,pixel_reliability=0 AND MODLAND_QA(bits0-1)=0 AND VI range -2000..10000,MOD13Q1 V061 Terra 250m 16-day
SO2203,Daynile,SO22,Banadir,2023-03-06,0.1846777777777778,0.1856,0.1314222222222222,0.1304,0.2727272727272727,9,0.3636363636363636,0.0,pixel_reliability=0 AND MODLAND_QA(bits0-1)=0 AND VI range -2000..10000,MOD13Q1 V061 Terra 250m 16-day
SO2203,Daynile,SO22,Banadir,2023-03-22,,,,,0.0,0,0.5151515151515151,0.1818181818181818,pixel_reliability=0 AND MODLAND_QA(bits0-1)=0 AND VI range -2000..10000,MOD13Q1 V061 Terra 250m 16-day
SO2203,Daynile,SO22,Banadir,2023-04-07,,,,,0.0,0,0.303030303030303,0.2424242424242424,pixel_reliability=0 AND MODLAND_QA(bits0-1)=0 AND VI range -2000..10000,MOD13Q1 V061 Terra 250m 16-day
SO2203,Daynile,SO22,Banadir,2023-04-23,,,,,0.0,0,0.0,1.0,pixel_reliability=0 AND MODLAND_QA(bits0-1)=0 AND VI range -2000..10000,MOD13Q1 V061 Terra 250m 16-day
SO2203,Daynile,SO22,Banadir,2023-05-09,,,,,0.0,0,0.0606060606060606,0.5757575757575758,pixel_reliability=0 AND MODLAND_QA(bits0-1)=0 AND VI range -2000..10000,MOD13Q1 V061 Terra 250m 16-day
SO2203,Daynile,SO22,Banadir,2023-05-25,,,,,0.0,0,0.0,0.6666666666666666,pixel_reliability=0 AND MODLAND_QA(bits0-1)=0 AND VI range -2000..10000,MOD13Q1 V061 Terra 250m 16-day
SO2203,Daynile,SO22,Banadir,2023-06-10,,,,,0.0,0,0.0,0.8787878787878788,pixel_reliability=0 AND MODLAND_QA(bits0-1)=0 AND VI range -2000..10000,MOD13Q1 V061 Terra 250m 16-day
SO2203,Daynile,SO22,Banadir,2023-06-26,,,,,0.0,0,0.0,1.0,pixel_reliability=0 AND MODLAND_QA(bits0-1)=0 AND VI range -2000..10000,MOD13Q1 V061 Terra 250m 16-day
SO2203,Daynile,SO22,Banadir,2023-07-12,,,,,0.0,0,0.0,1.0,pixel_reliability=0 AND MODLAND_QA(bits0-1)=0 AND VI range -2000..10000,MOD13Q1 V061 Terra 250m 16-day
SO2203,Daynile,SO22,Banadir,2023-07-28,,,,,0.0,0,0.4242424242424242,0.3333333333333333,pixel_reliability=0 AND MODLAND_QA(bits0-1)=0 AND VI range -2000..10000,MOD13Q1 V061 Terra 250m 16-day
SO2203,Daynile,SO22,Banadir,2023-08-13,,,,,0.0,0,0.0,0.7272727272727273,pixel_reliability=0 AND MODLAND_QA(bits0-1)=0 AND VI range -2000..10000,MOD13Q1 V061 Terra 250m 16-day
SO2203,Daynile,SO22,Banadir,2023-08-29,,,,,0.0,0,0.0,1.0,pixel_reliability=0 AND MODLAND_QA(bits0-1)=0 AND VI range -2000..10000,MOD13Q1 V061 Terra 250m 16-day
SO2203,Daynile,SO22,Banadir,2023-09-14,,,,,0.0,0,0.0909090909090909,0.7878787878787878,pixel_reliability=0 AND MODLAND_QA(bits0-1)=0 AND VI range -2000..10000,MOD13Q1 V061 Terra 250m 16-day
SO2203,Daynile,SO22,Banadir,2023-09-30,,,,,0.0,0,0.0,1.0,pixel_reliability=0 AND MODLAND_QA(bits0-1)=0 AND VI range -2000..10000,MOD13Q1 V061 Terra 250m 16-day
SO2203,Daynile,SO22,Banadir,2023-10-16,,,,,0.0,0,0.1212121212121212,0.5454545454545454,pixel_reliability=0 AND MODLAND_QA(bits0-1)=0 AND VI range -2000..10000,MOD13Q1 V061 Terra 250m 16-day
SO2203,Daynile,SO22,Banadir,2023-11-01,,,,,0.0,0,0.0303030303030303,0.9090909090909092,pixel_reliability=0 AND MODLAND_QA(bits0-1)=0 AND VI range -2000..10000,MOD13Q1 V061 Terra 250m 16-day
SO2203,Daynile,SO22,Banadir,2023-11-17,,,,,0.0,0,0.0,0.9696969696969696,pixel_reliability=0 AND MODLAND_QA(bits0-1)=0 AND VI range -2000..10000,MOD13Q1 V061 Terra 250m 16-day
SO2203,Daynile,SO22,Banadir,2023-12-03,,,,,0.0,0,0.1212121212121212,0.7878787878787878,pixel_reliability=0 AND MODLAND_QA(bits0-1)=0 AND VI range -2000..10000,MOD13Q1 V061 Terra 250m 16-day
SO2203,Daynile,SO22,Banadir,2023-12-19,0.2837,0.2837,0.20715,0.20715,0.0606060606060606,2,0.3636363636363636,0.1212121212121212,pixel_reliability=0 AND MODLAND_QA(bits0-1)=0 AND VI range -2000..10000,MOD13Q1 V061 Terra 250m 16-day
SO2204,Dharkenley,SO22,Banadir,2023-01-01,0.208875,0.21025,0.158925,0.1558,0.25,4,0.4375,0.0,pixel_reliability=0 AND MODLAND_QA(bits0-1)=0 AND VI range -2000..10000,MOD13Q1 V061 Terra 250m 16-day
SO2204,Dharkenley,SO22,Banadir,2023-01-17,0.221275,0.2299,0.171025,0.16955,0.25,4,0.0625,0.0,pixel_reliability=0 AND MODLAND_QA(bits0-1)=0 AND VI range -2000..10000,MOD13Q1 V061 Terra 250m 16-day
SO2204,Dharkenley,SO22,Banadir,2023-02-02,,,,,0.0,0,0.6875,0.0625,pixel_reliability=0 AND MODLAND_QA(bits0-1)=0 AND VI range -2000..10000,MOD13Q1 V061 Terra 250m 16-day
SO2204,Dharkenley,SO22,Banadir,2023-03-06,0.19158,0.1998,0.14324,0.1484,0.3125,5,0.125,0.0625,pixel_reliability=0 AND MODLAND_QA(bits0-1)=0 AND VI range -2000..10000,MOD13Q1 V061 Terra 250m 16-day
SO2204,Dharkenley,SO22,Banadir,2023-03-22,,,,,0.0,0,0.5,0.1875,pixel_reliability=0 AND MODLAND_QA(bits0-1)=0 AND VI range -2000..10000,MOD13Q1 V061 Terra 250m 16-day
SO2204,Dharkenley,SO22,Banadir,2023-04-07,,,,,0.0,0,0.375,0.0,pixel_reliability=0 AND MODLAND_QA(bits0-1)=0 AND VI range -2000..10000,MOD13Q1 V061 Terra 250m 16-day
SO2204,Dharkenley,SO22,Banadir,2023-04-23,0.3398,0.3398,0.2141,0.2141,0.0625,1,0.0625,0.6875,pixel_reliability=0 AND MODLAND_QA(bits0-1)=0 AND VI range -2000..10000,MOD13Q1 V061 Terra 250m 16-day
SO2204,Dharkenley,SO22,Banadir,2023-05-09,0.3456,0.3456,0.2599,0.2599,0.0625,1,0.125,0.125,pixel_reliability=0 AND MODLAND_QA(bits0-1)=0 AND VI range -2000..10000,MOD13Q1 V061 Terra 250m 16-day
SO2204,Dharkenley,SO22,Banadir,2023-05-25,,,,,0.0,0,0.1875,0.1875,pixel_reliability=0 AND MODLAND_QA(bits0-1)=0 AND VI range -2000..10000,MOD13Q1 V061 Terra 250m 16-day
SO2204,Dharkenley,SO22,Banadir,2023-06-10,,,,,0.0,0,0.125,0.75,pixel_reliability=0 AND MODLAND_QA(bits0-1)=0 AND VI range -2000..10000,MOD13Q1 V061 Terra 250m 16-day
SO2204,Dharkenley,SO22,Banadir,2023-06-26,0.2635,0.2635,0.1956,0.1956,0.0625,1,0.375,0.1875,pixel_reliability=0 AND MODLAND_QA(bits0-1)=0 AND VI range -2000..10000,MOD13Q1 V061 Terra 250m 16-day
SO2204,Dharkenley,SO22,Banadir,2023-07-12,,,,,0.0,0,0.25,0.3125,pixel_reliability=0 AND MODLAND_QA(bits0-1)=0 AND VI range -2000..10000,MOD13Q1 V061 Terra 250m 16-day
SO2204,Dharkenley,SO22,Banadir,2023-07-28,,,,,0.0,0,0.0625,0.75,pixel_reliability=0 AND MODLAND_QA(bits0-1)=0 AND VI range -2000..10000,MOD13Q1 V061 Terra 250m 16-day
SO2204,Dharkenley,SO22,Banadir,2023-08-13,0.1813,0.1813,0.136,0.136,0.0625,1,0.0,0.1875,pixel_reliability=0 AND MODLAND_QA(bits0-1)=0 AND VI range -2000..10000,MOD13Q1 V061 Terra 250m 16-day
SO2204,Dharkenley,SO22,Banadir,2023-08-29,,,,,0.0,0,0.1875,0.4375,pixel_reliability=0 AND MODLAND_QA(bits0-1)=0 AND VI range -2000..10000,MOD13Q1 V061 Terra 250m 16-day
SO2204,Dharkenley,SO22,Banadir,2023-09-14,0.1635,0.1635,0.122,0.122,0.0625,1,0.0625,0.6875,pixel_reliability=0 AND MODLAND_QA(bits0-1)=0 AND VI range -2000..10000,MOD13Q1 V061 Terra 250m 16-day
SO2204,Dharkenley,SO22,Banadir,2023-09-30,,,,,0.0,0,0.0625,0.75,pixel_reliability=0 AND MODLAND_QA(bits0-1)=0 AND VI range -2000..10000,MOD13Q1 V061 Terra 250m 16-day
SO2204,Dharkenley,SO22,Banadir,2023-10-16,,,,,0.0,0,0.25,0.375,pixel_reliability=0 AND MODLAND_QA(bits0-1)=0 AND VI range -2000..10000,MOD13Q1 V061 Terra 250m 16-day
SO2204,Dharkenley,SO22,Banadir,2023-11-01,,,,,0.0,0,0.0,0.875,pixel_reliability=0 AND MODLAND_QA(bits0-1)=0 AND VI range -2000..10000,MOD13Q1 V061 Terra 250m 16-day
SO2204,Dharkenley,SO22,Banadir,2023-11-17,,,,,0.0,0,0.125,0.5,pixel_reliability=0 AND MODLAND_QA(bits0-1)=0 AND VI range -2000..10000,MOD13Q1 V061 Terra 250m 16-day
SO2204,Dharkenley,SO22,Banadir,2023-12-03,,,,,0.0,0,0.4375,0.25,pixel_reliability=0 AND MODLAND_QA(bits0-1)=0 AND VI range -2000..10000,MOD13Q1 V061 Terra 250m 16-day
SO2204,Dharkenley,SO22,Banadir,2023-12-19,0.2239,0.2239,0.1583,0.1583,0.0625,1,0.25,0.0625,pixel_reliability=0 AND MODLAND_QA(bits0-1)=0 AND VI range -2000..10000,MOD13Q1 V061 Terra 250m 16-day
SO2205,Hamar Jabjab,SO22,Banadir,2023-01-01,,,,,0.0,0,1.0,0.0,pixel_reliability=0 AND MODLAND_QA(bits0-1)=0 AND VI range -2000..10000,MOD13Q1 V061 Terra 250m 16-day
SO2205,Hamar Jabjab,SO22,Banadir,2023-01-17,,,,,0.0,0,1.0,0.0,pixel_reliability=0 AND MODLAND_QA(bits0-1)=0 AND VI range -2000..10000,MOD13Q1 V061 Terra 250m 16-day
SO2205,Hamar Jabjab,SO22,Banadir,2023-02-02,,,,,0.0,0,0.0,1.0,pixel_reliability=0 AND MODLAND_QA(bits0-1)=0 AND VI range -2000..10000,MOD13Q1 V061 Terra 250m 16-day
SO2205,Hamar Jabjab,SO22,Banadir,2023-03-06,,,,,0.0,0,0.0,1.0,pixel_reliability=0 AND MODLAND_QA(bits0-1)=0 AND VI range -2000..10000,MOD13Q1 V061 Terra 250m 16-day
SO2205,Hamar Jabjab,SO22,Banadir,2023-03-22,,,,,0.0,0,0.0,1.0,pixel_reliability=0 AND MODLAND_QA(bits0-1)=0 AND VI range -2000..10000,MOD13Q1 V061 Terra 250m 16-day
SO2205,Hamar Jabjab,SO22,Banadir,2023-04-07,,,,,0.0,0,0.0,1.0,pixel_reliability=0 AND MODLAND_QA(bits0-1)=0 AND VI range -2000..10000,MOD13Q1 V061 Terra 250m 16-day
SO2205,Hamar Jabjab,SO22,Banadir,2023-04-23,,,,,0.0,0,1.0,0.0,pixel_reliability=0 AND MODLAND_QA(bits0-1)=0 AND VI range -2000..10000,MOD13Q1 V061 Terra 250m 16-day
SO2205,Hamar Jabjab,SO22,Banadir,2023-05-09,,,,,0.0,0,0.0,1.0,pixel_reliability=0 AND MODLAND_QA(bits0-1)=0 AND VI range -2000..10000,MOD13Q1 V061 Terra 250m 16-day
SO2205,Hamar Jabjab,SO22,Banadir,2023-05-25,,,,,0.0,0,0.0,1.0,pixel_reliability=0 AND MODLAND_QA(bits0-1)=0 AND VI range -2000..10000,MOD13Q1 V061 Terra 250m 16-day
SO2205,Hamar Jabjab,SO22,Banadir,2023-06-10,,,,,0.0,0,0.0,1.0,pixel_reliability=0 AND MODLAND_QA(bits0-1)=0 AND VI range -2000..10000,MOD13Q1 V061 Terra 250m 16-day
SO2205,Hamar Jabjab,SO22,Banadir,2023-06-26,,,,,0.0,0,0.0,1.0,pixel_reliability=0 AND MODLAND_QA(bits0-1)=0 AND VI range -2000..10000,MOD13Q1 V061 Terra 250m 16-day
SO2205,Hamar Jabjab,SO22,Banadir,2023-07-12,,,,,0.0,0,0.0,1.0,pixel_reliability=0 AND MODLAND_QA(bits0-1)=0 AND VI range -2000..10000,MOD13Q1 V061 Terra 250m 16-day
SO2205,Hamar Jabjab,SO22,Banadir,2023-07-28,,,,,0.0,0,0.0,1.0,pixel_reliability=0 AND MODLAND_QA(bits0-1)=0 AND VI range -2000..10000,MOD13Q1 V061 Terra 250m 16-day
SO2205,Hamar Jabjab,SO22,Banadir,2023-08-13,,,,,0.0,0,0.0,1.0,pixel_reliability=0 AND MODLAND_QA(bits0-1)=0 AND VI range -2000..10000,MOD13Q1 V061 Terra 250m 16-day
SO2205,Hamar Jabjab,SO22,Banadir,2023-08-29,,,,,0.0,0,0.0,1.0,pixel_reliability=0 AND MODLAND_QA(bits0-1)=0 AND VI range -2000..10000,MOD13Q1 V061 Terra 250m 16-day
SO2205,Hamar Jabjab,SO22,Banadir,2023-09-14,,,,,0.0,0,0.0,1.0,pixel_reliability=0 AND MODLAND_QA(bits0-1)=0 AND VI range -2000..10000,MOD13Q1 V061 Terra 250m 16-day
SO2205,Hamar Jabjab,SO22,Banadir,2023-09-30,,,,,0.0,0,0.0,1.0,pixel_reliability=0 AND MODLAND_QA(bits0-1)=0 AND VI range -2000..10000,MOD13Q1 V061 Terra 250m 16-day
SO2205,Hamar Jabjab,SO22,Banadir,2023-10-16,,,,,0.0,0,0.0,0.0,pixel_reliability=0 AND MODLAND_QA(bits0-1)=0 AND VI range -2000..10000,MOD13Q1 V061 Terra 250m 16-day
SO2205,Hamar Jabjab,SO22,Banadir,2023-11-01,,,,,0.0,0,0.0,1.0,pixel_reliability=0 AND MODLAND_QA(bits0-1)=0 AND VI range -2000..10000,MOD13Q1 V061 Terra 250m 16-day
SO2205,Hamar Jabjab,SO22,Banadir,2023-11-17,,,,,0.0,0,0.0,1.0,pixel_reliability=0 AND MODLAND_QA(bits0-1)=0 AND VI range -2000..10000,MOD13Q1 V061 Terra 250m 16-day
SO2205,Hamar Jabjab,SO22,Banadir,2023-12-03,,,,,0.0,0,0.0,1.0,pixel_reliability=0 AND MODLAND_QA(bits0-1)=0 AND VI range -2000..10000,MOD13Q1 V061 Terra 250m 16-day
SO2205,Hamar Jabjab,SO22,Banadir,2023-12-19,,,,,0.0,0,0.0,0.0,pixel_reliability=0 AND MODLAND_QA(bits0-1)=0 AND VI range -2000..10000,MOD13Q1 V061 Terra 250m 16-day
SO2206,Hamar Weyne,SO22,Banadir,2023-01-01,,,,,0.0,0,0.5,0.0,pixel_reliability=0 AND MODLAND_QA(bits0-1)=0 AND VI range -2000..10000,MOD13Q1 V061 Terra 250m 16-day
SO2206,Hamar Weyne,SO22,Banadir,2023-01-17,,,,,0.0,0,0.5,0.0,pixel_reliability=0 AND MODLAND_QA(bits0-1)=0 AND VI range -2000..10000,MOD13Q1 V061 Terra 250m 16-day
SO2206,Hamar Weyne,SO22,Banadir,2023-02-02,,,,,0.0,0,0.25,0.5,pixel_reliability=0 AND MODLAND_QA(bits0-1)=0 AND VI range -2000..10000,MOD13Q1 V061 Terra 250m 16-day
SO2206,Hamar Weyne,SO22,Banadir,2023-03-06,,,,,0.0,0,0.25,0.5,pixel_reliability=0 AND MODLAND_QA(bits0-1)=0 AND VI range -2000..10000,MOD13Q1 V061 Terra 250m 16-day
SO2206,Hamar Weyne,SO22,Banadir,2023-03-22,,,,,0.0,0,0.0,0.5,pixel_reliability=0 AND MODLAND_QA(bits0-1)=0 AND VI range -2000..10000,MOD13Q1 V061 Terra 250m 16-day
SO2206,Hamar Weyne,SO22,Banadir,2023-04-07,,,,,0.0,0,0.25,0.0,pixel_reliability=0 AND MODLAND_QA(bits0-1)=0 AND VI range -2000..10000,MOD13Q1 V061 Terra 250m 16-day
SO2206,Hamar Weyne,SO22,Banadir,2023-04-23,,,,,0.0,0,0.0,0.5,pixel_reliability=0 AND MODLAND_QA(bits0-1)=0 AND VI range -2000..10000,MOD13Q1 V061 Terra 250m 16-day
SO2206,Hamar Weyne,SO22,Banadir,2023-05-09,,,,,0.0,0,0.0,1.0,pixel_reliability=0 AND MODLAND_QA(bits0-1)=0 AND VI range -2000..10000,MOD13Q1 V061 Terra 250m 16-day
SO2206,Hamar Weyne,SO22,Banadir,2023-05-25,,,,,0.0,0,0.0,1.0,pixel_reliability=0 AND MODLAND_QA(bits0-1)=0 AND VI range -2000..10000,MOD13Q1 V061 Terra 250m 16-day
SO2206,Hamar Weyne,SO22,Banadir,2023-06-10,,,,,0.0,0,0.0,0.5,pixel_reliability=0 AND MODLAND_QA(bits0-1)=0 AND VI range -2000..10000,MOD13Q1 V061 Terra 250m 16-day
SO2206,Hamar Weyne,SO22,Banadir,2023-06-26,,,,,0.0,0,0.0,0.75,pixel_reliability=0 AND MODLAND_QA(bits0-1)=0 AND VI range -2000..10000,MOD13Q1 V061 Terra 250m 16-day
SO2206,Hamar Weyne,SO22,Banadir,2023-07-12,,,,,0.0,0,0.0,0.75,pixel_reliability=0 AND MODLAND_QA(bits0-1)=0 AND VI range -2000..10000,MOD13Q1 V061 Terra 250m 16-day
SO2206,Hamar Weyne,SO22,Banadir,2023-07-28,,,,,0.0,0,0.0,1.0,pixel_reliability=0 AND MODLAND_QA(bits0-1)=0 AND VI range -2000..10000,MOD13Q1 V061 Terra 250m 16-day
SO2206,Hamar Weyne,SO22,Banadir,2023-08-13,,,,,0.0,0,0.0,1.0,pixel_reliability=0 AND MODLAND_QA(bits0-1)=0 AND VI range -2000..10000,MOD13Q1 V061 Terra 250m 16-day
SO2206,Hamar Weyne,SO22,Banadir,2023-08-29,,,,,0.0,0,0.0,0.75,pixel_reliability=0 AND MODLAND_QA(bits0-1)=0 AND VI range -2000..10000,MOD13Q1 V061 Terra 250m 16-day
SO2206,Hamar Weyne,SO22,Banadir,2023-09-14,,,,,0.0,0,0.0,1.0,pixel_reliability=0 AND MODLAND_QA(bits0-1)=0 AND VI range -2000..10000,MOD13Q1 V061 Terra 250m 16-day
SO2206,Hamar Weyne,SO22,Banadir,2023-09-30,,,,,0.0,0,0.0,1.0,pixel_reliability=0 AND MODLAND_QA(bits0-1)=0 AND VI range -2000..10000,MOD13Q1 V061 Terra 250m 16-day
SO2206,Hamar Weyne,SO22,Banadir,2023-10-16,,,,,0.0,0,0.0,0.5,pixel_reliability=0 AND MODLAND_QA(bits0-1)=0 AND VI range -2000..10000,MOD13Q1 V061 Terra 250m 16-day
SO2206,Hamar Weyne,SO22,Banadir,2023-11-01,,,,,0.0,0,0.0,1.0,pixel_reliability=0 AND MODLAND_QA(bits0-1)=0 AND VI range -2000..10000,MOD13Q1 V061 Terra 250m 16-day
SO2206,Hamar Weyne,SO22,Banadir,2023-11-17,,,,,0.0,0,0.0,1.0,pixel_reliability=0 AND MODLAND_QA(bits0-1)=0 AND VI range -2000..10000,MOD13Q1 V061 Terra 250m 16-day
SO2206,Hamar Weyne,SO22,Banadir,2023-12-03,,,,,0.0,0,0.0,0.75,pixel_reliability=0 AND MODLAND_QA(bits0-1)=0 AND VI range -2000..10000,MOD13Q1 V061 Terra 250m 16-day
SO2206,Hamar Weyne,SO22,Banadir,2023-12-19,,,,,0.0,0,0.5,0.25,pixel_reliability=0 AND MODLAND_QA(bits0-1)=0 AND VI range -2000..10000,MOD13Q1 V061 Terra 250m 16-day
SO2207,Hawl Wadaag,SO22,Banadir,2023-01-01,0.1977,0.1977,0.1291,0.1291,0.0769230769230769,1,0.7692307692307693,0.0,pixel_reliability=0 AND MODLAND_QA(bits0-1)=0 AND VI range -2000..10000,MOD13Q1 V061 Terra 250m 16-day
SO2207,Hawl Wadaag,SO22,Banadir,2023-01-17,,,,,0.0,0,0.7692307692307693,0.0,pixel_reliability=0 AND MODLAND_QA(bits0-1)=0 AND VI range -2000..10000,MOD13Q1 V061 Terra 250m 16-day
SO2207,Hawl Wadaag,SO22,Banadir,2023-02-02,,,,,0.0,0,0.1538461538461538,0.3846153846153846,pixel_reliability=0 AND MODLAND_QA(bits0-1)=0 AND VI range -2000..10000,MOD13Q1 V061 Terra 250m 16-day
SO2207,Hawl Wadaag,SO22,Banadir,2023-03-06,0.1448,0.1448,0.1085,0.1085,0.0769230769230769,1,0.8461538461538461,0.0,pixel_reliability=0 AND MODLAND_QA(bits0-1)=0 AND VI range -2000..10000,MOD13Q1 V061 Terra 250m 16-day
SO2207,Hawl Wadaag,SO22,Banadir,2023-03-22,,,,,0.0,0,0.4615384615384615,0.0769230769230769,pixel_reliability=0 AND MODLAND_QA(bits0-1)=0 AND VI range -2000..10000,MOD13Q1 V061 Terra 250m 16-day
SO2207,Hawl Wadaag,SO22,Banadir,2023-04-07,,,,,0.0,0,0.2307692307692307,0.3846153846153846,pixel_reliability=0 AND MODLAND_QA(bits0-1)=0 AND VI range -2000..10000,MOD13Q1 V061 Terra 250m 16-day
SO2207,Hawl Wadaag,SO22,Banadir,2023-04-23,,,,,0.0,0,0.0,0.7692307692307693,pixel_reliability=0 AND MODLAND_QA(bits0-1)=0 AND VI range -2000..10000,MOD13Q1 V061 Terra 250m 16-day
SO2207,Hawl Wadaag,SO22,Banadir,2023-05-09,,,,,0.0,0,0.0,0.8461538461538461,pixel_reliability=0 AND MODLAND_QA(bits0-1)=0 AND VI range -2000..10000,MOD13Q1 V061 Terra 250m 16-day
SO2207,Hawl Wadaag,SO22,Banadir,2023-05-25,,,,,0.0,0,0.0,1.0,pixel_reliability=0 AND MODLAND_QA(bits0-1)=0 AND VI range -2000..10000,MOD13Q1 V061 Terra 250m 16-day
SO2207,Hawl Wadaag,SO22,Banadir,2023-06-10,,,,,0.0,0,0.0,0.6153846153846154,pixel_reliability=0 AND MODLAND_QA(bits0-1)=0 AND VI range -2000..10000,MOD13Q1 V061 Terra 250m 16-day
SO2207,Hawl Wadaag,SO22,Banadir,2023-06-26,,,,,0.0,0,0.0,0.9230769230769232,pixel_reliability=0 AND MODLAND_QA(bits0-1)=0 AND VI range -2000..10000,MOD13Q1 V061 Terra 250m 16-day
SO2207,Hawl Wadaag,SO22,Banadir,2023-07-12,,,,,0.0,0,0.0,1.0,pixel_reliability=0 AND MODLAND_QA(bits0-1)=0 AND VI range -2000..10000,MOD13Q1 V061 Terra 250m 16-day
SO2207,Hawl Wadaag,SO22,Banadir,2023-07-28,,,,,0.0,0,0.0,1.0,pixel_reliability=0 AND MODLAND_QA(bits0-1)=0 AND VI range -2000..10000,MOD13Q1 V061 Terra 250m 16-day
SO2207,Hawl Wadaag,SO22,Banadir,2023-08-13,,,,,0.0,0,0.0769230769230769,0.5384615384615384,pixel_reliability=0 AND MODLAND_QA(bits0-1)=0 AND VI range -2000..10000,MOD13Q1 V061 Terra 250m 16-day
SO2207,Hawl Wadaag,SO22,Banadir,2023-08-29,,,,,0.0,0,0.2307692307692307,0.4615384615384615,pixel_reliability=0 AND MODLAND_QA(bits0-1)=0 AND VI range -2000..10000,MOD13Q1 V061 Terra 250m 16-day
SO2207,Hawl Wadaag,SO22,Banadir,2023-09-14,,,,,0.0,0,0.1538461538461538,0.6153846153846154,pixel_reliability=0 AND MODLAND_QA(bits0-1)=0 AND VI range -2000..10000,MOD13Q1 V061 Terra 250m 16-day
SO2207,Hawl Wadaag,SO22,Banadir,2023-09-30,,,,,0.0,0,0.2307692307692307,0.3846153846153846,pixel_reliability=0 AND MODLAND_QA(bits0-1)=0 AND VI range -2000..10000,MOD13Q1 V061 Terra 250m 16-day
SO2207,Hawl Wadaag,SO22,Banadir,2023-10-16,,,,,0.0,0,0.3846153846153846,0.1538461538461538,pixel_reliability=0 AND MODLAND_QA(bits0-1)=0 AND VI range -2000..10000,MOD13Q1 V061 Terra 250m 16-day
SO2207,Hawl Wadaag,SO22,Banadir,2023-11-01,,,,,0.0,0,0.0,1.0,pixel_reliability=0 AND MODLAND_QA(bits0-1)=0 AND VI range -2000..10000,MOD13Q1 V061 Terra 250m 16-day
SO2207,Hawl Wadaag,SO22,Banadir,2023-11-17,,,,,0.0,0,0.0,1.0,pixel_reliability=0 AND MODLAND_QA(bits0-1)=0 AND VI range -2000..10000,MOD13Q1 V061 Terra 250m 16-day
SO2207,Hawl Wadaag,SO22,Banadir,2023-12-03,,,,,0.0,0,0.5384615384615384,0.1538461538461538,pixel_reliability=0 AND MODLAND_QA(bits0-1)=0 AND VI range -2000..10000,MOD13Q1 V061 Terra 250m 16-day
SO2207,Hawl Wadaag,SO22,Banadir,2023-12-19,,,,,0.0,0,0.6153846153846154,0.0,pixel_reliability=0 AND MODLAND_QA(bits0-1)=0 AND VI range -2000..10000,MOD13Q1 V061 Terra 250m 16-day
SO2208,Heliwa,SO22,Banadir,2023-01-01,0.2127333333333333,0.21615,0.16255,0.1661,0.5454545454545454,6,0.2727272727272727,0.0,pixel_reliability=0 AND MODLAND_QA(bits0-1)=0 AND VI range -2000..10000,MOD13Q1 V061 Terra 250m 16-day
SO2208,Heliwa,SO22,Banadir,2023-01-17,0.1966,0.1966,0.1515,0.1515,0.0909090909090909,1,0.0,0.0,pixel_reliability=0 AND MODLAND_QA(bits0-1)=0 AND VI range -2000..10000,MOD13Q1 V061 Terra 250m 16-day
SO2208,Heliwa,SO22,Banadir,2023-02-02,,,,,0.0,0,0.8181818181818182,0.1818181818181818,pixel_reliability=0 AND MODLAND_QA(bits0-1)=0 AND VI range -2000..10000,MOD13Q1 V061 Terra 250m 16-day
SO2208,Heliwa,SO22,Banadir,2023-03-06,,,,,0.0,0,0.4545454545454545,0.0,pixel_reliability=0 AND MODLAND_QA(bits0-1)=0 AND VI range -2000..10000,MOD13Q1 V061 Terra 250m 16-day
SO2208,Heliwa,SO22,Banadir,2023-03-22,,,,,0.0,0,0.9090909090909092,0.0,pixel_reliability=0 AND MODLAND_QA(bits0-1)=0 AND VI range -2000..10000,MOD13Q1 V061 Terra 250m 16-day
SO2208,Heliwa,SO22,Banadir,2023-04-07,,,,,0.0,0,0.4545454545454545,0.0,pixel_reliability=0 AND MODLAND_QA(bits0-1)=0 AND VI range -2000..10000,MOD13Q1 V061 Terra 250m 16-day
SO2208,Heliwa,SO22,Banadir,2023-04-23,,,,,0.0,0,0.0909090909090909,0.6363636363636364,pixel_reliability=0 AND MODLAND_QA(bits0-1)=0 AND VI range -2000..10000,MOD13Q1 V061 Terra 250m 16-day
SO2208,Heliwa,SO22,Banadir,2023-05-09,,,,,0.0,0,0.7272727272727273,0.0,pixel_reliability=0 AND MODLAND_QA(bits0-1)=0 AND VI range -2000..10000,MOD13Q1 V061 Terra 250m 16-day
SO2208,Heliwa,SO22,Banadir,2023-05-25,0.2337,0.2337,0.17835,0.17835,0.1818181818181818,2,0.4545454545454545,0.0909090909090909,pixel_reliability=0 AND MODLAND_QA(bits0-1)=0 AND VI range -2000..10000,MOD13Q1 V061 Terra 250m 16-day
SO2208,Heliwa,SO22,Banadir,2023-06-10,0.186,0.186,0.14175,0.14175,0.1818181818181818,2,0.1818181818181818,0.0,pixel_reliability=0 AND MODLAND_QA(bits0-1)=0 AND VI range -2000..10000,MOD13Q1 V061 Terra 250m 16-day
SO2208,Heliwa,SO22,Banadir,2023-06-26,,,,,0.0,0,0.0,0.4545454545454545,pixel_reliability=0 AND MODLAND_QA(bits0-1)=0 AND VI range -2000..10000,MOD13Q1 V061 Terra 250m 16-day
SO2208,Heliwa,SO22,Banadir,2023-07-12,,,,,0.0,0,0.0,0.8181818181818182,pixel_reliability=0 AND MODLAND_QA(bits0-1)=0 AND VI range -2000..10000,MOD13Q1 V061 Terra 250m 16-day
SO2208,Heliwa,SO22,Banadir,2023-07-28,0.2392,0.2392,0.1842,0.1842,0.0909090909090909,1,0.5454545454545454,0.0909090909090909,pixel_reliability=0 AND MODLAND_QA(bits0-1)=0 AND VI range -2000..10000,MOD13Q1 V061 Terra 250m 16-day
SO2208,Heliwa,SO22,Banadir,2023-08-13,,,,,0.0,0,0.3636363636363636,0.0,pixel_reliability=0 AND MODLAND_QA(bits0-1)=0 AND VI range -2000..10000,MOD13Q1 V061 Terra 250m 16-day
SO2208,Heliwa,SO22,Banadir,2023-08-29,0.2386,0.2386,0.188,0.188,0.0909090909090909,1,0.7272727272727273,0.0,pixel_reliability=0 AND MODLAND_QA(bits0-1)=0 AND VI range -2000..10000,MOD13Q1 V061 Terra 250m 16-day
SO2208,Heliwa,SO22,Banadir,2023-09-14,,,,,0.0,0,0.2727272727272727,0.2727272727272727,pixel_reliability=0 AND MODLAND_QA(bits0-1)=0 AND VI range -2000..10000,MOD13Q1 V061 Terra 250m 16-day
SO2208,Heliwa,SO22,Banadir,2023-09-30,,,,,0.0,0,0.4545454545454545,0.2727272727272727,pixel_reliability=0 AND MODLAND_QA(bits0-1)=0 AND VI range -2000..10000,MOD13Q1 V061 Terra 250m 16-day
SO2208,Heliwa,SO22,Banadir,2023-10-16,0.20395,0.20395,0.154,0.154,0.1818181818181818,2,0.1818181818181818,0.0909090909090909,pixel_reliability=0 AND MODLAND_QA(bits0-1)=0 AND VI range -2000..10000,MOD13Q1 V061 Terra 250m 16-day
SO2208,Heliwa,SO22,Banadir,2023-11-01,,,,,0.0,0,0.0,1.0,pixel_reliability=0 AND MODLAND_QA(bits0-1)=0 AND VI range -2000..10000,MOD13Q1 V061 Terra 250m 16-day
SO2208,Heliwa,SO22,Banadir,2023-11-17,,,,,0.0,0,0.0,1.0,pixel_reliability=0 AND MODLAND_QA(bits0-1)=0 AND VI range -2000..10000,MOD13Q1 V061 Terra 250m 16-day
SO2208,Heliwa,SO22,Banadir,2023-12-03,0.2261,0.2261,0.1714,0.1714,0.0909090909090909,1,0.1818181818181818,0.0909090909090909,pixel_reliability=0 AND MODLAND_QA(bits0-1)=0 AND VI range -2000..10000,MOD13Q1 V061 Terra 250m 16-day
SO2208,Heliwa,SO22,Banadir,2023-12-19,0.2571666666666666,0.2776,0.1917666666666666,0.211,0.2727272727272727,3,0.3636363636363636,0.0,pixel_reliability=0 AND MODLAND_QA(bits0-1)=0 AND VI range -2000..10000,MOD13Q1 V061 Terra 250m 16-day
SO2209,Hodan,SO22,Banadir,2023-01-01,,,,,0.0,0,0.9,0.0,pixel_reliability=0 AND MODLAND_QA(bits0-1)=0 AND VI range -2000..10000,MOD13Q1 V061 Terra 250m 16-day
SO2209,Hodan,SO22,Banadir,2023-01-17,,,,,0.0,0,0.8,0.0,pixel_reliability=0 AND MODLAND_QA(bits0-1)=0 AND VI range -2000..10000,MOD13Q1 V061 Terra 250m 16-day
SO2209,Hodan,SO22,Banadir,2023-02-02,,,,,0.0,0,0.5,0.0,pixel_reliability=0 AND MODLAND_QA(bits0-1)=0 AND VI range -2000..10000,MOD13Q1 V061 Terra 250m 16-day
SO2209,Hodan,SO22,Banadir,2023-03-06,0.1448,0.1448,0.1085,0.1085,0.1,1,0.9,0.0,pixel_reliability=0 AND MODLAND_QA(bits0-1)=0 AND VI range -2000..10000,MOD13Q1 V061 Terra 250m 16-day
SO2209,Hodan,SO22,Banadir,2023-03-22,,,,,0.0,0,0.4,0.2,pixel_reliability=0 AND MODLAND_QA(bits0-1)=0 AND VI range -2000..10000,MOD13Q1 V061 Terra 250m 16-day
SO2209,Hodan,SO22,Banadir,2023-04-07,,,,,0.0,0,0.2,0.7,pixel_reliability=0 AND MODLAND_QA(bits0-1)=0 AND VI range -2000..10000,MOD13Q1 V061 Terra 250m 16-day
SO2209,Hodan,SO22,Banadir,2023-04-23,,,,,0.0,0,0.0,0.8,pixel_reliability=0 AND MODLAND_QA(bits0-1)=0 AND VI range -2000..10000,MOD13Q1 V061 Terra 250m 16-day
SO2209,Hodan,SO22,Banadir,2023-05-09,,,,,0.0,0,0.0,0.8,pixel_reliability=0 AND MODLAND_QA(bits0-1)=0 AND VI range -2000..10000,MOD13Q1 V061 Terra 250m 16-day
SO2209,Hodan,SO22,Banadir,2023-05-25,,,,,0.0,0,0.0,0.8,pixel_reliability=0 AND MODLAND_QA(bits0-1)=0 AND VI range -2000..10000,MOD13Q1 V061 Terra 250m 16-day
SO2209,Hodan,SO22,Banadir,2023-06-10,,,,,0.0,0,0.0,0.9,pixel_reliability=0 AND MODLAND_QA(bits0-1)=0 AND VI range -2000..10000,MOD13Q1 V061 Terra 250m 16-day
SO2209,Hodan,SO22,Banadir,2023-06-26,,,,,0.0,0,0.0,1.0,pixel_reliability=0 AND MODLAND_QA(bits0-1)=0 AND VI range -2000..10000,MOD13Q1 V061 Terra 250m 16-day
SO2209,Hodan,SO22,Banadir,2023-07-12,,,,,0.0,0,0.0,1.0,pixel_reliability=0 AND MODLAND_QA(bits0-1)=0 AND VI range -2000..10000,MOD13Q1 V061 Terra 250m 16-day
SO2209,Hodan,SO22,Banadir,2023-07-28,,,,,0.0,0,0.0,1.0,pixel_reliability=0 AND MODLAND_QA(bits0-1)=0 AND VI range -2000..10000,MOD13Q1 V061 Terra 250m 16-day
SO2209,Hodan,SO22,Banadir,2023-08-13,,,,,0.0,0,0.2,0.4,pixel_reliability=0 AND MODLAND_QA(bits0-1)=0 AND VI range -2000..10000,MOD13Q1 V061 Terra 250m 16-day
SO2209,Hodan,SO22,Banadir,2023-08-29,,,,,0.0,0,0.2,0.5,pixel_reliability=0 AND MODLAND_QA(bits0-1)=0 AND VI range -2000..10000,MOD13Q1 V061 Terra 250m 16-day
SO2209,Hodan,SO22,Banadir,2023-09-14,,,,,0.0,0,0.3,0.5,pixel_reliability=0 AND MODLAND_QA(bits0-1)=0 AND VI range -2000..10000,MOD13Q1 V061 Terra 250m 16-day
SO2209,Hodan,SO22,Banadir,2023-09-30,,,,,0.0,0,0.3,0.1,pixel_reliability=0 AND MODLAND_QA(bits0-1)=0 AND VI range -2000..10000,MOD13Q1 V061 Terra 250m 16-day
SO2209,Hodan,SO22,Banadir,2023-10-16,,,,,0.0,0,0.6,0.2,pixel_reliability=0 AND MODLAND_QA(bits0-1)=0 AND VI range -2000..10000,MOD13Q1 V061 Terra 250m 16-day
SO2209,Hodan,SO22,Banadir,2023-11-01,,,,,0.0,0,0.0,1.0,pixel_reliability=0 AND MODLAND_QA(bits0-1)=0 AND VI range -2000..10000,MOD13Q1 V061 Terra 250m 16-day
SO2209,Hodan,SO22,Banadir,2023-11-17,,,,,0.0,0,0.1,0.8,pixel_reliability=0 AND MODLAND_QA(bits0-1)=0 AND VI range -2000..10000,MOD13Q1 V061 Terra 250m 16-day
SO2209,Hodan,SO22,Banadir,2023-12-03,,,,,0.0,0,0.4,0.3,pixel_reliability=0 AND MODLAND_QA(bits0-1)=0 AND VI range -2000..10000,MOD13Q1 V061 Terra 250m 16-day
SO2209,Hodan,SO22,Banadir,2023-12-19,,,,,0.0,0,0.5,0.2,pixel_reliability=0 AND MODLAND_QA(bits0-1)=0 AND VI range -2000..10000,MOD13Q1 V061 Terra 250m 16-day
SO2210,Kahda,SO22,Banadir,2023-01-01,0.1992846153846154,0.2024,0.1393153846153846,0.1419,0.3611111111111111,13,0.3333333333333333,0.0,pixel_reliability=0 AND MODLAND_QA(bits0-1)=0 AND VI range -2000..10000,MOD13Q1 V061 Terra 250m 16-day
SO2210,Kahda,SO22,Banadir,2023-01-17,0.1923187499999999,0.1943,0.13775625,0.13805,0.4444444444444444,16,0.1111111111111111,0.0,pixel_reliability=0 AND MODLAND_QA(bits0-1)=0 AND VI range -2000..10000,MOD13Q1 V061 Terra 250m 16-day
SO2210,Kahda,SO22,Banadir,2023-02-02,0.1806,0.1806,0.1383,0.1383,0.0277777777777777,1,0.7777777777777778,0.0555555555555555,pixel_reliability=0 AND MODLAND_QA(bits0-1)=0 AND VI range -2000..10000,MOD13Q1 V061 Terra 250m 16-day
SO2210,Kahda,SO22,Banadir,2023-03-06,0.1842625,0.1843,0.128175,0.12785,0.2222222222222222,8,0.3333333333333333,0.0,pixel_reliability=0 AND MODLAND_QA(bits0-1)=0 AND VI range -2000..10000,MOD13Q1 V061 Terra 250m 16-day
SO2210,Kahda,SO22,Banadir,2023-03-22,,,,,0.0,0,0.4722222222222222,0.0833333333333333,pixel_reliability=0 AND MODLAND_QA(bits0-1)=0 AND VI range -2000..10000,MOD13Q1 V061 Terra 250m 16-day
SO2210,Kahda,SO22,Banadir,2023-04-07,,,,,0.0,0,0.4722222222222222,0.1666666666666666,pixel_reliability=0 AND MODLAND_QA(bits0-1)=0 AND VI range -2000..10000,MOD13Q1 V061 Terra 250m 16-day
SO2210,Kahda,SO22,Banadir,2023-04-23,,,,,0.0,0,0.0,1.0,pixel_reliability=0 AND MODLAND_QA(bits0-1)=0 AND VI range -2000..10000,MOD13Q1 V061 Terra 250m 16-day
SO2210,Kahda,SO22,Banadir,2023-05-09,0.27795,0.27795,0.19725,0.19725,0.0555555555555555,2,0.1944444444444444,0.3333333333333333,pixel_reliability=0 AND MODLAND_QA(bits0-1)=0 AND VI range -2000..10000,MOD13Q1 V061 Terra 250m 16-day
SO2210,Kahda,SO22,Banadir,2023-05-25,,,,,0.0,0,0.0277777777777777,0.8611111111111112,pixel_reliability=0 AND MODLAND_QA(bits0-1)=0 AND VI range -2000..10000,MOD13Q1 V061 Terra 250m 16-day
SO2210,Kahda,SO22,Banadir,2023-06-10,,,,,0.0,0,0.0277777777777777,0.8611111111111112,pixel_reliability=0 AND MODLAND_QA(bits0-1)=0 AND VI range -2000..10000,MOD13Q1 V061 Terra 250m 16-day
SO2210,Kahda,SO22,Banadir,2023-06-26,,,,,0.0,0,0.0,0.9444444444444444,pixel_reliability=0 AND MODLAND_QA(bits0-1)=0 AND VI range -2000..10000,MOD13Q1 V061 Terra 250m 16-day
SO2210,Kahda,SO22,Banadir,2023-07-12,0.2829,0.2829,0.2046,0.2046,0.0277777777777777,1,0.1111111111111111,0.7777777777777778,pixel_reliability=0 AND MODLAND_QA(bits0-1)=0 AND VI range -2000..10000,MOD13Q1 V061 Terra 250m 16-day
SO2210,Kahda,SO22,Banadir,2023-07-28,0.2987,0.2987,0.206,0.206,0.0277777777777777,1,0.6388888888888888,0.1388888888888889,pixel_reliability=0 AND MODLAND_QA(bits0-1)=0 AND VI range -2000..10000,MOD13Q1 V061 Terra 250m 16-day
SO2210,Kahda,SO22,Banadir,2023-08-13,,,,,0.0,0,0.0833333333333333,0.5555555555555556,pixel_reliability=0 AND MODLAND_QA(bits0-1)=0 AND VI range -2000..10000,MOD13Q1 V061 Terra 250m 16-day
SO2210,Kahda,SO22,Banadir,2023-08-29,,,,,0.0,0,0.0,0.9444444444444444,pixel_reliability=0 AND MODLAND_QA(bits0-1)=0 AND VI range -2000..10000,MOD13Q1 V061 Terra 250m 16-day
SO2210,Kahda,SO22,Banadir,2023-09-14,,,,,0.0,0,0.1111111111111111,0.6944444444444444,pixel_reliability=0 AND MODLAND_QA(bits0-1)=0 AND VI range -2000..10000,MOD13Q1 V061 Terra 250m 16-day
SO2210,Kahda,SO22,Banadir,2023-09-30,,,,,0.0,0,0.0,1.0,pixel_reliability=0 AND MODLAND_QA(bits0-1)=0 AND VI range -2000..10000,MOD13Q1 V061 Terra 250m 16-day
SO2210,Kahda,SO22,Banadir,2023-10-16,,,,,0.0,0,0.3055555555555556,0.5833333333333334,pixel_reliability=0 AND MODLAND_QA(bits0-1)=0 AND VI range -2000..10000,MOD13Q1 V061 Terra 250m 16-day
SO2210,Kahda,SO22,Banadir,2023-11-01,,,,,0.0,0,0.0,1.0,pixel_reliability=0 AND MODLAND_QA(bits0-1)=0 AND VI range -2000..10000,MOD13Q1 V061 Terra 250m 16-day
SO2210,Kahda,SO22,Banadir,2023-11-17,,,,,0.0,0,0.0,0.9722222222222222,pixel_reliability=0 AND MODLAND_QA(bits0-1)=0 AND VI range -2000..10000,MOD13Q1 V061 Terra 250m 16-day
SO2210,Kahda,SO22,Banadir,2023-12-03,,,,,0.0,0,0.0277777777777777,0.8611111111111112,pixel_reliability=0 AND MODLAND_QA(bits0-1)=0 AND VI range -2000..10000,MOD13Q1 V061 Terra 250m 16-day
SO2210,Kahda,SO22,Banadir,2023-12-19,0.2899,0.2899,0.2213,0.2213,0.0555555555555555,2,0.1666666666666666,0.2222222222222222,pixel_reliability=0 AND MODLAND_QA(bits0-1)=0 AND VI range -2000..10000,MOD13Q1 V061 Terra 250m 16-day
SO2211,Karaan,SO22,Banadir,2023-01-01,,,,,0.0,0,0.6785714285714286,0.0,pixel_reliability=0 AND MODLAND_QA(bits0-1)=0 AND VI range -2000..10000,MOD13Q1 V061 Terra 250m 16-day
SO2211,Karaan,SO22,Banadir,2023-01-17,0.1431,0.1508,0.12088,0.1352,0.1785714285714285,5,0.4642857142857143,0.0357142857142857,pixel_reliability=0 AND MODLAND_QA(bits0-1)=0 AND VI range -2000..10000,MOD13Q1 V061 Terra 250m 16-day
SO2211,Karaan,SO22,Banadir,2023-02-02,0.2029,0.2029,0.1678,0.1678,0.0357142857142857,1,0.2142857142857142,0.2857142857142857,pixel_reliability=0 AND MODLAND_QA(bits0-1)=0 AND VI range -2000..10000,MOD13Q1 V061 Terra 250m 16-day
SO2211,Karaan,SO22,Banadir,2023-03-06,,,,,0.0,0,0.2142857142857142,0.4642857142857143,pixel_reliability=0 AND MODLAND_QA(bits0-1)=0 AND VI range -2000..10000,MOD13Q1 V061 Terra 250m 16-day
SO2211,Karaan,SO22,Banadir,2023-03-22,,,,,0.0,0,0.3214285714285714,0.3214285714285714,pixel_reliability=0 AND MODLAND_QA(bits0-1)=0 AND VI range -2000..10000,MOD13Q1 V061 Terra 250m 16-day
SO2211,Karaan,SO22,Banadir,2023-04-07,0.239825,0.1956,0.11395,0.1432,0.1428571428571428,4,0.2857142857142857,0.1071428571428571,pixel_reliability=0 AND MODLAND_QA(bits0-1)=0 AND VI range -2000..10000,MOD13Q1 V061 Terra 250m 16-day
SO2211,Karaan,SO22,Banadir,2023-04-23,0.0728,0.0728,0.0198,0.0198,0.0357142857142857,1,0.1071428571428571,0.3214285714285714,pixel_reliability=0 AND MODLAND_QA(bits0-1)=0 AND VI range -2000..10000,MOD13Q1 V061 Terra 250m 16-day
SO2211,Karaan,SO22,Banadir,2023-05-09,,,,,0.0,0,0.25,0.3571428571428571,pixel_reliability=0 AND MODLAND_QA(bits0-1)=0 AND VI range -2000..10000,MOD13Q1 V061 Terra 250m 16-day
SO2211,Karaan,SO22,Banadir,2023-05-25,,,,,0.0,0,0.6785714285714286,0.1785714285714285,pixel_reliability=0 AND MODLAND_QA(bits0-1)=0 AND VI range -2000..10000,MOD13Q1 V061 Terra 250m 16-day
SO2211,Karaan,SO22,Banadir,2023-06-10,0.1769,0.1769,0.14685,0.14685,0.0714285714285714,2,0.3214285714285714,0.1785714285714285,pixel_reliability=0 AND MODLAND_QA(bits0-1)=0 AND VI range -2000..10000,MOD13Q1 V061 Terra 250m 16-day
SO2211,Karaan,SO22,Banadir,2023-06-26,,,,,0.0,0,0.0357142857142857,0.8928571428571429,pixel_reliability=0 AND MODLAND_QA(bits0-1)=0 AND VI range -2000..10000,MOD13Q1 V061 Terra 250m 16-day
SO2211,Karaan,SO22,Banadir,2023-07-12,,,,,0.0,0,0.0,0.8214285714285714,pixel_reliability=0 AND MODLAND_QA(bits0-1)=0 AND VI range -2000..10000,MOD13Q1 V061 Terra 250m 16-day
SO2211,Karaan,SO22,Banadir,2023-07-28,0.1998,0.1998,0.1213,0.1213,0.0357142857142857,1,0.1071428571428571,0.7142857142857143,pixel_reliability=0 AND MODLAND_QA(bits0-1)=0 AND VI range -2000..10000,MOD13Q1 V061 Terra 250m 16-day
SO2211,Karaan,SO22,Banadir,2023-08-13,,,,,0.0,0,0.1071428571428571,0.6428571428571429,pixel_reliability=0 AND MODLAND_QA(bits0-1)=0 AND VI range -2000..10000,MOD13Q1 V061 Terra 250m 16-day
SO2211,Karaan,SO22,Banadir,2023-08-29,,,,,0.0,0,0.25,0.3928571428571428,pixel_reliability=0 AND MODLAND_QA(bits0-1)=0 AND VI range -2000..10000,MOD13Q1 V061 Terra 250m 16-day
SO2211,Karaan,SO22,Banadir,2023-09-14,,,,,0.0,0,0.1071428571428571,0.5714285714285714,pixel_reliability=0 AND MODLAND_QA(bits0-1)=0 AND VI range -2000..10000,MOD13Q1 V061 Terra 250m 16-day
SO2211,Karaan,SO22,Banadir,2023-09-30,,,,,0.0,0,0.3571428571428571,0.4642857142857143,pixel_reliability=0 AND MODLAND_QA(bits0-1)=0 AND VI range -2000..10000,MOD13Q1 V061 Terra 250m 16-day
SO2211,Karaan,SO22,Banadir,2023-10-16,0.1993666666666667,0.1973,0.1478666666666666,0.1417,0.1071428571428571,3,0.4285714285714285,0.0357142857142857,pixel_reliability=0 AND MODLAND_QA(bits0-1)=0 AND VI range -2000..10000,MOD13Q1 V061 Terra 250m 16-day
SO2211,Karaan,SO22,Banadir,2023-11-01,,,,,0.0,0,0.0,1.0,pixel_reliability=0 AND MODLAND_QA(bits0-1)=0 AND VI range -2000..10000,MOD13Q1 V061 Terra 250m 16-day
SO2211,Karaan,SO22,Banadir,2023-11-17,,,,,0.0,0,0.0,1.0,pixel_reliability=0 AND MODLAND_QA(bits0-1)=0 AND VI range -2000..10000,MOD13Q1 V061 Terra 250m 16-day
SO2211,Karaan,SO22,Banadir,2023-12-03,,,,,0.0,0,0.4285714285714285,0.1785714285714285,pixel_reliability=0 AND MODLAND_QA(bits0-1)=0 AND VI range -2000..10000,MOD13Q1 V061 Terra 250m 16-day
SO2211,Karaan,SO22,Banadir,2023-12-19,0.20595,0.20595,0.1378,0.1378,0.0714285714285714,2,0.3214285714285714,0.2857142857142857,pixel_reliability=0 AND MODLAND_QA(bits0-1)=0 AND VI range -2000..10000,MOD13Q1 V061 Terra 250m 16-day
SO2212,Shangaani,SO22,Banadir,2023-01-01,,,,,0.0,0,1.0,0.0,pixel_reliability=0 AND MODLAND_QA(bits0-1)=0 AND VI range -2000..10000,MOD13Q1 V061 Terra 250m 16-day
SO2212,Shangaani,SO22,Banadir,2023-01-17,,,,,0.0,0,1.0,0.0,pixel_reliability=0 AND MODLAND_QA(bits0-1)=0 AND VI range -2000..10000,MOD13Q1 V061 Terra 250m 16-day
SO2212,Shangaani,SO22,Banadir,2023-02-02,,,,,0.0,0,0.0,0.0,pixel_reliability=0 AND MODLAND_QA(bits0-1)=0 AND VI range -2000..10000,MOD13Q1 V061 Terra 250m 16-day
SO2212,Shangaani,SO22,Banadir,2023-03-06,,,,,0.0,0,0.0,1.0,pixel_reliability=0 AND MODLAND_QA(bits0-1)=0 AND VI range -2000..10000,MOD13Q1 V061 Terra 250m 16-day
SO2212,Shangaani,SO22,Banadir,2023-03-22,,,,,0.0,0,0.0,1.0,pixel_reliability=0 AND MODLAND_QA(bits0-1)=0 AND VI range -2000..10000,MOD13Q1 V061 Terra 250m 16-day
SO2212,Shangaani,SO22,Banadir,2023-04-07,,,,,0.0,0,0.0,0.0,pixel_reliability=0 AND MODLAND_QA(bits0-1)=0 AND VI range -2000..10000,MOD13Q1 V061 Terra 250m 16-day
SO2212,Shangaani,SO22,Banadir,2023-04-23,,,,,0.0,0,0.0,0.0,pixel_reliability=0 AND MODLAND_QA(bits0-1)=0 AND VI range -2000..10000,MOD13Q1 V061 Terra 250m 16-day
SO2212,Shangaani,SO22,Banadir,2023-05-09,,,,,0.0,0,0.0,1.0,pixel_reliability=0 AND MODLAND_QA(bits0-1)=0 AND VI range -2000..10000,MOD13Q1 V061 Terra 250m 16-day
SO2212,Shangaani,SO22,Banadir,2023-05-25,,,,,0.0,0,0.0,1.0,pixel_reliability=0 AND MODLAND_QA(bits0-1)=0 AND VI range -2000..10000,MOD13Q1 V061 Terra 250m 16-day
SO2212,Shangaani,SO22,Banadir,2023-06-10,,,,,0.0,0,0.0,1.0,pixel_reliability=0 AND MODLAND_QA(bits0-1)=0 AND VI range -2000..10000,MOD13Q1 V061 Terra 250m 16-day
SO2212,Shangaani,SO22,Banadir,2023-06-26,,,,,0.0,0,0.0,1.0,pixel_reliability=0 AND MODLAND_QA(bits0-1)=0 AND VI range -2000..10000,MOD13Q1 V061 Terra 250m 16-day
SO2212,Shangaani,SO22,Banadir,2023-07-12,,,,,0.0,0,0.0,1.0,pixel_reliability=0 AND MODLAND_QA(bits0-1)=0 AND VI range -2000..10000,MOD13Q1 V061 Terra 250m 16-day
SO2212,Shangaani,SO22,Banadir,2023-07-28,,,,,0.0,0,0.0,1.0,pixel_reliability=0 AND MODLAND_QA(bits0-1)=0 AND VI range -2000..10000,MOD13Q1 V061 Terra 250m 16-day
SO2212,Shangaani,SO22,Banadir,2023-08-13,,,,,0.0,0,0.0,1.0,pixel_reliability=0 AND MODLAND_QA(bits0-1)=0 AND VI range -2000..10000,MOD13Q1 V061 Terra 250m 16-day
SO2212,Shangaani,SO22,Banadir,2023-08-29,,,,,0.0,0,0.0,1.0,pixel_reliability=0 AND MODLAND_QA(bits0-1)=0 AND VI range -2000..10000,MOD13Q1 V061 Terra 250m 16-day
SO2212,Shangaani,SO22,Banadir,2023-09-14,,,,,0.0,0,0.0,1.0,pixel_reliability=0 AND MODLAND_QA(bits0-1)=0 AND VI range -2000..10000,MOD13Q1 V061 Terra 250m 16-day
SO2212,Shangaani,SO22,Banadir,2023-09-30,,,,,0.0,0,0.0,1.0,pixel_reliability=0 AND MODLAND_QA(bits0-1)=0 AND VI range -2000..10000,MOD13Q1 V061 Terra 250m 16-day
SO2212,Shangaani,SO22,Banadir,2023-10-16,,,,,0.0,0,0.0,0.0,pixel_reliability=0 AND MODLAND_QA(bits0-1)=0 AND VI range -2000..10000,MOD13Q1 V061 Terra 250m 16-day
SO2212,Shangaani,SO22,Banadir,2023-11-01,,,,,0.0,0,0.0,1.0,pixel_reliability=0 AND MODLAND_QA(bits0-1)=0 AND VI range -2000..10000,MOD13Q1 V061 Terra 250m 16-day
SO2212,Shangaani,SO22,Banadir,2023-11-17,,,,,0.0,0,0.0,1.0,pixel_reliability=0 AND MODLAND_QA(bits0-1)=0 AND VI range -2000..10000,MOD13Q1 V061 Terra 250m 16-day
SO2212,Shangaani,SO22,Banadir,2023-12-03,,,,,0.0,0,0.0,1.0,pixel_reliability=0 AND MODLAND_QA(bits0-1)=0 AND VI range -2000..10000,MOD13Q1 V061 Terra 250m 16-day
SO2212,Shangaani,SO22,Banadir,2023-12-19,,,,,0.0,0,0.0,1.0,pixel_reliability=0 AND MODLAND_QA(bits0-1)=0 AND VI range -2000..10000,MOD13Q1 V061 Terra 250m 16-day
SO2213,Shibis,SO22,Banadir,2023-01-01,,,,,0.0,0,0.25,0.0,pixel_reliability=0 AND MODLAND_QA(bits0-1)=0 AND VI range -2000..10000,MOD13Q1 V061 Terra 250m 16-day
SO2213,Shibis,SO22,Banadir,2023-01-17,,,,,0.0,0,0.75,0.25,pixel_reliability=0 AND MODLAND_QA(bits0-1)=0 AND VI range -2000..10000,MOD13Q1 V061 Terra 250m 16-day
SO2213,Shibis,SO22,Banadir,2023-02-02,,,,,0.0,0,0.0,0.25,pixel_reliability=0 AND MODLAND_QA(bits0-1)=0 AND VI range -2000..10000,MOD13Q1 V061 Terra 250m 16-day
SO2213,Shibis,SO22,Banadir,2023-03-06,,,,,0.0,0,0.0,1.0,pixel_reliability=0 AND MODLAND_QA(bits0-1)=0 AND VI range -2000..10000,MOD13Q1 V061 Terra 250m 16-day
SO2213,Shibis,SO22,Banadir,2023-03-22,,,,,0.0,0,0.75,0.25,pixel_reliability=0 AND MODLAND_QA(bits0-1)=0 AND VI range -2000..10000,MOD13Q1 V061 Terra 250m 16-day
SO2213,Shibis,SO22,Banadir,2023-04-07,,,,,0.0,0,0.0,1.0,pixel_reliability=0 AND MODLAND_QA(bits0-1)=0 AND VI range -2000..10000,MOD13Q1 V061 Terra 250m 16-day
SO2213,Shibis,SO22,Banadir,2023-04-23,,,,,0.0,0,0.0,1.0,pixel_reliability=0 AND MODLAND_QA(bits0-1)=0 AND VI range -2000..10000,MOD13Q1 V061 Terra 250m 16-day
SO2213,Shibis,SO22,Banadir,2023-05-09,,,,,0.0,0,0.0,0.75,pixel_reliability=0 AND MODLAND_QA(bits0-1)=0 AND VI range -2000..10000,MOD13Q1 V061 Terra 250m 16-day
SO2213,Shibis,SO22,Banadir,2023-05-25,,,,,0.0,0,0.0,0.5,pixel_reliability=0 AND MODLAND_QA(bits0-1)=0 AND VI range -2000..10000,MOD13Q1 V061 Terra 250m 16-day
SO2213,Shibis,SO22,Banadir,2023-06-10,,,,,0.0,0,0.25,0.0,pixel_reliability=0 AND MODLAND_QA(bits0-1)=0 AND VI range -2000..10000,MOD13Q1 V061 Terra 250m 16-day
SO2213,Shibis,SO22,Banadir,2023-06-26,,,,,0.0,0,0.0,0.5,pixel_reliability=0 AND MODLAND_QA(bits0-1)=0 AND VI range -2000..10000,MOD13Q1 V061 Terra 250m 16-day
SO2213,Shibis,SO22,Banadir,2023-07-12,,,,,0.0,0,0.0,1.0,pixel_reliability=0 AND MODLAND_QA(bits0-1)=0 AND VI range -2000..10000,MOD13Q1 V061 Terra 250m 16-day
SO2213,Shibis,SO22,Banadir,2023-07-28,,,,,0.0,0,0.0,0.75,pixel_reliability=0 AND MODLAND_QA(bits0-1)=0 AND VI range -2000..10000,MOD13Q1 V061 Terra 250m 16-day
SO2213,Shibis,SO22,Banadir,2023-08-13,,,,,0.0,0,0.0,1.0,pixel_reliability=0 AND MODLAND_QA(bits0-1)=0 AND VI range -2000..10000,MOD13Q1 V061 Terra 250m 16-day
SO2213,Shibis,SO22,Banadir,2023-08-29,,,,,0.0,0,0.0,0.25,pixel_reliability=0 AND MODLAND_QA(bits0-1)=0 AND VI range -2000..10000,MOD13Q1 V061 Terra 250m 16-day
SO2213,Shibis,SO22,Banadir,2023-09-14,,,,,0.0,0,0.0,1.0,pixel_reliability=0 AND MODLAND_QA(bits0-1)=0 AND VI range -2000..10000,MOD13Q1 V061 Terra 250m 16-day
SO2213,Shibis,SO22,Banadir,2023-09-30,,,,,0.0,0,0.0,1.0,pixel_reliability=0 AND MODLAND_QA(bits0-1)=0 AND VI range -2000..10000,MOD13Q1 V061 Terra 250m 16-day
SO2213,Shibis,SO22,Banadir,2023-10-16,,,,,0.0,0,0.0,0.5,pixel_reliability=0 AND MODLAND_QA(bits0-1)=0 AND VI range -2000..10000,MOD13Q1 V061 Terra 250m 16-day
SO2213,Shibis,SO22,Banadir,2023-11-01,,,,,0.0,0,0.0,1.0,pixel_reliability=0 AND MODLAND_QA(bits0-1)=0 AND VI range -2000..10000,MOD13Q1 V061 Terra 250m 16-day
SO2213,Shibis,SO22,Banadir,2023-11-17,,,,,0.0,0,0.0,1.0,pixel_reliability=0 AND MODLAND_QA(bits0-1)=0 AND VI range -2000..10000,MOD13Q1 V061 Terra 250m 16-day
SO2213,Shibis,SO22,Banadir,2023-12-03,,,,,0.0,0,0.0,0.5,pixel_reliability=0 AND MODLAND_QA(bits0-1)=0 AND VI range -2000..10000,MOD13Q1 V061 Terra 250m 16-day
SO2213,Shibis,SO22,Banadir,2023-12-19,0.1465,0.1465,0.1055,0.1055,0.25,1,0.0,0.0,pixel_reliability=0 AND MODLAND_QA(bits0-1)=0 AND VI range -2000..10000,MOD13Q1 V061 Terra 250m 16-day
SO2214,Waaberi,SO22,Banadir,2023-01-01,0.1977,0.1977,0.1291,0.1291,0.1111111111111111,1,0.7777777777777778,0.0,pixel_reliability=0 AND MODLAND_QA(bits0-1)=0 AND VI range -2000..10000,MOD13Q1 V061 Terra 250m 16-day
SO2214,Waaberi,SO22,Banadir,2023-01-17,,,,,0.0,0,0.3333333333333333,0.0,pixel_reliability=0 AND MODLAND_QA(bits0-1)=0 AND VI range -2000..10000,MOD13Q1 V061 Terra 250m 16-day
SO2214,Waaberi,SO22,Banadir,2023-02-02,,,,,0.0,0,0.1111111111111111,0.5555555555555556,pixel_reliability=0 AND MODLAND_QA(bits0-1)=0 AND VI range -2000..10000,MOD13Q1 V061 Terra 250m 16-day
SO2214,Waaberi,SO22,Banadir,2023-03-06,,,,,0.0,0,0.4444444444444444,0.1111111111111111,pixel_reliability=0 AND MODLAND_QA(bits0-1)=0 AND VI range -2000..10000,MOD13Q1 V061 Terra 250m 16-day
SO2214,Waaberi,SO22,Banadir,2023-03-22,,,,,0.0,0,0.0,0.5555555555555556,pixel_reliability=0 AND MODLAND_QA(bits0-1)=0 AND VI range -2000..10000,MOD13Q1 V061 Terra 250m 16-day
SO2214,Waaberi,SO22,Banadir,2023-04-07,,,,,0.0,0,0.3333333333333333,0.2222222222222222,pixel_reliability=0 AND MODLAND_QA(bits0-1)=0 AND VI range -2000..10000,MOD13Q1 V061 Terra 250m 16-day
SO2214,Waaberi,SO22,Banadir,2023-04-23,,,,,0.0,0,0.0,0.7777777777777778,pixel_reliability=0 AND MODLAND_QA(bits0-1)=0 AND VI range -2000..10000,MOD13Q1 V061 Terra 250m 16-day
SO2214,Waaberi,SO22,Banadir,2023-05-09,,,,,0.0,0,0.0,0.6666666666666666,pixel_reliability=0 AND MODLAND_QA(bits0-1)=0 AND VI range -2000..10000,MOD13Q1 V061 Terra 250m 16-day
SO2214,Waaberi,SO22,Banadir,2023-05-25,,,,,0.0,0,0.0,0.7777777777777778,pixel_reliability=0 AND MODLAND_QA(bits0-1)=0 AND VI range -2000..10000,MOD13Q1 V061 Terra 250m 16-day
SO2214,Waaberi,SO22,Banadir,2023-06-10,,,,,0.0,0,0.2222222222222222,0.6666666666666666,pixel_reliability=0 AND MODLAND_QA(bits0-1)=0 AND VI range -2000..10000,MOD13Q1 V061 Terra 250m 16-day
SO2214,Waaberi,SO22,Banadir,2023-06-26,,,,,0.0,0,0.0,1.0,pixel_reliability=0 AND MODLAND_QA(bits0-1)=0 AND VI range -2000..10000,MOD13Q1 V061 Terra 250m 16-day
SO2214,Waaberi,SO22,Banadir,2023-07-12,,,,,0.0,0,0.0,0.7777777777777778,pixel_reliability=0 AND MODLAND_QA(bits0-1)=0 AND VI range -2000..10000,MOD13Q1 V061 Terra 250m 16-day
SO2214,Waaberi,SO22,Banadir,2023-07-28,,,,,0.0,0,0.0,1.0,pixel_reliability=0 AND MODLAND_QA(bits0-1)=0 AND VI range -2000..10000,MOD13Q1 V061 Terra 250m 16-day
SO2214,Waaberi,SO22,Banadir,2023-08-13,,,,,0.0,0,0.0,1.0,pixel_reliability=0 AND MODLAND_QA(bits0-1)=0 AND VI range -2000..10000,MOD13Q1 V061 Terra 250m 16-day
SO2214,Waaberi,SO22,Banadir,2023-08-29,,,,,0.0,0,0.3333333333333333,0.3333333333333333,pixel_reliability=0 AND MODLAND_QA(bits0-1)=0 AND VI range -2000..10000,MOD13Q1 V061 Terra 250m 16-day
SO2214,Waaberi,SO22,Banadir,2023-09-14,,,,,0.0,0,0.0,0.6666666666666666,pixel_reliability=0 AND MODLAND_QA(bits0-1)=0 AND VI range -2000..10000,MOD13Q1 V061 Terra 250m 16-day
SO2214,Waaberi,SO22,Banadir,2023-09-30,,,,,0.0,0,0.0,1.0,pixel_reliability=0 AND MODLAND_QA(bits0-1)=0 AND VI range -2000..10000,MOD13Q1 V061 Terra 250m 16-day
SO2214,Waaberi,SO22,Banadir,2023-10-16,,,,,0.0,0,0.0,0.5555555555555556,pixel_reliability=0 AND MODLAND_QA(bits0-1)=0 AND VI range -2000..10000,MOD13Q1 V061 Terra 250m 16-day
SO2214,Waaberi,SO22,Banadir,2023-11-01,,,,,0.0,0,0.0,1.0,pixel_reliability=0 AND MODLAND_QA(bits0-1)=0 AND VI range -2000..10000,MOD13Q1 V061 Terra 250m 16-day
SO2214,Waaberi,SO22,Banadir,2023-11-17,,,,,0.0,0,0.0,0.8888888888888888,pixel_reliability=0 AND MODLAND_QA(bits0-1)=0 AND VI range -2000..10000,MOD13Q1 V061 Terra 250m 16-day
SO2214,Waaberi,SO22,Banadir,2023-12-03,,,,,0.0,0,0.1111111111111111,0.5555555555555556,pixel_reliability=0 AND MODLAND_QA(bits0-1)=0 AND VI range -2000..10000,MOD13Q1 V061 Terra 250m 16-day
SO2214,Waaberi,SO22,Banadir,2023-12-19,,,,,0.0,0,0.4444444444444444,0.1111111111111111,pixel_reliability=0 AND MODLAND_QA(bits0-1)=0 AND VI range -2000..10000,MOD13Q1 V061 Terra 250m 16-day
SO2215,Wadajir (Medina),SO22,Banadir,2023-01-01,0.1722,0.1722,0.12425,0.12425,0.064516129032258,2,0.5483870967741935,0.032258064516129,pixel_reliability=0 AND MODLAND_QA(bits0-1)=0 AND VI range -2000..10000,MOD13Q1 V061 Terra 250m 16-day
SO2215,Wadajir (Medina),SO22,Banadir,2023-01-17,0.12892,0.1237,0.09678,0.1039,0.1612903225806451,5,0.3870967741935484,0.0,pixel_reliability=0 AND MODLAND_QA(bits0-1)=0 AND VI range -2000..10000,MOD13Q1 V061 Terra 250m 16-day
SO2215,Wadajir (Medina),SO22,Banadir,2023-02-02,,,,,0.0,0,0.2903225806451613,0.4193548387096774,pixel_reliability=0 AND MODLAND_QA(bits0-1)=0 AND VI range -2000..10000,MOD13Q1 V061 Terra 250m 16-day
SO2215,Wadajir (Medina),SO22,Banadir,2023-03-06,0.20035,0.20035,0.14555,0.14555,0.064516129032258,2,0.3548387096774194,0.0,pixel_reliability=0 AND MODLAND_QA(bits0-1)=0 AND VI range -2000..10000,MOD13Q1 V061 Terra 250m 16-day
SO2215,Wadajir (Medina),SO22,Banadir,2023-03-22,,,,,0.0,0,0.2580645161290322,0.3548387096774194,pixel_reliability=0 AND MODLAND_QA(bits0-1)=0 AND VI range -2000..10000,MOD13Q1 V061 Terra 250m 16-day
SO2215,Wadajir (Medina),SO22,Banadir,2023-04-07,0.2011333333333333,0.21145,0.1408666666666666,0.12445,0.1935483870967742,6,0.2903225806451613,0.0,pixel_reliability=0 AND MODLAND_QA(bits0-1)=0 AND VI range -2000..10000,MOD13Q1 V061 Terra 250m 16-day
SO2215,Wadajir (Medina),SO22,Banadir,2023-04-23,,,,,0.0,0,0.032258064516129,0.7741935483870968,pixel_reliability=0 AND MODLAND_QA(bits0-1)=0 AND VI range -2000..10000,MOD13Q1 V061 Terra 250m 16-day
SO2215,Wadajir (Medina),SO22,Banadir,2023-05-09,0.1122,0.1122,0.11,0.11,0.032258064516129,1,0.1935483870967742,0.4193548387096774,pixel_reliability=0 AND MODLAND_QA(bits0-1)=0 AND VI range -2000..10000,MOD13Q1 V061 Terra 250m 16-day
SO2215,Wadajir (Medina),SO22,Banadir,2023-05-25,,,,,0.0,0,0.1935483870967742,0.6129032258064516,pixel_reliability=0 AND MODLAND_QA(bits0-1)=0 AND VI range -2000..10000,MOD13Q1 V061 Terra 250m 16-day
SO2215,Wadajir (Medina),SO22,Banadir,2023-06-10,,,,,0.0,0,0.1612903225806451,0.4838709677419355,pixel_reliability=0 AND MODLAND_QA(bits0-1)=0 AND VI range -2000..10000,MOD13Q1 V061 Terra 250m 16-day
SO2215,Wadajir (Medina),SO22,Banadir,2023-06-26,,,,,0.0,0,0.1290322580645161,0.6774193548387096,pixel_reliability=0 AND MODLAND_QA(bits0-1)=0 AND VI range -2000..10000,MOD13Q1 V061 Terra 250m 16-day
SO2215,Wadajir (Medina),SO22,Banadir,2023-07-12,,,,,0.0,0,0.032258064516129,0.8064516129032258,pixel_reliability=0 AND MODLAND_QA(bits0-1)=0 AND VI range -2000..10000,MOD13Q1 V061 Terra 250m 16-day
SO2215,Wadajir (Medina),SO22,Banadir,2023-07-28,,,,,0.0,0,0.0,1.0,pixel_reliability=0 AND MODLAND_QA(bits0-1)=0 AND VI range -2000..10000,MOD13Q1 V061 Terra 250m 16-day
SO2215,Wadajir (Medina),SO22,Banadir,2023-08-13,,,,,0.0,0,0.1290322580645161,0.5161290322580645,pixel_reliability=0 AND MODLAND_QA(bits0-1)=0 AND VI range -2000..10000,MOD13Q1 V061 Terra 250m 16-day
SO2215,Wadajir (Medina),SO22,Banadir,2023-08-29,,,,,0.0,0,0.064516129032258,0.3870967741935484,pixel_reliability=0 AND MODLAND_QA(bits0-1)=0 AND VI range -2000..10000,MOD13Q1 V061 Terra 250m 16-day
SO2215,Wadajir (Medina),SO22,Banadir,2023-09-14,,,,,0.0,0,0.2903225806451613,0.3225806451612903,pixel_reliability=0 AND MODLAND_QA(bits0-1)=0 AND VI range -2000..10000,MOD13Q1 V061 Terra 250m 16-day
SO2215,Wadajir (Medina),SO22,Banadir,2023-09-30,,,,,0.0,0,0.1290322580645161,0.6129032258064516,pixel_reliability=0 AND MODLAND_QA(bits0-1)=0 AND VI range -2000..10000,MOD13Q1 V061 Terra 250m 16-day
SO2215,Wadajir (Medina),SO22,Banadir,2023-10-16,0.1771,0.156,0.1228399999999999,0.1166,0.1612903225806451,5,0.3548387096774194,0.064516129032258,pixel_reliability=0 AND MODLAND_QA(bits0-1)=0 AND VI range -2000..10000,MOD13Q1 V061 Terra 250m 16-day
SO2215,Wadajir (Medina),SO22,Banadir,2023-11-01,,,,,0.0,0,0.032258064516129,0.8709677419354839,pixel_reliability=0 AND MODLAND_QA(bits0-1)=0 AND VI range -2000..10000,MOD13Q1 V061 Terra 250m 16-day
SO2215,Wadajir (Medina),SO22,Banadir,2023-11-17,0.27895,0.27895,0.16935,0.16935,0.064516129032258,2,0.0967741935483871,0.5161290322580645,pixel_reliability=0 AND MODLAND_QA(bits0-1)=0 AND VI range -2000..10000,MOD13Q1 V061 Terra 250m 16-day
SO2215,Wadajir (Medina),SO22,Banadir,2023-12-03,,,,,0.0,0,0.1290322580645161,0.3548387096774194,pixel_reliability=0 AND MODLAND_QA(bits0-1)=0 AND VI range -2000..10000,MOD13Q1 V061 Terra 250m 16-day
SO2215,Wadajir (Medina),SO22,Banadir,2023-12-19,0.1459,0.1459,0.1019,0.1019,0.032258064516129,1,0.3225806451612903,0.2580645161290322,pixel_reliability=0 AND MODLAND_QA(bits0-1)=0 AND VI range -2000..10000,MOD13Q1 V061 Terra 250m 16-day
SO2216,Wardhigley,SO22,Banadir,2023-01-01,,,,,0.0,0,0.7272727272727273,0.0,pixel_reliability=0 AND MODLAND_QA(bits0-1)=0 AND VI range -2000..10000,MOD13Q1 V061 Terra 250m 16-day
SO2216,Wardhigley,SO22,Banadir,2023-01-17,,,,,0.0,0,0.9090909090909092,0.0,pixel_reliability=0 AND MODLAND_QA(bits0-1)=0 AND VI range -2000..10000,MOD13Q1 V061 Terra 250m 16-day
SO2216,Wardhigley,SO22,Banadir,2023-02-02,,,,,0.0,0,0.0,0.6363636363636364,pixel_reliability=0 AND MODLAND_QA(bits0-1)=0 AND VI range -2000..10000,MOD13Q1 V061 Terra 250m 16-day
SO2216,Wardhigley,SO22,Banadir,2023-03-06,,,,,0.0,0,0.8181818181818182,0.0909090909090909,pixel_reliability=0 AND MODLAND_QA(bits0-1)=0 AND VI range -2000..10000,MOD13Q1 V061 Terra 250m 16-day
SO2216,Wardhigley,SO22,Banadir,2023-03-22,,,,,0.0,0,0.3636363636363636,0.0909090909090909,pixel_reliability=0 AND MODLAND_QA(bits0-1)=0 AND VI range -2000..10000,MOD13Q1 V061 Terra 250m 16-day
SO2216,Wardhigley,SO22,Banadir,2023-04-07,,,,,0.0,0,0.4545454545454545,0.0909090909090909,pixel_reliability=0 AND MODLAND_QA(bits0-1)=0 AND VI range -2000..10000,MOD13Q1 V061 Terra 250m 16-day
SO2216,Wardhigley,SO22,Banadir,2023-04-23,,,,,0.0,0,0.0,0.9090909090909092,pixel_reliability=0 AND MODLAND_QA(bits0-1)=0 AND VI range -2000..10000,MOD13Q1 V061 Terra 250m 16-day
SO2216,Wardhigley,SO22,Banadir,2023-05-09,,,,,0.0,0,0.0,0.9090909090909092,pixel_reliability=0 AND MODLAND_QA(bits0-1)=0 AND VI range -2000..10000,MOD13Q1 V061 Terra 250m 16-day
SO2216,Wardhigley,SO22,Banadir,2023-05-25,,,,,0.0,0,0.0,1.0,pixel_reliability=0 AND MODLAND_QA(bits0-1)=0 AND VI range -2000..10000,MOD13Q1 V061 Terra 250m 16-day
SO2216,Wardhigley,SO22,Banadir,2023-06-10,,,,,0.0,0,0.2727272727272727,0.1818181818181818,pixel_reliability=0 AND MODLAND_QA(bits0-1)=0 AND VI range -2000..10000,MOD13Q1 V061 Terra 250m 16-day
SO2216,Wardhigley,SO22,Banadir,2023-06-26,,,,,0.0,0,0.1818181818181818,0.5454545454545454,pixel_reliability=0 AND MODLAND_QA(bits0-1)=0 AND VI range -2000..10000,MOD13Q1 V061 Terra 250m 16-day
SO2216,Wardhigley,SO22,Banadir,2023-07-12,,,,,0.0,0,0.0,0.9090909090909092,pixel_reliability=0 AND MODLAND_QA(bits0-1)=0 AND VI range -2000..10000,MOD13Q1 V061 Terra 250m 16-day
SO2216,Wardhigley,SO22,Banadir,2023-07-28,,,,,0.0,0,0.0,0.8181818181818182,pixel_reliability=0 AND MODLAND_QA(bits0-1)=0 AND VI range -2000..10000,MOD13Q1 V061 Terra 250m 16-day
SO2216,Wardhigley,SO22,Banadir,2023-08-13,,,,,0.0,0,0.0909090909090909,0.5454545454545454,pixel_reliability=0 AND MODLAND_QA(bits0-1)=0 AND VI range -2000..10000,MOD13Q1 V061 Terra 250m 16-day
SO2216,Wardhigley,SO22,Banadir,2023-08-29,,,,,0.0,0,0.1818181818181818,0.4545454545454545,pixel_reliability=0 AND MODLAND_QA(bits0-1)=0 AND VI range -2000..10000,MOD13Q1 V061 Terra 250m 16-day
SO2216,Wardhigley,SO22,Banadir,2023-09-14,,,,,0.0,0,0.0909090909090909,0.6363636363636364,pixel_reliability=0 AND MODLAND_QA(bits0-1)=0 AND VI range -2000..10000,MOD13Q1 V061 Terra 250m 16-day
SO2216,Wardhigley,SO22,Banadir,2023-09-30,,,,,0.0,0,0.2727272727272727,0.4545454545454545,pixel_reliability=0 AND MODLAND_QA(bits0-1)=0 AND VI range -2000..10000,MOD13Q1 V061 Terra 250m 16-day
SO2216,Wardhigley,SO22,Banadir,2023-10-16,,,,,0.0,0,0.3636363636363636,0.1818181818181818,pixel_reliability=0 AND MODLAND_QA(bits0-1)=0 AND VI range -2000..10000,MOD13Q1 V061 Terra 250m 16-day
SO2216,Wardhigley,SO22,Banadir,2023-11-01,,,,,0.0,0,0.0,1.0,pixel_reliability=0 AND MODLAND_QA(bits0-1)=0 AND VI range -2000..10000,MOD13Q1 V061 Terra 250m 16-day
SO2216,Wardhigley,SO22,Banadir,2023-11-17,,,,,0.0,0,0.0,1.0,pixel_reliability=0 AND MODLAND_QA(bits0-1)=0 AND VI range -2000..10000,MOD13Q1 V061 Terra 250m 16-day
SO2216,Wardhigley,SO22,Banadir,2023-12-03,,,,,0.0,0,0.2727272727272727,0.1818181818181818,pixel_reliability=0 AND MODLAND_QA(bits0-1)=0 AND VI range -2000..10000,MOD13Q1 V061 Terra 250m 16-day
SO2216,Wardhigley,SO22,Banadir,2023-12-19,0.19435,0.19435,0.12445,0.12445,0.1818181818181818,2,0.6363636363636364,0.0,pixel_reliability=0 AND MODLAND_QA(bits0-1)=0 AND VI range -2000..10000,MOD13Q1 V061 Terra 250m 16-day
SO2217,Yaaqshid,SO22,Banadir,2023-01-01,,,,,0.0,0,0.9285714285714286,0.0,pixel_reliability=0 AND MODLAND_QA(bits0-1)=0 AND VI range -2000..10000,MOD13Q1 V061 Terra 250m 16-day
SO2217,Yaaqshid,SO22,Banadir,2023-01-17,,,,,0.0,0,0.9285714285714286,0.0,pixel_reliability=0 AND MODLAND_QA(bits0-1)=0 AND VI range -2000..10000,MOD13Q1 V061 Terra 250m 16-day
SO2217,Yaaqshid,SO22,Banadir,2023-02-02,,,,,0.0,0,0.2857142857142857,0.2857142857142857,pixel_reliability=0 AND MODLAND_QA(bits0-1)=0 AND VI range -2000..10000,MOD13Q1 V061 Terra 250m 16-day
SO2217,Yaaqshid,SO22,Banadir,2023-03-06,,,,,0.0,0,0.7142857142857143,0.0,pixel_reliability=0 AND MODLAND_QA(bits0-1)=0 AND VI range -2000..10000,MOD13Q1 V061 Terra 250m 16-day
SO2217,Yaaqshid,SO22,Banadir,2023-03-22,,,,,0.0,0,0.1428571428571428,0.2857142857142857,pixel_reliability=0 AND MODLAND_QA(bits0-1)=0 AND VI range -2000..10000,MOD13Q1 V061 Terra 250m 16-day
SO2217,Yaaqshid,SO22,Banadir,2023-04-07,,,,,0.0,0,0.7142857142857143,0.1428571428571428,pixel_reliability=0 AND MODLAND_QA(bits0-1)=0 AND VI range -2000..10000,MOD13Q1 V061 Terra 250m 16-day
SO2217,Yaaqshid,SO22,Banadir,2023-04-23,,,,,0.0,0,0.0,0.9285714285714286,pixel_reliability=0 AND MODLAND_QA(bits0-1)=0 AND VI range -2000..10000,MOD13Q1 V061 Terra 250m 16-day
SO2217,Yaaqshid,SO22,Banadir,2023-05-09,,,,,0.0,0,0.0714285714285714,0.6428571428571429,pixel_reliability=0 AND MODLAND_QA(bits0-1)=0 AND VI range -2000..10000,MOD13Q1 V061 Terra 250m 16-day
SO2217,Yaaqshid,SO22,Banadir,2023-05-25,,,,,0.0,0,0.0,0.7142857142857143,pixel_reliability=0 AND MODLAND_QA(bits0-1)=0 AND VI range -2000..10000,MOD13Q1 V061 Terra 250m 16-day
SO2217,Yaaqshid,SO22,Banadir,2023-06-10,0.1598,0.1598,0.1137,0.1137,0.0714285714285714,1,0.0714285714285714,0.1428571428571428,pixel_reliability=0 AND MODLAND_QA(bits0-1)=0 AND VI range -2000..10000,MOD13Q1 V061 Terra 250m 16-day
SO2217,Yaaqshid,SO22,Banadir,2023-06-26,,,,,0.0,0,0.3571428571428571,0.2142857142857142,pixel_reliability=0 AND MODLAND_QA(bits0-1)=0 AND VI range -2000..10000,MOD13Q1 V061 Terra 250m 16-day
SO2217,Yaaqshid,SO22,Banadir,2023-07-12,,,,,0.0,0,0.0,0.7857142857142857,pixel_reliability=0 AND MODLAND_QA(bits0-1)=0 AND VI range -2000..10000,MOD13Q1 V061 Terra 250m 16-day
SO2217,Yaaqshid,SO22,Banadir,2023-07-28,,,,,0.0,0,0.4285714285714285,0.1428571428571428,pixel_reliability=0 AND MODLAND_QA(bits0-1)=0 AND VI range -2000..10000,MOD13Q1 V061 Terra 250m 16-day
SO2217,Yaaqshid,SO22,Banadir,2023-08-13,,,,,0.0,0,0.2142857142857142,0.1428571428571428,pixel_reliability=0 AND MODLAND_QA(bits0-1)=0 AND VI range -2000..10000,MOD13Q1 V061 Terra 250m 16-day
SO2217,Yaaqshid,SO22,Banadir,2023-08-29,,,,,0.0,0,0.4285714285714285,0.2142857142857142,pixel_reliability=0 AND MODLAND_QA(bits0-1)=0 AND VI range -2000..10000,MOD13Q1 V061 Terra 250m 16-day
SO2217,Yaaqshid,SO22,Banadir,2023-09-14,,,,,0.0,0,0.0714285714285714,0.4285714285714285,pixel_reliability=0 AND MODLAND_QA(bits0-1)=0 AND VI range -2000..10000,MOD13Q1 V061 Terra 250m 16-day
SO2217,Yaaqshid,SO22,Banadir,2023-09-30,,,,,0.0,0,0.7142857142857143,0.0714285714285714,pixel_reliability=0 AND MODLAND_QA(bits0-1)=0 AND VI range -2000..10000,MOD13Q1 V061 Terra 250m 16-day
SO2217,Yaaqshid,SO22,Banadir,2023-10-16,,,,,0.0,0,0.8571428571428571,0.0,pixel_reliability=0 AND MODLAND_QA(bits0-1)=0 AND VI range -2000..10000,MOD13Q1 V061 Terra 250m 16-day
SO2217,Yaaqshid,SO22,Banadir,2023-11-01,,,,,0.0,0,0.0,1.0,pixel_reliability=0 AND MODLAND_QA(bits0-1)=0 AND VI range -2000..10000,MOD13Q1 V061 Terra 250m 16-day
SO2217,Yaaqshid,SO22,Banadir,2023-11-17,,,,,0.0,0,0.0,1.0,pixel_reliability=0 AND MODLAND_QA(bits0-1)=0 AND VI range -2000..10000,MOD13Q1 V061 Terra 250m 16-day
SO2217,Yaaqshid,SO22,Banadir,2023-12-03,,,,,0.0,0,0.2142857142857142,0.2142857142857142,pixel_reliability=0 AND MODLAND_QA(bits0-1)=0 AND VI range -2000..10000,MOD13Q1 V061 Terra 250m 16-day
SO2217,Yaaqshid,SO22,Banadir,2023-12-19,,,,,0.0,0,0.8571428571428571,0.0,pixel_reliability=0 AND MODLAND_QA(bits0-1)=0 AND VI range -2000..10000,MOD13Q1 V061 Terra 250m 16-day
SO2301,Marka,SO23,Lower Shabelle,2023-01-01,0.351636220472441,0.3223,0.2211214566929134,0.1987,0.3996852871754524,508,0.1188040912667191,0.007081038552321,pixel_reliability=0 AND MODLAND_QA(bits0-1)=0 AND VI range -2000..10000,MOD13Q1 V061 Terra 250m 16-day
SO2301,Marka,SO23,Lower Shabelle,2023-01-17,0.3320437862950057,0.2984,0.2062037166085946,0.1928,0.6774193548387096,861,0.024390243902439,0.009441384736428,pixel_reliability=0 AND MODLAND_QA(bits0-1)=0 AND VI range -2000..10000,MOD13Q1 V061 Terra 250m 16-day
SO2301,Marka,SO23,Lower Shabelle,2023-02-02,0.2990243718592965,0.2692,0.1923100502512562,0.1721,0.3131392604248623,398,0.3162863886703383,0.0,pixel_reliability=0 AND MODLAND_QA(bits0-1)=0 AND VI range -2000..10000,MOD13Q1 V061 Terra 250m 16-day
SO2301,Marka,SO23,Lower Shabelle,2023-03-06,0.2956788036410923,0.2666,0.1628430429128738,0.1516,0.6050354051927616,769,0.033044846577498,0.007081038552321,pixel_reliability=0 AND MODLAND_QA(bits0-1)=0 AND VI range -2000..10000,MOD13Q1 V061 Terra 250m 16-day
SO2301,Marka,SO23,Lower Shabelle,2023-03-22,0.2392591133004926,0.2424,0.1644369458128079,0.1659,0.1597167584579071,203,0.4594807238394964,0.00786782061369,pixel_reliability=0 AND MODLAND_QA(bits0-1)=0 AND VI range -2000..10000,MOD13Q1 V061 Terra 250m 16-day
SO2301,Marka,SO23,Lower Shabelle,2023-04-07,0.3512968109339408,0.3406,0.2264760820045558,0.2166,0.3453973249409913,439,0.1565696302124311,0.018095987411487,pixel_reliability=0 AND MODLAND_QA(bits0-1)=0 AND VI range -2000..10000,MOD13Q1 V061 Terra 250m 16-day
SO2301,Marka,SO23,Lower Shabelle,2023-04-23,0.4394530612244897,0.42585,0.2670010204081632,0.25785,0.077104642014162,98,0.3351691581431943,0.2116443745082612,pixel_reliability=0 AND MODLAND_QA(bits0-1)=0 AND VI range -2000..10000,MOD13Q1 V061 Terra 250m 16-day
SO2301,Marka,SO23,Lower Shabelle,2023-05-09,0.4297023460410557,0.4178,0.265816715542522,0.2584,0.2682926829268293,341,0.2234461054287962,0.036978756884343,pixel_reliability=0 AND MODLAND_QA(bits0-1)=0 AND VI range -2000..10000,MOD13Q1 V061 Terra 250m 16-day
SO2301,Marka,SO23,Lower Shabelle,2023-05-25,0.3204924731182795,0.3109,0.2100462365591398,0.2177,0.073170731707317,93,0.4036191974822974,0.1172305271439811,pixel_reliability=0 AND MODLAND_QA(bits0-1)=0 AND VI range -2000..10000,MOD13Q1 V061 Terra 250m 16-day
SO2301,Marka,SO23,Lower Shabelle,2023-06-10,0.3108321428571429,0.3071,0.2124214285714286,0.20725,0.044059795436664,56,0.5334382376081825,0.1274586939417781,pixel_reliability=0 AND MODLAND_QA(bits0-1)=0 AND VI range -2000..10000,MOD13Q1 V061 Terra 250m 16-day
SO2301,Marka,SO23,Lower Shabelle,2023-06-26,0.2337,0.2337,0.1865,0.1865,0.000786782061369,1,0.077104642014162,0.7592446892210858,pixel_reliability=0 AND MODLAND_QA(bits0-1)=0 AND VI range -2000..10000,MOD13Q1 V061 Terra 250m 16-day
SO2301,Marka,SO23,Lower Shabelle,2023-07-12,0.2994,0.333,0.1997,0.2014,0.007081038552321,9,0.2171518489378442,0.4909520062942565,pixel_reliability=0 AND MODLAND_QA(bits0-1)=0 AND VI range -2000..10000,MOD13Q1 V061 Terra 250m 16-day
SO2301,Marka,SO23,Lower Shabelle,2023-07-28,0.3456625,0.3635,0.2332660714285714,0.25245,0.044059795436664,56,0.3611329661683713,0.2651455546813532,pixel_reliability=0 AND MODLAND_QA(bits0-1)=0 AND VI range -2000..10000,MOD13Q1 V061 Terra 250m 16-day
SO2301,Marka,SO23,Lower Shabelle,2023-08-13,0.3075421052631579,0.3,0.2073881578947368,0.1991,0.059795436664044,76,0.4248623131392604,0.0999213217938631,pixel_reliability=0 AND MODLAND_QA(bits0-1)=0 AND VI range -2000..10000,MOD13Q1 V061 Terra 250m 16-day
SO2301,Marka,SO23,Lower Shabelle,2023-08-29,0.2915494949494949,0.2768,0.1785515151515151,0.1794,0.077891424075531,99,0.5098347757671126,0.0952006294256491,pixel_reliability=0 AND MODLAND_QA(bits0-1)=0 AND VI range -2000..10000,MOD13Q1 V061 Terra 250m 16-day
SO2301,Marka,SO23,Lower Shabelle,2023-09-14,0.2580059523809524,0.2521,0.1757666666666667,0.17055,0.066089693154996,84,0.4209284028324154,0.1329661683713611,pixel_reliability=0 AND MODLAND_QA(bits0-1)=0 AND VI range -2000..10000,MOD13Q1 V061 Terra 250m 16-day
SO2301,Marka,SO23,Lower Shabelle,2023-09-30,0.2977260869565217,0.2955,0.2086086956521739,0.2072,0.018095987411487,23,0.2541306058221872,0.4232887490165224,pixel_reliability=0 AND MODLAND_QA(bits0-1)=0 AND VI range -2000..10000,MOD13Q1 V061 Terra 250m 16-day
SO2301,Marka,SO23,Lower Shabelle,2023-10-16,0.3101313432835821,0.3114,0.2004776119402985,0.2067,0.052714398111723,67,0.2895357985837923,0.2533438237608182,pixel_reliability=0 AND MODLAND_QA(bits0-1)=0 AND VI range -2000..10000,MOD13Q1 V061 Terra 250m 16-day
SO2301,Marka,SO23,Lower Shabelle,2023-11-01,0.2343,0.2166,0.1589333333333333,0.1484,0.007081038552321,9,0.0991345397324941,0.6577498033044846,pixel_reliability=0 AND MODLAND_QA(bits0-1)=0 AND VI range -2000..10000,MOD13Q1 V061 Terra 250m 16-day
SO2301,Marka,SO23,Lower Shabelle,2023-11-17,0.6431638506876228,0.6621,0.4726271119842828,0.4795,0.4004720692368214,509,0.1062155782848151,0.080251770259638,pixel_reliability=0 AND MODLAND_QA(bits0-1)=0 AND VI range -2000..10000,MOD13Q1 V061 Terra 250m 16-day
SO2301,Marka,SO23,Lower Shabelle,2023-12-03,0.6064515775034294,0.6221,0.4412921810699588,0.4535,0.5735641227380016,729,0.068450039339103,0.01573564122738,pixel_reliability=0 AND MODLAND_QA(bits0-1)=0 AND VI range -2000..10000,MOD13Q1 V061 Terra 250m 16-day
SO2301,Marka,SO23,Lower Shabelle,2023-12-19,0.5830545893719807,0.5855,0.3746454106280193,0.37095,0.6514555468135327,828,0.063729346970889,0.019669551534225,pixel_reliability=0 AND MODLAND_QA(bits0-1)=0 AND VI range -2000..10000,MOD13Q1 V061 Terra 250m 16-day
SO2302,Afgooye,SO23,Lower Shabelle,2023-01-01,0.2975204641876716,0.2698,0.1850657100074869,0.1721,0.9165141811527904,4007,0.0205855443732845,0.0036596523330283,pixel_reliability=0 AND MODLAND_QA(bits0-1)=0 AND VI range -2000..10000,MOD13Q1 V061 Terra 250m 16-day
SO2302,Afgooye,SO23,Lower Shabelle,2023-01-17,0.2571287514863258,0.2331,0.1560283709869203,0.1475,0.9618023787740164,4205,0.0073193046660567,0.0027447392497712,pixel_reliability=0 AND MODLAND_QA(bits0-1)=0 AND VI range -2000..10000,MOD13Q1 V061 Terra 250m 16-day
SO2302,Afgooye,SO23,Lower Shabelle,2023-02-02,0.2209171065820247,0.2054,0.1398018376211159,0.1316,0.684583714547118,2993,0.1834400731930466,0.0032021957913998,pixel_reliability=0 AND MODLAND_QA(bits0-1)=0 AND VI range -2000..10000,MOD13Q1 V061 Terra 250m 16-day
SO2302,Afgooye,SO23,Lower Shabelle,2023-03-06,0.2240959426229508,0.2106,0.1258444672131147,0.122,0.5580969807868252,2440,0.2106587374199451,0.0061756633119853,pixel_reliability=0 AND MODLAND_QA(bits0-1)=0 AND VI range -2000..10000,MOD13Q1 V061 Terra 250m 16-day
SO2302,Afgooye,SO23,Lower Shabelle,2023-03-22,0.2292711214953271,0.21435,0.1422567289719626,0.1348,0.2447392497712717,1070,0.5821134492223239,0.0221866422689844,pixel_reliability=0 AND MODLAND_QA(bits0-1)=0 AND VI range -2000..10000,MOD13Q1 V061 Terra 250m 16-day
SO2302,Afgooye,SO23,Lower Shabelle,2023-04-07,0.3227774931381518,0.3196,0.1911231473010064,0.1892,0.25,1093,0.315416285452882,0.041171088746569,pixel_reliability=0 AND MODLAND_QA(bits0-1)=0 AND VI range -2000..10000,MOD13Q1 V061 Terra 250m 16-day
SO2302,Afgooye,SO23,Lower Shabelle,2023-04-23,0.3245772727272727,0.3156,0.2233454545454544,0.234,0.0050320219579139,22,0.1772644098810613,0.5498627630375115,pixel_reliability=0 AND MODLAND_QA(bits0-1)=0 AND VI range -2000..10000,MOD13Q1 V061 Terra 250m 16-day
SO2302,Afgooye,SO23,Lower Shabelle,2023-05-09,0.3818375,0.3765,0.2485165625,0.2458,0.0731930466605672,320,0.4935956084172003,0.0773101555352241,pixel_reliability=0 AND MODLAND_QA(bits0-1)=0 AND VI range -2000..10000,MOD13Q1 V061 Terra 250m 16-day
SO2302,Afgooye,SO23,Lower Shabelle,2023-05-25,0.32724,0.2837,0.2024890909090909,0.1806,0.0125800548947849,55,0.4691216834400732,0.1752058554437328,pixel_reliability=0 AND MODLAND_QA(bits0-1)=0 AND VI range -2000..10000,MOD13Q1 V061 Terra 250m 16-day
SO2302,Afgooye,SO23,Lower Shabelle,2023-06-10,0.2522101769911505,0.2284,0.1600438053097345,0.14495,0.0516925892040256,226,0.4897072278133577,0.189615736505032,pixel_reliability=0 AND MODLAND_QA(bits0-1)=0 AND VI range -2000..10000,MOD13Q1 V061 Terra 250m 16-day
SO2302,Afgooye,SO23,Lower Shabelle,2023-06-26,0.2912976744186046,0.24,0.1877372093023256,0.1546,0.0098353156450137,43,0.2596065873741994,0.4814730100640439,pixel_reliability=0 AND MODLAND_QA(bits0-1)=0 AND VI range -2000..10000,MOD13Q1 V061 Terra 250m 16-day
SO2302,Afgooye,SO23,Lower Shabelle,2023-07-12,0.2151909090909091,0.2153,0.1330818181818182,0.1257,0.0025160109789569,11,0.2904849039341262,0.4334400731930466,pixel_reliability=0 AND MODLAND_QA(bits0-1)=0 AND VI range -2000..10000,MOD13Q1 V061 Terra 250m 16-day
SO2302,Afgooye,SO23,Lower Shabelle,2023-07-28,0.278443661971831,0.2748,0.1746319248826291,0.1868,0.04871912168344,213,0.4537968892955169,0.2031107044830741,pixel_reliability=0 AND MODLAND_QA(bits0-1)=0 AND VI range -2000..10000,MOD13Q1 V061 Terra 250m 16-day
SO2302,Afgooye,SO23,Lower Shabelle,2023-08-13,0.2465523809523809,0.2099,0.1541714285714286,0.1285,0.0144098810612991,63,0.4844464775846294,0.1642268984446477,pixel_reliability=0 AND MODLAND_QA(bits0-1)=0 AND VI range -2000..10000,MOD13Q1 V061 Terra 250m 16-day
SO2302,Afgooye,SO23,Lower Shabelle,2023-08-29,0.2332039999999999,0.2079,0.151344,0.1448,0.0171546203110704,75,0.4377859103385178,0.2463403476669716,pixel_reliability=0 AND MODLAND_QA(bits0-1)=0 AND VI range -2000..10000,MOD13Q1 V061 Terra 250m 16-day
SO2302,Afgooye,SO23,Lower Shabelle,2023-09-14,0.1988265625,0.19205,0.120028125,0.1111,0.0146386093321134,64,0.4828453796889295,0.2065416285452882,pixel_reliability=0 AND MODLAND_QA(bits0-1)=0 AND VI range -2000..10000,MOD13Q1 V061 Terra 250m 16-day
SO2302,Afgooye,SO23,Lower Shabelle,2023-09-30,0.1994148936170213,0.1984,0.122563829787234,0.1221,0.0107502287282708,47,0.2209515096065873,0.5267612076852699,pixel_reliability=0 AND MODLAND_QA(bits0-1)=0 AND VI range -2000..10000,MOD13Q1 V061 Terra 250m 16-day
SO2302,Afgooye,SO23,Lower Shabelle,2023-10-16,0.2500881081081081,0.2463,0.1355108108108108,0.1289,0.0423147301006404,185,0.2865965233302836,0.3193046660567246,pixel_reliability=0 AND MODLAND_QA(bits0-1)=0 AND VI range -2000..10000,MOD13Q1 V061 Terra 250m 16-day
SO2302,Afgooye,SO23,Lower Shabelle,2023-11-01,0.5162053191489362,0.49105,0.3170351063829787,0.28855,0.0215004574565416,94,0.091491308325709,0.707227813357731,pixel_reliability=0 AND MODLAND_QA(bits0-1)=0 AND VI range -2000..10000,MOD13Q1 V061 Terra 250m 16-day
SO2302,Afgooye,SO23,Lower Shabelle,2023-11-17,0.6308793450881612,0.6396000000000001,0.4641186757826556,0.4727,0.6356358645928637,2779,0.0402561756633119,0.1589661482159194,pixel_reliability=0 AND MODLAND_QA(bits0-1)=0 AND VI range -2000..10000,MOD13Q1 V061 Terra 250m 16-day
SO2302,Afgooye,SO23,Lower Shabelle,2023-12-03,0.5937899771631566,0.6058,0.4260946967774676,0.4307,0.9014181152790484,3941,0.018526989935956,0.0224153705397987,pixel_reliability=0 AND MODLAND_QA(bits0-1)=0 AND VI range -2000..10000,MOD13Q1 V061 Terra 250m 16-day
SO2302,Afgooye,SO23,Lower Shabelle,2023-12-19,0.4626382262210797,0.4631,0.2853855784061697,0.286,0.8897529734675206,3890,0.0150960658737419,0.0082342177493138,pixel_reliability=0 AND MODLAND_QA(bits0-1)=0 AND VI range -2000..10000,MOD13Q1 V061 Terra 250m 16-day
SO2303,Baraawe,SO23,Lower Shabelle,2023-01-01,0.2901455340699816,0.2688,0.1707377992633517,0.16555,0.5679916317991632,2172,0.0774058577405857,0.0115062761506276,pixel_reliability=0 AND MODLAND_QA(bits0-1)=0 AND VI range -2000..10000,MOD13Q1 V061 Terra 250m 16-day
SO2303,Baraawe,SO23,Lower Shabelle,2023-01-17,0.2539282704723071,0.2308,0.1588532110091743,0.1525,0.7696129707112971,2943,0.0373953974895397,0.0026150627615062,pixel_reliability=0 AND MODLAND_QA(bits0-1)=0 AND VI range -2000..10000,MOD13Q1 V061 Terra 250m 16-day
SO2303,Baraawe,SO23,Lower Shabelle,2023-02-02,0.2286879450661241,0.21845,0.157007477110885,0.15215,0.5141213389121339,1966,0.1443514644351464,0.00418410041841,pixel_reliability=0 AND MODLAND_QA(bits0-1)=0 AND VI range -2000..10000,MOD13Q1 V061 Terra 250m 16-day
SO2303,Baraawe,SO23,Lower Shabelle,2023-03-06,0.1963544943820225,0.19675,0.1233110486891385,0.1259,0.1396443514644351,534,0.3007322175732217,0.1388598326359832,pixel_reliability=0 AND MODLAND_QA(bits0-1)=0 AND VI range -2000..10000,MOD13Q1 V061 Terra 250m 16-day
SO2303,Baraawe,SO23,Lower Shabelle,2023-03-22,0.2510943034697048,0.2481,0.1644131020196789,0.1613,0.5049686192468619,1931,0.1812238493723849,0.0049686192468619,pixel_reliability=0 AND MODLAND_QA(bits0-1)=0 AND VI range -2000..10000,MOD13Q1 V061 Terra 250m 16-day
SO2303,Baraawe,SO23,Lower Shabelle,2023-04-07,0.2583012658227848,0.2482,0.1699486075949367,0.1666,0.1032949790794979,395,0.3451882845188284,0.1093096234309623,pixel_reliability=0 AND MODLAND_QA(bits0-1)=0 AND VI range -2000..10000,MOD13Q1 V061 Terra 250m 16-day
SO2303,Baraawe,SO23,Lower Shabelle,2023-04-23,0.2995547085201794,0.2928,0.1904690582959641,0.1892,0.0583158995815899,223,0.2112970711297071,0.4103033472803347,pixel_reliability=0 AND MODLAND_QA(bits0-1)=0 AND VI range -2000..10000,MOD13Q1 V061 Terra 250m 16-day
SO2303,Baraawe,SO23,Lower Shabelle,2023-05-09,0.3779294585987262,0.3783,0.2511686305732484,0.26125,0.1642259414225941,628,0.3389121338912134,0.0776673640167364,pixel_reliability=0 AND MODLAND_QA(bits0-1)=0 AND VI range -2000..10000,MOD13Q1 V061 Terra 250m 16-day
SO2303,Baraawe,SO23,Lower Shabelle,2023-05-25,0.335763503649635,0.3404,0.1932010948905109,0.18815,0.0716527196652719,274,0.2871338912133891,0.2907949790794979,pixel_reliability=0 AND MODLAND_QA(bits0-1)=0 AND VI range -2000..10000,MOD13Q1 V061 Terra 250m 16-day
SO2303,Baraawe,SO23,Lower Shabelle,2023-06-10,0.2776333333333333,0.3028,0.1884991228070175,0.2077,0.0298117154811715,114,0.3993200836820084,0.2638598326359833,pixel_reliability=0 AND MODLAND_QA(bits0-1)=0 AND VI range -2000..10000,MOD13Q1 V061 Terra 250m 16-day
SO2303,Baraawe,SO23,Lower Shabelle,2023-06-26,0.2460370078740157,0.2552,0.1651409448818898,0.1752,0.0332112970711297,127,0.2058054393305439,0.4843096234309623,pixel_reliability=0 AND MODLAND_QA(bits0-1)=0 AND VI range -2000..10000,MOD13Q1 V061 Terra 250m 16-day
SO2303,Baraawe,SO23,Lower Shabelle,2023-07-12,0.2485486486486486,0.2633,0.1643527027027027,0.1726,0.0193514644351464,74,0.3323744769874477,0.3221757322175732,pixel_reliability=0 AND MODLAND_QA(bits0-1)=0 AND VI range -2000..10000,MOD13Q1 V061 Terra 250m 16-day
SO2303,Baraawe,SO23,Lower Shabelle,2023-07-28,0.2181,0.2131,0.1509862068965517,0.1573,0.0075836820083682,29,0.1080020920502092,0.6932531380753139,pixel_reliability=0 AND MODLAND_QA(bits0-1)=0 AND VI range -2000..10000,MOD13Q1 V061 Terra 250m 16-day
SO2303,Baraawe,SO23,Lower Shabelle,2023-08-13,0.2394861660079051,0.2558,0.1662869565217391,0.1745,0.0661610878661087,253,0.3744769874476987,0.1786087866108786,pixel_reliability=0 AND MODLAND_QA(bits0-1)=0 AND VI range -2000..10000,MOD13Q1 V061 Terra 250m 16-day
SO2303,Baraawe,SO23,Lower Shabelle,2023-08-29,0.24546408839779,0.2558,0.1685812154696132,0.1755,0.0946652719665272,362,0.401673640167364,0.1310146443514644,pixel_reliability=0 AND MODLAND_QA(bits0-1)=0 AND VI range -2000..10000,MOD13Q1 V061 Terra 250m 16-day
SO2303,Baraawe,SO23,Lower Shabelle,2023-09-14,0.237825,0.2565,0.167675,0.1806,0.0449790794979079,172,0.3334205020920502,0.2484309623430962,pixel_reliability=0 AND MODLAND_QA(bits0-1)=0 AND VI range -2000..10000,MOD13Q1 V061 Terra 250m 16-day
SO2303,Baraawe,SO23,Lower Shabelle,2023-09-30,0.1996590909090908,0.1743,0.1412045454545454,0.1142,0.0057531380753138,22,0.2552301255230125,0.4592050209205021,pixel_reliability=0 AND MODLAND_QA(bits0-1)=0 AND VI range -2000..10000,MOD13Q1 V061 Terra 250m 16-day
SO2303,Baraawe,SO23,Lower Shabelle,2023-10-16,0.2561182926829268,0.2533,0.1585442073170732,0.15045,0.0857740585774058,328,0.2850418410041841,0.2664748953974895,pixel_reliability=0 AND MODLAND_QA(bits0-1)=0 AND VI range -2000..10000,MOD13Q1 V061 Terra 250m 16-day
SO2303,Baraawe,SO23,Lower Shabelle,2023-11-01,0.304375,0.3468,0.21125,0.2451,0.0010460251046025,4,0.0695606694560669,0.7701359832635983,pixel_reliability=0 AND MODLAND_QA(bits0-1)=0 AND VI range -2000..10000,MOD13Q1 V061 Terra 250m 16-day
SO2303,Baraawe,SO23,Lower Shabelle,2023-11-17,0.5814646846846848,0.5978,0.4216302702702703,0.4302,0.435407949790795,1665,0.0828974895397489,0.2264644351464435,pixel_reliability=0 AND MODLAND_QA(bits0-1)=0 AND VI range -2000..10000,MOD13Q1 V061 Terra 250m 16-day
SO2303,Baraawe,SO23,Lower Shabelle,2023-12-03,0.537417122040073,0.55055,0.3479980874316939,0.35525,0.2871338912133891,1098,0.2805962343096234,0.0980648535564853,pixel_reliability=0 AND MODLAND_QA(bits0-1)=0 AND VI range -2000..10000,MOD13Q1 V061 Terra 250m 16-day
SO2303,Baraawe,SO23,Lower Shabelle,2023-12-19,0.5347369491525424,0.546,0.346593220338983,0.35465,0.4628661087866109,1770,0.151673640167364,0.0572698744769874,pixel_reliability=0 AND MODLAND_QA(bits0-1)=0 AND VI range -2000..10000,MOD13Q1 V061 Terra 250m 16-day
SO2304,Kurtunwaarey,SO23,Lower Shabelle,2023-01-01,0.4908136808957313,0.50325,0.2577160601819454,0.2595,0.9838209982788296,2858,0.0013769363166953,0.0,pixel_reliability=0 AND MODLAND_QA(bits0-1)=0 AND VI range -2000..10000,MOD13Q1 V061 Terra 250m 16-day
SO2304,Kurtunwaarey,SO23,Lower Shabelle,2023-01-17,0.3975714974182444,0.4003,0.2327748020654045,0.2348,1.0,2905,0.0,0.0,pixel_reliability=0 AND MODLAND_QA(bits0-1)=0 AND VI range -2000..10000,MOD13Q1 V061 Terra 250m 16-day
SO2304,Kurtunwaarey,SO23,Lower Shabelle,2023-02-02,0.3436548473486877,0.3542,0.1931959292983396,0.1945,0.6426850258175559,1867,0.1366609294320137,0.0,pixel_reliability=0 AND MODLAND_QA(bits0-1)=0 AND VI range -2000..10000,MOD13Q1 V061 Terra 250m 16-day
SO2304,Kurtunwaarey,SO23,Lower Shabelle,2023-03-06,0.3160575119617225,0.3278,0.1681523444976076,0.1817,0.3597246127366609,1045,0.3710843373493976,0.0010327022375215,pixel_reliability=0 AND MODLAND_QA(bits0-1)=0 AND VI range -2000..10000,MOD13Q1 V061 Terra 250m 16-day
SO2304,Kurtunwaarey,SO23,Lower Shabelle,2023-03-22,0.5665117647058824,0.5668000000000001,0.3185882352941176,0.3172,0.0058519793459552,17,0.8592082616179002,0.0192771084337349,pixel_reliability=0 AND MODLAND_QA(bits0-1)=0 AND VI range -2000..10000,MOD13Q1 V061 Terra 250m 16-day
SO2304,Kurtunwaarey,SO23,Lower Shabelle,2023-04-07,0.5018544871794871,0.5467,0.288023717948718,0.3146,0.1074010327022375,312,0.3759036144578313,0.1135972461273666,pixel_reliability=0 AND MODLAND_QA(bits0-1)=0 AND VI range -2000..10000,MOD13Q1 V061 Terra 250m 16-day
SO2304,Kurtunwaarey,SO23,Lower Shabelle,2023-04-23,0.4245989999999999,0.407,0.248717,0.24115,0.0344234079173838,100,0.4299483648881239,0.1865748709122203,pixel_reliability=0 AND MODLAND_QA(bits0-1)=0 AND VI range -2000..10000,MOD13Q1 V061 Terra 250m 16-day
SO2304,Kurtunwaarey,SO23,Lower Shabelle,2023-05-09,0.5508098540145986,0.5676,0.3201429927007299,0.3267,0.4716006884681583,1370,0.3001721170395869,0.0072289156626506,pixel_reliability=0 AND MODLAND_QA(bits0-1)=0 AND VI range -2000..10000,MOD13Q1 V061 Terra 250m 16-day
SO2304,Kurtunwaarey,SO23,Lower Shabelle,2023-05-25,0.5405948113207548,0.56765,0.306413679245283,0.32505,0.0729776247848537,212,0.5566265060240964,0.0561101549053356,pixel_reliability=0 AND MODLAND_QA(bits0-1)=0 AND VI range -2000..10000,MOD13Q1 V061 Terra 250m 16-day
SO2304,Kurtunwaarey,SO23,Lower Shabelle,2023-06-10,0.315475,0.3328,0.194675,0.19445,0.0013769363166953,4,0.5070567986230636,0.204130808950086,pixel_reliability=0 AND MODLAND_QA(bits0-1)=0 AND VI range -2000..10000,MOD13Q1 V061 Terra 250m 16-day
SO2304,Kurtunwaarey,SO23,Lower Shabelle,2023-06-26,0.2046,0.2046,0.1181,0.1181,0.0003442340791738,1,0.0991394148020654,0.7376936316695353,pixel_reliability=0 AND MODLAND_QA(bits0-1)=0 AND VI range -2000..10000,MOD13Q1 V061 Terra 250m 16-day
SO2304,Kurtunwaarey,SO23,Lower Shabelle,2023-07-12,0.3123,0.3123,0.1589,0.1589,0.0003442340791738,1,0.2901893287435456,0.3810671256454389,pixel_reliability=0 AND MODLAND_QA(bits0-1)=0 AND VI range -2000..10000,MOD13Q1 V061 Terra 250m 16-day
SO2304,Kurtunwaarey,SO23,Lower Shabelle,2023-07-28,,,,,0.0,0,0.1635111876075731,0.5648881239242685,pixel_reliability=0 AND MODLAND_QA(bits0-1)=0 AND VI range -2000..10000,MOD13Q1 V061 Terra 250m 16-day
SO2304,Kurtunwaarey,SO23,Lower Shabelle,2023-08-13,0.35023125,0.413,0.20150625,0.22255,0.0055077452667814,16,0.5917383820998279,0.1022375215146299,pixel_reliability=0 AND MODLAND_QA(bits0-1)=0 AND VI range -2000..10000,MOD13Q1 V061 Terra 250m 16-day
SO2304,Kurtunwaarey,SO23,Lower Shabelle,2023-08-29,0.2461545454545454,0.2567,0.1188636363636363,0.1161,0.0037865748709122,11,0.4337349397590361,0.2340791738382099,pixel_reliability=0 AND MODLAND_QA(bits0-1)=0 AND VI range -2000..10000,MOD13Q1 V061 Terra 250m 16-day
SO2304,Kurtunwaarey,SO23,Lower Shabelle,2023-09-14,0.2215863636363636,0.1892,0.1329772727272727,0.1127,0.0075731497418244,22,0.4523235800344234,0.2130808950086058,pixel_reliability=0 AND MODLAND_QA(bits0-1)=0 AND VI range -2000..10000,MOD13Q1 V061 Terra 250m 16-day
SO2304,Kurtunwaarey,SO23,Lower Shabelle,2023-09-30,0.4460636363636364,0.4423,0.2691818181818182,0.267,0.0037865748709122,11,0.3032702237521514,0.3793459552495697,pixel_reliability=0 AND MODLAND_QA(bits0-1)=0 AND VI range -2000..10000,MOD13Q1 V061 Terra 250m 16-day
SO2304,Kurtunwaarey,SO23,Lower Shabelle,2023-10-16,0.6609431718061675,0.6778000000000001,0.3751908957415565,0.3814,0.2344234079173838,681,0.3232358003442341,0.059552495697074,pixel_reliability=0 AND MODLAND_QA(bits0-1)=0 AND VI range -2000..10000,MOD13Q1 V061 Terra 250m 16-day
SO2304,Kurtunwaarey,SO23,Lower Shabelle,2023-11-01,0.7787833333333333,0.8098500000000001,0.4651833333333333,0.4819,0.002065404475043,6,0.3827882960413081,0.3542168674698795,pixel_reliability=0 AND MODLAND_QA(bits0-1)=0 AND VI range -2000..10000,MOD13Q1 V061 Terra 250m 16-day
SO2304,Kurtunwaarey,SO23,Lower Shabelle,2023-11-17,0.7204644927536232,0.7364,0.520633079710145,0.5316500000000001,0.9500860585197934,2760,0.012736660929432,0.0,pixel_reliability=0 AND MODLAND_QA(bits0-1)=0 AND VI range -2000..10000,MOD13Q1 V061 Terra 250m 16-day
SO2304,Kurtunwaarey,SO23,Lower Shabelle,2023-12-03,0.7373872648335744,0.7586,0.4347437409551375,0.4394,0.9514629948364888,2764,0.0120481927710843,0.0,pixel_reliability=0 AND MODLAND_QA(bits0-1)=0 AND VI range -2000..10000,MOD13Q1 V061 Terra 250m 16-day
SO2304,Kurtunwaarey,SO23,Lower Shabelle,2023-12-19,0.6873388831437436,0.7088,0.4033812823164426,0.4093,0.9986230636833048,2901,0.0,0.0,pixel_reliability=0 AND MODLAND_QA(bits0-1)=0 AND VI range -2000..10000,MOD13Q1 V061 Terra 250m 16-day
SO2305,Qoryooley,SO23,Lower Shabelle,2023-01-01,0.412913499205929,0.4053,0.218754314452091,0.2128,0.9596139192278385,3778,0.0091440182880365,0.000254000508001,pixel_reliability=0 AND MODLAND_QA(bits0-1)=0 AND VI range -2000..10000,MOD13Q1 V061 Terra 250m 16-day
SO2305,Qoryooley,SO23,Lower Shabelle,2023-01-17,0.3331098831300813,0.32045,0.1976636178861789,0.1907,0.9997459994919988,3936,0.0,0.0,pixel_reliability=0 AND MODLAND_QA(bits0-1)=0 AND VI range -2000..10000,MOD13Q1 V061 Terra 250m 16-day
SO2305,Qoryooley,SO23,Lower Shabelle,2023-02-02,0.2931829759299781,0.2841,0.1742224507658643,0.1673,0.5803911607823216,2285,0.1160782321564643,0.0,pixel_reliability=0 AND MODLAND_QA(bits0-1)=0 AND VI range -2000..10000,MOD13Q1 V061 Terra 250m 16-day
SO2305,Qoryooley,SO23,Lower Shabelle,2023-03-06,0.3038350220264317,0.29645,0.1588558737151248,0.1561,0.6918973837947676,2724,0.1455422910845821,0.0,pixel_reliability=0 AND MODLAND_QA(bits0-1)=0 AND VI range -2000..10000,MOD13Q1 V061 Terra 250m 16-day
SO2305,Qoryooley,SO23,Lower Shabelle,2023-03-22,0.3628986301369863,0.3755,0.2127643835616439,0.2184,0.0370840741681483,146,0.808737617475235,0.0060960121920243,pixel_reliability=0 AND MODLAND_QA(bits0-1)=0 AND VI range -2000..10000,MOD13Q1 V061 Terra 250m 16-day
SO2305,Qoryooley,SO23,Lower Shabelle,2023-04-07,0.4195579896907217,0.42175,0.2560359536082474,0.2655,0.1971043942087884,776,0.3507747015494031,0.064008128016256,pixel_reliability=0 AND MODLAND_QA(bits0-1)=0 AND VI range -2000..10000,MOD13Q1 V061 Terra 250m 16-day
SO2305,Qoryooley,SO23,Lower Shabelle,2023-04-23,0.5232666666666668,0.5084000000000001,0.3107166666666667,0.31495,0.0030480060960121,12,0.2537465074930149,0.4356108712217424,pixel_reliability=0 AND MODLAND_QA(bits0-1)=0 AND VI range -2000..10000,MOD13Q1 V061 Terra 250m 16-day
SO2305,Qoryooley,SO23,Lower Shabelle,2023-05-09,0.5236650485436893,0.5343,0.3104553398058252,0.3171,0.0784861569723139,309,0.6002032004064008,0.0297180594361188,pixel_reliability=0 AND MODLAND_QA(bits0-1)=0 AND VI range -2000..10000,MOD13Q1 V061 Terra 250m 16-day
SO2305,Qoryooley,SO23,Lower Shabelle,2023-05-25,0.4934448275862069,0.4837,0.2739747126436782,0.2717,0.0220980441960883,87,0.5648971297942595,0.0975361950723901,pixel_reliability=0 AND MODLAND_QA(bits0-1)=0 AND VI range -2000..10000,MOD13Q1 V061 Terra 250m 16-day
SO2305,Qoryooley,SO23,Lower Shabelle,2023-06-10,0.4471216216216215,0.471,0.2685216216216217,0.2547,0.0093980187960375,37,0.5524511049022098,0.1706883413766827,pixel_reliability=0 AND MODLAND_QA(bits0-1)=0 AND VI range -2000..10000,MOD13Q1 V061 Terra 250m 16-day
SO2305,Qoryooley,SO23,Lower Shabelle,2023-06-26,0.3029,0.3029,0.2011,0.2011,0.000508001016002,2,0.1551943103886207,0.6324612649225299,pixel_reliability=0 AND MODLAND_QA(bits0-1)=0 AND VI range -2000..10000,MOD13Q1 V061 Terra 250m 16-day
SO2305,Qoryooley,SO23,Lower Shabelle,2023-07-12,0.4487666666666667,0.465,0.2252333333333333,0.2267,0.000762001524003,3,0.2824485648971298,0.3761747523495047,pixel_reliability=0 AND MODLAND_QA(bits0-1)=0 AND VI range -2000..10000,MOD13Q1 V061 Terra 250m 16-day
SO2305,Qoryooley,SO23,Lower Shabelle,2023-07-28,0.4424,0.4424,0.2899,0.2899,0.000254000508001,1,0.1991363982727965,0.5471170942341884,pixel_reliability=0 AND MODLAND_QA(bits0-1)=0 AND VI range -2000..10000,MOD13Q1 V061 Terra 250m 16-day
SO2305,Qoryooley,SO23,Lower Shabelle,2023-08-13,0.3540705882352941,0.30705,0.1935647058823529,0.16775,0.0086360172720345,34,0.5372110744221489,0.1358902717805435,pixel_reliability=0 AND MODLAND_QA(bits0-1)=0 AND VI range -2000..10000,MOD13Q1 V061 Terra 250m 16-day
SO2305,Qoryooley,SO23,Lower Shabelle,2023-08-29,0.387,0.4259,0.2651,0.2918,0.000762001524003,3,0.4422148844297688,0.2316484632969266,pixel_reliability=0 AND MODLAND_QA(bits0-1)=0 AND VI range -2000..10000,MOD13Q1 V061 Terra 250m 16-day
SO2305,Qoryooley,SO23,Lower Shabelle,2023-09-14,0.3874827160493827,0.3632,0.2336024691358025,0.2069,0.0205740411480822,81,0.4577089154178308,0.207264414528829,pixel_reliability=0 AND MODLAND_QA(bits0-1)=0 AND VI range -2000..10000,MOD13Q1 V061 Terra 250m 16-day
SO2305,Qoryooley,SO23,Lower Shabelle,2023-09-30,,,,,0.0,0,0.1988823977647955,0.5519431038862078,pixel_reliability=0 AND MODLAND_QA(bits0-1)=0 AND VI range -2000..10000,MOD13Q1 V061 Terra 250m 16-day
SO2305,Qoryooley,SO23,Lower Shabelle,2023-10-16,0.5547403263403263,0.5774,0.3079386946386946,0.3108,0.1089662179324358,429,0.3616967233934468,0.1427482854965709,pixel_reliability=0 AND MODLAND_QA(bits0-1)=0 AND VI range -2000..10000,MOD13Q1 V061 Terra 250m 16-day
SO2305,Qoryooley,SO23,Lower Shabelle,2023-11-01,0.6887428571428573,0.6904,0.3624857142857142,0.3554,0.0017780035560071,7,0.1554483108966217,0.5704851409702819,pixel_reliability=0 AND MODLAND_QA(bits0-1)=0 AND VI range -2000..10000,MOD13Q1 V061 Terra 250m 16-day
SO2305,Qoryooley,SO23,Lower Shabelle,2023-11-17,0.673577795152463,0.6786,0.472983072713057,0.47855,0.649733299466599,2558,0.0906781813563627,0.049022098044196,pixel_reliability=0 AND MODLAND_QA(bits0-1)=0 AND VI range -2000..10000,MOD13Q1 V061 Terra 250m 16-day
SO2305,Qoryooley,SO23,Lower Shabelle,2023-12-03,0.6668710013351136,0.6716000000000001,0.4174961281708945,0.4149,0.951231902463805,3745,0.0030480060960121,0.0,pixel_reliability=0 AND MODLAND_QA(bits0-1)=0 AND VI range -2000..10000,MOD13Q1 V061 Terra 250m 16-day
SO2305,Qoryooley,SO23,Lower Shabelle,2023-12-19,0.5718323850647702,0.5670000000000001,0.3350260096520193,0.333,1.0,3937,0.0,0.0,pixel_reliability=0 AND MODLAND_QA(bits0-1)=0 AND VI range -2000..10000,MOD13Q1 V061 Terra 250m 16-day
SO2306,Sablaale,SO23,Lower Shabelle,2023-01-01,0.5063340357506178,0.5087,0.2699086469989827,0.2685,0.9634556146737608,6881,0.0100812097451694,0.0,pixel_reliability=0 AND MODLAND_QA(bits0-1)=0 AND VI range -2000..10000,MOD13Q1 V061 Terra 250m 16-day
SO2306,Sablaale,SO23,Lower Shabelle,2023-01-17,0.432586887835703,0.4319,0.2482791756426828,0.2449,0.9749369924390928,6963,0.0043405208625035,0.0,pixel_reliability=0 AND MODLAND_QA(bits0-1)=0 AND VI range -2000..10000,MOD13Q1 V061 Terra 250m 16-day
SO2306,Sablaale,SO23,Lower Shabelle,2023-02-02,0.3652094303577631,0.3629,0.2120399270580062,0.2085,0.8062167460095211,5758,0.0994119294315317,0.0,pixel_reliability=0 AND MODLAND_QA(bits0-1)=0 AND VI range -2000..10000,MOD13Q1 V061 Terra 250m 16-day
SO2306,Sablaale,SO23,Lower Shabelle,2023-03-06,0.322788880126183,0.315,0.1973559936908517,0.1952,0.1775413049565948,1268,0.4935592271072528,0.0170820498459815,pixel_reliability=0 AND MODLAND_QA(bits0-1)=0 AND VI range -2000..10000,MOD13Q1 V061 Terra 250m 16-day
SO2306,Sablaale,SO23,Lower Shabelle,2023-03-22,0.4443830633284241,0.4291,0.2661038291605301,0.24825,0.5704284514141696,4074,0.296275553066368,0.0,pixel_reliability=0 AND MODLAND_QA(bits0-1)=0 AND VI range -2000..10000,MOD13Q1 V061 Terra 250m 16-day
SO2306,Sablaale,SO23,Lower Shabelle,2023-04-07,0.5960139874739041,0.6195,0.3543542797494781,0.3654,0.0670680481657799,479,0.39120694483338,0.1617194063287594,pixel_reliability=0 AND MODLAND_QA(bits0-1)=0 AND VI range -2000..10000,MOD13Q1 V061 Terra 250m 16-day
SO2306,Sablaale,SO23,Lower Shabelle,2023-04-23,0.6924297872340426,0.7132000000000001,0.4288446808510638,0.432,0.0065807896947633,47,0.3886866423970876,0.2954354522542705,pixel_reliability=0 AND MODLAND_QA(bits0-1)=0 AND VI range -2000..10000,MOD13Q1 V061 Terra 250m 16-day
SO2306,Sablaale,SO23,Lower Shabelle,2023-05-09,0.6508731308411214,0.65685,0.3916065420560748,0.3905,0.0599271912629515,428,0.613973676841221,0.0467656118734248,pixel_reliability=0 AND MODLAND_QA(bits0-1)=0 AND VI range -2000..10000,MOD13Q1 V061 Terra 250m 16-day
SO2306,Sablaale,SO23,Lower Shabelle,2023-05-25,0.6488302752293578,0.6532,0.3987568807339449,0.4034,0.0152618314197703,109,0.5701484178101373,0.1243349201904228,pixel_reliability=0 AND MODLAND_QA(bits0-1)=0 AND VI range -2000..10000,MOD13Q1 V061 Terra 250m 16-day
SO2306,Sablaale,SO23,Lower Shabelle,2023-06-10,0.6236784313725491,0.6302,0.410143137254902,0.4171,0.0357042845141417,255,0.4886586390366844,0.1582189862783534,pixel_reliability=0 AND MODLAND_QA(bits0-1)=0 AND VI range -2000..10000,MOD13Q1 V061 Terra 250m 16-day
SO2306,Sablaale,SO23,Lower Shabelle,2023-06-26,0.52695,0.52695,0.3002,0.3002,0.0002800336040324,2,0.2094651358162979,0.5779893587230468,pixel_reliability=0 AND MODLAND_QA(bits0-1)=0 AND VI range -2000..10000,MOD13Q1 V061 Terra 250m 16-day
SO2306,Sablaale,SO23,Lower Shabelle,2023-07-12,,,,,0.0,0,0.3553626435172221,0.2926351162139456,pixel_reliability=0 AND MODLAND_QA(bits0-1)=0 AND VI range -2000..10000,MOD13Q1 V061 Terra 250m 16-day
SO2306,Sablaale,SO23,Lower Shabelle,2023-07-28,,,,,0.0,0,0.1883225987118454,0.6201344161299356,pixel_reliability=0 AND MODLAND_QA(bits0-1)=0 AND VI range -2000..10000,MOD13Q1 V061 Terra 250m 16-day
SO2306,Sablaale,SO23,Lower Shabelle,2023-08-13,0.4287381642512077,0.4312,0.2685004830917874,0.2709,0.028983478017362,207,0.5473256790814898,0.1164939792775133,pixel_reliability=0 AND MODLAND_QA(bits0-1)=0 AND VI range -2000..10000,MOD13Q1 V061 Terra 250m 16-day
SO2306,Sablaale,SO23,Lower Shabelle,2023-08-29,0.3858708333333334,0.38015,0.2310583333333333,0.22675,0.0033604032483898,24,0.5221226547185662,0.147017642117054,pixel_reliability=0 AND MODLAND_QA(bits0-1)=0 AND VI range -2000..10000,MOD13Q1 V061 Terra 250m 16-day
SO2306,Sablaale,SO23,Lower Shabelle,2023-09-14,0.386275,0.3832,0.2330625,0.2201,0.0011201344161299,8,0.4190702884346121,0.2591711005320638,pixel_reliability=0 AND MODLAND_QA(bits0-1)=0 AND VI range -2000..10000,MOD13Q1 V061 Terra 250m 16-day
SO2306,Sablaale,SO23,Lower Shabelle,2023-09-30,0.55056,0.5341,0.343788,0.336,0.003500420050406,25,0.3679641556986838,0.3168580229627555,pixel_reliability=0 AND MODLAND_QA(bits0-1)=0 AND VI range -2000..10000,MOD13Q1 V061 Terra 250m 16-day
SO2306,Sablaale,SO23,Lower Shabelle,2023-10-16,0.6284535662299855,0.6391,0.3575447598253276,0.362,0.3847661719406329,2748,0.2721926631195743,0.0263231587790534,pixel_reliability=0 AND MODLAND_QA(bits0-1)=0 AND VI range -2000..10000,MOD13Q1 V061 Terra 250m 16-day
SO2306,Sablaale,SO23,Lower Shabelle,2023-11-01,0.7718681818181817,0.7780500000000001,0.4584409090909089,0.4575,0.0030803696443573,22,0.2520302436292355,0.4424530943713246,pixel_reliability=0 AND MODLAND_QA(bits0-1)=0 AND VI range -2000..10000,MOD13Q1 V061 Terra 250m 16-day
SO2306,Sablaale,SO23,Lower Shabelle,2023-11-17,0.7281864152395613,0.7289,0.5273341543197999,0.527,0.7276673200784094,5197,0.1402968356202744,0.0012601512181461,pixel_reliability=0 AND MODLAND_QA(bits0-1)=0 AND VI range -2000..10000,MOD13Q1 V061 Terra 250m 16-day
SO2306,Sablaale,SO23,Lower Shabelle,2023-12-03,0.7502171428571428,0.7526,0.4376836585365855,0.43675,0.8036964435732288,5740,0.0887706524782974,0.0046205544665359,pixel_reliability=0 AND MODLAND_QA(bits0-1)=0 AND VI range -2000..10000,MOD13Q1 V061 Terra 250m 16-day
SO2306,Sablaale,SO23,Lower Shabelle,2023-12-19,0.7088961504293753,0.71745,0.4120101125259106,0.4124,0.945673480817698,6754,0.016241949033884,0.0,pixel_reliability=0 AND MODLAND_QA(bits0-1)=0 AND VI range -2000..10000,MOD13Q1 V061 Terra 250m 16-day
SO2307,Wanla Weyn,SO23,Lower Shabelle,2023-01-01,0.2421150097174466,0.2399,0.1404631185528479,0.1393,0.9835318335538892,6689,0.0024996324069989,0.0,pixel_reliability=0 AND MODLAND_QA(bits0-1)=0 AND VI range -2000..10000,MOD13Q1 V061 Terra 250m 16-day
SO2307,Wanla Weyn,SO23,Lower Shabelle,2023-01-17,0.2131934537914692,0.2113,0.1258708382701421,0.1261,0.9927951771798263,6752,0.0010292604028819,0.0,pixel_reliability=0 AND MODLAND_QA(bits0-1)=0 AND VI range -2000..10000,MOD13Q1 V061 Terra 250m 16-day
SO2307,Wanla Weyn,SO23,Lower Shabelle,2023-02-02,0.2056495699106088,0.2017,0.1216636700961376,0.1214,0.871783561240994,5929,0.0194089104543449,0.0,pixel_reliability=0 AND MODLAND_QA(bits0-1)=0 AND VI range -2000..10000,MOD13Q1 V061 Terra 250m 16-day
SO2307,Wanla Weyn,SO23,Lower Shabelle,2023-03-06,0.2237307085201794,0.2136,0.127923067264574,0.1264,0.8197323922952507,5575,0.0633730333774444,0.0,pixel_reliability=0 AND MODLAND_QA(bits0-1)=0 AND VI range -2000..10000,MOD13Q1 V061 Terra 250m 16-day
SO2307,Wanla Weyn,SO23,Lower Shabelle,2023-03-22,0.2748042198905109,0.2509,0.1623383211678832,0.1481,0.6446110866049111,4384,0.2190854286134392,0.0005881488016468,pixel_reliability=0 AND MODLAND_QA(bits0-1)=0 AND VI range -2000..10000,MOD13Q1 V061 Terra 250m 16-day
SO2307,Wanla Weyn,SO23,Lower Shabelle,2023-04-07,0.2874281381381381,0.27875,0.1725598498498498,0.166,0.4896338773709748,3330,0.2024702249669166,0.0211733568592854,pixel_reliability=0 AND MODLAND_QA(bits0-1)=0 AND VI range -2000..10000,MOD13Q1 V061 Terra 250m 16-day
SO2307,Wanla Weyn,SO23,Lower Shabelle,2023-04-23,0.370095,0.3711,0.242195,0.24115,0.0117629760329363,80,0.2393765622702543,0.4459638288486987,pixel_reliability=0 AND MODLAND_QA(bits0-1)=0 AND VI range -2000..10000,MOD13Q1 V061 Terra 250m 16-day
SO2307,Wanla Weyn,SO23,Lower Shabelle,2023-05-09,0.3908844047619047,0.3911,0.2222315476190476,0.22085,0.1235112483458314,840,0.4646375533009851,0.0704308189972063,pixel_reliability=0 AND MODLAND_QA(bits0-1)=0 AND VI range -2000..10000,MOD13Q1 V061 Terra 250m 16-day
SO2307,Wanla Weyn,SO23,Lower Shabelle,2023-05-25,0.3391608,0.3231,0.206224,0.2014,0.018379650051463,125,0.5924128804587561,0.0852815762387884,pixel_reliability=0 AND MODLAND_QA(bits0-1)=0 AND VI range -2000..10000,MOD13Q1 V061 Terra 250m 16-day
SO2307,Wanla Weyn,SO23,Lower Shabelle,2023-06-10,0.2769030864197531,0.27635,0.1716086419753086,0.16885,0.023820026466696,162,0.7790030877812086,0.0627848845757976,pixel_reliability=0 AND MODLAND_QA(bits0-1)=0 AND VI range -2000..10000,MOD13Q1 V061 Terra 250m 16-day
SO2307,Wanla Weyn,SO23,Lower Shabelle,2023-06-26,0.2296764705882353,0.2259,0.1560176470588235,0.1492,0.0024996324069989,17,0.1279223643581826,0.7088663431848258,pixel_reliability=0 AND MODLAND_QA(bits0-1)=0 AND VI range -2000..10000,MOD13Q1 V061 Terra 250m 16-day
SO2307,Wanla Weyn,SO23,Lower Shabelle,2023-07-12,0.2075790697674418,0.2029,0.1269883720930233,0.1288,0.0063225996177032,43,0.347890016174092,0.3721511542420232,pixel_reliability=0 AND MODLAND_QA(bits0-1)=0 AND VI range -2000..10000,MOD13Q1 V061 Terra 250m 16-day
SO2307,Wanla Weyn,SO23,Lower Shabelle,2023-07-28,0.1957857142857142,0.1921,0.1308428571428571,0.1258,0.0010292604028819,7,0.0989560358770769,0.7238641376268196,pixel_reliability=0 AND MODLAND_QA(bits0-1)=0 AND VI range -2000..10000,MOD13Q1 V061 Terra 250m 16-day
SO2307,Wanla Weyn,SO23,Lower Shabelle,2023-08-13,0.2125202797202797,0.2088,0.1274524475524475,0.1251,0.0210263196588736,143,0.5368328187031319,0.1060138214968387,pixel_reliability=0 AND MODLAND_QA(bits0-1)=0 AND VI range -2000..10000,MOD13Q1 V061 Terra 250m 16-day
SO2307,Wanla Weyn,SO23,Lower Shabelle,2023-08-29,0.2654848229342327,0.2622,0.1570994940978077,0.1536,0.0871930598441405,593,0.5315394794883106,0.0682252609910307,pixel_reliability=0 AND MODLAND_QA(bits0-1)=0 AND VI range -2000..10000,MOD13Q1 V061 Terra 250m 16-day
SO2307,Wanla Weyn,SO23,Lower Shabelle,2023-09-14,0.2312127118644067,0.2242,0.1402012711864407,0.1333,0.0347007792971621,236,0.5859432436406411,0.0777826790177915,pixel_reliability=0 AND MODLAND_QA(bits0-1)=0 AND VI range -2000..10000,MOD13Q1 V061 Terra 250m 16-day
SO2307,Wanla Weyn,SO23,Lower Shabelle,2023-09-30,0.2224797297297297,0.2125,0.1349527027027027,0.1281,0.0108807528304661,74,0.3123070136744596,0.3783267166593148,pixel_reliability=0 AND MODLAND_QA(bits0-1)=0 AND VI range -2000..10000,MOD13Q1 V061 Terra 250m 16-day
SO2307,Wanla Weyn,SO23,Lower Shabelle,2023-10-16,0.3741121277359168,0.3492,0.2000149623250807,0.1884,0.4097926775474195,2787,0.2059991177767975,0.0292604028819291,pixel_reliability=0 AND MODLAND_QA(bits0-1)=0 AND VI range -2000..10000,MOD13Q1 V061 Terra 250m 16-day
SO2307,Wanla Weyn,SO23,Lower Shabelle,2023-11-01,0.6340688405797101,0.6412500000000001,0.3520876811594203,0.35295,0.0202911336568151,138,0.1198353183355388,0.615791795324217,pixel_reliability=0 AND MODLAND_QA(bits0-1)=0 AND VI range -2000..10000,MOD13Q1 V061 Terra 250m 16-day
SO2307,Wanla Weyn,SO23,Lower Shabelle,2023-11-17,0.5825493653312178,0.58485,0.4128428996429988,0.4164,0.7413615644758124,5042,0.0883693574474342,0.0279370680782237,pixel_reliability=0 AND MODLAND_QA(bits0-1)=0 AND VI range -2000..10000,MOD13Q1 V061 Terra 250m 16-day
SO2307,Wanla Weyn,SO23,Lower Shabelle,2023-12-03,0.5405910182960636,0.5389,0.362962003326557,0.3533,0.7956182914277312,5411,0.0469048669313336,0.0,pixel_reliability=0 AND MODLAND_QA(bits0-1)=0 AND VI range -2000..10000,MOD13Q1 V061 Terra 250m 16-day
SO2307,Wanla Weyn,SO23,Lower Shabelle,2023-12-19,0.4665550555055506,0.4734,0.2746504650465046,0.2782,0.98014997794442,6666,0.0008822232024702,0.0,pixel_reliability=0 AND MODLAND_QA(bits0-1)=0 AND VI range -2000..10000,MOD13Q1 V061 Terra 250m 16-day
SO2401,Baydhaba,SO24,Bay,2023-01-01,0.3513317438055166,0.3487,0.1662648500634475,0.1631,0.993629305196098,14973,0.0007963368504877,0.0,pixel_reliability=0 AND MODLAND_QA(bits0-1)=0 AND VI range -2000..10000,MOD13Q1 V061 Terra 250m 16-day
SO2401,Baydhaba,SO24,Bay,2023-01-17,0.28684972929617,0.2839,0.1485059421161687,0.1467,0.9928329683456102,14961,0.0009290596589023,0.0,pixel_reliability=0 AND MODLAND_QA(bits0-1)=0 AND VI range -2000..10000,MOD13Q1 V061 Terra 250m 16-day
SO2401,Baydhaba,SO24,Bay,2023-02-02,0.2661390059936696,0.2662,0.1296790625631355,0.129,0.9854004910743912,14849,0.0025217333598778,0.0,pixel_reliability=0 AND MODLAND_QA(bits0-1)=0 AND VI range -2000..10000,MOD13Q1 V061 Terra 250m 16-day
SO2401,Baydhaba,SO24,Bay,2023-03-06,0.2391319517709118,0.2407,0.1283815265367639,0.1297,0.6164310836817307,9289,0.2039285951290729,0.0,pixel_reliability=0 AND MODLAND_QA(bits0-1)=0 AND VI range -2000..10000,MOD13Q1 V061 Terra 250m 16-day
SO2401,Baydhaba,SO24,Bay,2023-03-22,0.5230642487046633,0.5356000000000001,0.2862693264248704,0.3029,0.960581325900856,14475,0.0061716105912801,0.0,pixel_reliability=0 AND MODLAND_QA(bits0-1)=0 AND VI range -2000..10000,MOD13Q1 V061 Terra 250m 16-day
SO2401,Baydhaba,SO24,Bay,2023-04-07,0.575573882572808,0.6161,0.3318910605824638,0.3564,0.4261065764151569,6421,0.2607339571305329,0.0370960249518879,pixel_reliability=0 AND MODLAND_QA(bits0-1)=0 AND VI range -2000..10000,MOD13Q1 V061 Terra 250m 16-day
SO2401,Baydhaba,SO24,Bay,2023-04-23,0.6121546212121213,0.656,0.3411595075757576,0.3665,0.1751941071073064,2640,0.3286880350388214,0.1659035105182825,pixel_reliability=0 AND MODLAND_QA(bits0-1)=0 AND VI range -2000..10000,MOD13Q1 V061 Terra 250m 16-day
SO2401,Baydhaba,SO24,Bay,2023-05-09,0.5537238831967214,0.5639000000000001,0.3045726639344263,0.3101,0.6476873050633751,9760,0.1716105912801115,0.0048443825071338,pixel_reliability=0 AND MODLAND_QA(bits0-1)=0 AND VI range -2000..10000,MOD13Q1 V061 Terra 250m 16-day
SO2401,Baydhaba,SO24,Bay,2023-05-25,0.469592838751207,0.47065,0.2449620856131316,0.2375,0.4123697657442431,6214,0.426969274669852,0.0045789368903045,pixel_reliability=0 AND MODLAND_QA(bits0-1)=0 AND VI range -2000..10000,MOD13Q1 V061 Terra 250m 16-day
SO2401,Baydhaba,SO24,Bay,2023-06-10,0.3817037436035551,0.3862,0.2078190681389712,0.20715,0.4927997876435065,7426,0.234056672639193,0.0375605547813391,pixel_reliability=0 AND MODLAND_QA(bits0-1)=0 AND VI range -2000..10000,MOD13Q1 V061 Terra 250m 16-day
SO2401,Baydhaba,SO24,Bay,2023-06-26,0.3228183538732395,0.33115,0.173859639084507,0.1747,0.1507731103590152,2272,0.299555378591811,0.2895348065565067,pixel_reliability=0 AND MODLAND_QA(bits0-1)=0 AND VI range -2000..10000,MOD13Q1 V061 Terra 250m 16-day
SO2401,Baydhaba,SO24,Bay,2023-07-12,0.2794162333736396,0.2756,0.1411192865779927,0.1412,0.2195235251177915,3308,0.4690424049372885,0.0035835158271949,pixel_reliability=0 AND MODLAND_QA(bits0-1)=0 AND VI range -2000..10000,MOD13Q1 V061 Terra 250m 16-day
SO2401,Baydhaba,SO24,Bay,2023-07-28,,,,,0.0,0,0.1094963169420664,0.7271219058995289,pixel_reliability=0 AND MODLAND_QA(bits0-1)=0 AND VI range -2000..10000,MOD13Q1 V061 Terra 250m 16-day
SO2401,Baydhaba,SO24,Bay,2023-08-13,0.2828313462076686,0.2782,0.1378626924153372,0.1391,0.2371092972327294,3573,0.5424381179905767,0.0155285685845112,pixel_reliability=0 AND MODLAND_QA(bits0-1)=0 AND VI range -2000..10000,MOD13Q1 V061 Terra 250m 16-day
SO2401,Baydhaba,SO24,Bay,2023-08-29,0.2871546888906869,0.2901,0.1464126709280686,0.1462,0.8201605945981817,12359,0.0386223372486561,0.0,pixel_reliability=0 AND MODLAND_QA(bits0-1)=0 AND VI range -2000..10000,MOD13Q1 V061 Terra 250m 16-day
SO2401,Baydhaba,SO24,Bay,2023-09-14,0.3065012963863232,0.3112,0.1458997893372225,0.1459,0.4095162253633287,6171,0.3947176322250978,0.007432477271219,pixel_reliability=0 AND MODLAND_QA(bits0-1)=0 AND VI range -2000..10000,MOD13Q1 V061 Terra 250m 16-day
SO2401,Baydhaba,SO24,Bay,2023-09-30,0.2963708487084871,0.2859,0.1775018450184502,0.1737,0.0179839405401818,271,0.8642909283960448,0.032450726657376,pixel_reliability=0 AND MODLAND_QA(bits0-1)=0 AND VI range -2000..10000,MOD13Q1 V061 Terra 250m 16-day
SO2401,Baydhaba,SO24,Bay,2023-10-16,0.4850914305146225,0.505,0.258894831104058,0.2747,0.2927201539584577,4411,0.3221846174265047,0.0742584113079832,pixel_reliability=0 AND MODLAND_QA(bits0-1)=0 AND VI range -2000..10000,MOD13Q1 V061 Terra 250m 16-day
SO2401,Baydhaba,SO24,Bay,2023-11-01,0.686955354058722,0.73975,0.3774329015544041,0.3969,0.0768465060720684,1158,0.2718826730373614,0.3211228349591877,pixel_reliability=0 AND MODLAND_QA(bits0-1)=0 AND VI range -2000..10000,MOD13Q1 V061 Terra 250m 16-day
SO2401,Baydhaba,SO24,Bay,2023-11-17,0.6412851984126986,0.6861,0.4188881878306879,0.4461,0.5016922158072865,7560,0.2600039816842524,0.0033844316145729,pixel_reliability=0 AND MODLAND_QA(bits0-1)=0 AND VI range -2000..10000,MOD13Q1 V061 Terra 250m 16-day
SO2401,Baydhaba,SO24,Bay,2023-12-03,0.6177098951273453,0.6488,0.3542426553470786,0.3695,0.9301878027739068,14017,0.0173203264981087,0.0,pixel_reliability=0 AND MODLAND_QA(bits0-1)=0 AND VI range -2000..10000,MOD13Q1 V061 Terra 250m 16-day
SO2401,Baydhaba,SO24,Bay,2023-12-19,0.5579659718953809,0.5695,0.2978083843205809,0.3029,0.9869931647753668,14873,0.0014599508925608,0.0,pixel_reliability=0 AND MODLAND_QA(bits0-1)=0 AND VI range -2000..10000,MOD13Q1 V061 Terra 250m 16-day
SO2402,Buur Hakaba,SO24,Bay,2023-01-01,0.3178463177442212,0.3109,0.1704174265747935,0.1653,0.9770339954163484,20463,0.0029125286478227,0.0,pixel_reliability=0 AND MODLAND_QA(bits0-1)=0 AND VI range -2000..10000,MOD13Q1 V061 Terra 250m 16-day
SO2402,Buur Hakaba,SO24,Bay,2023-01-17,0.2698236031761402,0.2662,0.1594525467221846,0.15485,0.9861535523300228,20654,0.001527883880825,0.0,pixel_reliability=0 AND MODLAND_QA(bits0-1)=0 AND VI range -2000..10000,MOD13Q1 V061 Terra 250m 16-day
SO2402,Buur Hakaba,SO24,Bay,2023-02-02,0.2584040485200353,0.2577,0.142930936706236,0.14,0.9210752482811306,19291,0.0139419404125286,0.0,pixel_reliability=0 AND MODLAND_QA(bits0-1)=0 AND VI range -2000..10000,MOD13Q1 V061 Terra 250m 16-day
SO2402,Buur Hakaba,SO24,Bay,2023-03-06,0.258469034389548,0.2543,0.1391420033037993,0.1356,0.6358861726508785,13318,0.1649159663865546,0.0,pixel_reliability=0 AND MODLAND_QA(bits0-1)=0 AND VI range -2000..10000,MOD13Q1 V061 Terra 250m 16-day
SO2402,Buur Hakaba,SO24,Bay,2023-03-22,0.3527892736416852,0.3322,0.2009569379173881,0.1877,0.5791157372039725,12129,0.217866692131398,0.0039629488158899,pixel_reliability=0 AND MODLAND_QA(bits0-1)=0 AND VI range -2000..10000,MOD13Q1 V061 Terra 250m 16-day
SO2402,Buur Hakaba,SO24,Bay,2023-04-07,0.378396265328874,0.34205,0.2317402173913043,0.20815,0.1713139801375095,3588,0.4128628724216959,0.0610198624904507,pixel_reliability=0 AND MODLAND_QA(bits0-1)=0 AND VI range -2000..10000,MOD13Q1 V061 Terra 250m 16-day
SO2402,Buur Hakaba,SO24,Bay,2023-04-23,0.5770130520764667,0.5716,0.358831641397495,0.356,0.0724312452253628,1517,0.2898682200152788,0.3296409472880061,pixel_reliability=0 AND MODLAND_QA(bits0-1)=0 AND VI range -2000..10000,MOD13Q1 V061 Terra 250m 16-day
SO2402,Buur Hakaba,SO24,Bay,2023-05-09,0.5265528756957328,0.5294,0.2994196660482375,0.29965,0.0514705882352941,1078,0.6256684491978609,0.0384835752482811,pixel_reliability=0 AND MODLAND_QA(bits0-1)=0 AND VI range -2000..10000,MOD13Q1 V061 Terra 250m 16-day
SO2402,Buur Hakaba,SO24,Bay,2023-05-25,0.4411872362869198,0.4355,0.2572431434599155,0.248,0.0452635599694423,948,0.6282467532467533,0.0421122994652406,pixel_reliability=0 AND MODLAND_QA(bits0-1)=0 AND VI range -2000..10000,MOD13Q1 V061 Terra 250m 16-day
SO2402,Buur Hakaba,SO24,Bay,2023-06-10,0.3791871520342612,0.3558,0.2295443254817986,0.209,0.0222975553857906,467,0.6565126050420168,0.1089572192513369,pixel_reliability=0 AND MODLAND_QA(bits0-1)=0 AND VI range -2000..10000,MOD13Q1 V061 Terra 250m 16-day
SO2402,Buur Hakaba,SO24,Bay,2023-06-26,0.3242879120879122,0.3328,0.2119307692307692,0.2116,0.0043449197860962,91,0.1666825821237585,0.6538865546218487,pixel_reliability=0 AND MODLAND_QA(bits0-1)=0 AND VI range -2000..10000,MOD13Q1 V061 Terra 250m 16-day
SO2402,Buur Hakaba,SO24,Bay,2023-07-12,0.2862369369369369,0.28245,0.163386036036036,0.15565,0.0105996944232238,222,0.4673892284186401,0.2222116119174942,pixel_reliability=0 AND MODLAND_QA(bits0-1)=0 AND VI range -2000..10000,MOD13Q1 V061 Terra 250m 16-day
SO2402,Buur Hakaba,SO24,Bay,2023-07-28,0.2588222222222222,0.2672,0.1538444444444444,0.1534,0.000429717341482,9,0.0672268907563025,0.8272536287242169,pixel_reliability=0 AND MODLAND_QA(bits0-1)=0 AND VI range -2000..10000,MOD13Q1 V061 Terra 250m 16-day
SO2402,Buur Hakaba,SO24,Bay,2023-08-13,0.3034314649681529,0.2998,0.186808067940552,0.1864,0.112442704354469,2355,0.491405653170359,0.0457887700534759,pixel_reliability=0 AND MODLAND_QA(bits0-1)=0 AND VI range -2000..10000,MOD13Q1 V061 Terra 250m 16-day
SO2402,Buur Hakaba,SO24,Bay,2023-08-29,0.2672267522553782,0.266,0.141980534351145,0.1396,0.1376050420168067,2882,0.4575057295645531,0.086038961038961,pixel_reliability=0 AND MODLAND_QA(bits0-1)=0 AND VI range -2000..10000,MOD13Q1 V061 Terra 250m 16-day
SO2402,Buur Hakaba,SO24,Bay,2023-09-14,0.2647128205128205,0.24885,0.15655,0.1511,0.0074484339190221,156,0.5809300993124522,0.1366023682200152,pixel_reliability=0 AND MODLAND_QA(bits0-1)=0 AND VI range -2000..10000,MOD13Q1 V061 Terra 250m 16-day
SO2402,Buur Hakaba,SO24,Bay,2023-09-30,0.322352688172043,0.3332,0.1834763440860214,0.1867,0.0044404125286478,93,0.4657181054239878,0.3319327731092437,pixel_reliability=0 AND MODLAND_QA(bits0-1)=0 AND VI range -2000..10000,MOD13Q1 V061 Terra 250m 16-day
SO2402,Buur Hakaba,SO24,Bay,2023-10-16,0.4583991766109785,0.4592,0.2585615990453461,0.2608,0.4001145912910618,8380,0.1830595874713521,0.1325439266615737,pixel_reliability=0 AND MODLAND_QA(bits0-1)=0 AND VI range -2000..10000,MOD13Q1 V061 Terra 250m 16-day
SO2402,Buur Hakaba,SO24,Bay,2023-11-01,0.5950728395061728,0.5946,0.3688037037037037,0.3784,0.0038674560733384,81,0.3113540870893812,0.3758594346829641,pixel_reliability=0 AND MODLAND_QA(bits0-1)=0 AND VI range -2000..10000,MOD13Q1 V061 Terra 250m 16-day
SO2402,Buur Hakaba,SO24,Bay,2023-11-17,0.6170427075542259,0.6262,0.4339171278982798,0.441,0.7022058823529411,14707,0.1244747899159663,0.0046313980137509,pixel_reliability=0 AND MODLAND_QA(bits0-1)=0 AND VI range -2000..10000,MOD13Q1 V061 Terra 250m 16-day
SO2402,Buur Hakaba,SO24,Bay,2023-12-03,0.6057355494215071,0.6105,0.3667161449462618,0.3674,0.8129774637127578,17027,0.0565794499618029,0.0006684491978609,pixel_reliability=0 AND MODLAND_QA(bits0-1)=0 AND VI range -2000..10000,MOD13Q1 V061 Terra 250m 16-day
SO2402,Buur Hakaba,SO24,Bay,2023-12-19,0.5589142166020022,0.5639000000000001,0.3261115006945442,0.3251,0.9968009931245224,20877,9.549274255156608e-05,0.0,pixel_reliability=0 AND MODLAND_QA(bits0-1)=0 AND VI range -2000..10000,MOD13Q1 V061 Terra 250m 16-day
SO2403,Diinsoor,SO24,Bay,2023-01-01,0.3338442123195553,0.3203,0.1822767954810365,0.1753,0.9866418966737438,11153,0.0017692852087756,0.0,pixel_reliability=0 AND MODLAND_QA(bits0-1)=0 AND VI range -2000..10000,MOD13Q1 V061 Terra 250m 16-day
SO2403,Diinsoor,SO24,Bay,2023-01-17,0.2951880845726572,0.2836,0.1627454130084214,0.1579,0.9874380750176928,11162,0.0030077848549186,0.0,pixel_reliability=0 AND MODLAND_QA(bits0-1)=0 AND VI range -2000..10000,MOD13Q1 V061 Terra 250m 16-day
SO2403,Diinsoor,SO24,Bay,2023-02-02,0.2671449963937973,0.2621,0.1480276956364948,0.1447,0.981245576786978,11092,0.0019462137296532,0.0,pixel_reliability=0 AND MODLAND_QA(bits0-1)=0 AND VI range -2000..10000,MOD13Q1 V061 Terra 250m 16-day
SO2403,Diinsoor,SO24,Bay,2023-03-06,0.2586052480041879,0.2576,0.1412901583562361,0.1384,0.6759554140127388,7641,0.0870488322717622,0.0,pixel_reliability=0 AND MODLAND_QA(bits0-1)=0 AND VI range -2000..10000,MOD13Q1 V061 Terra 250m 16-day
SO2403,Diinsoor,SO24,Bay,2023-03-22,0.431042514142049,0.4313,0.2682555499685732,0.2666,0.7037331917905166,7955,0.0329087048832271,0.0003538570417551,pixel_reliability=0 AND MODLAND_QA(bits0-1)=0 AND VI range -2000..10000,MOD13Q1 V061 Terra 250m 16-day
SO2403,Diinsoor,SO24,Bay,2023-04-07,0.5630699004975125,0.5664,0.3242417910447761,0.32255,0.0355626326963906,402,0.4068471337579618,0.2429228591648974,pixel_reliability=0 AND MODLAND_QA(bits0-1)=0 AND VI range -2000..10000,MOD13Q1 V061 Terra 250m 16-day
SO2403,Diinsoor,SO24,Bay,2023-04-23,0.5521633858267717,0.5433,0.3473087926509187,0.3448,0.0674097664543524,762,0.4640835102618542,0.1401273885350318,pixel_reliability=0 AND MODLAND_QA(bits0-1)=0 AND VI range -2000..10000,MOD13Q1 V061 Terra 250m 16-day
SO2403,Diinsoor,SO24,Bay,2023-05-09,0.5056770086526575,0.5015000000000001,0.2921354758961681,0.2909,0.0715675866949752,809,0.5687367303609342,0.0581210191082802,pixel_reliability=0 AND MODLAND_QA(bits0-1)=0 AND VI range -2000..10000,MOD13Q1 V061 Terra 250m 16-day
SO2403,Diinsoor,SO24,Bay,2023-05-25,0.4538249158249158,0.4431,0.262609595959596,0.25455,0.0525477707006369,594,0.5404281670205237,0.0828025477707006,pixel_reliability=0 AND MODLAND_QA(bits0-1)=0 AND VI range -2000..10000,MOD13Q1 V061 Terra 250m 16-day
SO2403,Diinsoor,SO24,Bay,2023-06-10,0.4296928542094455,0.4214,0.2559787679671458,0.2484,0.2154104741684359,2435,0.3001592356687898,0.110314932767162,pixel_reliability=0 AND MODLAND_QA(bits0-1)=0 AND VI range -2000..10000,MOD13Q1 V061 Terra 250m 16-day
SO2403,Diinsoor,SO24,Bay,2023-06-26,0.35322,0.3524,0.21302,0.2227,0.0004423213021939,5,0.1533970276008492,0.6699398443029017,pixel_reliability=0 AND MODLAND_QA(bits0-1)=0 AND VI range -2000..10000,MOD13Q1 V061 Terra 250m 16-day
SO2403,Diinsoor,SO24,Bay,2023-07-12,0.294598502994012,0.289,0.1685017964071856,0.16535,0.0295470629865534,334,0.6055378627034678,0.0830679405520169,pixel_reliability=0 AND MODLAND_QA(bits0-1)=0 AND VI range -2000..10000,MOD13Q1 V061 Terra 250m 16-day
SO2403,Diinsoor,SO24,Bay,2023-07-28,,,,,0.0,0,0.0640481245576786,0.7868895966029724,pixel_reliability=0 AND MODLAND_QA(bits0-1)=0 AND VI range -2000..10000,MOD13Q1 V061 Terra 250m 16-day
SO2403,Diinsoor,SO24,Bay,2023-08-13,0.3074214793741109,0.3011,0.1881024182076813,0.18255,0.248761500353857,2812,0.387208067940552,0.0095541401273885,pixel_reliability=0 AND MODLAND_QA(bits0-1)=0 AND VI range -2000..10000,MOD13Q1 V061 Terra 250m 16-day
SO2403,Diinsoor,SO24,Bay,2023-08-29,0.2532788393715934,0.2494,0.1425570695735812,0.1404,0.2759200283085633,3119,0.418170559094126,0.0208775654635527,pixel_reliability=0 AND MODLAND_QA(bits0-1)=0 AND VI range -2000..10000,MOD13Q1 V061 Terra 250m 16-day
SO2403,Diinsoor,SO24,Bay,2023-09-14,0.2605523809523809,0.26325,0.1565047619047619,0.156,0.0037154989384288,42,0.4921266808209483,0.1849787685774946,pixel_reliability=0 AND MODLAND_QA(bits0-1)=0 AND VI range -2000..10000,MOD13Q1 V061 Terra 250m 16-day
SO2403,Diinsoor,SO24,Bay,2023-09-30,0.2744,0.2903,0.13838,0.1388,0.0004423213021939,5,0.984518754423213,0.002830856334041,pixel_reliability=0 AND MODLAND_QA(bits0-1)=0 AND VI range -2000..10000,MOD13Q1 V061 Terra 250m 16-day
SO2403,Diinsoor,SO24,Bay,2023-10-16,0.5261384453781514,0.5409,0.3282256426099852,0.3411,0.7158527954706299,8092,0.0786447275300778,0.0099964614295824,pixel_reliability=0 AND MODLAND_QA(bits0-1)=0 AND VI range -2000..10000,MOD13Q1 V061 Terra 250m 16-day
SO2403,Diinsoor,SO24,Bay,2023-11-01,0.5868450000000002,0.5979000000000001,0.37168,0.37585,0.0017692852087756,20,0.2313340410474168,0.4524062278839348,pixel_reliability=0 AND MODLAND_QA(bits0-1)=0 AND VI range -2000..10000,MOD13Q1 V061 Terra 250m 16-day
SO2403,Diinsoor,SO24,Bay,2023-11-17,0.620246830092984,0.6205,0.3880322062552832,0.3776,0.1046532200990799,1183,0.5735138004246284,0.08793347487615,pixel_reliability=0 AND MODLAND_QA(bits0-1)=0 AND VI range -2000..10000,MOD13Q1 V061 Terra 250m 16-day
SO2403,Diinsoor,SO24,Bay,2023-12-03,0.6153499566932923,0.623,0.3707841689923972,0.3776,0.9192321302193912,10391,0.0097310686482661,0.0,pixel_reliability=0 AND MODLAND_QA(bits0-1)=0 AND VI range -2000..10000,MOD13Q1 V061 Terra 250m 16-day
SO2403,Diinsoor,SO24,Bay,2023-12-19,0.570167420367878,0.5725,0.3296283624943921,0.3321,0.9859341825902336,11145,0.002034677990092,0.0,pixel_reliability=0 AND MODLAND_QA(bits0-1)=0 AND VI range -2000..10000,MOD13Q1 V061 Terra 250m 16-day
SO2404,Qansax Dheere,SO24,Bay,2023-01-01,0.2972303278688524,0.29055,0.1547455579058699,0.151,0.9866944951734934,3782,0.0002608922515001,0.0,pixel_reliability=0 AND MODLAND_QA(bits0-1)=0 AND VI range -2000..10000,MOD13Q1 V061 Terra 250m 16-day
SO2404,Qansax Dheere,SO24,Bay,2023-01-17,0.2585351231011,0.25435,0.1378762179151388,0.1358,0.996086616227498,3818,0.0,0.0,pixel_reliability=0 AND MODLAND_QA(bits0-1)=0 AND VI range -2000..10000,MOD13Q1 V061 Terra 250m 16-day
SO2404,Qansax Dheere,SO24,Bay,2023-02-02,0.2355291943632012,0.2314,0.1268020739165115,0.1288,0.9812157578919906,3761,0.0010435690060005,0.0,pixel_reliability=0 AND MODLAND_QA(bits0-1)=0 AND VI range -2000..10000,MOD13Q1 V061 Terra 250m 16-day
SO2404,Qansax Dheere,SO24,Bay,2023-03-06,0.2182094594594594,0.21465,0.1225190228690228,0.1246,0.7529350378293764,2886,0.0939212105400469,0.0,pixel_reliability=0 AND MODLAND_QA(bits0-1)=0 AND VI range -2000..10000,MOD13Q1 V061 Terra 250m 16-day
SO2404,Qansax Dheere,SO24,Bay,2023-03-22,0.4111129682090022,0.4043,0.2447137551148882,0.2484,0.8288546830159145,3177,0.0010435690060005,0.0,pixel_reliability=0 AND MODLAND_QA(bits0-1)=0 AND VI range -2000..10000,MOD13Q1 V061 Terra 250m 16-day
SO2404,Qansax Dheere,SO24,Bay,2023-04-07,0.48,0.48625,0.2695171052631579,0.2746,0.0594834333420297,228,0.3631620140881816,0.2201930602661101,pixel_reliability=0 AND MODLAND_QA(bits0-1)=0 AND VI range -2000..10000,MOD13Q1 V061 Terra 250m 16-day
SO2404,Qansax Dheere,SO24,Bay,2023-04-23,0.4902106227106227,0.4804,0.2927,0.2981,0.0712235846595356,273,0.4403861205322202,0.1502739368640751,pixel_reliability=0 AND MODLAND_QA(bits0-1)=0 AND VI range -2000..10000,MOD13Q1 V061 Terra 250m 16-day
SO2404,Qansax Dheere,SO24,Bay,2023-05-09,0.4626888349514563,0.45615,0.2704401699029126,0.2684,0.429950430472215,1648,0.2608922515001304,0.0010435690060005,pixel_reliability=0 AND MODLAND_QA(bits0-1)=0 AND VI range -2000..10000,MOD13Q1 V061 Terra 250m 16-day
SO2404,Qansax Dheere,SO24,Bay,2023-05-25,0.3642965845909452,0.3579,0.2186995234312947,0.2155,0.3284633446386642,1259,0.3689016436211844,0.0046960605270023,pixel_reliability=0 AND MODLAND_QA(bits0-1)=0 AND VI range -2000..10000,MOD13Q1 V061 Terra 250m 16-day
SO2404,Qansax Dheere,SO24,Bay,2023-06-10,0.3442668004587156,0.33155,0.205576490825688,0.1948,0.4549960866162275,1744,0.2627184972606313,0.0013044612575006,pixel_reliability=0 AND MODLAND_QA(bits0-1)=0 AND VI range -2000..10000,MOD13Q1 V061 Terra 250m 16-day
SO2404,Qansax Dheere,SO24,Bay,2023-06-26,,,,,0.0,0,0.2381946256196191,0.5731802765457866,pixel_reliability=0 AND MODLAND_QA(bits0-1)=0 AND VI range -2000..10000,MOD13Q1 V061 Terra 250m 16-day
SO2404,Qansax Dheere,SO24,Bay,2023-07-12,0.25265,0.25145,0.1418114285714285,0.14055,0.0182624576050091,70,0.65979650404383,0.0936603182885468,pixel_reliability=0 AND MODLAND_QA(bits0-1)=0 AND VI range -2000..10000,MOD13Q1 V061 Terra 250m 16-day
SO2404,Qansax Dheere,SO24,Bay,2023-07-28,0.2117,0.2117,0.1247,0.1247,0.0002608922515001,1,0.1163579441690581,0.663970780067832,pixel_reliability=0 AND MODLAND_QA(bits0-1)=0 AND VI range -2000..10000,MOD13Q1 V061 Terra 250m 16-day
SO2404,Qansax Dheere,SO24,Bay,2023-08-13,0.2427743689320388,0.2435,0.1466240776699029,0.1489,0.1343595095225671,515,0.5123923819462562,0.0086094442995043,pixel_reliability=0 AND MODLAND_QA(bits0-1)=0 AND VI range -2000..10000,MOD13Q1 V061 Terra 250m 16-day
SO2404,Qansax Dheere,SO24,Bay,2023-08-29,0.2446985489721886,0.2423,0.139318137847642,0.1418,0.6472736759718236,2481,0.0276545786590138,0.0,pixel_reliability=0 AND MODLAND_QA(bits0-1)=0 AND VI range -2000..10000,MOD13Q1 V061 Terra 250m 16-day
SO2404,Qansax Dheere,SO24,Bay,2023-09-14,0.2487817204301075,0.24305,0.1404827956989247,0.13445,0.0485259587790242,186,0.7925906600573963,0.0078267675450039,pixel_reliability=0 AND MODLAND_QA(bits0-1)=0 AND VI range -2000..10000,MOD13Q1 V061 Terra 250m 16-day
SO2404,Qansax Dheere,SO24,Bay,2023-09-30,0.2567433333333333,0.23645,0.1663466666666666,0.15705,0.0313070701800156,120,0.9112966344899556,0.0005217845030002,pixel_reliability=0 AND MODLAND_QA(bits0-1)=0 AND VI range -2000..10000,MOD13Q1 V061 Terra 250m 16-day
SO2404,Qansax Dheere,SO24,Bay,2023-10-16,0.4911746957403651,0.5149,0.2811846348884381,0.29215,0.5144795199582572,1972,0.1095747456300547,0.1074876076180537,pixel_reliability=0 AND MODLAND_QA(bits0-1)=0 AND VI range -2000..10000,MOD13Q1 V061 Terra 250m 16-day
SO2404,Qansax Dheere,SO24,Bay,2023-11-01,0.4501,0.4501,0.3132,0.3132,0.0002608922515001,1,0.2817636316201409,0.3516827550221758,pixel_reliability=0 AND MODLAND_QA(bits0-1)=0 AND VI range -2000..10000,MOD13Q1 V061 Terra 250m 16-day
SO2404,Qansax Dheere,SO24,Bay,2023-11-17,0.4977413919413919,0.5204,0.3183967032967033,0.3288,0.0712235846595356,273,0.7847638925123924,0.0172188885990086,pixel_reliability=0 AND MODLAND_QA(bits0-1)=0 AND VI range -2000..10000,MOD13Q1 V061 Terra 250m 16-day
SO2404,Qansax Dheere,SO24,Bay,2023-12-03,0.5535357000285144,0.5836,0.3198262047333903,0.3403,0.9149491260109576,3507,0.0104356900600052,0.0,pixel_reliability=0 AND MODLAND_QA(bits0-1)=0 AND VI range -2000..10000,MOD13Q1 V061 Terra 250m 16-day
SO2404,Qansax Dheere,SO24,Bay,2023-12-19,0.5155988862370725,0.526,0.2902383717846725,0.3008,0.983824680406992,3771,0.0018262457605009,0.0,pixel_reliability=0 AND MODLAND_QA(bits0-1)=0 AND VI range -2000..10000,MOD13Q1 V061 Terra 250m 16-day
SO2501,Xudur,SO25,Bakool,2023-01-01,0.252965458488228,0.2475,0.1318671313506815,0.1298,0.994914470642626,6456,0.0,0.0,pixel_reliability=0 AND MODLAND_QA(bits0-1)=0 AND VI range -2000..10000,MOD13Q1 V061 Terra 250m 16-day
SO2501,Xudur,SO25,Bakool,2023-01-17,0.2217955009276437,0.21805,0.1255055813234384,0.124,0.9967637540453076,6468,0.0001541069502234,0.0,pixel_reliability=0 AND MODLAND_QA(bits0-1)=0 AND VI range -2000..10000,MOD13Q1 V061 Terra 250m 16-day
SO2501,Xudur,SO25,Bakool,2023-02-02,0.2133182371294852,0.2112,0.1149892199687987,0.1141,0.987825550932347,6410,0.0004623208506703,0.0,pixel_reliability=0 AND MODLAND_QA(bits0-1)=0 AND VI range -2000..10000,MOD13Q1 V061 Terra 250m 16-day
SO2501,Xudur,SO25,Bakool,2023-03-06,0.2015345229151014,0.1974,0.110469196093163,0.1102,0.8204654029896749,5324,0.0388349514563106,0.0,pixel_reliability=0 AND MODLAND_QA(bits0-1)=0 AND VI range -2000..10000,MOD13Q1 V061 Terra 250m 16-day
SO2501,Xudur,SO25,Bakool,2023-03-22,0.3953001263623441,0.3889,0.2272718211972832,0.2291,0.975651101864694,6331,0.001695176452458,0.0,pixel_reliability=0 AND MODLAND_QA(bits0-1)=0 AND VI range -2000..10000,MOD13Q1 V061 Terra 250m 16-day
SO2501,Xudur,SO25,Bakool,2023-04-07,0.3902337940896092,0.38575,0.2312816491897045,0.2325,0.9699491447064262,6294,0.0024657112035752,0.0,pixel_reliability=0 AND MODLAND_QA(bits0-1)=0 AND VI range -2000..10000,MOD13Q1 V061 Terra 250m 16-day
SO2501,Xudur,SO25,Bakool,2023-04-23,0.4189540186915887,0.4177,0.2345044859813084,0.2341,0.0824472183695484,535,0.317306210510094,0.3080597934966867,pixel_reliability=0 AND MODLAND_QA(bits0-1)=0 AND VI range -2000..10000,MOD13Q1 V061 Terra 250m 16-day
SO2501,Xudur,SO25,Bakool,2023-05-09,0.3650137380191693,0.3534,0.2149034345047923,0.2117,0.9647095083988289,6260,0.0009246417013407,0.0003082139004469,pixel_reliability=0 AND MODLAND_QA(bits0-1)=0 AND VI range -2000..10000,MOD13Q1 V061 Terra 250m 16-day
SO2501,Xudur,SO25,Bakool,2023-05-25,0.3513913356271504,0.3428,0.1961991398185799,0.194,0.9853598397287716,6394,0.0007705347511172,0.0,pixel_reliability=0 AND MODLAND_QA(bits0-1)=0 AND VI range -2000..10000,MOD13Q1 V061 Terra 250m 16-day
SO2501,Xudur,SO25,Bakool,2023-06-10,0.2959266050698887,0.2864,0.1733309879175551,0.1677,0.6504854368932039,4221,0.1071043304053012,0.0029280320542456,pixel_reliability=0 AND MODLAND_QA(bits0-1)=0 AND VI range -2000..10000,MOD13Q1 V061 Terra 250m 16-day
SO2501,Xudur,SO25,Bakool,2023-06-26,0.2567725631768953,0.2532,0.1498877256317689,0.1454,0.2134381260594852,1385,0.2877176760671906,0.0394513792572045,pixel_reliability=0 AND MODLAND_QA(bits0-1)=0 AND VI range -2000..10000,MOD13Q1 V061 Terra 250m 16-day
SO2501,Xudur,SO25,Bakool,2023-07-12,0.2765904347826087,0.27875,0.1439063043478261,0.1458,0.0708891971027893,460,0.8186161195869933,0.0001541069502234,pixel_reliability=0 AND MODLAND_QA(bits0-1)=0 AND VI range -2000..10000,MOD13Q1 V061 Terra 250m 16-day
SO2501,Xudur,SO25,Bakool,2023-07-28,0.2261722727272727,0.22665,0.1148909090909091,0.11565,0.0339035290491601,220,0.5661889351209739,0.1818462012636769,pixel_reliability=0 AND MODLAND_QA(bits0-1)=0 AND VI range -2000..10000,MOD13Q1 V061 Terra 250m 16-day
SO2501,Xudur,SO25,Bakool,2023-08-13,0.221343198354951,0.2176,0.1224815090161341,0.1204,0.974264139312683,6322,0.0026198181537987,0.0,pixel_reliability=0 AND MODLAND_QA(bits0-1)=0 AND VI range -2000..10000,MOD13Q1 V061 Terra 250m 16-day
SO2501,Xudur,SO25,Bakool,2023-08-29,0.2266535342379299,0.2206,0.1266941306405806,0.1251,0.9767298505162584,6338,0.0004623208506703,0.0,pixel_reliability=0 AND MODLAND_QA(bits0-1)=0 AND VI range -2000..10000,MOD13Q1 V061 Terra 250m 16-day
SO2501,Xudur,SO25,Bakool,2023-09-14,0.231282189358624,0.2226,0.1214360231474039,0.1163,0.958699337340114,6221,0.0043149946062567,0.0,pixel_reliability=0 AND MODLAND_QA(bits0-1)=0 AND VI range -2000..10000,MOD13Q1 V061 Terra 250m 16-day
SO2501,Xudur,SO25,Bakool,2023-09-30,0.2590019188993483,0.2477,0.1625347212165098,0.1529,0.4256433965171829,2762,0.2934196332254584,0.0001541069502234,pixel_reliability=0 AND MODLAND_QA(bits0-1)=0 AND VI range -2000..10000,MOD13Q1 V061 Terra 250m 16-day
SO2501,Xudur,SO25,Bakool,2023-10-16,0.3782194325021496,0.3792,0.2175299226139295,0.2124,0.1792263831098782,1163,0.3829557713052858,0.0722761596548004,pixel_reliability=0 AND MODLAND_QA(bits0-1)=0 AND VI range -2000..10000,MOD13Q1 V061 Terra 250m 16-day
SO2501,Xudur,SO25,Bakool,2023-11-01,0.5995797144556813,0.6049,0.3289160618679357,0.331,0.259053783325628,1681,0.2941901679765757,0.1280628756356911,pixel_reliability=0 AND MODLAND_QA(bits0-1)=0 AND VI range -2000..10000,MOD13Q1 V061 Terra 250m 16-day
SO2501,Xudur,SO25,Bakool,2023-11-17,0.5546451038575668,0.5632,0.3727939540059347,0.3824,0.4154723378024348,2696,0.2399445214979195,0.0018492834026814,pixel_reliability=0 AND MODLAND_QA(bits0-1)=0 AND VI range -2000..10000,MOD13Q1 V061 Terra 250m 16-day
SO2501,Xudur,SO25,Bakool,2023-12-03,0.5371685185185185,0.5409,0.3158281201369436,0.316,0.9902912621359224,6426,0.0012328556017876,0.0,pixel_reliability=0 AND MODLAND_QA(bits0-1)=0 AND VI range -2000..10000,MOD13Q1 V061 Terra 250m 16-day
SO2501,Xudur,SO25,Bakool,2023-12-19,0.4676554514060187,0.4681,0.2636430192402565,0.2621,0.9371243643088304,6081,0.0026198181537987,0.0,pixel_reliability=0 AND MODLAND_QA(bits0-1)=0 AND VI range -2000..10000,MOD13Q1 V061 Terra 250m 16-day
SO2502,Ceel Barde,SO25,Bakool,2023-01-01,0.2162844003606853,0.2159,0.1179553877366997,0.11725,0.9922827424225478,8872,0.0,0.0,pixel_reliability=0 AND MODLAND_QA(bits0-1)=0 AND VI range -2000..10000,MOD13Q1 V061 Terra 250m 16-day
SO2502,Ceel Barde,SO25,Bakool,2023-01-17,0.1991820883804396,0.2018,0.1183057312696276,0.1192,0.9972038921820824,8916,0.0,0.0,pixel_reliability=0 AND MODLAND_QA(bits0-1)=0 AND VI range -2000..10000,MOD13Q1 V061 Terra 250m 16-day
SO2502,Ceel Barde,SO25,Bakool,2023-02-02,0.1993461027258391,0.20235,0.1136197904933543,0.1148,0.992953808298848,8878,0.0,0.0,pixel_reliability=0 AND MODLAND_QA(bits0-1)=0 AND VI range -2000..10000,MOD13Q1 V061 Terra 250m 16-day
SO2502,Ceel Barde,SO25,Bakool,2023-03-06,0.1916604630678243,0.1938,0.1106086699383415,0.1107,0.8888267531596018,7947,0.0258360362375573,0.0,pixel_reliability=0 AND MODLAND_QA(bits0-1)=0 AND VI range -2000..10000,MOD13Q1 V061 Terra 250m 16-day
SO2502,Ceel Barde,SO25,Bakool,2023-03-22,0.3777049930971008,0.3693,0.2277750575241602,0.2279,0.972150766133542,8692,0.0006710658763001,0.0,pixel_reliability=0 AND MODLAND_QA(bits0-1)=0 AND VI range -2000..10000,MOD13Q1 V061 Terra 250m 16-day
SO2502,Ceel Barde,SO25,Bakool,2023-04-07,0.3528452804927032,0.3345,0.2240001740527513,0.2178,0.83536517168102,7469,0.0535734257912985,0.0001118443127166,pixel_reliability=0 AND MODLAND_QA(bits0-1)=0 AND VI range -2000..10000,MOD13Q1 V061 Terra 250m 16-day
SO2502,Ceel Barde,SO25,Bakool,2023-04-23,0.4105534870317003,0.4125,0.2383112199807877,0.2418,0.582149647690415,5205,0.1251537859299854,0.0621854378704842,pixel_reliability=0 AND MODLAND_QA(bits0-1)=0 AND VI range -2000..10000,MOD13Q1 V061 Terra 250m 16-day
SO2502,Ceel Barde,SO25,Bakool,2023-05-09,0.347053873507747,0.35215,0.212908382016764,0.2158,0.8806621183312828,7874,0.0196845990381389,0.0088357007046191,pixel_reliability=0 AND MODLAND_QA(bits0-1)=0 AND VI range -2000..10000,MOD13Q1 V061 Terra 250m 16-day
SO2502,Ceel Barde,SO25,Bakool,2023-05-25,0.3399512548044314,0.3435,0.1896346032104906,0.192,0.9893747902919136,8846,0.0015658203780337,0.0,pixel_reliability=0 AND MODLAND_QA(bits0-1)=0 AND VI range -2000..10000,MOD13Q1 V061 Terra 250m 16-day
SO2502,Ceel Barde,SO25,Bakool,2023-06-10,0.2588526533333333,0.2643,0.1570837333333333,0.1567,0.8388323453752377,7500,0.0257241919248406,0.0011184431271669,pixel_reliability=0 AND MODLAND_QA(bits0-1)=0 AND VI range -2000..10000,MOD13Q1 V061 Terra 250m 16-day
SO2502,Ceel Barde,SO25,Bakool,2023-06-26,0.2190722154222766,0.2228,0.1351369781041751,0.1367,0.822391231405883,7353,0.0343362040040263,0.0011184431271669,pixel_reliability=0 AND MODLAND_QA(bits0-1)=0 AND VI range -2000..10000,MOD13Q1 V061 Terra 250m 16-day
SO2502,Ceel Barde,SO25,Bakool,2023-07-12,0.2031545060999606,0.2002,0.121686186540732,0.1211,0.2841963986131305,2541,0.4876412034448048,0.00033553293815,pixel_reliability=0 AND MODLAND_QA(bits0-1)=0 AND VI range -2000..10000,MOD13Q1 V061 Terra 250m 16-day
SO2502,Ceel Barde,SO25,Bakool,2023-07-28,0.2082200110558319,0.2095,0.1173391929242675,0.1177,0.4046527234090146,3618,0.290683368750699,0.0619617492450508,pixel_reliability=0 AND MODLAND_QA(bits0-1)=0 AND VI range -2000..10000,MOD13Q1 V061 Terra 250m 16-day
SO2502,Ceel Barde,SO25,Bakool,2023-08-13,0.2053415164488508,0.2083,0.1211064105452906,0.1226,0.9927301196734146,8876,0.0,0.0,pixel_reliability=0 AND MODLAND_QA(bits0-1)=0 AND VI range -2000..10000,MOD13Q1 V061 Terra 250m 16-day
SO2502,Ceel Barde,SO25,Bakool,2023-08-29,0.2043687964004499,0.2064,0.122089235095613,0.1244,0.9942959400514484,8890,0.0001118443127166,0.0,pixel_reliability=0 AND MODLAND_QA(bits0-1)=0 AND VI range -2000..10000,MOD13Q1 V061 Terra 250m 16-day
SO2502,Ceel Barde,SO25,Bakool,2023-09-14,0.2232665875438001,0.2192,0.1258635921781395,0.1231,0.9894866346046304,8847,0.0002236886254333,0.0,pixel_reliability=0 AND MODLAND_QA(bits0-1)=0 AND VI range -2000..10000,MOD13Q1 V061 Terra 250m 16-day
SO2502,Ceel Barde,SO25,Bakool,2023-09-30,0.2748793787748059,0.24595,0.1836841530054644,0.1646,0.7777653506319203,6954,0.0405994855161615,0.0001118443127166,pixel_reliability=0 AND MODLAND_QA(bits0-1)=0 AND VI range -2000..10000,MOD13Q1 V061 Terra 250m 16-day
SO2502,Ceel Barde,SO25,Bakool,2023-10-16,0.360156394129979,0.341,0.2247876310272537,0.2142,0.1066994743317302,954,0.2702158595235432,0.3142825187339224,pixel_reliability=0 AND MODLAND_QA(bits0-1)=0 AND VI range -2000..10000,MOD13Q1 V061 Terra 250m 16-day
SO2502,Ceel Barde,SO25,Bakool,2023-11-01,0.5570323126142597,0.5518500000000001,0.3104183729433272,0.3155,0.244715356224136,2188,0.274354099094061,0.135331618387205,pixel_reliability=0 AND MODLAND_QA(bits0-1)=0 AND VI range -2000..10000,MOD13Q1 V061 Terra 250m 16-day
SO2502,Ceel Barde,SO25,Bakool,2023-11-17,0.5529889292583885,0.5561,0.356985082282539,0.357,0.5233195392014316,4679,0.1943854155016217,0.0013421317526003,pixel_reliability=0 AND MODLAND_QA(bits0-1)=0 AND VI range -2000..10000,MOD13Q1 V061 Terra 250m 16-day
SO2502,Ceel Barde,SO25,Bakool,2023-12-03,0.5409626530383017,0.5446,0.3188970684039087,0.3211,0.9957499161167654,8903,0.0005592215635834,0.0,pixel_reliability=0 AND MODLAND_QA(bits0-1)=0 AND VI range -2000..10000,MOD13Q1 V061 Terra 250m 16-day
SO2502,Ceel Barde,SO25,Bakool,2023-12-19,0.4531341165838229,0.4561,0.2541495707184817,0.2543,0.9900458561682138,8852,0.0008947545017335,0.0,pixel_reliability=0 AND MODLAND_QA(bits0-1)=0 AND VI range -2000..10000,MOD13Q1 V061 Terra 250m 16-day
SO2503,Tayeeglow,SO25,Bakool,2023-01-01,0.3128200621034157,0.2904,0.1402192925610909,0.1352,0.983273596176822,7407,0.0015929908403026,0.0,pixel_reliability=0 AND MODLAND_QA(bits0-1)=0 AND VI range -2000..10000,MOD13Q1 V061 Terra 250m 16-day
SO2503,Tayeeglow,SO25,Bakool,2023-01-17,0.2628721793507185,0.2476,0.1329520622671633,0.12975,0.9977432629762378,7516,0.0,0.0,pixel_reliability=0 AND MODLAND_QA(bits0-1)=0 AND VI range -2000..10000,MOD13Q1 V061 Terra 250m 16-day
SO2503,Tayeeglow,SO25,Bakool,2023-02-02,0.2464039470052443,0.234,0.1223974468672371,0.1211,0.961900969069428,7246,0.0039824771007566,0.0,pixel_reliability=0 AND MODLAND_QA(bits0-1)=0 AND VI range -2000..10000,MOD13Q1 V061 Terra 250m 16-day
SO2503,Tayeeglow,SO25,Bakool,2023-03-06,0.2480215650440272,0.2426,0.1183273633493936,0.118,0.79901765564848,6019,0.0882782424001062,0.0,pixel_reliability=0 AND MODLAND_QA(bits0-1)=0 AND VI range -2000..10000,MOD13Q1 V061 Terra 250m 16-day
SO2503,Tayeeglow,SO25,Bakool,2023-03-22,0.438134490209318,0.434,0.2248671708305199,0.2313,0.9830080977034382,7405,0.0009292446568432,0.0,pixel_reliability=0 AND MODLAND_QA(bits0-1)=0 AND VI range -2000..10000,MOD13Q1 V061 Terra 250m 16-day
SO2503,Tayeeglow,SO25,Bakool,2023-04-07,0.4558994725738396,0.449,0.2466124472573839,0.2458,0.629231381919554,4740,0.1452276649409266,0.0159299084030266,pixel_reliability=0 AND MODLAND_QA(bits0-1)=0 AND VI range -2000..10000,MOD13Q1 V061 Terra 250m 16-day
SO2503,Tayeeglow,SO25,Bakool,2023-04-23,0.5179041492537314,0.47975,0.2848876716417911,0.2749,0.4447099429178282,3350,0.267887959644232,0.0118146820655781,pixel_reliability=0 AND MODLAND_QA(bits0-1)=0 AND VI range -2000..10000,MOD13Q1 V061 Terra 250m 16-day
SO2503,Tayeeglow,SO25,Bakool,2023-05-09,0.4692706058221873,0.4573,0.2588187726199842,0.2491,0.8436213991769548,6355,0.0057082171777512,0.0,pixel_reliability=0 AND MODLAND_QA(bits0-1)=0 AND VI range -2000..10000,MOD13Q1 V061 Terra 250m 16-day
SO2503,Tayeeglow,SO25,Bakool,2023-05-25,0.40340454308094,0.3881,0.2166761183637946,0.2072,0.7626443647949024,5745,0.1342094782954998,0.0038497278640647,pixel_reliability=0 AND MODLAND_QA(bits0-1)=0 AND VI range -2000..10000,MOD13Q1 V061 Terra 250m 16-day
SO2503,Tayeeglow,SO25,Bakool,2023-06-10,0.3442226364846871,0.3366,0.1864431234544417,0.1817,0.6978627372892606,5257,0.1165538298154785,0.0013274923669188,pixel_reliability=0 AND MODLAND_QA(bits0-1)=0 AND VI range -2000..10000,MOD13Q1 V061 Terra 250m 16-day
SO2503,Tayeeglow,SO25,Bakool,2023-06-26,0.2635957174816235,0.2594,0.149062991371045,0.1459,0.4153723616089207,3129,0.2116022832868711,0.0978361874419222,pixel_reliability=0 AND MODLAND_QA(bits0-1)=0 AND VI range -2000..10000,MOD13Q1 V061 Terra 250m 16-day
SO2503,Tayeeglow,SO25,Bakool,2023-07-12,0.2629583333333333,0.259,0.1382838141025641,0.1365,0.331342094782955,2496,0.4002389486260454,0.0122129297756537,pixel_reliability=0 AND MODLAND_QA(bits0-1)=0 AND VI range -2000..10000,MOD13Q1 V061 Terra 250m 16-day
SO2503,Tayeeglow,SO25,Bakool,2023-07-28,0.2353882653061224,0.2347,0.1341727040816326,0.136,0.2081508031328819,1568,0.3572281959378733,0.1441656710473914,pixel_reliability=0 AND MODLAND_QA(bits0-1)=0 AND VI range -2000..10000,MOD13Q1 V061 Terra 250m 16-day
SO2503,Tayeeglow,SO25,Bakool,2023-08-13,0.233614724549378,0.2269,0.1256581111957349,0.124,0.5228992433293509,3939,0.2382848798619408,0.0116819328288862,pixel_reliability=0 AND MODLAND_QA(bits0-1)=0 AND VI range -2000..10000,MOD13Q1 V061 Terra 250m 16-day
SO2503,Tayeeglow,SO25,Bakool,2023-08-29,0.2567143610547667,0.2536,0.1283622853279242,0.128,0.9816806053365194,7395,0.0018584893136864,0.0,pixel_reliability=0 AND MODLAND_QA(bits0-1)=0 AND VI range -2000..10000,MOD13Q1 V061 Terra 250m 16-day
SO2503,Tayeeglow,SO25,Bakool,2023-09-14,0.2458498104755341,0.243,0.1325767401791868,0.1311,0.7704765697597239,5804,0.0811097836187441,0.0001327492366918,pixel_reliability=0 AND MODLAND_QA(bits0-1)=0 AND VI range -2000..10000,MOD13Q1 V061 Terra 250m 16-day
SO2503,Tayeeglow,SO25,Bakool,2023-09-30,0.3320951527924131,0.33165,0.2100464172813488,0.2087,0.2519580512412053,1898,0.4813487322447896,0.0467277313155449,pixel_reliability=0 AND MODLAND_QA(bits0-1)=0 AND VI range -2000..10000,MOD13Q1 V061 Terra 250m 16-day
SO2503,Tayeeglow,SO25,Bakool,2023-10-16,0.4357479999999999,0.4239,0.2504,0.2567,0.0033187309172972,25,0.3805920615956458,0.2773131554493561,pixel_reliability=0 AND MODLAND_QA(bits0-1)=0 AND VI range -2000..10000,MOD13Q1 V061 Terra 250m 16-day
SO2503,Tayeeglow,SO25,Bakool,2023-11-01,0.6467026635330984,0.6748000000000001,0.3473050528789659,0.3571,0.3389088012743926,2553,0.2080180538961901,0.16022832868711,pixel_reliability=0 AND MODLAND_QA(bits0-1)=0 AND VI range -2000..10000,MOD13Q1 V061 Terra 250m 16-day
SO2503,Tayeeglow,SO25,Bakool,2023-11-17,0.6629318236233042,0.6895,0.4365111133280128,0.4497,0.6653391742997478,5012,0.1286340103544404,0.0127439267224213,pixel_reliability=0 AND MODLAND_QA(bits0-1)=0 AND VI range -2000..10000,MOD13Q1 V061 Terra 250m 16-day
SO2503,Tayeeglow,SO25,Bakool,2023-12-03,0.600943921832884,0.6167,0.3495342048517521,0.3471,0.9849993362538164,7420,0.0017257400769945,0.0,pixel_reliability=0 AND MODLAND_QA(bits0-1)=0 AND VI range -2000..10000,MOD13Q1 V061 Terra 250m 16-day
SO2503,Tayeeglow,SO25,Bakool,2023-12-19,0.5301495941450433,0.5337000000000001,0.2651467598137059,0.2685,0.997610513739546,7515,0.0,0.0,pixel_reliability=0 AND MODLAND_QA(bits0-1)=0 AND VI range -2000..10000,MOD13Q1 V061 Terra 250m 16-day
SO2504,Waajid,SO25,Bakool,2023-01-01,0.2465574008384392,0.2392,0.1319186391486617,0.1281,0.9669473027751792,3101,0.0062363579669473,0.0,pixel_reliability=0 AND MODLAND_QA(bits0-1)=0 AND VI range -2000..10000,MOD13Q1 V061 Terra 250m 16-day
SO2504,Waajid,SO25,Bakool,2023-01-17,0.2127261776794183,0.2092,0.122784287069238,0.1223,0.986280012472716,3163,0.0024945431867789,0.0,pixel_reliability=0 AND MODLAND_QA(bits0-1)=0 AND VI range -2000..10000,MOD13Q1 V061 Terra 250m 16-day
SO2504,Waajid,SO25,Bakool,2023-02-02,0.2075511396468699,0.2048,0.1156527126805778,0.1162,0.9713127533520424,3115,0.0031181789834736,0.0,pixel_reliability=0 AND MODLAND_QA(bits0-1)=0 AND VI range -2000..10000,MOD13Q1 V061 Terra 250m 16-day
SO2504,Waajid,SO25,Bakool,2023-03-06,0.1999235449735449,0.1944,0.1181915343915343,0.1176,0.8250701590271281,2646,0.0576863111942625,0.0,pixel_reliability=0 AND MODLAND_QA(bits0-1)=0 AND VI range -2000..10000,MOD13Q1 V061 Terra 250m 16-day
SO2504,Waajid,SO25,Bakool,2023-03-22,0.3928359220198146,0.3719,0.2343571428571428,0.2274,0.9756782039289056,3129,0.0024945431867789,0.0,pixel_reliability=0 AND MODLAND_QA(bits0-1)=0 AND VI range -2000..10000,MOD13Q1 V061 Terra 250m 16-day
SO2504,Waajid,SO25,Bakool,2023-04-07,0.3654350658350659,0.34235,0.2307521483021483,0.2168,0.8999064546304958,2886,0.0165263486124103,0.0003118178983473,pixel_reliability=0 AND MODLAND_QA(bits0-1)=0 AND VI range -2000..10000,MOD13Q1 V061 Terra 250m 16-day
SO2504,Waajid,SO25,Bakool,2023-04-23,0.4284956807511737,0.4341,0.2695739906103286,0.2706,0.3320860617399438,1065,0.1877143748051138,0.1827252884315559,pixel_reliability=0 AND MODLAND_QA(bits0-1)=0 AND VI range -2000..10000,MOD13Q1 V061 Terra 250m 16-day
SO2504,Waajid,SO25,Bakool,2023-05-09,0.380436724081898,0.3607,0.2304015924601885,0.2224,0.9594636732148424,3077,0.0093545369504209,0.0,pixel_reliability=0 AND MODLAND_QA(bits0-1)=0 AND VI range -2000..10000,MOD13Q1 V061 Terra 250m 16-day
SO2504,Waajid,SO25,Bakool,2023-05-25,0.3098770421607378,0.298,0.1855984519104084,0.1806,0.9466791393826004,3036,0.0074836295603367,0.0,pixel_reliability=0 AND MODLAND_QA(bits0-1)=0 AND VI range -2000..10000,MOD13Q1 V061 Terra 250m 16-day
SO2504,Waajid,SO25,Bakool,2023-06-10,0.2667831488314883,0.2583,0.1590063960639606,0.1556,0.7605238540692236,2439,0.0767072029934518,0.0031181789834736,pixel_reliability=0 AND MODLAND_QA(bits0-1)=0 AND VI range -2000..10000,MOD13Q1 V061 Terra 250m 16-day
SO2504,Waajid,SO25,Bakool,2023-06-26,0.2393062772449869,0.2341,0.1415722755013077,0.1403,0.3576551294044278,1147,0.2245088868101029,0.0586217648893046,pixel_reliability=0 AND MODLAND_QA(bits0-1)=0 AND VI range -2000..10000,MOD13Q1 V061 Terra 250m 16-day
SO2504,Waajid,SO25,Bakool,2023-07-12,0.2122502024291498,0.213,0.1228793522267206,0.1228,0.0770190208917991,247,0.6888057374493296,0.0043654505768631,pixel_reliability=0 AND MODLAND_QA(bits0-1)=0 AND VI range -2000..10000,MOD13Q1 V061 Terra 250m 16-day
SO2504,Waajid,SO25,Bakool,2023-07-28,,,,,0.0,0,0.1025880885562831,0.6707202993451824,pixel_reliability=0 AND MODLAND_QA(bits0-1)=0 AND VI range -2000..10000,MOD13Q1 V061 Terra 250m 16-day
SO2504,Waajid,SO25,Bakool,2023-08-13,0.2191525718102872,0.2142,0.1218237808951235,0.122,0.9335827876520112,2994,0.0106018085438104,0.0,pixel_reliability=0 AND MODLAND_QA(bits0-1)=0 AND VI range -2000..10000,MOD13Q1 V061 Terra 250m 16-day
SO2504,Waajid,SO25,Bakool,2023-08-29,0.2196406078514141,0.2157,0.1304224989447024,0.13,0.738696601184908,2369,0.0268163392578734,0.0,pixel_reliability=0 AND MODLAND_QA(bits0-1)=0 AND VI range -2000..10000,MOD13Q1 V061 Terra 250m 16-day
SO2504,Waajid,SO25,Bakool,2023-09-14,0.2242494192581491,0.2173,0.1184668040464593,0.1177,0.8322419706891175,2669,0.0411599625818522,0.0,pixel_reliability=0 AND MODLAND_QA(bits0-1)=0 AND VI range -2000..10000,MOD13Q1 V061 Terra 250m 16-day
SO2504,Waajid,SO25,Bakool,2023-09-30,0.2122545029239766,0.2057,0.1415915789473684,0.1392,0.2666043030869972,855,0.4733395696913002,0.000935453695042,pixel_reliability=0 AND MODLAND_QA(bits0-1)=0 AND VI range -2000..10000,MOD13Q1 V061 Terra 250m 16-day
SO2504,Waajid,SO25,Bakool,2023-10-16,0.3917793592436975,0.3873,0.232941281512605,0.2353,0.5937012784533833,1904,0.1106953539133146,0.0236981602743997,pixel_reliability=0 AND MODLAND_QA(bits0-1)=0 AND VI range -2000..10000,MOD13Q1 V061 Terra 250m 16-day
SO2504,Waajid,SO25,Bakool,2023-11-01,0.6249350340136055,0.63685,0.3646751700680272,0.3775,0.0916744621141253,294,0.2659806672903024,0.2918615528531337,pixel_reliability=0 AND MODLAND_QA(bits0-1)=0 AND VI range -2000..10000,MOD13Q1 V061 Terra 250m 16-day
SO2504,Waajid,SO25,Bakool,2023-11-17,0.6012680379746835,0.60745,0.374328085443038,0.37575,0.3941378235110695,1264,0.3648269410664172,0.0043654505768631,pixel_reliability=0 AND MODLAND_QA(bits0-1)=0 AND VI range -2000..10000,MOD13Q1 V061 Terra 250m 16-day
SO2504,Waajid,SO25,Bakool,2023-12-03,0.5770656505342553,0.5792,0.3371807982401005,0.33875,0.992204552541316,3182,0.0003118178983473,0.0,pixel_reliability=0 AND MODLAND_QA(bits0-1)=0 AND VI range -2000..10000,MOD13Q1 V061 Terra 250m 16-day
SO2504,Waajid,SO25,Bakool,2023-12-19,0.4854252920745184,0.4813,0.2712550047363436,0.271,0.9875272840661052,3167,0.0012472715933894,0.0,pixel_reliability=0 AND MODLAND_QA(bits0-1)=0 AND VI range -2000..10000,MOD13Q1 V061 Terra 250m 16-day
SO2505,Rab Dhuure,SO25,Bakool,2023-01-01,0.1664386485042735,0.1634,0.0947406517094017,0.096,0.9865612648221344,3744,0.0,0.0,pixel_reliability=0 AND MODLAND_QA(bits0-1)=0 AND VI range -2000..10000,MOD13Q1 V061 Terra 250m 16-day
SO2505,Rab Dhuure,SO25,Bakool,2023-01-17,0.1559558021390374,0.1548,0.090695935828877,0.0925,0.9855072463768116,3740,0.0028985507246376,0.0,pixel_reliability=0 AND MODLAND_QA(bits0-1)=0 AND VI range -2000..10000,MOD13Q1 V061 Terra 250m 16-day
SO2505,Rab Dhuure,SO25,Bakool,2023-02-02,0.151945591456736,0.1515,0.0885550930996714,0.0915,0.9623188405797102,3652,0.0005270092226613,0.0,pixel_reliability=0 AND MODLAND_QA(bits0-1)=0 AND VI range -2000..10000,MOD13Q1 V061 Terra 250m 16-day
SO2505,Rab Dhuure,SO25,Bakool,2023-03-06,0.1447886187455954,0.1439,0.0869938689217759,0.0902,0.7478260869565218,2838,0.0748353096179183,0.0,pixel_reliability=0 AND MODLAND_QA(bits0-1)=0 AND VI range -2000..10000,MOD13Q1 V061 Terra 250m 16-day
SO2505,Rab Dhuure,SO25,Bakool,2023-03-22,0.1938132322937919,0.1828,0.1127613815214223,0.1059,0.9040843214756258,3431,0.0,0.0,pixel_reliability=0 AND MODLAND_QA(bits0-1)=0 AND VI range -2000..10000,MOD13Q1 V061 Terra 250m 16-day
SO2505,Rab Dhuure,SO25,Bakool,2023-04-07,0.1965029201101928,0.1863,0.1206277410468319,0.1156,0.9565217391304348,3630,0.0002635046113306,0.0,pixel_reliability=0 AND MODLAND_QA(bits0-1)=0 AND VI range -2000..10000,MOD13Q1 V061 Terra 250m 16-day
SO2505,Rab Dhuure,SO25,Bakool,2023-04-23,0.2746845637583892,0.2624,0.1735073825503356,0.1602,0.039262187088274,149,0.3320158102766798,0.3072463768115942,pixel_reliability=0 AND MODLAND_QA(bits0-1)=0 AND VI range -2000..10000,MOD13Q1 V061 Terra 250m 16-day
SO2505,Rab Dhuure,SO25,Bakool,2023-05-09,0.2584999729217438,0.2506,0.1563217167614405,0.1521,0.9731225296442688,3693,0.0089591567852437,0.0,pixel_reliability=0 AND MODLAND_QA(bits0-1)=0 AND VI range -2000..10000,MOD13Q1 V061 Terra 250m 16-day
SO2505,Rab Dhuure,SO25,Bakool,2023-05-25,0.2113342800340812,0.2025,0.127392587333144,0.1228,0.9277997364953888,3521,0.0255599472990777,0.0,pixel_reliability=0 AND MODLAND_QA(bits0-1)=0 AND VI range -2000..10000,MOD13Q1 V061 Terra 250m 16-day
SO2505,Rab Dhuure,SO25,Bakool,2023-06-10,0.1912706464764123,0.1858,0.1181457192778101,0.1139,0.4524374176548089,1717,0.2081686429512516,0.0147562582345191,pixel_reliability=0 AND MODLAND_QA(bits0-1)=0 AND VI range -2000..10000,MOD13Q1 V061 Terra 250m 16-day
SO2505,Rab Dhuure,SO25,Bakool,2023-06-26,0.1518654054054054,0.14795,0.1017337837837837,0.1004,0.0974967061923583,370,0.4350461133069829,0.1306982872200263,pixel_reliability=0 AND MODLAND_QA(bits0-1)=0 AND VI range -2000..10000,MOD13Q1 V061 Terra 250m 16-day
SO2505,Rab Dhuure,SO25,Bakool,2023-07-12,0.15715,0.146,0.1052055555555555,0.0994,0.0047430830039525,18,0.9610013175230566,0.0052700922266139,pixel_reliability=0 AND MODLAND_QA(bits0-1)=0 AND VI range -2000..10000,MOD13Q1 V061 Terra 250m 16-day
SO2505,Rab Dhuure,SO25,Bakool,2023-07-28,,,,,0.0,0,0.1662714097496706,0.5246376811594203,pixel_reliability=0 AND MODLAND_QA(bits0-1)=0 AND VI range -2000..10000,MOD13Q1 V061 Terra 250m 16-day
SO2505,Rab Dhuure,SO25,Bakool,2023-08-13,0.1563937990793393,0.1555,0.0937298131600325,0.0958,0.9731225296442688,3693,0.0010540184453227,0.0,pixel_reliability=0 AND MODLAND_QA(bits0-1)=0 AND VI range -2000..10000,MOD13Q1 V061 Terra 250m 16-day
SO2505,Rab Dhuure,SO25,Bakool,2023-08-29,0.1538096083788706,0.1526,0.0938969034608378,0.0949,0.5786561264822134,2196,0.0102766798418972,0.0,pixel_reliability=0 AND MODLAND_QA(bits0-1)=0 AND VI range -2000..10000,MOD13Q1 V061 Terra 250m 16-day
SO2505,Rab Dhuure,SO25,Bakool,2023-09-14,0.1533334314687602,0.1513,0.0853324174026823,0.088,0.8055335968379447,3057,0.0250329380764163,0.0,pixel_reliability=0 AND MODLAND_QA(bits0-1)=0 AND VI range -2000..10000,MOD13Q1 V061 Terra 250m 16-day
SO2505,Rab Dhuure,SO25,Bakool,2023-09-30,0.1699077419354838,0.1609,0.1082563440860215,0.1031,0.1225296442687747,465,0.6490118577075099,0.0036890645586297,pixel_reliability=0 AND MODLAND_QA(bits0-1)=0 AND VI range -2000..10000,MOD13Q1 V061 Terra 250m 16-day
SO2505,Rab Dhuure,SO25,Bakool,2023-10-16,0.2496916974169741,0.24225,0.1395291512915129,0.1343,0.2856389986824769,1084,0.1783926218708827,0.2376811594202898,pixel_reliability=0 AND MODLAND_QA(bits0-1)=0 AND VI range -2000..10000,MOD13Q1 V061 Terra 250m 16-day
SO2505,Rab Dhuure,SO25,Bakool,2023-11-01,0.4711882352941176,0.4919,0.256335294117647,0.263,0.0223978919631093,85,0.3370223978919631,0.3175230566534914,pixel_reliability=0 AND MODLAND_QA(bits0-1)=0 AND VI range -2000..10000,MOD13Q1 V061 Terra 250m 16-day
SO2505,Rab Dhuure,SO25,Bakool,2023-11-17,0.4855232232591528,0.49695,0.2934266690595836,0.2955,0.7341238471673255,2786,0.1093544137022397,0.0,pixel_reliability=0 AND MODLAND_QA(bits0-1)=0 AND VI range -2000..10000,MOD13Q1 V061 Terra 250m 16-day
SO2505,Rab Dhuure,SO25,Bakool,2023-12-03,0.5043023461219983,0.51,0.306857493789677,0.3104,0.95467720685112,3623,0.0042160737812911,0.0002635046113306,pixel_reliability=0 AND MODLAND_QA(bits0-1)=0 AND VI range -2000..10000,MOD13Q1 V061 Terra 250m 16-day
SO2505,Rab Dhuure,SO25,Bakool,2023-12-19,0.4474926842388381,0.4449,0.2686470414201183,0.2685,0.9797101449275364,3718,0.0021080368906455,0.0,pixel_reliability=0 AND MODLAND_QA(bits0-1)=0 AND VI range -2000..10000,MOD13Q1 V061 Terra 250m 16-day
SO2601,Garbahaarey,SO26,Gedo,2023-01-01,0.2239167947652679,0.2208,0.1257666805151641,0.1253,0.9790522676428716,9628,0.0009151921903599,0.0,pixel_reliability=0 AND MODLAND_QA(bits0-1)=0 AND VI range -2000..10000,MOD13Q1 V061 Terra 250m 16-day
SO2601,Garbahaarey,SO26,Gedo,2023-01-17,0.2146990584583548,0.2143,0.1192104190377651,0.1195,0.9828147244254628,9665,0.0012202562538133,0.0,pixel_reliability=0 AND MODLAND_QA(bits0-1)=0 AND VI range -2000..10000,MOD13Q1 V061 Terra 250m 16-day
SO2601,Garbahaarey,SO26,Gedo,2023-02-02,0.2077542253521127,0.2077,0.1205724834299917,0.1213,0.9818995322351028,9656,0.0003050640634533,0.0,pixel_reliability=0 AND MODLAND_QA(bits0-1)=0 AND VI range -2000..10000,MOD13Q1 V061 Terra 250m 16-day
SO2601,Garbahaarey,SO26,Gedo,2023-03-06,0.2229636469764184,0.2156,0.1224090473966845,0.1209,0.8710595891803945,8566,0.0253203172666259,0.0,pixel_reliability=0 AND MODLAND_QA(bits0-1)=0 AND VI range -2000..10000,MOD13Q1 V061 Terra 250m 16-day
SO2601,Garbahaarey,SO26,Gedo,2023-03-22,0.3299285915340478,0.3149,0.1991906679657897,0.1914,0.9392922513727884,9237,0.0002033760423022,0.0,pixel_reliability=0 AND MODLAND_QA(bits0-1)=0 AND VI range -2000..10000,MOD13Q1 V061 Terra 250m 16-day
SO2601,Garbahaarey,SO26,Gedo,2023-04-07,0.3886302741812643,0.3694,0.2210797410510282,0.21255,0.2670327435428106,2626,0.2591010778930242,0.1551759202765914,pixel_reliability=0 AND MODLAND_QA(bits0-1)=0 AND VI range -2000..10000,MOD13Q1 V061 Terra 250m 16-day
SO2601,Garbahaarey,SO26,Gedo,2023-04-23,0.461826215895611,0.4627,0.2833103202846975,0.2829,0.0857230018303843,843,0.4223103518405531,0.1373805165751474,pixel_reliability=0 AND MODLAND_QA(bits0-1)=0 AND VI range -2000..10000,MOD13Q1 V061 Terra 250m 16-day
SO2601,Garbahaarey,SO26,Gedo,2023-05-09,0.405557534094689,0.3875,0.2532301252910522,0.2388,0.9171242627618468,9019,0.0110839943054708,0.0,pixel_reliability=0 AND MODLAND_QA(bits0-1)=0 AND VI range -2000..10000,MOD13Q1 V061 Terra 250m 16-day
SO2601,Garbahaarey,SO26,Gedo,2023-05-25,0.3098005690072639,0.2936,0.1849034745762711,0.1754,0.8399430547081553,8260,0.0227781167378482,0.0001016880211511,pixel_reliability=0 AND MODLAND_QA(bits0-1)=0 AND VI range -2000..10000,MOD13Q1 V061 Terra 250m 16-day
SO2601,Garbahaarey,SO26,Gedo,2023-06-10,0.2937628672845593,0.2826,0.1805400709919148,0.1742,0.5156599552572707,5071,0.1422615415904006,0.0129143786861907,pixel_reliability=0 AND MODLAND_QA(bits0-1)=0 AND VI range -2000..10000,MOD13Q1 V061 Terra 250m 16-day
SO2601,Garbahaarey,SO26,Gedo,2023-06-26,0.2345855518394649,0.22,0.1534965886287625,0.143,0.152023591620907,1495,0.2004270896888346,0.3722798454342078,pixel_reliability=0 AND MODLAND_QA(bits0-1)=0 AND VI range -2000..10000,MOD13Q1 V061 Terra 250m 16-day
SO2601,Garbahaarey,SO26,Gedo,2023-07-12,0.2341681065088757,0.2278,0.1444557396449704,0.13985,0.1718527557453732,1690,0.4469188529591214,0.0326418547895058,pixel_reliability=0 AND MODLAND_QA(bits0-1)=0 AND VI range -2000..10000,MOD13Q1 V061 Terra 250m 16-day
SO2601,Garbahaarey,SO26,Gedo,2023-07-28,0.2149450704225352,0.211,0.1280478873239436,0.12465,0.0144396990034573,142,0.5006101281269066,0.2356111450071181,pixel_reliability=0 AND MODLAND_QA(bits0-1)=0 AND VI range -2000..10000,MOD13Q1 V061 Terra 250m 16-day
SO2601,Garbahaarey,SO26,Gedo,2023-08-13,0.2310970349563046,0.2269,0.1341377028714107,0.1319,0.6516168395363027,6408,0.0756558877364246,0.0,pixel_reliability=0 AND MODLAND_QA(bits0-1)=0 AND VI range -2000..10000,MOD13Q1 V061 Terra 250m 16-day
SO2601,Garbahaarey,SO26,Gedo,2023-08-29,0.2218127070112985,0.2176,0.135823665067327,0.1334,0.6570063046573114,6461,0.0295912141549725,0.0,pixel_reliability=0 AND MODLAND_QA(bits0-1)=0 AND VI range -2000..10000,MOD13Q1 V061 Terra 250m 16-day
SO2601,Garbahaarey,SO26,Gedo,2023-09-14,0.2260865838113448,0.2243,0.1279093849585723,0.1261,0.6381940207443563,6276,0.1432784218019117,0.0,pixel_reliability=0 AND MODLAND_QA(bits0-1)=0 AND VI range -2000..10000,MOD13Q1 V061 Terra 250m 16-day
SO2601,Garbahaarey,SO26,Gedo,2023-09-30,0.2447133851468048,0.2392,0.150244127806563,0.1461,0.235509456985967,2316,0.493390278625178,0.0005084401057555,pixel_reliability=0 AND MODLAND_QA(bits0-1)=0 AND VI range -2000..10000,MOD13Q1 V061 Terra 250m 16-day
SO2601,Garbahaarey,SO26,Gedo,2023-10-16,0.3737701928227103,0.35665,0.2161018478843064,0.208,0.3797030709782387,3734,0.2337807606263982,0.0649786455155582,pixel_reliability=0 AND MODLAND_QA(bits0-1)=0 AND VI range -2000..10000,MOD13Q1 V061 Terra 250m 16-day
SO2601,Garbahaarey,SO26,Gedo,2023-11-01,0.4531585185185185,0.463,0.2719725925925926,0.2763,0.0137278828553996,135,0.4210900955867399,0.2507626601586333,pixel_reliability=0 AND MODLAND_QA(bits0-1)=0 AND VI range -2000..10000,MOD13Q1 V061 Terra 250m 16-day
SO2601,Garbahaarey,SO26,Gedo,2023-11-17,0.5602807453416149,0.5587,0.3448312629399586,0.348,0.0491153142159853,483,0.8501118568232662,0.0140329469188529,pixel_reliability=0 AND MODLAND_QA(bits0-1)=0 AND VI range -2000..10000,MOD13Q1 V061 Terra 250m 16-day
SO2601,Garbahaarey,SO26,Gedo,2023-12-03,0.5657387101210122,0.5702,0.3457257700770077,0.3467,0.7394752898108603,7272,0.097620500305064,0.0,pixel_reliability=0 AND MODLAND_QA(bits0-1)=0 AND VI range -2000..10000,MOD13Q1 V061 Terra 250m 16-day
SO2601,Garbahaarey,SO26,Gedo,2023-12-19,0.4968660155844155,0.4937,0.289408425974026,0.2881,0.9787472035794184,9625,0.002847264592231,0.0,pixel_reliability=0 AND MODLAND_QA(bits0-1)=0 AND VI range -2000..10000,MOD13Q1 V061 Terra 250m 16-day
SO2602,Baardheere,SO26,Gedo,2023-01-01,0.257321249061182,0.2563,0.1498924085735744,0.1471,0.9769161304887684,17309,0.0036685856191443,0.0,pixel_reliability=0 AND MODLAND_QA(bits0-1)=0 AND VI range -2000..10000,MOD13Q1 V061 Terra 250m 16-day
SO2602,Baardheere,SO26,Gedo,2023-01-17,0.2431350154780678,0.2429,0.1382859821272122,0.1358,0.966305452082628,17121,0.0083530872558979,0.0,pixel_reliability=0 AND MODLAND_QA(bits0-1)=0 AND VI range -2000..10000,MOD13Q1 V061 Terra 250m 16-day
SO2602,Baardheere,SO26,Gedo,2023-02-02,0.2238146111366774,0.2256,0.1331450126553152,0.1318,0.9811491138954735,17384,0.0024833502652669,0.0,pixel_reliability=0 AND MODLAND_QA(bits0-1)=0 AND VI range -2000..10000,MOD13Q1 V061 Terra 250m 16-day
SO2602,Baardheere,SO26,Gedo,2023-03-06,0.216535343035343,0.2145,0.1316429074044458,0.13125,0.7058358731233774,12506,0.1109606050344282,0.0010723557963652,pixel_reliability=0 AND MODLAND_QA(bits0-1)=0 AND VI range -2000..10000,MOD13Q1 V061 Terra 250m 16-day
SO2602,Baardheere,SO26,Gedo,2023-03-22,0.3277898708583355,0.3188,0.2103718888599008,0.2037,0.8653346878880235,15332,0.0263573766790834,0.0013545546901456,pixel_reliability=0 AND MODLAND_QA(bits0-1)=0 AND VI range -2000..10000,MOD13Q1 V061 Terra 250m 16-day
SO2602,Baardheere,SO26,Gedo,2023-04-07,0.4246884020618556,0.4163,0.2463020618556701,0.24275,0.0437972683147082,776,0.2934304097527938,0.3318094593069195,pixel_reliability=0 AND MODLAND_QA(bits0-1)=0 AND VI range -2000..10000,MOD13Q1 V061 Terra 250m 16-day
SO2602,Baardheere,SO26,Gedo,2023-04-23,0.4546718354430379,0.4466,0.2760325949367089,0.27365,0.0178349700869172,316,0.3149339654588554,0.3612145840388305,pixel_reliability=0 AND MODLAND_QA(bits0-1)=0 AND VI range -2000..10000,MOD13Q1 V061 Terra 250m 16-day
SO2602,Baardheere,SO26,Gedo,2023-05-09,0.4280773706004142,0.42105,0.2644260766045549,0.2561,0.5452082627836099,9660,0.2457387967039169,0.0030477480528276,pixel_reliability=0 AND MODLAND_QA(bits0-1)=0 AND VI range -2000..10000,MOD13Q1 V061 Terra 250m 16-day
SO2602,Baardheere,SO26,Gedo,2023-05-25,0.3644472340425532,0.3534,0.2281825531914893,0.2111,0.0397900440230274,705,0.4478496444293938,0.1447115927305565,pixel_reliability=0 AND MODLAND_QA(bits0-1)=0 AND VI range -2000..10000,MOD13Q1 V061 Terra 250m 16-day
SO2602,Baardheere,SO26,Gedo,2023-06-10,0.3079688009787928,0.3039,0.19141181348559,0.1846,0.4151710125296309,7356,0.259227903826617,0.0607292019415283,pixel_reliability=0 AND MODLAND_QA(bits0-1)=0 AND VI range -2000..10000,MOD13Q1 V061 Terra 250m 16-day
SO2602,Baardheere,SO26,Gedo,2023-06-26,0.2830384615384615,0.2834,0.1774615384615385,0.179,0.0007337171238288,13,0.1738909583474432,0.5873123377356361,pixel_reliability=0 AND MODLAND_QA(bits0-1)=0 AND VI range -2000..10000,MOD13Q1 V061 Terra 250m 16-day
SO2602,Baardheere,SO26,Gedo,2023-07-12,0.2616013157894737,0.25105,0.1662315789473684,0.1638,0.0042894231854611,76,0.4059713285923919,0.2623320916582007,pixel_reliability=0 AND MODLAND_QA(bits0-1)=0 AND VI range -2000..10000,MOD13Q1 V061 Terra 250m 16-day
SO2602,Baardheere,SO26,Gedo,2023-07-28,0.2387363636363636,0.2369,0.1507954545454545,0.14915,0.0049667005305339,88,0.2661699966136133,0.4862851337622756,pixel_reliability=0 AND MODLAND_QA(bits0-1)=0 AND VI range -2000..10000,MOD13Q1 V061 Terra 250m 16-day
SO2602,Baardheere,SO26,Gedo,2023-08-13,0.2572039109039109,0.2563,0.162188344988345,0.1615,0.2179139857771757,3861,0.499153403318659,0.0291229258381307,pixel_reliability=0 AND MODLAND_QA(bits0-1)=0 AND VI range -2000..10000,MOD13Q1 V061 Terra 250m 16-day
SO2602,Baardheere,SO26,Gedo,2023-08-29,0.2369420947298198,0.2376,0.1432138092061374,0.1429,0.0846032283553448,1499,0.5135455469014562,0.089795688000903,pixel_reliability=0 AND MODLAND_QA(bits0-1)=0 AND VI range -2000..10000,MOD13Q1 V061 Terra 250m 16-day
SO2602,Baardheere,SO26,Gedo,2023-09-14,0.2435382978723404,0.2443,0.1389011820330969,0.1383,0.0716220792414493,1269,0.6835421605147308,0.0612371599503329,pixel_reliability=0 AND MODLAND_QA(bits0-1)=0 AND VI range -2000..10000,MOD13Q1 V061 Terra 250m 16-day
SO2602,Baardheere,SO26,Gedo,2023-09-30,0.2341791443850267,0.2308,0.1364435828877005,0.12925,0.0211084772547691,374,0.7628400496670054,0.0728073145953267,pixel_reliability=0 AND MODLAND_QA(bits0-1)=0 AND VI range -2000..10000,MOD13Q1 V061 Terra 250m 16-day
SO2602,Baardheere,SO26,Gedo,2023-10-16,0.4512625806451613,0.4558,0.2810042064516129,0.2773,0.2187041426797606,3875,0.1861383903375098,0.2577040298002032,pixel_reliability=0 AND MODLAND_QA(bits0-1)=0 AND VI range -2000..10000,MOD13Q1 V061 Terra 250m 16-day
SO2602,Baardheere,SO26,Gedo,2023-11-01,0.5477835922330098,0.5561,0.3139703883495146,0.30795,0.0581329721187492,1030,0.3812507054972344,0.2245738796703917,pixel_reliability=0 AND MODLAND_QA(bits0-1)=0 AND VI range -2000..10000,MOD13Q1 V061 Terra 250m 16-day
SO2602,Baardheere,SO26,Gedo,2023-11-17,0.5751393700787403,0.5698,0.3769811023622048,0.3639,0.0071678519020205,127,0.5295180042894232,0.2471497911728186,pixel_reliability=0 AND MODLAND_QA(bits0-1)=0 AND VI range -2000..10000,MOD13Q1 V061 Terra 250m 16-day
SO2602,Baardheere,SO26,Gedo,2023-12-03,0.5928183231805065,0.5943,0.3711871112536069,0.369,0.7041426797606953,12476,0.0954396658765097,0.0,pixel_reliability=0 AND MODLAND_QA(bits0-1)=0 AND VI range -2000..10000,MOD13Q1 V061 Terra 250m 16-day
SO2602,Baardheere,SO26,Gedo,2023-12-19,0.5691723652550529,0.5783,0.3480597449470645,0.3492,0.9382548820408624,16624,0.0128682695563833,0.0,pixel_reliability=0 AND MODLAND_QA(bits0-1)=0 AND VI range -2000..10000,MOD13Q1 V061 Terra 250m 16-day
SO2603,Belet Xaawo,SO26,Gedo,2023-01-01,0.2238903950953678,0.229,0.1218290190735695,0.1223,0.9988659559990928,4404,0.0,0.0,pixel_reliability=0 AND MODLAND_QA(bits0-1)=0 AND VI range -2000..10000,MOD13Q1 V061 Terra 250m 16-day
SO2603,Belet Xaawo,SO26,Gedo,2023-01-17,0.2181547667804323,0.2232,0.1170253924914675,0.1175,0.9968246767974598,4395,0.0002268088001814,0.0,pixel_reliability=0 AND MODLAND_QA(bits0-1)=0 AND VI range -2000..10000,MOD13Q1 V061 Terra 250m 16-day
SO2603,Belet Xaawo,SO26,Gedo,2023-02-02,0.2134435926513948,0.2187,0.1182452937173962,0.1184,1.0,4409,0.0,0.0,pixel_reliability=0 AND MODLAND_QA(bits0-1)=0 AND VI range -2000..10000,MOD13Q1 V061 Terra 250m 16-day
SO2603,Belet Xaawo,SO26,Gedo,2023-03-06,0.2281028026581913,0.2304,0.1206950014446691,0.121,0.7849852574279882,3461,0.0698571104558856,0.0,pixel_reliability=0 AND MODLAND_QA(bits0-1)=0 AND VI range -2000..10000,MOD13Q1 V061 Terra 250m 16-day
SO2603,Belet Xaawo,SO26,Gedo,2023-03-22,0.3311991073472191,0.3361,0.1916037537193866,0.1892,0.990927647992742,4369,0.0002268088001814,0.0,pixel_reliability=0 AND MODLAND_QA(bits0-1)=0 AND VI range -2000..10000,MOD13Q1 V061 Terra 250m 16-day
SO2603,Belet Xaawo,SO26,Gedo,2023-04-07,0.4354658450704226,0.45565,0.2332874999999999,0.2351,0.1288273985030619,568,0.254706282603765,0.2987071898389657,pixel_reliability=0 AND MODLAND_QA(bits0-1)=0 AND VI range -2000..10000,MOD13Q1 V061 Terra 250m 16-day
SO2603,Belet Xaawo,SO26,Gedo,2023-04-23,0.404874074074074,0.4016,0.2344273307790549,0.227,0.177591290542073,783,0.2388296665910637,0.2429122249943297,pixel_reliability=0 AND MODLAND_QA(bits0-1)=0 AND VI range -2000..10000,MOD13Q1 V061 Terra 250m 16-day
SO2603,Belet Xaawo,SO26,Gedo,2023-05-09,0.4046295846490163,0.4014,0.2487065824629585,0.2447,0.9337718303470176,4117,0.0083919256067135,0.0,pixel_reliability=0 AND MODLAND_QA(bits0-1)=0 AND VI range -2000..10000,MOD13Q1 V061 Terra 250m 16-day
SO2603,Belet Xaawo,SO26,Gedo,2023-05-25,0.3119352551984877,0.30745,0.1759647684310019,0.1709,0.959854842367884,4232,0.0045361760036289,0.0,pixel_reliability=0 AND MODLAND_QA(bits0-1)=0 AND VI range -2000..10000,MOD13Q1 V061 Terra 250m 16-day
SO2603,Belet Xaawo,SO26,Gedo,2023-06-10,0.2726619214586255,0.27,0.1551761220196353,0.1511,0.646858698117487,2852,0.085280108868224,0.0058970288047176,pixel_reliability=0 AND MODLAND_QA(bits0-1)=0 AND VI range -2000..10000,MOD13Q1 V061 Terra 250m 16-day
SO2603,Belet Xaawo,SO26,Gedo,2023-06-26,0.231195931477516,0.2322,0.1456037830121342,0.1454,0.3177591290542073,1401,0.3154910410523928,0.1272397369017918,pixel_reliability=0 AND MODLAND_QA(bits0-1)=0 AND VI range -2000..10000,MOD13Q1 V061 Terra 250m 16-day
SO2603,Belet Xaawo,SO26,Gedo,2023-07-12,0.2279435745937961,0.2298,0.1322658788774003,0.1315,0.1535495577228396,677,0.4059877523247902,0.0646405080517124,pixel_reliability=0 AND MODLAND_QA(bits0-1)=0 AND VI range -2000..10000,MOD13Q1 V061 Terra 250m 16-day
SO2603,Belet Xaawo,SO26,Gedo,2023-07-28,0.2191574468085106,0.2206,0.1296340425531915,0.1285,0.010660013608528,47,0.5466092084372873,0.2379224313903379,pixel_reliability=0 AND MODLAND_QA(bits0-1)=0 AND VI range -2000..10000,MOD13Q1 V061 Terra 250m 16-day
SO2603,Belet Xaawo,SO26,Gedo,2023-08-13,0.2367736679753225,0.2388,0.130207992148065,0.1296,0.8088001814470401,3566,0.0235881152188704,0.0,pixel_reliability=0 AND MODLAND_QA(bits0-1)=0 AND VI range -2000..10000,MOD13Q1 V061 Terra 250m 16-day
SO2603,Belet Xaawo,SO26,Gedo,2023-08-29,0.2325537093377018,0.2359,0.1251405335829628,0.1248,0.9691540031753232,4273,0.0049897936039918,0.0,pixel_reliability=0 AND MODLAND_QA(bits0-1)=0 AND VI range -2000..10000,MOD13Q1 V061 Terra 250m 16-day
SO2603,Belet Xaawo,SO26,Gedo,2023-09-14,0.2310803921568627,0.2339,0.1294506695361071,0.1292,0.9485144023588116,4182,0.0027217056021773,0.0,pixel_reliability=0 AND MODLAND_QA(bits0-1)=0 AND VI range -2000..10000,MOD13Q1 V061 Terra 250m 16-day
SO2603,Belet Xaawo,SO26,Gedo,2023-09-30,0.2473516349809886,0.2459,0.1420601520912547,0.139,0.5965071444772058,2630,0.1054660920843728,0.0045361760036289,pixel_reliability=0 AND MODLAND_QA(bits0-1)=0 AND VI range -2000..10000,MOD13Q1 V061 Terra 250m 16-day
SO2603,Belet Xaawo,SO26,Gedo,2023-10-16,0.333805764075067,0.30925,0.1948635388739946,0.17985,0.1691993649353595,746,0.2934905874347924,0.1145384440916307,pixel_reliability=0 AND MODLAND_QA(bits0-1)=0 AND VI range -2000..10000,MOD13Q1 V061 Terra 250m 16-day
SO2603,Belet Xaawo,SO26,Gedo,2023-11-01,0.5240787037037037,0.52155,0.3248884259259259,0.32725,0.0489907008391925,216,0.2916761170333409,0.3030165570424132,pixel_reliability=0 AND MODLAND_QA(bits0-1)=0 AND VI range -2000..10000,MOD13Q1 V061 Terra 250m 16-day
SO2603,Belet Xaawo,SO26,Gedo,2023-11-17,0.5772600688468158,0.5841000000000001,0.3727870051635111,0.3766,0.2635518258108414,1162,0.3823996371059197,0.0528464504422771,pixel_reliability=0 AND MODLAND_QA(bits0-1)=0 AND VI range -2000..10000,MOD13Q1 V061 Terra 250m 16-day
SO2603,Belet Xaawo,SO26,Gedo,2023-12-03,0.5905815108293714,0.5994,0.3596264659270998,0.3498,0.4293490587434792,1893,0.1753232025402585,0.0,pixel_reliability=0 AND MODLAND_QA(bits0-1)=0 AND VI range -2000..10000,MOD13Q1 V061 Terra 250m 16-day
SO2603,Belet Xaawo,SO26,Gedo,2023-12-19,0.5202583125425267,0.5303,0.3061244046268995,0.3063,1.0,4409,0.0,0.0,pixel_reliability=0 AND MODLAND_QA(bits0-1)=0 AND VI range -2000..10000,MOD13Q1 V061 Terra 250m 16-day
SO2604,Ceel Waaq,SO26,Gedo,2023-01-01,0.2565577370500439,0.251,0.1369513608428446,0.1342,0.9833800992877184,9112,0.002913878696309,0.0,pixel_reliability=0 AND MODLAND_QA(bits0-1)=0 AND VI range -2000..10000,MOD13Q1 V061 Terra 250m 16-day
SO2604,Ceel Waaq,SO26,Gedo,2023-01-17,0.2437395555555555,0.2393,0.1275084,0.1255,0.9712928987696956,9000,0.0066911288581912,0.0,pixel_reliability=0 AND MODLAND_QA(bits0-1)=0 AND VI range -2000..10000,MOD13Q1 V061 Terra 250m 16-day
SO2604,Ceel Waaq,SO26,Gedo,2023-02-02,0.2318462050163577,0.2302,0.1247158124318429,0.123,0.9896395424131232,9170,0.0014029786315562,0.0,pixel_reliability=0 AND MODLAND_QA(bits0-1)=0 AND VI range -2000..10000,MOD13Q1 V061 Terra 250m 16-day
SO2604,Ceel Waaq,SO26,Gedo,2023-03-06,0.2449905893358279,0.2348,0.1321452011225444,0.1288,0.5768400604360026,5345,0.1753723289445284,0.0,pixel_reliability=0 AND MODLAND_QA(bits0-1)=0 AND VI range -2000..10000,MOD13Q1 V061 Terra 250m 16-day
SO2604,Ceel Waaq,SO26,Gedo,2023-03-22,0.3770721039134798,0.3654,0.2255934998327572,0.2236,0.9679473343406,8969,0.0071228145909777,0.0,pixel_reliability=0 AND MODLAND_QA(bits0-1)=0 AND VI range -2000..10000,MOD13Q1 V061 Terra 250m 16-day
SO2604,Ceel Waaq,SO26,Gedo,2023-04-07,0.5087140337986774,0.5081,0.2735110947832476,0.2717,0.1468810705806173,1361,0.3276494711849773,0.2018130800777034,pixel_reliability=0 AND MODLAND_QA(bits0-1)=0 AND VI range -2000..10000,MOD13Q1 V061 Terra 250m 16-day
SO2604,Ceel Waaq,SO26,Gedo,2023-04-23,0.5994296296296296,0.6167,0.3556999999999999,0.3499,0.002913878696309,27,0.3462119576947982,0.3321821713792359,pixel_reliability=0 AND MODLAND_QA(bits0-1)=0 AND VI range -2000..10000,MOD13Q1 V061 Terra 250m 16-day
SO2604,Ceel Waaq,SO26,Gedo,2023-05-09,0.5132682855471036,0.5143500000000001,0.3111804271503803,0.3099,0.368875458666091,3418,0.5049643859270451,0.0,pixel_reliability=0 AND MODLAND_QA(bits0-1)=0 AND VI range -2000..10000,MOD13Q1 V061 Terra 250m 16-day
SO2604,Ceel Waaq,SO26,Gedo,2023-05-25,0.3803845597104945,0.3699,0.2251178528347406,0.2179,0.2684006043600259,2487,0.3892726095402547,0.0405784588819339,pixel_reliability=0 AND MODLAND_QA(bits0-1)=0 AND VI range -2000..10000,MOD13Q1 V061 Terra 250m 16-day
SO2604,Ceel Waaq,SO26,Gedo,2023-06-10,0.3201767567567568,0.3133,0.1888517567567568,0.1838,0.0798618605655083,740,0.4117202676451543,0.1395424131232462,pixel_reliability=0 AND MODLAND_QA(bits0-1)=0 AND VI range -2000..10000,MOD13Q1 V061 Terra 250m 16-day
SO2604,Ceel Waaq,SO26,Gedo,2023-06-26,,,,,0.0,0,0.0964817612777897,0.7139002805957263,pixel_reliability=0 AND MODLAND_QA(bits0-1)=0 AND VI range -2000..10000,MOD13Q1 V061 Terra 250m 16-day
SO2604,Ceel Waaq,SO26,Gedo,2023-07-12,0.2665333333333333,0.2661,0.1759666666666667,0.178,0.0003237642995898,3,0.3287286855169437,0.3669328728685517,pixel_reliability=0 AND MODLAND_QA(bits0-1)=0 AND VI range -2000..10000,MOD13Q1 V061 Terra 250m 16-day
SO2604,Ceel Waaq,SO26,Gedo,2023-07-28,0.2583666666666667,0.24265,0.1550833333333333,0.13955,0.0006475285991797,6,0.2435786747248003,0.551154759335204,pixel_reliability=0 AND MODLAND_QA(bits0-1)=0 AND VI range -2000..10000,MOD13Q1 V061 Terra 250m 16-day
SO2604,Ceel Waaq,SO26,Gedo,2023-08-13,0.2718198735475051,0.2685,0.1609970437457279,0.1591,0.6315562270666955,5852,0.0410101446147204,0.0,pixel_reliability=0 AND MODLAND_QA(bits0-1)=0 AND VI range -2000..10000,MOD13Q1 V061 Terra 250m 16-day
SO2604,Ceel Waaq,SO26,Gedo,2023-08-29,0.2586602568613653,0.2568,0.1360200387051372,0.1346,0.6134254262896611,5684,0.1724584502482193,0.0088495575221238,pixel_reliability=0 AND MODLAND_QA(bits0-1)=0 AND VI range -2000..10000,MOD13Q1 V061 Terra 250m 16-day
SO2604,Ceel Waaq,SO26,Gedo,2023-09-14,0.2529477823332091,0.2506,0.13808816623183,0.1369,0.5791064105331318,5366,0.2435786747248003,0.0100366932872868,pixel_reliability=0 AND MODLAND_QA(bits0-1)=0 AND VI range -2000..10000,MOD13Q1 V061 Terra 250m 16-day
SO2604,Ceel Waaq,SO26,Gedo,2023-09-30,0.2765187258687258,0.2708,0.1537604633204633,0.1511,0.279516511979279,2590,0.4446363047701273,0.0085257932225339,pixel_reliability=0 AND MODLAND_QA(bits0-1)=0 AND VI range -2000..10000,MOD13Q1 V061 Terra 250m 16-day
SO2604,Ceel Waaq,SO26,Gedo,2023-10-16,0.5160419679905158,0.5187,0.3006100770598696,0.2974,0.1820634578027196,1687,0.2324627671055471,0.2200518022879344,pixel_reliability=0 AND MODLAND_QA(bits0-1)=0 AND VI range -2000..10000,MOD13Q1 V061 Terra 250m 16-day
SO2604,Ceel Waaq,SO26,Gedo,2023-11-01,0.6075490519877677,0.6111,0.3352634250764526,0.3345,0.1764515432764947,1635,0.4397798402762788,0.0659399956831426,pixel_reliability=0 AND MODLAND_QA(bits0-1)=0 AND VI range -2000..10000,MOD13Q1 V061 Terra 250m 16-day
SO2604,Ceel Waaq,SO26,Gedo,2023-11-17,0.6144353831598866,0.615,0.4004759697256386,0.4006,0.1140729548888409,1057,0.4756097560975609,0.2044031944744226,pixel_reliability=0 AND MODLAND_QA(bits0-1)=0 AND VI range -2000..10000,MOD13Q1 V061 Terra 250m 16-day
SO2604,Ceel Waaq,SO26,Gedo,2023-12-03,0.6340690667859273,0.6376000000000001,0.379979427549195,0.3792,0.7239369738830131,6708,0.077595510468379,0.0,pixel_reliability=0 AND MODLAND_QA(bits0-1)=0 AND VI range -2000..10000,MOD13Q1 V061 Terra 250m 16-day
SO2604,Ceel Waaq,SO26,Gedo,2023-12-19,0.6014069667145858,0.6047,0.3507191308194183,0.3505,0.9759335203971508,9043,0.004101014461472,0.0,pixel_reliability=0 AND MODLAND_QA(bits0-1)=0 AND VI range -2000..10000,MOD13Q1 V061 Terra 250m 16-day
SO2605,Doolow,SO26,Gedo,2023-01-01,0.167386215932914,0.15635,0.1019816561844863,0.0957,0.9927159209157128,1908,0.0,0.0,pixel_reliability=0 AND MODLAND_QA(bits0-1)=0 AND VI range -2000..10000,MOD13Q1 V061 Terra 250m 16-day
SO2605,Doolow,SO26,Gedo,2023-01-17,0.16457,0.15405,0.0994431746031746,0.0934,0.9833506763787722,1890,0.0020811654526534,0.0,pixel_reliability=0 AND MODLAND_QA(bits0-1)=0 AND VI range -2000..10000,MOD13Q1 V061 Terra 250m 16-day
SO2605,Doolow,SO26,Gedo,2023-02-02,0.1636185028993147,0.1539,0.1021236689509752,0.0968,0.9869927159209158,1897,0.0010405827263267,0.0,pixel_reliability=0 AND MODLAND_QA(bits0-1)=0 AND VI range -2000..10000,MOD13Q1 V061 Terra 250m 16-day
SO2605,Doolow,SO26,Gedo,2023-03-06,0.1629715063520871,0.1581,0.09753018753781,0.0944,0.8600416233090531,1653,0.0327783558792924,0.0,pixel_reliability=0 AND MODLAND_QA(bits0-1)=0 AND VI range -2000..10000,MOD13Q1 V061 Terra 250m 16-day
SO2605,Doolow,SO26,Gedo,2023-03-22,0.2000221989528796,0.1887,0.1245085863874345,0.11745,0.9937565036420396,1910,0.0,0.0,pixel_reliability=0 AND MODLAND_QA(bits0-1)=0 AND VI range -2000..10000,MOD13Q1 V061 Terra 250m 16-day
SO2605,Doolow,SO26,Gedo,2023-04-07,0.2044337552742616,0.1916,0.13468194092827,0.1264,0.6165452653485952,1185,0.0983350676378772,0.0348595213319458,pixel_reliability=0 AND MODLAND_QA(bits0-1)=0 AND VI range -2000..10000,MOD13Q1 V061 Terra 250m 16-day
SO2605,Doolow,SO26,Gedo,2023-04-23,0.3123697872340426,0.2998,0.1912404255319149,0.182,0.1222684703433923,235,0.3949011446409989,0.0759625390218522,pixel_reliability=0 AND MODLAND_QA(bits0-1)=0 AND VI range -2000..10000,MOD13Q1 V061 Terra 250m 16-day
SO2605,Doolow,SO26,Gedo,2023-05-09,0.3303492875647668,0.30145,0.2228876943005181,0.1993,0.8033298647242456,1544,0.0010405827263267,0.0005202913631633,pixel_reliability=0 AND MODLAND_QA(bits0-1)=0 AND VI range -2000..10000,MOD13Q1 V061 Terra 250m 16-day
SO2605,Doolow,SO26,Gedo,2023-05-25,0.2530217983651227,0.2271,0.1632833242506812,0.1432,0.9547346514047866,1835,0.0036420395421436,0.0005202913631633,pixel_reliability=0 AND MODLAND_QA(bits0-1)=0 AND VI range -2000..10000,MOD13Q1 V061 Terra 250m 16-day
SO2605,Doolow,SO26,Gedo,2023-06-10,0.2169986593059936,0.20245,0.1392885646687697,0.1296,0.659729448491155,1268,0.0593132154006243,0.0,pixel_reliability=0 AND MODLAND_QA(bits0-1)=0 AND VI range -2000..10000,MOD13Q1 V061 Terra 250m 16-day
SO2605,Doolow,SO26,Gedo,2023-06-26,0.2043143928035982,0.19005,0.1363487256371814,0.125,0.6940686784599376,1334,0.0457856399583766,0.0010405827263267,pixel_reliability=0 AND MODLAND_QA(bits0-1)=0 AND VI range -2000..10000,MOD13Q1 V061 Terra 250m 16-day
SO2605,Doolow,SO26,Gedo,2023-07-12,0.1940653846153846,0.1819,0.1275282051282051,0.11815,0.0405827263267429,78,0.6753381893860562,0.0327783558792924,pixel_reliability=0 AND MODLAND_QA(bits0-1)=0 AND VI range -2000..10000,MOD13Q1 V061 Terra 250m 16-day
SO2605,Doolow,SO26,Gedo,2023-07-28,0.1847936708860759,0.1774,0.1147130801687763,0.1081,0.123309053069719,237,0.5306971904266389,0.0234131113423517,pixel_reliability=0 AND MODLAND_QA(bits0-1)=0 AND VI range -2000..10000,MOD13Q1 V061 Terra 250m 16-day
SO2605,Doolow,SO26,Gedo,2023-08-13,0.195694298490777,0.1848,0.1179089994410285,0.1101,0.9308012486992716,1789,0.0015608740894901,0.0,pixel_reliability=0 AND MODLAND_QA(bits0-1)=0 AND VI range -2000..10000,MOD13Q1 V061 Terra 250m 16-day
SO2605,Doolow,SO26,Gedo,2023-08-29,0.1795647019867549,0.17105,0.1124349006622516,0.1073,0.785639958376691,1510,0.0509885535900104,0.0,pixel_reliability=0 AND MODLAND_QA(bits0-1)=0 AND VI range -2000..10000,MOD13Q1 V061 Terra 250m 16-day
SO2605,Doolow,SO26,Gedo,2023-09-14,0.1774729909365558,0.1704,0.112538006042296,0.1077,0.8610822060353798,1655,0.0114464099895941,0.0010405827263267,pixel_reliability=0 AND MODLAND_QA(bits0-1)=0 AND VI range -2000..10000,MOD13Q1 V061 Terra 250m 16-day
SO2605,Doolow,SO26,Gedo,2023-09-30,0.1733381067961165,0.16275,0.1126588592233009,0.10545,0.4287200832466181,824,0.3038501560874089,0.005723204994797,pixel_reliability=0 AND MODLAND_QA(bits0-1)=0 AND VI range -2000..10000,MOD13Q1 V061 Terra 250m 16-day
SO2605,Doolow,SO26,Gedo,2023-10-16,0.2309122302158273,0.23275,0.141470143884892,0.13965,0.1446409989594172,278,0.2819979188345473,0.1893860561914672,pixel_reliability=0 AND MODLAND_QA(bits0-1)=0 AND VI range -2000..10000,MOD13Q1 V061 Terra 250m 16-day
SO2605,Doolow,SO26,Gedo,2023-11-01,0.2446181818181818,0.2581,0.1441181818181818,0.1351,0.005723204994797,11,0.3376690946930281,0.3361082206035379,pixel_reliability=0 AND MODLAND_QA(bits0-1)=0 AND VI range -2000..10000,MOD13Q1 V061 Terra 250m 16-day
SO2605,Doolow,SO26,Gedo,2023-11-17,0.4582378424657534,0.45215,0.2963995719178082,0.28755,0.6077003121748179,1168,0.1649323621227887,0.0041623309053069,pixel_reliability=0 AND MODLAND_QA(bits0-1)=0 AND VI range -2000..10000,MOD13Q1 V061 Terra 250m 16-day
SO2605,Doolow,SO26,Gedo,2023-12-03,0.459796750902527,0.45205,0.2962999398315283,0.2874,0.8647242455775234,1662,0.028095733610822,0.0,pixel_reliability=0 AND MODLAND_QA(bits0-1)=0 AND VI range -2000..10000,MOD13Q1 V061 Terra 250m 16-day
SO2605,Doolow,SO26,Gedo,2023-12-19,0.4107298572996706,0.3925,0.2643369374313941,0.25105,0.9479708636836628,1822,0.0083246618106139,0.0,pixel_reliability=0 AND MODLAND_QA(bits0-1)=0 AND VI range -2000..10000,MOD13Q1 V061 Terra 250m 16-day
SO2606,Luuq,SO26,Gedo,2023-01-01,0.1732744481466056,0.1659,0.1015255414410662,0.0994,0.9690243164161032,9604,0.002118857834729,0.0,pixel_reliability=0 AND MODLAND_QA(bits0-1)=0 AND VI range -2000..10000,MOD13Q1 V061 Terra 250m 16-day
SO2606,Luuq,SO26,Gedo,2023-01-17,0.1656755672268907,0.161,0.0965143172268907,0.0954,0.9605488850771868,9520,0.0072646554333568,0.0,pixel_reliability=0 AND MODLAND_QA(bits0-1)=0 AND VI range -2000..10000,MOD13Q1 V061 Terra 250m 16-day
SO2606,Luuq,SO26,Gedo,2023-02-02,0.1625733367875647,0.15955,0.0986295854922279,0.0994,0.9736656240540812,9650,0.0009080819291696,0.0,pixel_reliability=0 AND MODLAND_QA(bits0-1)=0 AND VI range -2000..10000,MOD13Q1 V061 Terra 250m 16-day
SO2606,Luuq,SO26,Gedo,2023-03-06,0.1670570015310329,0.1592,0.1011595925097161,0.0987,0.8567248511754616,8491,0.0306729896075068,0.0,pixel_reliability=0 AND MODLAND_QA(bits0-1)=0 AND VI range -2000..10000,MOD13Q1 V061 Terra 250m 16-day
SO2606,Luuq,SO26,Gedo,2023-03-22,0.2272743231247225,0.20155,0.13772212605415,0.1241,0.909292705075169,9012,0.0009080819291696,0.0,pixel_reliability=0 AND MODLAND_QA(bits0-1)=0 AND VI range -2000..10000,MOD13Q1 V061 Terra 250m 16-day
SO2606,Luuq,SO26,Gedo,2023-04-07,0.2178956180114838,0.203,0.1346512541553339,0.1263,0.3338714559580264,3309,0.2455857128443144,0.127736858036525,pixel_reliability=0 AND MODLAND_QA(bits0-1)=0 AND VI range -2000..10000,MOD13Q1 V061 Terra 250m 16-day
SO2606,Luuq,SO26,Gedo,2023-04-23,0.3526584699453552,0.3253,0.2226902732240437,0.2074,0.0923216627989103,915,0.3700938351326808,0.1579053576833821,pixel_reliability=0 AND MODLAND_QA(bits0-1)=0 AND VI range -2000..10000,MOD13Q1 V061 Terra 250m 16-day
SO2606,Luuq,SO26,Gedo,2023-05-09,0.2855723078719925,0.2664,0.1784812894183602,0.1642,0.8638886086166885,8562,0.0276460498436081,0.0059529815356674,pixel_reliability=0 AND MODLAND_QA(bits0-1)=0 AND VI range -2000..10000,MOD13Q1 V061 Terra 250m 16-day
SO2606,Luuq,SO26,Gedo,2023-05-25,0.2182924314402937,0.2053,0.1352966637875189,0.1274,0.9345172031076582,9262,0.0106951871657754,0.0,pixel_reliability=0 AND MODLAND_QA(bits0-1)=0 AND VI range -2000..10000,MOD13Q1 V061 Terra 250m 16-day
SO2606,Luuq,SO26,Gedo,2023-06-10,0.2009777325581395,0.1948,0.1289056395348837,0.12585,0.1735445464635253,1720,0.4202401372212693,0.0422762587024518,pixel_reliability=0 AND MODLAND_QA(bits0-1)=0 AND VI range -2000..10000,MOD13Q1 V061 Terra 250m 16-day
SO2606,Luuq,SO26,Gedo,2023-06-26,0.1843175,0.17805,0.1222571022727272,0.1192,0.1775804661487236,1760,0.3537483604076279,0.0853597013419432,pixel_reliability=0 AND MODLAND_QA(bits0-1)=0 AND VI range -2000..10000,MOD13Q1 V061 Terra 250m 16-day
SO2606,Luuq,SO26,Gedo,2023-07-12,0.1912970114942528,0.1896,0.1206305747126436,0.1226,0.0438906265765311,435,0.6764201392392292,0.0378367470487337,pixel_reliability=0 AND MODLAND_QA(bits0-1)=0 AND VI range -2000..10000,MOD13Q1 V061 Terra 250m 16-day
SO2606,Luuq,SO26,Gedo,2023-07-28,0.1829359375,0.1722,0.1159609375,0.1078,0.0064574714963172,64,0.4129754817879124,0.3099586318232267,pixel_reliability=0 AND MODLAND_QA(bits0-1)=0 AND VI range -2000..10000,MOD13Q1 V061 Terra 250m 16-day
SO2606,Luuq,SO26,Gedo,2023-08-13,0.1777118481883668,0.173,0.1078182668530265,0.1054,0.9384522248007264,9301,0.0061547775199273,0.0,pixel_reliability=0 AND MODLAND_QA(bits0-1)=0 AND VI range -2000..10000,MOD13Q1 V061 Terra 250m 16-day
SO2606,Luuq,SO26,Gedo,2023-08-29,0.1654575287111867,0.1625,0.1028376435559336,0.1015,0.474422358995056,4702,0.0332963374028856,0.0,pixel_reliability=0 AND MODLAND_QA(bits0-1)=0 AND VI range -2000..10000,MOD13Q1 V061 Terra 250m 16-day
SO2606,Luuq,SO26,Gedo,2023-09-14,0.1653825795405906,0.1612,0.0985476815522899,0.0997,0.7071940268388659,7009,0.0653818989002118,0.0001008979921299,pixel_reliability=0 AND MODLAND_QA(bits0-1)=0 AND VI range -2000..10000,MOD13Q1 V061 Terra 250m 16-day
SO2606,Luuq,SO26,Gedo,2023-09-30,0.1766877777777778,0.1668,0.1193211111111111,0.1136,0.0544849157501765,540,0.81394410251236,0.0026233477953788,pixel_reliability=0 AND MODLAND_QA(bits0-1)=0 AND VI range -2000..10000,MOD13Q1 V061 Terra 250m 16-day
SO2606,Luuq,SO26,Gedo,2023-10-16,0.3324912354804646,0.3062,0.2013924875546839,0.1846,0.6688527898294824,6629,0.0926243567753001,0.0206840883866411,pixel_reliability=0 AND MODLAND_QA(bits0-1)=0 AND VI range -2000..10000,MOD13Q1 V061 Terra 250m 16-day
SO2606,Luuq,SO26,Gedo,2023-11-01,0.3784434782608695,0.3441,0.2300869565217391,0.2104,0.002320653818989,23,0.3005751185551407,0.3703965291090707,pixel_reliability=0 AND MODLAND_QA(bits0-1)=0 AND VI range -2000..10000,MOD13Q1 V061 Terra 250m 16-day
SO2606,Luuq,SO26,Gedo,2023-11-17,0.5426183758150563,0.5526,0.3364879964433906,0.3373,0.6808596508929472,6748,0.1571990717384724,0.0055493895671476,pixel_reliability=0 AND MODLAND_QA(bits0-1)=0 AND VI range -2000..10000,MOD13Q1 V061 Terra 250m 16-day
SO2606,Luuq,SO26,Gedo,2023-12-03,0.5290456533220662,0.5374,0.3250598922573149,0.3241,0.9552012914942992,9467,0.0065583694884471,0.0,pixel_reliability=0 AND MODLAND_QA(bits0-1)=0 AND VI range -2000..10000,MOD13Q1 V061 Terra 250m 16-day
SO2606,Luuq,SO26,Gedo,2023-12-19,0.4373172600777574,0.431,0.263613167587477,0.2586,0.986176975078196,9774,0.0008071839370396,0.0,pixel_reliability=0 AND MODLAND_QA(bits0-1)=0 AND VI range -2000..10000,MOD13Q1 V061 Terra 250m 16-day
SO2701,Bu'aale,SO27,Middle Juba,2023-01-01,0.4614638466515691,0.46435,0.2631937884179877,0.2595,0.9638291237917056,6182,0.0035859058309946,0.0,pixel_reliability=0 AND MODLAND_QA(bits0-1)=0 AND VI range -2000..10000,MOD13Q1 V061 Terra 250m 16-day
SO2701,Bu'aale,SO27,Middle Juba,2023-01-17,0.3810734643734644,0.3731,0.236497067977068,0.2309,0.951824134705332,6105,0.0045213595260367,0.0,pixel_reliability=0 AND MODLAND_QA(bits0-1)=0 AND VI range -2000..10000,MOD13Q1 V061 Terra 250m 16-day
SO2701,Bu'aale,SO27,Middle Juba,2023-02-02,0.3313815636905748,0.3264,0.1967244492297498,0.189,0.9412223261615216,6037,0.003897723729342,0.0,pixel_reliability=0 AND MODLAND_QA(bits0-1)=0 AND VI range -2000..10000,MOD13Q1 V061 Terra 250m 16-day
SO2701,Bu'aale,SO27,Middle Juba,2023-03-06,0.2934271637317347,0.2916,0.1776664668415137,0.1745,0.4161209853445587,2669,0.2365138758964764,0.0006236357966947,pixel_reliability=0 AND MODLAND_QA(bits0-1)=0 AND VI range -2000..10000,MOD13Q1 V061 Terra 250m 16-day
SO2701,Bu'aale,SO27,Middle Juba,2023-03-22,0.4177107748868779,0.4065,0.2631602092760181,0.2596,0.5512940442781415,3536,0.2006548175865294,0.0,pixel_reliability=0 AND MODLAND_QA(bits0-1)=0 AND VI range -2000..10000,MOD13Q1 V061 Terra 250m 16-day
SO2701,Bu'aale,SO27,Middle Juba,2023-04-07,0.5411418522860493,0.5434,0.3314883939038687,0.3308,0.1329903336451512,853,0.4618023074524477,0.0558154038041783,pixel_reliability=0 AND MODLAND_QA(bits0-1)=0 AND VI range -2000..10000,MOD13Q1 V061 Terra 250m 16-day
SO2701,Bu'aale,SO27,Middle Juba,2023-04-23,0.5711661971830986,0.6245,0.3404591549295775,0.3781,0.0110695353913314,71,0.3392578734019332,0.3155597131275335,pixel_reliability=0 AND MODLAND_QA(bits0-1)=0 AND VI range -2000..10000,MOD13Q1 V061 Terra 250m 16-day
SO2701,Bu'aale,SO27,Middle Juba,2023-05-09,0.5771401960784314,0.60955,0.3805764705882352,0.3864,0.0159027128157156,102,0.6379794200187091,0.0645463049579045,pixel_reliability=0 AND MODLAND_QA(bits0-1)=0 AND VI range -2000..10000,MOD13Q1 V061 Terra 250m 16-day
SO2701,Bu'aale,SO27,Middle Juba,2023-05-25,0.652810891089109,0.6802,0.4195574257425744,0.4236,0.0157468038665419,101,0.5690676644839414,0.1030558154038041,pixel_reliability=0 AND MODLAND_QA(bits0-1)=0 AND VI range -2000..10000,MOD13Q1 V061 Terra 250m 16-day
SO2701,Bu'aale,SO27,Middle Juba,2023-06-10,0.6523688405797101,0.6638000000000001,0.414681884057971,0.41725,0.0215154349859681,138,0.5338322419706891,0.1376676021203617,pixel_reliability=0 AND MODLAND_QA(bits0-1)=0 AND VI range -2000..10000,MOD13Q1 V061 Terra 250m 16-day
SO2701,Bu'aale,SO27,Middle Juba,2023-06-26,0.5134888888888889,0.5782,0.3291,0.3791,0.0014031805425631,9,0.2804801995634549,0.4699095728094792,pixel_reliability=0 AND MODLAND_QA(bits0-1)=0 AND VI range -2000..10000,MOD13Q1 V061 Terra 250m 16-day
SO2701,Bu'aale,SO27,Middle Juba,2023-07-12,0.3183106382978724,0.318,0.1995063829787234,0.1957,0.007327720611163,47,0.5389772372934206,0.1602743997505457,pixel_reliability=0 AND MODLAND_QA(bits0-1)=0 AND VI range -2000..10000,MOD13Q1 V061 Terra 250m 16-day
SO2701,Bu'aale,SO27,Middle Juba,2023-07-28,0.2603,0.25255,0.1618333333333333,0.15895,0.000935453695042,6,0.2312129716245712,0.5617399438727783,pixel_reliability=0 AND MODLAND_QA(bits0-1)=0 AND VI range -2000..10000,MOD13Q1 V061 Terra 250m 16-day
SO2701,Bu'aale,SO27,Middle Juba,2023-08-13,0.3799671052631579,0.35055,0.2465758771929824,0.2261,0.0355472404115996,228,0.5347676956657312,0.098690364826941,pixel_reliability=0 AND MODLAND_QA(bits0-1)=0 AND VI range -2000..10000,MOD13Q1 V061 Terra 250m 16-day
SO2701,Bu'aale,SO27,Middle Juba,2023-08-29,0.2974997076023392,0.2501,0.1813014619883041,0.1498,0.0533208606173994,342,0.5458372310570627,0.0770190208917991,pixel_reliability=0 AND MODLAND_QA(bits0-1)=0 AND VI range -2000..10000,MOD13Q1 V061 Terra 250m 16-day
SO2701,Bu'aale,SO27,Middle Juba,2023-09-14,0.443025,0.3917,0.29406,0.2457,0.0031181789834736,20,0.3719987527284066,0.2789211100717181,pixel_reliability=0 AND MODLAND_QA(bits0-1)=0 AND VI range -2000..10000,MOD13Q1 V061 Terra 250m 16-day
SO2701,Bu'aale,SO27,Middle Juba,2023-09-30,0.292636,0.2398,0.199408,0.1697,0.0272840661053944,175,0.611007171811662,0.0916744621141253,pixel_reliability=0 AND MODLAND_QA(bits0-1)=0 AND VI range -2000..10000,MOD13Q1 V061 Terra 250m 16-day
SO2701,Bu'aale,SO27,Middle Juba,2023-10-16,0.5379721374045802,0.5419,0.3576482824427481,0.36005,0.0816962893670096,524,0.3956969130028063,0.1361085126286249,pixel_reliability=0 AND MODLAND_QA(bits0-1)=0 AND VI range -2000..10000,MOD13Q1 V061 Terra 250m 16-day
SO2701,Bu'aale,SO27,Middle Juba,2023-11-01,0.7213809230769231,0.7555000000000001,0.4217529230769231,0.4359,0.0506704084814468,325,0.412067352666043,0.2054879950109136,pixel_reliability=0 AND MODLAND_QA(bits0-1)=0 AND VI range -2000..10000,MOD13Q1 V061 Terra 250m 16-day
SO2701,Bu'aale,SO27,Middle Juba,2023-11-17,0.6671998502994013,0.6984,0.4358144461077844,0.44185,0.2082943560960399,1336,0.5029622700342999,0.0417835983785469,pixel_reliability=0 AND MODLAND_QA(bits0-1)=0 AND VI range -2000..10000,MOD13Q1 V061 Terra 250m 16-day
SO2701,Bu'aale,SO27,Middle Juba,2023-12-03,0.6836494991289198,0.7007,0.4303408318815331,0.431,0.7159338946055503,4592,0.0673526660430308,0.0035859058309946,pixel_reliability=0 AND MODLAND_QA(bits0-1)=0 AND VI range -2000..10000,MOD13Q1 V061 Terra 250m 16-day
SO2701,Bu'aale,SO27,Middle Juba,2023-12-19,0.6500182948780887,0.6693,0.3871075274095893,0.3903,0.9527595884003742,6111,0.0021827252884315,0.0,pixel_reliability=0 AND MODLAND_QA(bits0-1)=0 AND VI range -2000..10000,MOD13Q1 V061 Terra 250m 16-day
SO2702,Jilib,SO27,Middle Juba,2023-01-01,0.4673967489711934,0.49575,0.2641647736625514,0.2694,0.7665615141955836,4860,0.044794952681388,0.0045741324921135,pixel_reliability=0 AND MODLAND_QA(bits0-1)=0 AND VI range -2000..10000,MOD13Q1 V061 Terra 250m 16-day
SO2702,Jilib,SO27,Middle Juba,2023-01-17,0.3813155674281503,0.3962,0.2390146831245394,0.2436,0.8561514195583596,5428,0.0080441640378548,0.0001577287066246,pixel_reliability=0 AND MODLAND_QA(bits0-1)=0 AND VI range -2000..10000,MOD13Q1 V061 Terra 250m 16-day
SO2702,Jilib,SO27,Middle Juba,2023-02-02,0.3531326992287918,0.36505,0.2080996915167095,0.2055,0.613564668769716,3890,0.102365930599369,0.000788643533123,pixel_reliability=0 AND MODLAND_QA(bits0-1)=0 AND VI range -2000..10000,MOD13Q1 V061 Terra 250m 16-day
SO2702,Jilib,SO27,Middle Juba,2023-03-06,0.3046831954169318,0.3146,0.1840327180140038,0.1851,0.2477917981072555,1571,0.3100946372239748,0.0356466876971608,pixel_reliability=0 AND MODLAND_QA(bits0-1)=0 AND VI range -2000..10000,MOD13Q1 V061 Terra 250m 16-day
SO2702,Jilib,SO27,Middle Juba,2023-03-22,0.3286672649976382,0.31535,0.2021717760982522,0.1888,0.6678233438485804,4234,0.0921135646687697,0.0070977917981072,pixel_reliability=0 AND MODLAND_QA(bits0-1)=0 AND VI range -2000..10000,MOD13Q1 V061 Terra 250m 16-day
SO2702,Jilib,SO27,Middle Juba,2023-04-07,0.3863965230536659,0.3186,0.2341349206349206,0.2002,0.2086750788643533,1323,0.3301261829652996,0.0689274447949526,pixel_reliability=0 AND MODLAND_QA(bits0-1)=0 AND VI range -2000..10000,MOD13Q1 V061 Terra 250m 16-day
SO2702,Jilib,SO27,Middle Juba,2023-04-23,0.3569428571428572,0.3382,0.2297,0.2053,0.0011041009463722,7,0.2074132492113564,0.5433753943217665,pixel_reliability=0 AND MODLAND_QA(bits0-1)=0 AND VI range -2000..10000,MOD13Q1 V061 Terra 250m 16-day
SO2702,Jilib,SO27,Middle Juba,2023-05-09,0.4553288990825689,0.40895,0.292204128440367,0.26835,0.1031545741324921,654,0.5250788643533123,0.0452681388012618,pixel_reliability=0 AND MODLAND_QA(bits0-1)=0 AND VI range -2000..10000,MOD13Q1 V061 Terra 250m 16-day
SO2702,Jilib,SO27,Middle Juba,2023-05-25,0.5947712041884816,0.6301,0.3769895287958115,0.3957,0.0301261829652996,191,0.5048895899053628,0.1828075709779179,pixel_reliability=0 AND MODLAND_QA(bits0-1)=0 AND VI range -2000..10000,MOD13Q1 V061 Terra 250m 16-day
SO2702,Jilib,SO27,Middle Juba,2023-06-10,0.4399683544303799,0.3836,0.2786455696202531,0.2499,0.0124605678233438,79,0.5446372239747634,0.1689274447949526,pixel_reliability=0 AND MODLAND_QA(bits0-1)=0 AND VI range -2000..10000,MOD13Q1 V061 Terra 250m 16-day
SO2702,Jilib,SO27,Middle Juba,2023-06-26,0.5147513513513513,0.5859000000000001,0.3337648648648648,0.35905,0.0116719242902208,74,0.3542586750788643,0.3768138801261829,pixel_reliability=0 AND MODLAND_QA(bits0-1)=0 AND VI range -2000..10000,MOD13Q1 V061 Terra 250m 16-day
SO2702,Jilib,SO27,Middle Juba,2023-07-12,0.3036617647058823,0.26365,0.1930186274509804,0.17455,0.0321766561514195,204,0.467192429022082,0.2011041009463722,pixel_reliability=0 AND MODLAND_QA(bits0-1)=0 AND VI range -2000..10000,MOD13Q1 V061 Terra 250m 16-day
SO2702,Jilib,SO27,Middle Juba,2023-07-28,0.3598608695652174,0.3609,0.1970869565217391,0.1955,0.0036277602523659,23,0.2709779179810725,0.5171924290220821,pixel_reliability=0 AND MODLAND_QA(bits0-1)=0 AND VI range -2000..10000,MOD13Q1 V061 Terra 250m 16-day
SO2702,Jilib,SO27,Middle Juba,2023-08-13,0.29783125,0.2676,0.2030805555555555,0.18925,0.0227129337539432,144,0.4025236593059937,0.232807570977918,pixel_reliability=0 AND MODLAND_QA(bits0-1)=0 AND VI range -2000..10000,MOD13Q1 V061 Terra 250m 16-day
SO2702,Jilib,SO27,Middle Juba,2023-08-29,0.3348848101265823,0.2982,0.2188139240506329,0.1985,0.0124605678233438,79,0.478391167192429,0.2264984227129337,pixel_reliability=0 AND MODLAND_QA(bits0-1)=0 AND VI range -2000..10000,MOD13Q1 V061 Terra 250m 16-day
SO2702,Jilib,SO27,Middle Juba,2023-09-14,0.2808439655172414,0.27145,0.1908758620689655,0.182,0.0182965299684542,116,0.3660883280757098,0.274763406940063,pixel_reliability=0 AND MODLAND_QA(bits0-1)=0 AND VI range -2000..10000,MOD13Q1 V061 Terra 250m 16-day
SO2702,Jilib,SO27,Middle Juba,2023-09-30,0.4404294642857143,0.40565,0.2655017857142857,0.2357,0.0176656151419558,112,0.5053627760252366,0.2266561514195583,pixel_reliability=0 AND MODLAND_QA(bits0-1)=0 AND VI range -2000..10000,MOD13Q1 V061 Terra 250m 16-day
SO2702,Jilib,SO27,Middle Juba,2023-10-16,0.5886069565217392,0.6453,0.3579069565217392,0.3877,0.0181388012618296,115,0.2831230283911672,0.3861198738170347,pixel_reliability=0 AND MODLAND_QA(bits0-1)=0 AND VI range -2000..10000,MOD13Q1 V061 Terra 250m 16-day
SO2702,Jilib,SO27,Middle Juba,2023-11-01,0.662302354145343,0.6937,0.3652000000000001,0.3706,0.1541009463722397,977,0.2539432176656151,0.2824921135646687,pixel_reliability=0 AND MODLAND_QA(bits0-1)=0 AND VI range -2000..10000,MOD13Q1 V061 Terra 250m 16-day
SO2702,Jilib,SO27,Middle Juba,2023-11-17,0.6401280265339967,0.6793,0.4452242122719734,0.4717,0.0951104100946372,603,0.4402208201892744,0.2425867507886435,pixel_reliability=0 AND MODLAND_QA(bits0-1)=0 AND VI range -2000..10000,MOD13Q1 V061 Terra 250m 16-day
SO2702,Jilib,SO27,Middle Juba,2023-12-03,0.6766956155143339,0.7199500000000001,0.3969623524451939,0.4091,0.3741324921135647,2372,0.2367507886435331,0.0818611987381703,pixel_reliability=0 AND MODLAND_QA(bits0-1)=0 AND VI range -2000..10000,MOD13Q1 V061 Terra 250m 16-day
SO2702,Jilib,SO27,Middle Juba,2023-12-19,0.6466219425735554,0.6880000000000001,0.4051527118043247,0.4268,0.4449526813880126,2821,0.1640378548895899,0.0159305993690851,pixel_reliability=0 AND MODLAND_QA(bits0-1)=0 AND VI range -2000..10000,MOD13Q1 V061 Terra 250m 16-day
SO2703,Saakow,SO27,Middle Juba,2023-01-01,0.315273144268987,0.3108,0.1807027822537329,0.18,0.9601856627127384,9309,0.0075296544610624,0.0,pixel_reliability=0 AND MODLAND_QA(bits0-1)=0 AND VI range -2000..10000,MOD13Q1 V061 Terra 250m 16-day
SO2703,Saakow,SO27,Middle Juba,2023-01-17,0.2870389350901826,0.2828,0.1620887460848903,0.1618,0.9550283651366684,9259,0.0082516761217122,0.0,pixel_reliability=0 AND MODLAND_QA(bits0-1)=0 AND VI range -2000..10000,MOD13Q1 V061 Terra 250m 16-day
SO2703,Saakow,SO27,Middle Juba,2023-02-02,0.2507450200498536,0.248,0.1478300856182941,0.1481,0.9517276946879836,9227,0.0092831356369262,0.0,pixel_reliability=0 AND MODLAND_QA(bits0-1)=0 AND VI range -2000..10000,MOD13Q1 V061 Terra 250m 16-day
SO2703,Saakow,SO27,Middle Juba,2023-03-06,0.2411808015909438,0.2395,0.1379891999388098,0.1385,0.67426508509541,6537,0.1181021144920062,0.0,pixel_reliability=0 AND MODLAND_QA(bits0-1)=0 AND VI range -2000..10000,MOD13Q1 V061 Terra 250m 16-day
SO2703,Saakow,SO27,Middle Juba,2023-03-22,0.3116730593026215,0.2973,0.1959153855942988,0.18755,0.8105208870551831,7858,0.0478597215059308,0.0039195461578133,pixel_reliability=0 AND MODLAND_QA(bits0-1)=0 AND VI range -2000..10000,MOD13Q1 V061 Terra 250m 16-day
SO2703,Saakow,SO27,Middle Juba,2023-04-07,0.4851300411522634,0.4927,0.2543106995884773,0.2525,0.0250644662197008,243,0.3909231562661165,0.2259927797833935,pixel_reliability=0 AND MODLAND_QA(bits0-1)=0 AND VI range -2000..10000,MOD13Q1 V061 Terra 250m 16-day
SO2703,Saakow,SO27,Middle Juba,2023-04-23,0.5359355421686748,0.5345,0.307967469879518,0.30265,0.0171222279525528,166,0.3008767405879319,0.3673027333677153,pixel_reliability=0 AND MODLAND_QA(bits0-1)=0 AND VI range -2000..10000,MOD13Q1 V061 Terra 250m 16-day
SO2703,Saakow,SO27,Middle Juba,2023-05-09,0.4784094710606481,0.4769,0.2810725837718084,0.2791,0.3724600309437854,3611,0.3625580195977307,0.0359979370809695,pixel_reliability=0 AND MODLAND_QA(bits0-1)=0 AND VI range -2000..10000,MOD13Q1 V061 Terra 250m 16-day
SO2703,Saakow,SO27,Middle Juba,2023-05-25,0.461048275862069,0.4513,0.3041362068965517,0.3056,0.0059824651882413,58,0.4996389891696751,0.1468798349664775,pixel_reliability=0 AND MODLAND_QA(bits0-1)=0 AND VI range -2000..10000,MOD13Q1 V061 Terra 250m 16-day
SO2703,Saakow,SO27,Middle Juba,2023-06-10,0.3628754819574889,0.3597,0.2024843796342066,0.2029,0.2086642599277978,2023,0.334708612686952,0.1415162454873646,pixel_reliability=0 AND MODLAND_QA(bits0-1)=0 AND VI range -2000..10000,MOD13Q1 V061 Terra 250m 16-day
SO2703,Saakow,SO27,Middle Juba,2023-06-26,0.3475307692307692,0.3433,0.2208102564102564,0.2192,0.0040226921093347,39,0.3908200103145952,0.3259412068076328,pixel_reliability=0 AND MODLAND_QA(bits0-1)=0 AND VI range -2000..10000,MOD13Q1 V061 Terra 250m 16-day
SO2703,Saakow,SO27,Middle Juba,2023-07-12,0.2914482352941176,0.2882,0.1776188235294117,0.17335,0.0175348117586384,170,0.5417225373904074,0.1400722021660649,pixel_reliability=0 AND MODLAND_QA(bits0-1)=0 AND VI range -2000..10000,MOD13Q1 V061 Terra 250m 16-day
SO2703,Saakow,SO27,Middle Juba,2023-07-28,0.2756,0.2756,0.1512,0.1512,0.0001031459515214,1,0.1309953584321815,0.7027333677153171,pixel_reliability=0 AND MODLAND_QA(bits0-1)=0 AND VI range -2000..10000,MOD13Q1 V061 Terra 250m 16-day
SO2703,Saakow,SO27,Middle Juba,2023-08-13,0.290847972972973,0.2913,0.187889527027027,0.1888,0.0305312016503352,296,0.6348633316142341,0.0729241877256317,pixel_reliability=0 AND MODLAND_QA(bits0-1)=0 AND VI range -2000..10000,MOD13Q1 V061 Terra 250m 16-day
SO2703,Saakow,SO27,Middle Juba,2023-08-29,0.2547135714285714,0.24745,0.1500469047619047,0.14435,0.0433212996389891,420,0.6446621970087674,0.0369262506446622,pixel_reliability=0 AND MODLAND_QA(bits0-1)=0 AND VI range -2000..10000,MOD13Q1 V061 Terra 250m 16-day
SO2703,Saakow,SO27,Middle Juba,2023-09-14,0.2674806451612903,0.25755,0.167424193548387,0.1629,0.0063950489943269,62,0.5570912841670964,0.1826714801444043,pixel_reliability=0 AND MODLAND_QA(bits0-1)=0 AND VI range -2000..10000,MOD13Q1 V061 Terra 250m 16-day
SO2703,Saakow,SO27,Middle Juba,2023-09-30,0.2327482142857143,0.2322,0.1571428571428571,0.1594,0.0173285198555956,168,0.9249097472924188,0.0062919030428055,pixel_reliability=0 AND MODLAND_QA(bits0-1)=0 AND VI range -2000..10000,MOD13Q1 V061 Terra 250m 16-day
SO2703,Saakow,SO27,Middle Juba,2023-10-16,0.4113627940128297,0.4015,0.2611538132573058,0.2524,0.1447137699845281,1403,0.2685920577617328,0.2200103145951521,pixel_reliability=0 AND MODLAND_QA(bits0-1)=0 AND VI range -2000..10000,MOD13Q1 V061 Terra 250m 16-day
SO2703,Saakow,SO27,Middle Juba,2023-11-01,0.5485611650485438,0.5487000000000001,0.3449145631067962,0.3332,0.0106240330067044,103,0.2773594636410521,0.4033006704486849,pixel_reliability=0 AND MODLAND_QA(bits0-1)=0 AND VI range -2000..10000,MOD13Q1 V061 Terra 250m 16-day
SO2703,Saakow,SO27,Middle Juba,2023-11-17,0.5834333333333334,0.5865,0.3804826492537313,0.3825,0.1658586900464156,1608,0.3333677153171738,0.2362042289840124,pixel_reliability=0 AND MODLAND_QA(bits0-1)=0 AND VI range -2000..10000,MOD13Q1 V061 Terra 250m 16-day
SO2703,Saakow,SO27,Middle Juba,2023-12-03,0.6103431290973272,0.6186,0.3883817070095815,0.3879,0.8181536874677668,7932,0.0332129963898917,0.0001031459515214,pixel_reliability=0 AND MODLAND_QA(bits0-1)=0 AND VI range -2000..10000,MOD13Q1 V061 Terra 250m 16-day
SO2703,Saakow,SO27,Middle Juba,2023-12-19,0.5751515548813524,0.5840000000000001,0.351121529959909,0.3505,0.9519339865910263,9229,0.007426508509541,0.0,pixel_reliability=0 AND MODLAND_QA(bits0-1)=0 AND VI range -2000..10000,MOD13Q1 V061 Terra 250m 16-day
SO2801,Kismaayo,SO28,Lower Juba,2023-01-01,0.39961316211878,0.4396,0.2561205457463885,0.2822,0.0556597873671044,623,0.5389082462253194,0.0727240239435361,pixel_reliability=0 AND MODLAND_QA(bits0-1)=0 AND VI range -2000..10000,MOD13Q1 V061 Terra 250m 16-day
SO2801,Kismaayo,SO28,Lower Juba,2023-01-17,0.4020421438082556,0.4141,0.2488153351087439,0.25865,0.8051460734387563,9012,0.0658447243813097,0.0033949790047351,pixel_reliability=0 AND MODLAND_QA(bits0-1)=0 AND VI range -2000..10000,MOD13Q1 V061 Terra 250m 16-day
SO2801,Kismaayo,SO28,Lower Juba,2023-02-02,0.3679172850887301,0.3722,0.2200259045863102,0.2227,0.387652997409095,4339,0.2945590994371482,0.0307334941481282,pixel_reliability=0 AND MODLAND_QA(bits0-1)=0 AND VI range -2000..10000,MOD13Q1 V061 Terra 250m 16-day
SO2801,Kismaayo,SO28,Lower Juba,2023-03-06,0.229159603960396,0.21885,0.1487782178217822,0.13485,0.0902349682837487,1010,0.422585544536764,0.1642097739658715,pixel_reliability=0 AND MODLAND_QA(bits0-1)=0 AND VI range -2000..10000,MOD13Q1 V061 Terra 250m 16-day
SO2801,Kismaayo,SO28,Lower Juba,2023-03-22,0.3559839552760308,0.3538,0.2235791194968553,0.2268,0.6392388099705173,7155,0.0491378540159027,0.0131332082551594,pixel_reliability=0 AND MODLAND_QA(bits0-1)=0 AND VI range -2000..10000,MOD13Q1 V061 Terra 250m 16-day
SO2801,Kismaayo,SO28,Lower Juba,2023-04-07,0.3535376313276027,0.339,0.2129181470869149,0.2,0.0935406057357276,1047,0.2835700884481372,0.2349682837487715,pixel_reliability=0 AND MODLAND_QA(bits0-1)=0 AND VI range -2000..10000,MOD13Q1 V061 Terra 250m 16-day
SO2801,Kismaayo,SO28,Lower Juba,2023-04-23,0.5494529914529914,0.5601,0.3549299145299145,0.3495,0.0104529616724738,117,0.2559635486464754,0.4625212186187796,pixel_reliability=0 AND MODLAND_QA(bits0-1)=0 AND VI range -2000..10000,MOD13Q1 V061 Terra 250m 16-day
SO2801,Kismaayo,SO28,Lower Juba,2023-05-09,0.4681256077795787,0.4776,0.2881283090221502,0.2937,0.1653712141517019,1851,0.4653801483069775,0.047351022960779,pixel_reliability=0 AND MODLAND_QA(bits0-1)=0 AND VI range -2000..10000,MOD13Q1 V061 Terra 250m 16-day
SO2801,Kismaayo,SO28,Lower Juba,2023-05-25,0.5189174496644295,0.52525,0.3354761744966443,0.3374,0.0266237827213437,298,0.4698472259447869,0.1852050388635754,pixel_reliability=0 AND MODLAND_QA(bits0-1)=0 AND VI range -2000..10000,MOD13Q1 V061 Terra 250m 16-day
SO2801,Kismaayo,SO28,Lower Juba,2023-06-10,0.3237486666666667,0.3116,0.2048883333333333,0.19715,0.0536049316537121,600,0.4618064861967301,0.1583132314839632,pixel_reliability=0 AND MODLAND_QA(bits0-1)=0 AND VI range -2000..10000,MOD13Q1 V061 Terra 250m 16-day
SO2801,Kismaayo,SO28,Lower Juba,2023-06-26,0.4647997422680412,0.49545,0.2606204896907216,0.2711,0.069329044938801,776,0.3386044849459483,0.2613240418118467,pixel_reliability=0 AND MODLAND_QA(bits0-1)=0 AND VI range -2000..10000,MOD13Q1 V061 Terra 250m 16-day
SO2801,Kismaayo,SO28,Lower Juba,2023-07-12,0.3305586505190311,0.31315,0.195145847750865,0.19105,0.051639417493076,578,0.4859287054409005,0.1332082551594746,pixel_reliability=0 AND MODLAND_QA(bits0-1)=0 AND VI range -2000..10000,MOD13Q1 V061 Terra 250m 16-day
SO2801,Kismaayo,SO28,Lower Juba,2023-07-28,0.3113576923076923,0.2941,0.1989642307692307,0.198,0.0232288037166085,260,0.3851514339319217,0.3096578218529438,pixel_reliability=0 AND MODLAND_QA(bits0-1)=0 AND VI range -2000..10000,MOD13Q1 V061 Terra 250m 16-day
SO2801,Kismaayo,SO28,Lower Juba,2023-08-13,0.317282911392405,0.32375,0.2048525316455696,0.2111,0.0423478960064325,474,0.4982578397212543,0.1136424551058697,pixel_reliability=0 AND MODLAND_QA(bits0-1)=0 AND VI range -2000..10000,MOD13Q1 V061 Terra 250m 16-day
SO2801,Kismaayo,SO28,Lower Juba,2023-08-29,0.2998115501519757,0.3029,0.1731431610942249,0.1751,0.0293933708567854,329,0.4288394532296971,0.2150451174841418,pixel_reliability=0 AND MODLAND_QA(bits0-1)=0 AND VI range -2000..10000,MOD13Q1 V061 Terra 250m 16-day
SO2801,Kismaayo,SO28,Lower Juba,2023-09-14,0.2450085714285714,0.2314,0.1563923809523809,0.1483,0.0093808630393996,105,0.3710354685964442,0.2826766729205753,pixel_reliability=0 AND MODLAND_QA(bits0-1)=0 AND VI range -2000..10000,MOD13Q1 V061 Terra 250m 16-day
SO2801,Kismaayo,SO28,Lower Juba,2023-09-30,0.2786694444444444,0.27005,0.1691840277777777,0.1661,0.0128651835968909,144,0.4191012239792727,0.2883051907442151,pixel_reliability=0 AND MODLAND_QA(bits0-1)=0 AND VI range -2000..10000,MOD13Q1 V061 Terra 250m 16-day
SO2801,Kismaayo,SO28,Lower Juba,2023-10-16,0.3112156862745098,0.2953,0.1964798692810457,0.1764,0.0683462878584829,765,0.3053694273206468,0.234700259090503,pixel_reliability=0 AND MODLAND_QA(bits0-1)=0 AND VI range -2000..10000,MOD13Q1 V061 Terra 250m 16-day
SO2801,Kismaayo,SO28,Lower Juba,2023-11-01,0.5425959064327486,0.5797,0.300430604288499,0.3169,0.0458322165639238,513,0.1570624497453766,0.5215759849906192,pixel_reliability=0 AND MODLAND_QA(bits0-1)=0 AND VI range -2000..10000,MOD13Q1 V061 Terra 250m 16-day
SO2801,Kismaayo,SO28,Lower Juba,2023-11-17,0.7575067125171939,0.7657,0.5269570563961486,0.5296000000000001,0.3247565442687394,3635,0.1986062717770035,0.238541945859019,pixel_reliability=0 AND MODLAND_QA(bits0-1)=0 AND VI range -2000..10000,MOD13Q1 V061 Terra 250m 16-day
SO2801,Kismaayo,SO28,Lower Juba,2023-12-03,0.6921859020497575,0.7317,0.454294069785636,0.4735,0.5709818636647905,6391,0.197891539354954,0.0342178147056195,pixel_reliability=0 AND MODLAND_QA(bits0-1)=0 AND VI range -2000..10000,MOD13Q1 V061 Terra 250m 16-day
SO2801,Kismaayo,SO28,Lower Juba,2023-12-19,0.7170722864392445,0.7361000000000001,0.4313296306738088,0.4322,0.3168944876261949,3547,0.3866702403287769,0.038238184579648,pixel_reliability=0 AND MODLAND_QA(bits0-1)=0 AND VI range -2000..10000,MOD13Q1 V061 Terra 250m 16-day
SO2802,Afmadow,SO28,Lower Juba,2023-01-01,0.3433415917233312,0.3079,0.2179761351173503,0.2005,0.8785611048659066,27354,0.0449654729404207,0.0006102457041914,pixel_reliability=0 AND MODLAND_QA(bits0-1)=0 AND VI range -2000..10000,MOD13Q1 V061 Terra 250m 16-day
SO2802,Afmadow,SO28,Lower Juba,2023-01-17,0.3186949800928998,0.2894,0.2029896881220969,0.1866,0.968042396017344,30140,0.0045929018789144,0.0,pixel_reliability=0 AND MODLAND_QA(bits0-1)=0 AND VI range -2000..10000,MOD13Q1 V061 Terra 250m 16-day
SO2802,Afmadow,SO28,Lower Juba,2023-02-02,0.2723138172163638,0.2457,0.1758482349861641,0.1656,0.8589047695519512,26742,0.040276216476634,9.635458487233018e-05,pixel_reliability=0 AND MODLAND_QA(bits0-1)=0 AND VI range -2000..10000,MOD13Q1 V061 Terra 250m 16-day
SO2802,Afmadow,SO28,Lower Juba,2023-03-06,0.2404955770324047,0.2311,0.1566069698692439,0.1483,0.2824795246507146,8795,0.2398586799421872,0.1879877950859161,pixel_reliability=0 AND MODLAND_QA(bits0-1)=0 AND VI range -2000..10000,MOD13Q1 V061 Terra 250m 16-day
SO2802,Afmadow,SO28,Lower Juba,2023-03-22,0.3405207942330661,0.3256,0.2201556602968777,0.2146,0.7529789625823029,23444,0.0415609442749317,0.015288260799743,pixel_reliability=0 AND MODLAND_QA(bits0-1)=0 AND VI range -2000..10000,MOD13Q1 V061 Terra 250m 16-day
SO2802,Afmadow,SO28,Lower Juba,2023-04-07,0.4624263122701437,0.4433,0.2842148110999666,0.2804,0.1921310422354263,5982,0.278818050425566,0.1721535249718966,pixel_reliability=0 AND MODLAND_QA(bits0-1)=0 AND VI range -2000..10000,MOD13Q1 V061 Terra 250m 16-day
SO2802,Afmadow,SO28,Lower Juba,2023-04-23,0.4638340974212034,0.4652,0.285015759312321,0.2635,0.0112092500401477,349,0.1768748996306407,0.5404849847438574,pixel_reliability=0 AND MODLAND_QA(bits0-1)=0 AND VI range -2000..10000,MOD13Q1 V061 Terra 250m 16-day
SO2802,Afmadow,SO28,Lower Juba,2023-05-09,0.5042478916203122,0.4933,0.3212574077396973,0.3209,0.5369841014934961,16719,0.2070017665007226,0.0079653123494459,pixel_reliability=0 AND MODLAND_QA(bits0-1)=0 AND VI range -2000..10000,MOD13Q1 V061 Terra 250m 16-day
SO2802,Afmadow,SO28,Lower Juba,2023-05-25,0.5900807339449542,0.6104,0.3915605504587156,0.4027,0.0175044162518066,545,0.4915047374337562,0.1409025212783041,pixel_reliability=0 AND MODLAND_QA(bits0-1)=0 AND VI range -2000..10000,MOD13Q1 V061 Terra 250m 16-day
SO2802,Afmadow,SO28,Lower Juba,2023-06-10,0.3309859852408078,0.3249,0.2181979414810979,0.2167,0.4961618757025855,15448,0.2790749959852256,0.0532840854343985,pixel_reliability=0 AND MODLAND_QA(bits0-1)=0 AND VI range -2000..10000,MOD13Q1 V061 Terra 250m 16-day
SO2802,Afmadow,SO28,Lower Juba,2023-06-26,0.356325,0.3304,0.242865306122449,0.2264,0.0062951662116589,196,0.3057330977999036,0.4177613618114661,pixel_reliability=0 AND MODLAND_QA(bits0-1)=0 AND VI range -2000..10000,MOD13Q1 V061 Terra 250m 16-day
SO2802,Afmadow,SO28,Lower Juba,2023-07-12,0.2875854616895875,0.2758,0.1882762278978389,0.1846,0.0163481612333386,509,0.5553557090091537,0.1212461859643488,pixel_reliability=0 AND MODLAND_QA(bits0-1)=0 AND VI range -2000..10000,MOD13Q1 V061 Terra 250m 16-day
SO2802,Afmadow,SO28,Lower Juba,2023-07-28,0.2603537894736842,0.2508,0.1712776842105263,0.1693,0.0305122852095712,950,0.3383973020716235,0.3416412397623253,pixel_reliability=0 AND MODLAND_QA(bits0-1)=0 AND VI range -2000..10000,MOD13Q1 V061 Terra 250m 16-day
SO2802,Afmadow,SO28,Lower Juba,2023-08-13,0.3074405818181818,0.313,0.2138538181818181,0.2161,0.0441625180664846,1375,0.535603019110326,0.1129918098602858,pixel_reliability=0 AND MODLAND_QA(bits0-1)=0 AND VI range -2000..10000,MOD13Q1 V061 Terra 250m 16-day
SO2802,Afmadow,SO28,Lower Juba,2023-08-29,0.2669889379938396,0.2618,0.1679554439533949,0.1644,0.2398265617472298,7467,0.3407098121085595,0.0710775654408222,pixel_reliability=0 AND MODLAND_QA(bits0-1)=0 AND VI range -2000..10000,MOD13Q1 V061 Terra 250m 16-day
SO2802,Afmadow,SO28,Lower Juba,2023-09-14,0.2897266666666667,0.25405,0.1950899999999999,0.17715,0.0019270916974466,60,0.3166211658904769,0.3546812269150474,pixel_reliability=0 AND MODLAND_QA(bits0-1)=0 AND VI range -2000..10000,MOD13Q1 V061 Terra 250m 16-day
SO2802,Afmadow,SO28,Lower Juba,2023-09-30,0.2641483766233766,0.2388,0.1667297077922078,0.15855,0.0197848080937851,616,0.7268026336919865,0.1063112253091376,pixel_reliability=0 AND MODLAND_QA(bits0-1)=0 AND VI range -2000..10000,MOD13Q1 V061 Terra 250m 16-day
SO2802,Afmadow,SO28,Lower Juba,2023-10-16,0.408696879875195,0.3637,0.2562520280811232,0.22415,0.0411755259354424,1282,0.3133772281997751,0.3172635297896258,pixel_reliability=0 AND MODLAND_QA(bits0-1)=0 AND VI range -2000..10000,MOD13Q1 V061 Terra 250m 16-day
SO2802,Afmadow,SO28,Lower Juba,2023-11-01,0.6344119345109867,0.6724,0.3685003446790177,0.3803,0.0745463304962261,2321,0.229195439216316,0.4080295487393608,pixel_reliability=0 AND MODLAND_QA(bits0-1)=0 AND VI range -2000..10000,MOD13Q1 V061 Terra 250m 16-day
SO2802,Afmadow,SO28,Lower Juba,2023-11-17,0.6499979172865219,0.6453,0.435131329961321,0.4339,0.1079492532519672,3361,0.3847759755901718,0.2061666934318291,pixel_reliability=0 AND MODLAND_QA(bits0-1)=0 AND VI range -2000..10000,MOD13Q1 V061 Terra 250m 16-day
SO2802,Afmadow,SO28,Lower Juba,2023-12-03,0.6711465310914185,0.6764,0.4324635840339317,0.4397,0.8481130560462502,26406,0.0364541512766982,0.0,pixel_reliability=0 AND MODLAND_QA(bits0-1)=0 AND VI range -2000..10000,MOD13Q1 V061 Terra 250m 16-day
SO2802,Afmadow,SO28,Lower Juba,2023-12-19,0.6020631225446711,0.598,0.3863800447767499,0.3832,0.7603340292275574,23673,0.1241368235105187,0.0012204914083828,pixel_reliability=0 AND MODLAND_QA(bits0-1)=0 AND VI range -2000..10000,MOD13Q1 V061 Terra 250m 16-day
SO2803,Badhaadhe,SO28,Lower Juba,2023-01-01,0.4348843359818388,0.4248,0.2747540295119183,0.275,0.0760597427264093,881,0.5963912630579298,0.0404903738237071,pixel_reliability=0 AND MODLAND_QA(bits0-1)=0 AND VI range -2000..10000,MOD13Q1 V061 Terra 250m 16-day
SO2803,Badhaadhe,SO28,Lower Juba,2023-01-17,0.5145909531680442,0.5222,0.3011724628099174,0.3042,0.7834757834757835,9075,0.1071397738064404,0.0042303375636708,pixel_reliability=0 AND MODLAND_QA(bits0-1)=0 AND VI range -2000..10000,MOD13Q1 V061 Terra 250m 16-day
SO2803,Badhaadhe,SO28,Lower Juba,2023-02-02,0.4055546301688993,0.3917,0.252737565521258,0.2503,0.4447034447034447,5151,0.3541396874730208,0.0125183458516791,pixel_reliability=0 AND MODLAND_QA(bits0-1)=0 AND VI range -2000..10000,MOD13Q1 V061 Terra 250m 16-day
SO2803,Badhaadhe,SO28,Lower Juba,2023-03-06,0.3890365714285714,0.39735,0.2388117142857142,0.2469,0.0302166968833635,350,0.5528792195458863,0.1252697919364586,pixel_reliability=0 AND MODLAND_QA(bits0-1)=0 AND VI range -2000..10000,MOD13Q1 V061 Terra 250m 16-day
SO2803,Badhaadhe,SO28,Lower Juba,2023-03-22,0.4157085166784954,0.4036,0.2623727973233296,0.258,0.8515065181731848,9863,0.0198566865233531,0.0070793404126737,pixel_reliability=0 AND MODLAND_QA(bits0-1)=0 AND VI range -2000..10000,MOD13Q1 V061 Terra 250m 16-day
SO2803,Badhaadhe,SO28,Lower Juba,2023-04-07,0.5060787261146497,0.5315,0.3449635668789809,0.363,0.0677717344384011,785,0.3190883190883191,0.2255892255892256,pixel_reliability=0 AND MODLAND_QA(bits0-1)=0 AND VI range -2000..10000,MOD13Q1 V061 Terra 250m 16-day
SO2803,Badhaadhe,SO28,Lower Juba,2023-04-23,0.5765975103734439,0.5776,0.3779736514522822,0.38355,0.0416127082793749,482,0.4074074074074074,0.188724855391522,pixel_reliability=0 AND MODLAND_QA(bits0-1)=0 AND VI range -2000..10000,MOD13Q1 V061 Terra 250m 16-day
SO2803,Badhaadhe,SO28,Lower Juba,2023-05-09,0.5520913580246913,0.5527000000000001,0.3390375925925926,0.33535,0.1398601398601398,1620,0.5341448674782008,0.0206336873003539,pixel_reliability=0 AND MODLAND_QA(bits0-1)=0 AND VI range -2000..10000,MOD13Q1 V061 Terra 250m 16-day
SO2803,Badhaadhe,SO28,Lower Juba,2023-05-25,0.6146318376068376,0.6355500000000001,0.3684997863247863,0.38125,0.0404040404040404,468,0.5561598894932228,0.07338340671674,pixel_reliability=0 AND MODLAND_QA(bits0-1)=0 AND VI range -2000..10000,MOD13Q1 V061 Terra 250m 16-day
SO2803,Badhaadhe,SO28,Lower Juba,2023-06-10,0.4992531914893617,0.49885,0.3156585106382978,0.3173,0.0081153414486747,94,0.502978502978503,0.1672278338945005,pixel_reliability=0 AND MODLAND_QA(bits0-1)=0 AND VI range -2000..10000,MOD13Q1 V061 Terra 250m 16-day
SO2803,Badhaadhe,SO28,Lower Juba,2023-06-26,0.5517068354430381,0.5678000000000001,0.3114886075949367,0.3146,0.1023051023051023,1185,0.4588621255287922,0.1256151256151256,pixel_reliability=0 AND MODLAND_QA(bits0-1)=0 AND VI range -2000..10000,MOD13Q1 V061 Terra 250m 16-day
SO2803,Badhaadhe,SO28,Lower Juba,2023-07-12,0.5893529780564264,0.6049,0.3431905956112853,0.3475,0.0275403608736942,319,0.5851679185012518,0.1147371147371147,pixel_reliability=0 AND MODLAND_QA(bits0-1)=0 AND VI range -2000..10000,MOD13Q1 V061 Terra 250m 16-day
SO2803,Badhaadhe,SO28,Lower Juba,2023-07-28,0.4566194736842105,0.46535,0.2845847368421053,0.28765,0.016403349736683,190,0.5060001726668394,0.2002072002072002,pixel_reliability=0 AND MODLAND_QA(bits0-1)=0 AND VI range -2000..10000,MOD13Q1 V061 Terra 250m 16-day
SO2803,Badhaadhe,SO28,Lower Juba,2023-08-13,0.3737753968253968,0.38235,0.2343301587301587,0.2386,0.0108780108780108,126,0.4062850729517396,0.2465682465682465,pixel_reliability=0 AND MODLAND_QA(bits0-1)=0 AND VI range -2000..10000,MOD13Q1 V061 Terra 250m 16-day
SO2803,Badhaadhe,SO28,Lower Juba,2023-08-29,0.3375837628865979,0.31745,0.1985917525773196,0.19085,0.0334973668307001,388,0.5594405594405595,0.0881464214797548,pixel_reliability=0 AND MODLAND_QA(bits0-1)=0 AND VI range -2000..10000,MOD13Q1 V061 Terra 250m 16-day
SO2803,Badhaadhe,SO28,Lower Juba,2023-09-14,0.3526804347826086,0.3427,0.2127913043478261,0.2131,0.0039713373046706,46,0.3641543641543641,0.2814469481136147,pixel_reliability=0 AND MODLAND_QA(bits0-1)=0 AND VI range -2000..10000,MOD13Q1 V061 Terra 250m 16-day
SO2803,Badhaadhe,SO28,Lower Juba,2023-09-30,0.3340605714285715,0.3202,0.230868,0.2299,0.0151083484416817,175,0.6274712941379608,0.1507381507381507,pixel_reliability=0 AND MODLAND_QA(bits0-1)=0 AND VI range -2000..10000,MOD13Q1 V061 Terra 250m 16-day
SO2803,Badhaadhe,SO28,Lower Juba,2023-10-16,0.372812380952381,0.35385,0.2311228571428571,0.21585,0.0181300181300181,210,0.3157213157213157,0.3041526374859708,pixel_reliability=0 AND MODLAND_QA(bits0-1)=0 AND VI range -2000..10000,MOD13Q1 V061 Terra 250m 16-day
SO2803,Badhaadhe,SO28,Lower Juba,2023-11-01,0.5311923076923077,0.5472,0.3395884615384615,0.3456,0.0022446689113355,26,0.2492445825779159,0.4357247690581023,pixel_reliability=0 AND MODLAND_QA(bits0-1)=0 AND VI range -2000..10000,MOD13Q1 V061 Terra 250m 16-day
SO2803,Badhaadhe,SO28,Lower Juba,2023-11-17,0.721734251534708,0.7225,0.4741403746261609,0.4682,0.5484762151428818,6353,0.2009842009842009,0.0297850297850297,pixel_reliability=0 AND MODLAND_QA(bits0-1)=0 AND VI range -2000..10000,MOD13Q1 V061 Terra 250m 16-day
SO2803,Badhaadhe,SO28,Lower Juba,2023-12-03,0.7014933637747337,0.7096,0.4445691628614917,0.4432,0.2836052836052836,3285,0.3003539670206336,0.157990157990158,pixel_reliability=0 AND MODLAND_QA(bits0-1)=0 AND VI range -2000..10000,MOD13Q1 V061 Terra 250m 16-day
SO2803,Badhaadhe,SO28,Lower Juba,2023-12-19,0.6840841949086366,0.6911,0.4233070279556457,0.4214,0.5527928861262195,6403,0.2118622118622118,0.0104463437796771,pixel_reliability=0 AND MODLAND_QA(bits0-1)=0 AND VI range -2000..10000,MOD13Q1 V061 Terra 250m 16-day
SO2804,Jamaame,SO28,Lower Juba,2023-01-01,0.3547624000000001,0.3209,0.2205704,0.2022,0.147001176009408,375,0.5041160329282635,0.0337122696981575,pixel_reliability=0 AND MODLAND_QA(bits0-1)=0 AND VI range -2000..10000,MOD13Q1 V061 Terra 250m 16-day
SO2804,Jamaame,SO28,Lower Juba,2023-01-17,0.3345053780617678,0.2991,0.2093987752928647,0.1873,0.7361818894551156,1878,0.0544884359074872,0.0027440219521756,pixel_reliability=0 AND MODLAND_QA(bits0-1)=0 AND VI range -2000..10000,MOD13Q1 V061 Terra 250m 16-day
SO2804,Jamaame,SO28,Lower Juba,2023-02-02,0.343418820861678,0.3097,0.1985931972789116,0.1821,0.5186201489611917,1323,0.1767934143473147,0.004704037632301,pixel_reliability=0 AND MODLAND_QA(bits0-1)=0 AND VI range -2000..10000,MOD13Q1 V061 Terra 250m 16-day
SO2804,Jamaame,SO28,Lower Juba,2023-03-06,0.2466839743589744,0.2393,0.1611448717948718,0.1515,0.0611524892199137,156,0.3582908663269306,0.1756174049392395,pixel_reliability=0 AND MODLAND_QA(bits0-1)=0 AND VI range -2000..10000,MOD13Q1 V061 Terra 250m 16-day
SO2804,Jamaame,SO28,Lower Juba,2023-03-22,0.2928203059805285,0.2745,0.1788406815020862,0.16755,0.5637005096040768,1438,0.1136809094472755,0.0246961975695805,pixel_reliability=0 AND MODLAND_QA(bits0-1)=0 AND VI range -2000..10000,MOD13Q1 V061 Terra 250m 16-day
SO2804,Jamaame,SO28,Lower Juba,2023-04-07,0.3114547222222222,0.28685,0.1841072222222222,0.1725,0.1411211289690317,360,0.3218345746765974,0.1081928655429243,pixel_reliability=0 AND MODLAND_QA(bits0-1)=0 AND VI range -2000..10000,MOD13Q1 V061 Terra 250m 16-day
SO2804,Jamaame,SO28,Lower Juba,2023-04-23,0.28580625,0.3144,0.185165625,0.1892,0.0125441003528028,32,0.1748333986671893,0.5413563308506468,pixel_reliability=0 AND MODLAND_QA(bits0-1)=0 AND VI range -2000..10000,MOD13Q1 V061 Terra 250m 16-day
SO2804,Jamaame,SO28,Lower Juba,2023-05-09,0.4190329439252336,0.4068,0.253957476635514,0.2494,0.1677773422187377,428,0.3896511172089377,0.039984319874559,pixel_reliability=0 AND MODLAND_QA(bits0-1)=0 AND VI range -2000..10000,MOD13Q1 V061 Terra 250m 16-day
SO2804,Jamaame,SO28,Lower Juba,2023-05-25,0.392919801980198,0.3866,0.2500574257425743,0.2406,0.0395923167385339,101,0.3908271266170129,0.2304978439827518,pixel_reliability=0 AND MODLAND_QA(bits0-1)=0 AND VI range -2000..10000,MOD13Q1 V061 Terra 250m 16-day
SO2804,Jamaame,SO28,Lower Juba,2023-06-10,0.3762193675889328,0.352,0.2388462450592885,0.2223,0.0991767934143473,253,0.6107408859270874,0.0325362602900823,pixel_reliability=0 AND MODLAND_QA(bits0-1)=0 AND VI range -2000..10000,MOD13Q1 V061 Terra 250m 16-day
SO2804,Jamaame,SO28,Lower Juba,2023-06-26,0.255026,0.28125,0.162336,0.17755,0.0196001568012544,50,0.2257938063504508,0.4574676597412779,pixel_reliability=0 AND MODLAND_QA(bits0-1)=0 AND VI range -2000..10000,MOD13Q1 V061 Terra 250m 16-day
SO2804,Jamaame,SO28,Lower Juba,2023-07-12,0.2625315217391304,0.2611,0.1646326086956522,0.1643,0.0360642885143081,92,0.5527244217953744,0.1097608780870247,pixel_reliability=0 AND MODLAND_QA(bits0-1)=0 AND VI range -2000..10000,MOD13Q1 V061 Terra 250m 16-day
SO2804,Jamaame,SO28,Lower Juba,2023-07-28,0.2790410256410257,0.2433,0.1695333333333333,0.1375,0.0152881223049784,39,0.4390435123480988,0.3547628381027048,pixel_reliability=0 AND MODLAND_QA(bits0-1)=0 AND VI range -2000..10000,MOD13Q1 V061 Terra 250m 16-day
SO2804,Jamaame,SO28,Lower Juba,2023-08-13,0.2684590551181102,0.2909,0.1719031496062992,0.1963,0.0497843982751862,127,0.475891807134457,0.1195609564876519,pixel_reliability=0 AND MODLAND_QA(bits0-1)=0 AND VI range -2000..10000,MOD13Q1 V061 Terra 250m 16-day
SO2804,Jamaame,SO28,Lower Juba,2023-08-29,0.2981582914572864,0.3043,0.1863964824120603,0.1864,0.0780086240689925,199,0.4304194433555468,0.1568012544100352,pixel_reliability=0 AND MODLAND_QA(bits0-1)=0 AND VI range -2000..10000,MOD13Q1 V061 Terra 250m 16-day
SO2804,Jamaame,SO28,Lower Juba,2023-09-14,0.2958146892655367,0.3035,0.1976322033898305,0.2008,0.0693845550764406,177,0.4370834966679733,0.147001176009408,pixel_reliability=0 AND MODLAND_QA(bits0-1)=0 AND VI range -2000..10000,MOD13Q1 V061 Terra 250m 16-day
SO2804,Jamaame,SO28,Lower Juba,2023-09-30,0.3926566666666666,0.3595,0.2312025,0.2176,0.0940807526460211,240,0.4672677381419051,0.1148569188553508,pixel_reliability=0 AND MODLAND_QA(bits0-1)=0 AND VI range -2000..10000,MOD13Q1 V061 Terra 250m 16-day
SO2804,Jamaame,SO28,Lower Juba,2023-10-16,0.2721755395683454,0.2513,0.1700748201438849,0.1553,0.0544884359074872,139,0.3100744805958447,0.2642101136809094,pixel_reliability=0 AND MODLAND_QA(bits0-1)=0 AND VI range -2000..10000,MOD13Q1 V061 Terra 250m 16-day
SO2804,Jamaame,SO28,Lower Juba,2023-11-01,0.5560532066508315,0.5842,0.3005574821852732,0.2993,0.1650333202665621,421,0.1250490003920031,0.3994511956095649,pixel_reliability=0 AND MODLAND_QA(bits0-1)=0 AND VI range -2000..10000,MOD13Q1 V061 Terra 250m 16-day
SO2804,Jamaame,SO28,Lower Juba,2023-11-17,0.4016279069767441,0.4356,0.231206976744186,0.2563,0.0168561348490787,43,0.3849470795766366,0.404547236377891,pixel_reliability=0 AND MODLAND_QA(bits0-1)=0 AND VI range -2000..10000,MOD13Q1 V061 Terra 250m 16-day
SO2804,Jamaame,SO28,Lower Juba,2023-12-03,0.5426647969052225,0.5867,0.3227092843326886,0.3271,0.2026656213249706,517,0.3516268130145041,0.1105448843590748,pixel_reliability=0 AND MODLAND_QA(bits0-1)=0 AND VI range -2000..10000,MOD13Q1 V061 Terra 250m 16-day
SO2804,Jamaame,SO28,Lower Juba,2023-12-19,0.376442662116041,0.3853,0.2600286689419795,0.2704,0.1148569188553508,293,0.3916111328890631,0.0858486867894943,pixel_reliability=0 AND MODLAND_QA(bits0-1)=0 AND VI range -2000..10000,MOD13Q1 V061 Terra 250m 16-day
Unspecified,Unspecified,SO22,Banadir,2023-01-01,0.2021777777777778,0.2026,0.1565380952380952,0.1569,0.375,63,0.1964285714285714,0.0535714285714285,pixel_reliability=0 AND MODLAND_QA(bits0-1)=0 AND VI range -2000..10000,MOD13Q1 V061 Terra 250m 16-day
Unspecified,Unspecified,SO22,Banadir,2023-01-17,0.1954269841269841,0.1985,0.1556873015873016,0.1546,0.375,63,0.1309523809523809,0.0535714285714285,pixel_reliability=0 AND MODLAND_QA(bits0-1)=0 AND VI range -2000..10000,MOD13Q1 V061 Terra 250m 16-day
Unspecified,Unspecified,SO22,Banadir,2023-02-02,0.1760833333333333,0.17565,0.1431333333333333,0.14565,0.0714285714285714,12,0.5476190476190477,0.0892857142857142,pixel_reliability=0 AND MODLAND_QA(bits0-1)=0 AND VI range -2000..10000,MOD13Q1 V061 Terra 250m 16-day
Unspecified,Unspecified,SO22,Banadir,2023-03-06,0.191375,0.19155,0.142815625,0.14135,0.3809523809523809,64,0.1666666666666666,0.0833333333333333,pixel_reliability=0 AND MODLAND_QA(bits0-1)=0 AND VI range -2000..10000,MOD13Q1 V061 Terra 250m 16-day
Unspecified,Unspecified,SO22,Banadir,2023-03-22,0.2066818181818182,0.2061,0.1617,0.1615,0.0654761904761904,11,0.3392857142857143,0.1369047619047619,pixel_reliability=0 AND MODLAND_QA(bits0-1)=0 AND VI range -2000..10000,MOD13Q1 V061 Terra 250m 16-day
Unspecified,Unspecified,SO22,Banadir,2023-04-07,0.2194,0.2221,0.1727037037037037,0.1777,0.1607142857142857,27,0.2619047619047619,0.0535714285714285,pixel_reliability=0 AND MODLAND_QA(bits0-1)=0 AND VI range -2000..10000,MOD13Q1 V061 Terra 250m 16-day
Unspecified,Unspecified,SO22,Banadir,2023-04-23,0.2763416666666666,0.28805,0.2074833333333333,0.21185,0.0714285714285714,12,0.125,0.5059523809523809,pixel_reliability=0 AND MODLAND_QA(bits0-1)=0 AND VI range -2000..10000,MOD13Q1 V061 Terra 250m 16-day
Unspecified,Unspecified,SO22,Banadir,2023-05-09,,,,,0.0,0,0.0952380952380952,0.6964285714285714,pixel_reliability=0 AND MODLAND_QA(bits0-1)=0 AND VI range -2000..10000,MOD13Q1 V061 Terra 250m 16-day
Unspecified,Unspecified,SO22,Banadir,2023-05-25,0.226575,0.2091,0.182825,0.1765,0.0238095238095238,4,0.2321428571428571,0.375,pixel_reliability=0 AND MODLAND_QA(bits0-1)=0 AND VI range -2000..10000,MOD13Q1 V061 Terra 250m 16-day
Unspecified,Unspecified,SO22,Banadir,2023-06-10,0.210925,0.20455,0.17325,0.16945,0.0238095238095238,4,0.1845238095238095,0.5,pixel_reliability=0 AND MODLAND_QA(bits0-1)=0 AND VI range -2000..10000,MOD13Q1 V061 Terra 250m 16-day
Unspecified,Unspecified,SO22,Banadir,2023-06-26,,,,,0.0,0,0.0476190476190476,0.8035714285714286,pixel_reliability=0 AND MODLAND_QA(bits0-1)=0 AND VI range -2000..10000,MOD13Q1 V061 Terra 250m 16-day
Unspecified,Unspecified,SO22,Banadir,2023-07-12,,,,,0.0,0,0.0297619047619047,0.8690476190476191,pixel_reliability=0 AND MODLAND_QA(bits0-1)=0 AND VI range -2000..10000,MOD13Q1 V061 Terra 250m 16-day
Unspecified,Unspecified,SO22,Banadir,2023-07-28,0.2019,0.2067,0.1600333333333333,0.1572,0.0178571428571428,3,0.0773809523809523,0.6547619047619048,pixel_reliability=0 AND MODLAND_QA(bits0-1)=0 AND VI range -2000..10000,MOD13Q1 V061 Terra 250m 16-day
Unspecified,Unspecified,SO22,Banadir,2023-08-13,0.198575,0.20525,0.15375,0.15885,0.0238095238095238,4,0.1130952380952381,0.5773809523809523,pixel_reliability=0 AND MODLAND_QA(bits0-1)=0 AND VI range -2000..10000,MOD13Q1 V061 Terra 250m 16-day
Unspecified,Unspecified,SO22,Banadir,2023-08-29,0.18352,0.1765,0.1492399999999999,0.1494,0.0297619047619047,5,0.3095238095238095,0.3511904761904761,pixel_reliability=0 AND MODLAND_QA(bits0-1)=0 AND VI range -2000..10000,MOD13Q1 V061 Terra 250m 16-day
Unspecified,Unspecified,SO22,Banadir,2023-09-14,0.1870636363636363,0.1873,0.1434818181818181,0.1462,0.0654761904761904,11,0.3809523809523809,0.2083333333333333,pixel_reliability=0 AND MODLAND_QA(bits0-1)=0 AND VI range -2000..10000,MOD13Q1 V061 Terra 250m 16-day
Unspecified,Unspecified,SO22,Banadir,2023-09-30,0.187404,0.1845,0.147764,0.1435,0.1488095238095238,25,0.2142857142857142,0.2083333333333333,pixel_reliability=0 AND MODLAND_QA(bits0-1)=0 AND VI range -2000..10000,MOD13Q1 V061 Terra 250m 16-day
Unspecified,Unspecified,SO22,Banadir,2023-10-16,0.1942818181818181,0.1978,0.1480727272727272,0.1481,0.1964285714285714,33,0.2023809523809523,0.1130952380952381,pixel_reliability=0 AND MODLAND_QA(bits0-1)=0 AND VI range -2000..10000,MOD13Q1 V061 Terra 250m 16-day
Unspecified,Unspecified,SO22,Banadir,2023-11-01,,,,,0.0,0,0.0238095238095238,0.8273809523809523,pixel_reliability=0 AND MODLAND_QA(bits0-1)=0 AND VI range -2000..10000,MOD13Q1 V061 Terra 250m 16-day
Unspecified,Unspecified,SO22,Banadir,2023-11-17,,,,,0.0,0,0.0059523809523809,0.9821428571428572,pixel_reliability=0 AND MODLAND_QA(bits0-1)=0 AND VI range -2000..10000,MOD13Q1 V061 Terra 250m 16-day
Unspecified,Unspecified,SO22,Banadir,2023-12-03,0.3228666666666667,0.3224,0.2557,0.25485,0.0357142857142857,6,0.1369047619047619,0.4583333333333333,pixel_reliability=0 AND MODLAND_QA(bits0-1)=0 AND VI range -2000..10000,MOD13Q1 V061 Terra 250m 16-day
Unspecified,Unspecified,SO22,Banadir,2023-12-19,0.2701230769230769,0.264,0.2046692307692308,0.2024,0.0773809523809523,13,0.2559523809523809,0.244047619047619,pixel_reliability=0 AND MODLAND_QA(bits0-1)=0 AND VI range -2000..10000,MOD13Q1 V061 Terra 250m 16-day
