district_id,district_name,region_id,region_name,date,ndvi_mean,ndvi_median,evi_mean,evi_median,valid_pixel_fraction,good_pixel_count,marginal_pixel_fraction,cloudy_pixel_fraction,qa_rule,source_version
SO1101,Borama,SO11,Awdal,2016-01-01,0.16750441224892987,0.16140000000000002,0.10432627593019428,0.10490000000000001,0.8302351011481685,3037,0.0377255330781848,0.0,pixel_reliability=0 AND MODLAND_QA(bits0-1)=0 AND VI range -2000..10000,MOD13Q1 V061 Terra 250m 16-day
SO1101,Borama,SO11,Awdal,2016-01-17,0.1558269277845777,0.1537,0.1001817319461444,0.10085,0.8933843630399125,3268,0.0317113176599234,0.0,pixel_reliability=0 AND MODLAND_QA(bits0-1)=0 AND VI range -2000..10000,MOD13Q1 V061 Terra 250m 16-day
SO1101,Borama,SO11,Awdal,2016-02-02,0.1580206332992849,0.1518,0.1010160027238678,0.102,0.8028977583378896,2937,0.0008201202843083,0.0,pixel_reliability=0 AND MODLAND_QA(bits0-1)=0 AND VI range -2000..10000,MOD13Q1 V061 Terra 250m 16-day
SO1101,Borama,SO11,Awdal,2016-02-18,0.1431220628792057,0.1394,0.0993169056811914,0.0996,0.9912520503007108,3626,0.0032804811372334,0.0,pixel_reliability=0 AND MODLAND_QA(bits0-1)=0 AND VI range -2000..10000,MOD13Q1 V061 Terra 250m 16-day
SO1101,Borama,SO11,Awdal,2016-03-05,0.1400183551508252,0.137,0.097327546955037,0.0966,0.9606342263531984,3514,0.0,0.0,pixel_reliability=0 AND MODLAND_QA(bits0-1)=0 AND VI range -2000..10000,MOD13Q1 V061 Terra 250m 16-day
SO1101,Borama,SO11,Awdal,2016-03-21,0.1348154165513423,0.1323,0.0927574591752006,0.093,0.9876981957353744,3613,0.0005467468562055,0.0,pixel_reliability=0 AND MODLAND_QA(bits0-1)=0 AND VI range -2000..10000,MOD13Q1 V061 Terra 250m 16-day
SO1101,Borama,SO11,Awdal,2016-04-06,0.1934678995115143,0.186,0.1225951151430565,0.1235,0.7834882449425916,2866,0.1232914160743575,0.0013668671405139,pixel_reliability=0 AND MODLAND_QA(bits0-1)=0 AND VI range -2000..10000,MOD13Q1 V061 Terra 250m 16-day
SO1101,Borama,SO11,Awdal,2016-04-22,0.2105020588235294,0.2019,0.1472245882352941,0.1426,0.9294696555494806,3400,0.0183160196828868,0.0,pixel_reliability=0 AND MODLAND_QA(bits0-1)=0 AND VI range -2000..10000,MOD13Q1 V061 Terra 250m 16-day
SO1101,Borama,SO11,Awdal,2016-05-08,0.2799045296167248,0.2677,0.2004626544187519,0.1969,0.863039912520503,3157,0.0133952979770366,0.0,pixel_reliability=0 AND MODLAND_QA(bits0-1)=0 AND VI range -2000..10000,MOD13Q1 V061 Terra 250m 16-day
SO1101,Borama,SO11,Awdal,2016-05-24,0.2623465757238307,0.24985,0.1811592427616926,0.1759,0.981957353745216,3592,0.0016402405686167,0.0,pixel_reliability=0 AND MODLAND_QA(bits0-1)=0 AND VI range -2000..10000,MOD13Q1 V061 Terra 250m 16-day
SO1101,Borama,SO11,Awdal,2016-06-09,0.2171284025462261,0.2103,0.1586613519248257,0.156,0.901858939311099,3299,0.0191361399671951,0.0,pixel_reliability=0 AND MODLAND_QA(bits0-1)=0 AND VI range -2000..10000,MOD13Q1 V061 Terra 250m 16-day
SO1101,Borama,SO11,Awdal,2016-06-25,0.1959809523809524,0.1911,0.1359082383873795,0.1338,0.9357572443958448,3423,0.0087479496992892,0.0,pixel_reliability=0 AND MODLAND_QA(bits0-1)=0 AND VI range -2000..10000,MOD13Q1 V061 Terra 250m 16-day
SO1101,Borama,SO11,Awdal,2016-07-11,0.1894814277251185,0.1822,0.129802962085308,0.1244,0.9229086932750136,3376,0.0095680699835975,0.0,pixel_reliability=0 AND MODLAND_QA(bits0-1)=0 AND VI range -2000..10000,MOD13Q1 V061 Terra 250m 16-day
SO1101,Borama,SO11,Awdal,2016-07-27,0.2263017233950883,0.2115,0.1508298578199052,0.1445,0.634499726626572,2321,0.0956806998359759,0.0,pixel_reliability=0 AND MODLAND_QA(bits0-1)=0 AND VI range -2000..10000,MOD13Q1 V061 Terra 250m 16-day
SO1101,Borama,SO11,Awdal,2016-08-12,0.2595434568616097,0.2509,0.1788459467284308,0.1764,0.9442318206670312,3454,0.0087479496992892,0.0,pixel_reliability=0 AND MODLAND_QA(bits0-1)=0 AND VI range -2000..10000,MOD13Q1 V061 Terra 250m 16-day
SO1101,Borama,SO11,Awdal,2016-08-28,0.2412428083167189,0.2333,0.16865032754201081,0.1658,0.9598141060688901,3511,0.005467468562055768,0.0,pixel_reliability=0 AND MODLAND_QA(bits0-1)=0 AND VI range -2000..10000,MOD13Q1 V061 Terra 250m 16-day
SO1101,Borama,SO11,Awdal,2016-09-13,0.2251169505494505,0.22,0.1560108516483516,0.15435,0.9950792782941498,3640,0.0008201202843083,0.0,pixel_reliability=0 AND MODLAND_QA(bits0-1)=0 AND VI range -2000..10000,MOD13Q1 V061 Terra 250m 16-day
SO1101,Borama,SO11,Awdal,2016-09-29,0.2101357933579336,0.2035,0.1417910768198591,0.1388,0.8149261891744123,2981,0.0010934937124111,0.0,pixel_reliability=0 AND MODLAND_QA(bits0-1)=0 AND VI range -2000..10000,MOD13Q1 V061 Terra 250m 16-day
SO1101,Borama,SO11,Awdal,2016-10-15,0.2007142464246424,0.1942,0.1359740374037404,0.1341,0.9939857845817388,3636,0.0,0.0,pixel_reliability=0 AND MODLAND_QA(bits0-1)=0 AND VI range -2000..10000,MOD13Q1 V061 Terra 250m 16-day
SO1101,Borama,SO11,Awdal,2016-10-31,0.1888452020896343,0.1836,0.1263528457519934,0.126,0.9942591580098414,3637,0.0005467468562055,0.0,pixel_reliability=0 AND MODLAND_QA(bits0-1)=0 AND VI range -2000..10000,MOD13Q1 V061 Terra 250m 16-day
SO1101,Borama,SO11,Awdal,2016-11-16,0.1869017818740399,0.1808,0.1201775729646697,0.1196,0.8898305084745762,3255,0.0021869874248223,0.0,pixel_reliability=0 AND MODLAND_QA(bits0-1)=0 AND VI range -2000..10000,MOD13Q1 V061 Terra 250m 16-day
SO1101,Borama,SO11,Awdal,2016-12-02,0.1892372144233416,0.1812,0.1217064684833471,0.1209,0.9931656642974304,3633,0.0002733734281027,0.0,pixel_reliability=0 AND MODLAND_QA(bits0-1)=0 AND VI range -2000..10000,MOD13Q1 V061 Terra 250m 16-day
SO1101,Borama,SO11,Awdal,2016-12-18,0.176726083032491,0.1693,0.1167511732851985,0.11485,0.9086932750136688,3324,0.0005467468562055,0.0,pixel_reliability=0 AND MODLAND_QA(bits0-1)=0 AND VI range -2000..10000,MOD13Q1 V061 Terra 250m 16-day
SO1102,Baki,SO11,Awdal,2016-01-01,0.15376367218282114,0.1421,0.09857809298660361,0.0936,0.33185146443514646,1269,0.33865062761506276,0.010983263598326359,pixel_reliability=0 AND MODLAND_QA(bits0-1)=0 AND VI range -2000..10000,MOD13Q1 V061 Terra 250m 16-day
SO1102,Baki,SO11,Awdal,2016-01-17,0.1443633795309168,0.1355,0.0936786247334754,0.09015,0.4905857740585774,1876,0.2578451882845188,0.0305962343096234,pixel_reliability=0 AND MODLAND_QA(bits0-1)=0 AND VI range -2000..10000,MOD13Q1 V061 Terra 250m 16-day
SO1102,Baki,SO11,Awdal,2016-02-02,0.1372716319824753,0.1293,0.0932575027382256,0.0894,0.477510460251046,1826,0.225418410041841,0.0,pixel_reliability=0 AND MODLAND_QA(bits0-1)=0 AND VI range -2000..10000,MOD13Q1 V061 Terra 250m 16-day
SO1102,Baki,SO11,Awdal,2016-02-18,0.1254498377208799,0.1178,0.0869372160115398,0.0819,0.7251569037656904,2773,0.1477510460251046,0.0128138075313807,pixel_reliability=0 AND MODLAND_QA(bits0-1)=0 AND VI range -2000..10000,MOD13Q1 V061 Terra 250m 16-day
SO1102,Baki,SO11,Awdal,2016-03-05,0.1175997172745264,0.1105,0.0823887192536047,0.0779,0.92494769874477,3537,0.0067991631799163,0.0,pixel_reliability=0 AND MODLAND_QA(bits0-1)=0 AND VI range -2000..10000,MOD13Q1 V061 Terra 250m 16-day
SO1102,Baki,SO11,Awdal,2016-03-21,0.1145259953161592,0.1078,0.0781702910672465,0.0739,0.7816422594142259,2989,0.1317991631799163,0.0039225941422594,pixel_reliability=0 AND MODLAND_QA(bits0-1)=0 AND VI range -2000..10000,MOD13Q1 V061 Terra 250m 16-day
SO1102,Baki,SO11,Awdal,2016-04-06,0.130576610738255,0.1153,0.0877509395973154,0.082,0.7792887029288703,2980,0.068776150627615,0.0002615062761506,pixel_reliability=0 AND MODLAND_QA(bits0-1)=0 AND VI range -2000..10000,MOD13Q1 V061 Terra 250m 16-day
SO1102,Baki,SO11,Awdal,2016-04-22,0.1684374147727272,0.16065,0.1174699999999999,0.1122,0.9205020920502092,3520,0.0203974895397489,0.0007845188284518,pixel_reliability=0 AND MODLAND_QA(bits0-1)=0 AND VI range -2000..10000,MOD13Q1 V061 Terra 250m 16-day
SO1102,Baki,SO11,Awdal,2016-05-08,0.1797403765102557,0.1621,0.127269794886204,0.1185,0.9307008368200836,3559,0.0109832635983263,0.0005230125523012,pixel_reliability=0 AND MODLAND_QA(bits0-1)=0 AND VI range -2000..10000,MOD13Q1 V061 Terra 250m 16-day
SO1102,Baki,SO11,Awdal,2016-05-24,0.1673883967391304,0.1515,0.1175019565217391,0.1109,0.9623430962343096,3680,0.0044456066945606,0.0005230125523012,pixel_reliability=0 AND MODLAND_QA(bits0-1)=0 AND VI range -2000..10000,MOD13Q1 V061 Terra 250m 16-day
SO1102,Baki,SO11,Awdal,2016-06-09,0.1461230769230769,0.13195,0.1070326782706344,0.0996,0.9314853556485356,3562,0.0141213389121338,0.0018305439330543,pixel_reliability=0 AND MODLAND_QA(bits0-1)=0 AND VI range -2000..10000,MOD13Q1 V061 Terra 250m 16-day
SO1102,Baki,SO11,Awdal,2016-06-25,0.1313252625760088,0.1177,0.0941388888888889,0.0873,0.9461297071129708,3618,0.0122907949790794,0.0018305439330543,pixel_reliability=0 AND MODLAND_QA(bits0-1)=0 AND VI range -2000..10000,MOD13Q1 V061 Terra 250m 16-day
SO1102,Baki,SO11,Awdal,2016-07-11,0.1280348739495798,0.1158,0.091096050420168,0.0846,0.9335774058577406,3570,0.0135983263598326,0.0002615062761506,pixel_reliability=0 AND MODLAND_QA(bits0-1)=0 AND VI range -2000..10000,MOD13Q1 V061 Terra 250m 16-day
SO1102,Baki,SO11,Awdal,2016-07-27,0.1364256371243819,0.1228,0.0968906808672499,0.0882,0.6875,2629,0.0436715481171548,0.0007845188284518,pixel_reliability=0 AND MODLAND_QA(bits0-1)=0 AND VI range -2000..10000,MOD13Q1 V061 Terra 250m 16-day
SO1102,Baki,SO11,Awdal,2016-08-12,0.1523574768896139,0.13765,0.1075077487765089,0.10135,0.9618200836820084,3678,0.0096757322175732,0.0002615062761506,pixel_reliability=0 AND MODLAND_QA(bits0-1)=0 AND VI range -2000..10000,MOD13Q1 V061 Terra 250m 16-day
SO1102,Baki,SO11,Awdal,2016-08-28,0.14555368536853686,0.1323,0.10436144114411441,0.0975,0.950836820083682,3636,0.00993723849372385,0.0,pixel_reliability=0 AND MODLAND_QA(bits0-1)=0 AND VI range -2000..10000,MOD13Q1 V061 Terra 250m 16-day
SO1102,Baki,SO11,Awdal,2016-09-13,0.1402269045064378,0.12545,0.0995339860515021,0.0924,0.9748953974895398,3728,0.0031380753138075,0.0,pixel_reliability=0 AND MODLAND_QA(bits0-1)=0 AND VI range -2000..10000,MOD13Q1 V061 Terra 250m 16-day
SO1102,Baki,SO11,Awdal,2016-09-29,0.134575688206317,0.1207,0.0954835989568241,0.0885,0.902458158995816,3451,0.0007845188284518,0.0,pixel_reliability=0 AND MODLAND_QA(bits0-1)=0 AND VI range -2000..10000,MOD13Q1 V061 Terra 250m 16-day
SO1102,Baki,SO11,Awdal,2016-10-15,0.1431950054884742,0.1298,0.1004838364434687,0.0936,0.952928870292887,3644,0.002092050209205,0.0,pixel_reliability=0 AND MODLAND_QA(bits0-1)=0 AND VI range -2000..10000,MOD13Q1 V061 Terra 250m 16-day
SO1102,Baki,SO11,Awdal,2016-10-31,0.1379997852348993,0.1276,0.0957832751677852,0.0902,0.974110878661088,3725,0.0010460251046025,0.0,pixel_reliability=0 AND MODLAND_QA(bits0-1)=0 AND VI range -2000..10000,MOD13Q1 V061 Terra 250m 16-day
SO1102,Baki,SO11,Awdal,2016-11-16,0.1490772417409543,0.1412,0.0964438909281594,0.0905,0.4986924686192469,1907,0.2264644351464435,0.0,pixel_reliability=0 AND MODLAND_QA(bits0-1)=0 AND VI range -2000..10000,MOD13Q1 V061 Terra 250m 16-day
SO1102,Baki,SO11,Awdal,2016-12-02,0.1492528524107471,0.1404,0.099415973500184,0.0933,0.7105125523012552,2717,0.1040794979079497,0.0,pixel_reliability=0 AND MODLAND_QA(bits0-1)=0 AND VI range -2000..10000,MOD13Q1 V061 Terra 250m 16-day
SO1102,Baki,SO11,Awdal,2016-12-18,0.1318806927710843,0.11875,0.0914707831325301,0.0841,0.8682008368200836,3320,0.0018305439330543,0.0002615062761506,pixel_reliability=0 AND MODLAND_QA(bits0-1)=0 AND VI range -2000..10000,MOD13Q1 V061 Terra 250m 16-day
SO1103,Lughaye,SO11,Awdal,2016-01-01,0.11473380952380954,0.11185,0.0824884761904762,0.08,0.265352539802881,1050,0.3090725296942128,0.0020217336365933787,pixel_reliability=0 AND MODLAND_QA(bits0-1)=0 AND VI range -2000..10000,MOD13Q1 V061 Terra 250m 16-day
SO1103,Lughaye,SO11,Awdal,2016-01-17,0.1006418508997429,0.1,0.0728626221079691,0.0718,0.4915339903967652,1945,0.2585291887793783,0.0166793025018953,pixel_reliability=0 AND MODLAND_QA(bits0-1)=0 AND VI range -2000..10000,MOD13Q1 V061 Terra 250m 16-day
SO1103,Lughaye,SO11,Awdal,2016-02-02,0.0993538199814413,0.0987,0.0734645530467058,0.0729,0.8170331058882992,3233,0.0166793025018953,0.0050543340914834,pixel_reliability=0 AND MODLAND_QA(bits0-1)=0 AND VI range -2000..10000,MOD13Q1 V061 Terra 250m 16-day
SO1103,Lughaye,SO11,Awdal,2016-02-18,0.0962099437148217,0.09285,0.0720958724202626,0.0702,0.2693960070760677,1066,0.3234773818549406,0.0682335102350265,pixel_reliability=0 AND MODLAND_QA(bits0-1)=0 AND VI range -2000..10000,MOD13Q1 V061 Terra 250m 16-day
SO1103,Lughaye,SO11,Awdal,2016-03-05,0.0906421257651641,0.08975,0.0669604340567612,0.0663499999999999,0.9082638362395754,3594,0.0080869345463735,0.0002527167045741,pixel_reliability=0 AND MODLAND_QA(bits0-1)=0 AND VI range -2000..10000,MOD13Q1 V061 Terra 250m 16-day
SO1103,Lughaye,SO11,Awdal,2016-03-21,0.0918752336448598,0.08995,0.0656477803738317,0.0646,0.4326509982309831,1712,0.2795046752590346,0.0151630022744503,pixel_reliability=0 AND MODLAND_QA(bits0-1)=0 AND VI range -2000..10000,MOD13Q1 V061 Terra 250m 16-day
SO1103,Lughaye,SO11,Awdal,2016-04-06,0.0915607170693686,0.0877,0.0671839049103663,0.0649,0.6484710639373262,2566,0.1109426333080616,0.0288097043214556,pixel_reliability=0 AND MODLAND_QA(bits0-1)=0 AND VI range -2000..10000,MOD13Q1 V061 Terra 250m 16-day
SO1103,Lughaye,SO11,Awdal,2016-04-22,0.1060145507246377,0.09985,0.0770475942028985,0.074,0.8718726307808946,3450,0.0404346727318675,0.0050543340914834,pixel_reliability=0 AND MODLAND_QA(bits0-1)=0 AND VI range -2000..10000,MOD13Q1 V061 Terra 250m 16-day
SO1103,Lughaye,SO11,Awdal,2016-05-08,0.1277518638573744,0.1165,0.0961066720691518,0.0879,0.935557240333586,3702,0.0131412686378569,0.0002527167045741,pixel_reliability=0 AND MODLAND_QA(bits0-1)=0 AND VI range -2000..10000,MOD13Q1 V061 Terra 250m 16-day
SO1103,Lughaye,SO11,Awdal,2016-05-24,0.1277473002159827,0.1187,0.0961019168466522,0.0895,0.9360626737427344,3704,0.0136467020470053,0.0005054334091483,pixel_reliability=0 AND MODLAND_QA(bits0-1)=0 AND VI range -2000..10000,MOD13Q1 V061 Terra 250m 16-day
SO1103,Lughaye,SO11,Awdal,2016-06-09,0.1172900864397622,0.1125,0.0901201782820097,0.0866,0.935557240333586,3702,0.0146575688653019,0.0005054334091483,pixel_reliability=0 AND MODLAND_QA(bits0-1)=0 AND VI range -2000..10000,MOD13Q1 V061 Terra 250m 16-day
SO1103,Lughaye,SO11,Awdal,2016-06-25,0.1037013502565487,0.1019,0.0784227113151498,0.0772,0.9358099570381602,3703,0.0116249684104119,0.0017690169320192,pixel_reliability=0 AND MODLAND_QA(bits0-1)=0 AND VI range -2000..10000,MOD13Q1 V061 Terra 250m 16-day
SO1103,Lughaye,SO11,Awdal,2016-07-11,0.0988613697888467,0.0975,0.0739001624255549,0.0729,0.9335355066969928,3694,0.0154157189790245,0.0002527167045741,pixel_reliability=0 AND MODLAND_QA(bits0-1)=0 AND VI range -2000..10000,MOD13Q1 V061 Terra 250m 16-day
SO1103,Lughaye,SO11,Awdal,2016-07-27,0.0988452363090772,0.0971,0.0740146286571642,0.073,0.6737427343947435,2666,0.0573666919383371,0.0020217336365933,pixel_reliability=0 AND MODLAND_QA(bits0-1)=0 AND VI range -2000..10000,MOD13Q1 V061 Terra 250m 16-day
SO1103,Lughaye,SO11,Awdal,2016-08-12,0.1059622030237581,0.101,0.0785038336933045,0.0757,0.9360626737427344,3704,0.0219863532979529,0.0012635835228708,pixel_reliability=0 AND MODLAND_QA(bits0-1)=0 AND VI range -2000..10000,MOD13Q1 V061 Terra 250m 16-day
SO1103,Lughaye,SO11,Awdal,2016-08-28,0.1035938974776241,0.0999,0.07832812584757255,0.0767,0.9317664897649734,3687,0.016679302501895376,0.000758150113722517,pixel_reliability=0 AND MODLAND_QA(bits0-1)=0 AND VI range -2000..10000,MOD13Q1 V061 Terra 250m 16-day
SO1103,Lughaye,SO11,Awdal,2016-09-13,0.1010578478964401,0.0985,0.0759796925566343,0.0747,0.9370735405610312,3708,0.0133939853424311,0.0002527167045741,pixel_reliability=0 AND MODLAND_QA(bits0-1)=0 AND VI range -2000..10000,MOD13Q1 V061 Terra 250m 16-day
SO1103,Lughaye,SO11,Awdal,2016-09-29,0.0989220691518098,0.0967,0.0747890059427336,0.0739,0.935557240333586,3702,0.0037907505686125,0.0,pixel_reliability=0 AND MODLAND_QA(bits0-1)=0 AND VI range -2000..10000,MOD13Q1 V061 Terra 250m 16-day
SO1103,Lughaye,SO11,Awdal,2016-10-15,0.1032122068965517,0.1008,0.0780066206896551,0.07695,0.7328784432650999,2900,0.0035380338640384,0.0002527167045741,pixel_reliability=0 AND MODLAND_QA(bits0-1)=0 AND VI range -2000..10000,MOD13Q1 V061 Terra 250m 16-day
SO1103,Lughaye,SO11,Awdal,2016-10-31,0.1009205398110661,0.0986,0.0755806747638326,0.0749,0.9363153904473086,3705,0.0020217336365933,0.0,pixel_reliability=0 AND MODLAND_QA(bits0-1)=0 AND VI range -2000..10000,MOD13Q1 V061 Terra 250m 16-day
SO1103,Lughaye,SO11,Awdal,2016-11-16,0.1019269258987527,0.0986,0.0729369038884813,0.0715,0.3444528683345969,1363,0.3131159969673995,0.00303260045489,pixel_reliability=0 AND MODLAND_QA(bits0-1)=0 AND VI range -2000..10000,MOD13Q1 V061 Terra 250m 16-day
SO1103,Lughaye,SO11,Awdal,2016-12-02,0.1014590622182146,0.09885,0.0739124436429215,0.0721,0.5605256507455143,2218,0.1549153399039676,0.0,pixel_reliability=0 AND MODLAND_QA(bits0-1)=0 AND VI range -2000..10000,MOD13Q1 V061 Terra 250m 16-day
SO1103,Lughaye,SO11,Awdal,2016-12-18,0.0975076986527357,0.0939,0.072199202639538,0.0698,0.9191306545362647,3637,0.0083396512509476,0.0,pixel_reliability=0 AND MODLAND_QA(bits0-1)=0 AND VI range -2000..10000,MOD13Q1 V061 Terra 250m 16-day
SO1104,Zeylac,SO11,Awdal,2016-01-01,0.0984043367346939,0.0945,0.06574974489795919,0.06430000000000001,0.37277543811982067,2744,0.3131368020649368,0.00760766200244532,pixel_reliability=0 AND MODLAND_QA(bits0-1)=0 AND VI range -2000..10000,MOD13Q1 V061 Terra 250m 16-day
SO1104,Zeylac,SO11,Awdal,2016-01-17,0.0992135029354207,0.0971,0.0665885322896281,0.0655,0.3470995788615677,2555,0.3667979894036136,0.0307023502241543,pixel_reliability=0 AND MODLAND_QA(bits0-1)=0 AND VI range -2000..10000,MOD13Q1 V061 Terra 250m 16-day
SO1104,Zeylac,SO11,Awdal,2016-02-02,0.096304636083644,0.095,0.0645447722483384,0.0641,0.8380654802336639,6169,0.0305664991169678,0.0021736177149843,pixel_reliability=0 AND MODLAND_QA(bits0-1)=0 AND VI range -2000..10000,MOD13Q1 V061 Terra 250m 16-day
SO1104,Zeylac,SO11,Awdal,2016-02-18,0.0937667557715674,0.0937,0.0636744835965978,0.063,0.5590273060725445,4115,0.1665534574106779,0.0209210705067246,pixel_reliability=0 AND MODLAND_QA(bits0-1)=0 AND VI range -2000..10000,MOD13Q1 V061 Terra 250m 16-day
SO1104,Zeylac,SO11,Awdal,2016-03-05,0.089808209504193,0.0892,0.0614318670001471,0.061,0.9233799755468008,6797,0.0124983018611601,0.0008151066431191,pixel_reliability=0 AND MODLAND_QA(bits0-1)=0 AND VI range -2000..10000,MOD13Q1 V061 Terra 250m 16-day
SO1104,Zeylac,SO11,Awdal,2016-03-21,0.0911412445153569,0.0897,0.0622866374152373,0.0606,0.3405787257166145,2507,0.334193723678848,0.0158945795408232,pixel_reliability=0 AND MODLAND_QA(bits0-1)=0 AND VI range -2000..10000,MOD13Q1 V061 Terra 250m 16-day
SO1104,Zeylac,SO11,Awdal,2016-04-06,0.096333475523055,0.0917,0.0622628275441803,0.0587,0.6687950006792556,4923,0.06643119141421,0.0218720282570302,pixel_reliability=0 AND MODLAND_QA(bits0-1)=0 AND VI range -2000..10000,MOD13Q1 V061 Terra 250m 16-day
SO1104,Zeylac,SO11,Awdal,2016-04-22,0.0998852660520782,0.0948,0.0675223192624939,0.0629,0.8399673957342753,6183,0.0353212878684961,0.0012226599646787,pixel_reliability=0 AND MODLAND_QA(bits0-1)=0 AND VI range -2000..10000,MOD13Q1 V061 Terra 250m 16-day
SO1104,Zeylac,SO11,Awdal,2016-05-08,0.1183007183673469,0.1077,0.0842510040816326,0.0759,0.8320880315174569,6125,0.0393968210840918,0.0017660643934248,pixel_reliability=0 AND MODLAND_QA(bits0-1)=0 AND VI range -2000..10000,MOD13Q1 V061 Terra 250m 16-day
SO1104,Zeylac,SO11,Awdal,2016-05-24,0.1197367755705138,0.1108,0.0850995403053685,0.0783,0.8274690938731151,6091,0.0463252275506045,0.0008151066431191,pixel_reliability=0 AND MODLAND_QA(bits0-1)=0 AND VI range -2000..10000,MOD13Q1 V061 Terra 250m 16-day
SO1104,Zeylac,SO11,Awdal,2016-06-09,0.110889269597192,0.1065,0.079317399298011,0.0758,0.8127971742969705,5983,0.0501290585518272,0.0013585110718652,pixel_reliability=0 AND MODLAND_QA(bits0-1)=0 AND VI range -2000..10000,MOD13Q1 V061 Terra 250m 16-day
SO1104,Zeylac,SO11,Awdal,2016-06-25,0.1025254919340542,0.0996,0.0735610530047864,0.0721,0.7663360956391795,5641,0.0910202418149707,0.0027170221437304,pixel_reliability=0 AND MODLAND_QA(bits0-1)=0 AND VI range -2000..10000,MOD13Q1 V061 Terra 250m 16-day
SO1104,Zeylac,SO11,Awdal,2016-07-11,0.0968071080139372,0.0946,0.0684663588850174,0.0675,0.7797853552506453,5740,0.0760766200244532,0.0010868088574921,pixel_reliability=0 AND MODLAND_QA(bits0-1)=0 AND VI range -2000..10000,MOD13Q1 V061 Terra 250m 16-day
SO1104,Zeylac,SO11,Awdal,2016-07-27,0.1063377208706786,0.0972,0.072640947503201,0.0692,0.5304985735633745,3905,0.1950821899198478,0.0016302132862382,pixel_reliability=0 AND MODLAND_QA(bits0-1)=0 AND VI range -2000..10000,MOD13Q1 V061 Terra 250m 16-day
SO1104,Zeylac,SO11,Awdal,2016-08-12,0.116324786459981,0.1041,0.0811507434356216,0.0741,0.858850699633202,6322,0.0313816057600869,0.0006792555359326,pixel_reliability=0 AND MODLAND_QA(bits0-1)=0 AND VI range -2000..10000,MOD13Q1 V061 Terra 250m 16-day
SO1104,Zeylac,SO11,Awdal,2016-08-28,0.1147700112017923,0.10640000000000001,0.08024840774523924,0.07540000000000001,0.8489335688085858,6249,0.03491373454693656,0.0010868088574921885,pixel_reliability=0 AND MODLAND_QA(bits0-1)=0 AND VI range -2000..10000,MOD13Q1 V061 Terra 250m 16-day
SO1104,Zeylac,SO11,Awdal,2016-09-13,0.1101609328994266,0.1051,0.0766383852471718,0.073,0.8766471946746366,6453,0.03790245890504,0.0006792555359326,pixel_reliability=0 AND MODLAND_QA(bits0-1)=0 AND VI range -2000..10000,MOD13Q1 V061 Terra 250m 16-day
SO1104,Zeylac,SO11,Awdal,2016-09-29,0.1076890764181903,0.1038,0.0742678856071261,0.0717,0.8693112348865644,6399,0.0286645836163564,0.0004075533215595,pixel_reliability=0 AND MODLAND_QA(bits0-1)=0 AND VI range -2000..10000,MOD13Q1 V061 Terra 250m 16-day
SO1104,Zeylac,SO11,Awdal,2016-10-15,0.1103088167871627,0.1082,0.0750413154646446,0.0728,0.7704116288547752,5671,0.0289362858307295,0.0008151066431191,pixel_reliability=0 AND MODLAND_QA(bits0-1)=0 AND VI range -2000..10000,MOD13Q1 V061 Terra 250m 16-day
SO1104,Zeylac,SO11,Awdal,2016-10-31,0.1058817223459539,0.1035,0.0724345211581291,0.0709,0.9149572069012364,6735,0.0192908572204863,0.0008151066431191,pixel_reliability=0 AND MODLAND_QA(bits0-1)=0 AND VI range -2000..10000,MOD13Q1 V061 Terra 250m 16-day
SO1104,Zeylac,SO11,Awdal,2016-11-16,0.1133697820343461,0.1104,0.072181605019815,0.07,0.4113571525607933,3028,0.3223746773536204,0.0122265996467871,pixel_reliability=0 AND MODLAND_QA(bits0-1)=0 AND VI range -2000..10000,MOD13Q1 V061 Terra 250m 16-day
SO1104,Zeylac,SO11,Awdal,2016-12-02,0.107985922509225,0.1056,0.0697540959409594,0.0677,0.7363130009509578,5420,0.0595027849476973,0.0,pixel_reliability=0 AND MODLAND_QA(bits0-1)=0 AND VI range -2000..10000,MOD13Q1 V061 Terra 250m 16-day
SO1104,Zeylac,SO11,Awdal,2016-12-18,0.1010314656443527,0.0986,0.0670843998820407,0.0655,0.9213422089390028,6782,0.0122265996467871,0.000543404428746,pixel_reliability=0 AND MODLAND_QA(bits0-1)=0 AND VI range -2000..10000,MOD13Q1 V061 Terra 250m 16-day
SO1201,Hargeysa,SO12,Woqooyi Galbeed,2016-01-01,0.157947180463914,0.1527,0.10524442554928236,0.1033,0.8975517430856584,14701,0.04401978142743757,0.0007326454606508334,pixel_reliability=0 AND MODLAND_QA(bits0-1)=0 AND VI range -2000..10000,MOD13Q1 V061 Terra 250m 16-day
SO1201,Hargeysa,SO12,Woqooyi Galbeed,2016-01-17,0.1531513400444502,0.1483,0.1004728003660609,0.0993,0.9340008547530374,15298,0.0272910434092435,0.0017095060748519,pixel_reliability=0 AND MODLAND_QA(bits0-1)=0 AND VI range -2000..10000,MOD13Q1 V061 Terra 250m 16-day
SO1201,Hargeysa,SO12,Woqooyi Galbeed,2016-02-02,0.1469471703011423,0.1426,0.0970675687954309,0.0957,0.94071677147567,15408,0.0249709994505159,0.0001221075767751,pixel_reliability=0 AND MODLAND_QA(bits0-1)=0 AND VI range -2000..10000,MOD13Q1 V061 Terra 250m 16-day
SO1201,Hargeysa,SO12,Woqooyi Galbeed,2016-02-18,0.1391542084037985,0.1362,0.093037908156628,0.0914,0.9386409426704928,15374,0.0086696379510348,0.0,pixel_reliability=0 AND MODLAND_QA(bits0-1)=0 AND VI range -2000..10000,MOD13Q1 V061 Terra 250m 16-day
SO1201,Hargeysa,SO12,Woqooyi Galbeed,2016-03-05,0.1384379248658318,0.1357,0.0925848251187465,0.0918,0.9897429635508884,16211,0.0011600219793638,0.0,pixel_reliability=0 AND MODLAND_QA(bits0-1)=0 AND VI range -2000..10000,MOD13Q1 V061 Terra 250m 16-day
SO1201,Hargeysa,SO12,Woqooyi Galbeed,2016-03-21,0.1354534899536321,0.1338,0.0916152210200927,0.0914,0.987545027168936,16175,0.002686366689053,0.0,pixel_reliability=0 AND MODLAND_QA(bits0-1)=0 AND VI range -2000..10000,MOD13Q1 V061 Terra 250m 16-day
SO1201,Hargeysa,SO12,Woqooyi Galbeed,2016-04-06,0.1483163624012906,0.1448,0.0988916617135094,0.0979,0.7190304658404054,11777,0.0760730203309115,0.0,pixel_reliability=0 AND MODLAND_QA(bits0-1)=0 AND VI range -2000..10000,MOD13Q1 V061 Terra 250m 16-day
SO1201,Hargeysa,SO12,Woqooyi Galbeed,2016-04-22,0.1734028482454807,0.1682,0.1203114309585295,0.1175,0.8038341779107394,13166,0.0696623725502167,0.0015873984980768,pixel_reliability=0 AND MODLAND_QA(bits0-1)=0 AND VI range -2000..10000,MOD13Q1 V061 Terra 250m 16-day
SO1201,Hargeysa,SO12,Woqooyi Galbeed,2016-05-08,0.2074774183397319,0.1959,0.1429947007363585,0.1341,0.9700836436900908,15889,0.0020147750167897,0.0,pixel_reliability=0 AND MODLAND_QA(bits0-1)=0 AND VI range -2000..10000,MOD13Q1 V061 Terra 250m 16-day
SO1201,Hargeysa,SO12,Woqooyi Galbeed,2016-05-24,0.2016196129351388,0.1863,0.1411052989550485,0.1311,0.9874229195921608,16173,0.0031747969961536,0.0,pixel_reliability=0 AND MODLAND_QA(bits0-1)=0 AND VI range -2000..10000,MOD13Q1 V061 Terra 250m 16-day
SO1201,Hargeysa,SO12,Woqooyi Galbeed,2016-06-09,0.181754501525941,0.1702,0.1270789547304171,0.1198,0.9602539837596924,15728,0.0078148849136088,0.0,pixel_reliability=0 AND MODLAND_QA(bits0-1)=0 AND VI range -2000..10000,MOD13Q1 V061 Terra 250m 16-day
SO1201,Hargeysa,SO12,Woqooyi Galbeed,2016-06-25,0.1634951151607188,0.1551,0.1135266578081498,0.1082,0.9648940716771476,15804,0.0071432932413456,0.0,pixel_reliability=0 AND MODLAND_QA(bits0-1)=0 AND VI range -2000..10000,MOD13Q1 V061 Terra 250m 16-day
SO1201,Hargeysa,SO12,Woqooyi Galbeed,2016-07-11,0.159437630705654,0.1504,0.1112126729697577,0.1047,0.9750900543378715,15971,0.004395872763905,0.0,pixel_reliability=0 AND MODLAND_QA(bits0-1)=0 AND VI range -2000..10000,MOD13Q1 V061 Terra 250m 16-day
SO1201,Hargeysa,SO12,Woqooyi Galbeed,2016-07-27,0.1572393861892583,0.1479,0.1099857440560765,0.1023,0.6445448440075706,10557,0.161365162708346,0.0001221075767751,pixel_reliability=0 AND MODLAND_QA(bits0-1)=0 AND VI range -2000..10000,MOD13Q1 V061 Terra 250m 16-day
SO1201,Hargeysa,SO12,Woqooyi Galbeed,2016-08-12,0.1606046654275093,0.1499,0.1091801548946716,0.1007,0.9854081445753708,16140,0.0021368825935649,0.0,pixel_reliability=0 AND MODLAND_QA(bits0-1)=0 AND VI range -2000..10000,MOD13Q1 V061 Terra 250m 16-day
SO1201,Hargeysa,SO12,Woqooyi Galbeed,2016-08-28,0.158863255498737,0.1495,0.10998494855523382,0.1033,0.9909640393186397,16231,0.0014652909213016669,0.0,pixel_reliability=0 AND MODLAND_QA(bits0-1)=0 AND VI range -2000..10000,MOD13Q1 V061 Terra 250m 16-day
SO1201,Hargeysa,SO12,Woqooyi Galbeed,2016-09-13,0.1581782295324339,0.1504,0.1093193617938766,0.1048,0.9910861468954149,16233,0.0020147750167897,0.0,pixel_reliability=0 AND MODLAND_QA(bits0-1)=0 AND VI range -2000..10000,MOD13Q1 V061 Terra 250m 16-day
SO1201,Hargeysa,SO12,Woqooyi Galbeed,2016-09-29,0.1561303109193692,0.1504,0.1086542398095805,0.1056,0.8208071310824837,13444,0.006654862934245,0.0,pixel_reliability=0 AND MODLAND_QA(bits0-1)=0 AND VI range -2000..10000,MOD13Q1 V061 Terra 250m 16-day
SO1201,Hargeysa,SO12,Woqooyi Galbeed,2016-10-15,0.1611667795983737,0.1556,0.1103518356535666,0.1076,0.9911472006838024,16234,0.0020758288051773,0.0,pixel_reliability=0 AND MODLAND_QA(bits0-1)=0 AND VI range -2000..10000,MOD13Q1 V061 Terra 250m 16-day
SO1201,Hargeysa,SO12,Woqooyi Galbeed,2016-10-31,0.1579550341349407,0.1533,0.1078131004366812,0.1061,0.9926735453934916,16259,0.0020758288051773,0.0,pixel_reliability=0 AND MODLAND_QA(bits0-1)=0 AND VI range -2000..10000,MOD13Q1 V061 Terra 250m 16-day
SO1201,Hargeysa,SO12,Woqooyi Galbeed,2016-11-16,0.1552749217502395,0.1511,0.1036267709996806,0.1019,0.9557970572073996,15655,0.0120886501007387,0.0,pixel_reliability=0 AND MODLAND_QA(bits0-1)=0 AND VI range -2000..10000,MOD13Q1 V061 Terra 250m 16-day
SO1201,Hargeysa,SO12,Woqooyi Galbeed,2016-12-02,0.1535351564424735,0.1488,0.1016984232569598,0.1002,0.9912693082605776,16236,0.0011600219793638,0.0,pixel_reliability=0 AND MODLAND_QA(bits0-1)=0 AND VI range -2000..10000,MOD13Q1 V061 Terra 250m 16-day
SO1201,Hargeysa,SO12,Woqooyi Galbeed,2016-12-18,0.1425219425483504,0.1409,0.0959963239476678,0.0957,0.8586604798827767,14064,0.001404237132914,0.0,pixel_reliability=0 AND MODLAND_QA(bits0-1)=0 AND VI range -2000..10000,MOD13Q1 V061 Terra 250m 16-day
SO1202,Berbera,SO12,Woqooyi Galbeed,2016-01-01,0.12139408317580341,0.1135,0.0895240831758034,0.08465,0.43247220405493786,5290,0.28098430346631786,0.0302485284499673,pixel_reliability=0 AND MODLAND_QA(bits0-1)=0 AND VI range -2000..10000,MOD13Q1 V061 Terra 250m 16-day
SO1202,Berbera,SO12,Woqooyi Galbeed,2016-01-17,0.1225056349081776,0.1165,0.0878064197143305,0.0835,0.520846958796599,6371,0.1880313930673643,0.0116088947024198,pixel_reliability=0 AND MODLAND_QA(bits0-1)=0 AND VI range -2000..10000,MOD13Q1 V061 Terra 250m 16-day
SO1202,Berbera,SO12,Woqooyi Galbeed,2016-02-02,0.1194120730438073,0.1147,0.0835752767527675,0.0804,0.8640451275343362,10569,0.0340091563113145,0.0016350555918901,pixel_reliability=0 AND MODLAND_QA(bits0-1)=0 AND VI range -2000..10000,MOD13Q1 V061 Terra 250m 16-day
SO1202,Berbera,SO12,Woqooyi Galbeed,2016-02-18,0.1068966541678684,0.1029,0.0777355783097779,0.0755,0.566873773708306,6934,0.2742805755395683,0.0057226945716154,pixel_reliability=0 AND MODLAND_QA(bits0-1)=0 AND VI range -2000..10000,MOD13Q1 V061 Terra 250m 16-day
SO1202,Berbera,SO12,Woqooyi Galbeed,2016-03-05,0.1119953304531666,0.1083,0.0778426050188436,0.0761,0.8893884892086331,10879,0.019865925441465,0.0045781556572923,pixel_reliability=0 AND MODLAND_QA(bits0-1)=0 AND VI range -2000..10000,MOD13Q1 V061 Terra 250m 16-day
SO1202,Berbera,SO12,Woqooyi Galbeed,2016-03-21,0.1079152856092179,0.1051,0.075780963471439,0.0739,0.6669391759319817,8158,0.1339110529758011,0.0108731196860693,pixel_reliability=0 AND MODLAND_QA(bits0-1)=0 AND VI range -2000..10000,MOD13Q1 V061 Terra 250m 16-day
SO1202,Berbera,SO12,Woqooyi Galbeed,2016-04-06,0.1082339589381999,0.1055,0.0785680215678141,0.0765,0.7884238064094179,9644,0.0319653368214519,0.0051504251144538,pixel_reliability=0 AND MODLAND_QA(bits0-1)=0 AND VI range -2000..10000,MOD13Q1 V061 Terra 250m 16-day
SO1202,Berbera,SO12,Woqooyi Galbeed,2016-04-22,0.1180051279447603,0.113,0.0835642668562144,0.0798,0.8051013734466972,9848,0.0454545454545454,0.0130804447351209,pixel_reliability=0 AND MODLAND_QA(bits0-1)=0 AND VI range -2000..10000,MOD13Q1 V061 Terra 250m 16-day
SO1202,Berbera,SO12,Woqooyi Galbeed,2016-05-08,0.124365461696947,0.1183,0.0895434444652556,0.08455,0.8729561805101373,10678,0.0248528449967298,0.0021255722694571,pixel_reliability=0 AND MODLAND_QA(bits0-1)=0 AND VI range -2000..10000,MOD13Q1 V061 Terra 250m 16-day
SO1202,Berbera,SO12,Woqooyi Galbeed,2016-05-24,0.1174661808118081,0.1133,0.0859191605166051,0.0819,0.8862001308044474,10840,0.020846958796599,0.0035153695225637,pixel_reliability=0 AND MODLAND_QA(bits0-1)=0 AND VI range -2000..10000,MOD13Q1 V061 Terra 250m 16-day
SO1202,Berbera,SO12,Woqooyi Galbeed,2016-06-09,0.1095791192330736,0.1069,0.0809246155382464,0.0781,0.8186723348593852,10014,0.0417756703727926,0.0080935251798561,pixel_reliability=0 AND MODLAND_QA(bits0-1)=0 AND VI range -2000..10000,MOD13Q1 V061 Terra 250m 16-day
SO1202,Berbera,SO12,Woqooyi Galbeed,2016-06-25,0.1038236832097356,0.102,0.0756719813652785,0.0738,0.8598757357750163,10518,0.0320470896010464,0.0114453891432308,pixel_reliability=0 AND MODLAND_QA(bits0-1)=0 AND VI range -2000..10000,MOD13Q1 V061 Terra 250m 16-day
SO1202,Berbera,SO12,Woqooyi Galbeed,2016-07-11,0.105152424701648,0.1033,0.077115163856791,0.0752,0.8631458469587966,10558,0.0284499672988881,0.0085022890778286,pixel_reliability=0 AND MODLAND_QA(bits0-1)=0 AND VI range -2000..10000,MOD13Q1 V061 Terra 250m 16-day
SO1202,Berbera,SO12,Woqooyi Galbeed,2016-07-27,0.1040053817271589,0.1019,0.0779173863162286,0.0759,0.7838456507521255,9588,0.0702256376716808,0.007275997383911,pixel_reliability=0 AND MODLAND_QA(bits0-1)=0 AND VI range -2000..10000,MOD13Q1 V061 Terra 250m 16-day
SO1202,Berbera,SO12,Woqooyi Galbeed,2016-08-12,0.1051731067164859,0.1037,0.0760687050031896,0.0747,0.8970732504905167,10973,0.0174950948332243,0.0045781556572923,pixel_reliability=0 AND MODLAND_QA(bits0-1)=0 AND VI range -2000..10000,MOD13Q1 V061 Terra 250m 16-day
SO1202,Berbera,SO12,Woqooyi Galbeed,2016-08-28,0.107792817679558,0.1066,0.0786447604383661,0.0775,0.9026324395029431,11041,0.023136036625245257,0.0034336167429692608,pixel_reliability=0 AND MODLAND_QA(bits0-1)=0 AND VI range -2000..10000,MOD13Q1 V061 Terra 250m 16-day
SO1202,Berbera,SO12,Woqooyi Galbeed,2016-09-13,0.1081199460674157,0.1071,0.0790136719101123,0.0782,0.9094996729888816,11125,0.0185578809679529,0.001308044473512,pixel_reliability=0 AND MODLAND_QA(bits0-1)=0 AND VI range -2000..10000,MOD13Q1 V061 Terra 250m 16-day
SO1202,Berbera,SO12,Woqooyi Galbeed,2016-09-29,0.1094499143912769,0.1079,0.0789953500946201,0.078,0.9072105951602356,11097,0.014388489208633,0.0002452583387835,pixel_reliability=0 AND MODLAND_QA(bits0-1)=0 AND VI range -2000..10000,MOD13Q1 V061 Terra 250m 16-day
SO1202,Berbera,SO12,Woqooyi Galbeed,2016-10-15,0.1139015681003584,0.1126,0.0821725985663082,0.0811,0.9123610202746892,11160,0.0089110529758011,0.0002452583387835,pixel_reliability=0 AND MODLAND_QA(bits0-1)=0 AND VI range -2000..10000,MOD13Q1 V061 Terra 250m 16-day
SO1202,Berbera,SO12,Woqooyi Galbeed,2016-10-31,0.1143755127630989,0.1123,0.0822735333631885,0.0807,0.912769784172662,11165,0.0125899280575539,0.000327011118378,pixel_reliability=0 AND MODLAND_QA(bits0-1)=0 AND VI range -2000..10000,MOD13Q1 V061 Terra 250m 16-day
SO1202,Berbera,SO12,Woqooyi Galbeed,2016-11-16,0.1126892240899476,0.1095,0.079588611822331,0.0779,0.7343852190974494,8983,0.1477272727272727,0.0019620667102681,pixel_reliability=0 AND MODLAND_QA(bits0-1)=0 AND VI range -2000..10000,MOD13Q1 V061 Terra 250m 16-day
SO1202,Berbera,SO12,Woqooyi Galbeed,2016-12-02,0.1146456728084868,0.1123,0.0798731062721012,0.0782,0.8785153695225638,10746,0.0153695225637671,0.000327011118378,pixel_reliability=0 AND MODLAND_QA(bits0-1)=0 AND VI range -2000..10000,MOD13Q1 V061 Terra 250m 16-day
SO1202,Berbera,SO12,Woqooyi Galbeed,2016-12-18,0.1111356294536817,0.1078,0.0796734916864608,0.0775,0.8604480052321779,10525,0.0166775670372792,0.0022890778286461,pixel_reliability=0 AND MODLAND_QA(bits0-1)=0 AND VI range -2000..10000,MOD13Q1 V061 Terra 250m 16-day
SO1203,Gebiley,SO12,Woqooyi Galbeed,2016-01-01,0.17453527065527064,0.17370000000000002,0.1065631623931624,0.1095,0.6956004756242569,3510,0.12901307966706302,0.00039635354736424893,pixel_reliability=0 AND MODLAND_QA(bits0-1)=0 AND VI range -2000..10000,MOD13Q1 V061 Terra 250m 16-day
SO1203,Gebiley,SO12,Woqooyi Galbeed,2016-01-17,0.1667176889848812,0.1641,0.100492656587473,0.1047,0.9175584621482362,4630,0.0229885057471264,0.0,pixel_reliability=0 AND MODLAND_QA(bits0-1)=0 AND VI range -2000..10000,MOD13Q1 V061 Terra 250m 16-day
SO1203,Gebiley,SO12,Woqooyi Galbeed,2016-02-02,0.1645132689987937,0.1622,0.1024585042219541,0.1045,0.8214427269124058,4145,0.016052318668252,0.0,pixel_reliability=0 AND MODLAND_QA(bits0-1)=0 AND VI range -2000..10000,MOD13Q1 V061 Terra 250m 16-day
SO1203,Gebiley,SO12,Woqooyi Galbeed,2016-02-18,0.1515137846153846,0.1485,0.0995852307692307,0.1024,0.9661117717003568,4875,0.0146650812524772,0.0,pixel_reliability=0 AND MODLAND_QA(bits0-1)=0 AND VI range -2000..10000,MOD13Q1 V061 Terra 250m 16-day
SO1203,Gebiley,SO12,Woqooyi Galbeed,2016-03-05,0.1486769781230832,0.1469,0.0953662236761398,0.099,0.9692826000792708,4891,0.0009908838684106,0.0,pixel_reliability=0 AND MODLAND_QA(bits0-1)=0 AND VI range -2000..10000,MOD13Q1 V061 Terra 250m 16-day
SO1203,Gebiley,SO12,Woqooyi Galbeed,2016-03-21,0.1418515480498592,0.1412,0.0920973864093285,0.0965,0.985731272294887,4974,0.0013872374157748,0.0001981767736821,pixel_reliability=0 AND MODLAND_QA(bits0-1)=0 AND VI range -2000..10000,MOD13Q1 V061 Terra 250m 16-day
SO1203,Gebiley,SO12,Woqooyi Galbeed,2016-04-06,0.1647991444388525,0.1611,0.1036077000503271,0.106,0.3937772493063813,1987,0.394966309948474,0.0,pixel_reliability=0 AND MODLAND_QA(bits0-1)=0 AND VI range -2000..10000,MOD13Q1 V061 Terra 250m 16-day
SO1203,Gebiley,SO12,Woqooyi Galbeed,2016-04-22,0.2093596461308889,0.2013,0.1372925602217011,0.1329,0.9296472453428458,4691,0.0225921521997621,0.0001981767736821,pixel_reliability=0 AND MODLAND_QA(bits0-1)=0 AND VI range -2000..10000,MOD13Q1 V061 Terra 250m 16-day
SO1203,Gebiley,SO12,Woqooyi Galbeed,2016-05-08,0.2921752341311134,0.2828,0.1986987513007284,0.1911,0.952239397542608,4805,0.0021799445105033,0.0,pixel_reliability=0 AND MODLAND_QA(bits0-1)=0 AND VI range -2000..10000,MOD13Q1 V061 Terra 250m 16-day
SO1203,Gebiley,SO12,Woqooyi Galbeed,2016-05-24,0.2806595128768218,0.263,0.1859250948293072,0.1767,0.9926674593737614,5009,0.0005945303210463,0.0,pixel_reliability=0 AND MODLAND_QA(bits0-1)=0 AND VI range -2000..10000,MOD13Q1 V061 Terra 250m 16-day
SO1203,Gebiley,SO12,Woqooyi Galbeed,2016-06-09,0.2476256228522336,0.2367,0.1692144329896907,0.1659,0.9227110582639716,4656,0.0261593341260404,0.0,pixel_reliability=0 AND MODLAND_QA(bits0-1)=0 AND VI range -2000..10000,MOD13Q1 V061 Terra 250m 16-day
SO1203,Gebiley,SO12,Woqooyi Galbeed,2016-06-25,0.2148224989622249,0.2099,0.1482509339975093,0.14855,0.9548156956004756,4818,0.0093143083630598,0.0,pixel_reliability=0 AND MODLAND_QA(bits0-1)=0 AND VI range -2000..10000,MOD13Q1 V061 Terra 250m 16-day
SO1203,Gebiley,SO12,Woqooyi Galbeed,2016-07-11,0.211426589347079,0.2027,0.1434701245704467,0.1387,0.9227110582639716,4656,0.0142687277051129,0.0,pixel_reliability=0 AND MODLAND_QA(bits0-1)=0 AND VI range -2000..10000,MOD13Q1 V061 Terra 250m 16-day
SO1203,Gebiley,SO12,Woqooyi Galbeed,2016-07-27,0.2186287948131197,0.2167,0.1487712051868802,0.1496,0.5196195005945303,2622,0.1555687673404677,0.0,pixel_reliability=0 AND MODLAND_QA(bits0-1)=0 AND VI range -2000..10000,MOD13Q1 V061 Terra 250m 16-day
SO1203,Gebiley,SO12,Woqooyi Galbeed,2016-08-12,0.2373729281767956,0.2343,0.1611684264374872,0.1603,0.9684898929845422,4887,0.0027744748315497,0.0,pixel_reliability=0 AND MODLAND_QA(bits0-1)=0 AND VI range -2000..10000,MOD13Q1 V061 Terra 250m 16-day
SO1203,Gebiley,SO12,Woqooyi Galbeed,2016-08-28,0.22540220692447865,0.2263,0.1530899777282851,0.15360000000000001,0.9787950852160127,4939,0.002179944510503369,0.0,pixel_reliability=0 AND MODLAND_QA(bits0-1)=0 AND VI range -2000..10000,MOD13Q1 V061 Terra 250m 16-day
SO1203,Gebiley,SO12,Woqooyi Galbeed,2016-09-13,0.2212937537537537,0.2217,0.1473711511511511,0.15,0.9898929845422116,4995,0.0013872374157748,0.0,pixel_reliability=0 AND MODLAND_QA(bits0-1)=0 AND VI range -2000..10000,MOD13Q1 V061 Terra 250m 16-day
SO1203,Gebiley,SO12,Woqooyi Galbeed,2016-09-29,0.2103923703703703,0.2143,0.1408594567901234,0.1438,0.8026159334126041,4050,0.0027744748315497,0.0,pixel_reliability=0 AND MODLAND_QA(bits0-1)=0 AND VI range -2000..10000,MOD13Q1 V061 Terra 250m 16-day
SO1203,Gebiley,SO12,Woqooyi Galbeed,2016-10-15,0.2065940177849636,0.21205,0.1335901172190784,0.13655,0.9805786761791518,4948,0.0021799445105033,0.0,pixel_reliability=0 AND MODLAND_QA(bits0-1)=0 AND VI range -2000..10000,MOD13Q1 V061 Terra 250m 16-day
SO1203,Gebiley,SO12,Woqooyi Galbeed,2016-10-31,0.1921361642181525,0.1969,0.1237750654055142,0.1271,0.9847403884264764,4969,0.0019817677368212,0.0,pixel_reliability=0 AND MODLAND_QA(bits0-1)=0 AND VI range -2000..10000,MOD13Q1 V061 Terra 250m 16-day
SO1203,Gebiley,SO12,Woqooyi Galbeed,2016-11-16,0.1885982224357434,0.1934,0.1181664184482344,0.1225,0.8250099088386841,4163,0.0453824811732065,0.0,pixel_reliability=0 AND MODLAND_QA(bits0-1)=0 AND VI range -2000..10000,MOD13Q1 V061 Terra 250m 16-day
SO1203,Gebiley,SO12,Woqooyi Galbeed,2016-12-02,0.1898619337802153,0.1921,0.1149944139752183,0.1182,0.9756242568370987,4923,0.0,0.0,pixel_reliability=0 AND MODLAND_QA(bits0-1)=0 AND VI range -2000..10000,MOD13Q1 V061 Terra 250m 16-day
SO1203,Gebiley,SO12,Woqooyi Galbeed,2016-12-18,0.1726971301674069,0.1694,0.1080250085411684,0.1083,0.5800634165675783,2927,0.0017835909631391,0.0,pixel_reliability=0 AND MODLAND_QA(bits0-1)=0 AND VI range -2000..10000,MOD13Q1 V061 Terra 250m 16-day
SO1301,Burco,SO13,Togdheer,2016-01-01,0.1907000375576779,0.1859,0.11878222985298853,0.1168,0.9934968017057569,18638,0.0004797441364605544,0.0,pixel_reliability=0 AND MODLAND_QA(bits0-1)=0 AND VI range -2000..10000,MOD13Q1 V061 Terra 250m 16-day
SO1301,Burco,SO13,Togdheer,2016-01-17,0.1809258447338058,0.1771,0.1121461677929784,0.1111,0.9702025586353944,18201,0.003091684434968,0.0,pixel_reliability=0 AND MODLAND_QA(bits0-1)=0 AND VI range -2000..10000,MOD13Q1 V061 Terra 250m 16-day
SO1301,Burco,SO13,Togdheer,2016-02-02,0.1739534313201496,0.1703,0.1080747407803313,0.1071,0.9973347547974414,18710,0.0002132196162046,0.0,pixel_reliability=0 AND MODLAND_QA(bits0-1)=0 AND VI range -2000..10000,MOD13Q1 V061 Terra 250m 16-day
SO1301,Burco,SO13,Togdheer,2016-02-18,0.1636672825846426,0.1591,0.1027816497012613,0.1014,0.9635394456289978,18076,0.0010660980810234,0.0,pixel_reliability=0 AND MODLAND_QA(bits0-1)=0 AND VI range -2000..10000,MOD13Q1 V061 Terra 250m 16-day
SO1301,Burco,SO13,Togdheer,2016-03-05,0.1637088522130532,0.1594,0.1018718518915443,0.1006,0.994776119402985,18662,0.0003731343283582,0.0,pixel_reliability=0 AND MODLAND_QA(bits0-1)=0 AND VI range -2000..10000,MOD13Q1 V061 Terra 250m 16-day
SO1301,Burco,SO13,Togdheer,2016-03-21,0.1639372959870724,0.1592,0.101255496902774,0.1003,0.9896055437100212,18565,0.0004797441364605,0.0,pixel_reliability=0 AND MODLAND_QA(bits0-1)=0 AND VI range -2000..10000,MOD13Q1 V061 Terra 250m 16-day
SO1301,Burco,SO13,Togdheer,2016-04-06,0.1757266764442271,0.1693,0.1139667399983704,0.1099,0.6542110874200426,12273,0.0993070362473347,0.0,pixel_reliability=0 AND MODLAND_QA(bits0-1)=0 AND VI range -2000..10000,MOD13Q1 V061 Terra 250m 16-day
SO1301,Burco,SO13,Togdheer,2016-04-22,0.1914056364897676,0.17805,0.120892490461325,0.1144,0.3073560767590618,5766,0.4771321961620469,0.0015991471215351,pixel_reliability=0 AND MODLAND_QA(bits0-1)=0 AND VI range -2000..10000,MOD13Q1 V061 Terra 250m 16-day
SO1301,Burco,SO13,Togdheer,2016-05-08,0.2240461279987497,0.2125,0.1438615925607564,0.1379,0.6821428571428572,12797,0.0778251599147121,5.330490405117271e-05,pixel_reliability=0 AND MODLAND_QA(bits0-1)=0 AND VI range -2000..10000,MOD13Q1 V061 Terra 250m 16-day
SO1301,Burco,SO13,Togdheer,2016-05-24,0.2222773350471294,0.2161,0.1447755623393316,0.1408,0.9953091684434968,18672,0.000639658848614,0.0,pixel_reliability=0 AND MODLAND_QA(bits0-1)=0 AND VI range -2000..10000,MOD13Q1 V061 Terra 250m 16-day
SO1301,Burco,SO13,Togdheer,2016-06-09,0.1863617122569192,0.1768,0.1228808924392802,0.1185,0.6606076759061834,12393,0.0705223880597015,0.0,pixel_reliability=0 AND MODLAND_QA(bits0-1)=0 AND VI range -2000..10000,MOD13Q1 V061 Terra 250m 16-day
SO1301,Burco,SO13,Togdheer,2016-06-25,0.1550572482705611,0.1526,0.1052198923904688,0.1033,0.3467484008528784,6505,0.3937100213219616,0.1123134328358208,pixel_reliability=0 AND MODLAND_QA(bits0-1)=0 AND VI range -2000..10000,MOD13Q1 V061 Terra 250m 16-day
SO1301,Burco,SO13,Togdheer,2016-07-11,0.1635362875036411,0.1593,0.106245827264783,0.1046,0.7319829424307036,13732,0.1429637526652452,0.0026652452025586,pixel_reliability=0 AND MODLAND_QA(bits0-1)=0 AND VI range -2000..10000,MOD13Q1 V061 Terra 250m 16-day
SO1301,Burco,SO13,Togdheer,2016-07-27,0.1613351584699453,0.1598,0.1018954098360655,0.1022,0.4877398720682303,9150,0.2883795309168444,0.0,pixel_reliability=0 AND MODLAND_QA(bits0-1)=0 AND VI range -2000..10000,MOD13Q1 V061 Terra 250m 16-day
SO1301,Burco,SO13,Togdheer,2016-08-12,0.1593614211248285,0.1577,0.1003712043895747,0.0995,0.9714818763326226,18225,0.0031982942430703,0.0,pixel_reliability=0 AND MODLAND_QA(bits0-1)=0 AND VI range -2000..10000,MOD13Q1 V061 Terra 250m 16-day
SO1301,Burco,SO13,Togdheer,2016-08-28,0.16507728264823573,0.16010000000000002,0.10599594397962896,0.10500000000000001,0.8792110874200426,16494,0.0406183368869936,0.0,pixel_reliability=0 AND MODLAND_QA(bits0-1)=0 AND VI range -2000..10000,MOD13Q1 V061 Terra 250m 16-day
SO1301,Burco,SO13,Togdheer,2016-09-13,0.1688408010825439,0.1677,0.1063319133964817,0.106,0.9848081023454158,18475,0.0007462686567164,0.0,pixel_reliability=0 AND MODLAND_QA(bits0-1)=0 AND VI range -2000..10000,MOD13Q1 V061 Terra 250m 16-day
SO1301,Burco,SO13,Togdheer,2016-09-29,0.164059314538419,0.1578,0.1061207296849088,0.1041,0.675,12663,0.0813432835820895,0.0,pixel_reliability=0 AND MODLAND_QA(bits0-1)=0 AND VI range -2000..10000,MOD13Q1 V061 Terra 250m 16-day
SO1301,Burco,SO13,Togdheer,2016-10-15,0.1768127699136276,0.1679,0.1116056202015355,0.1075,0.8886993603411514,16672,0.018230277185501,0.0,pixel_reliability=0 AND MODLAND_QA(bits0-1)=0 AND VI range -2000..10000,MOD13Q1 V061 Terra 250m 16-day
SO1301,Burco,SO13,Togdheer,2016-10-31,0.183132874345267,0.1736,0.1166919488093309,0.1118,0.9871535181236674,18519,0.0003731343283582,0.0,pixel_reliability=0 AND MODLAND_QA(bits0-1)=0 AND VI range -2000..10000,MOD13Q1 V061 Terra 250m 16-day
SO1301,Burco,SO13,Togdheer,2016-11-16,0.1699105074626865,0.1613,0.1074031774461028,0.1045,0.8035714285714286,15075,0.0076226012793176,0.0,pixel_reliability=0 AND MODLAND_QA(bits0-1)=0 AND VI range -2000..10000,MOD13Q1 V061 Terra 250m 16-day
SO1301,Burco,SO13,Togdheer,2016-12-02,0.1738962966932847,0.1678,0.108011854868964,0.1058,0.9946162046908316,18659,0.0004264392324093,0.0,pixel_reliability=0 AND MODLAND_QA(bits0-1)=0 AND VI range -2000..10000,MOD13Q1 V061 Terra 250m 16-day
SO1301,Burco,SO13,Togdheer,2016-12-18,0.1694055377207063,0.1645,0.1047751578384162,0.1033,0.996268656716418,18690,0.0003731343283582,0.0,pixel_reliability=0 AND MODLAND_QA(bits0-1)=0 AND VI range -2000..10000,MOD13Q1 V061 Terra 250m 16-day
SO1302,Buuhoodle,SO13,Togdheer,2016-01-01,0.2304108572832228,0.22935,0.1435988209285188,0.14065,0.9992636229749632,8142,0.0,0.0,pixel_reliability=0 AND MODLAND_QA(bits0-1)=0 AND VI range -2000..10000,MOD13Q1 V061 Terra 250m 16-day
SO1302,Buuhoodle,SO13,Togdheer,2016-01-17,0.2069872927477534,0.207,0.1302848626756106,0.1293,0.9696858124693176,7901,0.0009818360333824,0.0,pixel_reliability=0 AND MODLAND_QA(bits0-1)=0 AND VI range -2000..10000,MOD13Q1 V061 Terra 250m 16-day
SO1302,Buuhoodle,SO13,Togdheer,2016-02-02,0.1991227272727272,0.1983,0.1243545823095823,0.1231,0.9990181639666176,8140,0.0,0.0,pixel_reliability=0 AND MODLAND_QA(bits0-1)=0 AND VI range -2000..10000,MOD13Q1 V061 Terra 250m 16-day
SO1302,Buuhoodle,SO13,Togdheer,2016-02-18,0.1887471976032954,0.1891,0.119079603045812,0.1191,0.983186057928326,8011,0.000613647520864,0.0,pixel_reliability=0 AND MODLAND_QA(bits0-1)=0 AND VI range -2000..10000,MOD13Q1 V061 Terra 250m 16-day
SO1302,Buuhoodle,SO13,Togdheer,2016-03-05,0.1856658147773279,0.1853,0.1166376518218623,0.1163,0.970054000981836,7904,0.0004909180166912,0.0,pixel_reliability=0 AND MODLAND_QA(bits0-1)=0 AND VI range -2000..10000,MOD13Q1 V061 Terra 250m 16-day
SO1302,Buuhoodle,SO13,Togdheer,2016-03-21,0.1841390506878176,0.1834,0.1149012888833808,0.1145,0.9903043691703486,8069,0.0011045655375552,0.0,pixel_reliability=0 AND MODLAND_QA(bits0-1)=0 AND VI range -2000..10000,MOD13Q1 V061 Terra 250m 16-day
SO1302,Buuhoodle,SO13,Togdheer,2016-04-06,0.2021876779124934,0.205,0.1300751186083289,0.1285,0.9312714776632304,7588,0.0040500736377025,0.0,pixel_reliability=0 AND MODLAND_QA(bits0-1)=0 AND VI range -2000..10000,MOD13Q1 V061 Terra 250m 16-day
SO1302,Buuhoodle,SO13,Togdheer,2016-04-22,0.2078135888501742,0.2085,0.1359146341463415,0.1299,0.0352233676975945,287,0.8489199803632793,0.0196367206676485,pixel_reliability=0 AND MODLAND_QA(bits0-1)=0 AND VI range -2000..10000,MOD13Q1 V061 Terra 250m 16-day
SO1302,Buuhoodle,SO13,Togdheer,2016-05-08,0.2902475670893542,0.2868,0.1902643468003539,0.19,0.4161757486499755,3391,0.358492881688758,0.0222140402552773,pixel_reliability=0 AND MODLAND_QA(bits0-1)=0 AND VI range -2000..10000,MOD13Q1 V061 Terra 250m 16-day
SO1302,Buuhoodle,SO13,Togdheer,2016-05-24,0.2767023424978424,0.2742,0.1833351744544446,0.1817,0.9954590083456064,8111,0.0,0.0,pixel_reliability=0 AND MODLAND_QA(bits0-1)=0 AND VI range -2000..10000,MOD13Q1 V061 Terra 250m 16-day
SO1302,Buuhoodle,SO13,Togdheer,2016-06-09,0.2313374325969734,0.2311,0.1542529831275004,0.1537,0.7055719194894453,5749,0.0783014236622484,0.0022091310751104,pixel_reliability=0 AND MODLAND_QA(bits0-1)=0 AND VI range -2000..10000,MOD13Q1 V061 Terra 250m 16-day
SO1302,Buuhoodle,SO13,Togdheer,2016-06-25,0.1755954098360655,0.1767,0.1361767213114754,0.1377,0.0374324987727049,305,0.6542709867452136,0.1499754540991654,pixel_reliability=0 AND MODLAND_QA(bits0-1)=0 AND VI range -2000..10000,MOD13Q1 V061 Terra 250m 16-day
SO1302,Buuhoodle,SO13,Togdheer,2016-07-11,0.1837494939851059,0.1816,0.1218105212908153,0.1208,0.6427344133529701,5237,0.1280068728522336,0.0277368679430535,pixel_reliability=0 AND MODLAND_QA(bits0-1)=0 AND VI range -2000..10000,MOD13Q1 V061 Terra 250m 16-day
SO1302,Buuhoodle,SO13,Togdheer,2016-07-27,0.1768782643312102,0.175,0.1154136942675159,0.1145,0.4624447717231222,3768,0.2971281296023564,0.0,pixel_reliability=0 AND MODLAND_QA(bits0-1)=0 AND VI range -2000..10000,MOD13Q1 V061 Terra 250m 16-day
SO1302,Buuhoodle,SO13,Togdheer,2016-08-12,0.1741764012738853,0.1723,0.114390382165605,0.1141,0.7707412862052038,6280,0.0362052037309769,0.0,pixel_reliability=0 AND MODLAND_QA(bits0-1)=0 AND VI range -2000..10000,MOD13Q1 V061 Terra 250m 16-day
SO1302,Buuhoodle,SO13,Togdheer,2016-08-28,0.1769517447802599,0.1764,0.11306265148196819,0.11280000000000001,0.8405743740795287,6849,0.02147766323024055,0.0,pixel_reliability=0 AND MODLAND_QA(bits0-1)=0 AND VI range -2000..10000,MOD13Q1 V061 Terra 250m 16-day
SO1302,Buuhoodle,SO13,Togdheer,2016-09-13,0.1805030809859155,0.1809,0.1134181589537223,0.1135,0.9759450171821306,7952,0.0001227295041728,0.0,pixel_reliability=0 AND MODLAND_QA(bits0-1)=0 AND VI range -2000..10000,MOD13Q1 V061 Terra 250m 16-day
SO1302,Buuhoodle,SO13,Togdheer,2016-09-29,0.1824134831460674,0.18295,0.1133637856525497,0.1128,0.8519882179675994,6942,0.0143593519882179,0.0,pixel_reliability=0 AND MODLAND_QA(bits0-1)=0 AND VI range -2000..10000,MOD13Q1 V061 Terra 250m 16-day
SO1302,Buuhoodle,SO13,Togdheer,2016-10-15,0.1935184629376989,0.18355,0.1242893815370623,0.1202,0.5397643593519882,4398,0.2687776141384388,0.0,pixel_reliability=0 AND MODLAND_QA(bits0-1)=0 AND VI range -2000..10000,MOD13Q1 V061 Terra 250m 16-day
SO1302,Buuhoodle,SO13,Togdheer,2016-10-31,0.2086749782257061,0.2075,0.1331714570113226,0.1305,0.9863770250368188,8037,0.0001227295041728,0.0,pixel_reliability=0 AND MODLAND_QA(bits0-1)=0 AND VI range -2000..10000,MOD13Q1 V061 Terra 250m 16-day
SO1302,Buuhoodle,SO13,Togdheer,2016-11-16,0.1950735240334378,0.1961,0.1210684299895506,0.1206,0.9396170839469808,7656,0.0004909180166912,0.0,pixel_reliability=0 AND MODLAND_QA(bits0-1)=0 AND VI range -2000..10000,MOD13Q1 V061 Terra 250m 16-day
SO1302,Buuhoodle,SO13,Togdheer,2016-12-02,0.1909255003706449,0.1934,0.1175571781566592,0.1175,0.9933726067746688,8094,0.0001227295041728,0.0,pixel_reliability=0 AND MODLAND_QA(bits0-1)=0 AND VI range -2000..10000,MOD13Q1 V061 Terra 250m 16-day
SO1302,Buuhoodle,SO13,Togdheer,2016-12-18,0.1855773345191208,0.189,0.1130845508829881,0.1128,0.9660039273441337,7871,0.0,0.0,pixel_reliability=0 AND MODLAND_QA(bits0-1)=0 AND VI range -2000..10000,MOD13Q1 V061 Terra 250m 16-day
SO1303,Owdweyne,SO13,Togdheer,2016-01-01,0.17405709324890206,0.16790000000000002,0.11210107241344092,0.11030000000000001,0.9995916283818275,9791,0.0,0.0,pixel_reliability=0 AND MODLAND_QA(bits0-1)=0 AND VI range -2000..10000,MOD13Q1 V061 Terra 250m 16-day
SO1303,Owdweyne,SO13,Togdheer,2016-01-17,0.1647371565862321,0.1609,0.106433740729134,0.1056,0.9773353751914242,9573,0.0050025523226135,0.0,pixel_reliability=0 AND MODLAND_QA(bits0-1)=0 AND VI range -2000..10000,MOD13Q1 V061 Terra 250m 16-day
SO1303,Owdweyne,SO13,Togdheer,2016-02-02,0.1589380514705882,0.1559,0.1024494178921568,0.1017,0.9996937212863706,9792,0.0,0.0,pixel_reliability=0 AND MODLAND_QA(bits0-1)=0 AND VI range -2000..10000,MOD13Q1 V061 Terra 250m 16-day
SO1303,Owdweyne,SO13,Togdheer,2016-02-18,0.150998319422513,0.1487,0.0958068351003834,0.0953,0.9051556916794284,8866,0.0012251148545176,0.0,pixel_reliability=0 AND MODLAND_QA(bits0-1)=0 AND VI range -2000..10000,MOD13Q1 V061 Terra 250m 16-day
SO1303,Owdweyne,SO13,Togdheer,2016-03-05,0.1515386642156863,0.1494,0.0970714767156862,0.0966,0.9996937212863706,9792,0.0,0.0,pixel_reliability=0 AND MODLAND_QA(bits0-1)=0 AND VI range -2000..10000,MOD13Q1 V061 Terra 250m 16-day
SO1303,Owdweyne,SO13,Togdheer,2016-03-21,0.1494757176422515,0.1475,0.0969356522627439,0.0966,0.9993874425727411,9789,0.0,0.0,pixel_reliability=0 AND MODLAND_QA(bits0-1)=0 AND VI range -2000..10000,MOD13Q1 V061 Terra 250m 16-day
SO1303,Owdweyne,SO13,Togdheer,2016-04-06,0.1523407850863898,0.1494,0.1019518642012731,0.0994,0.6736089841755998,6598,0.1010719754977029,0.0,pixel_reliability=0 AND MODLAND_QA(bits0-1)=0 AND VI range -2000..10000,MOD13Q1 V061 Terra 250m 16-day
SO1303,Owdweyne,SO13,Togdheer,2016-04-22,0.1793299255383377,0.1695,0.1189921312135238,0.1144,0.5072996426748341,4969,0.2983154670750383,0.0007146503318019,pixel_reliability=0 AND MODLAND_QA(bits0-1)=0 AND VI range -2000..10000,MOD13Q1 V061 Terra 250m 16-day
SO1303,Owdweyne,SO13,Togdheer,2016-05-08,0.2111359380418449,0.2033,0.1384196855854814,0.135,0.8832057172026544,8651,0.0227667177131189,0.0,pixel_reliability=0 AND MODLAND_QA(bits0-1)=0 AND VI range -2000..10000,MOD13Q1 V061 Terra 250m 16-day
SO1303,Owdweyne,SO13,Togdheer,2016-05-24,0.2099875357580711,0.202,0.1414855741724561,0.1371,0.999285349668198,9788,0.0,0.0,pixel_reliability=0 AND MODLAND_QA(bits0-1)=0 AND VI range -2000..10000,MOD13Q1 V061 Terra 250m 16-day
SO1303,Owdweyne,SO13,Togdheer,2016-06-09,0.1848680232558139,0.1791,0.1251521802325581,0.1225,0.8428790199081164,8256,0.0305257784583971,0.0,pixel_reliability=0 AND MODLAND_QA(bits0-1)=0 AND VI range -2000..10000,MOD13Q1 V061 Terra 250m 16-day
SO1303,Owdweyne,SO13,Togdheer,2016-06-25,0.1664602923745555,0.1631,0.1118598314236797,0.1097,0.7751914241960184,7593,0.1502807554874936,0.0,pixel_reliability=0 AND MODLAND_QA(bits0-1)=0 AND VI range -2000..10000,MOD13Q1 V061 Terra 250m 16-day
SO1303,Owdweyne,SO13,Togdheer,2016-07-11,0.162978709896837,0.1597,0.1084630427389184,0.1062,0.9005615109749873,8821,0.0476773864216436,0.0,pixel_reliability=0 AND MODLAND_QA(bits0-1)=0 AND VI range -2000..10000,MOD13Q1 V061 Terra 250m 16-day
SO1303,Owdweyne,SO13,Togdheer,2016-07-27,0.1648387117079311,0.16295,0.1038079311791859,0.1017,0.4865747830525778,4766,0.3519142419601838,0.0001020929045431,pixel_reliability=0 AND MODLAND_QA(bits0-1)=0 AND VI range -2000..10000,MOD13Q1 V061 Terra 250m 16-day
SO1303,Owdweyne,SO13,Togdheer,2016-08-12,0.1585234216719533,0.1565,0.0998511102015757,0.0989,0.997753956100051,9773,0.0001020929045431,0.0,pixel_reliability=0 AND MODLAND_QA(bits0-1)=0 AND VI range -2000..10000,MOD13Q1 V061 Terra 250m 16-day
SO1303,Owdweyne,SO13,Togdheer,2016-08-28,0.16106106285130303,0.1567,0.10558335206949412,0.10310000000000001,0.9989790709545686,9785,0.0,0.0,pixel_reliability=0 AND MODLAND_QA(bits0-1)=0 AND VI range -2000..10000,MOD13Q1 V061 Terra 250m 16-day
SO1303,Owdweyne,SO13,Togdheer,2016-09-13,0.1634201858280579,0.1594,0.1075691750051051,0.1057,0.9998979070954568,9794,0.0,0.0,pixel_reliability=0 AND MODLAND_QA(bits0-1)=0 AND VI range -2000..10000,MOD13Q1 V061 Terra 250m 16-day
SO1303,Owdweyne,SO13,Togdheer,2016-09-29,0.1656151048714479,0.1596,0.1103543301759134,0.1085,0.6035732516590097,5912,0.0169474221541602,0.0,pixel_reliability=0 AND MODLAND_QA(bits0-1)=0 AND VI range -2000..10000,MOD13Q1 V061 Terra 250m 16-day
SO1303,Owdweyne,SO13,Togdheer,2016-10-15,0.168128112239556,0.1625,0.1099378389697414,0.1079,0.9750893312914752,9551,0.0,0.0,pixel_reliability=0 AND MODLAND_QA(bits0-1)=0 AND VI range -2000..10000,MOD13Q1 V061 Terra 250m 16-day
SO1303,Owdweyne,SO13,Togdheer,2016-10-31,0.1667434262948207,0.1607,0.1093504545918888,0.1076,0.9993874425727411,9789,0.0,0.0,pixel_reliability=0 AND MODLAND_QA(bits0-1)=0 AND VI range -2000..10000,MOD13Q1 V061 Terra 250m 16-day
SO1303,Owdweyne,SO13,Togdheer,2016-11-16,0.1625279142381349,0.1573,0.1061189217318901,0.1048,0.980908626850434,9608,0.0006125574272588,0.0,pixel_reliability=0 AND MODLAND_QA(bits0-1)=0 AND VI range -2000..10000,MOD13Q1 V061 Terra 250m 16-day
SO1303,Owdweyne,SO13,Togdheer,2016-12-02,0.1600274407679738,0.1562,0.1030239379084967,0.1021,0.9996937212863706,9792,0.0,0.0,pixel_reliability=0 AND MODLAND_QA(bits0-1)=0 AND VI range -2000..10000,MOD13Q1 V061 Terra 250m 16-day
SO1303,Owdweyne,SO13,Togdheer,2016-12-18,0.1558657335512873,0.1531,0.1001652022885165,0.0994,0.999285349668198,9788,0.0,0.0,pixel_reliability=0 AND MODLAND_QA(bits0-1)=0 AND VI range -2000..10000,MOD13Q1 V061 Terra 250m 16-day
SO1304,Sheikh,SO13,Togdheer,2016-01-01,0.2109324269204623,0.1797,0.12804700883752548,0.11850000000000001,0.8441893830703013,2942,0.07431850789096127,0.0,pixel_reliability=0 AND MODLAND_QA(bits0-1)=0 AND VI range -2000..10000,MOD13Q1 V061 Terra 250m 16-day
SO1304,Sheikh,SO13,Togdheer,2016-01-17,0.2130197802197802,0.1759,0.1258645678645678,0.1157,0.9661406025824965,3367,0.0045911047345767,0.0,pixel_reliability=0 AND MODLAND_QA(bits0-1)=0 AND VI range -2000..10000,MOD13Q1 V061 Terra 250m 16-day
SO1304,Sheikh,SO13,Togdheer,2016-02-02,0.2012178243398392,0.16665,0.1159435993111366,0.1082,0.999713055954089,3484,0.0,0.0,pixel_reliability=0 AND MODLAND_QA(bits0-1)=0 AND VI range -2000..10000,MOD13Q1 V061 Terra 250m 16-day
SO1304,Sheikh,SO13,Togdheer,2016-02-18,0.1741706694069289,0.15125,0.1084369935408103,0.10155,0.9773314203730272,3406,0.0022955523672883,0.0,pixel_reliability=0 AND MODLAND_QA(bits0-1)=0 AND VI range -2000..10000,MOD13Q1 V061 Terra 250m 16-day
SO1304,Sheikh,SO13,Togdheer,2016-03-05,0.171830243902439,0.15,0.1035300717360114,0.0989,1.0,3485,0.0,0.0,pixel_reliability=0 AND MODLAND_QA(bits0-1)=0 AND VI range -2000..10000,MOD13Q1 V061 Terra 250m 16-day
SO1304,Sheikh,SO13,Togdheer,2016-03-21,0.1620339381320642,0.14495,0.1013003569303985,0.0979,0.9647058823529412,3362,0.0011477761836441,0.0,pixel_reliability=0 AND MODLAND_QA(bits0-1)=0 AND VI range -2000..10000,MOD13Q1 V061 Terra 250m 16-day
SO1304,Sheikh,SO13,Togdheer,2016-04-06,0.1821176604633498,0.1567,0.1253598556779339,0.1136,0.7555236728837876,2633,0.0154949784791965,0.0,pixel_reliability=0 AND MODLAND_QA(bits0-1)=0 AND VI range -2000..10000,MOD13Q1 V061 Terra 250m 16-day
SO1304,Sheikh,SO13,Togdheer,2016-04-22,0.2053842257597684,0.1762,0.1271092619392185,0.1162,0.7931133428981348,2764,0.1007173601147776,0.0,pixel_reliability=0 AND MODLAND_QA(bits0-1)=0 AND VI range -2000..10000,MOD13Q1 V061 Terra 250m 16-day
SO1304,Sheikh,SO13,Togdheer,2016-05-08,0.244645460199005,0.2125,0.1557120024875622,0.1427,0.9228120516499284,3216,0.0177905308464849,0.0,pixel_reliability=0 AND MODLAND_QA(bits0-1)=0 AND VI range -2000..10000,MOD13Q1 V061 Terra 250m 16-day
SO1304,Sheikh,SO13,Togdheer,2016-05-24,0.2211242584434655,0.1912,0.1451354478707782,0.1335,0.9770444763271162,3405,0.0011477761836441,0.0,pixel_reliability=0 AND MODLAND_QA(bits0-1)=0 AND VI range -2000..10000,MOD13Q1 V061 Terra 250m 16-day
SO1304,Sheikh,SO13,Togdheer,2016-06-09,0.1833090850927703,0.16855,0.1223061100447856,0.1175,0.896987087517934,3126,0.0261119081779053,0.0,pixel_reliability=0 AND MODLAND_QA(bits0-1)=0 AND VI range -2000..10000,MOD13Q1 V061 Terra 250m 16-day
SO1304,Sheikh,SO13,Togdheer,2016-06-25,0.1650586750788643,0.15705,0.1085875078864353,0.10685,0.90961262553802,3170,0.0278335724533715,0.0,pixel_reliability=0 AND MODLAND_QA(bits0-1)=0 AND VI range -2000..10000,MOD13Q1 V061 Terra 250m 16-day
SO1304,Sheikh,SO13,Togdheer,2016-07-11,0.1640106503579952,0.15395,0.1081367243436754,0.10475,0.9618364418938308,3352,0.0054519368723099,0.0,pixel_reliability=0 AND MODLAND_QA(bits0-1)=0 AND VI range -2000..10000,MOD13Q1 V061 Terra 250m 16-day
SO1304,Sheikh,SO13,Togdheer,2016-07-27,0.1669353881278538,0.1516,0.1093405414220482,0.1019,0.8797704447632712,3066,0.0433285509325681,0.0,pixel_reliability=0 AND MODLAND_QA(bits0-1)=0 AND VI range -2000..10000,MOD13Q1 V061 Terra 250m 16-day
SO1304,Sheikh,SO13,Togdheer,2016-08-12,0.1589717195925704,0.1474,0.1005947273816656,0.0983,0.957819225251076,3338,0.0086083213773314,0.0,pixel_reliability=0 AND MODLAND_QA(bits0-1)=0 AND VI range -2000..10000,MOD13Q1 V061 Terra 250m 16-day
SO1304,Sheikh,SO13,Togdheer,2016-08-28,0.16711821315713876,0.155,0.10727449008905487,0.1038,0.9988522238163559,3481,0.0,0.0,pixel_reliability=0 AND MODLAND_QA(bits0-1)=0 AND VI range -2000..10000,MOD13Q1 V061 Terra 250m 16-day
SO1304,Sheikh,SO13,Togdheer,2016-09-13,0.1709585365853658,0.1544,0.1093750358680057,0.1056,1.0,3485,0.0,0.0,pixel_reliability=0 AND MODLAND_QA(bits0-1)=0 AND VI range -2000..10000,MOD13Q1 V061 Terra 250m 16-day
SO1304,Sheikh,SO13,Togdheer,2016-09-29,0.1859660675550046,0.1584,0.1176008366904245,0.1094,0.9259684361549498,3227,0.0011477761836441,0.0,pixel_reliability=0 AND MODLAND_QA(bits0-1)=0 AND VI range -2000..10000,MOD13Q1 V061 Terra 250m 16-day
SO1304,Sheikh,SO13,Togdheer,2016-10-15,0.2014926255380201,0.1697,0.1258393400286944,0.1158,1.0,3485,0.0,0.0,pixel_reliability=0 AND MODLAND_QA(bits0-1)=0 AND VI range -2000..10000,MOD13Q1 V061 Terra 250m 16-day
SO1304,Sheikh,SO13,Togdheer,2016-10-31,0.1974549109707065,0.1657,0.1227276565192418,0.1124,0.9991391678622668,3482,0.0,0.0,pixel_reliability=0 AND MODLAND_QA(bits0-1)=0 AND VI range -2000..10000,MOD13Q1 V061 Terra 250m 16-day
SO1304,Sheikh,SO13,Togdheer,2016-11-16,0.1899216091954023,0.1609,0.1172301724137931,0.1098,0.9985652797704448,3480,0.0,0.0,pixel_reliability=0 AND MODLAND_QA(bits0-1)=0 AND VI range -2000..10000,MOD13Q1 V061 Terra 250m 16-day
SO1304,Sheikh,SO13,Togdheer,2016-12-02,0.1899287478460654,0.15895,0.1094207639287765,0.1049,0.9991391678622668,3482,0.0,0.0,pixel_reliability=0 AND MODLAND_QA(bits0-1)=0 AND VI range -2000..10000,MOD13Q1 V061 Terra 250m 16-day
SO1304,Sheikh,SO13,Togdheer,2016-12-18,0.1820083284968079,0.1521,0.108343934997098,0.1005,0.9888091822094692,3446,0.0028694404591104,0.0,pixel_reliability=0 AND MODLAND_QA(bits0-1)=0 AND VI range -2000..10000,MOD13Q1 V061 Terra 250m 16-day
SO1401,Laas Caanood,SO14,Sool,2016-01-01,0.16295010982352495,0.156,0.11700469590244642,0.11510000000000001,0.9819277108433735,13203,0.0,0.0,pixel_reliability=0 AND MODLAND_QA(bits0-1)=0 AND VI range -2000..10000,MOD13Q1 V061 Terra 250m 16-day
SO1401,Laas Caanood,SO14,Sool,2016-01-17,0.154182324255383,0.1487,0.1118784680021006,0.1106,0.9912985274431058,13329,0.0,0.0,pixel_reliability=0 AND MODLAND_QA(bits0-1)=0 AND VI range -2000..10000,MOD13Q1 V061 Terra 250m 16-day
SO1401,Laas Caanood,SO14,Sool,2016-02-02,0.1483418479479704,0.1437,0.1078124616879719,0.107,0.9948683623382418,13377,0.0,0.0,pixel_reliability=0 AND MODLAND_QA(bits0-1)=0 AND VI range -2000..10000,MOD13Q1 V061 Terra 250m 16-day
SO1401,Laas Caanood,SO14,Sool,2016-02-18,0.14717232330734,0.1442,0.1052810867681643,0.1049,0.6008478357875948,8079,7.437156031533541e-05,0.0,pixel_reliability=0 AND MODLAND_QA(bits0-1)=0 AND VI range -2000..10000,MOD13Q1 V061 Terra 250m 16-day
SO1401,Laas Caanood,SO14,Sool,2016-03-05,0.1418503261882572,0.1382,0.102628036657347,0.1022,0.9576082106202588,12876,7.437156031533541e-05,0.0,pixel_reliability=0 AND MODLAND_QA(bits0-1)=0 AND VI range -2000..10000,MOD13Q1 V061 Terra 250m 16-day
SO1401,Laas Caanood,SO14,Sool,2016-03-21,0.1382378979698854,0.1352,0.1008383549329537,0.1004,0.9927859586494124,13349,7.437156031533541e-05,0.0,pixel_reliability=0 AND MODLAND_QA(bits0-1)=0 AND VI range -2000..10000,MOD13Q1 V061 Terra 250m 16-day
SO1401,Laas Caanood,SO14,Sool,2016-04-06,0.1477540753791941,0.1399,0.1078495480312547,0.1053,0.9708463483563884,13054,0.0,0.0,pixel_reliability=0 AND MODLAND_QA(bits0-1)=0 AND VI range -2000..10000,MOD13Q1 V061 Terra 250m 16-day
SO1401,Laas Caanood,SO14,Sool,2016-04-22,0.1448329169006176,0.1357,0.1088892055025266,0.10425,0.5298229956864495,7124,0.3072289156626506,0.000446229361892,pixel_reliability=0 AND MODLAND_QA(bits0-1)=0 AND VI range -2000..10000,MOD13Q1 V061 Terra 250m 16-day
SO1401,Laas Caanood,SO14,Sool,2016-05-08,0.1794825192802056,0.171,0.1347478577549271,0.13135,0.5207496653279786,7002,0.3598839803659081,0.0129406514948683,pixel_reliability=0 AND MODLAND_QA(bits0-1)=0 AND VI range -2000..10000,MOD13Q1 V061 Terra 250m 16-day
SO1401,Laas Caanood,SO14,Sool,2016-05-24,0.1793212978995708,0.1699,0.1329522924038244,0.1286,0.9878774356686004,13283,0.0,0.0,pixel_reliability=0 AND MODLAND_QA(bits0-1)=0 AND VI range -2000..10000,MOD13Q1 V061 Terra 250m 16-day
SO1401,Laas Caanood,SO14,Sool,2016-06-09,0.1516711968630247,0.144,0.1156407004723286,0.112,0.8345232782983787,11221,0.0670087758441172,0.00111557340473,pixel_reliability=0 AND MODLAND_QA(bits0-1)=0 AND VI range -2000..10000,MOD13Q1 V061 Terra 250m 16-day
SO1401,Laas Caanood,SO14,Sool,2016-06-25,0.1404690019505852,0.1386,0.106470156046814,0.1053,0.4575338390599435,6152,0.3517031087312212,0.083816748475383,pixel_reliability=0 AND MODLAND_QA(bits0-1)=0 AND VI range -2000..10000,MOD13Q1 V061 Terra 250m 16-day
SO1401,Laas Caanood,SO14,Sool,2016-07-11,0.1437597732391085,0.14,0.1059130775801817,0.1045,0.957682582180574,12877,0.0063215826268035,0.0,pixel_reliability=0 AND MODLAND_QA(bits0-1)=0 AND VI range -2000..10000,MOD13Q1 V061 Terra 250m 16-day
SO1401,Laas Caanood,SO14,Sool,2016-07-27,0.1426666454436928,0.1384,0.103147170712296,0.1025,0.9344786553621895,12565,0.0066190688680648,0.0,pixel_reliability=0 AND MODLAND_QA(bits0-1)=0 AND VI range -2000..10000,MOD13Q1 V061 Terra 250m 16-day
SO1401,Laas Caanood,SO14,Sool,2016-08-12,0.1365370143507175,0.1334,0.1015894469723486,0.1008,0.8499181912836531,11428,0.0014874312063067,0.0,pixel_reliability=0 AND MODLAND_QA(bits0-1)=0 AND VI range -2000..10000,MOD13Q1 V061 Terra 250m 16-day
SO1401,Laas Caanood,SO14,Sool,2016-08-28,0.13719569875279822,0.134,0.10037105052766229,0.0998,0.9302394764242153,12508,0.008627100996578908,0.0,pixel_reliability=0 AND MODLAND_QA(bits0-1)=0 AND VI range -2000..10000,MOD13Q1 V061 Terra 250m 16-day
SO1401,Laas Caanood,SO14,Sool,2016-09-13,0.1379063229719484,0.1355,0.1005354890068233,0.1002,0.980960880559274,13190,0.0001487431206306,0.0,pixel_reliability=0 AND MODLAND_QA(bits0-1)=0 AND VI range -2000..10000,MOD13Q1 V061 Terra 250m 16-day
SO1401,Laas Caanood,SO14,Sool,2016-09-29,0.1401626506024096,0.1363,0.101120968642783,0.1008,0.9320987654320988,12533,0.0050572661014428,0.0,pixel_reliability=0 AND MODLAND_QA(bits0-1)=0 AND VI range -2000..10000,MOD13Q1 V061 Terra 250m 16-day
SO1401,Laas Caanood,SO14,Sool,2016-10-15,0.1602292209017166,0.1538,0.1149019335974344,0.1113,0.7884872824631861,10602,0.0514651197382121,0.0,pixel_reliability=0 AND MODLAND_QA(bits0-1)=0 AND VI range -2000..10000,MOD13Q1 V061 Terra 250m 16-day
SO1401,Laas Caanood,SO14,Sool,2016-10-31,0.1540431472880422,0.1454,0.1122901125718334,0.1087,0.9447419306857058,12703,0.0,0.0,pixel_reliability=0 AND MODLAND_QA(bits0-1)=0 AND VI range -2000..10000,MOD13Q1 V061 Terra 250m 16-day
SO1401,Laas Caanood,SO14,Sool,2016-11-16,0.1466031574199368,0.1416,0.1058260111261464,0.1047,0.9892904953145916,13302,7.437156031533541e-05,0.0,pixel_reliability=0 AND MODLAND_QA(bits0-1)=0 AND VI range -2000..10000,MOD13Q1 V061 Terra 250m 16-day
SO1401,Laas Caanood,SO14,Sool,2016-12-02,0.1437823630392596,0.1396,0.103911382295865,0.1032,0.996430165104864,13398,0.0,0.0,pixel_reliability=0 AND MODLAND_QA(bits0-1)=0 AND VI range -2000..10000,MOD13Q1 V061 Terra 250m 16-day
SO1401,Laas Caanood,SO14,Sool,2016-12-18,0.140351981820891,0.1366,0.1001692072716435,0.0999,0.998215082552432,13422,0.0,0.0,pixel_reliability=0 AND MODLAND_QA(bits0-1)=0 AND VI range -2000..10000,MOD13Q1 V061 Terra 250m 16-day
SO1402,Caynabo,SO14,Sool,2016-01-01,0.16353936695278973,0.1618,0.11027341201716738,0.10980000000000001,0.9963651913619842,9320,0.0,0.0,pixel_reliability=0 AND MODLAND_QA(bits0-1)=0 AND VI range -2000..10000,MOD13Q1 V061 Terra 250m 16-day
SO1402,Caynabo,SO14,Sool,2016-01-17,0.1576242699545749,0.15685,0.1058540558079169,0.1059,0.9884541372674792,9246,0.0008552490912978,0.0,pixel_reliability=0 AND MODLAND_QA(bits0-1)=0 AND VI range -2000..10000,MOD13Q1 V061 Terra 250m 16-day
SO1402,Caynabo,SO14,Sool,2016-02-02,0.1511459253699335,0.1509,0.1026080849238687,0.1033,0.9970066281804576,9326,0.0,0.0,pixel_reliability=0 AND MODLAND_QA(bits0-1)=0 AND VI range -2000..10000,MOD13Q1 V061 Terra 250m 16-day
SO1402,Caynabo,SO14,Sool,2016-02-18,0.142028639327954,0.1421,0.0982983530452083,0.0992,0.9671798161214452,9047,0.0025657472738935,0.0,pixel_reliability=0 AND MODLAND_QA(bits0-1)=0 AND VI range -2000..10000,MOD13Q1 V061 Terra 250m 16-day
SO1402,Caynabo,SO14,Sool,2016-03-05,0.1435500322927879,0.14355,0.0967563724434876,0.0974,0.9931580072696172,9290,0.0002138122728244,0.0,pixel_reliability=0 AND MODLAND_QA(bits0-1)=0 AND VI range -2000..10000,MOD13Q1 V061 Terra 250m 16-day
SO1402,Caynabo,SO14,Sool,2016-03-21,0.1416959340778488,0.142,0.0965545375691206,0.0974,0.9859952961299978,9223,0.0010690613641223,0.0,pixel_reliability=0 AND MODLAND_QA(bits0-1)=0 AND VI range -2000..10000,MOD13Q1 V061 Terra 250m 16-day
SO1402,Caynabo,SO14,Sool,2016-04-06,0.1442993189189189,0.1429,0.1001203567567567,0.0991,0.988881761813128,9250,0.0005345306820611,0.0,pixel_reliability=0 AND MODLAND_QA(bits0-1)=0 AND VI range -2000..10000,MOD13Q1 V061 Terra 250m 16-day
SO1402,Caynabo,SO14,Sool,2016-04-22,0.146015231670513,0.1442,0.097873619740813,0.097,0.6022022664100919,5633,0.1554415223433825,0.0003207184092366,pixel_reliability=0 AND MODLAND_QA(bits0-1)=0 AND VI range -2000..10000,MOD13Q1 V061 Terra 250m 16-day
SO1402,Caynabo,SO14,Sool,2016-05-08,0.185892725268669,0.175,0.1248915541471479,0.1185,0.7759247380799658,7258,0.027902501603592,0.0,pixel_reliability=0 AND MODLAND_QA(bits0-1)=0 AND VI range -2000..10000,MOD13Q1 V061 Terra 250m 16-day
SO1402,Caynabo,SO14,Sool,2016-05-24,0.1797755502805351,0.1737,0.1250815170479067,0.1204,0.9908060722685482,9268,0.0010690613641223,0.0,pixel_reliability=0 AND MODLAND_QA(bits0-1)=0 AND VI range -2000..10000,MOD13Q1 V061 Terra 250m 16-day
SO1402,Caynabo,SO14,Sool,2016-06-09,0.161475347137637,0.1603,0.111240328867235,0.11,0.8776993799444088,8210,0.0058798375026726,0.0,pixel_reliability=0 AND MODLAND_QA(bits0-1)=0 AND VI range -2000..10000,MOD13Q1 V061 Terra 250m 16-day
SO1402,Caynabo,SO14,Sool,2016-06-25,0.1499497842968076,0.1507,0.1035099223468507,0.1039,0.1239042121017746,1159,0.672867222578576,0.0285439384220654,pixel_reliability=0 AND MODLAND_QA(bits0-1)=0 AND VI range -2000..10000,MOD13Q1 V061 Terra 250m 16-day
SO1402,Caynabo,SO14,Sool,2016-07-11,0.1450500569087184,0.1456,0.1009652060095606,0.1007,0.9392773145178532,8786,0.0083386786401539,0.0,pixel_reliability=0 AND MODLAND_QA(bits0-1)=0 AND VI range -2000..10000,MOD13Q1 V061 Terra 250m 16-day
SO1402,Caynabo,SO14,Sool,2016-07-27,0.1427059425854818,0.1425,0.0982014810751508,0.0983,0.5846696600384862,5469,0.0967500534530682,0.0001069061364122,pixel_reliability=0 AND MODLAND_QA(bits0-1)=0 AND VI range -2000..10000,MOD13Q1 V061 Terra 250m 16-day
SO1402,Caynabo,SO14,Sool,2016-08-12,0.1389928610059491,0.1394,0.0978421416982152,0.0974,0.9883472311310668,9245,0.0018174043190079,0.0,pixel_reliability=0 AND MODLAND_QA(bits0-1)=0 AND VI range -2000..10000,MOD13Q1 V061 Terra 250m 16-day
SO1402,Caynabo,SO14,Sool,2016-08-28,0.1404677330391616,0.14100000000000001,0.0986295366795367,0.0988,0.7752833012614924,7252,0.0005345306820611504,0.0,pixel_reliability=0 AND MODLAND_QA(bits0-1)=0 AND VI range -2000..10000,MOD13Q1 V061 Terra 250m 16-day
SO1402,Caynabo,SO14,Sool,2016-09-13,0.1422063179643323,0.1428,0.0977003697259678,0.0981,0.9831088304468676,9196,0.0020312165918323,0.0,pixel_reliability=0 AND MODLAND_QA(bits0-1)=0 AND VI range -2000..10000,MOD13Q1 V061 Terra 250m 16-day
SO1402,Caynabo,SO14,Sool,2016-09-29,0.1443273633111906,0.14335,0.0982329713847726,0.0979,0.8368612358349369,7828,0.0033140902287791,0.0,pixel_reliability=0 AND MODLAND_QA(bits0-1)=0 AND VI range -2000..10000,MOD13Q1 V061 Terra 250m 16-day
SO1402,Caynabo,SO14,Sool,2016-10-15,0.1478344987091222,0.14745,0.0999290339931153,0.1002,0.9937994440880906,9296,0.0,0.0,pixel_reliability=0 AND MODLAND_QA(bits0-1)=0 AND VI range -2000..10000,MOD13Q1 V061 Terra 250m 16-day
SO1402,Caynabo,SO14,Sool,2016-10-31,0.148833058117092,0.1486,0.1027734291228822,0.1033,0.9970066281804576,9326,0.0,0.0,pixel_reliability=0 AND MODLAND_QA(bits0-1)=0 AND VI range -2000..10000,MOD13Q1 V061 Terra 250m 16-day
SO1402,Caynabo,SO14,Sool,2016-11-16,0.1437241093434909,0.1443,0.0994181604302039,0.1001,0.9542441736155656,8926,0.0,0.0,pixel_reliability=0 AND MODLAND_QA(bits0-1)=0 AND VI range -2000..10000,MOD13Q1 V061 Terra 250m 16-day
SO1402,Caynabo,SO14,Sool,2016-12-02,0.1445383966244726,0.1456,0.098072205993725,0.0992,0.9881334188582424,9243,0.0006414368184733,0.0,pixel_reliability=0 AND MODLAND_QA(bits0-1)=0 AND VI range -2000..10000,MOD13Q1 V061 Terra 250m 16-day
SO1402,Caynabo,SO14,Sool,2016-12-18,0.1412299606845513,0.1424,0.0967951665124884,0.0981,0.9245242676929656,8648,0.0,0.0,pixel_reliability=0 AND MODLAND_QA(bits0-1)=0 AND VI range -2000..10000,MOD13Q1 V061 Terra 250m 16-day
SO1403,Taleex,SO14,Sool,2016-01-01,0.14047891780011829,0.1371,0.10489821604573232,0.10200000000000001,0.9955843391227553,10146,0.0,0.0,pixel_reliability=0 AND MODLAND_QA(bits0-1)=0 AND VI range -2000..10000,MOD13Q1 V061 Terra 250m 16-day
SO1403,Taleex,SO14,Sool,2016-01-17,0.1355787027882143,0.1327,0.1018344176389163,0.0992,0.992444313610048,10114,0.0,0.0,pixel_reliability=0 AND MODLAND_QA(bits0-1)=0 AND VI range -2000..10000,MOD13Q1 V061 Terra 250m 16-day
SO1403,Taleex,SO14,Sool,2016-02-02,0.1335096170970614,0.131,0.1005887701592955,0.0983,0.9917574330291432,10107,0.0,0.0,pixel_reliability=0 AND MODLAND_QA(bits0-1)=0 AND VI range -2000..10000,MOD13Q1 V061 Terra 250m 16-day
SO1403,Taleex,SO14,Sool,2016-02-18,0.1285102575554563,0.126,0.1005931219294327,0.0975,0.6591109802767148,6717,0.0,0.0,pixel_reliability=0 AND MODLAND_QA(bits0-1)=0 AND VI range -2000..10000,MOD13Q1 V061 Terra 250m 16-day
SO1403,Taleex,SO14,Sool,2016-03-05,0.1271649400812122,0.1256,0.0957847875606615,0.0937,0.9907761750564223,10097,0.0,0.0,pixel_reliability=0 AND MODLAND_QA(bits0-1)=0 AND VI range -2000..10000,MOD13Q1 V061 Terra 250m 16-day
SO1403,Taleex,SO14,Sool,2016-03-21,0.1249855820505081,0.1237,0.0962728342891639,0.0944,0.97527229908743,9939,0.0,0.0,pixel_reliability=0 AND MODLAND_QA(bits0-1)=0 AND VI range -2000..10000,MOD13Q1 V061 Terra 250m 16-day
SO1403,Taleex,SO14,Sool,2016-04-06,0.1270125088769402,0.1252,0.097161824084407,0.0949,0.9672259837111176,9857,0.0,0.0,pixel_reliability=0 AND MODLAND_QA(bits0-1)=0 AND VI range -2000..10000,MOD13Q1 V061 Terra 250m 16-day
SO1403,Taleex,SO14,Sool,2016-04-22,0.1374002739425816,0.134,0.1002761231645847,0.0977,0.8954960259052105,9126,0.0052987930526935,0.0,pixel_reliability=0 AND MODLAND_QA(bits0-1)=0 AND VI range -2000..10000,MOD13Q1 V061 Terra 250m 16-day
SO1403,Taleex,SO14,Sool,2016-05-08,0.1536374116607773,0.1472,0.1083237632508834,0.1048,0.2221568050240408,2264,0.5825728584044746,9.812579727210284e-05,pixel_reliability=0 AND MODLAND_QA(bits0-1)=0 AND VI range -2000..10000,MOD13Q1 V061 Terra 250m 16-day
SO1403,Taleex,SO14,Sool,2016-05-24,0.1503799810745452,0.1465,0.1147485227631164,0.1122,0.93327445785497,9511,0.0034344029045235,0.0,pixel_reliability=0 AND MODLAND_QA(bits0-1)=0 AND VI range -2000..10000,MOD13Q1 V061 Terra 250m 16-day
SO1403,Taleex,SO14,Sool,2016-06-09,0.1394923295753872,0.1368,0.1070591823833105,0.1047,0.931311941909528,9491,0.0062800510254145,0.0,pixel_reliability=0 AND MODLAND_QA(bits0-1)=0 AND VI range -2000..10000,MOD13Q1 V061 Terra 250m 16-day
SO1403,Taleex,SO14,Sool,2016-06-25,0.1258629737609329,0.12585,0.0930088921282798,0.0929,0.0673142969286625,686,0.3097831419880286,0.4619762535570601,pixel_reliability=0 AND MODLAND_QA(bits0-1)=0 AND VI range -2000..10000,MOD13Q1 V061 Terra 250m 16-day
SO1403,Taleex,SO14,Sool,2016-07-11,0.1269214004839685,0.1236,0.0959661070780399,0.0938,0.648807771563144,6612,0.0951820233539397,0.0440584829751741,pixel_reliability=0 AND MODLAND_QA(bits0-1)=0 AND VI range -2000..10000,MOD13Q1 V061 Terra 250m 16-day
SO1403,Taleex,SO14,Sool,2016-07-27,0.1272603439618378,0.1246,0.0985201857896058,0.0966,0.7816701010695712,7966,0.0333627710725149,0.0,pixel_reliability=0 AND MODLAND_QA(bits0-1)=0 AND VI range -2000..10000,MOD13Q1 V061 Terra 250m 16-day
SO1403,Taleex,SO14,Sool,2016-08-12,0.1262364387182028,0.1241,0.0966522519546305,0.0946,0.8910803650279658,9081,0.0026493965263467,0.0,pixel_reliability=0 AND MODLAND_QA(bits0-1)=0 AND VI range -2000..10000,MOD13Q1 V061 Terra 250m 16-day
SO1403,Taleex,SO14,Sool,2016-08-28,0.12641634082592787,0.12430000000000001,0.09793235755358078,0.09630000000000001,0.9385732509076636,9565,0.0,0.0,pixel_reliability=0 AND MODLAND_QA(bits0-1)=0 AND VI range -2000..10000,MOD13Q1 V061 Terra 250m 16-day
SO1403,Taleex,SO14,Sool,2016-09-13,0.1282703618552579,0.126,0.0965984506197521,0.0957,0.9816504759101168,10004,0.0023550191345304,0.0,pixel_reliability=0 AND MODLAND_QA(bits0-1)=0 AND VI range -2000..10000,MOD13Q1 V061 Terra 250m 16-day
SO1403,Taleex,SO14,Sool,2016-09-29,0.129457127545552,0.1263,0.0982421650589496,0.0957,0.9155136885487196,9330,0.0053969188499656,0.0,pixel_reliability=0 AND MODLAND_QA(bits0-1)=0 AND VI range -2000..10000,MOD13Q1 V061 Terra 250m 16-day
SO1403,Taleex,SO14,Sool,2016-10-15,0.1391173560504978,0.1345,0.1044278866878784,0.1025,0.956039642822098,9743,9.812579727210284e-05,0.0,pixel_reliability=0 AND MODLAND_QA(bits0-1)=0 AND VI range -2000..10000,MOD13Q1 V061 Terra 250m 16-day
SO1403,Taleex,SO14,Sool,2016-10-31,0.1375563643517607,0.134,0.1038523509738343,0.1016,0.9975468550681974,10166,0.0,0.0,pixel_reliability=0 AND MODLAND_QA(bits0-1)=0 AND VI range -2000..10000,MOD13Q1 V061 Terra 250m 16-day
SO1403,Taleex,SO14,Sool,2016-11-16,0.1330837433048998,0.1304,0.0997767407260464,0.0978,0.9893042880973408,10082,0.0,0.0,pixel_reliability=0 AND MODLAND_QA(bits0-1)=0 AND VI range -2000..10000,MOD13Q1 V061 Terra 250m 16-day
SO1403,Taleex,SO14,Sool,2016-12-02,0.1326502509101643,0.1307,0.0999970481157138,0.0979,0.9972524776763813,10163,0.0,0.0,pixel_reliability=0 AND MODLAND_QA(bits0-1)=0 AND VI range -2000..10000,MOD13Q1 V061 Terra 250m 16-day
SO1403,Taleex,SO14,Sool,2016-12-18,0.1293471439826669,0.1273,0.0969357691550128,0.0955,0.996369345500932,10154,0.0,0.0,pixel_reliability=0 AND MODLAND_QA(bits0-1)=0 AND VI range -2000..10000,MOD13Q1 V061 Terra 250m 16-day
SO1404,Xudun,SO14,Sool,2016-01-01,0.14012467544510385,0.1358,0.1053156806379822,0.10315,0.9912675797407849,10784,9.192021325489476e-05,0.0,pixel_reliability=0 AND MODLAND_QA(bits0-1)=0 AND VI range -2000..10000,MOD13Q1 V061 Terra 250m 16-day
SO1404,Xudun,SO14,Sool,2016-01-17,0.134724728588661,0.131,0.1018534193189199,0.1,0.9906241382480008,10777,0.0,0.0,pixel_reliability=0 AND MODLAND_QA(bits0-1)=0 AND VI range -2000..10000,MOD13Q1 V061 Terra 250m 16-day
SO1404,Xudun,SO14,Sool,2016-02-02,0.132281907226021,0.1287,0.1002384124930696,0.0985,0.994760547844471,10822,0.0003676808530195,0.0,pixel_reliability=0 AND MODLAND_QA(bits0-1)=0 AND VI range -2000..10000,MOD13Q1 V061 Terra 250m 16-day
SO1404,Xudun,SO14,Sool,2016-02-18,0.1278445261845386,0.1259,0.097547306733167,0.0962,0.7372001103042559,8020,9.192021325489476e-05,0.0,pixel_reliability=0 AND MODLAND_QA(bits0-1)=0 AND VI range -2000..10000,MOD13Q1 V061 Terra 250m 16-day
SO1404,Xudun,SO14,Sool,2016-03-05,0.1300212108471725,0.1272,0.0978377969308387,0.0965,0.8745289089070687,9514,9.192021325489476e-05,0.0,pixel_reliability=0 AND MODLAND_QA(bits0-1)=0 AND VI range -2000..10000,MOD13Q1 V061 Terra 250m 16-day
SO1404,Xudun,SO14,Sool,2016-03-21,0.1252328883945124,0.1224,0.0963522525027808,0.0947,0.9916352605938046,10788,9.192021325489476e-05,0.0,pixel_reliability=0 AND MODLAND_QA(bits0-1)=0 AND VI range -2000..10000,MOD13Q1 V061 Terra 250m 16-day
SO1404,Xudun,SO14,Sool,2016-04-06,0.1293268123825536,0.1246,0.0992399268123825,0.0968,0.9294052762202408,10111,0.0,0.0,pixel_reliability=0 AND MODLAND_QA(bits0-1)=0 AND VI range -2000..10000,MOD13Q1 V061 Terra 250m 16-day
SO1404,Xudun,SO14,Sool,2016-04-22,0.136145476585428,0.1291,0.1007603419675896,0.0972,0.7203787112786102,7837,0.1098446548395992,0.0,pixel_reliability=0 AND MODLAND_QA(bits0-1)=0 AND VI range -2000..10000,MOD13Q1 V061 Terra 250m 16-day
SO1404,Xudun,SO14,Sool,2016-05-08,0.151245260694318,0.1395,0.109575191782603,0.1029,0.7069583601433955,7691,0.166743266844379,0.0012868829855685,pixel_reliability=0 AND MODLAND_QA(bits0-1)=0 AND VI range -2000..10000,MOD13Q1 V061 Terra 250m 16-day
SO1404,Xudun,SO14,Sool,2016-05-24,0.150098394282532,0.1416,0.1163198162242435,0.1103,0.990348377608236,10774,0.0,0.0,pixel_reliability=0 AND MODLAND_QA(bits0-1)=0 AND VI range -2000..10000,MOD13Q1 V061 Terra 250m 16-day
SO1404,Xudun,SO14,Sool,2016-06-09,0.1378906713978896,0.1326,0.1066332430665795,0.103,0.9843735637466678,10709,0.0007353617060391,0.0,pixel_reliability=0 AND MODLAND_QA(bits0-1)=0 AND VI range -2000..10000,MOD13Q1 V061 Terra 250m 16-day
SO1404,Xudun,SO14,Sool,2016-06-25,0.1306,0.1313,0.10502,0.1061,0.0022980053313723,25,0.2599503630848424,0.6273554554646567,pixel_reliability=0 AND MODLAND_QA(bits0-1)=0 AND VI range -2000..10000,MOD13Q1 V061 Terra 250m 16-day
SO1404,Xudun,SO14,Sool,2016-07-11,0.1236806249018684,0.1217,0.0959405401161877,0.0945,0.5854398382204247,6369,0.0927474951741888,0.042742899163526,pixel_reliability=0 AND MODLAND_QA(bits0-1)=0 AND VI range -2000..10000,MOD13Q1 V061 Terra 250m 16-day
SO1404,Xudun,SO14,Sool,2016-07-27,0.1239693446601941,0.1212,0.0977776699029126,0.0954,0.3787112786101664,4120,0.4201672947881239,9.192021325489476e-05,pixel_reliability=0 AND MODLAND_QA(bits0-1)=0 AND VI range -2000..10000,MOD13Q1 V061 Terra 250m 16-day
SO1404,Xudun,SO14,Sool,2016-08-12,0.125348624288425,0.1226,0.096717243833017,0.09475,0.7750712381652726,8432,9.192021325489476e-05,0.0,pixel_reliability=0 AND MODLAND_QA(bits0-1)=0 AND VI range -2000..10000,MOD13Q1 V061 Terra 250m 16-day
SO1404,Xudun,SO14,Sool,2016-08-28,0.12466862001844076,0.12200000000000001,0.09651737526892737,0.09480000000000001,0.8972332015810277,9761,0.00027576063976468427,0.0,pixel_reliability=0 AND MODLAND_QA(bits0-1)=0 AND VI range -2000..10000,MOD13Q1 V061 Terra 250m 16-day
SO1404,Xudun,SO14,Sool,2016-09-13,0.1258376754632229,0.1226,0.0952330338760995,0.0932,0.9822593988418054,10686,0.0,0.0,pixel_reliability=0 AND MODLAND_QA(bits0-1)=0 AND VI range -2000..10000,MOD13Q1 V061 Terra 250m 16-day
SO1404,Xudun,SO14,Sool,2016-09-29,0.1255665649606299,0.1217,0.0967843011811023,0.0931,0.9339093666697308,10160,0.0021141649048625,0.0,pixel_reliability=0 AND MODLAND_QA(bits0-1)=0 AND VI range -2000..10000,MOD13Q1 V061 Terra 250m 16-day
SO1404,Xudun,SO14,Sool,2016-10-15,0.1313597451857615,0.1248,0.09848665629255,0.0942,0.945123632686828,10282,9.192021325489476e-05,0.0,pixel_reliability=0 AND MODLAND_QA(bits0-1)=0 AND VI range -2000..10000,MOD13Q1 V061 Terra 250m 16-day
SO1404,Xudun,SO14,Sool,2016-10-31,0.1285469376443418,0.1238,0.0981503648960739,0.0951,0.9950363084842356,10825,0.0,0.0,pixel_reliability=0 AND MODLAND_QA(bits0-1)=0 AND VI range -2000..10000,MOD13Q1 V061 Terra 250m 16-day
SO1404,Xudun,SO14,Sool,2016-11-16,0.124211282051282,0.1196,0.094766247086247,0.092,0.9858442871587462,10725,0.0,0.0,pixel_reliability=0 AND MODLAND_QA(bits0-1)=0 AND VI range -2000..10000,MOD13Q1 V061 Terra 250m 16-day
SO1404,Xudun,SO14,Sool,2016-12-02,0.1242974723247232,0.1206,0.0946827490774907,0.0923,0.9964151116830592,10840,0.0,0.0,pixel_reliability=0 AND MODLAND_QA(bits0-1)=0 AND VI range -2000..10000,MOD13Q1 V061 Terra 250m 16-day
SO1404,Xudun,SO14,Sool,2016-12-18,0.1215022756587433,0.1174,0.091724074074074,0.0895,0.9977019946686276,10854,9.192021325489476e-05,0.0,pixel_reliability=0 AND MODLAND_QA(bits0-1)=0 AND VI range -2000..10000,MOD13Q1 V061 Terra 250m 16-day
SO1501,Ceerigaabo,SO15,Sanaag,2016-01-01,0.13688001606601674,0.12560000000000002,0.09903982546463652,0.0936,0.9023723228995058,27387,0.05317957166392092,0.0012191103789126853,pixel_reliability=0 AND MODLAND_QA(bits0-1)=0 AND VI range -2000..10000,MOD13Q1 V061 Terra 250m 16-day
SO1501,Ceerigaabo,SO15,Sanaag,2016-01-17,0.1379018212145969,0.1231,0.0966472120098039,0.0916,0.9679077429983526,29376,0.0037232289950576,0.0003624382207578,pixel_reliability=0 AND MODLAND_QA(bits0-1)=0 AND VI range -2000..10000,MOD13Q1 V061 Terra 250m 16-day
SO1501,Ceerigaabo,SO15,Sanaag,2016-02-02,0.1352608620689655,0.1231,0.0960633806626098,0.0917,0.9746293245469522,29580,0.0032948929159802,9.884678747940691e-05,pixel_reliability=0 AND MODLAND_QA(bits0-1)=0 AND VI range -2000..10000,MOD13Q1 V061 Terra 250m 16-day
SO1501,Ceerigaabo,SO15,Sanaag,2016-02-18,0.1340935113213923,0.1208,0.0956266161347945,0.0909,0.6824711696869852,20713,0.0185172981878088,0.0001317957166392,pixel_reliability=0 AND MODLAND_QA(bits0-1)=0 AND VI range -2000..10000,MOD13Q1 V061 Terra 250m 16-day
SO1501,Ceerigaabo,SO15,Sanaag,2016-03-05,0.1262893801260164,0.1166,0.0914516702453448,0.0871,0.9360461285008236,28409,0.0047775947281713,0.0002965403624382,pixel_reliability=0 AND MODLAND_QA(bits0-1)=0 AND VI range -2000..10000,MOD13Q1 V061 Terra 250m 16-day
SO1501,Ceerigaabo,SO15,Sanaag,2016-03-21,0.1235288160833953,0.1152,0.0912301492748998,0.0875,0.9292586490939044,28203,0.0251070840197693,0.000329489291598,pixel_reliability=0 AND MODLAND_QA(bits0-1)=0 AND VI range -2000..10000,MOD13Q1 V061 Terra 250m 16-day
SO1501,Ceerigaabo,SO15,Sanaag,2016-04-06,0.1302094957983193,0.1202,0.0957430179028133,0.0905,0.9018121911037892,27370,0.0104118616144975,0.000658978583196,pixel_reliability=0 AND MODLAND_QA(bits0-1)=0 AND VI range -2000..10000,MOD13Q1 V061 Terra 250m 16-day
SO1501,Ceerigaabo,SO15,Sanaag,2016-04-22,0.135569600076816,0.1284,0.0972250132027461,0.0936,0.6862932454695222,20829,0.1074794069192751,0.0038550247116968,pixel_reliability=0 AND MODLAND_QA(bits0-1)=0 AND VI range -2000..10000,MOD13Q1 V061 Terra 250m 16-day
SO1501,Ceerigaabo,SO15,Sanaag,2016-05-08,0.1493615882988122,0.13315,0.108808260528124,0.0996,0.6713014827018122,20374,0.0627347611202635,0.0001976935749588,pixel_reliability=0 AND MODLAND_QA(bits0-1)=0 AND VI range -2000..10000,MOD13Q1 V061 Terra 250m 16-day
SO1501,Ceerigaabo,SO15,Sanaag,2016-05-24,0.1478857714539795,0.1341,0.1093789376475014,0.1029,0.96332784184514,29237,0.0059308072487644,0.0001317957166392,pixel_reliability=0 AND MODLAND_QA(bits0-1)=0 AND VI range -2000..10000,MOD13Q1 V061 Terra 250m 16-day
SO1501,Ceerigaabo,SO15,Sanaag,2016-06-09,0.1435746803684355,0.1317,0.1048873453395655,0.0998,0.958682042833608,29096,0.0043492586490939,0.0008896210873146,pixel_reliability=0 AND MODLAND_QA(bits0-1)=0 AND VI range -2000..10000,MOD13Q1 V061 Terra 250m 16-day
SO1501,Ceerigaabo,SO15,Sanaag,2016-06-25,0.1346621243273984,0.1236,0.0992920425215451,0.0951,0.7531795716639209,22859,0.1064250411861614,0.0332784184514003,pixel_reliability=0 AND MODLAND_QA(bits0-1)=0 AND VI range -2000..10000,MOD13Q1 V061 Terra 250m 16-day
SO1501,Ceerigaabo,SO15,Sanaag,2016-07-11,0.1278136541363699,0.1198,0.0950290814926601,0.0916,0.960658978583196,29156,0.0052388797364085,0.0007907742998352,pixel_reliability=0 AND MODLAND_QA(bits0-1)=0 AND VI range -2000..10000,MOD13Q1 V061 Terra 250m 16-day
SO1501,Ceerigaabo,SO15,Sanaag,2016-07-27,0.1247906578540507,0.1168,0.0935159477427334,0.089,0.8524546952224052,25872,0.0339703459637561,0.0014168039538714,pixel_reliability=0 AND MODLAND_QA(bits0-1)=0 AND VI range -2000..10000,MOD13Q1 V061 Terra 250m 16-day
SO1501,Ceerigaabo,SO15,Sanaag,2016-08-12,0.1274306846883746,0.1191,0.0940707932282067,0.0896,0.965337726523888,29298,0.0038550247116968,0.0003953871499176,pixel_reliability=0 AND MODLAND_QA(bits0-1)=0 AND VI range -2000..10000,MOD13Q1 V061 Terra 250m 16-day
SO1501,Ceerigaabo,SO15,Sanaag,2016-08-28,0.12837502290076336,0.12010000000000001,0.09475165733672605,0.0906,0.971169686985173,29475,0.0035914332784184513,6.589785831960461e-05,pixel_reliability=0 AND MODLAND_QA(bits0-1)=0 AND VI range -2000..10000,MOD13Q1 V061 Terra 250m 16-day
SO1501,Ceerigaabo,SO15,Sanaag,2016-09-13,0.1292216187360082,0.119,0.0949591734114,0.0894,0.95667215815486,29035,0.0047116968698517,0.0001976935749588,pixel_reliability=0 AND MODLAND_QA(bits0-1)=0 AND VI range -2000..10000,MOD13Q1 V061 Terra 250m 16-day
SO1501,Ceerigaabo,SO15,Sanaag,2016-09-29,0.1316133218902161,0.1183,0.0970942866150558,0.09,0.9405930807248764,28547,0.0034266886326194,3.2948929159802305e-05,pixel_reliability=0 AND MODLAND_QA(bits0-1)=0 AND VI range -2000..10000,MOD13Q1 V061 Terra 250m 16-day
SO1501,Ceerigaabo,SO15,Sanaag,2016-10-15,0.1349701781669427,0.1223,0.0971716521856722,0.0911,0.9745963756177924,29579,0.0002965403624382,0.0,pixel_reliability=0 AND MODLAND_QA(bits0-1)=0 AND VI range -2000..10000,MOD13Q1 V061 Terra 250m 16-day
SO1501,Ceerigaabo,SO15,Sanaag,2016-10-31,0.1357284723858244,0.124,0.0974788207182041,0.0924,0.979011532125206,29713,0.000658978583196,0.0,pixel_reliability=0 AND MODLAND_QA(bits0-1)=0 AND VI range -2000..10000,MOD13Q1 V061 Terra 250m 16-day
SO1501,Ceerigaabo,SO15,Sanaag,2016-11-16,0.1319615810657401,0.121,0.0955543155939316,0.0901,0.9577924217462932,29069,0.0022405271828665,0.0,pixel_reliability=0 AND MODLAND_QA(bits0-1)=0 AND VI range -2000..10000,MOD13Q1 V061 Terra 250m 16-day
SO1501,Ceerigaabo,SO15,Sanaag,2016-12-02,0.1318838438984935,0.122,0.0942731944865703,0.091,0.9776935749588138,29673,0.0007248764415156,0.0,pixel_reliability=0 AND MODLAND_QA(bits0-1)=0 AND VI range -2000..10000,MOD13Q1 V061 Terra 250m 16-day
SO1501,Ceerigaabo,SO15,Sanaag,2016-12-18,0.1291893994428183,0.1203,0.0927757061748421,0.0885,0.934332784184514,28357,0.0010543657331136,6.589785831960461e-05,pixel_reliability=0 AND MODLAND_QA(bits0-1)=0 AND VI range -2000..10000,MOD13Q1 V061 Terra 250m 16-day
SO1502,Ceel Afweyn,SO15,Sanaag,2016-01-01,0.15852325914263224,0.1505,0.11387196020897446,0.11130000000000001,0.7726292507602985,13973,0.1249654409731822,0.008902405308266519,pixel_reliability=0 AND MODLAND_QA(bits0-1)=0 AND VI range -2000..10000,MOD13Q1 V061 Terra 250m 16-day
SO1502,Ceel Afweyn,SO15,Sanaag,2016-01-17,0.1532245909276189,0.1476,0.1070942293134571,0.1065,0.9495714680674592,17173,0.0103953552667956,0.0002211777716339,pixel_reliability=0 AND MODLAND_QA(bits0-1)=0 AND VI range -2000..10000,MOD13Q1 V061 Terra 250m 16-day
SO1502,Ceel Afweyn,SO15,Sanaag,2016-02-02,0.1465758685392619,0.1411,0.1045822027634048,0.1039,0.9724633674315732,17587,0.0048106165330384,0.0003317666574509,pixel_reliability=0 AND MODLAND_QA(bits0-1)=0 AND VI range -2000..10000,MOD13Q1 V061 Terra 250m 16-day
SO1502,Ceel Afweyn,SO15,Sanaag,2016-02-18,0.1352449876543209,0.1324,0.1005848518518518,0.1006,0.8957699751175007,16200,0.0596627038982582,0.0005529444290848,pixel_reliability=0 AND MODLAND_QA(bits0-1)=0 AND VI range -2000..10000,MOD13Q1 V061 Terra 250m 16-day
SO1502,Ceel Afweyn,SO15,Sanaag,2016-03-05,0.1368175192831216,0.134,0.098289337568058,0.0988,0.9749516173624552,17632,0.0027647221454243,0.0003870611003594,pixel_reliability=0 AND MODLAND_QA(bits0-1)=0 AND VI range -2000..10000,MOD13Q1 V061 Terra 250m 16-day
SO1502,Ceel Afweyn,SO15,Sanaag,2016-03-21,0.1342714429212952,0.132,0.0972239423304183,0.0983,0.9358031517832458,16924,0.0218965993917611,0.0027647221454243,pixel_reliability=0 AND MODLAND_QA(bits0-1)=0 AND VI range -2000..10000,MOD13Q1 V061 Terra 250m 16-day
SO1502,Ceel Afweyn,SO15,Sanaag,2016-04-06,0.1413065503173164,0.1367,0.1049382422937443,0.1024,0.9758363284489908,17648,0.0028753110312413,0.0014376555156206,pixel_reliability=0 AND MODLAND_QA(bits0-1)=0 AND VI range -2000..10000,MOD13Q1 V061 Terra 250m 16-day
SO1502,Ceel Afweyn,SO15,Sanaag,2016-04-22,0.1493250121317157,0.1401,0.1037791889081455,0.1001,0.7976223389549351,14425,0.0489355819740116,0.0036494332319601,pixel_reliability=0 AND MODLAND_QA(bits0-1)=0 AND VI range -2000..10000,MOD13Q1 V061 Terra 250m 16-day
SO1502,Ceel Afweyn,SO15,Sanaag,2016-05-08,0.1644170565076424,0.1525,0.1199386232051876,0.1152,0.9550456179153995,17272,0.0051423831904893,0.0005529444290848,pixel_reliability=0 AND MODLAND_QA(bits0-1)=0 AND VI range -2000..10000,MOD13Q1 V061 Terra 250m 16-day
SO1502,Ceel Afweyn,SO15,Sanaag,2016-05-24,0.1559473405454136,0.1471,0.1142031665539779,0.11075,0.9813657727398396,17748,0.0036494332319601,0.0006082388719933,pixel_reliability=0 AND MODLAND_QA(bits0-1)=0 AND VI range -2000..10000,MOD13Q1 V061 Terra 250m 16-day
SO1502,Ceel Afweyn,SO15,Sanaag,2016-06-09,0.1467853720050441,0.1405,0.1080745931663964,0.1054,0.9208183577550456,16653,0.0054188554050317,0.0009952999723527,pixel_reliability=0 AND MODLAND_QA(bits0-1)=0 AND VI range -2000..10000,MOD13Q1 V061 Terra 250m 16-day
SO1502,Ceel Afweyn,SO15,Sanaag,2016-06-25,0.1392960302114803,0.1349,0.1017419879154078,0.1014,0.9151230301354714,16550,0.0312413602432955,0.0060270942770251,pixel_reliability=0 AND MODLAND_QA(bits0-1)=0 AND VI range -2000..10000,MOD13Q1 V061 Terra 250m 16-day
SO1502,Ceel Afweyn,SO15,Sanaag,2016-07-11,0.1369475709887102,0.1335,0.1008849127608621,0.1012,0.9697539397290572,17538,0.004423555432679,0.0012717721868952,pixel_reliability=0 AND MODLAND_QA(bits0-1)=0 AND VI range -2000..10000,MOD13Q1 V061 Terra 250m 16-day
SO1502,Ceel Afweyn,SO15,Sanaag,2016-07-27,0.1307038848806786,0.1293,0.0982460318718782,0.0992,0.6974288084047553,12613,0.1158971523361902,0.0011058888581697,pixel_reliability=0 AND MODLAND_QA(bits0-1)=0 AND VI range -2000..10000,MOD13Q1 V061 Terra 250m 16-day
SO1502,Ceel Afweyn,SO15,Sanaag,2016-08-12,0.1339779519566933,0.1331,0.0996051201082666,0.1006,0.9805916505391208,17734,0.0027094277025158,0.0004423555432679,pixel_reliability=0 AND MODLAND_QA(bits0-1)=0 AND VI range -2000..10000,MOD13Q1 V061 Terra 250m 16-day
SO1502,Ceel Afweyn,SO15,Sanaag,2016-08-28,0.1351122814199661,0.1348,0.10021507690508218,0.1018,0.9454796792922311,17099,0.0034835499032347247,0.0002211777716339508,pixel_reliability=0 AND MODLAND_QA(bits0-1)=0 AND VI range -2000..10000,MOD13Q1 V061 Terra 250m 16-day
SO1502,Ceel Afweyn,SO15,Sanaag,2016-09-13,0.135100922937546,0.1344,0.0995848536322971,0.1006,0.9765551562068012,17661,0.0029858999170583,0.0,pixel_reliability=0 AND MODLAND_QA(bits0-1)=0 AND VI range -2000..10000,MOD13Q1 V061 Terra 250m 16-day
SO1502,Ceel Afweyn,SO15,Sanaag,2016-09-29,0.1378367741177852,0.1361,0.1012081146145264,0.1018,0.941719657174454,17031,0.0012164777439867,0.0,pixel_reliability=0 AND MODLAND_QA(bits0-1)=0 AND VI range -2000..10000,MOD13Q1 V061 Terra 250m 16-day
SO1502,Ceel Afweyn,SO15,Sanaag,2016-10-15,0.1399279504860954,0.1383,0.1020354453990504,0.1025,0.9782692839369644,17692,0.0012717721868952,5.52944429084877e-05,pixel_reliability=0 AND MODLAND_QA(bits0-1)=0 AND VI range -2000..10000,MOD13Q1 V061 Terra 250m 16-day
SO1502,Ceel Afweyn,SO15,Sanaag,2016-10-31,0.1451991413624474,0.1413,0.1057643011486409,0.1046,0.9724080729886646,17586,0.0007188277578103,0.0,pixel_reliability=0 AND MODLAND_QA(bits0-1)=0 AND VI range -2000..10000,MOD13Q1 V061 Terra 250m 16-day
SO1502,Ceel Afweyn,SO15,Sanaag,2016-11-16,0.1421236161666875,0.1382,0.1029040542236726,0.1018,0.881061653303843,15934,0.0249930881946364,0.0,pixel_reliability=0 AND MODLAND_QA(bits0-1)=0 AND VI range -2000..10000,MOD13Q1 V061 Terra 250m 16-day
SO1502,Ceel Afweyn,SO15,Sanaag,2016-12-02,0.1412093215037251,0.1389,0.1019200875845987,0.1018,0.9722421896599392,17583,0.0004976499861763,0.0,pixel_reliability=0 AND MODLAND_QA(bits0-1)=0 AND VI range -2000..10000,MOD13Q1 V061 Terra 250m 16-day
SO1502,Ceel Afweyn,SO15,Sanaag,2016-12-18,0.1365046526360245,0.1344,0.0989553037235165,0.0994,0.7855681504008847,14207,0.0215095382914017,0.0001658833287254,pixel_reliability=0 AND MODLAND_QA(bits0-1)=0 AND VI range -2000..10000,MOD13Q1 V061 Terra 250m 16-day
SO1503,Laasqoray,SO15,Sanaag,2016-01-01,0.16276143252750544,0.1371,0.10893923359030012,0.1004,0.9178402143298756,13361,0.019921687160816104,6.869547296833139e-05,pixel_reliability=0 AND MODLAND_QA(bits0-1)=0 AND VI range -2000..10000,MOD13Q1 V061 Terra 250m 16-day
SO1503,Laasqoray,SO15,Sanaag,2016-01-17,0.1638536815324753,0.135,0.1077153920981742,0.0991,0.9180463007487808,13364,0.0082434567561997,0.0001373909459366,pixel_reliability=0 AND MODLAND_QA(bits0-1)=0 AND VI range -2000..10000,MOD13Q1 V061 Terra 250m 16-day
SO1503,Laasqoray,SO15,Sanaag,2016-02-02,0.1616192466240227,0.1344,0.1077973702914001,0.0997,0.9665453046644226,14070,0.0011678230404616,6.869547296833139e-05,pixel_reliability=0 AND MODLAND_QA(bits0-1)=0 AND VI range -2000..10000,MOD13Q1 V061 Terra 250m 16-day
SO1503,Laasqoray,SO15,Sanaag,2016-02-18,0.1478743333333333,0.1302,0.1073321717171717,0.1009,0.6800851823864807,9900,0.0026104279727965,0.0,pixel_reliability=0 AND MODLAND_QA(bits0-1)=0 AND VI range -2000..10000,MOD13Q1 V061 Terra 250m 16-day
SO1503,Laasqoray,SO15,Sanaag,2016-03-05,0.1478702940963942,0.126,0.1007217067707204,0.094,0.950676650408738,13839,0.0030226008106065,0.0,pixel_reliability=0 AND MODLAND_QA(bits0-1)=0 AND VI range -2000..10000,MOD13Q1 V061 Terra 250m 16-day
SO1503,Laasqoray,SO15,Sanaag,2016-03-21,0.1435370391459074,0.1246,0.099775487544484,0.0943,0.965171395205056,14050,0.0039156419591948,0.0,pixel_reliability=0 AND MODLAND_QA(bits0-1)=0 AND VI range -2000..10000,MOD13Q1 V061 Terra 250m 16-day
SO1503,Laasqoray,SO15,Sanaag,2016-04-06,0.1428076123554384,0.1253,0.100483574879227,0.094,0.9385175516933434,13662,0.0052895514185615,0.0003434773648416,pixel_reliability=0 AND MODLAND_QA(bits0-1)=0 AND VI range -2000..10000,MOD13Q1 V061 Terra 250m 16-day
SO1503,Laasqoray,SO15,Sanaag,2016-04-22,0.1556628819762122,0.1302,0.1073665141811528,0.0943,0.750841519543862,10930,0.0248677612145359,0.0007556502026516,pixel_reliability=0 AND MODLAND_QA(bits0-1)=0 AND VI range -2000..10000,MOD13Q1 V061 Terra 250m 16-day
SO1503,Laasqoray,SO15,Sanaag,2016-05-08,0.149234137991573,0.1305,0.104694373244382,0.0985,0.7825788280552312,11392,0.0556433331043484,0.0002747818918733,pixel_reliability=0 AND MODLAND_QA(bits0-1)=0 AND VI range -2000..10000,MOD13Q1 V061 Terra 250m 16-day
SO1503,Laasqoray,SO15,Sanaag,2016-05-24,0.1517793731988472,0.1344,0.1077267146974063,0.1008,0.9534931648004396,13880,0.0100295390533763,0.0003434773648416,pixel_reliability=0 AND MODLAND_QA(bits0-1)=0 AND VI range -2000..10000,MOD13Q1 V061 Terra 250m 16-day
SO1503,Laasqoray,SO15,Sanaag,2016-06-09,0.1499296500788756,0.133,0.10477283091926,0.0987,0.9580270660163496,13946,0.0054269423644981,0.0005495637837466,pixel_reliability=0 AND MODLAND_QA(bits0-1)=0 AND VI range -2000..10000,MOD13Q1 V061 Terra 250m 16-day
SO1503,Laasqoray,SO15,Sanaag,2016-06-25,0.139398650327068,0.1269,0.0980551958267781,0.0943,0.8296352270385382,12077,0.0561242014151267,0.0151816995260012,pixel_reliability=0 AND MODLAND_QA(bits0-1)=0 AND VI range -2000..10000,MOD13Q1 V061 Terra 250m 16-day
SO1503,Laasqoray,SO15,Sanaag,2016-07-11,0.1384992216509568,0.1255,0.0983089403027706,0.09365,0.9620114034485128,14004,0.0062512880401181,0.0007556502026516,pixel_reliability=0 AND MODLAND_QA(bits0-1)=0 AND VI range -2000..10000,MOD13Q1 V061 Terra 250m 16-day
SO1503,Laasqoray,SO15,Sanaag,2016-07-27,0.1362963611344698,0.1237,0.097614815381087,0.0927,0.8986054818987429,13081,0.0133956172288246,0.0009617366215566,pixel_reliability=0 AND MODLAND_QA(bits0-1)=0 AND VI range -2000..10000,MOD13Q1 V061 Terra 250m 16-day
SO1503,Laasqoray,SO15,Sanaag,2016-08-12,0.1390946460271249,0.1242,0.097241361925726,0.0926,0.9674383458130108,14083,0.0045339012159098,0.0004121728378099,pixel_reliability=0 AND MODLAND_QA(bits0-1)=0 AND VI range -2000..10000,MOD13Q1 V061 Terra 250m 16-day
SO1503,Laasqoray,SO15,Sanaag,2016-08-28,0.14155732371454843,0.1263,0.09916285451587807,0.0945,0.9712852922992374,14139,0.006045201621213162,0.0005495637837466511,pixel_reliability=0 AND MODLAND_QA(bits0-1)=0 AND VI range -2000..10000,MOD13Q1 V061 Terra 250m 16-day
SO1503,Laasqoray,SO15,Sanaag,2016-09-13,0.1396036781609195,0.12635,0.0992374353448276,0.0947,0.9562409837191728,13920,0.0030226008106065,0.0001373909459366,pixel_reliability=0 AND MODLAND_QA(bits0-1)=0 AND VI range -2000..10000,MOD13Q1 V061 Terra 250m 16-day
SO1503,Laasqoray,SO15,Sanaag,2016-09-29,0.1436305345687811,0.1282,0.1012514397719173,0.0957,0.9637974857456894,14030,0.0026104279727965,6.869547296833139e-05,pixel_reliability=0 AND MODLAND_QA(bits0-1)=0 AND VI range -2000..10000,MOD13Q1 V061 Terra 250m 16-day
SO1503,Laasqoray,SO15,Sanaag,2016-10-15,0.1511602060390764,0.1332,0.1059396092362344,0.0998,0.9668887820292644,14075,0.0004121728378099,0.0,pixel_reliability=0 AND MODLAND_QA(bits0-1)=0 AND VI range -2000..10000,MOD13Q1 V061 Terra 250m 16-day
SO1503,Laasqoray,SO15,Sanaag,2016-10-31,0.1569634801136363,0.1359,0.1070432741477272,0.1011,0.967232259394106,14080,0.0002060864189049,0.0,pixel_reliability=0 AND MODLAND_QA(bits0-1)=0 AND VI range -2000..10000,MOD13Q1 V061 Terra 250m 16-day
SO1503,Laasqoray,SO15,Sanaag,2016-11-16,0.1569966633323807,0.134,0.1048108030865961,0.0992,0.961461839664766,13996,0.0017860822971766,0.0,pixel_reliability=0 AND MODLAND_QA(bits0-1)=0 AND VI range -2000..10000,MOD13Q1 V061 Terra 250m 16-day
SO1503,Laasqoray,SO15,Sanaag,2016-12-02,0.1562650592997656,0.1351,0.1043385483985512,0.0995,0.9673009548670742,14081,0.0005495637837466,0.0,pixel_reliability=0 AND MODLAND_QA(bits0-1)=0 AND VI range -2000..10000,MOD13Q1 V061 Terra 250m 16-day
SO1503,Laasqoray,SO15,Sanaag,2016-12-18,0.1617336860795454,0.1349,0.1057830823863636,0.0985,0.967232259394106,14080,0.0013739094593666,0.0,pixel_reliability=0 AND MODLAND_QA(bits0-1)=0 AND VI range -2000..10000,MOD13Q1 V061 Terra 250m 16-day
SO1601,Bossaso,SO16,Bari,2016-01-01,0.1594790179100937,0.1542,0.11358014470406833,0.1125,0.9324264543242645,8431,0.0042026100420261,0.0006635700066357001,pixel_reliability=0 AND MODLAND_QA(bits0-1)=0 AND VI range -2000..10000,MOD13Q1 V061 Terra 250m 16-day
SO1601,Bossaso,SO16,Bari,2016-01-17,0.1543327958387516,0.151,0.1094883355006502,0.1089,0.8504755585047555,7690,0.0054191550541915,0.0006635700066357,pixel_reliability=0 AND MODLAND_QA(bits0-1)=0 AND VI range -2000..10000,MOD13Q1 V061 Terra 250m 16-day
SO1601,Bossaso,SO16,Bari,2016-02-02,0.1519013814720223,0.1498,0.1101754237288135,0.1103,0.9526653395266534,8614,0.0046449900464499,0.0005529750055297,pixel_reliability=0 AND MODLAND_QA(bits0-1)=0 AND VI range -2000..10000,MOD13Q1 V061 Terra 250m 16-day
SO1601,Bossaso,SO16,Bari,2016-02-18,0.1482153774246319,0.1471,0.1152342953961206,0.1156,0.94647201946472,8558,0.0076310550763105,0.0011059500110595,pixel_reliability=0 AND MODLAND_QA(bits0-1)=0 AND VI range -2000..10000,MOD13Q1 V061 Terra 250m 16-day
SO1601,Bossaso,SO16,Bari,2016-03-05,0.1439414335260115,0.1426,0.1058326936416185,0.1058,0.9566467595664676,8650,0.006635700066357,0.0001105950011059,pixel_reliability=0 AND MODLAND_QA(bits0-1)=0 AND VI range -2000..10000,MOD13Q1 V061 Terra 250m 16-day
SO1601,Bossaso,SO16,Bari,2016-03-21,0.1452272061707412,0.1441,0.1083676951235455,0.1087,0.8459411634594116,7649,0.0085158150851581,0.0003317850033178,pixel_reliability=0 AND MODLAND_QA(bits0-1)=0 AND VI range -2000..10000,MOD13Q1 V061 Terra 250m 16-day
SO1601,Bossaso,SO16,Bari,2016-04-06,0.1447885959885387,0.1411,0.1069155415472779,0.105,0.9649413846494138,8725,0.0076310550763105,0.0007741650077416,pixel_reliability=0 AND MODLAND_QA(bits0-1)=0 AND VI range -2000..10000,MOD13Q1 V061 Terra 250m 16-day
SO1601,Bossaso,SO16,Bari,2016-04-22,0.1592911752689636,0.1468,0.1107549502927958,0.1068,0.8120990931209909,7343,0.0120548551205485,0.0007741650077416,pixel_reliability=0 AND MODLAND_QA(bits0-1)=0 AND VI range -2000..10000,MOD13Q1 V061 Terra 250m 16-day
SO1601,Bossaso,SO16,Bari,2016-05-08,0.1494869419642857,0.1415,0.1145304067460317,0.1097,0.8918380889183809,8064,0.0151515151515151,0.0008847600088476,pixel_reliability=0 AND MODLAND_QA(bits0-1)=0 AND VI range -2000..10000,MOD13Q1 V061 Terra 250m 16-day
SO1601,Bossaso,SO16,Bari,2016-05-24,0.1507772711571675,0.1434,0.1114079907887161,0.1082,0.960517584605176,8685,0.0059721300597213,0.0005529750055297,pixel_reliability=0 AND MODLAND_QA(bits0-1)=0 AND VI range -2000..10000,MOD13Q1 V061 Terra 250m 16-day
SO1601,Bossaso,SO16,Bari,2016-06-09,0.1498883411670297,0.1447,0.1097513699415338,0.1076,0.964720194647202,8723,0.0098429550984295,0.0013271400132714,pixel_reliability=0 AND MODLAND_QA(bits0-1)=0 AND VI range -2000..10000,MOD13Q1 V061 Terra 250m 16-day
SO1601,Bossaso,SO16,Bari,2016-06-25,0.1413454576698362,0.1388,0.1046818306793447,0.1047,0.9653837646538376,8729,0.008847600088476,0.0026542800265428,pixel_reliability=0 AND MODLAND_QA(bits0-1)=0 AND VI range -2000..10000,MOD13Q1 V061 Terra 250m 16-day
SO1601,Bossaso,SO16,Bari,2016-07-11,0.1408675314285714,0.1398,0.1038887085714285,0.1043,0.9677062596770626,8750,0.0079628400796284,0.0017695200176952,pixel_reliability=0 AND MODLAND_QA(bits0-1)=0 AND VI range -2000..10000,MOD13Q1 V061 Terra 250m 16-day
SO1601,Bossaso,SO16,Bari,2016-07-27,0.1407268745762711,0.1408,0.1032657084745762,0.1042,0.8156381331563813,7375,0.0159256801592568,0.0028754700287547,pixel_reliability=0 AND MODLAND_QA(bits0-1)=0 AND VI range -2000..10000,MOD13Q1 V061 Terra 250m 16-day
SO1601,Bossaso,SO16,Bari,2016-08-12,0.1382841815048822,0.1385,0.1060966341183228,0.1067,0.9627294846272948,8705,0.0075204600752046,0.0018801150188011,pixel_reliability=0 AND MODLAND_QA(bits0-1)=0 AND VI range -2000..10000,MOD13Q1 V061 Terra 250m 16-day
SO1601,Bossaso,SO16,Bari,2016-08-28,0.14165741994720532,0.14200000000000002,0.10543378859175945,0.1068,0.9636142446361424,8713,0.009621765096217651,0.0006635700066357001,pixel_reliability=0 AND MODLAND_QA(bits0-1)=0 AND VI range -2000..10000,MOD13Q1 V061 Terra 250m 16-day
SO1601,Bossaso,SO16,Bari,2016-09-13,0.1422966498559077,0.1427,0.1072146733909702,0.1082,0.9210351692103516,8328,0.0071886750718867,0.0002211900022119,pixel_reliability=0 AND MODLAND_QA(bits0-1)=0 AND VI range -2000..10000,MOD13Q1 V061 Terra 250m 16-day
SO1601,Bossaso,SO16,Bari,2016-09-29,0.1435208910084913,0.1434,0.1078592415959055,0.1083,0.9507852245078524,8597,0.0047555850475558,0.0,pixel_reliability=0 AND MODLAND_QA(bits0-1)=0 AND VI range -2000..10000,MOD13Q1 V061 Terra 250m 16-day
SO1601,Bossaso,SO16,Bari,2016-10-15,0.1477391982454002,0.1474,0.1094448032167661,0.1097,0.9076531740765318,8207,0.0004423800044238,0.0,pixel_reliability=0 AND MODLAND_QA(bits0-1)=0 AND VI range -2000..10000,MOD13Q1 V061 Terra 250m 16-day
SO1601,Bossaso,SO16,Bari,2016-10-31,0.150385058796403,0.1503,0.1102122204288678,0.1108,0.9593010395930104,8674,0.0051979650519796,0.0,pixel_reliability=0 AND MODLAND_QA(bits0-1)=0 AND VI range -2000..10000,MOD13Q1 V061 Terra 250m 16-day
SO1601,Bossaso,SO16,Bari,2016-11-16,0.1502376220491904,0.1498,0.1073582622667161,0.1079,0.8948241539482416,8091,0.0053085600530856,0.0003317850033178,pixel_reliability=0 AND MODLAND_QA(bits0-1)=0 AND VI range -2000..10000,MOD13Q1 V061 Terra 250m 16-day
SO1601,Bossaso,SO16,Bari,2016-12-02,0.1502188319981423,0.1506,0.1082234413096482,0.1091,0.9525547445255474,8613,0.004313205043132,0.0,pixel_reliability=0 AND MODLAND_QA(bits0-1)=0 AND VI range -2000..10000,MOD13Q1 V061 Terra 250m 16-day
SO1601,Bossaso,SO16,Bari,2016-12-18,0.1500375207986689,0.1507,0.1085752792964107,0.1087,0.9305463393054634,8414,0.0134925901349259,0.0009953550099535,pixel_reliability=0 AND MODLAND_QA(bits0-1)=0 AND VI range -2000..10000,MOD13Q1 V061 Terra 250m 16-day
SO1602,Bandarbeyla,SO16,Bari,2016-01-01,0.1439600366076876,0.1408,0.10333304860687412,0.1003,0.7465836623139994,9834,0.08533252353477072,0.007667780139690252,pixel_reliability=0 AND MODLAND_QA(bits0-1)=0 AND VI range -2000..10000,MOD13Q1 V061 Terra 250m 16-day
SO1602,Bandarbeyla,SO16,Bari,2016-01-17,0.1397735194470795,0.1378,0.1032400731806478,0.1007,0.5602034618888552,7379,0.2720163984208928,0.005314303067112,pixel_reliability=0 AND MODLAND_QA(bits0-1)=0 AND VI range -2000..10000,MOD13Q1 V061 Terra 250m 16-day
SO1602,Bandarbeyla,SO16,Bari,2016-02-02,0.1379271750083977,0.1365,0.1032659808532079,0.1014,0.9040388703310052,11908,0.0184482235044032,0.005314303067112,pixel_reliability=0 AND MODLAND_QA(bits0-1)=0 AND VI range -2000..10000,MOD13Q1 V061 Terra 250m 16-day
SO1602,Bandarbeyla,SO16,Bari,2016-02-18,0.1367413298352053,0.1354,0.1031494383864884,0.1012,0.9259793501366536,12197,0.0251290616459155,0.0029608259945338,pixel_reliability=0 AND MODLAND_QA(bits0-1)=0 AND VI range -2000..10000,MOD13Q1 V061 Terra 250m 16-day
SO1602,Bandarbeyla,SO16,Bari,2016-03-05,0.1319198009213557,0.1307,0.1001779697268838,0.0992,0.9228666869116308,12156,0.0256604919526267,0.0025053143030671,pixel_reliability=0 AND MODLAND_QA(bits0-1)=0 AND VI range -2000..10000,MOD13Q1 V061 Terra 250m 16-day
SO1602,Bandarbeyla,SO16,Bari,2016-03-21,0.1278334272631208,0.1273,0.0960851825760244,0.0951,0.6465988460370483,8517,0.1283024597631339,0.0038718493774673,pixel_reliability=0 AND MODLAND_QA(bits0-1)=0 AND VI range -2000..10000,MOD13Q1 V061 Terra 250m 16-day
SO1602,Bandarbeyla,SO16,Bari,2016-04-06,0.1327959689660988,0.131,0.0984944931691685,0.0966,0.9002429395687823,11858,0.0154114788946249,0.0025812329183115,pixel_reliability=0 AND MODLAND_QA(bits0-1)=0 AND VI range -2000..10000,MOD13Q1 V061 Terra 250m 16-day
SO1602,Bandarbeyla,SO16,Bari,2016-04-22,0.1348279995977069,0.1334,0.1016404203962586,0.1,0.7548587913756453,9943,0.029684178560583,0.0015183723048891,pixel_reliability=0 AND MODLAND_QA(bits0-1)=0 AND VI range -2000..10000,MOD13Q1 V061 Terra 250m 16-day
SO1602,Bandarbeyla,SO16,Bari,2016-05-08,0.1340092748735244,0.1325,0.1018560383966792,0.1012,0.5852566049195262,7709,0.216519890677194,0.0135894321287579,pixel_reliability=0 AND MODLAND_QA(bits0-1)=0 AND VI range -2000..10000,MOD13Q1 V061 Terra 250m 16-day
SO1602,Bandarbeyla,SO16,Bari,2016-05-24,0.1343980572264672,0.1325,0.101443188099496,0.1007,0.9339508047373216,12302,0.0136653507440024,0.0025812329183115,pixel_reliability=0 AND MODLAND_QA(bits0-1)=0 AND VI range -2000..10000,MOD13Q1 V061 Terra 250m 16-day
SO1602,Bandarbeyla,SO16,Bari,2016-06-09,0.1305037379355472,0.1293,0.0991317765417961,0.0986,0.9281809899787428,12226,0.0160188278165806,0.0047828727604008,pixel_reliability=0 AND MODLAND_QA(bits0-1)=0 AND VI range -2000..10000,MOD13Q1 V061 Terra 250m 16-day
SO1602,Bandarbeyla,SO16,Bari,2016-06-25,0.131110709526982,0.1306,0.0990240173217854,0.0986,0.911630731855451,12008,0.0184482235044032,0.0086547221378682,pixel_reliability=0 AND MODLAND_QA(bits0-1)=0 AND VI range -2000..10000,MOD13Q1 V061 Terra 250m 16-day
SO1602,Bandarbeyla,SO16,Bari,2016-07-11,0.1292805211941283,0.1287,0.0974960003298697,0.0969,0.920589128454297,12126,0.0171576070452474,0.0078196173701791,pixel_reliability=0 AND MODLAND_QA(bits0-1)=0 AND VI range -2000..10000,MOD13Q1 V061 Terra 250m 16-day
SO1602,Bandarbeyla,SO16,Bari,2016-07-27,0.1305743116213293,0.13,0.0962696447882871,0.0956,0.9126176738536288,12021,0.0173094442757364,0.0066808381415122,pixel_reliability=0 AND MODLAND_QA(bits0-1)=0 AND VI range -2000..10000,MOD13Q1 V061 Terra 250m 16-day
SO1602,Bandarbeyla,SO16,Bari,2016-08-12,0.1277666013071895,0.1272,0.0972989297385621,0.0964,0.9292438505921652,12240,0.0178408745824476,0.006149407834801,pixel_reliability=0 AND MODLAND_QA(bits0-1)=0 AND VI range -2000..10000,MOD13Q1 V061 Terra 250m 16-day
SO1602,Bandarbeyla,SO16,Bari,2016-08-28,0.12761933006535947,0.12710000000000002,0.09738527777777777,0.0965,0.9292438505921652,12240,0.016094746431825083,0.007136349832979046,pixel_reliability=0 AND MODLAND_QA(bits0-1)=0 AND VI range -2000..10000,MOD13Q1 V061 Terra 250m 16-day
SO1602,Bandarbeyla,SO16,Bari,2016-09-13,0.1285462182783214,0.12785,0.0988509703101675,0.0978,0.9154266626176738,12058,0.0178408745824476,0.0037959307622228,pixel_reliability=0 AND MODLAND_QA(bits0-1)=0 AND VI range -2000..10000,MOD13Q1 V061 Terra 250m 16-day
SO1602,Bandarbeyla,SO16,Bari,2016-09-29,0.1305301122661122,0.1299,0.0993074428274428,0.0982,0.9129213483146068,12025,0.0173853628909808,0.0046310355299119,pixel_reliability=0 AND MODLAND_QA(bits0-1)=0 AND VI range -2000..10000,MOD13Q1 V061 Terra 250m 16-day
SO1602,Bandarbeyla,SO16,Bari,2016-10-15,0.1345475041736227,0.134,0.1016097662771285,0.1006,0.909505010628606,11980,0.0087306407531126,0.0003036744609778,pixel_reliability=0 AND MODLAND_QA(bits0-1)=0 AND VI range -2000..10000,MOD13Q1 V061 Terra 250m 16-day
SO1602,Bandarbeyla,SO16,Bari,2016-10-31,0.1371923659768616,0.1365,0.1013229835424474,0.1,0.9318250835104768,12274,0.0103249316732462,0.0013665350744002,pixel_reliability=0 AND MODLAND_QA(bits0-1)=0 AND VI range -2000..10000,MOD13Q1 V061 Terra 250m 16-day
SO1602,Bandarbeyla,SO16,Bari,2016-11-16,0.1375401595991463,0.1365,0.1046833812749374,0.1036,0.8181749164895232,10777,0.0094898269055572,0.0018979653811114,pixel_reliability=0 AND MODLAND_QA(bits0-1)=0 AND VI range -2000..10000,MOD13Q1 V061 Terra 250m 16-day
SO1602,Bandarbeyla,SO16,Bari,2016-12-02,0.1356332870446005,0.1346,0.0992059630779284,0.0979,0.929395687822654,12242,0.0195870027330701,0.0025812329183115,pixel_reliability=0 AND MODLAND_QA(bits0-1)=0 AND VI range -2000..10000,MOD13Q1 V061 Terra 250m 16-day
SO1602,Bandarbeyla,SO16,Bari,2016-12-18,0.1443528866248694,0.1409,0.107687460815047,0.10525,0.58123291831157,7656,0.201108411782569,0.00630124506529,pixel_reliability=0 AND MODLAND_QA(bits0-1)=0 AND VI range -2000..10000,MOD13Q1 V061 Terra 250m 16-day
SO1603,Caluula,SO16,Bari,2016-01-01,0.24079908160587774,0.22540000000000002,0.15722513775911837,0.1502,0.7127361137086217,3811,0.07069384701701889,0.010473162521039836,pixel_reliability=0 AND MODLAND_QA(bits0-1)=0 AND VI range -2000..10000,MOD13Q1 V061 Terra 250m 16-day
SO1603,Caluula,SO16,Bari,2016-01-17,0.2178123258631132,0.20905,0.1471749242883101,0.1415,0.6175425472227417,3302,0.1746773891902001,0.011969328595474,pixel_reliability=0 AND MODLAND_QA(bits0-1)=0 AND VI range -2000..10000,MOD13Q1 V061 Terra 250m 16-day
SO1603,Caluula,SO16,Bari,2016-02-02,0.214259637599094,0.2019,0.1436402944507361,0.1374,0.8256966523284085,4415,0.0527398541238077,0.0117823078361698,pixel_reliability=0 AND MODLAND_QA(bits0-1)=0 AND VI range -2000..10000,MOD13Q1 V061 Terra 250m 16-day
SO1603,Caluula,SO16,Bari,2016-02-18,0.1998868614718614,0.19005,0.1526488311688311,0.1465,0.8640359079857864,4620,0.0407705255283336,0.0057976435384327,pixel_reliability=0 AND MODLAND_QA(bits0-1)=0 AND VI range -2000..10000,MOD13Q1 V061 Terra 250m 16-day
SO1603,Caluula,SO16,Bari,2016-03-05,0.1833393610223642,0.1771,0.1310336528221512,0.1281,0.8780624649336076,4695,0.030484383766598,0.0048625397419113,pixel_reliability=0 AND MODLAND_QA(bits0-1)=0 AND VI range -2000..10000,MOD13Q1 V061 Terra 250m 16-day
SO1603,Caluula,SO16,Bari,2016-03-21,0.1750666059640336,0.1717,0.1272849305713635,0.1249,0.8215821956237143,4393,0.0682625771460632,0.0048625397419113,pixel_reliability=0 AND MODLAND_QA(bits0-1)=0 AND VI range -2000..10000,MOD13Q1 V061 Terra 250m 16-day
SO1603,Caluula,SO16,Bari,2016-04-06,0.1686650042992261,0.1667,0.1231240326741186,0.1224,0.8700205722835235,4652,0.0203852627641668,0.0063587058163456,pixel_reliability=0 AND MODLAND_QA(bits0-1)=0 AND VI range -2000..10000,MOD13Q1 V061 Terra 250m 16-day
SO1603,Caluula,SO16,Bari,2016-04-22,0.1679785784797631,0.1677,0.1288267275419546,0.1298,0.7578081167009538,4052,0.0321675706003366,0.005984664297737,pixel_reliability=0 AND MODLAND_QA(bits0-1)=0 AND VI range -2000..10000,MOD13Q1 V061 Terra 250m 16-day
SO1603,Caluula,SO16,Bari,2016-05-08,0.1631873821284239,0.16205,0.1227525145936237,0.1225,0.8329904619412755,4454,0.0424537123620721,0.0076678511314755,pixel_reliability=0 AND MODLAND_QA(bits0-1)=0 AND VI range -2000..10000,MOD13Q1 V061 Terra 250m 16-day
SO1603,Caluula,SO16,Bari,2016-05-24,0.1615890580813574,0.1614,0.1202243419621492,0.1205,0.8597344305217879,4597,0.0351599027492051,0.0082289134093884,pixel_reliability=0 AND MODLAND_QA(bits0-1)=0 AND VI range -2000..10000,MOD13Q1 V061 Terra 250m 16-day
SO1603,Caluula,SO16,Bari,2016-06-09,0.1549436204514049,0.1552,0.1136757945647167,0.1147,0.8120441368991959,4342,0.0484383766598092,0.0121563493547783,pixel_reliability=0 AND MODLAND_QA(bits0-1)=0 AND VI range -2000..10000,MOD13Q1 V061 Terra 250m 16-day
SO1603,Caluula,SO16,Bari,2016-06-25,0.1556500862440707,0.1554,0.1150652005174644,0.1154,0.8674022816532635,4638,0.0301103422479895,0.0117823078361698,pixel_reliability=0 AND MODLAND_QA(bits0-1)=0 AND VI range -2000..10000,MOD13Q1 V061 Terra 250m 16-day
SO1603,Caluula,SO16,Bari,2016-07-11,0.1555750802139037,0.1553,0.1140049625668449,0.1147,0.8743220497475219,4675,0.0338507574340751,0.0121563493547783,pixel_reliability=0 AND MODLAND_QA(bits0-1)=0 AND VI range -2000..10000,MOD13Q1 V061 Terra 250m 16-day
SO1603,Caluula,SO16,Bari,2016-07-27,0.1538441341991342,0.1531,0.115128593073593,0.116,0.8640359079857864,4620,0.0332896951561623,0.0100991210024312,pixel_reliability=0 AND MODLAND_QA(bits0-1)=0 AND VI range -2000..10000,MOD13Q1 V061 Terra 250m 16-day
SO1603,Caluula,SO16,Bari,2016-08-12,0.1551381646655232,0.1542,0.1138328259005145,0.1137,0.8722648213951749,4664,0.0336637366747709,0.0089769964466055,pixel_reliability=0 AND MODLAND_QA(bits0-1)=0 AND VI range -2000..10000,MOD13Q1 V061 Terra 250m 16-day
SO1603,Caluula,SO16,Bari,2016-08-28,0.15647398024903392,0.1553,0.11487432374409616,0.1155,0.8711426968393492,4658,0.04170562932485506,0.007293809612867028,pixel_reliability=0 AND MODLAND_QA(bits0-1)=0 AND VI range -2000..10000,MOD13Q1 V061 Terra 250m 16-day
SO1603,Caluula,SO16,Bari,2016-09-13,0.1571191608996539,0.1558,0.1161299956747404,0.1171,0.8647839910230035,4624,0.0327286328782494,0.004675518982607,pixel_reliability=0 AND MODLAND_QA(bits0-1)=0 AND VI range -2000..10000,MOD13Q1 V061 Terra 250m 16-day
SO1603,Caluula,SO16,Bari,2016-09-29,0.1619988029072253,0.1609,0.1188000427533133,0.1191,0.8748831120254348,4678,0.0325416121189452,0.0043014774639985,pixel_reliability=0 AND MODLAND_QA(bits0-1)=0 AND VI range -2000..10000,MOD13Q1 V061 Terra 250m 16-day
SO1603,Caluula,SO16,Bari,2016-10-15,0.1693877441077441,0.1674,0.1248326599326599,0.1244,0.8331774827005798,4455,0.0063587058163456,0.003366373667477,pixel_reliability=0 AND MODLAND_QA(bits0-1)=0 AND VI range -2000..10000,MOD13Q1 V061 Terra 250m 16-day
SO1603,Caluula,SO16,Bari,2016-10-31,0.1855025396136314,0.1771,0.1316864336878662,0.1276,0.8616046381148308,4607,0.0149616607443426,0.0052365812605199,pixel_reliability=0 AND MODLAND_QA(bits0-1)=0 AND VI range -2000..10000,MOD13Q1 V061 Terra 250m 16-day
SO1603,Caluula,SO16,Bari,2016-11-16,0.1930242165242165,0.1865,0.1387613312613312,0.1359,0.7220871516738357,3861,0.017205909855994,0.0037404151860856,pixel_reliability=0 AND MODLAND_QA(bits0-1)=0 AND VI range -2000..10000,MOD13Q1 V061 Terra 250m 16-day
SO1603,Caluula,SO16,Bari,2016-12-02,0.1880489627659574,0.177,0.128204335106383,0.1229,0.7031980549841033,3760,0.1236207219001309,0.0039274359453899,pixel_reliability=0 AND MODLAND_QA(bits0-1)=0 AND VI range -2000..10000,MOD13Q1 V061 Terra 250m 16-day
SO1603,Caluula,SO16,Bari,2016-12-18,0.2070714887018165,0.1945,0.1424456357997341,0.1374,0.8442117074995324,4514,0.0370301103422479,0.007293809612867,pixel_reliability=0 AND MODLAND_QA(bits0-1)=0 AND VI range -2000..10000,MOD13Q1 V061 Terra 250m 16-day
SO1604,Iskushuban,SO16,Bari,2016-01-01,0.1516702351788339,0.1474,0.11133652621264087,0.10840000000000001,0.756521336236853,16328,0.058518278274567945,0.011258861140712598,pixel_reliability=0 AND MODLAND_QA(bits0-1)=0 AND VI range -2000..10000,MOD13Q1 V061 Terra 250m 16-day
SO1604,Iskushuban,SO16,Bari,2016-01-17,0.1459967083713687,0.1421,0.1085768565752027,0.1067,0.8628550247880277,18623,0.0411898253254876,0.0089422230459157,pixel_reliability=0 AND MODLAND_QA(bits0-1)=0 AND VI range -2000..10000,MOD13Q1 V061 Terra 250m 16-day
SO1604,Iskushuban,SO16,Bari,2016-02-02,0.142506279520708,0.1399,0.109342783274499,0.1078,0.9318908400129732,20113,0.0172357874252884,0.0084788954269564,pixel_reliability=0 AND MODLAND_QA(bits0-1)=0 AND VI range -2000..10000,MOD13Q1 V061 Terra 250m 16-day
SO1604,Iskushuban,SO16,Bari,2016-02-18,0.1400812438155551,0.1381,0.1097450178112012,0.1075,0.9364777834406708,20212,0.0166797942825371,0.0060232590464717,pixel_reliability=0 AND MODLAND_QA(bits0-1)=0 AND VI range -2000..10000,MOD13Q1 V061 Terra 250m 16-day
SO1604,Iskushuban,SO16,Bari,2016-03-05,0.1353317208016586,0.1341,0.1063942985487215,0.106,0.938609090487884,20258,0.0149191493304915,0.0033359588565074,pixel_reliability=0 AND MODLAND_QA(bits0-1)=0 AND VI range -2000..10000,MOD13Q1 V061 Terra 250m 16-day
SO1604,Iskushuban,SO16,Bari,2016-03-21,0.1360029175368647,0.1345,0.1031034618062148,0.1018,0.7321039707176945,15801,0.0573599592271695,0.0045869434276977,pixel_reliability=0 AND MODLAND_QA(bits0-1)=0 AND VI range -2000..10000,MOD13Q1 V061 Terra 250m 16-day
SO1604,Iskushuban,SO16,Bari,2016-04-06,0.1320398397252432,0.1314,0.1021837227454857,0.1016,0.890376685354214,19217,0.0136218319974053,0.0039846175230505,pixel_reliability=0 AND MODLAND_QA(bits0-1)=0 AND VI range -2000..10000,MOD13Q1 V061 Terra 250m 16-day
SO1604,Iskushuban,SO16,Bari,2016-04-22,0.1351279294468581,0.1334,0.1076374294792815,0.1071,0.7144975211972385,15421,0.0158458045684103,0.0068109159987026,pixel_reliability=0 AND MODLAND_QA(bits0-1)=0 AND VI range -2000..10000,MOD13Q1 V061 Terra 250m 16-day
SO1604,Iskushuban,SO16,Bari,2016-05-08,0.1317525277931485,0.1287,0.1031683686302128,0.1016,0.921048973729324,19879,0.0147338182829078,0.0059305935226798,pixel_reliability=0 AND MODLAND_QA(bits0-1)=0 AND VI range -2000..10000,MOD13Q1 V061 Terra 250m 16-day
SO1604,Iskushuban,SO16,Bari,2016-05-24,0.1326858472906404,0.1298,0.1036568866995074,0.1019,0.9405550664875132,20300,0.0127878422832785,0.0060695918083676,pixel_reliability=0 AND MODLAND_QA(bits0-1)=0 AND VI range -2000..10000,MOD13Q1 V061 Terra 250m 16-day
SO1604,Iskushuban,SO16,Bari,2016-06-09,0.1304880858784396,0.1279,0.1005712226590061,0.1001,0.9193346615391744,19842,0.0151044803780753,0.0069499142843904,pixel_reliability=0 AND MODLAND_QA(bits0-1)=0 AND VI range -2000..10000,MOD13Q1 V061 Terra 250m 16-day
SO1604,Iskushuban,SO16,Bari,2016-06-25,0.1316355265119514,0.1302,0.1024726780301148,0.1016,0.9323541676319326,20123,0.0137608302830931,0.0097298799981466,pixel_reliability=0 AND MODLAND_QA(bits0-1)=0 AND VI range -2000..10000,MOD13Q1 V061 Terra 250m 16-day
SO1604,Iskushuban,SO16,Bari,2016-07-11,0.1301120241662164,0.1287,0.1011895869148779,0.1008,0.9432886994393735,20359,0.0128341750451744,0.0086178937126442,pixel_reliability=0 AND MODLAND_QA(bits0-1)=0 AND VI range -2000..10000,MOD13Q1 V061 Terra 250m 16-day
SO1604,Iskushuban,SO16,Bari,2016-07-27,0.1295816144874156,0.1284,0.1022425312052384,0.1019,0.905712829541769,19548,0.0138071630449891,0.0067182504749108,pixel_reliability=0 AND MODLAND_QA(bits0-1)=0 AND VI range -2000..10000,MOD13Q1 V061 Terra 250m 16-day
SO1604,Iskushuban,SO16,Bari,2016-08-12,0.1303964593489929,0.1288,0.1021861574826414,0.1019,0.9408793958207848,20307,0.0150581476161794,0.0063475883797433,pixel_reliability=0 AND MODLAND_QA(bits0-1)=0 AND VI range -2000..10000,MOD13Q1 V061 Terra 250m 16-day
SO1604,Iskushuban,SO16,Bari,2016-08-28,0.13114800059095835,0.1292,0.10280322564759185,0.1022,0.9408330630588889,20306,0.01301950609275819,0.005791595236992077,pixel_reliability=0 AND MODLAND_QA(bits0-1)=0 AND VI range -2000..10000,MOD13Q1 V061 Terra 250m 16-day
SO1604,Iskushuban,SO16,Bari,2016-09-13,0.1321831637464635,0.1305,0.1041636471931305,0.1036,0.933466153917435,20147,0.01459481999722,0.0052356020942408,pixel_reliability=0 AND MODLAND_QA(bits0-1)=0 AND VI range -2000..10000,MOD13Q1 V061 Terra 250m 16-day
SO1604,Iskushuban,SO16,Bari,2016-09-29,0.1330683661874413,0.1317,0.1038631342324984,0.1035,0.9378214335356532,20241,0.0069499142843904,0.0031506278089236,pixel_reliability=0 AND MODLAND_QA(bits0-1)=0 AND VI range -2000..10000,MOD13Q1 V061 Terra 250m 16-day
SO1604,Iskushuban,SO16,Bari,2016-10-15,0.136266737192081,0.1351,0.1055870988867059,0.1054,0.9197516563962378,19851,0.0068109159987026,0.0026409674280683,pixel_reliability=0 AND MODLAND_QA(bits0-1)=0 AND VI range -2000..10000,MOD13Q1 V061 Terra 250m 16-day
SO1604,Iskushuban,SO16,Bari,2016-10-31,0.1379197855653728,0.1365,0.106088399682319,0.1054,0.9334198211555392,20146,0.0122318491405272,0.0047259417133855,pixel_reliability=0 AND MODLAND_QA(bits0-1)=0 AND VI range -2000..10000,MOD13Q1 V061 Terra 250m 16-day
SO1604,Iskushuban,SO16,Bari,2016-11-16,0.1386687897390923,0.1364,0.1070266553387415,0.1054,0.8452949080294676,18244,0.0103785386646898,0.0044942779039058,pixel_reliability=0 AND MODLAND_QA(bits0-1)=0 AND VI range -2000..10000,MOD13Q1 V061 Terra 250m 16-day
SO1604,Iskushuban,SO16,Bari,2016-12-02,0.1375017976297181,0.1361,0.1043030624439796,0.1041,0.9304545243941992,20082,0.0107492007598572,0.0039846175230505,pixel_reliability=0 AND MODLAND_QA(bits0-1)=0 AND VI range -2000..10000,MOD13Q1 V061 Terra 250m 16-day
SO1604,Iskushuban,SO16,Bari,2016-12-18,0.1451664022448869,0.1437,0.1106011170471102,0.1101,0.8585924106936015,18531,0.0486030672288375,0.0077375712366214,pixel_reliability=0 AND MODLAND_QA(bits0-1)=0 AND VI range -2000..10000,MOD13Q1 V061 Terra 250m 16-day
SO1605,Qandala,SO16,Bari,2016-01-01,0.18841597428877516,0.183,0.12795221997381265,0.12490000000000001,0.9386592178770949,8401,0.002011173184357542,0.0,pixel_reliability=0 AND MODLAND_QA(bits0-1)=0 AND VI range -2000..10000,MOD13Q1 V061 Terra 250m 16-day
SO1605,Qandala,SO16,Bari,2016-01-17,0.1839605291723202,0.1796,0.1225557259158751,0.1205,0.823463687150838,7370,0.0056983240223463,0.0,pixel_reliability=0 AND MODLAND_QA(bits0-1)=0 AND VI range -2000..10000,MOD13Q1 V061 Terra 250m 16-day
SO1605,Qandala,SO16,Bari,2016-02-02,0.1768186314921681,0.1718,0.1234062536803674,0.121,0.9487150837988828,8491,0.0050279329608938,0.0002234636871508,pixel_reliability=0 AND MODLAND_QA(bits0-1)=0 AND VI range -2000..10000,MOD13Q1 V061 Terra 250m 16-day
SO1605,Qandala,SO16,Bari,2016-02-18,0.16937983622122,0.16595,0.1293337170662235,0.1268,0.9414525139664804,8426,0.0083798882681564,0.000558659217877,pixel_reliability=0 AND MODLAND_QA(bits0-1)=0 AND VI range -2000..10000,MOD13Q1 V061 Terra 250m 16-day
SO1605,Qandala,SO16,Bari,2016-03-05,0.1616810296191819,0.1587,0.1158082393041843,0.1143,0.9506145251396648,8508,0.0033519553072625,0.0,pixel_reliability=0 AND MODLAND_QA(bits0-1)=0 AND VI range -2000..10000,MOD13Q1 V061 Terra 250m 16-day
SO1605,Qandala,SO16,Bari,2016-03-21,0.1597799617538587,0.1568,0.1173975276601557,0.1158,0.8179888268156424,7321,0.0052513966480446,0.0001117318435754,pixel_reliability=0 AND MODLAND_QA(bits0-1)=0 AND VI range -2000..10000,MOD13Q1 V061 Terra 250m 16-day
SO1605,Qandala,SO16,Bari,2016-04-06,0.1573133542903714,0.1537,0.117481499592502,0.1147,0.9596648044692736,8589,0.0065921787709497,0.0004469273743016,pixel_reliability=0 AND MODLAND_QA(bits0-1)=0 AND VI range -2000..10000,MOD13Q1 V061 Terra 250m 16-day
SO1605,Qandala,SO16,Bari,2016-04-22,0.1668376094712942,0.16,0.1247620986052546,0.1229,0.6889385474860336,6166,0.008268156424581,0.0003351955307262,pixel_reliability=0 AND MODLAND_QA(bits0-1)=0 AND VI range -2000..10000,MOD13Q1 V061 Terra 250m 16-day
SO1605,Qandala,SO16,Bari,2016-05-08,0.1652142636762786,0.1601,0.1247197697875875,0.1225,0.9415642458100558,8427,0.0135195530726256,0.0007821229050279,pixel_reliability=0 AND MODLAND_QA(bits0-1)=0 AND VI range -2000..10000,MOD13Q1 V061 Terra 250m 16-day
SO1605,Qandala,SO16,Bari,2016-05-24,0.1661671500409309,0.1604,0.1200549877207344,0.1177,0.9554189944134078,8551,0.0077094972067039,0.0015642458100558,pixel_reliability=0 AND MODLAND_QA(bits0-1)=0 AND VI range -2000..10000,MOD13Q1 V061 Terra 250m 16-day
SO1605,Qandala,SO16,Bari,2016-06-09,0.1629265003530242,0.1586,0.1165473758531419,0.1152,0.9494972067039106,8498,0.0118435754189944,0.0014525139664804,pixel_reliability=0 AND MODLAND_QA(bits0-1)=0 AND VI range -2000..10000,MOD13Q1 V061 Terra 250m 16-day
SO1605,Qandala,SO16,Bari,2016-06-25,0.1554610368285245,0.1529,0.1135124208304011,0.1129,0.9526256983240224,8526,0.0113966480446927,0.0035754189944134,pixel_reliability=0 AND MODLAND_QA(bits0-1)=0 AND VI range -2000..10000,MOD13Q1 V061 Terra 250m 16-day
SO1605,Qandala,SO16,Bari,2016-07-11,0.1539364057971014,0.1516,0.1114476405797101,0.1111,0.9636871508379888,8625,0.0087150837988826,0.0021229050279329,pixel_reliability=0 AND MODLAND_QA(bits0-1)=0 AND VI range -2000..10000,MOD13Q1 V061 Terra 250m 16-day
SO1605,Qandala,SO16,Bari,2016-07-27,0.1515451859956236,0.1495,0.1124604546559688,0.1125,0.9191061452513968,8226,0.0088268156424581,0.0016759776536312,pixel_reliability=0 AND MODLAND_QA(bits0-1)=0 AND VI range -2000..10000,MOD13Q1 V061 Terra 250m 16-day
SO1605,Qandala,SO16,Bari,2016-08-12,0.15226823515743,0.15,0.1145723945625653,0.1141,0.9616759776536312,8607,0.0090502793296089,0.0008938547486033,pixel_reliability=0 AND MODLAND_QA(bits0-1)=0 AND VI range -2000..10000,MOD13Q1 V061 Terra 250m 16-day
SO1605,Qandala,SO16,Bari,2016-08-28,0.1582886072978998,0.15460000000000002,0.1135521764636865,0.11270000000000001,0.9522905027932961,8523,0.007709497206703911,0.0,pixel_reliability=0 AND MODLAND_QA(bits0-1)=0 AND VI range -2000..10000,MOD13Q1 V061 Terra 250m 16-day
SO1605,Qandala,SO16,Bari,2016-09-13,0.1573162181818181,0.1544,0.1152656121212121,0.1144,0.9217877094972068,8250,0.0059217877094972,0.0003351955307262,pixel_reliability=0 AND MODLAND_QA(bits0-1)=0 AND VI range -2000..10000,MOD13Q1 V061 Terra 250m 16-day
SO1605,Qandala,SO16,Bari,2016-09-29,0.1576332149621212,0.1557,0.1173259469696969,0.1165,0.9439106145251396,8448,0.0024581005586592,0.0,pixel_reliability=0 AND MODLAND_QA(bits0-1)=0 AND VI range -2000..10000,MOD13Q1 V061 Terra 250m 16-day
SO1605,Qandala,SO16,Bari,2016-10-15,0.1612113854235062,0.1588,0.1165386080105055,0.1164,0.8508379888268156,7615,0.0003351955307262,0.0,pixel_reliability=0 AND MODLAND_QA(bits0-1)=0 AND VI range -2000..10000,MOD13Q1 V061 Terra 250m 16-day
SO1605,Qandala,SO16,Bari,2016-10-31,0.1633286331849968,0.1607,0.1172360457724094,0.1169,0.8787709497206704,7865,0.0017877094972067,0.0,pixel_reliability=0 AND MODLAND_QA(bits0-1)=0 AND VI range -2000..10000,MOD13Q1 V061 Terra 250m 16-day
SO1605,Qandala,SO16,Bari,2016-11-16,0.1671320734002509,0.1642,0.117849435382685,0.117,0.7124022346368715,6376,0.0021229050279329,0.0,pixel_reliability=0 AND MODLAND_QA(bits0-1)=0 AND VI range -2000..10000,MOD13Q1 V061 Terra 250m 16-day
SO1605,Qandala,SO16,Bari,2016-12-02,0.1650190549869079,0.1611,0.1154538324208521,0.1149,0.9387709497206704,8402,0.0010055865921787,0.0,pixel_reliability=0 AND MODLAND_QA(bits0-1)=0 AND VI range -2000..10000,MOD13Q1 V061 Terra 250m 16-day
SO1605,Qandala,SO16,Bari,2016-12-18,0.1662855689063266,0.1619,0.1186138670917116,0.1171,0.9112849162011172,8156,0.0031284916201117,0.0001117318435754,pixel_reliability=0 AND MODLAND_QA(bits0-1)=0 AND VI range -2000..10000,MOD13Q1 V061 Terra 250m 16-day
SO1606,Qardho,SO16,Bari,2016-01-01,0.13576450804162726,0.13490000000000002,0.09603568590350048,0.0946,0.9684808502840389,21140,9.16254352208173e-05,0.0,pixel_reliability=0 AND MODLAND_QA(bits0-1)=0 AND VI range -2000..10000,MOD13Q1 V061 Terra 250m 16-day
SO1606,Qardho,SO16,Bari,2016-01-17,0.1334659205484977,0.1328,0.0956958459366807,0.0949,0.908741066520066,19836,0.0011911306578706,0.0,pixel_reliability=0 AND MODLAND_QA(bits0-1)=0 AND VI range -2000..10000,MOD13Q1 V061 Terra 250m 16-day
SO1606,Qardho,SO16,Bari,2016-02-02,0.1321962925011644,0.1316,0.0961596832789939,0.0947,0.9835990470954736,21470,0.0,0.0,pixel_reliability=0 AND MODLAND_QA(bits0-1)=0 AND VI range -2000..10000,MOD13Q1 V061 Terra 250m 16-day
SO1606,Qardho,SO16,Bari,2016-02-18,0.1293357242794515,0.1287,0.0984359341479339,0.0961,0.9823162910023824,21442,0.0,0.0,pixel_reliability=0 AND MODLAND_QA(bits0-1)=0 AND VI range -2000..10000,MOD13Q1 V061 Terra 250m 16-day
SO1606,Qardho,SO16,Bari,2016-03-05,0.1262899832199124,0.1257,0.0932191013330847,0.0919,0.9828660436137072,21454,0.0,0.0,pixel_reliability=0 AND MODLAND_QA(bits0-1)=0 AND VI range -2000..10000,MOD13Q1 V061 Terra 250m 16-day
SO1606,Qardho,SO16,Bari,2016-03-21,0.1261669519932958,0.1254,0.0933696276786783,0.0915,0.7653472603994869,16706,0.0004123144584936,0.0,pixel_reliability=0 AND MODLAND_QA(bits0-1)=0 AND VI range -2000..10000,MOD13Q1 V061 Terra 250m 16-day
SO1606,Qardho,SO16,Bari,2016-04-06,0.1260628719577708,0.1257,0.0926693324613444,0.0909,0.980712845886018,21407,0.0,0.0,pixel_reliability=0 AND MODLAND_QA(bits0-1)=0 AND VI range -2000..10000,MOD13Q1 V061 Terra 250m 16-day
SO1606,Qardho,SO16,Bari,2016-04-22,0.1330238748591502,0.1313,0.0976210446079406,0.0961,0.6911764705882353,15087,0.0091625435220817,0.0,pixel_reliability=0 AND MODLAND_QA(bits0-1)=0 AND VI range -2000..10000,MOD13Q1 V061 Terra 250m 16-day
SO1606,Qardho,SO16,Bari,2016-05-08,0.138187382682944,0.1357,0.1022691906005221,0.1014,0.649212021257101,14171,0.1513652189847902,0.0002748763056624,pixel_reliability=0 AND MODLAND_QA(bits0-1)=0 AND VI range -2000..10000,MOD13Q1 V061 Terra 250m 16-day
SO1606,Qardho,SO16,Bari,2016-05-24,0.1379310896681572,0.136,0.1010853283125441,0.0997,0.9732911856331318,21245,0.0,0.0,pixel_reliability=0 AND MODLAND_QA(bits0-1)=0 AND VI range -2000..10000,MOD13Q1 V061 Terra 250m 16-day
SO1606,Qardho,SO16,Bari,2016-06-09,0.1339535899943383,0.133,0.0976876576251994,0.097,0.8900952904526297,19429,4.581271761040865e-05,0.0,pixel_reliability=0 AND MODLAND_QA(bits0-1)=0 AND VI range -2000..10000,MOD13Q1 V061 Terra 250m 16-day
SO1606,Qardho,SO16,Bari,2016-06-25,0.1284087145503776,0.1277,0.0943744263930454,0.0938,0.642935678944475,14034,0.1424775517683709,0.0439802089059923,pixel_reliability=0 AND MODLAND_QA(bits0-1)=0 AND VI range -2000..10000,MOD13Q1 V061 Terra 250m 16-day
SO1606,Qardho,SO16,Bari,2016-07-11,0.1276859809188588,0.1271,0.0938494673953316,0.0927,0.9891881986439436,21592,0.0,0.0,pixel_reliability=0 AND MODLAND_QA(bits0-1)=0 AND VI range -2000..10000,MOD13Q1 V061 Terra 250m 16-day
SO1606,Qardho,SO16,Bari,2016-07-27,0.1278654995819398,0.1273,0.0929922815635451,0.0919,0.8766721641927799,19136,0.0011453179402602,0.0,pixel_reliability=0 AND MODLAND_QA(bits0-1)=0 AND VI range -2000..10000,MOD13Q1 V061 Terra 250m 16-day
SO1606,Qardho,SO16,Bari,2016-08-12,0.1261347729482016,0.1255,0.0935311299356571,0.0919,0.989692138537658,21603,0.0,0.0,pixel_reliability=0 AND MODLAND_QA(bits0-1)=0 AND VI range -2000..10000,MOD13Q1 V061 Terra 250m 16-day
SO1606,Qardho,SO16,Bari,2016-08-28,0.1264590835679018,0.1255,0.09406989986618063,0.09240000000000001,0.9928074033351658,21671,0.0,0.0,pixel_reliability=0 AND MODLAND_QA(bits0-1)=0 AND VI range -2000..10000,MOD13Q1 V061 Terra 250m 16-day
SO1606,Qardho,SO16,Bari,2016-09-13,0.1267945483598082,0.1261,0.0948986511890215,0.0935,0.9748030053142752,21278,0.0,0.0,pixel_reliability=0 AND MODLAND_QA(bits0-1)=0 AND VI range -2000..10000,MOD13Q1 V061 Terra 250m 16-day
SO1606,Qardho,SO16,Bari,2016-09-29,0.1294502366780709,0.1287,0.0956222524253644,0.0941,0.9775059556532892,21337,0.0,0.0,pixel_reliability=0 AND MODLAND_QA(bits0-1)=0 AND VI range -2000..10000,MOD13Q1 V061 Terra 250m 16-day
SO1606,Qardho,SO16,Bari,2016-10-15,0.1334115320041972,0.1327,0.0982591395592864,0.0968,0.8731903976543889,19060,0.0,0.0,pixel_reliability=0 AND MODLAND_QA(bits0-1)=0 AND VI range -2000..10000,MOD13Q1 V061 Terra 250m 16-day
SO1606,Qardho,SO16,Bari,2016-10-31,0.1348184058853849,0.1343,0.0974037299095637,0.0961,0.977689206523731,21341,0.0,0.0,pixel_reliability=0 AND MODLAND_QA(bits0-1)=0 AND VI range -2000..10000,MOD13Q1 V061 Terra 250m 16-day
SO1606,Qardho,SO16,Bari,2016-11-16,0.133444264516129,0.1327,0.0962503548387096,0.0955,0.7100971229613341,15500,4.581271761040865e-05,0.0,pixel_reliability=0 AND MODLAND_QA(bits0-1)=0 AND VI range -2000..10000,MOD13Q1 V061 Terra 250m 16-day
SO1606,Qardho,SO16,Bari,2016-12-02,0.1334923294795004,0.1327,0.0966726424293077,0.0953,0.986668499175371,21537,0.0,0.0,pixel_reliability=0 AND MODLAND_QA(bits0-1)=0 AND VI range -2000..10000,MOD13Q1 V061 Terra 250m 16-day
SO1606,Qardho,SO16,Bari,2016-12-18,0.1344944546872784,0.133,0.0984207110102586,0.0965,0.9690764156129742,21153,0.0018325087044163,0.0,pixel_reliability=0 AND MODLAND_QA(bits0-1)=0 AND VI range -2000..10000,MOD13Q1 V061 Terra 250m 16-day
SO1701,Garoowe,SO17,Nugaal,2016-01-01,0.14561423961274708,0.14400000000000002,0.10783148446954417,0.1076,0.9810051444400475,9916,0.0,0.0,pixel_reliability=0 AND MODLAND_QA(bits0-1)=0 AND VI range -2000..10000,MOD13Q1 V061 Terra 250m 16-day
SO1701,Garoowe,SO17,Nugaal,2016-01-17,0.1405597026999696,0.1402,0.1054627768227323,0.1055,0.9783339928769292,9889,0.0,0.0,pixel_reliability=0 AND MODLAND_QA(bits0-1)=0 AND VI range -2000..10000,MOD13Q1 V061 Terra 250m 16-day
SO1701,Garoowe,SO17,Nugaal,2016-02-02,0.1382923247158233,0.1378,0.1050713006739764,0.1052,0.9834784329244164,9941,0.0,0.0,pixel_reliability=0 AND MODLAND_QA(bits0-1)=0 AND VI range -2000..10000,MOD13Q1 V061 Terra 250m 16-day
SO1701,Garoowe,SO17,Nugaal,2016-02-18,0.1356040504147366,0.1353,0.1064704190455671,0.1061,0.9183814800158292,9283,0.0,0.0,pixel_reliability=0 AND MODLAND_QA(bits0-1)=0 AND VI range -2000..10000,MOD13Q1 V061 Terra 250m 16-day
SO1701,Garoowe,SO17,Nugaal,2016-03-05,0.1309807936988791,0.1315,0.1009694436029486,0.1007,0.9797190344281757,9903,9.893153937475268e-05,0.0,pixel_reliability=0 AND MODLAND_QA(bits0-1)=0 AND VI range -2000..10000,MOD13Q1 V061 Terra 250m 16-day
SO1701,Garoowe,SO17,Nugaal,2016-03-21,0.1307722349965509,0.1306,0.0983875833524948,0.0983,0.8605065294815988,8698,0.0,0.0,pixel_reliability=0 AND MODLAND_QA(bits0-1)=0 AND VI range -2000..10000,MOD13Q1 V061 Terra 250m 16-day
SO1701,Garoowe,SO17,Nugaal,2016-04-06,0.1300729784028126,0.1312,0.0995650728277247,0.0996,0.9848634744756628,9955,0.0,0.0,pixel_reliability=0 AND MODLAND_QA(bits0-1)=0 AND VI range -2000..10000,MOD13Q1 V061 Terra 250m 16-day
SO1701,Garoowe,SO17,Nugaal,2016-04-22,0.1539818654073199,0.1476,0.110068347107438,0.1071,0.8379501385041551,8470,0.0017807677087455,0.0,pixel_reliability=0 AND MODLAND_QA(bits0-1)=0 AND VI range -2000..10000,MOD13Q1 V061 Terra 250m 16-day
SO1701,Garoowe,SO17,Nugaal,2016-05-08,0.1559642041638684,0.1509,0.1174017125587642,0.1147,0.589236248516027,5956,0.3225168183616937,9.893153937475268e-05,pixel_reliability=0 AND MODLAND_QA(bits0-1)=0 AND VI range -2000..10000,MOD13Q1 V061 Terra 250m 16-day
SO1701,Garoowe,SO17,Nugaal,2016-05-24,0.1434517039800995,0.1397,0.1083650497512438,0.1061,0.7954095765730115,8040,9.893153937475268e-05,0.0,pixel_reliability=0 AND MODLAND_QA(bits0-1)=0 AND VI range -2000..10000,MOD13Q1 V061 Terra 250m 16-day
SO1701,Garoowe,SO17,Nugaal,2016-06-09,0.1357780149086082,0.1343,0.1032345144490963,0.1025,0.9688365650969528,9793,0.000395726157499,0.0,pixel_reliability=0 AND MODLAND_QA(bits0-1)=0 AND VI range -2000..10000,MOD13Q1 V061 Terra 250m 16-day
SO1701,Garoowe,SO17,Nugaal,2016-06-25,0.1369099301652188,0.1363,0.1017510645545903,0.1016,0.5808270676691729,5871,0.1020973486347447,0.1586861891571032,pixel_reliability=0 AND MODLAND_QA(bits0-1)=0 AND VI range -2000..10000,MOD13Q1 V061 Terra 250m 16-day
SO1701,Garoowe,SO17,Nugaal,2016-07-11,0.1304038850505657,0.13,0.0988338439971963,0.0983,0.9880292837356548,9987,9.893153937475268e-05,0.0,pixel_reliability=0 AND MODLAND_QA(bits0-1)=0 AND VI range -2000..10000,MOD13Q1 V061 Terra 250m 16-day
SO1701,Garoowe,SO17,Nugaal,2016-07-27,0.1302040048677951,0.1305,0.0989408341630711,0.0987,0.8942421844083894,9039,0.0026711515631183,0.0,pixel_reliability=0 AND MODLAND_QA(bits0-1)=0 AND VI range -2000..10000,MOD13Q1 V061 Terra 250m 16-day
SO1701,Garoowe,SO17,Nugaal,2016-08-12,0.1284498796871866,0.1291,0.0987599057549629,0.0985,0.9867431737237832,9974,9.893153937475268e-05,0.0,pixel_reliability=0 AND MODLAND_QA(bits0-1)=0 AND VI range -2000..10000,MOD13Q1 V061 Terra 250m 16-day
SO1701,Garoowe,SO17,Nugaal,2016-08-28,0.12766043129388163,0.1287,0.09885726178535607,0.0984,0.9863474475662841,9970,9.893153937475267e-05,0.0,pixel_reliability=0 AND MODLAND_QA(bits0-1)=0 AND VI range -2000..10000,MOD13Q1 V061 Terra 250m 16-day
SO1701,Garoowe,SO17,Nugaal,2016-09-13,0.1279348776311814,0.1293,0.1001489575989525,0.0997,0.9822912544519192,9929,9.893153937475268e-05,0.0,pixel_reliability=0 AND MODLAND_QA(bits0-1)=0 AND VI range -2000..10000,MOD13Q1 V061 Terra 250m 16-day
SO1701,Garoowe,SO17,Nugaal,2016-09-29,0.1326085582757899,0.1333,0.0980851119481063,0.098,0.945587653343886,9558,0.0038583300356153,0.0,pixel_reliability=0 AND MODLAND_QA(bits0-1)=0 AND VI range -2000..10000,MOD13Q1 V061 Terra 250m 16-day
SO1701,Garoowe,SO17,Nugaal,2016-10-15,0.1407643981378851,0.1398,0.1059544003546885,0.1051,0.8925603482390186,9022,0.0005935892362485,0.0,pixel_reliability=0 AND MODLAND_QA(bits0-1)=0 AND VI range -2000..10000,MOD13Q1 V061 Terra 250m 16-day
SO1701,Garoowe,SO17,Nugaal,2016-10-31,0.140874683798434,0.1408,0.105713059626581,0.10565,0.985555995251286,9962,0.0,0.0,pixel_reliability=0 AND MODLAND_QA(bits0-1)=0 AND VI range -2000..10000,MOD13Q1 V061 Terra 250m 16-day
SO1701,Garoowe,SO17,Nugaal,2016-11-16,0.1354472639736965,0.1357,0.1009159699389384,0.1012,0.8425009893153937,8516,9.893153937475268e-05,0.0,pixel_reliability=0 AND MODLAND_QA(bits0-1)=0 AND VI range -2000..10000,MOD13Q1 V061 Terra 250m 16-day
SO1701,Garoowe,SO17,Nugaal,2016-12-02,0.1358832465451632,0.1374,0.1020636090526737,0.1026,0.9879303521962802,9986,9.893153937475268e-05,0.0,pixel_reliability=0 AND MODLAND_QA(bits0-1)=0 AND VI range -2000..10000,MOD13Q1 V061 Terra 250m 16-day
SO1701,Garoowe,SO17,Nugaal,2016-12-18,0.1321950783926902,0.1327,0.1010530993666286,0.101,0.9528096557182428,9631,0.000791452314998,0.0,pixel_reliability=0 AND MODLAND_QA(bits0-1)=0 AND VI range -2000..10000,MOD13Q1 V061 Terra 250m 16-day
SO1702,Burtinle,SO17,Nugaal,2016-01-01,0.1937776474833123,0.194,0.12346758975284142,0.12350000000000001,0.9771705597179374,11086,0.00035257822829440284,0.0,pixel_reliability=0 AND MODLAND_QA(bits0-1)=0 AND VI range -2000..10000,MOD13Q1 V061 Terra 250m 16-day
SO1702,Burtinle,SO17,Nugaal,2016-01-17,0.1832090715804394,0.1837,0.11772597448618,0.1179,0.9949757602468048,11288,0.0,0.0,pixel_reliability=0 AND MODLAND_QA(bits0-1)=0 AND VI range -2000..10000,MOD13Q1 V061 Terra 250m 16-day
SO1702,Burtinle,SO17,Nugaal,2016-02-02,0.1761220030080509,0.1775,0.113740997965142,0.1143,0.9962979286029088,11303,0.0002644336712208,0.0,pixel_reliability=0 AND MODLAND_QA(bits0-1)=0 AND VI range -2000..10000,MOD13Q1 V061 Terra 250m 16-day
SO1702,Burtinle,SO17,Nugaal,2016-02-18,0.174125737704918,0.1759,0.1118525792349726,0.1122,0.8065226972234465,9150,0.0,0.0,pixel_reliability=0 AND MODLAND_QA(bits0-1)=0 AND VI range -2000..10000,MOD13Q1 V061 Terra 250m 16-day
SO1702,Burtinle,SO17,Nugaal,2016-03-05,0.1649282596633993,0.1662,0.1086907712224893,0.1096,0.953195240193918,10814,8.814455707360071e-05,0.0,pixel_reliability=0 AND MODLAND_QA(bits0-1)=0 AND VI range -2000..10000,MOD13Q1 V061 Terra 250m 16-day
SO1702,Burtinle,SO17,Nugaal,2016-03-21,0.1651570056120993,0.1664,0.1055410919813564,0.1062,0.9266637285147642,10513,0.0002644336712208,0.0,pixel_reliability=0 AND MODLAND_QA(bits0-1)=0 AND VI range -2000..10000,MOD13Q1 V061 Terra 250m 16-day
SO1702,Burtinle,SO17,Nugaal,2016-04-06,0.1654408845253107,0.1669,0.1072335615204467,0.108,0.978580872631115,11102,8.814455707360071e-05,0.0,pixel_reliability=0 AND MODLAND_QA(bits0-1)=0 AND VI range -2000..10000,MOD13Q1 V061 Terra 250m 16-day
SO1702,Burtinle,SO17,Nugaal,2016-04-22,0.2221288230077283,0.2259,0.1402525022171544,0.1414,0.6957249889819304,7893,0.0631115028646981,0.0,pixel_reliability=0 AND MODLAND_QA(bits0-1)=0 AND VI range -2000..10000,MOD13Q1 V061 Terra 250m 16-day
SO1702,Burtinle,SO17,Nugaal,2016-05-08,0.2257544508255563,0.2297,0.1456549174443646,0.1462,0.2455707360070515,2786,0.3670339356544733,0.0747465843984134,pixel_reliability=0 AND MODLAND_QA(bits0-1)=0 AND VI range -2000..10000,MOD13Q1 V061 Terra 250m 16-day
SO1702,Burtinle,SO17,Nugaal,2016-05-24,0.207676446197411,0.2068,0.135547855987055,0.1345,0.8715733803437637,9888,0.0042309387395328,0.0,pixel_reliability=0 AND MODLAND_QA(bits0-1)=0 AND VI range -2000..10000,MOD13Q1 V061 Terra 250m 16-day
SO1702,Burtinle,SO17,Nugaal,2016-06-09,0.1832251045539033,0.185,0.1203707016728624,0.1208,0.7587483472895549,8608,0.0877038342882327,0.0,pixel_reliability=0 AND MODLAND_QA(bits0-1)=0 AND VI range -2000..10000,MOD13Q1 V061 Terra 250m 16-day
SO1702,Burtinle,SO17,Nugaal,2016-06-25,0.1685775914634146,0.1719,0.1101493684668989,0.1111,0.4047598060819744,4592,0.3308065226972234,0.0472454825914499,pixel_reliability=0 AND MODLAND_QA(bits0-1)=0 AND VI range -2000..10000,MOD13Q1 V061 Terra 250m 16-day
SO1702,Burtinle,SO17,Nugaal,2016-07-11,0.167770230105465,0.169,0.1084667305848513,0.1088,0.9193477302776554,10430,0.0116350815337152,0.0001762891141472,pixel_reliability=0 AND MODLAND_QA(bits0-1)=0 AND VI range -2000..10000,MOD13Q1 V061 Terra 250m 16-day
SO1702,Burtinle,SO17,Nugaal,2016-07-27,0.1655287792061555,0.1672,0.1068977948766069,0.1071,0.9393565447333628,10657,0.0056412516527104,0.0,pixel_reliability=0 AND MODLAND_QA(bits0-1)=0 AND VI range -2000..10000,MOD13Q1 V061 Terra 250m 16-day
SO1702,Burtinle,SO17,Nugaal,2016-08-12,0.1614652187664734,0.1635,0.1052221402214022,0.1059,0.8360511238431027,9485,0.000881445570736,0.0,pixel_reliability=0 AND MODLAND_QA(bits0-1)=0 AND VI range -2000..10000,MOD13Q1 V061 Terra 250m 16-day
SO1702,Burtinle,SO17,Nugaal,2016-08-28,0.15976851055877406,0.1615,0.10401340870865258,0.1042,0.9433230498016747,10702,0.0013221683561040105,0.0,pixel_reliability=0 AND MODLAND_QA(bits0-1)=0 AND VI range -2000..10000,MOD13Q1 V061 Terra 250m 16-day
SO1702,Burtinle,SO17,Nugaal,2016-09-13,0.159645927242121,0.1609,0.1057451229776489,0.106,0.9425297487880124,10693,0.0053768179814896,0.0,pixel_reliability=0 AND MODLAND_QA(bits0-1)=0 AND VI range -2000..10000,MOD13Q1 V061 Terra 250m 16-day
SO1702,Burtinle,SO17,Nugaal,2016-09-29,0.1678260900836105,0.1698,0.103155093050436,0.1035,0.9804319083296608,11123,0.00220361392684,0.0,pixel_reliability=0 AND MODLAND_QA(bits0-1)=0 AND VI range -2000..10000,MOD13Q1 V061 Terra 250m 16-day
SO1702,Burtinle,SO17,Nugaal,2016-10-15,0.1939510557029177,0.1917,0.120461973474801,0.1176,0.8307624504186867,9425,0.0521815777875716,0.0,pixel_reliability=0 AND MODLAND_QA(bits0-1)=0 AND VI range -2000..10000,MOD13Q1 V061 Terra 250m 16-day
SO1702,Burtinle,SO17,Nugaal,2016-10-31,0.1877725960561089,0.1866,0.1252923460052856,0.124,0.8671661524900838,9838,8.814455707360071e-05,0.0,pixel_reliability=0 AND MODLAND_QA(bits0-1)=0 AND VI range -2000..10000,MOD13Q1 V061 Terra 250m 16-day
SO1702,Burtinle,SO17,Nugaal,2016-11-16,0.1759123607489926,0.1761,0.1108443588528087,0.11085,0.7437637725870427,8438,0.0160423093873953,0.0,pixel_reliability=0 AND MODLAND_QA(bits0-1)=0 AND VI range -2000..10000,MOD13Q1 V061 Terra 250m 16-day
SO1702,Burtinle,SO17,Nugaal,2016-12-02,0.1733525865112994,0.1746,0.1101274629237288,0.1104,0.9985015425297488,11328,0.0,0.0,pixel_reliability=0 AND MODLAND_QA(bits0-1)=0 AND VI range -2000..10000,MOD13Q1 V061 Terra 250m 16-day
SO1702,Burtinle,SO17,Nugaal,2016-12-18,0.1674102879181989,0.1689,0.107017050856579,0.1072,0.9827236668135744,11149,0.0006170118995152,0.0,pixel_reliability=0 AND MODLAND_QA(bits0-1)=0 AND VI range -2000..10000,MOD13Q1 V061 Terra 250m 16-day
SO1703,Eyl,SO17,Nugaal,2016-01-01,0.1656706371191136,0.16840000000000002,0.11476387020182034,0.1168,0.6828499369482977,7581,0.07440100882723834,0.006845613402990452,pixel_reliability=0 AND MODLAND_QA(bits0-1)=0 AND VI range -2000..10000,MOD13Q1 V061 Terra 250m 16-day
SO1703,Eyl,SO17,Nugaal,2016-01-17,0.1612079039170736,0.1641,0.1122545200837237,0.114,0.9037110430553054,10033,0.0234192037470726,0.0068456134029904,pixel_reliability=0 AND MODLAND_QA(bits0-1)=0 AND VI range -2000..10000,MOD13Q1 V061 Terra 250m 16-day
SO1703,Eyl,SO17,Nugaal,2016-02-02,0.1556726895854398,0.1586,0.112506268958544,0.1149,0.8908304809944154,9890,0.0194559538821833,0.0071158349846874,pixel_reliability=0 AND MODLAND_QA(bits0-1)=0 AND VI range -2000..10000,MOD13Q1 V061 Terra 250m 16-day
SO1703,Eyl,SO17,Nugaal,2016-02-18,0.1539137459728595,0.1565,0.1118030166943278,0.113,0.9226265537740947,10243,0.0196361016033147,0.0058548009367681,pixel_reliability=0 AND MODLAND_QA(bits0-1)=0 AND VI range -2000..10000,MOD13Q1 V061 Terra 250m 16-day
SO1703,Eyl,SO17,Nugaal,2016-03-05,0.1473746103768001,0.1503,0.1091654665614519,0.1117,0.9131687984147,10138,0.0224283912808502,0.0048639884705458,pixel_reliability=0 AND MODLAND_QA(bits0-1)=0 AND VI range -2000..10000,MOD13Q1 V061 Terra 250m 16-day
SO1703,Eyl,SO17,Nugaal,2016-03-21,0.1485304567833698,0.1508,0.1036328911378555,0.105,0.6586200684561341,7312,0.063502071698793,0.0057647270762024,pixel_reliability=0 AND MODLAND_QA(bits0-1)=0 AND VI range -2000..10000,MOD13Q1 V061 Terra 250m 16-day
SO1703,Eyl,SO17,Nugaal,2016-04-06,0.1482618181818182,0.1507,0.1068165601965602,0.1086,0.9165015312556296,10175,0.0229688344442442,0.0017114033507476,pixel_reliability=0 AND MODLAND_QA(bits0-1)=0 AND VI range -2000..10000,MOD13Q1 V061 Terra 250m 16-day
SO1703,Eyl,SO17,Nugaal,2016-04-22,0.1688363472900077,0.1608,0.1177259696891857,0.1151,0.3506575391821293,3893,0.3226445685462079,0.0054044316339398,pixel_reliability=0 AND MODLAND_QA(bits0-1)=0 AND VI range -2000..10000,MOD13Q1 V061 Terra 250m 16-day
SO1703,Eyl,SO17,Nugaal,2016-05-08,0.17661511608202,0.1723,0.1300559057786816,0.1296,0.5315258511979823,5901,0.1490722392361736,0.0221581696991533,pixel_reliability=0 AND MODLAND_QA(bits0-1)=0 AND VI range -2000..10000,MOD13Q1 V061 Terra 250m 16-day
SO1703,Eyl,SO17,Nugaal,2016-05-24,0.169071343972699,0.1684,0.1203210278028706,0.1209,0.8974058728157088,9963,0.0137813006665465,0.0037831021437578,pixel_reliability=0 AND MODLAND_QA(bits0-1)=0 AND VI range -2000..10000,MOD13Q1 V061 Terra 250m 16-day
SO1703,Eyl,SO17,Nugaal,2016-06-09,0.158510975367501,0.1586,0.1129340782677791,0.1141,0.9068636281751036,10068,0.0186452891370924,0.0057647270762024,pixel_reliability=0 AND MODLAND_QA(bits0-1)=0 AND VI range -2000..10000,MOD13Q1 V061 Terra 250m 16-day
SO1703,Eyl,SO17,Nugaal,2016-06-25,0.1514061443010107,0.1527,0.1083650855598919,0.1101,0.9001080886326788,9993,0.0244100162132949,0.0100882723833543,pixel_reliability=0 AND MODLAND_QA(bits0-1)=0 AND VI range -2000..10000,MOD13Q1 V061 Terra 250m 16-day
SO1703,Eyl,SO17,Nugaal,2016-07-11,0.1483839640539191,0.1493,0.1048706939590614,0.1062,0.9020897135651234,10015,0.0155827778778598,0.0117096018735363,pixel_reliability=0 AND MODLAND_QA(bits0-1)=0 AND VI range -2000..10000,MOD13Q1 V061 Terra 250m 16-day
SO1703,Eyl,SO17,Nugaal,2016-07-27,0.1484301598062954,0.1498,0.1059941501210653,0.1075,0.9300126103404792,10325,0.0121599711763646,0.0032426589803638,pixel_reliability=0 AND MODLAND_QA(bits0-1)=0 AND VI range -2000..10000,MOD13Q1 V061 Terra 250m 16-day
SO1703,Eyl,SO17,Nugaal,2016-08-12,0.1459097328977709,0.1476,0.1045132878554957,0.1061,0.9374887407674292,10408,0.0152224824355971,0.0081967213114754,pixel_reliability=0 AND MODLAND_QA(bits0-1)=0 AND VI range -2000..10000,MOD13Q1 V061 Terra 250m 16-day
SO1703,Eyl,SO17,Nugaal,2016-08-28,0.14371968481098327,0.1459,0.1049374746205163,0.1062,0.9316339398306611,10343,0.016123221041253827,0.008106647450909747,pixel_reliability=0 AND MODLAND_QA(bits0-1)=0 AND VI range -2000..10000,MOD13Q1 V061 Terra 250m 16-day
SO1703,Eyl,SO17,Nugaal,2016-09-13,0.142719136283876,0.1442,0.1062420647299668,0.1077,0.9239776616825796,10258,0.0172041073680417,0.0073860565663844,pixel_reliability=0 AND MODLAND_QA(bits0-1)=0 AND VI range -2000..10000,MOD13Q1 V061 Terra 250m 16-day
SO1703,Eyl,SO17,Nugaal,2016-09-29,0.1439551477597712,0.1449,0.1050248808388941,0.1062,0.755899837867051,8392,0.0905242298684921,0.0117996757341019,pixel_reliability=0 AND MODLAND_QA(bits0-1)=0 AND VI range -2000..10000,MOD13Q1 V061 Terra 250m 16-day
SO1703,Eyl,SO17,Nugaal,2016-10-15,0.1582955496805463,0.1557,0.1141975104648601,0.1139,0.8176905062150964,9078,0.0234192037470726,0.0008106647450909,pixel_reliability=0 AND MODLAND_QA(bits0-1)=0 AND VI range -2000..10000,MOD13Q1 V061 Terra 250m 16-day
SO1703,Eyl,SO17,Nugaal,2016-10-31,0.1634542013552759,0.16195,0.115889738625363,0.1153,0.9304629796433076,10330,0.0122500450369302,0.0018014772113132,pixel_reliability=0 AND MODLAND_QA(bits0-1)=0 AND VI range -2000..10000,MOD13Q1 V061 Terra 250m 16-day
SO1703,Eyl,SO17,Nugaal,2016-11-16,0.1573782845188284,0.15735,0.1129391213389121,0.114,0.4305530535038732,4780,0.0116195280129706,0.0022518465141415,pixel_reliability=0 AND MODLAND_QA(bits0-1)=0 AND VI range -2000..10000,MOD13Q1 V061 Terra 250m 16-day
SO1703,Eyl,SO17,Nugaal,2016-12-02,0.15606361664366,0.157,0.1097523861171366,0.1113,0.9135290938569628,10142,0.0131507836425869,0.0025220680958385,pixel_reliability=0 AND MODLAND_QA(bits0-1)=0 AND VI range -2000..10000,MOD13Q1 V061 Terra 250m 16-day
SO1703,Eyl,SO17,Nugaal,2016-12-18,0.1525600672597093,0.154,0.1084279127793447,0.1085,0.8303008466942893,9218,0.0304449648711943,0.0075662042875157,pixel_reliability=0 AND MODLAND_QA(bits0-1)=0 AND VI range -2000..10000,MOD13Q1 V061 Terra 250m 16-day
SO1801,Gaalkacyo,SO18,Mudug,2016-01-01,0.19552965585282342,0.1968,0.12745087342580236,0.12710000000000002,0.9753212203543329,17231,0.0008490405841399219,0.0,pixel_reliability=0 AND MODLAND_QA(bits0-1)=0 AND VI range -2000..10000,MOD13Q1 V061 Terra 250m 16-day
SO1801,Gaalkacyo,SO18,Mudug,2016-01-17,0.1853459541547278,0.1871,0.1227255186246418,0.1226,0.9877172128827758,17450,0.0002830135280466,0.0,pixel_reliability=0 AND MODLAND_QA(bits0-1)=0 AND VI range -2000..10000,MOD13Q1 V061 Terra 250m 16-day
SO1801,Gaalkacyo,SO18,Mudug,2016-02-02,0.1797840990834203,0.1817,0.1178925861468847,0.1178,0.9757174392935982,17238,0.0015848757570611,0.0,pixel_reliability=0 AND MODLAND_QA(bits0-1)=0 AND VI range -2000..10000,MOD13Q1 V061 Terra 250m 16-day
SO1801,Gaalkacyo,SO18,Mudug,2016-02-18,0.1781157667544629,0.1807,0.1151371451565701,0.1153,0.7736457802682968,13668,0.0003962189392652,0.0,pixel_reliability=0 AND MODLAND_QA(bits0-1)=0 AND VI range -2000..10000,MOD13Q1 V061 Terra 250m 16-day
SO1801,Gaalkacyo,SO18,Mudug,2016-03-05,0.1720638797496936,0.1748,0.1147266047351783,0.1146,0.8773985396501953,15501,0.0101318843040697,0.0,pixel_reliability=0 AND MODLAND_QA(bits0-1)=0 AND VI range -2000..10000,MOD13Q1 V061 Terra 250m 16-day
SO1801,Gaalkacyo,SO18,Mudug,2016-03-21,0.1730183106267029,0.1758,0.1109814047835301,0.111,0.934793683138054,16515,0.0046980245655742,0.0,pixel_reliability=0 AND MODLAND_QA(bits0-1)=0 AND VI range -2000..10000,MOD13Q1 V061 Terra 250m 16-day
SO1801,Gaalkacyo,SO18,Mudug,2016-04-06,0.1719247331960307,0.1741,0.1127432690507395,0.1127,0.9069451519782644,16023,0.0031697515141223,0.0,pixel_reliability=0 AND MODLAND_QA(bits0-1)=0 AND VI range -2000..10000,MOD13Q1 V061 Terra 250m 16-day
SO1801,Gaalkacyo,SO18,Mudug,2016-04-22,0.2103335796178344,0.2147,0.134154,0.1347,0.4443312390332258,7850,0.3326541008660214,0.010867719476991,pixel_reliability=0 AND MODLAND_QA(bits0-1)=0 AND VI range -2000..10000,MOD13Q1 V061 Terra 250m 16-day
SO1801,Gaalkacyo,SO18,Mudug,2016-05-08,0.2208100606673407,0.22275,0.1514647497472194,0.151,0.4478406067810041,7912,0.2630327729665478,0.035716307239486,pixel_reliability=0 AND MODLAND_QA(bits0-1)=0 AND VI range -2000..10000,MOD13Q1 V061 Terra 250m 16-day
SO1801,Gaalkacyo,SO18,Mudug,2016-05-24,0.2138955677960674,0.2146,0.1424500160122974,0.142,0.88373804267844,15613,0.0130186222901454,0.0,pixel_reliability=0 AND MODLAND_QA(bits0-1)=0 AND VI range -2000..10000,MOD13Q1 V061 Terra 250m 16-day
SO1801,Gaalkacyo,SO18,Mudug,2016-06-09,0.187289511474025,0.1889,0.125749922567929,0.1257,0.8040980358861154,14206,0.0285277636271013,0.0,pixel_reliability=0 AND MODLAND_QA(bits0-1)=0 AND VI range -2000..10000,MOD13Q1 V061 Terra 250m 16-day
SO1801,Gaalkacyo,SO18,Mudug,2016-06-25,0.1671948678549478,0.1706,0.1130646588813767,0.1128,0.1841852040527537,3254,0.3898794362370521,0.0149997169864719,pixel_reliability=0 AND MODLAND_QA(bits0-1)=0 AND VI range -2000..10000,MOD13Q1 V061 Terra 250m 16-day
SO1801,Gaalkacyo,SO18,Mudug,2016-07-11,0.1726609977756593,0.1736,0.1144384620273276,0.1138,0.8906435727627781,15735,0.0227542876549499,5.6602705609328126e-05,pixel_reliability=0 AND MODLAND_QA(bits0-1)=0 AND VI range -2000..10000,MOD13Q1 V061 Terra 250m 16-day
SO1801,Gaalkacyo,SO18,Mudug,2016-07-27,0.1707193351567431,0.1723,0.1122066414194543,0.1118,0.8070979792834098,14259,0.0308484745570838,0.0,pixel_reliability=0 AND MODLAND_QA(bits0-1)=0 AND VI range -2000..10000,MOD13Q1 V061 Terra 250m 16-day
SO1801,Gaalkacyo,SO18,Mudug,2016-08-12,0.1668535060012634,0.1683,0.1103363515125991,0.1093,0.8064187468160978,14247,0.0188487009679062,0.0,pixel_reliability=0 AND MODLAND_QA(bits0-1)=0 AND VI range -2000..10000,MOD13Q1 V061 Terra 250m 16-day
SO1801,Gaalkacyo,SO18,Mudug,2016-08-28,0.16534704388828436,0.16720000000000002,0.10989998790956354,0.10930000000000001,0.9363219561895059,16542,0.009905473481632423,0.0,pixel_reliability=0 AND MODLAND_QA(bits0-1)=0 AND VI range -2000..10000,MOD13Q1 V061 Terra 250m 16-day
SO1801,Gaalkacyo,SO18,Mudug,2016-09-13,0.1659821608382093,0.1681,0.1099281807048578,0.1097,0.8319465670459048,14698,0.0290371879775853,0.0,pixel_reliability=0 AND MODLAND_QA(bits0-1)=0 AND VI range -2000..10000,MOD13Q1 V061 Terra 250m 16-day
SO1801,Gaalkacyo,SO18,Mudug,2016-09-29,0.1679392933065211,0.1699,0.1077141913243321,0.1073,0.985170091130356,17405,0.0028301352804664,0.0,pixel_reliability=0 AND MODLAND_QA(bits0-1)=0 AND VI range -2000..10000,MOD13Q1 V061 Terra 250m 16-day
SO1801,Gaalkacyo,SO18,Mudug,2016-10-15,0.1803923431927837,0.1818,0.1173887350534927,0.1163,0.5396501952793343,9534,0.2729382464481802,0.0,pixel_reliability=0 AND MODLAND_QA(bits0-1)=0 AND VI range -2000..10000,MOD13Q1 V061 Terra 250m 16-day
SO1801,Gaalkacyo,SO18,Mudug,2016-10-31,0.1898329910566412,0.18925,0.1260373385226896,0.1256,0.6835342729382464,12076,0.0015848757570611,0.0,pixel_reliability=0 AND MODLAND_QA(bits0-1)=0 AND VI range -2000..10000,MOD13Q1 V061 Terra 250m 16-day
SO1801,Gaalkacyo,SO18,Mudug,2016-11-16,0.174561499017178,0.176,0.1137510896504572,0.1128,0.6623082583347484,11701,0.1249787739853965,5.6602705609328126e-05,pixel_reliability=0 AND MODLAND_QA(bits0-1)=0 AND VI range -2000..10000,MOD13Q1 V061 Terra 250m 16-day
SO1801,Gaalkacyo,SO18,Mudug,2016-12-02,0.1748765559221754,0.1765,0.1143643474798043,0.1135,0.9949623592007698,17578,0.0002264108224373,0.0,pixel_reliability=0 AND MODLAND_QA(bits0-1)=0 AND VI range -2000..10000,MOD13Q1 V061 Terra 250m 16-day
SO1801,Gaalkacyo,SO18,Mudug,2016-12-18,0.1701905434096517,0.1721,0.1109207953176106,0.1104,0.9864153506537612,17427,0.0005094243504839,0.0,pixel_reliability=0 AND MODLAND_QA(bits0-1)=0 AND VI range -2000..10000,MOD13Q1 V061 Terra 250m 16-day
SO1802,Galdogob,SO18,Mudug,2016-01-01,0.19815415472779369,0.2011,0.12815714285714286,0.1287,0.9878689850384149,2443,0.0008087343307723412,0.0,pixel_reliability=0 AND MODLAND_QA(bits0-1)=0 AND VI range -2000..10000,MOD13Q1 V061 Terra 250m 16-day
SO1802,Galdogob,SO18,Mudug,2016-01-17,0.1889547962124331,0.1921,0.1233727459860024,0.124,0.9822078447230084,2429,0.0012131014961585,0.0,pixel_reliability=0 AND MODLAND_QA(bits0-1)=0 AND VI range -2000..10000,MOD13Q1 V061 Terra 250m 16-day
SO1802,Galdogob,SO18,Mudug,2016-02-02,0.1832059762586983,0.1856,0.1180573884568153,0.1189,0.9878689850384148,2443,0.0016174686615446,0.0,pixel_reliability=0 AND MODLAND_QA(bits0-1)=0 AND VI range -2000..10000,MOD13Q1 V061 Terra 250m 16-day
SO1802,Galdogob,SO18,Mudug,2016-02-18,0.1788542536933265,0.1821,0.1132656138563423,0.1144,0.793772745653053,1963,0.002426202992317,0.0,pixel_reliability=0 AND MODLAND_QA(bits0-1)=0 AND VI range -2000..10000,MOD13Q1 V061 Terra 250m 16-day
SO1802,Galdogob,SO18,Mudug,2016-03-05,0.1736962886597938,0.1752,0.1122748865979381,0.1127,0.9805903760614638,2425,0.0016174686615446,0.0,pixel_reliability=0 AND MODLAND_QA(bits0-1)=0 AND VI range -2000..10000,MOD13Q1 V061 Terra 250m 16-day
SO1802,Galdogob,SO18,Mudug,2016-03-21,0.1741600904977375,0.176,0.1097413574660633,0.1092,0.8936514355034372,2210,0.0068742418115649,0.0,pixel_reliability=0 AND MODLAND_QA(bits0-1)=0 AND VI range -2000..10000,MOD13Q1 V061 Terra 250m 16-day
SO1802,Galdogob,SO18,Mudug,2016-04-06,0.1727237147595356,0.1725,0.1124824212271973,0.1124,0.9753336029114436,2412,0.0008087343307723,0.0,pixel_reliability=0 AND MODLAND_QA(bits0-1)=0 AND VI range -2000..10000,MOD13Q1 V061 Terra 250m 16-day
SO1802,Galdogob,SO18,Mudug,2016-04-22,0.2027440251572327,0.21625,0.1341084905660377,0.13845,0.1285887585928022,318,0.6530529720986656,0.0258794985847149,pixel_reliability=0 AND MODLAND_QA(bits0-1)=0 AND VI range -2000..10000,MOD13Q1 V061 Terra 250m 16-day
SO1802,Galdogob,SO18,Mudug,2016-05-08,0.2425076225045372,0.2499,0.1595196007259528,0.1614,0.22280630812778,551,0.3829357056207036,0.0076829761423372,pixel_reliability=0 AND MODLAND_QA(bits0-1)=0 AND VI range -2000..10000,MOD13Q1 V061 Terra 250m 16-day
SO1802,Galdogob,SO18,Mudug,2016-05-24,0.2338202554744526,0.23545,0.1552706204379562,0.15655,0.8863728265264861,2192,0.021431459765467,0.0,pixel_reliability=0 AND MODLAND_QA(bits0-1)=0 AND VI range -2000..10000,MOD13Q1 V061 Terra 250m 16-day
SO1802,Galdogob,SO18,Mudug,2016-06-09,0.1951098561151079,0.1969,0.1308990647482014,0.1307,0.5620703598867772,1390,0.1140315406389001,0.0,pixel_reliability=0 AND MODLAND_QA(bits0-1)=0 AND VI range -2000..10000,MOD13Q1 V061 Terra 250m 16-day
SO1802,Galdogob,SO18,Mudug,2016-06-25,0.1615358565737052,0.1635,0.1135820717131474,0.114,0.1014961585119288,251,0.6235341690254751,0.0101091791346542,pixel_reliability=0 AND MODLAND_QA(bits0-1)=0 AND VI range -2000..10000,MOD13Q1 V061 Terra 250m 16-day
SO1802,Galdogob,SO18,Mudug,2016-07-11,0.1778505371321812,0.1784,0.1171746847267631,0.1172,0.8657501010917914,2141,0.0137484836231298,0.0,pixel_reliability=0 AND MODLAND_QA(bits0-1)=0 AND VI range -2000..10000,MOD13Q1 V061 Terra 250m 16-day
SO1802,Galdogob,SO18,Mudug,2016-07-27,0.1762828842315369,0.1779,0.1131179141716567,0.11315,0.810351799433886,2004,0.040436716538617,0.0,pixel_reliability=0 AND MODLAND_QA(bits0-1)=0 AND VI range -2000..10000,MOD13Q1 V061 Terra 250m 16-day
SO1802,Galdogob,SO18,Mudug,2016-08-12,0.1689382554517134,0.1685,0.111459937694704,0.1117,0.6490093004448039,1605,0.0351799433885968,0.0,pixel_reliability=0 AND MODLAND_QA(bits0-1)=0 AND VI range -2000..10000,MOD13Q1 V061 Terra 250m 16-day
SO1802,Galdogob,SO18,Mudug,2016-08-28,0.16841733703190015,0.1685,0.11125307443365695,0.11120000000000001,0.874646178730287,2163,0.013748483623129802,0.0,pixel_reliability=0 AND MODLAND_QA(bits0-1)=0 AND VI range -2000..10000,MOD13Q1 V061 Terra 250m 16-day
SO1802,Galdogob,SO18,Mudug,2016-09-13,0.1652951818181818,0.16485,0.1086047272727272,0.1084,0.4448038819247877,1100,0.2288718156085726,0.0,pixel_reliability=0 AND MODLAND_QA(bits0-1)=0 AND VI range -2000..10000,MOD13Q1 V061 Terra 250m 16-day
SO1802,Galdogob,SO18,Mudug,2016-09-29,0.172609625,0.1716,0.1080963333333333,0.1074,0.9704811969268096,2400,0.004852405984634,0.0,pixel_reliability=0 AND MODLAND_QA(bits0-1)=0 AND VI range -2000..10000,MOD13Q1 V061 Terra 250m 16-day
SO1802,Galdogob,SO18,Mudug,2016-10-15,0.1524349854227405,0.1476,0.1086790087463556,0.1077,0.1386979377274565,343,0.7610190052567731,0.0,pixel_reliability=0 AND MODLAND_QA(bits0-1)=0 AND VI range -2000..10000,MOD13Q1 V061 Terra 250m 16-day
SO1802,Galdogob,SO18,Mudug,2016-10-31,0.1914348780487804,0.1887,0.11627,0.11295,0.6631621512333199,1640,0.0008087343307723,0.0,pixel_reliability=0 AND MODLAND_QA(bits0-1)=0 AND VI range -2000..10000,MOD13Q1 V061 Terra 250m 16-day
SO1802,Galdogob,SO18,Mudug,2016-11-16,0.1769947534102833,0.1773,0.111670776495278,0.1105,0.7707238172260412,1906,0.0270926000808734,0.0,pixel_reliability=0 AND MODLAND_QA(bits0-1)=0 AND VI range -2000..10000,MOD13Q1 V061 Terra 250m 16-day
SO1802,Galdogob,SO18,Mudug,2016-12-02,0.1775202366381069,0.1779,0.1144597307221542,0.1143,0.9911039223615042,2451,0.0004043671653861,0.0,pixel_reliability=0 AND MODLAND_QA(bits0-1)=0 AND VI range -2000..10000,MOD13Q1 V061 Terra 250m 16-day
SO1802,Galdogob,SO18,Mudug,2016-12-18,0.1728816618911175,0.1737,0.110340196479738,0.1103,0.9878689850384148,2443,0.0008087343307723,0.0,pixel_reliability=0 AND MODLAND_QA(bits0-1)=0 AND VI range -2000..10000,MOD13Q1 V061 Terra 250m 16-day
SO1803,Hobyo,SO18,Mudug,2016-01-01,0.1756530865650562,0.1753,0.12350940975695875,0.1233,0.5667355923159018,16993,0.18189701173959444,0.015141408751334046,pixel_reliability=0 AND MODLAND_QA(bits0-1)=0 AND VI range -2000..10000,MOD13Q1 V061 Terra 250m 16-day
SO1803,Hobyo,SO18,Mudug,2016-01-17,0.1659199894861348,0.1657,0.1183966180400403,0.1183,0.7613060298826041,22827,0.0650346851654215,0.0123732657417289,pixel_reliability=0 AND MODLAND_QA(bits0-1)=0 AND VI range -2000..10000,MOD13Q1 V061 Terra 250m 16-day
SO1803,Hobyo,SO18,Mudug,2016-02-02,0.1587010272873194,0.1585,0.1150825,0.1151,0.8311099252934898,24920,0.0317502668089647,0.0105723052294557,pixel_reliability=0 AND MODLAND_QA(bits0-1)=0 AND VI range -2000..10000,MOD13Q1 V061 Terra 250m 16-day
SO1803,Hobyo,SO18,Mudug,2016-02-18,0.1561378626354421,0.1563,0.1147313177210765,0.1148,0.7633404482390609,22888,0.0234124866595517,0.0106723585912486,pixel_reliability=0 AND MODLAND_QA(bits0-1)=0 AND VI range -2000..10000,MOD13Q1 V061 Terra 250m 16-day
SO1803,Hobyo,SO18,Mudug,2016-03-05,0.1542682583741061,0.1545,0.1095373071132856,0.1095,0.7089114194236926,21256,0.0670691035218783,0.0118062966915688,pixel_reliability=0 AND MODLAND_QA(bits0-1)=0 AND VI range -2000..10000,MOD13Q1 V061 Terra 250m 16-day
SO1803,Hobyo,SO18,Mudug,2016-03-21,0.1533389907294769,0.1538,0.1066529300725701,0.1066,0.795057363927428,23839,0.049359658484525,0.0097385272145144,pixel_reliability=0 AND MODLAND_QA(bits0-1)=0 AND VI range -2000..10000,MOD13Q1 V061 Terra 250m 16-day
SO1803,Hobyo,SO18,Mudug,2016-04-06,0.1487126643030093,0.1491,0.1084844820131442,0.1078,0.7713447171824973,23128,0.0486259338313767,0.0088380469583778,pixel_reliability=0 AND MODLAND_QA(bits0-1)=0 AND VI range -2000..10000,MOD13Q1 V061 Terra 250m 16-day
SO1803,Hobyo,SO18,Mudug,2016-04-22,0.1792666761457889,0.1787,0.1246418882411488,0.1235,0.7036752934898612,21099,0.1014874599786552,0.0229455709711846,pixel_reliability=0 AND MODLAND_QA(bits0-1)=0 AND VI range -2000..10000,MOD13Q1 V061 Terra 250m 16-day
SO1803,Hobyo,SO18,Mudug,2016-05-08,0.1994711081007857,0.1998,0.1435309726361419,0.1429,0.6154949306296692,18455,0.0441235325506937,0.0467249199573105,pixel_reliability=0 AND MODLAND_QA(bits0-1)=0 AND VI range -2000..10000,MOD13Q1 V061 Terra 250m 16-day
SO1803,Hobyo,SO18,Mudug,2016-05-24,0.1837028388436905,0.1831,0.1320123507010559,0.1309,0.7706776947705443,23108,0.018876734258271,0.0104722518676627,pixel_reliability=0 AND MODLAND_QA(bits0-1)=0 AND VI range -2000..10000,MOD13Q1 V061 Terra 250m 16-day
SO1803,Hobyo,SO18,Mudug,2016-06-09,0.1692543685673503,0.1677,0.1230774246863496,0.1227,0.8878735325506937,26622,0.0179762540021344,0.0118729989327641,pixel_reliability=0 AND MODLAND_QA(bits0-1)=0 AND VI range -2000..10000,MOD13Q1 V061 Terra 250m 16-day
SO1803,Hobyo,SO18,Mudug,2016-06-25,0.1558653261321146,0.1562,0.1136740839218944,0.1145,0.4013807363927428,12035,0.1982390608324439,0.0496931696905016,pixel_reliability=0 AND MODLAND_QA(bits0-1)=0 AND VI range -2000..10000,MOD13Q1 V061 Terra 250m 16-day
SO1803,Hobyo,SO18,Mudug,2016-07-11,0.1565031370430398,0.1565,0.1132258598955519,0.1136,0.92599386339381,27765,0.0127067769477054,0.0112393276414087,pixel_reliability=0 AND MODLAND_QA(bits0-1)=0 AND VI range -2000..10000,MOD13Q1 V061 Terra 250m 16-day
SO1803,Hobyo,SO18,Mudug,2016-07-27,0.1539062144371304,0.1546,0.1111073022425527,0.1116,0.5978521878335112,17926,0.0610659018143009,0.0134071504802561,pixel_reliability=0 AND MODLAND_QA(bits0-1)=0 AND VI range -2000..10000,MOD13Q1 V061 Terra 250m 16-day
SO1803,Hobyo,SO18,Mudug,2016-08-12,0.1506595040442741,0.1519,0.109738480913864,0.11,0.9401013874066168,28188,0.0093716648879402,0.0108057630736392,pixel_reliability=0 AND MODLAND_QA(bits0-1)=0 AND VI range -2000..10000,MOD13Q1 V061 Terra 250m 16-day
SO1803,Hobyo,SO18,Mudug,2016-08-28,0.1480165172251062,0.1494,0.10925796275456494,0.10930000000000001,0.9187233191035219,27547,0.008938100320170757,0.012173159018143009,pixel_reliability=0 AND MODLAND_QA(bits0-1)=0 AND VI range -2000..10000,MOD13Q1 V061 Terra 250m 16-day
SO1803,Hobyo,SO18,Mudug,2016-09-13,0.1463596069364162,0.1484,0.1083576917148362,0.1086,0.8654615795090715,25950,0.0330176093916755,0.0134405016008537,pixel_reliability=0 AND MODLAND_QA(bits0-1)=0 AND VI range -2000..10000,MOD13Q1 V061 Terra 250m 16-day
SO1803,Hobyo,SO18,Mudug,2016-09-29,0.1484359562343287,0.1497,0.1042784636425803,0.1044,0.7315568303094984,21935,0.1059565101387406,0.0416555496264674,pixel_reliability=0 AND MODLAND_QA(bits0-1)=0 AND VI range -2000..10000,MOD13Q1 V061 Terra 250m 16-day
SO1803,Hobyo,SO18,Mudug,2016-10-15,0.1562917008290061,0.1559,0.1139863806140111,0.1123,0.3660952508004269,10977,0.2572705442902882,0.0284818569903948,pixel_reliability=0 AND MODLAND_QA(bits0-1)=0 AND VI range -2000..10000,MOD13Q1 V061 Terra 250m 16-day
SO1803,Hobyo,SO18,Mudug,2016-10-31,0.1706682739634604,0.1675,0.1221327980312004,0.1203,0.799559765208111,23974,0.025013340448239,0.0102387940234791,pixel_reliability=0 AND MODLAND_QA(bits0-1)=0 AND VI range -2000..10000,MOD13Q1 V061 Terra 250m 16-day
SO1803,Hobyo,SO18,Mudug,2016-11-16,0.1602225313013427,0.1604,0.1183719505976998,0.1183,0.5886806296691569,17651,0.1441435432230522,0.0224786552828175,pixel_reliability=0 AND MODLAND_QA(bits0-1)=0 AND VI range -2000..10000,MOD13Q1 V061 Terra 250m 16-day
SO1803,Hobyo,SO18,Mudug,2016-12-02,0.1588344351369708,0.1586,0.1136780507131537,0.1132,0.8838713980789754,26502,0.0400880469583778,0.0094383671291355,pixel_reliability=0 AND MODLAND_QA(bits0-1)=0 AND VI range -2000..10000,MOD13Q1 V061 Terra 250m 16-day
SO1803,Hobyo,SO18,Mudug,2016-12-18,0.1558101168693188,0.1552,0.1117358084444969,0.1111,0.8475520277481323,25413,0.0158751334044823,0.0114727854855923,pixel_reliability=0 AND MODLAND_QA(bits0-1)=0 AND VI range -2000..10000,MOD13Q1 V061 Terra 250m 16-day
SO1804,Jariiban,SO18,Mudug,2016-01-01,0.1892658644506799,0.1889,0.1300333153464278,0.1291,0.7217072980761742,9266,0.06090817041825687,0.01067061297608848,pixel_reliability=0 AND MODLAND_QA(bits0-1)=0 AND VI range -2000..10000,MOD13Q1 V061 Terra 250m 16-day
SO1804,Jariiban,SO18,Mudug,2016-01-17,0.1785663258464633,0.1789,0.1227276902447201,0.1222,0.9293558688371368,11932,0.0110600514058727,0.0125399174390528,pixel_reliability=0 AND MODLAND_QA(bits0-1)=0 AND VI range -2000..10000,MOD13Q1 V061 Terra 250m 16-day
SO1804,Jariiban,SO18,Mudug,2016-02-02,0.1725781814776664,0.1738,0.1198918157130817,0.1195,0.8317625983332035,10679,0.0180699431419892,0.0120725913233117,pixel_reliability=0 AND MODLAND_QA(bits0-1)=0 AND VI range -2000..10000,MOD13Q1 V061 Terra 250m 16-day
SO1804,Jariiban,SO18,Mudug,2016-02-18,0.1695076199616123,0.1706,0.1172814971209212,0.1168,0.8115896876703793,10420,0.0137082327284056,0.0126956928109665,pixel_reliability=0 AND MODLAND_QA(bits0-1)=0 AND VI range -2000..10000,MOD13Q1 V061 Terra 250m 16-day
SO1804,Jariiban,SO18,Mudug,2016-03-05,0.1620508461684731,0.1632,0.1147388001521202,0.1146,0.8192226808941506,10518,0.0197834722330399,0.0098917361165199,pixel_reliability=0 AND MODLAND_QA(bits0-1)=0 AND VI range -2000..10000,MOD13Q1 V061 Terra 250m 16-day
SO1804,Jariiban,SO18,Mudug,2016-03-21,0.1597296273136568,0.1612,0.1106876438219109,0.1105,0.6227899369109744,7996,0.0706441311628631,0.0084897577692966,pixel_reliability=0 AND MODLAND_QA(bits0-1)=0 AND VI range -2000..10000,MOD13Q1 V061 Terra 250m 16-day
SO1804,Jariiban,SO18,Mudug,2016-04-06,0.1582074276696475,0.1588,0.1104733929510783,0.1106,0.7403224550198614,9505,0.0499260066983409,0.0101253991743905,pixel_reliability=0 AND MODLAND_QA(bits0-1)=0 AND VI range -2000..10000,MOD13Q1 V061 Terra 250m 16-day
SO1804,Jariiban,SO18,Mudug,2016-04-22,0.2035835013371734,0.2012,0.1349215387780292,0.1333,0.7572240828724979,9722,0.0492250175247293,0.0102811745463042,pixel_reliability=0 AND MODLAND_QA(bits0-1)=0 AND VI range -2000..10000,MOD13Q1 V061 Terra 250m 16-day
SO1804,Jariiban,SO18,Mudug,2016-05-08,0.2043176034079978,0.2033,0.1443422289404974,0.1447,0.5667886907079991,7277,0.0723576602539138,0.0454864085988005,pixel_reliability=0 AND MODLAND_QA(bits0-1)=0 AND VI range -2000..10000,MOD13Q1 V061 Terra 250m 16-day
SO1804,Jariiban,SO18,Mudug,2016-05-24,0.1916407411806628,0.191,0.130776089796888,0.1304,0.655736428070722,8419,0.0142534465301035,0.0151102110756289,pixel_reliability=0 AND MODLAND_QA(bits0-1)=0 AND VI range -2000..10000,MOD13Q1 V061 Terra 250m 16-day
SO1804,Jariiban,SO18,Mudug,2016-06-09,0.1717916809993663,0.1726,0.1188363718656648,0.1189,0.8604252667653244,11047,0.0162785263649816,0.0137082327284056,pixel_reliability=0 AND MODLAND_QA(bits0-1)=0 AND VI range -2000..10000,MOD13Q1 V061 Terra 250m 16-day
SO1804,Jariiban,SO18,Mudug,2016-06-25,0.1598882090831191,0.1621,0.1113285689802913,0.1115,0.454474647558221,5835,0.2185528467949217,0.0263260378534153,pixel_reliability=0 AND MODLAND_QA(bits0-1)=0 AND VI range -2000..10000,MOD13Q1 V061 Terra 250m 16-day
SO1804,Jariiban,SO18,Mudug,2016-07-11,0.1597307292150487,0.1613,0.1107431583836507,0.1103,0.8384609393254926,10765,0.0347379079367552,0.0147986603318015,pixel_reliability=0 AND MODLAND_QA(bits0-1)=0 AND VI range -2000..10000,MOD13Q1 V061 Terra 250m 16-day
SO1804,Jariiban,SO18,Mudug,2016-07-27,0.1586221680216802,0.1604,0.1114080108401084,0.1118,0.7185139029519433,9225,0.0292078822338188,0.0147207726458446,pixel_reliability=0 AND MODLAND_QA(bits0-1)=0 AND VI range -2000..10000,MOD13Q1 V061 Terra 250m 16-day
SO1804,Jariiban,SO18,Mudug,2016-08-12,0.1550820039790197,0.1566,0.1088962108880448,0.1091,0.8612820313108498,11058,0.0209517875223927,0.0158890879351974,pixel_reliability=0 AND MODLAND_QA(bits0-1)=0 AND VI range -2000..10000,MOD13Q1 V061 Terra 250m 16-day
SO1804,Jariiban,SO18,Mudug,2016-08-28,0.1523475981281635,0.1542,0.10968865437876038,0.11,0.8155619596541787,10471,0.035516784796323704,0.011994703637354933,pixel_reliability=0 AND MODLAND_QA(bits0-1)=0 AND VI range -2000..10000,MOD13Q1 V061 Terra 250m 16-day
SO1804,Jariiban,SO18,Mudug,2016-09-13,0.1553088464260438,0.1571,0.1108119367775418,0.1109,0.6603318015421762,8478,0.0366851000856764,0.0165900771088091,pixel_reliability=0 AND MODLAND_QA(bits0-1)=0 AND VI range -2000..10000,MOD13Q1 V061 Terra 250m 16-day
SO1804,Jariiban,SO18,Mudug,2016-09-29,0.1640306977305649,0.1653,0.1064873611781748,0.1069,0.6452215904665473,8284,0.215281563984734,0.0300646467793441,pixel_reliability=0 AND MODLAND_QA(bits0-1)=0 AND VI range -2000..10000,MOD13Q1 V061 Terra 250m 16-day
SO1804,Jariiban,SO18,Mudug,2016-10-15,0.1845676579416198,0.1809,0.1241075099355899,0.1213,0.5683464444271361,7297,0.1147285614144403,0.0164343017368953,pixel_reliability=0 AND MODLAND_QA(bits0-1)=0 AND VI range -2000..10000,MOD13Q1 V061 Terra 250m 16-day
SO1804,Jariiban,SO18,Mudug,2016-10-31,0.1751489974828574,0.1701,0.1230573648120822,0.1196,0.8973440299088714,11521,0.0216527766960043,0.0118389282654412,pixel_reliability=0 AND MODLAND_QA(bits0-1)=0 AND VI range -2000..10000,MOD13Q1 V061 Terra 250m 16-day
SO1804,Jariiban,SO18,Mudug,2016-11-16,0.166176287029048,0.1655,0.1179462899050906,0.1174,0.5416309681439364,6954,0.0523405249630033,0.0055300257029363,pixel_reliability=0 AND MODLAND_QA(bits0-1)=0 AND VI range -2000..10000,MOD13Q1 V061 Terra 250m 16-day
SO1804,Jariiban,SO18,Mudug,2016-12-02,0.1637924575217571,0.1633,0.1123925735598839,0.112,0.939714931069398,12065,0.010359062232261,0.0113716021497001,pixel_reliability=0 AND MODLAND_QA(bits0-1)=0 AND VI range -2000..10000,MOD13Q1 V061 Terra 250m 16-day
SO1804,Jariiban,SO18,Mudug,2016-12-18,0.1581308903365906,0.1588,0.1102984165761853,0.1101,0.8608147051951086,11052,0.0111379390918295,0.014019783472233,pixel_reliability=0 AND MODLAND_QA(bits0-1)=0 AND VI range -2000..10000,MOD13Q1 V061 Terra 250m 16-day
SO1805,Xarardheere,SO18,Mudug,2016-01-01,0.22857451590594746,0.23565000000000003,0.15663298755186722,0.1597,0.4666021297192643,2892,0.21200387221684414,0.036786060019361085,pixel_reliability=0 AND MODLAND_QA(bits0-1)=0 AND VI range -2000..10000,MOD13Q1 V061 Terra 250m 16-day
SO1805,Xarardheere,SO18,Mudug,2016-01-17,0.1932301437908496,0.187,0.1339683137254902,0.1358,0.617134559535334,3825,0.1255243626976444,0.0303323652791222,pixel_reliability=0 AND MODLAND_QA(bits0-1)=0 AND VI range -2000..10000,MOD13Q1 V061 Terra 250m 16-day
SO1805,Xarardheere,SO18,Mudug,2016-02-02,0.1974414604707302,0.2061,0.1311343089921545,0.136,0.5346886092287835,3314,0.2111971603743143,0.0342045821232655,pixel_reliability=0 AND MODLAND_QA(bits0-1)=0 AND VI range -2000..10000,MOD13Q1 V061 Terra 250m 16-day
SO1805,Xarardheere,SO18,Mudug,2016-02-18,0.190236173666058,0.1937,0.1252035707039967,0.1284,0.7952565343659245,4929,0.0319457889641819,0.0280735721200387,pixel_reliability=0 AND MODLAND_QA(bits0-1)=0 AND VI range -2000..10000,MOD13Q1 V061 Terra 250m 16-day
SO1805,Xarardheere,SO18,Mudug,2016-03-05,0.1921124718595227,0.1957,0.1224677847816299,0.1247,0.7166828009035172,4442,0.0824459503065505,0.0350112939657954,pixel_reliability=0 AND MODLAND_QA(bits0-1)=0 AND VI range -2000..10000,MOD13Q1 V061 Terra 250m 16-day
SO1805,Xarardheere,SO18,Mudug,2016-03-21,0.1919408076814459,0.1965,0.1196946342841005,0.1225,0.5713133268796385,3541,0.2090997095837367,0.0237173281703775,pixel_reliability=0 AND MODLAND_QA(bits0-1)=0 AND VI range -2000..10000,MOD13Q1 V061 Terra 250m 16-day
SO1805,Xarardheere,SO18,Mudug,2016-04-06,0.1832116082224909,0.1879,0.1281321039903264,0.1288,0.5337205550177476,3308,0.1340755082284608,0.0251694094869312,pixel_reliability=0 AND MODLAND_QA(bits0-1)=0 AND VI range -2000..10000,MOD13Q1 V061 Terra 250m 16-day
SO1805,Xarardheere,SO18,Mudug,2016-04-22,0.2480052848318462,0.23215,0.1588431022649279,0.1519,0.4701516618263956,2914,0.1448854469183607,0.0921264924169086,pixel_reliability=0 AND MODLAND_QA(bits0-1)=0 AND VI range -2000..10000,MOD13Q1 V061 Terra 250m 16-day
SO1805,Xarardheere,SO18,Mudug,2016-05-08,0.231444738893219,0.2269,0.1658200701480904,0.1646,0.4140045175863182,2566,0.1519845111326234,0.1121329461116489,pixel_reliability=0 AND MODLAND_QA(bits0-1)=0 AND VI range -2000..10000,MOD13Q1 V061 Terra 250m 16-day
SO1805,Xarardheere,SO18,Mudug,2016-05-24,0.2073702361695244,0.2104,0.1434834357813005,0.1441,0.4987092610519522,3091,0.1352049048080025,0.0303323652791222,pixel_reliability=0 AND MODLAND_QA(bits0-1)=0 AND VI range -2000..10000,MOD13Q1 V061 Terra 250m 16-day
SO1805,Xarardheere,SO18,Mudug,2016-06-09,0.1955559857221307,0.1999,0.1349309170785282,0.1368,0.5876089060987415,3642,0.1090674411100355,0.031784446595676,pixel_reliability=0 AND MODLAND_QA(bits0-1)=0 AND VI range -2000..10000,MOD13Q1 V061 Terra 250m 16-day
SO1805,Xarardheere,SO18,Mudug,2016-06-25,0.1805714870395634,0.1909,0.1249028649386084,0.1278,0.1182639561148757,733,0.2428202646014843,0.324620845434011,pixel_reliability=0 AND MODLAND_QA(bits0-1)=0 AND VI range -2000..10000,MOD13Q1 V061 Terra 250m 16-day
SO1805,Xarardheere,SO18,Mudug,2016-07-11,0.1782373935821873,0.18775,0.1223351669941061,0.1254,0.4927395934172314,3054,0.2141013230074217,0.04243304291707,pixel_reliability=0 AND MODLAND_QA(bits0-1)=0 AND VI range -2000..10000,MOD13Q1 V061 Terra 250m 16-day
SO1805,Xarardheere,SO18,Mudug,2016-07-27,0.1707784017278618,0.1791,0.1177199784017278,0.12005,0.1494030332365279,926,0.3289770893836721,0.1448854469183607,pixel_reliability=0 AND MODLAND_QA(bits0-1)=0 AND VI range -2000..10000,MOD13Q1 V061 Terra 250m 16-day
SO1805,Xarardheere,SO18,Mudug,2016-08-12,0.167091338187296,0.173,0.1147612101431082,0.1182,0.6426266537592772,3983,0.1003549532107131,0.0322684737011939,pixel_reliability=0 AND MODLAND_QA(bits0-1)=0 AND VI range -2000..10000,MOD13Q1 V061 Terra 250m 16-day
SO1805,Xarardheere,SO18,Mudug,2016-08-28,0.16412272065955386,0.1706,0.11411852570320079,0.11720000000000001,0.6653759277186189,4124,0.06292352371732816,0.03807679896740884,pixel_reliability=0 AND MODLAND_QA(bits0-1)=0 AND VI range -2000..10000,MOD13Q1 V061 Terra 250m 16-day
SO1805,Xarardheere,SO18,Mudug,2016-09-13,0.162688961038961,0.1702,0.1147876262626262,0.1178,0.4472410454985479,2772,0.3181671506937721,0.0333978702807357,pixel_reliability=0 AND MODLAND_QA(bits0-1)=0 AND VI range -2000..10000,MOD13Q1 V061 Terra 250m 16-day
SO1805,Xarardheere,SO18,Mudug,2016-09-29,0.1551637129575828,0.1507,0.107070424171993,0.1077,0.5553404323975476,3442,0.0989028718941594,0.068731848983543,pixel_reliability=0 AND MODLAND_QA(bits0-1)=0 AND VI range -2000..10000,MOD13Q1 V061 Terra 250m 16-day
SO1805,Xarardheere,SO18,Mudug,2016-10-15,0.1504760542168674,0.1263,0.1164376506024096,0.1065,0.2142626653759277,1328,0.3259115843820587,0.1001936108422071,pixel_reliability=0 AND MODLAND_QA(bits0-1)=0 AND VI range -2000..10000,MOD13Q1 V061 Terra 250m 16-day
SO1805,Xarardheere,SO18,Mudug,2016-10-31,0.2278363863636363,0.2257,0.1502297954545454,0.1486,0.7099064214262666,4400,0.0514682155534043,0.0332365279122297,pixel_reliability=0 AND MODLAND_QA(bits0-1)=0 AND VI range -2000..10000,MOD13Q1 V061 Terra 250m 16-day
SO1805,Xarardheere,SO18,Mudug,2016-11-16,0.1856212996389891,0.18275,0.1389768050541516,0.1348,0.1787673443046143,1108,0.3323652791222975,0.1039044853178444,pixel_reliability=0 AND MODLAND_QA(bits0-1)=0 AND VI range -2000..10000,MOD13Q1 V061 Terra 250m 16-day
SO1805,Xarardheere,SO18,Mudug,2016-12-02,0.2110747990666321,0.22,0.1399516463572725,0.1443,0.622297515327525,3857,0.1355275895450145,0.0332365279122297,pixel_reliability=0 AND MODLAND_QA(bits0-1)=0 AND VI range -2000..10000,MOD13Q1 V061 Terra 250m 16-day
SO1805,Xarardheere,SO18,Mudug,2016-12-18,0.190253545941124,0.19415,0.1320028099910794,0.13245,0.723459180380768,4484,0.0248467247499193,0.0319457889641819,pixel_reliability=0 AND MODLAND_QA(bits0-1)=0 AND VI range -2000..10000,MOD13Q1 V061 Terra 250m 16-day
SO1901,Dhuusamarreeb,SO19,Galgaduud,2016-01-01,0.23638087377149877,0.2315,0.15170987407862407,0.1497,0.8683245549703313,13024,0.01593439562637509,0.0,pixel_reliability=0 AND MODLAND_QA(bits0-1)=0 AND VI range -2000..10000,MOD13Q1 V061 Terra 250m 16-day
SO1901,Dhuusamarreeb,SO19,Galgaduud,2016-01-17,0.2176490134744947,0.2145,0.1384392444658325,0.137,0.8312554170278018,12468,0.004533635575705,0.0,pixel_reliability=0 AND MODLAND_QA(bits0-1)=0 AND VI range -2000..10000,MOD13Q1 V061 Terra 250m 16-day
SO1901,Dhuusamarreeb,SO19,Galgaduud,2016-02-02,0.2074706731821165,0.2052,0.1297392458609875,0.1289,0.9141276085072338,13711,0.0048669911327421,0.0,pixel_reliability=0 AND MODLAND_QA(bits0-1)=0 AND VI range -2000..10000,MOD13Q1 V061 Terra 250m 16-day
SO1901,Dhuusamarreeb,SO19,Galgaduud,2016-02-18,0.2001229381008601,0.1992,0.1252400657783774,0.125,0.7905860390692713,11858,0.0028668577905193,0.0,pixel_reliability=0 AND MODLAND_QA(bits0-1)=0 AND VI range -2000..10000,MOD13Q1 V061 Terra 250m 16-day
SO1901,Dhuusamarreeb,SO19,Galgaduud,2016-03-05,0.1971235392958069,0.196,0.1223527381043305,0.1217,0.8729248616574439,13093,0.0055337022468164,0.0,pixel_reliability=0 AND MODLAND_QA(bits0-1)=0 AND VI range -2000..10000,MOD13Q1 V061 Terra 250m 16-day
SO1901,Dhuusamarreeb,SO19,Galgaduud,2016-03-21,0.1942282010701635,0.1939,0.1208541336950787,0.1205,0.884658977265151,13269,0.0065337689179278,0.0,pixel_reliability=0 AND MODLAND_QA(bits0-1)=0 AND VI range -2000..10000,MOD13Q1 V061 Terra 250m 16-day
SO1901,Dhuusamarreeb,SO19,Galgaduud,2016-04-06,0.1945606249418767,0.1939,0.125021482377011,0.1248,0.7169144609640643,10753,0.0299353290219347,0.0,pixel_reliability=0 AND MODLAND_QA(bits0-1)=0 AND VI range -2000..10000,MOD13Q1 V061 Terra 250m 16-day
SO1901,Dhuusamarreeb,SO19,Galgaduud,2016-04-22,0.250623378301963,0.2478,0.157830462880685,0.1559,0.8253216881125408,12379,0.0934062270818054,0.0021334755650376,pixel_reliability=0 AND MODLAND_QA(bits0-1)=0 AND VI range -2000..10000,MOD13Q1 V061 Terra 250m 16-day
SO1901,Dhuusamarreeb,SO19,Galgaduud,2016-05-08,0.2652194748553627,0.2619,0.1700973386737873,0.1684,0.7490499366624441,11235,0.0390026001733448,0.0023334888992599,pixel_reliability=0 AND MODLAND_QA(bits0-1)=0 AND VI range -2000..10000,MOD13Q1 V061 Terra 250m 16-day
SO1901,Dhuusamarreeb,SO19,Galgaduud,2016-05-24,0.239540466488689,0.2355,0.1545923001264577,0.1522,0.9489965997733182,14234,0.0069337955863724,0.0,pixel_reliability=0 AND MODLAND_QA(bits0-1)=0 AND VI range -2000..10000,MOD13Q1 V061 Terra 250m 16-day
SO1901,Dhuusamarreeb,SO19,Galgaduud,2016-06-09,0.2201325184404636,0.215,0.1408965437302423,0.1378,0.9490632708847256,14235,0.0089339289285952,0.0,pixel_reliability=0 AND MODLAND_QA(bits0-1)=0 AND VI range -2000..10000,MOD13Q1 V061 Terra 250m 16-day
SO1901,Dhuusamarreeb,SO19,Galgaduud,2016-06-25,0.2013164029535865,0.1976,0.1266622626582278,0.12455,0.2528168544569638,3792,0.3407560504033602,0.0124008267217814,pixel_reliability=0 AND MODLAND_QA(bits0-1)=0 AND VI range -2000..10000,MOD13Q1 V061 Terra 250m 16-day
SO1901,Dhuusamarreeb,SO19,Galgaduud,2016-07-11,0.1982332282471626,0.1946,0.1247777287375648,0.1229,0.9516634442296154,14274,0.0041336089072604,0.0,pixel_reliability=0 AND MODLAND_QA(bits0-1)=0 AND VI range -2000..10000,MOD13Q1 V061 Terra 250m 16-day
SO1901,Dhuusamarreeb,SO19,Galgaduud,2016-07-27,0.1924681224850328,0.1906,0.1210126803415448,0.1203,0.6793119541302753,10189,0.0892726181745449,0.0057337155810387,pixel_reliability=0 AND MODLAND_QA(bits0-1)=0 AND VI range -2000..10000,MOD13Q1 V061 Terra 250m 16-day
SO1901,Dhuusamarreeb,SO19,Galgaduud,2016-08-12,0.1926010553907705,0.1911,0.1203962061116093,0.1195,0.9665311020734716,14497,0.0006667111140742,0.0,pixel_reliability=0 AND MODLAND_QA(bits0-1)=0 AND VI range -2000..10000,MOD13Q1 V061 Terra 250m 16-day
SO1901,Dhuusamarreeb,SO19,Galgaduud,2016-08-28,0.18850156298600312,0.1872,0.11961524883359255,0.11900000000000001,0.8573904926995133,12860,0.0027335155677045138,0.0,pixel_reliability=0 AND MODLAND_QA(bits0-1)=0 AND VI range -2000..10000,MOD13Q1 V061 Terra 250m 16-day
SO1901,Dhuusamarreeb,SO19,Galgaduud,2016-09-13,0.187047576339953,0.1862,0.1173808242579543,0.1169,0.9366624441629442,14049,0.0044002933528901,0.0,pixel_reliability=0 AND MODLAND_QA(bits0-1)=0 AND VI range -2000..10000,MOD13Q1 V061 Terra 250m 16-day
SO1901,Dhuusamarreeb,SO19,Galgaduud,2016-09-29,0.1866287640805965,0.1859,0.1173877677296525,0.1169,0.8404560304020268,12606,0.0522034802320154,0.0020001333422228,pixel_reliability=0 AND MODLAND_QA(bits0-1)=0 AND VI range -2000..10000,MOD13Q1 V061 Terra 250m 16-day
SO1901,Dhuusamarreeb,SO19,Galgaduud,2016-10-15,0.2147010031096398,0.2097,0.1432444979436252,0.1378,0.6646443096206414,9969,0.0563370891392759,0.0020001333422228,pixel_reliability=0 AND MODLAND_QA(bits0-1)=0 AND VI range -2000..10000,MOD13Q1 V061 Terra 250m 16-day
SO1901,Dhuusamarreeb,SO19,Galgaduud,2016-10-31,0.2299058189655172,0.2226,0.1433512931034482,0.138,0.773384892326155,11600,0.0025335022334822,0.0,pixel_reliability=0 AND MODLAND_QA(bits0-1)=0 AND VI range -2000..10000,MOD13Q1 V061 Terra 250m 16-day
SO1901,Dhuusamarreeb,SO19,Galgaduud,2016-11-16,0.2087314261460102,0.2051,0.1392742614601018,0.1367,0.392692846189746,5890,0.1902793519567971,0.0605373691579438,pixel_reliability=0 AND MODLAND_QA(bits0-1)=0 AND VI range -2000..10000,MOD13Q1 V061 Terra 250m 16-day
SO1901,Dhuusamarreeb,SO19,Galgaduud,2016-12-02,0.2062513349771046,0.205,0.1277667911236351,0.1268,0.9463964264284286,14195,0.0020668044536302,0.0,pixel_reliability=0 AND MODLAND_QA(bits0-1)=0 AND VI range -2000..10000,MOD13Q1 V061 Terra 250m 16-day
SO1901,Dhuusamarreeb,SO19,Galgaduud,2016-12-18,0.1976388169052303,0.1966,0.1229864934536327,0.1224,0.9827988532568838,14741,0.0010667377825188,0.0,pixel_reliability=0 AND MODLAND_QA(bits0-1)=0 AND VI range -2000..10000,MOD13Q1 V061 Terra 250m 16-day
SO1902,Cabudwaaq,SO19,Galgaduud,2016-01-01,0.22789815643215397,0.2132,0.14379259861732413,0.13520000000000001,0.9909994626544868,7377,0.00013433637829124128,0.0,pixel_reliability=0 AND MODLAND_QA(bits0-1)=0 AND VI range -2000..10000,MOD13Q1 V061 Terra 250m 16-day
SO1902,Cabudwaaq,SO19,Galgaduud,2016-01-17,0.2164198265347608,0.2058,0.1317678276189185,0.1263,0.9912681354110692,7379,0.0001343363782912,0.0,pixel_reliability=0 AND MODLAND_QA(bits0-1)=0 AND VI range -2000..10000,MOD13Q1 V061 Terra 250m 16-day
SO1902,Cabudwaaq,SO19,Galgaduud,2016-02-02,0.2040910078782939,0.1962,0.1244350584080413,0.1207,0.9889844169801182,7362,0.0,0.0,pixel_reliability=0 AND MODLAND_QA(bits0-1)=0 AND VI range -2000..10000,MOD13Q1 V061 Terra 250m 16-day
SO1902,Cabudwaaq,SO19,Galgaduud,2016-02-18,0.1938136999321113,0.1885,0.1199210862186015,0.1181,0.989387426114992,7365,0.0001343363782912,0.0,pixel_reliability=0 AND MODLAND_QA(bits0-1)=0 AND VI range -2000..10000,MOD13Q1 V061 Terra 250m 16-day
SO1902,Cabudwaaq,SO19,Galgaduud,2016-03-05,0.193406219839142,0.1868,0.1189700089365504,0.1171,0.7516120365394949,5595,0.0060451370231058,0.0,pixel_reliability=0 AND MODLAND_QA(bits0-1)=0 AND VI range -2000..10000,MOD13Q1 V061 Terra 250m 16-day
SO1902,Cabudwaaq,SO19,Galgaduud,2016-03-21,0.1918631550440081,0.1876,0.1165381313473256,0.1146,0.9920741536808168,7385,0.0002686727565824,0.0,pixel_reliability=0 AND MODLAND_QA(bits0-1)=0 AND VI range -2000..10000,MOD13Q1 V061 Terra 250m 16-day
SO1902,Cabudwaaq,SO19,Galgaduud,2016-04-06,0.192223281671159,0.18765,0.1190822270889487,0.1179,0.7974207415368082,5936,0.0165233745298226,0.0001343363782912,pixel_reliability=0 AND MODLAND_QA(bits0-1)=0 AND VI range -2000..10000,MOD13Q1 V061 Terra 250m 16-day
SO1902,Cabudwaaq,SO19,Galgaduud,2016-04-22,0.2560002773375595,0.259,0.1593803486529318,0.1625,0.3390650188070929,2524,0.5451370231058571,0.0235088662009672,pixel_reliability=0 AND MODLAND_QA(bits0-1)=0 AND VI range -2000..10000,MOD13Q1 V061 Terra 250m 16-day
SO1902,Cabudwaaq,SO19,Galgaduud,2016-05-08,0.2619013134220943,0.2585,0.1662210327455919,0.1646,0.746641590542719,5558,0.0193444384739387,0.0009403546480386,pixel_reliability=0 AND MODLAND_QA(bits0-1)=0 AND VI range -2000..10000,MOD13Q1 V061 Terra 250m 16-day
SO1902,Cabudwaaq,SO19,Galgaduud,2016-05-24,0.2391672922616619,0.2364,0.1499218414252686,0.1481,0.987775389575497,7353,0.0002686727565824,0.0,pixel_reliability=0 AND MODLAND_QA(bits0-1)=0 AND VI range -2000..10000,MOD13Q1 V061 Terra 250m 16-day
SO1902,Cabudwaaq,SO19,Galgaduud,2016-06-09,0.2176122248995984,0.2144,0.1351179116465863,0.133,0.8362439548629769,6225,0.0353304674905964,0.0,pixel_reliability=0 AND MODLAND_QA(bits0-1)=0 AND VI range -2000..10000,MOD13Q1 V061 Terra 250m 16-day
SO1902,Cabudwaaq,SO19,Galgaduud,2016-06-25,0.1921722627737226,0.18825,0.1222611922141119,0.1211,0.2208490059108006,1644,0.3682160128962923,0.0052391187533584,pixel_reliability=0 AND MODLAND_QA(bits0-1)=0 AND VI range -2000..10000,MOD13Q1 V061 Terra 250m 16-day
SO1902,Cabudwaaq,SO19,Galgaduud,2016-07-11,0.1990754233843652,0.1957,0.1226470532448177,0.1213,0.9915368081676518,7381,0.0002686727565824,0.0,pixel_reliability=0 AND MODLAND_QA(bits0-1)=0 AND VI range -2000..10000,MOD13Q1 V061 Terra 250m 16-day
SO1902,Cabudwaaq,SO19,Galgaduud,2016-07-27,0.1940243239396527,0.1905,0.1186210930828352,0.1174,0.9438473938742612,7026,0.0029554003224073,0.0005373455131649,pixel_reliability=0 AND MODLAND_QA(bits0-1)=0 AND VI range -2000..10000,MOD13Q1 V061 Terra 250m 16-day
SO1902,Cabudwaaq,SO19,Galgaduud,2016-08-12,0.1903899322931998,0.1874,0.116416220194289,0.1158,0.9126813541106932,6794,0.0071198280494357,0.0,pixel_reliability=0 AND MODLAND_QA(bits0-1)=0 AND VI range -2000..10000,MOD13Q1 V061 Terra 250m 16-day
SO1902,Cabudwaaq,SO19,Galgaduud,2016-08-28,0.18700744301016206,0.1842,0.11576683603405657,0.115,0.9782375067168189,7282,0.0,0.0,pixel_reliability=0 AND MODLAND_QA(bits0-1)=0 AND VI range -2000..10000,MOD13Q1 V061 Terra 250m 16-day
SO1902,Cabudwaaq,SO19,Galgaduud,2016-09-13,0.1861613206262763,0.1837,0.1137883185840708,0.1132,0.9867006985491672,7345,0.0005373455131649,0.0,pixel_reliability=0 AND MODLAND_QA(bits0-1)=0 AND VI range -2000..10000,MOD13Q1 V061 Terra 250m 16-day
SO1902,Cabudwaaq,SO19,Galgaduud,2016-09-29,0.1888895718030876,0.187,0.1132783425575298,0.1124,0.9223535733476624,6866,0.010075228371843,0.0008060182697474,pixel_reliability=0 AND MODLAND_QA(bits0-1)=0 AND VI range -2000..10000,MOD13Q1 V061 Terra 250m 16-day
SO1902,Cabudwaaq,SO19,Galgaduud,2016-10-15,0.2115483097880928,0.1982,0.1363883955600403,0.1264,0.5325094035464804,3964,0.175443310048361,0.0045674368619022,pixel_reliability=0 AND MODLAND_QA(bits0-1)=0 AND VI range -2000..10000,MOD13Q1 V061 Terra 250m 16-day
SO1902,Cabudwaaq,SO19,Galgaduud,2016-10-31,0.2224144459459459,0.2106,0.1349259054054054,0.1286,0.9940891993551854,7400,0.0,0.0,pixel_reliability=0 AND MODLAND_QA(bits0-1)=0 AND VI range -2000..10000,MOD13Q1 V061 Terra 250m 16-day
SO1902,Cabudwaaq,SO19,Galgaduud,2016-11-16,0.2123096809680968,0.1988,0.1332443619361936,0.1245,0.4884470714669532,3636,0.2008328855454057,0.0020150456743686,pixel_reliability=0 AND MODLAND_QA(bits0-1)=0 AND VI range -2000..10000,MOD13Q1 V061 Terra 250m 16-day
SO1902,Cabudwaaq,SO19,Galgaduud,2016-12-02,0.2031925443310048,0.198,0.1227155561526061,0.1205,1.0,7444,0.0,0.0,pixel_reliability=0 AND MODLAND_QA(bits0-1)=0 AND VI range -2000..10000,MOD13Q1 V061 Terra 250m 16-day
SO1902,Cabudwaaq,SO19,Galgaduud,2016-12-18,0.1973656590084643,0.1937,0.1187083971516861,0.1177,0.9998656636217088,7443,0.0,0.0,pixel_reliability=0 AND MODLAND_QA(bits0-1)=0 AND VI range -2000..10000,MOD13Q1 V061 Terra 250m 16-day
SO1903,Cadaado,SO19,Galgaduud,2016-01-01,0.20963525827447727,0.2078,0.1365084060379449,0.1343,0.9733117670845127,7221,0.0004043671653861706,0.0,pixel_reliability=0 AND MODLAND_QA(bits0-1)=0 AND VI range -2000..10000,MOD13Q1 V061 Terra 250m 16-day
SO1903,Cadaado,SO19,Galgaduud,2016-01-17,0.1957558748943364,0.1956,0.1289849535080304,0.1278,0.9567327133036796,7098,0.0005391562205148,0.0,pixel_reliability=0 AND MODLAND_QA(bits0-1)=0 AND VI range -2000..10000,MOD13Q1 V061 Terra 250m 16-day
SO1903,Cadaado,SO19,Galgaduud,2016-02-02,0.1885130220090293,0.189,0.1228973617381489,0.1221,0.9553848227523926,7088,0.0008087343307723,0.0,pixel_reliability=0 AND MODLAND_QA(bits0-1)=0 AND VI range -2000..10000,MOD13Q1 V061 Terra 250m 16-day
SO1903,Cadaado,SO19,Galgaduud,2016-02-18,0.1869299474923049,0.1881,0.1193832518558754,0.1192,0.7444399514759401,5523,0.0014826796064159,0.0,pixel_reliability=0 AND MODLAND_QA(bits0-1)=0 AND VI range -2000..10000,MOD13Q1 V061 Terra 250m 16-day
SO1903,Cadaado,SO19,Galgaduud,2016-03-05,0.1793288,0.1802,0.1176677166666666,0.1178,0.8087343307723412,6000,0.0250707642539425,0.0,pixel_reliability=0 AND MODLAND_QA(bits0-1)=0 AND VI range -2000..10000,MOD13Q1 V061 Terra 250m 16-day
SO1903,Cadaado,SO19,Galgaduud,2016-03-21,0.1817845773952306,0.1837,0.1149766756032171,0.1151,0.9552500336972638,7087,0.0016174686615446,0.0,pixel_reliability=0 AND MODLAND_QA(bits0-1)=0 AND VI range -2000..10000,MOD13Q1 V061 Terra 250m 16-day
SO1903,Cadaado,SO19,Galgaduud,2016-04-06,0.1757666149970936,0.1778,0.1177343538074016,0.1182,0.6956463135193423,5161,0.0315406389001213,0.0,pixel_reliability=0 AND MODLAND_QA(bits0-1)=0 AND VI range -2000..10000,MOD13Q1 V061 Terra 250m 16-day
SO1903,Cadaado,SO19,Galgaduud,2016-04-22,0.2113038927887683,0.2115,0.1412295469049138,0.1396,0.2112144493867098,1567,0.6434829491845262,0.0044480388192478,pixel_reliability=0 AND MODLAND_QA(bits0-1)=0 AND VI range -2000..10000,MOD13Q1 V061 Terra 250m 16-day
SO1903,Cadaado,SO19,Galgaduud,2016-05-08,0.2516766640190627,0.2529,0.1694033200953137,0.1695,0.8484971020353147,6295,0.01900525677315,0.0,pixel_reliability=0 AND MODLAND_QA(bits0-1)=0 AND VI range -2000..10000,MOD13Q1 V061 Terra 250m 16-day
SO1903,Cadaado,SO19,Galgaduud,2016-05-24,0.2359196299508528,0.2352,0.1577502168256721,0.1567,0.9324706833805096,6918,0.004852405984634,0.0,pixel_reliability=0 AND MODLAND_QA(bits0-1)=0 AND VI range -2000..10000,MOD13Q1 V061 Terra 250m 16-day
SO1903,Cadaado,SO19,Galgaduud,2016-06-09,0.2169192678817582,0.2155,0.1443466840251187,0.1427,0.8800377409354361,6529,0.0068742418115649,0.0,pixel_reliability=0 AND MODLAND_QA(bits0-1)=0 AND VI range -2000..10000,MOD13Q1 V061 Terra 250m 16-day
SO1903,Cadaado,SO19,Galgaduud,2016-06-25,0.1867178762414056,0.1868,0.1267904507257448,0.1259,0.1764388731634991,1309,0.4321337107426877,0.0018870467718021,pixel_reliability=0 AND MODLAND_QA(bits0-1)=0 AND VI range -2000..10000,MOD13Q1 V061 Terra 250m 16-day
SO1903,Cadaado,SO19,Galgaduud,2016-07-11,0.1949420233463035,0.1952,0.1274164674819344,0.1266,0.9699420407062946,7196,0.0031001482679606,0.0,pixel_reliability=0 AND MODLAND_QA(bits0-1)=0 AND VI range -2000..10000,MOD13Q1 V061 Terra 250m 16-day
SO1903,Cadaado,SO19,Galgaduud,2016-07-27,0.189191355489171,0.1895,0.1230994212098581,0.1223,0.7219301792694434,5356,0.0777732848092735,0.0002695781102574,pixel_reliability=0 AND MODLAND_QA(bits0-1)=0 AND VI range -2000..10000,MOD13Q1 V061 Terra 250m 16-day
SO1903,Cadaado,SO19,Galgaduud,2016-08-12,0.1806258891013384,0.1821,0.1205519502868069,0.1204,0.7049467583232242,5230,0.0130745383474861,0.0,pixel_reliability=0 AND MODLAND_QA(bits0-1)=0 AND VI range -2000..10000,MOD13Q1 V061 Terra 250m 16-day
SO1903,Cadaado,SO19,Galgaduud,2016-08-28,0.1795592154163799,0.1811,0.11798348245010323,0.11810000000000001,0.9792424855101766,7265,0.0005391562205148942,0.0,pixel_reliability=0 AND MODLAND_QA(bits0-1)=0 AND VI range -2000..10000,MOD13Q1 V061 Terra 250m 16-day
SO1903,Cadaado,SO19,Galgaduud,2016-09-13,0.179868561731014,0.1814,0.1167938763965492,0.1169,0.9530934088152042,7071,0.002426202992317,0.0,pixel_reliability=0 AND MODLAND_QA(bits0-1)=0 AND VI range -2000..10000,MOD13Q1 V061 Terra 250m 16-day
SO1903,Cadaado,SO19,Galgaduud,2016-09-29,0.1777422839040579,0.1789,0.1149380147835269,0.1151,0.8935166464483084,6629,0.046771802129667,0.0006739452756436,pixel_reliability=0 AND MODLAND_QA(bits0-1)=0 AND VI range -2000..10000,MOD13Q1 V061 Terra 250m 16-day
SO1903,Cadaado,SO19,Galgaduud,2016-10-15,0.187326977124183,0.18745,0.126587794117647,0.1255,0.8249090173877881,6120,0.0370669901603989,0.0,pixel_reliability=0 AND MODLAND_QA(bits0-1)=0 AND VI range -2000..10000,MOD13Q1 V061 Terra 250m 16-day
SO1903,Cadaado,SO19,Galgaduud,2016-10-31,0.2030218109715796,0.2042,0.1306285305133289,0.1294,0.6118075212292762,4539,0.0008087343307723,0.0,pixel_reliability=0 AND MODLAND_QA(bits0-1)=0 AND VI range -2000..10000,MOD13Q1 V061 Terra 250m 16-day
SO1903,Cadaado,SO19,Galgaduud,2016-11-16,0.1893589376915219,0.1913,0.1276253728294178,0.1273,0.6597924248551018,4895,0.0698207305566788,0.0012131014961585,pixel_reliability=0 AND MODLAND_QA(bits0-1)=0 AND VI range -2000..10000,MOD13Q1 V061 Terra 250m 16-day
SO1903,Cadaado,SO19,Galgaduud,2016-12-02,0.1903916269571136,0.193,0.1242386793737236,0.1244,0.9900256099204744,7345,0.0004043671653861,0.0,pixel_reliability=0 AND MODLAND_QA(bits0-1)=0 AND VI range -2000..10000,MOD13Q1 V061 Terra 250m 16-day
SO1903,Cadaado,SO19,Galgaduud,2016-12-18,0.1849540555327588,0.1878,0.1202114485022568,0.1205,0.9854427820460978,7311,0.0001347890551287,0.0,pixel_reliability=0 AND MODLAND_QA(bits0-1)=0 AND VI range -2000..10000,MOD13Q1 V061 Terra 250m 16-day
SO1904,Ceel Buur,SO19,Galgaduud,2016-01-01,0.2578177396280401,0.25570000000000004,0.16532731759656652,0.1651,0.9119373776908023,13980,0.018134377038486627,0.0,pixel_reliability=0 AND MODLAND_QA(bits0-1)=0 AND VI range -2000..10000,MOD13Q1 V061 Terra 250m 16-day
SO1904,Ceel Buur,SO19,Galgaduud,2016-01-17,0.2318647481481481,0.2298,0.1502004074074074,0.1502,0.8806262230919765,13500,0.00808871493803,0.0,pixel_reliability=0 AND MODLAND_QA(bits0-1)=0 AND VI range -2000..10000,MOD13Q1 V061 Terra 250m 16-day
SO1904,Ceel Buur,SO19,Galgaduud,2016-02-02,0.2185044522554188,0.217,0.1400392135325132,0.1404,0.8908023483365949,13656,0.0133072407045009,0.0,pixel_reliability=0 AND MODLAND_QA(bits0-1)=0 AND VI range -2000..10000,MOD13Q1 V061 Terra 250m 16-day
SO1904,Ceel Buur,SO19,Galgaduud,2016-02-18,0.2151184473556526,0.2126,0.134981533236293,0.1351,0.6722113502935421,10305,0.0108936725375081,0.0,pixel_reliability=0 AND MODLAND_QA(bits0-1)=0 AND VI range -2000..10000,MOD13Q1 V061 Terra 250m 16-day
SO1904,Ceel Buur,SO19,Galgaduud,2016-03-05,0.2127335722085722,0.2107,0.1307294908544908,0.1305,0.9557729941291584,14652,0.0039791258969341,0.0,pixel_reliability=0 AND MODLAND_QA(bits0-1)=0 AND VI range -2000..10000,MOD13Q1 V061 Terra 250m 16-day
SO1904,Ceel Buur,SO19,Galgaduud,2016-03-21,0.2063163873234282,0.2045,0.1298243138402986,0.1292,0.8912589693411611,13663,0.0112198303979125,0.0,pixel_reliability=0 AND MODLAND_QA(bits0-1)=0 AND VI range -2000..10000,MOD13Q1 V061 Terra 250m 16-day
SO1904,Ceel Buur,SO19,Galgaduud,2016-04-06,0.2076518589631698,0.205,0.1391923983243149,0.1382,0.7474233529028049,11458,0.0166992824527071,0.0,pixel_reliability=0 AND MODLAND_QA(bits0-1)=0 AND VI range -2000..10000,MOD13Q1 V061 Terra 250m 16-day
SO1904,Ceel Buur,SO19,Galgaduud,2016-04-22,0.2820987005444646,0.2722,0.172176725952813,0.1687,0.8985649054142205,13775,0.0196999347684279,0.0071102413568166,pixel_reliability=0 AND MODLAND_QA(bits0-1)=0 AND VI range -2000..10000,MOD13Q1 V061 Terra 250m 16-day
SO1904,Ceel Buur,SO19,Galgaduud,2016-05-08,0.2933039795205958,0.2887,0.1897385501512683,0.1895,0.5606001304631442,8594,0.0838878016960208,0.0801696020874103,pixel_reliability=0 AND MODLAND_QA(bits0-1)=0 AND VI range -2000..10000,MOD13Q1 V061 Terra 250m 16-day
SO1904,Ceel Buur,SO19,Galgaduud,2016-05-24,0.2376690219934487,0.2329,0.1584082592419279,0.1551,0.5575994781474234,8548,0.2601435094585779,0.0004566210045662,pixel_reliability=0 AND MODLAND_QA(bits0-1)=0 AND VI range -2000..10000,MOD13Q1 V061 Terra 250m 16-day
SO1904,Ceel Buur,SO19,Galgaduud,2016-06-09,0.2222046616881647,0.2181,0.1455976125820321,0.14455,0.5765166340508806,8838,0.1320939334637964,0.0066536203522504,pixel_reliability=0 AND MODLAND_QA(bits0-1)=0 AND VI range -2000..10000,MOD13Q1 V061 Terra 250m 16-day
SO1904,Ceel Buur,SO19,Galgaduud,2016-06-25,0.1993433384379785,0.1974,0.1281652884124553,0.1273,0.1277886497064579,1959,0.4387475538160469,0.0776255707762557,pixel_reliability=0 AND MODLAND_QA(bits0-1)=0 AND VI range -2000..10000,MOD13Q1 V061 Terra 250m 16-day
SO1904,Ceel Buur,SO19,Galgaduud,2016-07-11,0.1956857566765579,0.1947,0.1278532371189641,0.1272,0.4836268754076973,7414,0.1609915198956295,0.0923679060665362,pixel_reliability=0 AND MODLAND_QA(bits0-1)=0 AND VI range -2000..10000,MOD13Q1 V061 Terra 250m 16-day
SO1904,Ceel Buur,SO19,Galgaduud,2016-07-27,0.2049666702105039,0.2031,0.1296152668509462,0.129,0.6135681669928246,9406,0.1101761252446184,0.0056751467710371,pixel_reliability=0 AND MODLAND_QA(bits0-1)=0 AND VI range -2000..10000,MOD13Q1 V061 Terra 250m 16-day
SO1904,Ceel Buur,SO19,Galgaduud,2016-08-12,0.1977528823981552,0.1954,0.1253827056110684,0.1247,0.6789302022178735,10408,0.0759947814742335,0.0005870841487279,pixel_reliability=0 AND MODLAND_QA(bits0-1)=0 AND VI range -2000..10000,MOD13Q1 V061 Terra 250m 16-day
SO1904,Ceel Buur,SO19,Galgaduud,2016-08-28,0.19279720267260578,0.1923,0.12624070378619154,0.1259,0.7322243966079582,11225,0.011024135681669928,0.0,pixel_reliability=0 AND MODLAND_QA(bits0-1)=0 AND VI range -2000..10000,MOD13Q1 V061 Terra 250m 16-day
SO1904,Ceel Buur,SO19,Galgaduud,2016-09-13,0.1906186193485659,0.1903,0.1242366877329444,0.1236,0.8050880626223093,12342,0.0482061317677756,0.0,pixel_reliability=0 AND MODLAND_QA(bits0-1)=0 AND VI range -2000..10000,MOD13Q1 V061 Terra 250m 16-day
SO1904,Ceel Buur,SO19,Galgaduud,2016-09-29,0.1950658434418361,0.1927,0.1255019198882974,0.1245,0.7474885844748859,11459,0.0667318982387475,0.0232224396607958,pixel_reliability=0 AND MODLAND_QA(bits0-1)=0 AND VI range -2000..10000,MOD13Q1 V061 Terra 250m 16-day
SO1904,Ceel Buur,SO19,Galgaduud,2016-10-15,0.24722626807684,0.2472,0.1724250161882149,0.1704,0.3022178734507502,4633,0.2320939334637964,0.0430528375733855,pixel_reliability=0 AND MODLAND_QA(bits0-1)=0 AND VI range -2000..10000,MOD13Q1 V061 Terra 250m 16-day
SO1904,Ceel Buur,SO19,Galgaduud,2016-10-31,0.2611228462922246,0.2586,0.1656495502698381,0.1632,0.6527071102413569,10006,0.0273320287018917,0.0,pixel_reliability=0 AND MODLAND_QA(bits0-1)=0 AND VI range -2000..10000,MOD13Q1 V061 Terra 250m 16-day
SO1904,Ceel Buur,SO19,Galgaduud,2016-11-16,0.2349231202251709,0.2331,0.1606336550060313,0.159,0.3244618395303327,4974,0.1891715590345727,0.1607958251793868,pixel_reliability=0 AND MODLAND_QA(bits0-1)=0 AND VI range -2000..10000,MOD13Q1 V061 Terra 250m 16-day
SO1904,Ceel Buur,SO19,Galgaduud,2016-12-02,0.228506420375946,0.2271,0.1429596387012775,0.142,0.8016307893020221,12289,0.012133072407045,0.0,pixel_reliability=0 AND MODLAND_QA(bits0-1)=0 AND VI range -2000..10000,MOD13Q1 V061 Terra 250m 16-day
SO1904,Ceel Buur,SO19,Galgaduud,2016-12-18,0.2127822840286557,0.2123,0.1370213232195533,0.1354,0.773972602739726,11865,0.0023483365949119,0.0,pixel_reliability=0 AND MODLAND_QA(bits0-1)=0 AND VI range -2000..10000,MOD13Q1 V061 Terra 250m 16-day
SO1905,Ceel Dheer,SO19,Galgaduud,2016-01-01,0.286389565606807,0.2928,0.19037596656217345,0.19460000000000002,0.5498645653779857,6699,0.1656406468029221,0.02052039727489124,pixel_reliability=0 AND MODLAND_QA(bits0-1)=0 AND VI range -2000..10000,MOD13Q1 V061 Terra 250m 16-day
SO1905,Ceel Dheer,SO19,Galgaduud,2016-01-17,0.2576493876498646,0.2654,0.1728733917751708,0.1761,0.6367068866453255,7757,0.1095789214479192,0.0155955019289173,pixel_reliability=0 AND MODLAND_QA(bits0-1)=0 AND VI range -2000..10000,MOD13Q1 V061 Terra 250m 16-day
SO1905,Ceel Dheer,SO19,Galgaduud,2016-02-02,0.2155671933289445,0.2185,0.1480006144393241,0.1516,0.3740458015267175,4557,0.3197077895428055,0.0197816629729951,pixel_reliability=0 AND MODLAND_QA(bits0-1)=0 AND VI range -2000..10000,MOD13Q1 V061 Terra 250m 16-day
SO1905,Ceel Dheer,SO19,Galgaduud,2016-02-18,0.2096473568721324,0.2242,0.1420076999800519,0.1488,0.4114750061561192,5013,0.2109496839858819,0.0161700730526143,pixel_reliability=0 AND MODLAND_QA(bits0-1)=0 AND VI range -2000..10000,MOD13Q1 V061 Terra 250m 16-day
SO1905,Ceel Dheer,SO19,Galgaduud,2016-03-05,0.2115204840825086,0.214,0.1429055919875998,0.146,0.6884182877780514,8387,0.0713289009275219,0.0144463596815234,pixel_reliability=0 AND MODLAND_QA(bits0-1)=0 AND VI range -2000..10000,MOD13Q1 V061 Terra 250m 16-day
SO1905,Ceel Dheer,SO19,Galgaduud,2016-03-21,0.2210550610094287,0.2221,0.1391923183582917,0.1432,0.5919724205860626,7212,0.1321513584502996,0.0180579496019042,pixel_reliability=0 AND MODLAND_QA(bits0-1)=0 AND VI range -2000..10000,MOD13Q1 V061 Terra 250m 16-day
SO1905,Ceel Dheer,SO19,Galgaduud,2016-04-06,0.2055018713450292,0.20905,0.1385725341130604,0.1422,0.4210785520807683,5130,0.2425510957892144,0.0195354182056964,pixel_reliability=0 AND MODLAND_QA(bits0-1)=0 AND VI range -2000..10000,MOD13Q1 V061 Terra 250m 16-day
SO1905,Ceel Dheer,SO19,Galgaduud,2016-04-22,0.3474561667758132,0.34465,0.2080742414320017,0.20735,0.7520315193302143,9162,0.0655011081014528,0.0495772798161372,pixel_reliability=0 AND MODLAND_QA(bits0-1)=0 AND VI range -2000..10000,MOD13Q1 V061 Terra 250m 16-day
SO1905,Ceel Dheer,SO19,Galgaduud,2016-05-08,0.3176678999478895,0.30225,0.2155943981240229,0.22455,0.3150291389641304,3838,0.2531396207830583,0.1046540261019453,pixel_reliability=0 AND MODLAND_QA(bits0-1)=0 AND VI range -2000..10000,MOD13Q1 V061 Terra 250m 16-day
SO1905,Ceel Dheer,SO19,Galgaduud,2016-05-24,0.238969072615923,0.23285,0.1777994750656168,0.1878,0.1876385126816055,2286,0.6379381104818189,0.0172371337109086,pixel_reliability=0 AND MODLAND_QA(bits0-1)=0 AND VI range -2000..10000,MOD13Q1 V061 Terra 250m 16-day
SO1905,Ceel Dheer,SO19,Galgaduud,2016-06-09,0.2300410638297872,0.23255,0.1618041134751773,0.16755,0.1157350406303866,1410,0.4270705080850365,0.0815890995649675,pixel_reliability=0 AND MODLAND_QA(bits0-1)=0 AND VI range -2000..10000,MOD13Q1 V061 Terra 250m 16-day
SO1905,Ceel Dheer,SO19,Galgaduud,2016-06-25,0.1548099520383693,0.1533,0.1312720623501199,0.134,0.0684560453090371,834,0.2861364196010835,0.3625543790527785,pixel_reliability=0 AND MODLAND_QA(bits0-1)=0 AND VI range -2000..10000,MOD13Q1 V061 Terra 250m 16-day
SO1905,Ceel Dheer,SO19,Galgaduud,2016-07-11,0.1630563777994158,0.1541,0.1325777994157741,0.1341,0.0842977920052532,1027,0.3144545678404334,0.2418123614873183,pixel_reliability=0 AND MODLAND_QA(bits0-1)=0 AND VI range -2000..10000,MOD13Q1 V061 Terra 250m 16-day
SO1905,Ceel Dheer,SO19,Galgaduud,2016-07-27,0.2101307482063546,0.2123,0.1369792278783737,0.1396,0.2402528112944266,2927,0.2855618484773865,0.1366658458507756,pixel_reliability=0 AND MODLAND_QA(bits0-1)=0 AND VI range -2000..10000,MOD13Q1 V061 Terra 250m 16-day
SO1905,Ceel Dheer,SO19,Galgaduud,2016-08-12,0.1676561979851073,0.1556,0.1209044240035041,0.1236,0.1873922679143068,2283,0.4228022654518591,0.0503980957071328,pixel_reliability=0 AND MODLAND_QA(bits0-1)=0 AND VI range -2000..10000,MOD13Q1 V061 Terra 250m 16-day
SO1905,Ceel Dheer,SO19,Galgaduud,2016-08-28,0.16762310993727303,0.1519,0.11806114229118522,0.12000000000000001,0.2486251333825823,3029,0.3820897972584749,0.055240909464007226,pixel_reliability=0 AND MODLAND_QA(bits0-1)=0 AND VI range -2000..10000,MOD13Q1 V061 Terra 250m 16-day
SO1905,Ceel Dheer,SO19,Galgaduud,2016-09-13,0.1682963671875,0.1718,0.1254454296875,0.12805,0.2101288680948863,2560,0.4523516375277025,0.0516293195436263,pixel_reliability=0 AND MODLAND_QA(bits0-1)=0 AND VI range -2000..10000,MOD13Q1 V061 Terra 250m 16-day
SO1905,Ceel Dheer,SO19,Galgaduud,2016-09-29,0.1950257387405747,0.1945,0.1287144895047891,0.1304,0.4027743577115653,4907,0.1870639415579085,0.0667323319379463,pixel_reliability=0 AND MODLAND_QA(bits0-1)=0 AND VI range -2000..10000,MOD13Q1 V061 Terra 250m 16-day
SO1905,Ceel Dheer,SO19,Galgaduud,2016-10-15,0.1770684920634921,0.13485,0.137164126984127,0.1192,0.1034228022654518,1260,0.3395715341049002,0.2039727489124189,pixel_reliability=0 AND MODLAND_QA(bits0-1)=0 AND VI range -2000..10000,MOD13Q1 V061 Terra 250m 16-day
SO1905,Ceel Dheer,SO19,Galgaduud,2016-10-31,0.2162824333445831,0.19375,0.1457316402294971,0.13185,0.486415497004022,5926,0.2151358450299597,0.0164983994090125,pixel_reliability=0 AND MODLAND_QA(bits0-1)=0 AND VI range -2000..10000,MOD13Q1 V061 Terra 250m 16-day
SO1905,Ceel Dheer,SO19,Galgaduud,2016-11-16,0.1365234957020057,0.1269,0.108483452722063,0.1046,0.1145858983829927,1396,0.2931133546745465,0.2618402692276122,pixel_reliability=0 AND MODLAND_QA(bits0-1)=0 AND VI range -2000..10000,MOD13Q1 V061 Terra 250m 16-day
SO1905,Ceel Dheer,SO19,Galgaduud,2016-12-02,0.2464576239122209,0.2474,0.1620392735527809,0.1617,0.4338832799803004,5286,0.2261347779693014,0.0194533366165968,pixel_reliability=0 AND MODLAND_QA(bits0-1)=0 AND VI range -2000..10000,MOD13Q1 V061 Terra 250m 16-day
SO1905,Ceel Dheer,SO19,Galgaduud,2016-12-18,0.2234080900243309,0.2231,0.1501538564476885,0.1433,0.674710662398424,8220,0.0262661085118607,0.0154313387507182,pixel_reliability=0 AND MODLAND_QA(bits0-1)=0 AND VI range -2000..10000,MOD13Q1 V061 Terra 250m 16-day
SO2001,Belet Weyne,SO20,Hiraan,2016-01-01,0.2901379904657133,0.2862,0.18317672044982278,0.1791,0.9438163359483156,16362,0.0025957544993077987,0.0,pixel_reliability=0 AND MODLAND_QA(bits0-1)=0 AND VI range -2000..10000,MOD13Q1 V061 Terra 250m 16-day
SO2001,Belet Weyne,SO20,Hiraan,2016-01-17,0.2616998664886515,0.2591,0.1562489478034204,0.1532,0.9073027226580526,15729,0.0166705122288878,0.0,pixel_reliability=0 AND MODLAND_QA(bits0-1)=0 AND VI range -2000..10000,MOD13Q1 V061 Terra 250m 16-day
SO2001,Belet Weyne,SO20,Hiraan,2016-02-02,0.2384795004254284,0.23735,0.1439453810623556,0.1416,0.9491232118135672,16454,0.0014997692662667,0.0,pixel_reliability=0 AND MODLAND_QA(bits0-1)=0 AND VI range -2000..10000,MOD13Q1 V061 Terra 250m 16-day
SO2001,Belet Weyne,SO20,Hiraan,2016-02-18,0.2165084899224806,0.218,0.1357543255813953,0.1349,0.9301453622519612,16125,0.010556068297185,0.0,pixel_reliability=0 AND MODLAND_QA(bits0-1)=0 AND VI range -2000..10000,MOD13Q1 V061 Terra 250m 16-day
SO2001,Belet Weyne,SO20,Hiraan,2016-03-05,0.2217414440390726,0.2232,0.1317106037424973,0.1308,0.9802722658052608,16994,0.0017305029995385,0.0,pixel_reliability=0 AND MODLAND_QA(bits0-1)=0 AND VI range -2000..10000,MOD13Q1 V061 Terra 250m 16-day
SO2001,Belet Weyne,SO20,Hiraan,2016-03-21,0.211984784706308,0.214,0.1308097515378121,0.1303,0.9565066912782648,16582,0.0066335948315643,0.0,pixel_reliability=0 AND MODLAND_QA(bits0-1)=0 AND VI range -2000..10000,MOD13Q1 V061 Terra 250m 16-day
SO2001,Belet Weyne,SO20,Hiraan,2016-04-06,0.2138057247259439,0.2145,0.1361155755176614,0.1339,0.7577295800646054,13136,0.0103830179972311,0.0,pixel_reliability=0 AND MODLAND_QA(bits0-1)=0 AND VI range -2000..10000,MOD13Q1 V061 Terra 250m 16-day
SO2001,Belet Weyne,SO20,Hiraan,2016-04-22,0.3157151424981816,0.3123,0.191047113667923,0.189,0.8723465620673743,15123,0.0268804799261652,0.0190932164282418,pixel_reliability=0 AND MODLAND_QA(bits0-1)=0 AND VI range -2000..10000,MOD13Q1 V061 Terra 250m 16-day
SO2001,Belet Weyne,SO20,Hiraan,2016-05-08,0.3464018743267504,0.3427,0.2104972998204667,0.207,0.8032418089524689,13925,0.030629903091832,0.0047300415320719,pixel_reliability=0 AND MODLAND_QA(bits0-1)=0 AND VI range -2000..10000,MOD13Q1 V061 Terra 250m 16-day
SO2001,Belet Weyne,SO20,Hiraan,2016-05-24,0.3010472052466835,0.2983,0.1855619466388433,0.1843,0.7739963082602677,13418,0.0229580064605445,5.768343331795109e-05,pixel_reliability=0 AND MODLAND_QA(bits0-1)=0 AND VI range -2000..10000,MOD13Q1 V061 Terra 250m 16-day
SO2001,Belet Weyne,SO20,Hiraan,2016-06-09,0.2548901715954728,0.2503,0.1587635341365461,0.1545,0.7899746192893401,13695,0.0313797877249653,0.0,pixel_reliability=0 AND MODLAND_QA(bits0-1)=0 AND VI range -2000..10000,MOD13Q1 V061 Terra 250m 16-day
SO2001,Belet Weyne,SO20,Hiraan,2016-06-25,0.229428543111992,0.2305,0.1412891311529567,0.1397,0.1746077526534379,3027,0.4435856022150438,0.0535879095523765,pixel_reliability=0 AND MODLAND_QA(bits0-1)=0 AND VI range -2000..10000,MOD13Q1 V061 Terra 250m 16-day
SO2001,Belet Weyne,SO20,Hiraan,2016-07-11,0.2137655074014624,0.21135,0.1349210094524701,0.1304,0.6468620212275035,11214,0.1391901245962159,0.0467812644208583,pixel_reliability=0 AND MODLAND_QA(bits0-1)=0 AND VI range -2000..10000,MOD13Q1 V061 Terra 250m 16-day
SO2001,Belet Weyne,SO20,Hiraan,2016-07-27,0.2180383401980545,0.2173,0.1329642713171501,0.1291,0.6582256575911398,11411,0.0673165666820489,0.0002884171665897,pixel_reliability=0 AND MODLAND_QA(bits0-1)=0 AND VI range -2000..10000,MOD13Q1 V061 Terra 250m 16-day
SO2001,Belet Weyne,SO20,Hiraan,2016-08-12,0.2147329944307732,0.2132,0.1312269071363813,0.1275,0.8907475772958007,15442,0.0111329026303645,0.0,pixel_reliability=0 AND MODLAND_QA(bits0-1)=0 AND VI range -2000..10000,MOD13Q1 V061 Terra 250m 16-day
SO2001,Belet Weyne,SO20,Hiraan,2016-08-28,0.20353942199985067,0.2059,0.12944829363005006,0.12810000000000002,0.7724388555606829,13391,0.0686432856483618,0.0,pixel_reliability=0 AND MODLAND_QA(bits0-1)=0 AND VI range -2000..10000,MOD13Q1 V061 Terra 250m 16-day
SO2001,Belet Weyne,SO20,Hiraan,2016-09-13,0.1994020391517129,0.2011,0.1264789856147115,0.1243,0.7779187817258884,13486,0.0238232579603137,0.0,pixel_reliability=0 AND MODLAND_QA(bits0-1)=0 AND VI range -2000..10000,MOD13Q1 V061 Terra 250m 16-day
SO2001,Belet Weyne,SO20,Hiraan,2016-09-29,0.2044124646588813,0.206,0.1283272341733251,0.1268,0.938509460083064,16270,0.0074988463313336,0.0,pixel_reliability=0 AND MODLAND_QA(bits0-1)=0 AND VI range -2000..10000,MOD13Q1 V061 Terra 250m 16-day
SO2001,Belet Weyne,SO20,Hiraan,2016-10-15,0.2387245645918522,0.2382,0.145258064516129,0.1367,0.380883710198431,6603,0.2799377018920166,0.0290147669589293,pixel_reliability=0 AND MODLAND_QA(bits0-1)=0 AND VI range -2000..10000,MOD13Q1 V061 Terra 250m 16-day
SO2001,Belet Weyne,SO20,Hiraan,2016-10-31,0.2951586785009862,0.2909,0.178028192800789,0.17525,0.9358560221504384,16224,0.0054799261652053,0.0,pixel_reliability=0 AND MODLAND_QA(bits0-1)=0 AND VI range -2000..10000,MOD13Q1 V061 Terra 250m 16-day
SO2001,Belet Weyne,SO20,Hiraan,2016-11-16,0.2766148148148148,0.2689,0.1721982323232323,0.1649499999999999,0.0685279187817258,1188,0.5428587909552377,0.2046608214120904,pixel_reliability=0 AND MODLAND_QA(bits0-1)=0 AND VI range -2000..10000,MOD13Q1 V061 Terra 250m 16-day
SO2001,Belet Weyne,SO20,Hiraan,2016-12-02,0.2397813389941215,0.2358,0.1423160548661005,0.1374,0.883133364097831,15310,0.0279764651592062,0.0,pixel_reliability=0 AND MODLAND_QA(bits0-1)=0 AND VI range -2000..10000,MOD13Q1 V061 Terra 250m 16-day
SO2001,Belet Weyne,SO20,Hiraan,2016-12-18,0.218874806062776,0.2184,0.1310329872299797,0.1275,0.9666589755422242,16758,0.0014997692662667,0.0,pixel_reliability=0 AND MODLAND_QA(bits0-1)=0 AND VI range -2000..10000,MOD13Q1 V061 Terra 250m 16-day
SO2002,Bulo Burto,SO20,Hiraan,2016-01-01,0.357805766754381,0.3561,0.21481882313420303,0.2137,0.9486403229233057,17861,0.004355215636286382,0.0,pixel_reliability=0 AND MODLAND_QA(bits0-1)=0 AND VI range -2000..10000,MOD13Q1 V061 Terra 250m 16-day
SO2002,Bulo Burto,SO20,Hiraan,2016-01-17,0.3113452207458208,0.3098,0.1793196068826159,0.1772,0.8673783726364989,16331,0.0249628213299341,0.0,pixel_reliability=0 AND MODLAND_QA(bits0-1)=0 AND VI range -2000..10000,MOD13Q1 V061 Terra 250m 16-day
SO2002,Bulo Burto,SO20,Hiraan,2016-02-02,0.2757828699755529,0.2755,0.1594849394507931,0.1584,0.934193753983429,17589,0.0121627363501168,0.0,pixel_reliability=0 AND MODLAND_QA(bits0-1)=0 AND VI range -2000..10000,MOD13Q1 V061 Terra 250m 16-day
SO2002,Bulo Burto,SO20,Hiraan,2016-02-18,0.2508592762674504,0.2535,0.1528314658339456,0.1522,0.8674314850223072,16332,0.053909071595496,0.0,pixel_reliability=0 AND MODLAND_QA(bits0-1)=0 AND VI range -2000..10000,MOD13Q1 V061 Terra 250m 16-day
SO2002,Bulo Burto,SO20,Hiraan,2016-03-05,0.2549502087998547,0.258,0.1461535919627186,0.1459,0.877575950711706,16523,0.008604206500956,0.0,pixel_reliability=0 AND MODLAND_QA(bits0-1)=0 AND VI range -2000..10000,MOD13Q1 V061 Terra 250m 16-day
SO2002,Bulo Burto,SO20,Hiraan,2016-03-21,0.244103767431399,0.247,0.145100179937022,0.1457,0.9445506692160612,17784,0.007754408328022,0.0,pixel_reliability=0 AND MODLAND_QA(bits0-1)=0 AND VI range -2000..10000,MOD13Q1 V061 Terra 250m 16-day
SO2002,Bulo Burto,SO20,Hiraan,2016-04-06,0.26689164139647,0.2632,0.1613615426483166,0.1557,0.6830783938814532,12861,0.0265030805183768,0.0,pixel_reliability=0 AND MODLAND_QA(bits0-1)=0 AND VI range -2000..10000,MOD13Q1 V061 Terra 250m 16-day
SO2002,Bulo Burto,SO20,Hiraan,2016-04-22,0.3580407142209735,0.3501,0.2111956403516722,0.2101,0.5859889526237518,11033,0.0650626726152538,0.1773953685999575,pixel_reliability=0 AND MODLAND_QA(bits0-1)=0 AND VI range -2000..10000,MOD13Q1 V061 Terra 250m 16-day
SO2002,Bulo Burto,SO20,Hiraan,2016-05-08,0.4417982605945605,0.4307,0.2619197765127556,0.2536,0.5038240917782026,9486,0.1499893775228383,0.0261312938177182,pixel_reliability=0 AND MODLAND_QA(bits0-1)=0 AND VI range -2000..10000,MOD13Q1 V061 Terra 250m 16-day
SO2002,Bulo Burto,SO20,Hiraan,2016-05-24,0.387375428369546,0.3808,0.2185402049107931,0.2148,0.3006692160611854,5661,0.4859252177607818,0.0074888463989802,pixel_reliability=0 AND MODLAND_QA(bits0-1)=0 AND VI range -2000..10000,MOD13Q1 V061 Terra 250m 16-day
SO2002,Bulo Burto,SO20,Hiraan,2016-06-09,0.2829107366998165,0.2784,0.1700135753596601,0.1677,0.5500849798172934,10357,0.1707032079881028,0.0142872317824516,pixel_reliability=0 AND MODLAND_QA(bits0-1)=0 AND VI range -2000..10000,MOD13Q1 V061 Terra 250m 16-day
SO2002,Bulo Burto,SO20,Hiraan,2016-06-25,0.2456331325301204,0.23865,0.1505560240963855,0.1472,0.0088166560441895,166,0.3928723178245167,0.331421287444232,pixel_reliability=0 AND MODLAND_QA(bits0-1)=0 AND VI range -2000..10000,MOD13Q1 V061 Terra 250m 16-day
SO2002,Bulo Burto,SO20,Hiraan,2016-07-11,0.2393596858638743,0.2473,0.1372256544502617,0.13875,0.0202889313787975,382,0.3409284045039303,0.3189398767792649,pixel_reliability=0 AND MODLAND_QA(bits0-1)=0 AND VI range -2000..10000,MOD13Q1 V061 Terra 250m 16-day
SO2002,Bulo Burto,SO20,Hiraan,2016-07-27,0.2403556023251153,0.2413,0.1377461615554219,0.1396,0.5299553855959209,9978,0.1435096664542171,0.0066390482260463,pixel_reliability=0 AND MODLAND_QA(bits0-1)=0 AND VI range -2000..10000,MOD13Q1 V061 Terra 250m 16-day
SO2002,Bulo Burto,SO20,Hiraan,2016-08-12,0.239493541903347,0.2376,0.1328469107751463,0.1333,0.6077650308051837,11443,0.1701189717442107,0.0007966857871255,pixel_reliability=0 AND MODLAND_QA(bits0-1)=0 AND VI range -2000..10000,MOD13Q1 V061 Terra 250m 16-day
SO2002,Bulo Burto,SO20,Hiraan,2016-08-28,0.21580954344174685,0.21680000000000002,0.13184464803786838,0.1322,0.3478330146590185,6549,0.32345442957297643,0.0006373486297004461,pixel_reliability=0 AND MODLAND_QA(bits0-1)=0 AND VI range -2000..10000,MOD13Q1 V061 Terra 250m 16-day
SO2002,Bulo Burto,SO20,Hiraan,2016-09-13,0.2218302894890227,0.224,0.1323606081212356,0.1338,0.546738899511366,10294,0.1775547057573826,5.311238580837051e-05,pixel_reliability=0 AND MODLAND_QA(bits0-1)=0 AND VI range -2000..10000,MOD13Q1 V061 Terra 250m 16-day
SO2002,Bulo Burto,SO20,Hiraan,2016-09-29,0.2265498128203651,0.2271,0.1342847549386626,0.1347,0.9221903547907372,17363,0.0164117272147864,0.0012215848735925,pixel_reliability=0 AND MODLAND_QA(bits0-1)=0 AND VI range -2000..10000,MOD13Q1 V061 Terra 250m 16-day
SO2002,Bulo Burto,SO20,Hiraan,2016-10-15,0.2626313971742544,0.2526,0.1523179312750741,0.1421,0.3044933078393881,5733,0.3074144890588485,0.053909071595496,pixel_reliability=0 AND MODLAND_QA(bits0-1)=0 AND VI range -2000..10000,MOD13Q1 V061 Terra 250m 16-day
SO2002,Bulo Burto,SO20,Hiraan,2016-10-31,0.2981125984796129,0.2975,0.1802440704906703,0.1815,0.7685362226471213,14470,0.0428085829615466,0.0,pixel_reliability=0 AND MODLAND_QA(bits0-1)=0 AND VI range -2000..10000,MOD13Q1 V061 Terra 250m 16-day
SO2002,Bulo Burto,SO20,Hiraan,2016-11-16,0.2747650306748466,0.2703,0.1598484662576687,0.1555,0.0086573188867643,163,0.3155406840875292,0.3695028680688336,pixel_reliability=0 AND MODLAND_QA(bits0-1)=0 AND VI range -2000..10000,MOD13Q1 V061 Terra 250m 16-day
SO2002,Bulo Burto,SO20,Hiraan,2016-12-02,0.2557541262337232,0.2555,0.1515772580243841,0.1482,0.6403760356915232,12057,0.0804121521138729,0.0,pixel_reliability=0 AND MODLAND_QA(bits0-1)=0 AND VI range -2000..10000,MOD13Q1 V061 Terra 250m 16-day
SO2002,Bulo Burto,SO20,Hiraan,2016-12-18,0.234572789373814,0.2357,0.1376473750790638,0.1361,0.8397068196303378,15810,0.0209793923943063,0.0,pixel_reliability=0 AND MODLAND_QA(bits0-1)=0 AND VI range -2000..10000,MOD13Q1 V061 Terra 250m 16-day
SO2003,Jalalaqsi,SO20,Hiraan,2016-01-01,0.3857190049175586,0.3937,0.24492831935203935,0.24860000000000002,0.9419618528610354,3457,0.006267029972752043,0.0,pixel_reliability=0 AND MODLAND_QA(bits0-1)=0 AND VI range -2000..10000,MOD13Q1 V061 Terra 250m 16-day
SO2003,Jalalaqsi,SO20,Hiraan,2016-01-17,0.3313959930915371,0.3351,0.2056511226252159,0.2095,0.7888283378746594,2895,0.0348773841961852,0.0,pixel_reliability=0 AND MODLAND_QA(bits0-1)=0 AND VI range -2000..10000,MOD13Q1 V061 Terra 250m 16-day
SO2003,Jalalaqsi,SO20,Hiraan,2016-02-02,0.2991862403654011,0.3021,0.1822153582643448,0.1855,0.9544959128065396,3503,0.0032697547683923,0.0,pixel_reliability=0 AND MODLAND_QA(bits0-1)=0 AND VI range -2000..10000,MOD13Q1 V061 Terra 250m 16-day
SO2003,Jalalaqsi,SO20,Hiraan,2016-02-18,0.260679243697479,0.27135,0.179022268907563,0.18315,0.3242506811989101,1190,0.5152588555858311,0.0,pixel_reliability=0 AND MODLAND_QA(bits0-1)=0 AND VI range -2000..10000,MOD13Q1 V061 Terra 250m 16-day
SO2003,Jalalaqsi,SO20,Hiraan,2016-03-05,0.2772039833737444,0.2806,0.1648014201593349,0.1679,0.7866485013623978,2887,0.0098092643051771,0.0,pixel_reliability=0 AND MODLAND_QA(bits0-1)=0 AND VI range -2000..10000,MOD13Q1 V061 Terra 250m 16-day
SO2003,Jalalaqsi,SO20,Hiraan,2016-03-21,0.2625609649122807,0.2705,0.1633684210526315,0.1683,0.9318801089918256,3420,0.0147138964577656,0.0,pixel_reliability=0 AND MODLAND_QA(bits0-1)=0 AND VI range -2000..10000,MOD13Q1 V061 Terra 250m 16-day
SO2003,Jalalaqsi,SO20,Hiraan,2016-04-06,0.2653001282051282,0.27475,0.1704327564102564,0.176,0.4250681198910082,1560,0.1163487738419618,0.0,pixel_reliability=0 AND MODLAND_QA(bits0-1)=0 AND VI range -2000..10000,MOD13Q1 V061 Terra 250m 16-day
SO2003,Jalalaqsi,SO20,Hiraan,2016-04-22,0.3455788732394366,0.33815,0.1940542253521127,0.1946,0.038692098092643,142,0.1520435967302452,0.5305177111716621,pixel_reliability=0 AND MODLAND_QA(bits0-1)=0 AND VI range -2000..10000,MOD13Q1 V061 Terra 250m 16-day
SO2003,Jalalaqsi,SO20,Hiraan,2016-05-08,0.4211905128205129,0.42475,0.2538282051282051,0.2564,0.2125340599455041,780,0.379291553133515,0.0335149863760218,pixel_reliability=0 AND MODLAND_QA(bits0-1)=0 AND VI range -2000..10000,MOD13Q1 V061 Terra 250m 16-day
SO2003,Jalalaqsi,SO20,Hiraan,2016-05-24,0.3313921568627451,0.3333,0.2060156862745098,0.1915,0.0138964577656675,51,0.6329700272479564,0.0664850136239782,pixel_reliability=0 AND MODLAND_QA(bits0-1)=0 AND VI range -2000..10000,MOD13Q1 V061 Terra 250m 16-day
SO2003,Jalalaqsi,SO20,Hiraan,2016-06-09,0.2953923076923077,0.3037499999999999,0.1849692307692308,0.19155,0.0212534059945504,78,0.4509536784741144,0.2024523160762942,pixel_reliability=0 AND MODLAND_QA(bits0-1)=0 AND VI range -2000..10000,MOD13Q1 V061 Terra 250m 16-day
SO2003,Jalalaqsi,SO20,Hiraan,2016-06-25,0.2011285714285714,0.1749,0.1373142857142857,0.1248,0.0019073569482288,7,0.2517711171662125,0.480108991825613,pixel_reliability=0 AND MODLAND_QA(bits0-1)=0 AND VI range -2000..10000,MOD13Q1 V061 Terra 250m 16-day
SO2003,Jalalaqsi,SO20,Hiraan,2016-07-11,0.2736125,0.27815,0.1712,0.1763,0.0021798365122615,8,0.3490463215258855,0.3196185286103542,pixel_reliability=0 AND MODLAND_QA(bits0-1)=0 AND VI range -2000..10000,MOD13Q1 V061 Terra 250m 16-day
SO2003,Jalalaqsi,SO20,Hiraan,2016-07-27,0.2471060329067642,0.2502,0.1462177330895795,0.1495,0.1490463215258855,547,0.3994550408719346,0.0656675749318801,pixel_reliability=0 AND MODLAND_QA(bits0-1)=0 AND VI range -2000..10000,MOD13Q1 V061 Terra 250m 16-day
SO2003,Jalalaqsi,SO20,Hiraan,2016-08-12,0.2375190871369294,0.2439,0.1288954356846473,0.1317,0.1970027247956403,723,0.3435967302452316,0.1217983651226158,pixel_reliability=0 AND MODLAND_QA(bits0-1)=0 AND VI range -2000..10000,MOD13Q1 V061 Terra 250m 16-day
SO2003,Jalalaqsi,SO20,Hiraan,2016-08-28,0.211975,0.21485,0.13662955508474575,0.14035,0.2572207084468665,944,0.3547683923705722,0.010626702997275205,pixel_reliability=0 AND MODLAND_QA(bits0-1)=0 AND VI range -2000..10000,MOD13Q1 V061 Terra 250m 16-day
SO2003,Jalalaqsi,SO20,Hiraan,2016-09-13,0.23177421875,0.2356,0.1301921875,0.12885,0.0697547683923705,256,0.78283378746594,0.0198910081743869,pixel_reliability=0 AND MODLAND_QA(bits0-1)=0 AND VI range -2000..10000,MOD13Q1 V061 Terra 250m 16-day
SO2003,Jalalaqsi,SO20,Hiraan,2016-09-29,0.2225539321014181,0.2283,0.1350065749892565,0.1385,0.6340599455040872,2327,0.0782016348773842,0.0280653950953678,pixel_reliability=0 AND MODLAND_QA(bits0-1)=0 AND VI range -2000..10000,MOD13Q1 V061 Terra 250m 16-day
SO2003,Jalalaqsi,SO20,Hiraan,2016-10-15,0.2819570731707316,0.285,0.1854717073170731,0.1878,0.0558583106267029,205,0.4689373297002724,0.1539509536784741,pixel_reliability=0 AND MODLAND_QA(bits0-1)=0 AND VI range -2000..10000,MOD13Q1 V061 Terra 250m 16-day
SO2003,Jalalaqsi,SO20,Hiraan,2016-10-31,0.2916524920886076,0.29685,0.1828153085443038,0.1852,0.6888283378746594,2528,0.0637602179836512,0.0,pixel_reliability=0 AND MODLAND_QA(bits0-1)=0 AND VI range -2000..10000,MOD13Q1 V061 Terra 250m 16-day
SO2003,Jalalaqsi,SO20,Hiraan,2016-11-16,0.3499038759689922,0.3473,0.2235612403100775,0.2239,0.0351498637602179,129,0.1964577656675749,0.4310626702997275,pixel_reliability=0 AND MODLAND_QA(bits0-1)=0 AND VI range -2000..10000,MOD13Q1 V061 Terra 250m 16-day
SO2003,Jalalaqsi,SO20,Hiraan,2016-12-02,0.2664777592669721,0.2707,0.1729890045814244,0.1723,0.6542234332425068,2401,0.0408719346049046,0.0,pixel_reliability=0 AND MODLAND_QA(bits0-1)=0 AND VI range -2000..10000,MOD13Q1 V061 Terra 250m 16-day
SO2003,Jalalaqsi,SO20,Hiraan,2016-12-18,0.2433354240912331,0.2473,0.1492571632216678,0.1511,0.3822888283378746,1403,0.271117166212534,0.0,pixel_reliability=0 AND MODLAND_QA(bits0-1)=0 AND VI range -2000..10000,MOD13Q1 V061 Terra 250m 16-day
SO2101,Jowhar,SO21,Middle Shabelle,2016-01-01,0.4054973694099963,0.39635000000000004,0.2666380496054115,0.26115,0.9474808616699306,5322,0.004984867366921844,0.0,pixel_reliability=0 AND MODLAND_QA(bits0-1)=0 AND VI range -2000..10000,MOD13Q1 V061 Terra 250m 16-day
SO2101,Jowhar,SO21,Middle Shabelle,2016-01-17,0.3337911438278595,0.3244,0.2123351755379388,0.2092,0.7860067651771409,4415,0.0525191383300694,0.0,pixel_reliability=0 AND MODLAND_QA(bits0-1)=0 AND VI range -2000..10000,MOD13Q1 V061 Terra 250m 16-day
SO2101,Jowhar,SO21,Middle Shabelle,2016-02-02,0.3099520242070117,0.293,0.1931935517529215,0.1868,0.8531244436531956,4792,0.013708385259035,0.0,pixel_reliability=0 AND MODLAND_QA(bits0-1)=0 AND VI range -2000..10000,MOD13Q1 V061 Terra 250m 16-day
SO2101,Jowhar,SO21,Middle Shabelle,2016-02-18,0.2538225540679711,0.2476,0.1877529351184346,0.1835,0.1728680790457539,971,0.7457717642869859,0.0,pixel_reliability=0 AND MODLAND_QA(bits0-1)=0 AND VI range -2000..10000,MOD13Q1 V061 Terra 250m 16-day
SO2101,Jowhar,SO21,Middle Shabelle,2016-03-05,0.2734976840363937,0.2546,0.1778714088778605,0.1671,0.645718354993769,3627,0.0753071034359978,0.0112159515755741,pixel_reliability=0 AND MODLAND_QA(bits0-1)=0 AND VI range -2000..10000,MOD13Q1 V061 Terra 250m 16-day
SO2101,Jowhar,SO21,Middle Shabelle,2016-03-21,0.2774144696505212,0.2593,0.171964275495606,0.164,0.8711055723695923,4893,0.0062310842086523,0.0,pixel_reliability=0 AND MODLAND_QA(bits0-1)=0 AND VI range -2000..10000,MOD13Q1 V061 Terra 250m 16-day
SO2101,Jowhar,SO21,Middle Shabelle,2016-04-06,0.2601379941739493,0.2468,0.1676779026217228,0.1606,0.4278084386683283,2403,0.1862204023500089,0.0204735623998575,pixel_reliability=0 AND MODLAND_QA(bits0-1)=0 AND VI range -2000..10000,MOD13Q1 V061 Terra 250m 16-day
SO2101,Jowhar,SO21,Middle Shabelle,2016-04-22,0.1973,0.1973,0.1264,0.1264,0.00017803097739,1,0.1093110201175004,0.6503471604059107,pixel_reliability=0 AND MODLAND_QA(bits0-1)=0 AND VI range -2000..10000,MOD13Q1 V061 Terra 250m 16-day
SO2101,Jowhar,SO21,Middle Shabelle,2016-05-08,0.3691471428571428,0.3572,0.2270538461538462,0.2189,0.1620081894249599,910,0.4292326864874488,0.0603525013352323,pixel_reliability=0 AND MODLAND_QA(bits0-1)=0 AND VI range -2000..10000,MOD13Q1 V061 Terra 250m 16-day
SO2101,Jowhar,SO21,Middle Shabelle,2016-05-24,0.391730303030303,0.3781,0.2514368686868687,0.24385,0.035250133523233,198,0.5848317607263663,0.0672957094534449,pixel_reliability=0 AND MODLAND_QA(bits0-1)=0 AND VI range -2000..10000,MOD13Q1 V061 Terra 250m 16-day
SO2101,Jowhar,SO21,Middle Shabelle,2016-06-09,0.3259494285714285,0.31845,0.2049765714285714,0.20185,0.062310842086523,350,0.4906533736870215,0.1052163076375289,pixel_reliability=0 AND MODLAND_QA(bits0-1)=0 AND VI range -2000..10000,MOD13Q1 V061 Terra 250m 16-day
SO2101,Jowhar,SO21,Middle Shabelle,2016-06-25,0.3522333333333334,0.3676,0.23976,0.2402,0.0026704646608509,15,0.3925583051450952,0.3606907601922735,pixel_reliability=0 AND MODLAND_QA(bits0-1)=0 AND VI range -2000..10000,MOD13Q1 V061 Terra 250m 16-day
SO2101,Jowhar,SO21,Middle Shabelle,2016-07-11,0.3859272727272728,0.3693,0.2391090909090909,0.2383,0.0019583407512907,11,0.4018159159693786,0.2992700729927007,pixel_reliability=0 AND MODLAND_QA(bits0-1)=0 AND VI range -2000..10000,MOD13Q1 V061 Terra 250m 16-day
SO2101,Jowhar,SO21,Middle Shabelle,2016-07-27,0.2889834503510532,0.2634,0.1733029087261785,0.1616,0.1774968844578957,997,0.3393270429054655,0.0583941605839416,pixel_reliability=0 AND MODLAND_QA(bits0-1)=0 AND VI range -2000..10000,MOD13Q1 V061 Terra 250m 16-day
SO2101,Jowhar,SO21,Middle Shabelle,2016-08-12,0.2494768707482993,0.2495,0.1545622448979591,0.1505,0.0523411073526793,294,0.4408047000178031,0.1798112871639665,pixel_reliability=0 AND MODLAND_QA(bits0-1)=0 AND VI range -2000..10000,MOD13Q1 V061 Terra 250m 16-day
SO2101,Jowhar,SO21,Middle Shabelle,2016-08-28,0.21097509090909092,0.20665,0.1467561818181818,0.1494,0.09791703756453624,550,0.4338614918995905,0.14776571123375468,pixel_reliability=0 AND MODLAND_QA(bits0-1)=0 AND VI range -2000..10000,MOD13Q1 V061 Terra 250m 16-day
SO2101,Jowhar,SO21,Middle Shabelle,2016-09-13,0.2323679752066116,0.2355,0.150067561983471,0.1503499999999999,0.0861669930567918,484,0.6993056791881788,0.0388107530710343,pixel_reliability=0 AND MODLAND_QA(bits0-1)=0 AND VI range -2000..10000,MOD13Q1 V061 Terra 250m 16-day
SO2101,Jowhar,SO21,Middle Shabelle,2016-09-29,0.2348599216710183,0.21755,0.1461456919060052,0.136,0.1363717286807904,766,0.3425316004984867,0.1716218622040235,pixel_reliability=0 AND MODLAND_QA(bits0-1)=0 AND VI range -2000..10000,MOD13Q1 V061 Terra 250m 16-day
SO2101,Jowhar,SO21,Middle Shabelle,2016-10-15,0.247765306122449,0.2331,0.1643102040816327,0.1513,0.0174470357842264,98,0.3619369770340039,0.3072814669752537,pixel_reliability=0 AND MODLAND_QA(bits0-1)=0 AND VI range -2000..10000,MOD13Q1 V061 Terra 250m 16-day
SO2101,Jowhar,SO21,Middle Shabelle,2016-10-31,0.2973805379268661,0.28,0.1866779993955878,0.1778,0.589104504183728,3309,0.0956026348584653,0.0032045575930211,pixel_reliability=0 AND MODLAND_QA(bits0-1)=0 AND VI range -2000..10000,MOD13Q1 V061 Terra 250m 16-day
SO2101,Jowhar,SO21,Middle Shabelle,2016-11-16,0.36614,0.3634,0.2649275,0.26955,0.0142424781912052,80,0.2455047178209008,0.4408047000178031,pixel_reliability=0 AND MODLAND_QA(bits0-1)=0 AND VI range -2000..10000,MOD13Q1 V061 Terra 250m 16-day
SO2101,Jowhar,SO21,Middle Shabelle,2016-12-02,0.2734415131578948,0.2489,0.185760197368421,0.1701,0.5412141712658003,3040,0.116254228235713,0.00017803097739,pixel_reliability=0 AND MODLAND_QA(bits0-1)=0 AND VI range -2000..10000,MOD13Q1 V061 Terra 250m 16-day
SO2101,Jowhar,SO21,Middle Shabelle,2016-12-18,0.2666002463054187,0.2531,0.1743199507389162,0.15845,0.289122307281467,1624,0.5554566494570056,0.0005340929321701,pixel_reliability=0 AND MODLAND_QA(bits0-1)=0 AND VI range -2000..10000,MOD13Q1 V061 Terra 250m 16-day
SO2102,Adan Yabaal,SO21,Middle Shabelle,2016-01-01,0.39273314132104453,0.39525,0.2555040706605223,0.2534,0.5508779352654961,2604,0.20351174106198436,0.012269938650306749,pixel_reliability=0 AND MODLAND_QA(bits0-1)=0 AND VI range -2000..10000,MOD13Q1 V061 Terra 250m 16-day
SO2102,Adan Yabaal,SO21,Middle Shabelle,2016-01-17,0.3145308052434457,0.3181,0.2117676029962547,0.20915,0.6778083350962556,3204,0.1618362597842183,0.0152316479796911,pixel_reliability=0 AND MODLAND_QA(bits0-1)=0 AND VI range -2000..10000,MOD13Q1 V061 Terra 250m 16-day
SO2102,Adan Yabaal,SO21,Middle Shabelle,2016-02-02,0.2881950204638472,0.2905,0.1928227148703956,0.1922,0.3101332769198223,1466,0.4104082927861223,0.0145969959805373,pixel_reliability=0 AND MODLAND_QA(bits0-1)=0 AND VI range -2000..10000,MOD13Q1 V061 Terra 250m 16-day
SO2102,Adan Yabaal,SO21,Middle Shabelle,2016-02-18,0.2477324052590874,0.2541,0.1689711523588553,0.1671,0.2735350116352866,1293,0.5079331499894225,0.0158662999788449,pixel_reliability=0 AND MODLAND_QA(bits0-1)=0 AND VI range -2000..10000,MOD13Q1 V061 Terra 250m 16-day
SO2102,Adan Yabaal,SO21,Middle Shabelle,2016-03-05,0.2449374729241877,0.24805,0.1730424909747292,0.1718,0.5859953458853395,2770,0.1030251745292997,0.0097313306536915,pixel_reliability=0 AND MODLAND_QA(bits0-1)=0 AND VI range -2000..10000,MOD13Q1 V061 Terra 250m 16-day
SO2102,Adan Yabaal,SO21,Middle Shabelle,2016-03-21,0.2554210509852987,0.2565,0.163092242727557,0.1627,0.6763274804315633,3197,0.0607150412523799,0.0103659826528453,pixel_reliability=0 AND MODLAND_QA(bits0-1)=0 AND VI range -2000..10000,MOD13Q1 V061 Terra 250m 16-day
SO2102,Adan Yabaal,SO21,Middle Shabelle,2016-04-06,0.2570361071932299,0.26185,0.1641490126939351,0.16,0.2999788449333615,1418,0.2508990903321345,0.0184049079754601,pixel_reliability=0 AND MODLAND_QA(bits0-1)=0 AND VI range -2000..10000,MOD13Q1 V061 Terra 250m 16-day
SO2102,Adan Yabaal,SO21,Middle Shabelle,2016-04-22,0.3282564532266133,0.312,0.2034051775887944,0.1917,0.8457795642056273,3998,0.0361751639517664,0.0359636132853818,pixel_reliability=0 AND MODLAND_QA(bits0-1)=0 AND VI range -2000..10000,MOD13Q1 V061 Terra 250m 16-day
SO2102,Adan Yabaal,SO21,Middle Shabelle,2016-05-08,0.3803563677467973,0.3642,0.2505504144687265,0.2391,0.280727734292363,1327,0.2640152316479797,0.0846202665538396,pixel_reliability=0 AND MODLAND_QA(bits0-1)=0 AND VI range -2000..10000,MOD13Q1 V061 Terra 250m 16-day
SO2102,Adan Yabaal,SO21,Middle Shabelle,2016-05-24,0.288666573816156,0.26825,0.211409052924791,0.2051,0.1518933784641421,718,0.6156124391791834,0.0120583879839221,pixel_reliability=0 AND MODLAND_QA(bits0-1)=0 AND VI range -2000..10000,MOD13Q1 V061 Terra 250m 16-day
SO2102,Adan Yabaal,SO21,Middle Shabelle,2016-06-09,0.2577618497109826,0.2408,0.1866138728323699,0.1833,0.0365982652845356,173,0.4465834567378887,0.1652210704463719,pixel_reliability=0 AND MODLAND_QA(bits0-1)=0 AND VI range -2000..10000,MOD13Q1 V061 Terra 250m 16-day
SO2102,Adan Yabaal,SO21,Middle Shabelle,2016-06-25,0.1877280373831776,0.1873,0.1546009345794392,0.1537,0.0226359213031521,107,0.2286862703617516,0.4533530780621959,pixel_reliability=0 AND MODLAND_QA(bits0-1)=0 AND VI range -2000..10000,MOD13Q1 V061 Terra 250m 16-day
SO2102,Adan Yabaal,SO21,Middle Shabelle,2016-07-11,0.2049399103139013,0.2001,0.155101793721973,0.1556,0.0471757986037656,223,0.4154855087793526,0.1781256610958324,pixel_reliability=0 AND MODLAND_QA(bits0-1)=0 AND VI range -2000..10000,MOD13Q1 V061 Terra 250m 16-day
SO2102,Adan Yabaal,SO21,Middle Shabelle,2016-07-27,0.2342237179487179,0.23665,0.1479967948717948,0.14645,0.1320076158239898,624,0.3090755235878993,0.1838375290882166,pixel_reliability=0 AND MODLAND_QA(bits0-1)=0 AND VI range -2000..10000,MOD13Q1 V061 Terra 250m 16-day
SO2102,Adan Yabaal,SO21,Middle Shabelle,2016-08-12,0.1686522807017544,0.1546,0.1325480701754386,0.1302,0.0602919399196107,285,0.4461603554051195,0.1906071504125238,pixel_reliability=0 AND MODLAND_QA(bits0-1)=0 AND VI range -2000..10000,MOD13Q1 V061 Terra 250m 16-day
SO2102,Adan Yabaal,SO21,Middle Shabelle,2016-08-28,0.18033163841807912,0.1665,0.13744689265536725,0.1358,0.03744446795007404,177,0.6048233551935689,0.08758197588322403,pixel_reliability=0 AND MODLAND_QA(bits0-1)=0 AND VI range -2000..10000,MOD13Q1 V061 Terra 250m 16-day
SO2102,Adan Yabaal,SO21,Middle Shabelle,2016-09-13,0.1978585333333333,0.2006,0.1361842666666667,0.1353,0.1586629997884493,750,0.3875608208165855,0.1368732811508356,pixel_reliability=0 AND MODLAND_QA(bits0-1)=0 AND VI range -2000..10000,MOD13Q1 V061 Terra 250m 16-day
SO2102,Adan Yabaal,SO21,Middle Shabelle,2016-09-29,0.2264168502916397,0.2251,0.1454745301360985,0.1406,0.3264226782314364,1543,0.1954728157393696,0.1774910090966786,pixel_reliability=0 AND MODLAND_QA(bits0-1)=0 AND VI range -2000..10000,MOD13Q1 V061 Terra 250m 16-day
SO2102,Adan Yabaal,SO21,Middle Shabelle,2016-10-15,0.2166109452736318,0.21735,0.1600300995024875,0.15495,0.0850433678866088,402,0.2134546223820605,0.3748677808335096,pixel_reliability=0 AND MODLAND_QA(bits0-1)=0 AND VI range -2000..10000,MOD13Q1 V061 Terra 250m 16-day
SO2102,Adan Yabaal,SO21,Middle Shabelle,2016-10-31,0.2956255874673629,0.3034,0.190067027228646,0.1947,0.5671673365771103,2681,0.1290459064946054,0.0143854453141527,pixel_reliability=0 AND MODLAND_QA(bits0-1)=0 AND VI range -2000..10000,MOD13Q1 V061 Terra 250m 16-day
SO2102,Adan Yabaal,SO21,Middle Shabelle,2016-11-16,0.17155,0.15285,0.1363952830188679,0.1261,0.0224243706367675,106,0.2942669769409773,0.3649248995134335,pixel_reliability=0 AND MODLAND_QA(bits0-1)=0 AND VI range -2000..10000,MOD13Q1 V061 Terra 250m 16-day
SO2102,Adan Yabaal,SO21,Middle Shabelle,2016-12-02,0.3160512396694215,0.30925,0.2134056932966024,0.2066,0.4607573513856569,2178,0.2208588957055214,0.0156547493124603,pixel_reliability=0 AND MODLAND_QA(bits0-1)=0 AND VI range -2000..10000,MOD13Q1 V061 Terra 250m 16-day
SO2102,Adan Yabaal,SO21,Middle Shabelle,2016-12-18,0.2529157490824157,0.2587,0.1727622622622622,0.1731,0.6340173471546435,2997,0.1468161624709117,0.0120583879839221,pixel_reliability=0 AND MODLAND_QA(bits0-1)=0 AND VI range -2000..10000,MOD13Q1 V061 Terra 250m 16-day
SO2103,Balcad,SO21,Middle Shabelle,2016-01-01,0.4439498905223647,0.44,0.3129111979981233,0.3135,0.6415813766807145,3197,0.11820188641380694,0.02107164358819988,pixel_reliability=0 AND MODLAND_QA(bits0-1)=0 AND VI range -2000..10000,MOD13Q1 V061 Terra 250m 16-day
SO2103,Balcad,SO21,Middle Shabelle,2016-01-17,0.3817201615003907,0.3735,0.2613287574889295,0.2639,0.7704194260485652,3839,0.0646197070038129,0.0236805137467389,pixel_reliability=0 AND MODLAND_QA(bits0-1)=0 AND VI range -2000..10000,MOD13Q1 V061 Terra 250m 16-day
SO2103,Balcad,SO21,Middle Shabelle,2016-02-02,0.3481542483660131,0.3361,0.2264050593076737,0.2222,0.8290186634557496,4131,0.0276941601444912,0.016255267910897,pixel_reliability=0 AND MODLAND_QA(bits0-1)=0 AND VI range -2000..10000,MOD13Q1 V061 Terra 250m 16-day
SO2103,Balcad,SO21,Middle Shabelle,2016-02-18,0.1800585227272727,0.19045,0.1479448863636363,0.152,0.0353200883002207,176,0.8920329119004615,0.0156532209512341,pixel_reliability=0 AND MODLAND_QA(bits0-1)=0 AND VI range -2000..10000,MOD13Q1 V061 Terra 250m 16-day
SO2103,Balcad,SO21,Middle Shabelle,2016-03-05,0.3058612021857924,0.3018,0.2019564522908785,0.1963,0.477423239012643,2379,0.1689745133453742,0.034115994380895,pixel_reliability=0 AND MODLAND_QA(bits0-1)=0 AND VI range -2000..10000,MOD13Q1 V061 Terra 250m 16-day
SO2103,Balcad,SO21,Middle Shabelle,2016-03-21,0.301341967871486,0.2903,0.1913817269076305,0.1908,0.699578567128236,3486,0.0569937788480834,0.027292795504716,pixel_reliability=0 AND MODLAND_QA(bits0-1)=0 AND VI range -2000..10000,MOD13Q1 V061 Terra 250m 16-day
SO2103,Balcad,SO21,Middle Shabelle,2016-04-06,0.2402998909487459,0.2365,0.1756913849509269,0.1758,0.1840256873369456,917,0.3917318884206301,0.0648203893237005,pixel_reliability=0 AND MODLAND_QA(bits0-1)=0 AND VI range -2000..10000,MOD13Q1 V061 Terra 250m 16-day
SO2103,Balcad,SO21,Middle Shabelle,2016-04-22,0.167020987654321,0.1523,0.1386913580246913,0.1324,0.016255267910897,81,0.1250250852899859,0.6329520369255469,pixel_reliability=0 AND MODLAND_QA(bits0-1)=0 AND VI range -2000..10000,MOD13Q1 V061 Terra 250m 16-day
SO2103,Balcad,SO21,Middle Shabelle,2016-05-08,0.4187578260869565,0.39035,0.2716513043478261,0.2495,0.0461569335741521,230,0.4260485651214128,0.2107164358819988,pixel_reliability=0 AND MODLAND_QA(bits0-1)=0 AND VI range -2000..10000,MOD13Q1 V061 Terra 250m 16-day
SO2103,Balcad,SO21,Middle Shabelle,2016-05-24,0.3729996254681648,0.3526,0.2630292134831461,0.2492,0.0535821794099939,267,0.5416415813766807,0.0716435881998796,pixel_reliability=0 AND MODLAND_QA(bits0-1)=0 AND VI range -2000..10000,MOD13Q1 V061 Terra 250m 16-day
SO2103,Balcad,SO21,Middle Shabelle,2016-06-09,0.2921453125,0.2771,0.233528125,0.2229,0.0770620108368452,384,0.3748745735500702,0.1731888420630142,pixel_reliability=0 AND MODLAND_QA(bits0-1)=0 AND VI range -2000..10000,MOD13Q1 V061 Terra 250m 16-day
SO2103,Balcad,SO21,Middle Shabelle,2016-06-25,0.3280538461538461,0.3001,0.2634051282051282,0.2434,0.007826610475617,39,0.2472406181015452,0.5073249046758981,pixel_reliability=0 AND MODLAND_QA(bits0-1)=0 AND VI range -2000..10000,MOD13Q1 V061 Terra 250m 16-day
SO2103,Balcad,SO21,Middle Shabelle,2016-07-11,0.3046862275449102,0.3036,0.2443532934131736,0.2437,0.0335139474212321,167,0.3393538029299618,0.2797511539233394,pixel_reliability=0 AND MODLAND_QA(bits0-1)=0 AND VI range -2000..10000,MOD13Q1 V061 Terra 250m 16-day
SO2103,Balcad,SO21,Middle Shabelle,2016-07-27,0.3435236906211937,0.3433,0.2430672350791717,0.2466,0.3295203692554685,1642,0.2319887617900863,0.0569937788480834,pixel_reliability=0 AND MODLAND_QA(bits0-1)=0 AND VI range -2000..10000,MOD13Q1 V061 Terra 250m 16-day
SO2103,Balcad,SO21,Middle Shabelle,2016-08-12,0.2360571428571428,0.2506,0.1777344537815126,0.1669,0.0238811960666265,119,0.3560104354806341,0.3142685129440096,pixel_reliability=0 AND MODLAND_QA(bits0-1)=0 AND VI range -2000..10000,MOD13Q1 V061 Terra 250m 16-day
SO2103,Balcad,SO21,Middle Shabelle,2016-08-28,0.2548271186440678,0.24285,0.19177542372881362,0.1892,0.023680513746738914,118,0.3068432671081678,0.3720650210716436,pixel_reliability=0 AND MODLAND_QA(bits0-1)=0 AND VI range -2000..10000,MOD13Q1 V061 Terra 250m 16-day
SO2103,Balcad,SO21,Middle Shabelle,2016-09-13,0.2336023460410557,0.2384,0.1762876832844575,0.1769,0.0684326710816777,341,0.5564920730483645,0.1186032510535821,pixel_reliability=0 AND MODLAND_QA(bits0-1)=0 AND VI range -2000..10000,MOD13Q1 V061 Terra 250m 16-day
SO2103,Balcad,SO21,Middle Shabelle,2016-09-29,0.2191532608695652,0.1562,0.1646315217391304,0.1427999999999999,0.0184627734296608,92,0.2484447120208709,0.49367850692354,pixel_reliability=0 AND MODLAND_QA(bits0-1)=0 AND VI range -2000..10000,MOD13Q1 V061 Terra 250m 16-day
SO2103,Balcad,SO21,Middle Shabelle,2016-10-15,0.2934669926650367,0.2714,0.2002555012224939,0.1837,0.0820790688340357,409,0.175396347581778,0.4752157334938792,pixel_reliability=0 AND MODLAND_QA(bits0-1)=0 AND VI range -2000..10000,MOD13Q1 V061 Terra 250m 16-day
SO2103,Balcad,SO21,Middle Shabelle,2016-10-31,0.2822047900650503,0.26085,0.1814793317563572,0.1742,0.6787076058599237,3382,0.0794701986754966,0.0196668673489865,pixel_reliability=0 AND MODLAND_QA(bits0-1)=0 AND VI range -2000..10000,MOD13Q1 V061 Terra 250m 16-day
SO2103,Balcad,SO21,Middle Shabelle,2016-11-16,0.1617587719298245,0.1424,0.1399271929824561,0.1279,0.0228777844671884,114,0.24262492474413,0.4581577363034316,pixel_reliability=0 AND MODLAND_QA(bits0-1)=0 AND VI range -2000..10000,MOD13Q1 V061 Terra 250m 16-day
SO2103,Balcad,SO21,Middle Shabelle,2016-12-02,0.373212643678161,0.382,0.2709920424403183,0.2867,0.2269717037928958,1131,0.4113987557696167,0.0415412402167369,pixel_reliability=0 AND MODLAND_QA(bits0-1)=0 AND VI range -2000..10000,MOD13Q1 V061 Terra 250m 16-day
SO2103,Balcad,SO21,Middle Shabelle,2016-12-18,0.3437626306306307,0.347,0.2477865225225225,0.2557,0.5568934376881397,2775,0.2390126429861529,0.0152518563114589,pixel_reliability=0 AND MODLAND_QA(bits0-1)=0 AND VI range -2000..10000,MOD13Q1 V061 Terra 250m 16-day
SO2104,Cadale,SO21,Middle Shabelle,2016-01-01,0.4304645516348333,0.4474,0.29181068306895436,0.29700000000000004,0.44401322409084376,3089,0.29984188587034644,0.02328589909443726,pixel_reliability=0 AND MODLAND_QA(bits0-1)=0 AND VI range -2000..10000,MOD13Q1 V061 Terra 250m 16-day
SO2104,Cadale,SO21,Middle Shabelle,2016-01-17,0.3619013482632541,0.3697,0.2497461151736746,0.2506,0.6290067557855398,4376,0.1913180968808394,0.0196923961477648,pixel_reliability=0 AND MODLAND_QA(bits0-1)=0 AND VI range -2000..10000,MOD13Q1 V061 Terra 250m 16-day
SO2104,Cadale,SO21,Middle Shabelle,2016-02-02,0.3012251368970013,0.3129,0.2066268578878748,0.209,0.5512433520195487,3835,0.11254851228978,0.0204110967370993,pixel_reliability=0 AND MODLAND_QA(bits0-1)=0 AND VI range -2000..10000,MOD13Q1 V061 Terra 250m 16-day
SO2104,Cadale,SO21,Middle Shabelle,2016-02-18,0.2496022727272727,0.2751,0.1723364772727272,0.1768,0.126491303722869,880,0.717694408509415,0.0214172775621676,pixel_reliability=0 AND MODLAND_QA(bits0-1)=0 AND VI range -2000..10000,MOD13Q1 V061 Terra 250m 16-day
SO2104,Cadale,SO21,Middle Shabelle,2016-03-05,0.2566502210991788,0.2696,0.1869214782059381,0.1919,0.4550812131665948,3166,0.1828374299266925,0.0327727468736524,pixel_reliability=0 AND MODLAND_QA(bits0-1)=0 AND VI range -2000..10000,MOD13Q1 V061 Terra 250m 16-day
SO2104,Cadale,SO21,Middle Shabelle,2016-03-21,0.2626199079149309,0.2734,0.170707016005262,0.1743,0.6555986775909156,4561,0.0380911312347276,0.0127928704901538,pixel_reliability=0 AND MODLAND_QA(bits0-1)=0 AND VI range -2000..10000,MOD13Q1 V061 Terra 250m 16-day
SO2104,Cadale,SO21,Middle Shabelle,2016-04-06,0.2440931958762886,0.268,0.1705667216494845,0.1769,0.3485697858272243,2425,0.278137128072445,0.0389535719419289,pixel_reliability=0 AND MODLAND_QA(bits0-1)=0 AND VI range -2000..10000,MOD13Q1 V061 Terra 250m 16-day
SO2104,Cadale,SO21,Middle Shabelle,2016-04-22,0.3151925217391304,0.3144,0.2067761739130435,0.2013,0.0826505677734655,575,0.1066551674572373,0.5891907431364094,pixel_reliability=0 AND MODLAND_QA(bits0-1)=0 AND VI range -2000..10000,MOD13Q1 V061 Terra 250m 16-day
SO2104,Cadale,SO21,Middle Shabelle,2016-05-08,0.3806682360742706,0.4002,0.2659535809018568,0.26625,0.2167600977432801,1508,0.344976282880552,0.051458962196349,pixel_reliability=0 AND MODLAND_QA(bits0-1)=0 AND VI range -2000..10000,MOD13Q1 V061 Terra 250m 16-day
SO2104,Cadale,SO21,Middle Shabelle,2016-05-24,0.2661573825503355,0.24355,0.2186109060402684,0.2084,0.0856691102486704,596,0.5347132384648555,0.0482966796032772,pixel_reliability=0 AND MODLAND_QA(bits0-1)=0 AND VI range -2000..10000,MOD13Q1 V061 Terra 250m 16-day
SO2104,Cadale,SO21,Middle Shabelle,2016-06-09,0.2552354066985646,0.2153,0.2071430622009569,0.1897,0.0300416846341814,209,0.3228403047290499,0.306022710938623,pixel_reliability=0 AND MODLAND_QA(bits0-1)=0 AND VI range -2000..10000,MOD13Q1 V061 Terra 250m 16-day
SO2104,Cadale,SO21,Middle Shabelle,2016-06-25,0.2111623655913978,0.20775,0.1829639784946236,0.18165,0.0267356619232427,186,0.1517895644674428,0.5950840879689522,pixel_reliability=0 AND MODLAND_QA(bits0-1)=0 AND VI range -2000..10000,MOD13Q1 V061 Terra 250m 16-day
SO2104,Cadale,SO21,Middle Shabelle,2016-07-11,0.2099923841059602,0.19755,0.1786533112582781,0.1715,0.0434095155958027,302,0.3211154233146471,0.2840304729049878,pixel_reliability=0 AND MODLAND_QA(bits0-1)=0 AND VI range -2000..10000,MOD13Q1 V061 Terra 250m 16-day
SO2104,Cadale,SO21,Middle Shabelle,2016-07-27,0.205041592039801,0.1799,0.1624972139303482,0.1555,0.1444588184562311,1005,0.3234152652005174,0.1711944803794739,pixel_reliability=0 AND MODLAND_QA(bits0-1)=0 AND VI range -2000..10000,MOD13Q1 V061 Terra 250m 16-day
SO2104,Cadale,SO21,Middle Shabelle,2016-08-12,0.1670214920071048,0.1484,0.1394088809946714,0.1316,0.0809256863590628,563,0.314359637774903,0.2610320540462843,pixel_reliability=0 AND MODLAND_QA(bits0-1)=0 AND VI range -2000..10000,MOD13Q1 V061 Terra 250m 16-day
SO2104,Cadale,SO21,Middle Shabelle,2016-08-28,0.16527036082474225,0.1449,0.1340234536082474,0.1269,0.0557711657323559,388,0.3093287336495616,0.3055914905850223,pixel_reliability=0 AND MODLAND_QA(bits0-1)=0 AND VI range -2000..10000,MOD13Q1 V061 Terra 250m 16-day
SO2104,Cadale,SO21,Middle Shabelle,2016-09-13,0.1871035984848484,0.16245,0.1426297348484848,0.13785,0.0758947822337214,528,0.4243208279430789,0.1914618369987063,pixel_reliability=0 AND MODLAND_QA(bits0-1)=0 AND VI range -2000..10000,MOD13Q1 V061 Terra 250m 16-day
SO2104,Cadale,SO21,Middle Shabelle,2016-09-29,0.218064,0.2322,0.144315724137931,0.1464,0.1042115854535,725,0.1964927411240477,0.4161276412246658,pixel_reliability=0 AND MODLAND_QA(bits0-1)=0 AND VI range -2000..10000,MOD13Q1 V061 Terra 250m 16-day
SO2104,Cadale,SO21,Middle Shabelle,2016-10-15,0.1816940170940171,0.1421,0.1451689458689458,0.1308,0.0504527813712807,351,0.1908868765272387,0.4662929423602127,pixel_reliability=0 AND MODLAND_QA(bits0-1)=0 AND VI range -2000..10000,MOD13Q1 V061 Terra 250m 16-day
SO2104,Cadale,SO21,Middle Shabelle,2016-10-31,0.321580655957162,0.331,0.2131298527443106,0.2114,0.6442432082794308,4482,0.0829380480091993,0.0189736955584303,pixel_reliability=0 AND MODLAND_QA(bits0-1)=0 AND VI range -2000..10000,MOD13Q1 V061 Terra 250m 16-day
SO2104,Cadale,SO21,Middle Shabelle,2016-11-16,0.2293827242524917,0.1571,0.1771906976744186,0.1378,0.0432657754779358,301,0.3929854822480954,0.2384648555411815,pixel_reliability=0 AND MODLAND_QA(bits0-1)=0 AND VI range -2000..10000,MOD13Q1 V061 Terra 250m 16-day
SO2104,Cadale,SO21,Middle Shabelle,2016-12-02,0.3742922413793104,0.38875,0.2567059806034483,0.2621,0.2667816587609601,1856,0.3646686790283168,0.0344976282880551,pixel_reliability=0 AND MODLAND_QA(bits0-1)=0 AND VI range -2000..10000,MOD13Q1 V061 Terra 250m 16-day
SO2104,Cadale,SO21,Middle Shabelle,2016-12-18,0.2424054627539504,0.2613,0.1769105191873589,0.1767,0.3183843610751761,2215,0.4763547506108955,0.0212735374443007,pixel_reliability=0 AND MODLAND_QA(bits0-1)=0 AND VI range -2000..10000,MOD13Q1 V061 Terra 250m 16-day
SO2201,Bondhere,SO22,Banadir,2016-01-01,,,,,0.0,0,0.5714285714285714,0.0,pixel_reliability=0 AND MODLAND_QA(bits0-1)=0 AND VI range -2000..10000,MOD13Q1 V061 Terra 250m 16-day
SO2201,Bondhere,SO22,Banadir,2016-01-17,,,,,0.0,0,0.4285714285714285,0.2857142857142857,pixel_reliability=0 AND MODLAND_QA(bits0-1)=0 AND VI range -2000..10000,MOD13Q1 V061 Terra 250m 16-day
SO2201,Bondhere,SO22,Banadir,2016-02-02,,,,,0.0,0,0.1428571428571428,0.5714285714285714,pixel_reliability=0 AND MODLAND_QA(bits0-1)=0 AND VI range -2000..10000,MOD13Q1 V061 Terra 250m 16-day
SO2201,Bondhere,SO22,Banadir,2016-02-18,,,,,0.0,0,0.0,0.5714285714285714,pixel_reliability=0 AND MODLAND_QA(bits0-1)=0 AND VI range -2000..10000,MOD13Q1 V061 Terra 250m 16-day
SO2201,Bondhere,SO22,Banadir,2016-03-05,,,,,0.0,0,0.7142857142857143,0.1428571428571428,pixel_reliability=0 AND MODLAND_QA(bits0-1)=0 AND VI range -2000..10000,MOD13Q1 V061 Terra 250m 16-day
SO2201,Bondhere,SO22,Banadir,2016-03-21,,,,,0.0,0,0.5714285714285714,0.0,pixel_reliability=0 AND MODLAND_QA(bits0-1)=0 AND VI range -2000..10000,MOD13Q1 V061 Terra 250m 16-day
SO2201,Bondhere,SO22,Banadir,2016-04-06,,,,,0.0,0,0.2857142857142857,0.2857142857142857,pixel_reliability=0 AND MODLAND_QA(bits0-1)=0 AND VI range -2000..10000,MOD13Q1 V061 Terra 250m 16-day
SO2201,Bondhere,SO22,Banadir,2016-04-22,,,,,0.0,0,0.1428571428571428,0.1428571428571428,pixel_reliability=0 AND MODLAND_QA(bits0-1)=0 AND VI range -2000..10000,MOD13Q1 V061 Terra 250m 16-day
SO2201,Bondhere,SO22,Banadir,2016-05-08,,,,,0.0,0,0.0,0.4285714285714285,pixel_reliability=0 AND MODLAND_QA(bits0-1)=0 AND VI range -2000..10000,MOD13Q1 V061 Terra 250m 16-day
SO2201,Bondhere,SO22,Banadir,2016-05-24,,,,,0.0,0,0.1428571428571428,0.7142857142857143,pixel_reliability=0 AND MODLAND_QA(bits0-1)=0 AND VI range -2000..10000,MOD13Q1 V061 Terra 250m 16-day
SO2201,Bondhere,SO22,Banadir,2016-06-09,,,,,0.0,0,0.4285714285714285,0.2857142857142857,pixel_reliability=0 AND MODLAND_QA(bits0-1)=0 AND VI range -2000..10000,MOD13Q1 V061 Terra 250m 16-day
SO2201,Bondhere,SO22,Banadir,2016-06-25,,,,,0.0,0,0.5714285714285714,0.1428571428571428,pixel_reliability=0 AND MODLAND_QA(bits0-1)=0 AND VI range -2000..10000,MOD13Q1 V061 Terra 250m 16-day
SO2201,Bondhere,SO22,Banadir,2016-07-11,,,,,0.0,0,0.0,0.8571428571428571,pixel_reliability=0 AND MODLAND_QA(bits0-1)=0 AND VI range -2000..10000,MOD13Q1 V061 Terra 250m 16-day
SO2201,Bondhere,SO22,Banadir,2016-07-27,,,,,0.0,0,0.2857142857142857,0.1428571428571428,pixel_reliability=0 AND MODLAND_QA(bits0-1)=0 AND VI range -2000..10000,MOD13Q1 V061 Terra 250m 16-day
SO2201,Bondhere,SO22,Banadir,2016-08-12,,,,,0.0,0,0.0,0.2857142857142857,pixel_reliability=0 AND MODLAND_QA(bits0-1)=0 AND VI range -2000..10000,MOD13Q1 V061 Terra 250m 16-day
SO2201,Bondhere,SO22,Banadir,2016-08-28,,,,,0.0,0,0.0,0.2857142857142857,pixel_reliability=0 AND MODLAND_QA(bits0-1)=0 AND VI range -2000..10000,MOD13Q1 V061 Terra 250m 16-day
SO2201,Bondhere,SO22,Banadir,2016-09-13,,,,,0.0,0,0.7142857142857143,0.0,pixel_reliability=0 AND MODLAND_QA(bits0-1)=0 AND VI range -2000..10000,MOD13Q1 V061 Terra 250m 16-day
SO2201,Bondhere,SO22,Banadir,2016-09-29,,,,,0.0,0,0.2857142857142857,0.5714285714285714,pixel_reliability=0 AND MODLAND_QA(bits0-1)=0 AND VI range -2000..10000,MOD13Q1 V061 Terra 250m 16-day
SO2201,Bondhere,SO22,Banadir,2016-10-15,,,,,0.0,0,0.0,0.8571428571428571,pixel_reliability=0 AND MODLAND_QA(bits0-1)=0 AND VI range -2000..10000,MOD13Q1 V061 Terra 250m 16-day
SO2201,Bondhere,SO22,Banadir,2016-10-31,,,,,0.0,0,0.7142857142857143,0.0,pixel_reliability=0 AND MODLAND_QA(bits0-1)=0 AND VI range -2000..10000,MOD13Q1 V061 Terra 250m 16-day
SO2201,Bondhere,SO22,Banadir,2016-11-16,,,,,0.0,0,0.5714285714285714,0.2857142857142857,pixel_reliability=0 AND MODLAND_QA(bits0-1)=0 AND VI range -2000..10000,MOD13Q1 V061 Terra 250m 16-day
SO2201,Bondhere,SO22,Banadir,2016-12-02,,,,,0.0,0,0.2857142857142857,0.1428571428571428,pixel_reliability=0 AND MODLAND_QA(bits0-1)=0 AND VI range -2000..10000,MOD13Q1 V061 Terra 250m 16-day
SO2201,Bondhere,SO22,Banadir,2016-12-18,,,,,0.0,0,0.0,0.7142857142857143,pixel_reliability=0 AND MODLAND_QA(bits0-1)=0 AND VI range -2000..10000,MOD13Q1 V061 Terra 250m 16-day
SO2202,Cabdulasis,SO22,Banadir,2016-01-01,,,,,0.0,0,0.0,1.0,pixel_reliability=0 AND MODLAND_QA(bits0-1)=0 AND VI range -2000..10000,MOD13Q1 V061 Terra 250m 16-day
SO2202,Cabdulasis,SO22,Banadir,2016-01-17,,,,,0.0,0,0.0,1.0,pixel_reliability=0 AND MODLAND_QA(bits0-1)=0 AND VI range -2000..10000,MOD13Q1 V061 Terra 250m 16-day
SO2202,Cabdulasis,SO22,Banadir,2016-02-02,,,,,0.0,0,0.0,1.0,pixel_reliability=0 AND MODLAND_QA(bits0-1)=0 AND VI range -2000..10000,MOD13Q1 V061 Terra 250m 16-day
SO2202,Cabdulasis,SO22,Banadir,2016-02-18,,,,,0.0,0,0.0,1.0,pixel_reliability=0 AND MODLAND_QA(bits0-1)=0 AND VI range -2000..10000,MOD13Q1 V061 Terra 250m 16-day
SO2202,Cabdulasis,SO22,Banadir,2016-03-05,,,,,0.0,0,0.0,0.0,pixel_reliability=0 AND MODLAND_QA(bits0-1)=0 AND VI range -2000..10000,MOD13Q1 V061 Terra 250m 16-day
SO2202,Cabdulasis,SO22,Banadir,2016-03-21,,,,,0.0,0,0.0,1.0,pixel_reliability=0 AND MODLAND_QA(bits0-1)=0 AND VI range -2000..10000,MOD13Q1 V061 Terra 250m 16-day
SO2202,Cabdulasis,SO22,Banadir,2016-04-06,,,,,0.0,0,1.0,0.0,pixel_reliability=0 AND MODLAND_QA(bits0-1)=0 AND VI range -2000..10000,MOD13Q1 V061 Terra 250m 16-day
SO2202,Cabdulasis,SO22,Banadir,2016-04-22,,,,,0.0,0,1.0,0.0,pixel_reliability=0 AND MODLAND_QA(bits0-1)=0 AND VI range -2000..10000,MOD13Q1 V061 Terra 250m 16-day
SO2202,Cabdulasis,SO22,Banadir,2016-05-08,,,,,0.0,0,0.0,1.0,pixel_reliability=0 AND MODLAND_QA(bits0-1)=0 AND VI range -2000..10000,MOD13Q1 V061 Terra 250m 16-day
SO2202,Cabdulasis,SO22,Banadir,2016-05-24,,,,,0.0,0,0.0,1.0,pixel_reliability=0 AND MODLAND_QA(bits0-1)=0 AND VI range -2000..10000,MOD13Q1 V061 Terra 250m 16-day
SO2202,Cabdulasis,SO22,Banadir,2016-06-09,,,,,0.0,0,0.0,1.0,pixel_reliability=0 AND MODLAND_QA(bits0-1)=0 AND VI range -2000..10000,MOD13Q1 V061 Terra 250m 16-day
SO2202,Cabdulasis,SO22,Banadir,2016-06-25,,,,,0.0,0,0.0,1.0,pixel_reliability=0 AND MODLAND_QA(bits0-1)=0 AND VI range -2000..10000,MOD13Q1 V061 Terra 250m 16-day
SO2202,Cabdulasis,SO22,Banadir,2016-07-11,,,,,0.0,0,0.0,1.0,pixel_reliability=0 AND MODLAND_QA(bits0-1)=0 AND VI range -2000..10000,MOD13Q1 V061 Terra 250m 16-day
SO2202,Cabdulasis,SO22,Banadir,2016-07-27,,,,,0.0,0,0.0,1.0,pixel_reliability=0 AND MODLAND_QA(bits0-1)=0 AND VI range -2000..10000,MOD13Q1 V061 Terra 250m 16-day
SO2202,Cabdulasis,SO22,Banadir,2016-08-12,,,,,0.0,0,0.0,1.0,pixel_reliability=0 AND MODLAND_QA(bits0-1)=0 AND VI range -2000..10000,MOD13Q1 V061 Terra 250m 16-day
SO2202,Cabdulasis,SO22,Banadir,2016-08-28,,,,,0.0,0,0.0,1.0,pixel_reliability=0 AND MODLAND_QA(bits0-1)=0 AND VI range -2000..10000,MOD13Q1 V061 Terra 250m 16-day
SO2202,Cabdulasis,SO22,Banadir,2016-09-13,,,,,0.0,0,1.0,0.0,pixel_reliability=0 AND MODLAND_QA(bits0-1)=0 AND VI range -2000..10000,MOD13Q1 V061 Terra 250m 16-day
SO2202,Cabdulasis,SO22,Banadir,2016-09-29,,,,,0.0,0,0.0,1.0,pixel_reliability=0 AND MODLAND_QA(bits0-1)=0 AND VI range -2000..10000,MOD13Q1 V061 Terra 250m 16-day
SO2202,Cabdulasis,SO22,Banadir,2016-10-15,,,,,0.0,0,0.0,1.0,pixel_reliability=0 AND MODLAND_QA(bits0-1)=0 AND VI range -2000..10000,MOD13Q1 V061 Terra 250m 16-day
SO2202,Cabdulasis,SO22,Banadir,2016-10-31,,,,,0.0,0,1.0,0.0,pixel_reliability=0 AND MODLAND_QA(bits0-1)=0 AND VI range -2000..10000,MOD13Q1 V061 Terra 250m 16-day
SO2202,Cabdulasis,SO22,Banadir,2016-11-16,,,,,0.0,0,1.0,0.0,pixel_reliability=0 AND MODLAND_QA(bits0-1)=0 AND VI range -2000..10000,MOD13Q1 V061 Terra 250m 16-day
SO2202,Cabdulasis,SO22,Banadir,2016-12-02,,,,,0.0,0,0.0,1.0,pixel_reliability=0 AND MODLAND_QA(bits0-1)=0 AND VI range -2000..10000,MOD13Q1 V061 Terra 250m 16-day
SO2202,Cabdulasis,SO22,Banadir,2016-12-18,,,,,0.0,0,0.0,1.0,pixel_reliability=0 AND MODLAND_QA(bits0-1)=0 AND VI range -2000..10000,MOD13Q1 V061 Terra 250m 16-day
SO2203,Daynile,SO22,Banadir,2016-01-01,0.2585636363636364,0.2627,0.19960000000000003,0.2066,0.3333333333333333,11,0.12121212121212122,0.0,pixel_reliability=0 AND MODLAND_QA(bits0-1)=0 AND VI range -2000..10000,MOD13Q1 V061 Terra 250m 16-day
SO2203,Daynile,SO22,Banadir,2016-01-17,0.2585666666666666,0.26,0.1921666666666666,0.1949,0.3636363636363636,12,0.1818181818181818,0.0,pixel_reliability=0 AND MODLAND_QA(bits0-1)=0 AND VI range -2000..10000,MOD13Q1 V061 Terra 250m 16-day
SO2203,Daynile,SO22,Banadir,2016-02-02,0.21272,0.214,0.16165,0.16255,0.9090909090909092,30,0.0,0.0,pixel_reliability=0 AND MODLAND_QA(bits0-1)=0 AND VI range -2000..10000,MOD13Q1 V061 Terra 250m 16-day
SO2203,Daynile,SO22,Banadir,2016-02-18,0.2173777777777777,0.2232,0.1596666666666666,0.1631,0.2727272727272727,9,0.4242424242424242,0.0,pixel_reliability=0 AND MODLAND_QA(bits0-1)=0 AND VI range -2000..10000,MOD13Q1 V061 Terra 250m 16-day
SO2203,Daynile,SO22,Banadir,2016-03-05,0.2102312499999999,0.2083,0.1557625,0.15675,0.4848484848484848,16,0.2727272727272727,0.0,pixel_reliability=0 AND MODLAND_QA(bits0-1)=0 AND VI range -2000..10000,MOD13Q1 V061 Terra 250m 16-day
SO2203,Daynile,SO22,Banadir,2016-03-21,0.2179722222222222,0.2167,0.1595111111111111,0.1571,0.5454545454545454,18,0.0303030303030303,0.0,pixel_reliability=0 AND MODLAND_QA(bits0-1)=0 AND VI range -2000..10000,MOD13Q1 V061 Terra 250m 16-day
SO2203,Daynile,SO22,Banadir,2016-04-06,0.2132,0.2148,0.1624363636363636,0.1639,0.3333333333333333,11,0.0606060606060606,0.0,pixel_reliability=0 AND MODLAND_QA(bits0-1)=0 AND VI range -2000..10000,MOD13Q1 V061 Terra 250m 16-day
SO2203,Daynile,SO22,Banadir,2016-04-22,,,,,0.0,0,0.0,1.0,pixel_reliability=0 AND MODLAND_QA(bits0-1)=0 AND VI range -2000..10000,MOD13Q1 V061 Terra 250m 16-day
SO2203,Daynile,SO22,Banadir,2016-05-08,,,,,0.0,0,0.0,0.9393939393939394,pixel_reliability=0 AND MODLAND_QA(bits0-1)=0 AND VI range -2000..10000,MOD13Q1 V061 Terra 250m 16-day
SO2203,Daynile,SO22,Banadir,2016-05-24,,,,,0.0,0,0.0303030303030303,0.8484848484848485,pixel_reliability=0 AND MODLAND_QA(bits0-1)=0 AND VI range -2000..10000,MOD13Q1 V061 Terra 250m 16-day
SO2203,Daynile,SO22,Banadir,2016-06-09,0.2681874999999999,0.26985,0.2081833333333333,0.20935,0.7272727272727273,24,0.0303030303030303,0.0,pixel_reliability=0 AND MODLAND_QA(bits0-1)=0 AND VI range -2000..10000,MOD13Q1 V061 Terra 250m 16-day
SO2203,Daynile,SO22,Banadir,2016-06-25,,,,,0.0,0,0.0,0.9393939393939394,pixel_reliability=0 AND MODLAND_QA(bits0-1)=0 AND VI range -2000..10000,MOD13Q1 V061 Terra 250m 16-day
SO2203,Daynile,SO22,Banadir,2016-07-11,,,,,0.0,0,0.0,0.9090909090909092,pixel_reliability=0 AND MODLAND_QA(bits0-1)=0 AND VI range -2000..10000,MOD13Q1 V061 Terra 250m 16-day
SO2203,Daynile,SO22,Banadir,2016-07-27,0.2914555555555556,0.2878,0.2146777777777777,0.21075,0.5454545454545454,18,0.0,0.0909090909090909,pixel_reliability=0 AND MODLAND_QA(bits0-1)=0 AND VI range -2000..10000,MOD13Q1 V061 Terra 250m 16-day
SO2203,Daynile,SO22,Banadir,2016-08-12,,,,,0.0,0,0.0,0.9090909090909092,pixel_reliability=0 AND MODLAND_QA(bits0-1)=0 AND VI range -2000..10000,MOD13Q1 V061 Terra 250m 16-day
SO2203,Daynile,SO22,Banadir,2016-08-28,,,,,0.0,0,0.030303030303030304,0.7272727272727273,pixel_reliability=0 AND MODLAND_QA(bits0-1)=0 AND VI range -2000..10000,MOD13Q1 V061 Terra 250m 16-day
SO2203,Daynile,SO22,Banadir,2016-09-13,0.2805,0.2805,0.2068,0.2068,0.0606060606060606,2,0.3636363636363636,0.2727272727272727,pixel_reliability=0 AND MODLAND_QA(bits0-1)=0 AND VI range -2000..10000,MOD13Q1 V061 Terra 250m 16-day
SO2203,Daynile,SO22,Banadir,2016-09-29,,,,,0.0,0,0.0,1.0,pixel_reliability=0 AND MODLAND_QA(bits0-1)=0 AND VI range -2000..10000,MOD13Q1 V061 Terra 250m 16-day
SO2203,Daynile,SO22,Banadir,2016-10-15,0.2127,0.2127,0.1559,0.1559,0.0303030303030303,1,0.1515151515151515,0.4242424242424242,pixel_reliability=0 AND MODLAND_QA(bits0-1)=0 AND VI range -2000..10000,MOD13Q1 V061 Terra 250m 16-day
SO2203,Daynile,SO22,Banadir,2016-10-31,0.2194619047619048,0.2205,0.1585523809523809,0.1568,0.6363636363636364,21,0.0303030303030303,0.0,pixel_reliability=0 AND MODLAND_QA(bits0-1)=0 AND VI range -2000..10000,MOD13Q1 V061 Terra 250m 16-day
SO2203,Daynile,SO22,Banadir,2016-11-16,,,,,0.0,0,0.0,0.9696969696969696,pixel_reliability=0 AND MODLAND_QA(bits0-1)=0 AND VI range -2000..10000,MOD13Q1 V061 Terra 250m 16-day
SO2203,Daynile,SO22,Banadir,2016-12-02,0.3027,0.3027,0.2411,0.2411,0.0303030303030303,1,0.4545454545454545,0.0909090909090909,pixel_reliability=0 AND MODLAND_QA(bits0-1)=0 AND VI range -2000..10000,MOD13Q1 V061 Terra 250m 16-day
SO2203,Daynile,SO22,Banadir,2016-12-18,,,,,0.0,0,1.0,0.0,pixel_reliability=0 AND MODLAND_QA(bits0-1)=0 AND VI range -2000..10000,MOD13Q1 V061 Terra 250m 16-day
SO2204,Dharkenley,SO22,Banadir,2016-01-01,0.31095,0.25260000000000005,0.236325,0.18910000000000002,0.25,4,0.0625,0.0625,pixel_reliability=0 AND MODLAND_QA(bits0-1)=0 AND VI range -2000..10000,MOD13Q1 V061 Terra 250m 16-day
SO2204,Dharkenley,SO22,Banadir,2016-01-17,0.25795,0.25795,0.1829,0.1829,0.125,2,0.125,0.0625,pixel_reliability=0 AND MODLAND_QA(bits0-1)=0 AND VI range -2000..10000,MOD13Q1 V061 Terra 250m 16-day
SO2204,Dharkenley,SO22,Banadir,2016-02-02,0.2270333333333333,0.215,0.1773,0.1568,0.1875,3,0.1875,0.0,pixel_reliability=0 AND MODLAND_QA(bits0-1)=0 AND VI range -2000..10000,MOD13Q1 V061 Terra 250m 16-day
SO2204,Dharkenley,SO22,Banadir,2016-02-18,0.20528,0.2094,0.15074,0.1524,0.3125,5,0.25,0.0,pixel_reliability=0 AND MODLAND_QA(bits0-1)=0 AND VI range -2000..10000,MOD13Q1 V061 Terra 250m 16-day
SO2204,Dharkenley,SO22,Banadir,2016-03-05,0.2549666666666667,0.2142,0.1693666666666666,0.1478,0.1875,3,0.3125,0.0,pixel_reliability=0 AND MODLAND_QA(bits0-1)=0 AND VI range -2000..10000,MOD13Q1 V061 Terra 250m 16-day
SO2204,Dharkenley,SO22,Banadir,2016-03-21,0.22645,0.2389,0.177975,0.18925,0.25,4,0.1875,0.0,pixel_reliability=0 AND MODLAND_QA(bits0-1)=0 AND VI range -2000..10000,MOD13Q1 V061 Terra 250m 16-day
SO2204,Dharkenley,SO22,Banadir,2016-04-06,0.2279,0.2279,0.1672,0.1672,0.0625,1,0.3125,0.0,pixel_reliability=0 AND MODLAND_QA(bits0-1)=0 AND VI range -2000..10000,MOD13Q1 V061 Terra 250m 16-day
SO2204,Dharkenley,SO22,Banadir,2016-04-22,,,,,0.0,0,0.0625,0.75,pixel_reliability=0 AND MODLAND_QA(bits0-1)=0 AND VI range -2000..10000,MOD13Q1 V061 Terra 250m 16-day
SO2204,Dharkenley,SO22,Banadir,2016-05-08,,,,,0.0,0,0.25,0.625,pixel_reliability=0 AND MODLAND_QA(bits0-1)=0 AND VI range -2000..10000,MOD13Q1 V061 Terra 250m 16-day
SO2204,Dharkenley,SO22,Banadir,2016-05-24,,,,,0.0,0,0.3125,0.4375,pixel_reliability=0 AND MODLAND_QA(bits0-1)=0 AND VI range -2000..10000,MOD13Q1 V061 Terra 250m 16-day
SO2204,Dharkenley,SO22,Banadir,2016-06-09,,,,,0.0,0,0.3125,0.1875,pixel_reliability=0 AND MODLAND_QA(bits0-1)=0 AND VI range -2000..10000,MOD13Q1 V061 Terra 250m 16-day
SO2204,Dharkenley,SO22,Banadir,2016-06-25,,,,,0.0,0,0.125,0.6875,pixel_reliability=0 AND MODLAND_QA(bits0-1)=0 AND VI range -2000..10000,MOD13Q1 V061 Terra 250m 16-day
SO2204,Dharkenley,SO22,Banadir,2016-07-11,0.31395,0.31395,0.2376,0.2376,0.125,2,0.1875,0.25,pixel_reliability=0 AND MODLAND_QA(bits0-1)=0 AND VI range -2000..10000,MOD13Q1 V061 Terra 250m 16-day
SO2204,Dharkenley,SO22,Banadir,2016-07-27,0.3136,0.3136,0.2327,0.2327,0.0625,1,0.3125,0.125,pixel_reliability=0 AND MODLAND_QA(bits0-1)=0 AND VI range -2000..10000,MOD13Q1 V061 Terra 250m 16-day
SO2204,Dharkenley,SO22,Banadir,2016-08-12,,,,,0.0,0,0.125,0.75,pixel_reliability=0 AND MODLAND_QA(bits0-1)=0 AND VI range -2000..10000,MOD13Q1 V061 Terra 250m 16-day
SO2204,Dharkenley,SO22,Banadir,2016-08-28,,,,,0.0,0,0.3125,0.3125,pixel_reliability=0 AND MODLAND_QA(bits0-1)=0 AND VI range -2000..10000,MOD13Q1 V061 Terra 250m 16-day
SO2204,Dharkenley,SO22,Banadir,2016-09-13,,,,,0.0,0,0.5625,0.0625,pixel_reliability=0 AND MODLAND_QA(bits0-1)=0 AND VI range -2000..10000,MOD13Q1 V061 Terra 250m 16-day
SO2204,Dharkenley,SO22,Banadir,2016-09-29,,,,,0.0,0,0.375,0.5625,pixel_reliability=0 AND MODLAND_QA(bits0-1)=0 AND VI range -2000..10000,MOD13Q1 V061 Terra 250m 16-day
SO2204,Dharkenley,SO22,Banadir,2016-10-15,,,,,0.0,0,0.1875,0.3125,pixel_reliability=0 AND MODLAND_QA(bits0-1)=0 AND VI range -2000..10000,MOD13Q1 V061 Terra 250m 16-day
SO2204,Dharkenley,SO22,Banadir,2016-10-31,0.27985,0.27985,0.19695,0.19695,0.125,2,0.125,0.125,pixel_reliability=0 AND MODLAND_QA(bits0-1)=0 AND VI range -2000..10000,MOD13Q1 V061 Terra 250m 16-day
SO2204,Dharkenley,SO22,Banadir,2016-11-16,,,,,0.0,0,0.125,0.5,pixel_reliability=0 AND MODLAND_QA(bits0-1)=0 AND VI range -2000..10000,MOD13Q1 V061 Terra 250m 16-day
SO2204,Dharkenley,SO22,Banadir,2016-12-02,0.2534,0.27595,0.19195,0.21635,0.25,4,0.5,0.0625,pixel_reliability=0 AND MODLAND_QA(bits0-1)=0 AND VI range -2000..10000,MOD13Q1 V061 Terra 250m 16-day
SO2204,Dharkenley,SO22,Banadir,2016-12-18,0.32785,0.32785,0.2347,0.2347,0.125,2,0.4375,0.0,pixel_reliability=0 AND MODLAND_QA(bits0-1)=0 AND VI range -2000..10000,MOD13Q1 V061 Terra 250m 16-day
SO2205,Hamar Jabjab,SO22,Banadir,2016-01-01,,,,,0.0,0,0.0,0.0,pixel_reliability=0 AND MODLAND_QA(bits0-1)=0 AND VI range -2000..10000,MOD13Q1 V061 Terra 250m 16-day
SO2205,Hamar Jabjab,SO22,Banadir,2016-01-17,,,,,0.0,0,0.0,1.0,pixel_reliability=0 AND MODLAND_QA(bits0-1)=0 AND VI range -2000..10000,MOD13Q1 V061 Terra 250m 16-day
SO2205,Hamar Jabjab,SO22,Banadir,2016-02-02,,,,,0.0,0,0.0,1.0,pixel_reliability=0 AND MODLAND_QA(bits0-1)=0 AND VI range -2000..10000,MOD13Q1 V061 Terra 250m 16-day
SO2205,Hamar Jabjab,SO22,Banadir,2016-02-18,,,,,0.0,0,1.0,0.0,pixel_reliability=0 AND MODLAND_QA(bits0-1)=0 AND VI range -2000..10000,MOD13Q1 V061 Terra 250m 16-day
SO2205,Hamar Jabjab,SO22,Banadir,2016-03-05,,,,,0.0,0,0.0,0.0,pixel_reliability=0 AND MODLAND_QA(bits0-1)=0 AND VI range -2000..10000,MOD13Q1 V061 Terra 250m 16-day
SO2205,Hamar Jabjab,SO22,Banadir,2016-03-21,,,,,0.0,0,1.0,0.0,pixel_reliability=0 AND MODLAND_QA(bits0-1)=0 AND VI range -2000..10000,MOD13Q1 V061 Terra 250m 16-day
SO2205,Hamar Jabjab,SO22,Banadir,2016-04-06,,,,,0.0,0,0.0,1.0,pixel_reliability=0 AND MODLAND_QA(bits0-1)=0 AND VI range -2000..10000,MOD13Q1 V061 Terra 250m 16-day
SO2205,Hamar Jabjab,SO22,Banadir,2016-04-22,,,,,0.0,0,0.0,1.0,pixel_reliability=0 AND MODLAND_QA(bits0-1)=0 AND VI range -2000..10000,MOD13Q1 V061 Terra 250m 16-day
SO2205,Hamar Jabjab,SO22,Banadir,2016-05-08,,,,,0.0,0,0.0,0.0,pixel_reliability=0 AND MODLAND_QA(bits0-1)=0 AND VI range -2000..10000,MOD13Q1 V061 Terra 250m 16-day
SO2205,Hamar Jabjab,SO22,Banadir,2016-05-24,,,,,0.0,0,0.0,1.0,pixel_reliability=0 AND MODLAND_QA(bits0-1)=0 AND VI range -2000..10000,MOD13Q1 V061 Terra 250m 16-day
SO2205,Hamar Jabjab,SO22,Banadir,2016-06-09,,,,,0.0,0,0.0,1.0,pixel_reliability=0 AND MODLAND_QA(bits0-1)=0 AND VI range -2000..10000,MOD13Q1 V061 Terra 250m 16-day
SO2205,Hamar Jabjab,SO22,Banadir,2016-06-25,,,,,0.0,0,1.0,0.0,pixel_reliability=0 AND MODLAND_QA(bits0-1)=0 AND VI range -2000..10000,MOD13Q1 V061 Terra 250m 16-day
SO2205,Hamar Jabjab,SO22,Banadir,2016-07-11,,,,,0.0,0,0.0,1.0,pixel_reliability=0 AND MODLAND_QA(bits0-1)=0 AND VI range -2000..10000,MOD13Q1 V061 Terra 250m 16-day
SO2205,Hamar Jabjab,SO22,Banadir,2016-07-27,,,,,0.0,0,0.0,1.0,pixel_reliability=0 AND MODLAND_QA(bits0-1)=0 AND VI range -2000..10000,MOD13Q1 V061 Terra 250m 16-day
SO2205,Hamar Jabjab,SO22,Banadir,2016-08-12,,,,,0.0,0,0.0,1.0,pixel_reliability=0 AND MODLAND_QA(bits0-1)=0 AND VI range -2000..10000,MOD13Q1 V061 Terra 250m 16-day
SO2205,Hamar Jabjab,SO22,Banadir,2016-08-28,,,,,0.0,0,0.0,1.0,pixel_reliability=0 AND MODLAND_QA(bits0-1)=0 AND VI range -2000..10000,MOD13Q1 V061 Terra 250m 16-day
SO2205,Hamar Jabjab,SO22,Banadir,2016-09-13,,,,,0.0,0,1.0,0.0,pixel_reliability=0 AND MODLAND_QA(bits0-1)=0 AND VI range -2000..10000,MOD13Q1 V061 Terra 250m 16-day
SO2205,Hamar Jabjab,SO22,Banadir,2016-09-29,,,,,0.0,0,0.0,1.0,pixel_reliability=0 AND MODLAND_QA(bits0-1)=0 AND VI range -2000..10000,MOD13Q1 V061 Terra 250m 16-day
SO2205,Hamar Jabjab,SO22,Banadir,2016-10-15,,,,,0.0,0,0.0,1.0,pixel_reliability=0 AND MODLAND_QA(bits0-1)=0 AND VI range -2000..10000,MOD13Q1 V061 Terra 250m 16-day
SO2205,Hamar Jabjab,SO22,Banadir,2016-10-31,,,,,0.0,0,0.0,0.0,pixel_reliability=0 AND MODLAND_QA(bits0-1)=0 AND VI range -2000..10000,MOD13Q1 V061 Terra 250m 16-day
SO2205,Hamar Jabjab,SO22,Banadir,2016-11-16,0.109,0.109,0.033,0.033,1.0,1,0.0,0.0,pixel_reliability=0 AND MODLAND_QA(bits0-1)=0 AND VI range -2000..10000,MOD13Q1 V061 Terra 250m 16-day
SO2205,Hamar Jabjab,SO22,Banadir,2016-12-02,,,,,0.0,0,0.0,0.0,pixel_reliability=0 AND MODLAND_QA(bits0-1)=0 AND VI range -2000..10000,MOD13Q1 V061 Terra 250m 16-day
SO2205,Hamar Jabjab,SO22,Banadir,2016-12-18,,,,,0.0,0,0.0,0.0,pixel_reliability=0 AND MODLAND_QA(bits0-1)=0 AND VI range -2000..10000,MOD13Q1 V061 Terra 250m 16-day
SO2206,Hamar Weyne,SO22,Banadir,2016-01-01,,,,,0.0,0,0.25,0.0,pixel_reliability=0 AND MODLAND_QA(bits0-1)=0 AND VI range -2000..10000,MOD13Q1 V061 Terra 250m 16-day
SO2206,Hamar Weyne,SO22,Banadir,2016-01-17,,,,,0.0,0,0.0,1.0,pixel_reliability=0 AND MODLAND_QA(bits0-1)=0 AND VI range -2000..10000,MOD13Q1 V061 Terra 250m 16-day
SO2206,Hamar Weyne,SO22,Banadir,2016-02-02,,,,,0.0,0,0.0,0.75,pixel_reliability=0 AND MODLAND_QA(bits0-1)=0 AND VI range -2000..10000,MOD13Q1 V061 Terra 250m 16-day
SO2206,Hamar Weyne,SO22,Banadir,2016-02-18,,,,,0.0,0,0.75,0.0,pixel_reliability=0 AND MODLAND_QA(bits0-1)=0 AND VI range -2000..10000,MOD13Q1 V061 Terra 250m 16-day
SO2206,Hamar Weyne,SO22,Banadir,2016-03-05,,,,,0.0,0,0.5,0.0,pixel_reliability=0 AND MODLAND_QA(bits0-1)=0 AND VI range -2000..10000,MOD13Q1 V061 Terra 250m 16-day
SO2206,Hamar Weyne,SO22,Banadir,2016-03-21,,,,,0.0,0,0.5,0.25,pixel_reliability=0 AND MODLAND_QA(bits0-1)=0 AND VI range -2000..10000,MOD13Q1 V061 Terra 250m 16-day
SO2206,Hamar Weyne,SO22,Banadir,2016-04-06,,,,,0.0,0,0.0,0.75,pixel_reliability=0 AND MODLAND_QA(bits0-1)=0 AND VI range -2000..10000,MOD13Q1 V061 Terra 250m 16-day
SO2206,Hamar Weyne,SO22,Banadir,2016-04-22,,,,,0.0,0,0.0,0.75,pixel_reliability=0 AND MODLAND_QA(bits0-1)=0 AND VI range -2000..10000,MOD13Q1 V061 Terra 250m 16-day
SO2206,Hamar Weyne,SO22,Banadir,2016-05-08,,,,,0.0,0,0.0,0.75,pixel_reliability=0 AND MODLAND_QA(bits0-1)=0 AND VI range -2000..10000,MOD13Q1 V061 Terra 250m 16-day
SO2206,Hamar Weyne,SO22,Banadir,2016-05-24,,,,,0.0,0,0.0,1.0,pixel_reliability=0 AND MODLAND_QA(bits0-1)=0 AND VI range -2000..10000,MOD13Q1 V061 Terra 250m 16-day
SO2206,Hamar Weyne,SO22,Banadir,2016-06-09,,,,,0.0,0,0.0,1.0,pixel_reliability=0 AND MODLAND_QA(bits0-1)=0 AND VI range -2000..10000,MOD13Q1 V061 Terra 250m 16-day
SO2206,Hamar Weyne,SO22,Banadir,2016-06-25,,,,,0.0,0,1.0,0.0,pixel_reliability=0 AND MODLAND_QA(bits0-1)=0 AND VI range -2000..10000,MOD13Q1 V061 Terra 250m 16-day
SO2206,Hamar Weyne,SO22,Banadir,2016-07-11,,,,,0.0,0,0.0,1.0,pixel_reliability=0 AND MODLAND_QA(bits0-1)=0 AND VI range -2000..10000,MOD13Q1 V061 Terra 250m 16-day
SO2206,Hamar Weyne,SO22,Banadir,2016-07-27,,,,,0.0,0,0.0,0.5,pixel_reliability=0 AND MODLAND_QA(bits0-1)=0 AND VI range -2000..10000,MOD13Q1 V061 Terra 250m 16-day
SO2206,Hamar Weyne,SO22,Banadir,2016-08-12,,,,,0.0,0,0.0,0.5,pixel_reliability=0 AND MODLAND_QA(bits0-1)=0 AND VI range -2000..10000,MOD13Q1 V061 Terra 250m 16-day
SO2206,Hamar Weyne,SO22,Banadir,2016-08-28,,,,,0.0,0,0.0,1.0,pixel_reliability=0 AND MODLAND_QA(bits0-1)=0 AND VI range -2000..10000,MOD13Q1 V061 Terra 250m 16-day
SO2206,Hamar Weyne,SO22,Banadir,2016-09-13,,,,,0.0,0,1.0,0.0,pixel_reliability=0 AND MODLAND_QA(bits0-1)=0 AND VI range -2000..10000,MOD13Q1 V061 Terra 250m 16-day
SO2206,Hamar Weyne,SO22,Banadir,2016-09-29,,,,,0.0,0,0.0,1.0,pixel_reliability=0 AND MODLAND_QA(bits0-1)=0 AND VI range -2000..10000,MOD13Q1 V061 Terra 250m 16-day
SO2206,Hamar Weyne,SO22,Banadir,2016-10-15,,,,,0.0,0,0.0,1.0,pixel_reliability=0 AND MODLAND_QA(bits0-1)=0 AND VI range -2000..10000,MOD13Q1 V061 Terra 250m 16-day
SO2206,Hamar Weyne,SO22,Banadir,2016-10-31,,,,,0.0,0,0.5,0.25,pixel_reliability=0 AND MODLAND_QA(bits0-1)=0 AND VI range -2000..10000,MOD13Q1 V061 Terra 250m 16-day
SO2206,Hamar Weyne,SO22,Banadir,2016-11-16,,,,,0.0,0,0.25,0.75,pixel_reliability=0 AND MODLAND_QA(bits0-1)=0 AND VI range -2000..10000,MOD13Q1 V061 Terra 250m 16-day
SO2206,Hamar Weyne,SO22,Banadir,2016-12-02,,,,,0.0,0,0.75,0.0,pixel_reliability=0 AND MODLAND_QA(bits0-1)=0 AND VI range -2000..10000,MOD13Q1 V061 Terra 250m 16-day
SO2206,Hamar Weyne,SO22,Banadir,2016-12-18,,,,,0.0,0,0.0,0.25,pixel_reliability=0 AND MODLAND_QA(bits0-1)=0 AND VI range -2000..10000,MOD13Q1 V061 Terra 250m 16-day
SO2207,Hawl Wadaag,SO22,Banadir,2016-01-01,0.1774,0.1774,0.12990000000000002,0.12990000000000002,0.07692307692307693,1,0.5384615384615384,0.0,pixel_reliability=0 AND MODLAND_QA(bits0-1)=0 AND VI range -2000..10000,MOD13Q1 V061 Terra 250m 16-day
SO2207,Hawl Wadaag,SO22,Banadir,2016-01-17,,,,,0.0,0,0.7692307692307693,0.0769230769230769,pixel_reliability=0 AND MODLAND_QA(bits0-1)=0 AND VI range -2000..10000,MOD13Q1 V061 Terra 250m 16-day
SO2207,Hawl Wadaag,SO22,Banadir,2016-02-02,0.1635,0.1635,0.1233,0.1233,0.1538461538461538,2,0.4615384615384615,0.0,pixel_reliability=0 AND MODLAND_QA(bits0-1)=0 AND VI range -2000..10000,MOD13Q1 V061 Terra 250m 16-day
SO2207,Hawl Wadaag,SO22,Banadir,2016-02-18,,,,,0.0,0,0.7692307692307693,0.0,pixel_reliability=0 AND MODLAND_QA(bits0-1)=0 AND VI range -2000..10000,MOD13Q1 V061 Terra 250m 16-day
SO2207,Hawl Wadaag,SO22,Banadir,2016-03-05,,,,,0.0,0,0.9230769230769232,0.0,pixel_reliability=0 AND MODLAND_QA(bits0-1)=0 AND VI range -2000..10000,MOD13Q1 V061 Terra 250m 16-day
SO2207,Hawl Wadaag,SO22,Banadir,2016-03-21,0.18225,0.18225,0.11705,0.11705,0.1538461538461538,2,0.6923076923076923,0.0,pixel_reliability=0 AND MODLAND_QA(bits0-1)=0 AND VI range -2000..10000,MOD13Q1 V061 Terra 250m 16-day
SO2207,Hawl Wadaag,SO22,Banadir,2016-04-06,,,,,0.0,0,0.4615384615384615,0.0769230769230769,pixel_reliability=0 AND MODLAND_QA(bits0-1)=0 AND VI range -2000..10000,MOD13Q1 V061 Terra 250m 16-day
SO2207,Hawl Wadaag,SO22,Banadir,2016-04-22,,,,,0.0,0,0.3076923076923077,0.3846153846153846,pixel_reliability=0 AND MODLAND_QA(bits0-1)=0 AND VI range -2000..10000,MOD13Q1 V061 Terra 250m 16-day
SO2207,Hawl Wadaag,SO22,Banadir,2016-05-08,,,,,0.0,0,0.3846153846153846,0.2307692307692307,pixel_reliability=0 AND MODLAND_QA(bits0-1)=0 AND VI range -2000..10000,MOD13Q1 V061 Terra 250m 16-day
SO2207,Hawl Wadaag,SO22,Banadir,2016-05-24,,,,,0.0,0,0.0,0.8461538461538461,pixel_reliability=0 AND MODLAND_QA(bits0-1)=0 AND VI range -2000..10000,MOD13Q1 V061 Terra 250m 16-day
SO2207,Hawl Wadaag,SO22,Banadir,2016-06-09,,,,,0.0,0,0.4615384615384615,0.1538461538461538,pixel_reliability=0 AND MODLAND_QA(bits0-1)=0 AND VI range -2000..10000,MOD13Q1 V061 Terra 250m 16-day
SO2207,Hawl Wadaag,SO22,Banadir,2016-06-25,,,,,0.0,0,0.3076923076923077,0.2307692307692307,pixel_reliability=0 AND MODLAND_QA(bits0-1)=0 AND VI range -2000..10000,MOD13Q1 V061 Terra 250m 16-day
SO2207,Hawl Wadaag,SO22,Banadir,2016-07-11,,,,,0.0,0,0.3846153846153846,0.1538461538461538,pixel_reliability=0 AND MODLAND_QA(bits0-1)=0 AND VI range -2000..10000,MOD13Q1 V061 Terra 250m 16-day
SO2207,Hawl Wadaag,SO22,Banadir,2016-07-27,0.2606,0.2606,0.1897,0.1897,0.0769230769230769,1,0.4615384615384615,0.1538461538461538,pixel_reliability=0 AND MODLAND_QA(bits0-1)=0 AND VI range -2000..10000,MOD13Q1 V061 Terra 250m 16-day
SO2207,Hawl Wadaag,SO22,Banadir,2016-08-12,,,,,0.0,0,0.0,0.8461538461538461,pixel_reliability=0 AND MODLAND_QA(bits0-1)=0 AND VI range -2000..10000,MOD13Q1 V061 Terra 250m 16-day
SO2207,Hawl Wadaag,SO22,Banadir,2016-08-28,,,,,0.0,0,0.23076923076923078,0.3076923076923077,pixel_reliability=0 AND MODLAND_QA(bits0-1)=0 AND VI range -2000..10000,MOD13Q1 V061 Terra 250m 16-day
SO2207,Hawl Wadaag,SO22,Banadir,2016-09-13,,,,,0.0,0,0.8461538461538461,0.0,pixel_reliability=0 AND MODLAND_QA(bits0-1)=0 AND VI range -2000..10000,MOD13Q1 V061 Terra 250m 16-day
SO2207,Hawl Wadaag,SO22,Banadir,2016-09-29,,,,,0.0,0,0.3076923076923077,0.4615384615384615,pixel_reliability=0 AND MODLAND_QA(bits0-1)=0 AND VI range -2000..10000,MOD13Q1 V061 Terra 250m 16-day
SO2207,Hawl Wadaag,SO22,Banadir,2016-10-15,,,,,0.0,0,0.0,0.6923076923076923,pixel_reliability=0 AND MODLAND_QA(bits0-1)=0 AND VI range -2000..10000,MOD13Q1 V061 Terra 250m 16-day
SO2207,Hawl Wadaag,SO22,Banadir,2016-10-31,,,,,0.0,0,0.7692307692307693,0.0,pixel_reliability=0 AND MODLAND_QA(bits0-1)=0 AND VI range -2000..10000,MOD13Q1 V061 Terra 250m 16-day
SO2207,Hawl Wadaag,SO22,Banadir,2016-11-16,,,,,0.0,0,0.3076923076923077,0.3846153846153846,pixel_reliability=0 AND MODLAND_QA(bits0-1)=0 AND VI range -2000..10000,MOD13Q1 V061 Terra 250m 16-day
SO2207,Hawl Wadaag,SO22,Banadir,2016-12-02,0.20095,0.20095,0.15665,0.15665,0.1538461538461538,2,0.6153846153846154,0.0,pixel_reliability=0 AND MODLAND_QA(bits0-1)=0 AND VI range -2000..10000,MOD13Q1 V061 Terra 250m 16-day
SO2207,Hawl Wadaag,SO22,Banadir,2016-12-18,,,,,0.0,0,0.7692307692307693,0.0,pixel_reliability=0 AND MODLAND_QA(bits0-1)=0 AND VI range -2000..10000,MOD13Q1 V061 Terra 250m 16-day
SO2208,Heliwa,SO22,Banadir,2016-01-01,0.28583333333333333,0.2818,0.21516666666666664,0.20750000000000002,0.2727272727272727,3,0.0,0.0,pixel_reliability=0 AND MODLAND_QA(bits0-1)=0 AND VI range -2000..10000,MOD13Q1 V061 Terra 250m 16-day
SO2208,Heliwa,SO22,Banadir,2016-01-17,0.3115666666666667,0.3183,0.2422,0.2491,0.2727272727272727,3,0.0,0.0,pixel_reliability=0 AND MODLAND_QA(bits0-1)=0 AND VI range -2000..10000,MOD13Q1 V061 Terra 250m 16-day
SO2208,Heliwa,SO22,Banadir,2016-02-02,0.2686,0.2686,0.2084,0.2084,0.0909090909090909,1,0.1818181818181818,0.0,pixel_reliability=0 AND MODLAND_QA(bits0-1)=0 AND VI range -2000..10000,MOD13Q1 V061 Terra 250m 16-day
SO2208,Heliwa,SO22,Banadir,2016-02-18,0.2733666666666667,0.2816,0.2156333333333333,0.2229,0.2727272727272727,3,0.1818181818181818,0.0,pixel_reliability=0 AND MODLAND_QA(bits0-1)=0 AND VI range -2000..10000,MOD13Q1 V061 Terra 250m 16-day
SO2208,Heliwa,SO22,Banadir,2016-03-05,0.2412,0.2412,0.1911,0.1911,0.0909090909090909,1,0.1818181818181818,0.0,pixel_reliability=0 AND MODLAND_QA(bits0-1)=0 AND VI range -2000..10000,MOD13Q1 V061 Terra 250m 16-day
SO2208,Heliwa,SO22,Banadir,2016-03-21,0.2557,0.2557,0.1814,0.1814,0.0909090909090909,1,0.0,0.0,pixel_reliability=0 AND MODLAND_QA(bits0-1)=0 AND VI range -2000..10000,MOD13Q1 V061 Terra 250m 16-day
SO2208,Heliwa,SO22,Banadir,2016-04-06,0.23075,0.23075,0.18215,0.18215,0.1818181818181818,2,0.0909090909090909,0.0,pixel_reliability=0 AND MODLAND_QA(bits0-1)=0 AND VI range -2000..10000,MOD13Q1 V061 Terra 250m 16-day
SO2208,Heliwa,SO22,Banadir,2016-04-22,0.2514,0.2514,0.1854,0.1854,0.0909090909090909,1,0.1818181818181818,0.0,pixel_reliability=0 AND MODLAND_QA(bits0-1)=0 AND VI range -2000..10000,MOD13Q1 V061 Terra 250m 16-day
SO2208,Heliwa,SO22,Banadir,2016-05-08,,,,,0.0,0,0.2727272727272727,0.2727272727272727,pixel_reliability=0 AND MODLAND_QA(bits0-1)=0 AND VI range -2000..10000,MOD13Q1 V061 Terra 250m 16-day
SO2208,Heliwa,SO22,Banadir,2016-05-24,,,,,0.0,0,0.3636363636363636,0.3636363636363636,pixel_reliability=0 AND MODLAND_QA(bits0-1)=0 AND VI range -2000..10000,MOD13Q1 V061 Terra 250m 16-day
SO2208,Heliwa,SO22,Banadir,2016-06-09,0.2518249999999999,0.24245,0.1989,0.1904,0.3636363636363636,4,0.2727272727272727,0.0,pixel_reliability=0 AND MODLAND_QA(bits0-1)=0 AND VI range -2000..10000,MOD13Q1 V061 Terra 250m 16-day
SO2208,Heliwa,SO22,Banadir,2016-06-25,0.3005,0.3005,0.22125,0.22125,0.1818181818181818,2,0.3636363636363636,0.0909090909090909,pixel_reliability=0 AND MODLAND_QA(bits0-1)=0 AND VI range -2000..10000,MOD13Q1 V061 Terra 250m 16-day
SO2208,Heliwa,SO22,Banadir,2016-07-11,0.3176,0.3176,0.2667,0.2667,0.0909090909090909,1,0.1818181818181818,0.0909090909090909,pixel_reliability=0 AND MODLAND_QA(bits0-1)=0 AND VI range -2000..10000,MOD13Q1 V061 Terra 250m 16-day
SO2208,Heliwa,SO22,Banadir,2016-07-27,0.2883666666666666,0.2927,0.2205,0.2334,0.2727272727272727,3,0.1818181818181818,0.0909090909090909,pixel_reliability=0 AND MODLAND_QA(bits0-1)=0 AND VI range -2000..10000,MOD13Q1 V061 Terra 250m 16-day
SO2208,Heliwa,SO22,Banadir,2016-08-12,,,,,0.0,0,0.4545454545454545,0.2727272727272727,pixel_reliability=0 AND MODLAND_QA(bits0-1)=0 AND VI range -2000..10000,MOD13Q1 V061 Terra 250m 16-day
SO2208,Heliwa,SO22,Banadir,2016-08-28,,,,,0.0,0,0.7272727272727273,0.09090909090909091,pixel_reliability=0 AND MODLAND_QA(bits0-1)=0 AND VI range -2000..10000,MOD13Q1 V061 Terra 250m 16-day
SO2208,Heliwa,SO22,Banadir,2016-09-13,0.26855,0.27265,0.2012,0.20395,0.3636363636363636,4,0.0909090909090909,0.0,pixel_reliability=0 AND MODLAND_QA(bits0-1)=0 AND VI range -2000..10000,MOD13Q1 V061 Terra 250m 16-day
SO2208,Heliwa,SO22,Banadir,2016-09-29,0.2616,0.2616,0.2142,0.2142,0.1818181818181818,2,0.1818181818181818,0.3636363636363636,pixel_reliability=0 AND MODLAND_QA(bits0-1)=0 AND VI range -2000..10000,MOD13Q1 V061 Terra 250m 16-day
SO2208,Heliwa,SO22,Banadir,2016-10-15,0.2665,0.2665,0.20125,0.20125,0.1818181818181818,2,0.2727272727272727,0.1818181818181818,pixel_reliability=0 AND MODLAND_QA(bits0-1)=0 AND VI range -2000..10000,MOD13Q1 V061 Terra 250m 16-day
SO2208,Heliwa,SO22,Banadir,2016-10-31,0.2411333333333333,0.2309,0.1822666666666666,0.1855,0.2727272727272727,3,0.2727272727272727,0.0,pixel_reliability=0 AND MODLAND_QA(bits0-1)=0 AND VI range -2000..10000,MOD13Q1 V061 Terra 250m 16-day
SO2208,Heliwa,SO22,Banadir,2016-11-16,0.2911,0.2911,0.2218,0.2218,0.0909090909090909,1,0.3636363636363636,0.0,pixel_reliability=0 AND MODLAND_QA(bits0-1)=0 AND VI range -2000..10000,MOD13Q1 V061 Terra 250m 16-day
SO2208,Heliwa,SO22,Banadir,2016-12-02,0.2737,0.2737,0.21935,0.21935,0.1818181818181818,2,0.4545454545454545,0.0,pixel_reliability=0 AND MODLAND_QA(bits0-1)=0 AND VI range -2000..10000,MOD13Q1 V061 Terra 250m 16-day
SO2208,Heliwa,SO22,Banadir,2016-12-18,0.267,0.267,0.2015,0.2015,0.0909090909090909,1,0.7272727272727273,0.0,pixel_reliability=0 AND MODLAND_QA(bits0-1)=0 AND VI range -2000..10000,MOD13Q1 V061 Terra 250m 16-day
SO2209,Hodan,SO22,Banadir,2016-01-01,0.1774,0.1774,0.12990000000000002,0.12990000000000002,0.1,1,0.5,0.0,pixel_reliability=0 AND MODLAND_QA(bits0-1)=0 AND VI range -2000..10000,MOD13Q1 V061 Terra 250m 16-day
SO2209,Hodan,SO22,Banadir,2016-01-17,,,,,0.0,0,1.0,0.0,pixel_reliability=0 AND MODLAND_QA(bits0-1)=0 AND VI range -2000..10000,MOD13Q1 V061 Terra 250m 16-day
SO2209,Hodan,SO22,Banadir,2016-02-02,0.1898,0.1898,0.1407,0.1407,0.2,2,0.3,0.0,pixel_reliability=0 AND MODLAND_QA(bits0-1)=0 AND VI range -2000..10000,MOD13Q1 V061 Terra 250m 16-day
SO2209,Hodan,SO22,Banadir,2016-02-18,,,,,0.0,0,0.8,0.0,pixel_reliability=0 AND MODLAND_QA(bits0-1)=0 AND VI range -2000..10000,MOD13Q1 V061 Terra 250m 16-day
SO2209,Hodan,SO22,Banadir,2016-03-05,,,,,0.0,0,1.0,0.0,pixel_reliability=0 AND MODLAND_QA(bits0-1)=0 AND VI range -2000..10000,MOD13Q1 V061 Terra 250m 16-day
SO2209,Hodan,SO22,Banadir,2016-03-21,0.2184,0.2184,0.1439,0.1439,0.1,1,0.5,0.0,pixel_reliability=0 AND MODLAND_QA(bits0-1)=0 AND VI range -2000..10000,MOD13Q1 V061 Terra 250m 16-day
SO2209,Hodan,SO22,Banadir,2016-04-06,,,,,0.0,0,0.6,0.0,pixel_reliability=0 AND MODLAND_QA(bits0-1)=0 AND VI range -2000..10000,MOD13Q1 V061 Terra 250m 16-day
SO2209,Hodan,SO22,Banadir,2016-04-22,,,,,0.0,0,0.2,0.6,pixel_reliability=0 AND MODLAND_QA(bits0-1)=0 AND VI range -2000..10000,MOD13Q1 V061 Terra 250m 16-day
SO2209,Hodan,SO22,Banadir,2016-05-08,,,,,0.0,0,0.4,0.2,pixel_reliability=0 AND MODLAND_QA(bits0-1)=0 AND VI range -2000..10000,MOD13Q1 V061 Terra 250m 16-day
SO2209,Hodan,SO22,Banadir,2016-05-24,,,,,0.0,0,0.0,0.9,pixel_reliability=0 AND MODLAND_QA(bits0-1)=0 AND VI range -2000..10000,MOD13Q1 V061 Terra 250m 16-day
SO2209,Hodan,SO22,Banadir,2016-06-09,,,,,0.0,0,0.6,0.0,pixel_reliability=0 AND MODLAND_QA(bits0-1)=0 AND VI range -2000..10000,MOD13Q1 V061 Terra 250m 16-day
SO2209,Hodan,SO22,Banadir,2016-06-25,,,,,0.0,0,0.3,0.3,pixel_reliability=0 AND MODLAND_QA(bits0-1)=0 AND VI range -2000..10000,MOD13Q1 V061 Terra 250m 16-day
SO2209,Hodan,SO22,Banadir,2016-07-11,,,,,0.0,0,0.3,0.3,pixel_reliability=0 AND MODLAND_QA(bits0-1)=0 AND VI range -2000..10000,MOD13Q1 V061 Terra 250m 16-day
SO2209,Hodan,SO22,Banadir,2016-07-27,0.24565,0.24565,0.1748,0.1748,0.2,2,0.3,0.1,pixel_reliability=0 AND MODLAND_QA(bits0-1)=0 AND VI range -2000..10000,MOD13Q1 V061 Terra 250m 16-day
SO2209,Hodan,SO22,Banadir,2016-08-12,,,,,0.0,0,0.0,0.6,pixel_reliability=0 AND MODLAND_QA(bits0-1)=0 AND VI range -2000..10000,MOD13Q1 V061 Terra 250m 16-day
SO2209,Hodan,SO22,Banadir,2016-08-28,,,,,0.0,0,0.4,0.2,pixel_reliability=0 AND MODLAND_QA(bits0-1)=0 AND VI range -2000..10000,MOD13Q1 V061 Terra 250m 16-day
SO2209,Hodan,SO22,Banadir,2016-09-13,,,,,0.0,0,0.8,0.0,pixel_reliability=0 AND MODLAND_QA(bits0-1)=0 AND VI range -2000..10000,MOD13Q1 V061 Terra 250m 16-day
SO2209,Hodan,SO22,Banadir,2016-09-29,,,,,0.0,0,0.2,0.5,pixel_reliability=0 AND MODLAND_QA(bits0-1)=0 AND VI range -2000..10000,MOD13Q1 V061 Terra 250m 16-day
SO2209,Hodan,SO22,Banadir,2016-10-15,,,,,0.0,0,0.1,0.5,pixel_reliability=0 AND MODLAND_QA(bits0-1)=0 AND VI range -2000..10000,MOD13Q1 V061 Terra 250m 16-day
SO2209,Hodan,SO22,Banadir,2016-10-31,0.2282,0.2282,0.1563,0.1563,0.1,1,0.7,0.0,pixel_reliability=0 AND MODLAND_QA(bits0-1)=0 AND VI range -2000..10000,MOD13Q1 V061 Terra 250m 16-day
SO2209,Hodan,SO22,Banadir,2016-11-16,0.2527,0.2527,0.1669,0.1669,0.1,1,0.5,0.1,pixel_reliability=0 AND MODLAND_QA(bits0-1)=0 AND VI range -2000..10000,MOD13Q1 V061 Terra 250m 16-day
SO2209,Hodan,SO22,Banadir,2016-12-02,0.186,0.186,0.1466,0.1466,0.1,1,0.5,0.1,pixel_reliability=0 AND MODLAND_QA(bits0-1)=0 AND VI range -2000..10000,MOD13Q1 V061 Terra 250m 16-day
SO2209,Hodan,SO22,Banadir,2016-12-18,,,,,0.0,0,0.6,0.2,pixel_reliability=0 AND MODLAND_QA(bits0-1)=0 AND VI range -2000..10000,MOD13Q1 V061 Terra 250m 16-day
SO2210,Kahda,SO22,Banadir,2016-01-01,0.2611846153846154,0.2738,0.19652307692307694,0.1996,0.3611111111111111,13,0.3333333333333333,0.027777777777777776,pixel_reliability=0 AND MODLAND_QA(bits0-1)=0 AND VI range -2000..10000,MOD13Q1 V061 Terra 250m 16-day
SO2210,Kahda,SO22,Banadir,2016-01-17,0.2328818181818182,0.2257,0.1645818181818182,0.1578,0.3055555555555556,11,0.1388888888888889,0.0,pixel_reliability=0 AND MODLAND_QA(bits0-1)=0 AND VI range -2000..10000,MOD13Q1 V061 Terra 250m 16-day
SO2210,Kahda,SO22,Banadir,2016-02-02,0.1993586206896551,0.1967,0.1476827586206896,0.1467,0.8055555555555556,29,0.0277777777777777,0.0,pixel_reliability=0 AND MODLAND_QA(bits0-1)=0 AND VI range -2000..10000,MOD13Q1 V061 Terra 250m 16-day
SO2210,Kahda,SO22,Banadir,2016-02-18,0.1990142857142857,0.1922,0.1444285714285714,0.1393,0.1944444444444444,7,0.5277777777777778,0.0,pixel_reliability=0 AND MODLAND_QA(bits0-1)=0 AND VI range -2000..10000,MOD13Q1 V061 Terra 250m 16-day
SO2210,Kahda,SO22,Banadir,2016-03-05,0.193815,0.1913,0.14279,0.1443,0.5555555555555556,20,0.1111111111111111,0.0,pixel_reliability=0 AND MODLAND_QA(bits0-1)=0 AND VI range -2000..10000,MOD13Q1 V061 Terra 250m 16-day
SO2210,Kahda,SO22,Banadir,2016-03-21,0.1902833333333333,0.18985,0.1391833333333333,0.1402499999999999,0.1666666666666666,6,0.3333333333333333,0.0,pixel_reliability=0 AND MODLAND_QA(bits0-1)=0 AND VI range -2000..10000,MOD13Q1 V061 Terra 250m 16-day
SO2210,Kahda,SO22,Banadir,2016-04-06,0.1939416666666666,0.1967,0.1455499999999999,0.14605,0.3333333333333333,12,0.0555555555555555,0.0277777777777777,pixel_reliability=0 AND MODLAND_QA(bits0-1)=0 AND VI range -2000..10000,MOD13Q1 V061 Terra 250m 16-day
SO2210,Kahda,SO22,Banadir,2016-04-22,,,,,0.0,0,0.0277777777777777,0.9166666666666666,pixel_reliability=0 AND MODLAND_QA(bits0-1)=0 AND VI range -2000..10000,MOD13Q1 V061 Terra 250m 16-day
SO2210,Kahda,SO22,Banadir,2016-05-08,,,,,0.0,0,0.0,0.8333333333333334,pixel_reliability=0 AND MODLAND_QA(bits0-1)=0 AND VI range -2000..10000,MOD13Q1 V061 Terra 250m 16-day
SO2210,Kahda,SO22,Banadir,2016-05-24,0.3083,0.3083,0.2457,0.2457,0.0277777777777777,1,0.1388888888888889,0.5,pixel_reliability=0 AND MODLAND_QA(bits0-1)=0 AND VI range -2000..10000,MOD13Q1 V061 Terra 250m 16-day
SO2210,Kahda,SO22,Banadir,2016-06-09,0.2581777777777778,0.2659,0.1937277777777778,0.19905,0.5,18,0.0833333333333333,0.0,pixel_reliability=0 AND MODLAND_QA(bits0-1)=0 AND VI range -2000..10000,MOD13Q1 V061 Terra 250m 16-day
SO2210,Kahda,SO22,Banadir,2016-06-25,,,,,0.0,0,0.0,1.0,pixel_reliability=0 AND MODLAND_QA(bits0-1)=0 AND VI range -2000..10000,MOD13Q1 V061 Terra 250m 16-day
SO2210,Kahda,SO22,Banadir,2016-07-11,,,,,0.0,0,0.0277777777777777,0.9722222222222222,pixel_reliability=0 AND MODLAND_QA(bits0-1)=0 AND VI range -2000..10000,MOD13Q1 V061 Terra 250m 16-day
SO2210,Kahda,SO22,Banadir,2016-07-27,0.2797615384615385,0.2843,0.1992807692307692,0.2018,0.7222222222222222,26,0.0277777777777777,0.0,pixel_reliability=0 AND MODLAND_QA(bits0-1)=0 AND VI range -2000..10000,MOD13Q1 V061 Terra 250m 16-day
SO2210,Kahda,SO22,Banadir,2016-08-12,,,,,0.0,0,0.0555555555555555,0.7777777777777778,pixel_reliability=0 AND MODLAND_QA(bits0-1)=0 AND VI range -2000..10000,MOD13Q1 V061 Terra 250m 16-day
SO2210,Kahda,SO22,Banadir,2016-08-28,,,,,0.0,0,0.0,0.6666666666666666,pixel_reliability=0 AND MODLAND_QA(bits0-1)=0 AND VI range -2000..10000,MOD13Q1 V061 Terra 250m 16-day
SO2210,Kahda,SO22,Banadir,2016-09-13,0.2684571428571428,0.268,0.1927714285714285,0.2001,0.1944444444444444,7,0.25,0.1111111111111111,pixel_reliability=0 AND MODLAND_QA(bits0-1)=0 AND VI range -2000..10000,MOD13Q1 V061 Terra 250m 16-day
SO2210,Kahda,SO22,Banadir,2016-09-29,,,,,0.0,0,0.0,1.0,pixel_reliability=0 AND MODLAND_QA(bits0-1)=0 AND VI range -2000..10000,MOD13Q1 V061 Terra 250m 16-day
SO2210,Kahda,SO22,Banadir,2016-10-15,,,,,0.0,0,0.0833333333333333,0.6944444444444444,pixel_reliability=0 AND MODLAND_QA(bits0-1)=0 AND VI range -2000..10000,MOD13Q1 V061 Terra 250m 16-day
SO2210,Kahda,SO22,Banadir,2016-10-31,0.21642,0.215,0.15044,0.1497,0.2777777777777778,10,0.3333333333333333,0.0277777777777777,pixel_reliability=0 AND MODLAND_QA(bits0-1)=0 AND VI range -2000..10000,MOD13Q1 V061 Terra 250m 16-day
SO2210,Kahda,SO22,Banadir,2016-11-16,,,,,0.0,0,0.0,1.0,pixel_reliability=0 AND MODLAND_QA(bits0-1)=0 AND VI range -2000..10000,MOD13Q1 V061 Terra 250m 16-day
SO2210,Kahda,SO22,Banadir,2016-12-02,0.3031666666666667,0.3124,0.23565,0.24345,0.1666666666666666,6,0.4166666666666667,0.0833333333333333,pixel_reliability=0 AND MODLAND_QA(bits0-1)=0 AND VI range -2000..10000,MOD13Q1 V061 Terra 250m 16-day
SO2210,Kahda,SO22,Banadir,2016-12-18,,,,,0.0,0,0.8055555555555556,0.0555555555555555,pixel_reliability=0 AND MODLAND_QA(bits0-1)=0 AND VI range -2000..10000,MOD13Q1 V061 Terra 250m 16-day
SO2211,Karaan,SO22,Banadir,2016-01-01,0.2792,0.28650000000000003,0.22914000000000004,0.2303,0.17857142857142858,5,0.25,0.10714285714285714,pixel_reliability=0 AND MODLAND_QA(bits0-1)=0 AND VI range -2000..10000,MOD13Q1 V061 Terra 250m 16-day
SO2211,Karaan,SO22,Banadir,2016-01-17,0.2827,0.2827,0.2292,0.2292,0.0357142857142857,1,0.25,0.3928571428571428,pixel_reliability=0 AND MODLAND_QA(bits0-1)=0 AND VI range -2000..10000,MOD13Q1 V061 Terra 250m 16-day
SO2211,Karaan,SO22,Banadir,2016-02-02,,,,,0.0,0,0.1071428571428571,0.3571428571428571,pixel_reliability=0 AND MODLAND_QA(bits0-1)=0 AND VI range -2000..10000,MOD13Q1 V061 Terra 250m 16-day
SO2211,Karaan,SO22,Banadir,2016-02-18,0.2392,0.2392,0.1993,0.1993,0.0357142857142857,1,0.5,0.25,pixel_reliability=0 AND MODLAND_QA(bits0-1)=0 AND VI range -2000..10000,MOD13Q1 V061 Terra 250m 16-day
SO2211,Karaan,SO22,Banadir,2016-03-05,0.24385,0.24385,0.19055,0.19055,0.0714285714285714,2,0.2142857142857142,0.25,pixel_reliability=0 AND MODLAND_QA(bits0-1)=0 AND VI range -2000..10000,MOD13Q1 V061 Terra 250m 16-day
SO2211,Karaan,SO22,Banadir,2016-03-21,0.2641333333333333,0.2672,0.1935333333333333,0.1929,0.1071428571428571,3,0.25,0.1428571428571428,pixel_reliability=0 AND MODLAND_QA(bits0-1)=0 AND VI range -2000..10000,MOD13Q1 V061 Terra 250m 16-day
SO2211,Karaan,SO22,Banadir,2016-04-06,,,,,0.0,0,0.2142857142857142,0.3571428571428571,pixel_reliability=0 AND MODLAND_QA(bits0-1)=0 AND VI range -2000..10000,MOD13Q1 V061 Terra 250m 16-day
SO2211,Karaan,SO22,Banadir,2016-04-22,,,,,0.0,0,0.4285714285714285,0.1785714285714285,pixel_reliability=0 AND MODLAND_QA(bits0-1)=0 AND VI range -2000..10000,MOD13Q1 V061 Terra 250m 16-day
SO2211,Karaan,SO22,Banadir,2016-05-08,,,,,0.0,0,0.1785714285714285,0.4285714285714285,pixel_reliability=0 AND MODLAND_QA(bits0-1)=0 AND VI range -2000..10000,MOD13Q1 V061 Terra 250m 16-day
SO2211,Karaan,SO22,Banadir,2016-05-24,,,,,0.0,0,0.25,0.5357142857142857,pixel_reliability=0 AND MODLAND_QA(bits0-1)=0 AND VI range -2000..10000,MOD13Q1 V061 Terra 250m 16-day
SO2211,Karaan,SO22,Banadir,2016-06-09,,,,,0.0,0,0.2857142857142857,0.2142857142857142,pixel_reliability=0 AND MODLAND_QA(bits0-1)=0 AND VI range -2000..10000,MOD13Q1 V061 Terra 250m 16-day
SO2211,Karaan,SO22,Banadir,2016-06-25,,,,,0.0,0,0.1071428571428571,0.6785714285714286,pixel_reliability=0 AND MODLAND_QA(bits0-1)=0 AND VI range -2000..10000,MOD13Q1 V061 Terra 250m 16-day
SO2211,Karaan,SO22,Banadir,2016-07-11,,,,,0.0,0,0.1785714285714285,0.5,pixel_reliability=0 AND MODLAND_QA(bits0-1)=0 AND VI range -2000..10000,MOD13Q1 V061 Terra 250m 16-day
SO2211,Karaan,SO22,Banadir,2016-07-27,0.2731,0.2731,0.2065,0.2065,0.0357142857142857,1,0.3214285714285714,0.25,pixel_reliability=0 AND MODLAND_QA(bits0-1)=0 AND VI range -2000..10000,MOD13Q1 V061 Terra 250m 16-day
SO2211,Karaan,SO22,Banadir,2016-08-12,,,,,0.0,0,0.25,0.4642857142857143,pixel_reliability=0 AND MODLAND_QA(bits0-1)=0 AND VI range -2000..10000,MOD13Q1 V061 Terra 250m 16-day
SO2211,Karaan,SO22,Banadir,2016-08-28,,,,,0.0,0,0.21428571428571427,0.42857142857142855,pixel_reliability=0 AND MODLAND_QA(bits0-1)=0 AND VI range -2000..10000,MOD13Q1 V061 Terra 250m 16-day
SO2211,Karaan,SO22,Banadir,2016-09-13,,,,,0.0,0,0.5357142857142857,0.1071428571428571,pixel_reliability=0 AND MODLAND_QA(bits0-1)=0 AND VI range -2000..10000,MOD13Q1 V061 Terra 250m 16-day
SO2211,Karaan,SO22,Banadir,2016-09-29,,,,,0.0,0,0.2857142857142857,0.4285714285714285,pixel_reliability=0 AND MODLAND_QA(bits0-1)=0 AND VI range -2000..10000,MOD13Q1 V061 Terra 250m 16-day
SO2211,Karaan,SO22,Banadir,2016-10-15,0.28325,0.28325,0.2167,0.2167,0.0714285714285714,2,0.3571428571428571,0.3571428571428571,pixel_reliability=0 AND MODLAND_QA(bits0-1)=0 AND VI range -2000..10000,MOD13Q1 V061 Terra 250m 16-day
SO2211,Karaan,SO22,Banadir,2016-10-31,0.2438,0.2438,0.1609,0.1609,0.0357142857142857,1,0.5,0.1071428571428571,pixel_reliability=0 AND MODLAND_QA(bits0-1)=0 AND VI range -2000..10000,MOD13Q1 V061 Terra 250m 16-day
SO2211,Karaan,SO22,Banadir,2016-11-16,0.2415,0.2415,0.1819,0.1819,0.0714285714285714,2,0.3571428571428571,0.0357142857142857,pixel_reliability=0 AND MODLAND_QA(bits0-1)=0 AND VI range -2000..10000,MOD13Q1 V061 Terra 250m 16-day
SO2211,Karaan,SO22,Banadir,2016-12-02,0.3241333333333333,0.3388,0.2606,0.2623,0.1071428571428571,3,0.2142857142857142,0.1071428571428571,pixel_reliability=0 AND MODLAND_QA(bits0-1)=0 AND VI range -2000..10000,MOD13Q1 V061 Terra 250m 16-day
SO2211,Karaan,SO22,Banadir,2016-12-18,0.2913,0.2913,0.2365,0.2365,0.0357142857142857,1,0.5357142857142857,0.0357142857142857,pixel_reliability=0 AND MODLAND_QA(bits0-1)=0 AND VI range -2000..10000,MOD13Q1 V061 Terra 250m 16-day
SO2212,Shangaani,SO22,Banadir,2016-01-01,,,,,0.0,0,0.0,0.0,pixel_reliability=0 AND MODLAND_QA(bits0-1)=0 AND VI range -2000..10000,MOD13Q1 V061 Terra 250m 16-day
SO2212,Shangaani,SO22,Banadir,2016-01-17,,,,,0.0,0,0.0,1.0,pixel_reliability=0 AND MODLAND_QA(bits0-1)=0 AND VI range -2000..10000,MOD13Q1 V061 Terra 250m 16-day
SO2212,Shangaani,SO22,Banadir,2016-02-02,,,,,0.0,0,0.0,1.0,pixel_reliability=0 AND MODLAND_QA(bits0-1)=0 AND VI range -2000..10000,MOD13Q1 V061 Terra 250m 16-day
SO2212,Shangaani,SO22,Banadir,2016-02-18,,,,,0.0,0,1.0,0.0,pixel_reliability=0 AND MODLAND_QA(bits0-1)=0 AND VI range -2000..10000,MOD13Q1 V061 Terra 250m 16-day
SO2212,Shangaani,SO22,Banadir,2016-03-05,,,,,0.0,0,0.0,0.0,pixel_reliability=0 AND MODLAND_QA(bits0-1)=0 AND VI range -2000..10000,MOD13Q1 V061 Terra 250m 16-day
SO2212,Shangaani,SO22,Banadir,2016-03-21,,,,,0.0,0,0.0,1.0,pixel_reliability=0 AND MODLAND_QA(bits0-1)=0 AND VI range -2000..10000,MOD13Q1 V061 Terra 250m 16-day
SO2212,Shangaani,SO22,Banadir,2016-04-06,,,,,0.0,0,0.0,1.0,pixel_reliability=0 AND MODLAND_QA(bits0-1)=0 AND VI range -2000..10000,MOD13Q1 V061 Terra 250m 16-day
SO2212,Shangaani,SO22,Banadir,2016-04-22,,,,,0.0,0,0.0,1.0,pixel_reliability=0 AND MODLAND_QA(bits0-1)=0 AND VI range -2000..10000,MOD13Q1 V061 Terra 250m 16-day
SO2212,Shangaani,SO22,Banadir,2016-05-08,,,,,0.0,0,0.0,1.0,pixel_reliability=0 AND MODLAND_QA(bits0-1)=0 AND VI range -2000..10000,MOD13Q1 V061 Terra 250m 16-day
SO2212,Shangaani,SO22,Banadir,2016-05-24,,,,,0.0,0,0.0,1.0,pixel_reliability=0 AND MODLAND_QA(bits0-1)=0 AND VI range -2000..10000,MOD13Q1 V061 Terra 250m 16-day
SO2212,Shangaani,SO22,Banadir,2016-06-09,,,,,0.0,0,0.0,1.0,pixel_reliability=0 AND MODLAND_QA(bits0-1)=0 AND VI range -2000..10000,MOD13Q1 V061 Terra 250m 16-day
SO2212,Shangaani,SO22,Banadir,2016-06-25,,,,,0.0,0,1.0,0.0,pixel_reliability=0 AND MODLAND_QA(bits0-1)=0 AND VI range -2000..10000,MOD13Q1 V061 Terra 250m 16-day
SO2212,Shangaani,SO22,Banadir,2016-07-11,,,,,0.0,0,0.0,1.0,pixel_reliability=0 AND MODLAND_QA(bits0-1)=0 AND VI range -2000..10000,MOD13Q1 V061 Terra 250m 16-day
SO2212,Shangaani,SO22,Banadir,2016-07-27,,,,,0.0,0,0.0,1.0,pixel_reliability=0 AND MODLAND_QA(bits0-1)=0 AND VI range -2000..10000,MOD13Q1 V061 Terra 250m 16-day
SO2212,Shangaani,SO22,Banadir,2016-08-12,,,,,0.0,0,0.0,0.0,pixel_reliability=0 AND MODLAND_QA(bits0-1)=0 AND VI range -2000..10000,MOD13Q1 V061 Terra 250m 16-day
SO2212,Shangaani,SO22,Banadir,2016-08-28,,,,,0.0,0,0.0,1.0,pixel_reliability=0 AND MODLAND_QA(bits0-1)=0 AND VI range -2000..10000,MOD13Q1 V061 Terra 250m 16-day
SO2212,Shangaani,SO22,Banadir,2016-09-13,,,,,0.0,0,1.0,0.0,pixel_reliability=0 AND MODLAND_QA(bits0-1)=0 AND VI range -2000..10000,MOD13Q1 V061 Terra 250m 16-day
SO2212,Shangaani,SO22,Banadir,2016-09-29,,,,,0.0,0,0.0,1.0,pixel_reliability=0 AND MODLAND_QA(bits0-1)=0 AND VI range -2000..10000,MOD13Q1 V061 Terra 250m 16-day
SO2212,Shangaani,SO22,Banadir,2016-10-15,,,,,0.0,0,0.0,1.0,pixel_reliability=0 AND MODLAND_QA(bits0-1)=0 AND VI range -2000..10000,MOD13Q1 V061 Terra 250m 16-day
SO2212,Shangaani,SO22,Banadir,2016-10-31,,,,,0.0,0,0.0,1.0,pixel_reliability=0 AND MODLAND_QA(bits0-1)=0 AND VI range -2000..10000,MOD13Q1 V061 Terra 250m 16-day
SO2212,Shangaani,SO22,Banadir,2016-11-16,,,,,0.0,0,0.0,1.0,pixel_reliability=0 AND MODLAND_QA(bits0-1)=0 AND VI range -2000..10000,MOD13Q1 V061 Terra 250m 16-day
SO2212,Shangaani,SO22,Banadir,2016-12-02,,,,,0.0,0,1.0,0.0,pixel_reliability=0 AND MODLAND_QA(bits0-1)=0 AND VI range -2000..10000,MOD13Q1 V061 Terra 250m 16-day
SO2212,Shangaani,SO22,Banadir,2016-12-18,,,,,0.0,0,0.0,0.0,pixel_reliability=0 AND MODLAND_QA(bits0-1)=0 AND VI range -2000..10000,MOD13Q1 V061 Terra 250m 16-day
SO2213,Shibis,SO22,Banadir,2016-01-01,,,,,0.0,0,0.75,0.0,pixel_reliability=0 AND MODLAND_QA(bits0-1)=0 AND VI range -2000..10000,MOD13Q1 V061 Terra 250m 16-day
SO2213,Shibis,SO22,Banadir,2016-01-17,,,,,0.0,0,0.0,0.25,pixel_reliability=0 AND MODLAND_QA(bits0-1)=0 AND VI range -2000..10000,MOD13Q1 V061 Terra 250m 16-day
SO2213,Shibis,SO22,Banadir,2016-02-02,,,,,0.0,0,0.0,1.0,pixel_reliability=0 AND MODLAND_QA(bits0-1)=0 AND VI range -2000..10000,MOD13Q1 V061 Terra 250m 16-day
SO2213,Shibis,SO22,Banadir,2016-02-18,,,,,0.0,0,0.0,1.0,pixel_reliability=0 AND MODLAND_QA(bits0-1)=0 AND VI range -2000..10000,MOD13Q1 V061 Terra 250m 16-day
SO2213,Shibis,SO22,Banadir,2016-03-05,,,,,0.0,0,0.0,0.75,pixel_reliability=0 AND MODLAND_QA(bits0-1)=0 AND VI range -2000..10000,MOD13Q1 V061 Terra 250m 16-day
SO2213,Shibis,SO22,Banadir,2016-03-21,,,,,0.0,0,0.25,0.0,pixel_reliability=0 AND MODLAND_QA(bits0-1)=0 AND VI range -2000..10000,MOD13Q1 V061 Terra 250m 16-day
SO2213,Shibis,SO22,Banadir,2016-04-06,,,,,0.0,0,0.0,0.5,pixel_reliability=0 AND MODLAND_QA(bits0-1)=0 AND VI range -2000..10000,MOD13Q1 V061 Terra 250m 16-day
SO2213,Shibis,SO22,Banadir,2016-04-22,,,,,0.0,0,0.75,0.0,pixel_reliability=0 AND MODLAND_QA(bits0-1)=0 AND VI range -2000..10000,MOD13Q1 V061 Terra 250m 16-day
SO2213,Shibis,SO22,Banadir,2016-05-08,,,,,0.0,0,0.5,0.25,pixel_reliability=0 AND MODLAND_QA(bits0-1)=0 AND VI range -2000..10000,MOD13Q1 V061 Terra 250m 16-day
SO2213,Shibis,SO22,Banadir,2016-05-24,,,,,0.0,0,0.0,1.0,pixel_reliability=0 AND MODLAND_QA(bits0-1)=0 AND VI range -2000..10000,MOD13Q1 V061 Terra 250m 16-day
SO2213,Shibis,SO22,Banadir,2016-06-09,,,,,0.0,0,0.25,0.5,pixel_reliability=0 AND MODLAND_QA(bits0-1)=0 AND VI range -2000..10000,MOD13Q1 V061 Terra 250m 16-day
SO2213,Shibis,SO22,Banadir,2016-06-25,,,,,0.0,0,0.25,0.25,pixel_reliability=0 AND MODLAND_QA(bits0-1)=0 AND VI range -2000..10000,MOD13Q1 V061 Terra 250m 16-day
SO2213,Shibis,SO22,Banadir,2016-07-11,,,,,0.0,0,0.25,0.75,pixel_reliability=0 AND MODLAND_QA(bits0-1)=0 AND VI range -2000..10000,MOD13Q1 V061 Terra 250m 16-day
SO2213,Shibis,SO22,Banadir,2016-07-27,,,,,0.0,0,0.25,0.0,pixel_reliability=0 AND MODLAND_QA(bits0-1)=0 AND VI range -2000..10000,MOD13Q1 V061 Terra 250m 16-day
SO2213,Shibis,SO22,Banadir,2016-08-12,,,,,0.0,0,0.0,0.75,pixel_reliability=0 AND MODLAND_QA(bits0-1)=0 AND VI range -2000..10000,MOD13Q1 V061 Terra 250m 16-day
SO2213,Shibis,SO22,Banadir,2016-08-28,,,,,0.0,0,0.0,0.75,pixel_reliability=0 AND MODLAND_QA(bits0-1)=0 AND VI range -2000..10000,MOD13Q1 V061 Terra 250m 16-day
SO2213,Shibis,SO22,Banadir,2016-09-13,,,,,0.0,0,0.5,0.0,pixel_reliability=0 AND MODLAND_QA(bits0-1)=0 AND VI range -2000..10000,MOD13Q1 V061 Terra 250m 16-day
SO2213,Shibis,SO22,Banadir,2016-09-29,,,,,0.0,0,0.0,0.75,pixel_reliability=0 AND MODLAND_QA(bits0-1)=0 AND VI range -2000..10000,MOD13Q1 V061 Terra 250m 16-day
SO2213,Shibis,SO22,Banadir,2016-10-15,,,,,0.0,0,0.0,1.0,pixel_reliability=0 AND MODLAND_QA(bits0-1)=0 AND VI range -2000..10000,MOD13Q1 V061 Terra 250m 16-day
SO2213,Shibis,SO22,Banadir,2016-10-31,,,,,0.0,0,0.75,0.0,pixel_reliability=0 AND MODLAND_QA(bits0-1)=0 AND VI range -2000..10000,MOD13Q1 V061 Terra 250m 16-day
SO2213,Shibis,SO22,Banadir,2016-11-16,,,,,0.0,0,0.25,0.5,pixel_reliability=0 AND MODLAND_QA(bits0-1)=0 AND VI range -2000..10000,MOD13Q1 V061 Terra 250m 16-day
SO2213,Shibis,SO22,Banadir,2016-12-02,,,,,0.0,0,0.0,0.75,pixel_reliability=0 AND MODLAND_QA(bits0-1)=0 AND VI range -2000..10000,MOD13Q1 V061 Terra 250m 16-day
SO2213,Shibis,SO22,Banadir,2016-12-18,,,,,0.0,0,0.25,0.75,pixel_reliability=0 AND MODLAND_QA(bits0-1)=0 AND VI range -2000..10000,MOD13Q1 V061 Terra 250m 16-day
SO2214,Waaberi,SO22,Banadir,2016-01-01,0.21230000000000002,0.21230000000000002,0.18560000000000001,0.18560000000000001,0.1111111111111111,1,0.3333333333333333,0.2222222222222222,pixel_reliability=0 AND MODLAND_QA(bits0-1)=0 AND VI range -2000..10000,MOD13Q1 V061 Terra 250m 16-day
SO2214,Waaberi,SO22,Banadir,2016-01-17,,,,,0.0,0,0.2222222222222222,0.2222222222222222,pixel_reliability=0 AND MODLAND_QA(bits0-1)=0 AND VI range -2000..10000,MOD13Q1 V061 Terra 250m 16-day
SO2214,Waaberi,SO22,Banadir,2016-02-02,,,,,0.0,0,0.3333333333333333,0.5555555555555556,pixel_reliability=0 AND MODLAND_QA(bits0-1)=0 AND VI range -2000..10000,MOD13Q1 V061 Terra 250m 16-day
SO2214,Waaberi,SO22,Banadir,2016-02-18,,,,,0.0,0,0.8888888888888888,0.0,pixel_reliability=0 AND MODLAND_QA(bits0-1)=0 AND VI range -2000..10000,MOD13Q1 V061 Terra 250m 16-day
SO2214,Waaberi,SO22,Banadir,2016-03-05,,,,,0.0,0,0.4444444444444444,0.0,pixel_reliability=0 AND MODLAND_QA(bits0-1)=0 AND VI range -2000..10000,MOD13Q1 V061 Terra 250m 16-day
SO2214,Waaberi,SO22,Banadir,2016-03-21,0.18225,0.18225,0.11705,0.11705,0.2222222222222222,2,0.7777777777777778,0.0,pixel_reliability=0 AND MODLAND_QA(bits0-1)=0 AND VI range -2000..10000,MOD13Q1 V061 Terra 250m 16-day
SO2214,Waaberi,SO22,Banadir,2016-04-06,,,,,0.0,0,0.3333333333333333,0.2222222222222222,pixel_reliability=0 AND MODLAND_QA(bits0-1)=0 AND VI range -2000..10000,MOD13Q1 V061 Terra 250m 16-day
SO2214,Waaberi,SO22,Banadir,2016-04-22,0.2533,0.2533,0.1831,0.1831,0.1111111111111111,1,0.4444444444444444,0.2222222222222222,pixel_reliability=0 AND MODLAND_QA(bits0-1)=0 AND VI range -2000..10000,MOD13Q1 V061 Terra 250m 16-day
SO2214,Waaberi,SO22,Banadir,2016-05-08,,,,,0.0,0,0.7777777777777778,0.1111111111111111,pixel_reliability=0 AND MODLAND_QA(bits0-1)=0 AND VI range -2000..10000,MOD13Q1 V061 Terra 250m 16-day
SO2214,Waaberi,SO22,Banadir,2016-05-24,,,,,0.0,0,0.0,0.8888888888888888,pixel_reliability=0 AND MODLAND_QA(bits0-1)=0 AND VI range -2000..10000,MOD13Q1 V061 Terra 250m 16-day
SO2214,Waaberi,SO22,Banadir,2016-06-09,,,,,0.0,0,0.0,0.7777777777777778,pixel_reliability=0 AND MODLAND_QA(bits0-1)=0 AND VI range -2000..10000,MOD13Q1 V061 Terra 250m 16-day
SO2214,Waaberi,SO22,Banadir,2016-06-25,,,,,0.0,0,0.5555555555555556,0.1111111111111111,pixel_reliability=0 AND MODLAND_QA(bits0-1)=0 AND VI range -2000..10000,MOD13Q1 V061 Terra 250m 16-day
SO2214,Waaberi,SO22,Banadir,2016-07-11,,,,,0.0,0,0.2222222222222222,0.5555555555555556,pixel_reliability=0 AND MODLAND_QA(bits0-1)=0 AND VI range -2000..10000,MOD13Q1 V061 Terra 250m 16-day
SO2214,Waaberi,SO22,Banadir,2016-07-27,,,,,0.0,0,0.2222222222222222,0.5555555555555556,pixel_reliability=0 AND MODLAND_QA(bits0-1)=0 AND VI range -2000..10000,MOD13Q1 V061 Terra 250m 16-day
SO2214,Waaberi,SO22,Banadir,2016-08-12,,,,,0.0,0,0.0,1.0,pixel_reliability=0 AND MODLAND_QA(bits0-1)=0 AND VI range -2000..10000,MOD13Q1 V061 Terra 250m 16-day
SO2214,Waaberi,SO22,Banadir,2016-08-28,,,,,0.0,0,0.3333333333333333,0.3333333333333333,pixel_reliability=0 AND MODLAND_QA(bits0-1)=0 AND VI range -2000..10000,MOD13Q1 V061 Terra 250m 16-day
SO2214,Waaberi,SO22,Banadir,2016-09-13,,,,,0.0,0,0.6666666666666666,0.0,pixel_reliability=0 AND MODLAND_QA(bits0-1)=0 AND VI range -2000..10000,MOD13Q1 V061 Terra 250m 16-day
SO2214,Waaberi,SO22,Banadir,2016-09-29,,,,,0.0,0,0.1111111111111111,0.6666666666666666,pixel_reliability=0 AND MODLAND_QA(bits0-1)=0 AND VI range -2000..10000,MOD13Q1 V061 Terra 250m 16-day
SO2214,Waaberi,SO22,Banadir,2016-10-15,,,,,0.0,0,0.0,0.8888888888888888,pixel_reliability=0 AND MODLAND_QA(bits0-1)=0 AND VI range -2000..10000,MOD13Q1 V061 Terra 250m 16-day
SO2214,Waaberi,SO22,Banadir,2016-10-31,,,,,0.0,0,0.4444444444444444,0.2222222222222222,pixel_reliability=0 AND MODLAND_QA(bits0-1)=0 AND VI range -2000..10000,MOD13Q1 V061 Terra 250m 16-day
SO2214,Waaberi,SO22,Banadir,2016-11-16,0.2355,0.2355,0.1577,0.1577,0.1111111111111111,1,0.2222222222222222,0.5555555555555556,pixel_reliability=0 AND MODLAND_QA(bits0-1)=0 AND VI range -2000..10000,MOD13Q1 V061 Terra 250m 16-day
SO2214,Waaberi,SO22,Banadir,2016-12-02,0.1645,0.1645,0.13045,0.13045,0.2222222222222222,2,0.2222222222222222,0.0,pixel_reliability=0 AND MODLAND_QA(bits0-1)=0 AND VI range -2000..10000,MOD13Q1 V061 Terra 250m 16-day
SO2214,Waaberi,SO22,Banadir,2016-12-18,,,,,0.0,0,0.4444444444444444,0.2222222222222222,pixel_reliability=0 AND MODLAND_QA(bits0-1)=0 AND VI range -2000..10000,MOD13Q1 V061 Terra 250m 16-day
SO2215,Wadajir (Medina),SO22,Banadir,2016-01-01,0.2599,0.26680000000000004,0.191875,0.18155,0.12903225806451613,4,0.3548387096774194,0.0,pixel_reliability=0 AND MODLAND_QA(bits0-1)=0 AND VI range -2000..10000,MOD13Q1 V061 Terra 250m 16-day
SO2215,Wadajir (Medina),SO22,Banadir,2016-01-17,0.22475,0.22475,0.1944,0.1944,0.064516129032258,2,0.4838709677419355,0.032258064516129,pixel_reliability=0 AND MODLAND_QA(bits0-1)=0 AND VI range -2000..10000,MOD13Q1 V061 Terra 250m 16-day
SO2215,Wadajir (Medina),SO22,Banadir,2016-02-02,0.19768,0.1993,0.15276,0.1569,0.1612903225806451,5,0.4193548387096774,0.032258064516129,pixel_reliability=0 AND MODLAND_QA(bits0-1)=0 AND VI range -2000..10000,MOD13Q1 V061 Terra 250m 16-day
SO2215,Wadajir (Medina),SO22,Banadir,2016-02-18,0.178525,0.175,0.13375,0.1308,0.1290322580645161,4,0.4838709677419355,0.0,pixel_reliability=0 AND MODLAND_QA(bits0-1)=0 AND VI range -2000..10000,MOD13Q1 V061 Terra 250m 16-day
SO2215,Wadajir (Medina),SO22,Banadir,2016-03-05,,,,,0.0,0,0.6129032258064516,0.0,pixel_reliability=0 AND MODLAND_QA(bits0-1)=0 AND VI range -2000..10000,MOD13Q1 V061 Terra 250m 16-day
SO2215,Wadajir (Medina),SO22,Banadir,2016-03-21,0.1770499999999999,0.17905,0.118825,0.11635,0.1290322580645161,4,0.3225806451612903,0.0,pixel_reliability=0 AND MODLAND_QA(bits0-1)=0 AND VI range -2000..10000,MOD13Q1 V061 Terra 250m 16-day
SO2215,Wadajir (Medina),SO22,Banadir,2016-04-06,0.18355,0.18355,0.13505,0.13505,0.064516129032258,2,0.5806451612903226,0.0,pixel_reliability=0 AND MODLAND_QA(bits0-1)=0 AND VI range -2000..10000,MOD13Q1 V061 Terra 250m 16-day
SO2215,Wadajir (Medina),SO22,Banadir,2016-04-22,,,,,0.0,0,0.3225806451612903,0.3870967741935484,pixel_reliability=0 AND MODLAND_QA(bits0-1)=0 AND VI range -2000..10000,MOD13Q1 V061 Terra 250m 16-day
SO2215,Wadajir (Medina),SO22,Banadir,2016-05-08,,,,,0.0,0,0.4516129032258064,0.4193548387096774,pixel_reliability=0 AND MODLAND_QA(bits0-1)=0 AND VI range -2000..10000,MOD13Q1 V061 Terra 250m 16-day
SO2215,Wadajir (Medina),SO22,Banadir,2016-05-24,,,,,0.0,0,0.064516129032258,0.6774193548387096,pixel_reliability=0 AND MODLAND_QA(bits0-1)=0 AND VI range -2000..10000,MOD13Q1 V061 Terra 250m 16-day
SO2215,Wadajir (Medina),SO22,Banadir,2016-06-09,0.2766,0.2766,0.2065,0.2065,0.032258064516129,1,0.4838709677419355,0.1612903225806451,pixel_reliability=0 AND MODLAND_QA(bits0-1)=0 AND VI range -2000..10000,MOD13Q1 V061 Terra 250m 16-day
SO2215,Wadajir (Medina),SO22,Banadir,2016-06-25,,,,,0.0,0,0.1290322580645161,0.7419354838709677,pixel_reliability=0 AND MODLAND_QA(bits0-1)=0 AND VI range -2000..10000,MOD13Q1 V061 Terra 250m 16-day
SO2215,Wadajir (Medina),SO22,Banadir,2016-07-11,,,,,0.0,0,0.0,0.8387096774193549,pixel_reliability=0 AND MODLAND_QA(bits0-1)=0 AND VI range -2000..10000,MOD13Q1 V061 Terra 250m 16-day
SO2215,Wadajir (Medina),SO22,Banadir,2016-07-27,0.1865,0.1865,0.1216,0.1216,0.032258064516129,1,0.1612903225806451,0.2903225806451613,pixel_reliability=0 AND MODLAND_QA(bits0-1)=0 AND VI range -2000..10000,MOD13Q1 V061 Terra 250m 16-day
SO2215,Wadajir (Medina),SO22,Banadir,2016-08-12,,,,,0.0,0,0.2580645161290322,0.3548387096774194,pixel_reliability=0 AND MODLAND_QA(bits0-1)=0 AND VI range -2000..10000,MOD13Q1 V061 Terra 250m 16-day
SO2215,Wadajir (Medina),SO22,Banadir,2016-08-28,,,,,0.0,0,0.5161290322580645,0.2903225806451613,pixel_reliability=0 AND MODLAND_QA(bits0-1)=0 AND VI range -2000..10000,MOD13Q1 V061 Terra 250m 16-day
SO2215,Wadajir (Medina),SO22,Banadir,2016-09-13,0.1938,0.1938,0.142,0.142,0.032258064516129,1,0.5483870967741935,0.0,pixel_reliability=0 AND MODLAND_QA(bits0-1)=0 AND VI range -2000..10000,MOD13Q1 V061 Terra 250m 16-day
SO2215,Wadajir (Medina),SO22,Banadir,2016-09-29,0.1635666666666666,0.1433,0.1383333333333333,0.1224,0.0967741935483871,3,0.2903225806451613,0.2580645161290322,pixel_reliability=0 AND MODLAND_QA(bits0-1)=0 AND VI range -2000..10000,MOD13Q1 V061 Terra 250m 16-day
SO2215,Wadajir (Medina),SO22,Banadir,2016-10-15,,,,,0.0,0,0.2580645161290322,0.3548387096774194,pixel_reliability=0 AND MODLAND_QA(bits0-1)=0 AND VI range -2000..10000,MOD13Q1 V061 Terra 250m 16-day
SO2215,Wadajir (Medina),SO22,Banadir,2016-10-31,0.2113499999999999,0.2113499999999999,0.1367,0.1367,0.064516129032258,2,0.4516129032258064,0.1612903225806451,pixel_reliability=0 AND MODLAND_QA(bits0-1)=0 AND VI range -2000..10000,MOD13Q1 V061 Terra 250m 16-day
SO2215,Wadajir (Medina),SO22,Banadir,2016-11-16,0.29775,0.29775,0.2186,0.2186,0.064516129032258,2,0.1612903225806451,0.4193548387096774,pixel_reliability=0 AND MODLAND_QA(bits0-1)=0 AND VI range -2000..10000,MOD13Q1 V061 Terra 250m 16-day
SO2215,Wadajir (Medina),SO22,Banadir,2016-12-02,,,,,0.0,0,0.3870967741935484,0.0967741935483871,pixel_reliability=0 AND MODLAND_QA(bits0-1)=0 AND VI range -2000..10000,MOD13Q1 V061 Terra 250m 16-day
SO2215,Wadajir (Medina),SO22,Banadir,2016-12-18,0.22535,0.22535,0.16735,0.16735,0.064516129032258,2,0.4838709677419355,0.064516129032258,pixel_reliability=0 AND MODLAND_QA(bits0-1)=0 AND VI range -2000..10000,MOD13Q1 V061 Terra 250m 16-day
SO2216,Wardhigley,SO22,Banadir,2016-01-01,,,,,0.0,0,0.6363636363636364,0.0,pixel_reliability=0 AND MODLAND_QA(bits0-1)=0 AND VI range -2000..10000,MOD13Q1 V061 Terra 250m 16-day
SO2216,Wardhigley,SO22,Banadir,2016-01-17,,,,,0.0,0,0.6363636363636364,0.1818181818181818,pixel_reliability=0 AND MODLAND_QA(bits0-1)=0 AND VI range -2000..10000,MOD13Q1 V061 Terra 250m 16-day
SO2216,Wardhigley,SO22,Banadir,2016-02-02,0.1635,0.1635,0.1233,0.1233,0.1818181818181818,2,0.3636363636363636,0.1818181818181818,pixel_reliability=0 AND MODLAND_QA(bits0-1)=0 AND VI range -2000..10000,MOD13Q1 V061 Terra 250m 16-day
SO2216,Wardhigley,SO22,Banadir,2016-02-18,0.2078,0.2078,0.1625,0.1625,0.0909090909090909,1,0.3636363636363636,0.1818181818181818,pixel_reliability=0 AND MODLAND_QA(bits0-1)=0 AND VI range -2000..10000,MOD13Q1 V061 Terra 250m 16-day
SO2216,Wardhigley,SO22,Banadir,2016-03-05,,,,,0.0,0,1.0,0.0,pixel_reliability=0 AND MODLAND_QA(bits0-1)=0 AND VI range -2000..10000,MOD13Q1 V061 Terra 250m 16-day
SO2216,Wardhigley,SO22,Banadir,2016-03-21,,,,,0.0,0,0.7272727272727273,0.0,pixel_reliability=0 AND MODLAND_QA(bits0-1)=0 AND VI range -2000..10000,MOD13Q1 V061 Terra 250m 16-day
SO2216,Wardhigley,SO22,Banadir,2016-04-06,,,,,0.0,0,0.3636363636363636,0.1818181818181818,pixel_reliability=0 AND MODLAND_QA(bits0-1)=0 AND VI range -2000..10000,MOD13Q1 V061 Terra 250m 16-day
SO2216,Wardhigley,SO22,Banadir,2016-04-22,,,,,0.0,0,0.1818181818181818,0.3636363636363636,pixel_reliability=0 AND MODLAND_QA(bits0-1)=0 AND VI range -2000..10000,MOD13Q1 V061 Terra 250m 16-day
SO2216,Wardhigley,SO22,Banadir,2016-05-08,,,,,0.0,0,0.0909090909090909,0.4545454545454545,pixel_reliability=0 AND MODLAND_QA(bits0-1)=0 AND VI range -2000..10000,MOD13Q1 V061 Terra 250m 16-day
SO2216,Wardhigley,SO22,Banadir,2016-05-24,,,,,0.0,0,0.0909090909090909,0.7272727272727273,pixel_reliability=0 AND MODLAND_QA(bits0-1)=0 AND VI range -2000..10000,MOD13Q1 V061 Terra 250m 16-day
SO2216,Wardhigley,SO22,Banadir,2016-06-09,,,,,0.0,0,0.4545454545454545,0.1818181818181818,pixel_reliability=0 AND MODLAND_QA(bits0-1)=0 AND VI range -2000..10000,MOD13Q1 V061 Terra 250m 16-day
SO2216,Wardhigley,SO22,Banadir,2016-06-25,,,,,0.0,0,0.5454545454545454,0.2727272727272727,pixel_reliability=0 AND MODLAND_QA(bits0-1)=0 AND VI range -2000..10000,MOD13Q1 V061 Terra 250m 16-day
SO2216,Wardhigley,SO22,Banadir,2016-07-11,,,,,0.0,0,0.2727272727272727,0.4545454545454545,pixel_reliability=0 AND MODLAND_QA(bits0-1)=0 AND VI range -2000..10000,MOD13Q1 V061 Terra 250m 16-day
SO2216,Wardhigley,SO22,Banadir,2016-07-27,,,,,0.0,0,0.5454545454545454,0.0909090909090909,pixel_reliability=0 AND MODLAND_QA(bits0-1)=0 AND VI range -2000..10000,MOD13Q1 V061 Terra 250m 16-day
SO2216,Wardhigley,SO22,Banadir,2016-08-12,,,,,0.0,0,0.0,0.6363636363636364,pixel_reliability=0 AND MODLAND_QA(bits0-1)=0 AND VI range -2000..10000,MOD13Q1 V061 Terra 250m 16-day
SO2216,Wardhigley,SO22,Banadir,2016-08-28,,,,,0.0,0,0.09090909090909091,0.5454545454545454,pixel_reliability=0 AND MODLAND_QA(bits0-1)=0 AND VI range -2000..10000,MOD13Q1 V061 Terra 250m 16-day
SO2216,Wardhigley,SO22,Banadir,2016-09-13,,,,,0.0,0,0.8181818181818182,0.0,pixel_reliability=0 AND MODLAND_QA(bits0-1)=0 AND VI range -2000..10000,MOD13Q1 V061 Terra 250m 16-day
SO2216,Wardhigley,SO22,Banadir,2016-09-29,,,,,0.0,0,0.2727272727272727,0.3636363636363636,pixel_reliability=0 AND MODLAND_QA(bits0-1)=0 AND VI range -2000..10000,MOD13Q1 V061 Terra 250m 16-day
SO2216,Wardhigley,SO22,Banadir,2016-10-15,,,,,0.0,0,0.0,0.6363636363636364,pixel_reliability=0 AND MODLAND_QA(bits0-1)=0 AND VI range -2000..10000,MOD13Q1 V061 Terra 250m 16-day
SO2216,Wardhigley,SO22,Banadir,2016-10-31,,,,,0.0,0,0.7272727272727273,0.0,pixel_reliability=0 AND MODLAND_QA(bits0-1)=0 AND VI range -2000..10000,MOD13Q1 V061 Terra 250m 16-day
SO2216,Wardhigley,SO22,Banadir,2016-11-16,,,,,0.0,0,0.3636363636363636,0.4545454545454545,pixel_reliability=0 AND MODLAND_QA(bits0-1)=0 AND VI range -2000..10000,MOD13Q1 V061 Terra 250m 16-day
SO2216,Wardhigley,SO22,Banadir,2016-12-02,,,,,0.0,0,0.6363636363636364,0.0909090909090909,pixel_reliability=0 AND MODLAND_QA(bits0-1)=0 AND VI range -2000..10000,MOD13Q1 V061 Terra 250m 16-day
SO2216,Wardhigley,SO22,Banadir,2016-12-18,,,,,0.0,0,0.4545454545454545,0.2727272727272727,pixel_reliability=0 AND MODLAND_QA(bits0-1)=0 AND VI range -2000..10000,MOD13Q1 V061 Terra 250m 16-day
SO2217,Yaaqshid,SO22,Banadir,2016-01-01,0.28285000000000005,0.28285000000000005,0.21315,0.21315,0.14285714285714285,2,0.6428571428571429,0.0,pixel_reliability=0 AND MODLAND_QA(bits0-1)=0 AND VI range -2000..10000,MOD13Q1 V061 Terra 250m 16-day
SO2217,Yaaqshid,SO22,Banadir,2016-01-17,0.2493,0.2493,0.1869,0.1869,0.0714285714285714,1,0.5714285714285714,0.0,pixel_reliability=0 AND MODLAND_QA(bits0-1)=0 AND VI range -2000..10000,MOD13Q1 V061 Terra 250m 16-day
SO2217,Yaaqshid,SO22,Banadir,2016-02-02,0.22362,0.2274,0.1713,0.172,0.3571428571428571,5,0.3571428571428571,0.0,pixel_reliability=0 AND MODLAND_QA(bits0-1)=0 AND VI range -2000..10000,MOD13Q1 V061 Terra 250m 16-day
SO2217,Yaaqshid,SO22,Banadir,2016-02-18,,,,,0.0,0,0.7857142857142857,0.0,pixel_reliability=0 AND MODLAND_QA(bits0-1)=0 AND VI range -2000..10000,MOD13Q1 V061 Terra 250m 16-day
SO2217,Yaaqshid,SO22,Banadir,2016-03-05,,,,,0.0,0,0.7857142857142857,0.0714285714285714,pixel_reliability=0 AND MODLAND_QA(bits0-1)=0 AND VI range -2000..10000,MOD13Q1 V061 Terra 250m 16-day
SO2217,Yaaqshid,SO22,Banadir,2016-03-21,0.2166,0.2166,0.15895,0.15895,0.1428571428571428,2,0.5,0.0,pixel_reliability=0 AND MODLAND_QA(bits0-1)=0 AND VI range -2000..10000,MOD13Q1 V061 Terra 250m 16-day
SO2217,Yaaqshid,SO22,Banadir,2016-04-06,0.2206333333333333,0.226,0.1726333333333333,0.1734,0.2142857142857142,3,0.5,0.0,pixel_reliability=0 AND MODLAND_QA(bits0-1)=0 AND VI range -2000..10000,MOD13Q1 V061 Terra 250m 16-day
SO2217,Yaaqshid,SO22,Banadir,2016-04-22,,,,,0.0,0,0.5714285714285714,0.0714285714285714,pixel_reliability=0 AND MODLAND_QA(bits0-1)=0 AND VI range -2000..10000,MOD13Q1 V061 Terra 250m 16-day
SO2217,Yaaqshid,SO22,Banadir,2016-05-08,0.2627,0.2627,0.1893,0.1893,0.1428571428571428,2,0.5,0.0,pixel_reliability=0 AND MODLAND_QA(bits0-1)=0 AND VI range -2000..10000,MOD13Q1 V061 Terra 250m 16-day
SO2217,Yaaqshid,SO22,Banadir,2016-05-24,,,,,0.0,0,0.4285714285714285,0.2142857142857142,pixel_reliability=0 AND MODLAND_QA(bits0-1)=0 AND VI range -2000..10000,MOD13Q1 V061 Terra 250m 16-day
SO2217,Yaaqshid,SO22,Banadir,2016-06-09,0.2484,0.2597,0.1864333333333333,0.1975,0.2142857142857142,3,0.5714285714285714,0.0,pixel_reliability=0 AND MODLAND_QA(bits0-1)=0 AND VI range -2000..10000,MOD13Q1 V061 Terra 250m 16-day
SO2217,Yaaqshid,SO22,Banadir,2016-06-25,,,,,0.0,0,0.4285714285714285,0.2142857142857142,pixel_reliability=0 AND MODLAND_QA(bits0-1)=0 AND VI range -2000..10000,MOD13Q1 V061 Terra 250m 16-day
SO2217,Yaaqshid,SO22,Banadir,2016-07-11,,,,,0.0,0,0.2142857142857142,0.4285714285714285,pixel_reliability=0 AND MODLAND_QA(bits0-1)=0 AND VI range -2000..10000,MOD13Q1 V061 Terra 250m 16-day
SO2217,Yaaqshid,SO22,Banadir,2016-07-27,,,,,0.0,0,0.6428571428571429,0.0,pixel_reliability=0 AND MODLAND_QA(bits0-1)=0 AND VI range -2000..10000,MOD13Q1 V061 Terra 250m 16-day
SO2217,Yaaqshid,SO22,Banadir,2016-08-12,,,,,0.0,0,0.0,0.7142857142857143,pixel_reliability=0 AND MODLAND_QA(bits0-1)=0 AND VI range -2000..10000,MOD13Q1 V061 Terra 250m 16-day
SO2217,Yaaqshid,SO22,Banadir,2016-08-28,,,,,0.0,0,0.07142857142857142,0.42857142857142855,pixel_reliability=0 AND MODLAND_QA(bits0-1)=0 AND VI range -2000..10000,MOD13Q1 V061 Terra 250m 16-day
SO2217,Yaaqshid,SO22,Banadir,2016-09-13,,,,,0.0,0,0.8571428571428571,0.0,pixel_reliability=0 AND MODLAND_QA(bits0-1)=0 AND VI range -2000..10000,MOD13Q1 V061 Terra 250m 16-day
SO2217,Yaaqshid,SO22,Banadir,2016-09-29,,,,,0.0,0,0.2142857142857142,0.2857142857142857,pixel_reliability=0 AND MODLAND_QA(bits0-1)=0 AND VI range -2000..10000,MOD13Q1 V061 Terra 250m 16-day
SO2217,Yaaqshid,SO22,Banadir,2016-10-15,,,,,0.0,0,0.4285714285714285,0.1428571428571428,pixel_reliability=0 AND MODLAND_QA(bits0-1)=0 AND VI range -2000..10000,MOD13Q1 V061 Terra 250m 16-day
SO2217,Yaaqshid,SO22,Banadir,2016-10-31,,,,,0.0,0,0.7857142857142857,0.0,pixel_reliability=0 AND MODLAND_QA(bits0-1)=0 AND VI range -2000..10000,MOD13Q1 V061 Terra 250m 16-day
SO2217,Yaaqshid,SO22,Banadir,2016-11-16,,,,,0.0,0,0.7142857142857143,0.0714285714285714,pixel_reliability=0 AND MODLAND_QA(bits0-1)=0 AND VI range -2000..10000,MOD13Q1 V061 Terra 250m 16-day
SO2217,Yaaqshid,SO22,Banadir,2016-12-02,,,,,0.0,0,0.6428571428571429,0.0,pixel_reliability=0 AND MODLAND_QA(bits0-1)=0 AND VI range -2000..10000,MOD13Q1 V061 Terra 250m 16-day
SO2217,Yaaqshid,SO22,Banadir,2016-12-18,,,,,0.0,0,0.8571428571428571,0.0,pixel_reliability=0 AND MODLAND_QA(bits0-1)=0 AND VI range -2000..10000,MOD13Q1 V061 Terra 250m 16-day
SO2301,Marka,SO23,Lower Shabelle,2016-01-01,0.4125373300370828,0.4015,0.28737725587144625,0.278,0.6365066876475216,809,0.03697875688434304,0.011801730920535013,pixel_reliability=0 AND MODLAND_QA(bits0-1)=0 AND VI range -2000..10000,MOD13Q1 V061 Terra 250m 16-day
SO2301,Marka,SO23,Lower Shabelle,2016-01-17,0.3629701369863014,0.3363,0.2345321917808219,0.21915,0.5743509047993706,730,0.08654602675059,0.004720692368214,pixel_reliability=0 AND MODLAND_QA(bits0-1)=0 AND VI range -2000..10000,MOD13Q1 V061 Terra 250m 16-day
SO2301,Marka,SO23,Lower Shabelle,2016-02-02,0.3388544532130778,0.3076,0.2187936865839909,0.2026,0.6978756884343037,887,0.040912667191188,0.0,pixel_reliability=0 AND MODLAND_QA(bits0-1)=0 AND VI range -2000..10000,MOD13Q1 V061 Terra 250m 16-day
SO2301,Marka,SO23,Lower Shabelle,2016-02-18,0.2865583081570997,0.2618,0.1813413897280966,0.1685,0.2604248623131392,331,0.4909520062942565,0.0,pixel_reliability=0 AND MODLAND_QA(bits0-1)=0 AND VI range -2000..10000,MOD13Q1 V061 Terra 250m 16-day
SO2301,Marka,SO23,Lower Shabelle,2016-03-05,0.2734952290076336,0.2518,0.168292748091603,0.1597,0.4122738001573564,524,0.1817466561762391,0.009441384736428,pixel_reliability=0 AND MODLAND_QA(bits0-1)=0 AND VI range -2000..10000,MOD13Q1 V061 Terra 250m 16-day
SO2301,Marka,SO23,Lower Shabelle,2016-03-21,0.2849536337209302,0.2554,0.1836665697674419,0.16645,0.5413060582218725,688,0.077891424075531,0.011801730920535,pixel_reliability=0 AND MODLAND_QA(bits0-1)=0 AND VI range -2000..10000,MOD13Q1 V061 Terra 250m 16-day
SO2301,Marka,SO23,Lower Shabelle,2016-04-06,0.2363145077720207,0.2356,0.1608730569948187,0.1591,0.1518489378442171,193,0.3036978756884343,0.072383949645948,pixel_reliability=0 AND MODLAND_QA(bits0-1)=0 AND VI range -2000..10000,MOD13Q1 V061 Terra 250m 16-day
SO2301,Marka,SO23,Lower Shabelle,2016-04-22,0.22643,0.2511,0.1544525,0.1683,0.03147128245476,40,0.2399685287175452,0.3831628638867034,pixel_reliability=0 AND MODLAND_QA(bits0-1)=0 AND VI range -2000..10000,MOD13Q1 V061 Terra 250m 16-day
SO2301,Marka,SO23,Lower Shabelle,2016-05-08,0.3633166666666667,0.3259,0.2225999999999999,0.20955,0.02360346184107,30,0.3280881195908733,0.3162863886703383,pixel_reliability=0 AND MODLAND_QA(bits0-1)=0 AND VI range -2000..10000,MOD13Q1 V061 Terra 250m 16-day
SO2301,Marka,SO23,Lower Shabelle,2016-05-24,0.4112282352941177,0.3882,0.2494652941176471,0.23915,0.1337529504327301,170,0.4169944925255704,0.057435090479937,pixel_reliability=0 AND MODLAND_QA(bits0-1)=0 AND VI range -2000..10000,MOD13Q1 V061 Terra 250m 16-day
SO2301,Marka,SO23,Lower Shabelle,2016-06-09,0.3860370013755158,0.3598,0.2518436038514443,0.2331,0.5719905586152636,727,0.0991345397324941,0.045633359559402,pixel_reliability=0 AND MODLAND_QA(bits0-1)=0 AND VI range -2000..10000,MOD13Q1 V061 Terra 250m 16-day
SO2301,Marka,SO23,Lower Shabelle,2016-06-25,0.3284941176470588,0.3226,0.2419235294117647,0.2437,0.013375295043273,17,0.2108575924468922,0.5114083398898505,pixel_reliability=0 AND MODLAND_QA(bits0-1)=0 AND VI range -2000..10000,MOD13Q1 V061 Terra 250m 16-day
SO2301,Marka,SO23,Lower Shabelle,2016-07-11,0.4004828828828829,0.3778,0.2488738738738738,0.2344,0.087332808811959,111,0.4539732494099134,0.069236821400472,pixel_reliability=0 AND MODLAND_QA(bits0-1)=0 AND VI range -2000..10000,MOD13Q1 V061 Terra 250m 16-day
SO2301,Marka,SO23,Lower Shabelle,2016-07-27,0.4116744500846023,0.4005,0.2747776649746192,0.2696,0.4649881982690794,591,0.1463414634146341,0.07081038552321,pixel_reliability=0 AND MODLAND_QA(bits0-1)=0 AND VI range -2000..10000,MOD13Q1 V061 Terra 250m 16-day
SO2301,Marka,SO23,Lower Shabelle,2016-08-12,0.3567888888888889,0.37685,0.2393138888888888,0.22085,0.028324154209284,36,0.3493312352478363,0.2454760031471282,pixel_reliability=0 AND MODLAND_QA(bits0-1)=0 AND VI range -2000..10000,MOD13Q1 V061 Terra 250m 16-day
SO2301,Marka,SO23,Lower Shabelle,2016-08-28,0.4017731958762887,0.4161,0.23471202749140896,0.2351,0.22895357985837922,291,0.2745869394177813,0.1007081038552321,pixel_reliability=0 AND MODLAND_QA(bits0-1)=0 AND VI range -2000..10000,MOD13Q1 V061 Terra 250m 16-day
SO2301,Marka,SO23,Lower Shabelle,2016-09-13,0.372738821490468,0.3578,0.2388216637781629,0.2401,0.4539732494099134,577,0.1628638867033831,0.043273013375295,pixel_reliability=0 AND MODLAND_QA(bits0-1)=0 AND VI range -2000..10000,MOD13Q1 V061 Terra 250m 16-day
SO2301,Marka,SO23,Lower Shabelle,2016-09-29,0.2585673913043478,0.2488,0.1816,0.1728,0.036191974822974,46,0.4114870180959874,0.2014162077104642,pixel_reliability=0 AND MODLAND_QA(bits0-1)=0 AND VI range -2000..10000,MOD13Q1 V061 Terra 250m 16-day
SO2301,Marka,SO23,Lower Shabelle,2016-10-15,0.2442138211382113,0.2339,0.1680284552845528,0.1648,0.0967741935483871,123,0.4091266719118804,0.1195908733280881,pixel_reliability=0 AND MODLAND_QA(bits0-1)=0 AND VI range -2000..10000,MOD13Q1 V061 Terra 250m 16-day
SO2301,Marka,SO23,Lower Shabelle,2016-10-31,0.3439016706443915,0.3091,0.2052684964200477,0.18935,0.6593233674272226,838,0.055861526357199,0.064516129032258,pixel_reliability=0 AND MODLAND_QA(bits0-1)=0 AND VI range -2000..10000,MOD13Q1 V061 Terra 250m 16-day
SO2301,Marka,SO23,Lower Shabelle,2016-11-16,0.3289098360655737,0.338,0.2328032786885246,0.2467,0.047993705743509,61,0.2730133752950432,0.3233674272226593,pixel_reliability=0 AND MODLAND_QA(bits0-1)=0 AND VI range -2000..10000,MOD13Q1 V061 Terra 250m 16-day
SO2301,Marka,SO23,Lower Shabelle,2016-12-02,0.4299878787878788,0.4303,0.2842314574314574,0.2889,0.5452399685287176,693,0.05507474429583,0.008654602675059,pixel_reliability=0 AND MODLAND_QA(bits0-1)=0 AND VI range -2000..10000,MOD13Q1 V061 Terra 250m 16-day
SO2301,Marka,SO23,Lower Shabelle,2016-12-18,0.4627789215686275,0.44175,0.269997794117647,0.268,0.3210070810385523,408,0.2635719905586152,0.022816679779701,pixel_reliability=0 AND MODLAND_QA(bits0-1)=0 AND VI range -2000..10000,MOD13Q1 V061 Terra 250m 16-day
SO2302,Afgooye,SO23,Lower Shabelle,2016-01-01,0.3582996124969727,0.34090000000000004,0.24153102446112862,0.23190000000000002,0.9444190301921317,4129,0.010750228728270814,0.0018298261665141812,pixel_reliability=0 AND MODLAND_QA(bits0-1)=0 AND VI range -2000..10000,MOD13Q1 V061 Terra 250m 16-day
SO2302,Afgooye,SO23,Lower Shabelle,2016-01-17,0.2995771651622347,0.28,0.1847287631129543,0.1754,0.9375571820677036,4099,0.0146386093321134,0.0036596523330283,pixel_reliability=0 AND MODLAND_QA(bits0-1)=0 AND VI range -2000..10000,MOD13Q1 V061 Terra 250m 16-day
SO2302,Afgooye,SO23,Lower Shabelle,2016-02-02,0.2695861611374407,0.248,0.1661618009478673,0.1569,0.9652333028362304,4220,0.0089204025617566,0.0018298261665141,pixel_reliability=0 AND MODLAND_QA(bits0-1)=0 AND VI range -2000..10000,MOD13Q1 V061 Terra 250m 16-day
SO2302,Afgooye,SO23,Lower Shabelle,2016-02-18,0.2198618421052632,0.2182,0.1612013157894737,0.159,0.0173833485818847,76,0.9551692589204026,0.0011436413540713,pixel_reliability=0 AND MODLAND_QA(bits0-1)=0 AND VI range -2000..10000,MOD13Q1 V061 Terra 250m 16-day
SO2302,Afgooye,SO23,Lower Shabelle,2016-03-05,0.2385079943899018,0.225,0.1464016549789621,0.1408,0.815416285452882,3565,0.0423147301006404,0.0025160109789569,pixel_reliability=0 AND MODLAND_QA(bits0-1)=0 AND VI range -2000..10000,MOD13Q1 V061 Terra 250m 16-day
SO2302,Afgooye,SO23,Lower Shabelle,2016-03-21,0.2393827413984461,0.2264,0.143459961154273,0.13825,0.8243366880146387,3604,0.0258462946020128,0.0032021957913998,pixel_reliability=0 AND MODLAND_QA(bits0-1)=0 AND VI range -2000..10000,MOD13Q1 V061 Terra 250m 16-day
SO2302,Afgooye,SO23,Lower Shabelle,2016-04-06,0.2204406727828746,0.2133,0.142677370030581,0.1378,0.0747941445562671,327,0.5331655992680695,0.0686184812442818,pixel_reliability=0 AND MODLAND_QA(bits0-1)=0 AND VI range -2000..10000,MOD13Q1 V061 Terra 250m 16-day
SO2302,Afgooye,SO23,Lower Shabelle,2016-04-22,0.2459194444444444,0.24745,0.1542805555555556,0.15855,0.0082342177493138,36,0.1550777676120768,0.6173376029277219,pixel_reliability=0 AND MODLAND_QA(bits0-1)=0 AND VI range -2000..10000,MOD13Q1 V061 Terra 250m 16-day
SO2302,Afgooye,SO23,Lower Shabelle,2016-05-08,0.3301454054054054,0.3128,0.199107027027027,0.1847,0.0423147301006404,185,0.4158279963403476,0.2209515096065873,pixel_reliability=0 AND MODLAND_QA(bits0-1)=0 AND VI range -2000..10000,MOD13Q1 V061 Terra 250m 16-day
SO2302,Afgooye,SO23,Lower Shabelle,2016-05-24,0.3578240740740741,0.353,0.2268935185185185,0.22255,0.0247026532479414,108,0.6065873741994511,0.0866880146386093,pixel_reliability=0 AND MODLAND_QA(bits0-1)=0 AND VI range -2000..10000,MOD13Q1 V061 Terra 250m 16-day
SO2302,Afgooye,SO23,Lower Shabelle,2016-06-09,0.3263525704809287,0.3082,0.2328529021558872,0.2288,0.1379231473010064,603,0.4759835315645013,0.0736505032021958,pixel_reliability=0 AND MODLAND_QA(bits0-1)=0 AND VI range -2000..10000,MOD13Q1 V061 Terra 250m 16-day
SO2302,Afgooye,SO23,Lower Shabelle,2016-06-25,0.3666541666666667,0.35925,0.2500833333333334,0.2535,0.0054894784995425,24,0.288655077767612,0.4382433668801463,pixel_reliability=0 AND MODLAND_QA(bits0-1)=0 AND VI range -2000..10000,MOD13Q1 V061 Terra 250m 16-day
SO2302,Afgooye,SO23,Lower Shabelle,2016-07-11,0.3938302325581395,0.4242,0.2556581395348837,0.2723,0.0098353156450137,43,0.4432753888380604,0.2470265324794144,pixel_reliability=0 AND MODLAND_QA(bits0-1)=0 AND VI range -2000..10000,MOD13Q1 V061 Terra 250m 16-day
SO2302,Afgooye,SO23,Lower Shabelle,2016-07-27,0.3472570977917981,0.32655,0.2207530494216614,0.2101,0.4350411710887465,1902,0.214775846294602,0.0082342177493138,pixel_reliability=0 AND MODLAND_QA(bits0-1)=0 AND VI range -2000..10000,MOD13Q1 V061 Terra 250m 16-day
SO2302,Afgooye,SO23,Lower Shabelle,2016-08-12,0.3319450980392157,0.2989,0.2248372549019608,0.1986,0.0116651418115279,51,0.5285910338517841,0.156907593778591,pixel_reliability=0 AND MODLAND_QA(bits0-1)=0 AND VI range -2000..10000,MOD13Q1 V061 Terra 250m 16-day
SO2302,Afgooye,SO23,Lower Shabelle,2016-08-28,0.3043723404255319,0.2836,0.20041702127659577,0.2039,0.010750228728270814,47,0.45196706312900276,0.2257548032936871,pixel_reliability=0 AND MODLAND_QA(bits0-1)=0 AND VI range -2000..10000,MOD13Q1 V061 Terra 250m 16-day
SO2302,Afgooye,SO23,Lower Shabelle,2016-09-13,0.2950787356321839,0.2942,0.1981120689655172,0.2035,0.0397987191216834,174,0.6205397987191217,0.0773101555352241,pixel_reliability=0 AND MODLAND_QA(bits0-1)=0 AND VI range -2000..10000,MOD13Q1 V061 Terra 250m 16-day
SO2302,Afgooye,SO23,Lower Shabelle,2016-09-29,0.2538612903225806,0.2312,0.1466359447004608,0.134,0.0496340347666971,217,0.4384720951509606,0.1948764867337603,pixel_reliability=0 AND MODLAND_QA(bits0-1)=0 AND VI range -2000..10000,MOD13Q1 V061 Terra 250m 16-day
SO2302,Afgooye,SO23,Lower Shabelle,2016-10-15,0.2399387655417407,0.21055,0.1559905417406749,0.1364,0.515096065873742,2252,0.1026989935956084,0.1269441903019213,pixel_reliability=0 AND MODLAND_QA(bits0-1)=0 AND VI range -2000..10000,MOD13Q1 V061 Terra 250m 16-day
SO2302,Afgooye,SO23,Lower Shabelle,2016-10-31,0.2405684520471116,0.2171,0.1395503084688727,0.128,0.8156450137236962,3566,0.0381976212259835,0.0064043915827996,pixel_reliability=0 AND MODLAND_QA(bits0-1)=0 AND VI range -2000..10000,MOD13Q1 V061 Terra 250m 16-day
SO2302,Afgooye,SO23,Lower Shabelle,2016-11-16,0.3780525423728813,0.3856,0.2395237288135593,0.2427,0.013494967978042,59,0.3064958828911253,0.3844922232387923,pixel_reliability=0 AND MODLAND_QA(bits0-1)=0 AND VI range -2000..10000,MOD13Q1 V061 Terra 250m 16-day
SO2302,Afgooye,SO23,Lower Shabelle,2016-12-02,0.3328982485404503,0.3253,0.2279025020850709,0.2241,0.2742451967063129,1199,0.5187557182067704,0.0073193046660567,pixel_reliability=0 AND MODLAND_QA(bits0-1)=0 AND VI range -2000..10000,MOD13Q1 V061 Terra 250m 16-day
SO2302,Afgooye,SO23,Lower Shabelle,2016-12-18,0.3338348122866894,0.3117,0.204345819112628,0.1909,0.5361390667886551,2344,0.2063129002744739,0.0048032936870997,pixel_reliability=0 AND MODLAND_QA(bits0-1)=0 AND VI range -2000..10000,MOD13Q1 V061 Terra 250m 16-day
SO2303,Baraawe,SO23,Lower Shabelle,2016-01-01,0.3520980085903945,0.3128,0.22094634908238966,0.20400000000000001,0.6697175732217573,2561,0.047594142259414225,0.008368200836820083,pixel_reliability=0 AND MODLAND_QA(bits0-1)=0 AND VI range -2000..10000,MOD13Q1 V061 Terra 250m 16-day
SO2303,Baraawe,SO23,Lower Shabelle,2016-01-17,0.2757937731196054,0.25155,0.1775022811344019,0.16915,0.4241631799163179,1622,0.2434623430962343,0.0054916317991631,pixel_reliability=0 AND MODLAND_QA(bits0-1)=0 AND VI range -2000..10000,MOD13Q1 V061 Terra 250m 16-day
SO2303,Baraawe,SO23,Lower Shabelle,2016-02-02,0.258822640195054,0.2372,0.1705103796586555,0.1618,0.7507845188284519,2871,0.0549163179916318,0.0007845188284518,pixel_reliability=0 AND MODLAND_QA(bits0-1)=0 AND VI range -2000..10000,MOD13Q1 V061 Terra 250m 16-day
SO2303,Baraawe,SO23,Lower Shabelle,2016-02-18,0.2212995180722891,0.211,0.1426387951807229,0.14015,0.4341004184100418,1660,0.3559100418410041,0.002092050209205,pixel_reliability=0 AND MODLAND_QA(bits0-1)=0 AND VI range -2000..10000,MOD13Q1 V061 Terra 250m 16-day
SO2303,Baraawe,SO23,Lower Shabelle,2016-03-05,0.2569511898173768,0.2545,0.156535694521306,0.156,0.4725418410041841,1807,0.2217573221757322,0.0065376569037656,pixel_reliability=0 AND MODLAND_QA(bits0-1)=0 AND VI range -2000..10000,MOD13Q1 V061 Terra 250m 16-day
SO2303,Baraawe,SO23,Lower Shabelle,2016-03-21,0.2376170187325627,0.2209,0.1455084894380231,0.1412,0.6561192468619247,2509,0.1012029288702928,0.0057531380753138,pixel_reliability=0 AND MODLAND_QA(bits0-1)=0 AND VI range -2000..10000,MOD13Q1 V061 Terra 250m 16-day
SO2303,Baraawe,SO23,Lower Shabelle,2016-04-06,0.1803241666666666,0.1908,0.1237208333333333,0.1303,0.0941422594142259,360,0.3072698744769874,0.1851464435146443,pixel_reliability=0 AND MODLAND_QA(bits0-1)=0 AND VI range -2000..10000,MOD13Q1 V061 Terra 250m 16-day
SO2303,Baraawe,SO23,Lower Shabelle,2016-04-22,0.3162078534031414,0.2738,0.2156109947643979,0.1939,0.0499476987447698,191,0.178347280334728,0.4707112970711297,pixel_reliability=0 AND MODLAND_QA(bits0-1)=0 AND VI range -2000..10000,MOD13Q1 V061 Terra 250m 16-day
SO2303,Baraawe,SO23,Lower Shabelle,2016-05-08,0.3325697142857143,0.3569,0.232992,0.2536,0.0457635983263598,175,0.3682008368200837,0.2356171548117154,pixel_reliability=0 AND MODLAND_QA(bits0-1)=0 AND VI range -2000..10000,MOD13Q1 V061 Terra 250m 16-day
SO2303,Baraawe,SO23,Lower Shabelle,2016-05-24,0.4527908267270669,0.4561,0.2740281426953567,0.27935,0.4618200836820084,1766,0.1618723849372385,0.0264121338912133,pixel_reliability=0 AND MODLAND_QA(bits0-1)=0 AND VI range -2000..10000,MOD13Q1 V061 Terra 250m 16-day
SO2303,Baraawe,SO23,Lower Shabelle,2016-06-09,0.3163088394062078,0.31555,0.2144417678812415,0.21715,0.3875523012552301,1482,0.2405857740585774,0.0334728033472803,pixel_reliability=0 AND MODLAND_QA(bits0-1)=0 AND VI range -2000..10000,MOD13Q1 V061 Terra 250m 16-day
SO2303,Baraawe,SO23,Lower Shabelle,2016-06-25,0.2809432432432432,0.345,0.1964459459459459,0.2301,0.0096757322175732,37,0.3025627615062761,0.4178870292887029,pixel_reliability=0 AND MODLAND_QA(bits0-1)=0 AND VI range -2000..10000,MOD13Q1 V061 Terra 250m 16-day
SO2303,Baraawe,SO23,Lower Shabelle,2016-07-11,0.3747434482758621,0.3734,0.2472090517241379,0.25605,0.303347280334728,1160,0.2730125523012552,0.0436715481171548,pixel_reliability=0 AND MODLAND_QA(bits0-1)=0 AND VI range -2000..10000,MOD13Q1 V061 Terra 250m 16-day
SO2303,Baraawe,SO23,Lower Shabelle,2016-07-27,0.3158960396039604,0.3113,0.2044009900990099,0.2059,0.0264121338912133,101,0.3185146443514644,0.321652719665272,pixel_reliability=0 AND MODLAND_QA(bits0-1)=0 AND VI range -2000..10000,MOD13Q1 V061 Terra 250m 16-day
SO2303,Baraawe,SO23,Lower Shabelle,2016-08-12,0.2344526570048309,0.2498,0.1617429951690821,0.175,0.0541317991631799,207,0.350418410041841,0.218357740585774,pixel_reliability=0 AND MODLAND_QA(bits0-1)=0 AND VI range -2000..10000,MOD13Q1 V061 Terra 250m 16-day
SO2303,Baraawe,SO23,Lower Shabelle,2016-08-28,0.2440430317848411,0.2364,0.1572750611246944,0.158,0.10695606694560669,409,0.3993200836820084,0.12709205020920503,pixel_reliability=0 AND MODLAND_QA(bits0-1)=0 AND VI range -2000..10000,MOD13Q1 V061 Terra 250m 16-day
SO2303,Baraawe,SO23,Lower Shabelle,2016-09-13,0.2350785714285714,0.2362,0.1448759523809523,0.1503,0.1098326359832636,420,0.3357740585774058,0.2068514644351464,pixel_reliability=0 AND MODLAND_QA(bits0-1)=0 AND VI range -2000..10000,MOD13Q1 V061 Terra 250m 16-day
SO2303,Baraawe,SO23,Lower Shabelle,2016-09-29,0.2169240831295843,0.21715,0.1427304400977995,0.1452,0.2139121338912133,818,0.3049163179916318,0.1474895397489539,pixel_reliability=0 AND MODLAND_QA(bits0-1)=0 AND VI range -2000..10000,MOD13Q1 V061 Terra 250m 16-day
SO2303,Baraawe,SO23,Lower Shabelle,2016-10-15,0.1980434077079107,0.1821,0.1350760649087221,0.1224,0.1289225941422594,493,0.2549686192468619,0.3064853556485356,pixel_reliability=0 AND MODLAND_QA(bits0-1)=0 AND VI range -2000..10000,MOD13Q1 V061 Terra 250m 16-day
SO2303,Baraawe,SO23,Lower Shabelle,2016-10-31,0.1950360398860399,0.1907,0.1195076923076923,0.1152,0.1835774058577405,702,0.2918410041841004,0.2288179916317991,pixel_reliability=0 AND MODLAND_QA(bits0-1)=0 AND VI range -2000..10000,MOD13Q1 V061 Terra 250m 16-day
SO2303,Baraawe,SO23,Lower Shabelle,2016-11-16,0.1849756302521008,0.1911,0.1293084033613445,0.1366,0.0311192468619246,119,0.2337866108786611,0.4419456066945607,pixel_reliability=0 AND MODLAND_QA(bits0-1)=0 AND VI range -2000..10000,MOD13Q1 V061 Terra 250m 16-day
SO2303,Baraawe,SO23,Lower Shabelle,2016-12-02,0.3134374301675978,0.2492,0.217123942537909,0.1748,0.3276673640167364,1253,0.1893305439330544,0.0324267782426778,pixel_reliability=0 AND MODLAND_QA(bits0-1)=0 AND VI range -2000..10000,MOD13Q1 V061 Terra 250m 16-day
SO2303,Baraawe,SO23,Lower Shabelle,2016-12-18,0.3563946894689469,0.272,0.2103812781278127,0.1716,0.2905334728033473,1111,0.2703974895397489,0.0692991631799163,pixel_reliability=0 AND MODLAND_QA(bits0-1)=0 AND VI range -2000..10000,MOD13Q1 V061 Terra 250m 16-day
SO2304,Kurtunwaarey,SO23,Lower Shabelle,2016-01-01,0.5096030101505075,0.5258,0.3253428421421071,0.33180000000000004,0.9834767641996558,2857,0.0017211703958691911,0.0,pixel_reliability=0 AND MODLAND_QA(bits0-1)=0 AND VI range -2000..10000,MOD13Q1 V061 Terra 250m 16-day
SO2304,Kurtunwaarey,SO23,Lower Shabelle,2016-01-17,0.434626978284873,0.4458,0.2533828119249172,0.2574,0.9352839931153184,2717,0.0172117039586919,0.0,pixel_reliability=0 AND MODLAND_QA(bits0-1)=0 AND VI range -2000..10000,MOD13Q1 V061 Terra 250m 16-day
SO2304,Kurtunwaarey,SO23,Lower Shabelle,2016-02-02,0.3766932941583132,0.3798,0.2261603180089872,0.2253,0.995869191049914,2893,0.0,0.0,pixel_reliability=0 AND MODLAND_QA(bits0-1)=0 AND VI range -2000..10000,MOD13Q1 V061 Terra 250m 16-day
SO2304,Kurtunwaarey,SO23,Lower Shabelle,2016-02-18,0.39005,0.39005,0.2943,0.2943,0.0006884681583476,2,0.9931153184165232,0.0,pixel_reliability=0 AND MODLAND_QA(bits0-1)=0 AND VI range -2000..10000,MOD13Q1 V061 Terra 250m 16-day
SO2304,Kurtunwaarey,SO23,Lower Shabelle,2016-03-05,0.3484896008993816,0.3454,0.2113274311410905,0.2086,0.6123924268502582,1779,0.119104991394148,0.0006884681583476,pixel_reliability=0 AND MODLAND_QA(bits0-1)=0 AND VI range -2000..10000,MOD13Q1 V061 Terra 250m 16-day
SO2304,Kurtunwaarey,SO23,Lower Shabelle,2016-03-21,0.3416570139828597,0.3519,0.189718448353631,0.1952,0.7631669535283994,2217,0.0406196213425129,0.0,pixel_reliability=0 AND MODLAND_QA(bits0-1)=0 AND VI range -2000..10000,MOD13Q1 V061 Terra 250m 16-day
SO2304,Kurtunwaarey,SO23,Lower Shabelle,2016-04-06,0.3035395348837209,0.3044,0.1899232558139535,0.1898,0.014802065404475,43,0.5304647160068847,0.1490533562822719,pixel_reliability=0 AND MODLAND_QA(bits0-1)=0 AND VI range -2000..10000,MOD13Q1 V061 Terra 250m 16-day
SO2304,Kurtunwaarey,SO23,Lower Shabelle,2016-04-22,0.5585538461538462,0.5994,0.3417692307692308,0.37515,0.0089500860585197,26,0.2230636833046471,0.5366609294320138,pixel_reliability=0 AND MODLAND_QA(bits0-1)=0 AND VI range -2000..10000,MOD13Q1 V061 Terra 250m 16-day
SO2304,Kurtunwaarey,SO23,Lower Shabelle,2016-05-08,0.4061424242424243,0.2945,0.2452939393939394,0.1677,0.0113597246127366,33,0.5280550774526678,0.1342512908777969,pixel_reliability=0 AND MODLAND_QA(bits0-1)=0 AND VI range -2000..10000,MOD13Q1 V061 Terra 250m 16-day
SO2304,Kurtunwaarey,SO23,Lower Shabelle,2016-05-24,0.6130446254071661,0.6419,0.341624348534202,0.3508,0.4227194492254733,1228,0.285025817555938,0.002065404475043,pixel_reliability=0 AND MODLAND_QA(bits0-1)=0 AND VI range -2000..10000,MOD13Q1 V061 Terra 250m 16-day
SO2304,Kurtunwaarey,SO23,Lower Shabelle,2016-06-09,0.3799793650793651,0.32875,0.2257246031746032,0.18225,0.0867469879518072,252,0.5841652323580034,0.050946643717728,pixel_reliability=0 AND MODLAND_QA(bits0-1)=0 AND VI range -2000..10000,MOD13Q1 V061 Terra 250m 16-day
SO2304,Kurtunwaarey,SO23,Lower Shabelle,2016-06-25,,,,,0.0,0,0.3562822719449225,0.3631669535283993,pixel_reliability=0 AND MODLAND_QA(bits0-1)=0 AND VI range -2000..10000,MOD13Q1 V061 Terra 250m 16-day
SO2304,Kurtunwaarey,SO23,Lower Shabelle,2016-07-11,0.4972966386554622,0.519,0.3027025210084033,0.2986,0.0409638554216867,119,0.4685025817555938,0.1672977624784853,pixel_reliability=0 AND MODLAND_QA(bits0-1)=0 AND VI range -2000..10000,MOD13Q1 V061 Terra 250m 16-day
SO2304,Kurtunwaarey,SO23,Lower Shabelle,2016-07-27,0.4515176646706586,0.4846,0.2654775449101796,0.284,0.1149741824440619,334,0.4733218588640275,0.0502581755593803,pixel_reliability=0 AND MODLAND_QA(bits0-1)=0 AND VI range -2000..10000,MOD13Q1 V061 Terra 250m 16-day
SO2304,Kurtunwaarey,SO23,Lower Shabelle,2016-08-12,0.5216333333333334,0.503,0.3519333333333334,0.3333,0.0010327022375215,3,0.4327022375215146,0.2306368330464716,pixel_reliability=0 AND MODLAND_QA(bits0-1)=0 AND VI range -2000..10000,MOD13Q1 V061 Terra 250m 16-day
SO2304,Kurtunwaarey,SO23,Lower Shabelle,2016-08-28,0.32493284313725496,0.32380000000000003,0.1801691176470588,0.16985,0.140447504302926,408,0.4426850258175559,0.10464716006884682,pixel_reliability=0 AND MODLAND_QA(bits0-1)=0 AND VI range -2000..10000,MOD13Q1 V061 Terra 250m 16-day
SO2304,Kurtunwaarey,SO23,Lower Shabelle,2016-09-13,0.2182666666666667,0.1883,0.1182,0.1044,0.002065404475043,6,0.5562822719449225,0.1239242685025817,pixel_reliability=0 AND MODLAND_QA(bits0-1)=0 AND VI range -2000..10000,MOD13Q1 V061 Terra 250m 16-day
SO2304,Kurtunwaarey,SO23,Lower Shabelle,2016-09-29,0.2651569565217391,0.26055,0.1534895652173913,0.1466,0.0791738382099827,230,0.4347676419965576,0.1376936316695352,pixel_reliability=0 AND MODLAND_QA(bits0-1)=0 AND VI range -2000..10000,MOD13Q1 V061 Terra 250m 16-day
SO2304,Kurtunwaarey,SO23,Lower Shabelle,2016-10-15,0.3714872990353698,0.3749,0.2351422829581993,0.23735,0.2141135972461273,622,0.3917383820998278,0.0716006884681583,pixel_reliability=0 AND MODLAND_QA(bits0-1)=0 AND VI range -2000..10000,MOD13Q1 V061 Terra 250m 16-day
SO2304,Kurtunwaarey,SO23,Lower Shabelle,2016-10-31,0.3732770833333333,0.36825,0.1975482638888889,0.1931,0.3965576592082616,1152,0.3542168674698795,0.0082616179001721,pixel_reliability=0 AND MODLAND_QA(bits0-1)=0 AND VI range -2000..10000,MOD13Q1 V061 Terra 250m 16-day
SO2304,Kurtunwaarey,SO23,Lower Shabelle,2016-11-16,0.77105,0.77105,0.47005,0.47005,0.0006884681583476,2,0.1824440619621342,0.5504302925989673,pixel_reliability=0 AND MODLAND_QA(bits0-1)=0 AND VI range -2000..10000,MOD13Q1 V061 Terra 250m 16-day
SO2304,Kurtunwaarey,SO23,Lower Shabelle,2016-12-02,0.6108117525773196,0.67225,0.379386237113402,0.41495,0.6678141135972461,1940,0.1924268502581755,0.0,pixel_reliability=0 AND MODLAND_QA(bits0-1)=0 AND VI range -2000..10000,MOD13Q1 V061 Terra 250m 16-day
SO2304,Kurtunwaarey,SO23,Lower Shabelle,2016-12-18,0.5499334317032041,0.58475,0.3138889123102866,0.32705,0.8165232358003442,2372,0.0237521514629948,0.0,pixel_reliability=0 AND MODLAND_QA(bits0-1)=0 AND VI range -2000..10000,MOD13Q1 V061 Terra 250m 16-day
SO2305,Qoryooley,SO23,Lower Shabelle,2016-01-01,0.4683168402336805,0.46630000000000005,0.30413121666243337,0.2998,1.0,3937,0.0,0.0,pixel_reliability=0 AND MODLAND_QA(bits0-1)=0 AND VI range -2000..10000,MOD13Q1 V061 Terra 250m 16-day
SO2305,Qoryooley,SO23,Lower Shabelle,2016-01-17,0.3937917703835408,0.3927,0.2308826517653035,0.2282,1.0,3937,0.0,0.0,pixel_reliability=0 AND MODLAND_QA(bits0-1)=0 AND VI range -2000..10000,MOD13Q1 V061 Terra 250m 16-day
SO2305,Qoryooley,SO23,Lower Shabelle,2016-02-02,0.3378956311912625,0.3328,0.2043187706375412,0.1994,1.0,3937,0.0,0.0,pixel_reliability=0 AND MODLAND_QA(bits0-1)=0 AND VI range -2000..10000,MOD13Q1 V061 Terra 250m 16-day
SO2305,Qoryooley,SO23,Lower Shabelle,2016-02-18,0.3209833333333333,0.31735,0.2320125,0.22555,0.0121920243840487,48,0.9756159512319024,0.0,pixel_reliability=0 AND MODLAND_QA(bits0-1)=0 AND VI range -2000..10000,MOD13Q1 V061 Terra 250m 16-day
SO2305,Qoryooley,SO23,Lower Shabelle,2016-03-05,0.304452767052767,0.3,0.1918131274131274,0.1939,0.7894335788671577,3108,0.0561341122682245,0.0,pixel_reliability=0 AND MODLAND_QA(bits0-1)=0 AND VI range -2000..10000,MOD13Q1 V061 Terra 250m 16-day
SO2305,Qoryooley,SO23,Lower Shabelle,2016-03-21,0.3013064262295082,0.2953,0.1821124590163934,0.1819,0.7747015494030988,3050,0.0419100838201676,0.0,pixel_reliability=0 AND MODLAND_QA(bits0-1)=0 AND VI range -2000..10000,MOD13Q1 V061 Terra 250m 16-day
SO2305,Qoryooley,SO23,Lower Shabelle,2016-04-06,0.2853076923076923,0.2831,0.1701846153846154,0.1677,0.0033020066040132,13,0.3909067818135636,0.2377444754889509,pixel_reliability=0 AND MODLAND_QA(bits0-1)=0 AND VI range -2000..10000,MOD13Q1 V061 Terra 250m 16-day
SO2305,Qoryooley,SO23,Lower Shabelle,2016-04-22,0.4369086137281292,0.4283,0.2620597577388963,0.2533,0.1887223774447549,743,0.1729743459486919,0.3296926593853188,pixel_reliability=0 AND MODLAND_QA(bits0-1)=0 AND VI range -2000..10000,MOD13Q1 V061 Terra 250m 16-day
SO2305,Qoryooley,SO23,Lower Shabelle,2016-05-08,0.5528500000000001,0.5545,0.3311675,0.332,0.0101600203200406,40,0.5397510795021591,0.1424942849885699,pixel_reliability=0 AND MODLAND_QA(bits0-1)=0 AND VI range -2000..10000,MOD13Q1 V061 Terra 250m 16-day
SO2305,Qoryooley,SO23,Lower Shabelle,2016-05-24,0.6708444148936171,0.7060000000000001,0.3819529255319149,0.4027,0.095504191008382,376,0.5506731013462027,0.0586741173482346,pixel_reliability=0 AND MODLAND_QA(bits0-1)=0 AND VI range -2000..10000,MOD13Q1 V061 Terra 250m 16-day
SO2305,Qoryooley,SO23,Lower Shabelle,2016-06-09,0.4804461325966851,0.49125,0.300806906077348,0.30365,0.0919481838963677,362,0.5582931165862332,0.0261620523241046,pixel_reliability=0 AND MODLAND_QA(bits0-1)=0 AND VI range -2000..10000,MOD13Q1 V061 Terra 250m 16-day
SO2305,Qoryooley,SO23,Lower Shabelle,2016-06-25,,,,,0.0,0,0.3566167132334265,0.3843027686055372,pixel_reliability=0 AND MODLAND_QA(bits0-1)=0 AND VI range -2000..10000,MOD13Q1 V061 Terra 250m 16-day
SO2305,Qoryooley,SO23,Lower Shabelle,2016-07-11,0.5611755555555555,0.56355,0.3338900000000001,0.3332,0.0228600457200914,90,0.5100330200660401,0.1315722631445263,pixel_reliability=0 AND MODLAND_QA(bits0-1)=0 AND VI range -2000..10000,MOD13Q1 V061 Terra 250m 16-day
SO2305,Qoryooley,SO23,Lower Shabelle,2016-07-27,0.4614404169468729,0.4638,0.2829741089441829,0.2782,0.3776987553975108,1487,0.2893065786131572,0.0068580137160274,pixel_reliability=0 AND MODLAND_QA(bits0-1)=0 AND VI range -2000..10000,MOD13Q1 V061 Terra 250m 16-day
SO2305,Qoryooley,SO23,Lower Shabelle,2016-08-12,0.4547133333333333,0.4639,0.2758266666666667,0.2622,0.0038100076200152,15,0.5575311150622301,0.1488442976885954,pixel_reliability=0 AND MODLAND_QA(bits0-1)=0 AND VI range -2000..10000,MOD13Q1 V061 Terra 250m 16-day
SO2305,Qoryooley,SO23,Lower Shabelle,2016-08-28,0.43789652173913046,0.43920000000000003,0.24682521739130434,0.2449,0.02921005842011684,115,0.42037084074168146,0.20751841503683008,pixel_reliability=0 AND MODLAND_QA(bits0-1)=0 AND VI range -2000..10000,MOD13Q1 V061 Terra 250m 16-day
SO2305,Qoryooley,SO23,Lower Shabelle,2016-09-13,0.4620754385964912,0.4564,0.2796789473684211,0.2692,0.0144780289560579,57,0.5842011684023368,0.0988061976123952,pixel_reliability=0 AND MODLAND_QA(bits0-1)=0 AND VI range -2000..10000,MOD13Q1 V061 Terra 250m 16-day
SO2305,Qoryooley,SO23,Lower Shabelle,2016-09-29,0.3080897959183674,0.29575,0.1765540816326531,0.1714,0.0248920497840995,98,0.5171450342900685,0.1508763017526035,pixel_reliability=0 AND MODLAND_QA(bits0-1)=0 AND VI range -2000..10000,MOD13Q1 V061 Terra 250m 16-day
SO2305,Qoryooley,SO23,Lower Shabelle,2016-10-15,0.2785125217391304,0.2754,0.1812509565217391,0.182,0.1460502921005842,575,0.4541529083058166,0.0594361188722377,pixel_reliability=0 AND MODLAND_QA(bits0-1)=0 AND VI range -2000..10000,MOD13Q1 V061 Terra 250m 16-day
SO2305,Qoryooley,SO23,Lower Shabelle,2016-10-31,0.3175199089403974,0.2925,0.1718181705298013,0.15925,0.6136652273304547,2416,0.2159004318008636,0.0,pixel_reliability=0 AND MODLAND_QA(bits0-1)=0 AND VI range -2000..10000,MOD13Q1 V061 Terra 250m 16-day
SO2305,Qoryooley,SO23,Lower Shabelle,2016-11-16,,,,,0.0,0,0.1607823215646431,0.5753111506223012,pixel_reliability=0 AND MODLAND_QA(bits0-1)=0 AND VI range -2000..10000,MOD13Q1 V061 Terra 250m 16-day
SO2305,Qoryooley,SO23,Lower Shabelle,2016-12-02,0.5764873847926267,0.58585,0.3675753456221198,0.3698,0.4409448818897638,1736,0.2872745745491491,0.000762001524003,pixel_reliability=0 AND MODLAND_QA(bits0-1)=0 AND VI range -2000..10000,MOD13Q1 V061 Terra 250m 16-day
SO2305,Qoryooley,SO23,Lower Shabelle,2016-12-18,0.473808481635744,0.4719,0.2737831124574025,0.2691,0.6708153416306832,2641,0.0627381254762509,0.0,pixel_reliability=0 AND MODLAND_QA(bits0-1)=0 AND VI range -2000..10000,MOD13Q1 V061 Terra 250m 16-day
SO2306,Sablaale,SO23,Lower Shabelle,2016-01-01,0.5399689969604864,0.5426,0.3001841076856274,0.2958,0.9673760851302157,6909,0.007700924110893307,0.0,pixel_reliability=0 AND MODLAND_QA(bits0-1)=0 AND VI range -2000..10000,MOD13Q1 V061 Terra 250m 16-day
SO2306,Sablaale,SO23,Lower Shabelle,2016-01-17,0.4419479439075233,0.4408,0.2490433011180595,0.2469,0.7388686642397088,5277,0.1310557266872024,0.0002800336040324,pixel_reliability=0 AND MODLAND_QA(bits0-1)=0 AND VI range -2000..10000,MOD13Q1 V061 Terra 250m 16-day
SO2306,Sablaale,SO23,Lower Shabelle,2016-02-02,0.3770312894887996,0.37465,0.2299533170591614,0.22805,0.975077009241109,6964,0.0068608232987958,0.0,pixel_reliability=0 AND MODLAND_QA(bits0-1)=0 AND VI range -2000..10000,MOD13Q1 V061 Terra 250m 16-day
SO2306,Sablaale,SO23,Lower Shabelle,2016-02-18,0.3531027937551356,0.3527,0.2036349219391947,0.2032,0.1704004480537664,1217,0.7548305796695604,0.0,pixel_reliability=0 AND MODLAND_QA(bits0-1)=0 AND VI range -2000..10000,MOD13Q1 V061 Terra 250m 16-day
SO2306,Sablaale,SO23,Lower Shabelle,2016-03-05,0.3498453602045421,0.3507,0.2012741765679049,0.2014,0.9309717166059928,6649,0.0201624194903388,0.0005600672080649,pixel_reliability=0 AND MODLAND_QA(bits0-1)=0 AND VI range -2000..10000,MOD13Q1 V061 Terra 250m 16-day
SO2306,Sablaale,SO23,Lower Shabelle,2016-03-21,0.3470797894736842,0.3502,0.1977307543859649,0.1981,0.7980957714925792,5700,0.0410249229907588,0.0,pixel_reliability=0 AND MODLAND_QA(bits0-1)=0 AND VI range -2000..10000,MOD13Q1 V061 Terra 250m 16-day
SO2306,Sablaale,SO23,Lower Shabelle,2016-04-06,0.4153142857142857,0.3412,0.2509857142857142,0.2204,0.0009801176141136,7,0.4844581349761971,0.1972836740408849,pixel_reliability=0 AND MODLAND_QA(bits0-1)=0 AND VI range -2000..10000,MOD13Q1 V061 Terra 250m 16-day
SO2306,Sablaale,SO23,Lower Shabelle,2016-04-22,0.6488374468085107,0.6691,0.4053408510638298,0.4255,0.0329039484738168,235,0.4315317838140577,0.2299075889106692,pixel_reliability=0 AND MODLAND_QA(bits0-1)=0 AND VI range -2000..10000,MOD13Q1 V061 Terra 250m 16-day
SO2306,Sablaale,SO23,Lower Shabelle,2016-05-08,0.7068453125,0.7196,0.42456875,0.42495,0.0089610753290394,64,0.5481657798935873,0.1692803136376365,pixel_reliability=0 AND MODLAND_QA(bits0-1)=0 AND VI range -2000..10000,MOD13Q1 V061 Terra 250m 16-day
SO2306,Sablaale,SO23,Lower Shabelle,2016-05-24,0.6359956263736264,0.6381,0.3466711648351648,0.34645,0.6370764491739008,4550,0.1531783814057687,0.0015401848221786,pixel_reliability=0 AND MODLAND_QA(bits0-1)=0 AND VI range -2000..10000,MOD13Q1 V061 Terra 250m 16-day
SO2306,Sablaale,SO23,Lower Shabelle,2016-06-09,0.5556253578732107,0.5612,0.3559768916155419,0.3565,0.0684682161859423,489,0.5756090730887706,0.0611873424810977,pixel_reliability=0 AND MODLAND_QA(bits0-1)=0 AND VI range -2000..10000,MOD13Q1 V061 Terra 250m 16-day
SO2306,Sablaale,SO23,Lower Shabelle,2016-06-25,0.613,0.613,0.3904,0.3904,0.0001400168020162,1,0.3115373844861383,0.4572948753850462,pixel_reliability=0 AND MODLAND_QA(bits0-1)=0 AND VI range -2000..10000,MOD13Q1 V061 Terra 250m 16-day
SO2306,Sablaale,SO23,Lower Shabelle,2016-07-11,0.6325500000000001,0.62615,0.3950461538461539,0.3907,0.0036404368524222,26,0.433492019042285,0.251190142817138,pixel_reliability=0 AND MODLAND_QA(bits0-1)=0 AND VI range -2000..10000,MOD13Q1 V061 Terra 250m 16-day
SO2306,Sablaale,SO23,Lower Shabelle,2016-07-27,0.531430652173913,0.52785,0.3138702173913044,0.3126,0.0644077289274712,460,0.4927191262951554,0.0929711565387846,pixel_reliability=0 AND MODLAND_QA(bits0-1)=0 AND VI range -2000..10000,MOD13Q1 V061 Terra 250m 16-day
SO2306,Sablaale,SO23,Lower Shabelle,2016-08-12,0.5074923076923077,0.5051,0.3076692307692307,0.3067,0.0018202184262111,13,0.4747969756370764,0.207224866984038,pixel_reliability=0 AND MODLAND_QA(bits0-1)=0 AND VI range -2000..10000,MOD13Q1 V061 Terra 250m 16-day
SO2306,Sablaale,SO23,Lower Shabelle,2016-08-28,0.4579133333333334,0.45930000000000004,0.27671873015873016,0.2757,0.044105292635116214,315,0.6360963315597872,0.06496779613553627,pixel_reliability=0 AND MODLAND_QA(bits0-1)=0 AND VI range -2000..10000,MOD13Q1 V061 Terra 250m 16-day
SO2306,Sablaale,SO23,Lower Shabelle,2016-09-13,0.4166222222222223,0.4266,0.2189518518518518,0.22,0.0037804536544385,27,0.5252030243629235,0.1451974236908429,pixel_reliability=0 AND MODLAND_QA(bits0-1)=0 AND VI range -2000..10000,MOD13Q1 V061 Terra 250m 16-day
SO2306,Sablaale,SO23,Lower Shabelle,2016-09-29,0.3325228571428572,0.33235,0.1988028571428571,0.1991,0.0098011761411369,70,0.5674880985718286,0.1233548025763091,pixel_reliability=0 AND MODLAND_QA(bits0-1)=0 AND VI range -2000..10000,MOD13Q1 V061 Terra 250m 16-day
SO2306,Sablaale,SO23,Lower Shabelle,2016-10-15,0.3682238883143743,0.35915,0.2364407962771458,0.2321,0.2707924950994119,1934,0.3907868944273313,0.0215625875105012,pixel_reliability=0 AND MODLAND_QA(bits0-1)=0 AND VI range -2000..10000,MOD13Q1 V061 Terra 250m 16-day
SO2306,Sablaale,SO23,Lower Shabelle,2016-10-31,0.3869105105105105,0.3811,0.2128984984984985,0.2094,0.0466255950714085,333,0.6311957434892187,0.074068888266592,pixel_reliability=0 AND MODLAND_QA(bits0-1)=0 AND VI range -2000..10000,MOD13Q1 V061 Terra 250m 16-day
SO2306,Sablaale,SO23,Lower Shabelle,2016-11-16,0.6656220588235294,0.6779999999999999,0.3844382352941177,0.3792,0.0095211425371044,68,0.3356202744329319,0.2707924950994119,pixel_reliability=0 AND MODLAND_QA(bits0-1)=0 AND VI range -2000..10000,MOD13Q1 V061 Terra 250m 16-day
SO2306,Sablaale,SO23,Lower Shabelle,2016-12-02,0.6352818048268626,0.646,0.3981100104931794,0.3995,0.6671800616073928,4765,0.1034724166900028,0.0001400168020162,pixel_reliability=0 AND MODLAND_QA(bits0-1)=0 AND VI range -2000..10000,MOD13Q1 V061 Terra 250m 16-day
SO2306,Sablaale,SO23,Lower Shabelle,2016-12-18,0.5867409854851031,0.58135,0.3346331550802139,0.3382,0.7331279753570429,5236,0.1015121814617754,0.0051806216746009,pixel_reliability=0 AND MODLAND_QA(bits0-1)=0 AND VI range -2000..10000,MOD13Q1 V061 Terra 250m 16-day
SO2307,Wanla Weyn,SO23,Lower Shabelle,2016-01-01,0.34569158920539733,0.3423,0.2207489355322339,0.221,0.9807381267460668,6670,0.0013233348037053375,0.0,pixel_reliability=0 AND MODLAND_QA(bits0-1)=0 AND VI range -2000..10000,MOD13Q1 V061 Terra 250m 16-day
SO2307,Wanla Weyn,SO23,Lower Shabelle,2016-01-17,0.2923779265255292,0.2844,0.1717735990037359,0.17255,0.9445669754447876,6424,0.0051463020144096,0.0,pixel_reliability=0 AND MODLAND_QA(bits0-1)=0 AND VI range -2000..10000,MOD13Q1 V061 Terra 250m 16-day
SO2307,Wanla Weyn,SO23,Lower Shabelle,2016-02-02,0.2607841093865484,0.2532,0.1563077753141167,0.1567,0.9947066607851788,6765,0.0001470372004117,0.0,pixel_reliability=0 AND MODLAND_QA(bits0-1)=0 AND VI range -2000..10000,MOD13Q1 V061 Terra 250m 16-day
SO2307,Wanla Weyn,SO23,Lower Shabelle,2016-02-18,0.2734067019400353,0.27725,0.1882376543209876,0.1889,0.1667401852668725,1134,0.787237171004264,0.0,pixel_reliability=0 AND MODLAND_QA(bits0-1)=0 AND VI range -2000..10000,MOD13Q1 V061 Terra 250m 16-day
SO2307,Wanla Weyn,SO23,Lower Shabelle,2016-03-05,0.2393685067873303,0.2338,0.1494054479638009,0.1489,0.8123805322746654,5525,0.0151448316424055,0.0001470372004117,pixel_reliability=0 AND MODLAND_QA(bits0-1)=0 AND VI range -2000..10000,MOD13Q1 V061 Terra 250m 16-day
SO2307,Wanla Weyn,SO23,Lower Shabelle,2016-03-21,0.2418997791449755,0.2349,0.14380099384761,0.1432,0.9320688134097926,6339,0.0064696368181149,0.0,pixel_reliability=0 AND MODLAND_QA(bits0-1)=0 AND VI range -2000..10000,MOD13Q1 V061 Terra 250m 16-day
SO2307,Wanla Weyn,SO23,Lower Shabelle,2016-04-06,0.2423013001485884,0.2321,0.1548278231797919,0.1508,0.3958241435083076,2692,0.2404058226731363,0.0066166740185266,pixel_reliability=0 AND MODLAND_QA(bits0-1)=0 AND VI range -2000..10000,MOD13Q1 V061 Terra 250m 16-day
SO2307,Wanla Weyn,SO23,Lower Shabelle,2016-04-22,0.31253,0.34285,0.183781,0.2052,0.0147037200411704,100,0.2018820761652698,0.5097779738273783,pixel_reliability=0 AND MODLAND_QA(bits0-1)=0 AND VI range -2000..10000,MOD13Q1 V061 Terra 250m 16-day
SO2307,Wanla Weyn,SO23,Lower Shabelle,2016-05-08,0.4253272455777625,0.4021,0.2603328509074202,0.2565,0.6400529333921482,4353,0.1318923687692986,0.0072048228201735,pixel_reliability=0 AND MODLAND_QA(bits0-1)=0 AND VI range -2000..10000,MOD13Q1 V061 Terra 250m 16-day
SO2307,Wanla Weyn,SO23,Lower Shabelle,2016-05-24,0.4746820192307692,0.48475,0.2717295192307692,0.27505,0.1529186884281723,1040,0.6212321717394501,0.0097044552271724,pixel_reliability=0 AND MODLAND_QA(bits0-1)=0 AND VI range -2000..10000,MOD13Q1 V061 Terra 250m 16-day
SO2307,Wanla Weyn,SO23,Lower Shabelle,2016-06-09,0.3408552112676056,0.33505,0.2119522535211268,0.20745,0.1043964122923099,710,0.5265402146743126,0.024849286869578,pixel_reliability=0 AND MODLAND_QA(bits0-1)=0 AND VI range -2000..10000,MOD13Q1 V061 Terra 250m 16-day
SO2307,Wanla Weyn,SO23,Lower Shabelle,2016-06-25,0.4175,0.42505,0.255325,0.2573499999999999,0.0005881488016468,4,0.2855462431995295,0.4711071901191001,pixel_reliability=0 AND MODLAND_QA(bits0-1)=0 AND VI range -2000..10000,MOD13Q1 V061 Terra 250m 16-day
SO2307,Wanla Weyn,SO23,Lower Shabelle,2016-07-11,0.40461875,0.4118,0.2408625,0.2511,0.0047051904131745,32,0.3470077929716218,0.3342155565358035,pixel_reliability=0 AND MODLAND_QA(bits0-1)=0 AND VI range -2000..10000,MOD13Q1 V061 Terra 250m 16-day
SO2307,Wanla Weyn,SO23,Lower Shabelle,2016-07-27,0.2926952192667146,0.29335,0.1684996405463695,0.1673,0.409057491545361,2782,0.1896779885310983,0.0022055580061755,pixel_reliability=0 AND MODLAND_QA(bits0-1)=0 AND VI range -2000..10000,MOD13Q1 V061 Terra 250m 16-day
SO2307,Wanla Weyn,SO23,Lower Shabelle,2016-08-12,0.2977286831812255,0.30045,0.1574666883963494,0.1564,0.2255550654315541,1534,0.3427437141596824,0.0951330686663726,pixel_reliability=0 AND MODLAND_QA(bits0-1)=0 AND VI range -2000..10000,MOD13Q1 V061 Terra 250m 16-day
SO2307,Wanla Weyn,SO23,Lower Shabelle,2016-08-28,0.232965022172949,0.23375,0.1563321507760532,0.1579,0.2652551095427143,1804,0.35200705778561975,0.07925305102190855,pixel_reliability=0 AND MODLAND_QA(bits0-1)=0 AND VI range -2000..10000,MOD13Q1 V061 Terra 250m 16-day
SO2307,Wanla Weyn,SO23,Lower Shabelle,2016-09-13,0.2441420400381315,0.2426,0.1358526215443279,0.1385,0.1542420232318776,1049,0.4866931333627408,0.0101455668284075,pixel_reliability=0 AND MODLAND_QA(bits0-1)=0 AND VI range -2000..10000,MOD13Q1 V061 Terra 250m 16-day
SO2307,Wanla Weyn,SO23,Lower Shabelle,2016-09-29,0.2422125298329356,0.2505,0.1429263723150358,0.1474,0.2464343478900161,1676,0.3620055874136156,0.0433759741214527,pixel_reliability=0 AND MODLAND_QA(bits0-1)=0 AND VI range -2000..10000,MOD13Q1 V061 Terra 250m 16-day
SO2307,Wanla Weyn,SO23,Lower Shabelle,2016-10-15,0.2375771351351351,0.2243,0.1433919459459459,0.1387,0.2720188207616527,1850,0.368769298632554,0.0582267313630348,pixel_reliability=0 AND MODLAND_QA(bits0-1)=0 AND VI range -2000..10000,MOD13Q1 V061 Terra 250m 16-day
SO2307,Wanla Weyn,SO23,Lower Shabelle,2016-10-31,0.2669125598086124,0.25655,0.1639471531100478,0.1567,0.6146154977209234,4180,0.0893986178503161,0.0,pixel_reliability=0 AND MODLAND_QA(bits0-1)=0 AND VI range -2000..10000,MOD13Q1 V061 Terra 250m 16-day
SO2307,Wanla Weyn,SO23,Lower Shabelle,2016-11-16,0.317030612244898,0.3126,0.1898765306122449,0.1909,0.014409645640347,98,0.3137773856785766,0.33995000735186,pixel_reliability=0 AND MODLAND_QA(bits0-1)=0 AND VI range -2000..10000,MOD13Q1 V061 Terra 250m 16-day
SO2307,Wanla Weyn,SO23,Lower Shabelle,2016-12-02,0.2853819144243494,0.27985,0.1853143361270401,0.1822,0.6666666666666666,4534,0.1508601676224084,0.0,pixel_reliability=0 AND MODLAND_QA(bits0-1)=0 AND VI range -2000..10000,MOD13Q1 V061 Terra 250m 16-day
SO2307,Wanla Weyn,SO23,Lower Shabelle,2016-12-18,0.2618427263479145,0.257,0.1522018056968463,0.1509,0.5781502720188207,3932,0.1157182767240111,0.0,pixel_reliability=0 AND MODLAND_QA(bits0-1)=0 AND VI range -2000..10000,MOD13Q1 V061 Terra 250m 16-day
SO2401,Baydhaba,SO24,Bay,2016-01-01,0.4520199959508706,0.4555,0.21279422324200298,0.2091,0.9833432875439644,14818,0.004048045656646094,0.0,pixel_reliability=0 AND MODLAND_QA(bits0-1)=0 AND VI range -2000..10000,MOD13Q1 V061 Terra 250m 16-day
SO2401,Baydhaba,SO24,Bay,2016-01-17,0.3408186542443065,0.341,0.1739080469289164,0.1721,0.9615767469639658,14490,0.0076315614838409,0.0,pixel_reliability=0 AND MODLAND_QA(bits0-1)=0 AND VI range -2000..10000,MOD13Q1 V061 Terra 250m 16-day
SO2401,Baydhaba,SO24,Bay,2016-02-02,0.3011528021607022,0.3013,0.1566513234301148,0.15645,0.982812396310306,14810,0.0038489614440241,0.0,pixel_reliability=0 AND MODLAND_QA(bits0-1)=0 AND VI range -2000..10000,MOD13Q1 V061 Terra 250m 16-day
SO2401,Baydhaba,SO24,Bay,2016-02-18,0.2911849434209296,0.2982,0.1571833629477228,0.1558,0.7096024951887981,10693,0.1203132258278585,0.0,pixel_reliability=0 AND MODLAND_QA(bits0-1)=0 AND VI range -2000..10000,MOD13Q1 V061 Terra 250m 16-day
SO2401,Baydhaba,SO24,Bay,2016-03-05,0.306529410559388,0.3124,0.1481986612936275,0.1468,0.97159731899927,14641,0.0083615369301214,0.0,pixel_reliability=0 AND MODLAND_QA(bits0-1)=0 AND VI range -2000..10000,MOD13Q1 V061 Terra 250m 16-day
SO2401,Baydhaba,SO24,Bay,2016-03-21,0.2883101114263963,0.2975,0.1505918195030798,0.1517,0.958855929391466,14449,0.0112150773110359,0.0,pixel_reliability=0 AND MODLAND_QA(bits0-1)=0 AND VI range -2000..10000,MOD13Q1 V061 Terra 250m 16-day
SO2401,Baydhaba,SO24,Bay,2016-04-06,0.3922985185185185,0.3612,0.2090010893246187,0.1866,0.1522994226557834,2295,0.5627447076780144,0.0116132457362797,pixel_reliability=0 AND MODLAND_QA(bits0-1)=0 AND VI range -2000..10000,MOD13Q1 V061 Terra 250m 16-day
SO2401,Baydhaba,SO24,Bay,2016-04-22,0.6073870748299319,0.6567500000000001,0.3771340136054422,0.40025,0.01951025283695,294,0.2925210697458358,0.4075253832371093,pixel_reliability=0 AND MODLAND_QA(bits0-1)=0 AND VI range -2000..10000,MOD13Q1 V061 Terra 250m 16-day
SO2401,Baydhaba,SO24,Bay,2016-05-08,0.6010603793247187,0.6266,0.3632928303459775,0.39625,0.3184020173866879,4798,0.3823744110425376,0.0116132457362797,pixel_reliability=0 AND MODLAND_QA(bits0-1)=0 AND VI range -2000..10000,MOD13Q1 V061 Terra 250m 16-day
SO2401,Baydhaba,SO24,Bay,2016-05-24,0.5307416576263831,0.5429,0.2839941997541043,0.2886,0.9175791359745172,13827,0.0245537195567058,0.0,pixel_reliability=0 AND MODLAND_QA(bits0-1)=0 AND VI range -2000..10000,MOD13Q1 V061 Terra 250m 16-day
SO2401,Baydhaba,SO24,Bay,2016-06-09,0.4466189734816082,0.4507,0.2569986056458511,0.2565,0.7757648151834893,11690,0.0554781339173136,0.0,pixel_reliability=0 AND MODLAND_QA(bits0-1)=0 AND VI range -2000..10000,MOD13Q1 V061 Terra 250m 16-day
SO2401,Baydhaba,SO24,Bay,2016-06-25,0.39055,0.39055,0.2204,0.2204,0.0001327228084146,2,0.4271019974782666,0.3515163580861371,pixel_reliability=0 AND MODLAND_QA(bits0-1)=0 AND VI range -2000..10000,MOD13Q1 V061 Terra 250m 16-day
SO2401,Baydhaba,SO24,Bay,2016-07-11,0.3293415591699383,0.3378,0.174798934380258,0.1738,0.1183223837016391,1783,0.5452916583714912,0.0583980357024354,pixel_reliability=0 AND MODLAND_QA(bits0-1)=0 AND VI range -2000..10000,MOD13Q1 V061 Terra 250m 16-day
SO2401,Baydhaba,SO24,Bay,2016-07-27,0.3188685182492365,0.323,0.1597493819979642,0.16,0.4563673767336917,6877,0.1984205985798659,0.0950958922290795,pixel_reliability=0 AND MODLAND_QA(bits0-1)=0 AND VI range -2000..10000,MOD13Q1 V061 Terra 250m 16-day
SO2401,Baydhaba,SO24,Bay,2016-08-12,0.3086307911421483,0.3131,0.1470768170541211,0.1484,0.7222111619881877,10883,0.0852080430021899,0.0142013405003649,pixel_reliability=0 AND MODLAND_QA(bits0-1)=0 AND VI range -2000..10000,MOD13Q1 V061 Terra 250m 16-day
SO2401,Baydhaba,SO24,Bay,2016-08-28,0.2882969319271333,0.2919,0.13904256951102587,0.1381,0.06921494458822748,1043,0.6224036100603889,0.05176189528170416,pixel_reliability=0 AND MODLAND_QA(bits0-1)=0 AND VI range -2000..10000,MOD13Q1 V061 Terra 250m 16-day
SO2401,Baydhaba,SO24,Bay,2016-09-13,0.2760150012976901,0.2813,0.1492912924993511,0.1522,0.5113809808215541,7706,0.1720751211095627,0.0,pixel_reliability=0 AND MODLAND_QA(bits0-1)=0 AND VI range -2000..10000,MOD13Q1 V061 Terra 250m 16-day
SO2401,Baydhaba,SO24,Bay,2016-09-29,0.2733784602982668,0.2744,0.1478164449818621,0.149,0.8232132191917181,12405,0.0548808812794478,0.0001327228084146,pixel_reliability=0 AND MODLAND_QA(bits0-1)=0 AND VI range -2000..10000,MOD13Q1 V061 Terra 250m 16-day
SO2401,Baydhaba,SO24,Bay,2016-10-15,0.4134866945777596,0.3796,0.2245644031451036,0.2001,0.6498772314022164,9793,0.1270157276527971,0.0037162386356095,pixel_reliability=0 AND MODLAND_QA(bits0-1)=0 AND VI range -2000..10000,MOD13Q1 V061 Terra 250m 16-day
SO2401,Baydhaba,SO24,Bay,2016-10-31,0.4474535881609281,0.4504,0.2329430802409459,0.2337,0.8923618023757383,13447,0.0317207512110956,0.0,pixel_reliability=0 AND MODLAND_QA(bits0-1)=0 AND VI range -2000..10000,MOD13Q1 V061 Terra 250m 16-day
SO2401,Baydhaba,SO24,Bay,2016-11-16,0.3993983985765125,0.41135,0.2132696322657176,0.2187,0.1118853274935297,1686,0.5686508726524653,0.083748092109629,pixel_reliability=0 AND MODLAND_QA(bits0-1)=0 AND VI range -2000..10000,MOD13Q1 V061 Terra 250m 16-day
SO2401,Baydhaba,SO24,Bay,2016-12-02,0.3696644467750393,0.3706,0.1864210877219267,0.1813,0.8858583847634216,13349,0.024819165173535,0.0,pixel_reliability=0 AND MODLAND_QA(bits0-1)=0 AND VI range -2000..10000,MOD13Q1 V061 Terra 250m 16-day
SO2401,Baydhaba,SO24,Bay,2016-12-18,0.3139687685204327,0.3166,0.1565817104265729,0.1544,0.9629703364523192,14511,0.008494259738536,0.0,pixel_reliability=0 AND MODLAND_QA(bits0-1)=0 AND VI range -2000..10000,MOD13Q1 V061 Terra 250m 16-day
SO2402,Buur Hakaba,SO24,Bay,2016-01-01,0.4114528224627084,0.4053,0.24307281856293264,0.23570000000000002,0.9794690603514133,20514,0.0028170359052711994,0.0,pixel_reliability=0 AND MODLAND_QA(bits0-1)=0 AND VI range -2000..10000,MOD13Q1 V061 Terra 250m 16-day
SO2402,Buur Hakaba,SO24,Bay,2016-01-17,0.3363090882237102,0.3297,0.1935569417093343,0.1876,0.9698242933537052,20312,0.0049656226126814,4.774637127578304e-05,pixel_reliability=0 AND MODLAND_QA(bits0-1)=0 AND VI range -2000..10000,MOD13Q1 V061 Terra 250m 16-day
SO2402,Buur Hakaba,SO24,Bay,2016-02-02,0.296944035267183,0.2934,0.1768737688148473,0.1713,0.98018525592055,20529,0.0020530939648586,0.0,pixel_reliability=0 AND MODLAND_QA(bits0-1)=0 AND VI range -2000..10000,MOD13Q1 V061 Terra 250m 16-day
SO2402,Buur Hakaba,SO24,Bay,2016-02-18,0.2779471309542525,0.2774,0.1791091495047949,0.178,0.3037146676852559,6361,0.5901928953399541,0.0,pixel_reliability=0 AND MODLAND_QA(bits0-1)=0 AND VI range -2000..10000,MOD13Q1 V061 Terra 250m 16-day
SO2402,Buur Hakaba,SO24,Bay,2016-03-05,0.2908125409260991,0.2893,0.1729776017305893,0.1704,0.8166539343009931,17104,0.0326585179526356,0.0,pixel_reliability=0 AND MODLAND_QA(bits0-1)=0 AND VI range -2000..10000,MOD13Q1 V061 Terra 250m 16-day
SO2402,Buur Hakaba,SO24,Bay,2016-03-21,0.2826474203702716,0.2825,0.1676706450408152,0.1646,0.8949102368220015,18743,0.0234912146676852,0.0,pixel_reliability=0 AND MODLAND_QA(bits0-1)=0 AND VI range -2000..10000,MOD13Q1 V061 Terra 250m 16-day
SO2402,Buur Hakaba,SO24,Bay,2016-04-06,0.2780242530755712,0.2482,0.1718165202108963,0.1561,0.0271676852559205,569,0.5980710466004584,0.0878533231474407,pixel_reliability=0 AND MODLAND_QA(bits0-1)=0 AND VI range -2000..10000,MOD13Q1 V061 Terra 250m 16-day
SO2402,Buur Hakaba,SO24,Bay,2016-04-22,0.4663735320686541,0.4609,0.3012967479674797,0.2982,0.0528552330022918,1107,0.2391615737203972,0.4233193277310924,pixel_reliability=0 AND MODLAND_QA(bits0-1)=0 AND VI range -2000..10000,MOD13Q1 V061 Terra 250m 16-day
SO2402,Buur Hakaba,SO24,Bay,2016-05-08,0.5310234786361675,0.5332,0.3288848942598187,0.3339,0.1106283422459893,2317,0.4825725744843392,0.0945855614973262,pixel_reliability=0 AND MODLAND_QA(bits0-1)=0 AND VI range -2000..10000,MOD13Q1 V061 Terra 250m 16-day
SO2402,Buur Hakaba,SO24,Bay,2016-05-24,0.5338149025974027,0.5331,0.2974975779220779,0.297,0.7352941176470589,15400,0.1321619556913674,0.0004774637127578,pixel_reliability=0 AND MODLAND_QA(bits0-1)=0 AND VI range -2000..10000,MOD13Q1 V061 Terra 250m 16-day
SO2402,Buur Hakaba,SO24,Bay,2016-06-09,0.4449832778147901,0.445,0.2758372085276482,0.2728,0.1433346065699006,3002,0.4805672268907563,0.0391997708174178,pixel_reliability=0 AND MODLAND_QA(bits0-1)=0 AND VI range -2000..10000,MOD13Q1 V061 Terra 250m 16-day
SO2402,Buur Hakaba,SO24,Bay,2016-06-25,,,,,0.0,0,0.2051184110007639,0.5463139801375095,pixel_reliability=0 AND MODLAND_QA(bits0-1)=0 AND VI range -2000..10000,MOD13Q1 V061 Terra 250m 16-day
SO2402,Buur Hakaba,SO24,Bay,2016-07-11,0.4543263636363636,0.46165,0.2834918181818182,0.28915,0.0052521008403361,110,0.5068754774637128,0.2274637127578304,pixel_reliability=0 AND MODLAND_QA(bits0-1)=0 AND VI range -2000..10000,MOD13Q1 V061 Terra 250m 16-day
SO2402,Buur Hakaba,SO24,Bay,2016-07-27,0.3327707507820647,0.3284,0.1869858967674661,0.1753,0.1831550802139037,3836,0.359577922077922,0.0805958747135217,pixel_reliability=0 AND MODLAND_QA(bits0-1)=0 AND VI range -2000..10000,MOD13Q1 V061 Terra 250m 16-day
SO2402,Buur Hakaba,SO24,Bay,2016-08-12,0.3064532159783344,0.309,0.1483066012186865,0.147,0.1410427807486631,2954,0.4251336898395721,0.0944900687547746,pixel_reliability=0 AND MODLAND_QA(bits0-1)=0 AND VI range -2000..10000,MOD13Q1 V061 Terra 250m 16-day
SO2402,Buur Hakaba,SO24,Bay,2016-08-28,0.27452996894409937,0.2622,0.17822554347826086,0.16925,0.06149732620320856,1288,0.4760790679908327,0.1331168831168831,pixel_reliability=0 AND MODLAND_QA(bits0-1)=0 AND VI range -2000..10000,MOD13Q1 V061 Terra 250m 16-day
SO2402,Buur Hakaba,SO24,Bay,2016-09-13,0.2788485640905907,0.2786,0.1494585570861545,0.1454,0.2044977081741787,4283,0.4045550038197097,0.006159281894576,pixel_reliability=0 AND MODLAND_QA(bits0-1)=0 AND VI range -2000..10000,MOD13Q1 V061 Terra 250m 16-day
SO2402,Buur Hakaba,SO24,Bay,2016-09-29,0.2572441914893617,0.2588,0.1429090212765957,0.14385,0.2244079449961803,4700,0.3898491214667685,0.053905653170359,pixel_reliability=0 AND MODLAND_QA(bits0-1)=0 AND VI range -2000..10000,MOD13Q1 V061 Terra 250m 16-day
SO2402,Buur Hakaba,SO24,Bay,2016-10-15,0.3248000831716108,0.3036,0.2024036595508732,0.189,0.3444423223834988,7214,0.3024255156608098,0.0278838808250572,pixel_reliability=0 AND MODLAND_QA(bits0-1)=0 AND VI range -2000..10000,MOD13Q1 V061 Terra 250m 16-day
SO2402,Buur Hakaba,SO24,Bay,2016-10-31,0.3477830110366947,0.3391,0.1953516649372701,0.1903,0.506159281894576,10601,0.2225935828877005,0.0309873949579831,pixel_reliability=0 AND MODLAND_QA(bits0-1)=0 AND VI range -2000..10000,MOD13Q1 V061 Terra 250m 16-day
SO2402,Buur Hakaba,SO24,Bay,2016-11-16,0.4246785714285714,0.42565,0.2500357142857143,0.24925,0.0013368983957219,28,0.2437929717341482,0.4488636363636363,pixel_reliability=0 AND MODLAND_QA(bits0-1)=0 AND VI range -2000..10000,MOD13Q1 V061 Terra 250m 16-day
SO2402,Buur Hakaba,SO24,Bay,2016-12-02,0.4050752084287677,0.3905,0.2473572423270728,0.2373,0.5211516424751719,10915,0.1471543162719633,0.0,pixel_reliability=0 AND MODLAND_QA(bits0-1)=0 AND VI range -2000..10000,MOD13Q1 V061 Terra 250m 16-day
SO2402,Buur Hakaba,SO24,Bay,2016-12-18,0.3434884179484214,0.3317,0.1973673354920782,0.1908,0.8257257448433919,17294,0.043783422459893,4.774637127578304e-05,pixel_reliability=0 AND MODLAND_QA(bits0-1)=0 AND VI range -2000..10000,MOD13Q1 V061 Terra 250m 16-day
SO2403,Diinsoor,SO24,Bay,2016-01-01,0.41349054371387284,0.4048,0.22145127348265897,0.21710000000000002,0.9794762915782024,11072,0.003627034677990092,0.0,pixel_reliability=0 AND MODLAND_QA(bits0-1)=0 AND VI range -2000..10000,MOD13Q1 V061 Terra 250m 16-day
SO2403,Diinsoor,SO24,Bay,2016-01-17,0.3219846480468013,0.3162,0.1860223627099453,0.1816,0.9375442321302194,10598,0.0138888888888888,8.846426043878273e-05,pixel_reliability=0 AND MODLAND_QA(bits0-1)=0 AND VI range -2000..10000,MOD13Q1 V061 Terra 250m 16-day
SO2403,Diinsoor,SO24,Bay,2016-02-02,0.2898268029064487,0.2873,0.1730215894641235,0.1698,0.9739915074309978,11010,0.0060155697098372,0.0,pixel_reliability=0 AND MODLAND_QA(bits0-1)=0 AND VI range -2000..10000,MOD13Q1 V061 Terra 250m 16-day
SO2403,Diinsoor,SO24,Bay,2016-02-18,0.31223575,0.30665,0.176113175,0.1701,0.3538570417551309,4000,0.5186659589525832,0.0,pixel_reliability=0 AND MODLAND_QA(bits0-1)=0 AND VI range -2000..10000,MOD13Q1 V061 Terra 250m 16-day
SO2403,Diinsoor,SO24,Bay,2016-03-05,0.3222834037360368,0.3147,0.182369764385619,0.178,0.9424097664543524,10653,0.0130927105449398,0.0,pixel_reliability=0 AND MODLAND_QA(bits0-1)=0 AND VI range -2000..10000,MOD13Q1 V061 Terra 250m 16-day
SO2403,Diinsoor,SO24,Bay,2016-03-21,0.2992131825103328,0.2942,0.1808995105503589,0.1794,0.8133404104741684,9194,0.0442321302193913,0.0,pixel_reliability=0 AND MODLAND_QA(bits0-1)=0 AND VI range -2000..10000,MOD13Q1 V061 Terra 250m 16-day
SO2403,Diinsoor,SO24,Bay,2016-04-06,0.4277357894736842,0.42755,0.2314852631578947,0.2194,0.0168082094833687,190,0.4762915782024062,0.1727707006369426,pixel_reliability=0 AND MODLAND_QA(bits0-1)=0 AND VI range -2000..10000,MOD13Q1 V061 Terra 250m 16-day
SO2403,Diinsoor,SO24,Bay,2016-04-22,0.4106442263279446,0.4072,0.2406147806004619,0.23575,0.0766100495399858,866,0.4215322009907997,0.1497699929228591,pixel_reliability=0 AND MODLAND_QA(bits0-1)=0 AND VI range -2000..10000,MOD13Q1 V061 Terra 250m 16-day
SO2403,Diinsoor,SO24,Bay,2016-05-08,0.6149559748427673,0.62585,0.3602286163522013,0.3637,0.0281316348195329,318,0.4854033970276008,0.1564932767162066,pixel_reliability=0 AND MODLAND_QA(bits0-1)=0 AND VI range -2000..10000,MOD13Q1 V061 Terra 250m 16-day
SO2403,Diinsoor,SO24,Bay,2016-05-24,0.4948310170470962,0.4946,0.2784507223345854,0.2794,0.612349610757254,6922,0.1630396319886765,0.0,pixel_reliability=0 AND MODLAND_QA(bits0-1)=0 AND VI range -2000..10000,MOD13Q1 V061 Terra 250m 16-day
SO2403,Diinsoor,SO24,Bay,2016-06-09,0.4537847538066047,0.4551,0.2817743326082658,0.2837,0.4473637650389243,5057,0.2638888888888889,0.0107041755130927,pixel_reliability=0 AND MODLAND_QA(bits0-1)=0 AND VI range -2000..10000,MOD13Q1 V061 Terra 250m 16-day
SO2403,Diinsoor,SO24,Bay,2016-06-25,,,,,0.0,0,0.0918259023354564,0.7346956829440906,pixel_reliability=0 AND MODLAND_QA(bits0-1)=0 AND VI range -2000..10000,MOD13Q1 V061 Terra 250m 16-day
SO2403,Diinsoor,SO24,Bay,2016-07-11,0.381678947368421,0.37755,0.2277657894736842,0.21325,0.0033616418966737,38,0.7103680113234253,0.1173920736022646,pixel_reliability=0 AND MODLAND_QA(bits0-1)=0 AND VI range -2000..10000,MOD13Q1 V061 Terra 250m 16-day
SO2403,Diinsoor,SO24,Bay,2016-07-27,0.3141875202593193,0.3135,0.1791601296596434,0.1768,0.0545824486907289,617,0.5354741684359519,0.0934182590233545,pixel_reliability=0 AND MODLAND_QA(bits0-1)=0 AND VI range -2000..10000,MOD13Q1 V061 Terra 250m 16-day
SO2403,Diinsoor,SO24,Bay,2016-08-12,0.2879392635925671,0.2867,0.1506046455609084,0.1514,0.2570771408351026,2906,0.4795647558386411,0.0209660297239915,pixel_reliability=0 AND MODLAND_QA(bits0-1)=0 AND VI range -2000..10000,MOD13Q1 V061 Terra 250m 16-day
SO2403,Diinsoor,SO24,Bay,2016-08-28,0.2850574007220217,0.28250000000000003,0.15352454873646212,0.155,0.024504600141542817,277,0.565552016985138,0.08112172682236377,pixel_reliability=0 AND MODLAND_QA(bits0-1)=0 AND VI range -2000..10000,MOD13Q1 V061 Terra 250m 16-day
SO2403,Diinsoor,SO24,Bay,2016-09-13,0.2689763611491108,0.2684,0.1414749658002736,0.1419,0.3233368719037509,3655,0.2661004953998584,0.012208067940552,pixel_reliability=0 AND MODLAND_QA(bits0-1)=0 AND VI range -2000..10000,MOD13Q1 V061 Terra 250m 16-day
SO2403,Diinsoor,SO24,Bay,2016-09-29,0.251283608490566,0.2516,0.151301572327044,0.1516,0.2250530785562632,2544,0.3849964614295824,0.032554847841472,pixel_reliability=0 AND MODLAND_QA(bits0-1)=0 AND VI range -2000..10000,MOD13Q1 V061 Terra 250m 16-day
SO2403,Diinsoor,SO24,Bay,2016-10-15,0.2939009003939223,0.2718,0.1716882948790095,0.1532,0.1572009907997169,1777,0.740622788393489,0.0132696390658174,pixel_reliability=0 AND MODLAND_QA(bits0-1)=0 AND VI range -2000..10000,MOD13Q1 V061 Terra 250m 16-day
SO2403,Diinsoor,SO24,Bay,2016-10-31,0.337695939768755,0.3338,0.1917692390427534,0.1886,0.3289985845718329,3719,0.408793347487615,0.0294585987261146,pixel_reliability=0 AND MODLAND_QA(bits0-1)=0 AND VI range -2000..10000,MOD13Q1 V061 Terra 250m 16-day
SO2403,Diinsoor,SO24,Bay,2016-11-16,0.4465142857142857,0.4332,0.2811571428571428,0.2836,0.0006192498230714,7,0.4823956121726822,0.2496461429582448,pixel_reliability=0 AND MODLAND_QA(bits0-1)=0 AND VI range -2000..10000,MOD13Q1 V061 Terra 250m 16-day
SO2403,Diinsoor,SO24,Bay,2016-12-02,0.4403005568814638,0.4314,0.26258736220025,0.2598,0.7783970276008493,8799,0.0232661004953998,0.0,pixel_reliability=0 AND MODLAND_QA(bits0-1)=0 AND VI range -2000..10000,MOD13Q1 V061 Terra 250m 16-day
SO2403,Diinsoor,SO24,Bay,2016-12-18,0.383400020242915,0.373,0.2130200506072874,0.2094,0.8740268931351733,9880,0.0238853503184713,0.0,pixel_reliability=0 AND MODLAND_QA(bits0-1)=0 AND VI range -2000..10000,MOD13Q1 V061 Terra 250m 16-day
SO2404,Qansax Dheere,SO24,Bay,2016-01-01,0.41409371852637167,0.3992,0.21659088258680095,0.2092,0.9843464649099922,3773,0.0010435690060005217,0.0,pixel_reliability=0 AND MODLAND_QA(bits0-1)=0 AND VI range -2000..10000,MOD13Q1 V061 Terra 250m 16-day
SO2404,Qansax Dheere,SO24,Bay,2016-01-17,0.3120563788155492,0.3055,0.1729288285937907,0.1688,1.0,3833,0.0,0.0,pixel_reliability=0 AND MODLAND_QA(bits0-1)=0 AND VI range -2000..10000,MOD13Q1 V061 Terra 250m 16-day
SO2404,Qansax Dheere,SO24,Bay,2016-02-02,0.2739779602649006,0.2695,0.1558736423841059,0.1532,0.9848682494129924,3775,0.0013044612575006,0.0,pixel_reliability=0 AND MODLAND_QA(bits0-1)=0 AND VI range -2000..10000,MOD13Q1 V061 Terra 250m 16-day
SO2404,Qansax Dheere,SO24,Bay,2016-02-18,0.2709729038523794,0.2695,0.1426424085464551,0.144,0.8058961648839029,3089,0.0816592747195408,0.0,pixel_reliability=0 AND MODLAND_QA(bits0-1)=0 AND VI range -2000..10000,MOD13Q1 V061 Terra 250m 16-day
SO2404,Qansax Dheere,SO24,Bay,2016-03-05,0.2784635961272476,0.2722,0.1492580636237897,0.148,0.9431254891729716,3615,0.0104356900600052,0.0,pixel_reliability=0 AND MODLAND_QA(bits0-1)=0 AND VI range -2000..10000,MOD13Q1 V061 Terra 250m 16-day
SO2404,Qansax Dheere,SO24,Bay,2016-03-21,0.2601533923303835,0.2586,0.1496558407079646,0.1505,0.8844247325854422,3390,0.0333942081920166,0.0,pixel_reliability=0 AND MODLAND_QA(bits0-1)=0 AND VI range -2000..10000,MOD13Q1 V061 Terra 250m 16-day
SO2404,Qansax Dheere,SO24,Bay,2016-04-06,0.3103204545454545,0.30255,0.1550943181818181,0.1494,0.0229585181320114,88,0.5084789981737542,0.134098617271067,pixel_reliability=0 AND MODLAND_QA(bits0-1)=0 AND VI range -2000..10000,MOD13Q1 V061 Terra 250m 16-day
SO2404,Qansax Dheere,SO24,Bay,2016-04-22,0.4248280373831776,0.4123,0.2566345794392523,0.2516,0.0279154709105139,107,0.2822854161231411,0.3689016436211844,pixel_reliability=0 AND MODLAND_QA(bits0-1)=0 AND VI range -2000..10000,MOD13Q1 V061 Terra 250m 16-day
SO2404,Qansax Dheere,SO24,Bay,2016-05-08,0.5056855739717618,0.5343,0.3289701657458564,0.3551,0.4249934776937125,1629,0.2906339681711453,0.0159144273415079,pixel_reliability=0 AND MODLAND_QA(bits0-1)=0 AND VI range -2000..10000,MOD13Q1 V061 Terra 250m 16-day
SO2404,Qansax Dheere,SO24,Bay,2016-05-24,0.4628451896813353,0.4634,0.2694923520485584,0.2752,0.8596399686929298,3295,0.0406991912340203,0.0,pixel_reliability=0 AND MODLAND_QA(bits0-1)=0 AND VI range -2000..10000,MOD13Q1 V061 Terra 250m 16-day
SO2404,Qansax Dheere,SO24,Bay,2016-06-09,0.407765414620052,0.403,0.2477096214966773,0.2473,0.9029480824419516,3461,0.0289590399165144,0.0,pixel_reliability=0 AND MODLAND_QA(bits0-1)=0 AND VI range -2000..10000,MOD13Q1 V061 Terra 250m 16-day
SO2404,Qansax Dheere,SO24,Bay,2016-06-25,0.2875,0.2875,0.1846,0.1846,0.0002608922515001,1,0.1374902165405687,0.6490999217323246,pixel_reliability=0 AND MODLAND_QA(bits0-1)=0 AND VI range -2000..10000,MOD13Q1 V061 Terra 250m 16-day
SO2404,Qansax Dheere,SO24,Bay,2016-07-11,0.3014204918032787,0.28965,0.1768422131147541,0.1741,0.0636577093660318,244,0.7033655100443517,0.0106965823115053,pixel_reliability=0 AND MODLAND_QA(bits0-1)=0 AND VI range -2000..10000,MOD13Q1 V061 Terra 250m 16-day
SO2404,Qansax Dheere,SO24,Bay,2016-07-27,0.2910875912408759,0.29025,0.1661133211678832,0.16465,0.1429689538220714,548,0.4351682755022176,0.0589616488390294,pixel_reliability=0 AND MODLAND_QA(bits0-1)=0 AND VI range -2000..10000,MOD13Q1 V061 Terra 250m 16-day
SO2404,Qansax Dheere,SO24,Bay,2016-08-12,0.2822387480438184,0.2787,0.1462093896713615,0.1463,0.8335507435429168,3195,0.0498304200365249,0.0,pixel_reliability=0 AND MODLAND_QA(bits0-1)=0 AND VI range -2000..10000,MOD13Q1 V061 Terra 250m 16-day
SO2404,Qansax Dheere,SO24,Bay,2016-08-28,0.25608287037037036,0.2542,0.13791574074074073,0.13925,0.05635272632402818,216,0.637881554917819,0.03026350117401513,pixel_reliability=0 AND MODLAND_QA(bits0-1)=0 AND VI range -2000..10000,MOD13Q1 V061 Terra 250m 16-day
SO2404,Qansax Dheere,SO24,Bay,2016-09-13,0.2507314298978644,0.25045,0.1391389972144847,0.13905,0.561961909731281,2154,0.1466214453430733,0.0,pixel_reliability=0 AND MODLAND_QA(bits0-1)=0 AND VI range -2000..10000,MOD13Q1 V061 Terra 250m 16-day
SO2404,Qansax Dheere,SO24,Bay,2016-09-29,0.2371844004656577,0.2355,0.144020993403182,0.1476,0.6723193321158362,2577,0.1116618836420558,0.0015653535090007,pixel_reliability=0 AND MODLAND_QA(bits0-1)=0 AND VI range -2000..10000,MOD13Q1 V061 Terra 250m 16-day
SO2404,Qansax Dheere,SO24,Bay,2016-10-15,0.2924275834011391,0.2797,0.1625268917819365,0.1452,0.6412731541873207,2458,0.3102008870336551,0.0010435690060005,pixel_reliability=0 AND MODLAND_QA(bits0-1)=0 AND VI range -2000..10000,MOD13Q1 V061 Terra 250m 16-day
SO2404,Qansax Dheere,SO24,Bay,2016-10-31,0.3300156586826347,0.32555,0.1853885628742515,0.18355,0.8713801200104357,3340,0.0187842421080093,0.0,pixel_reliability=0 AND MODLAND_QA(bits0-1)=0 AND VI range -2000..10000,MOD13Q1 V061 Terra 250m 16-day
SO2404,Qansax Dheere,SO24,Bay,2016-11-16,0.37156,0.35025,0.22692,0.2216,0.0026089225150013,10,0.8309418210279155,0.0506130967910253,pixel_reliability=0 AND MODLAND_QA(bits0-1)=0 AND VI range -2000..10000,MOD13Q1 V061 Terra 250m 16-day
SO2404,Qansax Dheere,SO24,Bay,2016-12-02,0.3977272,0.3885,0.2339908137931034,0.23,0.9457344116879728,3625,0.0062614140360031,0.0,pixel_reliability=0 AND MODLAND_QA(bits0-1)=0 AND VI range -2000..10000,MOD13Q1 V061 Terra 250m 16-day
SO2404,Qansax Dheere,SO24,Bay,2016-12-18,0.3393022003474232,0.33335,0.1957463520555877,0.1935,0.9011218366814504,3454,0.008087659796504,0.0,pixel_reliability=0 AND MODLAND_QA(bits0-1)=0 AND VI range -2000..10000,MOD13Q1 V061 Terra 250m 16-day
SO2501,Xudur,SO25,Bakool,2016-01-01,0.31293347490954854,0.3049,0.17061176655655186,0.1701,0.9796578825705039,6357,0.002311604253351826,0.0,pixel_reliability=0 AND MODLAND_QA(bits0-1)=0 AND VI range -2000..10000,MOD13Q1 V061 Terra 250m 16-day
SO2501,Xudur,SO25,Bakool,2016-01-17,0.2635665447897623,0.2598,0.1490690543460196,0.1482,0.9272615194945292,6017,0.0083217753120665,0.0,pixel_reliability=0 AND MODLAND_QA(bits0-1)=0 AND VI range -2000..10000,MOD13Q1 V061 Terra 250m 16-day
SO2501,Xudur,SO25,Bakool,2016-02-02,0.24009260235732,0.2367,0.137689314516129,0.1374,0.9936816150408384,6448,0.0003082139004469,0.0,pixel_reliability=0 AND MODLAND_QA(bits0-1)=0 AND VI range -2000..10000,MOD13Q1 V061 Terra 250m 16-day
SO2501,Xudur,SO25,Bakool,2016-02-18,0.23102608311229,0.2298,0.130988682581786,0.1303,0.6971798428109107,4524,0.0896902450300508,0.0,pixel_reliability=0 AND MODLAND_QA(bits0-1)=0 AND VI range -2000..10000,MOD13Q1 V061 Terra 250m 16-day
SO2501,Xudur,SO25,Bakool,2016-03-05,0.2388523647077066,0.2374,0.1282161885563653,0.1293,0.9938357219910618,6449,0.0003082139004469,0.0,pixel_reliability=0 AND MODLAND_QA(bits0-1)=0 AND VI range -2000..10000,MOD13Q1 V061 Terra 250m 16-day
SO2501,Xudur,SO25,Bakool,2016-03-21,0.225793549905838,0.2236,0.1293834118016321,0.1306,0.9819694868238558,6372,0.001386962552011,0.0,pixel_reliability=0 AND MODLAND_QA(bits0-1)=0 AND VI range -2000..10000,MOD13Q1 V061 Terra 250m 16-day
SO2501,Xudur,SO25,Bakool,2016-04-06,0.2672812865497076,0.2517,0.1528109941520468,0.143,0.3952843273231622,2565,0.1981815379873632,0.0012328556017876,pixel_reliability=0 AND MODLAND_QA(bits0-1)=0 AND VI range -2000..10000,MOD13Q1 V061 Terra 250m 16-day
SO2501,Xudur,SO25,Bakool,2016-04-22,0.4600433823529412,0.5092,0.2718404411764705,0.3007499999999999,0.0209585452303898,136,0.3254738788719371,0.3082139004469101,pixel_reliability=0 AND MODLAND_QA(bits0-1)=0 AND VI range -2000..10000,MOD13Q1 V061 Terra 250m 16-day
SO2501,Xudur,SO25,Bakool,2016-05-08,0.4685823198198198,0.4637,0.2854324887387388,0.28865,0.5473878871937125,3552,0.2290029280320542,0.0143319463707813,pixel_reliability=0 AND MODLAND_QA(bits0-1)=0 AND VI range -2000..10000,MOD13Q1 V061 Terra 250m 16-day
SO2501,Xudur,SO25,Bakool,2016-05-24,0.3837315294117647,0.381,0.2290021680672268,0.2287,0.9169363538295576,5950,0.0104792726151949,0.0,pixel_reliability=0 AND MODLAND_QA(bits0-1)=0 AND VI range -2000..10000,MOD13Q1 V061 Terra 250m 16-day
SO2501,Xudur,SO25,Bakool,2016-06-09,0.3248803714859438,0.3192,0.1965164156626506,0.1957,0.613962089690245,3984,0.1000154106950223,0.0,pixel_reliability=0 AND MODLAND_QA(bits0-1)=0 AND VI range -2000..10000,MOD13Q1 V061 Terra 250m 16-day
SO2501,Xudur,SO25,Bakool,2016-06-25,0.2925754545454546,0.28475,0.1667536363636363,0.16285,0.01695176452458,110,0.8056711357682231,0.0708891971027893,pixel_reliability=0 AND MODLAND_QA(bits0-1)=0 AND VI range -2000..10000,MOD13Q1 V061 Terra 250m 16-day
SO2501,Xudur,SO25,Bakool,2016-07-11,0.2597793275217933,0.2579,0.1548893257427504,0.1532,0.866235167206041,5621,0.0377562028047464,0.0,pixel_reliability=0 AND MODLAND_QA(bits0-1)=0 AND VI range -2000..10000,MOD13Q1 V061 Terra 250m 16-day
SO2501,Xudur,SO25,Bakool,2016-07-27,0.2444897055956327,0.2393,0.140575316825892,0.1392,0.7904145476961011,5129,0.0069348127600554,0.0,pixel_reliability=0 AND MODLAND_QA(bits0-1)=0 AND VI range -2000..10000,MOD13Q1 V061 Terra 250m 16-day
SO2501,Xudur,SO25,Bakool,2016-08-12,0.2382937684972048,0.2339,0.1337668365669187,0.1328,0.9372784712590538,6082,0.0009246417013407,0.0,pixel_reliability=0 AND MODLAND_QA(bits0-1)=0 AND VI range -2000..10000,MOD13Q1 V061 Terra 250m 16-day
SO2501,Xudur,SO25,Bakool,2016-08-28,0.22559145211122555,0.22460000000000002,0.12315048918640577,0.12090000000000001,0.5985513946678995,3884,0.1762983510556326,0.0,pixel_reliability=0 AND MODLAND_QA(bits0-1)=0 AND VI range -2000..10000,MOD13Q1 V061 Terra 250m 16-day
SO2501,Xudur,SO25,Bakool,2016-09-13,0.2191146557377049,0.2162,0.1288140819672131,0.1279,0.940052396363076,6100,0.0040067807058098,0.0,pixel_reliability=0 AND MODLAND_QA(bits0-1)=0 AND VI range -2000..10000,MOD13Q1 V061 Terra 250m 16-day
SO2501,Xudur,SO25,Bakool,2016-09-29,0.2338313530797711,0.2271,0.1327300235610905,0.1305,0.91570349822777,5942,0.0049314224071505,0.0,pixel_reliability=0 AND MODLAND_QA(bits0-1)=0 AND VI range -2000..10000,MOD13Q1 V061 Terra 250m 16-day
SO2501,Xudur,SO25,Bakool,2016-10-15,0.3235297973568282,0.3125,0.1838897973568281,0.1804,0.8745569425181076,5675,0.0298967483433502,0.0003082139004469,pixel_reliability=0 AND MODLAND_QA(bits0-1)=0 AND VI range -2000..10000,MOD13Q1 V061 Terra 250m 16-day
SO2501,Xudur,SO25,Bakool,2016-10-31,0.328534836677168,0.3226,0.1849204112087548,0.1841,0.9294190167976576,6031,0.006780705809832,0.0,pixel_reliability=0 AND MODLAND_QA(bits0-1)=0 AND VI range -2000..10000,MOD13Q1 V061 Terra 250m 16-day
SO2501,Xudur,SO25,Bakool,2016-11-16,0.2762940414507772,0.27585,0.1681523316062176,0.1655,0.1189705655725073,772,0.3980582524271844,0.1408537525042379,pixel_reliability=0 AND MODLAND_QA(bits0-1)=0 AND VI range -2000..10000,MOD13Q1 V061 Terra 250m 16-day
SO2501,Xudur,SO25,Bakool,2016-12-02,0.2604797986810135,0.2546,0.1463810482471364,0.14275,0.8879642471875482,5762,0.0171058714748035,0.0,pixel_reliability=0 AND MODLAND_QA(bits0-1)=0 AND VI range -2000..10000,MOD13Q1 V061 Terra 250m 16-day
SO2501,Xudur,SO25,Bakool,2016-12-18,0.2378511370716511,0.2332,0.1310364485981308,0.1286,0.9893666204345816,6420,0.0010787486515641,0.0,pixel_reliability=0 AND MODLAND_QA(bits0-1)=0 AND VI range -2000..10000,MOD13Q1 V061 Terra 250m 16-day
SO2502,Ceel Barde,SO25,Bakool,2016-01-01,0.2858668411659726,0.2911,0.16383518143961928,0.1663,0.9400514483838497,8405,0.004585616821384633,0.0,pixel_reliability=0 AND MODLAND_QA(bits0-1)=0 AND VI range -2000..10000,MOD13Q1 V061 Terra 250m 16-day
SO2502,Ceel Barde,SO25,Bakool,2016-01-17,0.25149801212938,0.25555,0.1462497753818508,0.1486,0.9958617604294822,8904,0.0005592215635834,0.0,pixel_reliability=0 AND MODLAND_QA(bits0-1)=0 AND VI range -2000..10000,MOD13Q1 V061 Terra 250m 16-day
SO2502,Ceel Barde,SO25,Bakool,2016-02-02,0.230417791755588,0.236,0.1368848253397731,0.1403,0.9957499161167654,8903,0.0004473772508667,0.0,pixel_reliability=0 AND MODLAND_QA(bits0-1)=0 AND VI range -2000..10000,MOD13Q1 V061 Terra 250m 16-day
SO2502,Ceel Barde,SO25,Bakool,2016-02-18,0.2158909470026064,0.2231,0.1347305299739357,0.1383,0.6436640196845991,5755,0.1534503970473101,0.0,pixel_reliability=0 AND MODLAND_QA(bits0-1)=0 AND VI range -2000..10000,MOD13Q1 V061 Terra 250m 16-day
SO2502,Ceel Barde,SO25,Bakool,2016-03-05,0.222344607788127,0.2273,0.1297013017618673,0.1334,0.996644670618499,8911,0.00033553293815,0.0,pixel_reliability=0 AND MODLAND_QA(bits0-1)=0 AND VI range -2000..10000,MOD13Q1 V061 Terra 250m 16-day
SO2502,Ceel Barde,SO25,Bakool,2016-03-21,0.2163073244824482,0.22165,0.1306178105310531,0.1344,0.994072251426015,8888,0.00033553293815,0.0,pixel_reliability=0 AND MODLAND_QA(bits0-1)=0 AND VI range -2000..10000,MOD13Q1 V061 Terra 250m 16-day
SO2502,Ceel Barde,SO25,Bakool,2016-04-06,0.2665309329993738,0.2499,0.1625189522020454,0.1516,0.5358461022257018,4791,0.1381277262051224,0.005927748573985,pixel_reliability=0 AND MODLAND_QA(bits0-1)=0 AND VI range -2000..10000,MOD13Q1 V061 Terra 250m 16-day
SO2502,Ceel Barde,SO25,Bakool,2016-04-22,0.464195053400787,0.4653,0.2851642495784148,0.274,0.1989710323230063,1779,0.2403534280281847,0.2401297394027513,pixel_reliability=0 AND MODLAND_QA(bits0-1)=0 AND VI range -2000..10000,MOD13Q1 V061 Terra 250m 16-day
SO2502,Ceel Barde,SO25,Bakool,2016-05-08,0.4429269100306897,0.4474,0.277627200775319,0.2742,0.6924281400290795,6191,0.1846549602952689,0.0017895090034671,pixel_reliability=0 AND MODLAND_QA(bits0-1)=0 AND VI range -2000..10000,MOD13Q1 V061 Terra 250m 16-day
SO2502,Ceel Barde,SO25,Bakool,2016-05-24,0.3525302534562212,0.3498,0.2200918087557603,0.2147,0.9708086343809418,8680,0.0039145509450844,0.0,pixel_reliability=0 AND MODLAND_QA(bits0-1)=0 AND VI range -2000..10000,MOD13Q1 V061 Terra 250m 16-day
SO2502,Ceel Barde,SO25,Bakool,2016-06-09,0.2863563595624094,0.2869,0.1747444444444444,0.171,0.8485628005815904,7587,0.0227043954814897,0.0,pixel_reliability=0 AND MODLAND_QA(bits0-1)=0 AND VI range -2000..10000,MOD13Q1 V061 Terra 250m 16-day
SO2502,Ceel Barde,SO25,Bakool,2016-06-25,0.2306466309341501,0.2279,0.1461565084226646,0.14485,0.146068672408008,1306,0.584722066882899,0.0474219885918801,pixel_reliability=0 AND MODLAND_QA(bits0-1)=0 AND VI range -2000..10000,MOD13Q1 V061 Terra 250m 16-day
SO2502,Ceel Barde,SO25,Bakool,2016-07-11,0.2341659587305418,0.2381,0.1442251478218897,0.1451,0.9268538194832792,8287,0.0082764791410356,0.0,pixel_reliability=0 AND MODLAND_QA(bits0-1)=0 AND VI range -2000..10000,MOD13Q1 V061 Terra 250m 16-day
SO2502,Ceel Barde,SO25,Bakool,2016-07-27,0.2291980757370174,0.2366,0.1401792401628222,0.1439,0.9067218431942736,8107,0.0024605748797673,0.0,pixel_reliability=0 AND MODLAND_QA(bits0-1)=0 AND VI range -2000..10000,MOD13Q1 V061 Terra 250m 16-day
SO2502,Ceel Barde,SO25,Bakool,2016-08-12,0.2249081489541772,0.2303,0.1354883327288114,0.1385,0.925064310479812,8271,0.0002236886254333,0.0,pixel_reliability=0 AND MODLAND_QA(bits0-1)=0 AND VI range -2000..10000,MOD13Q1 V061 Terra 250m 16-day
SO2502,Ceel Barde,SO25,Bakool,2016-08-28,0.2115975640844073,0.21730000000000002,0.13375441155643678,0.1353,0.7897326920926071,7061,0.018789844536405323,0.0,pixel_reliability=0 AND MODLAND_QA(bits0-1)=0 AND VI range -2000..10000,MOD13Q1 V061 Terra 250m 16-day
SO2502,Ceel Barde,SO25,Bakool,2016-09-13,0.206512301631964,0.2118,0.1336870906021384,0.1355,0.9937367184878648,8885,0.0001118443127166,0.0,pixel_reliability=0 AND MODLAND_QA(bits0-1)=0 AND VI range -2000..10000,MOD13Q1 V061 Terra 250m 16-day
SO2502,Ceel Barde,SO25,Bakool,2016-09-29,0.2390065378384633,0.23535,0.1468032399907429,0.1423,0.9665585504977072,8642,0.0013421317526003,0.0,pixel_reliability=0 AND MODLAND_QA(bits0-1)=0 AND VI range -2000..10000,MOD13Q1 V061 Terra 250m 16-day
SO2502,Ceel Barde,SO25,Bakool,2016-10-15,0.3084613439787092,0.2859,0.1801644710578842,0.163,0.8405100100659881,7515,0.0313164075606755,0.0007829101890168,pixel_reliability=0 AND MODLAND_QA(bits0-1)=0 AND VI range -2000..10000,MOD13Q1 V061 Terra 250m 16-day
SO2502,Ceel Barde,SO25,Bakool,2016-10-31,0.2949679214210093,0.2808,0.1699604634748853,0.1619,0.9507885024046528,8501,0.0022368862543339,0.0,pixel_reliability=0 AND MODLAND_QA(bits0-1)=0 AND VI range -2000..10000,MOD13Q1 V061 Terra 250m 16-day
SO2502,Ceel Barde,SO25,Bakool,2016-11-16,0.1808562411347518,0.14775,0.1211556737588652,0.1088,0.1577004809305446,1410,0.4653841852141818,0.1116206240912649,pixel_reliability=0 AND MODLAND_QA(bits0-1)=0 AND VI range -2000..10000,MOD13Q1 V061 Terra 250m 16-day
SO2502,Ceel Barde,SO25,Bakool,2016-12-02,0.2250894571894195,0.2259,0.1312081233546446,0.1315,0.8921820825411028,7977,0.014427916340454,0.0,pixel_reliability=0 AND MODLAND_QA(bits0-1)=0 AND VI range -2000..10000,MOD13Q1 V061 Terra 250m 16-day
SO2502,Ceel Barde,SO25,Bakool,2016-12-18,0.2163728709099059,0.2208,0.1233998543254146,0.1253,0.998098646683816,8924,0.0,0.0,pixel_reliability=0 AND MODLAND_QA(bits0-1)=0 AND VI range -2000..10000,MOD13Q1 V061 Terra 250m 16-day
SO2503,Tayeeglow,SO25,Bakool,2016-01-01,0.4075549272116462,0.4122,0.21421185610302348,0.21630000000000002,0.9483605469268551,7144,0.005708217177751228,0.0,pixel_reliability=0 AND MODLAND_QA(bits0-1)=0 AND VI range -2000..10000,MOD13Q1 V061 Terra 250m 16-day
SO2503,Tayeeglow,SO25,Bakool,2016-01-17,0.3483965635738831,0.3512,0.1740369191692813,0.175,0.8884906411788133,6693,0.0219036240541616,0.0,pixel_reliability=0 AND MODLAND_QA(bits0-1)=0 AND VI range -2000..10000,MOD13Q1 V061 Terra 250m 16-day
SO2503,Tayeeglow,SO25,Bakool,2016-02-02,0.308600582340195,0.311,0.1567504739978331,0.1576,0.9802203637329086,7384,0.0013274923669188,0.0,pixel_reliability=0 AND MODLAND_QA(bits0-1)=0 AND VI range -2000..10000,MOD13Q1 V061 Terra 250m 16-day
SO2503,Tayeeglow,SO25,Bakool,2016-02-18,0.2824027278494396,0.2937,0.1625490378515542,0.168,0.6277711403159432,4729,0.1210673038630027,0.0,pixel_reliability=0 AND MODLAND_QA(bits0-1)=0 AND VI range -2000..10000,MOD13Q1 V061 Terra 250m 16-day
SO2503,Tayeeglow,SO25,Bakool,2016-03-05,0.2835405770058849,0.2814,0.1435356107363284,0.1431,0.9248639320323908,6967,0.010752688172043,0.0,pixel_reliability=0 AND MODLAND_QA(bits0-1)=0 AND VI range -2000..10000,MOD13Q1 V061 Terra 250m 16-day
SO2503,Tayeeglow,SO25,Bakool,2016-03-21,0.2777274061764299,0.2788,0.1451228777177676,0.1464,0.9585822381521306,7221,0.005973715651135,0.0,pixel_reliability=0 AND MODLAND_QA(bits0-1)=0 AND VI range -2000..10000,MOD13Q1 V061 Terra 250m 16-day
SO2503,Tayeeglow,SO25,Bakool,2016-04-06,0.3207511824324324,0.2864,0.1901381756756756,0.1681,0.4715252887295898,3552,0.2854108588875614,0.0002654984733837,pixel_reliability=0 AND MODLAND_QA(bits0-1)=0 AND VI range -2000..10000,MOD13Q1 V061 Terra 250m 16-day
SO2503,Tayeeglow,SO25,Bakool,2016-04-22,0.5023828103683492,0.49595,0.2933995907230559,0.2836,0.1946103809903093,1466,0.1322182397451214,0.4148413646621532,pixel_reliability=0 AND MODLAND_QA(bits0-1)=0 AND VI range -2000..10000,MOD13Q1 V061 Terra 250m 16-day
SO2503,Tayeeglow,SO25,Bakool,2016-05-08,0.5938750303582271,0.59935,0.3496110048573164,0.3562,0.8745519713261649,6588,0.0277445904686048,0.0,pixel_reliability=0 AND MODLAND_QA(bits0-1)=0 AND VI range -2000..10000,MOD13Q1 V061 Terra 250m 16-day
SO2503,Tayeeglow,SO25,Bakool,2016-05-24,0.4735466497031383,0.4809,0.2547292960135708,0.2516,0.7825567502986858,5895,0.0342493030665073,0.0,pixel_reliability=0 AND MODLAND_QA(bits0-1)=0 AND VI range -2000..10000,MOD13Q1 V061 Terra 250m 16-day
SO2503,Tayeeglow,SO25,Bakool,2016-06-09,0.364913221425877,0.3698,0.2055718596755941,0.2089,0.7038364529403955,5302,0.1181468206557812,0.0005309969467675,pixel_reliability=0 AND MODLAND_QA(bits0-1)=0 AND VI range -2000..10000,MOD13Q1 V061 Terra 250m 16-day
SO2503,Tayeeglow,SO25,Bakool,2016-06-25,0.2935535,0.29505,0.1641795,0.16515,0.0530996946767556,400,0.5980353112969601,0.1288995088278242,pixel_reliability=0 AND MODLAND_QA(bits0-1)=0 AND VI range -2000..10000,MOD13Q1 V061 Terra 250m 16-day
SO2503,Tayeeglow,SO25,Bakool,2016-07-11,0.2690446003898635,0.2659,0.1525892787524366,0.1502,0.3405017921146953,2565,0.3628036638789327,0.0723483339970795,pixel_reliability=0 AND MODLAND_QA(bits0-1)=0 AND VI range -2000..10000,MOD13Q1 V061 Terra 250m 16-day
SO2503,Tayeeglow,SO25,Bakool,2016-07-27,0.2877969922020051,0.28215,0.1518168028221314,0.1531,0.7149873888225142,5386,0.0565511748307447,0.0026549847338377,pixel_reliability=0 AND MODLAND_QA(bits0-1)=0 AND VI range -2000..10000,MOD13Q1 V061 Terra 250m 16-day
SO2503,Tayeeglow,SO25,Bakool,2016-08-12,0.2886048492016558,0.2878,0.1457911147250148,0.1482,0.8979158369839373,6764,0.019115890083632,0.0,pixel_reliability=0 AND MODLAND_QA(bits0-1)=0 AND VI range -2000..10000,MOD13Q1 V061 Terra 250m 16-day
SO2503,Tayeeglow,SO25,Bakool,2016-08-28,0.24172959081836332,0.23820000000000002,0.14093977045908185,0.14250000000000002,0.2660294703305456,2004,0.5149342891278376,0.00809770343820523,pixel_reliability=0 AND MODLAND_QA(bits0-1)=0 AND VI range -2000..10000,MOD13Q1 V061 Terra 250m 16-day
SO2503,Tayeeglow,SO25,Bakool,2016-09-13,0.2646974197141266,0.265,0.1438907369593465,0.1474,0.7151201380592062,5387,0.094384707287933,0.0,pixel_reliability=0 AND MODLAND_QA(bits0-1)=0 AND VI range -2000..10000,MOD13Q1 V061 Terra 250m 16-day
SO2503,Tayeeglow,SO25,Bakool,2016-09-29,0.2742516625526354,0.2801,0.149523580659213,0.1512,0.9142439930970396,6887,0.0151334129828753,0.0,pixel_reliability=0 AND MODLAND_QA(bits0-1)=0 AND VI range -2000..10000,MOD13Q1 V061 Terra 250m 16-day
SO2503,Tayeeglow,SO25,Bakool,2016-10-15,0.3441136007827788,0.33175,0.1719236301369863,0.161,0.5426788795964423,4088,0.2568697729988052,0.0074339572547457,pixel_reliability=0 AND MODLAND_QA(bits0-1)=0 AND VI range -2000..10000,MOD13Q1 V061 Terra 250m 16-day
SO2503,Tayeeglow,SO25,Bakool,2016-10-31,0.3762498415898618,0.35485,0.2044924107142857,0.1947,0.9218106995884774,6944,0.0150006637461834,0.0,pixel_reliability=0 AND MODLAND_QA(bits0-1)=0 AND VI range -2000..10000,MOD13Q1 V061 Terra 250m 16-day
SO2503,Tayeeglow,SO25,Bakool,2016-11-16,0.2865465116279069,0.2893,0.1558395348837209,0.1584,0.0057082171777512,43,0.3995752024425859,0.2343024027611841,pixel_reliability=0 AND MODLAND_QA(bits0-1)=0 AND VI range -2000..10000,MOD13Q1 V061 Terra 250m 16-day
SO2503,Tayeeglow,SO25,Bakool,2016-12-02,0.293090932347925,0.2728,0.157355088118249,0.1486,0.4670118146820656,3518,0.1798752157175096,0.0,pixel_reliability=0 AND MODLAND_QA(bits0-1)=0 AND VI range -2000..10000,MOD13Q1 V061 Terra 250m 16-day
SO2503,Tayeeglow,SO25,Bakool,2016-12-18,0.281511407902059,0.27535,0.143882164718976,0.1381,0.9542015133412984,7188,0.0055754679410593,0.0,pixel_reliability=0 AND MODLAND_QA(bits0-1)=0 AND VI range -2000..10000,MOD13Q1 V061 Terra 250m 16-day
SO2504,Waajid,SO25,Bakool,2016-01-01,0.3256506619309009,0.324,0.18350468195027447,0.1832,0.9657000311817898,3097,0.005924540068599937,0.0,pixel_reliability=0 AND MODLAND_QA(bits0-1)=0 AND VI range -2000..10000,MOD13Q1 V061 Terra 250m 16-day
SO2504,Waajid,SO25,Bakool,2016-01-17,0.2683482598607888,0.2668,0.1565781902552204,0.1559,0.9407545993140006,3017,0.0081072653570314,0.0,pixel_reliability=0 AND MODLAND_QA(bits0-1)=0 AND VI range -2000..10000,MOD13Q1 V061 Terra 250m 16-day
SO2504,Waajid,SO25,Bakool,2016-02-02,0.2431532518983163,0.2395,0.143639551006933,0.1433,0.944496414094169,3029,0.010289990645463,0.0,pixel_reliability=0 AND MODLAND_QA(bits0-1)=0 AND VI range -2000..10000,MOD13Q1 V061 Terra 250m 16-day
SO2504,Waajid,SO25,Bakool,2016-02-18,0.2431268309377139,0.2392,0.1373622176591376,0.1377,0.9111318989710008,2922,0.0040536326785157,0.0,pixel_reliability=0 AND MODLAND_QA(bits0-1)=0 AND VI range -2000..10000,MOD13Q1 V061 Terra 250m 16-day
SO2504,Waajid,SO25,Bakool,2016-03-05,0.2492062336814621,0.2447,0.1361434399477807,0.1365,0.9554100405363268,3064,0.010289990645463,0.0,pixel_reliability=0 AND MODLAND_QA(bits0-1)=0 AND VI range -2000..10000,MOD13Q1 V061 Terra 250m 16-day
SO2504,Waajid,SO25,Bakool,2016-03-21,0.2332446232876712,0.2267,0.1379555821917808,0.1372,0.9105082631743062,2920,0.0271281571562207,0.0,pixel_reliability=0 AND MODLAND_QA(bits0-1)=0 AND VI range -2000..10000,MOD13Q1 V061 Terra 250m 16-day
SO2504,Waajid,SO25,Bakool,2016-04-06,0.3646871567043619,0.3526,0.205120759289176,0.19565,0.386030558154038,1238,0.2940442781415653,0.000935453695042,pixel_reliability=0 AND MODLAND_QA(bits0-1)=0 AND VI range -2000..10000,MOD13Q1 V061 Terra 250m 16-day
SO2504,Waajid,SO25,Bakool,2016-04-22,0.5962777777777779,0.6414,0.3558722222222222,0.388,0.0056127221702525,18,0.203305269722482,0.4502650452135953,pixel_reliability=0 AND MODLAND_QA(bits0-1)=0 AND VI range -2000..10000,MOD13Q1 V061 Terra 250m 16-day
SO2504,Waajid,SO25,Bakool,2016-05-08,0.4991788321167883,0.4963,0.3164209245742093,0.3128,0.128157156220767,411,0.4655441222326161,0.0869971936389148,pixel_reliability=0 AND MODLAND_QA(bits0-1)=0 AND VI range -2000..10000,MOD13Q1 V061 Terra 250m 16-day
SO2504,Waajid,SO25,Bakool,2016-05-24,0.3923407487401007,0.3891,0.2361326493880489,0.2349,0.8662301216089804,2778,0.039289055191768,0.0,pixel_reliability=0 AND MODLAND_QA(bits0-1)=0 AND VI range -2000..10000,MOD13Q1 V061 Terra 250m 16-day
SO2504,Waajid,SO25,Bakool,2016-06-09,0.3318536576024511,0.331,0.2045987744159326,0.2032,0.8141565325849703,2611,0.0548799501091362,0.0,pixel_reliability=0 AND MODLAND_QA(bits0-1)=0 AND VI range -2000..10000,MOD13Q1 V061 Terra 250m 16-day
SO2504,Waajid,SO25,Bakool,2016-06-25,,,,,0.0,0,0.3666978484565014,0.3978796382912379,pixel_reliability=0 AND MODLAND_QA(bits0-1)=0 AND VI range -2000..10000,MOD13Q1 V061 Terra 250m 16-day
SO2504,Waajid,SO25,Bakool,2016-07-11,0.2545156746933212,0.2534,0.1563884143571104,0.1562,0.6863111942625507,2201,0.1262862488306828,0.0,pixel_reliability=0 AND MODLAND_QA(bits0-1)=0 AND VI range -2000..10000,MOD13Q1 V061 Terra 250m 16-day
SO2504,Waajid,SO25,Bakool,2016-07-27,0.2463746841366401,0.2441,0.1427919513336453,0.1435,0.6663548487683193,2137,0.0551917680074836,0.0,pixel_reliability=0 AND MODLAND_QA(bits0-1)=0 AND VI range -2000..10000,MOD13Q1 V061 Terra 250m 16-day
SO2504,Waajid,SO25,Bakool,2016-08-12,0.2393710626185958,0.23605,0.1382009962049336,0.1391,0.6573121297162458,2108,0.0318054256314312,0.0,pixel_reliability=0 AND MODLAND_QA(bits0-1)=0 AND VI range -2000..10000,MOD13Q1 V061 Terra 250m 16-day
SO2504,Waajid,SO25,Bakool,2016-08-28,0.2374786324786325,0.2359,0.12499643036701862,0.1258,0.6202057998129092,1989,0.1100717181166199,0.0,pixel_reliability=0 AND MODLAND_QA(bits0-1)=0 AND VI range -2000..10000,MOD13Q1 V061 Terra 250m 16-day
SO2504,Waajid,SO25,Bakool,2016-09-13,0.2242208799691239,0.2214,0.1369715553840216,0.1383,0.8079201746180231,2591,0.0305581540380417,0.0,pixel_reliability=0 AND MODLAND_QA(bits0-1)=0 AND VI range -2000..10000,MOD13Q1 V061 Terra 250m 16-day
SO2504,Waajid,SO25,Bakool,2016-09-29,0.2250975450709628,0.2237,0.1379344840813195,0.1382,0.8129092609915809,2607,0.0523854069223573,0.0003118178983473,pixel_reliability=0 AND MODLAND_QA(bits0-1)=0 AND VI range -2000..10000,MOD13Q1 V061 Terra 250m 16-day
SO2504,Waajid,SO25,Bakool,2016-10-15,0.3245551234892275,0.2997,0.1861349448239621,0.1767,0.5933894605550358,1903,0.2653570314936077,0.0,pixel_reliability=0 AND MODLAND_QA(bits0-1)=0 AND VI range -2000..10000,MOD13Q1 V061 Terra 250m 16-day
SO2504,Waajid,SO25,Bakool,2016-10-31,0.3323219457853694,0.3179,0.1914483104344597,0.1869,0.8397256002494543,2693,0.0449017773620205,0.0,pixel_reliability=0 AND MODLAND_QA(bits0-1)=0 AND VI range -2000..10000,MOD13Q1 V061 Terra 250m 16-day
SO2504,Waajid,SO25,Bakool,2016-11-16,0.2964586623690572,0.2932,0.1783458501208702,0.1758,0.3869660118490801,1241,0.4246959775491113,0.0,pixel_reliability=0 AND MODLAND_QA(bits0-1)=0 AND VI range -2000..10000,MOD13Q1 V061 Terra 250m 16-day
SO2504,Waajid,SO25,Bakool,2016-12-02,0.276232791680208,0.2734,0.1584663308417289,0.1568,0.9594636732148424,3077,0.0059245400685999,0.0,pixel_reliability=0 AND MODLAND_QA(bits0-1)=0 AND VI range -2000..10000,MOD13Q1 V061 Terra 250m 16-day
SO2504,Waajid,SO25,Bakool,2016-12-18,0.2384705497382199,0.2389,0.1375669502617801,0.1373,0.9529154973495478,3056,0.0059245400685999,0.0,pixel_reliability=0 AND MODLAND_QA(bits0-1)=0 AND VI range -2000..10000,MOD13Q1 V061 Terra 250m 16-day
SO2505,Rab Dhuure,SO25,Bakool,2016-01-01,0.20847550135501358,0.19735000000000003,0.12529555555555555,0.1242,0.9723320158102767,3690,0.0044795783926218705,0.0,pixel_reliability=0 AND MODLAND_QA(bits0-1)=0 AND VI range -2000..10000,MOD13Q1 V061 Terra 250m 16-day
SO2505,Rab Dhuure,SO25,Bakool,2016-01-17,0.1831826501154734,0.1795,0.1103549076212471,0.1108,0.9127799736495388,3464,0.0126482213438735,0.0,pixel_reliability=0 AND MODLAND_QA(bits0-1)=0 AND VI range -2000..10000,MOD13Q1 V061 Terra 250m 16-day
SO2505,Rab Dhuure,SO25,Bakool,2016-02-02,0.17055717027694,0.1673,0.1035225390732108,0.1044,0.9610013175230566,3647,0.0076416337285902,0.0,pixel_reliability=0 AND MODLAND_QA(bits0-1)=0 AND VI range -2000..10000,MOD13Q1 V061 Terra 250m 16-day
SO2505,Rab Dhuure,SO25,Bakool,2016-02-18,0.1672637080291971,0.1617,0.097297401459854,0.0977,0.9025032938076416,3425,0.017391304347826,0.0,pixel_reliability=0 AND MODLAND_QA(bits0-1)=0 AND VI range -2000..10000,MOD13Q1 V061 Terra 250m 16-day
SO2505,Rab Dhuure,SO25,Bakool,2016-03-05,0.1687210139002452,0.162,0.0967795857181793,0.097,0.966798418972332,3669,0.006060606060606,0.0,pixel_reliability=0 AND MODLAND_QA(bits0-1)=0 AND VI range -2000..10000,MOD13Q1 V061 Terra 250m 16-day
SO2505,Rab Dhuure,SO25,Bakool,2016-03-21,0.1593067848241484,0.155,0.0956787870396012,0.0964,0.9515151515151516,3611,0.0071146245059288,0.0,pixel_reliability=0 AND MODLAND_QA(bits0-1)=0 AND VI range -2000..10000,MOD13Q1 V061 Terra 250m 16-day
SO2505,Rab Dhuure,SO25,Bakool,2016-04-06,0.2277934993084371,0.2084,0.1331571230982019,0.1212,0.1905138339920948,723,0.4318840579710145,0.0018445322793148,pixel_reliability=0 AND MODLAND_QA(bits0-1)=0 AND VI range -2000..10000,MOD13Q1 V061 Terra 250m 16-day
SO2505,Rab Dhuure,SO25,Bakool,2016-04-22,0.2965731707317073,0.28,0.1804658536585366,0.171,0.0108036890645586,41,0.2181818181818181,0.4513833992094861,pixel_reliability=0 AND MODLAND_QA(bits0-1)=0 AND VI range -2000..10000,MOD13Q1 V061 Terra 250m 16-day
SO2505,Rab Dhuure,SO25,Bakool,2016-05-08,0.3528035874439461,0.3691,0.2292327354260089,0.2343,0.0587615283267457,223,0.6711462450592885,0.0342555994729907,pixel_reliability=0 AND MODLAND_QA(bits0-1)=0 AND VI range -2000..10000,MOD13Q1 V061 Terra 250m 16-day
SO2505,Rab Dhuure,SO25,Bakool,2016-05-24,0.2832855685568557,0.2809,0.1730070207020702,0.1701,0.8782608695652174,3333,0.0197628458498023,0.0,pixel_reliability=0 AND MODLAND_QA(bits0-1)=0 AND VI range -2000..10000,MOD13Q1 V061 Terra 250m 16-day
SO2505,Rab Dhuure,SO25,Bakool,2016-06-09,0.236878965785381,0.2334,0.1474180015552099,0.14335,0.677733860342556,2572,0.0537549407114624,0.0,pixel_reliability=0 AND MODLAND_QA(bits0-1)=0 AND VI range -2000..10000,MOD13Q1 V061 Terra 250m 16-day
SO2505,Rab Dhuure,SO25,Bakool,2016-06-25,0.1525,0.1525,0.1116,0.1116,0.0002635046113306,1,0.7884057971014493,0.0927536231884058,pixel_reliability=0 AND MODLAND_QA(bits0-1)=0 AND VI range -2000..10000,MOD13Q1 V061 Terra 250m 16-day
SO2505,Rab Dhuure,SO25,Bakool,2016-07-11,0.1934053344867358,0.19075,0.119949740484429,0.1187,0.9138339920948616,3468,0.0100131752305665,0.0,pixel_reliability=0 AND MODLAND_QA(bits0-1)=0 AND VI range -2000..10000,MOD13Q1 V061 Terra 250m 16-day
SO2505,Rab Dhuure,SO25,Bakool,2016-07-27,0.1764406181015452,0.1734,0.1045996026490066,0.1029,0.5968379446640316,2265,0.0474308300395256,0.0,pixel_reliability=0 AND MODLAND_QA(bits0-1)=0 AND VI range -2000..10000,MOD13Q1 V061 Terra 250m 16-day
SO2505,Rab Dhuure,SO25,Bakool,2016-08-12,0.1703342454394693,0.1668,0.1022527777777777,0.1025,0.6355731225296443,2412,0.0068511198945981,0.0,pixel_reliability=0 AND MODLAND_QA(bits0-1)=0 AND VI range -2000..10000,MOD13Q1 V061 Terra 250m 16-day
SO2505,Rab Dhuure,SO25,Bakool,2016-08-28,0.16839283555018136,0.1642,0.09089461910519953,0.09240000000000001,0.87167325428195,3308,0.018972332015810278,0.0,pixel_reliability=0 AND MODLAND_QA(bits0-1)=0 AND VI range -2000..10000,MOD13Q1 V061 Terra 250m 16-day
SO2505,Rab Dhuure,SO25,Bakool,2016-09-13,0.1589384637850467,0.15615,0.0954303446261682,0.0971,0.902239789196311,3424,0.0039525691699604,0.0,pixel_reliability=0 AND MODLAND_QA(bits0-1)=0 AND VI range -2000..10000,MOD13Q1 V061 Terra 250m 16-day
SO2505,Rab Dhuure,SO25,Bakool,2016-09-29,0.1530683148991542,0.1496,0.095082888744307,0.0951,0.8100131752305665,3074,0.0389986824769433,0.0,pixel_reliability=0 AND MODLAND_QA(bits0-1)=0 AND VI range -2000..10000,MOD13Q1 V061 Terra 250m 16-day
SO2505,Rab Dhuure,SO25,Bakool,2016-10-15,0.1858311772315653,0.1703,0.1141574385510996,0.1078,0.6110671936758894,2319,0.1198945981554677,0.0010540184453227,pixel_reliability=0 AND MODLAND_QA(bits0-1)=0 AND VI range -2000..10000,MOD13Q1 V061 Terra 250m 16-day
SO2505,Rab Dhuure,SO25,Bakool,2016-10-31,0.1958965314338804,0.1805,0.1151835862496129,0.1083,0.8508563899868248,3229,0.020026350461133,0.0,pixel_reliability=0 AND MODLAND_QA(bits0-1)=0 AND VI range -2000..10000,MOD13Q1 V061 Terra 250m 16-day
SO2505,Rab Dhuure,SO25,Bakool,2016-11-16,0.1941711370262391,0.1794,0.1231230320699708,0.1146,0.0903820816864295,343,0.7117259552042161,0.0237154150197628,pixel_reliability=0 AND MODLAND_QA(bits0-1)=0 AND VI range -2000..10000,MOD13Q1 V061 Terra 250m 16-day
SO2505,Rab Dhuure,SO25,Bakool,2016-12-02,0.1749090982940698,0.1686,0.1019493636609802,0.1012,0.9731225296442688,3693,0.0018445322793148,0.0,pixel_reliability=0 AND MODLAND_QA(bits0-1)=0 AND VI range -2000..10000,MOD13Q1 V061 Terra 250m 16-day
SO2505,Rab Dhuure,SO25,Bakool,2016-12-18,0.1627542818428184,0.1596,0.0955259620596205,0.0956,0.9723320158102768,3690,0.0021080368906455,0.0,pixel_reliability=0 AND MODLAND_QA(bits0-1)=0 AND VI range -2000..10000,MOD13Q1 V061 Terra 250m 16-day
SO2601,Garbahaarey,SO26,Gedo,2016-01-01,0.3115374628017194,0.3045,0.17296970131158382,0.1681,0.9226154159040065,9073,0.008135041692088672,0.0,pixel_reliability=0 AND MODLAND_QA(bits0-1)=0 AND VI range -2000..10000,MOD13Q1 V061 Terra 250m 16-day
SO2601,Garbahaarey,SO26,Gedo,2016-01-17,0.2665271706353332,0.2644,0.151175314547156,0.1483,0.9779336994102096,9617,0.0013219442749644,0.0,pixel_reliability=0 AND MODLAND_QA(bits0-1)=0 AND VI range -2000..10000,MOD13Q1 V061 Terra 250m 16-day
SO2601,Garbahaarey,SO26,Gedo,2016-02-02,0.2452591296121097,0.2455,0.1402799957952276,0.1384,0.9673581452104942,9513,0.0036607687614399,0.0,pixel_reliability=0 AND MODLAND_QA(bits0-1)=0 AND VI range -2000..10000,MOD13Q1 V061 Terra 250m 16-day
SO2601,Garbahaarey,SO26,Gedo,2016-02-18,0.2506090477996965,0.25145,0.1330347685887709,0.1321,0.5360992475086435,5272,0.2493390278625178,0.0,pixel_reliability=0 AND MODLAND_QA(bits0-1)=0 AND VI range -2000..10000,MOD13Q1 V061 Terra 250m 16-day
SO2601,Garbahaarey,SO26,Gedo,2016-03-05,0.2409186016813876,0.2411,0.1358507395977439,0.1349,0.9555623347569656,9397,0.0049827130364043,0.0,pixel_reliability=0 AND MODLAND_QA(bits0-1)=0 AND VI range -2000..10000,MOD13Q1 V061 Terra 250m 16-day
SO2601,Garbahaarey,SO26,Gedo,2016-03-21,0.2316468521392153,0.2327,0.1330107847483928,0.1326,0.9174293268253,9022,0.0096603620093552,0.0,pixel_reliability=0 AND MODLAND_QA(bits0-1)=0 AND VI range -2000..10000,MOD13Q1 V061 Terra 250m 16-day
SO2601,Garbahaarey,SO26,Gedo,2016-04-06,0.3650630695443645,0.358,0.2053971223021582,0.20585,0.0848078096400244,834,0.4736628025218629,0.0921293471629042,pixel_reliability=0 AND MODLAND_QA(bits0-1)=0 AND VI range -2000..10000,MOD13Q1 V061 Terra 250m 16-day
SO2601,Garbahaarey,SO26,Gedo,2016-04-22,0.4021773947528981,0.3907,0.246520408785845,0.2395,0.3333333333333333,3278,0.2482204596298556,0.0751474476306691,pixel_reliability=0 AND MODLAND_QA(bits0-1)=0 AND VI range -2000..10000,MOD13Q1 V061 Terra 250m 16-day
SO2601,Garbahaarey,SO26,Gedo,2016-05-08,0.4348731828839391,0.4285,0.2712072977725674,0.26395,0.3469595281675818,3412,0.2960138295708766,0.0057962172056131,pixel_reliability=0 AND MODLAND_QA(bits0-1)=0 AND VI range -2000..10000,MOD13Q1 V061 Terra 250m 16-day
SO2601,Garbahaarey,SO26,Gedo,2016-05-24,0.3394417534311405,0.3175,0.2038804424988168,0.1879,0.8594671547691682,8452,0.0153548911938173,0.0,pixel_reliability=0 AND MODLAND_QA(bits0-1)=0 AND VI range -2000..10000,MOD13Q1 V061 Terra 250m 16-day
SO2601,Garbahaarey,SO26,Gedo,2016-06-09,0.3068783225642975,0.295,0.1860570632205752,0.1773,0.8026235509456986,7893,0.0462680496237543,0.0,pixel_reliability=0 AND MODLAND_QA(bits0-1)=0 AND VI range -2000..10000,MOD13Q1 V061 Terra 250m 16-day
SO2601,Garbahaarey,SO26,Gedo,2016-06-25,0.2298612903225806,0.2168,0.1489096774193548,0.1403,0.0031523286556843,31,0.6150091519219036,0.2255440309131584,pixel_reliability=0 AND MODLAND_QA(bits0-1)=0 AND VI range -2000..10000,MOD13Q1 V061 Terra 250m 16-day
SO2601,Garbahaarey,SO26,Gedo,2016-07-11,0.2444513471901462,0.2407,0.1465710546574287,0.1452,0.5283709579011593,5196,0.1508033353670937,0.0008135041692088,pixel_reliability=0 AND MODLAND_QA(bits0-1)=0 AND VI range -2000..10000,MOD13Q1 V061 Terra 250m 16-day
SO2601,Garbahaarey,SO26,Gedo,2016-07-27,0.2399468096234309,0.24085,0.1404689069037656,0.1394,0.3888549928818385,3824,0.3232662192393736,0.0061012812690665,pixel_reliability=0 AND MODLAND_QA(bits0-1)=0 AND VI range -2000..10000,MOD13Q1 V061 Terra 250m 16-day
SO2601,Garbahaarey,SO26,Gedo,2016-08-12,0.2378966080865183,0.237,0.1318888288066855,0.1322,0.827435428106569,8137,0.0466748017083587,0.0001016880211511,pixel_reliability=0 AND MODLAND_QA(bits0-1)=0 AND VI range -2000..10000,MOD13Q1 V061 Terra 250m 16-day
SO2601,Garbahaarey,SO26,Gedo,2016-08-28,0.22521035265003095,0.2222,0.12680511445658899,0.1273,0.4930852145617246,4849,0.15883668903803133,0.0008135041692088672,pixel_reliability=0 AND MODLAND_QA(bits0-1)=0 AND VI range -2000..10000,MOD13Q1 V061 Terra 250m 16-day
SO2601,Garbahaarey,SO26,Gedo,2016-09-13,0.2274884201516263,0.2283,0.1261097578870139,0.1268,0.8316046369737645,8178,0.0393532641854789,0.0,pixel_reliability=0 AND MODLAND_QA(bits0-1)=0 AND VI range -2000..10000,MOD13Q1 V061 Terra 250m 16-day
SO2601,Garbahaarey,SO26,Gedo,2016-09-29,0.2129170529365288,0.2149,0.1353199104556228,0.1366,0.7722188326215171,7594,0.091925971120602,0.0011185682326621,pixel_reliability=0 AND MODLAND_QA(bits0-1)=0 AND VI range -2000..10000,MOD13Q1 V061 Terra 250m 16-day
SO2601,Garbahaarey,SO26,Gedo,2016-10-15,0.2516335053826869,0.2437,0.1431808877746645,0.1352,0.689546471425666,6781,0.2046979865771812,0.0007118161480577,pixel_reliability=0 AND MODLAND_QA(bits0-1)=0 AND VI range -2000..10000,MOD13Q1 V061 Terra 250m 16-day
SO2601,Garbahaarey,SO26,Gedo,2016-10-31,0.258852369402985,0.2484,0.1516523507462686,0.1444,0.545047793369941,5360,0.1372788285539963,0.0021354484441732,pixel_reliability=0 AND MODLAND_QA(bits0-1)=0 AND VI range -2000..10000,MOD13Q1 V061 Terra 250m 16-day
SO2601,Garbahaarey,SO26,Gedo,2016-11-16,0.269310939643347,0.25915,0.1558689300411523,0.1484,0.2965222696766321,2916,0.3331299572910311,0.0636567012405938,pixel_reliability=0 AND MODLAND_QA(bits0-1)=0 AND VI range -2000..10000,MOD13Q1 V061 Terra 250m 16-day
SO2601,Garbahaarey,SO26,Gedo,2016-12-02,0.3072390419718637,0.2948,0.1809873968143239,0.1722,0.8746186699206834,8601,0.007524913565182,0.0,pixel_reliability=0 AND MODLAND_QA(bits0-1)=0 AND VI range -2000..10000,MOD13Q1 V061 Terra 250m 16-day
SO2601,Garbahaarey,SO26,Gedo,2016-12-18,0.2653797490644948,0.2608,0.1494245872771296,0.1461,0.9239373601789708,9086,0.0048810250152532,0.0,pixel_reliability=0 AND MODLAND_QA(bits0-1)=0 AND VI range -2000..10000,MOD13Q1 V061 Terra 250m 16-day
SO2602,Baardheere,SO26,Gedo,2016-01-01,0.3407401344154197,0.3377,0.1929086482373827,0.1902,0.8901681905406931,15772,0.01676261429055198,0.0,pixel_reliability=0 AND MODLAND_QA(bits0-1)=0 AND VI range -2000..10000,MOD13Q1 V061 Terra 250m 16-day
SO2602,Baardheere,SO26,Gedo,2016-01-17,0.2897587550248285,0.287,0.1652941061716717,0.1625,0.954735297437634,16916,0.0082402076983858,0.0,pixel_reliability=0 AND MODLAND_QA(bits0-1)=0 AND VI range -2000..10000,MOD13Q1 V061 Terra 250m 16-day
SO2602,Baardheere,SO26,Gedo,2016-02-02,0.258183054245283,0.2577,0.1504699351415094,0.1484,0.957218647702901,16960,0.0091432441584828,0.0,pixel_reliability=0 AND MODLAND_QA(bits0-1)=0 AND VI range -2000..10000,MOD13Q1 V061 Terra 250m 16-day
SO2602,Baardheere,SO26,Gedo,2016-02-18,0.2602443053817271,0.2613,0.1436003893756084,0.1422,0.4058584490348798,7191,0.4440117394739812,0.0019753922564623,pixel_reliability=0 AND MODLAND_QA(bits0-1)=0 AND VI range -2000..10000,MOD13Q1 V061 Terra 250m 16-day
SO2602,Baardheere,SO26,Gedo,2016-03-05,0.2511405436424042,0.252,0.1476924373301117,0.1469,0.9343605373066938,16555,0.0131504684501636,0.0,pixel_reliability=0 AND MODLAND_QA(bits0-1)=0 AND VI range -2000..10000,MOD13Q1 V061 Terra 250m 16-day
SO2602,Baardheere,SO26,Gedo,2016-03-21,0.240352546423975,0.2416,0.1433441625298768,0.1429,0.9209278699627498,16317,0.0204311999096963,0.0003950784512924,pixel_reliability=0 AND MODLAND_QA(bits0-1)=0 AND VI range -2000..10000,MOD13Q1 V061 Terra 250m 16-day
SO2602,Baardheere,SO26,Gedo,2016-04-06,0.3894420689655172,0.402,0.2207820689655172,0.221,0.0081837679196297,145,0.3713173044361666,0.2934304097527938,pixel_reliability=0 AND MODLAND_QA(bits0-1)=0 AND VI range -2000..10000,MOD13Q1 V061 Terra 250m 16-day
SO2602,Baardheere,SO26,Gedo,2016-04-22,0.4016787341772151,0.3959,0.2483936708860759,0.2413,0.0222937126086465,395,0.2155435150694209,0.5124167513263348,pixel_reliability=0 AND MODLAND_QA(bits0-1)=0 AND VI range -2000..10000,MOD13Q1 V061 Terra 250m 16-day
SO2602,Baardheere,SO26,Gedo,2016-05-08,0.467553280839895,0.4641,0.3048425196850394,0.304,0.0215035557060616,381,0.5640027091093803,0.1134439552996952,pixel_reliability=0 AND MODLAND_QA(bits0-1)=0 AND VI range -2000..10000,MOD13Q1 V061 Terra 250m 16-day
SO2602,Baardheere,SO26,Gedo,2016-05-24,0.4278642350666094,0.4204,0.2488327567683713,0.2452,0.5253414606614742,9308,0.2765549159047296,0.0001128795575121,pixel_reliability=0 AND MODLAND_QA(bits0-1)=0 AND VI range -2000..10000,MOD13Q1 V061 Terra 250m 16-day
SO2602,Baardheere,SO26,Gedo,2016-06-09,0.3681583597122302,0.3645,0.2282390311750599,0.2244,0.5883846935320014,10425,0.3731233773563607,5.643977875606728e-05,pixel_reliability=0 AND MODLAND_QA(bits0-1)=0 AND VI range -2000..10000,MOD13Q1 V061 Terra 250m 16-day
SO2602,Baardheere,SO26,Gedo,2016-06-25,0.3406,0.3406,0.1752,0.1752,5.643977875606728e-05,1,0.0906987244610001,0.7799413026300936,pixel_reliability=0 AND MODLAND_QA(bits0-1)=0 AND VI range -2000..10000,MOD13Q1 V061 Terra 250m 16-day
SO2602,Baardheere,SO26,Gedo,2016-07-11,0.3099328405491024,0.297,0.171058606124604,0.164,0.0534484704819957,947,0.6780675019753922,0.0434586296421718,pixel_reliability=0 AND MODLAND_QA(bits0-1)=0 AND VI range -2000..10000,MOD13Q1 V061 Terra 250m 16-day
SO2602,Baardheere,SO26,Gedo,2016-07-27,0.2774942757009346,0.2773,0.1622296728971962,0.1591,0.0483124506151935,856,0.6427362004740942,0.0413703578281973,pixel_reliability=0 AND MODLAND_QA(bits0-1)=0 AND VI range -2000..10000,MOD13Q1 V061 Terra 250m 16-day
SO2602,Baardheere,SO26,Gedo,2016-08-12,0.2543229483282675,0.254,0.1419522796352583,0.1415,0.0742747488429845,1316,0.6094367310080144,0.0516988373405576,pixel_reliability=0 AND MODLAND_QA(bits0-1)=0 AND VI range -2000..10000,MOD13Q1 V061 Terra 250m 16-day
SO2602,Baardheere,SO26,Gedo,2016-08-28,0.25521714152265296,0.2576,0.137128024287716,0.1369,0.12083756631674004,2141,0.4690145614629191,0.06456710689694097,pixel_reliability=0 AND MODLAND_QA(bits0-1)=0 AND VI range -2000..10000,MOD13Q1 V061 Terra 250m 16-day
SO2602,Baardheere,SO26,Gedo,2016-09-13,0.245424807480748,0.2478,0.1399614869820315,0.1396,0.6156451066711819,10908,0.1453324302968732,0.003386386725364,pixel_reliability=0 AND MODLAND_QA(bits0-1)=0 AND VI range -2000..10000,MOD13Q1 V061 Terra 250m 16-day
SO2602,Baardheere,SO26,Gedo,2016-09-29,0.2278751282051282,0.23005,0.1501042735042735,0.1507,0.1320690822891974,2340,0.4290551981036234,0.136810023704707,pixel_reliability=0 AND MODLAND_QA(bits0-1)=0 AND VI range -2000..10000,MOD13Q1 V061 Terra 250m 16-day
SO2602,Baardheere,SO26,Gedo,2016-10-15,0.2452320523303352,0.24475,0.1438980989370401,0.142,0.2761033976746811,4892,0.502539790044023,0.0750084659668134,pixel_reliability=0 AND MODLAND_QA(bits0-1)=0 AND VI range -2000..10000,MOD13Q1 V061 Terra 250m 16-day
SO2602,Baardheere,SO26,Gedo,2016-10-31,0.248176980568012,0.23335,0.1662336322869955,0.1606,0.075516423975618,1338,0.3516198216502991,0.2964781578056214,pixel_reliability=0 AND MODLAND_QA(bits0-1)=0 AND VI range -2000..10000,MOD13Q1 V061 Terra 250m 16-day
SO2602,Baardheere,SO26,Gedo,2016-11-16,0.3567256637168142,0.3508,0.2070461160275319,0.2019,0.0573992549949204,1017,0.2270572299356586,0.4310870301388418,pixel_reliability=0 AND MODLAND_QA(bits0-1)=0 AND VI range -2000..10000,MOD13Q1 V061 Terra 250m 16-day
SO2602,Baardheere,SO26,Gedo,2016-12-02,0.3747890525734278,0.3702,0.2261090139029555,0.2213,0.6129924370696467,10861,0.2660571170561011,0.0019189524777062,pixel_reliability=0 AND MODLAND_QA(bits0-1)=0 AND VI range -2000..10000,MOD13Q1 V061 Terra 250m 16-day
SO2602,Baardheere,SO26,Gedo,2016-12-18,0.3318425802543913,0.3264,0.1942265159162796,0.1896,0.8386386725364037,14859,0.0221243932723783,0.0,pixel_reliability=0 AND MODLAND_QA(bits0-1)=0 AND VI range -2000..10000,MOD13Q1 V061 Terra 250m 16-day
SO2603,Belet Xaawo,SO26,Gedo,2016-01-01,0.27976609086606724,0.27935,0.150139588263133,0.1487,0.9584939895667952,4226,0.00022680880018144704,0.0,pixel_reliability=0 AND MODLAND_QA(bits0-1)=0 AND VI range -2000..10000,MOD13Q1 V061 Terra 250m 16-day
SO2603,Belet Xaawo,SO26,Gedo,2016-01-17,0.2490077973160574,0.2509,0.1345396575659416,0.1344,0.9802676343842142,4322,0.0015876616012701,0.0,pixel_reliability=0 AND MODLAND_QA(bits0-1)=0 AND VI range -2000..10000,MOD13Q1 V061 Terra 250m 16-day
SO2603,Belet Xaawo,SO26,Gedo,2016-02-02,0.2333959141274238,0.2366,0.1269769159741459,0.1273,0.9825357223860286,4332,0.002041279201633,0.0,pixel_reliability=0 AND MODLAND_QA(bits0-1)=0 AND VI range -2000..10000,MOD13Q1 V061 Terra 250m 16-day
SO2603,Belet Xaawo,SO26,Gedo,2016-02-18,0.2311786532295006,0.2358,0.1185259276225377,0.1189,0.4951236107960989,2183,0.2218190065774552,0.0,pixel_reliability=0 AND MODLAND_QA(bits0-1)=0 AND VI range -2000..10000,MOD13Q1 V061 Terra 250m 16-day
SO2603,Belet Xaawo,SO26,Gedo,2016-03-05,0.2290609582760202,0.2339,0.1232292984869326,0.1238,0.989339986391472,4362,0.0009072352007257,0.0,pixel_reliability=0 AND MODLAND_QA(bits0-1)=0 AND VI range -2000..10000,MOD13Q1 V061 Terra 250m 16-day
SO2603,Belet Xaawo,SO26,Gedo,2016-03-21,0.2237727100591716,0.2293,0.1217511952662722,0.1226,0.9582671807666138,4225,0.0027217056021773,0.0,pixel_reliability=0 AND MODLAND_QA(bits0-1)=0 AND VI range -2000..10000,MOD13Q1 V061 Terra 250m 16-day
SO2603,Belet Xaawo,SO26,Gedo,2016-04-06,0.2985875,0.3015,0.175359375,0.18395,0.0072578816058063,32,0.3687911090950329,0.2685416194148333,pixel_reliability=0 AND MODLAND_QA(bits0-1)=0 AND VI range -2000..10000,MOD13Q1 V061 Terra 250m 16-day
SO2603,Belet Xaawo,SO26,Gedo,2016-04-22,0.4551849132176235,0.46945,0.275633044058745,0.2811,0.3397595826718076,1498,0.2025402585620322,0.1571784985257428,pixel_reliability=0 AND MODLAND_QA(bits0-1)=0 AND VI range -2000..10000,MOD13Q1 V061 Terra 250m 16-day
SO2603,Belet Xaawo,SO26,Gedo,2016-05-08,0.4434630093038177,0.4458,0.2522328200192493,0.2499,0.7069630301655704,3117,0.044681333635745,0.0006804264005443,pixel_reliability=0 AND MODLAND_QA(bits0-1)=0 AND VI range -2000..10000,MOD13Q1 V061 Terra 250m 16-day
SO2603,Belet Xaawo,SO26,Gedo,2016-05-24,0.3266338927991337,0.327,0.1920643475906876,0.1884,0.8378317078702654,3694,0.0056702200045361,0.0,pixel_reliability=0 AND MODLAND_QA(bits0-1)=0 AND VI range -2000..10000,MOD13Q1 V061 Terra 250m 16-day
SO2603,Belet Xaawo,SO26,Gedo,2016-06-09,0.2733639007698888,0.2708,0.1596051325919589,0.1596,0.2651394874121116,1169,0.5785892492628714,0.006123837604899,pixel_reliability=0 AND MODLAND_QA(bits0-1)=0 AND VI range -2000..10000,MOD13Q1 V061 Terra 250m 16-day
SO2603,Belet Xaawo,SO26,Gedo,2016-06-25,0.2271846153846154,0.2346,0.1385184615384615,0.1424,0.014742572011794,65,0.8500793830800635,0.0415060104332048,pixel_reliability=0 AND MODLAND_QA(bits0-1)=0 AND VI range -2000..10000,MOD13Q1 V061 Terra 250m 16-day
SO2603,Belet Xaawo,SO26,Gedo,2016-07-11,0.2508736988202637,0.25445,0.1434682165163081,0.1434,0.6536629621229304,2882,0.0900430936720344,0.0,pixel_reliability=0 AND MODLAND_QA(bits0-1)=0 AND VI range -2000..10000,MOD13Q1 V061 Terra 250m 16-day
SO2603,Belet Xaawo,SO26,Gedo,2016-07-27,0.2456394442670073,0.248,0.1373835196422868,0.1371,0.7101383533681107,3131,0.0714447720571558,0.0,pixel_reliability=0 AND MODLAND_QA(bits0-1)=0 AND VI range -2000..10000,MOD13Q1 V061 Terra 250m 16-day
SO2603,Belet Xaawo,SO26,Gedo,2016-08-12,0.2395864717542121,0.2443,0.1287854806739345,0.1291,0.9154003175323202,4036,0.0206396008165116,0.0,pixel_reliability=0 AND MODLAND_QA(bits0-1)=0 AND VI range -2000..10000,MOD13Q1 V061 Terra 250m 16-day
SO2603,Belet Xaawo,SO26,Gedo,2016-08-28,0.23488909883720932,0.2404,0.12471199127906978,0.12515,0.6241778180993423,2752,0.06305284645044228,0.0,pixel_reliability=0 AND MODLAND_QA(bits0-1)=0 AND VI range -2000..10000,MOD13Q1 V061 Terra 250m 16-day
SO2603,Belet Xaawo,SO26,Gedo,2016-09-13,0.2346637897648686,0.2397,0.1250060027662517,0.1256,0.819913812655931,3615,0.0306191880244953,0.0,pixel_reliability=0 AND MODLAND_QA(bits0-1)=0 AND VI range -2000..10000,MOD13Q1 V061 Terra 250m 16-day
SO2603,Belet Xaawo,SO26,Gedo,2016-09-29,0.2317362335432169,0.2321,0.1387381224957069,0.139,0.396234973916988,1747,0.2558403266046722,0.2070764345656611,pixel_reliability=0 AND MODLAND_QA(bits0-1)=0 AND VI range -2000..10000,MOD13Q1 V061 Terra 250m 16-day
SO2603,Belet Xaawo,SO26,Gedo,2016-10-15,0.2370775813953488,0.2425,0.1292196589147287,0.1302,0.7314583805851667,3225,0.0789294624631435,0.0149693808119755,pixel_reliability=0 AND MODLAND_QA(bits0-1)=0 AND VI range -2000..10000,MOD13Q1 V061 Terra 250m 16-day
SO2603,Belet Xaawo,SO26,Gedo,2016-10-31,0.2815823410013531,0.27635,0.1595767929634641,0.15585,0.3352234066681787,1478,0.3163982762531186,0.0755273304604218,pixel_reliability=0 AND MODLAND_QA(bits0-1)=0 AND VI range -2000..10000,MOD13Q1 V061 Terra 250m 16-day
SO2603,Belet Xaawo,SO26,Gedo,2016-11-16,0.3032023090586145,0.308,0.1686817051509769,0.1696,0.1276933545021547,563,0.3592651394874121,0.2401905193921524,pixel_reliability=0 AND MODLAND_QA(bits0-1)=0 AND VI range -2000..10000,MOD13Q1 V061 Terra 250m 16-day
SO2603,Belet Xaawo,SO26,Gedo,2016-12-02,0.3294313756613757,0.33535,0.1839736243386243,0.1834,0.8573372646858698,3780,0.0102063960081651,0.0,pixel_reliability=0 AND MODLAND_QA(bits0-1)=0 AND VI range -2000..10000,MOD13Q1 V061 Terra 250m 16-day
SO2603,Belet Xaawo,SO26,Gedo,2016-12-18,0.282134126984127,0.2803,0.1560797385620915,0.1539,0.9716488999773192,4284,0.0015876616012701,0.0,pixel_reliability=0 AND MODLAND_QA(bits0-1)=0 AND VI range -2000..10000,MOD13Q1 V061 Terra 250m 16-day
SO2604,Ceel Waaq,SO26,Gedo,2016-01-01,0.33751382526564344,0.32780000000000004,0.17973982290436838,0.17470000000000002,0.9140945391754802,8470,0.010684221886466653,0.0,pixel_reliability=0 AND MODLAND_QA(bits0-1)=0 AND VI range -2000..10000,MOD13Q1 V061 Terra 250m 16-day
SO2604,Ceel Waaq,SO26,Gedo,2016-01-17,0.2894932120674356,0.2831,0.1550576197870452,0.152,0.9730196417008418,9016,0.0053960716598316,0.0,pixel_reliability=0 AND MODLAND_QA(bits0-1)=0 AND VI range -2000..10000,MOD13Q1 V061 Terra 250m 16-day
SO2604,Ceel Waaq,SO26,Gedo,2016-02-02,0.2631194493586908,0.2605,0.1421733193277311,0.141,0.9760414418303476,9044,0.0039930930282754,0.0,pixel_reliability=0 AND MODLAND_QA(bits0-1)=0 AND VI range -2000..10000,MOD13Q1 V061 Terra 250m 16-day
SO2604,Ceel Waaq,SO26,Gedo,2016-02-18,0.2738642208774584,0.2704,0.1334356467473525,0.1326,0.5706885387437945,5288,0.1508741636088927,0.0024821929635225,pixel_reliability=0 AND MODLAND_QA(bits0-1)=0 AND VI range -2000..10000,MOD13Q1 V061 Terra 250m 16-day
SO2604,Ceel Waaq,SO26,Gedo,2016-03-05,0.262960119047619,0.2616,0.1414910826594789,0.141,0.960932441182819,8904,0.0067990502913878,0.0,pixel_reliability=0 AND MODLAND_QA(bits0-1)=0 AND VI range -2000..10000,MOD13Q1 V061 Terra 250m 16-day
SO2604,Ceel Waaq,SO26,Gedo,2016-03-21,0.253818851217523,0.2529,0.1383283700337877,0.1382,0.9262896611266996,8583,0.0106842218864666,0.0,pixel_reliability=0 AND MODLAND_QA(bits0-1)=0 AND VI range -2000..10000,MOD13Q1 V061 Terra 250m 16-day
SO2604,Ceel Waaq,SO26,Gedo,2016-04-06,0.41763,0.41425,0.22399,0.21665,0.0010792143319663,10,0.2920353982300885,0.3974746384631988,pixel_reliability=0 AND MODLAND_QA(bits0-1)=0 AND VI range -2000..10000,MOD13Q1 V061 Terra 250m 16-day
SO2604,Ceel Waaq,SO26,Gedo,2016-04-22,0.5007371179039302,0.5032,0.2909554585152838,0.2936,0.0741420246060867,687,0.2684006043600259,0.3387653788042305,pixel_reliability=0 AND MODLAND_QA(bits0-1)=0 AND VI range -2000..10000,MOD13Q1 V061 Terra 250m 16-day
SO2604,Ceel Waaq,SO26,Gedo,2016-05-08,0.5168842612419701,0.5186000000000001,0.3253495717344754,0.3242,0.100798618605655,934,0.5431685732786531,0.0766242175696093,pixel_reliability=0 AND MODLAND_QA(bits0-1)=0 AND VI range -2000..10000,MOD13Q1 V061 Terra 250m 16-day
SO2604,Ceel Waaq,SO26,Gedo,2016-05-24,0.472846187812776,0.4687,0.2719604651162791,0.2686,0.7332182171379236,6794,0.012626807684006,0.0,pixel_reliability=0 AND MODLAND_QA(bits0-1)=0 AND VI range -2000..10000,MOD13Q1 V061 Terra 250m 16-day
SO2604,Ceel Waaq,SO26,Gedo,2016-06-09,0.429120369671822,0.4216,0.2524769520935496,0.2454,0.2860997194042737,2651,0.7071012303043385,0.0,pixel_reliability=0 AND MODLAND_QA(bits0-1)=0 AND VI range -2000..10000,MOD13Q1 V061 Terra 250m 16-day
SO2604,Ceel Waaq,SO26,Gedo,2016-06-25,,,,,0.0,0,0.1905892510252536,0.6530325922728254,pixel_reliability=0 AND MODLAND_QA(bits0-1)=0 AND VI range -2000..10000,MOD13Q1 V061 Terra 250m 16-day
SO2604,Ceel Waaq,SO26,Gedo,2016-07-11,0.2900343145500421,0.2866,0.1654091253153911,0.1641,0.2566371681415929,2378,0.4574789553205267,0.0058277573926181,pixel_reliability=0 AND MODLAND_QA(bits0-1)=0 AND VI range -2000..10000,MOD13Q1 V061 Terra 250m 16-day
SO2604,Ceel Waaq,SO26,Gedo,2016-07-27,0.2815970911086717,0.2791,0.1596793907793633,0.158,0.3932657025685301,3644,0.3061731059788474,0.0087416360889272,pixel_reliability=0 AND MODLAND_QA(bits0-1)=0 AND VI range -2000..10000,MOD13Q1 V061 Terra 250m 16-day
SO2604,Ceel Waaq,SO26,Gedo,2016-08-12,0.268394422310757,0.2662,0.139735192563081,0.1394,0.0812648391970645,753,0.6545434923375782,0.0427368875458666,pixel_reliability=0 AND MODLAND_QA(bits0-1)=0 AND VI range -2000..10000,MOD13Q1 V061 Terra 250m 16-day
SO2604,Ceel Waaq,SO26,Gedo,2016-08-28,0.2637597202122528,0.2636,0.13667754462132176,0.1356,0.4474422620332398,4146,0.21044679473343406,0.00377725016188215,pixel_reliability=0 AND MODLAND_QA(bits0-1)=0 AND VI range -2000..10000,MOD13Q1 V061 Terra 250m 16-day
SO2604,Ceel Waaq,SO26,Gedo,2016-09-13,0.2594790849673203,0.2597,0.1387793866264454,0.1383,0.6439671918843082,5967,0.1179581264839197,0.0,pixel_reliability=0 AND MODLAND_QA(bits0-1)=0 AND VI range -2000..10000,MOD13Q1 V061 Terra 250m 16-day
SO2604,Ceel Waaq,SO26,Gedo,2016-09-29,0.239484422185678,0.2399,0.1466924203916878,0.1466,0.7218864666522772,6689,0.1740772717461688,0.0007554500323764,pixel_reliability=0 AND MODLAND_QA(bits0-1)=0 AND VI range -2000..10000,MOD13Q1 V061 Terra 250m 16-day
SO2604,Ceel Waaq,SO26,Gedo,2016-10-15,0.2536137947494033,0.2524,0.1396097852028639,0.1395,0.4521908050938916,4190,0.4827325706885387,0.0002158428663932,pixel_reliability=0 AND MODLAND_QA(bits0-1)=0 AND VI range -2000..10000,MOD13Q1 V061 Terra 250m 16-day
SO2604,Ceel Waaq,SO26,Gedo,2016-10-31,0.2921181705809642,0.2852,0.16340630407911,0.1586,0.0873084394560759,809,0.4510036693287287,0.2164903949924455,pixel_reliability=0 AND MODLAND_QA(bits0-1)=0 AND VI range -2000..10000,MOD13Q1 V061 Terra 250m 16-day
SO2604,Ceel Waaq,SO26,Gedo,2016-11-16,0.3708861654135338,0.36345,0.2141804511278195,0.2112,0.1435355061515217,1330,0.3914310382041873,0.0897906324195985,pixel_reliability=0 AND MODLAND_QA(bits0-1)=0 AND VI range -2000..10000,MOD13Q1 V061 Terra 250m 16-day
SO2604,Ceel Waaq,SO26,Gedo,2016-12-02,0.4090340122699386,0.4055,0.232518208588957,0.2312,0.8795596805525577,8150,0.0439240233110295,0.0,pixel_reliability=0 AND MODLAND_QA(bits0-1)=0 AND VI range -2000..10000,MOD13Q1 V061 Terra 250m 16-day
SO2604,Ceel Waaq,SO26,Gedo,2016-12-18,0.3529256363008177,0.3469,0.1932322354025106,0.1878,0.937081804446363,8683,0.0050723073602417,0.0,pixel_reliability=0 AND MODLAND_QA(bits0-1)=0 AND VI range -2000..10000,MOD13Q1 V061 Terra 250m 16-day
SO2605,Doolow,SO26,Gedo,2016-01-01,0.20369853024307516,0.19210000000000002,0.1223873374788016,0.11510000000000001,0.9203954214360042,1769,0.004162330905306972,0.0,pixel_reliability=0 AND MODLAND_QA(bits0-1)=0 AND VI range -2000..10000,MOD13Q1 V061 Terra 250m 16-day
SO2605,Doolow,SO26,Gedo,2016-01-17,0.1903990516332981,0.18085,0.1151366701791359,0.1088,0.9875130072840792,1898,0.0010405827263267,0.0,pixel_reliability=0 AND MODLAND_QA(bits0-1)=0 AND VI range -2000..10000,MOD13Q1 V061 Terra 250m 16-day
SO2605,Doolow,SO26,Gedo,2016-02-02,0.1806845257021727,0.1726,0.1099577106518283,0.1052,0.981789802289282,1887,0.0031217481789802,0.0,pixel_reliability=0 AND MODLAND_QA(bits0-1)=0 AND VI range -2000..10000,MOD13Q1 V061 Terra 250m 16-day
SO2605,Doolow,SO26,Gedo,2016-02-18,0.1757921885087153,0.1692,0.1025925112976113,0.099,0.8059313215400624,1549,0.0431841831425598,0.0,pixel_reliability=0 AND MODLAND_QA(bits0-1)=0 AND VI range -2000..10000,MOD13Q1 V061 Terra 250m 16-day
SO2605,Doolow,SO26,Gedo,2016-03-05,0.1751128981723237,0.1684,0.1048375979112271,0.1005,0.9963579604578564,1915,0.0005202913631633,0.0,pixel_reliability=0 AND MODLAND_QA(bits0-1)=0 AND VI range -2000..10000,MOD13Q1 V061 Terra 250m 16-day
SO2605,Doolow,SO26,Gedo,2016-03-21,0.1696088046958377,0.1643,0.1015578441835645,0.0981,0.9750260145681582,1874,0.0,0.0,pixel_reliability=0 AND MODLAND_QA(bits0-1)=0 AND VI range -2000..10000,MOD13Q1 V061 Terra 250m 16-day
SO2605,Doolow,SO26,Gedo,2016-04-06,0.1795379310344828,0.16435,0.1075068965517241,0.0978499999999999,0.0301768990634755,58,0.4360041623309053,0.1847034339229968,pixel_reliability=0 AND MODLAND_QA(bits0-1)=0 AND VI range -2000..10000,MOD13Q1 V061 Terra 250m 16-day
SO2605,Doolow,SO26,Gedo,2016-04-22,0.2945530612244898,0.2776,0.18521280148423,0.174,0.2804370447450572,539,0.2419354838709677,0.1316337148803329,pixel_reliability=0 AND MODLAND_QA(bits0-1)=0 AND VI range -2000..10000,MOD13Q1 V061 Terra 250m 16-day
SO2605,Doolow,SO26,Gedo,2016-05-08,0.285293131132917,0.2624,0.1729394290811775,0.1583,0.5832466181061394,1121,0.177939646201873,0.0104058272632674,pixel_reliability=0 AND MODLAND_QA(bits0-1)=0 AND VI range -2000..10000,MOD13Q1 V061 Terra 250m 16-day
SO2605,Doolow,SO26,Gedo,2016-05-24,0.2301761376896149,0.2142,0.1460586931155192,0.1347,0.8917793964620188,1714,0.0036420395421436,0.0,pixel_reliability=0 AND MODLAND_QA(bits0-1)=0 AND VI range -2000..10000,MOD13Q1 V061 Terra 250m 16-day
SO2605,Doolow,SO26,Gedo,2016-06-09,0.200669943135662,0.1888,0.1268959382615759,0.1187,0.6404786680541104,1231,0.1113423517169615,0.0,pixel_reliability=0 AND MODLAND_QA(bits0-1)=0 AND VI range -2000..10000,MOD13Q1 V061 Terra 250m 16-day
SO2605,Doolow,SO26,Gedo,2016-06-25,0.1748681922196796,0.1683,0.1096352402745995,0.1039,0.2273673257023933,437,0.3886576482830385,0.0036420395421436,pixel_reliability=0 AND MODLAND_QA(bits0-1)=0 AND VI range -2000..10000,MOD13Q1 V061 Terra 250m 16-day
SO2605,Doolow,SO26,Gedo,2016-07-11,0.1816418549346017,0.1718,0.1148887039239001,0.1077,0.4375650364203954,841,0.0395421436004162,0.0,pixel_reliability=0 AND MODLAND_QA(bits0-1)=0 AND VI range -2000..10000,MOD13Q1 V061 Terra 250m 16-day
SO2605,Doolow,SO26,Gedo,2016-07-27,0.1773007400555041,0.1693,0.1088236817761332,0.1036,0.5624349635796045,1081,0.0858480749219563,0.0,pixel_reliability=0 AND MODLAND_QA(bits0-1)=0 AND VI range -2000..10000,MOD13Q1 V061 Terra 250m 16-day
SO2605,Doolow,SO26,Gedo,2016-08-12,0.1783853825857519,0.1711,0.1067436939313984,0.1027,0.985952133194589,1895,0.0015608740894901,0.0,pixel_reliability=0 AND MODLAND_QA(bits0-1)=0 AND VI range -2000..10000,MOD13Q1 V061 Terra 250m 16-day
SO2605,Doolow,SO26,Gedo,2016-08-28,0.17149503105590064,0.1652,0.09959378881987578,0.0964,0.921436004162331,1771,0.002081165452653486,0.0,pixel_reliability=0 AND MODLAND_QA(bits0-1)=0 AND VI range -2000..10000,MOD13Q1 V061 Terra 250m 16-day
SO2605,Doolow,SO26,Gedo,2016-09-13,0.1665544925662573,0.1629,0.0987998707175178,0.0964,0.8048907388137357,1547,0.0234131113423517,0.0,pixel_reliability=0 AND MODLAND_QA(bits0-1)=0 AND VI range -2000..10000,MOD13Q1 V061 Terra 250m 16-day
SO2605,Doolow,SO26,Gedo,2016-09-29,0.1529987355110643,0.1468,0.1020530031612223,0.0975,0.4937565036420395,949,0.1347554630593132,0.1680541103017689,pixel_reliability=0 AND MODLAND_QA(bits0-1)=0 AND VI range -2000..10000,MOD13Q1 V061 Terra 250m 16-day
SO2605,Doolow,SO26,Gedo,2016-10-15,0.1640492732558139,0.1581,0.0990383720930232,0.09565,0.7159209157127991,1376,0.0598335067637877,0.0208116545265348,pixel_reliability=0 AND MODLAND_QA(bits0-1)=0 AND VI range -2000..10000,MOD13Q1 V061 Terra 250m 16-day
SO2605,Doolow,SO26,Gedo,2016-10-31,0.1626700787401575,0.158,0.0976068897637795,0.09475,0.2643080124869927,508,0.1951092611862643,0.0764828303850156,pixel_reliability=0 AND MODLAND_QA(bits0-1)=0 AND VI range -2000..10000,MOD13Q1 V061 Terra 250m 16-day
SO2605,Doolow,SO26,Gedo,2016-11-16,0.164293220338983,0.1585,0.0997169491525423,0.0975,0.0306971904266389,59,0.1305931321540062,0.5442247658688866,pixel_reliability=0 AND MODLAND_QA(bits0-1)=0 AND VI range -2000..10000,MOD13Q1 V061 Terra 250m 16-day
SO2605,Doolow,SO26,Gedo,2016-12-02,0.2072938226299694,0.196,0.1282022018348624,0.1204,0.8506763787721123,1635,0.0015608740894901,0.0,pixel_reliability=0 AND MODLAND_QA(bits0-1)=0 AND VI range -2000..10000,MOD13Q1 V061 Terra 250m 16-day
SO2605,Doolow,SO26,Gedo,2016-12-18,0.2045143611404435,0.19185,0.1244693769799366,0.11585,0.9854318418314256,1894,0.0005202913631633,0.0,pixel_reliability=0 AND MODLAND_QA(bits0-1)=0 AND VI range -2000..10000,MOD13Q1 V061 Terra 250m 16-day
SO2606,Luuq,SO26,Gedo,2016-01-01,0.23145080987063812,0.2218,0.1336699749972823,0.1296,0.9281606296034709,9199,0.012713147008374533,0.0,pixel_reliability=0 AND MODLAND_QA(bits0-1)=0 AND VI range -2000..10000,MOD13Q1 V061 Terra 250m 16-day
SO2606,Luuq,SO26,Gedo,2016-01-17,0.2015964660234899,0.1972,0.1191618603187919,0.1173,0.9621632529512664,9536,0.004641307637978,0.0,pixel_reliability=0 AND MODLAND_QA(bits0-1)=0 AND VI range -2000..10000,MOD13Q1 V061 Terra 250m 16-day
SO2606,Luuq,SO26,Gedo,2016-02-02,0.187155345246907,0.1832,0.1122119170984456,0.1111,0.9541923115729996,9457,0.0075673494097467,0.0,pixel_reliability=0 AND MODLAND_QA(bits0-1)=0 AND VI range -2000..10000,MOD13Q1 V061 Terra 250m 16-day
SO2606,Luuq,SO26,Gedo,2016-02-18,0.1823323180103395,0.1774,0.106553919239905,0.1061,0.7221269296740995,7157,0.1355060034305317,0.0,pixel_reliability=0 AND MODLAND_QA(bits0-1)=0 AND VI range -2000..10000,MOD13Q1 V061 Terra 250m 16-day
SO2606,Luuq,SO26,Gedo,2016-03-05,0.1851940827147402,0.179,0.1068366489925769,0.1064,0.9514680657854908,9430,0.0078700433861366,0.0,pixel_reliability=0 AND MODLAND_QA(bits0-1)=0 AND VI range -2000..10000,MOD13Q1 V061 Terra 250m 16-day
SO2606,Luuq,SO26,Gedo,2016-03-21,0.1763381701444623,0.1724,0.1047240342429106,0.1036,0.9428917364544446,9345,0.0100897992129956,0.0,pixel_reliability=0 AND MODLAND_QA(bits0-1)=0 AND VI range -2000..10000,MOD13Q1 V061 Terra 250m 16-day
SO2606,Luuq,SO26,Gedo,2016-04-06,0.2576965325077399,0.251,0.1561254489164086,0.154,0.1629502572898799,1615,0.4826959943497124,0.0445969125214408,pixel_reliability=0 AND MODLAND_QA(bits0-1)=0 AND VI range -2000..10000,MOD13Q1 V061 Terra 250m 16-day
SO2606,Luuq,SO26,Gedo,2016-04-22,0.3836760231660232,0.37195,0.2372958687258687,0.2276,0.2613257996165876,2590,0.2130965593784683,0.1891837352436686,pixel_reliability=0 AND MODLAND_QA(bits0-1)=0 AND VI range -2000..10000,MOD13Q1 V061 Terra 250m 16-day
SO2606,Luuq,SO26,Gedo,2016-05-08,0.4319282258064516,0.40755,0.2841258064516129,0.2725,0.0250227020482292,248,0.7049742710120068,0.0590253253960246,pixel_reliability=0 AND MODLAND_QA(bits0-1)=0 AND VI range -2000..10000,MOD13Q1 V061 Terra 250m 16-day
SO2606,Luuq,SO26,Gedo,2016-05-24,0.2979244742344115,0.2822,0.1871343377198376,0.1772,0.8204015740086772,8131,0.0222984562607204,0.0,pixel_reliability=0 AND MODLAND_QA(bits0-1)=0 AND VI range -2000..10000,MOD13Q1 V061 Terra 250m 16-day
SO2606,Luuq,SO26,Gedo,2016-06-09,0.2500491985203453,0.2388,0.1592046085080148,0.1528,0.6546261729391585,6488,0.0847543133891635,0.0006053879527797,pixel_reliability=0 AND MODLAND_QA(bits0-1)=0 AND VI range -2000..10000,MOD13Q1 V061 Terra 250m 16-day
SO2606,Luuq,SO26,Gedo,2016-06-25,0.1687684563758389,0.1695,0.1103661073825503,0.1116,0.030067601654727,298,0.6502875592775704,0.1619412773685803,pixel_reliability=0 AND MODLAND_QA(bits0-1)=0 AND VI range -2000..10000,MOD13Q1 V061 Terra 250m 16-day
SO2606,Luuq,SO26,Gedo,2016-07-11,0.2054317314132619,0.2005,0.128303533154722,0.12675,0.602562809000101,5972,0.0664917768136414,0.0,pixel_reliability=0 AND MODLAND_QA(bits0-1)=0 AND VI range -2000..10000,MOD13Q1 V061 Terra 250m 16-day
SO2606,Luuq,SO26,Gedo,2016-07-27,0.1878389636196882,0.18285,0.117527315805564,0.117,0.6600746645141762,6542,0.0967611744526284,0.0003026939763898,pixel_reliability=0 AND MODLAND_QA(bits0-1)=0 AND VI range -2000..10000,MOD13Q1 V061 Terra 250m 16-day
SO2606,Luuq,SO26,Gedo,2016-08-12,0.1917251263786765,0.1867,0.1117928423713235,0.1114,0.8782161234991424,8704,0.0148320048431036,0.0,pixel_reliability=0 AND MODLAND_QA(bits0-1)=0 AND VI range -2000..10000,MOD13Q1 V061 Terra 250m 16-day
SO2606,Luuq,SO26,Gedo,2016-08-28,0.18132789844851907,0.1763,0.10304313117066291,0.10350000000000001,0.7153667642013924,7090,0.06699626677429119,0.0003026939763898698,pixel_reliability=0 AND MODLAND_QA(bits0-1)=0 AND VI range -2000..10000,MOD13Q1 V061 Terra 250m 16-day
SO2606,Luuq,SO26,Gedo,2016-09-13,0.1789416737211271,0.1749,0.1072621840609505,0.1055,0.8343254969226113,8269,0.0182625365755221,0.0,pixel_reliability=0 AND MODLAND_QA(bits0-1)=0 AND VI range -2000..10000,MOD13Q1 V061 Terra 250m 16-day
SO2606,Luuq,SO26,Gedo,2016-09-29,0.1677623822143698,0.1627,0.1108011925795053,0.1108,0.6852991625466653,6792,0.0894965190192715,0.0452023004742205,pixel_reliability=0 AND MODLAND_QA(bits0-1)=0 AND VI range -2000..10000,MOD13Q1 V061 Terra 250m 16-day
SO2606,Luuq,SO26,Gedo,2016-10-15,0.1899583882482152,0.1775,0.1138841433278418,0.1079,0.734940974674604,7284,0.1154273029966703,0.0034305317324185,pixel_reliability=0 AND MODLAND_QA(bits0-1)=0 AND VI range -2000..10000,MOD13Q1 V061 Terra 250m 16-day
SO2606,Luuq,SO26,Gedo,2016-10-31,0.2056891463656169,0.1879,0.1237801148742325,0.1154,0.5094339622641509,5049,0.1243063263041065,0.0010089799212995,pixel_reliability=0 AND MODLAND_QA(bits0-1)=0 AND VI range -2000..10000,MOD13Q1 V061 Terra 250m 16-day
SO2606,Luuq,SO26,Gedo,2016-11-16,0.180349297752809,0.173,0.1059127106741573,0.10245,0.1436787407930582,1424,0.3854303299364343,0.2167288870951468,pixel_reliability=0 AND MODLAND_QA(bits0-1)=0 AND VI range -2000..10000,MOD13Q1 V061 Terra 250m 16-day
SO2606,Luuq,SO26,Gedo,2016-12-02,0.2214627352150537,0.2155,0.133182482078853,0.1308,0.9008172737362526,8928,0.0063565735041872,0.0,pixel_reliability=0 AND MODLAND_QA(bits0-1)=0 AND VI range -2000..10000,MOD13Q1 V061 Terra 250m 16-day
SO2606,Luuq,SO26,Gedo,2016-12-18,0.2008159146666666,0.1996,0.118700256,0.1196,0.9459186762183432,9375,0.0055493895671476,0.0,pixel_reliability=0 AND MODLAND_QA(bits0-1)=0 AND VI range -2000..10000,MOD13Q1 V061 Terra 250m 16-day
SO2701,Bu'aale,SO27,Middle Juba,2016-01-01,0.4750215877914952,0.46140000000000003,0.2764877400548697,0.26330000000000003,0.9092609915809168,5832,0.014343623323978797,0.0,pixel_reliability=0 AND MODLAND_QA(bits0-1)=0 AND VI range -2000..10000,MOD13Q1 V061 Terra 250m 16-day
SO2701,Bu'aale,SO27,Middle Juba,2016-01-17,0.3945620112818517,0.3801,0.2309450496012449,0.2184,0.8015279077019021,5141,0.0352354225132522,0.0,pixel_reliability=0 AND MODLAND_QA(bits0-1)=0 AND VI range -2000..10000,MOD13Q1 V061 Terra 250m 16-day
SO2701,Bu'aale,SO27,Middle Juba,2016-02-02,0.3407210473980775,0.3295,0.2163401226383825,0.2082,0.9407545993140006,6034,0.013719987527284,0.0,pixel_reliability=0 AND MODLAND_QA(bits0-1)=0 AND VI range -2000..10000,MOD13Q1 V061 Terra 250m 16-day
SO2701,Bu'aale,SO27,Middle Juba,2016-02-18,0.3134568194070081,0.3089,0.1912004312668463,0.1877,0.2892111007171811,1855,0.6223885251013408,0.0,pixel_reliability=0 AND MODLAND_QA(bits0-1)=0 AND VI range -2000..10000,MOD13Q1 V061 Terra 250m 16-day
SO2701,Bu'aale,SO27,Middle Juba,2016-03-05,0.3512242242242243,0.3438,0.1999685185185185,0.19055,0.9345182413470532,5994,0.0160586217648893,0.0,pixel_reliability=0 AND MODLAND_QA(bits0-1)=0 AND VI range -2000..10000,MOD13Q1 V061 Terra 250m 16-day
SO2701,Bu'aale,SO27,Middle Juba,2016-03-21,0.3262897342260093,0.3201,0.2030441265976871,0.1961,0.7684752104770813,4929,0.0650140318054256,0.0,pixel_reliability=0 AND MODLAND_QA(bits0-1)=0 AND VI range -2000..10000,MOD13Q1 V061 Terra 250m 16-day
SO2701,Bu'aale,SO27,Middle Juba,2016-04-06,0.5080499999999999,0.49765,0.2869,0.2752,0.0031181789834736,20,0.4579045837231057,0.2061116308076083,pixel_reliability=0 AND MODLAND_QA(bits0-1)=0 AND VI range -2000..10000,MOD13Q1 V061 Terra 250m 16-day
SO2701,Bu'aale,SO27,Middle Juba,2016-04-22,0.6118089473684211,0.6353,0.3811845614035087,0.3804,0.088868101028999,570,0.3885251013408169,0.1549734954786404,pixel_reliability=0 AND MODLAND_QA(bits0-1)=0 AND VI range -2000..10000,MOD13Q1 V061 Terra 250m 16-day
SO2701,Bu'aale,SO27,Middle Juba,2016-05-08,0.6726425855513309,0.6833,0.39126463878327,0.3945,0.0410040536326785,263,0.5444340505144996,0.09822263797942,pixel_reliability=0 AND MODLAND_QA(bits0-1)=0 AND VI range -2000..10000,MOD13Q1 V061 Terra 250m 16-day
SO2701,Bu'aale,SO27,Middle Juba,2016-05-24,0.548926397515528,0.55395,0.3167483229813664,0.3155,0.5020268163392578,3220,0.2298097910820081,0.0029622700342999,pixel_reliability=0 AND MODLAND_QA(bits0-1)=0 AND VI range -2000..10000,MOD13Q1 V061 Terra 250m 16-day
SO2701,Bu'aale,SO27,Middle Juba,2016-06-09,0.4932403855195111,0.4878,0.3199161259990597,0.3102,0.3316183348924228,2127,0.3280324290614281,0.0216713439351418,pixel_reliability=0 AND MODLAND_QA(bits0-1)=0 AND VI range -2000..10000,MOD13Q1 V061 Terra 250m 16-day
SO2701,Bu'aale,SO27,Middle Juba,2016-06-25,,,,,0.0,0,0.1816339257873402,0.5983785469285937,pixel_reliability=0 AND MODLAND_QA(bits0-1)=0 AND VI range -2000..10000,MOD13Q1 V061 Terra 250m 16-day
SO2701,Bu'aale,SO27,Middle Juba,2016-07-11,0.4461333333333333,0.432,0.3075,0.2989,0.000467726847521,3,0.3696601184908014,0.3096351730589335,pixel_reliability=0 AND MODLAND_QA(bits0-1)=0 AND VI range -2000..10000,MOD13Q1 V061 Terra 250m 16-day
SO2701,Bu'aale,SO27,Middle Juba,2016-07-27,0.4088333333333334,0.3919,0.2592,0.2407,0.000467726847521,3,0.2687870283754287,0.4496414094169005,pixel_reliability=0 AND MODLAND_QA(bits0-1)=0 AND VI range -2000..10000,MOD13Q1 V061 Terra 250m 16-day
SO2701,Bu'aale,SO27,Middle Juba,2016-08-12,0.3870967741935484,0.3549,0.2223354838709677,0.1914,0.0048331774243841,31,0.6025880885562831,0.108044901777362,pixel_reliability=0 AND MODLAND_QA(bits0-1)=0 AND VI range -2000..10000,MOD13Q1 V061 Terra 250m 16-day
SO2701,Bu'aale,SO27,Middle Juba,2016-08-28,0.3251930835734871,0.3068,0.18749510086455332,0.1706,0.05410040536326785,347,0.545681322107889,0.07078266292485189,pixel_reliability=0 AND MODLAND_QA(bits0-1)=0 AND VI range -2000..10000,MOD13Q1 V061 Terra 250m 16-day
SO2701,Bu'aale,SO27,Middle Juba,2016-09-13,0.2954233472803347,0.2871,0.1708093723849372,0.1662,0.1863111942625506,1195,0.4558777673838478,0.0534767695665731,pixel_reliability=0 AND MODLAND_QA(bits0-1)=0 AND VI range -2000..10000,MOD13Q1 V061 Terra 250m 16-day
SO2701,Bu'aale,SO27,Middle Juba,2016-09-29,0.3113547368421053,0.2648,0.2071431578947368,0.1854,0.0148113501714998,95,0.569223573433115,0.1133458060492672,pixel_reliability=0 AND MODLAND_QA(bits0-1)=0 AND VI range -2000..10000,MOD13Q1 V061 Terra 250m 16-day
SO2701,Bu'aale,SO27,Middle Juba,2016-10-15,0.3684020348837209,0.35955,0.2301405523255814,0.2303,0.1072653570314936,688,0.74259432491425,0.0159027128157156,pixel_reliability=0 AND MODLAND_QA(bits0-1)=0 AND VI range -2000..10000,MOD13Q1 V061 Terra 250m 16-day
SO2701,Bu'aale,SO27,Middle Juba,2016-10-31,0.3783678571428571,0.36685,0.2335946428571428,0.22045,0.0087309011537262,56,0.5537885874649204,0.14140941690053,pixel_reliability=0 AND MODLAND_QA(bits0-1)=0 AND VI range -2000..10000,MOD13Q1 V061 Terra 250m 16-day
SO2701,Bu'aale,SO27,Middle Juba,2016-11-16,0.6257788819875777,0.6779000000000001,0.3794236024844721,0.4055,0.0251013408169628,161,0.4009978172747115,0.2146866230121609,pixel_reliability=0 AND MODLAND_QA(bits0-1)=0 AND VI range -2000..10000,MOD13Q1 V061 Terra 250m 16-day
SO2701,Bu'aale,SO27,Middle Juba,2016-12-02,0.5393217474980754,0.55815,0.3350757120862201,0.3343,0.4050514499532273,2598,0.2620829435609604,0.000935453695042,pixel_reliability=0 AND MODLAND_QA(bits0-1)=0 AND VI range -2000..10000,MOD13Q1 V061 Terra 250m 16-day
SO2701,Bu'aale,SO27,Middle Juba,2016-12-18,0.5268465471329664,0.5369,0.291764565950648,0.2912,0.8782351106953539,5633,0.0180854381041471,0.0001559089491736,pixel_reliability=0 AND MODLAND_QA(bits0-1)=0 AND VI range -2000..10000,MOD13Q1 V061 Terra 250m 16-day
SO2702,Jilib,SO27,Middle Juba,2016-01-01,0.5495256086764054,0.5850000000000001,0.3364879592740151,0.34845000000000004,0.7126182965299684,4518,0.03990536277602524,0.0026813880126182964,pixel_reliability=0 AND MODLAND_QA(bits0-1)=0 AND VI range -2000..10000,MOD13Q1 V061 Terra 250m 16-day
SO2702,Jilib,SO27,Middle Juba,2016-01-17,0.4900951606944958,0.513,0.2943062800147765,0.2999,0.4269716088328075,2707,0.2025236593059937,0.0006309148264984,pixel_reliability=0 AND MODLAND_QA(bits0-1)=0 AND VI range -2000..10000,MOD13Q1 V061 Terra 250m 16-day
SO2702,Jilib,SO27,Middle Juba,2016-02-02,0.4026307148040639,0.4236,0.2556725870827286,0.263,0.8694006309148264,5512,0.0063091482649842,0.0018927444794952,pixel_reliability=0 AND MODLAND_QA(bits0-1)=0 AND VI range -2000..10000,MOD13Q1 V061 Terra 250m 16-day
SO2702,Jilib,SO27,Middle Juba,2016-02-18,0.303124601867106,0.2974,0.1858912685337726,0.1832,0.2872239747634069,1821,0.5225552050473186,0.0069400630914826,pixel_reliability=0 AND MODLAND_QA(bits0-1)=0 AND VI range -2000..10000,MOD13Q1 V061 Terra 250m 16-day
SO2702,Jilib,SO27,Middle Juba,2016-03-05,0.3554789595822858,0.3665,0.2011619996132276,0.2033,0.815615141955836,5171,0.0274447949526813,0.0011041009463722,pixel_reliability=0 AND MODLAND_QA(bits0-1)=0 AND VI range -2000..10000,MOD13Q1 V061 Terra 250m 16-day
SO2702,Jilib,SO27,Middle Juba,2016-03-21,0.3246087514585765,0.3372,0.2022452742123687,0.2048,0.6758675078864353,4285,0.0526813880126183,0.000788643533123,pixel_reliability=0 AND MODLAND_QA(bits0-1)=0 AND VI range -2000..10000,MOD13Q1 V061 Terra 250m 16-day
SO2702,Jilib,SO27,Middle Juba,2016-04-06,0.306062487945998,0.3079,0.1843589199614272,0.1857,0.1635646687697161,1037,0.3533123028391167,0.123186119873817,pixel_reliability=0 AND MODLAND_QA(bits0-1)=0 AND VI range -2000..10000,MOD13Q1 V061 Terra 250m 16-day
SO2702,Jilib,SO27,Middle Juba,2016-04-22,0.5051163120567376,0.5154,0.3310529550827423,0.3253,0.0667192429022082,423,0.327602523659306,0.244006309148265,pixel_reliability=0 AND MODLAND_QA(bits0-1)=0 AND VI range -2000..10000,MOD13Q1 V061 Terra 250m 16-day
SO2702,Jilib,SO27,Middle Juba,2016-05-08,0.3840392523364487,0.3654,0.2555878504672897,0.2491,0.0168769716088328,107,0.3869085173501577,0.2769716088328076,pixel_reliability=0 AND MODLAND_QA(bits0-1)=0 AND VI range -2000..10000,MOD13Q1 V061 Terra 250m 16-day
SO2702,Jilib,SO27,Middle Juba,2016-05-24,0.5235036177268616,0.5382,0.2992934579439252,0.2942,0.523186119873817,3317,0.1537854889589905,0.0107255520504731,pixel_reliability=0 AND MODLAND_QA(bits0-1)=0 AND VI range -2000..10000,MOD13Q1 V061 Terra 250m 16-day
SO2702,Jilib,SO27,Middle Juba,2016-06-09,0.3910919694072657,0.3455,0.2622803059273423,0.2431,0.1649842271293375,1046,0.4421135646687697,0.0735015772870662,pixel_reliability=0 AND MODLAND_QA(bits0-1)=0 AND VI range -2000..10000,MOD13Q1 V061 Terra 250m 16-day
SO2702,Jilib,SO27,Middle Juba,2016-06-25,0.3969592592592593,0.3855,0.2559888888888889,0.2606,0.0042586750788643,27,0.3970031545741325,0.3477917981072555,pixel_reliability=0 AND MODLAND_QA(bits0-1)=0 AND VI range -2000..10000,MOD13Q1 V061 Terra 250m 16-day
SO2702,Jilib,SO27,Middle Juba,2016-07-11,0.4016920903954802,0.3848,0.2586361581920904,0.2491,0.0558359621451104,354,0.296372239747634,0.3296529968454258,pixel_reliability=0 AND MODLAND_QA(bits0-1)=0 AND VI range -2000..10000,MOD13Q1 V061 Terra 250m 16-day
SO2702,Jilib,SO27,Middle Juba,2016-07-27,0.3535545454545454,0.31695,0.2187772727272727,0.2061,0.0034700315457413,22,0.3585173501577287,0.3427444794952681,pixel_reliability=0 AND MODLAND_QA(bits0-1)=0 AND VI range -2000..10000,MOD13Q1 V061 Terra 250m 16-day
SO2702,Jilib,SO27,Middle Juba,2016-08-12,0.3280434782608695,0.2822,0.2032463768115942,0.176,0.0108832807570977,69,0.5113564668769716,0.1772870662460567,pixel_reliability=0 AND MODLAND_QA(bits0-1)=0 AND VI range -2000..10000,MOD13Q1 V061 Terra 250m 16-day
SO2702,Jilib,SO27,Middle Juba,2016-08-28,0.2978530701754386,0.25085,0.19758815789473685,0.1751,0.03596214511041009,228,0.47649842271293374,0.14668769716088328,pixel_reliability=0 AND MODLAND_QA(bits0-1)=0 AND VI range -2000..10000,MOD13Q1 V061 Terra 250m 16-day
SO2702,Jilib,SO27,Middle Juba,2016-09-13,0.3096566210045663,0.2885,0.179624200913242,0.1768,0.0345425867507886,219,0.5326498422712934,0.1856466876971609,pixel_reliability=0 AND MODLAND_QA(bits0-1)=0 AND VI range -2000..10000,MOD13Q1 V061 Terra 250m 16-day
SO2702,Jilib,SO27,Middle Juba,2016-09-29,0.3196525121555916,0.3222,0.1937957860615883,0.1898,0.0973186119873817,617,0.5143533123028391,0.0716088328075709,pixel_reliability=0 AND MODLAND_QA(bits0-1)=0 AND VI range -2000..10000,MOD13Q1 V061 Terra 250m 16-day
SO2702,Jilib,SO27,Middle Juba,2016-10-15,0.3154368421052632,0.314,0.1930035087719298,0.1956,0.0089905362776025,57,0.3536277602523659,0.3730283911671924,pixel_reliability=0 AND MODLAND_QA(bits0-1)=0 AND VI range -2000..10000,MOD13Q1 V061 Terra 250m 16-day
SO2702,Jilib,SO27,Middle Juba,2016-10-31,0.2925369337979094,0.2781,0.1854393728222996,0.1785,0.0452681388012618,287,0.4462145110410094,0.2184542586750788,pixel_reliability=0 AND MODLAND_QA(bits0-1)=0 AND VI range -2000..10000,MOD13Q1 V061 Terra 250m 16-day
SO2702,Jilib,SO27,Middle Juba,2016-11-16,0.4561719999999998,0.4336,0.2811986666666666,0.236,0.0118296529968454,75,0.2930599369085173,0.3818611987381703,pixel_reliability=0 AND MODLAND_QA(bits0-1)=0 AND VI range -2000..10000,MOD13Q1 V061 Terra 250m 16-day
SO2702,Jilib,SO27,Middle Juba,2016-12-02,0.5300971098265896,0.6518,0.3642091040462428,0.4433,0.1091482649842271,692,0.4735015772870662,0.1108832807570977,pixel_reliability=0 AND MODLAND_QA(bits0-1)=0 AND VI range -2000..10000,MOD13Q1 V061 Terra 250m 16-day
SO2702,Jilib,SO27,Middle Juba,2016-12-18,0.6756242445054945,0.68755,0.3711213598901099,0.37325,0.2296529968454258,1456,0.3086750788643533,0.1432176656151419,pixel_reliability=0 AND MODLAND_QA(bits0-1)=0 AND VI range -2000..10000,MOD13Q1 V061 Terra 250m 16-day
SO2703,Saakow,SO27,Middle Juba,2016-01-01,0.3617381480157312,0.36060000000000003,0.20159444643069957,0.2008,0.8654976792160908,8391,0.026199071686436308,0.0,pixel_reliability=0 AND MODLAND_QA(bits0-1)=0 AND VI range -2000..10000,MOD13Q1 V061 Terra 250m 16-day
SO2703,Saakow,SO27,Middle Juba,2016-01-17,0.3024564913448735,0.2995,0.1722182090545939,0.1717,0.9295513151108818,9012,0.0123775141825683,0.0,pixel_reliability=0 AND MODLAND_QA(bits0-1)=0 AND VI range -2000..10000,MOD13Q1 V061 Terra 250m 16-day
SO2703,Saakow,SO27,Middle Juba,2016-02-02,0.2681797303320704,0.2654,0.1577300089146423,0.1575,0.9256317689530686,8974,0.0173285198555956,0.0,pixel_reliability=0 AND MODLAND_QA(bits0-1)=0 AND VI range -2000..10000,MOD13Q1 V061 Terra 250m 16-day
SO2703,Saakow,SO27,Middle Juba,2016-02-18,0.2666421328671329,0.26495,0.1537822843822844,0.1549,0.1769984528107271,1716,0.6746776689014956,0.0,pixel_reliability=0 AND MODLAND_QA(bits0-1)=0 AND VI range -2000..10000,MOD13Q1 V061 Terra 250m 16-day
SO2703,Saakow,SO27,Middle Juba,2016-03-05,0.2639797475487433,0.2626,0.1539759945903302,0.1547,0.9152140278494068,8873,0.0197008767405879,0.0,pixel_reliability=0 AND MODLAND_QA(bits0-1)=0 AND VI range -2000..10000,MOD13Q1 V061 Terra 250m 16-day
SO2703,Saakow,SO27,Middle Juba,2016-03-21,0.251887662496934,0.2507,0.1494260363012018,0.1505,0.8410520887055183,8154,0.0432181536874677,0.0002062919030428,pixel_reliability=0 AND MODLAND_QA(bits0-1)=0 AND VI range -2000..10000,MOD13Q1 V061 Terra 250m 16-day
SO2703,Saakow,SO27,Middle Juba,2016-04-06,0.3484409836065574,0.3378,0.2041901639344262,0.2012,0.0062919030428055,61,0.4037132542547705,0.2659102630221763,pixel_reliability=0 AND MODLAND_QA(bits0-1)=0 AND VI range -2000..10000,MOD13Q1 V061 Terra 250m 16-day
SO2703,Saakow,SO27,Middle Juba,2016-04-22,0.3315582938388625,0.3182,0.2009843601895735,0.1953,0.0217637957710159,211,0.3832903558535327,0.2894275399690562,pixel_reliability=0 AND MODLAND_QA(bits0-1)=0 AND VI range -2000..10000,MOD13Q1 V061 Terra 250m 16-day
SO2703,Saakow,SO27,Middle Juba,2016-05-08,0.4416322580645162,0.4376,0.2693023460410557,0.2728,0.0351727694687983,341,0.4925219185146983,0.1247034553893759,pixel_reliability=0 AND MODLAND_QA(bits0-1)=0 AND VI range -2000..10000,MOD13Q1 V061 Terra 250m 16-day
SO2703,Saakow,SO27,Middle Juba,2016-05-24,0.4011520512820513,0.39905,0.2441649999999999,0.2425,0.5631768953068592,5460,0.1069623517276947,0.0,pixel_reliability=0 AND MODLAND_QA(bits0-1)=0 AND VI range -2000..10000,MOD13Q1 V061 Terra 250m 16-day
SO2703,Saakow,SO27,Middle Juba,2016-06-09,0.3712682289665771,0.3694,0.2343359585094122,0.2344,0.8054667354306343,7809,0.0555956678700361,0.0004125838060856,pixel_reliability=0 AND MODLAND_QA(bits0-1)=0 AND VI range -2000..10000,MOD13Q1 V061 Terra 250m 16-day
SO2703,Saakow,SO27,Middle Juba,2016-06-25,,,,,0.0,0,0.1244971634863331,0.671170706549768,pixel_reliability=0 AND MODLAND_QA(bits0-1)=0 AND VI range -2000..10000,MOD13Q1 V061 Terra 250m 16-day
SO2703,Saakow,SO27,Middle Juba,2016-07-11,0.3028213114754098,0.2988,0.1603622950819672,0.15325,0.0125838060856111,122,0.4793192367199587,0.2128932439401753,pixel_reliability=0 AND MODLAND_QA(bits0-1)=0 AND VI range -2000..10000,MOD13Q1 V061 Terra 250m 16-day
SO2703,Saakow,SO27,Middle Juba,2016-07-27,0.280018487394958,0.2762,0.1534789915966387,0.1542,0.0122743682310469,119,0.5707065497679216,0.1807117070654977,pixel_reliability=0 AND MODLAND_QA(bits0-1)=0 AND VI range -2000..10000,MOD13Q1 V061 Terra 250m 16-day
SO2703,Saakow,SO27,Middle Juba,2016-08-12,0.2699738909426987,0.2693,0.1459308687615526,0.1451,0.2232078390923156,2164,0.4424961320268179,0.0223826714801444,pixel_reliability=0 AND MODLAND_QA(bits0-1)=0 AND VI range -2000..10000,MOD13Q1 V061 Terra 250m 16-day
SO2703,Saakow,SO27,Middle Juba,2016-08-28,0.25940625476735313,0.2599,0.14982410373760488,0.1504,0.13522434244455905,1311,0.46941722537390407,0.0332129963898917,pixel_reliability=0 AND MODLAND_QA(bits0-1)=0 AND VI range -2000..10000,MOD13Q1 V061 Terra 250m 16-day
SO2703,Saakow,SO27,Middle Juba,2016-09-13,0.2532942973192526,0.2532,0.1428026807473598,0.1433,0.6348633316142341,6155,0.1077875193398659,0.0058793192367199,pixel_reliability=0 AND MODLAND_QA(bits0-1)=0 AND VI range -2000..10000,MOD13Q1 V061 Terra 250m 16-day
SO2703,Saakow,SO27,Middle Juba,2016-09-29,0.232155,0.23,0.1557920833333333,0.15425,0.0495100567302733,480,0.4693140794223827,0.1390407426508509,pixel_reliability=0 AND MODLAND_QA(bits0-1)=0 AND VI range -2000..10000,MOD13Q1 V061 Terra 250m 16-day
SO2703,Saakow,SO27,Middle Juba,2016-10-15,0.2391954446854663,0.2416,0.142224295010846,0.1403,0.0475502836513666,461,0.8096957194430119,0.0456936565239814,pixel_reliability=0 AND MODLAND_QA(bits0-1)=0 AND VI range -2000..10000,MOD13Q1 V061 Terra 250m 16-day
SO2703,Saakow,SO27,Middle Juba,2016-10-31,0.2473670157068062,0.2422,0.1584596858638743,0.1512,0.0197008767405879,191,0.3200618875709128,0.3789582258896338,pixel_reliability=0 AND MODLAND_QA(bits0-1)=0 AND VI range -2000..10000,MOD13Q1 V061 Terra 250m 16-day
SO2703,Saakow,SO27,Middle Juba,2016-11-16,0.4249641025641025,0.4263,0.2712935897435897,0.2731,0.0080453842186694,78,0.364414646725116,0.2922124806601341,pixel_reliability=0 AND MODLAND_QA(bits0-1)=0 AND VI range -2000..10000,MOD13Q1 V061 Terra 250m 16-day
SO2703,Saakow,SO27,Middle Juba,2016-12-02,0.4318510832187071,0.43515,0.2687584594222834,0.26855,0.5998968540484786,5816,0.2369262506446622,0.0,pixel_reliability=0 AND MODLAND_QA(bits0-1)=0 AND VI range -2000..10000,MOD13Q1 V061 Terra 250m 16-day
SO2703,Saakow,SO27,Middle Juba,2016-12-18,0.3792227126908764,0.3821,0.21935893750802,0.223,0.8038164002062919,7793,0.0470345538937596,0.0,pixel_reliability=0 AND MODLAND_QA(bits0-1)=0 AND VI range -2000..10000,MOD13Q1 V061 Terra 250m 16-day
SO2801,Kismaayo,SO28,Lower Juba,2016-01-01,0.6182648458837301,0.6403000000000001,0.3492252828716348,0.3554,0.45796479942821405,5126,0.27195568658983293,0.038506209237916554,pixel_reliability=0 AND MODLAND_QA(bits0-1)=0 AND VI range -2000..10000,MOD13Q1 V061 Terra 250m 16-day
SO2801,Kismaayo,SO28,Lower Juba,2016-01-17,0.4883140187880664,0.4976,0.2831301847837307,0.2876,0.8654516215491825,9687,0.0309121772536406,0.0110783525417671,pixel_reliability=0 AND MODLAND_QA(bits0-1)=0 AND VI range -2000..10000,MOD13Q1 V061 Terra 250m 16-day
SO2801,Kismaayo,SO28,Lower Juba,2016-02-02,0.4027308890735355,0.3966,0.2460984732031574,0.2456,0.8601804699365675,9628,0.0243009023496828,0.0042883945322969,pixel_reliability=0 AND MODLAND_QA(bits0-1)=0 AND VI range -2000..10000,MOD13Q1 V061 Terra 250m 16-day
SO2801,Kismaayo,SO28,Lower Juba,2016-02-18,0.2929515789473684,0.29145,0.170185,0.1675,0.033949790047351,380,0.3198427588671491,0.2564995979630126,pixel_reliability=0 AND MODLAND_QA(bits0-1)=0 AND VI range -2000..10000,MOD13Q1 V061 Terra 250m 16-day
SO2801,Kismaayo,SO28,Lower Juba,2016-03-05,0.3864554525103933,0.3753,0.220749621575525,0.2128,0.8381131064057893,9381,0.0235861699276333,0.0050924685071026,pixel_reliability=0 AND MODLAND_QA(bits0-1)=0 AND VI range -2000..10000,MOD13Q1 V061 Terra 250m 16-day
SO2801,Kismaayo,SO28,Lower Juba,2016-03-21,0.3675542588663231,0.3686,0.2267907850863898,0.2291,0.2947377825426606,3299,0.3395872420262664,0.0593227910301081,pixel_reliability=0 AND MODLAND_QA(bits0-1)=0 AND VI range -2000..10000,MOD13Q1 V061 Terra 250m 16-day
SO2801,Kismaayo,SO28,Lower Juba,2016-04-06,0.3455834261603376,0.3256,0.200629417721519,0.1886,0.5293487000804074,5925,0.1533994460823729,0.0173322612347002,pixel_reliability=0 AND MODLAND_QA(bits0-1)=0 AND VI range -2000..10000,MOD13Q1 V061 Terra 250m 16-day
SO2801,Kismaayo,SO28,Lower Juba,2016-04-22,0.4544148975791434,0.4346,0.2933307262569832,0.262,0.0479764138300723,537,0.3840793352988474,0.2142410435093362,pixel_reliability=0 AND MODLAND_QA(bits0-1)=0 AND VI range -2000..10000,MOD13Q1 V061 Terra 250m 16-day
SO2801,Kismaayo,SO28,Lower Juba,2016-05-08,0.5542569117647059,0.5669,0.3766338235294118,0.3799,0.060752255874207,680,0.5171089073528098,0.0888948449924059,pixel_reliability=0 AND MODLAND_QA(bits0-1)=0 AND VI range -2000..10000,MOD13Q1 V061 Terra 250m 16-day
SO2801,Kismaayo,SO28,Lower Juba,2016-05-24,0.4928281984334204,0.5078,0.3121036553524804,0.3198,0.0684356294112391,766,0.5663361029214687,0.0525328330206379,pixel_reliability=0 AND MODLAND_QA(bits0-1)=0 AND VI range -2000..10000,MOD13Q1 V061 Terra 250m 16-day
SO2801,Kismaayo,SO28,Lower Juba,2016-06-09,0.4879724242424243,0.508,0.3253808333333333,0.33695,0.2358616992763334,2640,0.3902439024390244,0.0790672741892254,pixel_reliability=0 AND MODLAND_QA(bits0-1)=0 AND VI range -2000..10000,MOD13Q1 V061 Terra 250m 16-day
SO2801,Kismaayo,SO28,Lower Juba,2016-06-25,0.3418088235294116,0.3566,0.2055529411764706,0.2141,0.0030376127937103,34,0.1625122844635039,0.6182435450728133,pixel_reliability=0 AND MODLAND_QA(bits0-1)=0 AND VI range -2000..10000,MOD13Q1 V061 Terra 250m 16-day
SO2801,Kismaayo,SO28,Lower Juba,2016-07-11,0.3322366666666667,0.327,0.2085772916666666,0.2068,0.0428839453229697,480,0.4424193692486375,0.1604574287501116,pixel_reliability=0 AND MODLAND_QA(bits0-1)=0 AND VI range -2000..10000,MOD13Q1 V061 Terra 250m 16-day
SO2801,Kismaayo,SO28,Lower Juba,2016-07-27,0.3134362162162162,0.3056,0.1979772972972973,0.193,0.0165281872598945,185,0.3813097471634057,0.2704368801929777,pixel_reliability=0 AND MODLAND_QA(bits0-1)=0 AND VI range -2000..10000,MOD13Q1 V061 Terra 250m 16-day
SO2801,Kismaayo,SO28,Lower Juba,2016-08-12,0.2719061611374408,0.2747,0.1596390995260664,0.15975,0.0377021352631108,422,0.5654426873939069,0.0837130349325471,pixel_reliability=0 AND MODLAND_QA(bits0-1)=0 AND VI range -2000..10000,MOD13Q1 V061 Terra 250m 16-day
SO2801,Kismaayo,SO28,Lower Juba,2016-08-28,0.2632841628959276,0.2621,0.15640678733031674,0.1499,0.019744483159117306,221,0.49271866345037074,0.1719824890556598,pixel_reliability=0 AND MODLAND_QA(bits0-1)=0 AND VI range -2000..10000,MOD13Q1 V061 Terra 250m 16-day
SO2801,Kismaayo,SO28,Lower Juba,2016-09-13,0.2335106557377049,0.22525,0.1311987704918032,0.12925,0.0217993388725096,244,0.3799696238720629,0.2933083176985616,pixel_reliability=0 AND MODLAND_QA(bits0-1)=0 AND VI range -2000..10000,MOD13Q1 V061 Terra 250m 16-day
SO2801,Kismaayo,SO28,Lower Juba,2016-09-29,0.2134596806387225,0.2043,0.1375640718562874,0.1298,0.0447601179308496,501,0.3306530867506477,0.258107745912624,pixel_reliability=0 AND MODLAND_QA(bits0-1)=0 AND VI range -2000..10000,MOD13Q1 V061 Terra 250m 16-day
SO2801,Kismaayo,SO28,Lower Juba,2016-10-15,0.2652286928104575,0.2559,0.1660679738562091,0.1597,0.1366925757169659,1530,0.4455463235951041,0.0958634861073885,pixel_reliability=0 AND MODLAND_QA(bits0-1)=0 AND VI range -2000..10000,MOD13Q1 V061 Terra 250m 16-day
SO2801,Kismaayo,SO28,Lower Juba,2016-10-31,0.2493803389830508,0.2445,0.142789604519774,0.1385,0.0790672741892254,885,0.2480121504511748,0.3113553113553113,pixel_reliability=0 AND MODLAND_QA(bits0-1)=0 AND VI range -2000..10000,MOD13Q1 V061 Terra 250m 16-day
SO2801,Kismaayo,SO28,Lower Juba,2016-11-16,0.3102079283887468,0.2674,0.187972378516624,0.1581,0.034932547127669,391,0.354239256678281,0.236129723934602,pixel_reliability=0 AND MODLAND_QA(bits0-1)=0 AND VI range -2000..10000,MOD13Q1 V061 Terra 250m 16-day
SO2801,Kismaayo,SO28,Lower Juba,2016-12-02,0.3915722772277227,0.3745,0.2192600660066006,0.2003,0.0270704904851246,303,0.4525149647100867,0.2600732600732601,pixel_reliability=0 AND MODLAND_QA(bits0-1)=0 AND VI range -2000..10000,MOD13Q1 V061 Terra 250m 16-day
SO2801,Kismaayo,SO28,Lower Juba,2016-12-18,0.5054032193158954,0.539,0.2993405499664655,0.3161,0.6660412757973734,7455,0.1049763244885196,0.018672384526043,pixel_reliability=0 AND MODLAND_QA(bits0-1)=0 AND VI range -2000..10000,MOD13Q1 V061 Terra 250m 16-day
SO2802,Afmadow,SO28,Lower Juba,2016-01-01,0.43673353175341345,0.4186,0.2608153986383422,0.2531,0.863304962261121,26879,0.01297575076280713,0.0008350730688935282,pixel_reliability=0 AND MODLAND_QA(bits0-1)=0 AND VI range -2000..10000,MOD13Q1 V061 Terra 250m 16-day
SO2802,Afmadow,SO28,Lower Juba,2016-01-17,0.368821989184449,0.3494,0.2268239988307512,0.2182,0.8790107595953107,27368,0.0190139714148064,0.0062630480167014,pixel_reliability=0 AND MODLAND_QA(bits0-1)=0 AND VI range -2000..10000,MOD13Q1 V061 Terra 250m 16-day
SO2802,Afmadow,SO28,Lower Juba,2016-02-02,0.3162118994875186,0.2974,0.2041810778641098,0.1927,0.9714148064878754,30245,0.0040147743696804,0.0,pixel_reliability=0 AND MODLAND_QA(bits0-1)=0 AND VI range -2000..10000,MOD13Q1 V061 Terra 250m 16-day
SO2802,Afmadow,SO28,Lower Juba,2016-02-18,0.2518054604120129,0.2417,0.1649495408289898,0.1589,0.1294042074835394,4029,0.6469568010277822,0.0610566886140998,pixel_reliability=0 AND MODLAND_QA(bits0-1)=0 AND VI range -2000..10000,MOD13Q1 V061 Terra 250m 16-day
SO2802,Afmadow,SO28,Lower Juba,2016-03-05,0.317599167003912,0.2974,0.200364096856873,0.1918,0.9523687168781114,29652,0.0083186124939778,0.0016059097478721,pixel_reliability=0 AND MODLAND_QA(bits0-1)=0 AND VI range -2000..10000,MOD13Q1 V061 Terra 250m 16-day
SO2802,Afmadow,SO28,Lower Juba,2016-03-21,0.2956997454890788,0.275,0.1934076999050332,0.1824,0.8455114822546973,26325,0.0376746426850811,0.0024731010117231,pixel_reliability=0 AND MODLAND_QA(bits0-1)=0 AND VI range -2000..10000,MOD13Q1 V061 Terra 250m 16-day
SO2802,Afmadow,SO28,Lower Juba,2016-04-06,0.385272447859495,0.3868,0.2286637760702524,0.2254,0.0292596756062309,911,0.3106471816283925,0.3362453830094749,pixel_reliability=0 AND MODLAND_QA(bits0-1)=0 AND VI range -2000..10000,MOD13Q1 V061 Terra 250m 16-day
SO2802,Afmadow,SO28,Lower Juba,2016-04-22,0.5259990182328191,0.5484,0.3182575035063114,0.3198,0.0229002730046571,713,0.3230126866870081,0.3833627750120443,pixel_reliability=0 AND MODLAND_QA(bits0-1)=0 AND VI range -2000..10000,MOD13Q1 V061 Terra 250m 16-day
SO2802,Afmadow,SO28,Lower Juba,2016-05-08,0.4400155241935484,0.43145,0.3115883352534562,0.30545,0.1115143728922434,3472,0.4341737594347197,0.1135057009796049,pixel_reliability=0 AND MODLAND_QA(bits0-1)=0 AND VI range -2000..10000,MOD13Q1 V061 Terra 250m 16-day
SO2802,Afmadow,SO28,Lower Juba,2016-05-24,0.4247941635517083,0.4169,0.2872471768640567,0.2847,0.4897703549060543,15249,0.2890637546169905,0.0247310101172314,pixel_reliability=0 AND MODLAND_QA(bits0-1)=0 AND VI range -2000..10000,MOD13Q1 V061 Terra 250m 16-day
SO2802,Afmadow,SO28,Lower Juba,2016-06-09,0.4023831987508365,0.3868,0.2751925451706446,0.2671,0.7199293399710937,22415,0.1801509555162999,0.0035008832503613,pixel_reliability=0 AND MODLAND_QA(bits0-1)=0 AND VI range -2000..10000,MOD13Q1 V061 Terra 250m 16-day
SO2802,Afmadow,SO28,Lower Juba,2016-06-25,0.2828884453781513,0.2787,0.1880460084033613,0.18515,0.0305765215994861,952,0.1971414806487875,0.5634816123333869,pixel_reliability=0 AND MODLAND_QA(bits0-1)=0 AND VI range -2000..10000,MOD13Q1 V061 Terra 250m 16-day
SO2802,Afmadow,SO28,Lower Juba,2016-07-11,0.261870695970696,0.2576,0.1788619047619047,0.1746,0.008768267223382,273,0.3831379476473422,0.3066002890637546,pixel_reliability=0 AND MODLAND_QA(bits0-1)=0 AND VI range -2000..10000,MOD13Q1 V061 Terra 250m 16-day
SO2802,Afmadow,SO28,Lower Juba,2016-07-27,0.2740019512195122,0.27105,0.1845968292682927,0.1844,0.0131684599325517,410,0.3604625020073871,0.3228520957122209,pixel_reliability=0 AND MODLAND_QA(bits0-1)=0 AND VI range -2000..10000,MOD13Q1 V061 Terra 250m 16-day
SO2802,Afmadow,SO28,Lower Juba,2016-08-12,0.2479073380566801,0.2483,0.1500815789473684,0.1486,0.1269311064718163,3952,0.4284567207322948,0.1075317167175204,pixel_reliability=0 AND MODLAND_QA(bits0-1)=0 AND VI range -2000..10000,MOD13Q1 V061 Terra 250m 16-day
SO2802,Afmadow,SO28,Lower Juba,2016-08-28,0.24008286764705886,0.23500000000000001,0.16381801470588236,0.1632,0.043680745142123015,1360,0.4274931748835715,0.1649269311064718,pixel_reliability=0 AND MODLAND_QA(bits0-1)=0 AND VI range -2000..10000,MOD13Q1 V061 Terra 250m 16-day
SO2802,Afmadow,SO28,Lower Juba,2016-09-13,0.2607331164606376,0.2593,0.1553847104749512,0.1558,0.0493656656495904,1537,0.4141641239762325,0.2881965633531395,pixel_reliability=0 AND MODLAND_QA(bits0-1)=0 AND VI range -2000..10000,MOD13Q1 V061 Terra 250m 16-day
SO2802,Afmadow,SO28,Lower Juba,2016-09-29,0.2417699210337401,0.2233,0.1664867910983489,0.1594,0.0447406455757186,1393,0.3783523365986831,0.2466677372731652,pixel_reliability=0 AND MODLAND_QA(bits0-1)=0 AND VI range -2000..10000,MOD13Q1 V061 Terra 250m 16-day
SO2802,Afmadow,SO28,Lower Juba,2016-10-15,0.2578862042088854,0.2612,0.1714120420888542,0.1715,0.0824152882607997,2566,0.4606712702746106,0.2049462020234463,pixel_reliability=0 AND MODLAND_QA(bits0-1)=0 AND VI range -2000..10000,MOD13Q1 V061 Terra 250m 16-day
SO2802,Afmadow,SO28,Lower Juba,2016-10-31,0.2689347838700319,0.2544,0.1850014505366986,0.1764,0.1107114180183073,3447,0.2923398105026497,0.304962261120925,pixel_reliability=0 AND MODLAND_QA(bits0-1)=0 AND VI range -2000..10000,MOD13Q1 V061 Terra 250m 16-day
SO2802,Afmadow,SO28,Lower Juba,2016-11-16,0.3934651494565218,0.3735,0.2698544836956522,0.262,0.0472779829773566,1472,0.397398426208447,0.2069054119158503,pixel_reliability=0 AND MODLAND_QA(bits0-1)=0 AND VI range -2000..10000,MOD13Q1 V061 Terra 250m 16-day
SO2802,Afmadow,SO28,Lower Juba,2016-12-02,0.3720066460587326,0.3651,0.2447085007727975,0.2418,0.0623414164123976,1941,0.5551951180343665,0.0997269953428617,pixel_reliability=0 AND MODLAND_QA(bits0-1)=0 AND VI range -2000..10000,MOD13Q1 V061 Terra 250m 16-day
SO2802,Afmadow,SO28,Lower Juba,2016-12-18,0.4271196742786334,0.3955,0.2673078704195433,0.2558,0.9071784165729886,28245,0.0289706118516139,0.0002248273647021,pixel_reliability=0 AND MODLAND_QA(bits0-1)=0 AND VI range -2000..10000,MOD13Q1 V061 Terra 250m 16-day
SO2803,Badhaadhe,SO28,Lower Juba,2016-01-01,0.5473428047464941,0.5348,0.3090151024811219,0.3057,0.40015540015540013,4635,0.31727531727531727,0.023137356470689804,pixel_reliability=0 AND MODLAND_QA(bits0-1)=0 AND VI range -2000..10000,MOD13Q1 V061 Terra 250m 16-day
SO2803,Badhaadhe,SO28,Lower Juba,2016-01-17,0.5357880168689569,0.53785,0.3197758588767743,0.3184,0.8393335060001726,9722,0.0431667098333765,0.0045756712423379,pixel_reliability=0 AND MODLAND_QA(bits0-1)=0 AND VI range -2000..10000,MOD13Q1 V061 Terra 250m 16-day
SO2803,Badhaadhe,SO28,Lower Juba,2016-02-02,0.4675026753803739,0.4639,0.3010404574696212,0.2947,0.8454631787965121,9793,0.0406630406630406,0.0030216696883363,pixel_reliability=0 AND MODLAND_QA(bits0-1)=0 AND VI range -2000..10000,MOD13Q1 V061 Terra 250m 16-day
SO2803,Badhaadhe,SO28,Lower Juba,2016-02-18,0.3780263157894737,0.3532,0.2323052631578947,0.2587,0.0016403349736683,19,0.1821635154968488,0.5138565138565139,pixel_reliability=0 AND MODLAND_QA(bits0-1)=0 AND VI range -2000..10000,MOD13Q1 V061 Terra 250m 16-day
SO2803,Badhaadhe,SO28,Lower Juba,2016-03-05,0.44013625346616,0.4179,0.2576404436684811,0.2466,0.8406285072951739,9737,0.0290943624276957,0.0081153414486747,pixel_reliability=0 AND MODLAND_QA(bits0-1)=0 AND VI range -2000..10000,MOD13Q1 V061 Terra 250m 16-day
SO2803,Badhaadhe,SO28,Lower Juba,2016-03-21,0.3625667291220557,0.3526,0.231517505353319,0.2255,0.3225416558749892,3736,0.4233790900457567,0.0374687041353708,pixel_reliability=0 AND MODLAND_QA(bits0-1)=0 AND VI range -2000..10000,MOD13Q1 V061 Terra 250m 16-day
SO2803,Badhaadhe,SO28,Lower Juba,2016-04-06,0.4454149159663865,0.4441,0.2532859943977591,0.25435,0.1232841232841232,1428,0.4998704998704998,0.0449797116463783,pixel_reliability=0 AND MODLAND_QA(bits0-1)=0 AND VI range -2000..10000,MOD13Q1 V061 Terra 250m 16-day
SO2803,Badhaadhe,SO28,Lower Juba,2016-04-22,0.5527554443053818,0.5602,0.3655424280350438,0.373,0.0689804023137356,799,0.3731330397997064,0.1859621859621859,pixel_reliability=0 AND MODLAND_QA(bits0-1)=0 AND VI range -2000..10000,MOD13Q1 V061 Terra 250m 16-day
SO2803,Badhaadhe,SO28,Lower Juba,2016-05-08,0.5664290037831022,0.5382,0.3904427490542245,0.3756,0.0684624017957351,793,0.605369938703272,0.0483467150133816,pixel_reliability=0 AND MODLAND_QA(bits0-1)=0 AND VI range -2000..10000,MOD13Q1 V061 Terra 250m 16-day
SO2803,Badhaadhe,SO28,Lower Juba,2016-05-24,0.6390198863636364,0.64405,0.429928125,0.43015,0.0607787274453941,704,0.7581800915134248,0.0110506777173443,pixel_reliability=0 AND MODLAND_QA(bits0-1)=0 AND VI range -2000..10000,MOD13Q1 V061 Terra 250m 16-day
SO2803,Badhaadhe,SO28,Lower Juba,2016-06-09,0.4728089104729729,0.4636,0.3233486486486486,0.3197,0.2044375377708711,2368,0.4765604765604765,0.0607787274453941,pixel_reliability=0 AND MODLAND_QA(bits0-1)=0 AND VI range -2000..10000,MOD13Q1 V061 Terra 250m 16-day
SO2803,Badhaadhe,SO28,Lower Juba,2016-06-25,0.6560804347826088,0.6735,0.433958695652174,0.44325,0.0039713373046706,46,0.3319519986186653,0.4061124061124061,pixel_reliability=0 AND MODLAND_QA(bits0-1)=0 AND VI range -2000..10000,MOD13Q1 V061 Terra 250m 16-day
SO2803,Badhaadhe,SO28,Lower Juba,2016-07-11,0.5837606060606061,0.5797,0.3738318181818181,0.37675,0.0056980056980056,66,0.5409652076318743,0.1493568160234827,pixel_reliability=0 AND MODLAND_QA(bits0-1)=0 AND VI range -2000..10000,MOD13Q1 V061 Terra 250m 16-day
SO2803,Badhaadhe,SO28,Lower Juba,2016-07-27,0.3736455555555555,0.33285,0.2376049206349206,0.21645,0.0543900543900543,630,0.6171112837779504,0.0568073901407234,pixel_reliability=0 AND MODLAND_QA(bits0-1)=0 AND VI range -2000..10000,MOD13Q1 V061 Terra 250m 16-day
SO2803,Badhaadhe,SO28,Lower Juba,2016-08-12,0.437641743119266,0.44015,0.2710761467889908,0.26455,0.0188206854873521,218,0.5614262280928948,0.1128377795044461,pixel_reliability=0 AND MODLAND_QA(bits0-1)=0 AND VI range -2000..10000,MOD13Q1 V061 Terra 250m 16-day
SO2803,Badhaadhe,SO28,Lower Juba,2016-08-28,0.4049513661202186,0.3819,0.24851912568306012,0.2296,0.015799015799015798,183,0.6515583182249849,0.08305274971941638,pixel_reliability=0 AND MODLAND_QA(bits0-1)=0 AND VI range -2000..10000,MOD13Q1 V061 Terra 250m 16-day
SO2803,Badhaadhe,SO28,Lower Juba,2016-09-13,0.3992773809523808,0.393,0.2362880952380952,0.2256,0.0072520072520072,84,0.4546317879651213,0.2284382284382284,pixel_reliability=0 AND MODLAND_QA(bits0-1)=0 AND VI range -2000..10000,MOD13Q1 V061 Terra 250m 16-day
SO2803,Badhaadhe,SO28,Lower Juba,2016-09-29,0.362972027972028,0.3527,0.2430153846153846,0.2366,0.0123456790123456,143,0.4483294483294483,0.1833721833721833,pixel_reliability=0 AND MODLAND_QA(bits0-1)=0 AND VI range -2000..10000,MOD13Q1 V061 Terra 250m 16-day
SO2803,Badhaadhe,SO28,Lower Juba,2016-10-15,0.3310649001222992,0.31,0.2067419894007337,0.1978,0.2117758784425451,2453,0.4063714063714064,0.037727704394371,pixel_reliability=0 AND MODLAND_QA(bits0-1)=0 AND VI range -2000..10000,MOD13Q1 V061 Terra 250m 16-day
SO2803,Badhaadhe,SO28,Lower Juba,2016-10-31,0.3242025641025641,0.31635,0.189717032967033,0.18545,0.0471380471380471,546,0.4114650781317448,0.1856168522835189,pixel_reliability=0 AND MODLAND_QA(bits0-1)=0 AND VI range -2000..10000,MOD13Q1 V061 Terra 250m 16-day
SO2803,Badhaadhe,SO28,Lower Juba,2016-11-16,0.3712538327526132,0.3466,0.2232439024390244,0.2085,0.0495553828887162,574,0.4042994042994043,0.1832858499525166,pixel_reliability=0 AND MODLAND_QA(bits0-1)=0 AND VI range -2000..10000,MOD13Q1 V061 Terra 250m 16-day
SO2803,Badhaadhe,SO28,Lower Juba,2016-12-02,0.4819484309623431,0.4908,0.2893471757322176,0.2939,0.0825347492014158,956,0.4618837952171285,0.2041785375118708,pixel_reliability=0 AND MODLAND_QA(bits0-1)=0 AND VI range -2000..10000,MOD13Q1 V061 Terra 250m 16-day
SO2803,Badhaadhe,SO28,Lower Juba,2016-12-18,0.5280168029913532,0.5311,0.3181094180883384,0.32185,0.7388414055080722,8558,0.0842614175947509,0.0068203401536734,pixel_reliability=0 AND MODLAND_QA(bits0-1)=0 AND VI range -2000..10000,MOD13Q1 V061 Terra 250m 16-day
SO2804,Jamaame,SO28,Lower Juba,2016-01-01,0.4570058118081181,0.44635,0.2998691881918819,0.29400000000000004,0.4249313994511956,1084,0.19678557428459428,0.01803214425715406,pixel_reliability=0 AND MODLAND_QA(bits0-1)=0 AND VI range -2000..10000,MOD13Q1 V061 Terra 250m 16-day
SO2804,Jamaame,SO28,Lower Juba,2016-01-17,0.3999433548387097,0.4002,0.2441447741935483,0.2434,0.3038024304194434,775,0.1618972951783614,0.0101920815366522,pixel_reliability=0 AND MODLAND_QA(bits0-1)=0 AND VI range -2000..10000,MOD13Q1 V061 Terra 250m 16-day
SO2804,Jamaame,SO28,Lower Juba,2016-02-02,0.3547761095890411,0.3393,0.2287569863013699,0.2176,0.715405723245786,1825,0.0274402195217561,0.0011760094080752,pixel_reliability=0 AND MODLAND_QA(bits0-1)=0 AND VI range -2000..10000,MOD13Q1 V061 Terra 250m 16-day
SO2804,Jamaame,SO28,Lower Juba,2016-02-18,0.2834124615384615,0.2774,0.1731029230769231,0.16985,0.2548020384163073,650,0.3100744805958447,0.0501764014112112,pixel_reliability=0 AND MODLAND_QA(bits0-1)=0 AND VI range -2000..10000,MOD13Q1 V061 Terra 250m 16-day
SO2804,Jamaame,SO28,Lower Juba,2016-03-05,0.3151971635150167,0.30005,0.1842509454949944,0.17665,0.7048216385731085,1798,0.0607604860838886,0.0101920815366522,pixel_reliability=0 AND MODLAND_QA(bits0-1)=0 AND VI range -2000..10000,MOD13Q1 V061 Terra 250m 16-day
SO2804,Jamaame,SO28,Lower Juba,2016-03-21,0.3072951701427004,0.3068,0.1967980241492865,0.1968,0.3571148569188553,911,0.302234417875343,0.0105840846726773,pixel_reliability=0 AND MODLAND_QA(bits0-1)=0 AND VI range -2000..10000,MOD13Q1 V061 Terra 250m 16-day
SO2804,Jamaame,SO28,Lower Juba,2016-04-06,0.306809608277901,0.3025,0.1793283074648928,0.1796,0.5303802430419443,1353,0.0897687181497452,0.0203841630733045,pixel_reliability=0 AND MODLAND_QA(bits0-1)=0 AND VI range -2000..10000,MOD13Q1 V061 Terra 250m 16-day
SO2804,Jamaame,SO28,Lower Juba,2016-04-22,0.3696433371958285,0.3627,0.2107337195828505,0.2074,0.3382987063896511,863,0.1979615836926695,0.0533124264994119,pixel_reliability=0 AND MODLAND_QA(bits0-1)=0 AND VI range -2000..10000,MOD13Q1 V061 Terra 250m 16-day
SO2804,Jamaame,SO28,Lower Juba,2016-05-08,0.3617464285714286,0.3634,0.2325892857142857,0.2348,0.0548804390435123,140,0.3390827126617013,0.182281458251666,pixel_reliability=0 AND MODLAND_QA(bits0-1)=0 AND VI range -2000..10000,MOD13Q1 V061 Terra 250m 16-day
SO2804,Jamaame,SO28,Lower Juba,2016-05-24,0.3799587412587412,0.3912,0.2301254079254079,0.2342,0.1681693453547628,429,0.4441395531164249,0.0317522540180321,pixel_reliability=0 AND MODLAND_QA(bits0-1)=0 AND VI range -2000..10000,MOD13Q1 V061 Terra 250m 16-day
SO2804,Jamaame,SO28,Lower Juba,2016-06-09,0.3805079434167573,0.3601,0.2483410228509249,0.2351,0.3602508820070561,919,0.2108976871814974,0.031360250882007,pixel_reliability=0 AND MODLAND_QA(bits0-1)=0 AND VI range -2000..10000,MOD13Q1 V061 Terra 250m 16-day
SO2804,Jamaame,SO28,Lower Juba,2016-06-25,0.32437,0.34305,0.2145,0.2237,0.0392003136025088,100,0.2771462171697373,0.3696589572716581,pixel_reliability=0 AND MODLAND_QA(bits0-1)=0 AND VI range -2000..10000,MOD13Q1 V061 Terra 250m 16-day
SO2804,Jamaame,SO28,Lower Juba,2016-07-11,0.2672026785714286,0.30855,0.1781678571428571,0.2061,0.0439043512348098,112,0.2281458251666013,0.3649549196393571,pixel_reliability=0 AND MODLAND_QA(bits0-1)=0 AND VI range -2000..10000,MOD13Q1 V061 Terra 250m 16-day
SO2804,Jamaame,SO28,Lower Juba,2016-07-27,0.2632612903225806,0.2937,0.1687064516129032,0.1867,0.0121520972167777,31,0.2387299098392787,0.4296354370834966,pixel_reliability=0 AND MODLAND_QA(bits0-1)=0 AND VI range -2000..10000,MOD13Q1 V061 Terra 250m 16-day
SO2804,Jamaame,SO28,Lower Juba,2016-08-12,0.2604598484848485,0.2793,0.1641484848484848,0.176,0.0517444139553116,132,0.5068600548804391,0.1042728341826734,pixel_reliability=0 AND MODLAND_QA(bits0-1)=0 AND VI range -2000..10000,MOD13Q1 V061 Terra 250m 16-day
SO2804,Jamaame,SO28,Lower Juba,2016-08-28,0.2751553784860558,0.2733,0.18582549800796813,0.1849,0.09839278714229714,251,0.45119560956487653,0.10192081536652293,pixel_reliability=0 AND MODLAND_QA(bits0-1)=0 AND VI range -2000..10000,MOD13Q1 V061 Terra 250m 16-day
SO2804,Jamaame,SO28,Lower Juba,2016-09-13,0.2552934782608695,0.26725,0.1544191304347826,0.1663,0.0901607212857702,230,0.4766758134065073,0.1285770286162289,pixel_reliability=0 AND MODLAND_QA(bits0-1)=0 AND VI range -2000..10000,MOD13Q1 V061 Terra 250m 16-day
SO2804,Jamaame,SO28,Lower Juba,2016-09-29,0.2572376086956522,0.26285,0.1679930434782608,0.17115,0.1803214425715405,460,0.3767150137201097,0.0611524892199137,pixel_reliability=0 AND MODLAND_QA(bits0-1)=0 AND VI range -2000..10000,MOD13Q1 V061 Terra 250m 16-day
SO2804,Jamaame,SO28,Lower Juba,2016-10-15,0.2230245901639344,0.2524,0.142972131147541,0.1625,0.0239121912975303,61,0.3927871422971384,0.2732261858094865,pixel_reliability=0 AND MODLAND_QA(bits0-1)=0 AND VI range -2000..10000,MOD13Q1 V061 Terra 250m 16-day
SO2804,Jamaame,SO28,Lower Juba,2016-10-31,0.2579368644067797,0.27135,0.1622923728813559,0.1752,0.0925127401019208,236,0.3594668757350058,0.2054096432771462,pixel_reliability=0 AND MODLAND_QA(bits0-1)=0 AND VI range -2000..10000,MOD13Q1 V061 Terra 250m 16-day
SO2804,Jamaame,SO28,Lower Juba,2016-11-16,0.2297162601626015,0.2353,0.1415479674796748,0.1477,0.0482163857310858,123,0.4190513524108193,0.1673853390827126,pixel_reliability=0 AND MODLAND_QA(bits0-1)=0 AND VI range -2000..10000,MOD13Q1 V061 Terra 250m 16-day
SO2804,Jamaame,SO28,Lower Juba,2016-12-02,0.2998785714285714,0.2446,0.1959452380952381,0.16445,0.0164641317130537,42,0.3849470795766366,0.3057624460995688,pixel_reliability=0 AND MODLAND_QA(bits0-1)=0 AND VI range -2000..10000,MOD13Q1 V061 Terra 250m 16-day
SO2804,Jamaame,SO28,Lower Juba,2016-12-18,0.4307983193277311,0.4584,0.2518806722689075,0.2623,0.0466483731869854,119,0.5488043904351235,0.1187769502156017,pixel_reliability=0 AND MODLAND_QA(bits0-1)=0 AND VI range -2000..10000,MOD13Q1 V061 Terra 250m 16-day
Unspecified,Unspecified,SO22,Banadir,2016-01-01,0.25096666666666667,0.25680000000000003,0.19331818181818183,0.1963,0.19642857142857142,33,0.16071428571428573,0.06547619047619048,pixel_reliability=0 AND MODLAND_QA(bits0-1)=0 AND VI range -2000..10000,MOD13Q1 V061 Terra 250m 16-day
Unspecified,Unspecified,SO22,Banadir,2016-01-17,0.2414219178082192,0.2407,0.1870986301369863,0.1845,0.4345238095238095,73,0.1130952380952381,0.1071428571428571,pixel_reliability=0 AND MODLAND_QA(bits0-1)=0 AND VI range -2000..10000,MOD13Q1 V061 Terra 250m 16-day
Unspecified,Unspecified,SO22,Banadir,2016-02-02,0.2151727272727272,0.2094,0.1659742424242424,0.16245,0.3928571428571428,66,0.1904761904761904,0.0357142857142857,pixel_reliability=0 AND MODLAND_QA(bits0-1)=0 AND VI range -2000..10000,MOD13Q1 V061 Terra 250m 16-day
Unspecified,Unspecified,SO22,Banadir,2016-02-18,0.1989842857142857,0.1965,0.1524442857142857,0.1512,0.4166666666666667,70,0.3095238095238095,0.0238095238095238,pixel_reliability=0 AND MODLAND_QA(bits0-1)=0 AND VI range -2000..10000,MOD13Q1 V061 Terra 250m 16-day
Unspecified,Unspecified,SO22,Banadir,2016-03-05,0.1998092592592592,0.1978,0.1570574074074074,0.1562,0.3214285714285714,54,0.2083333333333333,0.0833333333333333,pixel_reliability=0 AND MODLAND_QA(bits0-1)=0 AND VI range -2000..10000,MOD13Q1 V061 Terra 250m 16-day
Unspecified,Unspecified,SO22,Banadir,2016-03-21,0.2017089285714285,0.19965,0.1547910714285714,0.1548,0.3333333333333333,56,0.1785714285714285,0.0714285714285714,pixel_reliability=0 AND MODLAND_QA(bits0-1)=0 AND VI range -2000..10000,MOD13Q1 V061 Terra 250m 16-day
Unspecified,Unspecified,SO22,Banadir,2016-04-06,0.2031122448979591,0.2012,0.1572755102040816,0.157,0.2916666666666667,49,0.1547619047619047,0.119047619047619,pixel_reliability=0 AND MODLAND_QA(bits0-1)=0 AND VI range -2000..10000,MOD13Q1 V061 Terra 250m 16-day
Unspecified,Unspecified,SO22,Banadir,2016-04-22,0.2187899999999999,0.2159,0.15138,0.14795,0.0595238095238095,10,0.2678571428571428,0.2619047619047619,pixel_reliability=0 AND MODLAND_QA(bits0-1)=0 AND VI range -2000..10000,MOD13Q1 V061 Terra 250m 16-day
Unspecified,Unspecified,SO22,Banadir,2016-05-08,,,,,0.0,0,0.125,0.5952380952380952,pixel_reliability=0 AND MODLAND_QA(bits0-1)=0 AND VI range -2000..10000,MOD13Q1 V061 Terra 250m 16-day
Unspecified,Unspecified,SO22,Banadir,2016-05-24,0.286025,0.2874,0.221875,0.22565,0.0476190476190476,8,0.2202380952380952,0.2857142857142857,pixel_reliability=0 AND MODLAND_QA(bits0-1)=0 AND VI range -2000..10000,MOD13Q1 V061 Terra 250m 16-day
Unspecified,Unspecified,SO22,Banadir,2016-06-09,0.25445,0.24935,0.2031825,0.19655,0.238095238095238,40,0.1845238095238095,0.1666666666666666,pixel_reliability=0 AND MODLAND_QA(bits0-1)=0 AND VI range -2000..10000,MOD13Q1 V061 Terra 250m 16-day
Unspecified,Unspecified,SO22,Banadir,2016-06-25,0.29995,0.29995,0.2364,0.2364,0.0119047619047619,2,0.1607142857142857,0.5416666666666666,pixel_reliability=0 AND MODLAND_QA(bits0-1)=0 AND VI range -2000..10000,MOD13Q1 V061 Terra 250m 16-day
Unspecified,Unspecified,SO22,Banadir,2016-07-11,0.3055090909090909,0.3073,0.2451363636363636,0.2429,0.0654761904761904,11,0.2559523809523809,0.2738095238095238,pixel_reliability=0 AND MODLAND_QA(bits0-1)=0 AND VI range -2000..10000,MOD13Q1 V061 Terra 250m 16-day
Unspecified,Unspecified,SO22,Banadir,2016-07-27,0.2843666666666667,0.28595,0.2167666666666667,0.2178,0.0357142857142857,6,0.1488095238095238,0.5059523809523809,pixel_reliability=0 AND MODLAND_QA(bits0-1)=0 AND VI range -2000..10000,MOD13Q1 V061 Terra 250m 16-day
Unspecified,Unspecified,SO22,Banadir,2016-08-12,,,,,0.0,0,0.1309523809523809,0.6369047619047619,pixel_reliability=0 AND MODLAND_QA(bits0-1)=0 AND VI range -2000..10000,MOD13Q1 V061 Terra 250m 16-day
Unspecified,Unspecified,SO22,Banadir,2016-08-28,,,,,0.0,0,0.27380952380952384,0.3273809523809524,pixel_reliability=0 AND MODLAND_QA(bits0-1)=0 AND VI range -2000..10000,MOD13Q1 V061 Terra 250m 16-day
Unspecified,Unspecified,SO22,Banadir,2016-09-13,0.2481120689655172,0.24695,0.1871741379310345,0.187,0.3452380952380952,58,0.1547619047619047,0.1011904761904761,pixel_reliability=0 AND MODLAND_QA(bits0-1)=0 AND VI range -2000..10000,MOD13Q1 V061 Terra 250m 16-day
Unspecified,Unspecified,SO22,Banadir,2016-09-29,0.2116142857142857,0.2057,0.1717142857142857,0.1646,0.0416666666666666,7,0.2678571428571428,0.3214285714285714,pixel_reliability=0 AND MODLAND_QA(bits0-1)=0 AND VI range -2000..10000,MOD13Q1 V061 Terra 250m 16-day
Unspecified,Unspecified,SO22,Banadir,2016-10-15,0.2105379310344827,0.215,0.1668172413793103,0.1674,0.1726190476190476,29,0.238095238095238,0.1726190476190476,pixel_reliability=0 AND MODLAND_QA(bits0-1)=0 AND VI range -2000..10000,MOD13Q1 V061 Terra 250m 16-day
Unspecified,Unspecified,SO22,Banadir,2016-10-31,0.2088966101694915,0.2091,0.1548372881355932,0.1545,0.3511904761904761,59,0.0892857142857142,0.1488095238095238,pixel_reliability=0 AND MODLAND_QA(bits0-1)=0 AND VI range -2000..10000,MOD13Q1 V061 Terra 250m 16-day
Unspecified,Unspecified,SO22,Banadir,2016-11-16,0.1517,0.1517,0.1221,0.1221,0.0059523809523809,1,0.1726190476190476,0.5952380952380952,pixel_reliability=0 AND MODLAND_QA(bits0-1)=0 AND VI range -2000..10000,MOD13Q1 V061 Terra 250m 16-day
Unspecified,Unspecified,SO22,Banadir,2016-12-02,0.2185954545454546,0.25075,0.1750363636363636,0.1931,0.1309523809523809,22,0.2559523809523809,0.125,pixel_reliability=0 AND MODLAND_QA(bits0-1)=0 AND VI range -2000..10000,MOD13Q1 V061 Terra 250m 16-day
Unspecified,Unspecified,SO22,Banadir,2016-12-18,0.2307454545454545,0.2342,0.1800090909090909,0.1794,0.0654761904761904,11,0.5,0.1011904761904761,pixel_reliability=0 AND MODLAND_QA(bits0-1)=0 AND VI range -2000..10000,MOD13Q1 V061 Terra 250m 16-day
