{"type":"FeatureCollection","features":[{"type":"Feature","geometry":{"type":"Point","coordinates":[43.5043,10.3779],"admin_0_gaul":226,"admin_1_gaul":0,"admin_2_gaul":0,"admin_0_faostat":201},"properties":{"aar_id":"1451","confidence_level":1,"ipc_period":"C","overall_phase":2,"population_min":"1984","population_percentage_min":"0.1","justification":"","prolonged_crisis":false,"population_phase_worse":null,"population_percentage_phase_worse":null,"anl_id":"87143416","admin_type":"polygon","title":"Awdal Urban (Baki, Lughaye and Zeylac)","view_level":"area","hide_settlement_labels":false,"hide_area_labels":false,"hide_area_borders":false,"show_area_popups":true,"color":"#FAE61E","estimated_population":"19836","phase1_population":7934,"phase1_percent":0.4,"phase1_color":"#CCFFCC","phase2_population":10910,"phase2_percent":0.55,"phase2_color":"#FAE61E","phase3_population":992,"phase3_percent":0.05,"phase3_color":"#E67800","phase4_population":0,"phase4_percent":0,"phase4_color":"#C80000","phase5_population":0,"phase5_percent":0,"phase5_color":"#640000"}},{"type":"Feature","geometry":{"type":"Point","coordinates":[43.1707,10.1884],"admin_0_gaul":133,"admin_1_gaul":51331,"admin_2_gaul":51338,"admin_0_faostat":114},"properties":{"aar_id":"1452","confidence_level":1,"ipc_period":"C","overall_phase":2,"population_min":"10414","population_percentage_min":"0.1","justification":"","prolonged_crisis":false,"population_phase_worse":null,"population_percentage_phase_worse":null,"anl_id":"87143416","admin_type":"urb","title":"Awdal Urban (Borama)","view_level":"area","hide_settlement_labels":false,"hide_area_labels":false,"hide_area_borders":false,"show_area_popups":true,"color":"#FAE61E","estimated_population":"104145","phase1_population":57280,"phase1_percent":0.55,"phase1_color":"#CCFFCC","phase2_population":41658,"phase2_percent":0.4,"phase2_color":"#FAE61E","phase3_population":5207,"phase3_percent":0.05,"phase3_color":"#E67800","phase4_population":0,"phase4_percent":0,"phase4_color":"#C80000","phase5_population":0,"phase5_percent":0,"phase5_color":"#640000"}},{"type":"Feature","geometry":{"type":"Point","coordinates":[43.3766,10.5744],"admin_0_gaul":226,"admin_1_gaul":0,"admin_2_gaul":0,"admin_0_faostat":201},"properties":{"aar_id":"1453","confidence_level":1,"ipc_period":"C","overall_phase":3,"population_min":"14707","population_percentage_min":"0.7","justification":"","prolonged_crisis":false,"population_phase_worse":null,"population_percentage_phase_worse":null,"anl_id":"87143416","admin_type":"idp","title":"Awdal Urban IDPs (Baki and Lughaye)","view_level":"area","hide_settlement_labels":false,"hide_area_labels":false,"hide_area_borders":false,"show_area_popups":true,"color":"#E67800","estimated_population":"21010","phase1_population":2101,"phase1_percent":0.1,"phase1_color":"#CCFFCC","phase2_population":11556,"phase2_percent":0.55,"phase2_color":"#FAE61E","phase3_population":7353,"phase3_percent":0.35,"phase3_color":"#E67800","phase4_population":2101,"phase4_percent":0.1,"phase4_color":"#C80000","phase5_population":0,"phase5_percent":0,"phase5_color":"#640000"}},{"type":"Feature","geometry":{"type":"Point","coordinates":[43.1707,10.1884],"admin_0_gaul":226,"admin_1_gaul":51331,"admin_2_gaul":51384,"admin_0_faostat":201},"properties":{"aar_id":"1454","confidence_level":1,"ipc_period":"C","overall_phase":3,"population_min":"17271","population_percentage_min":"0.5","justification":"","prolonged_crisis":false,"population_phase_worse":null,"population_percentage_phase_worse":null,"anl_id":"87143416","admin_type":"idp","title":"Awdal Urban IDPs (Borama)","view_level":"area","hide_settlement_labels":false,"hide_area_labels":false,"hide_area_borders":false,"show_area_popups":true,"color":"#E67800","estimated_population":"34542","phase1_population":12090,"phase1_percent":0.35,"phase1_color":"#CCFFCC","phase2_population":13817,"phase2_percent":0.4,"phase2_color":"#FAE61E","phase3_population":8636,"phase3_percent":0.25,"phase3_color":"#E67800","phase4_population":3454,"phase4_percent":0.1,"phase4_color":"#C80000","phase5_population":0,"phase5_percent":0,"phase5_color":"#640000"}},{"type":"Feature","geometry":{"type":"Polygon","coordinates":[[[43.0915,3.9479],[42.9618,4.1701],[42.9607,4.1722],[42.9335,4.2557],[42.957,4.2827],[43.0396,4.3181],[43.0958,4.4305],[43.1106,4.4641],[43.1356,4.5284],[43.1712,4.5336],[43.2131,4.5452],[43.2813,4.4791],[43.2829,4.479],[43.3477,4.4765],[43.3614,4.476],[43.3628,4.4759],[43.9007,4.4493],[43.9036,4.4491],[43.9658,4.446],[43.9667,4.446],[44.29,4.43],[44.2911,4.43],[44.3505,4.43],[44.3524,4.43],[44.4323,4.43],[44.4416,4.4202],[44.4742,4.3856],[44.528,4.3543],[44.5921,4.3257],[44.6588,4.2591],[44.7231,4.2069],[44.7275,4.1408],[44.7362,4.0996],[44.752,4.0509],[44.7579,4.0134],[44.7717,3.9845],[44.779,3.9442],[44.7828,3.9019],[44.7843,3.8947],[44.7719,3.8719],[44.7573,3.8607],[44.7382,3.8555],[44.7159,3.8559],[44.6909,3.8286],[44.6328,3.7794],[44.5714,3.7229],[44.5423,3.7492],[44.4879,3.7848],[44.4603,3.8022],[44.4102,3.8624],[44.3591,3.8971],[44.3021,3.9212],[44.2911,3.928],[44.2468,3.9554],[44.1574,3.9669],[44.0822,3.9883],[43.9964,4.011],[43.8959,4.0243],[43.8063,4.0488],[43.7681,4.0386],[43.7226,4.0143],[43.6949,3.9875],[43.6713,3.9645],[43.621,3.9167],[43.5716,3.8698],[43.5265,3.8441],[43.4217,3.7867],[43.3197,3.7587],[43.2544,3.7399],[43.2227,3.7408],[43.1775,3.7238],[43.1241,3.7],[43.1409,3.8515],[43.1011,3.9315],[43.0915,3.9479]]],"admin_0_gaul":226,"admin_1_gaul":0,"admin_2_gaul":0,"admin_0_faostat":201},"properties":{"aar_id":"1455","confidence_level":2,"ipc_period":"C","overall_phase":2,"population_min":"60810","population_percentage_min":"0.3","justification":"","prolonged_crisis":false,"population_phase_worse":null,"population_percentage_phase_worse":null,"anl_id":"87143416","admin_type":"polygon","title":"Bakool Southern Agro-Pastoral","view_level":"area","hide_settlement_labels":false,"hide_area_labels":false,"hide_area_borders":false,"show_area_popups":true,"color":"#FAE61E","estimated_population":"202699","phase1_population":81080,"phase1_percent":0.4,"phase1_color":"#CCFFCC","phase2_population":91215,"phase2_percent":0.45,"phase2_color":"#FAE61E","phase3_population":30405,"phase3_percent":0.15,"phase3_color":"#E67800","phase4_population":0,"phase4_percent":0,"phase4_color":"#C80000","phase5_population":0,"phase5_percent":0,"phase5_color":"#640000"}},{"type":"Feature","geometry":{"type":"MultiPolygon","coordinates":[[[[44.7803,3.2948],[44.7804,3.2929],[44.7804,3.2911],[44.7803,3.2948]]],[[[44.7713,3.5019],[44.7673,3.5944],[44.7639,3.6708],[44.7724,3.7175],[44.7776,3.7371],[44.7709,3.7015],[44.7741,3.5711],[44.7803,3.2948],[44.7759,3.3961],[44.7713,3.5019]]],[[[44.7909,3.861],[44.7843,3.8947],[44.7828,3.9019],[44.779,3.9442],[44.7717,3.9845],[44.7579,4.0134],[44.752,4.0509],[44.7362,4.0996],[44.7275,4.1408],[44.7231,4.2069],[44.6588,4.2591],[44.5921,4.3257],[44.528,4.3543],[44.4742,4.3856],[44.4416,4.4202],[44.4323,4.43],[44.3524,4.43],[44.3505,4.43],[44.2911,4.43],[44.29,4.43],[43.9667,4.446],[43.9658,4.446],[43.9036,4.4491],[43.9007,4.4493],[43.3628,4.4759],[43.3614,4.476],[43.3477,4.4765],[43.2829,4.479],[43.2813,4.4791],[43.2131,4.5452],[43.1712,4.5336],[43.1356,4.5284],[43.1106,4.4641],[43.0958,4.4305],[43.0396,4.3181],[42.957,4.2827],[42.9335,4.2557],[42.9607,4.1722],[42.9618,4.1701],[42.8909,4.2915],[42.8853,4.3079],[42.8981,4.3185],[42.9257,4.3481],[42.9315,4.3549],[42.9397,4.3644],[42.9501,4.3774],[42.9521,4.3799],[42.9693,4.4033],[42.9701,4.4047],[42.9703,4.4051],[42.9812,4.4226],[42.9881,4.4336],[42.9903,4.4371],[42.9977,4.4519],[43.0035,4.4617],[43.0073,4.4677],[43.0094,4.4733],[43.0097,4.474],[43.0114,4.4793],[43.0123,4.4823],[43.0213,4.5237],[43.0219,4.5285],[43.0239,4.5353],[43.0261,4.5423],[43.0269,4.5436],[43.0303,4.5492],[43.0325,4.5546],[43.0349,4.5603],[43.0355,4.5611],[43.0376,4.5636],[43.0391,4.5654],[43.0408,4.5677],[43.0443,4.5721],[43.0596,4.5852],[43.0801,4.6027],[43.1143,4.6257],[43.1225,4.6312],[43.126,4.6333],[43.1279,4.6345],[43.1359,4.6393],[43.1696,4.6596],[43.2156,4.6853],[43.2353,4.6963],[43.2509,4.7042],[43.3243,4.7414],[43.4215,4.7885],[43.4349,4.7947],[43.4692,4.8068],[43.5063,4.8191],[43.5435,4.8313],[43.5961,4.848],[43.6591,4.868],[43.8139,4.91],[44.0076,4.959],[44.0151,4.9604],[44.0303,4.9597],[44.2432,4.9504],[44.5876,4.935],[44.5921,4.9348],[44.6029,4.8717],[44.6777,4.4315],[44.6811,4.4115],[44.7497,4.0779],[44.7511,4.0715],[44.8011,3.8615],[44.7971,3.8404],[44.7909,3.861]]]],"admin_0_gaul":226,"admin_1_gaul":0,"admin_2_gaul":0,"admin_0_faostat":201},"properties":{"aar_id":"1456","confidence_level":1,"ipc_period":"C","overall_phase":2,"population_min":"9256","population_percentage_min":"0.1","justification":"","prolonged_crisis":false,"population_phase_worse":null,"population_percentage_phase_worse":null,"anl_id":"87143416","admin_type":"polygon","title":"Bakool Southern Inland Pastoral","view_level":"area","hide_settlement_labels":false,"hide_area_labels":false,"hide_area_borders":false,"show_area_popups":true,"color":"#FAE61E","estimated_population":"92565","phase1_population":50911,"phase1_percent":0.55,"phase1_color":"#CCFFCC","phase2_population":37026,"phase2_percent":0.4,"phase2_color":"#FAE61E","phase3_population":4628,"phase3_percent":0.05,"phase3_color":"#E67800","phase4_population":0,"phase4_percent":0,"phase4_color":"#C80000","phase5_population":0,"phase5_percent":0,"phase5_color":"#640000"}},{"type":"Feature","geometry":{"type":"Point","coordinates":[43.9526,4.2094],"admin_0_gaul":226,"admin_1_gaul":0,"admin_2_gaul":0,"admin_0_faostat":201},"properties":{"aar_id":"1457","confidence_level":1,"ipc_period":"C","overall_phase":2,"population_min":"10960","population_percentage_min":"0.2","justification":"","prolonged_crisis":false,"population_phase_worse":null,"population_percentage_phase_worse":null,"anl_id":"87143416","admin_type":"urb","title":"Bakool Urban (Ceel Barde, Rab Dhuure, Tayeeglow and Wajid)","view_level":"area","hide_settlement_labels":false,"hide_area_labels":false,"hide_area_borders":false,"show_area_popups":true,"color":"#FAE61E","estimated_population":"54800","phase1_population":19180,"phase1_percent":0.35,"phase1_color":"#CCFFCC","phase2_population":30140,"phase2_percent":0.55,"phase2_color":"#FAE61E","phase3_population":5480,"phase3_percent":0.1,"phase3_color":"#E67800","phase4_population":0,"phase4_percent":0,"phase4_color":"#C80000","phase5_population":0,"phase5_percent":0,"phase5_color":"#640000"}},{"type":"Feature","geometry":{"type":"Point","coordinates":[43.9063,4.189],"admin_0_gaul":133,"admin_1_gaul":64842,"admin_2_gaul":0,"admin_0_faostat":114},"properties":{"aar_id":"1460","confidence_level":1,"ipc_period":"C","overall_phase":2,"population_min":"1348","population_percentage_min":"0.1","justification":"","prolonged_crisis":false,"population_phase_worse":null,"population_percentage_phase_worse":null,"anl_id":"87143416","admin_type":"urb","title":"Bakool Urban (Xudur)","view_level":"area","hide_settlement_labels":false,"hide_area_labels":false,"hide_area_borders":false,"show_area_popups":true,"color":"#FAE61E","estimated_population":"13476","phase1_population":6738,"phase1_percent":0.5,"phase1_color":"#CCFFCC","phase2_population":6064,"phase2_percent":0.45,"phase2_color":"#FAE61E","phase3_population":674,"phase3_percent":0.05,"phase3_color":"#E67800","phase4_population":0,"phase4_percent":0,"phase4_color":"#C80000","phase5_population":0,"phase5_percent":0,"phase5_color":"#640000"}},{"type":"Feature","geometry":{"type":"Point","coordinates":[43.8673,4.3572],"admin_0_gaul":226,"admin_1_gaul":0,"admin_2_gaul":0,"admin_0_faostat":201},"properties":{"aar_id":"1458","confidence_level":1,"ipc_period":"C","overall_phase":4,"population_min":"19543","population_percentage_min":"1.1","justification":"","prolonged_crisis":false,"population_phase_worse":null,"population_percentage_phase_worse":null,"anl_id":"87143416","admin_type":"idp","title":"Bakool Urban IDPs (Ceel Barde, Rab Dhuure, Tayeeglow and Wajid)","view_level":"area","hide_settlement_labels":false,"hide_area_labels":false,"hide_area_borders":false,"show_area_popups":true,"color":"#C80000","estimated_population":"17766","phase1_population":2665,"phase1_percent":0.15,"phase1_color":"#CCFFCC","phase2_population":5330,"phase2_percent":0.3,"phase2_color":"#FAE61E","phase3_population":9771,"phase3_percent":0.55,"phase3_color":"#E67800","phase4_population":4442,"phase4_percent":0.25,"phase4_color":"#C80000","phase5_population":0,"phase5_percent":0,"phase5_color":"#640000"}},{"type":"Feature","geometry":{"type":"Point","coordinates":[43.9063,4.189],"admin_0_gaul":133,"admin_1_gaul":51326,"admin_2_gaul":0,"admin_0_faostat":114},"properties":{"aar_id":"1459","confidence_level":1,"ipc_period":"C","overall_phase":4,"population_min":"46940","population_percentage_min":"0.9","justification":"","prolonged_crisis":false,"population_phase_worse":null,"population_percentage_phase_worse":null,"anl_id":"87143416","admin_type":"idp","title":"Bakool Urban IDPs (Xudur)","view_level":"area","hide_settlement_labels":false,"hide_area_labels":false,"hide_area_borders":false,"show_area_popups":true,"color":"#C80000","estimated_population":"52155","phase1_population":2608,"phase1_percent":0.05,"phase1_color":"#CCFFCC","phase2_population":26078,"phase2_percent":0.5,"phase2_color":"#FAE61E","phase3_population":23470,"phase3_percent":0.45,"phase3_color":"#E67800","phase4_population":10431,"phase4_percent":0.2,"phase4_color":"#C80000","phase5_population":0,"phase5_percent":0,"phase5_color":"#640000"}},{"type":"Feature","geometry":{"type":"Point","coordinates":[45.4591,2.1365],"admin_0_gaul":226,"admin_1_gaul":0,"admin_2_gaul":0,"admin_0_faostat":201},"properties":{"aar_id":"1462","confidence_level":1,"ipc_period":"C","overall_phase":2,"population_min":"0","population_percentage_min":"0","justification":"","prolonged_crisis":false,"population_phase_worse":null,"population_percentage_phase_worse":null,"anl_id":"87143416","admin_type":"urb","title":"Banadir Urban (Mogadishu)","view_level":"area","hide_settlement_labels":false,"hide_area_labels":false,"hide_area_borders":false,"show_area_popups":true,"color":"#FAE61E","estimated_population":"1734429","phase1_population":1127379,"phase1_percent":0.65,"phase1_color":"#CCFFCC","phase2_population":607050,"phase2_percent":0.35,"phase2_color":"#FAE61E","phase3_population":0,"phase3_percent":0,"phase3_color":"#E67800","phase4_population":0,"phase4_percent":0,"phase4_color":"#C80000","phase5_population":0,"phase5_percent":0,"phase5_color":"#640000"}},{"type":"Feature","geometry":{"type":"Point","coordinates":[45.4591,2.1365],"admin_0_gaul":226,"admin_1_gaul":0,"admin_2_gaul":0,"admin_0_faostat":201},"properties":{"aar_id":"1461","confidence_level":2,"ipc_period":"C","overall_phase":3,"population_min":"998346","population_percentage_min":"0.9","justification":"","prolonged_crisis":false,"population_phase_worse":null,"population_percentage_phase_worse":null,"anl_id":"87143416","admin_type":"idp","title":"Banadir Urban IDPs (Mogadishu)","view_level":"area","hide_settlement_labels":false,"hide_area_labels":false,"hide_area_borders":false,"show_area_popups":true,"color":"#E67800","estimated_population":"1109273","phase1_population":110927,"phase1_percent":0.1,"phase1_color":"#CCFFCC","phase2_population":499173,"phase2_percent":0.45,"phase2_color":"#FAE61E","phase3_population":499173,"phase3_percent":0.45,"phase3_color":"#E67800","phase4_population":166391,"phase4_percent":0.15,"phase4_color":"#C80000","phase5_population":0,"phase5_percent":0,"phase5_color":"#640000"}},{"type":"Feature","geometry":{"type":"Point","coordinates":[50.1345,10.1271],"admin_0_gaul":226,"admin_1_gaul":0,"admin_2_gaul":0,"admin_0_faostat":201},"properties":{"aar_id":"1463","confidence_level":1,"ipc_period":"C","overall_phase":2,"population_min":"9722","population_percentage_min":"0.2","justification":"","prolonged_crisis":false,"population_phase_worse":null,"population_percentage_phase_worse":null,"anl_id":"87143416","admin_type":"urb","title":"Bari Urban (Bandarbeyla, Caluula, Iskushuban, Qandala and Qardho)","view_level":"area","hide_settlement_labels":false,"hide_area_labels":false,"hide_area_borders":false,"show_area_popups":true,"color":"#FAE61E","estimated_population":"48607","phase1_population":19443,"phase1_percent":0.4,"phase1_color":"#CCFFCC","phase2_population":24304,"phase2_percent":0.5,"phase2_color":"#FAE61E","phase3_population":4861,"phase3_percent":0.1,"phase3_color":"#E67800","phase4_population":0,"phase4_percent":0,"phase4_color":"#C80000","phase5_population":0,"phase5_percent":0,"phase5_color":"#640000"}},{"type":"Feature","geometry":{"type":"Point","coordinates":[49.4,10.9213],"admin_0_gaul":226,"admin_1_gaul":0,"admin_2_gaul":0,"admin_0_faostat":201},"properties":{"aar_id":"1464","confidence_level":1,"ipc_period":"C","overall_phase":2,"population_min":"22896","population_percentage_min":"0.2","justification":"","prolonged_crisis":false,"population_phase_worse":null,"population_percentage_phase_worse":null,"anl_id":"87143416","admin_type":"urb","title":"Bari Urban (Bossaso)","view_level":"area","hide_settlement_labels":false,"hide_area_labels":false,"hide_area_borders":false,"show_area_popups":true,"color":"#FAE61E","estimated_population":"114478","phase1_population":51515,"phase1_percent":0.45,"phase1_color":"#CCFFCC","phase2_population":51515,"phase2_percent":0.45,"phase2_color":"#FAE61E","phase3_population":11448,"phase3_percent":0.1,"phase3_color":"#E67800","phase4_population":0,"phase4_percent":0,"phase4_color":"#C80000","phase5_population":0,"phase5_percent":0,"phase5_color":"#640000"}},{"type":"Feature","geometry":{"type":"Point","coordinates":[50.0176,10.1965],"admin_0_gaul":226,"admin_1_gaul":0,"admin_2_gaul":0,"admin_0_faostat":201},"properties":{"aar_id":"1465","confidence_level":1,"ipc_period":"C","overall_phase":3,"population_min":"14735","population_percentage_min":"0.9","justification":"","prolonged_crisis":false,"population_phase_worse":null,"population_percentage_phase_worse":null,"anl_id":"87143416","admin_type":"idp","title":"Bari Urban IDPs (Bandarbeyla, Caluula, Iskushuban, Qandala and Qardho)","view_level":"area","hide_settlement_labels":false,"hide_area_labels":false,"hide_area_borders":false,"show_area_popups":true,"color":"#E67800","estimated_population":"16372","phase1_population":2456,"phase1_percent":0.15,"phase1_color":"#CCFFCC","phase2_population":6549,"phase2_percent":0.4,"phase2_color":"#FAE61E","phase3_population":7367,"phase3_percent":0.45,"phase3_color":"#E67800","phase4_population":2456,"phase4_percent":0.15,"phase4_color":"#C80000","phase5_population":0,"phase5_percent":0,"phase5_color":"#640000"}},{"type":"Feature","geometry":{"type":"Point","coordinates":[49.4,10.9213],"admin_0_gaul":226,"admin_1_gaul":0,"admin_2_gaul":0,"admin_0_faostat":201},"properties":{"aar_id":"1466","confidence_level":2,"ipc_period":"C","overall_phase":4,"population_min":"106102","population_percentage_min":"1.1","justification":"","prolonged_crisis":false,"population_phase_worse":null,"population_percentage_phase_worse":null,"anl_id":"87143416","admin_type":"idp","title":"Bari Urban IDPs (Bossaso)","view_level":"area","hide_settlement_labels":false,"hide_area_labels":false,"hide_area_borders":false,"show_area_popups":true,"color":"#C80000","estimated_population":"96457","phase1_population":4823,"phase1_percent":0.05,"phase1_color":"#CCFFCC","phase2_population":38583,"phase2_percent":0.4,"phase2_color":"#FAE61E","phase3_population":53051,"phase3_percent":0.55,"phase3_color":"#E67800","phase4_population":24114,"phase4_percent":0.25,"phase4_color":"#C80000","phase5_population":0,"phase5_percent":0,"phase5_color":"#640000"}},{"type":"Feature","geometry":{"type":"MultiPolygon","coordinates":[[[[43.1519,1.5472],[43.016,1.4793],[43.0205,1.4871],[43.1519,1.5472]]],[[[43.3427,1.6428],[43.3917,1.6671],[43.3422,1.6424],[43.3427,1.6428]]],[[[44.6507,2.6815],[44.6311,2.5499],[44.6211,2.4817],[44.6283,2.4191],[44.6285,2.4161],[44.6289,2.4131],[44.6293,2.4101],[44.6297,2.4071],[44.6299,2.4041],[44.6303,2.4013],[44.6307,2.3983],[44.6309,2.3953],[44.6313,2.3923],[44.6317,2.3893],[44.6321,2.3863],[44.6323,2.3835],[44.6327,2.3805],[44.6331,2.3775],[44.6333,2.3745],[44.6337,2.3715],[44.6341,2.3685],[44.6343,2.3655],[44.6347,2.3625],[44.6351,2.3597],[44.6355,2.3567],[44.6357,2.3537],[44.6361,2.3507],[44.6365,2.3477],[44.6369,2.3447],[44.6371,2.3417],[44.6375,2.3387],[44.6379,2.3359],[44.6381,2.3329],[44.6383,2.3313],[44.6323,2.3216],[44.6076,2.3008],[44.5675,2.2654],[44.5251,2.218],[44.4905,2.1793],[44.4486,2.1467],[44.4434,2.1301],[43.9015,1.8907],[43.8809,1.8817],[43.5855,1.7635],[43.5809,1.7617],[43.5539,1.7482],[43.5789,1.7609],[43.5789,1.7768],[43.6034,1.8177],[43.6813,1.8695],[43.7708,1.9157],[43.8638,1.9556],[43.975,2.0014],[44.0589,2.0489],[44.1506,2.0913],[44.2019,2.1283],[44.2613,2.1795],[44.2976,2.2138],[44.3385,2.3036],[44.3571,2.3316],[44.3832,2.3708],[44.4313,2.4315],[44.4724,2.4801],[44.5154,2.5487],[44.5521,2.614],[44.5892,2.6799],[44.6252,2.7797],[44.6516,2.862],[44.6409,2.8117],[44.6609,2.7517],[44.6513,2.6865],[44.6511,2.6845],[44.6507,2.6815]]]],"admin_0_gaul":226,"admin_1_gaul":0,"admin_2_gaul":0,"admin_0_faostat":201},"properties":{"aar_id":"1469","confidence_level":1,"ipc_period":"C","overall_phase":2,"population_min":"3902","population_percentage_min":"0.2","justification":"","prolonged_crisis":false,"population_phase_worse":null,"population_percentage_phase_worse":null,"anl_id":"87143416","admin_type":"polygon","title":"Bay Southern Inland Pastoral","view_level":"area","hide_settlement_labels":false,"hide_area_labels":false,"hide_area_borders":false,"show_area_popups":true,"color":"#FAE61E","estimated_population":"19514","phase1_population":11708,"phase1_percent":0.6,"phase1_color":"#CCFFCC","phase2_population":5854,"phase2_percent":0.3,"phase2_color":"#FAE61E","phase3_population":1951,"phase3_percent":0.1,"phase3_color":"#E67800","phase4_population":0,"phase4_percent":0,"phase4_color":"#C80000","phase5_population":0,"phase5_percent":0,"phase5_color":"#640000"}},{"type":"Feature","geometry":{"type":"Point","coordinates":[43.6394,3.2664],"admin_0_gaul":226,"admin_1_gaul":0,"admin_2_gaul":0,"admin_0_faostat":201},"properties":{"aar_id":"1470","confidence_level":1,"ipc_period":"C","overall_phase":2,"population_min":"1620","population_percentage_min":"0.1","justification":"","prolonged_crisis":false,"population_phase_worse":null,"population_percentage_phase_worse":null,"anl_id":"87143416","admin_type":"urb","title":"Bay Urban (Baydhaba)","view_level":"area","hide_settlement_labels":false,"hide_area_labels":false,"hide_area_borders":false,"show_area_popups":true,"color":"#FAE61E","estimated_population":"16206","phase1_population":8103,"phase1_percent":0.5,"phase1_color":"#CCFFCC","phase2_population":7293,"phase2_percent":0.45,"phase2_color":"#FAE61E","phase3_population":810,"phase3_percent":0.05,"phase3_color":"#E67800","phase4_population":0,"phase4_percent":0,"phase4_color":"#C80000","phase5_population":0,"phase5_percent":0,"phase5_color":"#640000"}},{"type":"Feature","geometry":{"type":"Point","coordinates":[43.5376,2.4],"admin_0_gaul":226,"admin_1_gaul":0,"admin_2_gaul":0,"admin_0_faostat":201},"properties":{"aar_id":"1471","confidence_level":1,"ipc_period":"C","overall_phase":2,"population_min":"10218","population_percentage_min":"0.2","justification":"","prolonged_crisis":false,"population_phase_worse":null,"population_percentage_phase_worse":null,"anl_id":"87143416","admin_type":"urb","title":"Bay Urban (Bur Hakaba, Diinsor and Qansax Dheere)","view_level":"area","hide_settlement_labels":false,"hide_area_labels":false,"hide_area_borders":false,"show_area_popups":true,"color":"#FAE61E","estimated_population":"51092","phase1_population":20437,"phase1_percent":0.4,"phase1_color":"#CCFFCC","phase2_population":25546,"phase2_percent":0.5,"phase2_color":"#FAE61E","phase3_population":5109,"phase3_percent":0.1,"phase3_color":"#E67800","phase4_population":0,"phase4_percent":0,"phase4_color":"#C80000","phase5_population":0,"phase5_percent":0,"phase5_color":"#640000"}},{"type":"Feature","geometry":{"type":"Point","coordinates":[43.6394,3.2664],"admin_0_gaul":226,"admin_1_gaul":0,"admin_2_gaul":0,"admin_0_faostat":201},"properties":{"aar_id":"1472","confidence_level":3,"ipc_period":"C","overall_phase":4,"population_min":"669878","population_percentage_min":"1.3","justification":"","prolonged_crisis":false,"population_phase_worse":null,"population_percentage_phase_worse":null,"anl_id":"87143416","admin_type":"idp","title":"Bay Urban IDPs (Baydhaba)","view_level":"area","hide_settlement_labels":false,"hide_area_labels":false,"hide_area_borders":false,"show_area_popups":true,"color":"#C80000","estimated_population":"515291","phase1_population":25765,"phase1_percent":0.05,"phase1_color":"#CCFFCC","phase2_population":154587,"phase2_percent":0.3,"phase2_color":"#FAE61E","phase3_population":334939,"phase3_percent":0.6499999999999999,"phase3_color":"#E67800","phase4_population":154587,"phase4_percent":0.3,"phase4_color":"#C80000","phase5_population":0,"phase5_percent":0,"phase5_color":"#640000"}},{"type":"Feature","geometry":{"type":"Point","coordinates":[43.5376,2.4],"admin_0_gaul":226,"admin_1_gaul":0,"admin_2_gaul":51363,"admin_0_faostat":201},"properties":{"aar_id":"1473","confidence_level":1,"ipc_period":"C","overall_phase":4,"population_min":"91642","population_percentage_min":"1.2","justification":"","prolonged_crisis":false,"population_phase_worse":null,"population_percentage_phase_worse":null,"anl_id":"87143416","admin_type":"idp","title":"Bay Urban IDPs (Bur Hakaba, Diinsor and Qansax Dheere)","view_level":"area","hide_settlement_labels":false,"hide_area_labels":false,"hide_area_borders":false,"show_area_popups":true,"color":"#C80000","estimated_population":"76369","phase1_population":11455,"phase1_percent":0.15,"phase1_color":"#CCFFCC","phase2_population":19092,"phase2_percent":0.25,"phase2_color":"#FAE61E","phase3_population":45821,"phase3_percent":0.6,"phase3_color":"#E67800","phase4_population":19092,"phase4_percent":0.25,"phase4_color":"#C80000","phase5_population":0,"phase5_percent":0,"phase5_color":"#640000"}},{"type":"Feature","geometry":{"type":"Polygon","coordinates":[[[43.0205,1.4871],[43.016,1.4793],[42.9933,1.4679],[42.9882,1.48],[42.9772,1.5062],[42.9615,1.527],[42.9445,1.5549],[42.9478,1.5701],[42.9731,1.6008],[42.9778,1.6113],[42.9927,1.6449],[43.005,1.6649],[43.0425,1.7095],[43.0425,1.7518],[43.0488,1.7775],[43.0711,1.786],[43.0866,1.8],[43.1122,1.8013],[43.1583,1.7972],[43.1828,1.8217],[43.2615,1.8866],[43.3136,1.9296],[43.3966,1.9567],[43.4738,1.9763],[43.5663,1.9999],[43.6269,2.0227],[43.6964,2.0587],[43.7794,2.1018],[43.8487,2.1377],[43.9129,2.2239],[43.8937,2.2769],[43.87,2.3423],[43.7728,2.3582],[43.6951,2.3709],[43.6643,2.3611],[43.5966,2.3394],[43.5488,2.3241],[43.4753,2.2843],[43.3422,2.2071],[43.2707,2.1623],[43.2505,2.1573],[43.196,2.1439],[43.0845,2.1164],[43.0172,2.0957],[42.9233,2.0654],[42.8741,2.0539],[42.8315,2.0485],[42.7973,2.0406],[42.7986,2.0659],[42.7969,2.1028],[42.7842,2.1617],[42.7814,2.1842],[42.7807,2.2545],[42.786,2.2916],[42.7996,2.3472],[42.8229,2.3889],[42.8494,2.4097],[42.8735,2.4225],[42.9041,2.4666],[42.9647,2.5275],[43.0148,2.5768],[43.0351,2.5968],[43.1209,2.6765],[43.1281,2.6832],[43.1349,2.6799],[43.1751,2.7265],[43.2539,2.7931],[43.3215,2.8429],[43.3971,2.8927],[43.4468,2.9214],[43.5249,2.946],[43.6132,2.9708],[43.6702,2.9743],[43.7499,2.9792],[43.7853,2.9792],[43.826,2.9446],[43.8297,2.9415],[43.8458,2.9033],[43.8505,2.8842],[43.8567,2.8122],[43.8497,2.729],[43.8444,2.6809],[43.855,2.6292],[43.8923,2.5611],[43.9246,2.528],[43.9782,2.5091],[44.0504,2.4939],[44.1281,2.4711],[44.1685,2.4596],[44.2186,2.4804],[44.2708,2.5089],[44.3069,2.5359],[44.3538,2.5893],[44.3802,2.6457],[44.3848,2.7221],[44.4099,2.8128],[44.4055,2.9122],[44.3746,2.9967],[44.32,3.065],[44.2755,3.1099],[44.211,3.1243],[44.1716,3.1285],[44.1258,3.1398],[44.0607,3.1378],[44.0424,3.1335],[43.9948,3.1223],[43.9514,3.1139],[43.8935,3.1073],[43.865,3.1188],[43.833,3.163],[43.7975,3.2609],[43.7842,3.326],[43.7819,3.3905],[43.8058,3.4456],[43.8631,3.4951],[43.8705,3.5373],[43.8825,3.5937],[43.8478,3.6483],[43.7959,3.6888],[43.7403,3.684],[43.6788,3.6466],[43.6164,3.6169],[43.5696,3.5592],[43.5617,3.5326],[43.5422,3.4477],[43.5192,3.4072],[43.4784,3.3873],[43.4407,3.3832],[43.3897,3.3952],[43.3676,3.4015],[43.3407,3.394],[43.2244,3.4873],[43.1131,3.5],[43.1209,3.6715],[43.1241,3.7],[43.1775,3.7238],[43.2227,3.7408],[43.2544,3.7399],[43.3197,3.7587],[43.4217,3.7867],[43.5265,3.8441],[43.5716,3.8698],[43.621,3.9167],[43.6713,3.9645],[43.6949,3.9875],[43.7226,4.0143],[43.7681,4.0386],[43.8063,4.0488],[43.8959,4.0243],[43.9964,4.011],[44.0822,3.9883],[44.1574,3.9669],[44.2468,3.9554],[44.2911,3.928],[44.3021,3.9212],[44.3591,3.8971],[44.4102,3.8624],[44.4603,3.8022],[44.4879,3.7848],[44.5423,3.7492],[44.5714,3.7229],[44.6328,3.7794],[44.6909,3.8286],[44.7159,3.8559],[44.7382,3.8555],[44.7573,3.8607],[44.7719,3.8719],[44.7843,3.8947],[44.7909,3.861],[44.7971,3.8404],[44.7776,3.7371],[44.7724,3.7175],[44.7639,3.6708],[44.7673,3.5944],[44.7713,3.5019],[44.7759,3.3961],[44.7804,3.2929],[44.7804,3.2911],[44.7809,3.2715],[44.6609,3.2515],[44.6705,3.1877],[44.6711,3.1849],[44.6713,3.1827],[44.6717,3.1809],[44.6719,3.1789],[44.6723,3.1759],[44.6727,3.1739],[44.6729,3.1719],[44.6733,3.1699],[44.6911,3.0517],[44.6779,2.9887],[44.6773,2.9857],[44.6769,2.9837],[44.6765,2.9817],[44.6759,2.9789],[44.6753,2.9759],[44.6747,2.9731],[44.6739,2.9701],[44.6737,2.9681],[44.6729,2.9651],[44.6725,2.9623],[44.6717,2.9593],[44.6711,2.9563],[44.6707,2.9543],[44.6701,2.9515],[44.6695,2.9485],[44.6689,2.9455],[44.6683,2.9427],[44.6677,2.9397],[44.6671,2.9367],[44.6667,2.9349],[44.6661,2.9319],[44.6655,2.9289],[44.6651,2.9269],[44.6645,2.9241],[44.6639,2.9211],[44.6631,2.9181],[44.6625,2.9153],[44.6619,2.9123],[44.6613,2.9093],[44.6609,2.9073],[44.6605,2.9055],[44.6599,2.9025],[44.6595,2.9005],[44.6589,2.8977],[44.6583,2.8947],[44.6579,2.8927],[44.6573,2.8903],[44.6569,2.8879],[44.6563,2.8849],[44.6557,2.8819],[44.6553,2.8799],[44.6547,2.8771],[44.6541,2.8741],[44.6516,2.862],[44.6252,2.7797],[44.5892,2.6799],[44.5521,2.614],[44.5154,2.5487],[44.4724,2.4801],[44.4313,2.4315],[44.3832,2.3708],[44.3571,2.3316],[44.3385,2.3036],[44.2976,2.2138],[44.2613,2.1795],[44.2019,2.1283],[44.1506,2.0913],[44.0589,2.0489],[43.975,2.0014],[43.8638,1.9556],[43.7708,1.9157],[43.6813,1.8695],[43.6034,1.8177],[43.5789,1.7768],[43.5789,1.7609],[43.5539,1.7482],[43.3917,1.6671],[43.3427,1.6428],[43.3422,1.6424],[43.3209,1.6317],[43.3109,1.6267],[43.1519,1.5472],[43.0205,1.4871]]],"admin_0_gaul":226,"admin_1_gaul":0,"admin_2_gaul":0,"admin_0_faostat":201},"properties":{"aar_id":"1467","confidence_level":1,"ipc_period":"C","overall_phase":4,"population_min":"407209","population_percentage_min":"1.1","justification":"","prolonged_crisis":false,"population_phase_worse":null,"population_percentage_phase_worse":null,"anl_id":"87143416","admin_type":"polygon","title":"Bay-Bakool Agro-pastoral Low Potential (Bay and Bakool)","view_level":"area","hide_settlement_labels":false,"hide_area_labels":false,"hide_area_borders":false,"show_area_popups":true,"color":"#C80000","estimated_population":"370190","phase1_population":37019,"phase1_percent":0.1,"phase1_color":"#CCFFCC","phase2_population":129566,"phase2_percent":0.35,"phase2_color":"#FAE61E","phase3_population":203605,"phase3_percent":0.55,"phase3_color":"#E67800","phase4_population":74038,"phase4_percent":0.2,"phase4_color":"#C80000","phase5_population":0,"phase5_percent":0,"phase5_color":"#640000"}},{"type":"Feature","geometry":{"type":"MultiPolygon","coordinates":[[[[44.6399,2.3179],[44.6403,2.3149],[44.6405,2.3121],[44.6409,2.3091],[44.6413,2.3061],[44.6415,2.3031],[44.6419,2.3001],[44.6423,2.2971],[44.6429,2.2923],[44.6433,2.2883],[44.6437,2.2853],[44.6495,2.2351],[44.6509,2.2217],[44.4577,2.1365],[44.4434,2.1301],[44.4486,2.1467],[44.4905,2.1793],[44.5251,2.218],[44.5675,2.2654],[44.6076,2.3008],[44.6323,2.3216],[44.6383,2.3313],[44.6385,2.3299],[44.6389,2.3269],[44.6393,2.3239],[44.6395,2.3209],[44.6399,2.3179]]],[[[43.0866,1.8],[43.0711,1.786],[43.0488,1.7775],[43.0425,1.7518],[43.0425,1.7095],[43.005,1.6649],[42.9927,1.6449],[42.9778,1.6113],[42.9731,1.6008],[42.9478,1.5701],[42.9445,1.5549],[42.9615,1.527],[42.9772,1.5062],[42.9882,1.48],[42.9933,1.4679],[42.9809,1.4617],[42.9533,1.4825],[42.9009,1.5217],[42.8549,1.5655],[42.8527,1.5675],[42.8513,1.5689],[42.8491,1.5709],[42.8469,1.5729],[42.8447,1.5751],[42.8433,1.5765],[42.8411,1.5785],[42.8389,1.5805],[42.8367,1.5825],[42.8353,1.5839],[42.8331,1.5861],[42.8309,1.5881],[42.8287,1.5901],[42.8273,1.5915],[42.8251,1.5935],[42.8237,1.5949],[42.8223,1.5963],[42.8201,1.5983],[42.8179,1.6005],[42.8165,1.6019],[42.8143,1.6039],[42.8121,1.6059],[42.8099,1.6081],[42.8085,1.6095],[42.8063,1.6115],[42.8041,1.6135],[42.8019,1.6155],[42.8005,1.6169],[42.7983,1.6191],[42.7961,1.6211],[42.7939,1.6231],[42.7925,1.6245],[42.7903,1.6265],[42.7881,1.6287],[42.7859,1.6307],[42.7845,1.6321],[42.7823,1.6341],[42.7801,1.6363],[42.7779,1.6383],[42.7765,1.6397],[42.7743,1.6417],[42.7721,1.6437],[42.7701,1.6459],[42.7685,1.6473],[42.7663,1.6493],[42.7641,1.6513],[42.7621,1.6535],[42.7605,1.6547],[42.7583,1.6569],[42.7563,1.6589],[42.7541,1.6609],[42.7525,1.6623],[42.7503,1.6645],[42.7483,1.6665],[42.7461,1.6685],[42.7445,1.6699],[42.7425,1.6719],[42.7403,1.6739],[42.7381,1.6761],[42.7365,1.6775],[42.7345,1.6795],[42.7323,1.6815],[42.7301,1.6837],[42.7287,1.6851],[42.7265,1.6871],[42.7243,1.6891],[42.7221,1.6913],[42.7207,1.6927],[42.7185,1.6947],[42.7163,1.6967],[42.7141,1.6987],[42.7127,1.7001],[42.7105,1.7021],[42.7091,1.7037],[42.7075,1.7049],[42.7053,1.7071],[42.7031,1.7091],[42.7017,1.7105],[42.6995,1.7125],[42.6973,1.7145],[42.6953,1.7167],[42.6937,1.7181],[42.6915,1.7201],[42.6893,1.7221],[42.6873,1.7243],[42.6857,1.7255],[42.6835,1.7277],[42.6815,1.7297],[42.6793,1.7317],[42.6777,1.7331],[42.6757,1.7353],[42.6735,1.7373],[42.6713,1.7393],[42.6697,1.7407],[42.6677,1.7427],[42.6655,1.7449],[42.6633,1.7469],[42.6619,1.7483],[42.6597,1.7503],[42.6575,1.7525],[42.6553,1.7545],[42.6539,1.7559],[42.6517,1.7579],[42.6495,1.7599],[42.6473,1.7621],[42.6459,1.7635],[42.6437,1.7655],[42.6415,1.7675],[42.6393,1.7695],[42.6379,1.7709],[42.6357,1.7731],[42.6335,1.7751],[42.6313,1.7771],[42.6299,1.7785],[42.6277,1.7807],[42.6255,1.7827],[42.6233,1.7847],[42.6219,1.7861],[42.6197,1.7881],[42.6175,1.7903],[42.6153,1.7923],[42.6139,1.7937],[42.6117,1.7957],[42.6095,1.7977],[42.6075,1.7999],[42.6059,1.8013],[42.6037,1.8033],[42.6015,1.8053],[42.5995,1.8075],[42.5979,1.8087],[42.5957,1.8109],[42.5937,1.8129],[42.5915,1.8149],[42.5899,1.8163],[42.5879,1.8185],[42.5863,1.8199],[42.5849,1.8211],[42.5827,1.8233],[42.5805,1.8253],[42.5791,1.8267],[42.5769,1.8287],[42.5747,1.8307],[42.5725,1.8329],[42.5711,1.8343],[42.5689,1.8363],[42.5675,1.8377],[42.5209,1.8817],[42.4657,1.9139],[42.4641,1.9149],[42.4623,1.9159],[42.4597,1.9175],[42.4579,1.9185],[42.4563,1.9195],[42.4009,1.9517],[42.3431,1.951],[42.3376,1.9702],[42.3445,1.9972],[42.3442,2.0116],[42.3319,2.0532],[42.305,2.0736],[42.2814,2.087],[42.2661,2.1103],[42.2536,2.1562],[42.2528,2.1985],[42.2555,2.2297],[42.2629,2.2443],[42.2894,2.2648],[42.3045,2.2771],[42.3166,2.2936],[42.3288,2.3092],[42.3418,2.3296],[42.3423,2.3308],[42.3594,2.342],[42.3929,2.4639],[42.3909,2.4997],[42.3871,2.5666],[42.3982,2.5794],[42.4369,2.6241],[42.4438,2.6595],[42.4551,2.7173],[42.4673,2.7537],[42.4593,2.7648],[42.4537,2.7808],[42.4469,2.8005],[42.5055,2.8413],[42.5171,2.8636],[42.5367,2.894],[42.5609,2.926],[42.5822,2.9685],[42.5951,2.9943],[42.612,3.0366],[42.6155,3.069],[42.6775,3.063],[42.8108,3.0508],[42.93,3.04],[43.1,3.06],[43.1,3.0616],[43.1,3.1043],[43.1012,3.2558],[43.1013,3.2578],[43.1085,3.4169],[43.1123,3.5001],[43.1131,3.5],[43.2244,3.4873],[43.3407,3.394],[43.3676,3.4015],[43.3897,3.3952],[43.4407,3.3832],[43.4784,3.3873],[43.5192,3.4072],[43.5422,3.4477],[43.5617,3.5326],[43.5696,3.5592],[43.6164,3.6169],[43.6788,3.6466],[43.7403,3.684],[43.7959,3.6888],[43.8478,3.6483],[43.8825,3.5937],[43.8705,3.5373],[43.8631,3.4951],[43.8058,3.4456],[43.7819,3.3905],[43.7842,3.326],[43.7975,3.2609],[43.833,3.163],[43.865,3.1188],[43.8935,3.1073],[43.9514,3.1139],[43.9948,3.1223],[44.0424,3.1335],[44.0607,3.1378],[44.1258,3.1398],[44.1716,3.1285],[44.211,3.1243],[44.2755,3.1099],[44.32,3.065],[44.3746,2.9967],[44.4055,2.9122],[44.4099,2.8128],[44.3848,2.7221],[44.3802,2.6457],[44.3538,2.5893],[44.3069,2.5359],[44.2708,2.5089],[44.2186,2.4804],[44.1685,2.4596],[44.1281,2.4711],[44.0504,2.4939],[43.9782,2.5091],[43.9246,2.528],[43.8923,2.5611],[43.855,2.6292],[43.8444,2.6809],[43.8497,2.729],[43.8567,2.8122],[43.8505,2.8842],[43.8458,2.9033],[43.8297,2.9415],[43.826,2.9446],[43.7853,2.9792],[43.7499,2.9792],[43.6702,2.9743],[43.6132,2.9708],[43.5249,2.946],[43.4468,2.9214],[43.3971,2.8927],[43.3215,2.8429],[43.2539,2.7931],[43.1751,2.7265],[43.1349,2.6799],[43.1281,2.6832],[43.1209,2.6765],[43.0351,2.5968],[43.0148,2.5768],[42.9647,2.5275],[42.9041,2.4666],[42.8735,2.4225],[42.8494,2.4097],[42.8229,2.3889],[42.7996,2.3472],[42.786,2.2916],[42.7807,2.2545],[42.7814,2.1842],[42.7842,2.1617],[42.7969,2.1028],[42.7986,2.0659],[42.7973,2.0406],[42.8315,2.0485],[42.8741,2.0539],[42.9233,2.0654],[43.0172,2.0957],[43.0845,2.1164],[43.196,2.1439],[43.2505,2.1573],[43.2707,2.1623],[43.3422,2.2071],[43.4753,2.2843],[43.5488,2.3241],[43.5966,2.3394],[43.6643,2.3611],[43.6951,2.3709],[43.7728,2.3582],[43.87,2.3423],[43.8937,2.2769],[43.9129,2.2239],[43.8487,2.1377],[43.7794,2.1018],[43.6964,2.0587],[43.6269,2.0227],[43.5663,1.9999],[43.4738,1.9763],[43.3966,1.9567],[43.3136,1.9296],[43.2615,1.8866],[43.1828,1.8217],[43.1583,1.7972],[43.1122,1.8013],[43.0866,1.8]]]],"admin_0_gaul":226,"admin_1_gaul":0,"admin_2_gaul":0,"admin_0_faostat":201},"properties":{"aar_id":"1468","confidence_level":1,"ipc_period":"C","overall_phase":4,"population_min":"450542","population_percentage_min":"1.1","justification":"","prolonged_crisis":false,"population_phase_worse":null,"population_percentage_phase_worse":null,"anl_id":"87143416","admin_type":"polygon","title":"Bay-Gedo Sorghum High Potential Agropastoral (Bay and Gedo)","view_level":"area","hide_settlement_labels":false,"hide_area_labels":false,"hide_area_borders":false,"show_area_popups":true,"color":"#C80000","estimated_population":"409584","phase1_population":40958,"phase1_percent":0.1,"phase1_color":"#CCFFCC","phase2_population":143354,"phase2_percent":0.35,"phase2_color":"#FAE61E","phase3_population":225271,"phase3_percent":0.55,"phase3_color":"#E67800","phase4_population":81917,"phase4_percent":0.2,"phase4_color":"#C80000","phase5_population":0,"phase5_percent":0,"phase5_color":"#640000"}},{"type":"Feature","geometry":{"type":"Polygon","coordinates":[[[47.4909,5.1292],[47.4523,5.0524],[47.4181,4.9797],[47.3623,4.8781],[47.3214,4.8133],[47.2554,4.7152],[47.0766,4.6099],[47.0036,4.5669],[46.918,4.5457],[46.8501,4.5288],[46.8012,4.5615],[46.733,4.6071],[46.6527,4.6608],[46.6174,4.6844],[46.5858,4.6701],[46.5529,4.6552],[46.5247,4.6425],[46.5006,4.6316],[46.4758,4.6708],[46.4443,4.7298],[46.4386,4.7674],[46.4275,4.8201],[46.4156,4.8374],[46.3846,4.8716],[46.3696,4.9031],[46.3685,4.9717],[46.3714,5.0232],[46.3615,5.0676],[46.3474,5.104],[46.3364,5.1324],[46.3075,5.1938],[46.3282,5.3449],[46.3453,5.4823],[46.3762,5.5475],[46.4375,5.5635],[46.5676,5.5969],[46.5891,5.6024],[46.6669,5.6401],[46.7367,5.6848],[46.7917,5.726],[46.855,5.8058],[46.8773,5.8332],[46.9457,5.9173],[47.0042,5.9963],[47.0486,6.0589],[47.0914,6.061],[47.1308,6.0786],[47.2104,6.1134],[47.2891,6.1535],[47.3651,6.1747],[47.4042,6.1841],[47.4271,6.2089],[47.4371,6.2481],[47.4462,6.3159],[47.4462,6.316],[47.446,6.3593],[47.4126,6.396],[47.3821,6.4287],[47.3439,6.4485],[47.3053,6.4683],[47.2764,6.4934],[47.2524,6.5298],[47.2466,6.5547],[47.2486,6.5833],[47.2576,6.6091],[47.2775,6.6477],[47.2951,6.6718],[47.3302,6.6968],[47.3697,6.7261],[47.4021,6.7469],[47.4329,6.7681],[47.4603,6.7927],[47.4723,6.8079],[48.495,6.8079],[48.4911,6.7413],[48.6711,6.6313],[49.0379,6.6088],[49.0378,6.6086],[49.0004,6.5134],[48.9655,6.4245],[48.935,6.3381],[48.9148,6.2811],[48.9045,6.1779],[48.898,6.1124],[48.8744,6.0716],[48.8471,6.0244],[48.8154,5.9698],[48.7461,5.8678],[48.716,5.8151],[48.6743,5.7421],[48.6305,5.6654],[48.597,5.6154],[48.5184,5.5219],[48.4384,5.4545],[48.3851,5.4253],[48.3674,5.4019],[48.3423,5.3696],[48.3181,5.344],[48.3172,5.3591],[48.312,5.4208],[48.2812,5.3877],[48.2396,5.3429],[48.1892,5.2925],[48.1281,5.2344],[48.0439,5.1598],[47.9777,5.1087],[47.6411,5.2015],[47.6081,5.1995],[47.5784,5.28],[47.571,5.2672],[47.5291,5.1951],[47.5249,5.1879],[47.4909,5.1292]]],"admin_0_gaul":226,"admin_1_gaul":0,"admin_2_gaul":0,"admin_0_faostat":201},"properties":{"aar_id":"1474","confidence_level":2,"ipc_period":"C","overall_phase":4,"population_min":"640940","population_percentage_min":"1.2","justification":"","prolonged_crisis":false,"population_phase_worse":null,"population_percentage_phase_worse":null,"anl_id":"87143416","admin_type":"polygon","title":"Central Addun pastoral (Mudug and Galgaduud)","view_level":"area","hide_settlement_labels":false,"hide_area_labels":false,"hide_area_borders":false,"show_area_popups":true,"color":"#C80000","estimated_population":"534117","phase1_population":53412,"phase1_percent":0.1,"phase1_color":"#CCFFCC","phase2_population":160235,"phase2_percent":0.3,"phase2_color":"#FAE61E","phase3_population":320470,"phase3_percent":0.6000000000000001,"phase3_color":"#E67800","phase4_population":106823,"phase4_percent":0.2,"phase4_color":"#C80000","phase5_population":0,"phase5_percent":0,"phase5_color":"#640000"}},{"type":"Feature","geometry":{"type":"Polygon","coordinates":[[[46.8751,3.578],[46.8971,3.6051],[46.9707,3.6957],[47.0369,3.7737],[47.0949,3.8261],[47.1444,3.8709],[47.1285,3.8882],[47.1491,3.9943],[47.1624,4.062],[47.1779,4.1419],[47.2045,4.1729],[47.2456,4.2235],[47.303,4.2927],[47.3142,4.3063],[47.3725,4.3457],[47.4379,4.39],[47.4948,4.4284],[47.5326,4.454],[47.5478,4.4693],[47.5985,4.5202],[47.6585,4.5804],[47.7082,4.6372],[47.7505,4.7079],[47.7966,4.7852],[47.8563,4.8966],[47.9178,5.0088],[47.9592,5.0813],[47.9726,5.1048],[47.9777,5.1087],[48.0439,5.1598],[48.1281,5.2344],[48.1892,5.2925],[48.2396,5.3429],[48.2812,5.3877],[48.312,5.4208],[48.3172,5.3591],[48.3181,5.344],[48.3423,5.3696],[48.3674,5.4019],[48.3851,5.4253],[48.4384,5.4545],[48.5184,5.5219],[48.597,5.6154],[48.6305,5.6654],[48.6743,5.7421],[48.716,5.8151],[48.7461,5.8678],[48.8154,5.9698],[48.8471,6.0244],[48.8744,6.0716],[48.898,6.1124],[48.9045,6.1779],[48.9148,6.2811],[48.935,6.3381],[48.9655,6.4245],[49.0004,6.5134],[49.0378,6.6086],[49.0379,6.6088],[49.1641,6.6011],[49.1641,6.601],[49.1575,6.5868],[49.1537,6.5787],[49.1524,6.5765],[49.1464,6.5663],[49.1442,6.5511],[49.1329,6.5301],[49.1285,6.5221],[49.1151,6.4914],[49.1133,6.4873],[49.09,6.4115],[49.088,6.4029],[49.0852,6.3913],[49.0806,6.3506],[49.0792,6.3227],[49.0808,6.3122],[49.085,6.2989],[49.0844,6.2904],[49.0837,6.2825],[49.0823,6.2783],[49.0688,6.2353],[49.0618,6.213],[49.0546,6.1925],[49.0482,6.1819],[49.0396,6.1616],[49.0389,6.1599],[49.0384,6.1588],[49.0332,6.1464],[48.9893,6.0527],[48.9871,6.0479],[48.9867,6.0471],[48.9856,6.0452],[48.9655,6.0088],[48.9477,5.9849],[48.9399,5.9667],[48.9231,5.9395],[48.922,5.9372],[48.9216,5.9366],[48.9044,5.9039],[48.9041,5.9034],[48.8951,5.8911],[48.8801,5.8643],[48.8753,5.857],[48.8584,5.8319],[48.8565,5.8284],[48.8289,5.78],[48.7888,5.7218],[48.7856,5.717],[48.7259,5.6238],[48.7233,5.6193],[48.7209,5.6153],[48.6873,5.5579],[48.6857,5.5546],[48.6664,5.5156],[48.6616,5.5083],[48.6593,5.5049],[48.6581,5.5031],[48.6514,5.4927],[48.5836,5.4037],[48.5794,5.3981],[48.5729,5.3895],[48.5726,5.3891],[48.5718,5.3881],[48.5426,5.3569],[48.5419,5.3559],[48.5413,5.3553],[48.5402,5.3537],[48.5372,5.3497],[48.5363,5.3451],[48.5374,5.3408],[48.537,5.3399],[48.5344,5.3345],[48.5343,5.3345],[48.5224,5.3198],[48.5098,5.3043],[48.4329,5.2101],[48.4328,5.21],[48.4327,5.2099],[48.431,5.2075],[48.43,5.2062],[48.3885,5.1497],[48.3747,5.1289],[48.3739,5.1278],[48.3632,5.1183],[48.3627,5.1179],[48.3571,5.1082],[48.3552,5.1049],[48.3548,5.1042],[48.3546,5.1038],[48.3153,5.0569],[48.315,5.0564],[48.3149,5.0563],[48.2956,5.0289],[48.2874,5.0172],[48.2785,5.0047],[48.2753,5.0001],[48.2644,4.9844],[48.2574,4.9743],[48.2425,4.9483],[48.2415,4.9467],[48.239,4.9432],[48.2221,4.9198],[48.1974,4.8836],[48.1722,4.8325],[48.1718,4.8318],[48.1715,4.8313],[48.1691,4.824],[48.1646,4.8105],[48.1537,4.7897],[48.1174,4.7283],[48.1155,4.7238],[48.1141,4.7207],[48.1118,4.7151],[48.109,4.7084],[48.0972,4.6895],[48.0864,4.6675],[48.0863,4.6675],[48.0585,4.6295],[48.0577,4.6283],[48.048,4.6133],[48.0386,4.5987],[48.0219,4.5688],[48.0191,4.5639],[48.0079,4.5373],[48.0078,4.5372],[48.0078,4.5371],[47.993,4.5169],[47.9927,4.5164],[47.9921,4.5157],[47.9853,4.5041],[47.9689,4.4763],[47.9685,4.4757],[47.9557,4.4594],[47.9394,4.4389],[47.9202,4.4195],[47.9067,4.4059],[47.9061,4.4052],[47.9048,4.4039],[47.8743,4.3773],[47.8632,4.3659],[47.8601,4.3627],[47.8433,4.3419],[47.8414,4.3399],[47.8349,4.3329],[47.8348,4.3329],[47.8287,4.3264],[47.8269,4.3245],[47.826,4.3232],[47.8198,4.3147],[47.8042,4.2934],[47.7981,4.2851],[47.7852,4.2697],[47.7717,4.2537],[47.751,4.226],[47.7411,4.216],[47.7405,4.2154],[47.715,4.1936],[47.6908,4.1682],[47.6907,4.1681],[47.6766,4.1468],[47.6759,4.1458],[47.6757,4.1455],[47.6662,4.1381],[47.6602,4.1335],[47.6595,4.1329],[47.6595,4.1328],[47.659,4.1315],[47.6588,4.1309],[47.6562,4.1283],[47.654,4.126],[47.624,4.0961],[47.5935,4.0589],[47.5779,4.0399],[47.5722,4.0337],[47.5702,4.0316],[47.5351,3.9936],[47.5241,3.9808],[47.4865,3.9371],[47.4369,3.8792],[47.4285,3.8695],[47.422,3.864],[47.4001,3.8455],[47.3779,3.8269],[47.3516,3.8014],[47.3078,3.7593],[47.2992,3.751],[47.2969,3.7489],[47.2929,3.7458],[47.2874,3.7415],[47.2749,3.7284],[47.2617,3.7147],[47.2483,3.6985],[47.2181,3.6709],[47.2159,3.6689],[47.2146,3.6675],[47.2055,3.6581],[47.2011,3.6515],[47.1971,3.6457],[47.1884,3.6354],[47.1828,3.6289],[47.1672,3.6125],[47.1384,3.5743],[47.1377,3.5737],[47.1045,3.5393],[47.0722,3.503],[47.05,3.483],[47.038,3.4723],[47.0377,3.4727],[46.8751,3.578]]],"admin_0_gaul":226,"admin_1_gaul":0,"admin_2_gaul":0,"admin_0_faostat":201},"properties":{"aar_id":"1475","confidence_level":1,"ipc_period":"C","overall_phase":4,"population_min":"115621","population_percentage_min":"1.2","justification":"","prolonged_crisis":false,"population_phase_worse":null,"population_percentage_phase_worse":null,"anl_id":"87143416","admin_type":"polygon","title":"Central Coastal Deeh Pastoral (Mudug and Galgadud)","view_level":"area","hide_settlement_labels":false,"hide_area_labels":false,"hide_area_borders":false,"show_area_popups":true,"color":"#C80000","estimated_population":"96351","phase1_population":9635,"phase1_percent":0.1,"phase1_color":"#CCFFCC","phase2_population":28905,"phase2_percent":0.3,"phase2_color":"#FAE61E","phase3_population":57811,"phase3_percent":0.6000000000000001,"phase3_color":"#E67800","phase4_population":19270,"phase4_percent":0.2,"phase4_color":"#C80000","phase5_population":0,"phase5_percent":0,"phase5_color":"#640000"}},{"type":"Feature","geometry":{"type":"Polygon","coordinates":[[[46.3969,4.2349],[46.3745,4.2529],[46.374,4.2566],[46.3673,4.3116],[46.3604,4.3676],[46.3538,4.4217],[46.3491,4.4599],[46.3449,4.4942],[46.3434,4.506],[46.3656,4.5239],[46.3975,4.5495],[46.4314,4.5769],[46.4574,4.5978],[46.4891,4.6233],[46.4979,4.6304],[46.5006,4.6316],[46.5247,4.6425],[46.5529,4.6552],[46.5858,4.6701],[46.6174,4.6844],[46.6527,4.6608],[46.733,4.6071],[46.8012,4.5615],[46.8501,4.5288],[46.918,4.5457],[47.0036,4.5669],[47.0766,4.6099],[47.2554,4.7152],[47.3214,4.8133],[47.3623,4.8781],[47.4181,4.9797],[47.4523,5.0524],[47.4909,5.1292],[47.5249,5.1879],[47.5291,5.1951],[47.571,5.2672],[47.5784,5.28],[47.6081,5.1995],[47.6411,5.2015],[47.9777,5.1087],[47.9726,5.1048],[47.9592,5.0813],[47.9178,5.0088],[47.8563,4.8966],[47.7966,4.7852],[47.7505,4.7079],[47.7082,4.6372],[47.6585,4.5804],[47.5985,4.5202],[47.5478,4.4693],[47.5326,4.454],[47.4948,4.4284],[47.4379,4.39],[47.3725,4.3457],[47.3142,4.3063],[47.303,4.2927],[47.2456,4.2235],[47.2045,4.1729],[47.1779,4.1419],[47.1624,4.062],[47.1491,3.9943],[47.1285,3.8882],[47.1444,3.8709],[47.0949,3.8261],[47.0369,3.7737],[46.9707,3.6957],[46.8971,3.6051],[46.8751,3.578],[46.3911,3.8915],[46.4011,4.2315],[46.3969,4.2349]]],"admin_0_gaul":226,"admin_1_gaul":0,"admin_2_gaul":0,"admin_0_faostat":201},"properties":{"aar_id":"1476","confidence_level":1,"ipc_period":"C","overall_phase":3,"population_min":"107978","population_percentage_min":"0.6","justification":"","prolonged_crisis":false,"population_phase_worse":null,"population_percentage_phase_worse":null,"anl_id":"87143416","admin_type":"polygon","title":"Central Cowpea Belt  (Mudug and Galgadud)","view_level":"area","hide_settlement_labels":false,"hide_area_labels":false,"hide_area_borders":false,"show_area_popups":true,"color":"#E67800","estimated_population":"179963","phase1_population":53989,"phase1_percent":0.3,"phase1_color":"#CCFFCC","phase2_population":71985,"phase2_percent":0.4,"phase2_color":"#FAE61E","phase3_population":53989,"phase3_percent":0.3,"phase3_color":"#E67800","phase4_population":8998,"phase4_percent":0.05,"phase4_color":"#C80000","phase5_population":0,"phase5_percent":0,"phase5_color":"#640000"}},{"type":"Feature","geometry":{"type":"Polygon","coordinates":[[[46.2111,4.9415],[46.2299,5.0733],[46.2311,5.0815],[46.0411,5.0315],[45.7111,5.1115],[45.6761,5.1537],[45.6555,5.1785],[45.4827,5.4313],[45.4107,5.5373],[45.4313,5.5683],[45.8467,5.9627],[45.9331,6.0307],[46.0037,6.0923],[46.0833,6.1583],[46.2647,6.3187],[46.4303,6.4507],[46.5005,6.5165],[46.5077,6.5231],[46.5227,6.5375],[46.8695,6.9107],[46.8986,6.8841],[46.8987,6.8841],[47.1111,6.7313],[47.3006,6.9389],[47.7067,6.9389],[47.696,6.9332],[47.6539,6.9086],[47.6187,6.8852],[47.5936,6.8685],[47.5488,6.8465],[47.506,6.8282],[47.4844,6.8189],[47.473,6.8087],[47.4603,6.7927],[47.4329,6.7681],[47.4021,6.7469],[47.3697,6.7261],[47.3302,6.6968],[47.2951,6.6718],[47.2775,6.6477],[47.2576,6.6091],[47.2486,6.5833],[47.2466,6.5547],[47.2524,6.5298],[47.2764,6.4934],[47.3053,6.4683],[47.3439,6.4485],[47.3821,6.4287],[47.4126,6.396],[47.446,6.3593],[47.4462,6.316],[47.4462,6.3159],[47.4371,6.2481],[47.4271,6.2089],[47.4042,6.1841],[47.3651,6.1747],[47.2891,6.1535],[47.2104,6.1134],[47.1308,6.0786],[47.0914,6.061],[47.0486,6.0589],[47.0042,5.9963],[46.9457,5.9173],[46.8773,5.8332],[46.855,5.8058],[46.7917,5.726],[46.7367,5.6848],[46.6669,5.6401],[46.5891,5.6024],[46.5676,5.5969],[46.4375,5.5635],[46.3762,5.5475],[46.3453,5.4823],[46.3282,5.3449],[46.3075,5.1938],[46.3018,5.0921],[46.3006,5.0704],[46.2746,4.8937],[46.2362,4.7194],[46.2044,4.569],[46.1805,4.4178],[46.1774,4.4105],[46.1511,4.4315],[46.1111,4.7415],[46.2111,4.9415]],[[46.5263,6.4581],[46.5213,6.4756],[46.6711,5.9313],[46.5263,6.4581]]],"admin_0_gaul":226,"admin_1_gaul":0,"admin_2_gaul":0,"admin_0_faostat":201},"properties":{"aar_id":"1477","confidence_level":2,"ipc_period":"C","overall_phase":4,"population_min":"425462","population_percentage_min":"1","justification":"","prolonged_crisis":false,"population_phase_worse":null,"population_percentage_phase_worse":null,"anl_id":"87143416","admin_type":"polygon","title":"Central Hawd Pastoral (South Mudug, Galgadud)","view_level":"area","hide_settlement_labels":false,"hide_area_labels":false,"hide_area_borders":false,"show_area_popups":true,"color":"#C80000","estimated_population":"425462","phase1_population":63819,"phase1_percent":0.15,"phase1_color":"#CCFFCC","phase2_population":148912,"phase2_percent":0.35,"phase2_color":"#FAE61E","phase3_population":212731,"phase3_percent":0.5,"phase3_color":"#E67800","phase4_population":85092,"phase4_percent":0.2,"phase4_color":"#C80000","phase5_population":0,"phase5_percent":0,"phase5_color":"#640000"}},{"type":"Feature","geometry":{"type":"Polygon","coordinates":[[[46.1805,4.4178],[46.2044,4.569],[46.2362,4.7194],[46.2746,4.8937],[46.3006,5.0704],[46.3018,5.0921],[46.3075,5.1938],[46.3364,5.1324],[46.3474,5.104],[46.3615,5.0676],[46.3714,5.0232],[46.3685,4.9717],[46.3696,4.9031],[46.3846,4.8716],[46.4156,4.8374],[46.4275,4.8201],[46.4386,4.7674],[46.4443,4.7298],[46.4758,4.6708],[46.5006,4.6316],[46.4979,4.6304],[46.4891,4.6233],[46.4574,4.5978],[46.4314,4.5769],[46.3975,4.5495],[46.3656,4.5239],[46.3434,4.506],[46.3449,4.4942],[46.3491,4.4599],[46.3538,4.4217],[46.3604,4.3676],[46.3673,4.3116],[46.374,4.2566],[46.3745,4.2529],[46.1774,4.4105],[46.1805,4.4178]]],"admin_0_gaul":226,"admin_1_gaul":0,"admin_2_gaul":0,"admin_0_faostat":201},"properties":{"aar_id":"1478","confidence_level":1,"ipc_period":"C","overall_phase":3,"population_min":"6244","population_percentage_min":"0.4","justification":"","prolonged_crisis":false,"population_phase_worse":null,"population_percentage_phase_worse":null,"anl_id":"87143416","admin_type":"polygon","title":"Central Southern Inland Pastoral (Galgadud)","view_level":"area","hide_settlement_labels":false,"hide_area_labels":false,"hide_area_borders":false,"show_area_popups":true,"color":"#E67800","estimated_population":"15612","phase1_population":6245,"phase1_percent":0.4,"phase1_color":"#CCFFCC","phase2_population":6245,"phase2_percent":0.4,"phase2_color":"#FAE61E","phase3_population":3122,"phase3_percent":0.2,"phase3_color":"#E67800","phase4_population":0,"phase4_percent":0,"phase4_color":"#C80000","phase5_population":0,"phase5_percent":0,"phase5_color":"#640000"}},{"type":"Feature","geometry":{"type":"Point","coordinates":[46.5719,5.9725],"admin_0_gaul":226,"admin_1_gaul":0,"admin_2_gaul":0,"admin_0_faostat":201},"properties":{"aar_id":"1481","confidence_level":1,"ipc_period":"C","overall_phase":4,"population_min":"46310","population_percentage_min":"0.9","justification":"","prolonged_crisis":false,"population_phase_worse":null,"population_percentage_phase_worse":null,"anl_id":"87143416","admin_type":"idp","title":"Galgaduud  Urban IDPs (Cabudwaaq and Cadaado)","view_level":"area","hide_settlement_labels":false,"hide_area_labels":false,"hide_area_borders":false,"show_area_popups":true,"color":"#C80000","estimated_population":"51456","phase1_population":2573,"phase1_percent":0.05,"phase1_color":"#CCFFCC","phase2_population":25728,"phase2_percent":0.5,"phase2_color":"#FAE61E","phase3_population":23155,"phase3_percent":0.45,"phase3_color":"#E67800","phase4_population":10291,"phase4_percent":0.2,"phase4_color":"#C80000","phase5_population":0,"phase5_percent":0,"phase5_color":"#640000"}},{"type":"Feature","geometry":{"type":"Point","coordinates":[46.8058,4.9867],"admin_0_gaul":226,"admin_1_gaul":0,"admin_2_gaul":0,"admin_0_faostat":201},"properties":{"aar_id":"1479","confidence_level":1,"ipc_period":"C","overall_phase":2,"population_min":"12906","population_percentage_min":"0.2","justification":"","prolonged_crisis":false,"population_phase_worse":null,"population_percentage_phase_worse":null,"anl_id":"87143416","admin_type":"urb","title":"Galgaduud Urban (Cabudwaaq, Cadaado, Ceel Buur and Ceel Dheer)","view_level":"area","hide_settlement_labels":false,"hide_area_labels":false,"hide_area_borders":false,"show_area_popups":true,"color":"#FAE61E","estimated_population":"64532","phase1_population":29039,"phase1_percent":0.45,"phase1_color":"#CCFFCC","phase2_population":29039,"phase2_percent":0.45,"phase2_color":"#FAE61E","phase3_population":6453,"phase3_percent":0.1,"phase3_color":"#E67800","phase4_population":0,"phase4_percent":0,"phase4_color":"#C80000","phase5_population":0,"phase5_percent":0,"phase5_color":"#640000"}},{"type":"Feature","geometry":{"type":"Point","coordinates":[46.6832,5.4409],"admin_0_gaul":226,"admin_1_gaul":0,"admin_2_gaul":0,"admin_0_faostat":201},"properties":{"aar_id":"1480","confidence_level":1,"ipc_period":"C","overall_phase":2,"population_min":"2844","population_percentage_min":"0.1","justification":"","prolonged_crisis":false,"population_phase_worse":null,"population_percentage_phase_worse":null,"anl_id":"87143416","admin_type":"urb","title":"Galgaduud Urban (Dhuusamarreeb)","view_level":"area","hide_settlement_labels":false,"hide_area_labels":false,"hide_area_borders":false,"show_area_popups":true,"color":"#FAE61E","estimated_population":"28430","phase1_population":14215,"phase1_percent":0.5,"phase1_color":"#CCFFCC","phase2_population":12794,"phase2_percent":0.45,"phase2_color":"#FAE61E","phase3_population":1422,"phase3_percent":0.05,"phase3_color":"#E67800","phase4_population":0,"phase4_percent":0,"phase4_color":"#C80000","phase5_population":0,"phase5_percent":0,"phase5_color":"#640000"}},{"type":"Feature","geometry":{"type":"Point","coordinates":[46.6832,5.4409],"admin_0_gaul":226,"admin_1_gaul":0,"admin_2_gaul":0,"admin_0_faostat":201},"properties":{"aar_id":"1482","confidence_level":1,"ipc_period":"C","overall_phase":3,"population_min":"31164","population_percentage_min":"0.9","justification":"","prolonged_crisis":false,"population_phase_worse":null,"population_percentage_phase_worse":null,"anl_id":"87143416","admin_type":"idp","title":"Galgaduud Urban IDPs (Dhuusamarreeb)","view_level":"area","hide_settlement_labels":false,"hide_area_labels":false,"hide_area_borders":false,"show_area_popups":true,"color":"#E67800","estimated_population":"34627","phase1_population":5194,"phase1_percent":0.15,"phase1_color":"#CCFFCC","phase2_population":13851,"phase2_percent":0.4,"phase2_color":"#FAE61E","phase3_population":15582,"phase3_percent":0.45,"phase3_color":"#E67800","phase4_population":3463,"phase4_percent":0.1,"phase4_color":"#C80000","phase5_population":0,"phase5_percent":0,"phase5_color":"#640000"}},{"type":"Feature","geometry":{"type":"Polygon","coordinates":[[[42.195,1.9953],[42.1735,2.0377],[42.1439,2.0761],[42.1258,2.1009],[42.116,2.1218],[42.1097,2.1371],[42.1019,2.1648],[42.1011,2.1869],[42.1037,2.1936],[42.1134,2.215],[42.1165,2.2323],[42.1121,2.2611],[42.1055,2.2788],[42.0979,2.2998],[42.0932,2.3189],[42.0929,2.3343],[42.0989,2.3469],[42.1072,2.3595],[42.1269,2.3853],[42.1376,2.3974],[42.149,2.4063],[42.1685,2.4138],[42.1768,2.4147],[42.2058,2.4165],[42.2268,2.4225],[42.2457,2.438],[42.254,2.4531],[42.2556,2.4694],[42.2536,2.4973],[42.2558,2.5272],[42.2577,2.554],[42.2603,2.5689],[42.2667,2.5868],[42.2784,2.623],[42.2862,2.6433],[42.2906,2.652],[42.2954,2.6612],[42.3136,2.6884],[42.3229,2.7137],[42.3307,2.7655],[42.3348,2.8012],[42.3377,2.8194],[42.3379,2.8207],[42.3381,2.8225],[42.3508,2.8462],[42.3736,2.8673],[42.3996,2.895],[42.4223,2.927],[42.4686,2.9927],[42.4771,3.005],[42.4623,3.1158],[42.459,3.141],[42.4588,3.1426],[42.4667,3.1415],[42.4611,3.1552],[42.4542,3.1868],[42.4506,3.2043],[42.4465,3.2362],[42.4453,3.2511],[42.4427,3.2851],[42.4389,3.3086],[42.4366,3.3235],[42.4353,3.3417],[42.4374,3.3571],[42.447,3.3694],[42.4529,3.377],[42.4688,3.4013],[42.4766,3.4379],[42.4636,3.4877],[42.4528,3.5168],[42.4489,3.5273],[42.44,3.5632],[42.435,3.5996],[42.438,3.6194],[42.4463,3.6349],[42.4682,3.6689],[42.4833,3.7013],[42.4835,3.702],[42.4868,3.7191],[42.4896,3.7494],[42.5009,3.7823],[42.5033,3.8055],[42.4934,3.846],[42.4754,3.8813],[42.4627,3.8969],[42.4337,3.9099],[42.4071,3.9215],[42.3825,3.949],[42.3683,3.9681],[42.3434,3.9904],[42.3213,4.0042],[42.3108,4.0108],[42.2799,4.0242],[42.2508,4.0406],[42.2139,4.0645],[42.1883,4.0766],[42.1741,4.0912],[42.1502,4.1072],[42.1181,4.1096],[42.1034,4.1031],[42.082,4.0927],[42.0477,4.0792],[42.0336,4.0669],[42.0119,4.0441],[41.9819,4.0128],[41.9564,3.9946],[41.9278,3.9841],[41.9104,3.9832],[41.9127,3.9895],[41.9131,3.9907],[41.9132,3.9908],[41.9133,3.9908],[41.9168,3.9923],[41.9215,3.9941],[41.922,3.9951],[41.9223,3.9956],[41.9244,3.9991],[41.9265,4.0027],[41.9312,4.0066],[41.9435,4.0167],[41.9436,4.017],[41.9441,4.0179],[41.9491,4.0279],[41.9461,4.0441],[41.9461,4.0447],[41.9463,4.0557],[41.9466,4.0561],[41.9471,4.0567],[41.9582,4.0698],[41.9669,4.0801],[41.9727,4.0793],[41.9738,4.0802],[41.9742,4.0806],[41.9743,4.0807],[41.9745,4.0813],[41.9747,4.082],[41.9771,4.0894],[41.9791,4.0952],[41.9795,4.0952],[42,4.0934],[42.0039,4.097],[42.0087,4.1015],[42.0131,4.1066],[42.0353,4.1322],[42.0511,4.1515],[42.0611,4.1615],[42.063,4.1632],[42.0637,4.1637],[42.0658,4.1655],[42.0691,4.1683],[42.0727,4.1706],[42.0802,4.1754],[42.0877,4.1794],[42.0955,4.1796],[42.0977,4.1797],[42.1119,4.1797],[42.1172,4.1797],[42.1415,4.1796],[42.1967,4.1789],[42.2322,4.1809],[42.2525,4.1819],[42.2712,4.1829],[42.2986,4.1844],[42.3104,4.1851],[42.3171,4.1855],[42.3213,4.1858],[42.351,4.1399],[42.371,4.121],[42.4067,4.0872],[42.4305,4.0645],[42.5315,4.0116],[42.5838,3.9263],[42.5952,3.9077],[42.6201,3.8869],[42.6311,3.8669],[42.6309,3.8179],[42.6531,3.762],[42.556,3.5785],[42.5673,3.5258],[42.5777,3.4668],[42.5825,3.4396],[42.5838,3.3978],[42.5774,3.3833],[42.545,3.3463],[42.5289,3.3148],[42.5291,3.2759],[42.5407,3.2247],[42.5528,3.1701],[42.5629,3.1504],[42.5703,3.1358],[42.5969,3.1012],[42.6152,3.0704],[42.6009,3.0717],[42.5822,2.9685],[42.5609,2.926],[42.5367,2.894],[42.5171,2.8636],[42.5055,2.8413],[42.4469,2.8005],[42.4537,2.7808],[42.4593,2.7648],[42.4673,2.7537],[42.4551,2.7173],[42.4438,2.6595],[42.4369,2.6241],[42.3982,2.5794],[42.3871,2.5666],[42.3909,2.4997],[42.3929,2.4639],[42.3594,2.342],[42.3423,2.3308],[42.3418,2.3296],[42.3288,2.3092],[42.3166,2.2936],[42.3045,2.2771],[42.2894,2.2648],[42.2629,2.2443],[42.2555,2.2297],[42.2528,2.1985],[42.2536,2.1562],[42.2661,2.1103],[42.2814,2.087],[42.305,2.0736],[42.3319,2.0532],[42.3442,2.0116],[42.3445,1.9972],[42.3376,1.9702],[42.3431,1.951],[42.211,1.9492],[42.2057,1.9638],[42.195,1.9953]]],"admin_0_gaul":226,"admin_1_gaul":0,"admin_2_gaul":0,"admin_0_faostat":201},"properties":{"aar_id":"1483","confidence_level":2,"ipc_period":"C","overall_phase":3,"population_min":"28878","population_percentage_min":"0.5","justification":"","prolonged_crisis":false,"population_phase_worse":null,"population_percentage_phase_worse":null,"anl_id":"87143416","admin_type":"polygon","title":"Gedo Riverine Pump Irrigation","view_level":"area","hide_settlement_labels":false,"hide_area_labels":false,"hide_area_borders":false,"show_area_popups":true,"color":"#E67800","estimated_population":"57757","phase1_population":23103,"phase1_percent":0.4,"phase1_color":"#CCFFCC","phase2_population":20215,"phase2_percent":0.35,"phase2_color":"#FAE61E","phase3_population":14439,"phase3_percent":0.25,"phase3_color":"#E67800","phase4_population":2888,"phase4_percent":0.05,"phase4_color":"#C80000","phase5_population":0,"phase5_percent":0,"phase5_color":"#640000"}},{"type":"Feature","geometry":{"type":"MultiPolygon","coordinates":[[[[42.0452,2.1873],[42.05,2.245],[42.0078,2.265],[41.9593,2.288],[41.9443,2.31],[41.9034,2.3706],[41.8818,2.4637],[41.8911,2.5426],[41.9444,2.6319],[41.9748,2.6331],[42.0415,2.6357],[42.1005,2.6419],[42.1572,2.6499],[42.1885,2.6526],[42.1478,2.7043],[42.1497,2.7508],[42.1762,2.78],[42.2166,2.8012],[42.2296,2.8555],[42.2297,2.8558],[42.3015,2.8338],[42.3379,2.8207],[42.3377,2.8194],[42.3348,2.8012],[42.3307,2.7655],[42.3229,2.7137],[42.3136,2.6884],[42.2954,2.6612],[42.2906,2.652],[42.2862,2.6433],[42.2784,2.623],[42.2667,2.5868],[42.2603,2.5689],[42.2577,2.554],[42.2558,2.5272],[42.2536,2.4973],[42.2556,2.4694],[42.254,2.4531],[42.2457,2.438],[42.2268,2.4225],[42.2058,2.4165],[42.1768,2.4147],[42.1685,2.4138],[42.149,2.4063],[42.1376,2.3974],[42.1269,2.3853],[42.1072,2.3595],[42.0989,2.3469],[42.0929,2.3343],[42.0932,2.3189],[42.0979,2.2998],[42.1055,2.2788],[42.1121,2.2611],[42.1165,2.2323],[42.1134,2.215],[42.1037,2.1936],[42.1011,2.1869],[42.1019,2.1648],[42.1097,2.1371],[42.116,2.1218],[42.1258,2.1009],[42.1439,2.0761],[42.1735,2.0377],[42.195,1.9953],[42.2057,1.9638],[42.211,1.9492],[42.047,1.9471],[42.0466,1.9519],[42.0514,1.9859],[42.0485,2.0381],[42.0451,2.112],[42.0452,2.1873]]],[[[41.3214,2.8329],[41.3297,2.8424],[41.341,2.8513],[41.3483,2.8527],[41.3568,2.8544],[41.3752,2.8554],[41.3761,2.8441],[41.3729,2.8369],[41.3679,2.8258],[41.3565,2.8169],[41.3462,2.8067],[41.3417,2.7978],[41.3378,2.7863],[41.3362,2.7791],[41.3346,2.7623],[41.3306,2.7488],[41.3217,2.7362],[41.3048,2.7239],[41.29,2.7128],[41.2777,2.7037],[41.2632,2.6945],[41.2466,2.6797],[41.2353,2.6916],[41.2412,2.7004],[41.2474,2.71],[41.2435,2.7168],[41.2405,2.7219],[41.2325,2.7223],[41.2251,2.7226],[41.2196,2.7206],[41.2104,2.7171],[41.1971,2.7121],[41.1893,2.7083],[41.1751,2.7004],[41.1546,2.6825],[41.1455,2.6753],[41.1371,2.6694],[41.1221,2.6611],[41.0828,2.6483],[41.0657,2.6423],[41.035,2.6404],[41.0233,2.6517],[41.0214,2.6718],[41.0254,2.6911],[41.0323,2.7042],[41.044,2.7188],[41.0577,2.7291],[41.0685,2.7394],[41.0844,2.7575],[41.097,2.7792],[41.1088,2.7871],[41.1148,2.7844],[41.1279,2.7773],[41.1345,2.7726],[41.1483,2.7781],[41.1561,2.7842],[41.162,2.7889],[41.1673,2.7884],[41.1764,2.7877],[41.1802,2.7896],[41.1902,2.7946],[41.1951,2.7997],[41.2036,2.809],[41.2106,2.8178],[41.2186,2.8286],[41.2245,2.8381],[41.2289,2.8461],[41.2383,2.8573],[41.2486,2.8685],[41.2625,2.8716],[41.2676,2.8525],[41.2616,2.825],[41.251,2.7965],[41.252,2.7901],[41.2562,2.7783],[41.2621,2.7708],[41.2793,2.7734],[41.2867,2.7809],[41.2955,2.7918],[41.3082,2.8138],[41.3165,2.8273],[41.3214,2.8329]]],[[[42.3242,3.5586],[42.3476,3.5225],[42.3462,3.505],[42.3404,3.4633],[42.3377,3.4439],[42.3282,3.4495],[42.2971,3.4452],[42.2695,3.4574],[42.2339,3.4677],[42.2114,3.4664],[42.1749,3.4592],[42.1431,3.4528],[42.13,3.4613],[42.1278,3.4752],[42.1157,3.4992],[42.093,3.5361],[42.0778,3.5556],[42.0646,3.5679],[42.0308,3.5813],[42.0052,3.5871],[42.0012,3.5885],[41.9826,3.5949],[41.9693,3.6086],[41.9623,3.6268],[41.9631,3.658],[41.9665,3.6811],[41.9822,3.7097],[41.9867,3.7256],[41.9788,3.766],[41.9666,3.7945],[41.9559,3.827],[41.9404,3.8603],[41.9223,3.8865],[41.9167,3.8946],[41.9054,3.9097],[41.8833,3.927],[41.874,3.9307],[41.9101,3.9823],[41.9104,3.9832],[41.9278,3.9841],[41.9564,3.9946],[41.9819,4.0128],[42.0119,4.0441],[42.0336,4.0669],[42.0477,4.0792],[42.082,4.0927],[42.1034,4.1031],[42.1181,4.1096],[42.1502,4.1072],[42.1741,4.0912],[42.1883,4.0766],[42.2139,4.0645],[42.2508,4.0406],[42.2799,4.0242],[42.3108,4.0108],[42.3213,4.0042],[42.3434,3.9904],[42.3683,3.9681],[42.3825,3.949],[42.4071,3.9215],[42.4337,3.9099],[42.4627,3.8969],[42.4754,3.8813],[42.4934,3.846],[42.5033,3.8055],[42.5009,3.7823],[42.4896,3.7494],[42.4868,3.7191],[42.4835,3.702],[42.4557,3.7015],[42.4365,3.7015],[42.4038,3.6949],[42.3737,3.7221],[42.356,3.7415],[42.3427,3.7586],[42.3262,3.8084],[42.2984,3.8362],[42.2834,3.864],[42.2765,3.8987],[42.2749,3.9067],[42.2535,3.896],[42.2343,3.8918],[42.2001,3.8928],[42.1803,3.8939],[42.1619,3.9066],[42.1332,3.9013],[42.1081,3.9045],[42.0853,3.902],[42.0553,3.8905],[42.0477,3.8875],[42.0316,3.8669],[42.029,3.8496],[42.0293,3.8426],[42.0295,3.8387],[42.0409,3.8211],[42.0494,3.817],[42.0593,3.8123],[42.0869,3.8062],[42.0976,3.8044],[42.1136,3.8016],[42.1404,3.797],[42.1614,3.7884],[42.1874,3.759],[42.204,3.7333],[42.2141,3.7129],[42.2305,3.6834],[42.2406,3.6614],[42.246,3.629],[42.249,3.6005],[42.2502,3.5978],[42.262,3.571],[42.2753,3.5558],[42.2879,3.5478],[42.3175,3.5541],[42.3242,3.5586]]],[[[42.4465,3.2362],[42.4506,3.2043],[42.4542,3.1868],[42.4611,3.1552],[42.4667,3.1415],[42.4588,3.1426],[42.459,3.141],[42.4019,3.1504],[42.3568,3.1531],[42.3404,3.175],[42.3278,3.2266],[42.298,3.2795],[42.291,3.3183],[42.3056,3.356],[42.3249,3.3775],[42.3622,3.3775],[42.4458,3.3692],[42.447,3.3694],[42.4374,3.3571],[42.4353,3.3417],[42.4366,3.3235],[42.4389,3.3086],[42.4427,3.2851],[42.4453,3.2511],[42.4465,3.2362]]],[[[42.5528,3.1701],[42.5407,3.2247],[42.5291,3.2759],[42.5289,3.3148],[42.545,3.3463],[42.5774,3.3833],[42.5838,3.3978],[42.5825,3.4396],[42.5777,3.4668],[42.5673,3.5258],[42.556,3.5785],[42.6531,3.762],[42.6309,3.8179],[42.6311,3.8669],[42.6201,3.8869],[42.5952,3.9077],[42.5838,3.9263],[42.5315,4.0116],[42.4305,4.0645],[42.4067,4.0872],[42.371,4.121],[42.351,4.1399],[42.3213,4.1858],[42.3467,4.1877],[42.371,4.1895],[42.4016,4.1931],[42.4017,4.1931],[42.4043,4.1934],[42.4165,4.1949],[42.4225,4.1958],[42.4457,4.1993],[42.4576,4.2007],[42.4755,4.2027],[42.4849,4.2033],[42.4859,4.2033],[42.4977,4.2023],[42.5267,4.2029],[42.5307,4.2034],[42.5426,4.205],[42.5545,4.2063],[42.5608,4.2083],[42.5605,4.2033],[42.5373,4.122],[42.5476,4.0847],[42.5925,4.0469],[42.6602,3.9918],[42.7008,3.9286],[42.7178,3.8923],[42.7246,3.8797],[42.7353,3.9036],[42.7607,3.9281],[42.7944,3.9444],[42.8259,3.9507],[42.8696,3.949],[42.9054,3.9327],[42.944,3.9218],[42.9743,3.9161],[42.9925,3.9173],[43.0199,3.9384],[42.9952,3.974],[42.9829,4.0147],[42.9759,4.0511],[43.002,4.0747],[42.9936,4.0887],[42.9877,4.1212],[42.9618,4.1701],[43.0915,3.9479],[43.1011,3.9315],[43.1409,3.8515],[43.1241,3.7],[43.12,3.6982],[43.1179,3.6233],[43.1123,3.5001],[43.1085,3.4169],[43.1013,3.2578],[43.1012,3.2558],[43.1,3.1043],[43.1,3.0616],[42.9309,3.0417],[42.6785,3.0645],[42.6152,3.0704],[42.5969,3.1012],[42.5703,3.1358],[42.5629,3.1504],[42.5528,3.1701]],[[42.7192,3.2547],[42.7895,3.3007],[42.8407,3.356],[42.8634,3.3806],[42.9506,3.4748],[43.0086,3.4895],[42.9888,3.5719],[42.9896,3.6046],[42.9955,3.6421],[42.9935,3.6748],[42.9745,3.7004],[42.9342,3.7122],[42.8568,3.6985],[42.7852,3.6835],[42.7547,3.6758],[42.7296,3.6374],[42.716,3.5978],[42.7094,3.5425],[42.7154,3.4797],[42.714,3.4103],[42.7137,3.3965],[42.7094,3.3259],[42.7125,3.2663],[42.7192,3.2547]]]],"admin_0_gaul":226,"admin_1_gaul":0,"admin_2_gaul":0,"admin_0_faostat":201},"properties":{"aar_id":"1484","confidence_level":1,"ipc_period":"C","overall_phase":2,"population_min":"19112","population_percentage_min":"0.3","justification":"","prolonged_crisis":false,"population_phase_worse":null,"population_percentage_phase_worse":null,"anl_id":"87143416","admin_type":"polygon","title":"Gedo Southern Agro-Pastoral","view_level":"area","hide_settlement_labels":false,"hide_area_labels":false,"hide_area_borders":false,"show_area_popups":true,"color":"#FAE61E","estimated_population":"63706","phase1_population":28668,"phase1_percent":0.45,"phase1_color":"#CCFFCC","phase2_population":25482,"phase2_percent":0.4,"phase2_color":"#FAE61E","phase3_population":9556,"phase3_percent":0.15,"phase3_color":"#E67800","phase4_population":0,"phase4_percent":0,"phase4_color":"#C80000","phase5_population":0,"phase5_percent":0,"phase5_color":"#640000"}},{"type":"Feature","geometry":{"type":"MultiPolygon","coordinates":[[[[40.9943,1.9445],[40.9949,2.3117],[40.9957,2.8217],[41.3163,3.1397],[41.3333,3.1565],[41.8607,3.9117],[41.874,3.9307],[41.8833,3.927],[41.9054,3.9097],[41.9167,3.8946],[41.9223,3.8865],[41.9404,3.8603],[41.9559,3.827],[41.9666,3.7945],[41.9788,3.766],[41.9867,3.7256],[41.9822,3.7097],[41.9665,3.6811],[41.9631,3.658],[41.9623,3.6268],[41.9693,3.6086],[41.9826,3.5949],[42.0012,3.5885],[42.0052,3.5871],[42.0308,3.5813],[42.0646,3.5679],[42.0778,3.5556],[42.093,3.5361],[42.1157,3.4992],[42.1278,3.4752],[42.13,3.4613],[42.1431,3.4528],[42.1749,3.4592],[42.2114,3.4664],[42.2339,3.4677],[42.2695,3.4574],[42.2971,3.4452],[42.3282,3.4495],[42.3377,3.4439],[42.3404,3.4633],[42.3462,3.505],[42.3476,3.5225],[42.3242,3.5586],[42.3175,3.5541],[42.2879,3.5478],[42.2753,3.5558],[42.262,3.571],[42.2502,3.5978],[42.249,3.6005],[42.246,3.629],[42.2406,3.6614],[42.2305,3.6834],[42.2141,3.7129],[42.204,3.7333],[42.1874,3.759],[42.1614,3.7884],[42.1404,3.797],[42.1136,3.8016],[42.0976,3.8044],[42.0869,3.8062],[42.0593,3.8123],[42.0494,3.817],[42.0409,3.8211],[42.0295,3.8387],[42.0293,3.8426],[42.029,3.8496],[42.0316,3.8669],[42.0477,3.8875],[42.0553,3.8905],[42.0853,3.902],[42.1081,3.9045],[42.1332,3.9013],[42.1619,3.9066],[42.1803,3.8939],[42.2001,3.8928],[42.2343,3.8918],[42.2535,3.896],[42.2749,3.9067],[42.2765,3.8987],[42.2834,3.864],[42.2984,3.8362],[42.3262,3.8084],[42.3427,3.7586],[42.356,3.7415],[42.3737,3.7221],[42.4038,3.6949],[42.4365,3.7015],[42.4557,3.7015],[42.4835,3.702],[42.4833,3.7013],[42.4682,3.6689],[42.4463,3.6349],[42.438,3.6194],[42.435,3.5996],[42.44,3.5632],[42.4489,3.5273],[42.4528,3.5168],[42.4636,3.4877],[42.4766,3.4379],[42.4688,3.4013],[42.4529,3.377],[42.447,3.3694],[42.4458,3.3692],[42.3622,3.3775],[42.3249,3.3775],[42.3056,3.356],[42.291,3.3183],[42.298,3.2795],[42.3278,3.2266],[42.3404,3.175],[42.3568,3.1531],[42.4019,3.1504],[42.459,3.141],[42.4623,3.1158],[42.4771,3.005],[42.4686,2.9927],[42.4223,2.927],[42.3996,2.895],[42.3736,2.8673],[42.3508,2.8462],[42.3381,2.8225],[42.3379,2.8207],[42.3015,2.8338],[42.2297,2.8558],[42.2296,2.8555],[42.2166,2.8012],[42.1762,2.78],[42.1497,2.7508],[42.1478,2.7043],[42.1885,2.6526],[42.1572,2.6499],[42.1005,2.6419],[42.0415,2.6357],[41.9748,2.6331],[41.9444,2.6319],[41.8911,2.5426],[41.8818,2.4637],[41.9034,2.3706],[41.9443,2.31],[41.9593,2.288],[42.0078,2.265],[42.05,2.245],[42.0452,2.1873],[42.0451,2.112],[42.0485,2.0381],[42.0514,1.9859],[42.0466,1.9519],[42.047,1.9471],[41.6409,1.9417],[41.4209,1.2617],[40.9957,1.2327],[40.9957,1.7073],[40.9943,1.9445]],[[41.2383,2.8573],[41.2289,2.8461],[41.2245,2.8381],[41.2186,2.8286],[41.2106,2.8178],[41.2036,2.809],[41.1951,2.7997],[41.1902,2.7946],[41.1802,2.7896],[41.1764,2.7877],[41.1673,2.7884],[41.162,2.7889],[41.1561,2.7842],[41.1483,2.7781],[41.1345,2.7726],[41.1279,2.7773],[41.1148,2.7844],[41.1088,2.7871],[41.097,2.7792],[41.0844,2.7575],[41.0685,2.7394],[41.0577,2.7291],[41.044,2.7188],[41.0323,2.7042],[41.0254,2.6911],[41.0214,2.6718],[41.0233,2.6517],[41.035,2.6404],[41.0657,2.6423],[41.0828,2.6483],[41.1221,2.6611],[41.1371,2.6694],[41.1455,2.6753],[41.1546,2.6825],[41.1751,2.7004],[41.1893,2.7083],[41.1971,2.7121],[41.2104,2.7171],[41.2196,2.7206],[41.2251,2.7226],[41.2325,2.7223],[41.2405,2.7219],[41.2435,2.7168],[41.2474,2.71],[41.2412,2.7004],[41.2353,2.6916],[41.2466,2.6797],[41.2632,2.6945],[41.2777,2.7037],[41.29,2.7128],[41.3048,2.7239],[41.3217,2.7362],[41.3306,2.7488],[41.3346,2.7623],[41.3362,2.7791],[41.3378,2.7863],[41.3417,2.7978],[41.3462,2.8067],[41.3565,2.8169],[41.3679,2.8258],[41.3729,2.8369],[41.3761,2.8441],[41.3752,2.8554],[41.3568,2.8544],[41.3483,2.8527],[41.341,2.8513],[41.3297,2.8424],[41.3214,2.8329],[41.3165,2.8273],[41.3082,2.8138],[41.2955,2.7918],[41.2867,2.7809],[41.2793,2.7734],[41.2621,2.7708],[41.2562,2.7783],[41.252,2.7901],[41.251,2.7965],[41.2616,2.825],[41.2676,2.8525],[41.2625,2.8716],[41.2486,2.8685],[41.2383,2.8573]]],[[[42.714,3.4103],[42.7154,3.4797],[42.7094,3.5425],[42.716,3.5978],[42.7296,3.6374],[42.7547,3.6758],[42.7852,3.6835],[42.8568,3.6985],[42.9342,3.7122],[42.9745,3.7004],[42.9935,3.6748],[42.9955,3.6421],[42.9896,3.6046],[42.9888,3.5719],[43.0086,3.4895],[42.9506,3.4748],[42.8634,3.3806],[42.8407,3.356],[42.7895,3.3007],[42.7192,3.2547],[42.7125,3.2663],[42.7094,3.3259],[42.7137,3.3965],[42.714,3.4103]]],[[[42.7202,4.2628],[42.7289,4.2634],[42.736,4.2638],[42.7377,4.2639],[42.7503,4.2645],[42.8173,4.2649],[42.8206,4.2658],[42.8251,4.2671],[42.8333,4.2706],[42.8384,4.2735],[42.8491,4.2795],[42.8586,4.2866],[42.8624,4.2894],[42.8706,4.2959],[42.8777,4.3015],[42.8853,4.3079],[42.8909,4.2915],[42.9618,4.1701],[42.9877,4.1212],[42.9936,4.0887],[43.002,4.0747],[42.9759,4.0511],[42.9829,4.0147],[42.9952,3.974],[43.0199,3.9384],[42.9925,3.9173],[42.9743,3.9161],[42.944,3.9218],[42.9054,3.9327],[42.8696,3.949],[42.8259,3.9507],[42.7944,3.9444],[42.7607,3.9281],[42.7353,3.9036],[42.7246,3.8797],[42.7178,3.8923],[42.7008,3.9286],[42.6602,3.9918],[42.5925,4.0469],[42.5476,4.0847],[42.5373,4.122],[42.5605,4.2033],[42.5608,4.2083],[42.5657,4.2098],[42.5739,4.212],[42.5879,4.2154],[42.5995,4.2206],[42.6383,4.2356],[42.6611,4.2458],[42.6717,4.2505],[42.6835,4.2543],[42.6945,4.2579],[42.6991,4.2592],[42.7024,4.2601],[42.7099,4.2618],[42.7202,4.2628]]]],"admin_0_gaul":226,"admin_1_gaul":0,"admin_2_gaul":0,"admin_0_faostat":201},"properties":{"aar_id":"1485","confidence_level":1,"ipc_period":"C","overall_phase":2,"population_min":"120604","population_percentage_min":"0.3","justification":"","prolonged_crisis":false,"population_phase_worse":null,"population_percentage_phase_worse":null,"anl_id":"87143416","admin_type":"polygon","title":"Gedo Southern Inland Pastoral","view_level":"area","hide_settlement_labels":false,"hide_area_labels":false,"hide_area_borders":false,"show_area_popups":true,"color":"#FAE61E","estimated_population":"402012","phase1_population":180905,"phase1_percent":0.45,"phase1_color":"#CCFFCC","phase2_population":160805,"phase2_percent":0.4,"phase2_color":"#FAE61E","phase3_population":60302,"phase3_percent":0.15,"phase3_color":"#E67800","phase4_population":0,"phase4_percent":0,"phase4_color":"#C80000","phase5_population":0,"phase5_percent":0,"phase5_color":"#640000"}},{"type":"Feature","geometry":{"type":"Point","coordinates":[41.9762,2.8559],"admin_0_gaul":226,"admin_1_gaul":0,"admin_2_gaul":0,"admin_0_faostat":201},"properties":{"aar_id":"1486","confidence_level":1,"ipc_period":"C","overall_phase":2,"population_min":"26040","population_percentage_min":"0.2","justification":"","prolonged_crisis":false,"population_phase_worse":null,"population_percentage_phase_worse":null,"anl_id":"87143416","admin_type":"urb","title":"Gedo Urban (Baardheere, Belet Xaawo, Ceel Waaq, Garbahaarey and Luuq)","view_level":"area","hide_settlement_labels":false,"hide_area_labels":false,"hide_area_borders":false,"show_area_popups":true,"color":"#FAE61E","estimated_population":"130199","phase1_population":58590,"phase1_percent":0.45,"phase1_color":"#CCFFCC","phase2_population":58590,"phase2_percent":0.45,"phase2_color":"#FAE61E","phase3_population":13020,"phase3_percent":0.1,"phase3_color":"#E67800","phase4_population":0,"phase4_percent":0,"phase4_color":"#C80000","phase5_population":0,"phase5_percent":0,"phase5_color":"#640000"}},{"type":"Feature","geometry":{"type":"Point","coordinates":[42.1408,4.0025],"admin_0_gaul":226,"admin_1_gaul":0,"admin_2_gaul":0,"admin_0_faostat":201},"properties":{"aar_id":"1487","confidence_level":1,"ipc_period":"C","overall_phase":2,"population_min":"5350","population_percentage_min":"0.2","justification":"","prolonged_crisis":false,"population_phase_worse":null,"population_percentage_phase_worse":null,"anl_id":"87143416","admin_type":"urb","title":"Gedo Urban (Doolow)","view_level":"area","hide_settlement_labels":false,"hide_area_labels":false,"hide_area_borders":false,"show_area_popups":true,"color":"#FAE61E","estimated_population":"26751","phase1_population":12038,"phase1_percent":0.45,"phase1_color":"#CCFFCC","phase2_population":12038,"phase2_percent":0.45,"phase2_color":"#FAE61E","phase3_population":2675,"phase3_percent":0.1,"phase3_color":"#E67800","phase4_population":0,"phase4_percent":0,"phase4_color":"#C80000","phase5_population":0,"phase5_percent":0,"phase5_color":"#640000"}},{"type":"Feature","geometry":{"type":"Point","coordinates":[41.9762,2.8559],"admin_0_gaul":226,"admin_1_gaul":0,"admin_2_gaul":0,"admin_0_faostat":201},"properties":{"aar_id":"1488","confidence_level":2,"ipc_period":"C","overall_phase":4,"population_min":"170040","population_percentage_min":"1","justification":"","prolonged_crisis":false,"population_phase_worse":null,"population_percentage_phase_worse":null,"anl_id":"87143416","admin_type":"idp","title":"Gedo Urban IDPs (Baardheere, Belet Xaawo, Ceel Waaq, Garbahaarey and Luuq)","view_level":"area","hide_settlement_labels":false,"hide_area_labels":false,"hide_area_borders":false,"show_area_popups":true,"color":"#C80000","estimated_population":"170039","phase1_population":17004,"phase1_percent":0.1,"phase1_color":"#CCFFCC","phase2_population":68016,"phase2_percent":0.4,"phase2_color":"#FAE61E","phase3_population":85020,"phase3_percent":0.5,"phase3_color":"#E67800","phase4_population":34008,"phase4_percent":0.2,"phase4_color":"#C80000","phase5_population":0,"phase5_percent":0,"phase5_color":"#640000"}},{"type":"Feature","geometry":{"type":"Point","coordinates":[42.1408,4.0025],"admin_0_gaul":226,"admin_1_gaul":0,"admin_2_gaul":51346,"admin_0_faostat":201},"properties":{"aar_id":"1489","confidence_level":3,"ipc_period":"C","overall_phase":3,"population_min":"107738","population_percentage_min":"0.8","justification":"","prolonged_crisis":false,"population_phase_worse":null,"population_percentage_phase_worse":null,"anl_id":"87143416","admin_type":"idp","title":"Gedo Urban IDPs (Doolow)","view_level":"area","hide_settlement_labels":false,"hide_area_labels":false,"hide_area_borders":false,"show_area_popups":true,"color":"#E67800","estimated_population":"134672","phase1_population":26934,"phase1_percent":0.2,"phase1_color":"#CCFFCC","phase2_population":53869,"phase2_percent":0.4,"phase2_color":"#FAE61E","phase3_population":53869,"phase3_percent":0.4,"phase3_color":"#E67800","phase4_population":20201,"phase4_percent":0.15,"phase4_color":"#C80000","phase5_population":0,"phase5_percent":0,"phase5_color":"#640000"}},{"type":"Feature","geometry":{"type":"MultiPolygon","coordinates":[[[[45.9418,3.2535],[45.9411,3.2515],[45.9403,3.2515],[45.9418,3.2535]]],[[[46.2636,3.8203],[46.2672,3.84],[46.2698,3.8672],[46.2746,3.9047],[46.2774,3.9377],[46.2806,3.9663],[46.2843,3.9947],[46.2859,4.0224],[46.2874,4.0449],[46.2923,4.0611],[46.3039,4.0813],[46.3113,4.1044],[46.3218,4.1372],[46.3303,4.1625],[46.3386,4.1884],[46.3517,4.2124],[46.3637,4.2279],[46.376,4.2405],[46.3745,4.2529],[46.3969,4.2349],[46.4011,4.2315],[46.3911,3.8915],[46.2636,3.8203]]]],"admin_0_gaul":226,"admin_1_gaul":0,"admin_2_gaul":0,"admin_0_faostat":201},"properties":{"aar_id":"1490","confidence_level":1,"ipc_period":"C","overall_phase":3,"population_min":"1507","population_percentage_min":"0.6","justification":"","prolonged_crisis":false,"population_phase_worse":null,"population_percentage_phase_worse":null,"anl_id":"87143416","admin_type":"polygon","title":"Hiraan Cowpea Belt (Bulo Burto)","view_level":"area","hide_settlement_labels":false,"hide_area_labels":false,"hide_area_borders":false,"show_area_popups":true,"color":"#E67800","estimated_population":"2510","phase1_population":753,"phase1_percent":0.3,"phase1_color":"#CCFFCC","phase2_population":1004,"phase2_percent":0.4,"phase2_color":"#FAE61E","phase3_population":753,"phase3_percent":0.3,"phase3_color":"#E67800","phase4_population":126,"phase4_percent":0.05,"phase4_color":"#C80000","phase5_population":0,"phase5_percent":0,"phase5_color":"#640000"}},{"type":"Feature","geometry":{"type":"Polygon","coordinates":[[[46.1774,4.4105],[46.1531,4.3526],[46.1291,4.3466],[46.0569,4.3285],[45.9539,4.3732],[45.8822,4.425],[45.8613,4.4401],[45.768,4.5141],[45.674,4.5919],[45.5664,4.681],[45.4588,4.7755],[45.4295,4.777],[45.3849,4.8392],[45.3784,4.8569],[45.3787,4.8992],[45.382,4.9429],[45.3798,4.9833],[45.3675,5.0239],[45.3378,5.0785],[45.2845,5.1488],[45.2634,5.1667],[45.2397,5.182],[45.173,5.2091],[45.2947,5.3625],[45.4103,5.5369],[45.4827,5.4313],[45.6421,5.1985],[45.6555,5.1785],[45.7111,5.1115],[46.0411,5.0315],[46.2311,5.0815],[46.2299,5.0733],[46.2111,4.9415],[46.1111,4.7415],[46.1511,4.4315],[46.1774,4.4105]]],"admin_0_gaul":226,"admin_1_gaul":0,"admin_2_gaul":0,"admin_0_faostat":201},"properties":{"aar_id":"1491","confidence_level":1,"ipc_period":"C","overall_phase":2,"population_min":"14116","population_percentage_min":"0.3","justification":"","prolonged_crisis":false,"population_phase_worse":null,"population_percentage_phase_worse":null,"anl_id":"87143416","admin_type":"polygon","title":"Hiraan Hawd Pastoral","view_level":"area","hide_settlement_labels":false,"hide_area_labels":false,"hide_area_borders":false,"show_area_popups":true,"color":"#FAE61E","estimated_population":"47051","phase1_population":21173,"phase1_percent":0.45,"phase1_color":"#CCFFCC","phase2_population":18820,"phase2_percent":0.4,"phase2_color":"#FAE61E","phase3_population":7058,"phase3_percent":0.15,"phase3_color":"#E67800","phase4_population":2353,"phase4_percent":0.05,"phase4_color":"#C80000","phase5_population":0,"phase5_percent":0,"phase5_color":"#640000"}},{"type":"Feature","geometry":{"type":"Polygon","coordinates":[[[45.561,3.2916],[45.5698,3.316],[45.5764,3.3343],[45.5807,3.363],[45.5876,3.378],[45.5996,3.4003],[45.6081,3.4312],[45.6204,3.4621],[45.6254,3.4762],[45.6276,3.4909],[45.6272,3.5069],[45.6187,3.5265],[45.6057,3.5527],[45.6028,3.5609],[45.5965,3.5785],[45.5919,3.5976],[45.5898,3.6155],[45.5811,3.6316],[45.5645,3.6476],[45.5441,3.6598],[45.528,3.6725],[45.5177,3.6863],[45.5073,3.7034],[45.4959,3.7215],[45.478,3.7539],[45.4686,3.772],[45.4605,3.7925],[45.4581,3.816],[45.4613,3.8242],[45.468,3.8493],[45.47,3.869],[45.4674,3.9041],[45.4616,3.9313],[45.4805,4.0197],[45.4924,4.0748],[45.4459,4.1251],[45.4102,4.1072],[45.3798,4.1431],[45.3731,4.216],[45.3657,4.2451],[45.3549,4.2878],[45.3405,4.3442],[45.3387,4.3468],[45.3214,4.3713],[45.2697,4.448],[45.2457,4.5056],[45.2056,4.6053],[45.1799,4.6775],[45.1515,4.7216],[45.1391,4.7409],[45.1355,4.762],[45.1579,4.8098],[45.1252,4.8435],[45.0915,4.8484],[45.0506,4.8557],[45.0092,4.8633],[45.0001,4.8862],[44.9878,4.9265],[45.0515,5.0237],[45.0981,4.9756],[45.121,4.9549],[45.1418,4.923],[45.1714,4.8572],[45.1834,4.831],[45.1954,4.8081],[45.2044,4.7871],[45.2192,4.7436],[45.2305,4.7068],[45.2363,4.6791],[45.2432,4.6465],[45.252,4.6106],[45.2632,4.5767],[45.2835,4.5487],[45.2994,4.5182],[45.3217,4.4875],[45.3334,4.4697],[45.3412,4.4396],[45.35,4.4099],[45.3668,4.3819],[45.3844,4.3605],[45.3899,4.3539],[45.3973,4.3463],[45.426,4.2997],[45.4553,4.2473],[45.4721,4.2202],[45.4841,4.1997],[45.4902,4.1723],[45.4908,4.1513],[45.4977,4.1135],[45.5039,4.092],[45.5211,4.048],[45.5593,3.9819],[45.5774,3.938],[45.5903,3.8921],[45.6069,3.852],[45.6335,3.8178],[45.6566,3.7898],[45.676,3.7772],[45.704,3.7709],[45.7198,3.7683],[45.7379,3.7517],[45.7445,3.7086],[45.7427,3.6778],[45.737,3.6297],[45.7364,3.6076],[45.7464,3.565],[45.7465,3.5641],[45.7531,3.519],[45.7516,3.4738],[45.7443,3.4208],[45.7279,3.3879],[45.7031,3.3535],[45.6788,3.3183],[45.6776,3.3166],[45.6481,3.2757],[45.621,3.2412],[45.6095,3.2268],[45.5118,3.2195],[45.5388,3.2529],[45.561,3.2916]]],"admin_0_gaul":226,"admin_1_gaul":0,"admin_2_gaul":0,"admin_0_faostat":201},"properties":{"aar_id":"1492","confidence_level":2,"ipc_period":"C","overall_phase":3,"population_min":"26647","population_percentage_min":"0.6","justification":"","prolonged_crisis":false,"population_phase_worse":null,"population_percentage_phase_worse":null,"anl_id":"87143416","admin_type":"polygon","title":"Hiraan Riverine Pump and Gravity Irrigation","view_level":"area","hide_settlement_labels":false,"hide_area_labels":false,"hide_area_borders":false,"show_area_popups":true,"color":"#E67800","estimated_population":"44410","phase1_population":13323,"phase1_percent":0.3,"phase1_color":"#CCFFCC","phase2_population":17764,"phase2_percent":0.4,"phase2_color":"#FAE61E","phase3_population":13323,"phase3_percent":0.3,"phase3_color":"#E67800","phase4_population":2221,"phase4_percent":0.05,"phase4_color":"#C80000","phase5_population":0,"phase5_percent":0,"phase5_color":"#640000"}},{"type":"Feature","geometry":{"type":"MultiPolygon","coordinates":[[[[45.4238,3.2819],[45.467,3.3696],[45.4899,3.4339],[45.4961,3.4776],[45.4962,3.5559],[45.4943,3.5585],[45.4353,3.6363],[45.3719,3.7436],[45.3377,3.8509],[45.3377,3.9216],[45.3207,3.9947],[45.2927,4.0641],[45.2395,4.1898],[45.189,4.2995],[45.1884,4.3017],[45.1771,4.3424],[45.1524,4.4312],[45.111,4.5385],[45.0664,4.6064],[45.033,4.6701],[45.0232,4.7262],[44.9978,4.7889],[44.9612,4.8687],[44.9291,4.9196],[44.9302,4.9196],[44.9813,4.9173],[44.9817,4.9173],[44.9878,4.9265],[45.0001,4.8862],[45.0092,4.8633],[45.0506,4.8557],[45.0915,4.8484],[45.1252,4.8435],[45.1579,4.8098],[45.1355,4.762],[45.1391,4.7409],[45.1515,4.7216],[45.1799,4.6775],[45.2056,4.6053],[45.2457,4.5056],[45.2697,4.448],[45.3214,4.3713],[45.3387,4.3468],[45.3405,4.3442],[45.3549,4.2878],[45.3657,4.2451],[45.3731,4.216],[45.3798,4.1431],[45.4102,4.1072],[45.4459,4.1251],[45.4924,4.0748],[45.4805,4.0197],[45.4616,3.9313],[45.4674,3.9041],[45.47,3.869],[45.468,3.8493],[45.4613,3.8242],[45.4581,3.816],[45.4605,3.7925],[45.4686,3.772],[45.478,3.7539],[45.4959,3.7215],[45.5073,3.7034],[45.5177,3.6863],[45.528,3.6725],[45.5441,3.6598],[45.5645,3.6476],[45.5811,3.6316],[45.5898,3.6155],[45.5919,3.5976],[45.5965,3.5785],[45.6028,3.5609],[45.6057,3.5527],[45.6187,3.5265],[45.6272,3.5069],[45.6276,3.4909],[45.6254,3.4762],[45.6204,3.4621],[45.6081,3.4312],[45.5996,3.4003],[45.5876,3.378],[45.5807,3.363],[45.5764,3.3343],[45.5698,3.316],[45.561,3.2916],[45.5388,3.2529],[45.5118,3.2195],[45.3449,3.2071],[45.3301,3.2105],[45.3489,3.2271],[45.4238,3.2819]]],[[[45.6788,3.3183],[45.7031,3.3535],[45.7279,3.3879],[45.7443,3.4208],[45.7516,3.4738],[45.7531,3.519],[45.7465,3.5641],[45.7464,3.565],[45.7364,3.6076],[45.737,3.6297],[45.7427,3.6778],[45.7445,3.7086],[45.7379,3.7517],[45.7198,3.7683],[45.704,3.7709],[45.676,3.7772],[45.6566,3.7898],[45.6335,3.8178],[45.6069,3.852],[45.5903,3.8921],[45.5774,3.938],[45.5593,3.9819],[45.5211,4.048],[45.5039,4.092],[45.4977,4.1135],[45.4908,4.1513],[45.4902,4.1723],[45.4841,4.1997],[45.4721,4.2202],[45.4553,4.2473],[45.426,4.2997],[45.3973,4.3463],[45.3899,4.3539],[45.3844,4.3605],[45.3668,4.3819],[45.35,4.4099],[45.3412,4.4396],[45.3334,4.4697],[45.3217,4.4875],[45.2994,4.5182],[45.2835,4.5487],[45.2632,4.5767],[45.252,4.6106],[45.2432,4.6465],[45.2363,4.6791],[45.2305,4.7068],[45.2192,4.7436],[45.2044,4.7871],[45.1954,4.8081],[45.1834,4.831],[45.1714,4.8572],[45.1418,4.923],[45.121,4.9549],[45.0981,4.9756],[45.0515,5.0237],[45.1,5.0853],[45.1692,4.9726],[45.2135,4.8894],[45.2306,4.8348],[45.2443,4.7788],[45.2483,4.7624],[45.2515,4.7241],[45.2532,4.7037],[45.2945,4.623],[45.2996,4.6131],[45.3153,4.5926],[45.3433,4.5615],[45.3464,4.5357],[45.3533,4.5085],[45.3749,4.4584],[45.3792,4.4484],[45.3879,4.4057],[45.4233,4.3937],[45.4765,4.3756],[45.5265,4.3586],[45.5724,4.3478],[45.607,4.3396],[45.6254,4.3353],[45.641,4.3316],[45.6817,4.2906],[45.7121,4.2601],[45.7261,4.2225],[45.7454,4.1705],[45.7517,4.1538],[45.7529,4.1345],[45.7558,4.0895],[45.7609,4.0097],[45.7646,3.9526],[45.7676,3.9067],[45.7698,3.872],[45.7612,3.8587],[45.7509,3.8446],[45.7455,3.8282],[45.7459,3.8095],[45.7485,3.7961],[45.7555,3.777],[45.777,3.7394],[45.7932,3.7195],[45.8067,3.6899],[45.8115,3.6655],[45.8134,3.6297],[45.8128,3.5992],[45.8125,3.5685],[45.8126,3.5655],[45.8135,3.5387],[45.8174,3.4907],[45.8181,3.4518],[45.8167,3.4259],[45.8128,3.4051],[45.8169,3.3711],[45.8271,3.3381],[45.8358,3.3114],[45.8394,3.3008],[45.8547,3.2766],[45.8669,3.2638],[45.879,3.2469],[45.6095,3.2268],[45.621,3.2412],[45.6481,3.2757],[45.6776,3.3166],[45.6788,3.3183]]]],"admin_0_gaul":226,"admin_1_gaul":0,"admin_2_gaul":0,"admin_0_faostat":201},"properties":{"aar_id":"1493","confidence_level":1,"ipc_period":"C","overall_phase":3,"population_min":"146347","population_percentage_min":"0.8","justification":"","prolonged_crisis":false,"population_phase_worse":null,"population_percentage_phase_worse":null,"anl_id":"87143416","admin_type":"polygon","title":"Hiraan Southern Agro-Pastoral","view_level":"area","hide_settlement_labels":false,"hide_area_labels":false,"hide_area_borders":false,"show_area_popups":true,"color":"#E67800","estimated_population":"182934","phase1_population":64027,"phase1_percent":0.35,"phase1_color":"#CCFFCC","phase2_population":45734,"phase2_percent":0.25,"phase2_color":"#FAE61E","phase3_population":73174,"phase3_percent":0.4,"phase3_color":"#E67800","phase4_population":18293,"phase4_percent":0.1,"phase4_color":"#C80000","phase5_population":0,"phase5_percent":0,"phase5_color":"#640000"}},{"type":"Feature","geometry":{"type":"MultiPolygon","coordinates":[[[[45.4899,3.4339],[45.467,3.3696],[45.4238,3.2819],[45.3489,3.2271],[45.3301,3.2105],[45.3244,3.2055],[45.2971,3.2035],[45.2709,3.2015],[45.1509,3.2115],[45.0711,3.2515],[44.8799,3.2647],[44.7813,3.2715],[44.7804,3.2911],[44.7741,3.5711],[44.7709,3.7015],[44.7776,3.7371],[44.8014,3.8262],[44.7971,3.8404],[44.8011,3.8615],[44.7511,4.0715],[44.7497,4.0779],[44.6811,4.4115],[44.6777,4.4315],[44.6029,4.8717],[44.5921,4.9348],[44.883,4.9217],[44.9283,4.9197],[44.9291,4.9196],[44.9612,4.8687],[44.9978,4.7889],[45.0232,4.7262],[45.033,4.6701],[45.0664,4.6064],[45.111,4.5385],[45.1524,4.4312],[45.1771,4.3424],[45.1884,4.3017],[45.189,4.2995],[45.2395,4.1898],[45.2927,4.0641],[45.3207,3.9947],[45.3377,3.9216],[45.3377,3.8509],[45.3719,3.7436],[45.4353,3.6363],[45.4943,3.5585],[45.4962,3.5559],[45.4961,3.4776],[45.4899,3.4339]]],[[[46.0097,3.4575],[46.0087,3.4545],[46.0075,3.4507],[46.0067,3.4489],[46.0053,3.4441],[46.0039,3.4403],[46.0023,3.4355],[46.0017,3.4337],[46.0011,3.4319],[45.9995,3.4271],[45.9985,3.4243],[45.9973,3.4205],[45.9963,3.4175],[45.9951,3.4139],[45.9935,3.4091],[45.9925,3.4063],[45.9919,3.4043],[45.9903,3.3995],[45.9897,3.3977],[45.9885,3.3939],[45.9875,3.3911],[45.9865,3.3881],[45.9859,3.3863],[45.9609,3.3113],[45.9597,3.3075],[45.9418,3.2535],[45.9403,3.2515],[45.879,3.2469],[45.8669,3.2638],[45.8547,3.2766],[45.8394,3.3008],[45.8358,3.3114],[45.8271,3.3381],[45.8169,3.3711],[45.8128,3.4051],[45.8167,3.4259],[45.8181,3.4518],[45.8174,3.4907],[45.8135,3.5387],[45.8126,3.5655],[45.8125,3.5685],[45.8128,3.5992],[45.8134,3.6297],[45.8115,3.6655],[45.8067,3.6899],[45.7932,3.7195],[45.777,3.7394],[45.7555,3.777],[45.7485,3.7961],[45.7459,3.8095],[45.7455,3.8282],[45.7509,3.8446],[45.7612,3.8587],[45.7698,3.872],[45.7676,3.9067],[45.7646,3.9526],[45.7609,4.0097],[45.7558,4.0895],[45.7529,4.1345],[45.7517,4.1538],[45.7454,4.1705],[45.7261,4.2225],[45.7121,4.2601],[45.6817,4.2906],[45.641,4.3316],[45.6254,4.3353],[45.607,4.3396],[45.5724,4.3478],[45.5265,4.3586],[45.4765,4.3756],[45.4233,4.3937],[45.3879,4.4057],[45.3792,4.4484],[45.3749,4.4584],[45.3533,4.5085],[45.3464,4.5357],[45.3433,4.5615],[45.3153,4.5926],[45.2996,4.6131],[45.2945,4.623],[45.2532,4.7037],[45.2515,4.7241],[45.2483,4.7624],[45.2443,4.7788],[45.2306,4.8348],[45.2135,4.8894],[45.1692,4.9726],[45.1,5.0853],[45.1277,5.1243],[45.1453,5.1743],[45.173,5.2091],[45.2397,5.182],[45.2634,5.1667],[45.2845,5.1488],[45.3378,5.0785],[45.3675,5.0239],[45.3798,4.9833],[45.382,4.9429],[45.3787,4.8992],[45.3784,4.8569],[45.3849,4.8392],[45.4295,4.777],[45.4588,4.7755],[45.5664,4.681],[45.674,4.5919],[45.768,4.5141],[45.8613,4.4401],[45.8822,4.425],[45.9539,4.3732],[46.0569,4.3285],[46.1291,4.3466],[46.1531,4.3526],[46.1774,4.4105],[46.3745,4.2529],[46.376,4.2405],[46.3637,4.2279],[46.3517,4.2124],[46.3386,4.1884],[46.3303,4.1625],[46.3218,4.1372],[46.3113,4.1044],[46.3039,4.0813],[46.2923,4.0611],[46.2874,4.0449],[46.2859,4.0224],[46.2843,3.9947],[46.2806,3.9663],[46.2774,3.9377],[46.2746,3.9047],[46.2698,3.8672],[46.2672,3.84],[46.2636,3.8203],[46.2253,3.7989],[46.0911,3.5715],[46.0611,3.5315],[46.0309,3.4997],[46.0125,3.4659],[46.0115,3.4631],[46.0103,3.4593],[46.0097,3.4575]]]],"admin_0_gaul":226,"admin_1_gaul":0,"admin_2_gaul":0,"admin_0_faostat":201},"properties":{"aar_id":"1494","confidence_level":1,"ipc_period":"C","overall_phase":2,"population_min":"21899","population_percentage_min":"0.3","justification":"","prolonged_crisis":false,"population_phase_worse":null,"population_percentage_phase_worse":null,"anl_id":"87143416","admin_type":"polygon","title":"Hiraan Southern Inland Pastoral","view_level":"area","hide_settlement_labels":false,"hide_area_labels":false,"hide_area_borders":false,"show_area_popups":true,"color":"#FAE61E","estimated_population":"72996","phase1_population":29198,"phase1_percent":0.4,"phase1_color":"#CCFFCC","phase2_population":32848,"phase2_percent":0.45,"phase2_color":"#FAE61E","phase3_population":10949,"phase3_percent":0.15,"phase3_color":"#E67800","phase4_population":3650,"phase4_percent":0.05,"phase4_color":"#C80000","phase5_population":0,"phase5_percent":0,"phase5_color":"#640000"}},{"type":"Feature","geometry":{"type":"Point","coordinates":[45.3771,4.7167],"admin_0_gaul":226,"admin_1_gaul":0,"admin_2_gaul":0,"admin_0_faostat":201},"properties":{"aar_id":"1495","confidence_level":1,"ipc_period":"C","overall_phase":2,"population_min":"18146","population_percentage_min":"0.3","justification":"","prolonged_crisis":false,"population_phase_worse":null,"population_percentage_phase_worse":null,"anl_id":"87143416","admin_type":"urb","title":"Hiraan Urban (Belet Weyne)","view_level":"area","hide_settlement_labels":false,"hide_area_labels":false,"hide_area_borders":false,"show_area_popups":true,"color":"#FAE61E","estimated_population":"60485","phase1_population":15121,"phase1_percent":0.25,"phase1_color":"#CCFFCC","phase2_population":36291,"phase2_percent":0.6,"phase2_color":"#FAE61E","phase3_population":9073,"phase3_percent":0.15,"phase3_color":"#E67800","phase4_population":3024,"phase4_percent":0.05,"phase4_color":"#C80000","phase5_population":0,"phase5_percent":0,"phase5_color":"#640000"}},{"type":"Feature","geometry":{"type":"Point","coordinates":[45.5451,3.8191],"admin_0_gaul":226,"admin_1_gaul":0,"admin_2_gaul":0,"admin_0_faostat":201},"properties":{"aar_id":"1496","confidence_level":1,"ipc_period":"C","overall_phase":2,"population_min":"8736","population_percentage_min":"0.3","justification":"","prolonged_crisis":false,"population_phase_worse":null,"population_percentage_phase_worse":null,"anl_id":"87143416","admin_type":"urb","title":"Hiraan Urban (Bulo Burto and Jalalaqsi)","view_level":"area","hide_settlement_labels":false,"hide_area_labels":false,"hide_area_borders":false,"show_area_popups":true,"color":"#FAE61E","estimated_population":"29117","phase1_population":7279,"phase1_percent":0.25,"phase1_color":"#CCFFCC","phase2_population":17470,"phase2_percent":0.6,"phase2_color":"#FAE61E","phase3_population":4368,"phase3_percent":0.15,"phase3_color":"#E67800","phase4_population":1456,"phase4_percent":0.05,"phase4_color":"#C80000","phase5_population":0,"phase5_percent":0,"phase5_color":"#640000"}},{"type":"Feature","geometry":{"type":"Point","coordinates":[45.3771,4.7167],"admin_0_gaul":226,"admin_1_gaul":0,"admin_2_gaul":0,"admin_0_faostat":201},"properties":{"aar_id":"1497","confidence_level":1,"ipc_period":"C","overall_phase":4,"population_min":"96004","population_percentage_min":"1.2","justification":"","prolonged_crisis":false,"population_phase_worse":null,"population_percentage_phase_worse":null,"anl_id":"87143416","admin_type":"idp","title":"Hiraan Urban IDPs (Belet Weyne)","view_level":"area","hide_settlement_labels":false,"hide_area_labels":false,"hide_area_borders":false,"show_area_popups":true,"color":"#C80000","estimated_population":"80003","phase1_population":4000,"phase1_percent":0.05,"phase1_color":"#CCFFCC","phase2_population":28001,"phase2_percent":0.35,"phase2_color":"#FAE61E","phase3_population":48002,"phase3_percent":0.6000000000000001,"phase3_color":"#E67800","phase4_population":16001,"phase4_percent":0.2,"phase4_color":"#C80000","phase5_population":0,"phase5_percent":0,"phase5_color":"#640000"}},{"type":"Feature","geometry":{"type":"Point","coordinates":[45.5451,3.8191],"admin_0_gaul":226,"admin_1_gaul":0,"admin_2_gaul":0,"admin_0_faostat":201},"properties":{"aar_id":"1498","confidence_level":1,"ipc_period":"C","overall_phase":4,"population_min":"5370","population_percentage_min":"1","justification":"","prolonged_crisis":false,"population_phase_worse":null,"population_percentage_phase_worse":null,"anl_id":"87143416","admin_type":"idp","title":"Hiraan Urban IDPs (Bulo Burto and Jalalaqsi)","view_level":"area","hide_settlement_labels":false,"hide_area_labels":false,"hide_area_borders":false,"show_area_popups":true,"color":"#C80000","estimated_population":"5370","phase1_population":537,"phase1_percent":0.1,"phase1_color":"#CCFFCC","phase2_population":2148,"phase2_percent":0.4,"phase2_color":"#FAE61E","phase3_population":2685,"phase3_percent":0.5,"phase3_color":"#E67800","phase4_population":1074,"phase4_percent":0.2,"phase4_color":"#C80000","phase5_population":0,"phase5_percent":0,"phase5_color":"#640000"}},{"type":"Feature","geometry":{"type":"MultiPolygon","coordinates":[[[[41.8958,-0.9498],[41.8778,-0.9662],[41.8593,-0.9757],[41.8307,-0.9843],[41.8031,-0.9919],[41.7721,-0.9991],[41.7367,-1.005],[41.7117,-1.0082],[41.6935,-1.0097],[41.6698,-1.0147],[41.6473,-1.0205],[41.635,-1.0258],[41.6155,-1.0352],[41.5959,-1.0507],[41.5759,-1.0692],[41.5626,-1.0892],[41.551,-1.115],[41.5452,-1.1327],[41.5382,-1.1537],[41.5354,-1.1652],[41.5332,-1.1754],[41.5279,-1.1955],[41.5224,-1.2207],[41.5173,-1.249],[41.509,-1.2963],[41.5002,-1.34],[41.4934,-1.3803],[41.4866,-1.4216],[41.4756,-1.4643],[41.4744,-1.463],[41.4735,-1.465],[41.4668,-1.4572],[41.4596,-1.4478],[41.446,-1.4298],[41.3984,-1.3635],[41.3922,-1.3573],[41.3896,-1.3511],[41.3856,-1.3461],[41.3518,-1.3034],[41.309,-1.2459],[41.2915,-1.2224],[41.2719,-1.1938],[41.234,-1.1445],[41.2284,-1.1372],[41.1955,-1.0942],[41.1685,-1.0553],[41.1591,-1.0431],[41.1161,-0.9872],[41.0863,-0.9486],[41.0824,-0.943],[41.0335,-0.8731],[41.0259,-0.866],[41.0072,-0.8421],[41.001,-0.834],[41.0005,-0.7935],[40.9995,-0.7179],[40.9988,-0.6615],[40.9989,-0.5915],[40.9989,-0.5822],[41,-0.5719],[40.9988,-0.542],[41.0008,-0.5029],[40.9994,-0.4654],[40.9985,-0.4381],[40.9994,-0.4387],[40.9994,-0.4378],[41.0376,-0.4665],[41.08,-0.5019],[41.1289,-0.5232],[41.1615,-0.5222],[41.2241,-0.4895],[41.3388,-0.3998],[41.4163,-0.3424],[41.9144,-0.9159],[41.9151,-0.9193],[41.9111,-0.9273],[41.9044,-0.939],[41.8958,-0.9498]]],[[[41.7222,-0.2011],[41.7592,-0.2024],[41.7815,-0.2396],[41.7843,-0.2633],[41.8534,-0.2762],[41.9743,-0.3065],[42.0417,-0.322],[42.0934,-0.3356],[42.1713,-0.3632],[42.1424,-0.3808],[42.1125,-0.3986],[42.0917,-0.4129],[42.0747,-0.4271],[42.056,-0.4466],[42.0312,-0.4811],[42.0187,-0.5038],[42.0104,-0.5193],[41.9964,-0.5402],[41.9721,-0.5648],[41.9503,-0.5932],[41.941,-0.6199],[41.936,-0.6611],[41.9361,-0.6862],[41.9324,-0.7199],[41.9284,-0.7603],[41.9287,-0.7997],[41.9277,-0.8209],[41.9255,-0.839],[41.9154,-0.8476],[41.9083,-0.869],[41.9059,-0.8833],[41.9116,-0.9028],[41.9143,-0.9155],[41.4164,-0.3423],[41.4177,-0.3414],[41.494,-0.2705],[41.5746,-0.2294],[41.6299,-0.2136],[41.7222,-0.2011]]],[[[42.4955,-0.2341],[42.4756,-0.2322],[42.4298,-0.2236],[42.3652,-0.1836],[42.3089,-0.1498],[42.2551,-0.118],[42.213,-0.0824],[42.1647,-0.0417],[42.15,-0.0293],[42.1358,-0.0173],[42.0763,0.0324],[42.0256,0.0783],[41.9848,0.1173],[41.9744,0.1305],[41.9447,0.1203],[41.9157,0.1064],[41.8817,0.1034],[41.8448,0.1018],[41.8043,0.0867],[41.7724,0.0751],[41.743,0.0809],[41.7108,0.0881],[41.6749,0.0822],[41.6373,0.0652],[41.6047,0.0338],[41.5718,-0.0063],[41.549,-0.0235],[41.5141,-0.0274],[41.492,-0.023],[41.4491,-0.0102],[41.4101,0.0037],[41.3755,0.0099],[41.3434,0.0045],[41.2894,-0.0055],[41.2516,-0.009],[41.216,-0.0057],[41.1948,0.0065],[41.1887,0.0262],[41.1926,0.0503],[41.2078,0.0896],[41.2407,0.136],[41.2844,0.1632],[41.3137,0.1883],[41.3416,0.2186],[41.3165,0.2157],[41.2935,0.2172],[41.2548,0.2334],[41.2244,0.2459],[41.2038,0.2667],[41.1818,0.289],[41.1409,0.2965],[41.0968,0.2948],[41.0554,0.3043],[41.0576,0.3413],[41.0673,0.3602],[41.0826,0.3628],[41.1098,0.3685],[41.1365,0.4002],[41.1649,0.4429],[41.1993,0.4948],[41.2225,0.5365],[41.2617,0.588],[41.3041,0.6262],[41.3465,0.6638],[41.3981,0.6964],[41.4279,0.7184],[41.4576,0.7505],[41.4796,0.7702],[41.5071,0.7845],[41.5303,0.8017],[41.5528,0.8232],[41.5759,0.8442],[41.6002,0.8639],[41.6197,0.8838],[41.6483,0.9088],[41.6753,0.9313],[41.7056,0.9524],[41.7421,0.9722],[41.7927,0.9988],[41.8218,1.0153],[41.8376,1.015],[41.8789,0.9888],[41.9114,0.9922],[41.9514,1.0063],[41.971,1.0104],[41.9929,1.0005],[42.0277,0.9782],[42.0643,0.9701],[42.0706,0.9656],[42.0458,0.9333],[42.0104,0.9091],[41.9809,0.9007],[41.9577,0.8741],[41.9411,0.8309],[41.9411,0.7976],[41.951,0.7511],[41.9824,0.7416],[42.0056,0.7345],[42.0216,0.7295],[42.0604,0.7295],[42.1176,0.7295],[42.2101,0.7604],[42.2386,0.7604],[42.2736,0.7604],[42.3157,0.7604],[42.3408,0.757],[42.3472,0.7719],[42.36,0.7836],[42.3775,0.7911],[42.3906,0.7846],[42.3997,0.774],[42.4012,0.7804],[42.4185,0.7807],[42.4504,0.7697],[42.4863,0.7559],[42.5106,0.7533],[42.5268,0.7579],[42.5343,0.779],[42.5328,0.7935],[42.5183,0.815],[42.5073,0.8432],[42.5015,0.8822],[42.5097,0.9219],[42.5234,0.951],[42.5318,0.9615],[42.5404,0.9687],[42.5451,0.9731],[42.5478,0.9711],[42.5481,0.9693],[42.555,0.9342],[42.566,0.8853],[42.5774,0.8389],[42.5883,0.7997],[42.5957,0.7628],[42.6079,0.7284],[42.6244,0.6946],[42.6364,0.6453],[42.6388,0.6242],[42.6354,0.5766],[42.6325,0.5271],[42.6409,0.4893],[42.6621,0.4396],[42.6692,0.421],[42.683,0.3996],[42.6975,0.3706],[42.7111,0.3347],[42.7154,0.3152],[42.7197,0.2954],[42.7023,0.3],[42.7003,0.3005],[42.6458,0.3169],[42.5672,0.3406],[42.5283,0.3434],[42.4929,0.3423],[42.4216,0.3355],[42.3821,0.3195],[42.3625,0.2903],[42.3522,0.2575],[42.348,0.2267],[42.3488,0.184],[42.3589,0.1337],[42.3801,0.0831],[42.403,0.0373],[42.4261,-0.0161],[42.4286,-0.0211],[42.4456,-0.0557],[42.4707,-0.111],[42.4894,-0.1597],[42.4969,-0.2009],[42.4955,-0.2341]]],[[[43.1512,0.844],[43.1445,0.7816],[43.1419,0.7662],[43.1426,0.7646],[43.1417,0.7642],[43.1403,0.7459],[43.1379,0.715],[43.1303,0.6772],[43.1194,0.6423],[43.1115,0.6224],[43.0951,0.5976],[43.0743,0.5808],[43.0618,0.5821],[43.0448,0.5953],[43.0365,0.6082],[43.0338,0.6246],[43.0182,0.6118],[43.0167,0.6115],[42.9984,0.6364],[42.9809,0.6337],[42.9224,0.6248],[42.9002,0.5843],[42.9025,0.5713],[42.825,0.5469],[42.7835,0.5298],[42.7855,0.5506],[42.7818,0.5914],[42.7745,0.6206],[42.7729,0.6537],[42.7665,0.6872],[42.7406,0.7349],[42.7167,0.796],[42.7154,0.7993],[42.7148,0.8241],[42.7082,0.8477],[42.6631,0.8936],[42.6547,0.9093],[42.6553,0.968],[42.6505,0.9991],[42.636,1.0301],[42.6279,1.0632],[42.6222,1.0961],[42.6303,1.1322],[42.6285,1.1559],[42.6281,1.1616],[42.6212,1.1965],[42.6148,1.2333],[42.6057,1.2544],[42.5806,1.2871],[42.5551,1.3133],[42.5549,1.3226],[42.5915,1.3276],[42.6412,1.3339],[42.6931,1.3404],[42.7173,1.3263],[42.749,1.3077],[42.7925,1.2887],[42.8447,1.2702],[42.8905,1.2612],[42.9378,1.2632],[42.9707,1.2646],[43.0123,1.2845],[43.0393,1.2974],[43.0558,1.3016],[43.07,1.3051],[43.0743,1.3233],[43.2422,1.0745],[43.2142,1.0291],[43.2093,1.0227],[43.2056,1.0178],[43.1961,0.9759],[43.1795,0.9361],[43.1621,0.8822],[43.1512,0.844]]]],"admin_0_gaul":226,"admin_1_gaul":0,"admin_2_gaul":0,"admin_0_faostat":201},"properties":{"aar_id":"1499","confidence_level":2,"ipc_period":"C","overall_phase":3,"population_min":"102015","population_percentage_min":"0.7","justification":"","prolonged_crisis":false,"population_phase_worse":null,"population_percentage_phase_worse":null,"anl_id":"87143416","admin_type":"polygon","title":"Juba Pastoral (M Juba and L Juba)","view_level":"area","hide_settlement_labels":false,"hide_area_labels":false,"hide_area_borders":false,"show_area_popups":true,"color":"#E67800","estimated_population":"145736","phase1_population":43721,"phase1_percent":0.3,"phase1_color":"#CCFFCC","phase2_population":51008,"phase2_percent":0.35,"phase2_color":"#FAE61E","phase3_population":51008,"phase3_percent":0.35,"phase3_color":"#E67800","phase4_population":21860,"phase4_percent":0.15,"phase4_color":"#C80000","phase5_population":0,"phase5_percent":0,"phase5_color":"#640000"}},{"type":"Feature","geometry":{"type":"MultiPolygon","coordinates":[[[[42.6406,-0.1707],[42.6393,-0.1996],[42.6478,-0.2399],[42.6477,-0.24],[42.6459,-0.2412],[42.6457,-0.2416],[42.6437,-0.2431],[42.6415,-0.2433],[42.6395,-0.2434],[42.6383,-0.2446],[42.6373,-0.2462],[42.6361,-0.2487],[42.6359,-0.2483],[42.6357,-0.2491],[42.6359,-0.2498],[42.6357,-0.2502],[42.6339,-0.2516],[42.6321,-0.2533],[42.6319,-0.2534],[42.6317,-0.2536],[42.6299,-0.255],[42.6277,-0.2561],[42.6261,-0.2573],[42.6253,-0.2581],[42.6245,-0.2586],[42.6235,-0.2595],[42.6219,-0.2608],[42.6211,-0.2614],[42.6203,-0.2619],[42.6197,-0.2627],[42.6191,-0.2632],[42.6179,-0.2641],[42.6173,-0.2647],[42.6167,-0.2654],[42.6161,-0.2658],[42.6155,-0.2663],[42.6151,-0.2668],[42.6149,-0.2671],[42.6147,-0.2672],[42.6141,-0.2681],[42.6133,-0.2687],[42.6125,-0.2694],[42.6121,-0.27],[42.6117,-0.2708],[42.6119,-0.2712],[42.6121,-0.2713],[42.6065,-0.2765],[42.6053,-0.2785],[42.6051,-0.2788],[42.6037,-0.2809],[42.6035,-0.2813],[42.6034,-0.2816],[42.6005,-0.2865],[42.5997,-0.287],[42.5995,-0.2871],[42.5977,-0.289],[42.5965,-0.2906],[42.5952,-0.2921],[42.5882,-0.2732],[42.5775,-0.2577],[42.568,-0.2411],[42.5501,-0.2327],[42.5216,-0.2327],[42.4954,-0.2359],[42.4955,-0.2341],[42.4969,-0.2009],[42.4894,-0.1597],[42.4707,-0.111],[42.4456,-0.0557],[42.4286,-0.021],[42.4261,-0.0161],[42.403,0.0373],[42.3801,0.0831],[42.3589,0.1337],[42.3488,0.184],[42.348,0.2267],[42.3522,0.2575],[42.3625,0.2903],[42.3821,0.3195],[42.4216,0.3355],[42.4929,0.3423],[42.5283,0.3434],[42.5672,0.3406],[42.6458,0.3169],[42.7003,0.3005],[42.7023,0.3],[42.7197,0.2954],[42.7154,0.3152],[42.7111,0.3347],[42.6975,0.3706],[42.683,0.3996],[42.6692,0.421],[42.6621,0.4396],[42.6409,0.4893],[42.6325,0.5271],[42.6354,0.5766],[42.6388,0.6242],[42.6364,0.6453],[42.6244,0.6946],[42.6079,0.7284],[42.5957,0.7628],[42.5883,0.7997],[42.5774,0.8389],[42.566,0.8853],[42.555,0.9342],[42.5481,0.9693],[42.5478,0.9711],[42.5477,0.9715],[42.5427,0.9974],[42.5287,1.049],[42.5137,1.1021],[42.5077,1.1404],[42.5063,1.1468],[42.6285,1.1559],[42.6303,1.1322],[42.6222,1.0961],[42.6279,1.0632],[42.636,1.0301],[42.6505,0.9991],[42.6553,0.968],[42.6547,0.9093],[42.6631,0.8936],[42.7082,0.8477],[42.7148,0.8241],[42.7154,0.7993],[42.7167,0.796],[42.7406,0.7349],[42.7665,0.6872],[42.7729,0.6537],[42.7745,0.6206],[42.7818,0.5914],[42.7855,0.5506],[42.7835,0.5298],[42.825,0.5469],[42.9025,0.5713],[42.9002,0.5843],[42.9224,0.6248],[42.9809,0.6337],[42.9984,0.6364],[43.0167,0.6115],[43.0173,0.6107],[43.0077,0.5895],[43.0185,0.5891],[43.0403,0.5407],[42.9826,0.4368],[42.935,0.3492],[42.9204,0.3188],[42.8945,0.2649],[42.8844,0.244],[42.8414,0.222],[42.8321,0.1801],[42.8198,0.1232],[42.8054,0.0696],[42.8483,0.0919],[42.8902,0.088],[42.8769,0.0536],[42.8418,0.0095],[42.8178,-0.0208],[42.8008,-0.0421],[42.7591,-0.0706],[42.7041,-0.109],[42.6776,-0.1339],[42.6499,-0.112],[42.6776,-0.134],[42.6607,-0.1498],[42.6406,-0.1707]]],[[[43.3736,0.8485],[43.3557,0.8289],[43.3339,0.8093],[43.3136,0.7935],[43.2879,0.7782],[43.2651,0.7672],[43.2503,0.7621],[43.236,0.7576],[43.2223,0.7559],[43.2076,0.7574],[43.2005,0.7608],[43.195,0.7666],[43.1896,0.779],[43.1908,0.793],[43.1997,0.8105],[43.2114,0.8295],[43.2258,0.8572],[43.2378,0.8883],[43.2463,0.9265],[43.2508,0.9454],[43.2587,0.9595],[43.2705,0.9752],[43.2828,0.9855],[43.2989,0.9933],[43.3397,0.9373],[43.3511,0.9219],[43.3869,0.8698],[43.3862,0.8685],[43.3736,0.8485]]]],"admin_0_gaul":226,"admin_1_gaul":0,"admin_2_gaul":0,"admin_0_faostat":201},"properties":{"aar_id":"1500","confidence_level":2,"ipc_period":"C","overall_phase":3,"population_min":"105353","population_percentage_min":"0.6","justification":"","prolonged_crisis":false,"population_phase_worse":null,"population_percentage_phase_worse":null,"anl_id":"87143416","admin_type":"polygon","title":"Juba Riverine Gravity Irrigation (L Juba & M Juba)","view_level":"area","hide_settlement_labels":false,"hide_area_labels":false,"hide_area_borders":false,"show_area_popups":true,"color":"#E67800","estimated_population":"175589","phase1_population":52677,"phase1_percent":0.3,"phase1_color":"#CCFFCC","phase2_population":70236,"phase2_percent":0.4,"phase2_color":"#FAE61E","phase3_population":52677,"phase3_percent":0.3,"phase3_color":"#E67800","phase4_population":8779,"phase4_percent":0.05,"phase4_color":"#C80000","phase5_population":0,"phase5_percent":0,"phase5_color":"#640000"}},{"type":"Feature","geometry":{"type":"Polygon","coordinates":[[[42.4378,1.2954],[42.4235,1.3214],[42.42,1.3277],[42.4004,1.3635],[42.3851,1.3964],[42.3815,1.4134],[42.3763,1.4381],[42.3763,1.4776],[42.375,1.5059],[42.3746,1.5146],[42.3724,1.5641],[42.3725,1.5909],[42.3702,1.6001],[42.37,1.6009],[42.3609,1.6352],[42.3522,1.6592],[42.3313,1.6963],[42.314,1.7215],[42.2915,1.7429],[42.2744,1.7617],[42.2541,1.7931],[42.249,1.8084],[42.2446,1.833],[42.2404,1.8587],[42.2317,1.8864],[42.2188,1.9277],[42.211,1.9492],[42.3431,1.951],[42.3437,1.9487],[42.3575,1.9249],[42.3632,1.9005],[42.3668,1.8655],[42.3897,1.8236],[42.3971,1.7973],[42.4128,1.7672],[42.4352,1.7461],[42.4692,1.7028],[42.4843,1.6694],[42.4946,1.6331],[42.4982,1.625],[42.5113,1.5958],[42.5251,1.5183],[42.5279,1.4997],[42.5409,1.4118],[42.5541,1.3525],[42.5549,1.3226],[42.5551,1.3133],[42.5806,1.2871],[42.6057,1.2544],[42.6148,1.2333],[42.6212,1.1965],[42.6281,1.1616],[42.6285,1.1559],[42.5063,1.1468],[42.5003,1.1739],[42.4777,1.2279],[42.4622,1.2627],[42.4525,1.2858],[42.4402,1.2938],[42.4378,1.2954]]],"admin_0_gaul":226,"admin_1_gaul":0,"admin_2_gaul":0,"admin_0_faostat":201},"properties":{"aar_id":"1501","confidence_level":1,"ipc_period":"C","overall_phase":3,"population_min":"78528","population_percentage_min":"0.8","justification":"","prolonged_crisis":false,"population_phase_worse":null,"population_percentage_phase_worse":null,"anl_id":"87143416","admin_type":"polygon","title":"Juba Riverine Pump and Gravity Irrigation (M Juba)","view_level":"area","hide_settlement_labels":false,"hide_area_labels":false,"hide_area_borders":false,"show_area_popups":true,"color":"#E67800","estimated_population":"98161","phase1_population":14724,"phase1_percent":0.15,"phase1_color":"#CCFFCC","phase2_population":44172,"phase2_percent":0.45,"phase2_color":"#FAE61E","phase3_population":39264,"phase3_percent":0.4,"phase3_color":"#E67800","phase4_population":14724,"phase4_percent":0.15,"phase4_color":"#C80000","phase5_population":0,"phase5_percent":0,"phase5_color":"#640000"}},{"type":"Feature","geometry":{"type":"Polygon","coordinates":[[[43.0743,1.3233],[43.07,1.3051],[43.0558,1.3016],[43.0393,1.2974],[43.0123,1.2845],[42.9707,1.2646],[42.9378,1.2632],[42.8905,1.2612],[42.8447,1.2702],[42.7925,1.2887],[42.749,1.3077],[42.7173,1.3263],[42.6931,1.3404],[42.6412,1.3339],[42.5915,1.3276],[42.5549,1.3226],[42.5541,1.3525],[42.5409,1.4118],[42.5279,1.4997],[42.5251,1.5183],[42.5113,1.5958],[42.4982,1.625],[42.4946,1.6331],[42.4843,1.6694],[42.4692,1.7028],[42.4352,1.7461],[42.4128,1.7672],[42.3971,1.7973],[42.3897,1.8236],[42.3668,1.8655],[42.3632,1.9005],[42.3575,1.9249],[42.3437,1.9487],[42.3431,1.951],[42.4009,1.9517],[42.4563,1.9195],[42.4579,1.9185],[42.4597,1.9175],[42.4623,1.9159],[42.4641,1.9149],[42.4657,1.9139],[42.5209,1.8817],[42.5675,1.8377],[42.5689,1.8363],[42.5711,1.8343],[42.5725,1.8329],[42.5747,1.8307],[42.5769,1.8287],[42.5791,1.8267],[42.5805,1.8253],[42.5827,1.8233],[42.5849,1.8211],[42.5863,1.8199],[42.5879,1.8185],[42.5899,1.8163],[42.5915,1.8149],[42.5937,1.8129],[42.5957,1.8109],[42.5979,1.8087],[42.5995,1.8075],[42.6015,1.8053],[42.6037,1.8033],[42.6059,1.8013],[42.6075,1.7999],[42.6095,1.7977],[42.6117,1.7957],[42.6139,1.7937],[42.6153,1.7923],[42.6175,1.7903],[42.6197,1.7881],[42.6219,1.7861],[42.6233,1.7847],[42.6255,1.7827],[42.6277,1.7807],[42.6299,1.7785],[42.6313,1.7771],[42.6335,1.7751],[42.6357,1.7731],[42.6379,1.7709],[42.6393,1.7695],[42.6415,1.7675],[42.6437,1.7655],[42.6459,1.7635],[42.6473,1.7621],[42.6495,1.7599],[42.6517,1.7579],[42.6539,1.7559],[42.6553,1.7545],[42.6575,1.7525],[42.6597,1.7503],[42.6619,1.7483],[42.6633,1.7469],[42.6655,1.7449],[42.6677,1.7427],[42.6697,1.7407],[42.6713,1.7393],[42.6735,1.7373],[42.6757,1.7353],[42.6777,1.7331],[42.6793,1.7317],[42.6815,1.7297],[42.6835,1.7277],[42.6857,1.7255],[42.6873,1.7243],[42.6893,1.7221],[42.6915,1.7201],[42.6937,1.7181],[42.6953,1.7167],[42.6973,1.7145],[42.6995,1.7125],[42.7017,1.7105],[42.7031,1.7091],[42.7053,1.7071],[42.7075,1.7049],[42.7091,1.7037],[42.7105,1.7021],[42.7127,1.7001],[42.7141,1.6987],[42.7163,1.6967],[42.7185,1.6947],[42.7207,1.6927],[42.7221,1.6913],[42.7243,1.6891],[42.7265,1.6871],[42.7287,1.6851],[42.7301,1.6837],[42.7323,1.6815],[42.7345,1.6795],[42.7365,1.6775],[42.7381,1.6761],[42.7403,1.6739],[42.7425,1.6719],[42.7445,1.6699],[42.7461,1.6685],[42.7483,1.6665],[42.7503,1.6645],[42.7525,1.6623],[42.7541,1.6609],[42.7563,1.6589],[42.7583,1.6569],[42.7605,1.6547],[42.7621,1.6535],[42.7641,1.6513],[42.7663,1.6493],[42.7685,1.6473],[42.7701,1.6459],[42.7721,1.6437],[42.7743,1.6417],[42.7765,1.6397],[42.7779,1.6383],[42.7801,1.6363],[42.7823,1.6341],[42.7845,1.6321],[42.7859,1.6307],[42.7881,1.6287],[42.7903,1.6265],[42.7925,1.6245],[42.7939,1.6231],[42.7961,1.6211],[42.7983,1.6191],[42.8005,1.6169],[42.8019,1.6155],[42.8041,1.6135],[42.8063,1.6115],[42.8085,1.6095],[42.8099,1.6081],[42.8121,1.6059],[42.8143,1.6039],[42.8165,1.6019],[42.8179,1.6005],[42.8201,1.5983],[42.8223,1.5963],[42.8237,1.5949],[42.8251,1.5935],[42.8273,1.5915],[42.8287,1.5901],[42.8309,1.5881],[42.8331,1.5861],[42.8353,1.5839],[42.8367,1.5825],[42.8389,1.5805],[42.8411,1.5785],[42.8433,1.5765],[42.8447,1.5751],[42.8469,1.5729],[42.8491,1.5709],[42.8513,1.5689],[42.8527,1.5675],[42.8549,1.5655],[42.9009,1.5217],[42.9533,1.4825],[42.9809,1.4617],[43.0743,1.3233]]],"admin_0_gaul":226,"admin_1_gaul":0,"admin_2_gaul":0,"admin_0_faostat":201},"properties":{"aar_id":"1502","confidence_level":2,"ipc_period":"C","overall_phase":3,"population_min":"16419","population_percentage_min":"0.5","justification":"","prolonged_crisis":false,"population_phase_worse":null,"population_percentage_phase_worse":null,"anl_id":"87143416","admin_type":"polygon","title":"Juba Sorghum High Potential Agropastoral (M Juba)","view_level":"area","hide_settlement_labels":false,"hide_area_labels":false,"hide_area_borders":false,"show_area_popups":true,"color":"#E67800","estimated_population":"32837","phase1_population":9851,"phase1_percent":0.3,"phase1_color":"#CCFFCC","phase2_population":14777,"phase2_percent":0.45,"phase2_color":"#FAE61E","phase3_population":8209,"phase3_percent":0.25,"phase3_color":"#E67800","phase4_population":3284,"phase4_percent":0.1,"phase4_color":"#C80000","phase5_population":0,"phase5_percent":0,"phase5_color":"#640000"}},{"type":"Feature","geometry":{"type":"Polygon","coordinates":[[[42.4378,1.2954],[42.4402,1.2938],[42.4525,1.2858],[42.4622,1.2627],[42.4777,1.2279],[42.5003,1.1739],[42.5063,1.1468],[42.5077,1.1404],[42.5137,1.1021],[42.5287,1.049],[42.5427,0.9974],[42.5477,0.9715],[42.5478,0.9711],[42.5451,0.9731],[42.5404,0.9687],[42.5318,0.9615],[42.5234,0.951],[42.5097,0.9219],[42.5015,0.8822],[42.5073,0.8432],[42.5183,0.815],[42.5328,0.7935],[42.5343,0.779],[42.5268,0.7579],[42.5106,0.7533],[42.4863,0.7559],[42.4504,0.7697],[42.4185,0.7807],[42.4012,0.7804],[42.3997,0.774],[42.3906,0.7846],[42.3775,0.7911],[42.36,0.7836],[42.3472,0.7719],[42.3408,0.757],[42.3157,0.7604],[42.2736,0.7604],[42.2386,0.7604],[42.2101,0.7604],[42.1176,0.7295],[42.0604,0.7295],[42.0216,0.7295],[42.0056,0.7345],[41.9824,0.7416],[41.951,0.7511],[41.9411,0.7976],[41.9411,0.8309],[41.9577,0.8741],[41.9809,0.9007],[42.0104,0.9091],[42.0458,0.9333],[42.0706,0.9656],[42.0854,0.9699],[42.1075,0.9822],[42.1342,0.9961],[42.1642,1.0102],[42.1833,1.0162],[42.2115,1.0213],[42.2207,1.0214],[42.2307,1.0229],[42.24,1.023],[42.2483,1.0238],[42.2658,1.0242],[42.2806,1.0233],[42.2868,1.0229],[42.2834,1.0277],[42.2791,1.032],[42.2719,1.0393],[42.2692,1.0431],[42.2629,1.0568],[42.2632,1.0641],[42.2655,1.0742],[42.271,1.0859],[42.2723,1.098],[42.2682,1.1128],[42.2653,1.1167],[42.2532,1.1232],[42.2469,1.126],[42.2368,1.1321],[42.2293,1.1368],[42.2217,1.1434],[42.2202,1.1492],[42.2181,1.1608],[42.2137,1.1674],[42.2083,1.1736],[42.1938,1.1811],[42.1865,1.1897],[42.1757,1.203],[42.1742,1.2078],[42.1736,1.2168],[42.1735,1.2247],[42.1694,1.2371],[42.1641,1.2399],[42.1593,1.2408],[42.1487,1.2474],[42.1276,1.2731],[42.1163,1.3028],[42.1177,1.3063],[42.139,1.3605],[42.14,1.3779],[42.1436,1.4457],[42.1484,1.5341],[42.1523,1.6075],[42.1408,1.6667],[42.129,1.7279],[42.1154,1.7873],[42.0935,1.8529],[42.0701,1.8985],[42.0489,1.9254],[42.047,1.9471],[42.211,1.9492],[42.2188,1.9277],[42.2317,1.8864],[42.2404,1.8587],[42.2446,1.833],[42.249,1.8084],[42.2541,1.7931],[42.2744,1.7617],[42.2915,1.7429],[42.314,1.7215],[42.3313,1.6963],[42.3522,1.6592],[42.3609,1.6352],[42.37,1.6009],[42.3702,1.6001],[42.3725,1.5909],[42.3724,1.5641],[42.3746,1.5146],[42.375,1.5059],[42.3763,1.4776],[42.3763,1.4381],[42.3815,1.4134],[42.3851,1.3964],[42.4004,1.3635],[42.42,1.3277],[42.4235,1.3214],[42.4378,1.2954]]],"admin_0_gaul":226,"admin_1_gaul":0,"admin_2_gaul":0,"admin_0_faostat":201},"properties":{"aar_id":"1503","confidence_level":1,"ipc_period":"C","overall_phase":2,"population_min":"19694","population_percentage_min":"0.3","justification":"","prolonged_crisis":false,"population_phase_worse":null,"population_percentage_phase_worse":null,"anl_id":"87143416","admin_type":"polygon","title":"Juba Southern Agro-Pastoral (M Juba and L Juba)","view_level":"area","hide_settlement_labels":false,"hide_area_labels":false,"hide_area_borders":false,"show_area_popups":true,"color":"#FAE61E","estimated_population":"65649","phase1_population":29542,"phase1_percent":0.45,"phase1_color":"#CCFFCC","phase2_population":26260,"phase2_percent":0.4,"phase2_color":"#FAE61E","phase3_population":9847,"phase3_percent":0.15,"phase3_color":"#E67800","phase4_population":0,"phase4_percent":0,"phase4_color":"#C80000","phase5_population":0,"phase5_percent":0,"phase5_color":"#640000"}},{"type":"Feature","geometry":{"type":"MultiPolygon","coordinates":[[[[41.7753,-1.3541],[41.7524,-1.3786],[41.7514,-1.3796],[41.7507,-1.3803],[41.7505,-1.3805],[41.7502,-1.3808],[41.7478,-1.3895],[41.7477,-1.39],[41.7477,-1.3901],[41.7474,-1.3912],[41.7332,-1.4107],[41.7217,-1.4319],[41.7193,-1.4363],[41.7051,-1.4585],[41.6981,-1.4729],[41.6973,-1.4745],[41.6961,-1.4765],[41.6895,-1.4872],[41.6748,-1.5112],[41.6602,-1.5349],[41.6315,-1.578],[41.6192,-1.585],[41.6165,-1.588],[41.6163,-1.5882],[41.6161,-1.5884],[41.6153,-1.5892],[41.6095,-1.6012],[41.5992,-1.615],[41.5991,-1.6151],[41.5989,-1.6153],[41.594,-1.6255],[41.5927,-1.6283],[41.5936,-1.6297],[41.5937,-1.6297],[41.594,-1.6297],[41.5989,-1.6301],[41.601,-1.6354],[41.5986,-1.6411],[41.5979,-1.643],[41.5922,-1.6483],[41.591,-1.6477],[41.5901,-1.6472],[41.5893,-1.6452],[41.5867,-1.6386],[41.5825,-1.6392],[41.5822,-1.6395],[41.5757,-1.6457],[41.5733,-1.6508],[41.5688,-1.6603],[41.5672,-1.6621],[41.5673,-1.6469],[41.5679,-1.5912],[41.5616,-1.5828],[41.5635,-1.5821],[41.5764,-1.5767],[41.609,-1.5522],[41.6291,-1.524],[41.6439,-1.4969],[41.6783,-1.4425],[41.7076,-1.3988],[41.7337,-1.3619],[41.7509,-1.3362],[41.7757,-1.3046],[41.8,-1.2725],[41.8146,-1.2569],[41.8354,-1.2417],[41.8411,-1.24],[41.841,-1.2402],[41.841,-1.2403],[41.8354,-1.2523],[41.8347,-1.2537],[41.8323,-1.2581],[41.8228,-1.2746],[41.8085,-1.2997],[41.8013,-1.3122],[41.7892,-1.3318],[41.7753,-1.3541]]],[[[42.1417,-0.8861],[42.1413,-0.8877],[42.1377,-0.8885],[42.1331,-0.8827],[42.1339,-0.8786],[42.1347,-0.8772],[42.1377,-0.8719],[42.1395,-0.8698],[42.1399,-0.8694],[42.1447,-0.8642],[42.1581,-0.8551],[42.1582,-0.8549],[42.1583,-0.8548],[42.1619,-0.8495],[42.1623,-0.8484],[42.1656,-0.8378],[42.1657,-0.8378],[42.1745,-0.8392],[42.1747,-0.839],[42.1749,-0.839],[42.1795,-0.8291],[42.183,-0.8253],[42.1906,-0.8232],[42.1907,-0.8231],[42.1909,-0.823],[42.1985,-0.8138],[42.2176,-0.7963],[42.2197,-0.7944],[42.2222,-0.7957],[42.2198,-0.8006],[42.2071,-0.8136],[42.197,-0.8236],[42.1861,-0.8313],[42.1801,-0.8422],[42.1784,-0.8438],[42.1755,-0.8468],[42.1655,-0.8532],[42.1644,-0.8538],[42.1602,-0.861],[42.155,-0.8659],[42.1547,-0.866],[42.1477,-0.8686],[42.1477,-0.8687],[42.1475,-0.8687],[42.1448,-0.8724],[42.1443,-0.873],[42.1443,-0.8731],[42.1441,-0.8734],[42.1417,-0.8861]]],[[[42.2259,-0.7898],[42.2245,-0.7878],[42.2257,-0.7862],[42.2323,-0.7776],[42.233,-0.7772],[42.2357,-0.7756],[42.2385,-0.7765],[42.2394,-0.7781],[42.2378,-0.7813],[42.2292,-0.79],[42.2259,-0.7898]]],[[[42.2551,-0.75],[42.2507,-0.7508],[42.2485,-0.7483],[42.2505,-0.7441],[42.2505,-0.744],[42.2563,-0.7407],[42.2586,-0.7452],[42.2573,-0.748],[42.2551,-0.75]]],[[[42.2826,-0.7238],[42.2767,-0.7336],[42.273,-0.7363],[42.2682,-0.7396],[42.2634,-0.7449],[42.2625,-0.7458],[42.2645,-0.7387],[42.2651,-0.738],[42.2731,-0.7265],[42.2785,-0.7217],[42.2793,-0.7213],[42.286,-0.7178],[42.2894,-0.7138],[42.2928,-0.7099],[42.2961,-0.7083],[42.2981,-0.71],[42.2984,-0.7103],[42.2939,-0.7161],[42.2826,-0.7238]]],[[[42.3672,-0.5567],[42.3591,-0.5665],[42.356,-0.5718],[42.3528,-0.5771],[42.342,-0.5862],[42.337,-0.5941],[42.324,-0.6091],[42.3184,-0.619],[42.3177,-0.6202],[42.3151,-0.6289],[42.3146,-0.6304],[42.2965,-0.6465],[42.2881,-0.6633],[42.281,-0.6704],[42.2645,-0.6872],[42.2603,-0.6914],[42.2602,-0.6915],[42.2601,-0.6917],[42.2559,-0.6976],[42.2551,-0.6986],[42.2543,-0.7035],[42.2553,-0.7118],[42.2553,-0.7119],[42.2536,-0.7152],[42.2423,-0.7156],[42.2379,-0.7182],[42.2375,-0.7184],[42.2374,-0.7185],[42.2373,-0.7186],[42.2347,-0.7272],[42.2342,-0.7287],[42.2263,-0.7357],[42.2223,-0.7442],[42.2214,-0.7461],[42.2138,-0.7558],[42.2107,-0.7583],[42.2075,-0.7608],[42.1998,-0.7671],[42.1982,-0.7684],[42.1876,-0.7812],[42.1802,-0.793],[42.1651,-0.8083],[42.1576,-0.8147],[42.148,-0.8229],[42.1453,-0.8233],[42.1399,-0.8186],[42.1373,-0.8183],[42.1371,-0.8185],[42.1332,-0.8222],[42.1309,-0.8244],[42.1175,-0.8322],[42.1151,-0.8336],[42.1135,-0.8344],[42.1069,-0.8348],[42.1051,-0.8344],[42.106,-0.8327],[42.1159,-0.8097],[42.1269,-0.7836],[42.1487,-0.7482],[42.1726,-0.719],[42.1847,-0.702],[42.2048,-0.6748],[42.2335,-0.6479],[42.2713,-0.6185],[42.3222,-0.5778],[42.3655,-0.5354],[42.3956,-0.5085],[42.414,-0.5017],[42.4145,-0.5008],[42.4219,-0.4933],[42.423,-0.4926],[42.4213,-0.495],[42.4187,-0.4969],[42.4175,-0.4988],[42.4136,-0.5027],[42.4051,-0.5177],[42.4012,-0.5205],[42.3909,-0.5376],[42.3672,-0.5567]]],[[[42.3347,-0.6361],[42.3434,-0.6225],[42.3467,-0.6229],[42.3486,-0.6282],[42.3473,-0.6319],[42.3463,-0.6343],[42.3457,-0.6358],[42.3365,-0.6477],[42.3358,-0.6485],[42.3341,-0.6557],[42.3337,-0.6573],[42.3219,-0.6593],[42.3187,-0.6548],[42.3181,-0.6504],[42.3189,-0.6499],[42.3203,-0.6489],[42.3247,-0.6493],[42.3247,-0.6491],[42.3249,-0.6491],[42.3253,-0.6473],[42.3253,-0.6462],[42.3205,-0.641],[42.3217,-0.6394],[42.3218,-0.6392],[42.3343,-0.6364],[42.3345,-0.6362],[42.3347,-0.6361]]],[[[43.2378,0.8883],[43.2258,0.8572],[43.2114,0.8295],[43.1997,0.8105],[43.1908,0.793],[43.1896,0.779],[43.195,0.7666],[43.1906,0.7714],[43.1863,0.7661],[43.1748,0.7638],[43.1575,0.7655],[43.1466,0.7662],[43.1426,0.7646],[43.1419,0.7662],[43.1445,0.7816],[43.1512,0.844],[43.1621,0.8822],[43.1795,0.9361],[43.1961,0.9759],[43.2056,1.0178],[43.2093,1.0227],[43.2142,1.0291],[43.2422,1.0745],[43.2611,1.0465],[43.2709,1.0317],[43.2989,0.9933],[43.2828,0.9855],[43.2705,0.9752],[43.2587,0.9595],[43.2508,0.9454],[43.2463,0.9265],[43.2378,0.8883]]],[[[41.1615,-0.5222],[41.1289,-0.5232],[41.08,-0.5019],[41.0376,-0.4665],[40.9994,-0.4378],[40.9994,-0.4387],[40.9985,-0.4381],[40.9982,-0.4322],[41,-0.4221],[40.9978,-0.4037],[41,-0.394],[40.9994,-0.3401],[41.0014,-0.2436],[41.0011,-0.2261],[41.0009,-0.2133],[41.0006,-0.1966],[41.0005,-0.1966],[40.9995,-0.1377],[41.0003,-0.1281],[40.9994,-0.1159],[40.9991,-0.112],[41.0005,-0.0877],[41.0005,-0.0047],[41.0005,-1.2e-8],[40.9957,0.0056],[40.9957,0.0087],[40.9957,1.2327],[41.4209,1.2617],[41.6409,1.9417],[42.047,1.9471],[42.0489,1.9254],[42.0701,1.8985],[42.0935,1.8529],[42.1154,1.7873],[42.129,1.7279],[42.1408,1.6667],[42.1523,1.6075],[42.1484,1.5341],[42.1436,1.4457],[42.14,1.3779],[42.139,1.3605],[42.1177,1.3063],[42.1163,1.3028],[42.1276,1.2731],[42.1487,1.2474],[42.1593,1.2408],[42.1641,1.2399],[42.1694,1.2371],[42.1735,1.2247],[42.1736,1.2168],[42.1742,1.2078],[42.1757,1.203],[42.1865,1.1897],[42.1938,1.1811],[42.2083,1.1736],[42.2137,1.1674],[42.2181,1.1608],[42.2202,1.1492],[42.2217,1.1434],[42.2293,1.1368],[42.2368,1.1321],[42.2469,1.126],[42.2532,1.1232],[42.2653,1.1167],[42.2682,1.1128],[42.2723,1.098],[42.271,1.0859],[42.2655,1.0742],[42.2632,1.0641],[42.2629,1.0568],[42.2692,1.0431],[42.2719,1.0393],[42.2791,1.032],[42.2834,1.0277],[42.2868,1.0229],[42.2806,1.0233],[42.2658,1.0242],[42.2483,1.0238],[42.24,1.023],[42.2307,1.0229],[42.2207,1.0214],[42.2115,1.0213],[42.1833,1.0162],[42.1642,1.0102],[42.1342,0.9961],[42.1075,0.9822],[42.0854,0.9699],[42.0706,0.9656],[42.0643,0.9701],[42.0277,0.9782],[41.9929,1.0005],[41.971,1.0104],[41.9514,1.0063],[41.9114,0.9922],[41.8789,0.9888],[41.8376,1.015],[41.8218,1.0153],[41.7927,0.9988],[41.7421,0.9722],[41.7056,0.9524],[41.6753,0.9313],[41.6483,0.9088],[41.6197,0.8838],[41.6002,0.8639],[41.5759,0.8442],[41.5528,0.8232],[41.5303,0.8017],[41.5071,0.7845],[41.4796,0.7702],[41.4576,0.7505],[41.4279,0.7184],[41.3981,0.6964],[41.3465,0.6638],[41.3041,0.6262],[41.2617,0.588],[41.2225,0.5365],[41.1993,0.4948],[41.1649,0.4429],[41.1365,0.4002],[41.1098,0.3685],[41.0826,0.3628],[41.0673,0.3602],[41.0576,0.3413],[41.0554,0.3043],[41.0968,0.2948],[41.1409,0.2965],[41.1818,0.289],[41.2038,0.2667],[41.2244,0.2459],[41.2548,0.2334],[41.2935,0.2172],[41.3165,0.2157],[41.3416,0.2186],[41.3137,0.1883],[41.2844,0.1632],[41.2407,0.136],[41.2078,0.0896],[41.1926,0.0503],[41.1887,0.0262],[41.1948,0.0065],[41.216,-0.0057],[41.2516,-0.009],[41.2894,-0.0055],[41.3434,0.0045],[41.3755,0.0099],[41.4101,0.0037],[41.4491,-0.0102],[41.492,-0.023],[41.5141,-0.0274],[41.549,-0.0235],[41.5718,-0.0063],[41.6047,0.0338],[41.6373,0.0652],[41.6749,0.0822],[41.7108,0.0881],[41.743,0.0809],[41.7724,0.0751],[41.8043,0.0867],[41.8448,0.1018],[41.8817,0.1034],[41.9157,0.1064],[41.9447,0.1203],[41.9744,0.1305],[41.9848,0.1173],[42.0256,0.0783],[42.0763,0.0324],[42.1358,-0.0173],[42.1499,-0.0292],[42.1647,-0.0417],[42.213,-0.0824],[42.2551,-0.118],[42.3089,-0.1498],[42.3652,-0.1836],[42.4298,-0.2236],[42.4756,-0.2322],[42.4955,-0.2341],[42.4954,-0.2359],[42.4889,-0.2548],[42.4707,-0.2834],[42.4391,-0.3065],[42.3877,-0.327],[42.3424,-0.3388],[42.3119,-0.3465],[42.2918,-0.3511],[42.2751,-0.3547],[42.2425,-0.3538],[42.2123,-0.3528],[42.1874,-0.3561],[42.1754,-0.3607],[42.1713,-0.3632],[42.0934,-0.3356],[42.0417,-0.322],[41.9743,-0.3065],[41.8534,-0.2762],[41.7843,-0.2633],[41.7815,-0.2396],[41.7592,-0.2024],[41.7222,-0.2011],[41.6299,-0.2136],[41.5746,-0.2294],[41.494,-0.2705],[41.4177,-0.3414],[41.4164,-0.3423],[41.2911,-0.198],[41.3111,-0.148],[41.3109,-0.148],[41.2909,-0.1981],[41.4163,-0.3424],[41.3388,-0.3998],[41.2241,-0.4895],[41.1615,-0.5222]]]],"admin_0_gaul":226,"admin_1_gaul":0,"admin_2_gaul":0,"admin_0_faostat":201},"properties":{"aar_id":"1504","confidence_level":1,"ipc_period":"C","overall_phase":2,"population_min":"32660","population_percentage_min":"0.2","justification":"","prolonged_crisis":false,"population_phase_worse":null,"population_percentage_phase_worse":null,"anl_id":"87143416","admin_type":"polygon","title":"Juba Southern Inland Pastoral (M Juba and L Juba)","view_level":"area","hide_settlement_labels":false,"hide_area_labels":false,"hide_area_borders":false,"show_area_popups":true,"color":"#FAE61E","estimated_population":"163303","phase1_population":97982,"phase1_percent":0.6,"phase1_color":"#CCFFCC","phase2_population":48991,"phase2_percent":0.3,"phase2_color":"#FAE61E","phase3_population":16330,"phase3_percent":0.1,"phase3_color":"#E67800","phase4_population":0,"phase4_percent":0,"phase4_color":"#C80000","phase5_population":0,"phase5_percent":0,"phase5_color":"#640000"}},{"type":"Feature","geometry":{"type":"MultiPolygon","coordinates":[[[[41.8581,-1.2091],[41.8518,-1.2029],[41.8505,-1.2005],[41.8471,-1.1939],[41.8457,-1.1876],[41.8463,-1.1793],[41.8415,-1.1715],[41.8323,-1.165],[41.8215,-1.1642],[41.8127,-1.161],[41.8059,-1.1528],[41.8055,-1.1524],[41.804,-1.1493],[41.8001,-1.1411],[41.7969,-1.1451],[41.7961,-1.1461],[41.784,-1.1447],[41.7665,-1.1427],[41.7655,-1.1436],[41.7648,-1.1442],[41.748,-1.1586],[41.7468,-1.1592],[41.7378,-1.1637],[41.7257,-1.1733],[41.7213,-1.1767],[41.7212,-1.1768],[41.7208,-1.1773],[41.7025,-1.1983],[41.7011,-1.2007],[41.6974,-1.2071],[41.6973,-1.2074],[41.6971,-1.2076],[41.6929,-1.2177],[41.6903,-1.2278],[41.6876,-1.2383],[41.6877,-1.2382],[41.6877,-1.2383],[41.6983,-1.2269],[41.6984,-1.2262],[41.6985,-1.2256],[41.6996,-1.2205],[41.7007,-1.2154],[41.7015,-1.2139],[41.7043,-1.2088],[41.7103,-1.1974],[41.7111,-1.1967],[41.7115,-1.1963],[41.7407,-1.1701],[41.7446,-1.1673],[41.7519,-1.1622],[41.7696,-1.1525],[41.7729,-1.1507],[41.7801,-1.1495],[41.7987,-1.1539],[41.8059,-1.1628],[41.8163,-1.1666],[41.8311,-1.1719],[41.8327,-1.1742],[41.8327,-1.1744],[41.8328,-1.1797],[41.831,-1.1855],[41.8394,-1.2047],[41.8436,-1.2311],[41.8411,-1.24],[41.8354,-1.2417],[41.8146,-1.2569],[41.8,-1.2725],[41.7757,-1.3046],[41.7509,-1.3362],[41.7337,-1.3619],[41.7076,-1.3988],[41.6783,-1.4425],[41.6439,-1.4969],[41.6291,-1.524],[41.609,-1.5522],[41.5764,-1.5767],[41.5635,-1.5821],[41.5616,-1.5828],[41.5354,-1.548],[41.5044,-1.5068],[41.4956,-1.4924],[41.4919,-1.4901],[41.4852,-1.4817],[41.4813,-1.4739],[41.4735,-1.465],[41.4744,-1.463],[41.4756,-1.4643],[41.4866,-1.4216],[41.4934,-1.3803],[41.5002,-1.34],[41.509,-1.2963],[41.5173,-1.249],[41.5224,-1.2207],[41.5279,-1.1955],[41.5332,-1.1754],[41.5354,-1.1652],[41.5382,-1.1537],[41.5452,-1.1327],[41.551,-1.115],[41.5626,-1.0892],[41.5759,-1.0692],[41.5959,-1.0507],[41.6155,-1.0352],[41.635,-1.0258],[41.6473,-1.0205],[41.6698,-1.0147],[41.6935,-1.0097],[41.7117,-1.0082],[41.7367,-1.005],[41.7721,-0.9991],[41.8031,-0.9919],[41.8307,-0.9843],[41.8593,-0.9757],[41.8778,-0.9662],[41.8958,-0.9498],[41.9044,-0.939],[41.9111,-0.9273],[41.9151,-0.9193],[41.9144,-0.9159],[41.9611,-0.9697],[41.9612,-0.9699],[41.9618,-0.9726],[41.9665,-0.9815],[41.9673,-0.9886],[41.9664,-0.9942],[41.9651,-1.0027],[41.9684,-1.0106],[41.9689,-1.0118],[41.9776,-1.0154],[41.9804,-1.0209],[41.9795,-1.0233],[41.9783,-1.026],[41.9777,-1.0276],[41.9625,-1.0494],[41.9625,-1.0495],[41.9622,-1.0498],[41.9602,-1.0547],[41.9599,-1.0696],[41.9599,-1.0698],[41.9583,-1.0731],[41.951,-1.087],[41.9417,-1.0944],[41.9415,-1.0946],[41.9276,-1.126],[41.9268,-1.1279],[41.9234,-1.1316],[41.9168,-1.1354],[41.9099,-1.1425],[41.9037,-1.1488],[41.9035,-1.1491],[41.9033,-1.1493],[41.9,-1.161],[41.8989,-1.1646],[41.8988,-1.1652],[41.8987,-1.1656],[41.8965,-1.1694],[41.8933,-1.1751],[41.8931,-1.1753],[41.8918,-1.1764],[41.8837,-1.1834],[41.8835,-1.1834],[41.8813,-1.1887],[41.8804,-1.1907],[41.88,-1.196],[41.8826,-1.2001],[41.8858,-1.2017],[41.8859,-1.2016],[41.9019,-1.1845],[41.9039,-1.1835],[41.9061,-1.1824],[41.9089,-1.1823],[41.9101,-1.1874],[41.9095,-1.1892],[41.9089,-1.191],[41.9086,-1.1919],[41.9083,-1.1927],[41.8988,-1.2006],[41.8934,-1.208],[41.8916,-1.2095],[41.8871,-1.213],[41.8768,-1.2187],[41.8753,-1.2195],[41.8749,-1.2163],[41.8757,-1.2143],[41.8758,-1.214],[41.8765,-1.2124],[41.8765,-1.2123],[41.8763,-1.2119],[41.8759,-1.2115],[41.875,-1.2103],[41.8735,-1.2082],[41.8687,-1.2105],[41.866,-1.2118],[41.8658,-1.2118],[41.8633,-1.2115],[41.8581,-1.2091]]],[[[41.9463,-1.1332],[41.9461,-1.1341],[41.9457,-1.1357],[41.9457,-1.1359],[41.9456,-1.1362],[41.9409,-1.1448],[41.931,-1.1534],[41.9269,-1.1616],[41.9267,-1.1619],[41.9227,-1.1629],[41.9189,-1.1615],[41.9187,-1.1613],[41.9165,-1.1584],[41.9169,-1.156],[41.9175,-1.1555],[41.9336,-1.1409],[41.9375,-1.1354],[41.9397,-1.1324],[41.942,-1.1307],[41.9423,-1.1305],[41.9426,-1.1306],[41.9451,-1.1314],[41.9463,-1.1332]]],[[[41.9912,-1.0782],[41.9897,-1.0794],[41.9823,-1.0804],[41.9822,-1.0804],[41.9797,-1.0821],[41.9743,-1.0857],[41.9711,-1.0826],[41.9725,-1.0812],[41.9831,-1.0705],[41.9871,-1.0682],[41.9876,-1.0683],[41.9908,-1.0695],[41.9936,-1.0738],[41.993,-1.0754],[41.9925,-1.0771],[41.9912,-1.0782]]],[[[42.0477,-0.9834],[42.0479,-0.9834],[42.0495,-0.9813],[42.0529,-0.9812],[42.0533,-0.9812],[42.0495,-0.9869],[42.0488,-0.988],[42.047,-0.9955],[42.0466,-0.9971],[42.0429,-0.9991],[42.0421,-0.9995],[42.0421,-0.9996],[42.0418,-0.9998],[42.0417,-1.0038],[42.0417,-1.0048],[42.0388,-1.0078],[42.0329,-1.0093],[42.0325,-1.0094],[42.0321,-1.0095],[42.0317,-1.0118],[42.035,-1.0154],[42.0354,-1.0159],[42.032,-1.0196],[42.0243,-1.0223],[42.0229,-1.0193],[42.0215,-1.0163],[42.0157,-1.0144],[42.0159,-1.0111],[42.0167,-1.0104],[42.0187,-1.0085],[42.0275,-1.0054],[42.0321,-1.0022],[42.0321,-1.002],[42.0323,-1.0019],[42.0325,-1.0005],[42.0343,-0.9909],[42.0349,-0.9905],[42.0415,-0.9853],[42.0476,-0.9836],[42.0477,-0.9834]]],[[[42.0998,-0.9477],[42.0965,-0.9463],[42.0979,-0.9447],[42.0979,-0.9446],[42.0977,-0.9439],[42.0973,-0.9399],[42.0977,-0.9395],[42.0983,-0.9389],[42.1013,-0.9359],[42.1019,-0.9342],[42.1041,-0.9287],[42.1064,-0.9283],[42.1073,-0.9317],[42.1062,-0.9353],[42.106,-0.9358],[42.0998,-0.9477]]],[[[42.115,-0.914],[42.1143,-0.9157],[42.1113,-0.9134],[42.1107,-0.9095],[42.1117,-0.9076],[42.1123,-0.9063],[42.1171,-0.9049],[42.118,-0.907],[42.115,-0.914]]],[[[42.5745,-0.3225],[42.5741,-0.3238],[42.5737,-0.3247],[42.5737,-0.3248],[42.5709,-0.3306],[42.57,-0.3325],[42.5661,-0.3489],[42.5656,-0.3507],[42.5581,-0.3524],[42.5577,-0.3529],[42.5572,-0.3536],[42.5561,-0.3549],[42.5565,-0.356],[42.5557,-0.3576],[42.5561,-0.3609],[42.5567,-0.3621],[42.5569,-0.3622],[42.5569,-0.3624],[42.5575,-0.3631],[42.5579,-0.3635],[42.5589,-0.3641],[42.5564,-0.3641],[42.5521,-0.3676],[42.5464,-0.3658],[42.5389,-0.3657],[42.5259,-0.3702],[42.518,-0.3779],[42.5115,-0.388],[42.5097,-0.3905],[42.5077,-0.3927],[42.5067,-0.3943],[42.5063,-0.3951],[42.5051,-0.3969],[42.5035,-0.3995],[42.5001,-0.4037],[42.5001,-0.4043],[42.4999,-0.4054],[42.4995,-0.4056],[42.4991,-0.4057],[42.4985,-0.4063],[42.4979,-0.4063],[42.4971,-0.4063],[42.4955,-0.4085],[42.4925,-0.4138],[42.4923,-0.4142],[42.4919,-0.4146],[42.4917,-0.4151],[42.4917,-0.4154],[42.4911,-0.4165],[42.4905,-0.418],[42.49,-0.4185],[42.4893,-0.4184],[42.4879,-0.4193],[42.4863,-0.4208],[42.4863,-0.4207],[42.4861,-0.4209],[42.4851,-0.4206],[42.4849,-0.4208],[42.4825,-0.4229],[42.4813,-0.425],[42.4803,-0.4258],[42.4791,-0.426],[42.4789,-0.4261],[42.4785,-0.427],[42.4783,-0.4274],[42.4783,-0.4275],[42.4779,-0.4283],[42.4775,-0.4292],[42.4773,-0.4295],[42.4769,-0.4303],[42.4767,-0.4311],[42.4765,-0.4314],[42.4765,-0.4315],[42.4763,-0.4317],[42.4759,-0.4328],[42.4757,-0.4333],[42.4755,-0.4338],[42.4753,-0.434],[42.4749,-0.435],[42.4745,-0.4358],[42.4745,-0.4362],[42.4743,-0.4364],[42.4737,-0.4379],[42.4737,-0.4384],[42.4737,-0.4388],[42.4737,-0.4399],[42.4747,-0.4422],[42.4765,-0.4446],[42.4779,-0.4457],[42.4783,-0.4458],[42.4801,-0.4464],[42.4829,-0.4468],[42.4835,-0.4471],[42.4839,-0.4473],[42.4853,-0.4478],[42.4854,-0.4478],[42.4857,-0.4487],[42.4845,-0.4506],[42.4829,-0.4525],[42.4823,-0.4531],[42.4807,-0.4549],[42.4805,-0.4551],[42.4787,-0.4566],[42.4773,-0.4576],[42.4759,-0.4589],[42.4753,-0.4598],[42.4751,-0.461],[42.4755,-0.4615],[42.4765,-0.4618],[42.4769,-0.4624],[42.4769,-0.4632],[42.4769,-0.4638],[42.4767,-0.4648],[42.4745,-0.4657],[42.4731,-0.4662],[42.4729,-0.4663],[42.4728,-0.4663],[42.472,-0.465],[42.4735,-0.4551],[42.4723,-0.4508],[42.4698,-0.4508],[42.4664,-0.4539],[42.4661,-0.4538],[42.4643,-0.4538],[42.4629,-0.4541],[42.4615,-0.4544],[42.4603,-0.4549],[42.4589,-0.4555],[42.4583,-0.456],[42.4581,-0.4567],[42.4571,-0.4579],[42.4561,-0.4586],[42.4557,-0.4596],[42.4553,-0.4607],[42.4545,-0.4614],[42.4537,-0.4614],[42.4533,-0.4626],[42.4533,-0.4627],[42.4529,-0.4634],[42.4527,-0.4643],[42.4523,-0.4647],[42.4521,-0.4654],[42.4517,-0.4662],[42.4511,-0.4668],[42.4511,-0.467],[42.4509,-0.4674],[42.4503,-0.4682],[42.4493,-0.4701],[42.4485,-0.4706],[42.4477,-0.4715],[42.4471,-0.4724],[42.4461,-0.4732],[42.4443,-0.4742],[42.4439,-0.4746],[42.4437,-0.4748],[42.4435,-0.4745],[42.4429,-0.4748],[42.4413,-0.4757],[42.4395,-0.4765],[42.4391,-0.476],[42.4377,-0.4774],[42.4355,-0.4791],[42.4341,-0.4806],[42.4319,-0.4827],[42.4291,-0.4861],[42.4273,-0.4883],[42.4263,-0.4892],[42.4247,-0.4904],[42.4239,-0.4914],[42.4235,-0.4918],[42.423,-0.4926],[42.4219,-0.4933],[42.4145,-0.5008],[42.414,-0.5017],[42.3956,-0.5085],[42.3655,-0.5354],[42.3222,-0.5778],[42.2713,-0.6185],[42.2335,-0.6479],[42.2048,-0.6748],[42.1847,-0.702],[42.1726,-0.719],[42.1487,-0.7482],[42.1269,-0.7836],[42.1159,-0.8097],[42.106,-0.8327],[42.1051,-0.8344],[42.0945,-0.8324],[42.0799,-0.8327],[42.0673,-0.8354],[42.0671,-0.8356],[42.0669,-0.8356],[42.0591,-0.8435],[42.0549,-0.8432],[42.0493,-0.8327],[42.0485,-0.8269],[42.0551,-0.8031],[42.0561,-0.8014],[42.0635,-0.7859],[42.0655,-0.782],[42.0655,-0.7818],[42.0685,-0.771],[42.0691,-0.7701],[42.0827,-0.7491],[42.0827,-0.7486],[42.0823,-0.7406],[42.0781,-0.7411],[42.078,-0.7413],[42.075,-0.7449],[42.0746,-0.7455],[42.0745,-0.7455],[42.0744,-0.7457],[42.0724,-0.7553],[42.0722,-0.7565],[42.0602,-0.7695],[42.0489,-0.7922],[42.0457,-0.7954],[42.0387,-0.7951],[42.0357,-0.7948],[42.0293,-0.7995],[42.0237,-0.7998],[42.0175,-0.7967],[42.0047,-0.7976],[41.9995,-0.7956],[41.9933,-0.7882],[41.9923,-0.7809],[42.0023,-0.7378],[41.9993,-0.7256],[41.9955,-0.7232],[41.9931,-0.7239],[41.993,-0.724],[41.9928,-0.7241],[41.9914,-0.7263],[41.991,-0.7268],[41.9886,-0.7328],[41.9817,-0.7727],[41.9807,-0.7867],[41.9822,-0.7943],[41.9873,-0.8029],[41.9931,-0.8084],[42.0004,-0.8115],[42.0077,-0.8117],[42.008,-0.8116],[42.0081,-0.8116],[42.0124,-0.8097],[42.0237,-0.8051],[42.0382,-0.8026],[42.0428,-0.8049],[42.045,-0.8113],[42.0406,-0.8279],[42.0413,-0.8341],[42.0432,-0.8372],[42.0467,-0.843],[42.0548,-0.85],[42.0623,-0.8483],[42.0625,-0.8482],[42.0635,-0.8476],[42.0718,-0.8431],[42.0812,-0.8412],[42.086,-0.8434],[42.0885,-0.8476],[42.0893,-0.8533],[42.0789,-0.8791],[42.0784,-0.8803],[42.0747,-0.8866],[42.0739,-0.8879],[42.0719,-0.8988],[42.0716,-0.9004],[42.0623,-0.9021],[42.0621,-0.9023],[42.062,-0.9023],[42.0602,-0.904],[42.0593,-0.9048],[42.0513,-0.9123],[42.0512,-0.9125],[42.0511,-0.9125],[42.0424,-0.9264],[42.0377,-0.9312],[42.0372,-0.9318],[42.0306,-0.9567],[42.0259,-0.9675],[42.0251,-0.9694],[42.0187,-0.9761],[42.0165,-0.9784],[42.0065,-0.9823],[42.0064,-0.9824],[42.0062,-0.9825],[41.9982,-0.9898],[41.9915,-0.9959],[41.9902,-0.9975],[41.9862,-1.0021],[41.9829,-1.006],[41.9791,-1.0074],[41.9759,-1.0057],[41.9735,-1.0013],[41.9729,-0.9955],[41.9793,-0.9803],[41.9797,-0.9762],[41.9773,-0.9695],[41.9689,-0.958],[41.9669,-0.95],[41.9753,-0.9156],[41.9727,-0.9062],[41.9691,-0.9004],[41.9683,-0.899],[41.9487,-0.8802],[41.9373,-0.8755],[41.9269,-0.8752],[41.9209,-0.8725],[41.9133,-0.8731],[41.9133,-0.8733],[41.9133,-0.8734],[41.9131,-0.8734],[41.913,-0.8734],[41.9116,-0.8766],[41.9151,-0.8814],[41.9206,-0.8834],[41.9261,-0.8836],[41.9274,-0.883],[41.9337,-0.8803],[41.9386,-0.8807],[41.9444,-0.885],[41.9514,-0.8976],[41.9615,-0.906],[41.9648,-0.9126],[41.9653,-0.9165],[41.9607,-0.9354],[41.9594,-0.9619],[41.9594,-0.9625],[41.961,-0.9693],[41.9143,-0.9155],[41.9116,-0.9028],[41.9059,-0.8833],[41.9083,-0.869],[41.9154,-0.8476],[41.9255,-0.839],[41.9277,-0.8209],[41.9287,-0.7997],[41.9284,-0.7603],[41.9324,-0.7199],[41.9361,-0.6862],[41.936,-0.6611],[41.941,-0.6199],[41.9503,-0.5932],[41.9721,-0.5648],[41.9964,-0.5402],[42.0104,-0.5193],[42.0187,-0.5038],[42.0312,-0.4811],[42.056,-0.4466],[42.0747,-0.4271],[42.0917,-0.4129],[42.1125,-0.3986],[42.1424,-0.3808],[42.1713,-0.3632],[42.1754,-0.3607],[42.1874,-0.3561],[42.2123,-0.3528],[42.2425,-0.3538],[42.2751,-0.3547],[42.2918,-0.3511],[42.3119,-0.3465],[42.3424,-0.3388],[42.3877,-0.327],[42.4391,-0.3065],[42.4707,-0.2834],[42.4889,-0.2548],[42.4954,-0.2359],[42.5216,-0.2327],[42.5501,-0.2327],[42.568,-0.2411],[42.5775,-0.2577],[42.5882,-0.2732],[42.5952,-0.2921],[42.5945,-0.2929],[42.5929,-0.2939],[42.5923,-0.2954],[42.5921,-0.2956],[42.5919,-0.2958],[42.5911,-0.2964],[42.5905,-0.2973],[42.5897,-0.2983],[42.5881,-0.3],[42.5867,-0.3012],[42.5853,-0.3034],[42.5843,-0.3045],[42.5841,-0.3048],[42.5835,-0.3055],[42.5829,-0.3064],[42.5817,-0.3081],[42.5805,-0.3102],[42.5795,-0.312],[42.5789,-0.3136],[42.5767,-0.3177],[42.5745,-0.3225]]],[[[42.5593,-0.3752],[42.5603,-0.3758],[42.5591,-0.3775],[42.5577,-0.3798],[42.5569,-0.3808],[42.5555,-0.3817],[42.5545,-0.3824],[42.5541,-0.3828],[42.5535,-0.3832],[42.5527,-0.3836],[42.5525,-0.3836],[42.5519,-0.3837],[42.5519,-0.3838],[42.5517,-0.3839],[42.5505,-0.3846],[42.5477,-0.3866],[42.5469,-0.3873],[42.5465,-0.3875],[42.5451,-0.3886],[42.5441,-0.3894],[42.5439,-0.3891],[42.5437,-0.3891],[42.5483,-0.3858],[42.5489,-0.3853],[42.549,-0.3853],[42.5491,-0.3852],[42.5507,-0.3841],[42.5521,-0.383],[42.5533,-0.3802],[42.5539,-0.3792],[42.5547,-0.3787],[42.5559,-0.3764],[42.5557,-0.3758],[42.5555,-0.3752],[42.5555,-0.3751],[42.5555,-0.375],[42.5561,-0.3744],[42.5562,-0.3744],[42.5563,-0.3745],[42.5565,-0.3748],[42.5577,-0.3751],[42.5579,-0.3745],[42.5581,-0.3741],[42.5581,-0.374],[42.5588,-0.3739],[42.5589,-0.3739],[42.5591,-0.3742],[42.5599,-0.3739],[42.5601,-0.3739],[42.5605,-0.3741],[42.5603,-0.3742],[42.5593,-0.3752]]],[[[42.5613,-0.3632],[42.5617,-0.3615],[42.5627,-0.36],[42.5629,-0.36],[42.5631,-0.36],[42.5635,-0.3612],[42.5629,-0.3621],[42.5629,-0.3626],[42.5629,-0.3628],[42.5619,-0.364],[42.5605,-0.3641],[42.5611,-0.3634],[42.5613,-0.3632]]],[[[42.7093,-0.1802],[42.7037,-0.1856],[42.6989,-0.1906],[42.6961,-0.1934],[42.6913,-0.1981],[42.6869,-0.2026],[42.6827,-0.2068],[42.6819,-0.2076],[42.6803,-0.2089],[42.6785,-0.2109],[42.6769,-0.2124],[42.6763,-0.2132],[42.6759,-0.2135],[42.6755,-0.2138],[42.6747,-0.2148],[42.6719,-0.2171],[42.6695,-0.2199],[42.6661,-0.2234],[42.6635,-0.226],[42.6621,-0.2273],[42.6607,-0.2288],[42.6569,-0.2323],[42.6537,-0.2351],[42.6513,-0.237],[42.6507,-0.2375],[42.6497,-0.2384],[42.6478,-0.2399],[42.6393,-0.1996],[42.6406,-0.1707],[42.6607,-0.1498],[42.6776,-0.134],[42.7181,-0.166],[42.7193,-0.1668],[42.7203,-0.1676],[42.7213,-0.1684],[42.7213,-0.1686],[42.7209,-0.169],[42.7203,-0.1698],[42.7193,-0.1708],[42.7181,-0.1715],[42.7165,-0.1733],[42.7143,-0.1754],[42.7125,-0.177],[42.7093,-0.1802]]],[[[43.0812,0.2061],[43.0705,0.1932],[43.0649,0.1865],[43.0435,0.1606],[43.0394,0.1556],[43.0389,0.155],[42.9939,0.1068],[42.98,0.0936],[42.9716,0.0856],[42.8961,-1.2e-8],[42.8912,-0.0054],[42.8851,-0.012],[42.8574,-0.0405],[42.8513,-0.0467],[42.8436,-0.0516],[42.8303,-0.0655],[42.8047,-0.0922],[42.7956,-0.1005],[42.7801,-0.1145],[42.7766,-0.1192],[42.7648,-0.135],[42.7574,-0.1415],[42.7423,-0.1551],[42.7245,-0.1711],[42.7239,-0.1704],[42.6776,-0.1339],[42.7041,-0.109],[42.7591,-0.0706],[42.8008,-0.0421],[42.8178,-0.0208],[42.8418,0.0095],[42.8769,0.0536],[42.8902,0.088],[42.8483,0.0919],[42.8054,0.0696],[42.8198,0.1232],[42.8321,0.1801],[42.8414,0.222],[42.8844,0.244],[42.8945,0.2649],[42.9204,0.3188],[42.935,0.3492],[42.9826,0.4368],[43.0403,0.5407],[43.0185,0.5891],[43.0077,0.5895],[43.0173,0.6107],[43.0167,0.6115],[43.0182,0.6118],[43.0338,0.6246],[43.0365,0.6082],[43.0448,0.5953],[43.0618,0.5821],[43.0743,0.5808],[43.0951,0.5976],[43.1115,0.6224],[43.1194,0.6423],[43.1303,0.6772],[43.1379,0.715],[43.1403,0.7459],[43.1417,0.7642],[43.1426,0.7646],[43.1466,0.7662],[43.1575,0.7655],[43.1748,0.7638],[43.1863,0.7661],[43.1906,0.7714],[43.195,0.7666],[43.2005,0.7608],[43.2076,0.7574],[43.2223,0.7559],[43.236,0.7576],[43.2503,0.7621],[43.2651,0.7672],[43.2879,0.7782],[43.3136,0.7935],[43.3339,0.8093],[43.3557,0.8289],[43.3736,0.8485],[43.3862,0.8685],[43.3869,0.8698],[43.5203,0.6761],[43.5208,0.6756],[43.5208,0.6755],[43.5194,0.6743],[43.5148,0.6703],[43.5137,0.6693],[43.4986,0.6535],[43.4963,0.6512],[43.4937,0.6493],[43.4917,0.6479],[43.4861,0.6439],[43.4339,0.5881],[43.4199,0.5757],[43.4019,0.56],[43.401,0.5591],[43.4009,0.5591],[43.3765,0.5333],[43.3612,0.5151],[43.319,0.4651],[43.2935,0.4349],[43.2577,0.3996],[43.251,0.3917],[43.2405,0.3797],[43.2335,0.3729],[43.2079,0.3483],[43.1913,0.3287],[43.1649,0.2973],[43.1611,0.2927],[43.1601,0.2917],[43.1487,0.2801],[43.1223,0.2527],[43.0959,0.2197],[43.0935,0.2181],[43.0893,0.2152],[43.0812,0.2061]]]],"admin_0_gaul":226,"admin_1_gaul":0,"admin_2_gaul":0,"admin_0_faostat":201},"properties":{"aar_id":"1505","confidence_level":2,"ipc_period":"C","overall_phase":3,"population_min":"124530","population_percentage_min":"0.5","justification":"","prolonged_crisis":false,"population_phase_worse":null,"population_percentage_phase_worse":null,"anl_id":"87143416","admin_type":"polygon","title":"Juba Southern Rainfed (M Juba and L Juba)","view_level":"area","hide_settlement_labels":false,"hide_area_labels":false,"hide_area_borders":false,"show_area_popups":true,"color":"#E67800","estimated_population":"249058","phase1_population":124529,"phase1_percent":0.5,"phase1_color":"#CCFFCC","phase2_population":62265,"phase2_percent":0.25,"phase2_color":"#FAE61E","phase3_population":62265,"phase3_percent":0.25,"phase3_color":"#E67800","phase4_population":12453,"phase4_percent":0.05,"phase4_color":"#C80000","phase5_population":0,"phase5_percent":0,"phase5_color":"#640000"}},{"type":"Feature","geometry":{"type":"Point","coordinates":[41.7526,0.2],"admin_0_gaul":226,"admin_1_gaul":0,"admin_2_gaul":0,"admin_0_faostat":0},"properties":{"aar_id":"1506","confidence_level":1,"ipc_period":"C","overall_phase":2,"population_min":"22566","population_percentage_min":"0.1","justification":"","prolonged_crisis":false,"population_phase_worse":null,"population_percentage_phase_worse":null,"anl_id":"87143416","admin_type":"urb","title":"Lower Juba Urban (Afmadow, Badhaadhe and Jamaame)","view_level":"area","hide_settlement_labels":false,"hide_area_labels":false,"hide_area_borders":false,"show_area_popups":true,"color":"#FAE61E","estimated_population":"225650","phase1_population":101543,"phase1_percent":0.45,"phase1_color":"#CCFFCC","phase2_population":112825,"phase2_percent":0.5,"phase2_color":"#FAE61E","phase3_population":11283,"phase3_percent":0.05,"phase3_color":"#E67800","phase4_population":0,"phase4_percent":0,"phase4_color":"#C80000","phase5_population":0,"phase5_percent":0,"phase5_color":"#640000"}},{"type":"Feature","geometry":{"type":"Point","coordinates":[42.0089,-0.3766],"admin_0_gaul":226,"admin_1_gaul":0,"admin_2_gaul":0,"admin_0_faostat":201},"properties":{"aar_id":"1509","confidence_level":1,"ipc_period":"C","overall_phase":2,"population_min":"2182","population_percentage_min":"0.1","justification":"","prolonged_crisis":false,"population_phase_worse":null,"population_percentage_phase_worse":null,"anl_id":"87143416","admin_type":"urb","title":"Lower Juba Urban (Kismaayo)","view_level":"area","hide_settlement_labels":false,"hide_area_labels":false,"hide_area_borders":false,"show_area_popups":true,"color":"#FAE61E","estimated_population":"21825","phase1_population":9821,"phase1_percent":0.45,"phase1_color":"#CCFFCC","phase2_population":10913,"phase2_percent":0.5,"phase2_color":"#FAE61E","phase3_population":1091,"phase3_percent":0.05,"phase3_color":"#E67800","phase4_population":0,"phase4_percent":0,"phase4_color":"#C80000","phase5_population":0,"phase5_percent":0,"phase5_color":"#640000"}},{"type":"Feature","geometry":{"type":"Point","coordinates":[41.8619,0.5562],"admin_0_gaul":226,"admin_1_gaul":0,"admin_2_gaul":0,"admin_0_faostat":201},"properties":{"aar_id":"1507","confidence_level":1,"ipc_period":"C","overall_phase":3,"population_min":"32410","population_percentage_min":"0.5","justification":"","prolonged_crisis":false,"population_phase_worse":null,"population_percentage_phase_worse":null,"anl_id":"87143416","admin_type":"idp","title":"Lower Juba Urban IDPs (Afmadow and Jamaame)","view_level":"area","hide_settlement_labels":false,"hide_area_labels":false,"hide_area_borders":false,"show_area_popups":true,"color":"#E67800","estimated_population":"64818","phase1_population":32409,"phase1_percent":0.5,"phase1_color":"#CCFFCC","phase2_population":16205,"phase2_percent":0.25,"phase2_color":"#FAE61E","phase3_population":16205,"phase3_percent":0.25,"phase3_color":"#E67800","phase4_population":0,"phase4_percent":0,"phase4_color":"#C80000","phase5_population":0,"phase5_percent":0,"phase5_color":"#640000"}},{"type":"Feature","geometry":{"type":"Point","coordinates":[42.0089,-0.3766],"admin_0_gaul":226,"admin_1_gaul":0,"admin_2_gaul":0,"admin_0_faostat":201},"properties":{"aar_id":"1508","confidence_level":1,"ipc_period":"C","overall_phase":3,"population_min":"157834","population_percentage_min":"0.8","justification":"","prolonged_crisis":false,"population_phase_worse":null,"population_percentage_phase_worse":null,"anl_id":"87143416","admin_type":"idp","title":"Lower Juba Urban IDPs (Kismaayo)","view_level":"area","hide_settlement_labels":false,"hide_area_labels":false,"hide_area_borders":false,"show_area_popups":true,"color":"#E67800","estimated_population":"197293","phase1_population":39459,"phase1_percent":0.2,"phase1_color":"#CCFFCC","phase2_population":78917,"phase2_percent":0.4,"phase2_color":"#FAE61E","phase3_population":78917,"phase3_percent":0.4,"phase3_color":"#E67800","phase4_population":29594,"phase4_percent":0.15,"phase4_color":"#C80000","phase5_population":0,"phase5_percent":0,"phase5_color":"#640000"}},{"type":"Feature","geometry":{"type":"Point","coordinates":[44.3222,1.9031],"admin_0_gaul":226,"admin_1_gaul":0,"admin_2_gaul":0,"admin_0_faostat":201},"properties":{"aar_id":"1510","confidence_level":1,"ipc_period":"C","overall_phase":2,"population_min":"49010","population_percentage_min":"0.1","justification":"","prolonged_crisis":false,"population_phase_worse":null,"population_percentage_phase_worse":null,"anl_id":"87143416","admin_type":"urb","title":"Lower Shabelle Urban (Afgooye, Baraawe, Kurtunwaarey, Marka, Qoryooley, Sablaale and Wanla Weyn)","view_level":"area","hide_settlement_labels":false,"hide_area_labels":false,"hide_area_borders":false,"show_area_popups":true,"color":"#FAE61E","estimated_population":"490097","phase1_population":220544,"phase1_percent":0.45,"phase1_color":"#CCFFCC","phase2_population":245049,"phase2_percent":0.5,"phase2_color":"#FAE61E","phase3_population":24505,"phase3_percent":0.05,"phase3_color":"#E67800","phase4_population":0,"phase4_percent":0,"phase4_color":"#C80000","phase5_population":0,"phase5_percent":0,"phase5_color":"#640000"}},{"type":"Feature","geometry":{"type":"Point","coordinates":[44.6859,2.1624],"admin_0_gaul":226,"admin_1_gaul":0,"admin_2_gaul":0,"admin_0_faostat":201},"properties":{"aar_id":"1511","confidence_level":1,"ipc_period":"C","overall_phase":4,"population_min":"86395","population_percentage_min":"0.9","justification":"","prolonged_crisis":false,"population_phase_worse":null,"population_percentage_phase_worse":null,"anl_id":"87143416","admin_type":"idp","title":"Lower Shabelle Urban IDPs (Afgooye, Baraawe, Marka and Wanla Weyn)","view_level":"area","hide_settlement_labels":false,"hide_area_labels":false,"hide_area_borders":false,"show_area_popups":true,"color":"#C80000","estimated_population":"95994","phase1_population":9599,"phase1_percent":0.1,"phase1_color":"#CCFFCC","phase2_population":43197,"phase2_percent":0.45,"phase2_color":"#FAE61E","phase3_population":43197,"phase3_percent":0.45,"phase3_color":"#E67800","phase4_population":19199,"phase4_percent":0.2,"phase4_color":"#C80000","phase5_population":0,"phase5_percent":0,"phase5_color":"#640000"}},{"type":"Feature","geometry":{"type":"Point","coordinates":[42.5386,1.228],"admin_0_gaul":226,"admin_1_gaul":0,"admin_2_gaul":0,"admin_0_faostat":201},"properties":{"aar_id":"1512","confidence_level":1,"ipc_period":"C","overall_phase":2,"population_min":"21156","population_percentage_min":"0.1","justification":"","prolonged_crisis":false,"population_phase_worse":null,"population_percentage_phase_worse":null,"anl_id":"87143416","admin_type":"urb","title":"Middle Juba Urban (Bu'aale, Jilib and Saakow)","view_level":"area","hide_settlement_labels":false,"hide_area_labels":false,"hide_area_borders":false,"show_area_popups":true,"color":"#FAE61E","estimated_population":"211567","phase1_population":95205,"phase1_percent":0.45,"phase1_color":"#CCFFCC","phase2_population":105784,"phase2_percent":0.5,"phase2_color":"#FAE61E","phase3_population":10578,"phase3_percent":0.05,"phase3_color":"#E67800","phase4_population":0,"phase4_percent":0,"phase4_color":"#C80000","phase5_population":0,"phase5_percent":0,"phase5_color":"#640000"}},{"type":"Feature","geometry":{"type":"Point","coordinates":[46.0142,3.0279],"admin_0_gaul":226,"admin_1_gaul":0,"admin_2_gaul":0,"admin_0_faostat":201},"properties":{"aar_id":"1513","confidence_level":1,"ipc_period":"C","overall_phase":2,"population_min":"25382","population_percentage_min":"0.1","justification":"","prolonged_crisis":false,"population_phase_worse":null,"population_percentage_phase_worse":null,"anl_id":"87143416","admin_type":"urb","title":"Middle Shabelle Urban (Adan Yabaal, Balcad, Cadale and Jowhar)","view_level":"area","hide_settlement_labels":false,"hide_area_labels":false,"hide_area_borders":false,"show_area_popups":true,"color":"#FAE61E","estimated_population":"253812","phase1_population":114215,"phase1_percent":0.45,"phase1_color":"#CCFFCC","phase2_population":126906,"phase2_percent":0.5,"phase2_color":"#FAE61E","phase3_population":12691,"phase3_percent":0.05,"phase3_color":"#E67800","phase4_population":0,"phase4_percent":0,"phase4_color":"#C80000","phase5_population":0,"phase5_percent":0,"phase5_color":"#640000"}},{"type":"Feature","geometry":{"type":"Point","coordinates":[45.8702,2.8868],"admin_0_gaul":226,"admin_1_gaul":0,"admin_2_gaul":51364,"admin_0_faostat":201},"properties":{"aar_id":"1514","confidence_level":1,"ipc_period":"C","overall_phase":4,"population_min":"81368","population_percentage_min":"1","justification":"","prolonged_crisis":false,"population_phase_worse":null,"population_percentage_phase_worse":null,"anl_id":"87143416","admin_type":"idp","title":"Middle Shabelle Urban IDPs (Adan Yabaal, Balcad, Cadale and Jowhar)","view_level":"area","hide_settlement_labels":false,"hide_area_labels":false,"hide_area_borders":false,"show_area_popups":true,"color":"#C80000","estimated_population":"81368","phase1_population":12205,"phase1_percent":0.15,"phase1_color":"#CCFFCC","phase2_population":28479,"phase2_percent":0.35,"phase2_color":"#FAE61E","phase3_population":40684,"phase3_percent":0.5,"phase3_color":"#E67800","phase4_population":16274,"phase4_percent":0.2,"phase4_color":"#C80000","phase5_population":0,"phase5_percent":0,"phase5_color":"#640000"}},{"type":"Feature","geometry":{"type":"Point","coordinates":[47.6862,6.9353],"admin_0_gaul":226,"admin_1_gaul":0,"admin_2_gaul":0,"admin_0_faostat":201},"properties":{"aar_id":"1515","confidence_level":1,"ipc_period":"C","overall_phase":2,"population_min":"6012","population_percentage_min":"0.1","justification":"","prolonged_crisis":false,"population_phase_worse":null,"population_percentage_phase_worse":null,"anl_id":"87143416","admin_type":"urb","title":"Mudug Urban (Gaalkacyo)","view_level":"area","hide_settlement_labels":false,"hide_area_labels":false,"hide_area_borders":false,"show_area_popups":true,"color":"#FAE61E","estimated_population":"60118","phase1_population":30059,"phase1_percent":0.5,"phase1_color":"#CCFFCC","phase2_population":27053,"phase2_percent":0.45,"phase2_color":"#FAE61E","phase3_population":3006,"phase3_percent":0.05,"phase3_color":"#E67800","phase4_population":0,"phase4_percent":0,"phase4_color":"#C80000","phase5_population":0,"phase5_percent":0,"phase5_color":"#640000"}},{"type":"Feature","geometry":{"type":"Point","coordinates":[48.3167,6.1814],"admin_0_gaul":226,"admin_1_gaul":0,"admin_2_gaul":0,"admin_0_faostat":201},"properties":{"aar_id":"1516","confidence_level":1,"ipc_period":"C","overall_phase":2,"population_min":"8778","population_percentage_min":"0.1","justification":"","prolonged_crisis":false,"population_phase_worse":null,"population_percentage_phase_worse":null,"anl_id":"87143416","admin_type":"urb","title":"Mudug Urban (Galdogob, Hobyo, Jariiban and Xarardheere)","view_level":"area","hide_settlement_labels":false,"hide_area_labels":false,"hide_area_borders":false,"show_area_popups":true,"color":"#FAE61E","estimated_population":"87772","phase1_population":35109,"phase1_percent":0.4,"phase1_color":"#CCFFCC","phase2_population":48275,"phase2_percent":0.55,"phase2_color":"#FAE61E","phase3_population":4389,"phase3_percent":0.05,"phase3_color":"#E67800","phase4_population":0,"phase4_percent":0,"phase4_color":"#C80000","phase5_population":0,"phase5_percent":0,"phase5_color":"#640000"}},{"type":"Feature","geometry":{"type":"Point","coordinates":[47.6862,6.9353],"admin_0_gaul":226,"admin_1_gaul":0,"admin_2_gaul":51388,"admin_0_faostat":201},"properties":{"aar_id":"1517","confidence_level":1,"ipc_period":"C","overall_phase":4,"population_min":"133756","population_percentage_min":"1.1","justification":"","prolonged_crisis":false,"population_phase_worse":null,"population_percentage_phase_worse":null,"anl_id":"87143416","admin_type":"idp","title":"Mudug Urban IDPs (Gaalkacyo)","view_level":"area","hide_settlement_labels":false,"hide_area_labels":false,"hide_area_borders":false,"show_area_popups":true,"color":"#C80000","estimated_population":"121596","phase1_population":12160,"phase1_percent":0.1,"phase1_color":"#CCFFCC","phase2_population":42559,"phase2_percent":0.35,"phase2_color":"#FAE61E","phase3_population":66878,"phase3_percent":0.55,"phase3_color":"#E67800","phase4_population":24319,"phase4_percent":0.2,"phase4_color":"#C80000","phase5_population":0,"phase5_percent":0,"phase5_color":"#640000"}},{"type":"Feature","geometry":{"type":"Point","coordinates":[48.3808,6.3664],"admin_0_gaul":226,"admin_1_gaul":0,"admin_2_gaul":0,"admin_0_faostat":201},"properties":{"aar_id":"1518","confidence_level":1,"ipc_period":"C","overall_phase":4,"population_min":"8815","population_percentage_min":"0.9","justification":"","prolonged_crisis":false,"population_phase_worse":null,"population_percentage_phase_worse":null,"anl_id":"87143416","admin_type":"idp","title":"Mudug Urban IDPs (Galdogob, Hobyo, and Jariiban)","view_level":"area","hide_settlement_labels":false,"hide_area_labels":false,"hide_area_borders":false,"show_area_popups":true,"color":"#C80000","estimated_population":"9794","phase1_population":490,"phase1_percent":0.05,"phase1_color":"#CCFFCC","phase2_population":4897,"phase2_percent":0.5,"phase2_color":"#FAE61E","phase3_population":4407,"phase3_percent":0.45,"phase3_color":"#E67800","phase4_population":1959,"phase4_percent":0.2,"phase4_color":"#C80000","phase5_population":0,"phase5_percent":0,"phase5_color":"#640000"}},{"type":"Feature","geometry":{"type":"MultiPolygon","coordinates":[[[[48.495,6.8079],[47.4723,6.8079],[47.473,6.8087],[47.4844,6.8189],[47.506,6.8282],[47.5488,6.8465],[47.5936,6.8685],[47.6187,6.8852],[47.6539,6.9086],[47.696,6.9332],[47.7489,6.9614],[47.7904,6.9821],[47.8448,7.008],[47.8906,7.0298],[47.938,7.0562],[47.9869,7.0841],[48.0247,7.0992],[48.055,7.1113],[48.0911,7.1235],[48.1406,7.1305],[48.1709,7.1349],[48.1996,7.1521],[48.2343,7.1729],[48.2739,7.1901],[48.3141,7.2076],[48.3584,7.2269],[48.3802,7.2364],[48.4162,7.2604],[48.4584,7.2885],[48.5086,7.3226],[48.526,7.3344],[48.495,6.8079]]],[[[48.526,7.3344],[48.5558,7.3549],[48.6076,7.3903],[48.6695,7.4326],[48.6968,7.4513],[48.7257,7.4701],[48.7604,7.4904],[48.7925,7.5091],[48.8252,7.5325],[48.8632,7.5596],[48.8813,7.5726],[48.9242,7.5886],[48.9691,7.6055],[48.9828,7.6106],[49.0093,7.6305],[49.0527,7.6631],[49.0895,7.6906],[49.1081,7.7063],[49.1224,7.7185],[49.1566,7.7527],[49.1937,7.782],[49.2283,7.7924],[49.2866,7.8098],[49.3478,7.8281],[49.3988,7.8433],[49.467,7.8637],[49.5516,7.889],[49.6133,7.9074],[49.6688,7.924],[49.7141,7.9375],[49.7086,7.9306],[49.705,7.9152],[49.6974,7.8891],[49.6993,7.8838],[49.6777,7.8082],[49.6656,7.7657],[49.6456,7.74],[49.6065,7.6897],[49.5954,7.6619],[49.5663,7.5892],[49.5367,7.5408],[49.5322,7.5355],[49.4835,7.4787],[49.4486,7.4357],[49.4071,7.3716],[49.3619,7.3017],[49.2968,7.1932],[49.2261,7.073],[49.1874,6.9989],[49.1617,6.9497],[49.1308,6.8866],[49.098,6.7885],[49.0641,6.6867],[49.0582,6.6607],[49.0379,6.6088],[48.6711,6.6313],[48.4911,6.7413],[48.526,7.3344]]]],"admin_0_gaul":226,"admin_1_gaul":0,"admin_2_gaul":0,"admin_0_faostat":201},"properties":{"aar_id":"1519","confidence_level":2,"ipc_period":"C","overall_phase":4,"population_min":"297300","population_percentage_min":"1","justification":"","prolonged_crisis":false,"population_phase_worse":null,"population_percentage_phase_worse":null,"anl_id":"87143416","admin_type":"polygon","title":"NE Addun pastoral (Mudug, Nugaal)","view_level":"area","hide_settlement_labels":false,"hide_area_labels":false,"hide_area_borders":false,"show_area_popups":true,"color":"#C80000","estimated_population":"297299","phase1_population":59460,"phase1_percent":0.2,"phase1_color":"#CCFFCC","phase2_population":89190,"phase2_percent":0.3,"phase2_color":"#FAE61E","phase3_population":148650,"phase3_percent":0.5,"phase3_color":"#E67800","phase4_population":59460,"phase4_percent":0.2,"phase4_color":"#C80000","phase5_population":0,"phase5_percent":0,"phase5_color":"#640000"}},{"type":"Feature","geometry":{"type":"Polygon","coordinates":[[[49.0641,6.6867],[49.098,6.7885],[49.1308,6.8866],[49.1617,6.9497],[49.1874,6.9989],[49.2261,7.073],[49.2968,7.1932],[49.3619,7.3017],[49.4071,7.3716],[49.4486,7.4357],[49.4835,7.4787],[49.5322,7.5355],[49.5367,7.5408],[49.5663,7.5892],[49.5954,7.6619],[49.6065,7.6897],[49.6456,7.74],[49.6656,7.7657],[49.6777,7.8082],[49.6993,7.8838],[49.6974,7.8891],[49.705,7.9152],[49.7086,7.9306],[49.7141,7.9375],[49.7205,8.0064],[49.7264,8.0692],[49.7307,8.1018],[49.8203,8.1365],[49.8485,8.2017],[49.8608,8.2687],[49.8504,8.3185],[49.8553,8.3509],[49.8556,8.353],[49.8911,8.4067],[49.9054,8.4282],[49.9113,8.4315],[49.9572,8.4567],[50.0202,8.4445],[50.0791,8.416],[50.1164,8.3805],[50.1172,8.382],[50.1744,8.4808],[50.2674,8.6523],[50.3156,8.7643],[50.3621,8.8805],[50.4335,8.9782],[50.5019,9.0719],[50.5315,9.1299],[50.5759,9.2445],[50.631,9.3763],[50.6886,9.4866],[50.7129,9.5332],[50.7531,9.7556],[50.7782,9.8759],[50.7782,9.9192],[50.7782,10.0146],[50.8434,10.2512],[50.8754,10.347],[50.9341,10.409],[50.981,10.482],[51.0202,10.5669],[51.0382,10.6154],[51.061,10.7298],[51.0738,10.8461],[51.0738,10.891],[51.1214,10.8857],[51.1222,10.8805],[51.1227,10.8771],[51.1235,10.8573],[51.1252,10.8136],[51.1294,10.7607],[51.1298,10.756],[51.1299,10.7541],[51.129,10.7423],[51.1274,10.7228],[51.1307,10.6807],[51.1313,10.6731],[51.1313,10.6729],[51.1336,10.6693],[51.1422,10.666],[51.1454,10.6593],[51.1471,10.6456],[51.1475,10.6419],[51.1509,10.6143],[51.157,10.6016],[51.1677,10.5796],[51.1693,10.5737],[51.1682,10.5713],[51.166,10.5668],[51.1658,10.5663],[51.1612,10.5642],[51.1605,10.5639],[51.1465,10.5603],[51.1239,10.5597],[51.1207,10.5585],[51.1206,10.5584],[51.1151,10.5563],[51.1122,10.5544],[51.1063,10.5507],[51.1053,10.55],[51.1053,10.5499],[51.1042,10.5476],[51.1029,10.5447],[51.1029,10.5446],[51.1041,10.5423],[51.1096,10.5389],[51.1102,10.5368],[51.1103,10.5367],[51.1067,10.5345],[51.1057,10.5339],[51.1056,10.5338],[51.1053,10.533],[51.1047,10.5317],[51.1047,10.5316],[51.1047,10.5315],[51.1074,10.523],[51.1049,10.5184],[51.1102,10.5124],[51.1106,10.5051],[51.1082,10.4943],[51.1016,10.4821],[51.0935,10.4701],[51.0927,10.4689],[51.0855,10.4625],[51.0846,10.4616],[51.0845,10.4616],[51.0837,10.4614],[51.0821,10.4613],[51.0571,10.4573],[51.0399,10.4569],[51.0329,10.4531],[51.0323,10.4527],[51.0322,10.4527],[51.0266,10.4463],[51.0262,10.444],[51.0259,10.4421],[51.028,10.4402],[51.0298,10.4384],[51.0301,10.4352],[51.0309,10.4255],[51.0311,10.4225],[51.0306,10.4202],[51.0298,10.4167],[51.0295,10.4155],[51.0295,10.4153],[51.0221,10.4215],[51.0205,10.4216],[51.0195,10.4217],[51.0194,10.4217],[51.0193,10.4219],[51.0178,10.4203],[51.0172,10.4197],[51.0192,10.4152],[51.0197,10.4141],[51.0197,10.4136],[51.019,10.4077],[51.0218,10.4049],[51.0219,10.405],[51.0219,10.4049],[51.0245,10.4056],[51.0297,10.407],[51.0378,10.4037],[51.0379,10.4037],[51.0388,10.4038],[51.0427,10.4044],[51.0524,10.4122],[51.0528,10.4125],[51.0561,10.4151],[51.0637,10.4187],[51.0872,10.4213],[51.0873,10.4213],[51.088,10.4215],[51.0911,10.4223],[51.1114,10.4278],[51.1201,10.4301],[51.1368,10.4293],[51.1833,10.4334],[51.2174,10.4314],[51.2284,10.4308],[51.2328,10.4319],[51.2337,10.4321],[51.2341,10.4329],[51.2357,10.4361],[51.2335,10.4417],[51.2285,10.4451],[51.2274,10.4517],[51.2273,10.452],[51.2273,10.4521],[51.2245,10.4531],[51.2239,10.4535],[51.2225,10.4495],[51.2219,10.4479],[51.2204,10.4502],[51.2121,10.4627],[51.1967,10.4741],[51.1939,10.4789],[51.1923,10.4857],[51.1947,10.4947],[51.1977,10.4993],[51.1995,10.502],[51.2003,10.5076],[51.2005,10.5091],[51.2001,10.5116],[51.1992,10.5169],[51.1987,10.5201],[51.1987,10.5202],[51.1971,10.5266],[51.1971,10.5267],[51.1829,10.5417],[51.1755,10.5571],[51.1759,10.5578],[51.1777,10.5605],[51.178,10.5603],[51.1815,10.5589],[51.1834,10.5552],[51.1921,10.5381],[51.1938,10.5364],[51.1992,10.5312],[51.2185,10.5235],[51.2269,10.5157],[51.2367,10.5066],[51.2504,10.5014],[51.2596,10.4947],[51.2729,10.4916],[51.2914,10.4793],[51.2999,10.4756],[51.3097,10.4746],[51.3185,10.4707],[51.3294,10.4708],[51.3409,10.4757],[51.3509,10.4799],[51.3513,10.4801],[51.3551,10.4803],[51.3647,10.4809],[51.3745,10.4797],[51.3777,10.4785],[51.388,10.4748],[51.3905,10.472],[51.392,10.4605],[51.398,10.4517],[51.4124,10.4434],[51.413,10.4397],[51.4048,10.4246],[51.4028,10.4182],[51.4017,10.4149],[51.4011,10.4144],[51.3982,10.4121],[51.3976,10.4116],[51.3961,10.4105],[51.3957,10.4084],[51.3927,10.3945],[51.3898,10.3899],[51.3897,10.3899],[51.3865,10.3873],[51.3834,10.385],[51.3787,10.3841],[51.3753,10.3835],[51.3741,10.3825],[51.3729,10.3817],[51.3718,10.379],[51.371,10.3775],[51.3751,10.3649],[51.3747,10.3638],[51.3745,10.3632],[51.374,10.3622],[51.3603,10.3689],[51.3555,10.3675],[51.351,10.3663],[51.35,10.3667],[51.3483,10.3673],[51.3407,10.3743],[51.3363,10.3757],[51.3315,10.3759],[51.3209,10.3723],[51.3185,10.3724],[51.3169,10.3725],[51.3157,10.3726],[51.3033,10.3735],[51.2955,10.3706],[51.2893,10.3684],[51.288,10.3687],[51.2849,10.3697],[51.2771,10.3751],[51.2724,10.3758],[51.2685,10.3763],[51.2655,10.3797],[51.2639,10.3847],[51.2685,10.4029],[51.2669,10.4095],[51.2625,10.4131],[51.2449,10.4219],[51.2297,10.4227],[51.2121,10.4237],[51.1775,10.4185],[51.1617,10.4177],[51.1468,10.4141],[51.1098,10.4053],[51.106,10.4049],[51.1039,10.4047],[51.0847,10.4025],[51.0663,10.3969],[51.0471,10.3959],[51.0159,10.3823],[51.0086,10.3777],[50.9856,10.3634],[50.9727,10.3553],[50.9647,10.3504],[50.9497,10.3413],[50.9405,10.3371],[50.9364,10.3353],[50.9222,10.3256],[50.9001,10.3107],[50.8993,10.3101],[50.8992,10.31],[50.897,10.3054],[50.8949,10.2702],[50.894,10.2565],[50.8955,10.2289],[50.8957,10.2243],[50.8976,10.2149],[50.9023,10.191],[50.902,10.1829],[50.8956,10.145],[50.8939,10.1349],[50.8906,10.1219],[50.8848,10.1072],[50.8837,10.1047],[50.8826,10.0986],[50.8821,10.0957],[50.8862,10.0757],[50.8877,10.0527],[50.8959,10.0249],[50.896,10.0223],[50.8963,10.0171],[50.8946,10.0102],[50.8967,10],[50.8983,9.992],[50.8937,9.9845],[50.8922,9.9822],[50.8863,9.9647],[50.8794,9.9268],[50.8778,9.9209],[50.8726,9.9006],[50.8715,9.8963],[50.8699,9.8905],[50.8687,9.8801],[50.8683,9.8762],[50.8672,9.8744],[50.8654,9.8713],[50.8537,9.8592],[50.8531,9.8585],[50.8529,9.8581],[50.8514,9.8546],[50.8461,9.8208],[50.8421,9.7959],[50.8396,9.7836],[50.8322,9.7477],[50.8349,9.7348],[50.834,9.7217],[50.8339,9.7201],[50.8294,9.7043],[50.8301,9.6923],[50.8284,9.6801],[50.8207,9.6673],[50.8239,9.6574],[50.8192,9.6416],[50.8175,9.6361],[50.8162,9.6336],[50.807,9.6171],[50.8061,9.6081],[50.8055,9.6025],[50.8037,9.5945],[50.8006,9.5815],[50.7986,9.5606],[50.8021,9.5507],[50.8013,9.5388],[50.8029,9.5327],[50.8047,9.5261],[50.8045,9.5224],[50.804,9.5133],[50.806,9.5015],[50.8111,9.4935],[50.8142,9.4907],[50.8161,9.4891],[50.8174,9.4884],[50.8226,9.4854],[50.8286,9.4819],[50.8287,9.4819],[50.8307,9.4812],[50.8381,9.4787],[50.8434,9.4738],[50.8466,9.4657],[50.8433,9.4559],[50.83,9.4293],[50.8282,9.422],[50.8271,9.4177],[50.8101,9.3847],[50.8096,9.3839],[50.8076,9.3809],[50.7907,9.3556],[50.7722,9.3352],[50.7677,9.3265],[50.7635,9.3183],[50.7558,9.308],[50.7456,9.2944],[50.7419,9.291],[50.7393,9.2887],[50.7383,9.2877],[50.7291,9.2843],[50.7197,9.2807],[50.7063,9.2689],[50.7053,9.2681],[50.6879,9.2419],[50.6878,9.2417],[50.6725,9.2282],[50.6716,9.2273],[50.6616,9.2147],[50.655,9.2035],[50.652,9.1897],[50.6457,9.1725],[50.6442,9.1585],[50.6449,9.1497],[50.6451,9.1465],[50.6462,9.1439],[50.6504,9.1332],[50.6512,9.119],[50.6496,9.1089],[50.6472,9.0942],[50.6409,9.0771],[50.6219,9.0521],[50.6216,9.0517],[50.6215,9.0515],[50.6039,9.0433],[50.5875,9.0287],[50.5866,9.0278],[50.5864,9.0276],[50.5748,9.0073],[50.5748,9.0072],[50.5669,9.0002],[50.5613,8.9951],[50.5585,8.9933],[50.546,8.9853],[50.5244,8.9675],[50.5025,8.9495],[50.4947,8.9425],[50.4725,8.9223],[50.472,8.9219],[50.4714,8.9213],[50.464,8.9119],[50.4585,8.9067],[50.4519,8.9005],[50.4509,8.8995],[50.4463,8.8973],[50.4457,8.8969],[50.4436,8.8935],[50.4434,8.8932],[50.4434,8.8868],[50.4399,8.8803],[50.4281,8.8661],[50.423,8.8569],[50.4228,8.8564],[50.4227,8.8563],[50.4183,8.8537],[50.4178,8.8533],[50.4174,8.8531],[50.4144,8.8465],[50.4123,8.8343],[50.4079,8.826],[50.4047,8.7809],[50.4044,8.7802],[50.4037,8.7787],[50.3975,8.7659],[50.3878,8.7483],[50.3825,8.7063],[50.3799,8.6976],[50.3795,8.6963],[50.3773,8.6935],[50.3746,8.6901],[50.3742,8.6896],[50.3677,8.6847],[50.3583,8.6755],[50.3551,8.6723],[50.3543,8.6715],[50.3385,8.6502],[50.3304,8.6296],[50.3273,8.6098],[50.3257,8.5999],[50.3257,8.5998],[50.3258,8.5989],[50.3279,8.5863],[50.3289,8.5847],[50.3328,8.5786],[50.3339,8.5709],[50.3339,8.5697],[50.3331,8.5569],[50.333,8.5561],[50.3329,8.5551],[50.3329,8.555],[50.3318,8.5543],[50.332,8.5509],[50.3248,8.5342],[50.3161,8.5213],[50.3061,8.5065],[50.2998,8.4991],[50.2924,8.4903],[50.292,8.4898],[50.2917,8.4895],[50.2823,8.4839],[50.282,8.4836],[50.2816,8.4833],[50.2761,8.4739],[50.276,8.4737],[50.2747,8.4726],[50.2729,8.4711],[50.2453,8.4469],[50.2452,8.4468],[50.2446,8.4462],[50.2349,8.4339],[50.2286,8.4231],[50.2261,8.4135],[50.2239,8.4051],[50.2197,8.3999],[50.2191,8.3991],[50.2111,8.3937],[50.211,8.3936],[50.2044,8.3871],[50.2034,8.386],[50.1962,8.3743],[50.1943,8.3708],[50.1913,8.3657],[50.1855,8.3501],[50.1851,8.3423],[50.1848,8.3365],[50.1836,8.3332],[50.1835,8.3327],[50.1835,8.3326],[50.1832,8.3319],[50.1762,8.3291],[50.1761,8.3291],[50.1724,8.3276],[50.1694,8.3264],[50.1653,8.3227],[50.1631,8.3207],[50.1624,8.32],[50.1622,8.3198],[50.1569,8.31],[50.155,8.2983],[50.1536,8.2928],[50.1516,8.2899],[50.1471,8.2836],[50.1456,8.2702],[50.1455,8.2693],[50.1455,8.2692],[50.1455,8.2691],[50.1462,8.2565],[50.1436,8.2458],[50.1376,8.2361],[50.1292,8.1985],[50.1241,8.1934],[50.1197,8.1889],[50.1149,8.1839],[50.1147,8.1837],[50.1144,8.1834],[50.1137,8.1827],[50.1132,8.1822],[50.1127,8.1817],[50.1034,8.1739],[50.0755,8.1505],[50.0743,8.1492],[50.0631,8.1377],[50.0624,8.1368],[50.0621,8.1365],[50.0588,8.1344],[50.0553,8.1321],[50.048,8.1282],[50.0455,8.1269],[50.0315,8.1217],[50.0181,8.1167],[50.0169,8.116],[50,8.1055],[49.9844,8.0958],[49.9515,8.0627],[49.9348,8.0459],[49.9344,8.0455],[49.9339,8.0451],[49.9238,8.0332],[49.9066,8.0131],[49.906,8.0125],[49.8927,8.0006],[49.8925,8.0003],[49.8921,8.0001],[49.8611,7.9609],[49.8609,7.9606],[49.8603,7.9599],[49.856,7.9573],[49.8551,7.9574],[49.8503,7.9579],[49.8407,7.9635],[49.8399,7.9641],[49.8399,7.9639],[49.8398,7.964],[49.8394,7.9616],[49.8412,7.9602],[49.85,7.9536],[49.8491,7.9503],[49.8353,7.9349],[49.8273,7.9219],[49.8228,7.9103],[49.8219,7.9078],[49.8162,7.8816],[49.8118,7.8479],[49.8096,7.8183],[49.8119,7.813],[49.8162,7.8077],[49.8175,7.8061],[49.817,7.7979],[49.8189,7.7926],[49.8217,7.7899],[49.8286,7.7885],[49.8287,7.7885],[49.8364,7.7897],[49.8389,7.7874],[49.8382,7.7846],[49.8381,7.7843],[49.8354,7.7816],[49.8326,7.779],[49.8318,7.7782],[49.8317,7.7781],[49.8316,7.778],[49.83,7.7724],[49.8312,7.7697],[49.8349,7.7681],[49.8363,7.7651],[49.8255,7.7472],[49.8311,7.7385],[49.831,7.7383],[49.8238,7.7254],[49.8152,7.7147],[49.8027,7.6993],[49.7969,7.6887],[49.7969,7.6885],[49.7968,7.6883],[49.7874,7.6797],[49.7868,7.6792],[49.7867,7.6791],[49.7803,7.6701],[49.7795,7.6684],[49.7728,7.6535],[49.7692,7.64],[49.7689,7.6389],[49.7689,7.6388],[49.7667,7.6171],[49.766,7.615],[49.7622,7.6038],[49.7594,7.5956],[49.7484,7.5727],[49.7421,7.5599],[49.7099,7.5009],[49.7088,7.4984],[49.7054,7.4911],[49.6983,7.4757],[49.6862,7.4541],[49.6789,7.4411],[49.6507,7.3993],[49.6399,7.3833],[49.6039,7.3301],[49.5751,7.2939],[49.5698,7.2865],[49.5658,7.281],[49.5453,7.2528],[49.5425,7.2495],[49.5295,7.2347],[49.5181,7.2167],[49.5122,7.2087],[49.4903,7.1798],[49.4802,7.1663],[49.4753,7.1599],[49.4263,7.0815],[49.4203,7.0749],[49.3985,7.0507],[49.3982,7.0504],[49.3974,7.0495],[49.3814,7.0211],[49.3749,7.0095],[49.3715,7.0022],[49.3612,6.9802],[49.3536,6.9684],[49.3375,6.9436],[49.3298,6.9345],[49.3249,6.9289],[49.3237,6.9258],[49.3198,6.9153],[49.3197,6.9151],[49.3133,6.9089],[49.3123,6.9079],[49.3111,6.9044],[49.3073,6.8943],[49.3021,6.8873],[49.2887,6.8613],[49.2857,6.8555],[49.2707,6.8314],[49.2595,6.8133],[49.2595,6.8132],[49.2595,6.8131],[49.2584,6.8092],[49.2571,6.8047],[49.2571,6.8046],[49.257,6.8043],[49.2525,6.8007],[49.2524,6.8006],[49.2519,6.8002],[49.2484,6.7952],[49.2455,6.7911],[49.2364,6.7737],[49.2278,6.7574],[49.2249,6.7533],[49.2184,6.7441],[49.2111,6.7337],[49.2111,6.7336],[49.2086,6.7251],[49.2075,6.7087],[49.2071,6.7035],[49.2066,6.7026],[49.1991,6.6874],[49.1796,6.6371],[49.1735,6.6213],[49.1661,6.6054],[49.1641,6.6011],[49.0379,6.6088],[49.0582,6.6607],[49.0641,6.6867]]],"admin_0_gaul":226,"admin_1_gaul":0,"admin_2_gaul":0,"admin_0_faostat":201},"properties":{"aar_id":"1520","confidence_level":2,"ipc_period":"C","overall_phase":4,"population_min":"110098","population_percentage_min":"1.3","justification":"","prolonged_crisis":false,"population_phase_worse":null,"population_percentage_phase_worse":null,"anl_id":"87143416","admin_type":"polygon","title":"NE Coastal Deeh Pastoral (Bari, Mudug and Nugal)","view_level":"area","hide_settlement_labels":false,"hide_area_labels":false,"hide_area_borders":false,"show_area_popups":true,"color":"#C80000","estimated_population":"84690","phase1_population":4235,"phase1_percent":0.05,"phase1_color":"#CCFFCC","phase2_population":25407,"phase2_percent":0.3,"phase2_color":"#FAE61E","phase3_population":55049,"phase3_percent":0.65,"phase3_color":"#E67800","phase4_population":21173,"phase4_percent":0.25,"phase4_color":"#C80000","phase5_population":0,"phase5_percent":0,"phase5_color":"#640000"}},{"type":"Feature","geometry":{"type":"Polygon","coordinates":[[[51.1463,11.1511],[51.1483,11.1511],[51.1551,11.1478],[51.1579,11.1465],[51.1622,11.1475],[51.17,11.1494],[51.1769,11.1471],[51.1777,11.1461],[51.1793,11.1441],[51.1804,11.1388],[51.1785,11.1315],[51.1762,11.1283],[51.1755,11.1273],[51.1602,11.1065],[51.158,11.0957],[51.1323,11.0388],[51.1259,11.0122],[51.1242,11.0053],[51.1166,10.9399],[51.1183,10.9117],[51.1191,10.8967],[51.1196,10.8944],[51.1212,10.8868],[51.1214,10.8857],[51.0738,10.891],[51.0738,10.8461],[51.061,10.7298],[51.0382,10.6154],[51.0202,10.5669],[50.981,10.482],[50.9341,10.409],[50.8105,10.4029],[50.7166,10.4183],[50.6147,10.4556],[50.5064,10.5062],[50.3607,10.5782],[50.2083,10.6158],[50.1775,10.6233],[50.039,10.6782],[49.9186,10.7243],[49.8232,10.7202],[49.8193,10.7201],[49.5306,10.7952],[49.4134,10.822],[49.2062,10.7841],[49.1343,10.7764],[49.0444,10.7397],[49.0323,10.7299],[49.0311,10.7809],[49.0029,10.8965],[48.9515,11.1061],[48.9191,11.2387],[48.9216,11.2382],[48.9246,11.2377],[48.9553,11.2384],[48.984,11.2447],[49.0149,11.2546],[49.0275,11.2544],[49.0319,11.2555],[49.0512,11.2638],[49.0806,11.268],[49.1097,11.275],[49.1439,11.2787],[49.1542,11.281],[49.1735,11.2861],[49.1835,11.2902],[49.1886,11.29],[49.1937,11.2897],[49.2024,11.2922],[49.2161,11.2962],[49.2384,11.2984],[49.2397,11.2985],[49.2442,11.3005],[49.2729,11.3128],[49.2813,11.3176],[49.2821,11.3183],[49.2906,11.3252],[49.2907,11.3253],[49.296,11.3328],[49.2967,11.3331],[49.2995,11.3342],[49.3059,11.3339],[49.3095,11.3337],[49.3201,11.3307],[49.3206,11.3307],[49.3209,11.3307],[49.3344,11.3292],[49.3862,11.3278],[49.422,11.3335],[49.4327,11.3385],[49.4353,11.3397],[49.4359,11.3403],[49.4393,11.3436],[49.4437,11.3478],[49.4437,11.3479],[49.4456,11.354],[49.4464,11.3542],[49.4647,11.3593],[49.4649,11.3595],[49.4655,11.36],[49.4683,11.3624],[49.4703,11.3641],[49.4743,11.3733],[49.4745,11.3733],[49.475,11.3734],[49.4991,11.3761],[49.5067,11.3796],[49.5095,11.3809],[49.5097,11.3813],[49.5098,11.3814],[49.5267,11.4007],[49.5285,11.4027],[49.5299,11.4054],[49.5469,11.4395],[49.5472,11.4397],[49.5509,11.4433],[49.5533,11.4455],[49.5548,11.4459],[49.5549,11.4459],[49.5758,11.4512],[49.5807,11.4514],[49.5808,11.4514],[49.5938,11.4519],[49.5972,11.4526],[49.6027,11.4537],[49.6287,11.4537],[49.6311,11.4546],[49.6402,11.4578],[49.6558,11.459],[49.6658,11.4656],[49.6779,11.4714],[49.6922,11.4773],[49.7034,11.4722],[49.7243,11.4628],[49.7322,11.4607],[49.7427,11.4579],[49.7502,11.4573],[49.7621,11.4563],[49.7898,11.4576],[49.7955,11.4579],[49.7995,11.4572],[49.8054,11.4563],[49.8241,11.4574],[49.8285,11.4585],[49.8448,11.4624],[49.8495,11.4641],[49.8615,11.4681],[49.8958,11.4871],[49.8996,11.4893],[49.8997,11.4893],[49.9005,11.4899],[49.9028,11.4918],[49.9118,11.4989],[49.9171,11.4986],[49.9255,11.4906],[49.9318,11.4874],[49.9395,11.4807],[49.9401,11.4819],[49.9409,11.4836],[49.9411,11.4841],[49.94,11.4887],[49.9278,11.4948],[49.9251,11.4961],[49.9247,11.4969],[49.9241,11.4979],[49.925,11.4999],[49.9273,11.5047],[49.9282,11.5052],[49.9321,11.5076],[49.9395,11.5094],[49.9549,11.5092],[49.9694,11.5036],[49.9799,11.5018],[49.9918,11.502],[49.9965,11.5021],[49.9977,11.5022],[50,11.5022],[50.0083,11.5024],[50.03,11.501],[50.064,11.5037],[50.0785,11.5068],[50.0837,11.5088],[50.0893,11.5109],[50.0903,11.5117],[50.1007,11.5194],[50.1007,11.5195],[50.1119,11.5247],[50.1123,11.5251],[50.1165,11.5305],[50.1221,11.5375],[50.1227,11.5375],[50.1285,11.5373],[50.1375,11.537],[50.1384,11.5378],[50.1473,11.5455],[50.1474,11.5455],[50.1478,11.5458],[50.1524,11.5482],[50.1567,11.5505],[50.1626,11.5525],[50.1672,11.554],[50.184,11.556],[50.188,11.5579],[50.1935,11.5605],[50.205,11.5601],[50.2099,11.5598],[50.2157,11.5617],[50.2311,11.5723],[50.2331,11.5737],[50.2347,11.5747],[50.2394,11.5758],[50.2605,11.5806],[50.2699,11.5843],[50.2707,11.5849],[50.2763,11.5895],[50.2807,11.5985],[50.2859,11.6032],[50.2893,11.6063],[50.2895,11.6064],[50.2901,11.6067],[50.2965,11.6106],[50.3014,11.6136],[50.3111,11.6162],[50.3189,11.6183],[50.3413,11.6291],[50.3517,11.6343],[50.3556,11.6362],[50.3557,11.6362],[50.3565,11.6366],[50.3566,11.6367],[50.3567,11.6367],[50.3783,11.6515],[50.3877,11.6563],[50.3911,11.6572],[50.4175,11.6642],[50.4315,11.6704],[50.4321,11.6709],[50.4323,11.6711],[50.4352,11.6737],[50.4522,11.6888],[50.4718,11.7063],[50.4718,11.7064],[50.4719,11.7065],[50.4761,11.7113],[50.4837,11.7199],[50.4929,11.7316],[50.497,11.7389],[50.5131,11.7671],[50.5213,11.7843],[50.5277,11.7891],[50.5301,11.7932],[50.5311,11.7949],[50.5324,11.7986],[50.5367,11.8115],[50.5393,11.8242],[50.5393,11.8243],[50.5395,11.8254],[50.5413,11.8337],[50.5469,11.8483],[50.5529,11.8629],[50.5616,11.8777],[50.5617,11.8785],[50.5625,11.8831],[50.5625,11.8837],[50.5622,11.8833],[50.5547,11.8749],[50.5488,11.8636],[50.5414,11.8498],[50.5377,11.8413],[50.5371,11.8399],[50.5366,11.838],[50.5342,11.8286],[50.5281,11.8056],[50.5259,11.7973],[50.5259,11.7971],[50.5258,11.7967],[50.5242,11.7964],[50.5225,11.7961],[50.5219,11.7997],[50.5391,11.8594],[50.5393,11.8601],[50.5395,11.8605],[50.5507,11.8809],[50.5521,11.8838],[50.5525,11.8844],[50.5588,11.892],[50.5815,11.9121],[50.5816,11.9121],[50.5821,11.9123],[50.5901,11.9155],[50.598,11.9208],[50.6035,11.9244],[50.6208,11.9268],[50.6233,11.9271],[50.6236,11.9275],[50.6239,11.9278],[50.6266,11.9303],[50.6275,11.9311],[50.6303,11.9389],[50.6326,11.9409],[50.6328,11.9409],[50.6384,11.9408],[50.6534,11.9375],[50.6734,11.9331],[50.6735,11.9331],[50.6842,11.9371],[50.7071,11.9454],[50.7265,11.954],[50.7363,11.956],[50.7531,11.9624],[50.766,11.9649],[50.7661,11.9649],[50.7667,11.9654],[50.767,11.9656],[50.7737,11.9704],[50.7761,11.9722],[50.7877,11.9733],[50.7886,11.974],[50.7916,11.9764],[50.7935,11.9779],[50.7921,11.9799],[50.7799,11.9807],[50.7751,11.9787],[50.7726,11.9777],[50.7719,11.9775],[50.7664,11.9713],[50.7657,11.9705],[50.7631,11.9721],[50.7697,11.9821],[50.7699,11.9823],[50.7705,11.9826],[50.7738,11.9844],[50.7915,11.9852],[50.7988,11.9836],[50.8058,11.9794],[50.8166,11.9687],[50.8199,11.9653],[50.8228,11.9633],[50.8313,11.9574],[50.8514,11.947],[50.8586,11.9437],[50.8815,11.9404],[50.8929,11.9387],[50.8934,11.9388],[50.9041,11.9398],[50.9202,11.9312],[50.9559,11.9218],[50.9734,11.9139],[51.0008,11.9014],[51.0178,11.8902],[51.0544,11.8726],[51.0644,11.8716],[51.0849,11.8728],[51.0912,11.8717],[51.1001,11.87],[51.1157,11.8704],[51.1402,11.8739],[51.1403,11.8739],[51.1454,11.8723],[51.1614,11.8623],[51.1689,11.8556],[51.1822,11.8507],[51.2116,11.8441],[51.215,11.8433],[51.2322,11.8354],[51.2458,11.8353],[51.2459,11.8353],[51.2501,11.8368],[51.2631,11.8414],[51.2731,11.8418],[51.281,11.8381],[51.2839,11.8347],[51.2847,11.8337],[51.285,11.8323],[51.2868,11.8238],[51.2846,11.8116],[51.2798,11.8019],[51.2729,11.7883],[51.2688,11.78],[51.2666,11.7756],[51.2586,11.7642],[51.2573,11.759],[51.2567,11.7567],[51.2567,11.7566],[51.2583,11.741],[51.2556,11.7311],[51.2474,11.7194],[51.2445,11.7123],[51.2542,11.6946],[51.2553,11.6874],[51.2533,11.6784],[51.2529,11.6767],[51.2511,11.6727],[51.2507,11.6719],[51.2408,11.6508],[51.2407,11.6505],[51.2288,11.6449],[51.2287,11.6448],[51.2283,11.6447],[51.2269,11.6433],[51.2254,11.6419],[51.22,11.6274],[51.2193,11.6255],[51.2162,11.6218],[51.2161,11.6217],[51.2157,11.6213],[51.2136,11.6202],[51.2079,11.6177],[51.2071,11.6173],[51.1871,11.5875],[51.1745,11.5767],[51.1739,11.5763],[51.1669,11.5673],[51.1648,11.5646],[51.161,11.5583],[51.1575,11.5525],[51.1497,11.5351],[51.1422,11.5252],[51.1248,11.5023],[51.1244,11.5015],[51.1205,11.4932],[51.1199,11.4919],[51.1198,11.4917],[51.12,11.4869],[51.123,11.4784],[51.1232,11.4681],[51.1234,11.467],[51.1255,11.4582],[51.1244,11.4515],[51.1206,11.4285],[51.1139,11.4106],[51.1119,11.4053],[51.1119,11.4052],[51.1119,11.4051],[51.1128,11.4003],[51.1062,11.3914],[51.0881,11.3485],[51.084,11.3389],[51.0799,11.3175],[51.0798,11.3167],[51.0779,11.2961],[51.0799,11.2875],[51.0809,11.2833],[51.0806,11.2824],[51.078,11.2743],[51.074,11.2624],[51.0758,11.2198],[51.0772,11.2136],[51.0864,11.1869],[51.0963,11.1696],[51.1002,11.1641],[51.1083,11.158],[51.1084,11.158],[51.1111,11.1559],[51.1204,11.1541],[51.136,11.151],[51.1463,11.1511]]],"admin_0_gaul":226,"admin_1_gaul":0,"admin_2_gaul":0,"admin_0_faostat":201},"properties":{"aar_id":"1521","confidence_level":2,"ipc_period":"C","overall_phase":3,"population_min":"614175","population_percentage_min":"0.9","justification":"","prolonged_crisis":false,"population_phase_worse":null,"population_percentage_phase_worse":null,"anl_id":"87143416","admin_type":"polygon","title":"NE East Golis Pastoral (Bari)","view_level":"area","hide_settlement_labels":false,"hide_area_labels":false,"hide_area_borders":false,"show_area_popups":true,"color":"#E67800","estimated_population":"682416","phase1_population":68242,"phase1_percent":0.1,"phase1_color":"#CCFFCC","phase2_population":307087,"phase2_percent":0.45,"phase2_color":"#FAE61E","phase3_population":307087,"phase3_percent":0.45,"phase3_color":"#E67800","phase4_population":68242,"phase4_percent":0.1,"phase4_color":"#C80000","phase5_population":0,"phase5_percent":0,"phase5_color":"#640000"}},{"type":"Feature","geometry":{"type":"Polygon","coordinates":[[[47.0023,7.0415],[47.1027,7.1427],[47.1515,7.1937],[47.1963,7.2403],[47.2437,7.2833],[47.2787,7.3209],[47.3101,7.3545],[47.3229,7.3667],[47.3363,7.3793],[47.5577,7.5603],[47.5592,7.5619],[47.8955,7.9069],[47.9863,8.0001],[47.9861,8.0001],[47.9341,8.0001],[47.9199,8.0001],[47.9211,8.0011],[47.9411,8.0211],[48.1311,8.2111],[48.0511,8.2411],[48.1347,8.3297],[48.1697,8.3298],[48.2811,8.3112],[48.4436,8.283],[48.5491,8.2572],[48.7291,8.2132],[48.9067,8.1815],[49.0659,8.1694],[49.1647,8.1587],[49.2064,8.1498],[49.308,8.1282],[49.5141,8.1205],[49.611,8.1159],[49.7294,8.1013],[49.7307,8.1018],[49.7264,8.0692],[49.7205,8.0064],[49.7141,7.9375],[49.6688,7.924],[49.6133,7.9074],[49.5516,7.889],[49.467,7.8637],[49.3988,7.8433],[49.3478,7.8281],[49.2866,7.8098],[49.2283,7.7924],[49.1937,7.782],[49.1566,7.7527],[49.1224,7.7185],[49.1081,7.7063],[49.0895,7.6906],[49.0527,7.6631],[49.0093,7.6305],[48.9828,7.6106],[48.9691,7.6055],[48.9242,7.5886],[48.8813,7.5726],[48.8632,7.5596],[48.8252,7.5325],[48.7925,7.5091],[48.7604,7.4904],[48.7257,7.4701],[48.6968,7.4513],[48.6695,7.4326],[48.6076,7.3903],[48.5558,7.3549],[48.526,7.3344],[48.5086,7.3226],[48.4584,7.2885],[48.4162,7.2604],[48.3802,7.2364],[48.3584,7.2269],[48.3141,7.2076],[48.2739,7.1901],[48.2343,7.1729],[48.1996,7.1521],[48.1709,7.1349],[48.1406,7.1305],[48.0911,7.1235],[48.055,7.1113],[48.0247,7.0992],[47.9869,7.0841],[47.938,7.0562],[47.8906,7.0298],[47.8448,7.008],[47.7904,6.9821],[47.7489,6.9614],[47.7067,6.9389],[47.3006,6.9389],[47.1111,6.7313],[46.8987,6.8841],[46.8986,6.8841],[46.8695,6.9107],[47.0023,7.0415]]],"admin_0_gaul":226,"admin_1_gaul":0,"admin_2_gaul":0,"admin_0_faostat":201},"properties":{"aar_id":"1522","confidence_level":3,"ipc_period":"C","overall_phase":3,"population_min":"552630","population_percentage_min":"0.9","justification":"","prolonged_crisis":false,"population_phase_worse":null,"population_percentage_phase_worse":null,"anl_id":"87143416","admin_type":"polygon","title":"NE Hawd Pastoral (North Mudug and Nugaal)","view_level":"area","hide_settlement_labels":false,"hide_area_labels":false,"hide_area_borders":false,"show_area_popups":true,"color":"#E67800","estimated_population":"614033","phase1_population":122807,"phase1_percent":0.2,"phase1_color":"#CCFFCC","phase2_population":214912,"phase2_percent":0.35,"phase2_color":"#FAE61E","phase3_population":276315,"phase3_percent":0.45,"phase3_color":"#E67800","phase4_population":92105,"phase4_percent":0.15,"phase4_color":"#C80000","phase5_population":0,"phase5_percent":0,"phase5_color":"#640000"}},{"type":"Feature","geometry":{"type":"Polygon","coordinates":[[[49.8608,8.2687],[49.8485,8.2017],[49.8203,8.1365],[49.7307,8.1018],[49.7294,8.1013],[49.611,8.1159],[49.5141,8.1205],[49.308,8.1282],[49.2064,8.1498],[49.1647,8.1587],[49.0659,8.1694],[48.9067,8.1815],[48.7291,8.2132],[48.5491,8.2572],[48.4436,8.283],[48.2811,8.3112],[48.1697,8.3298],[48.1347,8.3297],[48.5611,8.7811],[48.7311,8.7811],[49.0811,9.1405],[49.0611,9.5711],[49.0411,10.3509],[49.0359,10.5705],[49.0323,10.7299],[49.0444,10.7397],[49.1343,10.7764],[49.2062,10.7841],[49.4134,10.822],[49.5306,10.7952],[49.8193,10.7201],[49.8232,10.7202],[49.9186,10.7243],[50.039,10.6782],[50.1775,10.6233],[50.2083,10.6158],[50.3607,10.5782],[50.5064,10.5062],[50.6147,10.4556],[50.7166,10.4183],[50.8105,10.4029],[50.9341,10.409],[50.8754,10.347],[50.8434,10.2512],[50.7782,10.0146],[50.7782,9.9192],[50.7782,9.8759],[50.7531,9.7556],[50.7129,9.5332],[50.6886,9.4866],[50.631,9.3763],[50.5759,9.2445],[50.5315,9.1299],[50.5019,9.0719],[50.4335,8.9782],[50.3621,8.8805],[50.3156,8.7643],[50.2674,8.6523],[50.1744,8.4808],[50.1172,8.382],[50.1164,8.3805],[50.0791,8.416],[50.0202,8.4445],[49.9572,8.4567],[49.9113,8.4315],[49.9054,8.4282],[49.8911,8.4067],[49.8556,8.353],[49.8553,8.3509],[49.8504,8.3185],[49.8608,8.2687]]],"admin_0_gaul":226,"admin_1_gaul":0,"admin_2_gaul":0,"admin_0_faostat":201},"properties":{"aar_id":"1523","confidence_level":3,"ipc_period":"C","overall_phase":4,"population_min":"605982","population_percentage_min":"1.1","justification":"","prolonged_crisis":false,"population_phase_worse":null,"population_percentage_phase_worse":null,"anl_id":"87143416","admin_type":"polygon","title":"NE Northern Inland Pastoral (Bari and Nugaal)","view_level":"area","hide_settlement_labels":false,"hide_area_labels":false,"hide_area_borders":false,"show_area_popups":true,"color":"#C80000","estimated_population":"550892","phase1_population":27545,"phase1_percent":0.05,"phase1_color":"#CCFFCC","phase2_population":220357,"phase2_percent":0.4,"phase2_color":"#FAE61E","phase3_population":302991,"phase3_percent":0.55,"phase3_color":"#E67800","phase4_population":137723,"phase4_percent":0.25,"phase4_color":"#C80000","phase5_population":0,"phase5_percent":0,"phase5_color":"#640000"}},{"type":"Feature","geometry":{"type":"Polygon","coordinates":[[[47.2993,10.2312],[47.1315,10.1253],[47.1057,10.1714],[46.9563,10.0965],[46.8935,10.0489],[46.809,10.0154],[46.7077,9.993],[46.5854,9.9458],[46.4923,9.9148],[46.4884,9.9156],[46.4902,9.9164],[46.4246,9.967],[46.4057,10.1183],[46.3832,10.2897],[46.3532,10.5697],[46.3492,10.627],[46.4269,10.6379],[46.457,10.6461],[46.5568,10.6861],[46.5388,10.7155],[46.5793,10.7258],[46.5884,10.7275],[46.6102,10.7272],[46.6151,10.7289],[46.6201,10.7305],[46.6257,10.7331],[46.6285,10.7343],[46.6408,10.7356],[46.6668,10.745],[46.6899,10.7609],[46.7061,10.7659],[46.7069,10.7667],[46.7169,10.7768],[46.7171,10.7769],[46.7227,10.7787],[46.7419,10.786],[46.744,10.787],[46.7577,10.794],[46.7586,10.7944],[46.7711,10.7978],[46.7719,10.7986],[46.7756,10.8023],[46.7811,10.8077],[46.7813,10.8079],[46.7879,10.8106],[46.788,10.8106],[46.7953,10.8137],[46.8003,10.8157],[46.8038,10.8172],[46.8076,10.8188],[46.8082,10.8194],[46.8083,10.8195],[46.8096,10.821],[46.8157,10.8278],[46.8158,10.8279],[46.8161,10.8279],[46.8215,10.8295],[46.8278,10.8312],[46.8345,10.8354],[46.8346,10.8356],[46.8347,10.8357],[46.8376,10.8409],[46.8395,10.8444],[46.8457,10.8502],[46.8458,10.8502],[46.8622,10.8543],[46.8623,10.8543],[46.863,10.8547],[46.8705,10.8585],[46.8708,10.8589],[46.8711,10.8591],[46.8805,10.8707],[46.8808,10.871],[46.8811,10.8712],[46.8885,10.8759],[46.8886,10.876],[46.8889,10.8763],[46.8961,10.8866],[46.8979,10.8891],[46.9009,10.8921],[46.9011,10.8921],[46.9101,10.8947],[46.9102,10.8947],[46.9213,10.8955],[46.9224,10.8961],[46.9265,10.8987],[46.9267,10.8991],[46.9337,10.9121],[46.9345,10.9125],[46.9353,10.9129],[46.9377,10.914],[46.9558,10.9128],[46.9616,10.9144],[46.9625,10.9147],[46.9626,10.9147],[46.9635,10.9155],[46.9723,10.9233],[46.9762,10.9243],[46.9848,10.9266],[46.9849,10.9267],[46.9857,10.9272],[46.9929,10.9317],[46.9934,10.9323],[46.9984,10.9375],[47.0007,10.9413],[47.0027,10.9445],[47.0081,10.9533],[47.0121,10.9577],[47.0125,10.9579],[47.0173,10.9607],[47.0308,10.9606],[47.0495,10.9634],[47.0503,10.9635],[47.0513,10.9643],[47.0628,10.9728],[47.0768,10.9748],[47.0831,10.9757],[47.0984,10.9831],[47.0997,10.9837],[47.1003,10.9843],[47.1075,10.9925],[47.1076,10.9928],[47.1089,10.9979],[47.1122,11.0122],[47.1127,11.0141],[47.1167,11.0197],[47.1187,11.0225],[47.1191,11.0228],[47.1196,11.0232],[47.1277,11.0297],[47.1423,11.0411],[47.1445,11.0466],[47.1447,11.0473],[47.1461,11.0589],[47.1471,11.0597],[47.1505,11.0625],[47.1841,11.0743],[47.194,11.0779],[47.2095,11.0833],[47.2181,11.0863],[47.2253,11.09],[47.2388,11.097],[47.2394,11.0976],[47.2563,11.1144],[47.2566,11.1144],[47.2761,11.1184],[47.2919,11.127],[47.2942,11.1282],[47.3072,11.1315],[47.3095,11.132],[47.3272,11.1414],[47.3341,11.1451],[47.3553,11.1531],[47.3783,11.1585],[47.3871,11.1646],[47.3923,11.1683],[47.393,11.1684],[47.4033,11.1697],[47.4127,11.1726],[47.4221,11.1754],[47.443,11.1731],[47.4456,11.1728],[47.4561,11.1782],[47.4599,11.1789],[47.4609,11.1791],[47.4646,11.1786],[47.474,11.1774],[47.4898,11.1805],[47.491,11.1807],[47.5063,11.181],[47.5355,11.1778],[47.5488,11.1747],[47.5574,11.1694],[47.5619,11.1651],[47.5643,11.1627],[47.573,11.1543],[47.5769,11.1505],[47.5905,11.1414],[47.5963,11.1375],[47.5975,11.1369],[47.6103,11.1303],[47.6249,11.1189],[47.6265,11.1177],[47.6292,11.1163],[47.6419,11.1098],[47.6665,11.0936],[47.6698,11.0922],[47.6744,11.0902],[47.6821,11.0894],[47.6845,11.0891],[47.6938,11.0895],[47.6998,11.0897],[47.6999,11.0897],[47.701,11.09],[47.7205,11.0947],[47.7424,11.1033],[47.7641,11.1119],[47.7782,11.1157],[47.7923,11.1194],[47.8022,11.122],[47.8183,11.1168],[47.8446,11.114],[47.8579,11.1114],[47.8642,11.1102],[47.8812,11.111],[47.9101,11.1206],[47.9102,11.1206],[47.9135,11.1218],[47.9164,11.122],[47.9169,11.1221],[47.9182,11.1222],[47.9256,11.123],[47.9405,11.1171],[47.9718,11.1124],[47.9869,11.1164],[48.0076,11.1142],[48.0246,11.115],[48.042,11.1194],[48.0527,11.1227],[48.0583,11.1243],[48.0611,11.1243],[48.0737,11.124],[48.0845,11.1266],[48.0923,11.1285],[48.0925,11.1286],[48.0927,11.1287],[48.0997,11.1275],[48.1077,11.1239],[48.1127,11.1253],[48.1223,11.1279],[48.1282,11.1266],[48.1357,11.1249],[48.1535,11.1291],[48.1747,11.1459],[48.1853,11.1525],[48.1854,11.1527],[48.1855,11.1529],[48.1908,11.1604],[48.2011,11.1713],[48.208,11.1786],[48.2085,11.1789],[48.2118,11.1806],[48.2235,11.1867],[48.2239,11.1872],[48.2346,11.2008],[48.2353,11.2012],[48.2397,11.2035],[48.2417,11.2045],[48.2881,11.2134],[48.3007,11.2192],[48.3116,11.2264],[48.312,11.2267],[48.3173,11.2301],[48.3175,11.2304],[48.3196,11.2329],[48.3247,11.2389],[48.3257,11.2397],[48.3276,11.2412],[48.3374,11.2488],[48.3374,11.2489],[48.3375,11.2489],[48.3465,11.2599],[48.3551,11.2673],[48.3552,11.2674],[48.3601,11.2698],[48.3862,11.2724],[48.3863,11.2725],[48.387,11.2733],[48.3881,11.2743],[48.3931,11.2791],[48.3932,11.2791],[48.3934,11.2792],[48.4041,11.2808],[48.4191,11.2807],[48.4414,11.2805],[48.4621,11.2803],[48.4677,11.2814],[48.4742,11.2826],[48.4872,11.2882],[48.5174,11.3058],[48.53,11.3097],[48.5403,11.3103],[48.5433,11.3105],[48.575,11.306],[48.6041,11.307],[48.6166,11.3102],[48.6195,11.3109],[48.6286,11.3146],[48.646,11.3216],[48.6621,11.3225],[48.6651,11.3214],[48.7019,11.3075],[48.7162,11.3055],[48.7737,11.2907],[48.7817,11.2881],[48.7879,11.2861],[48.7893,11.2856],[48.7936,11.2843],[48.8187,11.2733],[48.8367,11.2628],[48.849,11.2591],[48.8579,11.2563],[48.8743,11.249],[48.8796,11.2465],[48.9067,11.2412],[48.9148,11.2396],[48.916,11.2393],[48.9191,11.2387],[48.9515,11.1061],[49.0029,10.8965],[49.0311,10.7809],[49.0323,10.7299],[48.9349,10.6511],[48.7185,10.6397],[48.5739,10.6696],[48.3924,10.7051],[48.3152,10.7202],[48.1173,10.7532],[48.0463,10.765],[47.8396,10.715],[47.6932,10.6796],[47.5337,10.5657],[47.4767,10.4574],[47.4255,10.3321],[47.3133,10.2424],[47.2993,10.2312]]],"admin_0_gaul":226,"admin_1_gaul":0,"admin_2_gaul":0,"admin_0_faostat":201},"properties":{"aar_id":"1528","confidence_level":2,"ipc_period":"C","overall_phase":3,"population_min":"129648","population_percentage_min":"1","justification":"","prolonged_crisis":false,"population_phase_worse":null,"population_percentage_phase_worse":null,"anl_id":"87143416","admin_type":"polygon","title":"NW East Golis Pastoral (Sanaag)","view_level":"area","hide_settlement_labels":false,"hide_area_labels":false,"hide_area_borders":false,"show_area_popups":true,"color":"#E67800","estimated_population":"129648","phase1_population":25930,"phase1_percent":0.2,"phase1_color":"#CCFFCC","phase2_population":38894,"phase2_percent":0.3,"phase2_color":"#FAE61E","phase3_population":64824,"phase3_percent":0.5,"phase3_color":"#E67800","phase4_population":19447,"phase4_percent":0.15,"phase4_color":"#C80000","phase5_population":0,"phase5_percent":0,"phase5_color":"#640000"}},{"type":"Feature","geometry":{"type":"Polygon","coordinates":[[[43.5202,10.395],[43.4966,10.3732],[43.4467,10.321],[43.4127,10.3002],[43.385,10.2833],[43.3771,10.2861],[43.3645,10.2905],[43.3013,10.3104],[43.2127,10.3636],[43.1417,10.3778],[43.0768,10.4132],[43.0517,10.4304],[43.0354,10.4416],[42.9775,10.4664],[42.9283,10.4891],[42.8971,10.5054],[42.8534,10.5728],[42.8439,10.5941],[42.8586,10.6098],[42.8971,10.6508],[42.9518,10.7455],[42.9872,10.8261],[43.0094,10.904],[42.9632,10.9791],[42.96,10.9822],[42.9598,10.982],[42.9597,10.9821],[42.9616,10.9844],[42.9859,11.0219],[42.9966,11.0426],[42.9968,11.0431],[42.9979,11.0449],[43.2613,11.4621],[43.2661,11.4681],[43.2735,11.4689],[43.2796,11.4698],[43.2875,11.4708],[43.2926,11.4693],[43.2931,11.4691],[43.2937,11.4684],[43.2974,11.4635],[43.3017,11.4615],[43.3059,11.4623],[43.306,11.4628],[43.3061,11.463],[43.3069,11.4655],[43.3067,11.4667],[43.3063,11.4695],[43.3001,11.4809],[43.2973,11.4833],[43.2845,11.4869],[43.2863,11.4897],[43.2865,11.4897],[43.2869,11.4897],[43.2895,11.4903],[43.2905,11.4904],[43.3023,11.4852],[43.3076,11.4793],[43.3137,11.4678],[43.3151,11.465],[43.3202,11.4472],[43.3312,11.4263],[43.3344,11.4254],[43.3436,11.433],[43.3457,11.4312],[43.3543,11.4137],[43.3725,11.3968],[43.3867,11.3835],[43.3878,11.3826],[43.391,11.3798],[43.41,11.3834],[43.4276,11.3789],[43.4295,11.377],[43.4309,11.3755],[43.4309,11.3752],[43.4318,11.3675],[43.4384,11.3638],[43.4473,11.3598],[43.4552,11.3517],[43.4553,11.3517],[43.4597,11.3513],[43.4714,11.3554],[43.4781,11.3577],[43.4868,11.365],[43.4938,11.3688],[43.4984,11.3712],[43.5033,11.3707],[43.5044,11.3677],[43.5045,11.3675],[43.4927,11.3603],[43.4921,11.3599],[43.4891,11.3562],[43.4837,11.3493],[43.4821,11.3369],[43.4795,11.3291],[43.4795,11.329],[43.4796,11.3276],[43.4803,11.3217],[43.4855,11.3121],[43.4866,11.3032],[43.4934,11.2902],[43.4937,11.2668],[43.4961,11.2436],[43.4998,11.2317],[43.5023,11.2268],[43.5152,11.2016],[43.5161,11.1997],[43.5163,11.1987],[43.518,11.19],[43.5214,11.183],[43.529,11.1776],[43.5327,11.1766],[43.539,11.178],[43.5401,11.1783],[43.5391,11.1787],[43.5277,11.1839],[43.525,11.1868],[43.526,11.1874],[43.528,11.1884],[43.5538,11.1811],[43.556,11.1789],[43.558,11.1718],[43.565,11.1471],[43.5748,11.1266],[43.5842,11.1121],[43.5986,11.0823],[43.615,11.0597],[43.6215,11.0507],[43.6257,11.0449],[43.6327,11.0326],[43.647,11.007],[43.659,10.9918],[43.6745,10.9646],[43.6831,10.953],[43.6922,10.9408],[43.6977,10.9352],[43.6978,10.9352],[43.7171,10.9157],[43.7302,10.9025],[43.7684,10.859],[43.7891,10.8354],[43.8331,10.7902],[43.8383,10.7847],[43.8388,10.7843],[43.8571,10.7674],[43.9295,10.7063],[43.9531,10.6847],[43.9546,10.6833],[43.9567,10.6813],[43.9658,10.6773],[43.9776,10.6721],[43.995,10.6621],[44.0468,10.6206],[44.0469,10.6205],[44.0478,10.6199],[44.0578,10.6136],[44.0644,10.6087],[44.0724,10.5979],[44.0784,10.5897],[44.0819,10.5849],[44.0828,10.5841],[44.0961,10.5719],[44.1102,10.562],[44.1175,10.558],[44.1308,10.556],[44.1401,10.5528],[44.1404,10.5527],[44.1486,10.5476],[44.1843,10.5186],[44.2017,10.5077],[44.2071,10.502],[44.218,10.4913],[44.2344,10.475],[44.2358,10.4738],[44.2366,10.4731],[44.2367,10.4731],[44.2582,10.4543],[44.2882,10.4314],[44.3203,10.4177],[44.3567,10.4048],[44.3666,10.4013],[44.4104,10.3918],[44.4272,10.3959],[44.4477,10.4009],[44.4658,10.3999],[44.4816,10.399],[44.5098,10.3929],[44.5229,10.3883],[44.5412,10.387],[44.5546,10.381],[44.5646,10.3796],[44.5945,10.3833],[44.606,10.3827],[44.6125,10.3823],[44.6157,10.3821],[44.62,10.3841],[44.6225,10.3852],[44.6383,10.3882],[44.6525,10.3991],[44.6587,10.4015],[44.6978,10.4099],[44.7164,10.4112],[44.7185,10.4126],[44.7259,10.4175],[44.7394,10.4193],[44.7522,10.421],[44.7596,10.419],[44.762,10.417],[44.7766,10.4173],[44.781,10.4161],[44.7831,10.4155],[44.7832,10.4155],[44.7941,10.4162],[44.7973,10.4187],[44.7982,10.4195],[44.7993,10.4195],[44.8017,10.4197],[44.8052,10.4181],[44.8085,10.4166],[44.8212,10.4185],[44.8275,10.4176],[44.8433,10.4104],[44.8435,10.4103],[44.8493,10.4099],[44.8622,10.409],[44.8806,10.4063],[44.8816,10.4052],[44.8817,10.4053],[44.8827,10.406],[44.8832,10.4064],[44.9168,10.4078],[44.9199,10.4079],[44.9241,10.4084],[44.9435,10.4108],[44.961,10.4171],[44.9611,10.4171],[44.9957,10.4335],[45.0001,10.4371],[45.0019,10.4387],[45.0019,10.4389],[45.0028,10.4406],[45.0055,10.4457],[45.0047,10.4473],[45.0042,10.4486],[45.0021,10.4491],[45.0001,10.4497],[44.9927,10.4487],[44.9861,10.4437],[44.9859,10.4436],[44.9854,10.4436],[44.9845,10.4434],[44.9831,10.4433],[44.9825,10.4457],[44.9836,10.4477],[44.9856,10.4508],[44.9861,10.451],[44.9938,10.4537],[45.0001,10.4559],[45.0033,10.4571],[45.0052,10.4578],[45.0234,10.467],[45.0479,10.475],[45.0604,10.4833],[45.0647,10.4861],[45.0651,10.4867],[45.0743,10.4989],[45.0746,10.4992],[45.0751,10.4996],[45.078,10.5022],[45.0825,10.5061],[45.0828,10.5062],[45.0848,10.5064],[45.0861,10.5073],[45.0881,10.5085],[45.0991,10.5104],[45.1294,10.5156],[45.1429,10.5203],[45.1447,10.5209],[45.1487,10.5235],[45.1631,10.5326],[45.185,10.541],[45.2109,10.5511],[45.2333,10.562],[45.2424,10.569],[45.2426,10.5692],[45.2429,10.5695],[45.2565,10.5837],[45.2699,10.6025],[45.2839,10.6163],[45.2967,10.6289],[45.3245,10.6601],[45.3246,10.6601],[45.3247,10.6602],[45.3364,10.6626],[45.3391,10.6631],[45.3603,10.6613],[45.3655,10.6614],[45.3917,10.6618],[45.3953,10.6619],[45.406,10.6604],[45.4218,10.6627],[45.4402,10.6623],[45.443,10.6625],[45.4607,10.6639],[45.465,10.6661],[45.4668,10.667],[45.4669,10.6671],[45.467,10.6672],[45.4673,10.6677],[45.4801,10.6838],[45.4805,10.6839],[45.4907,10.6883],[45.5004,10.6896],[45.5091,10.6907],[45.5143,10.6913],[45.5173,10.6928],[45.5183,10.6933],[45.5191,10.6941],[45.533,10.7084],[45.5331,10.7085],[45.5393,10.7103],[45.5555,10.7151],[45.5623,10.7193],[45.5648,10.7208],[45.572,10.7262],[45.572,10.7263],[45.5721,10.7263],[45.5721,10.7264],[45.5767,10.7364],[45.5814,10.7413],[45.5839,10.7439],[45.5917,10.7587],[45.5925,10.7603],[45.5951,10.7629],[45.5972,10.7649],[45.5973,10.7649],[45.6181,10.7654],[45.6183,10.7655],[45.6184,10.7655],[45.6316,10.7702],[45.6583,10.7828],[45.6711,10.7869],[45.6762,10.7897],[45.6815,10.7925],[45.7,10.8057],[45.7052,10.8094],[45.7103,10.8132],[45.7155,10.8171],[45.7479,10.8278],[45.7556,10.8303],[45.7557,10.8303],[45.7585,10.8327],[45.7656,10.8462],[45.7679,10.8504],[45.7711,10.8542],[45.7739,10.8575],[45.7743,10.8577],[45.7803,10.8607],[45.7913,10.8619],[45.7986,10.8627],[45.8019,10.8631],[45.8032,10.8641],[45.8075,10.8675],[45.8102,10.8673],[45.8199,10.8587],[45.8405,10.8454],[45.8545,10.8394],[45.8579,10.8348],[45.8594,10.8252],[45.8623,10.82],[45.8623,10.8199],[45.8629,10.8195],[45.8658,10.8172],[45.8718,10.8173],[45.8735,10.8173],[45.8739,10.8171],[45.8838,10.811],[45.8838,10.8111],[45.8839,10.8111],[45.8845,10.8121],[45.8855,10.8139],[45.8829,10.8185],[45.8685,10.8275],[45.8649,10.8323],[45.8651,10.8335],[45.8655,10.8356],[45.8664,10.8356],[45.8786,10.8358],[45.912,10.8215],[45.9554,10.7936],[45.9746,10.7812],[45.9747,10.7811],[45.9783,10.7804],[45.9949,10.7768],[46.0231,10.7756],[46.0314,10.7731],[46.0315,10.773],[46.0362,10.7716],[46.0416,10.77],[46.048,10.768],[46.0969,10.7624],[46.1064,10.7631],[46.1117,10.7635],[46.1472,10.7708],[46.1676,10.775],[46.1686,10.7752],[46.1927,10.7788],[46.2061,10.7807],[46.2116,10.7807],[46.2362,10.7804],[46.2453,10.777],[46.2622,10.7639],[46.2864,10.7506],[46.292,10.747],[46.2979,10.7406],[46.3205,10.7106],[46.3447,10.6897],[46.3509,10.6881],[46.3525,10.6877],[46.3574,10.6876],[46.3747,10.6874],[46.3803,10.6874],[46.3825,10.6873],[46.3895,10.6847],[46.3981,10.6815],[46.4035,10.6816],[46.4078,10.6817],[46.4135,10.6806],[46.4157,10.6801],[46.4413,10.6806],[46.4497,10.6807],[46.456,10.683],[46.493,10.6966],[46.4977,10.6991],[46.5188,10.7104],[46.5388,10.7155],[46.5568,10.6861],[46.457,10.6461],[46.4269,10.6379],[46.3492,10.627],[46.3256,10.6237],[46.233,10.6124],[46.2059,10.6109],[46.1404,10.6129],[46.0577,10.6113],[46.0266,10.6078],[45.9683,10.6012],[45.8812,10.5901],[45.8048,10.5696],[45.7516,10.5447],[45.6722,10.5026],[45.5845,10.4491],[45.4171,10.364],[45.3592,10.3553],[45.2804,10.3576],[45.2144,10.3616],[45.1315,10.3667],[45.0617,10.364],[45.0358,10.3596],[44.99,10.3563],[44.9307,10.3551],[44.879,10.3386],[44.8174,10.3228],[44.7348,10.3035],[44.6375,10.3069],[44.5584,10.3097],[44.5224,10.3122],[44.4586,10.3243],[44.3889,10.3388],[44.3751,10.3462],[44.2913,10.3885],[44.2186,10.4097],[44.2003,10.4085],[44.2002,10.4085],[44.1654,10.4061],[44.1087,10.3884],[44.0271,10.3884],[43.9447,10.3818],[43.9225,10.3899],[43.8545,10.4345],[43.8073,10.4948],[43.7907,10.4979],[43.7542,10.5049],[43.7115,10.4983],[43.6742,10.4843],[43.6246,10.4586],[43.58,10.4315],[43.5475,10.4117],[43.5202,10.395]]],"admin_0_gaul":226,"admin_1_gaul":0,"admin_2_gaul":0,"admin_0_faostat":201},"properties":{"aar_id":"1529","confidence_level":2,"ipc_period":"C","overall_phase":3,"population_min":"223642","population_percentage_min":"1.1","justification":"","prolonged_crisis":false,"population_phase_worse":null,"population_percentage_phase_worse":null,"anl_id":"87143416","admin_type":"polygon","title":"NW Guban Pastoral (Awdal, Sanaag and W. Galbeed)","view_level":"area","hide_settlement_labels":false,"hide_area_labels":false,"hide_area_borders":false,"show_area_popups":true,"color":"#E67800","estimated_population":"203310","phase1_population":30497,"phase1_percent":0.15,"phase1_color":"#CCFFCC","phase2_population":60993,"phase2_percent":0.3,"phase2_color":"#FAE61E","phase3_population":111821,"phase3_percent":0.55,"phase3_color":"#E67800","phase4_population":30497,"phase4_percent":0.15,"phase4_color":"#C80000","phase5_population":0,"phase5_percent":0,"phase5_color":"#640000"}},{"type":"Feature","geometry":{"type":"Polygon","coordinates":[[[47.0796,8.3863],[47.0681,8.3305],[47.1223,8.2984],[47.1854,8.2869],[47.2604,8.2809],[47.3347,8.27],[47.4109,8.2762],[47.541,8.302],[47.6049,8.307],[47.6471,8.2954],[47.7024,8.2553],[47.7421,8.2432],[47.8103,8.2384],[47.8576,8.2417],[47.9107,8.2678],[47.9525,8.3102],[48.0391,8.3292],[48.1347,8.3297],[48.0511,8.2411],[48.1311,8.2111],[47.9411,8.0211],[47.9211,8.0011],[47.9199,8.0001],[47.0127,8.0001],[46.9897,8.0001],[46.9897,8.0017],[46.9897,8.0031],[46.9879,8.0037],[46.9187,8.0289],[46.8893,8.0371],[46.8681,8.0447],[46.7631,8.0819],[46.7503,8.0851],[46.7491,8.0855],[46.7485,8.0857],[46.7448,8.087],[46.7444,8.0872],[46.6291,8.1278],[46.6155,8.1313],[46.6145,8.1317],[46.5877,8.1417],[46.5791,8.1461],[46.5241,8.1623],[46.5093,8.1677],[46.4841,8.1767],[46.4807,8.1793],[46.4561,8.1855],[46.4509,8.1889],[46.3899,8.2085],[46.3463,8.2225],[46.3299,8.2297],[46.2941,8.2403],[46.2701,8.2487],[46.2511,8.2553],[46.2395,8.2593],[46.2331,8.2613],[46.2273,8.2631],[46.2119,8.2679],[46.2044,8.2695],[46.1935,8.2719],[46.1895,8.2751],[46.1501,8.2881],[46.1139,8.2999],[46.0991,8.3073],[46.0885,8.3081],[46.0756,8.3125],[46.0691,8.3147],[46.0682,8.3152],[46.0607,8.3191],[46.0517,8.3205],[46.0305,8.3273],[45.9269,8.3601],[45.9117,8.3669],[45.9103,8.3671],[45.8949,8.3709],[45.8291,8.3953],[45.7958,8.4058],[45.7903,8.4075],[45.7885,8.408],[45.7657,8.4153],[45.6902,8.4413],[45.6703,8.4481],[45.6678,8.449],[45.6653,8.4499],[45.6652,8.4499],[45.6651,8.4499],[45.6561,8.4513],[45.6117,8.4679],[45.5503,8.4879],[45.5291,8.4947],[45.5164,8.4975],[45.5135,8.4981],[45.5062,8.5009],[45.4942,8.5057],[45.4935,8.5058],[45.4817,8.5081],[45.4429,8.5209],[45.4293,8.5254],[45.4019,8.5344],[45.3091,8.5653],[45.2911,8.5713],[45.2577,8.5823],[45.2389,8.5867],[45.238,8.587],[45.1883,8.6037],[45.1233,8.6255],[45.1011,8.6341],[45.0804,8.6405],[45.0682,8.6443],[45.0217,8.659],[45.0017,8.6653],[45.0001,8.6661],[44.9911,8.6705],[44.9481,8.6845],[44.878,8.7071],[44.8669,8.7107],[44.8308,8.7199],[44.8108,8.7299],[44.8049,8.7329],[44.7929,8.7351],[44.7811,8.7403],[44.7073,8.7661],[44.6921,8.7715],[44.6911,8.7719],[44.5869,8.8059],[44.5819,8.8075],[44.5568,8.8157],[44.5362,8.823],[44.5257,8.8267],[44.5201,8.8305],[44.5186,8.8308],[44.5025,8.8346],[44.4893,8.8388],[44.4669,8.8461],[44.4445,8.8533],[44.3791,8.8765],[44.3467,8.8861],[44.3207,8.8939],[44.2707,8.9115],[44.2529,8.9159],[44.2377,8.9213],[44.2345,8.9225],[44.2322,8.9232],[44.2259,8.9251],[44.1797,8.9383],[44.1051,8.9635],[44.0385,8.9859],[44.0384,8.9859],[44.036,8.986],[44.0339,8.9861],[44.0059,8.9967],[43.9893,9.0103],[43.9888,9.0108],[43.9857,9.0135],[43.8973,9.1005],[43.8857,9.1137],[43.8843,9.1153],[43.8725,9.1294],[43.8719,9.1302],[43.8702,9.1318],[43.8277,9.1757],[43.8295,9.1757],[43.8279,9.1772],[43.8772,9.1777],[43.9639,9.1817],[44.0401,9.1862],[44.1583,9.1931],[44.2478,9.2184],[44.3735,9.2538],[44.4951,9.3172],[44.5305,9.3426],[44.5669,9.3365],[44.6274,9.3123],[44.6876,9.2896],[44.6911,9.2905],[44.7167,9.2974],[44.7315,9.307],[44.7163,9.3506],[44.7082,9.3782],[44.6981,9.4127],[44.6936,9.4366],[44.6896,9.4581],[44.6858,9.5073],[44.6877,9.5489],[44.6912,9.5781],[44.7077,9.5982],[44.723,9.5957],[44.7709,9.6244],[44.7737,9.6261],[44.8117,9.6287],[44.8446,9.6084],[44.8725,9.578],[44.8927,9.5527],[44.9078,9.5146],[44.9093,9.5107],[44.9419,9.4272],[44.9738,9.3584],[44.9924,9.3183],[45.0526,9.33],[45.1512,9.354],[45.2375,9.3752],[45.2815,9.3778],[45.2936,9.3785],[45.331,9.3824],[45.3877,9.4013],[45.4388,9.4221],[45.4804,9.4448],[45.5372,9.4581],[45.5721,9.4547],[45.5958,9.4524],[45.6299,9.4354],[45.6741,9.3884],[45.6885,9.373],[45.7207,9.354],[45.7554,9.3552],[45.7774,9.3559],[45.7831,9.3919],[45.7818,9.4111],[45.7806,9.4274],[45.7985,9.4748],[45.8243,9.4742],[45.8515,9.4826],[45.89,9.4654],[45.9296,9.4478],[45.9903,9.3907],[46.0464,9.3379],[46.07,9.3157],[46.0925,9.3022],[46.1743,9.2662],[46.1802,9.2478],[46.1809,9.2458],[46.1835,9.2377],[46.1911,9.214],[46.2068,9.1651],[46.3109,9.0907],[46.3672,9.0429],[46.4046,8.9905],[46.4246,8.8956],[46.4369,8.8082],[46.4371,8.8071],[46.4466,8.8065],[46.5602,8.7989],[46.624,8.7948],[46.6249,8.7947],[46.7397,8.7872],[46.92,8.7675],[46.9211,8.7674],[46.9635,8.7627],[46.9694,8.7551],[46.9704,8.7537],[47.0579,8.6399],[47.0632,8.6331],[47.0906,8.5975],[47.0915,8.5793],[47.0917,8.5758],[47.0943,8.5237],[47.0945,8.5193],[47.0945,8.5192],[47.0969,8.4704],[47.0796,8.3863]]],"admin_0_gaul":226,"admin_1_gaul":0,"admin_2_gaul":0,"admin_0_faostat":201},"properties":{"aar_id":"1530","confidence_level":2,"ipc_period":"C","overall_phase":3,"population_min":"500880","population_percentage_min":"0.5","justification":"","prolonged_crisis":false,"population_phase_worse":null,"population_percentage_phase_worse":null,"anl_id":"87143416","admin_type":"polygon","title":"NW Hawd Pastoral of NW (W. Galbeed, Toghdeer and Sool)","view_level":"area","hide_settlement_labels":false,"hide_area_labels":false,"hide_area_borders":false,"show_area_popups":true,"color":"#E67800","estimated_population":"1001759","phase1_population":250440,"phase1_percent":0.25,"phase1_color":"#CCFFCC","phase2_population":500880,"phase2_percent":0.5,"phase2_color":"#FAE61E","phase3_population":250440,"phase3_percent":0.25,"phase3_color":"#E67800","phase4_population":50088,"phase4_percent":0.05,"phase4_color":"#C80000","phase5_population":0,"phase5_percent":0,"phase5_color":"#640000"}},{"type":"Feature","geometry":{"type":"Polygon","coordinates":[[[47.0906,8.5975],[47.0632,8.6331],[47.0011,8.7511],[46.9694,8.7551],[46.9635,8.7627],[46.9211,8.7674],[46.9211,8.7827],[46.4369,8.8082],[46.4246,8.8956],[46.4046,8.9905],[46.3672,9.0429],[46.3109,9.0907],[46.2068,9.1651],[46.1911,9.214],[46.1835,9.2377],[46.1814,9.2507],[46.1856,9.2612],[46.1551,9.4377],[46.1216,9.6313],[46.0791,9.877],[46.1576,9.8713],[46.255,9.8776],[46.2674,9.8772],[46.3099,9.8758],[46.3841,9.8736],[46.4334,9.8911],[46.4884,9.9156],[46.4923,9.9148],[46.5854,9.9458],[46.7077,9.993],[46.809,10.0154],[46.8935,10.0489],[46.9563,10.0965],[47.1057,10.1714],[47.1315,10.1253],[47.2993,10.2312],[47.3133,10.2424],[47.4255,10.3321],[47.4767,10.4574],[47.5337,10.5657],[47.6932,10.6796],[47.8396,10.715],[48.0463,10.765],[48.1173,10.7532],[48.3152,10.7202],[48.3924,10.7051],[48.5739,10.6696],[48.7185,10.6397],[48.9349,10.6511],[49.0323,10.7299],[49.0359,10.5705],[49.0411,10.3509],[49.0611,9.5711],[49.0811,9.1405],[48.7311,8.7811],[48.5611,8.7811],[48.1347,8.3297],[48.0391,8.3292],[47.9525,8.3102],[47.9107,8.2678],[47.8576,8.2417],[47.8103,8.2384],[47.7421,8.2432],[47.7024,8.2553],[47.6471,8.2954],[47.6049,8.307],[47.541,8.302],[47.4109,8.2762],[47.3347,8.27],[47.2604,8.2809],[47.1854,8.2869],[47.1223,8.2984],[47.0681,8.3305],[47.0796,8.3863],[47.0969,8.4704],[47.0945,8.5192],[47.0945,8.5193],[47.1011,8.5611],[47.0915,8.5793],[47.0906,8.5975]]],"admin_0_gaul":226,"admin_1_gaul":0,"admin_2_gaul":0,"admin_0_faostat":201},"properties":{"aar_id":"1531","confidence_level":2,"ipc_period":"C","overall_phase":4,"population_min":"717605","population_percentage_min":"1.3","justification":"","prolonged_crisis":false,"population_phase_worse":null,"population_percentage_phase_worse":null,"anl_id":"87143416","admin_type":"polygon","title":"NW Northern Inland Pastoral (Sanaag and Sool)","view_level":"area","hide_settlement_labels":false,"hide_area_labels":false,"hide_area_borders":false,"show_area_popups":true,"color":"#C80000","estimated_population":"552004","phase1_population":55200,"phase1_percent":0.1,"phase1_color":"#CCFFCC","phase2_population":138001,"phase2_percent":0.25,"phase2_color":"#FAE61E","phase3_population":358803,"phase3_percent":0.6499999999999999,"phase3_color":"#E67800","phase4_population":165601,"phase4_percent":0.3,"phase4_color":"#C80000","phase5_population":0,"phase5_percent":0,"phase5_color":"#640000"}},{"type":"Feature","geometry":{"type":"Polygon","coordinates":[[[44.7315,9.307],[44.7167,9.2974],[44.6911,9.2905],[44.6876,9.2896],[44.6274,9.3123],[44.5669,9.3365],[44.5305,9.3426],[44.4951,9.3172],[44.3735,9.2538],[44.2478,9.2184],[44.1583,9.1931],[44.0401,9.1862],[43.9639,9.1817],[43.8772,9.1777],[43.8279,9.1772],[43.8295,9.1757],[43.8277,9.1757],[43.8093,9.1945],[43.7971,9.2071],[43.7699,9.2347],[43.7657,9.2371],[43.7077,9.2965],[43.6675,9.3375],[43.6657,9.3411],[43.6633,9.3417],[43.6569,9.3501],[43.648,9.3573],[43.6467,9.3583],[43.6073,9.3589],[43.6059,9.3589],[43.6017,9.3591],[43.5939,9.3607],[43.5806,9.3663],[43.5754,9.3686],[43.5656,9.3727],[43.5565,9.3752],[43.5555,9.3755],[43.5349,9.3811],[43.5199,9.3873],[43.4915,9.4015],[43.4891,9.4033],[43.4683,9.4195],[43.4514,9.4383],[43.4455,9.4449],[43.443,9.4497],[43.4323,9.4709],[43.4173,9.5047],[43.414,9.512],[43.4137,9.5127],[43.413,9.517],[43.4103,9.5329],[43.4049,9.5459],[43.3983,9.5529],[43.3753,9.5691],[43.3722,9.5744],[43.3713,9.5761],[43.3687,9.5786],[43.3607,9.5863],[43.3417,9.5987],[43.3407,9.6003],[43.3312,9.6038],[43.3248,9.6061],[43.3081,9.6081],[43.3069,9.6083],[43.3067,9.6083],[43.2993,9.6111],[43.2897,9.6573],[43.2897,9.6575],[43.2839,9.6907],[43.2701,9.7687],[43.2691,9.7875],[43.2631,9.8151],[43.2569,9.8427],[43.1819,9.8827],[43.1691,9.8879],[43.1685,9.8881],[43.1669,9.8888],[43.1623,9.8907],[43.1499,9.8995],[43.1461,9.8991],[43.1453,9.8989],[43.1447,9.894],[43.1445,9.8927],[43.1381,9.8863],[43.1289,9.8863],[43.1274,9.8866],[43.1155,9.8889],[43.0999,9.8965],[43.0939,9.9011],[43.0895,9.9045],[43.088,9.9063],[43.0859,9.9089],[43.0765,9.9333],[43.0653,9.9619],[43.0619,9.9669],[43.0489,10.0001],[43.0293,10.0505],[43.0175,10.0807],[43.0107,10.0915],[43.0001,10.1013],[42.9933,10.1057],[42.9787,10.1171],[42.9473,10.1476],[42.9485,10.148],[42.9488,10.1478],[42.9512,10.1494],[42.9851,10.1628],[43.0116,10.171],[43.0434,10.1734],[43.0784,10.1744],[43.1251,10.1671],[43.1463,10.1579],[43.1812,10.1327],[43.2153,10.1179],[43.2515,10.103],[43.2793,10.097],[43.3107,10.0763],[43.3501,10.0412],[43.353,10.0386],[43.4013,10.0052],[43.4392,9.9955],[43.4712,9.9899],[43.5064,9.962],[43.5098,9.9593],[43.5408,9.8981],[43.5564,9.839],[43.5902,9.7916],[43.6033,9.7841],[43.6513,9.77],[43.6717,9.7747],[43.7106,9.7894],[43.7383,9.7966],[43.7798,9.8068],[43.7953,9.8122],[43.8138,9.8141],[43.8384,9.8091],[43.8668,9.7798],[43.8678,9.7785],[43.8881,9.7519],[43.9034,9.7287],[43.9173,9.7245],[43.9479,9.7257],[43.9761,9.7264],[43.9984,9.7257],[44.0317,9.7145],[44.0663,9.6724],[44.0925,9.6804],[44.1337,9.6969],[44.1773,9.7086],[44.2114,9.7151],[44.245,9.7282],[44.2703,9.734],[44.3021,9.7338],[44.3198,9.7321],[44.3406,9.7325],[44.3493,9.7347],[44.3822,9.727],[44.425,9.7159],[44.458,9.7031],[44.5033,9.6811],[44.5404,9.645],[44.6057,9.6235],[44.6729,9.6046],[44.7021,9.5991],[44.7077,9.5982],[44.6912,9.5781],[44.6877,9.5489],[44.6858,9.5073],[44.6896,9.4581],[44.6936,9.4366],[44.6981,9.4127],[44.7082,9.3782],[44.7163,9.3506],[44.7315,9.307]]],"admin_0_gaul":226,"admin_1_gaul":0,"admin_2_gaul":0,"admin_0_faostat":201},"properties":{"aar_id":"1532","confidence_level":1,"ipc_period":"C","overall_phase":3,"population_min":"208997","population_percentage_min":"0.4","justification":"","prolonged_crisis":false,"population_phase_worse":null,"population_percentage_phase_worse":null,"anl_id":"87143416","admin_type":"polygon","title":"NW Northwest Agro-pastoral (Awdal, W. Galbeed & Togdheer)","view_level":"area","hide_settlement_labels":false,"hide_area_labels":false,"hide_area_borders":false,"show_area_popups":true,"color":"#E67800","estimated_population":"522490","phase1_population":208996,"phase1_percent":0.4,"phase1_color":"#CCFFCC","phase2_population":208996,"phase2_percent":0.4,"phase2_color":"#FAE61E","phase3_population":104498,"phase3_percent":0.2,"phase3_color":"#E67800","phase4_population":26125,"phase4_percent":0.05,"phase4_color":"#C80000","phase5_population":0,"phase5_percent":0,"phase5_color":"#640000"}},{"type":"Feature","geometry":{"type":"Polygon","coordinates":[[[45.2375,9.3752],[45.1512,9.354],[45.0526,9.33],[44.9924,9.3183],[44.9738,9.3584],[44.9419,9.4272],[44.9093,9.5107],[44.9078,9.5146],[44.9079,9.5147],[44.9307,9.5704],[44.9778,9.6145],[45.0118,9.6464],[45.0979,9.7072],[45.189,9.7629],[45.2726,9.8034],[45.2811,9.8077],[45.3283,9.8313],[45.3445,9.8564],[45.3472,9.8606],[45.3739,9.9022],[45.4177,9.938],[45.4296,9.9478],[45.4447,9.9465],[45.4749,9.9447],[45.5034,9.9416],[45.5208,9.9402],[45.5717,9.8872],[45.5978,9.8551],[45.6251,9.8167],[45.6399,9.7958],[45.6832,9.7422],[45.6989,9.7189],[45.7209,9.6768],[45.7342,9.635],[45.7458,9.5985],[45.7607,9.5447],[45.769,9.5046],[45.769,9.4337],[45.7818,9.4111],[45.7831,9.3919],[45.7774,9.3559],[45.7554,9.3552],[45.7207,9.354],[45.6885,9.373],[45.6741,9.3884],[45.6299,9.4354],[45.5958,9.4524],[45.5721,9.4547],[45.5372,9.4581],[45.4804,9.4448],[45.4388,9.4221],[45.3877,9.4013],[45.331,9.3824],[45.2936,9.3785],[45.2815,9.3778],[45.2375,9.3752]]],"admin_0_gaul":226,"admin_1_gaul":0,"admin_2_gaul":0,"admin_0_faostat":201},"properties":{"aar_id":"1533","confidence_level":1,"ipc_period":"C","overall_phase":3,"population_min":"21490","population_percentage_min":"0.4","justification":"","prolonged_crisis":false,"population_phase_worse":null,"population_percentage_phase_worse":null,"anl_id":"87143416","admin_type":"polygon","title":"NW Toghdeer Agro-pastoral (Toghdeer)","view_level":"area","hide_settlement_labels":false,"hide_area_labels":false,"hide_area_borders":false,"show_area_popups":true,"color":"#E67800","estimated_population":"53726","phase1_population":18804,"phase1_percent":0.35,"phase1_color":"#CCFFCC","phase2_population":24177,"phase2_percent":0.45,"phase2_color":"#FAE61E","phase3_population":10745,"phase3_percent":0.2,"phase3_color":"#E67800","phase4_population":2686,"phase4_percent":0.05,"phase4_color":"#C80000","phase5_population":0,"phase5_percent":0,"phase5_color":"#640000"}},{"type":"Feature","geometry":{"type":"Polygon","coordinates":[[[45.2726,9.8034],[45.189,9.7629],[45.0979,9.7072],[45.0118,9.6464],[44.9778,9.6145],[44.9307,9.5704],[44.9079,9.5147],[44.9078,9.5146],[44.8927,9.5527],[44.8725,9.578],[44.8446,9.6084],[44.8117,9.6287],[44.7737,9.6261],[44.7709,9.6244],[44.723,9.5957],[44.7077,9.5982],[44.7021,9.5991],[44.6729,9.6046],[44.6057,9.6235],[44.5404,9.645],[44.5033,9.6811],[44.458,9.7031],[44.425,9.7159],[44.3822,9.727],[44.3493,9.7347],[44.3406,9.7325],[44.3198,9.7321],[44.3021,9.7338],[44.2703,9.734],[44.245,9.7282],[44.2114,9.7151],[44.1773,9.7086],[44.1337,9.6969],[44.0925,9.6804],[44.0663,9.6724],[44.0317,9.7145],[43.9984,9.7257],[43.9761,9.7264],[43.9479,9.7257],[43.9173,9.7245],[43.9034,9.7287],[43.8881,9.7519],[43.8678,9.7785],[43.8668,9.7798],[43.8384,9.8091],[43.8138,9.8141],[43.7953,9.8122],[43.7798,9.8068],[43.7383,9.7966],[43.7106,9.7894],[43.6717,9.7747],[43.6513,9.77],[43.6033,9.7841],[43.5902,9.7916],[43.5564,9.839],[43.5408,9.8981],[43.5098,9.9593],[43.5064,9.962],[43.4712,9.9899],[43.4392,9.9955],[43.4013,10.0052],[43.353,10.0386],[43.3501,10.0412],[43.3107,10.0763],[43.2793,10.097],[43.2515,10.103],[43.2153,10.1179],[43.1812,10.1327],[43.1463,10.1579],[43.1251,10.1671],[43.0784,10.1744],[43.0434,10.1734],[43.0116,10.171],[42.9851,10.1628],[42.9512,10.1494],[42.9488,10.1478],[42.9485,10.148],[42.9473,10.1476],[42.9433,10.1515],[42.9421,10.1525],[42.8813,10.2071],[42.8653,10.2243],[42.8594,10.2326],[42.8583,10.2341],[42.8534,10.2425],[42.852,10.2449],[42.8327,10.2779],[42.8175,10.3183],[42.8049,10.3519],[42.8033,10.3583],[42.7919,10.4041],[42.7631,10.4567],[42.7569,10.4717],[42.7565,10.4732],[42.7561,10.4747],[42.7535,10.4852],[42.7467,10.5123],[42.7395,10.5213],[42.7317,10.5265],[42.7169,10.5305],[42.7067,10.5372],[42.704,10.539],[42.7039,10.5391],[42.6985,10.5463],[42.6955,10.5583],[42.6905,10.5723],[42.6833,10.5925],[42.6831,10.6063],[42.6851,10.6131],[42.6856,10.6138],[42.693,10.6252],[42.7028,10.6356],[42.7032,10.636],[42.7034,10.6361],[42.7037,10.6363],[42.7211,10.6501],[42.7226,10.6512],[42.7227,10.6513],[42.7229,10.6515],[42.7387,10.6771],[42.7425,10.6833],[42.7665,10.722],[42.7783,10.7373],[42.7887,10.7507],[42.7962,10.7625],[42.7975,10.7645],[42.8017,10.7695],[42.8109,10.7803],[42.8112,10.7808],[42.8113,10.7809],[42.8409,10.8229],[42.8477,10.8299],[42.8557,10.8381],[42.8643,10.8543],[42.8705,10.8613],[42.8763,10.8715],[42.8857,10.8831],[42.9011,10.9025],[42.91,10.9137],[42.9297,10.9453],[42.9313,10.9479],[42.9382,10.9562],[42.9597,10.9821],[42.9598,10.982],[42.96,10.9822],[42.9632,10.9791],[43.0094,10.904],[42.9872,10.8261],[42.9518,10.7455],[42.8971,10.6508],[42.8586,10.6098],[42.8439,10.5941],[42.8534,10.5728],[42.8971,10.5054],[42.9283,10.4891],[42.9775,10.4664],[43.0354,10.4416],[43.0517,10.4304],[43.0768,10.4132],[43.1417,10.3778],[43.2127,10.3636],[43.3013,10.3104],[43.3645,10.2905],[43.3771,10.2861],[43.385,10.2833],[43.4127,10.3002],[43.4467,10.321],[43.4966,10.3732],[43.5202,10.395],[43.5475,10.4117],[43.58,10.4315],[43.6246,10.4586],[43.6742,10.4843],[43.7115,10.4983],[43.7542,10.5049],[43.7907,10.4979],[43.8073,10.4948],[43.8545,10.4345],[43.9225,10.3899],[43.9447,10.3818],[44.0271,10.3884],[44.1087,10.3884],[44.1654,10.4061],[44.2002,10.4085],[44.2003,10.4085],[44.2186,10.4097],[44.2913,10.3885],[44.3751,10.3462],[44.3889,10.3388],[44.4586,10.3243],[44.5224,10.3122],[44.5584,10.3097],[44.6375,10.3069],[44.7348,10.3035],[44.8174,10.3228],[44.879,10.3386],[44.9307,10.3551],[44.99,10.3563],[45.0358,10.3596],[45.0617,10.364],[45.1315,10.3667],[45.2144,10.3616],[45.2804,10.3576],[45.3592,10.3553],[45.4171,10.364],[45.5845,10.4491],[45.6722,10.5026],[45.7516,10.5447],[45.8048,10.5696],[45.8812,10.5901],[45.9683,10.6012],[46.0266,10.6078],[46.0577,10.6113],[46.1404,10.6129],[46.2059,10.6109],[46.233,10.6124],[46.3256,10.6237],[46.3492,10.627],[46.3532,10.5697],[46.3832,10.2897],[46.4057,10.1183],[46.4246,9.967],[46.4902,9.9164],[46.4884,9.9156],[46.4334,9.8911],[46.3841,9.8736],[46.3099,9.8758],[46.2674,9.8772],[46.255,9.8776],[46.1576,9.8713],[46.0791,9.877],[46.1216,9.6313],[46.1551,9.4377],[46.1856,9.2612],[46.1814,9.2507],[46.1805,9.2484],[46.1802,9.2478],[46.1743,9.2662],[46.0925,9.3022],[46.07,9.3157],[46.0464,9.3379],[45.9903,9.3907],[45.9296,9.4478],[45.89,9.4654],[45.8515,9.4826],[45.8243,9.4742],[45.7985,9.4748],[45.7806,9.4274],[45.7818,9.4111],[45.769,9.4337],[45.769,9.5046],[45.7607,9.5447],[45.7458,9.5985],[45.7342,9.635],[45.7209,9.6768],[45.6989,9.7189],[45.6832,9.7422],[45.6399,9.7958],[45.6251,9.8167],[45.5978,9.8551],[45.5717,9.8872],[45.5208,9.9402],[45.5034,9.9416],[45.4749,9.9447],[45.4447,9.9465],[45.4296,9.9478],[45.4177,9.938],[45.3739,9.9022],[45.3472,9.8606],[45.3445,9.8564],[45.3283,9.8313],[45.2811,9.8077],[45.2726,9.8034]]],"admin_0_gaul":226,"admin_1_gaul":0,"admin_2_gaul":0,"admin_0_faostat":201},"properties":{"aar_id":"1534","confidence_level":1,"ipc_period":"C","overall_phase":2,"population_min":"223660","population_percentage_min":"0.3","justification":"","prolonged_crisis":false,"population_phase_worse":null,"population_percentage_phase_worse":null,"anl_id":"87143416","admin_type":"polygon","title":"NW West Golis Pastoral (Awdal, W. Galbeed, Toghdeer, Sool and Sanaag)","view_level":"area","hide_settlement_labels":false,"hide_area_labels":false,"hide_area_borders":false,"show_area_popups":true,"color":"#FAE61E","estimated_population":"745535","phase1_population":186384,"phase1_percent":0.25,"phase1_color":"#CCFFCC","phase2_population":447321,"phase2_percent":0.6,"phase2_color":"#FAE61E","phase3_population":111830,"phase3_percent":0.15,"phase3_color":"#E67800","phase4_population":0,"phase4_percent":0,"phase4_color":"#C80000","phase5_population":0,"phase5_percent":0,"phase5_color":"#640000"}},{"type":"Feature","geometry":{"type":"Point","coordinates":[48.9717,7.9445],"admin_0_gaul":226,"admin_1_gaul":0,"admin_2_gaul":0,"admin_0_faostat":201},"properties":{"aar_id":"1524","confidence_level":1,"ipc_period":"C","overall_phase":2,"population_min":"2668","population_percentage_min":"0.1","justification":"","prolonged_crisis":false,"population_phase_worse":null,"population_percentage_phase_worse":null,"anl_id":"87143416","admin_type":"urb","title":"Nugaal Urban (Burtinle and Eyl)","view_level":"area","hide_settlement_labels":false,"hide_area_labels":false,"hide_area_borders":false,"show_area_popups":true,"color":"#FAE61E","estimated_population":"26673","phase1_population":12003,"phase1_percent":0.45,"phase1_color":"#CCFFCC","phase2_population":13337,"phase2_percent":0.5,"phase2_color":"#FAE61E","phase3_population":1334,"phase3_percent":0.05,"phase3_color":"#E67800","phase4_population":0,"phase4_percent":0,"phase4_color":"#C80000","phase5_population":0,"phase5_percent":0,"phase5_color":"#640000"}},{"type":"Feature","geometry":{"type":"Point","coordinates":[48.7864,8.4704],"admin_0_gaul":226,"admin_1_gaul":0,"admin_2_gaul":0,"admin_0_faostat":201},"properties":{"aar_id":"1525","confidence_level":1,"ipc_period":"C","overall_phase":2,"population_min":"1192","population_percentage_min":"0.1","justification":"","prolonged_crisis":false,"population_phase_worse":null,"population_percentage_phase_worse":null,"anl_id":"87143416","admin_type":"urb","title":"Nugaal Urban (Garoowe)","view_level":"area","hide_settlement_labels":false,"hide_area_labels":false,"hide_area_borders":false,"show_area_popups":true,"color":"#FAE61E","estimated_population":"11918","phase1_population":5363,"phase1_percent":0.45,"phase1_color":"#CCFFCC","phase2_population":5959,"phase2_percent":0.5,"phase2_color":"#FAE61E","phase3_population":596,"phase3_percent":0.05,"phase3_color":"#E67800","phase4_population":0,"phase4_percent":0,"phase4_color":"#C80000","phase5_population":0,"phase5_percent":0,"phase5_color":"#640000"}},{"type":"Feature","geometry":{"type":"Point","coordinates":[48.9717,7.9445],"admin_0_gaul":226,"admin_1_gaul":0,"admin_2_gaul":0,"admin_0_faostat":201},"properties":{"aar_id":"1526","confidence_level":1,"ipc_period":"C","overall_phase":4,"population_min":"6772","population_percentage_min":"1.1","justification":"","prolonged_crisis":false,"population_phase_worse":null,"population_percentage_phase_worse":null,"anl_id":"87143416","admin_type":"idp","title":"Nugaal Urban IDPs (Burtinle and Eyl)","view_level":"area","hide_settlement_labels":false,"hide_area_labels":false,"hide_area_borders":false,"show_area_popups":true,"color":"#C80000","estimated_population":"6156","phase1_population":0,"phase1_percent":0,"phase1_color":"#CCFFCC","phase2_population":2770,"phase2_percent":0.45,"phase2_color":"#FAE61E","phase3_population":3386,"phase3_percent":0.55,"phase3_color":"#E67800","phase4_population":1231,"phase4_percent":0.2,"phase4_color":"#C80000","phase5_population":0,"phase5_percent":0,"phase5_color":"#640000"}},{"type":"Feature","geometry":{"type":"Point","coordinates":[48.7864,8.4704],"admin_0_gaul":226,"admin_1_gaul":0,"admin_2_gaul":51346,"admin_0_faostat":0},"properties":{"aar_id":"1527","confidence_level":3,"ipc_period":"C","overall_phase":4,"population_min":"51926","population_percentage_min":"1","justification":"","prolonged_crisis":false,"population_phase_worse":null,"population_percentage_phase_worse":null,"anl_id":"87143416","admin_type":"idp","title":"Nugaal Urban IDPs (Garoowe)","view_level":"area","hide_settlement_labels":false,"hide_area_labels":false,"hide_area_borders":false,"show_area_popups":true,"color":"#C80000","estimated_population":"51925","phase1_population":2596,"phase1_percent":0.05,"phase1_color":"#CCFFCC","phase2_population":23366,"phase2_percent":0.45,"phase2_color":"#FAE61E","phase3_population":25963,"phase3_percent":0.5,"phase3_color":"#E67800","phase4_population":10385,"phase4_percent":0.2,"phase4_color":"#C80000","phase5_population":0,"phase5_percent":0,"phase5_color":"#640000"}},{"type":"Feature","geometry":{"type":"Point","coordinates":[47.683,10.3045],"admin_0_gaul":226,"admin_1_gaul":0,"admin_2_gaul":0,"admin_0_faostat":201},"properties":{"aar_id":"1535","confidence_level":1,"ipc_period":"C","overall_phase":2,"population_min":"5998","population_percentage_min":"0.2","justification":"","prolonged_crisis":false,"population_phase_worse":null,"population_percentage_phase_worse":null,"anl_id":"87143416","admin_type":"urb","title":"Sanaag Urban (Ceel Afweyn and Laasqoray)","view_level":"area","hide_settlement_labels":false,"hide_area_labels":false,"hide_area_borders":false,"show_area_popups":true,"color":"#FAE61E","estimated_population":"29985","phase1_population":8996,"phase1_percent":0.3,"phase1_color":"#CCFFCC","phase2_population":17991,"phase2_percent":0.6,"phase2_color":"#FAE61E","phase3_population":2999,"phase3_percent":0.1,"phase3_color":"#E67800","phase4_population":0,"phase4_percent":0,"phase4_color":"#C80000","phase5_population":0,"phase5_percent":0,"phase5_color":"#640000"}},{"type":"Feature","geometry":{"type":"Point","coordinates":[47.8079,10.2899],"admin_0_gaul":0,"admin_1_gaul":51331,"admin_2_gaul":51351,"admin_0_faostat":114},"properties":{"aar_id":"1536","confidence_level":1,"ipc_period":"C","overall_phase":2,"population_min":"6208","population_percentage_min":"0.2","justification":"","prolonged_crisis":false,"population_phase_worse":null,"population_percentage_phase_worse":null,"anl_id":"87143416","admin_type":"urb","title":"Sanaag Urban (Ceerigaabo)","view_level":"area","hide_settlement_labels":false,"hide_area_labels":false,"hide_area_borders":false,"show_area_popups":true,"color":"#FAE61E","estimated_population":"31041","phase1_population":10864,"phase1_percent":0.35,"phase1_color":"#CCFFCC","phase2_population":17073,"phase2_percent":0.55,"phase2_color":"#FAE61E","phase3_population":3104,"phase3_percent":0.1,"phase3_color":"#E67800","phase4_population":0,"phase4_percent":0,"phase4_color":"#C80000","phase5_population":0,"phase5_percent":0,"phase5_color":"#640000"}},{"type":"Feature","geometry":{"type":"Point","coordinates":[47.683,10.3045],"admin_0_gaul":226,"admin_1_gaul":0,"admin_2_gaul":0,"admin_0_faostat":201},"properties":{"aar_id":"1537","confidence_level":1,"ipc_period":"C","overall_phase":3,"population_min":"5629","population_percentage_min":"0.4","justification":"","prolonged_crisis":false,"population_phase_worse":null,"population_percentage_phase_worse":null,"anl_id":"87143416","admin_type":"idp","title":"Sanaag Urban IDPs (Ceel Afweyn and Laasqoray)","view_level":"area","hide_settlement_labels":false,"hide_area_labels":false,"hide_area_borders":false,"show_area_popups":true,"color":"#E67800","estimated_population":"14070","phase1_population":3518,"phase1_percent":0.25,"phase1_color":"#CCFFCC","phase2_population":7739,"phase2_percent":0.55,"phase2_color":"#FAE61E","phase3_population":2814,"phase3_percent":0.2,"phase3_color":"#E67800","phase4_population":704,"phase4_percent":0.05,"phase4_color":"#C80000","phase5_population":0,"phase5_percent":0,"phase5_color":"#640000"}},{"type":"Feature","geometry":{"type":"Point","coordinates":[47.8079,10.2899],"admin_0_gaul":226,"admin_1_gaul":51327,"admin_2_gaul":51363,"admin_0_faostat":114},"properties":{"aar_id":"1538","confidence_level":1,"ipc_period":"C","overall_phase":3,"population_min":"6306","population_percentage_min":"0.6","justification":"","prolonged_crisis":false,"population_phase_worse":null,"population_percentage_phase_worse":null,"anl_id":"87143416","admin_type":"idp","title":"Sanaag Urban IDPs (Ceerigaabo)","view_level":"area","hide_settlement_labels":false,"hide_area_labels":false,"hide_area_borders":false,"show_area_popups":true,"color":"#E67800","estimated_population":"10510","phase1_population":2628,"phase1_percent":0.25,"phase1_color":"#CCFFCC","phase2_population":4730,"phase2_percent":0.45,"phase2_color":"#FAE61E","phase3_population":3153,"phase3_percent":0.3,"phase3_color":"#E67800","phase4_population":1051,"phase4_percent":0.1,"phase4_color":"#C80000","phase5_population":0,"phase5_percent":0,"phase5_color":"#640000"}},{"type":"Feature","geometry":{"type":"MultiPolygon","coordinates":[[[[45.3664,2.1583],[45.3542,2.1639],[45.3465,2.1642],[45.3403,2.1651],[45.3341,2.1631],[45.3257,2.1559],[45.3195,2.1484],[45.3169,2.1461],[45.3161,2.1527],[45.3173,2.1683],[45.3295,2.1717],[45.3435,2.1755],[45.3455,2.176],[45.3525,2.1747],[45.3789,2.1693],[45.4112,2.1684],[45.4237,2.1729],[45.4426,2.1798],[45.4573,2.1824],[45.475,2.1856],[45.484,2.1887],[45.5026,2.1953],[45.5237,2.2036],[45.5414,2.2135],[45.5702,2.2296],[45.5966,2.2472],[45.6196,2.2625],[45.641,2.2673],[45.669,2.2737],[45.6813,2.2766],[45.6943,2.2784],[45.6985,2.2822],[45.7132,2.2916],[45.7203,2.2936],[45.7346,2.301],[45.7668,2.3163],[45.7924,2.3308],[45.8154,2.3463],[45.8158,2.3465],[45.8163,2.3468],[45.8167,2.3471],[45.8172,2.3475],[45.8177,2.348],[45.8199,2.3499],[45.8227,2.3524],[45.8416,2.3642],[45.8554,2.3721],[45.8682,2.3781],[45.8729,2.3815],[45.8825,2.3864],[45.8976,2.3953],[45.9112,2.4047],[45.9196,2.411],[45.9283,2.4165],[45.9344,2.4252],[45.9341,2.4387],[45.931,2.4526],[45.9319,2.4595],[45.9491,2.4845],[45.9696,2.5143],[46.0044,2.565],[46.027,2.5973],[46.0616,2.6424],[46.0696,2.6528],[46.1101,2.7055],[46.1471,2.7537],[46.1726,2.7869],[46.1912,2.8111],[46.2153,2.8424],[46.2447,2.8807],[46.2595,2.9],[46.3068,2.9438],[46.3423,2.9767],[46.376,3.0078],[46.4099,3.0393],[46.4573,3.0831],[46.4918,3.1151],[46.5136,3.1402],[46.5487,3.1807],[46.6186,3.2615],[46.6639,3.3141],[46.672,3.3236],[46.7237,3.3885],[46.7737,3.4514],[46.831,3.5234],[46.8751,3.578],[47.0377,3.4727],[47.038,3.4723],[47.0367,3.4711],[47.0277,3.4631],[47.0239,3.4597],[47.012,3.4476],[47.0043,3.4399],[46.9686,3.3991],[46.9635,3.3937],[46.9623,3.3925],[46.9571,3.387],[46.9114,3.3393],[46.8772,3.2992],[46.8761,3.2979],[46.8721,3.2933],[46.8601,3.2748],[46.8366,3.2389],[46.8191,3.2184],[46.8069,3.2043],[46.8013,3.1987],[46.7555,3.1533],[46.7517,3.1495],[46.7503,3.1484],[46.743,3.1432],[46.7343,3.1332],[46.713,3.1088],[46.693,3.086],[46.6743,3.0647],[46.661,3.0526],[46.6243,3.0194],[46.6103,3.0067],[46.6047,3.0017],[46.5757,2.9719],[46.5367,2.9433],[46.5366,2.9432],[46.5362,2.9429],[46.5295,2.9367],[46.5191,2.9268],[46.5166,2.9244],[46.5155,2.9238],[46.4966,2.9123],[46.4606,2.8865],[46.4465,2.8742],[46.4318,2.8578],[46.4053,2.8285],[46.3805,2.8099],[46.3624,2.7979],[46.3453,2.7867],[46.3389,2.7809],[46.3387,2.7807],[46.3386,2.7805],[46.3365,2.7767],[46.3327,2.7702],[46.3311,2.7612],[46.3307,2.7591],[46.3307,2.7589],[46.3306,2.7582],[46.3305,2.7581],[46.3269,2.7547],[46.3197,2.7531],[46.3103,2.7479],[46.3086,2.7462],[46.3023,2.7397],[46.3014,2.7388],[46.2991,2.7249],[46.2975,2.7157],[46.2968,2.7145],[46.2962,2.7135],[46.2953,2.7119],[46.2829,2.6997],[46.2617,2.6859],[46.2591,2.6843],[46.2491,2.6753],[46.2283,2.6619],[46.2282,2.6619],[46.2164,2.6503],[46.1912,2.6215],[46.1765,2.6012],[46.173,2.5976],[46.1726,2.5973],[46.1711,2.5959],[46.1707,2.5954],[46.1704,2.5951],[46.1678,2.5875],[46.1673,2.5861],[46.1599,2.5824],[46.1561,2.5805],[46.1413,2.5667],[46.1412,2.5666],[46.1391,2.5643],[46.1299,2.5539],[46.1279,2.5516],[46.1264,2.5499],[46.1206,2.5406],[46.1205,2.5404],[46.1197,2.5391],[46.1196,2.5388],[46.1178,2.5318],[46.1178,2.5315],[46.1177,2.5313],[46.1041,2.5153],[46.0909,2.5063],[46.0833,2.5009],[46.0766,2.4963],[46.066,2.4874],[46.0641,2.4859],[46.0533,2.4754],[46.0443,2.4667],[46.0437,2.4661],[46.0296,2.4525],[46.002,2.4232],[45.9983,2.421],[45.9909,2.4166],[45.9909,2.4167],[45.9905,2.4169],[45.9903,2.4177],[45.9897,2.4181],[45.9883,2.4175],[45.9873,2.4167],[45.9863,2.4157],[45.9851,2.4141],[45.9837,2.4137],[45.9823,2.4131],[45.9811,2.4123],[45.9793,2.4113],[45.9789,2.4107],[45.9779,2.4093],[45.9775,2.4087],[45.9771,2.4081],[45.9771,2.408],[45.9757,2.4071],[45.9755,2.4071],[45.9753,2.4069],[45.9745,2.4063],[45.9721,2.4049],[45.9711,2.4045],[45.9697,2.4037],[45.9683,2.4025],[45.9677,2.4021],[45.9671,2.4015],[45.9663,2.4009],[45.9663,2.4005],[45.9661,2.4005],[45.9661,2.4004],[45.9588,2.3953],[45.9543,2.3915],[45.9542,2.3914],[45.9536,2.3909],[45.9535,2.3909],[45.9533,2.3907],[45.9527,2.3903],[45.9515,2.3895],[45.9503,2.3883],[45.9487,2.3869],[45.9453,2.3839],[45.9419,2.3815],[45.9413,2.3813],[45.9399,2.3805],[45.9385,2.3799],[45.9379,2.3787],[45.9373,2.3775],[45.9359,2.3765],[45.9357,2.3763],[45.9281,2.3734],[45.8983,2.3519],[45.898,2.3517],[45.8977,2.3517],[45.8975,2.3515],[45.8955,2.3503],[45.8954,2.3501],[45.8949,2.3499],[45.8924,2.3483],[45.8923,2.3483],[45.8917,2.3483],[45.8903,2.3477],[45.8893,2.3471],[45.8881,2.3461],[45.8863,2.3453],[45.8845,2.3441],[45.8829,2.3431],[45.8819,2.3423],[45.8811,2.3417],[45.8807,2.3415],[45.8799,2.3409],[45.8785,2.3399],[45.8783,2.3397],[45.8781,2.3396],[45.8706,2.3356],[45.8705,2.3357],[45.8691,2.3357],[45.8669,2.3347],[45.8657,2.3331],[45.8641,2.3323],[45.864,2.3321],[45.8577,2.3289],[45.8573,2.3287],[45.8563,2.3287],[45.8547,2.3285],[45.8539,2.3283],[45.8517,2.3275],[45.8493,2.3265],[45.8469,2.3255],[45.8451,2.3245],[45.8433,2.3235],[45.8409,2.3219],[45.8399,2.3211],[45.8385,2.3197],[45.8375,2.3189],[45.8367,2.3183],[45.8359,2.3181],[45.8355,2.3177],[45.8343,2.3169],[45.8333,2.3159],[45.8327,2.3153],[45.8327,2.3135],[45.8337,2.3135],[45.8341,2.3133],[45.8335,2.3131],[45.8323,2.3121],[45.8319,2.3123],[45.8305,2.3121],[45.8299,2.3113],[45.8293,2.3113],[45.8279,2.3111],[45.8279,2.3119],[45.8267,2.3117],[45.8245,2.3103],[45.8235,2.3101],[45.8223,2.3095],[45.8213,2.3087],[45.8195,2.3083],[45.8183,2.3081],[45.8175,2.3081],[45.8169,2.3079],[45.8159,2.3077],[45.8147,2.3067],[45.8135,2.3061],[45.8127,2.3053],[45.8115,2.3047],[45.8101,2.3035],[45.8085,2.3021],[45.8075,2.3009],[45.7981,2.2955],[45.7973,2.2959],[45.7963,2.2965],[45.7953,2.2969],[45.7945,2.2971],[45.7935,2.2971],[45.7931,2.2969],[45.7925,2.2967],[45.7923,2.2963],[45.7925,2.2957],[45.7917,2.2953],[45.7905,2.2947],[45.7895,2.2939],[45.7885,2.2929],[45.7877,2.2923],[45.7863,2.2913],[45.7857,2.2905],[45.7853,2.2897],[45.7847,2.2893],[45.7833,2.2889],[45.7829,2.2883],[45.7819,2.2877],[45.7809,2.2867],[45.7801,2.2869],[45.7799,2.2875],[45.7793,2.2875],[45.7785,2.2871],[45.7781,2.2869],[45.7773,2.2865],[45.7767,2.2859],[45.7765,2.2859],[45.7755,2.2853],[45.7747,2.2849],[45.7737,2.2843],[45.7719,2.2821],[45.7713,2.2813],[45.7705,2.2805],[45.7697,2.2797],[45.7683,2.2785],[45.7667,2.2775],[45.7649,2.2763],[45.7637,2.2757],[45.7629,2.2751],[45.7617,2.2745],[45.7599,2.2733],[45.7591,2.2729],[45.7581,2.2721],[45.7535,2.2693],[45.7539,2.2689],[45.7535,2.2685],[45.7531,2.2689],[45.7527,2.2691],[45.7485,2.2669],[45.7469,2.2657],[45.7455,2.2645],[45.7447,2.2635],[45.7431,2.2631],[45.7429,2.2629],[45.7423,2.2621],[45.7411,2.2627],[45.7399,2.2621],[45.7393,2.2621],[45.7383,2.2615],[45.7371,2.2613],[45.7351,2.2605],[45.7345,2.2607],[45.7337,2.2603],[45.7329,2.2597],[45.7319,2.2593],[45.7305,2.2583],[45.7305,2.2573],[45.7297,2.2569],[45.7285,2.2551],[45.7273,2.2545],[45.7265,2.2547],[45.7245,2.2535],[45.7207,2.2509],[45.7161,2.2479],[45.7139,2.2465],[45.7125,2.2457],[45.7111,2.2447],[45.7087,2.2433],[45.7077,2.2427],[45.7071,2.2419],[45.7067,2.2411],[45.7059,2.2409],[45.7055,2.2405],[45.7045,2.2407],[45.7029,2.2397],[45.7013,2.2391],[45.6995,2.2379],[45.6989,2.2383],[45.6975,2.2375],[45.6961,2.2365],[45.6937,2.2347],[45.6913,2.2331],[45.6895,2.2317],[45.6877,2.2309],[45.6861,2.2299],[45.6849,2.2293],[45.6845,2.2287],[45.6835,2.2285],[45.6831,2.2281],[45.6827,2.2281],[45.6819,2.2279],[45.6817,2.2277],[45.6811,2.2277],[45.6805,2.2275],[45.6795,2.2273],[45.6789,2.2273],[45.6783,2.2269],[45.6777,2.2267],[45.6771,2.2261],[45.6769,2.2259],[45.6765,2.2255],[45.6757,2.2245],[45.6747,2.2233],[45.6743,2.2233],[45.6737,2.2227],[45.6729,2.2215],[45.6717,2.2203],[45.6707,2.2199],[45.6701,2.2193],[45.6697,2.2191],[45.6691,2.2185],[45.6691,2.2173],[45.6687,2.2179],[45.6681,2.2181],[45.6663,2.2173],[45.6653,2.2167],[45.6639,2.2161],[45.6631,2.2157],[45.6625,2.2153],[45.6621,2.2155],[45.6613,2.2155],[45.6609,2.2153],[45.6603,2.2151],[45.6585,2.2135],[45.6573,2.2131],[45.6563,2.2127],[45.6555,2.2123],[45.6545,2.2121],[45.6539,2.2123],[45.6533,2.2123],[45.6517,2.2117],[45.6509,2.2111],[45.6501,2.2107],[45.6495,2.2103],[45.6489,2.2099],[45.6483,2.2093],[45.6477,2.2089],[45.6467,2.2081],[45.6459,2.2067],[45.6455,2.2061],[45.6453,2.2053],[45.6461,2.2055],[45.6461,2.2053],[45.6457,2.2051],[45.6453,2.2047],[45.6451,2.2043],[45.6447,2.2041],[45.6447,2.2039],[45.6445,2.2037],[45.6441,2.2035],[45.6439,2.2033],[45.6435,2.2031],[45.6433,2.2033],[45.6433,2.2041],[45.6431,2.2043],[45.6421,2.2049],[45.6417,2.2049],[45.6407,2.2047],[45.6401,2.2047],[45.6397,2.2045],[45.6391,2.2043],[45.6387,2.2043],[45.6373,2.2039],[45.6369,2.2037],[45.6363,2.2035],[45.6357,2.2031],[45.6355,2.2031],[45.6351,2.2029],[45.6351,2.2027],[45.6349,2.2027],[45.6343,2.2017],[45.6341,2.2015],[45.6339,2.2013],[45.6335,2.2011],[45.6333,2.2007],[45.6329,2.2003],[45.6325,2.2001],[45.6321,2.2001],[45.6315,2.2003],[45.6309,2.1999],[45.6303,2.1995],[45.6297,2.1991],[45.6291,2.1985],[45.6285,2.1983],[45.6277,2.1977],[45.6271,2.1973],[45.6265,2.1971],[45.6261,2.1969],[45.6255,2.1967],[45.6251,2.1961],[45.6241,2.1957],[45.6231,2.1947],[45.6205,2.1931],[45.6191,2.1919],[45.6181,2.1913],[45.6167,2.1905],[45.6161,2.1901],[45.6147,2.1899],[45.6133,2.1897],[45.6121,2.1885],[45.6115,2.1881],[45.6111,2.1873],[45.6103,2.1871],[45.6094,2.1869],[45.6092,2.1869],[45.601,2.1869],[45.581,2.1864],[45.5658,2.1856],[45.5465,2.1843],[45.532,2.1835],[45.5264,2.1844],[45.5121,2.1789],[45.5035,2.1756],[45.4611,2.1717],[45.4311,2.1631],[45.3911,2.1517],[45.3861,2.1452],[45.3843,2.1461],[45.3754,2.1516],[45.3664,2.1583]],[[45.8825,2.3864],[45.8816,2.3859],[45.8834,2.3869],[45.8825,2.3864]]],[[[45.0317,1.8751],[45.0305,1.8735],[45.0305,1.8733],[45.0301,1.8723],[45.0295,1.8719],[45.0279,1.8713],[45.0247,1.8679],[45.0233,1.8665],[45.0211,1.8651],[45.0201,1.8651],[45.0191,1.8635],[45.0183,1.8615],[45.0165,1.8603],[45.0155,1.8601],[45.0143,1.8591],[45.0133,1.8587],[45.0127,1.8575],[45.0109,1.8565],[45.0091,1.8553],[45.0085,1.8549],[45.0079,1.8549],[45.0075,1.8553],[45.0071,1.8553],[45.0065,1.8547],[45.0061,1.8551],[45.0065,1.8561],[45.0055,1.8569],[45.0043,1.8567],[45.0027,1.8557],[44.9993,1.8537],[44.9935,1.8503],[44.9907,1.8471],[44.9897,1.8463],[44.9849,1.8433],[44.9835,1.8429],[44.9819,1.8413],[44.9811,1.8399],[44.9761,1.8371],[44.9723,1.8353],[44.9689,1.8325],[44.9639,1.8301],[44.9615,1.8289],[44.9579,1.8265],[44.9569,1.8259],[44.9523,1.8233],[44.9491,1.8213],[44.9451,1.8193],[44.9429,1.8175],[44.9403,1.8159],[44.9377,1.8141],[44.9327,1.8115],[44.9289,1.8093],[44.9251,1.8073],[44.9219,1.8061],[44.9199,1.8065],[44.9167,1.8055],[44.9133,1.8039],[44.9107,1.8015],[44.9099,1.8003],[44.9093,1.7989],[44.9091,1.7981],[44.9081,1.7975],[44.9069,1.7969],[44.9063,1.7961],[44.9057,1.7963],[44.9049,1.7961],[44.9046,1.7959],[44.9124,1.808],[44.912,1.8078],[44.928,1.8299],[44.9559,1.8739],[44.9622,1.8769],[45.038,1.9137],[45.0524,1.9217],[45.107,1.9518],[45.2254,1.9935],[45.2296,1.9947],[45.2297,1.9901],[45.2297,1.9815],[45.2299,1.9761],[45.2299,1.9759],[45.2299,1.9721],[45.2299,1.9715],[45.2301,1.9701],[45.2301,1.9687],[45.2301,1.9685],[45.2301,1.9683],[45.2289,1.9673],[45.2267,1.9661],[45.2237,1.9645],[45.2213,1.9637],[45.2197,1.9627],[45.2193,1.9631],[45.2187,1.9641],[45.2159,1.9641],[45.2135,1.9641],[45.2111,1.9635],[45.2077,1.9625],[45.2063,1.9621],[45.2043,1.9609],[45.2037,1.9601],[45.2031,1.9595],[45.2031,1.9583],[45.2037,1.9583],[45.2047,1.9579],[45.2041,1.9579],[45.2037,1.9571],[45.2029,1.9567],[45.2019,1.9565],[45.2017,1.9561],[45.2009,1.9563],[45.2027,1.9581],[45.2011,1.9595],[45.2003,1.9599],[45.1979,1.9599],[45.1963,1.9595],[45.1957,1.9591],[45.1949,1.9585],[45.1941,1.9585],[45.1905,1.9573],[45.1907,1.9569],[45.1891,1.9565],[45.1885,1.9559],[45.1879,1.9553],[45.1877,1.9555],[45.1869,1.9545],[45.1869,1.9537],[45.1859,1.9531],[45.1847,1.9521],[45.1841,1.9521],[45.1837,1.9511],[45.1839,1.9503],[45.1833,1.9497],[45.1821,1.9495],[45.1813,1.9485],[45.1809,1.9483],[45.1795,1.9485],[45.1799,1.9491],[45.1795,1.9497],[45.1777,1.9495],[45.1765,1.9487],[45.1753,1.9481],[45.1721,1.9481],[45.1705,1.9473],[45.1691,1.9463],[45.1675,1.9435],[45.1663,1.9427],[45.1647,1.9425],[45.1627,1.9427],[45.1605,1.9419],[45.1593,1.9415],[45.1573,1.9401],[45.1559,1.9395],[45.1557,1.9385],[45.1553,1.9377],[45.1521,1.9351],[45.1507,1.9351],[45.1497,1.9343],[45.1493,1.9345],[45.1485,1.9341],[45.1481,1.9343],[45.1481,1.9355],[45.1475,1.9359],[45.1467,1.9363],[45.1461,1.9365],[45.1455,1.9369],[45.1445,1.9369],[45.1429,1.9367],[45.1413,1.9365],[45.1401,1.9363],[45.1383,1.9357],[45.1351,1.9345],[45.1323,1.9327],[45.1309,1.9319],[45.1295,1.9313],[45.1283,1.9309],[45.1275,1.9303],[45.1265,1.9291],[45.1263,1.9269],[45.1281,1.9271],[45.1281,1.9267],[45.1267,1.9259],[45.1261,1.9263],[45.1255,1.9257],[45.1253,1.9255],[45.1249,1.9253],[45.1245,1.9253],[45.1241,1.9255],[45.1237,1.9255],[45.1233,1.9251],[45.1229,1.9249],[45.1227,1.9247],[45.1223,1.9247],[45.1219,1.9247],[45.1217,1.9249],[45.1217,1.9251],[45.1213,1.9247],[45.1209,1.9243],[45.1205,1.9241],[45.1201,1.9241],[45.1197,1.9241],[45.1193,1.9243],[45.1189,1.9247],[45.1187,1.9247],[45.1183,1.9237],[45.1179,1.9235],[45.1175,1.9235],[45.1173,1.9233],[45.1169,1.9231],[45.1163,1.9227],[45.1159,1.9225],[45.1155,1.9223],[45.1147,1.9219],[45.1141,1.9217],[45.1135,1.9211],[45.1125,1.9209],[45.1119,1.9203],[45.1119,1.9199],[45.1113,1.9195],[45.1111,1.9189],[45.1103,1.9189],[45.1099,1.9181],[45.1095,1.9175],[45.1089,1.9169],[45.1083,1.9165],[45.1073,1.9161],[45.1053,1.9155],[45.1053,1.9151],[45.1047,1.9151],[45.1047,1.9147],[45.1039,1.9145],[45.1031,1.9141],[45.1017,1.9137],[45.1001,1.9129],[45.0991,1.9133],[45.0979,1.9127],[45.0969,1.9117],[45.0967,1.9109],[45.0953,1.9109],[45.0923,1.9111],[45.0909,1.9107],[45.0897,1.9097],[45.0887,1.9089],[45.0887,1.9081],[45.0881,1.9081],[45.0877,1.9083],[45.0865,1.9081],[45.0859,1.9079],[45.0847,1.9073],[45.0845,1.9069],[45.0845,1.9063],[45.0833,1.9059],[45.0833,1.9053],[45.0827,1.9047],[45.0829,1.9037],[45.0835,1.9039],[45.0837,1.9035],[45.0831,1.9031],[45.0823,1.9023],[45.0813,1.9017],[45.0801,1.9009],[45.0793,1.9001],[45.0779,1.8993],[45.0773,1.8993],[45.0763,1.8997],[45.0767,1.9003],[45.0763,1.9009],[45.0757,1.9011],[45.0751,1.9011],[45.0745,1.9007],[45.0735,1.9009],[45.0713,1.8995],[45.0691,1.8977],[45.0655,1.8951],[45.0637,1.8937],[45.0635,1.8929],[45.0621,1.8925],[45.0599,1.8919],[45.0571,1.8903],[45.0553,1.8893],[45.0527,1.8883],[45.0505,1.8873],[45.0483,1.8861],[45.0475,1.8855],[45.0459,1.8849],[45.0445,1.8839],[45.0431,1.8827],[45.0413,1.8811],[45.0375,1.8783],[45.0359,1.8777],[45.0343,1.8765],[45.0317,1.8751]]]],"admin_0_gaul":226,"admin_1_gaul":0,"admin_2_gaul":0,"admin_0_faostat":201},"properties":{"aar_id":"1539","confidence_level":1,"ipc_period":"C","overall_phase":3,"population_min":"128776","population_percentage_min":"0.8","justification":"","prolonged_crisis":false,"population_phase_worse":null,"population_percentage_phase_worse":null,"anl_id":"87143416","admin_type":"polygon","title":"Shabelle Coastal Deeh Pastoral and Fishing (L. Shabelle & M. Shabelle)","view_level":"area","hide_settlement_labels":false,"hide_area_labels":false,"hide_area_borders":false,"show_area_popups":true,"color":"#E67800","estimated_population":"160971","phase1_population":48291,"phase1_percent":0.3,"phase1_color":"#CCFFCC","phase2_population":48291,"phase2_percent":0.3,"phase2_color":"#FAE61E","phase3_population":64388,"phase3_percent":0.4,"phase3_color":"#E67800","phase4_population":16097,"phase4_percent":0.1,"phase4_color":"#C80000","phase5_population":0,"phase5_percent":0,"phase5_color":"#640000"}},{"type":"Feature","geometry":{"type":"MultiPolygon","coordinates":[[[[45.8825,2.3864],[45.8834,2.3869],[45.8816,2.3859],[45.8825,2.3864]]],[[[45.8729,2.3815],[45.8682,2.3781],[45.8554,2.3721],[45.8416,2.3642],[45.8227,2.3524],[45.8199,2.3499],[45.8177,2.348],[45.8172,2.3475],[45.8167,2.3471],[45.8163,2.3468],[45.8158,2.3465],[45.8154,2.3463],[45.7967,2.3421],[45.7808,2.3386],[45.7486,2.3314],[45.7169,2.3249],[45.6886,2.3199],[45.6547,2.3138],[45.6307,2.3241],[45.6173,2.3299],[45.625,2.3394],[45.6387,2.3563],[45.6521,2.3727],[45.6556,2.384],[45.6663,2.4177],[45.6803,2.4535],[45.6956,2.4909],[45.7064,2.5089],[45.7257,2.5371],[45.7447,2.5666],[45.7549,2.5839],[45.7645,2.6002],[45.7688,2.6237],[45.7639,2.632],[45.7515,2.6543],[45.7389,2.6839],[45.7259,2.7145],[45.7182,2.7327],[45.7143,2.7421],[45.7048,2.7602],[45.7006,2.7784],[45.7001,2.802],[45.7031,2.8227],[45.7108,2.8473],[45.7267,2.8917],[45.7363,2.9159],[45.7528,2.9522],[45.7644,2.9716],[45.7803,2.9891],[45.8024,3.0135],[45.8146,3.0276],[45.8428,3.0569],[45.8705,3.0818],[45.8842,3.096],[45.9043,3.1189],[45.9176,3.1503],[45.9219,3.1761],[45.9305,3.2134],[45.9389,3.2496],[45.9403,3.2515],[45.9411,3.2515],[45.9418,3.2535],[45.9569,3.2744],[45.9801,3.3083],[45.9923,3.3238],[46.0122,3.3466],[46.039,3.374],[46.0599,3.4],[46.0735,3.4246],[46.0894,3.458],[46.1114,3.5],[46.1188,3.5107],[46.1433,3.5462],[46.1688,3.5862],[46.1764,3.5954],[46.1832,3.6152],[46.1906,3.6309],[46.1971,3.6422],[46.203,3.6587],[46.22,3.6912],[46.2345,3.7226],[46.2469,3.7553],[46.2569,3.7883],[46.2619,3.8007],[46.2629,3.8163],[46.2636,3.8203],[46.3911,3.8915],[46.8751,3.578],[46.831,3.5234],[46.7737,3.4514],[46.7237,3.3885],[46.672,3.3236],[46.6639,3.3141],[46.6186,3.2615],[46.5487,3.1807],[46.5136,3.1402],[46.4918,3.1151],[46.4573,3.0831],[46.4099,3.0393],[46.376,3.0078],[46.3423,2.9767],[46.3068,2.9438],[46.2595,2.9],[46.2447,2.8807],[46.2153,2.8424],[46.1912,2.8111],[46.1726,2.7869],[46.1471,2.7537],[46.1101,2.7055],[46.0696,2.6528],[46.0616,2.6424],[46.027,2.5973],[46.0044,2.565],[45.9696,2.5143],[45.9491,2.4845],[45.9319,2.4595],[45.931,2.4526],[45.9341,2.4387],[45.9344,2.4252],[45.9283,2.4165],[45.9196,2.411],[45.9112,2.4047],[45.8976,2.3953],[45.8825,2.3864],[45.8729,2.3815]]]],"admin_0_gaul":226,"admin_1_gaul":0,"admin_2_gaul":0,"admin_0_faostat":201},"properties":{"aar_id":"1540","confidence_level":1,"ipc_period":"C","overall_phase":2,"population_min":"39322","population_percentage_min":"0.3","justification":"","prolonged_crisis":false,"population_phase_worse":null,"population_percentage_phase_worse":null,"anl_id":"87143416","admin_type":"polygon","title":"Shabelle Cowpea Belt (M Shabelle)","view_level":"area","hide_settlement_labels":false,"hide_area_labels":false,"hide_area_borders":false,"show_area_popups":true,"color":"#FAE61E","estimated_population":"131073","phase1_population":58983,"phase1_percent":0.45,"phase1_color":"#CCFFCC","phase2_population":52429,"phase2_percent":0.4,"phase2_color":"#FAE61E","phase3_population":19661,"phase3_percent":0.15,"phase3_color":"#E67800","phase4_population":6554,"phase4_percent":0.05,"phase4_color":"#C80000","phase5_population":0,"phase5_percent":0,"phase5_color":"#640000"}},{"type":"Feature","geometry":{"type":"MultiPolygon","coordinates":[[[[45.2389,1.9779],[45.2383,1.9775],[45.2381,1.9775],[45.2357,1.9765],[45.2343,1.9749],[45.2333,1.9739],[45.2325,1.9729],[45.2321,1.9725],[45.2319,1.9707],[45.2317,1.9699],[45.2301,1.9685],[45.2301,1.9687],[45.2301,1.9701],[45.2299,1.9715],[45.2299,1.9721],[45.2299,1.9755],[45.2299,1.9759],[45.2299,1.9761],[45.2297,1.9763],[45.2297,1.9803],[45.2297,1.9833],[45.2297,1.9847],[45.2297,1.9853],[45.2297,1.9859],[45.2297,1.9947],[45.2297,1.9987],[45.2297,2.0163],[45.2297,2.0177],[45.2297,2.0181],[45.2295,2.0185],[45.2295,2.0191],[45.2295,2.0193],[45.2269,2.0257],[45.2478,2.0134],[45.2464,1.9996],[45.2447,1.9827],[45.2447,1.9821],[45.2444,1.9796],[45.2437,1.9793],[45.2409,1.9789],[45.2389,1.9779]]],[[[45.5037,2.1756],[45.4874,2.1694],[45.467,2.1594],[45.4517,2.1534],[45.4303,2.1463],[45.4122,2.1422],[45.4016,2.1421],[45.3906,2.1428],[45.3861,2.1452],[45.3911,2.1517],[45.4311,2.1631],[45.4611,2.1717],[45.5037,2.1756]]]],"admin_0_gaul":226,"admin_1_gaul":0,"admin_2_gaul":0,"admin_0_faostat":201},"properties":{"aar_id":"1541","confidence_level":1,"ipc_period":"C","overall_phase":2,"population_min":"44574","population_percentage_min":"0.1","justification":"","prolonged_crisis":false,"population_phase_worse":null,"population_percentage_phase_worse":null,"anl_id":"87143416","admin_type":"polygon","title":"Shabelle Peri-urban Agropastoral (Banadir)","view_level":"area","hide_settlement_labels":false,"hide_area_labels":false,"hide_area_borders":false,"show_area_popups":true,"color":"#FAE61E","estimated_population":"445736","phase1_population":312015,"phase1_percent":0.7,"phase1_color":"#CCFFCC","phase2_population":111434,"phase2_percent":0.25,"phase2_color":"#FAE61E","phase3_population":22287,"phase3_percent":0.05,"phase3_color":"#E67800","phase4_population":0,"phase4_percent":0,"phase4_color":"#C80000","phase5_population":0,"phase5_percent":0,"phase5_color":"#640000"}},{"type":"Feature","geometry":{"type":"Polygon","coordinates":[[[43.4651,1.0029],[43.4473,0.9804],[43.4356,0.9614],[43.414,0.9336],[43.4094,0.92],[43.3997,0.8957],[43.3869,0.8698],[43.3511,0.9219],[43.3397,0.9373],[43.2989,0.9933],[43.3104,0.9989],[43.3232,1.0036],[43.3359,1.0181],[43.353,1.0305],[43.3635,1.0471],[43.3773,1.0605],[43.3916,1.0705],[43.4035,1.0828],[43.4139,1.0887],[43.4163,1.0947],[43.429,1.1089],[43.4508,1.1228],[43.4804,1.1314],[43.5052,1.14],[43.5314,1.154],[43.5551,1.1683],[43.5712,1.1835],[43.5885,1.2089],[43.602,1.2231],[43.6363,1.2318],[43.6659,1.2414],[43.6942,1.2535],[43.7196,1.2644],[43.7418,1.2786],[43.7507,1.2912],[43.7604,1.3084],[43.7733,1.3106],[43.7829,1.3112],[43.7918,1.3138],[43.8011,1.316],[43.8125,1.3225],[43.819,1.334],[43.837,1.3665],[43.857,1.3876],[43.877,1.4126],[43.9118,1.4531],[43.9369,1.4856],[43.9932,1.5315],[43.9993,1.5365],[44.0271,1.5504],[44.0545,1.5677],[44.078,1.5828],[44.1136,1.6004],[44.1399,1.6078],[44.1628,1.623],[44.2002,1.6478],[44.2408,1.6692],[44.2788,1.6865],[44.3233,1.6893],[44.3714,1.7218],[44.3721,1.7223],[44.3994,1.7422],[44.4312,1.7768],[44.4696,1.8186],[44.4881,1.8475],[44.5022,1.8695],[44.5802,1.8713],[44.6135,1.8857],[44.6479,1.9123],[44.6487,1.9128],[44.7172,1.963],[44.7588,1.9935],[44.7951,2.0137],[44.8028,2.0181],[44.8273,2.05],[44.8843,2.1102],[44.901,2.1384],[44.9307,2.1533],[44.9825,2.1659],[45.0461,2.1664],[45.091,2.1677],[45.1178,2.1832],[45.1535,2.2144],[45.1922,2.2485],[45.2017,2.2694],[45.2178,2.3089],[45.2397,2.3157],[45.2668,2.3161],[45.2698,2.34],[45.2906,2.352],[45.3103,2.349],[45.3103,2.3627],[45.3076,2.3756],[45.299,2.425],[45.3254,2.473],[45.3364,2.4725],[45.3597,2.4716],[45.3805,2.4565],[45.4003,2.4327],[45.4079,2.4555],[45.3981,2.4781],[45.4189,2.5261],[45.4223,2.5779],[45.4403,2.6081],[45.4487,2.6296],[45.4481,2.6565],[45.4571,2.7142],[45.4499,2.7591],[45.4488,2.7663],[45.4544,2.8006],[45.4597,2.8176],[45.4679,2.8439],[45.4739,2.8713],[45.4827,2.8941],[45.4998,2.9081],[45.5053,2.9425],[45.5006,2.9713],[45.4792,2.9785],[45.4548,2.9898],[45.4482,3.0126],[45.4759,3.0469],[45.5042,3.0766],[45.5048,3.1095],[45.5103,3.1294],[45.5035,3.1447],[45.4983,3.1672],[45.4992,3.1936],[45.507,3.2135],[45.5075,3.2141],[45.5118,3.2195],[45.6095,3.2268],[45.6086,3.2256],[45.6081,3.225],[45.591,3.1788],[45.5809,3.1118],[45.576,3.0411],[45.5783,2.9749],[45.5849,2.9342],[45.5858,2.8631],[45.5826,2.8092],[45.5807,2.7799],[45.5684,2.7239],[45.5667,2.7158],[45.5602,2.6321],[45.546,2.5497],[45.5377,2.5088],[45.5359,2.4804],[45.5311,2.4573],[45.5032,2.4098],[45.4663,2.3626],[45.4406,2.3276],[45.4244,2.3134],[45.4133,2.3012],[45.3788,2.2776],[45.347,2.2598],[45.3322,2.2506],[45.3242,2.2455],[45.2939,2.2281],[45.2296,2.1869],[45.1895,2.156],[45.1735,2.1486],[45.1566,2.1371],[45.1438,2.1285],[45.1375,2.1187],[45.1265,2.1132],[45.0829,2.0899],[45.0753,2.0573],[45.0163,2.0239],[44.9993,2.0038],[44.9658,1.967],[44.9321,1.9327],[44.9187,1.9217],[44.9094,1.9141],[44.8701,1.8816],[44.8329,1.85],[44.8132,1.8266],[44.7925,1.8021],[44.7893,1.7917],[44.78,1.7611],[44.7686,1.7505],[44.7425,1.7311],[44.7227,1.7129],[44.6851,1.6949],[44.658,1.6751],[44.6258,1.6553],[44.6076,1.64],[44.5888,1.6362],[44.5547,1.6233],[44.5466,1.5982],[44.5328,1.5772],[44.5089,1.5555],[44.4593,1.5517],[44.4086,1.5492],[44.406,1.5504],[44.3444,1.5803],[44.3059,1.5853],[44.2682,1.5902],[44.2066,1.5568],[44.1603,1.5239],[44.1323,1.51],[44.0949,1.4931],[44.079,1.4826],[44.046,1.4611],[43.9959,1.4229],[43.9757,1.4004],[43.9531,1.3823],[43.9353,1.3716],[43.9092,1.349],[43.8919,1.3275],[43.8597,1.2814],[43.834,1.2497],[43.8284,1.2412],[43.8116,1.2158],[43.7904,1.1796],[43.7817,1.1728],[43.7804,1.1692],[43.7726,1.1567],[43.7491,1.1224],[43.7097,1.0932],[43.6839,1.0865],[43.6571,1.0851],[43.629,1.0731],[43.5984,1.0658],[43.572,1.0668],[43.5503,1.0683],[43.5485,1.0684],[43.5256,1.0608],[43.5062,1.0455],[43.4917,1.0318],[43.4802,1.021],[43.4651,1.0029]]],"admin_0_gaul":226,"admin_1_gaul":0,"admin_2_gaul":0,"admin_0_faostat":201},"properties":{"aar_id":"1542","confidence_level":1,"ipc_period":"C","overall_phase":3,"population_min":"363991","population_percentage_min":"0.7","justification":"","prolonged_crisis":false,"population_phase_worse":null,"population_percentage_phase_worse":null,"anl_id":"87143416","admin_type":"polygon","title":"Shabelle Riverine Gravity Irrigation (L Shabelle & M Shabelle)","view_level":"area","hide_settlement_labels":false,"hide_area_labels":false,"hide_area_borders":false,"show_area_popups":true,"color":"#E67800","estimated_population":"519988","phase1_population":129997,"phase1_percent":0.25,"phase1_color":"#CCFFCC","phase2_population":207995,"phase2_percent":0.4,"phase2_color":"#FAE61E","phase3_population":181996,"phase3_percent":0.35,"phase3_color":"#E67800","phase4_population":25999,"phase4_percent":0.05,"phase4_color":"#C80000","phase5_population":0,"phase5_percent":0,"phase5_color":"#640000"}},{"type":"Feature","geometry":{"type":"MultiPolygon","coordinates":[[[[43.0754,1.3278],[43.0743,1.3233],[42.9809,1.4617],[42.9933,1.4679],[43.0002,1.4517],[43.033,1.3905],[43.0754,1.3278]]],[[[44.9321,1.9327],[44.9658,1.967],[44.9993,2.0038],[45.0163,2.0239],[45.0753,2.0573],[45.0829,2.0899],[45.1265,2.1132],[45.1375,2.1187],[45.1438,2.1285],[45.1566,2.1371],[45.1735,2.1486],[45.1895,2.156],[45.2296,2.1869],[45.2939,2.2281],[45.3242,2.2455],[45.3322,2.2506],[45.347,2.2598],[45.3788,2.2776],[45.4133,2.3012],[45.4244,2.3134],[45.4406,2.3276],[45.4663,2.3626],[45.5032,2.4098],[45.5311,2.4573],[45.5359,2.4804],[45.5377,2.5088],[45.546,2.5497],[45.5602,2.6321],[45.5667,2.7158],[45.5684,2.7239],[45.5807,2.7799],[45.5826,2.8092],[45.5858,2.8631],[45.5849,2.9342],[45.5783,2.9749],[45.576,3.0411],[45.5809,3.1118],[45.591,3.1788],[45.6081,3.225],[45.6086,3.2256],[45.633,3.2268],[45.7596,3.2367],[45.8639,3.2449],[45.8784,3.2439],[45.8803,3.2453],[45.911,3.248],[45.9389,3.2496],[45.9305,3.2134],[45.9219,3.1761],[45.9176,3.1503],[45.9043,3.1189],[45.8842,3.096],[45.8705,3.0818],[45.8428,3.0569],[45.8146,3.0276],[45.8024,3.0135],[45.7803,2.9891],[45.7644,2.9716],[45.7528,2.9522],[45.7363,2.9159],[45.7267,2.8917],[45.7108,2.8473],[45.7031,2.8227],[45.7001,2.802],[45.7006,2.7784],[45.7048,2.7602],[45.7143,2.7421],[45.7182,2.7327],[45.7259,2.7145],[45.7389,2.6839],[45.7515,2.6543],[45.7639,2.632],[45.7688,2.6237],[45.7645,2.6002],[45.7549,2.5839],[45.7447,2.5666],[45.7257,2.5371],[45.7064,2.5089],[45.6956,2.4909],[45.6803,2.4535],[45.6663,2.4177],[45.6556,2.384],[45.6521,2.3727],[45.6387,2.3563],[45.625,2.3394],[45.6173,2.3299],[45.6307,2.3241],[45.6547,2.3138],[45.6886,2.3199],[45.7169,2.3249],[45.7486,2.3314],[45.7808,2.3386],[45.7967,2.3421],[45.8154,2.3463],[45.7924,2.3308],[45.7668,2.3163],[45.7346,2.301],[45.7203,2.2936],[45.7132,2.2916],[45.6985,2.2822],[45.6943,2.2784],[45.6813,2.2766],[45.669,2.2737],[45.641,2.2673],[45.6196,2.2625],[45.5966,2.2472],[45.5702,2.2296],[45.5414,2.2135],[45.5237,2.2036],[45.5026,2.1953],[45.484,2.1887],[45.475,2.1856],[45.4573,2.1824],[45.4426,2.1798],[45.4237,2.1729],[45.4112,2.1684],[45.3789,2.1693],[45.3525,2.1747],[45.3455,2.176],[45.3435,2.1755],[45.3295,2.1717],[45.3173,2.1683],[45.3161,2.1527],[45.3169,2.1461],[45.3082,2.1382],[45.2978,2.1298],[45.2879,2.1229],[45.2887,2.1215],[45.2839,2.1038],[45.2618,2.1068],[45.238,2.11],[45.1901,2.1252],[45.1485,2.1033],[45.1443,2.0847],[45.1733,2.0564],[45.213,2.0339],[45.2268,2.0258],[45.2295,2.0191],[45.2296,1.9947],[45.2254,1.9935],[45.107,1.9518],[45.0524,1.9217],[45.038,1.9137],[44.9622,1.8769],[44.9094,1.9141],[44.9187,1.9217],[44.9321,1.9327]]],[[[45.3076,2.3756],[45.3103,2.3627],[45.3103,2.349],[45.2906,2.352],[45.2698,2.34],[45.2668,2.3161],[45.2397,2.3157],[45.2178,2.3089],[45.2017,2.2694],[45.1922,2.2485],[45.1535,2.2144],[45.1178,2.1832],[45.091,2.1677],[45.0461,2.1664],[44.9825,2.1659],[44.9307,2.1533],[44.901,2.1384],[44.8843,2.1102],[44.8273,2.05],[44.8028,2.0181],[44.7951,2.0137],[44.7588,1.9935],[44.7172,1.963],[44.6487,1.9128],[44.6306,1.9335],[44.5927,1.9849],[44.5531,1.9884],[44.4726,2.0213],[44.4363,2.1078],[44.4396,2.1182],[44.4434,2.1301],[44.4577,2.1365],[44.6509,2.2217],[44.6495,2.2351],[44.6437,2.2853],[44.6433,2.2883],[44.6429,2.2923],[44.6423,2.2971],[44.6419,2.3001],[44.6415,2.3031],[44.6413,2.3061],[44.6409,2.3091],[44.6405,2.3121],[44.6403,2.3149],[44.6399,2.3179],[44.6395,2.3209],[44.6393,2.3239],[44.6389,2.3269],[44.6385,2.3299],[44.6383,2.3313],[44.6616,2.3691],[44.6978,2.4279],[44.7382,2.4935],[44.7798,2.5735],[44.8098,2.6337],[44.8365,2.6662],[44.8741,2.712],[44.9378,2.7767],[44.9829,2.8185],[45.0344,2.8323],[45.1409,2.8766],[45.1596,2.8915],[45.2011,2.925],[45.2676,2.9786],[45.2727,3.0408],[45.2742,3.1514],[45.3005,3.1844],[45.3244,3.2055],[45.3449,3.2071],[45.3502,3.2059],[45.4448,3.2134],[45.5075,3.2141],[45.507,3.2135],[45.4992,3.1936],[45.4983,3.1672],[45.5035,3.1447],[45.5103,3.1294],[45.5048,3.1095],[45.5042,3.0766],[45.4759,3.0469],[45.4482,3.0126],[45.4548,2.9898],[45.4792,2.9785],[45.5006,2.9713],[45.5053,2.9425],[45.4998,2.9081],[45.4827,2.8941],[45.4739,2.8713],[45.4679,2.8439],[45.4597,2.8176],[45.4544,2.8006],[45.4488,2.7663],[45.4499,2.7591],[45.4571,2.7142],[45.4481,2.6565],[45.4487,2.6296],[45.4403,2.6081],[45.4223,2.5779],[45.4189,2.5261],[45.3981,2.4781],[45.4079,2.4555],[45.4003,2.4327],[45.3805,2.4565],[45.3597,2.4716],[45.3364,2.4725],[45.3254,2.473],[45.299,2.425],[45.3076,2.3756]]]],"admin_0_gaul":226,"admin_1_gaul":0,"admin_2_gaul":0,"admin_0_faostat":201},"properties":{"aar_id":"1543","confidence_level":2,"ipc_period":"C","overall_phase":3,"population_min":"652136","population_percentage_min":"0.8","justification":"","prolonged_crisis":false,"population_phase_worse":null,"population_percentage_phase_worse":null,"anl_id":"87143416","admin_type":"polygon","title":"Shabelle Sorghum High Potential Agropastoral (M Shabelle and L Shabelle)","view_level":"area","hide_settlement_labels":false,"hide_area_labels":false,"hide_area_borders":false,"show_area_popups":true,"color":"#E67800","estimated_population":"815169","phase1_population":203792,"phase1_percent":0.25,"phase1_color":"#CCFFCC","phase2_population":285309,"phase2_percent":0.35,"phase2_color":"#FAE61E","phase3_population":326068,"phase3_percent":0.4,"phase3_color":"#E67800","phase4_population":81517,"phase4_percent":0.1,"phase4_color":"#C80000","phase5_population":0,"phase5_percent":0,"phase5_color":"#640000"}},{"type":"Feature","geometry":{"type":"MultiPolygon","coordinates":[[[[43.1936,1.1745],[43.1732,1.2007],[43.1698,1.1933],[43.106,1.2825],[43.0754,1.3278],[43.033,1.3905],[43.0002,1.4517],[43.016,1.4793],[43.1519,1.5472],[43.1576,1.5498],[43.3168,1.6208],[43.3422,1.6424],[43.3917,1.6671],[43.4932,1.7175],[43.5539,1.7482],[43.5809,1.7617],[43.5855,1.7635],[43.8809,1.8817],[43.9015,1.8907],[44.4434,2.1301],[44.4396,2.1182],[44.4363,2.1078],[44.4726,2.0213],[44.5531,1.9884],[44.5927,1.9849],[44.6306,1.9335],[44.6487,1.9128],[44.6479,1.9123],[44.6135,1.8857],[44.5802,1.8713],[44.5022,1.8695],[44.4881,1.8475],[44.4696,1.8186],[44.4312,1.7768],[44.3994,1.7422],[44.3721,1.7223],[44.3714,1.7218],[44.3233,1.6893],[44.2788,1.6865],[44.2408,1.6692],[44.2002,1.6478],[44.1628,1.623],[44.1399,1.6078],[44.1136,1.6004],[44.078,1.5828],[44.0545,1.5677],[44.0271,1.5504],[43.9993,1.5365],[43.9932,1.5315],[43.9369,1.4856],[43.9118,1.4531],[43.877,1.4126],[43.857,1.3876],[43.837,1.3665],[43.819,1.334],[43.8125,1.3225],[43.8011,1.316],[43.7918,1.3138],[43.7829,1.3112],[43.7733,1.3106],[43.7604,1.3084],[43.7507,1.2912],[43.7418,1.2786],[43.7196,1.2644],[43.6942,1.2535],[43.6659,1.2414],[43.6363,1.2318],[43.602,1.2231],[43.5885,1.2089],[43.5712,1.1835],[43.5551,1.1683],[43.5314,1.154],[43.5052,1.14],[43.4804,1.1314],[43.4508,1.1228],[43.429,1.1089],[43.4163,1.0947],[43.4139,1.0887],[43.4035,1.0828],[43.3916,1.0705],[43.3773,1.0605],[43.3635,1.0471],[43.353,1.0305],[43.3359,1.0181],[43.3232,1.0036],[43.3104,0.9989],[43.2989,0.9933],[43.2709,1.0317],[43.2611,1.0465],[43.2422,1.0745],[43.2461,1.0809],[43.2123,1.1413],[43.1936,1.1745]]],[[[45.0344,2.8323],[44.9829,2.8185],[44.9378,2.7767],[44.8741,2.712],[44.8365,2.6662],[44.8098,2.6337],[44.7798,2.5735],[44.7382,2.4935],[44.6978,2.4279],[44.6616,2.3691],[44.6383,2.3313],[44.6381,2.3329],[44.6379,2.3359],[44.6375,2.3387],[44.6371,2.3417],[44.6369,2.3447],[44.6365,2.3477],[44.6361,2.3507],[44.6357,2.3537],[44.6355,2.3567],[44.6351,2.3597],[44.6347,2.3625],[44.6343,2.3655],[44.6341,2.3685],[44.6337,2.3715],[44.6333,2.3745],[44.6331,2.3775],[44.6327,2.3805],[44.6323,2.3835],[44.6321,2.3863],[44.6317,2.3893],[44.6313,2.3923],[44.6309,2.3953],[44.6307,2.3983],[44.6303,2.4013],[44.6299,2.4041],[44.6297,2.4071],[44.6293,2.4101],[44.6289,2.4131],[44.6285,2.4161],[44.6283,2.4191],[44.6211,2.4817],[44.6311,2.5499],[44.6507,2.6815],[44.6511,2.6845],[44.6513,2.6865],[44.6609,2.7517],[44.6409,2.8117],[44.6516,2.862],[44.6614,2.8929],[44.689,2.9846],[44.7206,3.0902],[44.7573,3.1831],[44.7824,3.2469],[44.7813,3.2715],[44.8799,3.2647],[45.0711,3.2515],[45.1509,3.2115],[45.2709,3.2015],[45.2971,3.2035],[45.3244,3.2055],[45.3005,3.1844],[45.2742,3.1514],[45.2727,3.0408],[45.2676,2.9786],[45.2011,2.925],[45.1596,2.8915],[45.1409,2.8766],[45.0344,2.8323]]],[[[45.879,3.2469],[45.9403,3.2515],[45.9389,3.2496],[45.911,3.248],[45.8803,3.2453],[45.8802,3.2453],[45.879,3.2469]]],[[[45.9885,3.3939],[45.9897,3.3977],[45.9903,3.3995],[45.9919,3.4043],[45.9925,3.4063],[45.9935,3.4091],[45.9951,3.4139],[45.9963,3.4175],[45.9973,3.4205],[45.9985,3.4243],[45.9995,3.4271],[46.0011,3.4319],[46.0017,3.4337],[46.0023,3.4355],[46.0039,3.4403],[46.0053,3.4441],[46.0067,3.4489],[46.0075,3.4507],[46.0087,3.4545],[46.0097,3.4575],[46.0103,3.4593],[46.0115,3.4631],[46.0125,3.4659],[46.0309,3.4997],[46.0611,3.5315],[46.0911,3.5715],[46.2253,3.7989],[46.2636,3.8203],[46.2629,3.8163],[46.2619,3.8007],[46.2569,3.7883],[46.2469,3.7553],[46.2345,3.7226],[46.22,3.6912],[46.203,3.6587],[46.1971,3.6422],[46.1906,3.6309],[46.1832,3.6152],[46.1764,3.5954],[46.1688,3.5862],[46.1433,3.5462],[46.1188,3.5107],[46.1114,3.5],[46.0894,3.458],[46.0735,3.4246],[46.0599,3.4],[46.039,3.374],[46.0122,3.3466],[45.9923,3.3238],[45.9801,3.3083],[45.9569,3.2744],[45.9418,3.2535],[45.9597,3.3075],[45.9609,3.3113],[45.9859,3.3863],[45.9865,3.3881],[45.9875,3.3911],[45.9885,3.3939]]]],"admin_0_gaul":226,"admin_1_gaul":0,"admin_2_gaul":0,"admin_0_faostat":201},"properties":{"aar_id":"1544","confidence_level":1,"ipc_period":"C","overall_phase":2,"population_min":"19354","population_percentage_min":"0.2","justification":"","prolonged_crisis":false,"population_phase_worse":null,"population_percentage_phase_worse":null,"anl_id":"87143416","admin_type":"polygon","title":"Shabelle Southern Inland Pastoral (M Shabelle and L Shabelle)","view_level":"area","hide_settlement_labels":false,"hide_area_labels":false,"hide_area_borders":false,"show_area_popups":true,"color":"#FAE61E","estimated_population":"96765","phase1_population":58059,"phase1_percent":0.6,"phase1_color":"#CCFFCC","phase2_population":29030,"phase2_percent":0.3,"phase2_color":"#FAE61E","phase3_population":9677,"phase3_percent":0.1,"phase3_color":"#E67800","phase4_population":0,"phase4_percent":0,"phase4_color":"#C80000","phase5_population":0,"phase5_percent":0,"phase5_color":"#640000"}},{"type":"Feature","geometry":{"type":"Polygon","coordinates":[[[43.5256,1.0608],[43.5485,1.0684],[43.5503,1.0683],[43.572,1.0668],[43.5984,1.0658],[43.629,1.0731],[43.6571,1.0851],[43.6839,1.0865],[43.7097,1.0932],[43.7491,1.1224],[43.7726,1.1567],[43.7804,1.1692],[43.7817,1.1728],[43.7904,1.1796],[43.8116,1.2158],[43.8284,1.2412],[43.834,1.2497],[43.8597,1.2814],[43.8919,1.3275],[43.9092,1.349],[43.9353,1.3716],[43.9531,1.3823],[43.9757,1.4004],[43.9959,1.4229],[44.046,1.4611],[44.079,1.4826],[44.0949,1.4931],[44.1323,1.51],[44.1603,1.5239],[44.2066,1.5568],[44.2682,1.5902],[44.3059,1.5853],[44.3444,1.5803],[44.406,1.5504],[44.4086,1.5492],[44.4593,1.5517],[44.5089,1.5555],[44.5328,1.5772],[44.5466,1.5982],[44.5547,1.6233],[44.5888,1.6362],[44.6076,1.64],[44.6258,1.6553],[44.658,1.6751],[44.6851,1.6949],[44.7227,1.7129],[44.7425,1.7311],[44.7686,1.7505],[44.78,1.7611],[44.7893,1.7917],[44.7925,1.8021],[44.8132,1.8266],[44.8329,1.85],[44.8701,1.8816],[44.9094,1.9141],[44.9622,1.8769],[44.9559,1.8739],[44.928,1.8299],[44.912,1.8078],[44.9124,1.808],[44.9046,1.7959],[44.9043,1.7957],[44.8981,1.7927],[44.8953,1.7905],[44.8917,1.7895],[44.8885,1.7869],[44.8855,1.7849],[44.8835,1.7835],[44.8819,1.7823],[44.8793,1.7809],[44.8757,1.7787],[44.8731,1.7765],[44.8697,1.7745],[44.8677,1.7737],[44.8663,1.7725],[44.8655,1.7721],[44.8641,1.7707],[44.8631,1.7699],[44.8595,1.7675],[44.8577,1.7663],[44.8507,1.7617],[44.8489,1.7609],[44.8469,1.7599],[44.8457,1.7595],[44.8451,1.7589],[44.8437,1.7581],[44.8429,1.7581],[44.8421,1.7575],[44.8415,1.7567],[44.8413,1.7563],[44.8403,1.7553],[44.8373,1.7535],[44.8329,1.7505],[44.8287,1.7479],[44.8265,1.7467],[44.8251,1.7459],[44.8247,1.7455],[44.8235,1.7449],[44.8221,1.7441],[44.8213,1.7435],[44.8203,1.7431],[44.8171,1.7413],[44.8155,1.7403],[44.8109,1.7375],[44.8079,1.7357],[44.8067,1.7345],[44.8047,1.7333],[44.8019,1.7313],[44.8013,1.7305],[44.8003,1.7295],[44.7995,1.7293],[44.7985,1.7291],[44.7975,1.7283],[44.7967,1.7275],[44.7953,1.7269],[44.7939,1.7261],[44.7923,1.7251],[44.7911,1.7241],[44.7899,1.7231],[44.7891,1.7223],[44.7881,1.7221],[44.7875,1.7217],[44.7861,1.7209],[44.7855,1.7203],[44.7851,1.7199],[44.7845,1.7197],[44.7839,1.7195],[44.7835,1.7191],[44.7829,1.7187],[44.7813,1.7181],[44.7809,1.7175],[44.7803,1.7173],[44.7797,1.7173],[44.7791,1.7171],[44.7787,1.7169],[44.7781,1.7167],[44.7777,1.7165],[44.7773,1.7161],[44.7769,1.7155],[44.7761,1.7151],[44.7757,1.7147],[44.7749,1.7143],[44.7741,1.7135],[44.7733,1.7131],[44.7727,1.7129],[44.7721,1.7129],[44.7709,1.7125],[44.7705,1.7123],[44.7703,1.7121],[44.7697,1.7123],[44.7695,1.7123],[44.7691,1.7125],[44.7687,1.7129],[44.7681,1.7127],[44.7675,1.7123],[44.7669,1.7117],[44.7663,1.7119],[44.7655,1.7117],[44.7647,1.7115],[44.7641,1.7109],[44.7631,1.7103],[44.7615,1.7087],[44.7599,1.7067],[44.7583,1.7053],[44.7575,1.7045],[44.7569,1.7039],[44.7567,1.7037],[44.7563,1.7029],[44.7547,1.7017],[44.7537,1.7007],[44.7529,1.6995],[44.7499,1.6967],[44.7495,1.6963],[44.7493,1.6963],[44.7491,1.6957],[44.7489,1.6953],[44.7485,1.6949],[44.7483,1.6945],[44.7481,1.6941],[44.7481,1.6935],[44.7483,1.6929],[44.7483,1.6925],[44.7485,1.6923],[44.7487,1.6921],[44.7491,1.6919],[44.7493,1.6915],[44.7491,1.6915],[44.7491,1.6913],[44.7487,1.6909],[44.7485,1.6907],[44.7481,1.6905],[44.7477,1.6901],[44.7477,1.6899],[44.7473,1.6899],[44.7469,1.6897],[44.7465,1.6897],[44.7463,1.6897],[44.7461,1.6895],[44.7459,1.6893],[44.7457,1.6895],[44.7451,1.6899],[44.7447,1.6899],[44.7441,1.6897],[44.7437,1.6897],[44.7437,1.6895],[44.7435,1.6893],[44.7433,1.6893],[44.7421,1.6889],[44.7415,1.6885],[44.7405,1.6879],[44.7393,1.6869],[44.7385,1.6859],[44.7371,1.6847],[44.7361,1.6839],[44.7347,1.6827],[44.7325,1.6821],[44.7315,1.6815],[44.7303,1.6805],[44.7301,1.6799],[44.7297,1.6795],[44.7295,1.6787],[44.7289,1.6781],[44.7281,1.6781],[44.7277,1.6779],[44.7271,1.6773],[44.7261,1.6771],[44.7253,1.6771],[44.7245,1.6771],[44.7237,1.6769],[44.7227,1.6763],[44.7217,1.6755],[44.7211,1.6753],[44.7191,1.6757],[44.7181,1.6757],[44.7175,1.6755],[44.7171,1.6753],[44.7167,1.6753],[44.7163,1.6751],[44.7159,1.6747],[44.7155,1.6749],[44.7137,1.6733],[44.7127,1.6719],[44.7103,1.6701],[44.7081,1.6683],[44.7041,1.6653],[44.7025,1.6639],[44.7013,1.6629],[44.6993,1.6609],[44.6991,1.6607],[44.6981,1.6597],[44.6971,1.6589],[44.6973,1.6573],[44.6969,1.6567],[44.6955,1.6555],[44.6905,1.6523],[44.6873,1.6503],[44.6851,1.6487],[44.6833,1.6483],[44.6827,1.6473],[44.6823,1.6469],[44.6815,1.6463],[44.6805,1.6457],[44.6793,1.6449],[44.6783,1.6443],[44.6777,1.6441],[44.6773,1.6439],[44.6769,1.6437],[44.6763,1.6435],[44.6757,1.6443],[44.6753,1.6443],[44.6749,1.6445],[44.6745,1.6445],[44.6741,1.6445],[44.6737,1.6443],[44.6733,1.6443],[44.6731,1.6445],[44.6729,1.6445],[44.6727,1.6445],[44.6723,1.6445],[44.6721,1.6445],[44.6719,1.6443],[44.6717,1.6441],[44.6715,1.6441],[44.6713,1.6443],[44.6711,1.6445],[44.6707,1.6447],[44.6705,1.6447],[44.6703,1.6447],[44.6701,1.6443],[44.6691,1.6441],[44.6683,1.6433],[44.6671,1.6427],[44.6631,1.6403],[44.6585,1.6365],[44.6569,1.6355],[44.6543,1.6335],[44.6541,1.6333],[44.6539,1.6331],[44.6537,1.6329],[44.6533,1.6327],[44.6531,1.6325],[44.6529,1.6321],[44.6525,1.6319],[44.6521,1.6319],[44.6519,1.6317],[44.6515,1.6315],[44.6511,1.6315],[44.6509,1.6313],[44.6503,1.6309],[44.6481,1.6291],[44.6455,1.6271],[44.6431,1.6253],[44.6401,1.6231],[44.6387,1.6221],[44.6381,1.6219],[44.6377,1.6211],[44.6373,1.6209],[44.6373,1.6207],[44.6369,1.6205],[44.6367,1.6205],[44.6365,1.6203],[44.6365,1.6201],[44.6363,1.6197],[44.6365,1.6195],[44.6365,1.6193],[44.6367,1.6191],[44.6367,1.6189],[44.6367,1.6185],[44.6365,1.6183],[44.6363,1.6179],[44.6363,1.6175],[44.6363,1.6169],[44.6365,1.6165],[44.6363,1.6161],[44.6361,1.6159],[44.6359,1.6155],[44.6357,1.6153],[44.6357,1.6151],[44.6357,1.6149],[44.6353,1.6145],[44.6351,1.6145],[44.6349,1.6143],[44.6347,1.6141],[44.6345,1.6141],[44.6343,1.6137],[44.6339,1.6131],[44.6339,1.6127],[44.6337,1.6123],[44.6335,1.6119],[44.6335,1.6117],[44.6331,1.6115],[44.6331,1.6113],[44.6317,1.6101],[44.6309,1.6095],[44.6301,1.6091],[44.6289,1.6083],[44.6275,1.6071],[44.6261,1.6065],[44.6245,1.6053],[44.6239,1.6045],[44.6235,1.6037],[44.6221,1.6033],[44.6205,1.6025],[44.6193,1.6019],[44.6187,1.6013],[44.6183,1.6011],[44.6181,1.6009],[44.6177,1.6007],[44.6177,1.6005],[44.6173,1.6005],[44.6169,1.6003],[44.6167,1.6003],[44.6165,1.6003],[44.6163,1.6003],[44.6159,1.6005],[44.6155,1.6003],[44.6149,1.6001],[44.6137,1.5995],[44.6129,1.5991],[44.6125,1.5989],[44.6117,1.5987],[44.6115,1.5985],[44.6113,1.5983],[44.6107,1.5983],[44.6103,1.5985],[44.6097,1.5989],[44.6095,1.5993],[44.6093,1.5997],[44.6089,1.5999],[44.6085,1.5997],[44.6083,1.5995],[44.6079,1.5995],[44.6075,1.5995],[44.6073,1.5995],[44.6063,1.5995],[44.6061,1.5995],[44.6053,1.5995],[44.6045,1.5995],[44.6035,1.5995],[44.6027,1.5995],[44.6021,1.5993],[44.6019,1.5991],[44.6015,1.5993],[44.6015,1.5991],[44.6007,1.5987],[44.6005,1.5987],[44.5999,1.5981],[44.5995,1.5977],[44.5989,1.5973],[44.5987,1.5969],[44.5985,1.5963],[44.5981,1.5957],[44.5979,1.5949],[44.5973,1.5943],[44.5973,1.5939],[44.5975,1.5937],[44.5973,1.5935],[44.5969,1.5929],[44.5967,1.5929],[44.5967,1.5927],[44.5959,1.5921],[44.5957,1.5917],[44.5953,1.5915],[44.5947,1.5907],[44.5943,1.5897],[44.5933,1.5873],[44.5929,1.5867],[44.5925,1.5865],[44.5919,1.5861],[44.5915,1.5857],[44.5911,1.5849],[44.5909,1.5845],[44.5907,1.5843],[44.5905,1.5839],[44.5901,1.5837],[44.5899,1.5835],[44.5895,1.5831],[44.5891,1.5829],[44.5887,1.5825],[44.5881,1.5821],[44.5873,1.5815],[44.5867,1.5809],[44.5859,1.5803],[44.5853,1.5799],[44.5849,1.5795],[44.5843,1.5793],[44.5839,1.5789],[44.5835,1.5785],[44.5831,1.5781],[44.5829,1.5779],[44.5825,1.5777],[44.5819,1.5773],[44.5811,1.5769],[44.5803,1.5769],[44.5795,1.5769],[44.5789,1.5765],[44.5783,1.5761],[44.5779,1.5757],[44.5777,1.5757],[44.5773,1.5753],[44.5771,1.5751],[44.5767,1.5749],[44.5763,1.5745],[44.5759,1.5741],[44.5755,1.5737],[44.5753,1.5735],[44.5745,1.5729],[44.5729,1.5717],[44.5711,1.5701],[44.5699,1.5691],[44.5691,1.5685],[44.5687,1.5683],[44.5685,1.5679],[44.5679,1.5677],[44.5673,1.5673],[44.5665,1.5665],[44.5661,1.5663],[44.5659,1.5661],[44.5657,1.5661],[44.5649,1.5651],[44.5621,1.5629],[44.5603,1.5619],[44.5575,1.5601],[44.5557,1.5579],[44.5533,1.5555],[44.5513,1.5541],[44.5489,1.5535],[44.5463,1.5515],[44.5447,1.5501],[44.5419,1.5479],[44.5397,1.5475],[44.5383,1.5467],[44.5363,1.5451],[44.5345,1.5433],[44.5331,1.5413],[44.5321,1.5399],[44.5319,1.5395],[44.5311,1.5385],[44.5305,1.5385],[44.5293,1.5371],[44.5281,1.5365],[44.5279,1.5353],[44.5271,1.5345],[44.5261,1.5337],[44.5263,1.5345],[44.5249,1.5345],[44.5237,1.5335],[44.5199,1.5303],[44.5167,1.5273],[44.5141,1.5249],[44.5137,1.5245],[44.5113,1.5231],[44.5091,1.5221],[44.5061,1.5201],[44.5045,1.5191],[44.5015,1.5165],[44.4999,1.5157],[44.4979,1.5147],[44.4961,1.5129],[44.4957,1.5125],[44.4953,1.5125],[44.4907,1.5075],[44.4893,1.5059],[44.4857,1.5021],[44.4795,1.4973],[44.4785,1.4965],[44.4759,1.4945],[44.4717,1.4913],[44.4663,1.4871],[44.4645,1.4863],[44.4623,1.4849],[44.4611,1.4833],[44.4575,1.4803],[44.4551,1.4779],[44.4529,1.4761],[44.4487,1.4725],[44.4471,1.4711],[44.4439,1.4687],[44.4407,1.4665],[44.4359,1.4633],[44.4335,1.4607],[44.4293,1.4579],[44.4263,1.4553],[44.4221,1.4521],[44.4203,1.4507],[44.4187,1.4493],[44.4171,1.4485],[44.4133,1.4461],[44.4091,1.4429],[44.4047,1.4395],[44.4021,1.4381],[44.4001,1.4369],[44.3975,1.4349],[44.3961,1.4341],[44.3945,1.4327],[44.3943,1.4325],[44.3799,1.4217],[44.3771,1.4197],[44.3757,1.4191],[44.3749,1.4183],[44.3729,1.4165],[44.3719,1.4157],[44.3713,1.4159],[44.3709,1.4157],[44.3711,1.4147],[44.3705,1.4137],[44.3699,1.4133],[44.3677,1.4117],[44.3669,1.4115],[44.3655,1.4091],[44.3637,1.4073],[44.3633,1.4061],[44.3627,1.4051],[44.3609,1.4043],[44.3501,1.3987],[44.3483,1.3975],[44.3461,1.3957],[44.3455,1.3951],[44.3305,1.3835],[44.3271,1.3807],[44.3255,1.3795],[44.3247,1.3787],[44.3237,1.3779],[44.3203,1.3753],[44.3185,1.3737],[44.3167,1.3719],[44.3141,1.3689],[44.3123,1.3671],[44.3103,1.3651],[44.3085,1.3631],[44.3083,1.3619],[44.3061,1.3589],[44.3063,1.3579],[44.3067,1.3573],[44.3057,1.3559],[44.3053,1.3555],[44.3049,1.3549],[44.3049,1.3539],[44.3043,1.3535],[44.3041,1.3535],[44.3025,1.3509],[44.3015,1.3503],[44.3013,1.3501],[44.3007,1.3503],[44.2993,1.3499],[44.2983,1.3505],[44.2981,1.3515],[44.2969,1.3515],[44.2959,1.3509],[44.2941,1.3493],[44.2921,1.3479],[44.2887,1.3449],[44.2855,1.3421],[44.2841,1.3409],[44.2819,1.3391],[44.2791,1.3367],[44.2761,1.3341],[44.2737,1.3317],[44.2711,1.3295],[44.2695,1.3279],[44.2677,1.3269],[44.2647,1.3243],[44.2615,1.3213],[44.2591,1.3191],[44.2563,1.3169],[44.2539,1.3147],[44.2525,1.3135],[44.2513,1.3125],[44.2479,1.3095],[44.2455,1.3075],[44.2445,1.3069],[44.2427,1.3051],[44.2419,1.3041],[44.2409,1.3037],[44.2397,1.3021],[44.2379,1.3005],[44.2365,1.2995],[44.2359,1.2993],[44.2353,1.2989],[44.2341,1.2977],[44.2329,1.2969],[44.2311,1.2951],[44.2301,1.2945],[44.2289,1.2937],[44.2281,1.2935],[44.2271,1.2925],[44.2263,1.2913],[44.2253,1.2907],[44.2237,1.2889],[44.2223,1.2867],[44.2211,1.2859],[44.2195,1.2839],[44.2189,1.2823],[44.2183,1.2821],[44.2177,1.2815],[44.2171,1.2807],[44.2163,1.2797],[44.2157,1.2787],[44.2153,1.2775],[44.2153,1.2759],[44.2163,1.2751],[44.2169,1.2747],[44.2159,1.2737],[44.2149,1.2741],[44.2131,1.2713],[44.2127,1.2703],[44.2107,1.2695],[44.2097,1.2685],[44.2087,1.2677],[44.2081,1.2663],[44.2071,1.2651],[44.2061,1.2631],[44.2045,1.2635],[44.2037,1.2633],[44.2023,1.2629],[44.2013,1.2623],[44.1997,1.2615],[44.1979,1.2605],[44.1965,1.2597],[44.1947,1.2585],[44.1925,1.2567],[44.1905,1.2555],[44.1869,1.2529],[44.1821,1.2499],[44.1819,1.2497],[44.1863,1.2467],[44.1862,1.2467],[44.1855,1.2463],[44.1747,1.2387],[44.1746,1.2386],[44.168,1.2339],[44.1525,1.2184],[44.1457,1.2117],[44.1439,1.2099],[44.1357,1.2017],[44.1351,1.2001],[44.1343,1.1977],[44.1326,1.1926],[44.1342,1.1852],[44.1349,1.1821],[44.1342,1.1807],[44.1336,1.1794],[44.1327,1.1777],[44.1308,1.1778],[44.1205,1.1783],[44.1204,1.1782],[44.1194,1.1777],[44.1097,1.1725],[44.0622,1.1356],[44.0511,1.1269],[44.0492,1.1249],[44.0487,1.1243],[44.0371,1.1117],[44.0219,1.0849],[44.0197,1.084],[44.018,1.0833],[44.0175,1.0834],[44.0117,1.0841],[44.0049,1.0803],[43.992,1.0704],[43.9785,1.0599],[43.9606,1.0487],[43.9567,1.0451],[43.9461,1.0356],[43.9379,1.0283],[43.9371,1.0275],[43.9368,1.0253],[43.9365,1.0225],[43.9419,1.0169],[43.9422,1.0165],[43.9392,1.0134],[43.9383,1.0125],[43.9253,1.0131],[43.9247,1.0131],[43.9232,1.0123],[43.9172,1.0089],[43.8991,0.9933],[43.8984,0.9928],[43.8719,0.9743],[43.8711,0.9737],[43.8678,0.9719],[43.8465,0.9601],[43.8383,0.9516],[43.8319,0.9451],[43.8255,0.9415],[43.8118,0.9278],[43.8109,0.9269],[43.8051,0.9242],[43.797,0.9205],[43.788,0.9134],[43.7819,0.9087],[43.779,0.9058],[43.7716,0.8985],[43.7605,0.8875],[43.7603,0.8873],[43.7602,0.8872],[43.7517,0.8719],[43.746,0.8659],[43.7146,0.8416],[43.7072,0.8372],[43.6899,0.8267],[43.6779,0.8171],[43.6627,0.8049],[43.6553,0.7989],[43.6514,0.7953],[43.6223,0.7683],[43.5883,0.7339],[43.5855,0.7315],[43.5588,0.7089],[43.5582,0.7084],[43.5567,0.7068],[43.5475,0.6971],[43.5325,0.6859],[43.5295,0.6832],[43.5208,0.6756],[43.5203,0.6761],[43.3869,0.8698],[43.3997,0.8957],[43.4094,0.92],[43.414,0.9336],[43.4356,0.9614],[43.4473,0.9804],[43.4651,1.0029],[43.4802,1.021],[43.4917,1.0318],[43.5062,1.0455],[43.5256,1.0608]],[[44.4953,1.5125],[44.4737,1.5089],[44.4311,1.5017],[44.4953,1.5125]]],"admin_0_gaul":226,"admin_1_gaul":0,"admin_2_gaul":0,"admin_0_faostat":201},"properties":{"aar_id":"1545","confidence_level":1,"ipc_period":"C","overall_phase":2,"population_min":"19432","population_percentage_min":"0.3","justification":"","prolonged_crisis":false,"population_phase_worse":null,"population_percentage_phase_worse":null,"anl_id":"87143416","admin_type":"polygon","title":"Shabelle Southern Rainfed (L Shabelle)","view_level":"area","hide_settlement_labels":false,"hide_area_labels":false,"hide_area_borders":false,"show_area_popups":true,"color":"#FAE61E","estimated_population":"64773","phase1_population":32387,"phase1_percent":0.5,"phase1_color":"#CCFFCC","phase2_population":22671,"phase2_percent":0.35,"phase2_color":"#FAE61E","phase3_population":9716,"phase3_percent":0.15,"phase3_color":"#E67800","phase4_population":0,"phase4_percent":0,"phase4_color":"#C80000","phase5_population":0,"phase5_percent":0,"phase5_color":"#640000"}},{"type":"Feature","geometry":{"type":"Point","coordinates":[47.5332,9.1985],"admin_0_gaul":226,"admin_1_gaul":0,"admin_2_gaul":0,"admin_0_faostat":201},"properties":{"aar_id":"1546","confidence_level":1,"ipc_period":"C","overall_phase":2,"population_min":"7282","population_percentage_min":"0.2","justification":"","prolonged_crisis":false,"population_phase_worse":null,"population_percentage_phase_worse":null,"anl_id":"87143416","admin_type":"urb","title":"Sool Urban (Caynabo, Taleex and Xudun)","view_level":"area","hide_settlement_labels":false,"hide_area_labels":false,"hide_area_borders":false,"show_area_popups":true,"color":"#FAE61E","estimated_population":"36411","phase1_population":10923,"phase1_percent":0.3,"phase1_color":"#CCFFCC","phase2_population":21847,"phase2_percent":0.6,"phase2_color":"#FAE61E","phase3_population":3641,"phase3_percent":0.1,"phase3_color":"#E67800","phase4_population":0,"phase4_percent":0,"phase4_color":"#C80000","phase5_population":0,"phase5_percent":0,"phase5_color":"#640000"}},{"type":"Feature","geometry":{"type":"Point","coordinates":[47.6364,8.4382],"admin_0_gaul":226,"admin_1_gaul":0,"admin_2_gaul":0,"admin_0_faostat":201},"properties":{"aar_id":"1549","confidence_level":1,"ipc_period":"C","overall_phase":2,"population_min":"3758","population_percentage_min":"0.1","justification":"","prolonged_crisis":false,"population_phase_worse":null,"population_percentage_phase_worse":null,"anl_id":"87143416","admin_type":"urb","title":"Sool Urban (Laas Caanood)","view_level":"area","hide_settlement_labels":false,"hide_area_labels":false,"hide_area_borders":false,"show_area_popups":true,"color":"#FAE61E","estimated_population":"37578","phase1_population":20668,"phase1_percent":0.55,"phase1_color":"#CCFFCC","phase2_population":15031,"phase2_percent":0.4,"phase2_color":"#FAE61E","phase3_population":1879,"phase3_percent":0.05,"phase3_color":"#E67800","phase4_population":0,"phase4_percent":0,"phase4_color":"#C80000","phase5_population":0,"phase5_percent":0,"phase5_color":"#640000"}},{"type":"Feature","geometry":{"type":"Point","coordinates":[47.5332,9.1985],"admin_0_gaul":226,"admin_1_gaul":0,"admin_2_gaul":51346,"admin_0_faostat":201},"properties":{"aar_id":"1547","confidence_level":1,"ipc_period":"C","overall_phase":3,"population_min":"14620","population_percentage_min":"0.5","justification":"","prolonged_crisis":false,"population_phase_worse":null,"population_percentage_phase_worse":null,"anl_id":"87143416","admin_type":"idp","title":"Sool Urban IDPs (Caynabo, Taleex and Xudun)","view_level":"area","hide_settlement_labels":false,"hide_area_labels":false,"hide_area_borders":false,"show_area_popups":true,"color":"#E67800","estimated_population":"29240","phase1_population":5848,"phase1_percent":0.2,"phase1_color":"#CCFFCC","phase2_population":16082,"phase2_percent":0.55,"phase2_color":"#FAE61E","phase3_population":7310,"phase3_percent":0.25,"phase3_color":"#E67800","phase4_population":0,"phase4_percent":0,"phase4_color":"#C80000","phase5_population":0,"phase5_percent":0,"phase5_color":"#640000"}},{"type":"Feature","geometry":{"type":"Point","coordinates":[47.6364,8.4382],"admin_0_gaul":226,"admin_1_gaul":0,"admin_2_gaul":0,"admin_0_faostat":201},"properties":{"aar_id":"1548","confidence_level":1,"ipc_period":"C","overall_phase":3,"population_min":"3598","population_percentage_min":"0.5","justification":"","prolonged_crisis":false,"population_phase_worse":null,"population_percentage_phase_worse":null,"anl_id":"87143416","admin_type":"idp","title":"Sool Urban IDPs (Laas Caanood)","view_level":"area","hide_settlement_labels":false,"hide_area_labels":false,"hide_area_borders":false,"show_area_popups":true,"color":"#E67800","estimated_population":"7197","phase1_population":1080,"phase1_percent":0.15,"phase1_color":"#CCFFCC","phase2_population":4318,"phase2_percent":0.6,"phase2_color":"#FAE61E","phase3_population":1799,"phase3_percent":0.25,"phase3_color":"#E67800","phase4_population":360,"phase4_percent":0.05,"phase4_color":"#C80000","phase5_population":0,"phase5_percent":0,"phase5_color":"#640000"}},{"type":"Feature","geometry":{"type":"Point","coordinates":[45.7585,9.1416],"admin_0_gaul":226,"admin_1_gaul":0,"admin_2_gaul":0,"admin_0_faostat":201},"properties":{"aar_id":"1550","confidence_level":1,"ipc_period":"C","overall_phase":2,"population_min":"3490","population_percentage_min":"0.1","justification":"","prolonged_crisis":false,"population_phase_worse":null,"population_percentage_phase_worse":null,"anl_id":"87143416","admin_type":"urb","title":"Togdheer Urban (Burco)","view_level":"area","hide_settlement_labels":false,"hide_area_labels":false,"hide_area_borders":false,"show_area_popups":true,"color":"#FAE61E","estimated_population":"34895","phase1_population":19192,"phase1_percent":0.55,"phase1_color":"#CCFFCC","phase2_population":13958,"phase2_percent":0.4,"phase2_color":"#FAE61E","phase3_population":1745,"phase3_percent":0.05,"phase3_color":"#E67800","phase4_population":0,"phase4_percent":0,"phase4_color":"#C80000","phase5_population":0,"phase5_percent":0,"phase5_color":"#640000"}},{"type":"Feature","geometry":{"type":"Point","coordinates":[45.697,9.08],"admin_0_gaul":226,"admin_1_gaul":0,"admin_2_gaul":0,"admin_0_faostat":201},"properties":{"aar_id":"1551","confidence_level":1,"ipc_period":"C","overall_phase":2,"population_min":"2568","population_percentage_min":"0.1","justification":"","prolonged_crisis":false,"population_phase_worse":null,"population_percentage_phase_worse":null,"anl_id":"87143416","admin_type":"urb","title":"Togdheer Urban (Buuhoodle, Owdweyne and Sheikh)","view_level":"area","hide_settlement_labels":false,"hide_area_labels":false,"hide_area_borders":false,"show_area_popups":true,"color":"#FAE61E","estimated_population":"25671","phase1_population":14119,"phase1_percent":0.55,"phase1_color":"#CCFFCC","phase2_population":10268,"phase2_percent":0.4,"phase2_color":"#FAE61E","phase3_population":1284,"phase3_percent":0.05,"phase3_color":"#E67800","phase4_population":0,"phase4_percent":0,"phase4_color":"#C80000","phase5_population":0,"phase5_percent":0,"phase5_color":"#640000"}},{"type":"Feature","geometry":{"type":"Point","coordinates":[45.7585,9.1416],"admin_0_gaul":226,"admin_1_gaul":0,"admin_2_gaul":0,"admin_0_faostat":201},"properties":{"aar_id":"1552","confidence_level":1,"ipc_period":"C","overall_phase":3,"population_min":"58972","population_percentage_min":"0.6","justification":"","prolonged_crisis":false,"population_phase_worse":null,"population_percentage_phase_worse":null,"anl_id":"87143416","admin_type":"idp","title":"Togdheer Urban IDPs (Burco)","view_level":"area","hide_settlement_labels":false,"hide_area_labels":false,"hide_area_borders":false,"show_area_popups":true,"color":"#E67800","estimated_population":"98287","phase1_population":19657,"phase1_percent":0.2,"phase1_color":"#CCFFCC","phase2_population":49144,"phase2_percent":0.5,"phase2_color":"#FAE61E","phase3_population":29486,"phase3_percent":0.3,"phase3_color":"#E67800","phase4_population":9829,"phase4_percent":0.1,"phase4_color":"#C80000","phase5_population":0,"phase5_percent":0,"phase5_color":"#640000"}},{"type":"Feature","geometry":{"type":"Point","coordinates":[45.7496,8.9008],"admin_0_gaul":226,"admin_1_gaul":51329,"admin_2_gaul":0,"admin_0_faostat":201},"properties":{"aar_id":"1553","confidence_level":1,"ipc_period":"C","overall_phase":3,"population_min":"10378","population_percentage_min":"0.6","justification":"","prolonged_crisis":false,"population_phase_worse":null,"population_percentage_phase_worse":null,"anl_id":"87143416","admin_type":"idp","title":"Togdheer Urban IDPs (Buuhoodle and Owdweyne)","view_level":"area","hide_settlement_labels":false,"hide_area_labels":false,"hide_area_borders":false,"show_area_popups":true,"color":"#E67800","estimated_population":"17295","phase1_population":3459,"phase1_percent":0.2,"phase1_color":"#CCFFCC","phase2_population":8648,"phase2_percent":0.5,"phase2_color":"#FAE61E","phase3_population":5189,"phase3_percent":0.3,"phase3_color":"#E67800","phase4_population":1730,"phase4_percent":0.1,"phase4_color":"#C80000","phase5_population":0,"phase5_percent":0,"phase5_color":"#640000"}},{"type":"Feature","geometry":{"type":"Point","coordinates":[44.8138,10.2125],"admin_0_gaul":226,"admin_1_gaul":0,"admin_2_gaul":0,"admin_0_faostat":201},"properties":{"aar_id":"1554","confidence_level":1,"ipc_period":"C","overall_phase":2,"population_min":"5888","population_percentage_min":"0.1","justification":"","prolonged_crisis":false,"population_phase_worse":null,"population_percentage_phase_worse":null,"anl_id":"87143416","admin_type":"urb","title":"Woqooyi Galbeed Urban (Berbera and Gebiley)","view_level":"area","hide_settlement_labels":false,"hide_area_labels":false,"hide_area_borders":false,"show_area_popups":true,"color":"#FAE61E","estimated_population":"58872","phase1_population":23549,"phase1_percent":0.4,"phase1_color":"#CCFFCC","phase2_population":32380,"phase2_percent":0.55,"phase2_color":"#FAE61E","phase3_population":2944,"phase3_percent":0.05,"phase3_color":"#E67800","phase4_population":0,"phase4_percent":0,"phase4_color":"#C80000","phase5_population":0,"phase5_percent":0,"phase5_color":"#640000"}},{"type":"Feature","geometry":{"type":"Point","coordinates":[44.2807,9.5217],"admin_0_gaul":226,"admin_1_gaul":0,"admin_2_gaul":0,"admin_0_faostat":201},"properties":{"aar_id":"1555","confidence_level":1,"ipc_period":"C","overall_phase":2,"population_min":"13224","population_percentage_min":"0.1","justification":"","prolonged_crisis":false,"population_phase_worse":null,"population_percentage_phase_worse":null,"anl_id":"87143416","admin_type":"urb","title":"Woqooyi Galbeed Urban (Hargeysa)","view_level":"area","hide_settlement_labels":false,"hide_area_labels":false,"hide_area_borders":false,"show_area_popups":true,"color":"#FAE61E","estimated_population":"132237","phase1_population":52895,"phase1_percent":0.4,"phase1_color":"#CCFFCC","phase2_population":72730,"phase2_percent":0.55,"phase2_color":"#FAE61E","phase3_population":6612,"phase3_percent":0.05,"phase3_color":"#E67800","phase4_population":0,"phase4_percent":0,"phase4_color":"#C80000","phase5_population":0,"phase5_percent":0,"phase5_color":"#640000"}},{"type":"Feature","geometry":{"type":"Point","coordinates":[44.8138,10.2125],"admin_0_gaul":226,"admin_1_gaul":51329,"admin_2_gaul":0,"admin_0_faostat":201},"properties":{"aar_id":"1556","confidence_level":1,"ipc_period":"C","overall_phase":3,"population_min":"1996","population_percentage_min":"0.5","justification":"","prolonged_crisis":false,"population_phase_worse":null,"population_percentage_phase_worse":null,"anl_id":"87143416","admin_type":"idp","title":"Woqooyi Galbeed Urban IDPs (Berbera and Gebiley)","view_level":"area","hide_settlement_labels":false,"hide_area_labels":false,"hide_area_borders":false,"show_area_popups":true,"color":"#E67800","estimated_population":"3990","phase1_population":998,"phase1_percent":0.25,"phase1_color":"#CCFFCC","phase2_population":1995,"phase2_percent":0.5,"phase2_color":"#FAE61E","phase3_population":998,"phase3_percent":0.25,"phase3_color":"#E67800","phase4_population":399,"phase4_percent":0.1,"phase4_color":"#C80000","phase5_population":0,"phase5_percent":0,"phase5_color":"#640000"}},{"type":"Feature","geometry":{"type":"Point","coordinates":[44.2807,9.5217],"admin_0_gaul":226,"admin_1_gaul":51331,"admin_2_gaul":51348,"admin_0_faostat":201},"properties":{"aar_id":"1557","confidence_level":2,"ipc_period":"C","overall_phase":3,"population_min":"73484","population_percentage_min":"0.6","justification":"","prolonged_crisis":false,"population_phase_worse":null,"population_percentage_phase_worse":null,"anl_id":"87143416","admin_type":"idp","title":"Woqooyi Galbeed Urban IDPs (Hargeysa)","view_level":"area","hide_settlement_labels":false,"hide_area_labels":false,"hide_area_borders":false,"show_area_popups":true,"color":"#E67800","estimated_population":"122473","phase1_population":24495,"phase1_percent":0.2,"phase1_color":"#CCFFCC","phase2_population":61237,"phase2_percent":0.5,"phase2_color":"#FAE61E","phase3_population":36742,"phase3_percent":0.3,"phase3_color":"#E67800","phase4_population":12247,"phase4_percent":0.1,"phase4_color":"#C80000","phase5_population":0,"phase5_percent":0,"phase5_color":"#640000"}}]}