Date of analysis,Country,Total country population,Level 1,Validity period,From,To,Phase,Number,Percentage
Jan 2026,SOM,19442156,Bakool,current,2026-01-01,2026-01-31,all,564958,1.0
Jan 2026,SOM,19442156,Bakool,current,2026-01-01,2026-01-31,3+,134811,0.24
Jan 2026,SOM,19442156,Bakool,current,2026-01-01,2026-01-31,1,209492,0.37
Jan 2026,SOM,19442156,Bakool,current,2026-01-01,2026-01-31,2,220655,0.39
Jan 2026,SOM,19442156,Bakool,current,2026-01-01,2026-01-31,3,106317,0.19
Jan 2026,SOM,19442156,Bakool,current,2026-01-01,2026-01-31,4,28493,0.05
Jan 2026,SOM,19442156,Bakool,current,2026-01-01,2026-01-31,5,0,0
Jan 2026,SOM,19442156,Bakool,first projection,2026-02-01,2026-03-31,all,564958,1.0
Jan 2026,SOM,19442156,Bakool,first projection,2026-02-01,2026-03-31,3+,178898,0.31
Jan 2026,SOM,19442156,Bakool,first projection,2026-02-01,2026-03-31,1,163780,0.29
Jan 2026,SOM,19442156,Bakool,first projection,2026-02-01,2026-03-31,2,222280,0.39
Jan 2026,SOM,19442156,Bakool,first projection,2026-02-01,2026-03-31,3,121016,0.21
Jan 2026,SOM,19442156,Bakool,first projection,2026-02-01,2026-03-31,4,57882,0.1
Jan 2026,SOM,19442156,Bakool,first projection,2026-02-01,2026-03-31,5,0,0
Jan 2026,SOM,19442156,Bakool,second projection,2026-04-01,2026-06-30,all,564958,1.0
Jan 2026,SOM,19442156,Bakool,second projection,2026-04-01,2026-06-30,3+,140176,0.25
Jan 2026,SOM,19442156,Bakool,second projection,2026-04-01,2026-06-30,1,199615,0.35
Jan 2026,SOM,19442156,Bakool,second projection,2026-04-01,2026-06-30,2,225166,0.4
Jan 2026,SOM,19442156,Bakool,second projection,2026-04-01,2026-06-30,3,99005,0.18
Jan 2026,SOM,19442156,Bakool,second projection,2026-04-01,2026-06-30,4,41172,0.07
Jan 2026,SOM,19442156,Bakool,second projection,2026-04-01,2026-06-30,5,0,0
Jan 2026,SOM,19442156,Middle Shabelle,current,2026-01-01,2026-01-31,all,1053608,1.0
Jan 2026,SOM,19442156,Middle Shabelle,current,2026-01-01,2026-01-31,3+,267958,0.25
Jan 2026,SOM,19442156,Middle Shabelle,current,2026-01-01,2026-01-31,1,403121,0.38
Jan 2026,SOM,19442156,Middle Shabelle,current,2026-01-01,2026-01-31,2,382529,0.36
Jan 2026,SOM,19442156,Middle Shabelle,current,2026-01-01,2026-01-31,3,213001,0.2
Jan 2026,SOM,19442156,Middle Shabelle,current,2026-01-01,2026-01-31,4,54957,0.05
Jan 2026,SOM,19442156,Middle Shabelle,current,2026-01-01,2026-01-31,5,0,0
Jan 2026,SOM,19442156,Middle Shabelle,first projection,2026-02-01,2026-03-31,all,1053608,1.0
Jan 2026,SOM,19442156,Middle Shabelle,first projection,2026-02-01,2026-03-31,3+,361307,0.34
Jan 2026,SOM,19442156,Middle Shabelle,first projection,2026-02-01,2026-03-31,1,263822,0.25
Jan 2026,SOM,19442156,Middle Shabelle,first projection,2026-02-01,2026-03-31,2,428479,0.41
Jan 2026,SOM,19442156,Middle Shabelle,first projection,2026-02-01,2026-03-31,3,261613,0.25
Jan 2026,SOM,19442156,Middle Shabelle,first projection,2026-02-01,2026-03-31,4,99695,0.09
Jan 2026,SOM,19442156,Middle Shabelle,first projection,2026-02-01,2026-03-31,5,0,0
Jan 2026,SOM,19442156,Middle Shabelle,second projection,2026-04-01,2026-06-30,all,1053608,1.0
Jan 2026,SOM,19442156,Middle Shabelle,second projection,2026-04-01,2026-06-30,3+,288672,0.28
Jan 2026,SOM,19442156,Middle Shabelle,second projection,2026-04-01,2026-06-30,1,351673,0.33
Jan 2026,SOM,19442156,Middle Shabelle,second projection,2026-04-01,2026-06-30,2,413263,0.39
Jan 2026,SOM,19442156,Middle Shabelle,second projection,2026-04-01,2026-06-30,3,216204,0.21
Jan 2026,SOM,19442156,Middle Shabelle,second projection,2026-04-01,2026-06-30,4,72468,0.07
Jan 2026,SOM,19442156,Middle Shabelle,second projection,2026-04-01,2026-06-30,5,0,0
Jan 2026,SOM,19442156,Lower Juba,current,2026-01-01,2026-01-31,all,1204269,1.0
Jan 2026,SOM,19442156,Lower Juba,current,2026-01-01,2026-01-31,3+,225197,0.19
Jan 2026,SOM,19442156,Lower Juba,current,2026-01-01,2026-01-31,1,599773,0.5
Jan 2026,SOM,19442156,Lower Juba,current,2026-01-01,2026-01-31,2,379299,0.31
Jan 2026,SOM,19442156,Lower Juba,current,2026-01-01,2026-01-31,3,180821,0.15
Jan 2026,SOM,19442156,Lower Juba,current,2026-01-01,2026-01-31,4,44376,0.04
Jan 2026,SOM,19442156,Lower Juba,current,2026-01-01,2026-01-31,5,0,0
Jan 2026,SOM,19442156,Lower Juba,first projection,2026-02-01,2026-03-31,all,1204269,1.0
Jan 2026,SOM,19442156,Lower Juba,first projection,2026-02-01,2026-03-31,3+,334595,0.28
Jan 2026,SOM,19442156,Lower Juba,first projection,2026-02-01,2026-03-31,1,435584,0.36
Jan 2026,SOM,19442156,Lower Juba,first projection,2026-02-01,2026-03-31,2,434089,0.36
Jan 2026,SOM,19442156,Lower Juba,first projection,2026-02-01,2026-03-31,3,236424,0.2
Jan 2026,SOM,19442156,Lower Juba,first projection,2026-02-01,2026-03-31,4,98171,0.08
Jan 2026,SOM,19442156,Lower Juba,first projection,2026-02-01,2026-03-31,5,0,0
Jan 2026,SOM,19442156,Lower Juba,second projection,2026-04-01,2026-06-30,all,1204269,1.0
Jan 2026,SOM,19442156,Lower Juba,second projection,2026-04-01,2026-06-30,3+,260030,0.21
Jan 2026,SOM,19442156,Lower Juba,second projection,2026-04-01,2026-06-30,1,519603,0.43
Jan 2026,SOM,19442156,Lower Juba,second projection,2026-04-01,2026-06-30,2,424635,0.35
Jan 2026,SOM,19442156,Lower Juba,second projection,2026-04-01,2026-06-30,3,209476,0.17
Jan 2026,SOM,19442156,Lower Juba,second projection,2026-04-01,2026-06-30,4,50554,0.04
Jan 2026,SOM,19442156,Lower Juba,second projection,2026-04-01,2026-06-30,5,0,0
Jan 2026,SOM,19442156,Togdheer,current,2026-01-01,2026-01-31,all,894874,1.0
Jan 2026,SOM,19442156,Togdheer,current,2026-01-01,2026-01-31,3+,154184,0.17
Jan 2026,SOM,19442156,Togdheer,current,2026-01-01,2026-01-31,1,324807,0.36
Jan 2026,SOM,19442156,Togdheer,current,2026-01-01,2026-01-31,2,415883,0.46
Jan 2026,SOM,19442156,Togdheer,current,2026-01-01,2026-01-31,3,120277,0.13
Jan 2026,SOM,19442156,Togdheer,current,2026-01-01,2026-01-31,4,33907,0.04
Jan 2026,SOM,19442156,Togdheer,current,2026-01-01,2026-01-31,5,0,0
Jan 2026,SOM,19442156,Togdheer,first projection,2026-02-01,2026-03-31,all,894874,1.0
Jan 2026,SOM,19442156,Togdheer,first projection,2026-02-01,2026-03-31,3+,236212,0.26
Jan 2026,SOM,19442156,Togdheer,first projection,2026-02-01,2026-03-31,1,207588,0.23
Jan 2026,SOM,19442156,Togdheer,first projection,2026-02-01,2026-03-31,2,451074,0.5
Jan 2026,SOM,19442156,Togdheer,first projection,2026-02-01,2026-03-31,3,171173,0.19
Jan 2026,SOM,19442156,Togdheer,first projection,2026-02-01,2026-03-31,4,65039,0.07
Jan 2026,SOM,19442156,Togdheer,first projection,2026-02-01,2026-03-31,5,0,0
Jan 2026,SOM,19442156,Togdheer,second projection,2026-04-01,2026-06-30,all,894874,1.0
Jan 2026,SOM,19442156,Togdheer,second projection,2026-04-01,2026-06-30,3+,173640,0.19
Jan 2026,SOM,19442156,Togdheer,second projection,2026-04-01,2026-06-30,1,292544,0.33
Jan 2026,SOM,19442156,Togdheer,second projection,2026-04-01,2026-06-30,2,428690,0.48
Jan 2026,SOM,19442156,Togdheer,second projection,2026-04-01,2026-06-30,3,133954,0.15
Jan 2026,SOM,19442156,Togdheer,second projection,2026-04-01,2026-06-30,4,39686,0.04
Jan 2026,SOM,19442156,Togdheer,second projection,2026-04-01,2026-06-30,5,0,0
Jan 2026,SOM,19442156,Gedo,current,2026-01-01,2026-01-31,all,1014335,1.0
Jan 2026,SOM,19442156,Gedo,current,2026-01-01,2026-01-31,3+,171897,0.17
Jan 2026,SOM,19442156,Gedo,current,2026-01-01,2026-01-31,1,462921,0.46
Jan 2026,SOM,19442156,Gedo,current,2026-01-01,2026-01-31,2,379517,0.37
Jan 2026,SOM,19442156,Gedo,current,2026-01-01,2026-01-31,3,130664,0.13
Jan 2026,SOM,19442156,Gedo,current,2026-01-01,2026-01-31,4,41233,0.04
Jan 2026,SOM,19442156,Gedo,current,2026-01-01,2026-01-31,5,0,0
Jan 2026,SOM,19442156,Gedo,first projection,2026-02-01,2026-03-31,all,1014335,1.0
Jan 2026,SOM,19442156,Gedo,first projection,2026-02-01,2026-03-31,3+,249837,0.25
Jan 2026,SOM,19442156,Gedo,first projection,2026-02-01,2026-03-31,1,330205,0.33
Jan 2026,SOM,19442156,Gedo,first projection,2026-02-01,2026-03-31,2,434294,0.43
Jan 2026,SOM,19442156,Gedo,first projection,2026-02-01,2026-03-31,3,170348,0.17
Jan 2026,SOM,19442156,Gedo,first projection,2026-02-01,2026-03-31,4,79489,0.08
Jan 2026,SOM,19442156,Gedo,first projection,2026-02-01,2026-03-31,5,0,0
Jan 2026,SOM,19442156,Gedo,second projection,2026-04-01,2026-06-30,all,1014335,1.0
Jan 2026,SOM,19442156,Gedo,second projection,2026-04-01,2026-06-30,3+,226011,0.22
Jan 2026,SOM,19442156,Gedo,second projection,2026-04-01,2026-06-30,1,379090,0.37
Jan 2026,SOM,19442156,Gedo,second projection,2026-04-01,2026-06-30,2,409234,0.4
Jan 2026,SOM,19442156,Gedo,second projection,2026-04-01,2026-06-30,3,182350,0.18
Jan 2026,SOM,19442156,Gedo,second projection,2026-04-01,2026-06-30,4,43661,0.04
Jan 2026,SOM,19442156,Gedo,second projection,2026-04-01,2026-06-30,5,0,0
Jan 2026,SOM,19442156,Galgaduud,current,2026-01-01,2026-01-31,all,844925,1.0
Jan 2026,SOM,19442156,Galgaduud,current,2026-01-01,2026-01-31,3+,341927,0.4
Jan 2026,SOM,19442156,Galgaduud,current,2026-01-01,2026-01-31,1,207885,0.25
Jan 2026,SOM,19442156,Galgaduud,current,2026-01-01,2026-01-31,2,295113,0.35
Jan 2026,SOM,19442156,Galgaduud,current,2026-01-01,2026-01-31,3,247050,0.29
Jan 2026,SOM,19442156,Galgaduud,current,2026-01-01,2026-01-31,4,94876,0.11
Jan 2026,SOM,19442156,Galgaduud,current,2026-01-01,2026-01-31,5,0,0
Jan 2026,SOM,19442156,Galgaduud,first projection,2026-02-01,2026-03-31,all,844925,1.0
Jan 2026,SOM,19442156,Galgaduud,first projection,2026-02-01,2026-03-31,3+,422756,0.5
Jan 2026,SOM,19442156,Galgaduud,first projection,2026-02-01,2026-03-31,1,125120,0.15
Jan 2026,SOM,19442156,Galgaduud,first projection,2026-02-01,2026-03-31,2,297048,0.35
Jan 2026,SOM,19442156,Galgaduud,first projection,2026-02-01,2026-03-31,3,275324,0.33
Jan 2026,SOM,19442156,Galgaduud,first projection,2026-02-01,2026-03-31,4,147433,0.17
Jan 2026,SOM,19442156,Galgaduud,first projection,2026-02-01,2026-03-31,5,0,0
Jan 2026,SOM,19442156,Galgaduud,second projection,2026-04-01,2026-06-30,all,844925,1.0
Jan 2026,SOM,19442156,Galgaduud,second projection,2026-04-01,2026-06-30,3+,378363,0.44
Jan 2026,SOM,19442156,Galgaduud,second projection,2026-04-01,2026-06-30,1,177746,0.21
Jan 2026,SOM,19442156,Galgaduud,second projection,2026-04-01,2026-06-30,2,288815,0.34
Jan 2026,SOM,19442156,Galgaduud,second projection,2026-04-01,2026-06-30,3,257409,0.3
Jan 2026,SOM,19442156,Galgaduud,second projection,2026-04-01,2026-06-30,4,120955,0.14
Jan 2026,SOM,19442156,Galgaduud,second projection,2026-04-01,2026-06-30,5,0,0
Jan 2026,SOM,19442156,Bari,current,2026-01-01,2026-01-31,all,1281189,1.0
Jan 2026,SOM,19442156,Bari,current,2026-01-01,2026-01-31,3+,430730,0.34
Jan 2026,SOM,19442156,Bari,current,2026-01-01,2026-01-31,1,320958,0.25
Jan 2026,SOM,19442156,Bari,current,2026-01-01,2026-01-31,2,529501,0.41
Jan 2026,SOM,19442156,Bari,current,2026-01-01,2026-01-31,3,318272,0.25
Jan 2026,SOM,19442156,Bari,current,2026-01-01,2026-01-31,4,112458,0.09
Jan 2026,SOM,19442156,Bari,current,2026-01-01,2026-01-31,5,0,0
Jan 2026,SOM,19442156,Bari,first projection,2026-02-01,2026-03-31,all,1281189,1.0
Jan 2026,SOM,19442156,Bari,first projection,2026-02-01,2026-03-31,3+,562015,0.43
Jan 2026,SOM,19442156,Bari,first projection,2026-02-01,2026-03-31,1,214542,0.17
Jan 2026,SOM,19442156,Bari,first projection,2026-02-01,2026-03-31,2,504633,0.39
Jan 2026,SOM,19442156,Bari,first projection,2026-02-01,2026-03-31,3,377509,0.29
Jan 2026,SOM,19442156,Bari,first projection,2026-02-01,2026-03-31,4,184506,0.14
Jan 2026,SOM,19442156,Bari,first projection,2026-02-01,2026-03-31,5,0,0
Jan 2026,SOM,19442156,Bari,second projection,2026-04-01,2026-06-30,all,1281189,1.0
Jan 2026,SOM,19442156,Bari,second projection,2026-04-01,2026-06-30,3+,486629,0.38
Jan 2026,SOM,19442156,Bari,second projection,2026-04-01,2026-06-30,1,247006,0.19
Jan 2026,SOM,19442156,Bari,second projection,2026-04-01,2026-06-30,2,547555,0.43
Jan 2026,SOM,19442156,Bari,second projection,2026-04-01,2026-06-30,3,332068,0.26
Jan 2026,SOM,19442156,Bari,second projection,2026-04-01,2026-06-30,4,154561,0.12
Jan 2026,SOM,19442156,Bari,second projection,2026-04-01,2026-06-30,5,0,0
Jan 2026,SOM,19442156,Sool,current,2026-01-01,2026-01-31,all,570788,1.0
Jan 2026,SOM,19442156,Sool,current,2026-01-01,2026-01-31,3+,186961,0.33
Jan 2026,SOM,19442156,Sool,current,2026-01-01,2026-01-31,1,158667,0.28
Jan 2026,SOM,19442156,Sool,current,2026-01-01,2026-01-31,2,225160,0.39
Jan 2026,SOM,19442156,Sool,current,2026-01-01,2026-01-31,3,130260,0.23
Jan 2026,SOM,19442156,Sool,current,2026-01-01,2026-01-31,4,56701,0.1
Jan 2026,SOM,19442156,Sool,current,2026-01-01,2026-01-31,5,0,0
Jan 2026,SOM,19442156,Sool,first projection,2026-02-01,2026-03-31,all,570788,1.0
Jan 2026,SOM,19442156,Sool,first projection,2026-02-01,2026-03-31,3+,276431,0.48
Jan 2026,SOM,19442156,Sool,first projection,2026-02-01,2026-03-31,1,109822,0.19
Jan 2026,SOM,19442156,Sool,first projection,2026-02-01,2026-03-31,2,184535,0.32
Jan 2026,SOM,19442156,Sool,first projection,2026-02-01,2026-03-31,3,179567,0.31
Jan 2026,SOM,19442156,Sool,first projection,2026-02-01,2026-03-31,4,96864,0.17
Jan 2026,SOM,19442156,Sool,first projection,2026-02-01,2026-03-31,5,0,0
Jan 2026,SOM,19442156,Sool,second projection,2026-04-01,2026-06-30,all,570788,1.0
Jan 2026,SOM,19442156,Sool,second projection,2026-04-01,2026-06-30,3+,224872,0.39
Jan 2026,SOM,19442156,Sool,second projection,2026-04-01,2026-06-30,1,148728,0.26
Jan 2026,SOM,19442156,Sool,second projection,2026-04-01,2026-06-30,2,197188,0.35
Jan 2026,SOM,19442156,Sool,second projection,2026-04-01,2026-06-30,3,150914,0.26
Jan 2026,SOM,19442156,Sool,second projection,2026-04-01,2026-06-30,4,73958,0.13
Jan 2026,SOM,19442156,Sool,second projection,2026-04-01,2026-06-30,5,0,0
Jan 2026,SOM,19442156,Nugaal,current,2026-01-01,2026-01-31,all,656910,1.0
Jan 2026,SOM,19442156,Nugaal,current,2026-01-01,2026-01-31,3+,249910,0.39
Jan 2026,SOM,19442156,Nugaal,current,2026-01-01,2026-01-31,1,143715,0.22
Jan 2026,SOM,19442156,Nugaal,current,2026-01-01,2026-01-31,2,263284,0.4
Jan 2026,SOM,19442156,Nugaal,current,2026-01-01,2026-01-31,3,187466,0.29
Jan 2026,SOM,19442156,Nugaal,current,2026-01-01,2026-01-31,4,62444,0.1
Jan 2026,SOM,19442156,Nugaal,current,2026-01-01,2026-01-31,5,0,0
Jan 2026,SOM,19442156,Nugaal,first projection,2026-02-01,2026-03-31,all,656910,1.0
Jan 2026,SOM,19442156,Nugaal,first projection,2026-02-01,2026-03-31,3+,323084,0.49
Jan 2026,SOM,19442156,Nugaal,first projection,2026-02-01,2026-03-31,1,71422,0.11
Jan 2026,SOM,19442156,Nugaal,first projection,2026-02-01,2026-03-31,2,262404,0.4
Jan 2026,SOM,19442156,Nugaal,first projection,2026-02-01,2026-03-31,3,215478,0.33
Jan 2026,SOM,19442156,Nugaal,first projection,2026-02-01,2026-03-31,4,107606,0.16
Jan 2026,SOM,19442156,Nugaal,first projection,2026-02-01,2026-03-31,5,0,0
Jan 2026,SOM,19442156,Nugaal,second projection,2026-04-01,2026-06-30,all,656910,1.0
Jan 2026,SOM,19442156,Nugaal,second projection,2026-04-01,2026-06-30,3+,287821,0.44
Jan 2026,SOM,19442156,Nugaal,second projection,2026-04-01,2026-06-30,1,113327,0.17
Jan 2026,SOM,19442156,Nugaal,second projection,2026-04-01,2026-06-30,2,255762,0.39
Jan 2026,SOM,19442156,Nugaal,second projection,2026-04-01,2026-06-30,3,190370,0.29
Jan 2026,SOM,19442156,Nugaal,second projection,2026-04-01,2026-06-30,4,97451,0.15
Jan 2026,SOM,19442156,Nugaal,second projection,2026-04-01,2026-06-30,5,0,0
Jan 2026,SOM,19442156,Lower Shabelle,current,2026-01-01,2026-01-31,all,1656402,1.0
Jan 2026,SOM,19442156,Lower Shabelle,current,2026-01-01,2026-01-31,3+,448800,0.27
Jan 2026,SOM,19442156,Lower Shabelle,current,2026-01-01,2026-01-31,1,551610,0.33
Jan 2026,SOM,19442156,Lower Shabelle,current,2026-01-01,2026-01-31,2,655992,0.4
Jan 2026,SOM,19442156,Lower Shabelle,current,2026-01-01,2026-01-31,3,374681,0.23
Jan 2026,SOM,19442156,Lower Shabelle,current,2026-01-01,2026-01-31,4,74119,0.04
Jan 2026,SOM,19442156,Lower Shabelle,current,2026-01-01,2026-01-31,5,0,0
Jan 2026,SOM,19442156,Lower Shabelle,first projection,2026-02-01,2026-03-31,all,1656402,1.0
Jan 2026,SOM,19442156,Lower Shabelle,first projection,2026-02-01,2026-03-31,3+,567365,0.34
Jan 2026,SOM,19442156,Lower Shabelle,first projection,2026-02-01,2026-03-31,1,402204,0.24
Jan 2026,SOM,19442156,Lower Shabelle,first projection,2026-02-01,2026-03-31,2,686833,0.41
Jan 2026,SOM,19442156,Lower Shabelle,first projection,2026-02-01,2026-03-31,3,432996,0.26
Jan 2026,SOM,19442156,Lower Shabelle,first projection,2026-02-01,2026-03-31,4,134368,0.08
Jan 2026,SOM,19442156,Lower Shabelle,first projection,2026-02-01,2026-03-31,5,0,0
Jan 2026,SOM,19442156,Lower Shabelle,second projection,2026-04-01,2026-06-30,all,1656402,1.0
Jan 2026,SOM,19442156,Lower Shabelle,second projection,2026-04-01,2026-06-30,3+,417910,0.26
Jan 2026,SOM,19442156,Lower Shabelle,second projection,2026-04-01,2026-06-30,1,562399,0.34
Jan 2026,SOM,19442156,Lower Shabelle,second projection,2026-04-01,2026-06-30,2,676093,0.41
Jan 2026,SOM,19442156,Lower Shabelle,second projection,2026-04-01,2026-06-30,3,324739,0.2
Jan 2026,SOM,19442156,Lower Shabelle,second projection,2026-04-01,2026-06-30,4,93171,0.06
Jan 2026,SOM,19442156,Lower Shabelle,second projection,2026-04-01,2026-06-30,5,0,0
Jan 2026,SOM,19442156,Sanaag,current,2026-01-01,2026-01-31,all,445736,1.0
Jan 2026,SOM,19442156,Sanaag,current,2026-01-01,2026-01-31,3+,157824,0.35
Jan 2026,SOM,19442156,Sanaag,current,2026-01-01,2026-01-31,1,116447,0.26
Jan 2026,SOM,19442156,Sanaag,current,2026-01-01,2026-01-31,2,171465,0.38
Jan 2026,SOM,19442156,Sanaag,current,2026-01-01,2026-01-31,3,112225,0.25
Jan 2026,SOM,19442156,Sanaag,current,2026-01-01,2026-01-31,4,45598,0.1
Jan 2026,SOM,19442156,Sanaag,current,2026-01-01,2026-01-31,5,0,0
Jan 2026,SOM,19442156,Sanaag,first projection,2026-02-01,2026-03-31,all,445736,1.0
Jan 2026,SOM,19442156,Sanaag,first projection,2026-02-01,2026-03-31,3+,209463,0.47
Jan 2026,SOM,19442156,Sanaag,first projection,2026-02-01,2026-03-31,1,87447,0.2
Jan 2026,SOM,19442156,Sanaag,first projection,2026-02-01,2026-03-31,2,148826,0.33
Jan 2026,SOM,19442156,Sanaag,first projection,2026-02-01,2026-03-31,3,135566,0.3
Jan 2026,SOM,19442156,Sanaag,first projection,2026-02-01,2026-03-31,4,73897,0.17
Jan 2026,SOM,19442156,Sanaag,first projection,2026-02-01,2026-03-31,5,0,0
Jan 2026,SOM,19442156,Sanaag,second projection,2026-04-01,2026-06-30,all,445736,1.0
Jan 2026,SOM,19442156,Sanaag,second projection,2026-04-01,2026-06-30,3+,191837,0.43
Jan 2026,SOM,19442156,Sanaag,second projection,2026-04-01,2026-06-30,1,98442,0.22
Jan 2026,SOM,19442156,Sanaag,second projection,2026-04-01,2026-06-30,2,155457,0.35
Jan 2026,SOM,19442156,Sanaag,second projection,2026-04-01,2026-06-30,3,133896,0.3
Jan 2026,SOM,19442156,Sanaag,second projection,2026-04-01,2026-06-30,4,57941,0.13
Jan 2026,SOM,19442156,Sanaag,second projection,2026-04-01,2026-06-30,5,0,0
Jan 2026,SOM,19442156,Hiraan,current,2026-01-01,2026-01-31,all,524876,1.0
Jan 2026,SOM,19442156,Hiraan,current,2026-01-01,2026-01-31,3+,113330,0.22
Jan 2026,SOM,19442156,Hiraan,current,2026-01-01,2026-01-31,1,231106,0.44
Jan 2026,SOM,19442156,Hiraan,current,2026-01-01,2026-01-31,2,180440,0.34
Jan 2026,SOM,19442156,Hiraan,current,2026-01-01,2026-01-31,3,91298,0.17
Jan 2026,SOM,19442156,Hiraan,current,2026-01-01,2026-01-31,4,22032,0.04
Jan 2026,SOM,19442156,Hiraan,current,2026-01-01,2026-01-31,5,0,0
Jan 2026,SOM,19442156,Hiraan,first projection,2026-02-01,2026-03-31,all,524876,1.0
Jan 2026,SOM,19442156,Hiraan,first projection,2026-02-01,2026-03-31,3+,156585,0.29
Jan 2026,SOM,19442156,Hiraan,first projection,2026-02-01,2026-03-31,1,139789,0.27
Jan 2026,SOM,19442156,Hiraan,first projection,2026-02-01,2026-03-31,2,228502,0.44
Jan 2026,SOM,19442156,Hiraan,first projection,2026-02-01,2026-03-31,3,112521,0.21
Jan 2026,SOM,19442156,Hiraan,first projection,2026-02-01,2026-03-31,4,44064,0.08
Jan 2026,SOM,19442156,Hiraan,first projection,2026-02-01,2026-03-31,5,0,0
Jan 2026,SOM,19442156,Hiraan,second projection,2026-04-01,2026-06-30,all,524876,1.0
Jan 2026,SOM,19442156,Hiraan,second projection,2026-04-01,2026-06-30,3+,133503,0.25
Jan 2026,SOM,19442156,Hiraan,second projection,2026-04-01,2026-06-30,1,180367,0.34
Jan 2026,SOM,19442156,Hiraan,second projection,2026-04-01,2026-06-30,2,211007,0.4
Jan 2026,SOM,19442156,Hiraan,second projection,2026-04-01,2026-06-30,3,96673,0.18
Jan 2026,SOM,19442156,Hiraan,second projection,2026-04-01,2026-06-30,4,36829,0.07
Jan 2026,SOM,19442156,Hiraan,second projection,2026-04-01,2026-06-30,5,0,0
Jan 2026,SOM,19442156,Bay,current,2026-01-01,2026-01-31,all,1297549,1.0
Jan 2026,SOM,19442156,Bay,current,2026-01-01,2026-01-31,3+,516904,0.4
Jan 2026,SOM,19442156,Bay,current,2026-01-01,2026-01-31,1,338232,0.26
Jan 2026,SOM,19442156,Bay,current,2026-01-01,2026-01-31,2,442413,0.34
Jan 2026,SOM,19442156,Bay,current,2026-01-01,2026-01-31,3,324729,0.25
Jan 2026,SOM,19442156,Bay,current,2026-01-01,2026-01-31,4,192174,0.15
Jan 2026,SOM,19442156,Bay,current,2026-01-01,2026-01-31,5,0,0
Jan 2026,SOM,19442156,Bay,first projection,2026-02-01,2026-03-31,all,1297549,1.0
Jan 2026,SOM,19442156,Bay,first projection,2026-02-01,2026-03-31,3+,668931,0.52
Jan 2026,SOM,19442156,Bay,first projection,2026-02-01,2026-03-31,1,197617,0.15
Jan 2026,SOM,19442156,Bay,first projection,2026-02-01,2026-03-31,2,431001,0.33
Jan 2026,SOM,19442156,Bay,first projection,2026-02-01,2026-03-31,3,385266,0.3
Jan 2026,SOM,19442156,Bay,first projection,2026-02-01,2026-03-31,4,283665,0.22
Jan 2026,SOM,19442156,Bay,first projection,2026-02-01,2026-03-31,5,0,0
Jan 2026,SOM,19442156,Bay,second projection,2026-04-01,2026-06-30,all,1297549,1.0
Jan 2026,SOM,19442156,Bay,second projection,2026-04-01,2026-06-30,3+,589583,0.45
Jan 2026,SOM,19442156,Bay,second projection,2026-04-01,2026-06-30,1,290851,0.22
Jan 2026,SOM,19442156,Bay,second projection,2026-04-01,2026-06-30,2,417115,0.32
Jan 2026,SOM,19442156,Bay,second projection,2026-04-01,2026-06-30,3,355891,0.27
Jan 2026,SOM,19442156,Bay,second projection,2026-04-01,2026-06-30,4,233692,0.18
Jan 2026,SOM,19442156,Bay,second projection,2026-04-01,2026-06-30,5,0,0
Jan 2026,SOM,19442156,Woqooyi Galbeed,current,2026-01-01,2026-01-31,all,1504986,1.0
Jan 2026,SOM,19442156,Woqooyi Galbeed,current,2026-01-01,2026-01-31,3+,215950,0.14
Jan 2026,SOM,19442156,Woqooyi Galbeed,current,2026-01-01,2026-01-31,1,585277,0.39
Jan 2026,SOM,19442156,Woqooyi Galbeed,current,2026-01-01,2026-01-31,2,703759,0.47
Jan 2026,SOM,19442156,Woqooyi Galbeed,current,2026-01-01,2026-01-31,3,173035,0.11
Jan 2026,SOM,19442156,Woqooyi Galbeed,current,2026-01-01,2026-01-31,4,42915,0.03
Jan 2026,SOM,19442156,Woqooyi Galbeed,current,2026-01-01,2026-01-31,5,0,0
Jan 2026,SOM,19442156,Woqooyi Galbeed,first projection,2026-02-01,2026-03-31,all,1504986,1.0
Jan 2026,SOM,19442156,Woqooyi Galbeed,first projection,2026-02-01,2026-03-31,3+,334891,0.23
Jan 2026,SOM,19442156,Woqooyi Galbeed,first projection,2026-02-01,2026-03-31,1,413725,0.27
Jan 2026,SOM,19442156,Woqooyi Galbeed,first projection,2026-02-01,2026-03-31,2,756371,0.5
Jan 2026,SOM,19442156,Woqooyi Galbeed,first projection,2026-02-01,2026-03-31,3,266008,0.18
Jan 2026,SOM,19442156,Woqooyi Galbeed,first projection,2026-02-01,2026-03-31,4,68883,0.05
Jan 2026,SOM,19442156,Woqooyi Galbeed,first projection,2026-02-01,2026-03-31,5,0,0
Jan 2026,SOM,19442156,Woqooyi Galbeed,second projection,2026-04-01,2026-06-30,all,1504986,1.0
Jan 2026,SOM,19442156,Woqooyi Galbeed,second projection,2026-04-01,2026-06-30,3+,283123,0.19
Jan 2026,SOM,19442156,Woqooyi Galbeed,second projection,2026-04-01,2026-06-30,1,500659,0.33
Jan 2026,SOM,19442156,Woqooyi Galbeed,second projection,2026-04-01,2026-06-30,2,721204,0.48
Jan 2026,SOM,19442156,Woqooyi Galbeed,second projection,2026-04-01,2026-06-30,3,226844,0.15
Jan 2026,SOM,19442156,Woqooyi Galbeed,second projection,2026-04-01,2026-06-30,4,56279,0.04
Jan 2026,SOM,19442156,Woqooyi Galbeed,second projection,2026-04-01,2026-06-30,5,0,0
Jan 2026,SOM,19442156,Mudug,current,2026-01-01,2026-01-31,all,1528722,1.0
Jan 2026,SOM,19442156,Mudug,current,2026-01-01,2026-01-31,3+,660696,0.43
Jan 2026,SOM,19442156,Mudug,current,2026-01-01,2026-01-31,1,320461,0.21
Jan 2026,SOM,19442156,Mudug,current,2026-01-01,2026-01-31,2,547565,0.36
Jan 2026,SOM,19442156,Mudug,current,2026-01-01,2026-01-31,3,487341,0.32
Jan 2026,SOM,19442156,Mudug,current,2026-01-01,2026-01-31,4,173355,0.11
Jan 2026,SOM,19442156,Mudug,current,2026-01-01,2026-01-31,5,0,0
Jan 2026,SOM,19442156,Mudug,first projection,2026-02-01,2026-03-31,all,1528722,1.0
Jan 2026,SOM,19442156,Mudug,first projection,2026-02-01,2026-03-31,3+,813651,0.53
Jan 2026,SOM,19442156,Mudug,first projection,2026-02-01,2026-03-31,1,176049,0.12
Jan 2026,SOM,19442156,Mudug,first projection,2026-02-01,2026-03-31,2,539022,0.35
Jan 2026,SOM,19442156,Mudug,first projection,2026-02-01,2026-03-31,3,548000,0.36
Jan 2026,SOM,19442156,Mudug,first projection,2026-02-01,2026-03-31,4,265651,0.17
Jan 2026,SOM,19442156,Mudug,first projection,2026-02-01,2026-03-31,5,0,0
Jan 2026,SOM,19442156,Mudug,second projection,2026-04-01,2026-06-30,all,1528722,1.0
Jan 2026,SOM,19442156,Mudug,second projection,2026-04-01,2026-06-30,3+,696049,0.45
Jan 2026,SOM,19442156,Mudug,second projection,2026-04-01,2026-06-30,1,311665,0.2
Jan 2026,SOM,19442156,Mudug,second projection,2026-04-01,2026-06-30,2,521007,0.34
Jan 2026,SOM,19442156,Mudug,second projection,2026-04-01,2026-06-30,3,491891,0.32
Jan 2026,SOM,19442156,Mudug,second projection,2026-04-01,2026-06-30,4,204159,0.13
Jan 2026,SOM,19442156,Mudug,second projection,2026-04-01,2026-06-30,5,0,0
Jan 2026,SOM,19442156,Awdal,current,2026-01-01,2026-01-31,all,661373,1.0
Jan 2026,SOM,19442156,Awdal,current,2026-01-01,2026-01-31,3+,86543,0.13
Jan 2026,SOM,19442156,Awdal,current,2026-01-01,2026-01-31,1,285125,0.43
Jan 2026,SOM,19442156,Awdal,current,2026-01-01,2026-01-31,2,289705,0.44
Jan 2026,SOM,19442156,Awdal,current,2026-01-01,2026-01-31,3,75595,0.11
Jan 2026,SOM,19442156,Awdal,current,2026-01-01,2026-01-31,4,10948,0.02
Jan 2026,SOM,19442156,Awdal,current,2026-01-01,2026-01-31,5,0,0
Jan 2026,SOM,19442156,Awdal,first projection,2026-02-01,2026-03-31,all,661373,1.0
Jan 2026,SOM,19442156,Awdal,first projection,2026-02-01,2026-03-31,3+,137505,0.21
Jan 2026,SOM,19442156,Awdal,first projection,2026-02-01,2026-03-31,1,220965,0.33
Jan 2026,SOM,19442156,Awdal,first projection,2026-02-01,2026-03-31,2,302904,0.46
Jan 2026,SOM,19442156,Awdal,first projection,2026-02-01,2026-03-31,3,111950,0.17
Jan 2026,SOM,19442156,Awdal,first projection,2026-02-01,2026-03-31,4,25554,0.04
Jan 2026,SOM,19442156,Awdal,first projection,2026-02-01,2026-03-31,5,0,0
Jan 2026,SOM,19442156,Awdal,second projection,2026-04-01,2026-06-30,all,661373,1.0
Jan 2026,SOM,19442156,Awdal,second projection,2026-04-01,2026-06-30,3+,141271,0.21
Jan 2026,SOM,19442156,Awdal,second projection,2026-04-01,2026-06-30,1,219669,0.33
Jan 2026,SOM,19442156,Awdal,second projection,2026-04-01,2026-06-30,2,300433,0.45
Jan 2026,SOM,19442156,Awdal,second projection,2026-04-01,2026-06-30,3,114666,0.17
Jan 2026,SOM,19442156,Awdal,second projection,2026-04-01,2026-06-30,4,26605,0.04
Jan 2026,SOM,19442156,Awdal,second projection,2026-04-01,2026-06-30,5,0,0
Jan 2026,SOM,19442156,Middle Juba,current,2026-01-01,2026-01-31,all,447217,1.0
Jan 2026,SOM,19442156,Middle Juba,current,2026-01-01,2026-01-31,3+,78137,0.18
Jan 2026,SOM,19442156,Middle Juba,current,2026-01-01,2026-01-31,1,184939,0.41
Jan 2026,SOM,19442156,Middle Juba,current,2026-01-01,2026-01-31,2,184141,0.41
Jan 2026,SOM,19442156,Middle Juba,current,2026-01-01,2026-01-31,3,61016,0.14
Jan 2026,SOM,19442156,Middle Juba,current,2026-01-01,2026-01-31,4,17121,0.04
Jan 2026,SOM,19442156,Middle Juba,current,2026-01-01,2026-01-31,5,0,0
Jan 2026,SOM,19442156,Middle Juba,first projection,2026-02-01,2026-03-31,all,447217,1.0
Jan 2026,SOM,19442156,Middle Juba,first projection,2026-02-01,2026-03-31,3+,112742,0.26
Jan 2026,SOM,19442156,Middle Juba,first projection,2026-02-01,2026-03-31,1,136165,0.3
Jan 2026,SOM,19442156,Middle Juba,first projection,2026-02-01,2026-03-31,2,198310,0.44
Jan 2026,SOM,19442156,Middle Juba,first projection,2026-02-01,2026-03-31,3,79182,0.18
Jan 2026,SOM,19442156,Middle Juba,first projection,2026-02-01,2026-03-31,4,33560,0.08
Jan 2026,SOM,19442156,Middle Juba,first projection,2026-02-01,2026-03-31,5,0,0
Jan 2026,SOM,19442156,Middle Juba,second projection,2026-04-01,2026-06-30,all,447217,1.0
Jan 2026,SOM,19442156,Middle Juba,second projection,2026-04-01,2026-06-30,3+,80492,0.18
Jan 2026,SOM,19442156,Middle Juba,second projection,2026-04-01,2026-06-30,1,168740,0.38
Jan 2026,SOM,19442156,Middle Juba,second projection,2026-04-01,2026-06-30,2,197985,0.44
Jan 2026,SOM,19442156,Middle Juba,second projection,2026-04-01,2026-06-30,3,57503,0.13
Jan 2026,SOM,19442156,Middle Juba,second projection,2026-04-01,2026-06-30,4,22989,0.05
Jan 2026,SOM,19442156,Middle Juba,second projection,2026-04-01,2026-06-30,5,0,0
Jan 2026,SOM,19442156,Banadir,current,2026-01-01,2026-01-31,all,3289438,1.0
Jan 2026,SOM,19442156,Banadir,current,2026-01-01,2026-01-31,3+,355069,0.11
Jan 2026,SOM,19442156,Banadir,current,2026-01-01,2026-01-31,1,1803434,0.55
Jan 2026,SOM,19442156,Banadir,current,2026-01-01,2026-01-31,2,1130936,0.34
Jan 2026,SOM,19442156,Banadir,current,2026-01-01,2026-01-31,3,299605,0.09
Jan 2026,SOM,19442156,Banadir,current,2026-01-01,2026-01-31,4,55464,0.02
Jan 2026,SOM,19442156,Banadir,current,2026-01-01,2026-01-31,5,0,0
Jan 2026,SOM,19442156,Banadir,first projection,2026-02-01,2026-03-31,all,3289438,1.0
Jan 2026,SOM,19442156,Banadir,first projection,2026-02-01,2026-03-31,3+,543746,0.16
Jan 2026,SOM,19442156,Banadir,first projection,2026-02-01,2026-03-31,1,1505748,0.46
Jan 2026,SOM,19442156,Banadir,first projection,2026-02-01,2026-03-31,2,1239944,0.38
Jan 2026,SOM,19442156,Banadir,first projection,2026-02-01,2026-03-31,3,377356,0.11
Jan 2026,SOM,19442156,Banadir,first projection,2026-02-01,2026-03-31,4,166391,0.05
Jan 2026,SOM,19442156,Banadir,first projection,2026-02-01,2026-03-31,5,0,0
Jan 2026,SOM,19442156,Banadir,second projection,2026-04-01,2026-06-30,all,3289438,1.0
Jan 2026,SOM,19442156,Banadir,second projection,2026-04-01,2026-06-30,3+,521460,0.16
Jan 2026,SOM,19442156,Banadir,second projection,2026-04-01,2026-06-30,1,1550321,0.47
Jan 2026,SOM,19442156,Banadir,second projection,2026-04-01,2026-06-30,2,1217657,0.37
Jan 2026,SOM,19442156,Banadir,second projection,2026-04-01,2026-06-30,3,355069,0.11
Jan 2026,SOM,19442156,Banadir,second projection,2026-04-01,2026-06-30,4,166391,0.05
Jan 2026,SOM,19442156,Banadir,second projection,2026-04-01,2026-06-30,5,0,0
Jul 2025,SOM,19280850,Awdal,current,2025-07-01,2025-09-30,all,655893,1.0
Jul 2025,SOM,19280850,Awdal,current,2025-07-01,2025-09-30,3+,96483,0.15
Jul 2025,SOM,19280850,Awdal,current,2025-07-01,2025-09-30,1,290329,0.44
Jul 2025,SOM,19280850,Awdal,current,2025-07-01,2025-09-30,2,269081,0.41
Jul 2025,SOM,19280850,Awdal,current,2025-07-01,2025-09-30,3,79225,0.12
Jul 2025,SOM,19280850,Awdal,current,2025-07-01,2025-09-30,4,17258,0.03
Jul 2025,SOM,19280850,Awdal,current,2025-07-01,2025-09-30,5,0,0
Jul 2025,SOM,19280850,Awdal,first projection,2025-10-01,2025-12-31,all,655893,1.0
Jul 2025,SOM,19280850,Awdal,first projection,2025-10-01,2025-12-31,3+,145393,0.22
Jul 2025,SOM,19280850,Awdal,first projection,2025-10-01,2025-12-31,1,217681,0.33
Jul 2025,SOM,19280850,Awdal,first projection,2025-10-01,2025-12-31,2,292820,0.45
Jul 2025,SOM,19280850,Awdal,first projection,2025-10-01,2025-12-31,3,121076,0.18
Jul 2025,SOM,19280850,Awdal,first projection,2025-10-01,2025-12-31,4,24317,0.04
Jul 2025,SOM,19280850,Awdal,first projection,2025-10-01,2025-12-31,5,0,0
Jul 2025,SOM,19280850,Middle Shabelle,current,2025-07-01,2025-09-30,all,1044873,1.0
Jul 2025,SOM,19280850,Middle Shabelle,current,2025-07-01,2025-09-30,3+,155341,0.15
Jul 2025,SOM,19280850,Middle Shabelle,current,2025-07-01,2025-09-30,1,623341,0.6
Jul 2025,SOM,19280850,Middle Shabelle,current,2025-07-01,2025-09-30,2,266192,0.25
Jul 2025,SOM,19280850,Middle Shabelle,current,2025-07-01,2025-09-30,3,136740,0.13
Jul 2025,SOM,19280850,Middle Shabelle,current,2025-07-01,2025-09-30,4,18601,0.02
Jul 2025,SOM,19280850,Middle Shabelle,current,2025-07-01,2025-09-30,5,0,0
Jul 2025,SOM,19280850,Middle Shabelle,first projection,2025-10-01,2025-12-31,all,1044873,1.0
Jul 2025,SOM,19280850,Middle Shabelle,first projection,2025-10-01,2025-12-31,3+,172568,0.16
Jul 2025,SOM,19280850,Middle Shabelle,first projection,2025-10-01,2025-12-31,1,565648,0.54
Jul 2025,SOM,19280850,Middle Shabelle,first projection,2025-10-01,2025-12-31,2,306657,0.29
Jul 2025,SOM,19280850,Middle Shabelle,first projection,2025-10-01,2025-12-31,3,148518,0.14
Jul 2025,SOM,19280850,Middle Shabelle,first projection,2025-10-01,2025-12-31,4,24050,0.02
Jul 2025,SOM,19280850,Middle Shabelle,first projection,2025-10-01,2025-12-31,5,0,0
Jul 2025,SOM,19280850,Hiraan,current,2025-07-01,2025-09-30,all,520516,1.0
Jul 2025,SOM,19280850,Hiraan,current,2025-07-01,2025-09-30,3+,94245,0.18
Jul 2025,SOM,19280850,Hiraan,current,2025-07-01,2025-09-30,1,236018,0.45
Jul 2025,SOM,19280850,Hiraan,current,2025-07-01,2025-09-30,2,190254,0.37
Jul 2025,SOM,19280850,Hiraan,current,2025-07-01,2025-09-30,3,85254,0.16
Jul 2025,SOM,19280850,Hiraan,current,2025-07-01,2025-09-30,4,8991,0.02
Jul 2025,SOM,19280850,Hiraan,current,2025-07-01,2025-09-30,5,0,0
Jul 2025,SOM,19280850,Hiraan,first projection,2025-10-01,2025-12-31,all,520516,1.0
Jul 2025,SOM,19280850,Hiraan,first projection,2025-10-01,2025-12-31,3+,119622,0.23
Jul 2025,SOM,19280850,Hiraan,first projection,2025-10-01,2025-12-31,1,175180,0.34
Jul 2025,SOM,19280850,Hiraan,first projection,2025-10-01,2025-12-31,2,225714,0.43
Jul 2025,SOM,19280850,Hiraan,first projection,2025-10-01,2025-12-31,3,104933,0.2
Jul 2025,SOM,19280850,Hiraan,first projection,2025-10-01,2025-12-31,4,14689,0.03
Jul 2025,SOM,19280850,Hiraan,first projection,2025-10-01,2025-12-31,5,0,0
Jul 2025,SOM,19280850,Mudug,current,2025-07-01,2025-09-30,all,1516035,1.0
Jul 2025,SOM,19280850,Mudug,current,2025-07-01,2025-09-30,3+,402459,0.26
Jul 2025,SOM,19280850,Mudug,current,2025-07-01,2025-09-30,1,559681,0.37
Jul 2025,SOM,19280850,Mudug,current,2025-07-01,2025-09-30,2,553895,0.37
Jul 2025,SOM,19280850,Mudug,current,2025-07-01,2025-09-30,3,321603,0.21
Jul 2025,SOM,19280850,Mudug,current,2025-07-01,2025-09-30,4,80856,0.05
Jul 2025,SOM,19280850,Mudug,current,2025-07-01,2025-09-30,5,0,0
Jul 2025,SOM,19280850,Mudug,first projection,2025-10-01,2025-12-31,all,1516035,1.0
Jul 2025,SOM,19280850,Mudug,first projection,2025-10-01,2025-12-31,3+,513497,0.33
Jul 2025,SOM,19280850,Mudug,first projection,2025-10-01,2025-12-31,1,376857,0.25
Jul 2025,SOM,19280850,Mudug,first projection,2025-10-01,2025-12-31,2,625681,0.41
Jul 2025,SOM,19280850,Mudug,first projection,2025-10-01,2025-12-31,3,400355,0.26
Jul 2025,SOM,19280850,Mudug,first projection,2025-10-01,2025-12-31,4,113142,0.07
Jul 2025,SOM,19280850,Mudug,first projection,2025-10-01,2025-12-31,5,0,0
Jul 2025,SOM,19280850,Lower Shabelle,current,2025-07-01,2025-09-30,all,1642667,1.0
Jul 2025,SOM,19280850,Lower Shabelle,current,2025-07-01,2025-09-30,3+,253868,0.15
Jul 2025,SOM,19280850,Lower Shabelle,current,2025-07-01,2025-09-30,1,989333,0.6
Jul 2025,SOM,19280850,Lower Shabelle,current,2025-07-01,2025-09-30,2,399466,0.24
Jul 2025,SOM,19280850,Lower Shabelle,current,2025-07-01,2025-09-30,3,230018,0.14
Jul 2025,SOM,19280850,Lower Shabelle,current,2025-07-01,2025-09-30,4,23849,0.01
Jul 2025,SOM,19280850,Lower Shabelle,current,2025-07-01,2025-09-30,5,0,0
Jul 2025,SOM,19280850,Lower Shabelle,first projection,2025-10-01,2025-12-31,all,1642667,1.0
Jul 2025,SOM,19280850,Lower Shabelle,first projection,2025-10-01,2025-12-31,3+,264527,0.16
Jul 2025,SOM,19280850,Lower Shabelle,first projection,2025-10-01,2025-12-31,1,901870,0.55
Jul 2025,SOM,19280850,Lower Shabelle,first projection,2025-10-01,2025-12-31,2,476270,0.29
Jul 2025,SOM,19280850,Lower Shabelle,first projection,2025-10-01,2025-12-31,3,235348,0.14
Jul 2025,SOM,19280850,Lower Shabelle,first projection,2025-10-01,2025-12-31,4,29179,0.02
Jul 2025,SOM,19280850,Lower Shabelle,first projection,2025-10-01,2025-12-31,5,0,0
Jul 2025,SOM,19280850,Nugaal,current,2025-07-01,2025-09-30,all,651465,1.0
Jul 2025,SOM,19280850,Nugaal,current,2025-07-01,2025-09-30,3+,141638,0.21
Jul 2025,SOM,19280850,Nugaal,current,2025-07-01,2025-09-30,1,257169,0.39
Jul 2025,SOM,19280850,Nugaal,current,2025-07-01,2025-09-30,2,252658,0.39
Jul 2025,SOM,19280850,Nugaal,current,2025-07-01,2025-09-30,3,126996,0.19
Jul 2025,SOM,19280850,Nugaal,current,2025-07-01,2025-09-30,4,14642,0.02
Jul 2025,SOM,19280850,Nugaal,current,2025-07-01,2025-09-30,5,0,0
Jul 2025,SOM,19280850,Nugaal,first projection,2025-10-01,2025-12-31,all,651465,1.0
Jul 2025,SOM,19280850,Nugaal,first projection,2025-10-01,2025-12-31,3+,165965,0.26
Jul 2025,SOM,19280850,Nugaal,first projection,2025-10-01,2025-12-31,1,212573,0.33
Jul 2025,SOM,19280850,Nugaal,first projection,2025-10-01,2025-12-31,2,272927,0.42
Jul 2025,SOM,19280850,Nugaal,first projection,2025-10-01,2025-12-31,3,149286,0.23
Jul 2025,SOM,19280850,Nugaal,first projection,2025-10-01,2025-12-31,4,16679,0.03
Jul 2025,SOM,19280850,Nugaal,first projection,2025-10-01,2025-12-31,5,0,0
Jul 2025,SOM,19280850,Bari,current,2025-07-01,2025-09-30,all,1270552,1.0
Jul 2025,SOM,19280850,Bari,current,2025-07-01,2025-09-30,3+,326072,0.26
Jul 2025,SOM,19280850,Bari,current,2025-07-01,2025-09-30,1,460654,0.36
Jul 2025,SOM,19280850,Bari,current,2025-07-01,2025-09-30,2,483825,0.38
Jul 2025,SOM,19280850,Bari,current,2025-07-01,2025-09-30,3,293016,0.23
Jul 2025,SOM,19280850,Bari,current,2025-07-01,2025-09-30,4,33056,0.03
Jul 2025,SOM,19280850,Bari,current,2025-07-01,2025-09-30,5,0,0
Jul 2025,SOM,19280850,Bari,first projection,2025-10-01,2025-12-31,all,1270552,1.0
Jul 2025,SOM,19280850,Bari,first projection,2025-10-01,2025-12-31,3+,328326,0.26
Jul 2025,SOM,19280850,Bari,first projection,2025-10-01,2025-12-31,1,474098,0.37
Jul 2025,SOM,19280850,Bari,first projection,2025-10-01,2025-12-31,2,468128,0.37
Jul 2025,SOM,19280850,Bari,first projection,2025-10-01,2025-12-31,3,285980,0.23
Jul 2025,SOM,19280850,Bari,first projection,2025-10-01,2025-12-31,4,42346,0.03
Jul 2025,SOM,19280850,Bari,first projection,2025-10-01,2025-12-31,5,0,0
Jul 2025,SOM,19280850,Sanaag,current,2025-07-01,2025-09-30,all,442034,1.0
Jul 2025,SOM,19280850,Sanaag,current,2025-07-01,2025-09-30,3+,99535,0.23
Jul 2025,SOM,19280850,Sanaag,current,2025-07-01,2025-09-30,1,183052,0.41
Jul 2025,SOM,19280850,Sanaag,current,2025-07-01,2025-09-30,2,159447,0.36
Jul 2025,SOM,19280850,Sanaag,current,2025-07-01,2025-09-30,3,77753,0.18
Jul 2025,SOM,19280850,Sanaag,current,2025-07-01,2025-09-30,4,21782,0.05
Jul 2025,SOM,19280850,Sanaag,current,2025-07-01,2025-09-30,5,0,0
Jul 2025,SOM,19280850,Sanaag,first projection,2025-10-01,2025-12-31,all,442034,1.0
Jul 2025,SOM,19280850,Sanaag,first projection,2025-10-01,2025-12-31,3+,132579,0.3
Jul 2025,SOM,19280850,Sanaag,first projection,2025-10-01,2025-12-31,1,130700,0.3
Jul 2025,SOM,19280850,Sanaag,first projection,2025-10-01,2025-12-31,2,178755,0.4
Jul 2025,SOM,19280850,Sanaag,first projection,2025-10-01,2025-12-31,3,100174,0.23
Jul 2025,SOM,19280850,Sanaag,first projection,2025-10-01,2025-12-31,4,32406,0.07
Jul 2025,SOM,19280850,Sanaag,first projection,2025-10-01,2025-12-31,5,0,0
Jul 2025,SOM,19280850,Middle Juba,current,2025-07-01,2025-09-30,all,443506,1.0
Jul 2025,SOM,19280850,Middle Juba,current,2025-07-01,2025-09-30,3+,43557,0.1
Jul 2025,SOM,19280850,Middle Juba,current,2025-07-01,2025-09-30,1,287150,0.65
Jul 2025,SOM,19280850,Middle Juba,current,2025-07-01,2025-09-30,2,112799,0.25
Jul 2025,SOM,19280850,Middle Juba,current,2025-07-01,2025-09-30,3,43557,0.1
Jul 2025,SOM,19280850,Middle Juba,current,2025-07-01,2025-09-30,4,0,0
Jul 2025,SOM,19280850,Middle Juba,current,2025-07-01,2025-09-30,5,0,0
Jul 2025,SOM,19280850,Middle Juba,first projection,2025-10-01,2025-12-31,all,443506,1.0
Jul 2025,SOM,19280850,Middle Juba,first projection,2025-10-01,2025-12-31,3+,52049,0.12
Jul 2025,SOM,19280850,Middle Juba,first projection,2025-10-01,2025-12-31,1,272332,0.61
Jul 2025,SOM,19280850,Middle Juba,first projection,2025-10-01,2025-12-31,2,119125,0.27
Jul 2025,SOM,19280850,Middle Juba,first projection,2025-10-01,2025-12-31,3,52049,0.12
Jul 2025,SOM,19280850,Middle Juba,first projection,2025-10-01,2025-12-31,4,0,0
Jul 2025,SOM,19280850,Middle Juba,first projection,2025-10-01,2025-12-31,5,0,0
Jul 2025,SOM,19280850,Lower Juba,current,2025-07-01,2025-09-30,all,1194276,1.0
Jul 2025,SOM,19280850,Lower Juba,current,2025-07-01,2025-09-30,3+,109133,0.09
Jul 2025,SOM,19280850,Lower Juba,current,2025-07-01,2025-09-30,1,797126,0.67
Jul 2025,SOM,19280850,Lower Juba,current,2025-07-01,2025-09-30,2,288017,0.24
Jul 2025,SOM,19280850,Lower Juba,current,2025-07-01,2025-09-30,3,109133,0.09
Jul 2025,SOM,19280850,Lower Juba,current,2025-07-01,2025-09-30,4,0,0
Jul 2025,SOM,19280850,Lower Juba,current,2025-07-01,2025-09-30,5,0,0
Jul 2025,SOM,19280850,Lower Juba,first projection,2025-10-01,2025-12-31,all,1194276,1.0
Jul 2025,SOM,19280850,Lower Juba,first projection,2025-10-01,2025-12-31,3+,149097,0.13
Jul 2025,SOM,19280850,Lower Juba,first projection,2025-10-01,2025-12-31,1,717621,0.6
Jul 2025,SOM,19280850,Lower Juba,first projection,2025-10-01,2025-12-31,2,327559,0.27
Jul 2025,SOM,19280850,Lower Juba,first projection,2025-10-01,2025-12-31,3,139409,0.12
Jul 2025,SOM,19280850,Lower Juba,first projection,2025-10-01,2025-12-31,4,9688,0.01
Jul 2025,SOM,19280850,Lower Juba,first projection,2025-10-01,2025-12-31,5,0,0
Jul 2025,SOM,19280850,Togdheer,current,2025-07-01,2025-09-30,all,887449,1.0
Jul 2025,SOM,19280850,Togdheer,current,2025-07-01,2025-09-30,3+,152092,0.17
Jul 2025,SOM,19280850,Togdheer,current,2025-07-01,2025-09-30,1,388468,0.44
Jul 2025,SOM,19280850,Togdheer,current,2025-07-01,2025-09-30,2,346889,0.39
Jul 2025,SOM,19280850,Togdheer,current,2025-07-01,2025-09-30,3,115354,0.13
Jul 2025,SOM,19280850,Togdheer,current,2025-07-01,2025-09-30,4,36738,0.04
Jul 2025,SOM,19280850,Togdheer,current,2025-07-01,2025-09-30,5,0,0
Jul 2025,SOM,19280850,Togdheer,first projection,2025-10-01,2025-12-31,all,887449,1.0
Jul 2025,SOM,19280850,Togdheer,first projection,2025-10-01,2025-12-31,3+,199047,0.22
Jul 2025,SOM,19280850,Togdheer,first projection,2025-10-01,2025-12-31,1,299723,0.34
Jul 2025,SOM,19280850,Togdheer,first projection,2025-10-01,2025-12-31,2,388679,0.44
Jul 2025,SOM,19280850,Togdheer,first projection,2025-10-01,2025-12-31,3,159821,0.18
Jul 2025,SOM,19280850,Togdheer,first projection,2025-10-01,2025-12-31,4,39226,0.04
Jul 2025,SOM,19280850,Togdheer,first projection,2025-10-01,2025-12-31,5,0,0
Jul 2025,SOM,19280850,Sool,current,2025-07-01,2025-09-30,all,566052,1.0
Jul 2025,SOM,19280850,Sool,current,2025-07-01,2025-09-30,3+,109848,0.2
Jul 2025,SOM,19280850,Sool,current,2025-07-01,2025-09-30,1,221258,0.39
Jul 2025,SOM,19280850,Sool,current,2025-07-01,2025-09-30,2,234946,0.42
Jul 2025,SOM,19280850,Sool,current,2025-07-01,2025-09-30,3,82490,0.15
Jul 2025,SOM,19280850,Sool,current,2025-07-01,2025-09-30,4,27358,0.05
Jul 2025,SOM,19280850,Sool,current,2025-07-01,2025-09-30,5,0,0
Jul 2025,SOM,19280850,Sool,first projection,2025-10-01,2025-12-31,all,566052,1.0
Jul 2025,SOM,19280850,Sool,first projection,2025-10-01,2025-12-31,3+,152906,0.27
Jul 2025,SOM,19280850,Sool,first projection,2025-10-01,2025-12-31,1,150842,0.27
Jul 2025,SOM,19280850,Sool,first projection,2025-10-01,2025-12-31,2,262304,0.46
Jul 2025,SOM,19280850,Sool,first projection,2025-10-01,2025-12-31,3,105803,0.19
Jul 2025,SOM,19280850,Sool,first projection,2025-10-01,2025-12-31,4,47103,0.08
Jul 2025,SOM,19280850,Sool,first projection,2025-10-01,2025-12-31,5,0,0
Jul 2025,SOM,19280850,Gedo,current,2025-07-01,2025-09-30,all,1005923,1.0
Jul 2025,SOM,19280850,Gedo,current,2025-07-01,2025-09-30,3+,150079,0.15
Jul 2025,SOM,19280850,Gedo,current,2025-07-01,2025-09-30,1,562326,0.56
Jul 2025,SOM,19280850,Gedo,current,2025-07-01,2025-09-30,2,293518,0.29
Jul 2025,SOM,19280850,Gedo,current,2025-07-01,2025-09-30,3,121733,0.12
Jul 2025,SOM,19280850,Gedo,current,2025-07-01,2025-09-30,4,28346,0.03
Jul 2025,SOM,19280850,Gedo,current,2025-07-01,2025-09-30,5,0,0
Jul 2025,SOM,19280850,Gedo,first projection,2025-10-01,2025-12-31,all,1005923,1.0
Jul 2025,SOM,19280850,Gedo,first projection,2025-10-01,2025-12-31,3+,202198,0.2
Jul 2025,SOM,19280850,Gedo,first projection,2025-10-01,2025-12-31,1,480268,0.48
Jul 2025,SOM,19280850,Gedo,first projection,2025-10-01,2025-12-31,2,323457,0.32
Jul 2025,SOM,19280850,Gedo,first projection,2025-10-01,2025-12-31,3,164401,0.16
Jul 2025,SOM,19280850,Gedo,first projection,2025-10-01,2025-12-31,4,37797,0.04
Jul 2025,SOM,19280850,Gedo,first projection,2025-10-01,2025-12-31,5,0,0
Jul 2025,SOM,19280850,Banadir,current,2025-07-01,2025-09-30,all,3262132,1.0
Jul 2025,SOM,19280850,Banadir,current,2025-07-01,2025-09-30,3+,397380,0.12
Jul 2025,SOM,19280850,Banadir,current,2025-07-01,2025-09-30,1,1908683,0.59
Jul 2025,SOM,19280850,Banadir,current,2025-07-01,2025-09-30,2,956069,0.29
Jul 2025,SOM,19280850,Banadir,current,2025-07-01,2025-09-30,3,321470,0.1
Jul 2025,SOM,19280850,Banadir,current,2025-07-01,2025-09-30,4,75911,0.02
Jul 2025,SOM,19280850,Banadir,current,2025-07-01,2025-09-30,5,0,0
Jul 2025,SOM,19280850,Banadir,first projection,2025-10-01,2025-12-31,all,3262132,1.0
Jul 2025,SOM,19280850,Banadir,first projection,2025-10-01,2025-12-31,3+,549201,0.17
Jul 2025,SOM,19280850,Banadir,first projection,2025-10-01,2025-12-31,1,1669666,0.51
Jul 2025,SOM,19280850,Banadir,first projection,2025-10-01,2025-12-31,2,1043265,0.32
Jul 2025,SOM,19280850,Banadir,first projection,2025-10-01,2025-12-31,3,397380,0.12
Jul 2025,SOM,19280850,Banadir,first projection,2025-10-01,2025-12-31,4,151821,0.05
Jul 2025,SOM,19280850,Banadir,first projection,2025-10-01,2025-12-31,5,0,0
Jul 2025,SOM,19280850,Bakool,current,2025-07-01,2025-09-30,all,560266,1.0
Jul 2025,SOM,19280850,Bakool,current,2025-07-01,2025-09-30,3+,82806,0.15
Jul 2025,SOM,19280850,Bakool,current,2025-07-01,2025-09-30,1,279411,0.5
Jul 2025,SOM,19280850,Bakool,current,2025-07-01,2025-09-30,2,198049,0.35
Jul 2025,SOM,19280850,Bakool,current,2025-07-01,2025-09-30,3,71483,0.13
Jul 2025,SOM,19280850,Bakool,current,2025-07-01,2025-09-30,4,11324,0.02
Jul 2025,SOM,19280850,Bakool,current,2025-07-01,2025-09-30,5,0,0
Jul 2025,SOM,19280850,Bakool,first projection,2025-10-01,2025-12-31,all,560266,1.0
Jul 2025,SOM,19280850,Bakool,first projection,2025-10-01,2025-12-31,3+,123013,0.22
Jul 2025,SOM,19280850,Bakool,first projection,2025-10-01,2025-12-31,1,229053,0.41
Jul 2025,SOM,19280850,Bakool,first projection,2025-10-01,2025-12-31,2,208201,0.37
Jul 2025,SOM,19280850,Bakool,first projection,2025-10-01,2025-12-31,3,101341,0.18
Jul 2025,SOM,19280850,Bakool,first projection,2025-10-01,2025-12-31,4,21672,0.04
Jul 2025,SOM,19280850,Bakool,first projection,2025-10-01,2025-12-31,5,0,0
Jul 2025,SOM,19280850,Woqooyi Galbeed,current,2025-07-01,2025-09-30,all,1492507,1.0
Jul 2025,SOM,19280850,Woqooyi Galbeed,current,2025-07-01,2025-09-30,3+,215519,0.14
Jul 2025,SOM,19280850,Woqooyi Galbeed,current,2025-07-01,2025-09-30,1,690094,0.46
Jul 2025,SOM,19280850,Woqooyi Galbeed,current,2025-07-01,2025-09-30,2,586894,0.39
Jul 2025,SOM,19280850,Woqooyi Galbeed,current,2025-07-01,2025-09-30,3,169208,0.11
Jul 2025,SOM,19280850,Woqooyi Galbeed,current,2025-07-01,2025-09-30,4,46311,0.03
Jul 2025,SOM,19280850,Woqooyi Galbeed,current,2025-07-01,2025-09-30,5,0,0
Jul 2025,SOM,19280850,Woqooyi Galbeed,first projection,2025-10-01,2025-12-31,all,1492507,1.0
Jul 2025,SOM,19280850,Woqooyi Galbeed,first projection,2025-10-01,2025-12-31,3+,319230,0.22
Jul 2025,SOM,19280850,Woqooyi Galbeed,first projection,2025-10-01,2025-12-31,1,530656,0.36
Jul 2025,SOM,19280850,Woqooyi Galbeed,first projection,2025-10-01,2025-12-31,2,642621,0.43
Jul 2025,SOM,19280850,Woqooyi Galbeed,first projection,2025-10-01,2025-12-31,3,264178,0.18
Jul 2025,SOM,19280850,Woqooyi Galbeed,first projection,2025-10-01,2025-12-31,4,55052,0.04
Jul 2025,SOM,19280850,Woqooyi Galbeed,first projection,2025-10-01,2025-12-31,5,0,0
Jul 2025,SOM,19280850,Galgaduud,current,2025-07-01,2025-09-30,all,837918,1.0
Jul 2025,SOM,19280850,Galgaduud,current,2025-07-01,2025-09-30,3+,223252,0.27
Jul 2025,SOM,19280850,Galgaduud,current,2025-07-01,2025-09-30,1,306735,0.37
Jul 2025,SOM,19280850,Galgaduud,current,2025-07-01,2025-09-30,2,307931,0.37
Jul 2025,SOM,19280850,Galgaduud,current,2025-07-01,2025-09-30,3,160055,0.19
Jul 2025,SOM,19280850,Galgaduud,current,2025-07-01,2025-09-30,4,63197,0.08
Jul 2025,SOM,19280850,Galgaduud,current,2025-07-01,2025-09-30,5,0,0
Jul 2025,SOM,19280850,Galgaduud,first projection,2025-10-01,2025-12-31,all,837918,1.0
Jul 2025,SOM,19280850,Galgaduud,first projection,2025-10-01,2025-12-31,3+,301152,0.36
Jul 2025,SOM,19280850,Galgaduud,first projection,2025-10-01,2025-12-31,1,189303,0.23
Jul 2025,SOM,19280850,Galgaduud,first projection,2025-10-01,2025-12-31,2,347464,0.41
Jul 2025,SOM,19280850,Galgaduud,first projection,2025-10-01,2025-12-31,3,215648,0.26
Jul 2025,SOM,19280850,Galgaduud,first projection,2025-10-01,2025-12-31,4,85503,0.1
Jul 2025,SOM,19280850,Galgaduud,first projection,2025-10-01,2025-12-31,5,0,0
Jul 2025,SOM,19280850,Bay,current,2025-07-01,2025-09-30,all,1286786,1.0
Jul 2025,SOM,19280850,Bay,current,2025-07-01,2025-09-30,3+,369948,0.29
Jul 2025,SOM,19280850,Bay,current,2025-07-01,2025-09-30,1,536014,0.42
Jul 2025,SOM,19280850,Bay,current,2025-07-01,2025-09-30,2,380824,0.3
Jul 2025,SOM,19280850,Bay,current,2025-07-01,2025-09-30,3,254558,0.2
Jul 2025,SOM,19280850,Bay,current,2025-07-01,2025-09-30,4,115390,0.09
Jul 2025,SOM,19280850,Bay,current,2025-07-01,2025-09-30,5,0,0
Jul 2025,SOM,19280850,Bay,first projection,2025-10-01,2025-12-31,all,1286786,1.0
Jul 2025,SOM,19280850,Bay,first projection,2025-10-01,2025-12-31,3+,460883,0.36
Jul 2025,SOM,19280850,Bay,first projection,2025-10-01,2025-12-31,1,371250,0.29
Jul 2025,SOM,19280850,Bay,first projection,2025-10-01,2025-12-31,2,454653,0.35
Jul 2025,SOM,19280850,Bay,first projection,2025-10-01,2025-12-31,3,284386,0.22
Jul 2025,SOM,19280850,Bay,first projection,2025-10-01,2025-12-31,4,176498,0.14
Jul 2025,SOM,19280850,Bay,first projection,2025-10-01,2025-12-31,5,0,0
Mar 2025,SOM,19280850,Woqooyi Galbeed,first projection,2025-04-01,2025-06-30,all,1492507,1.0
Mar 2025,SOM,19280850,Woqooyi Galbeed,first projection,2025-04-01,2025-06-30,3+,224000,0.15
Mar 2025,SOM,19280850,Woqooyi Galbeed,first projection,2025-04-01,2025-06-30,1,706000,0.47
Mar 2025,SOM,19280850,Woqooyi Galbeed,first projection,2025-04-01,2025-06-30,2,563000,0.38
Mar 2025,SOM,19280850,Woqooyi Galbeed,first projection,2025-04-01,2025-06-30,3,196000,0.13
Mar 2025,SOM,19280850,Woqooyi Galbeed,first projection,2025-04-01,2025-06-30,4,28000,0.02
Mar 2025,SOM,19280850,Woqooyi Galbeed,first projection,2025-04-01,2025-06-30,5,0,0
Mar 2025,SOM,19280850,Sool,first projection,2025-04-01,2025-06-30,all,566052,1.0
Mar 2025,SOM,19280850,Sool,first projection,2025-04-01,2025-06-30,3+,109000,0.19
Mar 2025,SOM,19280850,Sool,first projection,2025-04-01,2025-06-30,1,195000,0.34
Mar 2025,SOM,19280850,Sool,first projection,2025-04-01,2025-06-30,2,262000,0.46
Mar 2025,SOM,19280850,Sool,first projection,2025-04-01,2025-06-30,3,102000,0.18
Mar 2025,SOM,19280850,Sool,first projection,2025-04-01,2025-06-30,4,7000,0.01
Mar 2025,SOM,19280850,Sool,first projection,2025-04-01,2025-06-30,5,0,0
Mar 2025,SOM,19280850,Mudug,first projection,2025-04-01,2025-06-30,all,1516035,1.0
Mar 2025,SOM,19280850,Mudug,first projection,2025-04-01,2025-06-30,3+,475000,0.31
Mar 2025,SOM,19280850,Mudug,first projection,2025-04-01,2025-06-30,1,363000,0.24
Mar 2025,SOM,19280850,Mudug,first projection,2025-04-01,2025-06-30,2,678000,0.45
Mar 2025,SOM,19280850,Mudug,first projection,2025-04-01,2025-06-30,3,377000,0.25
Mar 2025,SOM,19280850,Mudug,first projection,2025-04-01,2025-06-30,4,98000,0.06
Mar 2025,SOM,19280850,Mudug,first projection,2025-04-01,2025-06-30,5,0,0
Mar 2025,SOM,19280850,Togdheer,first projection,2025-04-01,2025-06-30,all,887449,1.0
Mar 2025,SOM,19280850,Togdheer,first projection,2025-04-01,2025-06-30,3+,132000,0.15
Mar 2025,SOM,19280850,Togdheer,first projection,2025-04-01,2025-06-30,1,355000,0.4
Mar 2025,SOM,19280850,Togdheer,first projection,2025-04-01,2025-06-30,2,401000,0.45
Mar 2025,SOM,19280850,Togdheer,first projection,2025-04-01,2025-06-30,3,118000,0.13
Mar 2025,SOM,19280850,Togdheer,first projection,2025-04-01,2025-06-30,4,14000,0.02
Mar 2025,SOM,19280850,Togdheer,first projection,2025-04-01,2025-06-30,5,0,0
Mar 2025,SOM,19280850,Lower Juba,first projection,2025-04-01,2025-06-30,all,1194276,1.0
Mar 2025,SOM,19280850,Lower Juba,first projection,2025-04-01,2025-06-30,3+,189000,0.16
Mar 2025,SOM,19280850,Lower Juba,first projection,2025-04-01,2025-06-30,1,651000,0.55
Mar 2025,SOM,19280850,Lower Juba,first projection,2025-04-01,2025-06-30,2,354000,0.3
Mar 2025,SOM,19280850,Lower Juba,first projection,2025-04-01,2025-06-30,3,160000,0.13
Mar 2025,SOM,19280850,Lower Juba,first projection,2025-04-01,2025-06-30,4,29000,0.02
Mar 2025,SOM,19280850,Lower Juba,first projection,2025-04-01,2025-06-30,5,0,0
Mar 2025,SOM,19280850,Middle Juba,first projection,2025-04-01,2025-06-30,all,443506,1.0
Mar 2025,SOM,19280850,Middle Juba,first projection,2025-04-01,2025-06-30,3+,38000,0.09
Mar 2025,SOM,19280850,Middle Juba,first projection,2025-04-01,2025-06-30,1,284000,0.64
Mar 2025,SOM,19280850,Middle Juba,first projection,2025-04-01,2025-06-30,2,121000,0.27
Mar 2025,SOM,19280850,Middle Juba,first projection,2025-04-01,2025-06-30,3,38000,0.09
Mar 2025,SOM,19280850,Middle Juba,first projection,2025-04-01,2025-06-30,4,0,0
Mar 2025,SOM,19280850,Middle Juba,first projection,2025-04-01,2025-06-30,5,0,0
Mar 2025,SOM,19280850,Nugaal,first projection,2025-04-01,2025-06-30,all,651465,1.0
Mar 2025,SOM,19280850,Nugaal,first projection,2025-04-01,2025-06-30,3+,124000,0.19
Mar 2025,SOM,19280850,Nugaal,first projection,2025-04-01,2025-06-30,1,243000,0.37
Mar 2025,SOM,19280850,Nugaal,first projection,2025-04-01,2025-06-30,2,284000,0.44
Mar 2025,SOM,19280850,Nugaal,first projection,2025-04-01,2025-06-30,3,124000,0.19
Mar 2025,SOM,19280850,Nugaal,first projection,2025-04-01,2025-06-30,4,0,0
Mar 2025,SOM,19280850,Nugaal,first projection,2025-04-01,2025-06-30,5,0,0
Mar 2025,SOM,19280850,Awdal,first projection,2025-04-01,2025-06-30,all,655893,1.0
Mar 2025,SOM,19280850,Awdal,first projection,2025-04-01,2025-06-30,3+,108000,0.16
Mar 2025,SOM,19280850,Awdal,first projection,2025-04-01,2025-06-30,1,316000,0.48
Mar 2025,SOM,19280850,Awdal,first projection,2025-04-01,2025-06-30,2,231000,0.35
Mar 2025,SOM,19280850,Awdal,first projection,2025-04-01,2025-06-30,3,99000,0.15
Mar 2025,SOM,19280850,Awdal,first projection,2025-04-01,2025-06-30,4,9000,0.01
Mar 2025,SOM,19280850,Awdal,first projection,2025-04-01,2025-06-30,5,0,0
Mar 2025,SOM,19280850,Bakool,first projection,2025-04-01,2025-06-30,all,560266,1.0
Mar 2025,SOM,19280850,Bakool,first projection,2025-04-01,2025-06-30,3+,145000,0.26
Mar 2025,SOM,19280850,Bakool,first projection,2025-04-01,2025-06-30,1,223000,0.4
Mar 2025,SOM,19280850,Bakool,first projection,2025-04-01,2025-06-30,2,192000,0.34
Mar 2025,SOM,19280850,Bakool,first projection,2025-04-01,2025-06-30,3,118000,0.21
Mar 2025,SOM,19280850,Bakool,first projection,2025-04-01,2025-06-30,4,27000,0.05
Mar 2025,SOM,19280850,Bakool,first projection,2025-04-01,2025-06-30,5,0,0
Mar 2025,SOM,19280850,Galgaduud,first projection,2025-04-01,2025-06-30,all,837918,1.0
Mar 2025,SOM,19280850,Galgaduud,first projection,2025-04-01,2025-06-30,3+,357000,0.43
Mar 2025,SOM,19280850,Galgaduud,first projection,2025-04-01,2025-06-30,1,152000,0.18
Mar 2025,SOM,19280850,Galgaduud,first projection,2025-04-01,2025-06-30,2,329000,0.39
Mar 2025,SOM,19280850,Galgaduud,first projection,2025-04-01,2025-06-30,3,246000,0.29
Mar 2025,SOM,19280850,Galgaduud,first projection,2025-04-01,2025-06-30,4,111000,0.13
Mar 2025,SOM,19280850,Galgaduud,first projection,2025-04-01,2025-06-30,5,0,0
Mar 2025,SOM,19280850,Lower Shabelle,first projection,2025-04-01,2025-06-30,all,1642667,1.0
Mar 2025,SOM,19280850,Lower Shabelle,first projection,2025-04-01,2025-06-30,3+,362000,0.22
Mar 2025,SOM,19280850,Lower Shabelle,first projection,2025-04-01,2025-06-30,1,738000,0.45
Mar 2025,SOM,19280850,Lower Shabelle,first projection,2025-04-01,2025-06-30,2,543000,0.33
Mar 2025,SOM,19280850,Lower Shabelle,first projection,2025-04-01,2025-06-30,3,334000,0.2
Mar 2025,SOM,19280850,Lower Shabelle,first projection,2025-04-01,2025-06-30,4,28000,0.02
Mar 2025,SOM,19280850,Lower Shabelle,first projection,2025-04-01,2025-06-30,5,0,0
Mar 2025,SOM,19280850,Bari,first projection,2025-04-01,2025-06-30,all,1270552,1.0
Mar 2025,SOM,19280850,Bari,first projection,2025-04-01,2025-06-30,3+,310000,0.24
Mar 2025,SOM,19280850,Bari,first projection,2025-04-01,2025-06-30,1,446000,0.35
Mar 2025,SOM,19280850,Bari,first projection,2025-04-01,2025-06-30,2,515000,0.41
Mar 2025,SOM,19280850,Bari,first projection,2025-04-01,2025-06-30,3,262000,0.21
Mar 2025,SOM,19280850,Bari,first projection,2025-04-01,2025-06-30,4,48000,0.04
Mar 2025,SOM,19280850,Bari,first projection,2025-04-01,2025-06-30,5,0,0
Mar 2025,SOM,19280850,Hiraan,first projection,2025-04-01,2025-06-30,all,520516,1.0
Mar 2025,SOM,19280850,Hiraan,first projection,2025-04-01,2025-06-30,3+,139000,0.27
Mar 2025,SOM,19280850,Hiraan,first projection,2025-04-01,2025-06-30,1,114000,0.22
Mar 2025,SOM,19280850,Hiraan,first projection,2025-04-01,2025-06-30,2,268000,0.51
Mar 2025,SOM,19280850,Hiraan,first projection,2025-04-01,2025-06-30,3,88000,0.17
Mar 2025,SOM,19280850,Hiraan,first projection,2025-04-01,2025-06-30,4,51000,0.1
Mar 2025,SOM,19280850,Hiraan,first projection,2025-04-01,2025-06-30,5,0,0
Mar 2025,SOM,19280850,Middle Shabelle,first projection,2025-04-01,2025-06-30,all,1044873,1.0
Mar 2025,SOM,19280850,Middle Shabelle,first projection,2025-04-01,2025-06-30,3+,216000,0.21
Mar 2025,SOM,19280850,Middle Shabelle,first projection,2025-04-01,2025-06-30,1,449000,0.43
Mar 2025,SOM,19280850,Middle Shabelle,first projection,2025-04-01,2025-06-30,2,379000,0.36
Mar 2025,SOM,19280850,Middle Shabelle,first projection,2025-04-01,2025-06-30,3,193000,0.18
Mar 2025,SOM,19280850,Middle Shabelle,first projection,2025-04-01,2025-06-30,4,23000,0.02
Mar 2025,SOM,19280850,Middle Shabelle,first projection,2025-04-01,2025-06-30,5,0,0
Mar 2025,SOM,19280850,Sanaag,first projection,2025-04-01,2025-06-30,all,442034,1.0
Mar 2025,SOM,19280850,Sanaag,first projection,2025-04-01,2025-06-30,3+,96000,0.22
Mar 2025,SOM,19280850,Sanaag,first projection,2025-04-01,2025-06-30,1,155000,0.35
Mar 2025,SOM,19280850,Sanaag,first projection,2025-04-01,2025-06-30,2,191000,0.43
Mar 2025,SOM,19280850,Sanaag,first projection,2025-04-01,2025-06-30,3,82000,0.19
Mar 2025,SOM,19280850,Sanaag,first projection,2025-04-01,2025-06-30,4,14000,0.03
Mar 2025,SOM,19280850,Sanaag,first projection,2025-04-01,2025-06-30,5,0,0
Mar 2025,SOM,19280850,Bay,first projection,2025-04-01,2025-06-30,all,1286786,1.0
Mar 2025,SOM,19280850,Bay,first projection,2025-04-01,2025-06-30,3+,483000,0.38
Mar 2025,SOM,19280850,Bay,first projection,2025-04-01,2025-06-30,1,338000,0.26
Mar 2025,SOM,19280850,Bay,first projection,2025-04-01,2025-06-30,2,467000,0.36
Mar 2025,SOM,19280850,Bay,first projection,2025-04-01,2025-06-30,3,370000,0.29
Mar 2025,SOM,19280850,Bay,first projection,2025-04-01,2025-06-30,4,113000,0.09
Mar 2025,SOM,19280850,Bay,first projection,2025-04-01,2025-06-30,5,0,0
Mar 2025,SOM,19280850,Gedo,first projection,2025-04-01,2025-06-30,all,1005923,1.0
Mar 2025,SOM,19280850,Gedo,first projection,2025-04-01,2025-06-30,3+,198000,0.2
Mar 2025,SOM,19280850,Gedo,first projection,2025-04-01,2025-06-30,1,481000,0.48
Mar 2025,SOM,19280850,Gedo,first projection,2025-04-01,2025-06-30,2,327000,0.33
Mar 2025,SOM,19280850,Gedo,first projection,2025-04-01,2025-06-30,3,164000,0.16
Mar 2025,SOM,19280850,Gedo,first projection,2025-04-01,2025-06-30,4,34000,0.03
Mar 2025,SOM,19280850,Gedo,first projection,2025-04-01,2025-06-30,5,0,0
Mar 2025,SOM,19280850,Banadir,first projection,2025-04-01,2025-06-30,all,3262132,1.0
Mar 2025,SOM,19280850,Banadir,first projection,2025-04-01,2025-06-30,3+,846000,0.26
Mar 2025,SOM,19280850,Banadir,first projection,2025-04-01,2025-06-30,1,1536000,0.47
Mar 2025,SOM,19280850,Banadir,first projection,2025-04-01,2025-06-30,2,880000,0.27
Mar 2025,SOM,19280850,Banadir,first projection,2025-04-01,2025-06-30,3,694000,0.21
Mar 2025,SOM,19280850,Banadir,first projection,2025-04-01,2025-06-30,4,152000,0.05
Mar 2025,SOM,19280850,Banadir,first projection,2025-04-01,2025-06-30,5,0,0
Jan 2025,SOM,19280850,Mudug,current,2025-01-01,2025-03-31,all,1516035,1.0
Jan 2025,SOM,19280850,Mudug,current,2025-01-01,2025-03-31,3+,350620,0.23
Jan 2025,SOM,19280850,Mudug,current,2025-01-01,2025-03-31,1,476590,0.31
Jan 2025,SOM,19280850,Mudug,current,2025-01-01,2025-03-31,2,688810,0.45
Jan 2025,SOM,19280850,Mudug,current,2025-01-01,2025-03-31,3,286520,0.19
Jan 2025,SOM,19280850,Mudug,current,2025-01-01,2025-03-31,4,64100,0.04
Jan 2025,SOM,19280850,Mudug,current,2025-01-01,2025-03-31,5,0,0
Jan 2025,SOM,19280850,Mudug,first projection,2025-04-01,2025-06-30,all,1516035,1.0
Jan 2025,SOM,19280850,Mudug,first projection,2025-04-01,2025-06-30,3+,473470,0.31
Jan 2025,SOM,19280850,Mudug,first projection,2025-04-01,2025-06-30,1,369670,0.24
Jan 2025,SOM,19280850,Mudug,first projection,2025-04-01,2025-06-30,2,672900,0.44
Jan 2025,SOM,19280850,Mudug,first projection,2025-04-01,2025-06-30,3,372490,0.25
Jan 2025,SOM,19280850,Mudug,first projection,2025-04-01,2025-06-30,4,100980,0.07
Jan 2025,SOM,19280850,Mudug,first projection,2025-04-01,2025-06-30,5,0,0
Jan 2025,SOM,19280850,Lower Juba,current,2025-01-01,2025-03-31,all,1194276,1.0
Jan 2025,SOM,19280850,Lower Juba,current,2025-01-01,2025-03-31,3+,158490,0.13
Jan 2025,SOM,19280850,Lower Juba,current,2025-01-01,2025-03-31,1,714530,0.6
Jan 2025,SOM,19280850,Lower Juba,current,2025-01-01,2025-03-31,2,321230,0.27
Jan 2025,SOM,19280850,Lower Juba,current,2025-01-01,2025-03-31,3,139120,0.12
Jan 2025,SOM,19280850,Lower Juba,current,2025-01-01,2025-03-31,4,19370,0.02
Jan 2025,SOM,19280850,Lower Juba,current,2025-01-01,2025-03-31,5,0,0
Jan 2025,SOM,19280850,Lower Juba,first projection,2025-04-01,2025-06-30,all,1194276,1.0
Jan 2025,SOM,19280850,Lower Juba,first projection,2025-04-01,2025-06-30,3+,185290,0.16
Jan 2025,SOM,19280850,Lower Juba,first projection,2025-04-01,2025-06-30,1,654700,0.55
Jan 2025,SOM,19280850,Lower Juba,first projection,2025-04-01,2025-06-30,2,354300,0.3
Jan 2025,SOM,19280850,Lower Juba,first projection,2025-04-01,2025-06-30,3,156220,0.13
Jan 2025,SOM,19280850,Lower Juba,first projection,2025-04-01,2025-06-30,4,29070,0.02
Jan 2025,SOM,19280850,Lower Juba,first projection,2025-04-01,2025-06-30,5,0,0
Jan 2025,SOM,19280850,Bay,current,2025-01-01,2025-03-31,all,1286786,1.0
Jan 2025,SOM,19280850,Bay,current,2025-01-01,2025-03-31,3+,321240,0.25
Jan 2025,SOM,19280850,Bay,current,2025-01-01,2025-03-31,1,588490,0.46
Jan 2025,SOM,19280850,Bay,current,2025-01-01,2025-03-31,2,377070,0.29
Jan 2025,SOM,19280850,Bay,current,2025-01-01,2025-03-31,3,282080,0.22
Jan 2025,SOM,19280850,Bay,current,2025-01-01,2025-03-31,4,39160,0.03
Jan 2025,SOM,19280850,Bay,current,2025-01-01,2025-03-31,5,0,0
Jan 2025,SOM,19280850,Bay,first projection,2025-04-01,2025-06-30,all,1286786,1.0
Jan 2025,SOM,19280850,Bay,first projection,2025-04-01,2025-06-30,3+,387760,0.3
Jan 2025,SOM,19280850,Bay,first projection,2025-04-01,2025-06-30,1,438010,0.34
Jan 2025,SOM,19280850,Bay,first projection,2025-04-01,2025-06-30,2,461020,0.36
Jan 2025,SOM,19280850,Bay,first projection,2025-04-01,2025-06-30,3,301380,0.23
Jan 2025,SOM,19280850,Bay,first projection,2025-04-01,2025-06-30,4,86380,0.07
Jan 2025,SOM,19280850,Bay,first projection,2025-04-01,2025-06-30,5,0,0
Jan 2025,SOM,19280850,Sanaag,current,2025-01-01,2025-03-31,all,442034,1.0
Jan 2025,SOM,19280850,Sanaag,current,2025-01-01,2025-03-31,3+,70990,0.16
Jan 2025,SOM,19280850,Sanaag,current,2025-01-01,2025-03-31,1,194200,0.44
Jan 2025,SOM,19280850,Sanaag,current,2025-01-01,2025-03-31,2,176840,0.4
Jan 2025,SOM,19280850,Sanaag,current,2025-01-01,2025-03-31,3,68170,0.15
Jan 2025,SOM,19280850,Sanaag,current,2025-01-01,2025-03-31,4,2820,0.01
Jan 2025,SOM,19280850,Sanaag,current,2025-01-01,2025-03-31,5,0,0
Jan 2025,SOM,19280850,Sanaag,first projection,2025-04-01,2025-06-30,all,442034,1.0
Jan 2025,SOM,19280850,Sanaag,first projection,2025-04-01,2025-06-30,3+,95720,0.22
Jan 2025,SOM,19280850,Sanaag,first projection,2025-04-01,2025-06-30,1,155100,0.35
Jan 2025,SOM,19280850,Sanaag,first projection,2025-04-01,2025-06-30,2,191220,0.43
Jan 2025,SOM,19280850,Sanaag,first projection,2025-04-01,2025-06-30,3,81740,0.18
Jan 2025,SOM,19280850,Sanaag,first projection,2025-04-01,2025-06-30,4,13980,0.03
Jan 2025,SOM,19280850,Sanaag,first projection,2025-04-01,2025-06-30,5,0,0
Jan 2025,SOM,19280850,Galgaduud,current,2025-01-01,2025-03-31,all,837918,1.0
Jan 2025,SOM,19280850,Galgaduud,current,2025-01-01,2025-03-31,3+,298300,0.36
Jan 2025,SOM,19280850,Galgaduud,current,2025-01-01,2025-03-31,1,163420,0.2
Jan 2025,SOM,19280850,Galgaduud,current,2025-01-01,2025-03-31,2,376220,0.45
Jan 2025,SOM,19280850,Galgaduud,current,2025-01-01,2025-03-31,3,225840,0.27
Jan 2025,SOM,19280850,Galgaduud,current,2025-01-01,2025-03-31,4,72460,0.09
Jan 2025,SOM,19280850,Galgaduud,current,2025-01-01,2025-03-31,5,0,0
Jan 2025,SOM,19280850,Galgaduud,first projection,2025-04-01,2025-06-30,all,837918,1.0
Jan 2025,SOM,19280850,Galgaduud,first projection,2025-04-01,2025-06-30,3+,361360,0.43
Jan 2025,SOM,19280850,Galgaduud,first projection,2025-04-01,2025-06-30,1,152320,0.18
Jan 2025,SOM,19280850,Galgaduud,first projection,2025-04-01,2025-06-30,2,324290,0.39
Jan 2025,SOM,19280850,Galgaduud,first projection,2025-04-01,2025-06-30,3,250630,0.3
Jan 2025,SOM,19280850,Galgaduud,first projection,2025-04-01,2025-06-30,4,110730,0.13
Jan 2025,SOM,19280850,Galgaduud,first projection,2025-04-01,2025-06-30,5,0,0
Jan 2025,SOM,19280850,Bari,current,2025-01-01,2025-03-31,all,1270552,1.0
Jan 2025,SOM,19280850,Bari,current,2025-01-01,2025-03-31,3+,247050,0.19
Jan 2025,SOM,19280850,Bari,current,2025-01-01,2025-03-31,1,551280,0.43
Jan 2025,SOM,19280850,Bari,current,2025-01-01,2025-03-31,2,472200,0.37
Jan 2025,SOM,19280850,Bari,current,2025-01-01,2025-03-31,3,205960,0.16
Jan 2025,SOM,19280850,Bari,current,2025-01-01,2025-03-31,4,41090,0.03
Jan 2025,SOM,19280850,Bari,current,2025-01-01,2025-03-31,5,0,0
Jan 2025,SOM,19280850,Bari,first projection,2025-04-01,2025-06-30,all,1270552,1.0
Jan 2025,SOM,19280850,Bari,first projection,2025-04-01,2025-06-30,3+,300650,0.24
Jan 2025,SOM,19280850,Bari,first projection,2025-04-01,2025-06-30,1,454680,0.36
Jan 2025,SOM,19280850,Bari,first projection,2025-04-01,2025-06-30,2,515210,0.41
Jan 2025,SOM,19280850,Bari,first projection,2025-04-01,2025-06-30,3,253000,0.2
Jan 2025,SOM,19280850,Bari,first projection,2025-04-01,2025-06-30,4,47650,0.04
Jan 2025,SOM,19280850,Bari,first projection,2025-04-01,2025-06-30,5,0,0
Jan 2025,SOM,19280850,Middle Juba,current,2025-01-01,2025-03-31,all,443506,1.0
Jan 2025,SOM,19280850,Middle Juba,current,2025-01-01,2025-03-31,3+,38940,0.09
Jan 2025,SOM,19280850,Middle Juba,current,2025-01-01,2025-03-31,1,292420,0.66
Jan 2025,SOM,19280850,Middle Juba,current,2025-01-01,2025-03-31,2,112150,0.25
Jan 2025,SOM,19280850,Middle Juba,current,2025-01-01,2025-03-31,3,38940,0.09
Jan 2025,SOM,19280850,Middle Juba,current,2025-01-01,2025-03-31,4,0,0
Jan 2025,SOM,19280850,Middle Juba,current,2025-01-01,2025-03-31,5,0,0
Jan 2025,SOM,19280850,Middle Juba,first projection,2025-04-01,2025-06-30,all,443506,1.0
Jan 2025,SOM,19280850,Middle Juba,first projection,2025-04-01,2025-06-30,3+,38160,0.09
Jan 2025,SOM,19280850,Middle Juba,first projection,2025-04-01,2025-06-30,1,284040,0.64
Jan 2025,SOM,19280850,Middle Juba,first projection,2025-04-01,2025-06-30,2,121320,0.27
Jan 2025,SOM,19280850,Middle Juba,first projection,2025-04-01,2025-06-30,3,38160,0.09
Jan 2025,SOM,19280850,Middle Juba,first projection,2025-04-01,2025-06-30,4,0,0
Jan 2025,SOM,19280850,Middle Juba,first projection,2025-04-01,2025-06-30,5,0,0
Jan 2025,SOM,19280850,Gedo,current,2025-01-01,2025-03-31,all,1005923,1.0
Jan 2025,SOM,19280850,Gedo,current,2025-01-01,2025-03-31,3+,125130,0.12
Jan 2025,SOM,19280850,Gedo,current,2025-01-01,2025-03-31,1,597100,0.59
Jan 2025,SOM,19280850,Gedo,current,2025-01-01,2025-03-31,2,283700,0.28
Jan 2025,SOM,19280850,Gedo,current,2025-01-01,2025-03-31,3,106570,0.11
Jan 2025,SOM,19280850,Gedo,current,2025-01-01,2025-03-31,4,18560,0.02
Jan 2025,SOM,19280850,Gedo,current,2025-01-01,2025-03-31,5,0,0
Jan 2025,SOM,19280850,Gedo,first projection,2025-04-01,2025-06-30,all,1005923,1.0
Jan 2025,SOM,19280850,Gedo,first projection,2025-04-01,2025-06-30,3+,185400,0.18
Jan 2025,SOM,19280850,Gedo,first projection,2025-04-01,2025-06-30,1,493290,0.49
Jan 2025,SOM,19280850,Gedo,first projection,2025-04-01,2025-06-30,2,327190,0.33
Jan 2025,SOM,19280850,Gedo,first projection,2025-04-01,2025-06-30,3,151150,0.15
Jan 2025,SOM,19280850,Gedo,first projection,2025-04-01,2025-06-30,4,34250,0.03
Jan 2025,SOM,19280850,Gedo,first projection,2025-04-01,2025-06-30,5,0,0
Jan 2025,SOM,19280850,Sool,current,2025-01-01,2025-03-31,all,566052,1.0
Jan 2025,SOM,19280850,Sool,current,2025-01-01,2025-03-31,3+,82900,0.15
Jan 2025,SOM,19280850,Sool,current,2025-01-01,2025-03-31,1,224390,0.4
Jan 2025,SOM,19280850,Sool,current,2025-01-01,2025-03-31,2,258710,0.46
Jan 2025,SOM,19280850,Sool,current,2025-01-01,2025-03-31,3,78400,0.14
Jan 2025,SOM,19280850,Sool,current,2025-01-01,2025-03-31,4,4500,0.01
Jan 2025,SOM,19280850,Sool,current,2025-01-01,2025-03-31,5,0,0
Jan 2025,SOM,19280850,Sool,first projection,2025-04-01,2025-06-30,all,566052,1.0
Jan 2025,SOM,19280850,Sool,first projection,2025-04-01,2025-06-30,3+,106120,0.19
Jan 2025,SOM,19280850,Sool,first projection,2025-04-01,2025-06-30,1,196280,0.35
Jan 2025,SOM,19280850,Sool,first projection,2025-04-01,2025-06-30,2,263590,0.47
Jan 2025,SOM,19280850,Sool,first projection,2025-04-01,2025-06-30,3,100780,0.18
Jan 2025,SOM,19280850,Sool,first projection,2025-04-01,2025-06-30,4,5340,0.01
Jan 2025,SOM,19280850,Sool,first projection,2025-04-01,2025-06-30,5,0,0
Jan 2025,SOM,19280850,Awdal,current,2025-01-01,2025-03-31,all,655893,1.0
Jan 2025,SOM,19280850,Awdal,current,2025-01-01,2025-03-31,3+,81250,0.12
Jan 2025,SOM,19280850,Awdal,current,2025-01-01,2025-03-31,1,369860,0.56
Jan 2025,SOM,19280850,Awdal,current,2025-01-01,2025-03-31,2,204750,0.31
Jan 2025,SOM,19280850,Awdal,current,2025-01-01,2025-03-31,3,72650,0.11
Jan 2025,SOM,19280850,Awdal,current,2025-01-01,2025-03-31,4,8600,0.01
Jan 2025,SOM,19280850,Awdal,current,2025-01-01,2025-03-31,5,0,0
Jan 2025,SOM,19280850,Awdal,first projection,2025-04-01,2025-06-30,all,655893,1.0
Jan 2025,SOM,19280850,Awdal,first projection,2025-04-01,2025-06-30,3+,107580,0.16
Jan 2025,SOM,19280850,Awdal,first projection,2025-04-01,2025-06-30,1,317450,0.48
Jan 2025,SOM,19280850,Awdal,first projection,2025-04-01,2025-06-30,2,230860,0.35
Jan 2025,SOM,19280850,Awdal,first projection,2025-04-01,2025-06-30,3,98980,0.15
Jan 2025,SOM,19280850,Awdal,first projection,2025-04-01,2025-06-30,4,8600,0.01
Jan 2025,SOM,19280850,Awdal,first projection,2025-04-01,2025-06-30,5,0,0
Jan 2025,SOM,19280850,Hiraan,current,2025-01-01,2025-03-31,all,520516,1.0
Jan 2025,SOM,19280850,Hiraan,current,2025-01-01,2025-03-31,3+,75270,0.14
Jan 2025,SOM,19280850,Hiraan,current,2025-01-01,2025-03-31,1,262600,0.5
Jan 2025,SOM,19280850,Hiraan,current,2025-01-01,2025-03-31,2,182670,0.35
Jan 2025,SOM,19280850,Hiraan,current,2025-01-01,2025-03-31,3,56330,0.11
Jan 2025,SOM,19280850,Hiraan,current,2025-01-01,2025-03-31,4,18940,0.04
Jan 2025,SOM,19280850,Hiraan,current,2025-01-01,2025-03-31,5,0,0
Jan 2025,SOM,19280850,Hiraan,first projection,2025-04-01,2025-06-30,all,520516,1.0
Jan 2025,SOM,19280850,Hiraan,first projection,2025-04-01,2025-06-30,3+,134070,0.26
Jan 2025,SOM,19280850,Hiraan,first projection,2025-04-01,2025-06-30,1,128100,0.25
Jan 2025,SOM,19280850,Hiraan,first projection,2025-04-01,2025-06-30,2,258370,0.5
Jan 2025,SOM,19280850,Hiraan,first projection,2025-04-01,2025-06-30,3,84130,0.16
Jan 2025,SOM,19280850,Hiraan,first projection,2025-04-01,2025-06-30,4,49940,0.1
Jan 2025,SOM,19280850,Hiraan,first projection,2025-04-01,2025-06-30,5,0,0
Jan 2025,SOM,19280850,Lower Shabelle,current,2025-01-01,2025-03-31,all,1642667,1.0
Jan 2025,SOM,19280850,Lower Shabelle,current,2025-01-01,2025-03-31,3+,311020,0.19
Jan 2025,SOM,19280850,Lower Shabelle,current,2025-01-01,2025-03-31,1,828730,0.5
Jan 2025,SOM,19280850,Lower Shabelle,current,2025-01-01,2025-03-31,2,502920,0.31
Jan 2025,SOM,19280850,Lower Shabelle,current,2025-01-01,2025-03-31,3,288230,0.18
Jan 2025,SOM,19280850,Lower Shabelle,current,2025-01-01,2025-03-31,4,22790,0.01
Jan 2025,SOM,19280850,Lower Shabelle,current,2025-01-01,2025-03-31,5,0,0
Jan 2025,SOM,19280850,Lower Shabelle,first projection,2025-04-01,2025-06-30,all,1642667,1.0
Jan 2025,SOM,19280850,Lower Shabelle,first projection,2025-04-01,2025-06-30,3+,361450,0.22
Jan 2025,SOM,19280850,Lower Shabelle,first projection,2025-04-01,2025-06-30,1,738120,0.45
Jan 2025,SOM,19280850,Lower Shabelle,first projection,2025-04-01,2025-06-30,2,543100,0.33
Jan 2025,SOM,19280850,Lower Shabelle,first projection,2025-04-01,2025-06-30,3,333850,0.2
Jan 2025,SOM,19280850,Lower Shabelle,first projection,2025-04-01,2025-06-30,4,27600,0.02
Jan 2025,SOM,19280850,Lower Shabelle,first projection,2025-04-01,2025-06-30,5,0,0
Jan 2025,SOM,19280850,Woqooyi Galbeed,current,2025-01-01,2025-03-31,all,1492507,1.0
Jan 2025,SOM,19280850,Woqooyi Galbeed,current,2025-01-01,2025-03-31,3+,134020,0.09
Jan 2025,SOM,19280850,Woqooyi Galbeed,current,2025-01-01,2025-03-31,1,873700,0.59
Jan 2025,SOM,19280850,Woqooyi Galbeed,current,2025-01-01,2025-03-31,2,484780,0.32
Jan 2025,SOM,19280850,Woqooyi Galbeed,current,2025-01-01,2025-03-31,3,116350,0.08
Jan 2025,SOM,19280850,Woqooyi Galbeed,current,2025-01-01,2025-03-31,4,17670,0.01
Jan 2025,SOM,19280850,Woqooyi Galbeed,current,2025-01-01,2025-03-31,5,0,0
Jan 2025,SOM,19280850,Woqooyi Galbeed,first projection,2025-04-01,2025-06-30,all,1492507,1.0
Jan 2025,SOM,19280850,Woqooyi Galbeed,first projection,2025-04-01,2025-06-30,3+,213680,0.14
Jan 2025,SOM,19280850,Woqooyi Galbeed,first projection,2025-04-01,2025-06-30,1,721220,0.48
Jan 2025,SOM,19280850,Woqooyi Galbeed,first projection,2025-04-01,2025-06-30,2,557620,0.37
Jan 2025,SOM,19280850,Woqooyi Galbeed,first projection,2025-04-01,2025-06-30,3,191000,0.13
Jan 2025,SOM,19280850,Woqooyi Galbeed,first projection,2025-04-01,2025-06-30,4,22680,0.02
Jan 2025,SOM,19280850,Woqooyi Galbeed,first projection,2025-04-01,2025-06-30,5,0,0
Jan 2025,SOM,19280850,Banadir,current,2025-01-01,2025-03-31,all,3262132,1.0
Jan 2025,SOM,19280850,Banadir,current,2025-01-01,2025-03-31,3+,618570,0.19
Jan 2025,SOM,19280850,Banadir,current,2025-01-01,2025-03-31,1,1698780,0.52
Jan 2025,SOM,19280850,Banadir,current,2025-01-01,2025-03-31,2,944780,0.29
Jan 2025,SOM,19280850,Banadir,current,2025-01-01,2025-03-31,3,542660,0.17
Jan 2025,SOM,19280850,Banadir,current,2025-01-01,2025-03-31,4,75910,0.02
Jan 2025,SOM,19280850,Banadir,current,2025-01-01,2025-03-31,5,0,0
Jan 2025,SOM,19280850,Banadir,first projection,2025-04-01,2025-06-30,all,3262132,1.0
Jan 2025,SOM,19280850,Banadir,first projection,2025-04-01,2025-06-30,3+,846300,0.26
Jan 2025,SOM,19280850,Banadir,first projection,2025-04-01,2025-06-30,1,1535670,0.47
Jan 2025,SOM,19280850,Banadir,first projection,2025-04-01,2025-06-30,2,880160,0.27
Jan 2025,SOM,19280850,Banadir,first projection,2025-04-01,2025-06-30,3,694480,0.21
Jan 2025,SOM,19280850,Banadir,first projection,2025-04-01,2025-06-30,4,151820,0.05
Jan 2025,SOM,19280850,Banadir,first projection,2025-04-01,2025-06-30,5,0,0
Jan 2025,SOM,19280850,Togdheer,current,2025-01-01,2025-03-31,all,887449,1.0
Jan 2025,SOM,19280850,Togdheer,current,2025-01-01,2025-03-31,3+,88090,0.1
Jan 2025,SOM,19280850,Togdheer,current,2025-01-01,2025-03-31,1,436320,0.49
Jan 2025,SOM,19280850,Togdheer,current,2025-01-01,2025-03-31,2,363080,0.41
Jan 2025,SOM,19280850,Togdheer,current,2025-01-01,2025-03-31,3,75040,0.08
Jan 2025,SOM,19280850,Togdheer,current,2025-01-01,2025-03-31,4,13050,0.01
Jan 2025,SOM,19280850,Togdheer,current,2025-01-01,2025-03-31,5,0,0
Jan 2025,SOM,19280850,Togdheer,first projection,2025-04-01,2025-06-30,all,887449,1.0
Jan 2025,SOM,19280850,Togdheer,first projection,2025-04-01,2025-06-30,3+,129960,0.15
Jan 2025,SOM,19280850,Togdheer,first projection,2025-04-01,2025-06-30,1,356650,0.4
Jan 2025,SOM,19280850,Togdheer,first projection,2025-04-01,2025-06-30,2,400840,0.45
Jan 2025,SOM,19280850,Togdheer,first projection,2025-04-01,2025-06-30,3,116910,0.13
Jan 2025,SOM,19280850,Togdheer,first projection,2025-04-01,2025-06-30,4,13050,0.01
Jan 2025,SOM,19280850,Togdheer,first projection,2025-04-01,2025-06-30,5,0,0
Jan 2025,SOM,19280850,Middle Shabelle,current,2025-01-01,2025-03-31,all,1044873,1.0
Jan 2025,SOM,19280850,Middle Shabelle,current,2025-01-01,2025-03-31,3+,189680,0.18
Jan 2025,SOM,19280850,Middle Shabelle,current,2025-01-01,2025-03-31,1,500080,0.48
Jan 2025,SOM,19280850,Middle Shabelle,current,2025-01-01,2025-03-31,2,355110,0.34
Jan 2025,SOM,19280850,Middle Shabelle,current,2025-01-01,2025-03-31,3,176470,0.17
Jan 2025,SOM,19280850,Middle Shabelle,current,2025-01-01,2025-03-31,4,13210,0.01
Jan 2025,SOM,19280850,Middle Shabelle,current,2025-01-01,2025-03-31,5,0,0
Jan 2025,SOM,19280850,Middle Shabelle,first projection,2025-04-01,2025-06-30,all,1044873,1.0
Jan 2025,SOM,19280850,Middle Shabelle,first projection,2025-04-01,2025-06-30,3+,195100,0.19
Jan 2025,SOM,19280850,Middle Shabelle,first projection,2025-04-01,2025-06-30,1,481310,0.46
Jan 2025,SOM,19280850,Middle Shabelle,first projection,2025-04-01,2025-06-30,2,368450,0.35
Jan 2025,SOM,19280850,Middle Shabelle,first projection,2025-04-01,2025-06-30,3,182560,0.17
Jan 2025,SOM,19280850,Middle Shabelle,first projection,2025-04-01,2025-06-30,4,12540,0.01
Jan 2025,SOM,19280850,Middle Shabelle,first projection,2025-04-01,2025-06-30,5,0,0
Jan 2025,SOM,19280850,Bakool,current,2025-01-01,2025-03-31,all,560266,1.0
Jan 2025,SOM,19280850,Bakool,current,2025-01-01,2025-03-31,3+,112660,0.2
Jan 2025,SOM,19280850,Bakool,current,2025-01-01,2025-03-31,1,288120,0.51
Jan 2025,SOM,19280850,Bakool,current,2025-01-01,2025-03-31,2,159510,0.28
Jan 2025,SOM,19280850,Bakool,current,2025-01-01,2025-03-31,3,102460,0.18
Jan 2025,SOM,19280850,Bakool,current,2025-01-01,2025-03-31,4,10200,0.02
Jan 2025,SOM,19280850,Bakool,current,2025-01-01,2025-03-31,5,0,0
Jan 2025,SOM,19280850,Bakool,first projection,2025-04-01,2025-06-30,all,560266,1.0
Jan 2025,SOM,19280850,Bakool,first projection,2025-04-01,2025-06-30,3+,143840,0.26
Jan 2025,SOM,19280850,Bakool,first projection,2025-04-01,2025-06-30,1,225320,0.4
Jan 2025,SOM,19280850,Bakool,first projection,2025-04-01,2025-06-30,2,191140,0.34
Jan 2025,SOM,19280850,Bakool,first projection,2025-04-01,2025-06-30,3,117850,0.21
Jan 2025,SOM,19280850,Bakool,first projection,2025-04-01,2025-06-30,4,25990,0.05
Jan 2025,SOM,19280850,Bakool,first projection,2025-04-01,2025-06-30,5,0,0
Jan 2025,SOM,19280850,Nugaal,current,2025-01-01,2025-03-31,all,651465,1.0
Jan 2025,SOM,19280850,Nugaal,current,2025-01-01,2025-03-31,3+,91960,0.14
Jan 2025,SOM,19280850,Nugaal,current,2025-01-01,2025-03-31,1,297850,0.46
Jan 2025,SOM,19280850,Nugaal,current,2025-01-01,2025-03-31,2,261630,0.4
Jan 2025,SOM,19280850,Nugaal,current,2025-01-01,2025-03-31,3,91960,0.14
Jan 2025,SOM,19280850,Nugaal,current,2025-01-01,2025-03-31,4,0,0
Jan 2025,SOM,19280850,Nugaal,current,2025-01-01,2025-03-31,5,0,0
Jan 2025,SOM,19280850,Nugaal,first projection,2025-04-01,2025-06-30,all,651465,1.0
Jan 2025,SOM,19280850,Nugaal,first projection,2025-04-01,2025-06-30,3+,123250,0.19
Jan 2025,SOM,19280850,Nugaal,first projection,2025-04-01,2025-06-30,1,243050,0.37
Jan 2025,SOM,19280850,Nugaal,first projection,2025-04-01,2025-06-30,2,285160,0.44
Jan 2025,SOM,19280850,Nugaal,first projection,2025-04-01,2025-06-30,3,123250,0.19
Jan 2025,SOM,19280850,Nugaal,first projection,2025-04-01,2025-06-30,4,0,0
Jan 2025,SOM,19280850,Nugaal,first projection,2025-04-01,2025-06-30,5,0,0
Aug 2024,SOM,18706931,Mudug,current,2024-07-01,2024-09-30,all,1470309,1.0
Aug 2024,SOM,18706931,Mudug,current,2024-07-01,2024-09-30,3+,346990,0.24
Aug 2024,SOM,18706931,Mudug,current,2024-07-01,2024-09-30,1,568930,0.39
Aug 2024,SOM,18706931,Mudug,current,2024-07-01,2024-09-30,2,554400,0.38
Aug 2024,SOM,18706931,Mudug,current,2024-07-01,2024-09-30,3,286670,0.19
Aug 2024,SOM,18706931,Mudug,current,2024-07-01,2024-09-30,4,60320,0.04
Aug 2024,SOM,18706931,Mudug,current,2024-07-01,2024-09-30,5,0,0
Aug 2024,SOM,18706931,Mudug,first projection,2024-10-01,2024-12-31,all,1470309,1.0
Aug 2024,SOM,18706931,Mudug,first projection,2024-10-01,2024-12-31,3+,437430,0.3
Aug 2024,SOM,18706931,Mudug,first projection,2024-10-01,2024-12-31,1,516230,0.35
Aug 2024,SOM,18706931,Mudug,first projection,2024-10-01,2024-12-31,2,516630,0.35
Aug 2024,SOM,18706931,Mudug,first projection,2024-10-01,2024-12-31,3,351280,0.24
Aug 2024,SOM,18706931,Mudug,first projection,2024-10-01,2024-12-31,4,86150,0.06
Aug 2024,SOM,18706931,Mudug,first projection,2024-10-01,2024-12-31,5,0,0
Aug 2024,SOM,18706931,Bari,current,2024-07-01,2024-09-30,all,1232231,1.0
Aug 2024,SOM,18706931,Bari,current,2024-07-01,2024-09-30,3+,209380,0.17
Aug 2024,SOM,18706931,Bari,current,2024-07-01,2024-09-30,1,646290,0.52
Aug 2024,SOM,18706931,Bari,current,2024-07-01,2024-09-30,2,376570,0.31
Aug 2024,SOM,18706931,Bari,current,2024-07-01,2024-09-30,3,160980,0.13
Aug 2024,SOM,18706931,Bari,current,2024-07-01,2024-09-30,4,48400,0.04
Aug 2024,SOM,18706931,Bari,current,2024-07-01,2024-09-30,5,0,0
Aug 2024,SOM,18706931,Bari,first projection,2024-10-01,2024-12-31,all,1232231,1.0
Aug 2024,SOM,18706931,Bari,first projection,2024-10-01,2024-12-31,3+,193380,0.16
Aug 2024,SOM,18706931,Bari,first projection,2024-10-01,2024-12-31,1,662300,0.54
Aug 2024,SOM,18706931,Bari,first projection,2024-10-01,2024-12-31,2,376570,0.31
Aug 2024,SOM,18706931,Bari,first projection,2024-10-01,2024-12-31,3,153540,0.12
Aug 2024,SOM,18706931,Bari,first projection,2024-10-01,2024-12-31,4,39840,0.03
Aug 2024,SOM,18706931,Bari,first projection,2024-10-01,2024-12-31,5,0,0
Aug 2024,SOM,18706931,Bakool,current,2024-07-01,2024-09-30,all,543371,1.0
Aug 2024,SOM,18706931,Bakool,current,2024-07-01,2024-09-30,3+,104560,0.19
Aug 2024,SOM,18706931,Bakool,current,2024-07-01,2024-09-30,1,307530,0.57
Aug 2024,SOM,18706931,Bakool,current,2024-07-01,2024-09-30,2,131240,0.24
Aug 2024,SOM,18706931,Bakool,current,2024-07-01,2024-09-30,3,69220,0.13
Aug 2024,SOM,18706931,Bakool,current,2024-07-01,2024-09-30,4,35340,0.07
Aug 2024,SOM,18706931,Bakool,current,2024-07-01,2024-09-30,5,0,0
Aug 2024,SOM,18706931,Bakool,first projection,2024-10-01,2024-12-31,all,543371,1.0
Aug 2024,SOM,18706931,Bakool,first projection,2024-10-01,2024-12-31,3+,147190,0.27
Aug 2024,SOM,18706931,Bakool,first projection,2024-10-01,2024-12-31,1,243090,0.45
Aug 2024,SOM,18706931,Bakool,first projection,2024-10-01,2024-12-31,2,153070,0.28
Aug 2024,SOM,18706931,Bakool,first projection,2024-10-01,2024-12-31,3,99380,0.18
Aug 2024,SOM,18706931,Bakool,first projection,2024-10-01,2024-12-31,4,47810,0.09
Aug 2024,SOM,18706931,Bakool,first projection,2024-10-01,2024-12-31,5,0,0
Aug 2024,SOM,18706931,Gedo,current,2024-07-01,2024-09-30,all,975586,1.0
Aug 2024,SOM,18706931,Gedo,current,2024-07-01,2024-09-30,3+,201810,0.21
Aug 2024,SOM,18706931,Gedo,current,2024-07-01,2024-09-30,1,482880,0.49
Aug 2024,SOM,18706931,Gedo,current,2024-07-01,2024-09-30,2,290860,0.3
Aug 2024,SOM,18706931,Gedo,current,2024-07-01,2024-09-30,3,157750,0.16
Aug 2024,SOM,18706931,Gedo,current,2024-07-01,2024-09-30,4,44060,0.05
Aug 2024,SOM,18706931,Gedo,current,2024-07-01,2024-09-30,5,0,0
Aug 2024,SOM,18706931,Gedo,first projection,2024-10-01,2024-12-31,all,975586,1.0
Aug 2024,SOM,18706931,Gedo,first projection,2024-10-01,2024-12-31,3+,208900,0.21
Aug 2024,SOM,18706931,Gedo,first projection,2024-10-01,2024-12-31,1,451840,0.46
Aug 2024,SOM,18706931,Gedo,first projection,2024-10-01,2024-12-31,2,314840,0.32
Aug 2024,SOM,18706931,Gedo,first projection,2024-10-01,2024-12-31,3,170370,0.17
Aug 2024,SOM,18706931,Gedo,first projection,2024-10-01,2024-12-31,4,38530,0.04
Aug 2024,SOM,18706931,Gedo,first projection,2024-10-01,2024-12-31,5,0,0
Aug 2024,SOM,18706931,Nugaal,current,2024-07-01,2024-09-30,all,631810,1.0
Aug 2024,SOM,18706931,Nugaal,current,2024-07-01,2024-09-30,3+,99270,0.16
Aug 2024,SOM,18706931,Nugaal,current,2024-07-01,2024-09-30,1,321720,0.51
Aug 2024,SOM,18706931,Nugaal,current,2024-07-01,2024-09-30,2,210820,0.33
Aug 2024,SOM,18706931,Nugaal,current,2024-07-01,2024-09-30,3,93090,0.15
Aug 2024,SOM,18706931,Nugaal,current,2024-07-01,2024-09-30,4,6180,0.01
Aug 2024,SOM,18706931,Nugaal,current,2024-07-01,2024-09-30,5,0,0
Aug 2024,SOM,18706931,Nugaal,first projection,2024-10-01,2024-12-31,all,631810,1.0
Aug 2024,SOM,18706931,Nugaal,first projection,2024-10-01,2024-12-31,3+,99270,0.16
Aug 2024,SOM,18706931,Nugaal,first projection,2024-10-01,2024-12-31,1,321720,0.51
Aug 2024,SOM,18706931,Nugaal,first projection,2024-10-01,2024-12-31,2,210820,0.33
Aug 2024,SOM,18706931,Nugaal,first projection,2024-10-01,2024-12-31,3,93090,0.15
Aug 2024,SOM,18706931,Nugaal,first projection,2024-10-01,2024-12-31,4,6180,0.01
Aug 2024,SOM,18706931,Nugaal,first projection,2024-10-01,2024-12-31,5,0,0
Aug 2024,SOM,18706931,Awdal,current,2024-07-01,2024-09-30,all,636108,1.0
Aug 2024,SOM,18706931,Awdal,current,2024-07-01,2024-09-30,3+,103850,0.16
Aug 2024,SOM,18706931,Awdal,current,2024-07-01,2024-09-30,1,299900,0.47
Aug 2024,SOM,18706931,Awdal,current,2024-07-01,2024-09-30,2,232410,0.37
Aug 2024,SOM,18706931,Awdal,current,2024-07-01,2024-09-30,3,88220,0.14
Aug 2024,SOM,18706931,Awdal,current,2024-07-01,2024-09-30,4,15630,0.02
Aug 2024,SOM,18706931,Awdal,current,2024-07-01,2024-09-30,5,0,0
Aug 2024,SOM,18706931,Awdal,first projection,2024-10-01,2024-12-31,all,636108,1.0
Aug 2024,SOM,18706931,Awdal,first projection,2024-10-01,2024-12-31,3+,86200,0.14
Aug 2024,SOM,18706931,Awdal,first projection,2024-10-01,2024-12-31,1,288120,0.45
Aug 2024,SOM,18706931,Awdal,first projection,2024-10-01,2024-12-31,2,261800,0.41
Aug 2024,SOM,18706931,Awdal,first projection,2024-10-01,2024-12-31,3,78920,0.12
Aug 2024,SOM,18706931,Awdal,first projection,2024-10-01,2024-12-31,4,7280,0.01
Aug 2024,SOM,18706931,Awdal,first projection,2024-10-01,2024-12-31,5,0,0
Aug 2024,SOM,18706931,Sanaag,current,2024-07-01,2024-09-30,all,428699,1.0
Aug 2024,SOM,18706931,Sanaag,current,2024-07-01,2024-09-30,3+,65890,0.15
Aug 2024,SOM,18706931,Sanaag,current,2024-07-01,2024-09-30,1,189150,0.44
Aug 2024,SOM,18706931,Sanaag,current,2024-07-01,2024-09-30,2,173650,0.41
Aug 2024,SOM,18706931,Sanaag,current,2024-07-01,2024-09-30,3,60010,0.14
Aug 2024,SOM,18706931,Sanaag,current,2024-07-01,2024-09-30,4,5880,0.01
Aug 2024,SOM,18706931,Sanaag,current,2024-07-01,2024-09-30,5,0,0
Aug 2024,SOM,18706931,Sanaag,first projection,2024-10-01,2024-12-31,all,428699,1.0
Aug 2024,SOM,18706931,Sanaag,first projection,2024-10-01,2024-12-31,3+,65310,0.15
Aug 2024,SOM,18706931,Sanaag,first projection,2024-10-01,2024-12-31,1,177920,0.42
Aug 2024,SOM,18706931,Sanaag,first projection,2024-10-01,2024-12-31,2,185450,0.43
Aug 2024,SOM,18706931,Sanaag,first projection,2024-10-01,2024-12-31,3,59430,0.14
Aug 2024,SOM,18706931,Sanaag,first projection,2024-10-01,2024-12-31,4,5880,0.01
Aug 2024,SOM,18706931,Sanaag,first projection,2024-10-01,2024-12-31,5,0,0
Aug 2024,SOM,18706931,Bay,current,2024-07-01,2024-09-30,all,1247975,1.0
Aug 2024,SOM,18706931,Bay,current,2024-07-01,2024-09-30,3+,458810,0.37
Aug 2024,SOM,18706931,Bay,current,2024-07-01,2024-09-30,1,401900,0.32
Aug 2024,SOM,18706931,Bay,current,2024-07-01,2024-09-30,2,387270,0.31
Aug 2024,SOM,18706931,Bay,current,2024-07-01,2024-09-30,3,307590,0.25
Aug 2024,SOM,18706931,Bay,current,2024-07-01,2024-09-30,4,151220,0.12
Aug 2024,SOM,18706931,Bay,current,2024-07-01,2024-09-30,5,0,0
Aug 2024,SOM,18706931,Bay,first projection,2024-10-01,2024-12-31,all,1247975,1.0
Aug 2024,SOM,18706931,Bay,first projection,2024-10-01,2024-12-31,3+,612200,0.49
Aug 2024,SOM,18706931,Bay,first projection,2024-10-01,2024-12-31,1,191630,0.15
Aug 2024,SOM,18706931,Bay,first projection,2024-10-01,2024-12-31,2,444140,0.36
Aug 2024,SOM,18706931,Bay,first projection,2024-10-01,2024-12-31,3,401520,0.32
Aug 2024,SOM,18706931,Bay,first projection,2024-10-01,2024-12-31,4,210680,0.17
Aug 2024,SOM,18706931,Bay,first projection,2024-10-01,2024-12-31,5,0,0
Aug 2024,SOM,18706931,Woqooyi Galbeed,current,2024-07-01,2024-09-30,all,1447484,1.0
Aug 2024,SOM,18706931,Woqooyi Galbeed,current,2024-07-01,2024-09-30,3+,232073,0.16
Aug 2024,SOM,18706931,Woqooyi Galbeed,current,2024-07-01,2024-09-30,1,673750,0.47
Aug 2024,SOM,18706931,Woqooyi Galbeed,current,2024-07-01,2024-09-30,2,541639,0.37
Aug 2024,SOM,18706931,Woqooyi Galbeed,current,2024-07-01,2024-09-30,3,195462,0.14
Aug 2024,SOM,18706931,Woqooyi Galbeed,current,2024-07-01,2024-09-30,4,36611,0.03
Aug 2024,SOM,18706931,Woqooyi Galbeed,current,2024-07-01,2024-09-30,5,0,0
Aug 2024,SOM,18706931,Woqooyi Galbeed,first projection,2024-10-01,2024-12-31,all,1447484,1.0
Aug 2024,SOM,18706931,Woqooyi Galbeed,first projection,2024-10-01,2024-12-31,3+,208210,0.14
Aug 2024,SOM,18706931,Woqooyi Galbeed,first projection,2024-10-01,2024-12-31,1,672700,0.46
Aug 2024,SOM,18706931,Woqooyi Galbeed,first projection,2024-10-01,2024-12-31,2,566570,0.39
Aug 2024,SOM,18706931,Woqooyi Galbeed,first projection,2024-10-01,2024-12-31,3,195050,0.13
Aug 2024,SOM,18706931,Woqooyi Galbeed,first projection,2024-10-01,2024-12-31,4,13160,0.01
Aug 2024,SOM,18706931,Woqooyi Galbeed,first projection,2024-10-01,2024-12-31,5,0,0
Aug 2024,SOM,18706931,Banadir,current,2024-07-01,2024-09-30,all,3171391,1.0
Aug 2024,SOM,18706931,Banadir,current,2024-07-01,2024-09-30,3+,494790,0.16
Aug 2024,SOM,18706931,Banadir,current,2024-07-01,2024-09-30,1,1786270,0.56
Aug 2024,SOM,18706931,Banadir,current,2024-07-01,2024-09-30,2,890340,0.28
Aug 2024,SOM,18706931,Banadir,current,2024-07-01,2024-09-30,3,347190,0.11
Aug 2024,SOM,18706931,Banadir,current,2024-07-01,2024-09-30,4,147600,0.05
Aug 2024,SOM,18706931,Banadir,current,2024-07-01,2024-09-30,5,0,0
Aug 2024,SOM,18706931,Banadir,first projection,2024-10-01,2024-12-31,all,3171391,1.0
Aug 2024,SOM,18706931,Banadir,first projection,2024-10-01,2024-12-31,3+,761830,0.24
Aug 2024,SOM,18706931,Banadir,first projection,2024-10-01,2024-12-31,1,1360670,0.43
Aug 2024,SOM,18706931,Banadir,first projection,2024-10-01,2024-12-31,2,1048910,0.33
Aug 2024,SOM,18706931,Banadir,first projection,2024-10-01,2024-12-31,3,523100,0.16
Aug 2024,SOM,18706931,Banadir,first projection,2024-10-01,2024-12-31,4,238730,0.08
Aug 2024,SOM,18706931,Banadir,first projection,2024-10-01,2024-12-31,5,0,0
Aug 2024,SOM,18706931,Lower Shabelle,current,2024-07-01,2024-09-30,all,1593117,1.0
Aug 2024,SOM,18706931,Lower Shabelle,current,2024-07-01,2024-09-30,3+,208100,0.13
Aug 2024,SOM,18706931,Lower Shabelle,current,2024-07-01,2024-09-30,1,968310,0.61
Aug 2024,SOM,18706931,Lower Shabelle,current,2024-07-01,2024-09-30,2,416720,0.26
Aug 2024,SOM,18706931,Lower Shabelle,current,2024-07-01,2024-09-30,3,197280,0.12
Aug 2024,SOM,18706931,Lower Shabelle,current,2024-07-01,2024-09-30,4,10820,0.01
Aug 2024,SOM,18706931,Lower Shabelle,current,2024-07-01,2024-09-30,5,0,0
Aug 2024,SOM,18706931,Lower Shabelle,first projection,2024-10-01,2024-12-31,all,1593117,1.0
Aug 2024,SOM,18706931,Lower Shabelle,first projection,2024-10-01,2024-12-31,3+,335580,0.21
Aug 2024,SOM,18706931,Lower Shabelle,first projection,2024-10-01,2024-12-31,1,760060,0.48
Aug 2024,SOM,18706931,Lower Shabelle,first projection,2024-10-01,2024-12-31,2,497510,0.31
Aug 2024,SOM,18706931,Lower Shabelle,first projection,2024-10-01,2024-12-31,3,275430,0.17
Aug 2024,SOM,18706931,Lower Shabelle,first projection,2024-10-01,2024-12-31,4,60150,0.04
Aug 2024,SOM,18706931,Lower Shabelle,first projection,2024-10-01,2024-12-31,5,0,0
Aug 2024,SOM,18706931,Sool,current,2024-07-01,2024-09-30,all,548975,1.0
Aug 2024,SOM,18706931,Sool,current,2024-07-01,2024-09-30,3+,118530,0.22
Aug 2024,SOM,18706931,Sool,current,2024-07-01,2024-09-30,1,184880,0.34
Aug 2024,SOM,18706931,Sool,current,2024-07-01,2024-09-30,2,245560,0.45
Aug 2024,SOM,18706931,Sool,current,2024-07-01,2024-09-30,3,110930,0.2
Aug 2024,SOM,18706931,Sool,current,2024-07-01,2024-09-30,4,7600,0.01
Aug 2024,SOM,18706931,Sool,current,2024-07-01,2024-09-30,5,0,0
Aug 2024,SOM,18706931,Sool,first projection,2024-10-01,2024-12-31,all,548975,1.0
Aug 2024,SOM,18706931,Sool,first projection,2024-10-01,2024-12-31,3+,128820,0.23
Aug 2024,SOM,18706931,Sool,first projection,2024-10-01,2024-12-31,1,173930,0.32
Aug 2024,SOM,18706931,Sool,first projection,2024-10-01,2024-12-31,2,246230,0.45
Aug 2024,SOM,18706931,Sool,first projection,2024-10-01,2024-12-31,3,114570,0.21
Aug 2024,SOM,18706931,Sool,first projection,2024-10-01,2024-12-31,4,14250,0.03
Aug 2024,SOM,18706931,Sool,first projection,2024-10-01,2024-12-31,5,0,0
Aug 2024,SOM,18706931,Hiraan,current,2024-07-01,2024-09-30,all,504816,1.0
Aug 2024,SOM,18706931,Hiraan,current,2024-07-01,2024-09-30,3+,75830,0.15
Aug 2024,SOM,18706931,Hiraan,current,2024-07-01,2024-09-30,1,204430,0.4
Aug 2024,SOM,18706931,Hiraan,current,2024-07-01,2024-09-30,2,224570,0.44
Aug 2024,SOM,18706931,Hiraan,current,2024-07-01,2024-09-30,3,70220,0.14
Aug 2024,SOM,18706931,Hiraan,current,2024-07-01,2024-09-30,4,5610,0.01
Aug 2024,SOM,18706931,Hiraan,current,2024-07-01,2024-09-30,5,0,0
Aug 2024,SOM,18706931,Hiraan,first projection,2024-10-01,2024-12-31,all,504816,1.0
Aug 2024,SOM,18706931,Hiraan,first projection,2024-10-01,2024-12-31,3+,104450,0.21
Aug 2024,SOM,18706931,Hiraan,first projection,2024-10-01,2024-12-31,1,167200,0.33
Aug 2024,SOM,18706931,Hiraan,first projection,2024-10-01,2024-12-31,2,233200,0.46
Aug 2024,SOM,18706931,Hiraan,first projection,2024-10-01,2024-12-31,3,92070,0.18
Aug 2024,SOM,18706931,Hiraan,first projection,2024-10-01,2024-12-31,4,12380,0.02
Aug 2024,SOM,18706931,Hiraan,first projection,2024-10-01,2024-12-31,5,0,0
Aug 2024,SOM,18706931,Lower Juba,current,2024-07-01,2024-09-30,all,1158256,1.0
Aug 2024,SOM,18706931,Lower Juba,current,2024-07-01,2024-09-30,3+,190010,0.16
Aug 2024,SOM,18706931,Lower Juba,current,2024-07-01,2024-09-30,1,694470,0.6
Aug 2024,SOM,18706931,Lower Juba,current,2024-07-01,2024-09-30,2,273760,0.24
Aug 2024,SOM,18706931,Lower Juba,current,2024-07-01,2024-09-30,3,155410,0.13
Aug 2024,SOM,18706931,Lower Juba,current,2024-07-01,2024-09-30,4,34600,0.03
Aug 2024,SOM,18706931,Lower Juba,current,2024-07-01,2024-09-30,5,0,0
Aug 2024,SOM,18706931,Lower Juba,first projection,2024-10-01,2024-12-31,all,1158256,1.0
Aug 2024,SOM,18706931,Lower Juba,first projection,2024-10-01,2024-12-31,3+,206350,0.18
Aug 2024,SOM,18706931,Lower Juba,first projection,2024-10-01,2024-12-31,1,636840,0.55
Aug 2024,SOM,18706931,Lower Juba,first projection,2024-10-01,2024-12-31,2,315040,0.27
Aug 2024,SOM,18706931,Lower Juba,first projection,2024-10-01,2024-12-31,3,171750,0.15
Aug 2024,SOM,18706931,Lower Juba,first projection,2024-10-01,2024-12-31,4,34600,0.03
Aug 2024,SOM,18706931,Lower Juba,first projection,2024-10-01,2024-12-31,5,0,0
Aug 2024,SOM,18706931,Togdheer,current,2024-07-01,2024-09-30,all,860684,1.0
Aug 2024,SOM,18706931,Togdheer,current,2024-07-01,2024-09-30,3+,134240,0.16
Aug 2024,SOM,18706931,Togdheer,current,2024-07-01,2024-09-30,1,391900,0.46
Aug 2024,SOM,18706931,Togdheer,current,2024-07-01,2024-09-30,2,334580,0.39
Aug 2024,SOM,18706931,Togdheer,current,2024-07-01,2024-09-30,3,121570,0.14
Aug 2024,SOM,18706931,Togdheer,current,2024-07-01,2024-09-30,4,12670,0.01
Aug 2024,SOM,18706931,Togdheer,current,2024-07-01,2024-09-30,5,0,0
Aug 2024,SOM,18706931,Togdheer,first projection,2024-10-01,2024-12-31,all,860684,1.0
Aug 2024,SOM,18706931,Togdheer,first projection,2024-10-01,2024-12-31,3+,169510,0.2
Aug 2024,SOM,18706931,Togdheer,first projection,2024-10-01,2024-12-31,1,344380,0.4
Aug 2024,SOM,18706931,Togdheer,first projection,2024-10-01,2024-12-31,2,346810,0.4
Aug 2024,SOM,18706931,Togdheer,first projection,2024-10-01,2024-12-31,3,149710,0.17
Aug 2024,SOM,18706931,Togdheer,first projection,2024-10-01,2024-12-31,4,19800,0.02
Aug 2024,SOM,18706931,Togdheer,first projection,2024-10-01,2024-12-31,5,0,0
Aug 2024,SOM,18706931,Middle Shabelle,current,2024-07-01,2024-09-30,all,1013352,1.0
Aug 2024,SOM,18706931,Middle Shabelle,current,2024-07-01,2024-09-30,3+,220760,0.22
Aug 2024,SOM,18706931,Middle Shabelle,current,2024-07-01,2024-09-30,1,500030,0.49
Aug 2024,SOM,18706931,Middle Shabelle,current,2024-07-01,2024-09-30,2,292570,0.29
Aug 2024,SOM,18706931,Middle Shabelle,current,2024-07-01,2024-09-30,3,188660,0.19
Aug 2024,SOM,18706931,Middle Shabelle,current,2024-07-01,2024-09-30,4,32100,0.03
Aug 2024,SOM,18706931,Middle Shabelle,current,2024-07-01,2024-09-30,5,0,0
Aug 2024,SOM,18706931,Middle Shabelle,first projection,2024-10-01,2024-12-31,all,1013352,1.0
Aug 2024,SOM,18706931,Middle Shabelle,first projection,2024-10-01,2024-12-31,3+,276510,0.27
Aug 2024,SOM,18706931,Middle Shabelle,first projection,2024-10-01,2024-12-31,1,403610,0.4
Aug 2024,SOM,18706931,Middle Shabelle,first projection,2024-10-01,2024-12-31,2,333250,0.33
Aug 2024,SOM,18706931,Middle Shabelle,first projection,2024-10-01,2024-12-31,3,213460,0.21
Aug 2024,SOM,18706931,Middle Shabelle,first projection,2024-10-01,2024-12-31,4,63050,0.06
Aug 2024,SOM,18706931,Middle Shabelle,first projection,2024-10-01,2024-12-31,5,0,0
Aug 2024,SOM,18706931,Middle Juba,current,2024-07-01,2024-09-30,all,430129,1.0
Aug 2024,SOM,18706931,Middle Juba,current,2024-07-01,2024-09-30,3+,92170,0.21
Aug 2024,SOM,18706931,Middle Juba,current,2024-07-01,2024-09-30,1,179190,0.42
Aug 2024,SOM,18706931,Middle Juba,current,2024-07-01,2024-09-30,2,158730,0.37
Aug 2024,SOM,18706931,Middle Juba,current,2024-07-01,2024-09-30,3,81670,0.19
Aug 2024,SOM,18706931,Middle Juba,current,2024-07-01,2024-09-30,4,10500,0.02
Aug 2024,SOM,18706931,Middle Juba,current,2024-07-01,2024-09-30,5,0,0
Aug 2024,SOM,18706931,Middle Juba,first projection,2024-10-01,2024-12-31,all,430129,1.0
Aug 2024,SOM,18706931,Middle Juba,first projection,2024-10-01,2024-12-31,3+,63310,0.15
Aug 2024,SOM,18706931,Middle Juba,first projection,2024-10-01,2024-12-31,1,198500,0.46
Aug 2024,SOM,18706931,Middle Juba,first projection,2024-10-01,2024-12-31,2,168310,0.39
Aug 2024,SOM,18706931,Middle Juba,first projection,2024-10-01,2024-12-31,3,61730,0.14
Aug 2024,SOM,18706931,Middle Juba,first projection,2024-10-01,2024-12-31,4,1580,0
Aug 2024,SOM,18706931,Middle Juba,first projection,2024-10-01,2024-12-31,5,0,0
Aug 2024,SOM,18706931,Galgaduud,current,2024-07-01,2024-09-30,all,812638,1.0
Aug 2024,SOM,18706931,Galgaduud,current,2024-07-01,2024-09-30,3+,222460,0.27
Aug 2024,SOM,18706931,Galgaduud,current,2024-07-01,2024-09-30,1,272570,0.34
Aug 2024,SOM,18706931,Galgaduud,current,2024-07-01,2024-09-30,2,317610,0.39
Aug 2024,SOM,18706931,Galgaduud,current,2024-07-01,2024-09-30,3,163390,0.2
Aug 2024,SOM,18706931,Galgaduud,current,2024-07-01,2024-09-30,4,59070,0.07
Aug 2024,SOM,18706931,Galgaduud,current,2024-07-01,2024-09-30,5,0,0
Aug 2024,SOM,18706931,Galgaduud,first projection,2024-10-01,2024-12-31,all,812638,1.0
Aug 2024,SOM,18706931,Galgaduud,first projection,2024-10-01,2024-12-31,3+,283660,0.35
Aug 2024,SOM,18706931,Galgaduud,first projection,2024-10-01,2024-12-31,1,214110,0.26
Aug 2024,SOM,18706931,Galgaduud,first projection,2024-10-01,2024-12-31,2,314820,0.39
Aug 2024,SOM,18706931,Galgaduud,first projection,2024-10-01,2024-12-31,3,202040,0.25
Aug 2024,SOM,18706931,Galgaduud,first projection,2024-10-01,2024-12-31,4,81620,0.1
Aug 2024,SOM,18706931,Galgaduud,first projection,2024-10-01,2024-12-31,5,0,0
Jan 2024,SOM,18706931,Bakool,current,2024-01-01,2024-03-31,all,543371,1.0
Jan 2024,SOM,18706931,Bakool,current,2024-01-01,2024-03-31,3+,98200,0.18
Jan 2024,SOM,18706931,Bakool,current,2024-01-01,2024-03-31,1,281370,0.52
Jan 2024,SOM,18706931,Bakool,current,2024-01-01,2024-03-31,2,163820,0.3
Jan 2024,SOM,18706931,Bakool,current,2024-01-01,2024-03-31,3,86660,0.16
Jan 2024,SOM,18706931,Bakool,current,2024-01-01,2024-03-31,4,11540,0.02
Jan 2024,SOM,18706931,Bakool,current,2024-01-01,2024-03-31,5,0,0
Jan 2024,SOM,18706931,Bakool,first projection,2024-04-01,2024-06-30,all,543371,1.0
Jan 2024,SOM,18706931,Bakool,first projection,2024-04-01,2024-06-30,3+,101600,0.19
Jan 2024,SOM,18706931,Bakool,first projection,2024-04-01,2024-06-30,1,290500,0.53
Jan 2024,SOM,18706931,Bakool,first projection,2024-04-01,2024-06-30,2,151270,0.28
Jan 2024,SOM,18706931,Bakool,first projection,2024-04-01,2024-06-30,3,80590,0.15
Jan 2024,SOM,18706931,Bakool,first projection,2024-04-01,2024-06-30,4,21010,0.04
Jan 2024,SOM,18706931,Bakool,first projection,2024-04-01,2024-06-30,5,0,0
Jan 2024,SOM,18706931,Awdal,current,2024-01-01,2024-03-31,all,636108,1.0
Jan 2024,SOM,18706931,Awdal,current,2024-01-01,2024-03-31,3+,96620,0.15
Jan 2024,SOM,18706931,Awdal,current,2024-01-01,2024-03-31,1,278310,0.44
Jan 2024,SOM,18706931,Awdal,current,2024-01-01,2024-03-31,2,261190,0.41
Jan 2024,SOM,18706931,Awdal,current,2024-01-01,2024-03-31,3,88070,0.14
Jan 2024,SOM,18706931,Awdal,current,2024-01-01,2024-03-31,4,8550,0.01
Jan 2024,SOM,18706931,Awdal,current,2024-01-01,2024-03-31,5,0,0
Jan 2024,SOM,18706931,Awdal,first projection,2024-04-01,2024-06-30,all,636108,1.0
Jan 2024,SOM,18706931,Awdal,first projection,2024-04-01,2024-06-30,3+,73700,0.12
Jan 2024,SOM,18706931,Awdal,first projection,2024-04-01,2024-06-30,1,297910,0.47
Jan 2024,SOM,18706931,Awdal,first projection,2024-04-01,2024-06-30,2,264490,0.42
Jan 2024,SOM,18706931,Awdal,first projection,2024-04-01,2024-06-30,3,71660,0.11
Jan 2024,SOM,18706931,Awdal,first projection,2024-04-01,2024-06-30,4,2040,0
Jan 2024,SOM,18706931,Awdal,first projection,2024-04-01,2024-06-30,5,0,0
Jan 2024,SOM,18706931,Lower Shabelle,current,2024-01-01,2024-03-31,all,1593117,1.0
Jan 2024,SOM,18706931,Lower Shabelle,current,2024-01-01,2024-03-31,3+,399270,0.25
Jan 2024,SOM,18706931,Lower Shabelle,current,2024-01-01,2024-03-31,1,700630,0.44
Jan 2024,SOM,18706931,Lower Shabelle,current,2024-01-01,2024-03-31,2,493230,0.31
Jan 2024,SOM,18706931,Lower Shabelle,current,2024-01-01,2024-03-31,3,331870,0.21
Jan 2024,SOM,18706931,Lower Shabelle,current,2024-01-01,2024-03-31,4,67400,0.04
Jan 2024,SOM,18706931,Lower Shabelle,current,2024-01-01,2024-03-31,5,0,0
Jan 2024,SOM,18706931,Lower Shabelle,first projection,2024-04-01,2024-06-30,all,1593117,1.0
Jan 2024,SOM,18706931,Lower Shabelle,first projection,2024-04-01,2024-06-30,3+,277400,0.17
Jan 2024,SOM,18706931,Lower Shabelle,first projection,2024-04-01,2024-06-30,1,878160,0.55
Jan 2024,SOM,18706931,Lower Shabelle,first projection,2024-04-01,2024-06-30,2,437570,0.27
Jan 2024,SOM,18706931,Lower Shabelle,first projection,2024-04-01,2024-06-30,3,216770,0.14
Jan 2024,SOM,18706931,Lower Shabelle,first projection,2024-04-01,2024-06-30,4,60630,0.04
Jan 2024,SOM,18706931,Lower Shabelle,first projection,2024-04-01,2024-06-30,5,0,0
Jan 2024,SOM,18706931,Bay,current,2024-01-01,2024-03-31,all,1247975,1.0
Jan 2024,SOM,18706931,Bay,current,2024-01-01,2024-03-31,3+,457890,0.37
Jan 2024,SOM,18706931,Bay,current,2024-01-01,2024-03-31,1,435460,0.35
Jan 2024,SOM,18706931,Bay,current,2024-01-01,2024-03-31,2,354590,0.28
Jan 2024,SOM,18706931,Bay,current,2024-01-01,2024-03-31,3,344410,0.28
Jan 2024,SOM,18706931,Bay,current,2024-01-01,2024-03-31,4,113480,0.09
Jan 2024,SOM,18706931,Bay,current,2024-01-01,2024-03-31,5,0,0
Jan 2024,SOM,18706931,Bay,first projection,2024-04-01,2024-06-30,all,1247975,1.0
Jan 2024,SOM,18706931,Bay,first projection,2024-04-01,2024-06-30,3+,506350,0.41
Jan 2024,SOM,18706931,Bay,first projection,2024-04-01,2024-06-30,1,284540,0.23
Jan 2024,SOM,18706931,Bay,first projection,2024-04-01,2024-06-30,2,457070,0.37
Jan 2024,SOM,18706931,Bay,first projection,2024-04-01,2024-06-30,3,374560,0.3
Jan 2024,SOM,18706931,Bay,first projection,2024-04-01,2024-06-30,4,131790,0.11
Jan 2024,SOM,18706931,Bay,first projection,2024-04-01,2024-06-30,5,0,0
Jan 2024,SOM,18706931,Gedo,current,2024-01-01,2024-03-31,all,975586,1.0
Jan 2024,SOM,18706931,Gedo,current,2024-01-01,2024-03-31,3+,210460,0.22
Jan 2024,SOM,18706931,Gedo,current,2024-01-01,2024-03-31,1,464120,0.48
Jan 2024,SOM,18706931,Gedo,current,2024-01-01,2024-03-31,2,301020,0.31
Jan 2024,SOM,18706931,Gedo,current,2024-01-01,2024-03-31,3,155570,0.16
Jan 2024,SOM,18706931,Gedo,current,2024-01-01,2024-03-31,4,54890,0.06
Jan 2024,SOM,18706931,Gedo,current,2024-01-01,2024-03-31,5,0,0
Jan 2024,SOM,18706931,Gedo,first projection,2024-04-01,2024-06-30,all,975586,1.0
Jan 2024,SOM,18706931,Gedo,first projection,2024-04-01,2024-06-30,3+,181050,0.19
Jan 2024,SOM,18706931,Gedo,first projection,2024-04-01,2024-06-30,1,508930,0.52
Jan 2024,SOM,18706931,Gedo,first projection,2024-04-01,2024-06-30,2,285600,0.29
Jan 2024,SOM,18706931,Gedo,first projection,2024-04-01,2024-06-30,3,123080,0.13
Jan 2024,SOM,18706931,Gedo,first projection,2024-04-01,2024-06-30,4,57970,0.06
Jan 2024,SOM,18706931,Gedo,first projection,2024-04-01,2024-06-30,5,0,0
Jan 2024,SOM,18706931,Nugaal,current,2024-01-01,2024-03-31,all,631810,1.0
Jan 2024,SOM,18706931,Nugaal,current,2024-01-01,2024-03-31,3+,112350,0.18
Jan 2024,SOM,18706931,Nugaal,current,2024-01-01,2024-03-31,1,320870,0.51
Jan 2024,SOM,18706931,Nugaal,current,2024-01-01,2024-03-31,2,198600,0.31
Jan 2024,SOM,18706931,Nugaal,current,2024-01-01,2024-03-31,3,99010,0.16
Jan 2024,SOM,18706931,Nugaal,current,2024-01-01,2024-03-31,4,13340,0.02
Jan 2024,SOM,18706931,Nugaal,current,2024-01-01,2024-03-31,5,0,0
Jan 2024,SOM,18706931,Nugaal,first projection,2024-04-01,2024-06-30,all,631810,1.0
Jan 2024,SOM,18706931,Nugaal,first projection,2024-04-01,2024-06-30,3+,90590,0.14
Jan 2024,SOM,18706931,Nugaal,first projection,2024-04-01,2024-06-30,1,319740,0.51
Jan 2024,SOM,18706931,Nugaal,first projection,2024-04-01,2024-06-30,2,221490,0.35
Jan 2024,SOM,18706931,Nugaal,first projection,2024-04-01,2024-06-30,3,79680,0.13
Jan 2024,SOM,18706931,Nugaal,first projection,2024-04-01,2024-06-30,4,10910,0.02
Jan 2024,SOM,18706931,Nugaal,first projection,2024-04-01,2024-06-30,5,0,0
Jan 2024,SOM,18706931,Galgaduud,current,2024-01-01,2024-03-31,all,812638,1.0
Jan 2024,SOM,18706931,Galgaduud,current,2024-01-01,2024-03-31,3+,203200,0.25
Jan 2024,SOM,18706931,Galgaduud,current,2024-01-01,2024-03-31,1,321240,0.4
Jan 2024,SOM,18706931,Galgaduud,current,2024-01-01,2024-03-31,2,288210,0.35
Jan 2024,SOM,18706931,Galgaduud,current,2024-01-01,2024-03-31,3,165850,0.2
Jan 2024,SOM,18706931,Galgaduud,current,2024-01-01,2024-03-31,4,37350,0.05
Jan 2024,SOM,18706931,Galgaduud,current,2024-01-01,2024-03-31,5,0,0
Jan 2024,SOM,18706931,Galgaduud,first projection,2024-04-01,2024-06-30,all,812638,1.0
Jan 2024,SOM,18706931,Galgaduud,first projection,2024-04-01,2024-06-30,3+,132970,0.16
Jan 2024,SOM,18706931,Galgaduud,first projection,2024-04-01,2024-06-30,1,394340,0.49
Jan 2024,SOM,18706931,Galgaduud,first projection,2024-04-01,2024-06-30,2,285350,0.35
Jan 2024,SOM,18706931,Galgaduud,first projection,2024-04-01,2024-06-30,3,124930,0.15
Jan 2024,SOM,18706931,Galgaduud,first projection,2024-04-01,2024-06-30,4,8040,0.01
Jan 2024,SOM,18706931,Galgaduud,first projection,2024-04-01,2024-06-30,5,0,0
Jan 2024,SOM,18706931,Mudug,current,2024-01-01,2024-03-31,all,1470309,1.0
Jan 2024,SOM,18706931,Mudug,current,2024-01-01,2024-03-31,3+,352910,0.24
Jan 2024,SOM,18706931,Mudug,current,2024-01-01,2024-03-31,1,588830,0.4
Jan 2024,SOM,18706931,Mudug,current,2024-01-01,2024-03-31,2,528580,0.36
Jan 2024,SOM,18706931,Mudug,current,2024-01-01,2024-03-31,3,304030,0.21
Jan 2024,SOM,18706931,Mudug,current,2024-01-01,2024-03-31,4,48880,0.03
Jan 2024,SOM,18706931,Mudug,current,2024-01-01,2024-03-31,5,0,0
Jan 2024,SOM,18706931,Mudug,first projection,2024-04-01,2024-06-30,all,1470309,1.0
Jan 2024,SOM,18706931,Mudug,first projection,2024-04-01,2024-06-30,3+,251050,0.17
Jan 2024,SOM,18706931,Mudug,first projection,2024-04-01,2024-06-30,1,677390,0.46
Jan 2024,SOM,18706931,Mudug,first projection,2024-04-01,2024-06-30,2,541870,0.37
Jan 2024,SOM,18706931,Mudug,first projection,2024-04-01,2024-06-30,3,238430,0.16
Jan 2024,SOM,18706931,Mudug,first projection,2024-04-01,2024-06-30,4,12620,0.01
Jan 2024,SOM,18706931,Mudug,first projection,2024-04-01,2024-06-30,5,0,0
Jan 2024,SOM,18706931,Middle Juba,current,2024-01-01,2024-03-31,all,430129,1.0
Jan 2024,SOM,18706931,Middle Juba,current,2024-01-01,2024-03-31,3+,66030,0.15
Jan 2024,SOM,18706931,Middle Juba,current,2024-01-01,2024-03-31,1,219750,0.51
Jan 2024,SOM,18706931,Middle Juba,current,2024-01-01,2024-03-31,2,144290,0.34
Jan 2024,SOM,18706931,Middle Juba,current,2024-01-01,2024-03-31,3,51870,0.12
Jan 2024,SOM,18706931,Middle Juba,current,2024-01-01,2024-03-31,4,14160,0.03
Jan 2024,SOM,18706931,Middle Juba,current,2024-01-01,2024-03-31,5,0,0
Jan 2024,SOM,18706931,Middle Juba,first projection,2024-04-01,2024-06-30,all,430129,1.0
Jan 2024,SOM,18706931,Middle Juba,first projection,2024-04-01,2024-06-30,3+,57200,0.13
Jan 2024,SOM,18706931,Middle Juba,first projection,2024-04-01,2024-06-30,1,232250,0.54
Jan 2024,SOM,18706931,Middle Juba,first projection,2024-04-01,2024-06-30,2,140680,0.33
Jan 2024,SOM,18706931,Middle Juba,first projection,2024-04-01,2024-06-30,3,43040,0.1
Jan 2024,SOM,18706931,Middle Juba,first projection,2024-04-01,2024-06-30,4,14160,0.03
Jan 2024,SOM,18706931,Middle Juba,first projection,2024-04-01,2024-06-30,5,0,0
Jan 2024,SOM,18706931,Hiraan,current,2024-01-01,2024-03-31,all,504816,1.0
Jan 2024,SOM,18706931,Hiraan,current,2024-01-01,2024-03-31,3+,101530,0.2
Jan 2024,SOM,18706931,Hiraan,current,2024-01-01,2024-03-31,1,255440,0.51
Jan 2024,SOM,18706931,Hiraan,current,2024-01-01,2024-03-31,2,147880,0.29
Jan 2024,SOM,18706931,Hiraan,current,2024-01-01,2024-03-31,3,89150,0.18
Jan 2024,SOM,18706931,Hiraan,current,2024-01-01,2024-03-31,4,12380,0.02
Jan 2024,SOM,18706931,Hiraan,current,2024-01-01,2024-03-31,5,0,0
Jan 2024,SOM,18706931,Hiraan,first projection,2024-04-01,2024-06-30,all,504816,1.0
Jan 2024,SOM,18706931,Hiraan,first projection,2024-04-01,2024-06-30,3+,97560,0.19
Jan 2024,SOM,18706931,Hiraan,first projection,2024-04-01,2024-06-30,1,256030,0.51
Jan 2024,SOM,18706931,Hiraan,first projection,2024-04-01,2024-06-30,2,151270,0.3
Jan 2024,SOM,18706931,Hiraan,first projection,2024-04-01,2024-06-30,3,80840,0.16
Jan 2024,SOM,18706931,Hiraan,first projection,2024-04-01,2024-06-30,4,16720,0.03
Jan 2024,SOM,18706931,Hiraan,first projection,2024-04-01,2024-06-30,5,0,0
Jan 2024,SOM,18706931,Togdheer,current,2024-01-01,2024-03-31,all,860684,1.0
Jan 2024,SOM,18706931,Togdheer,current,2024-01-01,2024-03-31,3+,150390,0.17
Jan 2024,SOM,18706931,Togdheer,current,2024-01-01,2024-03-31,1,414790,0.48
Jan 2024,SOM,18706931,Togdheer,current,2024-01-01,2024-03-31,2,295500,0.34
Jan 2024,SOM,18706931,Togdheer,current,2024-01-01,2024-03-31,3,112430,0.13
Jan 2024,SOM,18706931,Togdheer,current,2024-01-01,2024-03-31,4,37960,0.04
Jan 2024,SOM,18706931,Togdheer,current,2024-01-01,2024-03-31,5,0,0
Jan 2024,SOM,18706931,Togdheer,first projection,2024-04-01,2024-06-30,all,860684,1.0
Jan 2024,SOM,18706931,Togdheer,first projection,2024-04-01,2024-06-30,3+,140630,0.16
Jan 2024,SOM,18706931,Togdheer,first projection,2024-04-01,2024-06-30,1,412680,0.48
Jan 2024,SOM,18706931,Togdheer,first projection,2024-04-01,2024-06-30,2,307350,0.36
Jan 2024,SOM,18706931,Togdheer,first projection,2024-04-01,2024-06-30,3,123220,0.14
Jan 2024,SOM,18706931,Togdheer,first projection,2024-04-01,2024-06-30,4,17410,0.02
Jan 2024,SOM,18706931,Togdheer,first projection,2024-04-01,2024-06-30,5,0,0
Jan 2024,SOM,18706931,Lower Juba,current,2024-01-01,2024-03-31,all,1158256,1.0
Jan 2024,SOM,18706931,Lower Juba,current,2024-01-01,2024-03-31,3+,218640,0.19
Jan 2024,SOM,18706931,Lower Juba,current,2024-01-01,2024-03-31,1,599660,0.52
Jan 2024,SOM,18706931,Lower Juba,current,2024-01-01,2024-03-31,2,339960,0.29
Jan 2024,SOM,18706931,Lower Juba,current,2024-01-01,2024-03-31,3,162980,0.14
Jan 2024,SOM,18706931,Lower Juba,current,2024-01-01,2024-03-31,4,55660,0.05
Jan 2024,SOM,18706931,Lower Juba,current,2024-01-01,2024-03-31,5,0,0
Jan 2024,SOM,18706931,Lower Juba,first projection,2024-04-01,2024-06-30,all,1158256,1.0
Jan 2024,SOM,18706931,Lower Juba,first projection,2024-04-01,2024-06-30,3+,176310,0.15
Jan 2024,SOM,18706931,Lower Juba,first projection,2024-04-01,2024-06-30,1,664450,0.57
Jan 2024,SOM,18706931,Lower Juba,first projection,2024-04-01,2024-06-30,2,317490,0.27
Jan 2024,SOM,18706931,Lower Juba,first projection,2024-04-01,2024-06-30,3,120650,0.1
Jan 2024,SOM,18706931,Lower Juba,first projection,2024-04-01,2024-06-30,4,55660,0.05
Jan 2024,SOM,18706931,Lower Juba,first projection,2024-04-01,2024-06-30,5,0,0
Jan 2024,SOM,18706931,Woqooyi Galbeed,current,2024-01-01,2024-03-31,all,1447484,1.0
Jan 2024,SOM,18706931,Woqooyi Galbeed,current,2024-01-01,2024-03-31,3+,238010,0.16
Jan 2024,SOM,18706931,Woqooyi Galbeed,current,2024-01-01,2024-03-31,1,671890,0.46
Jan 2024,SOM,18706931,Woqooyi Galbeed,current,2024-01-01,2024-03-31,2,537560,0.37
Jan 2024,SOM,18706931,Woqooyi Galbeed,current,2024-01-01,2024-03-31,3,204740,0.14
Jan 2024,SOM,18706931,Woqooyi Galbeed,current,2024-01-01,2024-03-31,4,33270,0.02
Jan 2024,SOM,18706931,Woqooyi Galbeed,current,2024-01-01,2024-03-31,5,0,0
Jan 2024,SOM,18706931,Woqooyi Galbeed,first projection,2024-04-01,2024-06-30,all,1447484,1.0
Jan 2024,SOM,18706931,Woqooyi Galbeed,first projection,2024-04-01,2024-06-30,3+,200530,0.14
Jan 2024,SOM,18706931,Woqooyi Galbeed,first projection,2024-04-01,2024-06-30,1,681840,0.47
Jan 2024,SOM,18706931,Woqooyi Galbeed,first projection,2024-04-01,2024-06-30,2,565090,0.39
Jan 2024,SOM,18706931,Woqooyi Galbeed,first projection,2024-04-01,2024-06-30,3,194630,0.13
Jan 2024,SOM,18706931,Woqooyi Galbeed,first projection,2024-04-01,2024-06-30,4,5900,0
Jan 2024,SOM,18706931,Woqooyi Galbeed,first projection,2024-04-01,2024-06-30,5,0,0
Jan 2024,SOM,18706931,Sool,current,2024-01-01,2024-03-31,all,548975,1.0
Jan 2024,SOM,18706931,Sool,current,2024-01-01,2024-03-31,3+,102260,0.19
Jan 2024,SOM,18706931,Sool,current,2024-01-01,2024-03-31,1,261420,0.48
Jan 2024,SOM,18706931,Sool,current,2024-01-01,2024-03-31,2,185280,0.34
Jan 2024,SOM,18706931,Sool,current,2024-01-01,2024-03-31,3,83570,0.15
Jan 2024,SOM,18706931,Sool,current,2024-01-01,2024-03-31,4,18690,0.03
Jan 2024,SOM,18706931,Sool,current,2024-01-01,2024-03-31,5,0,0
Jan 2024,SOM,18706931,Sool,first projection,2024-04-01,2024-06-30,all,548975,1.0
Jan 2024,SOM,18706931,Sool,first projection,2024-04-01,2024-06-30,3+,87750,0.16
Jan 2024,SOM,18706931,Sool,first projection,2024-04-01,2024-06-30,1,290010,0.53
Jan 2024,SOM,18706931,Sool,first projection,2024-04-01,2024-06-30,2,171200,0.31
Jan 2024,SOM,18706931,Sool,first projection,2024-04-01,2024-06-30,3,72320,0.13
Jan 2024,SOM,18706931,Sool,first projection,2024-04-01,2024-06-30,4,15430,0.03
Jan 2024,SOM,18706931,Sool,first projection,2024-04-01,2024-06-30,5,0,0
Jan 2024,SOM,18706931,Banadir,current,2024-01-01,2024-03-31,all,3171391,1.0
Jan 2024,SOM,18706931,Banadir,current,2024-01-01,2024-03-31,3+,688030,0.22
Jan 2024,SOM,18706931,Banadir,current,2024-01-01,2024-03-31,1,1508260,0.48
Jan 2024,SOM,18706931,Banadir,current,2024-01-01,2024-03-31,2,975110,0.31
Jan 2024,SOM,18706931,Banadir,current,2024-01-01,2024-03-31,3,523100,0.16
Jan 2024,SOM,18706931,Banadir,current,2024-01-01,2024-03-31,4,164930,0.05
Jan 2024,SOM,18706931,Banadir,current,2024-01-01,2024-03-31,5,0,0
Jan 2024,SOM,18706931,Banadir,first projection,2024-04-01,2024-06-30,all,3171391,1.0
Jan 2024,SOM,18706931,Banadir,first projection,2024-04-01,2024-06-30,3+,625060,0.2
Jan 2024,SOM,18706931,Banadir,first projection,2024-04-01,2024-06-30,1,1706110,0.54
Jan 2024,SOM,18706931,Banadir,first projection,2024-04-01,2024-06-30,2,840230,0.26
Jan 2024,SOM,18706931,Banadir,first projection,2024-04-01,2024-06-30,3,403660,0.13
Jan 2024,SOM,18706931,Banadir,first projection,2024-04-01,2024-06-30,4,221400,0.07
Jan 2024,SOM,18706931,Banadir,first projection,2024-04-01,2024-06-30,5,0,0
Jan 2024,SOM,18706931,Middle Shabelle,current,2024-01-01,2024-03-31,all,1013352,1.0
Jan 2024,SOM,18706931,Middle Shabelle,current,2024-01-01,2024-03-31,3+,220190,0.22
Jan 2024,SOM,18706931,Middle Shabelle,current,2024-01-01,2024-03-31,1,440350,0.43
Jan 2024,SOM,18706931,Middle Shabelle,current,2024-01-01,2024-03-31,2,352810,0.35
Jan 2024,SOM,18706931,Middle Shabelle,current,2024-01-01,2024-03-31,3,175900,0.17
Jan 2024,SOM,18706931,Middle Shabelle,current,2024-01-01,2024-03-31,4,44290,0.04
Jan 2024,SOM,18706931,Middle Shabelle,current,2024-01-01,2024-03-31,5,0,0
Jan 2024,SOM,18706931,Middle Shabelle,first projection,2024-04-01,2024-06-30,all,1013352,1.0
Jan 2024,SOM,18706931,Middle Shabelle,first projection,2024-04-01,2024-06-30,3+,159960,0.16
Jan 2024,SOM,18706931,Middle Shabelle,first projection,2024-04-01,2024-06-30,1,533730,0.53
Jan 2024,SOM,18706931,Middle Shabelle,first projection,2024-04-01,2024-06-30,2,319640,0.32
Jan 2024,SOM,18706931,Middle Shabelle,first projection,2024-04-01,2024-06-30,3,119500,0.12
Jan 2024,SOM,18706931,Middle Shabelle,first projection,2024-04-01,2024-06-30,4,40460,0.04
Jan 2024,SOM,18706931,Middle Shabelle,first projection,2024-04-01,2024-06-30,5,0,0
Jan 2024,SOM,18706931,Sanaag,current,2024-01-01,2024-03-31,all,428699,1.0
Jan 2024,SOM,18706931,Sanaag,current,2024-01-01,2024-03-31,3+,69600,0.16
Jan 2024,SOM,18706931,Sanaag,current,2024-01-01,2024-03-31,1,215280,0.5
Jan 2024,SOM,18706931,Sanaag,current,2024-01-01,2024-03-31,2,143820,0.34
Jan 2024,SOM,18706931,Sanaag,current,2024-01-01,2024-03-31,3,63470,0.15
Jan 2024,SOM,18706931,Sanaag,current,2024-01-01,2024-03-31,4,6130,0.01
Jan 2024,SOM,18706931,Sanaag,current,2024-01-01,2024-03-31,5,0,0
Jan 2024,SOM,18706931,Sanaag,first projection,2024-04-01,2024-06-30,all,428699,1.0
Jan 2024,SOM,18706931,Sanaag,first projection,2024-04-01,2024-06-30,3+,57170,0.13
Jan 2024,SOM,18706931,Sanaag,first projection,2024-04-01,2024-06-30,1,234860,0.55
Jan 2024,SOM,18706931,Sanaag,first projection,2024-04-01,2024-06-30,2,136670,0.32
Jan 2024,SOM,18706931,Sanaag,first projection,2024-04-01,2024-06-30,3,54460,0.13
Jan 2024,SOM,18706931,Sanaag,first projection,2024-04-01,2024-06-30,4,2710,0.01
Jan 2024,SOM,18706931,Sanaag,first projection,2024-04-01,2024-06-30,5,0,0
Jan 2024,SOM,18706931,Bari,current,2024-01-01,2024-03-31,all,1232231,1.0
Jan 2024,SOM,18706931,Bari,current,2024-01-01,2024-03-31,3+,222530,0.18
Jan 2024,SOM,18706931,Bari,current,2024-01-01,2024-03-31,1,618490,0.5
Jan 2024,SOM,18706931,Bari,current,2024-01-01,2024-03-31,2,391200,0.32
Jan 2024,SOM,18706931,Bari,current,2024-01-01,2024-03-31,3,163400,0.13
Jan 2024,SOM,18706931,Bari,current,2024-01-01,2024-03-31,4,59130,0.05
Jan 2024,SOM,18706931,Bari,current,2024-01-01,2024-03-31,5,0,0
Jan 2024,SOM,18706931,Bari,first projection,2024-04-01,2024-06-30,all,1232231,1.0
Jan 2024,SOM,18706931,Bari,first projection,2024-04-01,2024-06-30,3+,193360,0.16
Jan 2024,SOM,18706931,Bari,first projection,2024-04-01,2024-06-30,1,627740,0.51
Jan 2024,SOM,18706931,Bari,first projection,2024-04-01,2024-06-30,2,411120,0.33
Jan 2024,SOM,18706931,Bari,first projection,2024-04-01,2024-06-30,3,173860,0.14
Jan 2024,SOM,18706931,Bari,first projection,2024-04-01,2024-06-30,4,19500,0.02
Jan 2024,SOM,18706931,Bari,first projection,2024-04-01,2024-06-30,5,0,0
Aug 2023,SOM,16955266,Lower Juba,current,2023-08-01,2023-09-30,all,1049796,1.0
Aug 2023,SOM,16955266,Lower Juba,current,2023-08-01,2023-09-30,3+,184959,0.17
Aug 2023,SOM,16955266,Lower Juba,current,2023-08-01,2023-09-30,1,605866,0.58
Aug 2023,SOM,16955266,Lower Juba,current,2023-08-01,2023-09-30,2,258971,0.25
Aug 2023,SOM,16955266,Lower Juba,current,2023-08-01,2023-09-30,3,159384,0.15
Aug 2023,SOM,16955266,Lower Juba,current,2023-08-01,2023-09-30,4,25575,0.02
Aug 2023,SOM,16955266,Lower Juba,current,2023-08-01,2023-09-30,5,0,0
Aug 2023,SOM,16955266,Lower Juba,first projection,2023-10-01,2023-12-31,all,1049796,1.0
Aug 2023,SOM,16955266,Lower Juba,first projection,2023-10-01,2023-12-31,3+,344545,0.33
Aug 2023,SOM,16955266,Lower Juba,first projection,2023-10-01,2023-12-31,1,427893,0.41
Aug 2023,SOM,16955266,Lower Juba,first projection,2023-10-01,2023-12-31,2,277358,0.26
Aug 2023,SOM,16955266,Lower Juba,first projection,2023-10-01,2023-12-31,3,243608,0.23
Aug 2023,SOM,16955266,Lower Juba,first projection,2023-10-01,2023-12-31,4,100937,0.1
Aug 2023,SOM,16955266,Lower Juba,first projection,2023-10-01,2023-12-31,5,0,0
Aug 2023,SOM,16955266,Lower Shabelle,current,2023-08-01,2023-09-30,all,1477523,1.0
Aug 2023,SOM,16955266,Lower Shabelle,current,2023-08-01,2023-09-30,3+,241905,0.16
Aug 2023,SOM,16955266,Lower Shabelle,current,2023-08-01,2023-09-30,1,812877,0.55
Aug 2023,SOM,16955266,Lower Shabelle,current,2023-08-01,2023-09-30,2,422740,0.29
Aug 2023,SOM,16955266,Lower Shabelle,current,2023-08-01,2023-09-30,3,167475,0.11
Aug 2023,SOM,16955266,Lower Shabelle,current,2023-08-01,2023-09-30,4,74431,0.05
Aug 2023,SOM,16955266,Lower Shabelle,current,2023-08-01,2023-09-30,5,0,0
Aug 2023,SOM,16955266,Lower Shabelle,first projection,2023-10-01,2023-12-31,all,1477523,1.0
Aug 2023,SOM,16955266,Lower Shabelle,first projection,2023-10-01,2023-12-31,3+,383435,0.26
Aug 2023,SOM,16955266,Lower Shabelle,first projection,2023-10-01,2023-12-31,1,686238,0.46
Aug 2023,SOM,16955266,Lower Shabelle,first projection,2023-10-01,2023-12-31,2,407850,0.28
Aug 2023,SOM,16955266,Lower Shabelle,first projection,2023-10-01,2023-12-31,3,229841,0.16
Aug 2023,SOM,16955266,Lower Shabelle,first projection,2023-10-01,2023-12-31,4,153595,0.1
Aug 2023,SOM,16955266,Lower Shabelle,first projection,2023-10-01,2023-12-31,5,0,0
Aug 2023,SOM,16955266,Middle Juba,current,2023-08-01,2023-09-30,all,356269,1.0
Aug 2023,SOM,16955266,Middle Juba,current,2023-08-01,2023-09-30,3+,67091,0.19
Aug 2023,SOM,16955266,Middle Juba,current,2023-08-01,2023-09-30,1,190238,0.53
Aug 2023,SOM,16955266,Middle Juba,current,2023-08-01,2023-09-30,2,98940,0.28
Aug 2023,SOM,16955266,Middle Juba,current,2023-08-01,2023-09-30,3,57888,0.16
Aug 2023,SOM,16955266,Middle Juba,current,2023-08-01,2023-09-30,4,9203,0.03
Aug 2023,SOM,16955266,Middle Juba,current,2023-08-01,2023-09-30,5,0,0
Aug 2023,SOM,16955266,Middle Juba,first projection,2023-10-01,2023-12-31,all,356269,1.0
Aug 2023,SOM,16955266,Middle Juba,first projection,2023-10-01,2023-12-31,3+,137087,0.39
Aug 2023,SOM,16955266,Middle Juba,first projection,2023-10-01,2023-12-31,1,123263,0.35
Aug 2023,SOM,16955266,Middle Juba,first projection,2023-10-01,2023-12-31,2,95919,0.27
Aug 2023,SOM,16955266,Middle Juba,first projection,2023-10-01,2023-12-31,3,94960,0.27
Aug 2023,SOM,16955266,Middle Juba,first projection,2023-10-01,2023-12-31,4,42127,0.12
Aug 2023,SOM,16955266,Middle Juba,first projection,2023-10-01,2023-12-31,5,0,0
Aug 2023,SOM,16955266,Sanaag,current,2023-08-01,2023-09-30,all,388559,1.0
Aug 2023,SOM,16955266,Sanaag,current,2023-08-01,2023-09-30,3+,81270,0.21
Aug 2023,SOM,16955266,Sanaag,current,2023-08-01,2023-09-30,1,178780,0.46
Aug 2023,SOM,16955266,Sanaag,current,2023-08-01,2023-09-30,2,128508,0.33
Aug 2023,SOM,16955266,Sanaag,current,2023-08-01,2023-09-30,3,61843,0.16
Aug 2023,SOM,16955266,Sanaag,current,2023-08-01,2023-09-30,4,19428,0.05
Aug 2023,SOM,16955266,Sanaag,current,2023-08-01,2023-09-30,5,0,0
Aug 2023,SOM,16955266,Sanaag,first projection,2023-10-01,2023-12-31,all,388559,1.0
Aug 2023,SOM,16955266,Sanaag,first projection,2023-10-01,2023-12-31,3+,79130,0.21
Aug 2023,SOM,16955266,Sanaag,first projection,2023-10-01,2023-12-31,1,178310,0.46
Aug 2023,SOM,16955266,Sanaag,first projection,2023-10-01,2023-12-31,2,131119,0.34
Aug 2023,SOM,16955266,Sanaag,first projection,2023-10-01,2023-12-31,3,69118,0.18
Aug 2023,SOM,16955266,Sanaag,first projection,2023-10-01,2023-12-31,4,10012,0.03
Aug 2023,SOM,16955266,Sanaag,first projection,2023-10-01,2023-12-31,5,0,0
Aug 2023,SOM,16955266,Hiraan,current,2023-08-01,2023-09-30,all,457546,1.0
Aug 2023,SOM,16955266,Hiraan,current,2023-08-01,2023-09-30,3+,90360,0.2
Aug 2023,SOM,16955266,Hiraan,current,2023-08-01,2023-09-30,1,217516,0.48
Aug 2023,SOM,16955266,Hiraan,current,2023-08-01,2023-09-30,2,149670,0.33
Aug 2023,SOM,16955266,Hiraan,current,2023-08-01,2023-09-30,3,87142,0.19
Aug 2023,SOM,16955266,Hiraan,current,2023-08-01,2023-09-30,4,3218,0.01
Aug 2023,SOM,16955266,Hiraan,current,2023-08-01,2023-09-30,5,0,0
Aug 2023,SOM,16955266,Hiraan,first projection,2023-10-01,2023-12-31,all,457546,1.0
Aug 2023,SOM,16955266,Hiraan,first projection,2023-10-01,2023-12-31,3+,162317,0.36
Aug 2023,SOM,16955266,Hiraan,first projection,2023-10-01,2023-12-31,1,166210,0.36
Aug 2023,SOM,16955266,Hiraan,first projection,2023-10-01,2023-12-31,2,129019,0.28
Aug 2023,SOM,16955266,Hiraan,first projection,2023-10-01,2023-12-31,3,93906,0.21
Aug 2023,SOM,16955266,Hiraan,first projection,2023-10-01,2023-12-31,4,68411,0.15
Aug 2023,SOM,16955266,Hiraan,first projection,2023-10-01,2023-12-31,5,0,0
Aug 2023,SOM,16955266,Bari,current,2023-08-01,2023-09-30,all,1116850,1.0
Aug 2023,SOM,16955266,Bari,current,2023-08-01,2023-09-30,3+,222560,0.2
Aug 2023,SOM,16955266,Bari,current,2023-08-01,2023-09-30,1,510201,0.46
Aug 2023,SOM,16955266,Bari,current,2023-08-01,2023-09-30,2,384089,0.34
Aug 2023,SOM,16955266,Bari,current,2023-08-01,2023-09-30,3,166717,0.15
Aug 2023,SOM,16955266,Bari,current,2023-08-01,2023-09-30,4,55843,0.05
Aug 2023,SOM,16955266,Bari,current,2023-08-01,2023-09-30,5,0,0
Aug 2023,SOM,16955266,Bari,first projection,2023-10-01,2023-12-31,all,1116850,1.0
Aug 2023,SOM,16955266,Bari,first projection,2023-10-01,2023-12-31,3+,221568,0.2
Aug 2023,SOM,16955266,Bari,first projection,2023-10-01,2023-12-31,1,514243,0.46
Aug 2023,SOM,16955266,Bari,first projection,2023-10-01,2023-12-31,2,381039,0.34
Aug 2023,SOM,16955266,Bari,first projection,2023-10-01,2023-12-31,3,214004,0.19
Aug 2023,SOM,16955266,Bari,first projection,2023-10-01,2023-12-31,4,7565,0.01
Aug 2023,SOM,16955266,Bari,first projection,2023-10-01,2023-12-31,5,0,0
Aug 2023,SOM,16955266,Bakool,current,2023-08-01,2023-09-30,all,492495,1.0
Aug 2023,SOM,16955266,Bakool,current,2023-08-01,2023-09-30,3+,70760,0.14
Aug 2023,SOM,16955266,Bakool,current,2023-08-01,2023-09-30,1,276775,0.56
Aug 2023,SOM,16955266,Bakool,current,2023-08-01,2023-09-30,2,144960,0.29
Aug 2023,SOM,16955266,Bakool,current,2023-08-01,2023-09-30,3,54637,0.11
Aug 2023,SOM,16955266,Bakool,current,2023-08-01,2023-09-30,4,16123,0.03
Aug 2023,SOM,16955266,Bakool,current,2023-08-01,2023-09-30,5,0,0
Aug 2023,SOM,16955266,Bakool,first projection,2023-10-01,2023-12-31,all,492495,1.0
Aug 2023,SOM,16955266,Bakool,first projection,2023-10-01,2023-12-31,3+,132431,0.26
Aug 2023,SOM,16955266,Bakool,first projection,2023-10-01,2023-12-31,1,173777,0.35
Aug 2023,SOM,16955266,Bakool,first projection,2023-10-01,2023-12-31,2,186286,0.38
Aug 2023,SOM,16955266,Bakool,first projection,2023-10-01,2023-12-31,3,110680,0.22
Aug 2023,SOM,16955266,Bakool,first projection,2023-10-01,2023-12-31,4,21752,0.04
Aug 2023,SOM,16955266,Bakool,first projection,2023-10-01,2023-12-31,5,0,0
Aug 2023,SOM,16955266,Bay,current,2023-08-01,2023-09-30,all,1131121,1.0
Aug 2023,SOM,16955266,Bay,current,2023-08-01,2023-09-30,3+,362114,0.32
Aug 2023,SOM,16955266,Bay,current,2023-08-01,2023-09-30,1,380311,0.34
Aug 2023,SOM,16955266,Bay,current,2023-08-01,2023-09-30,2,388697,0.34
Aug 2023,SOM,16955266,Bay,current,2023-08-01,2023-09-30,3,251038,0.22
Aug 2023,SOM,16955266,Bay,current,2023-08-01,2023-09-30,4,111076,0.1
Aug 2023,SOM,16955266,Bay,current,2023-08-01,2023-09-30,5,0,0
Aug 2023,SOM,16955266,Bay,first projection,2023-10-01,2023-12-31,all,1131121,1.0
Aug 2023,SOM,16955266,Bay,first projection,2023-10-01,2023-12-31,3+,508536,0.45
Aug 2023,SOM,16955266,Bay,first projection,2023-10-01,2023-12-31,1,181939,0.16
Aug 2023,SOM,16955266,Bay,first projection,2023-10-01,2023-12-31,2,440646,0.39
Aug 2023,SOM,16955266,Bay,first projection,2023-10-01,2023-12-31,3,367090,0.32
Aug 2023,SOM,16955266,Bay,first projection,2023-10-01,2023-12-31,4,141445,0.13
Aug 2023,SOM,16955266,Bay,first projection,2023-10-01,2023-12-31,5,0,0
Aug 2023,SOM,16955266,Sool,current,2023-08-01,2023-09-30,all,497571,1.0
Aug 2023,SOM,16955266,Sool,current,2023-08-01,2023-09-30,3+,137415,0.27
Aug 2023,SOM,16955266,Sool,current,2023-08-01,2023-09-30,1,155599,0.31
Aug 2023,SOM,16955266,Sool,current,2023-08-01,2023-09-30,2,204556,0.41
Aug 2023,SOM,16955266,Sool,current,2023-08-01,2023-09-30,3,96552,0.19
Aug 2023,SOM,16955266,Sool,current,2023-08-01,2023-09-30,4,40864,0.08
Aug 2023,SOM,16955266,Sool,current,2023-08-01,2023-09-30,5,0,0
Aug 2023,SOM,16955266,Sool,first projection,2023-10-01,2023-12-31,all,497571,1.0
Aug 2023,SOM,16955266,Sool,first projection,2023-10-01,2023-12-31,3+,131562,0.26
Aug 2023,SOM,16955266,Sool,first projection,2023-10-01,2023-12-31,1,167306,0.34
Aug 2023,SOM,16955266,Sool,first projection,2023-10-01,2023-12-31,2,198703,0.4
Aug 2023,SOM,16955266,Sool,first projection,2023-10-01,2023-12-31,3,96552,0.19
Aug 2023,SOM,16955266,Sool,first projection,2023-10-01,2023-12-31,4,35010,0.07
Aug 2023,SOM,16955266,Sool,first projection,2023-10-01,2023-12-31,5,0,0
Aug 2023,SOM,16955266,Gedo,current,2023-08-01,2023-09-30,all,884235,1.0
Aug 2023,SOM,16955266,Gedo,current,2023-08-01,2023-09-30,3+,184461,0.21
Aug 2023,SOM,16955266,Gedo,current,2023-08-01,2023-09-30,1,440108,0.5
Aug 2023,SOM,16955266,Gedo,current,2023-08-01,2023-09-30,2,259666,0.29
Aug 2023,SOM,16955266,Gedo,current,2023-08-01,2023-09-30,3,124468,0.14
Aug 2023,SOM,16955266,Gedo,current,2023-08-01,2023-09-30,4,59993,0.07
Aug 2023,SOM,16955266,Gedo,current,2023-08-01,2023-09-30,5,0,0
Aug 2023,SOM,16955266,Gedo,first projection,2023-10-01,2023-12-31,all,884235,1.0
Aug 2023,SOM,16955266,Gedo,first projection,2023-10-01,2023-12-31,3+,250853,0.28
Aug 2023,SOM,16955266,Gedo,first projection,2023-10-01,2023-12-31,1,334716,0.38
Aug 2023,SOM,16955266,Gedo,first projection,2023-10-01,2023-12-31,2,298666,0.34
Aug 2023,SOM,16955266,Gedo,first projection,2023-10-01,2023-12-31,3,189902,0.21
Aug 2023,SOM,16955266,Gedo,first projection,2023-10-01,2023-12-31,4,60952,0.07
Aug 2023,SOM,16955266,Gedo,first projection,2023-10-01,2023-12-31,5,0,0
Aug 2023,SOM,16955266,Nugaal,current,2023-08-01,2023-09-30,all,572647,1.0
Aug 2023,SOM,16955266,Nugaal,current,2023-08-01,2023-09-30,3+,149483,0.27
Aug 2023,SOM,16955266,Nugaal,current,2023-08-01,2023-09-30,1,248852,0.43
Aug 2023,SOM,16955266,Nugaal,current,2023-08-01,2023-09-30,2,174312,0.3
Aug 2023,SOM,16955266,Nugaal,current,2023-08-01,2023-09-30,3,111739,0.2
Aug 2023,SOM,16955266,Nugaal,current,2023-08-01,2023-09-30,4,37744,0.07
Aug 2023,SOM,16955266,Nugaal,current,2023-08-01,2023-09-30,5,0,0
Aug 2023,SOM,16955266,Nugaal,first projection,2023-10-01,2023-12-31,all,572647,1.0
Aug 2023,SOM,16955266,Nugaal,first projection,2023-10-01,2023-12-31,3+,105069,0.19
Aug 2023,SOM,16955266,Nugaal,first projection,2023-10-01,2023-12-31,1,291602,0.51
Aug 2023,SOM,16955266,Nugaal,first projection,2023-10-01,2023-12-31,2,175976,0.31
Aug 2023,SOM,16955266,Nugaal,first projection,2023-10-01,2023-12-31,3,100328,0.18
Aug 2023,SOM,16955266,Nugaal,first projection,2023-10-01,2023-12-31,4,4741,0.01
Aug 2023,SOM,16955266,Nugaal,first projection,2023-10-01,2023-12-31,5,0,0
Aug 2023,SOM,16955266,Togdheer,current,2023-08-01,2023-09-30,all,780092,1.0
Aug 2023,SOM,16955266,Togdheer,current,2023-08-01,2023-09-30,3+,151654,0.19
Aug 2023,SOM,16955266,Togdheer,current,2023-08-01,2023-09-30,1,234456,0.3
Aug 2023,SOM,16955266,Togdheer,current,2023-08-01,2023-09-30,2,393983,0.51
Aug 2023,SOM,16955266,Togdheer,current,2023-08-01,2023-09-30,3,112649,0.14
Aug 2023,SOM,16955266,Togdheer,current,2023-08-01,2023-09-30,4,39005,0.05
Aug 2023,SOM,16955266,Togdheer,current,2023-08-01,2023-09-30,5,0,0
Aug 2023,SOM,16955266,Togdheer,first projection,2023-10-01,2023-12-31,all,780092,1.0
Aug 2023,SOM,16955266,Togdheer,first projection,2023-10-01,2023-12-31,3+,127420,0.16
Aug 2023,SOM,16955266,Togdheer,first projection,2023-10-01,2023-12-31,1,287468,0.37
Aug 2023,SOM,16955266,Togdheer,first projection,2023-10-01,2023-12-31,2,365204,0.47
Aug 2023,SOM,16955266,Togdheer,first projection,2023-10-01,2023-12-31,3,118002,0.15
Aug 2023,SOM,16955266,Togdheer,first projection,2023-10-01,2023-12-31,4,9418,0.01
Aug 2023,SOM,16955266,Togdheer,first projection,2023-10-01,2023-12-31,5,0,0
Aug 2023,SOM,16955266,Galgaduud,current,2023-08-01,2023-09-30,all,736546,1.0
Aug 2023,SOM,16955266,Galgaduud,current,2023-08-01,2023-09-30,3+,309621,0.42
Aug 2023,SOM,16955266,Galgaduud,current,2023-08-01,2023-09-30,1,163545,0.22
Aug 2023,SOM,16955266,Galgaduud,current,2023-08-01,2023-09-30,2,263379,0.36
Aug 2023,SOM,16955266,Galgaduud,current,2023-08-01,2023-09-30,3,248306,0.34
Aug 2023,SOM,16955266,Galgaduud,current,2023-08-01,2023-09-30,4,61315,0.08
Aug 2023,SOM,16955266,Galgaduud,current,2023-08-01,2023-09-30,5,0,0
Aug 2023,SOM,16955266,Galgaduud,first projection,2023-10-01,2023-12-31,all,736546,1.0
Aug 2023,SOM,16955266,Galgaduud,first projection,2023-10-01,2023-12-31,3+,261578,0.35
Aug 2023,SOM,16955266,Galgaduud,first projection,2023-10-01,2023-12-31,1,179397,0.24
Aug 2023,SOM,16955266,Galgaduud,first projection,2023-10-01,2023-12-31,2,295571,0.4
Aug 2023,SOM,16955266,Galgaduud,first projection,2023-10-01,2023-12-31,3,231153,0.31
Aug 2023,SOM,16955266,Galgaduud,first projection,2023-10-01,2023-12-31,4,30425,0.04
Aug 2023,SOM,16955266,Galgaduud,first projection,2023-10-01,2023-12-31,5,0,0
Aug 2023,SOM,16955266,Awdal,current,2023-08-01,2023-09-30,all,576543,1.0
Aug 2023,SOM,16955266,Awdal,current,2023-08-01,2023-09-30,3+,122097,0.21
Aug 2023,SOM,16955266,Awdal,current,2023-08-01,2023-09-30,1,214337,0.37
Aug 2023,SOM,16955266,Awdal,current,2023-08-01,2023-09-30,2,240110,0.42
Aug 2023,SOM,16955266,Awdal,current,2023-08-01,2023-09-30,3,93270,0.16
Aug 2023,SOM,16955266,Awdal,current,2023-08-01,2023-09-30,4,28827,0.05
Aug 2023,SOM,16955266,Awdal,current,2023-08-01,2023-09-30,5,0,0
Aug 2023,SOM,16955266,Awdal,first projection,2023-10-01,2023-12-31,all,576543,1.0
Aug 2023,SOM,16955266,Awdal,first projection,2023-10-01,2023-12-31,3+,102380,0.18
Aug 2023,SOM,16955266,Awdal,first projection,2023-10-01,2023-12-31,1,236732,0.41
Aug 2023,SOM,16955266,Awdal,first projection,2023-10-01,2023-12-31,2,237431,0.41
Aug 2023,SOM,16955266,Awdal,first projection,2023-10-01,2023-12-31,3,82162,0.14
Aug 2023,SOM,16955266,Awdal,first projection,2023-10-01,2023-12-31,4,20218,0.04
Aug 2023,SOM,16955266,Awdal,first projection,2023-10-01,2023-12-31,5,0,0
Aug 2023,SOM,16955266,Mudug,current,2023-08-01,2023-09-30,all,1332633,1.0
Aug 2023,SOM,16955266,Mudug,current,2023-08-01,2023-09-30,3+,482488,0.36
Aug 2023,SOM,16955266,Mudug,current,2023-08-01,2023-09-30,1,397311,0.3
Aug 2023,SOM,16955266,Mudug,current,2023-08-01,2023-09-30,2,452834,0.34
Aug 2023,SOM,16955266,Mudug,current,2023-08-01,2023-09-30,3,382622,0.29
Aug 2023,SOM,16955266,Mudug,current,2023-08-01,2023-09-30,4,99866,0.07
Aug 2023,SOM,16955266,Mudug,current,2023-08-01,2023-09-30,5,0,0
Aug 2023,SOM,16955266,Mudug,first projection,2023-10-01,2023-12-31,all,1332633,1.0
Aug 2023,SOM,16955266,Mudug,first projection,2023-10-01,2023-12-31,3+,307276,0.23
Aug 2023,SOM,16955266,Mudug,first projection,2023-10-01,2023-12-31,1,508401,0.38
Aug 2023,SOM,16955266,Mudug,first projection,2023-10-01,2023-12-31,2,516957,0.39
Aug 2023,SOM,16955266,Mudug,first projection,2023-10-01,2023-12-31,3,291263,0.22
Aug 2023,SOM,16955266,Mudug,first projection,2023-10-01,2023-12-31,4,16013,0.01
Aug 2023,SOM,16955266,Mudug,first projection,2023-10-01,2023-12-31,5,0,0
Aug 2023,SOM,16955266,Middle Shabelle,current,2023-08-01,2023-09-30,all,918463,1.0
Aug 2023,SOM,16955266,Middle Shabelle,current,2023-08-01,2023-09-30,3+,191478,0.21
Aug 2023,SOM,16955266,Middle Shabelle,current,2023-08-01,2023-09-30,1,440318,0.48
Aug 2023,SOM,16955266,Middle Shabelle,current,2023-08-01,2023-09-30,2,286667,0.31
Aug 2023,SOM,16955266,Middle Shabelle,current,2023-08-01,2023-09-30,3,138359,0.15
Aug 2023,SOM,16955266,Middle Shabelle,current,2023-08-01,2023-09-30,4,53119,0.06
Aug 2023,SOM,16955266,Middle Shabelle,current,2023-08-01,2023-09-30,5,0,0
Aug 2023,SOM,16955266,Middle Shabelle,first projection,2023-10-01,2023-12-31,all,918463,1.0
Aug 2023,SOM,16955266,Middle Shabelle,first projection,2023-10-01,2023-12-31,3+,239961,0.26
Aug 2023,SOM,16955266,Middle Shabelle,first projection,2023-10-01,2023-12-31,1,386061,0.42
Aug 2023,SOM,16955266,Middle Shabelle,first projection,2023-10-01,2023-12-31,2,292441,0.32
Aug 2023,SOM,16955266,Middle Shabelle,first projection,2023-10-01,2023-12-31,3,159184,0.17
Aug 2023,SOM,16955266,Middle Shabelle,first projection,2023-10-01,2023-12-31,4,80777,0.09
Aug 2023,SOM,16955266,Middle Shabelle,first projection,2023-10-01,2023-12-31,5,0,0
Aug 2023,SOM,16955266,Woqooyi Galbeed ,current,2023-08-01,2023-09-30,all,1311946,1.0
Aug 2023,SOM,16955266,Woqooyi Galbeed ,current,2023-08-01,2023-09-30,3+,271804,0.21
Aug 2023,SOM,16955266,Woqooyi Galbeed ,current,2023-08-01,2023-09-30,1,439420,0.33
Aug 2023,SOM,16955266,Woqooyi Galbeed ,current,2023-08-01,2023-09-30,2,600722,0.46
Aug 2023,SOM,16955266,Woqooyi Galbeed ,current,2023-08-01,2023-09-30,3,206207,0.16
Aug 2023,SOM,16955266,Woqooyi Galbeed ,current,2023-08-01,2023-09-30,4,65597,0.05
Aug 2023,SOM,16955266,Woqooyi Galbeed ,current,2023-08-01,2023-09-30,5,0,0
Aug 2023,SOM,16955266,Woqooyi Galbeed ,first projection,2023-10-01,2023-12-31,all,1311946,1.0
Aug 2023,SOM,16955266,Woqooyi Galbeed ,first projection,2023-10-01,2023-12-31,3+,243938,0.19
Aug 2023,SOM,16955266,Woqooyi Galbeed ,first projection,2023-10-01,2023-12-31,1,495894,0.38
Aug 2023,SOM,16955266,Woqooyi Galbeed ,first projection,2023-10-01,2023-12-31,2,572114,0.44
Aug 2023,SOM,16955266,Woqooyi Galbeed ,first projection,2023-10-01,2023-12-31,3,209894,0.16
Aug 2023,SOM,16955266,Woqooyi Galbeed ,first projection,2023-10-01,2023-12-31,4,34044,0.03
Aug 2023,SOM,16955266,Woqooyi Galbeed ,first projection,2023-10-01,2023-12-31,5,0,0
Aug 2023,SOM,16955266,Banadir,current,2023-08-01,2023-09-30,all,2874431,1.0
Aug 2023,SOM,16955266,Banadir,current,2023-08-01,2023-09-30,3+,412063,0.14
Aug 2023,SOM,16955266,Banadir,current,2023-08-01,2023-09-30,1,1710883,0.6
Aug 2023,SOM,16955266,Banadir,current,2023-08-01,2023-09-30,2,751485,0.26
Aug 2023,SOM,16955266,Banadir,current,2023-08-01,2023-09-30,3,294331,0.1
Aug 2023,SOM,16955266,Banadir,current,2023-08-01,2023-09-30,4,117732,0.04
Aug 2023,SOM,16955266,Banadir,current,2023-08-01,2023-09-30,5,0,0
Aug 2023,SOM,16955266,Banadir,first projection,2023-10-01,2023-12-31,all,2874431,1.0
Aug 2023,SOM,16955266,Banadir,first projection,2023-10-01,2023-12-31,3+,555785,0.19
Aug 2023,SOM,16955266,Banadir,first projection,2023-10-01,2023-12-31,1,1423440,0.5
Aug 2023,SOM,16955266,Banadir,first projection,2023-10-01,2023-12-31,2,895206,0.31
Aug 2023,SOM,16955266,Banadir,first projection,2023-10-01,2023-12-31,3,379186,0.13
Aug 2023,SOM,16955266,Banadir,first projection,2023-10-01,2023-12-31,4,176599,0.06
Aug 2023,SOM,16955266,Banadir,first projection,2023-10-01,2023-12-31,5,0,0
Apr 2023,SOM,16955266,Bay,current,2023-03-01,2023-03-31,all,1131121,1.0
Apr 2023,SOM,16955266,Bay,current,2023-03-01,2023-03-31,3+,600913,0.53
Apr 2023,SOM,16955266,Bay,current,2023-03-01,2023-03-31,1,269476,0.24
Apr 2023,SOM,16955266,Bay,current,2023-03-01,2023-03-31,2,260732,0.23
Apr 2023,SOM,16955266,Bay,current,2023-03-01,2023-03-31,3,348320,0.31
Apr 2023,SOM,16955266,Bay,current,2023-03-01,2023-03-31,4,249860,0.22
Apr 2023,SOM,16955266,Bay,current,2023-03-01,2023-03-31,5,2730,0
Apr 2023,SOM,16955266,Bay,first projection,2023-04-01,2023-06-30,all,1131121,1.0
Apr 2023,SOM,16955266,Bay,first projection,2023-04-01,2023-06-30,3+,753770,0.67
Apr 2023,SOM,16955266,Bay,first projection,2023-04-01,2023-06-30,1,147109,0.13
Apr 2023,SOM,16955266,Bay,first projection,2023-04-01,2023-06-30,2,230255,0.2
Apr 2023,SOM,16955266,Bay,first projection,2023-04-01,2023-06-30,3,427440,0.38
Apr 2023,SOM,16955266,Bay,first projection,2023-04-01,2023-06-30,4,314600,0.28
Apr 2023,SOM,16955266,Bay,first projection,2023-04-01,2023-06-30,5,11730,0.01
Apr 2023,SOM,16955266,Togdheer,current,2023-03-01,2023-03-31,all,780092,1.0
Apr 2023,SOM,16955266,Togdheer,current,2023-03-01,2023-03-31,3+,249567,0.32
Apr 2023,SOM,16955266,Togdheer,current,2023-03-01,2023-03-31,1,376455,0.48
Apr 2023,SOM,16955266,Togdheer,current,2023-03-01,2023-03-31,2,154071,0.2
Apr 2023,SOM,16955266,Togdheer,current,2023-03-01,2023-03-31,3,182290,0.23
Apr 2023,SOM,16955266,Togdheer,current,2023-03-01,2023-03-31,4,67330,0.09
Apr 2023,SOM,16955266,Togdheer,current,2023-03-01,2023-03-31,5,0,0
Apr 2023,SOM,16955266,Togdheer,first projection,2023-04-01,2023-06-30,all,780092,1.0
Apr 2023,SOM,16955266,Togdheer,first projection,2023-04-01,2023-06-30,3+,359768,0.46
Apr 2023,SOM,16955266,Togdheer,first projection,2023-04-01,2023-06-30,1,266620,0.34
Apr 2023,SOM,16955266,Togdheer,first projection,2023-04-01,2023-06-30,2,153704,0.2
Apr 2023,SOM,16955266,Togdheer,first projection,2023-04-01,2023-06-30,3,261630,0.34
Apr 2023,SOM,16955266,Togdheer,first projection,2023-04-01,2023-06-30,4,96100,0.12
Apr 2023,SOM,16955266,Togdheer,first projection,2023-04-01,2023-06-30,5,2050,0
Apr 2023,SOM,16955266,Lower Juba,current,2023-03-01,2023-03-31,all,1049796,1.0
Apr 2023,SOM,16955266,Lower Juba,current,2023-03-01,2023-03-31,3+,133660,0.13
Apr 2023,SOM,16955266,Lower Juba,current,2023-03-01,2023-03-31,1,757183,0.72
Apr 2023,SOM,16955266,Lower Juba,current,2023-03-01,2023-03-31,2,158935,0.15
Apr 2023,SOM,16955266,Lower Juba,current,2023-03-01,2023-03-31,3,115970,0.11
Apr 2023,SOM,16955266,Lower Juba,current,2023-03-01,2023-03-31,4,17690,0.02
Apr 2023,SOM,16955266,Lower Juba,current,2023-03-01,2023-03-31,5,0,0
Apr 2023,SOM,16955266,Lower Juba,first projection,2023-04-01,2023-06-30,all,1049796,1.0
Apr 2023,SOM,16955266,Lower Juba,first projection,2023-04-01,2023-06-30,3+,204690,0.2
Apr 2023,SOM,16955266,Lower Juba,first projection,2023-04-01,2023-06-30,1,661230,0.63
Apr 2023,SOM,16955266,Lower Juba,first projection,2023-04-01,2023-06-30,2,183869,0.18
Apr 2023,SOM,16955266,Lower Juba,first projection,2023-04-01,2023-06-30,3,173530,0.17
Apr 2023,SOM,16955266,Lower Juba,first projection,2023-04-01,2023-06-30,4,31160,0.03
Apr 2023,SOM,16955266,Lower Juba,first projection,2023-04-01,2023-06-30,5,0,0
Apr 2023,SOM,16955266,Mudug,current,2023-03-01,2023-03-31,all,1332633,1.0
Apr 2023,SOM,16955266,Mudug,current,2023-03-01,2023-03-31,3+,458689,0.34
Apr 2023,SOM,16955266,Mudug,current,2023-03-01,2023-03-31,1,612888,0.46
Apr 2023,SOM,16955266,Mudug,current,2023-03-01,2023-03-31,2,261056,0.2
Apr 2023,SOM,16955266,Mudug,current,2023-03-01,2023-03-31,3,339040,0.25
Apr 2023,SOM,16955266,Mudug,current,2023-03-01,2023-03-31,4,119640,0.09
Apr 2023,SOM,16955266,Mudug,current,2023-03-01,2023-03-31,5,0,0
Apr 2023,SOM,16955266,Mudug,first projection,2023-04-01,2023-06-30,all,1332633,1.0
Apr 2023,SOM,16955266,Mudug,first projection,2023-04-01,2023-06-30,3+,554680,0.42
Apr 2023,SOM,16955266,Mudug,first projection,2023-04-01,2023-06-30,1,510214,0.38
Apr 2023,SOM,16955266,Mudug,first projection,2023-04-01,2023-06-30,2,267716,0.2
Apr 2023,SOM,16955266,Mudug,first projection,2023-04-01,2023-06-30,3,395760,0.3
Apr 2023,SOM,16955266,Mudug,first projection,2023-04-01,2023-06-30,4,150160,0.11
Apr 2023,SOM,16955266,Mudug,first projection,2023-04-01,2023-06-30,5,8760,0.01
Apr 2023,SOM,16955266,Banadir,current,2023-03-01,2023-03-31,all,2874431,1.0
Apr 2023,SOM,16955266,Banadir,current,2023-03-01,2023-03-31,3+,1102930,0.38
Apr 2023,SOM,16955266,Banadir,current,2023-03-01,2023-03-31,1,1322988,0.46
Apr 2023,SOM,16955266,Banadir,current,2023-03-01,2023-03-31,2,448513,0.16
Apr 2023,SOM,16955266,Banadir,current,2023-03-01,2023-03-31,3,808600,0.28
Apr 2023,SOM,16955266,Banadir,current,2023-03-01,2023-03-31,4,294330,0.1
Apr 2023,SOM,16955266,Banadir,current,2023-03-01,2023-03-31,5,0,0
Apr 2023,SOM,16955266,Banadir,first projection,2023-04-01,2023-06-30,all,2874431,1.0
Apr 2023,SOM,16955266,Banadir,first projection,2023-04-01,2023-06-30,3+,1288170,0.45
Apr 2023,SOM,16955266,Banadir,first projection,2023-04-01,2023-06-30,1,1255482,0.44
Apr 2023,SOM,16955266,Banadir,first projection,2023-04-01,2023-06-30,2,330781,0.12
Apr 2023,SOM,16955266,Banadir,first projection,2023-04-01,2023-06-30,3,934970,0.33
Apr 2023,SOM,16955266,Banadir,first projection,2023-04-01,2023-06-30,4,353200,0.12
Apr 2023,SOM,16955266,Banadir,first projection,2023-04-01,2023-06-30,5,0,0
Apr 2023,SOM,16955266,Nugaal,current,2023-03-01,2023-03-31,all,572647,1.0
Apr 2023,SOM,16955266,Nugaal,current,2023-03-01,2023-03-31,3+,155564,0.27
Apr 2023,SOM,16955266,Nugaal,current,2023-03-01,2023-03-31,1,302553,0.53
Apr 2023,SOM,16955266,Nugaal,current,2023-03-01,2023-03-31,2,114529,0.2
Apr 2023,SOM,16955266,Nugaal,current,2023-03-01,2023-03-31,3,122170,0.21
Apr 2023,SOM,16955266,Nugaal,current,2023-03-01,2023-03-31,4,33410,0.06
Apr 2023,SOM,16955266,Nugaal,current,2023-03-01,2023-03-31,5,0,0
Apr 2023,SOM,16955266,Nugaal,first projection,2023-04-01,2023-06-30,all,572647,1.0
Apr 2023,SOM,16955266,Nugaal,first projection,2023-04-01,2023-06-30,3+,196390,0.35
Apr 2023,SOM,16955266,Nugaal,first projection,2023-04-01,2023-06-30,1,251485,0.44
Apr 2023,SOM,16955266,Nugaal,first projection,2023-04-01,2023-06-30,2,124767,0.22
Apr 2023,SOM,16955266,Nugaal,first projection,2023-04-01,2023-06-30,3,152230,0.27
Apr 2023,SOM,16955266,Nugaal,first projection,2023-04-01,2023-06-30,4,44160,0.08
Apr 2023,SOM,16955266,Nugaal,first projection,2023-04-01,2023-06-30,5,0,0
Apr 2023,SOM,16955266,Woqooyi Galbeed,current,2023-03-01,2023-03-31,all,1311946,1.0
Apr 2023,SOM,16955266,Woqooyi Galbeed,current,2023-03-01,2023-03-31,3+,303744,0.23
Apr 2023,SOM,16955266,Woqooyi Galbeed,current,2023-03-01,2023-03-31,1,753069,0.57
Apr 2023,SOM,16955266,Woqooyi Galbeed,current,2023-03-01,2023-03-31,2,255133,0.19
Apr 2023,SOM,16955266,Woqooyi Galbeed,current,2023-03-01,2023-03-31,3,229080,0.17
Apr 2023,SOM,16955266,Woqooyi Galbeed,current,2023-03-01,2023-03-31,4,74660,0.06
Apr 2023,SOM,16955266,Woqooyi Galbeed,current,2023-03-01,2023-03-31,5,0,0
Apr 2023,SOM,16955266,Woqooyi Galbeed,first projection,2023-04-01,2023-06-30,all,1311946,1.0
Apr 2023,SOM,16955266,Woqooyi Galbeed,first projection,2023-04-01,2023-06-30,3+,470130,0.36
Apr 2023,SOM,16955266,Woqooyi Galbeed,first projection,2023-04-01,2023-06-30,1,556620,0.42
Apr 2023,SOM,16955266,Woqooyi Galbeed,first projection,2023-04-01,2023-06-30,2,285179,0.22
Apr 2023,SOM,16955266,Woqooyi Galbeed,first projection,2023-04-01,2023-06-30,3,340040,0.26
Apr 2023,SOM,16955266,Woqooyi Galbeed,first projection,2023-04-01,2023-06-30,4,130090,0.1
Apr 2023,SOM,16955266,Woqooyi Galbeed,first projection,2023-04-01,2023-06-30,5,0,0
Apr 2023,SOM,16955266,Hiraan,current,2023-03-01,2023-03-31,all,457546,1.0
Apr 2023,SOM,16955266,Hiraan,current,2023-03-01,2023-03-31,3+,115369,0.25
Apr 2023,SOM,16955266,Hiraan,current,2023-03-01,2023-03-31,1,255010,0.56
Apr 2023,SOM,16955266,Hiraan,current,2023-03-01,2023-03-31,2,87167,0.19
Apr 2023,SOM,16955266,Hiraan,current,2023-03-01,2023-03-31,3,91660,0.2
Apr 2023,SOM,16955266,Hiraan,current,2023-03-01,2023-03-31,4,23740,0.05
Apr 2023,SOM,16955266,Hiraan,current,2023-03-01,2023-03-31,5,0,0
Apr 2023,SOM,16955266,Hiraan,first projection,2023-04-01,2023-06-30,all,457546,1.0
Apr 2023,SOM,16955266,Hiraan,first projection,2023-04-01,2023-06-30,3+,192520,0.42
Apr 2023,SOM,16955266,Hiraan,first projection,2023-04-01,2023-06-30,1,160989,0.35
Apr 2023,SOM,16955266,Hiraan,first projection,2023-04-01,2023-06-30,2,104031,0.23
Apr 2023,SOM,16955266,Hiraan,first projection,2023-04-01,2023-06-30,3,128580,0.28
Apr 2023,SOM,16955266,Hiraan,first projection,2023-04-01,2023-06-30,4,63940,0.14
Apr 2023,SOM,16955266,Hiraan,first projection,2023-04-01,2023-06-30,5,0,0
Apr 2023,SOM,16955266,Sool,current,2023-03-01,2023-03-31,all,497571,1.0
Apr 2023,SOM,16955266,Sool,current,2023-03-01,2023-03-31,3+,213791,0.43
Apr 2023,SOM,16955266,Sool,current,2023-03-01,2023-03-31,1,186751,0.38
Apr 2023,SOM,16955266,Sool,current,2023-03-01,2023-03-31,2,97026,0.19
Apr 2023,SOM,16955266,Sool,current,2023-03-01,2023-03-31,3,155290,0.31
Apr 2023,SOM,16955266,Sool,current,2023-03-01,2023-03-31,4,58470,0.12
Apr 2023,SOM,16955266,Sool,current,2023-03-01,2023-03-31,5,0,0
Apr 2023,SOM,16955266,Sool,first projection,2023-04-01,2023-06-30,all,497571,1.0
Apr 2023,SOM,16955266,Sool,first projection,2023-04-01,2023-06-30,3+,272580,0.54
Apr 2023,SOM,16955266,Sool,first projection,2023-04-01,2023-06-30,1,112803,0.23
Apr 2023,SOM,16955266,Sool,first projection,2023-04-01,2023-06-30,2,112212,0.23
Apr 2023,SOM,16955266,Sool,first projection,2023-04-01,2023-06-30,3,191490,0.38
Apr 2023,SOM,16955266,Sool,first projection,2023-04-01,2023-06-30,4,81090,0.16
Apr 2023,SOM,16955266,Sool,first projection,2023-04-01,2023-06-30,5,0,0
Apr 2023,SOM,16955266,Bari,current,2023-03-01,2023-03-31,all,1116850,1.0
Apr 2023,SOM,16955266,Bari,current,2023-03-01,2023-03-31,3+,387900,0.35
Apr 2023,SOM,16955266,Bari,current,2023-03-01,2023-03-31,1,505580,0.45
Apr 2023,SOM,16955266,Bari,current,2023-03-01,2023-03-31,2,223370,0.2
Apr 2023,SOM,16955266,Bari,current,2023-03-01,2023-03-31,3,290950,0.26
Apr 2023,SOM,16955266,Bari,current,2023-03-01,2023-03-31,4,96970,0.09
Apr 2023,SOM,16955266,Bari,current,2023-03-01,2023-03-31,5,0,0
Apr 2023,SOM,16955266,Bari,first projection,2023-04-01,2023-06-30,all,1116850,1.0
Apr 2023,SOM,16955266,Bari,first projection,2023-04-01,2023-06-30,3+,480440,0.43
Apr 2023,SOM,16955266,Bari,first projection,2023-04-01,2023-06-30,1,407417,0.36
Apr 2023,SOM,16955266,Bari,first projection,2023-04-01,2023-06-30,2,228996,0.21
Apr 2023,SOM,16955266,Bari,first projection,2023-04-01,2023-06-30,3,368960,0.33
Apr 2023,SOM,16955266,Bari,first projection,2023-04-01,2023-06-30,4,111480,0.1
Apr 2023,SOM,16955266,Bari,first projection,2023-04-01,2023-06-30,5,0,0
Apr 2023,SOM,16955266,Galgaduud,current,2023-03-01,2023-03-31,all,736546,1.0
Apr 2023,SOM,16955266,Galgaduud,current,2023-03-01,2023-03-31,3+,293125,0.39
Apr 2023,SOM,16955266,Galgaduud,current,2023-03-01,2023-03-31,1,296112,0.4
Apr 2023,SOM,16955266,Galgaduud,current,2023-03-01,2023-03-31,2,147309,0.2
Apr 2023,SOM,16955266,Galgaduud,current,2023-03-01,2023-03-31,3,216720,0.29
Apr 2023,SOM,16955266,Galgaduud,current,2023-03-01,2023-03-31,4,76410,0.1
Apr 2023,SOM,16955266,Galgaduud,current,2023-03-01,2023-03-31,5,0,0
Apr 2023,SOM,16955266,Galgaduud,first projection,2023-04-01,2023-06-30,all,736546,1.0
Apr 2023,SOM,16955266,Galgaduud,first projection,2023-04-01,2023-06-30,3+,360810,0.49
Apr 2023,SOM,16955266,Galgaduud,first projection,2023-04-01,2023-06-30,1,218329,0.3
Apr 2023,SOM,16955266,Galgaduud,first projection,2023-04-01,2023-06-30,2,157422,0.21
Apr 2023,SOM,16955266,Galgaduud,first projection,2023-04-01,2023-06-30,3,255390,0.35
Apr 2023,SOM,16955266,Galgaduud,first projection,2023-04-01,2023-06-30,4,104230,0.14
Apr 2023,SOM,16955266,Galgaduud,first projection,2023-04-01,2023-06-30,5,1190,0
Apr 2023,SOM,16955266,Gedo,current,2023-03-01,2023-03-31,all,884235,1.0
Apr 2023,SOM,16955266,Gedo,current,2023-03-01,2023-03-31,3+,192790,0.21
Apr 2023,SOM,16955266,Gedo,current,2023-03-01,2023-03-31,1,521031,0.59
Apr 2023,SOM,16955266,Gedo,current,2023-03-01,2023-03-31,2,170385,0.19
Apr 2023,SOM,16955266,Gedo,current,2023-03-01,2023-03-31,3,154740,0.17
Apr 2023,SOM,16955266,Gedo,current,2023-03-01,2023-03-31,4,38050,0.04
Apr 2023,SOM,16955266,Gedo,current,2023-03-01,2023-03-31,5,0,0
Apr 2023,SOM,16955266,Gedo,first projection,2023-04-01,2023-06-30,all,884235,1.0
Apr 2023,SOM,16955266,Gedo,first projection,2023-04-01,2023-06-30,3+,266630,0.3
Apr 2023,SOM,16955266,Gedo,first projection,2023-04-01,2023-06-30,1,410783,0.46
Apr 2023,SOM,16955266,Gedo,first projection,2023-04-01,2023-06-30,2,206828,0.23
Apr 2023,SOM,16955266,Gedo,first projection,2023-04-01,2023-06-30,3,205780,0.23
Apr 2023,SOM,16955266,Gedo,first projection,2023-04-01,2023-06-30,4,60850,0.07
Apr 2023,SOM,16955266,Gedo,first projection,2023-04-01,2023-06-30,5,0,0
Apr 2023,SOM,16955266,Middle Shabelle,current,2023-03-01,2023-03-31,all,918463,1.0
Apr 2023,SOM,16955266,Middle Shabelle,current,2023-03-01,2023-03-31,3+,262048,0.29
Apr 2023,SOM,16955266,Middle Shabelle,current,2023-03-01,2023-03-31,1,482658,0.53
Apr 2023,SOM,16955266,Middle Shabelle,current,2023-03-01,2023-03-31,2,173757,0.19
Apr 2023,SOM,16955266,Middle Shabelle,current,2023-03-01,2023-03-31,3,192920,0.21
Apr 2023,SOM,16955266,Middle Shabelle,current,2023-03-01,2023-03-31,4,69130,0.08
Apr 2023,SOM,16955266,Middle Shabelle,current,2023-03-01,2023-03-31,5,0,0
Apr 2023,SOM,16955266,Middle Shabelle,first projection,2023-04-01,2023-06-30,all,918463,1.0
Apr 2023,SOM,16955266,Middle Shabelle,first projection,2023-04-01,2023-06-30,3+,378530,0.41
Apr 2023,SOM,16955266,Middle Shabelle,first projection,2023-04-01,2023-06-30,1,341828,0.37
Apr 2023,SOM,16955266,Middle Shabelle,first projection,2023-04-01,2023-06-30,2,198093,0.22
Apr 2023,SOM,16955266,Middle Shabelle,first projection,2023-04-01,2023-06-30,3,260770,0.28
Apr 2023,SOM,16955266,Middle Shabelle,first projection,2023-04-01,2023-06-30,4,105600,0.12
Apr 2023,SOM,16955266,Middle Shabelle,first projection,2023-04-01,2023-06-30,5,12160,0.01
Apr 2023,SOM,16955266,Lower Shabelle,current,2023-03-01,2023-03-31,all,1477523,1.0
Apr 2023,SOM,16955266,Lower Shabelle,current,2023-03-01,2023-03-31,3+,134510,0.09
Apr 2023,SOM,16955266,Lower Shabelle,current,2023-03-01,2023-03-31,1,1082259,0.73
Apr 2023,SOM,16955266,Lower Shabelle,current,2023-03-01,2023-03-31,2,260755,0.18
Apr 2023,SOM,16955266,Lower Shabelle,current,2023-03-01,2023-03-31,3,125330,0.08
Apr 2023,SOM,16955266,Lower Shabelle,current,2023-03-01,2023-03-31,4,9210,0.01
Apr 2023,SOM,16955266,Lower Shabelle,current,2023-03-01,2023-03-31,5,0,0
Apr 2023,SOM,16955266,Lower Shabelle,first projection,2023-04-01,2023-06-30,all,1477523,1.0
Apr 2023,SOM,16955266,Lower Shabelle,first projection,2023-04-01,2023-06-30,3+,214478,0.15
Apr 2023,SOM,16955266,Lower Shabelle,first projection,2023-04-01,2023-06-30,1,956334,0.65
Apr 2023,SOM,16955266,Lower Shabelle,first projection,2023-04-01,2023-06-30,2,306711,0.21
Apr 2023,SOM,16955266,Lower Shabelle,first projection,2023-04-01,2023-06-30,3,159322,0.11
Apr 2023,SOM,16955266,Lower Shabelle,first projection,2023-04-01,2023-06-30,4,55156,0.04
Apr 2023,SOM,16955266,Lower Shabelle,first projection,2023-04-01,2023-06-30,5,0,0
Apr 2023,SOM,16955266,Awdal,current,2023-03-01,2023-03-31,all,576543,1.0
Apr 2023,SOM,16955266,Awdal,current,2023-03-01,2023-03-31,3+,111508,0.2
Apr 2023,SOM,16955266,Awdal,current,2023-03-01,2023-03-31,1,355321,0.62
Apr 2023,SOM,16955266,Awdal,current,2023-03-01,2023-03-31,2,109714,0.19
Apr 2023,SOM,16955266,Awdal,current,2023-03-01,2023-03-31,3,83960,0.15
Apr 2023,SOM,16955266,Awdal,current,2023-03-01,2023-03-31,4,27560,0.05
Apr 2023,SOM,16955266,Awdal,current,2023-03-01,2023-03-31,5,0,0
Apr 2023,SOM,16955266,Awdal,first projection,2023-04-01,2023-06-30,all,576543,1.0
Apr 2023,SOM,16955266,Awdal,first projection,2023-04-01,2023-06-30,3+,163770,0.29
Apr 2023,SOM,16955266,Awdal,first projection,2023-04-01,2023-06-30,1,279849,0.49
Apr 2023,SOM,16955266,Awdal,first projection,2023-04-01,2023-06-30,2,132947,0.23
Apr 2023,SOM,16955266,Awdal,first projection,2023-04-01,2023-06-30,3,119020,0.21
Apr 2023,SOM,16955266,Awdal,first projection,2023-04-01,2023-06-30,4,44750,0.08
Apr 2023,SOM,16955266,Awdal,first projection,2023-04-01,2023-06-30,5,0,0
Apr 2023,SOM,16955266,Middle Juba,current,2023-03-01,2023-03-31,all,356269,1.0
Apr 2023,SOM,16955266,Middle Juba,current,2023-03-01,2023-03-31,3+,38467,0.11
Apr 2023,SOM,16955266,Middle Juba,current,2023-03-01,2023-03-31,1,268250,0.75
Apr 2023,SOM,16955266,Middle Juba,current,2023-03-01,2023-03-31,2,49552,0.14
Apr 2023,SOM,16955266,Middle Juba,current,2023-03-01,2023-03-31,3,38460,0.11
Apr 2023,SOM,16955266,Middle Juba,current,2023-03-01,2023-03-31,4,0,0
Apr 2023,SOM,16955266,Middle Juba,current,2023-03-01,2023-03-31,5,0,0
Apr 2023,SOM,16955266,Middle Juba,first projection,2023-04-01,2023-06-30,all,356269,1.0
Apr 2023,SOM,16955266,Middle Juba,first projection,2023-04-01,2023-06-30,3+,55403,0.16
Apr 2023,SOM,16955266,Middle Juba,first projection,2023-04-01,2023-06-30,1,242969,0.68
Apr 2023,SOM,16955266,Middle Juba,first projection,2023-04-01,2023-06-30,2,57897,0.16
Apr 2023,SOM,16955266,Middle Juba,first projection,2023-04-01,2023-06-30,3,51688,0.15
Apr 2023,SOM,16955266,Middle Juba,first projection,2023-04-01,2023-06-30,4,3715,0.01
Apr 2023,SOM,16955266,Middle Juba,first projection,2023-04-01,2023-06-30,5,0,0
Apr 2023,SOM,16955266,Sanaag,current,2023-03-01,2023-03-31,all,388559,1.0
Apr 2023,SOM,16955266,Sanaag,current,2023-03-01,2023-03-31,3+,132255,0.34
Apr 2023,SOM,16955266,Sanaag,current,2023-03-01,2023-03-31,1,178597,0.46
Apr 2023,SOM,16955266,Sanaag,current,2023-03-01,2023-03-31,2,77707,0.2
Apr 2023,SOM,16955266,Sanaag,current,2023-03-01,2023-03-31,3,101720,0.26
Apr 2023,SOM,16955266,Sanaag,current,2023-03-01,2023-03-31,4,30560,0.08
Apr 2023,SOM,16955266,Sanaag,current,2023-03-01,2023-03-31,5,0,0
Apr 2023,SOM,16955266,Sanaag,first projection,2023-04-01,2023-06-30,all,388559,1.0
Apr 2023,SOM,16955266,Sanaag,first projection,2023-04-01,2023-06-30,3+,164430,0.43
Apr 2023,SOM,16955266,Sanaag,first projection,2023-04-01,2023-06-30,1,136473,0.35
Apr 2023,SOM,16955266,Sanaag,first projection,2023-04-01,2023-06-30,2,87660,0.23
Apr 2023,SOM,16955266,Sanaag,first projection,2023-04-01,2023-06-30,3,123140,0.32
Apr 2023,SOM,16955266,Sanaag,first projection,2023-04-01,2023-06-30,4,41290,0.11
Apr 2023,SOM,16955266,Sanaag,first projection,2023-04-01,2023-06-30,5,0,0
Apr 2023,SOM,16955266,Bakool,current,2023-03-01,2023-03-31,all,492495,1.0
Apr 2023,SOM,16955266,Bakool,current,2023-03-01,2023-03-31,3+,140440,0.28
Apr 2023,SOM,16955266,Bakool,current,2023-03-01,2023-03-31,1,258021,0.52
Apr 2023,SOM,16955266,Bakool,current,2023-03-01,2023-03-31,2,94034,0.19
Apr 2023,SOM,16955266,Bakool,current,2023-03-01,2023-03-31,3,104890,0.21
Apr 2023,SOM,16955266,Bakool,current,2023-03-01,2023-03-31,4,33320,0.07
Apr 2023,SOM,16955266,Bakool,current,2023-03-01,2023-03-31,5,2240,0
Apr 2023,SOM,16955266,Bakool,first projection,2023-04-01,2023-06-30,all,492495,1.0
Apr 2023,SOM,16955266,Bakool,first projection,2023-04-01,2023-06-30,3+,206010,0.42
Apr 2023,SOM,16955266,Bakool,first projection,2023-04-01,2023-06-30,1,185115,0.38
Apr 2023,SOM,16955266,Bakool,first projection,2023-04-01,2023-06-30,2,101367,0.21
Apr 2023,SOM,16955266,Bakool,first projection,2023-04-01,2023-06-30,3,138740,0.28
Apr 2023,SOM,16955266,Bakool,first projection,2023-04-01,2023-06-30,4,62810,0.13
Apr 2023,SOM,16955266,Bakool,first projection,2023-04-01,2023-06-30,5,4460,0.01
Feb 2023,SOM,16955266,Togdheer,current,2023-01-01,2023-03-31,all,780092,1.0
Feb 2023,SOM,16955266,Togdheer,current,2023-01-01,2023-03-31,3+,249620,0.32
Feb 2023,SOM,16955266,Togdheer,current,2023-01-01,2023-03-31,1,376455,0.48
Feb 2023,SOM,16955266,Togdheer,current,2023-01-01,2023-03-31,2,154071,0.2
Feb 2023,SOM,16955266,Togdheer,current,2023-01-01,2023-03-31,3,182290,0.23
Feb 2023,SOM,16955266,Togdheer,current,2023-01-01,2023-03-31,4,67330,0.09
Feb 2023,SOM,16955266,Togdheer,current,2023-01-01,2023-03-31,5,0,0
Feb 2023,SOM,16955266,Togdheer,first projection,2023-04-01,2023-06-30,all,780092,1.0
Feb 2023,SOM,16955266,Togdheer,first projection,2023-04-01,2023-06-30,3+,359780,0.46
Feb 2023,SOM,16955266,Togdheer,first projection,2023-04-01,2023-06-30,1,266620,0.34
Feb 2023,SOM,16955266,Togdheer,first projection,2023-04-01,2023-06-30,2,153704,0.2
Feb 2023,SOM,16955266,Togdheer,first projection,2023-04-01,2023-06-30,3,261630,0.34
Feb 2023,SOM,16955266,Togdheer,first projection,2023-04-01,2023-06-30,4,96100,0.12
Feb 2023,SOM,16955266,Togdheer,first projection,2023-04-01,2023-06-30,5,2050,0
Feb 2023,SOM,16955266,Galgaduud,current,2023-01-01,2023-03-31,all,736546,1.0
Feb 2023,SOM,16955266,Galgaduud,current,2023-01-01,2023-03-31,3+,293130,0.39
Feb 2023,SOM,16955266,Galgaduud,current,2023-01-01,2023-03-31,1,296112,0.4
Feb 2023,SOM,16955266,Galgaduud,current,2023-01-01,2023-03-31,2,147309,0.2
Feb 2023,SOM,16955266,Galgaduud,current,2023-01-01,2023-03-31,3,216720,0.29
Feb 2023,SOM,16955266,Galgaduud,current,2023-01-01,2023-03-31,4,76410,0.1
Feb 2023,SOM,16955266,Galgaduud,current,2023-01-01,2023-03-31,5,0,0
Feb 2023,SOM,16955266,Galgaduud,first projection,2023-04-01,2023-06-30,all,736546,1.0
Feb 2023,SOM,16955266,Galgaduud,first projection,2023-04-01,2023-06-30,3+,360810,0.49
Feb 2023,SOM,16955266,Galgaduud,first projection,2023-04-01,2023-06-30,1,218329,0.3
Feb 2023,SOM,16955266,Galgaduud,first projection,2023-04-01,2023-06-30,2,157422,0.21
Feb 2023,SOM,16955266,Galgaduud,first projection,2023-04-01,2023-06-30,3,255390,0.35
Feb 2023,SOM,16955266,Galgaduud,first projection,2023-04-01,2023-06-30,4,104230,0.14
Feb 2023,SOM,16955266,Galgaduud,first projection,2023-04-01,2023-06-30,5,1190,0
Feb 2023,SOM,16955266,Lower Shabelle,current,2023-01-01,2023-03-31,all,1477523,1.0
Feb 2023,SOM,16955266,Lower Shabelle,current,2023-01-01,2023-03-31,3+,134540,0.09
Feb 2023,SOM,16955266,Lower Shabelle,current,2023-01-01,2023-03-31,1,1082259,0.73
Feb 2023,SOM,16955266,Lower Shabelle,current,2023-01-01,2023-03-31,2,260755,0.18
Feb 2023,SOM,16955266,Lower Shabelle,current,2023-01-01,2023-03-31,3,125330,0.08
Feb 2023,SOM,16955266,Lower Shabelle,current,2023-01-01,2023-03-31,4,9210,0.01
Feb 2023,SOM,16955266,Lower Shabelle,current,2023-01-01,2023-03-31,5,0,0
Feb 2023,SOM,16955266,Lower Shabelle,first projection,2023-04-01,2023-06-30,all,1477523,1.0
Feb 2023,SOM,16955266,Lower Shabelle,first projection,2023-04-01,2023-06-30,3+,214500,0.15
Feb 2023,SOM,16955266,Lower Shabelle,first projection,2023-04-01,2023-06-30,1,956334,0.65
Feb 2023,SOM,16955266,Lower Shabelle,first projection,2023-04-01,2023-06-30,2,306711,0.21
Feb 2023,SOM,16955266,Lower Shabelle,first projection,2023-04-01,2023-06-30,3,159340,0.11
Feb 2023,SOM,16955266,Lower Shabelle,first projection,2023-04-01,2023-06-30,4,55160,0.04
Feb 2023,SOM,16955266,Lower Shabelle,first projection,2023-04-01,2023-06-30,5,0,0
Feb 2023,SOM,16955266,Bakool,current,2023-01-01,2023-03-31,all,492495,1.0
Feb 2023,SOM,16955266,Bakool,current,2023-01-01,2023-03-31,3+,140450,0.28
Feb 2023,SOM,16955266,Bakool,current,2023-01-01,2023-03-31,1,258021,0.52
Feb 2023,SOM,16955266,Bakool,current,2023-01-01,2023-03-31,2,94034,0.19
Feb 2023,SOM,16955266,Bakool,current,2023-01-01,2023-03-31,3,104890,0.21
Feb 2023,SOM,16955266,Bakool,current,2023-01-01,2023-03-31,4,33320,0.07
Feb 2023,SOM,16955266,Bakool,current,2023-01-01,2023-03-31,5,2240,0
Feb 2023,SOM,16955266,Bakool,first projection,2023-04-01,2023-06-30,all,492495,1.0
Feb 2023,SOM,16955266,Bakool,first projection,2023-04-01,2023-06-30,3+,206010,0.42
Feb 2023,SOM,16955266,Bakool,first projection,2023-04-01,2023-06-30,1,185115,0.38
Feb 2023,SOM,16955266,Bakool,first projection,2023-04-01,2023-06-30,2,101372,0.21
Feb 2023,SOM,16955266,Bakool,first projection,2023-04-01,2023-06-30,3,138740,0.28
Feb 2023,SOM,16955266,Bakool,first projection,2023-04-01,2023-06-30,4,62810,0.13
Feb 2023,SOM,16955266,Bakool,first projection,2023-04-01,2023-06-30,5,4460,0.01
Feb 2023,SOM,16955266,Middle Shabelle,current,2023-01-01,2023-03-31,all,918463,1.0
Feb 2023,SOM,16955266,Middle Shabelle,current,2023-01-01,2023-03-31,3+,262050,0.29
Feb 2023,SOM,16955266,Middle Shabelle,current,2023-01-01,2023-03-31,1,482658,0.53
Feb 2023,SOM,16955266,Middle Shabelle,current,2023-01-01,2023-03-31,2,173757,0.19
Feb 2023,SOM,16955266,Middle Shabelle,current,2023-01-01,2023-03-31,3,192920,0.21
Feb 2023,SOM,16955266,Middle Shabelle,current,2023-01-01,2023-03-31,4,69130,0.08
Feb 2023,SOM,16955266,Middle Shabelle,current,2023-01-01,2023-03-31,5,0,0
Feb 2023,SOM,16955266,Middle Shabelle,first projection,2023-04-01,2023-06-30,all,918463,1.0
Feb 2023,SOM,16955266,Middle Shabelle,first projection,2023-04-01,2023-06-30,3+,378530,0.41
Feb 2023,SOM,16955266,Middle Shabelle,first projection,2023-04-01,2023-06-30,1,341828,0.37
Feb 2023,SOM,16955266,Middle Shabelle,first projection,2023-04-01,2023-06-30,2,198093,0.22
Feb 2023,SOM,16955266,Middle Shabelle,first projection,2023-04-01,2023-06-30,3,260770,0.28
Feb 2023,SOM,16955266,Middle Shabelle,first projection,2023-04-01,2023-06-30,4,105600,0.12
Feb 2023,SOM,16955266,Middle Shabelle,first projection,2023-04-01,2023-06-30,5,12160,0.01
Feb 2023,SOM,16955266,Lower Juba,current,2023-01-01,2023-03-31,all,1049796,1.0
Feb 2023,SOM,16955266,Lower Juba,current,2023-01-01,2023-03-31,3+,133660,0.13
Feb 2023,SOM,16955266,Lower Juba,current,2023-01-01,2023-03-31,1,757192,0.72
Feb 2023,SOM,16955266,Lower Juba,current,2023-01-01,2023-03-31,2,158945,0.15
Feb 2023,SOM,16955266,Lower Juba,current,2023-01-01,2023-03-31,3,115970,0.11
Feb 2023,SOM,16955266,Lower Juba,current,2023-01-01,2023-03-31,4,17690,0.02
Feb 2023,SOM,16955266,Lower Juba,current,2023-01-01,2023-03-31,5,0,0
Feb 2023,SOM,16955266,Lower Juba,first projection,2023-04-01,2023-06-30,all,1049796,1.0
Feb 2023,SOM,16955266,Lower Juba,first projection,2023-04-01,2023-06-30,3+,204690,0.2
Feb 2023,SOM,16955266,Lower Juba,first projection,2023-04-01,2023-06-30,1,661230,0.63
Feb 2023,SOM,16955266,Lower Juba,first projection,2023-04-01,2023-06-30,2,183869,0.18
Feb 2023,SOM,16955266,Lower Juba,first projection,2023-04-01,2023-06-30,3,173530,0.17
Feb 2023,SOM,16955266,Lower Juba,first projection,2023-04-01,2023-06-30,4,31160,0.03
Feb 2023,SOM,16955266,Lower Juba,first projection,2023-04-01,2023-06-30,5,0,0
Feb 2023,SOM,16955266,Bay,current,2023-01-01,2023-03-31,all,1131121,1.0
Feb 2023,SOM,16955266,Bay,current,2023-01-01,2023-03-31,3+,735020,0.65
Feb 2023,SOM,16955266,Bay,current,2023-01-01,2023-03-31,1,203070,0.18
Feb 2023,SOM,16955266,Bay,current,2023-01-01,2023-03-31,2,193020,0.17
Feb 2023,SOM,16955266,Bay,current,2023-01-01,2023-03-31,3,410430,0.36
Feb 2023,SOM,16955266,Bay,current,2023-01-01,2023-03-31,4,289550,0.26
Feb 2023,SOM,16955266,Bay,current,2023-01-01,2023-03-31,5,35040,0.03
Feb 2023,SOM,16955266,Bay,first projection,2023-04-01,2023-06-30,all,1131121,1.0
Feb 2023,SOM,16955266,Bay,first projection,2023-04-01,2023-06-30,3+,855570,0.76
Feb 2023,SOM,16955266,Bay,first projection,2023-04-01,2023-06-30,1,117885,0.1
Feb 2023,SOM,16955266,Bay,first projection,2023-04-01,2023-06-30,2,157674,0.14
Feb 2023,SOM,16955266,Bay,first projection,2023-04-01,2023-06-30,3,399980,0.35
Feb 2023,SOM,16955266,Bay,first projection,2023-04-01,2023-06-30,4,379230,0.34
Feb 2023,SOM,16955266,Bay,first projection,2023-04-01,2023-06-30,5,76360,0.07
Feb 2023,SOM,16955266,Gedo,current,2023-01-01,2023-03-31,all,884235,1.0
Feb 2023,SOM,16955266,Gedo,current,2023-01-01,2023-03-31,3+,192790,0.22
Feb 2023,SOM,16955266,Gedo,current,2023-01-01,2023-03-31,1,521049,0.59
Feb 2023,SOM,16955266,Gedo,current,2023-01-01,2023-03-31,2,170396,0.19
Feb 2023,SOM,16955266,Gedo,current,2023-01-01,2023-03-31,3,154740,0.18
Feb 2023,SOM,16955266,Gedo,current,2023-01-01,2023-03-31,4,38050,0.04
Feb 2023,SOM,16955266,Gedo,current,2023-01-01,2023-03-31,5,0,0
Feb 2023,SOM,16955266,Gedo,first projection,2023-04-01,2023-06-30,all,884235,1.0
Feb 2023,SOM,16955266,Gedo,first projection,2023-04-01,2023-06-30,3+,266630,0.3
Feb 2023,SOM,16955266,Gedo,first projection,2023-04-01,2023-06-30,1,410791,0.46
Feb 2023,SOM,16955266,Gedo,first projection,2023-04-01,2023-06-30,2,206824,0.23
Feb 2023,SOM,16955266,Gedo,first projection,2023-04-01,2023-06-30,3,205780,0.23
Feb 2023,SOM,16955266,Gedo,first projection,2023-04-01,2023-06-30,4,60850,0.07
Feb 2023,SOM,16955266,Gedo,first projection,2023-04-01,2023-06-30,5,0,0
Feb 2023,SOM,16955266,Middle Juba,current,2023-01-01,2023-03-31,all,356269,1.0
Feb 2023,SOM,16955266,Middle Juba,current,2023-01-01,2023-03-31,3+,38460,0.11
Feb 2023,SOM,16955266,Middle Juba,current,2023-01-01,2023-03-31,1,268250,0.75
Feb 2023,SOM,16955266,Middle Juba,current,2023-01-01,2023-03-31,2,49552,0.14
Feb 2023,SOM,16955266,Middle Juba,current,2023-01-01,2023-03-31,3,38460,0.11
Feb 2023,SOM,16955266,Middle Juba,current,2023-01-01,2023-03-31,4,0,0
Feb 2023,SOM,16955266,Middle Juba,current,2023-01-01,2023-03-31,5,0,0
Feb 2023,SOM,16955266,Middle Juba,first projection,2023-04-01,2023-06-30,all,356269,1.0
Feb 2023,SOM,16955266,Middle Juba,first projection,2023-04-01,2023-06-30,3+,55400,0.16
Feb 2023,SOM,16955266,Middle Juba,first projection,2023-04-01,2023-06-30,1,242969,0.68
Feb 2023,SOM,16955266,Middle Juba,first projection,2023-04-01,2023-06-30,2,57897,0.16
Feb 2023,SOM,16955266,Middle Juba,first projection,2023-04-01,2023-06-30,3,51690,0.15
Feb 2023,SOM,16955266,Middle Juba,first projection,2023-04-01,2023-06-30,4,3710,0.01
Feb 2023,SOM,16955266,Middle Juba,first projection,2023-04-01,2023-06-30,5,0,0
Feb 2023,SOM,16955266,Awdal,current,2023-01-01,2023-03-31,all,576543,1.0
Feb 2023,SOM,16955266,Awdal,current,2023-01-01,2023-03-31,3+,111520,0.2
Feb 2023,SOM,16955266,Awdal,current,2023-01-01,2023-03-31,1,355321,0.62
Feb 2023,SOM,16955266,Awdal,current,2023-01-01,2023-03-31,2,109714,0.19
Feb 2023,SOM,16955266,Awdal,current,2023-01-01,2023-03-31,3,83960,0.15
Feb 2023,SOM,16955266,Awdal,current,2023-01-01,2023-03-31,4,27560,0.05
Feb 2023,SOM,16955266,Awdal,current,2023-01-01,2023-03-31,5,0,0
Feb 2023,SOM,16955266,Awdal,first projection,2023-04-01,2023-06-30,all,576543,1.0
Feb 2023,SOM,16955266,Awdal,first projection,2023-04-01,2023-06-30,3+,163770,0.29
Feb 2023,SOM,16955266,Awdal,first projection,2023-04-01,2023-06-30,1,279849,0.49
Feb 2023,SOM,16955266,Awdal,first projection,2023-04-01,2023-06-30,2,132947,0.23
Feb 2023,SOM,16955266,Awdal,first projection,2023-04-01,2023-06-30,3,119020,0.21
Feb 2023,SOM,16955266,Awdal,first projection,2023-04-01,2023-06-30,4,44750,0.08
Feb 2023,SOM,16955266,Awdal,first projection,2023-04-01,2023-06-30,5,0,0
Feb 2023,SOM,16955266,Mudug,current,2023-01-01,2023-03-31,all,1332633,1.0
Feb 2023,SOM,16955266,Mudug,current,2023-01-01,2023-03-31,3+,458680,0.34
Feb 2023,SOM,16955266,Mudug,current,2023-01-01,2023-03-31,1,612888,0.46
Feb 2023,SOM,16955266,Mudug,current,2023-01-01,2023-03-31,2,261056,0.2
Feb 2023,SOM,16955266,Mudug,current,2023-01-01,2023-03-31,3,339040,0.25
Feb 2023,SOM,16955266,Mudug,current,2023-01-01,2023-03-31,4,119640,0.09
Feb 2023,SOM,16955266,Mudug,current,2023-01-01,2023-03-31,5,0,0
Feb 2023,SOM,16955266,Mudug,first projection,2023-04-01,2023-06-30,all,1332633,1.0
Feb 2023,SOM,16955266,Mudug,first projection,2023-04-01,2023-06-30,3+,554680,0.42
Feb 2023,SOM,16955266,Mudug,first projection,2023-04-01,2023-06-30,1,510214,0.38
Feb 2023,SOM,16955266,Mudug,first projection,2023-04-01,2023-06-30,2,267716,0.2
Feb 2023,SOM,16955266,Mudug,first projection,2023-04-01,2023-06-30,3,395760,0.3
Feb 2023,SOM,16955266,Mudug,first projection,2023-04-01,2023-06-30,4,150160,0.11
Feb 2023,SOM,16955266,Mudug,first projection,2023-04-01,2023-06-30,5,8760,0.01
Feb 2023,SOM,16955266,Hiraan,current,2023-01-01,2023-03-31,all,457546,1.0
Feb 2023,SOM,16955266,Hiraan,current,2023-01-01,2023-03-31,3+,115400,0.25
Feb 2023,SOM,16955266,Hiraan,current,2023-01-01,2023-03-31,1,254996,0.56
Feb 2023,SOM,16955266,Hiraan,current,2023-01-01,2023-03-31,2,87167,0.19
Feb 2023,SOM,16955266,Hiraan,current,2023-01-01,2023-03-31,3,91660,0.2
Feb 2023,SOM,16955266,Hiraan,current,2023-01-01,2023-03-31,4,23740,0.05
Feb 2023,SOM,16955266,Hiraan,current,2023-01-01,2023-03-31,5,0,0
Feb 2023,SOM,16955266,Hiraan,first projection,2023-04-01,2023-06-30,all,457546,1.0
Feb 2023,SOM,16955266,Hiraan,first projection,2023-04-01,2023-06-30,3+,192520,0.42
Feb 2023,SOM,16955266,Hiraan,first projection,2023-04-01,2023-06-30,1,161004,0.35
Feb 2023,SOM,16955266,Hiraan,first projection,2023-04-01,2023-06-30,2,104031,0.23
Feb 2023,SOM,16955266,Hiraan,first projection,2023-04-01,2023-06-30,3,128580,0.28
Feb 2023,SOM,16955266,Hiraan,first projection,2023-04-01,2023-06-30,4,63940,0.14
Feb 2023,SOM,16955266,Hiraan,first projection,2023-04-01,2023-06-30,5,0,0
Feb 2023,SOM,16955266,Banadir,current,2023-01-01,2023-03-31,all,2874431,1.0
Feb 2023,SOM,16955266,Banadir,current,2023-01-01,2023-03-31,3+,926340,0.32
Feb 2023,SOM,16955266,Banadir,current,2023-01-01,2023-03-31,1,1440721,0.5
Feb 2023,SOM,16955266,Banadir,current,2023-01-01,2023-03-31,2,507380,0.18
Feb 2023,SOM,16955266,Banadir,current,2023-01-01,2023-03-31,3,573140,0.2
Feb 2023,SOM,16955266,Banadir,current,2023-01-01,2023-03-31,4,294330,0.1
Feb 2023,SOM,16955266,Banadir,current,2023-01-01,2023-03-31,5,58870,0.02
Feb 2023,SOM,16955266,Banadir,first projection,2023-04-01,2023-06-30,all,2874431,1.0
Feb 2023,SOM,16955266,Banadir,first projection,2023-04-01,2023-06-30,3+,1111570,0.38
Feb 2023,SOM,16955266,Banadir,first projection,2023-04-01,2023-06-30,1,1255482,0.44
Feb 2023,SOM,16955266,Banadir,first projection,2023-04-01,2023-06-30,2,507380,0.18
Feb 2023,SOM,16955266,Banadir,first projection,2023-04-01,2023-06-30,3,699510,0.24
Feb 2023,SOM,16955266,Banadir,first projection,2023-04-01,2023-06-30,4,294330,0.1
Feb 2023,SOM,16955266,Banadir,first projection,2023-04-01,2023-06-30,5,117730,0.04
Feb 2023,SOM,16955266,Bari,current,2023-01-01,2023-03-31,all,1116850,1.0
Feb 2023,SOM,16955266,Bari,current,2023-01-01,2023-03-31,3+,387920,0.35
Feb 2023,SOM,16955266,Bari,current,2023-01-01,2023-03-31,1,505580,0.45
Feb 2023,SOM,16955266,Bari,current,2023-01-01,2023-03-31,2,223370,0.2
Feb 2023,SOM,16955266,Bari,current,2023-01-01,2023-03-31,3,290950,0.26
Feb 2023,SOM,16955266,Bari,current,2023-01-01,2023-03-31,4,96970,0.09
Feb 2023,SOM,16955266,Bari,current,2023-01-01,2023-03-31,5,0,0
Feb 2023,SOM,16955266,Bari,first projection,2023-04-01,2023-06-30,all,1116850,1.0
Feb 2023,SOM,16955266,Bari,first projection,2023-04-01,2023-06-30,3+,480440,0.43
Feb 2023,SOM,16955266,Bari,first projection,2023-04-01,2023-06-30,1,407417,0.36
Feb 2023,SOM,16955266,Bari,first projection,2023-04-01,2023-06-30,2,228996,0.21
Feb 2023,SOM,16955266,Bari,first projection,2023-04-01,2023-06-30,3,368960,0.33
Feb 2023,SOM,16955266,Bari,first projection,2023-04-01,2023-06-30,4,111480,0.1
Feb 2023,SOM,16955266,Bari,first projection,2023-04-01,2023-06-30,5,0,0
Feb 2023,SOM,16955266,Woqooyi Galbeed,current,2023-01-01,2023-03-31,all,1311946,1.0
Feb 2023,SOM,16955266,Woqooyi Galbeed,current,2023-01-01,2023-03-31,3+,303740,0.23
Feb 2023,SOM,16955266,Woqooyi Galbeed,current,2023-01-01,2023-03-31,1,753069,0.57
Feb 2023,SOM,16955266,Woqooyi Galbeed,current,2023-01-01,2023-03-31,2,255133,0.19
Feb 2023,SOM,16955266,Woqooyi Galbeed,current,2023-01-01,2023-03-31,3,229080,0.17
Feb 2023,SOM,16955266,Woqooyi Galbeed,current,2023-01-01,2023-03-31,4,74660,0.06
Feb 2023,SOM,16955266,Woqooyi Galbeed,current,2023-01-01,2023-03-31,5,0,0
Feb 2023,SOM,16955266,Woqooyi Galbeed,first projection,2023-04-01,2023-06-30,all,1311946,1.0
Feb 2023,SOM,16955266,Woqooyi Galbeed,first projection,2023-04-01,2023-06-30,3+,470130,0.36
Feb 2023,SOM,16955266,Woqooyi Galbeed,first projection,2023-04-01,2023-06-30,1,556620,0.42
Feb 2023,SOM,16955266,Woqooyi Galbeed,first projection,2023-04-01,2023-06-30,2,285179,0.22
Feb 2023,SOM,16955266,Woqooyi Galbeed,first projection,2023-04-01,2023-06-30,3,340040,0.26
Feb 2023,SOM,16955266,Woqooyi Galbeed,first projection,2023-04-01,2023-06-30,4,130090,0.1
Feb 2023,SOM,16955266,Woqooyi Galbeed,first projection,2023-04-01,2023-06-30,5,0,0
Feb 2023,SOM,16955266,Sool,current,2023-01-01,2023-03-31,all,497571,1.0
Feb 2023,SOM,16955266,Sool,current,2023-01-01,2023-03-31,3+,213760,0.43
Feb 2023,SOM,16955266,Sool,current,2023-01-01,2023-03-31,1,186751,0.38
Feb 2023,SOM,16955266,Sool,current,2023-01-01,2023-03-31,2,97029,0.2
Feb 2023,SOM,16955266,Sool,current,2023-01-01,2023-03-31,3,155290,0.31
Feb 2023,SOM,16955266,Sool,current,2023-01-01,2023-03-31,4,58470,0.12
Feb 2023,SOM,16955266,Sool,current,2023-01-01,2023-03-31,5,0,0
Feb 2023,SOM,16955266,Sool,first projection,2023-04-01,2023-06-30,all,497571,1.0
Feb 2023,SOM,16955266,Sool,first projection,2023-04-01,2023-06-30,3+,272580,0.54
Feb 2023,SOM,16955266,Sool,first projection,2023-04-01,2023-06-30,1,112803,0.23
Feb 2023,SOM,16955266,Sool,first projection,2023-04-01,2023-06-30,2,112212,0.23
Feb 2023,SOM,16955266,Sool,first projection,2023-04-01,2023-06-30,3,191490,0.38
Feb 2023,SOM,16955266,Sool,first projection,2023-04-01,2023-06-30,4,81090,0.16
Feb 2023,SOM,16955266,Sool,first projection,2023-04-01,2023-06-30,5,0,0
Feb 2023,SOM,16955266,Nugaal,current,2023-01-01,2023-03-31,all,572647,1.0
Feb 2023,SOM,16955266,Nugaal,current,2023-01-01,2023-03-31,3+,155580,0.27
Feb 2023,SOM,16955266,Nugaal,current,2023-01-01,2023-03-31,1,302553,0.53
Feb 2023,SOM,16955266,Nugaal,current,2023-01-01,2023-03-31,2,114529,0.2
Feb 2023,SOM,16955266,Nugaal,current,2023-01-01,2023-03-31,3,122170,0.21
Feb 2023,SOM,16955266,Nugaal,current,2023-01-01,2023-03-31,4,33410,0.06
Feb 2023,SOM,16955266,Nugaal,current,2023-01-01,2023-03-31,5,0,0
Feb 2023,SOM,16955266,Nugaal,first projection,2023-04-01,2023-06-30,all,572647,1.0
Feb 2023,SOM,16955266,Nugaal,first projection,2023-04-01,2023-06-30,3+,196390,0.35
Feb 2023,SOM,16955266,Nugaal,first projection,2023-04-01,2023-06-30,1,251485,0.44
Feb 2023,SOM,16955266,Nugaal,first projection,2023-04-01,2023-06-30,2,124767,0.22
Feb 2023,SOM,16955266,Nugaal,first projection,2023-04-01,2023-06-30,3,152230,0.27
Feb 2023,SOM,16955266,Nugaal,first projection,2023-04-01,2023-06-30,4,44160,0.08
Feb 2023,SOM,16955266,Nugaal,first projection,2023-04-01,2023-06-30,5,0,0
Feb 2023,SOM,16955266,Sanaag,current,2023-01-01,2023-03-31,all,388559,1.0
Feb 2023,SOM,16955266,Sanaag,current,2023-01-01,2023-03-31,3+,132280,0.34
Feb 2023,SOM,16955266,Sanaag,current,2023-01-01,2023-03-31,1,178588,0.46
Feb 2023,SOM,16955266,Sanaag,current,2023-01-01,2023-03-31,2,77712,0.2
Feb 2023,SOM,16955266,Sanaag,current,2023-01-01,2023-03-31,3,101720,0.26
Feb 2023,SOM,16955266,Sanaag,current,2023-01-01,2023-03-31,4,30560,0.08
Feb 2023,SOM,16955266,Sanaag,current,2023-01-01,2023-03-31,5,0,0
Feb 2023,SOM,16955266,Sanaag,first projection,2023-04-01,2023-06-30,all,388559,1.0
Feb 2023,SOM,16955266,Sanaag,first projection,2023-04-01,2023-06-30,3+,164430,0.43
Feb 2023,SOM,16955266,Sanaag,first projection,2023-04-01,2023-06-30,1,136468,0.35
Feb 2023,SOM,16955266,Sanaag,first projection,2023-04-01,2023-06-30,2,87664,0.23
Feb 2023,SOM,16955266,Sanaag,first projection,2023-04-01,2023-06-30,3,123140,0.32
Feb 2023,SOM,16955266,Sanaag,first projection,2023-04-01,2023-06-30,4,41290,0.11
Feb 2023,SOM,16955266,Sanaag,first projection,2023-04-01,2023-06-30,5,0,0
Nov 2022,SOM,16955258,Bay,current,2022-10-01,2022-12-31,all,1287587,1.0
Nov 2022,SOM,16955258,Bay,current,2022-10-01,2022-12-31,3+,1040740,0.81
Nov 2022,SOM,16955258,Bay,current,2022-10-01,2022-12-31,1,131280,0.1
Nov 2022,SOM,16955258,Bay,current,2022-10-01,2022-12-31,2,115580,0.09
Nov 2022,SOM,16955258,Bay,current,2022-10-01,2022-12-31,3,525160,0.41
Nov 2022,SOM,16955258,Bay,current,2022-10-01,2022-12-31,4,398300,0.31
Nov 2022,SOM,16955258,Bay,current,2022-10-01,2022-12-31,5,117280,0.09
Nov 2022,SOM,16955258,Bay,first projection,2023-01-01,2023-03-31,all,1287587,1.0
Nov 2022,SOM,16955258,Bay,first projection,2023-01-01,2023-03-31,3+,1076350,0.84
Nov 2022,SOM,16955258,Bay,first projection,2023-01-01,2023-03-31,1,132701,0.1
Nov 2022,SOM,16955258,Bay,first projection,2023-01-01,2023-03-31,2,84848,0.07
Nov 2022,SOM,16955258,Bay,first projection,2023-01-01,2023-03-31,3,526020,0.41
Nov 2022,SOM,16955258,Bay,first projection,2023-01-01,2023-03-31,4,399160,0.31
Nov 2022,SOM,16955258,Bay,first projection,2023-01-01,2023-03-31,5,151170,0.12
Nov 2022,SOM,16955258,Bay,second projection,2023-04-01,2023-06-30,all,1287587,1.0
Nov 2022,SOM,16955258,Bay,second projection,2023-04-01,2023-06-30,3+,1159780,0.9
Nov 2022,SOM,16955258,Bay,second projection,2023-04-01,2023-06-30,1,52070,0.04
Nov 2022,SOM,16955258,Bay,second projection,2023-04-01,2023-06-30,2,75730,0.06
Nov 2022,SOM,16955258,Bay,second projection,2023-04-01,2023-06-30,3,425410,0.33
Nov 2022,SOM,16955258,Bay,second projection,2023-04-01,2023-06-30,4,473620,0.37
Nov 2022,SOM,16955258,Bay,second projection,2023-04-01,2023-06-30,5,260780,0.2
Nov 2022,SOM,16955258,Woqooyi Galbeed,current,2022-10-01,2022-12-31,all,1313147,1.0
Nov 2022,SOM,16955258,Woqooyi Galbeed,current,2022-10-01,2022-12-31,3+,383160,0.29
Nov 2022,SOM,16955258,Woqooyi Galbeed,current,2022-10-01,2022-12-31,1,674790,0.51
Nov 2022,SOM,16955258,Woqooyi Galbeed,current,2022-10-01,2022-12-31,2,255160,0.19
Nov 2022,SOM,16955258,Woqooyi Galbeed,current,2022-10-01,2022-12-31,3,276980,0.21
Nov 2022,SOM,16955258,Woqooyi Galbeed,current,2022-10-01,2022-12-31,4,106180,0.08
Nov 2022,SOM,16955258,Woqooyi Galbeed,current,2022-10-01,2022-12-31,5,0,0
Nov 2022,SOM,16955258,Woqooyi Galbeed,first projection,2023-01-01,2023-03-31,all,1313146,1.0
Nov 2022,SOM,16955258,Woqooyi Galbeed,first projection,2023-01-01,2023-03-31,3+,470670,0.36
Nov 2022,SOM,16955258,Woqooyi Galbeed,first projection,2023-01-01,2023-03-31,1,587270,0.45
Nov 2022,SOM,16955258,Woqooyi Galbeed,first projection,2023-01-01,2023-03-31,2,255160,0.19
Nov 2022,SOM,16955258,Woqooyi Galbeed,first projection,2023-01-01,2023-03-31,3,291130,0.22
Nov 2022,SOM,16955258,Woqooyi Galbeed,first projection,2023-01-01,2023-03-31,4,179540,0.14
Nov 2022,SOM,16955258,Woqooyi Galbeed,first projection,2023-01-01,2023-03-31,5,0,0
Nov 2022,SOM,16955258,Woqooyi Galbeed,second projection,2023-04-01,2023-06-30,all,1313147,1.0
Nov 2022,SOM,16955258,Woqooyi Galbeed,second projection,2023-04-01,2023-06-30,3+,563430,0.42
Nov 2022,SOM,16955258,Woqooyi Galbeed,second projection,2023-04-01,2023-06-30,1,466960,0.36
Nov 2022,SOM,16955258,Woqooyi Galbeed,second projection,2023-04-01,2023-06-30,2,282740,0.22
Nov 2022,SOM,16955258,Woqooyi Galbeed,second projection,2023-04-01,2023-06-30,3,359100,0.27
Nov 2022,SOM,16955258,Woqooyi Galbeed,second projection,2023-04-01,2023-06-30,4,190180,0.14
Nov 2022,SOM,16955258,Woqooyi Galbeed,second projection,2023-04-01,2023-06-30,5,14150,0.01
Nov 2022,SOM,16955258,Lower Juba,current,2022-10-01,2022-12-31,all,1038602,1.0
Nov 2022,SOM,16955258,Lower Juba,current,2022-10-01,2022-12-31,3+,176830,0.17
Nov 2022,SOM,16955258,Lower Juba,current,2022-10-01,2022-12-31,1,678470,0.65
Nov 2022,SOM,16955258,Lower Juba,current,2022-10-01,2022-12-31,2,183290,0.18
Nov 2022,SOM,16955258,Lower Juba,current,2022-10-01,2022-12-31,3,149950,0.14
Nov 2022,SOM,16955258,Lower Juba,current,2022-10-01,2022-12-31,4,26880,0.03
Nov 2022,SOM,16955258,Lower Juba,current,2022-10-01,2022-12-31,5,0,0
Nov 2022,SOM,16955258,Lower Juba,first projection,2023-01-01,2023-03-31,all,1038602,1.0
Nov 2022,SOM,16955258,Lower Juba,first projection,2023-01-01,2023-03-31,3+,219340,0.22
Nov 2022,SOM,16955258,Lower Juba,first projection,2023-01-01,2023-03-31,1,635960,0.61
Nov 2022,SOM,16955258,Lower Juba,first projection,2023-01-01,2023-03-31,2,183290,0.18
Nov 2022,SOM,16955258,Lower Juba,first projection,2023-01-01,2023-03-31,3,171450,0.17
Nov 2022,SOM,16955258,Lower Juba,first projection,2023-01-01,2023-03-31,4,47890,0.05
Nov 2022,SOM,16955258,Lower Juba,first projection,2023-01-01,2023-03-31,5,0,0
Nov 2022,SOM,16955258,Lower Juba,second projection,2023-04-01,2023-06-30,all,1038602,1.0
Nov 2022,SOM,16955258,Lower Juba,second projection,2023-04-01,2023-06-30,3+,355210,0.35
Nov 2022,SOM,16955258,Lower Juba,second projection,2023-04-01,2023-06-30,1,445550,0.43
Nov 2022,SOM,16955258,Lower Juba,second projection,2023-04-01,2023-06-30,2,237820,0.23
Nov 2022,SOM,16955258,Lower Juba,second projection,2023-04-01,2023-06-30,3,256200,0.25
Nov 2022,SOM,16955258,Lower Juba,second projection,2023-04-01,2023-06-30,4,99010,0.1
Nov 2022,SOM,16955258,Lower Juba,second projection,2023-04-01,2023-06-30,5,0,0
Nov 2022,SOM,16955258,Sanaag,current,2022-10-01,2022-12-31,all,325136,1.0
Nov 2022,SOM,16955258,Sanaag,current,2022-10-01,2022-12-31,3+,113720,0.35
Nov 2022,SOM,16955258,Sanaag,current,2022-10-01,2022-12-31,1,146370,0.45
Nov 2022,SOM,16955258,Sanaag,current,2022-10-01,2022-12-31,2,65020,0.2
Nov 2022,SOM,16955258,Sanaag,current,2022-10-01,2022-12-31,3,81790,0.25
Nov 2022,SOM,16955258,Sanaag,current,2022-10-01,2022-12-31,4,31930,0.1
Nov 2022,SOM,16955258,Sanaag,current,2022-10-01,2022-12-31,5,0,0
Nov 2022,SOM,16955258,Sanaag,first projection,2023-01-01,2023-03-31,all,325136,1.0
Nov 2022,SOM,16955258,Sanaag,first projection,2023-01-01,2023-03-31,3+,126020,0.39
Nov 2022,SOM,16955258,Sanaag,first projection,2023-01-01,2023-03-31,1,134060,0.41
Nov 2022,SOM,16955258,Sanaag,first projection,2023-01-01,2023-03-31,2,65020,0.2
Nov 2022,SOM,16955258,Sanaag,first projection,2023-01-01,2023-03-31,3,94090,0.29
Nov 2022,SOM,16955258,Sanaag,first projection,2023-01-01,2023-03-31,4,31930,0.1
Nov 2022,SOM,16955258,Sanaag,first projection,2023-01-01,2023-03-31,5,0,0
Nov 2022,SOM,16955258,Sanaag,second projection,2023-04-01,2023-06-30,all,325136,1.0
Nov 2022,SOM,16955258,Sanaag,second projection,2023-04-01,2023-06-30,3+,164060,0.5
Nov 2022,SOM,16955258,Sanaag,second projection,2023-04-01,2023-06-30,1,85000,0.26
Nov 2022,SOM,16955258,Sanaag,second projection,2023-04-01,2023-06-30,2,76080,0.23
Nov 2022,SOM,16955258,Sanaag,second projection,2023-04-01,2023-06-30,3,103930,0.32
Nov 2022,SOM,16955258,Sanaag,second projection,2023-04-01,2023-06-30,4,60090,0.18
Nov 2022,SOM,16955258,Sanaag,second projection,2023-04-01,2023-06-30,5,0,0
Nov 2022,SOM,16955258,Sool,current,2022-10-01,2022-12-31,all,478266,1.0
Nov 2022,SOM,16955258,Sool,current,2022-10-01,2022-12-31,3+,173860,0.37
Nov 2022,SOM,16955258,Sool,current,2022-10-01,2022-12-31,1,211810,0.44
Nov 2022,SOM,16955258,Sool,current,2022-10-01,2022-12-31,2,92580,0.19
Nov 2022,SOM,16955258,Sool,current,2022-10-01,2022-12-31,3,123410,0.26
Nov 2022,SOM,16955258,Sool,current,2022-10-01,2022-12-31,4,50450,0.11
Nov 2022,SOM,16955258,Sool,current,2022-10-01,2022-12-31,5,0,0
Nov 2022,SOM,16955258,Sool,first projection,2023-01-01,2023-03-31,all,478265,1.0
Nov 2022,SOM,16955258,Sool,first projection,2023-01-01,2023-03-31,3+,198500,0.42
Nov 2022,SOM,16955258,Sool,first projection,2023-01-01,2023-03-31,1,187190,0.39
Nov 2022,SOM,16955258,Sool,first projection,2023-01-01,2023-03-31,2,92580,0.19
Nov 2022,SOM,16955258,Sool,first projection,2023-01-01,2023-03-31,3,143200,0.3
Nov 2022,SOM,16955258,Sool,first projection,2023-01-01,2023-03-31,4,55300,0.12
Nov 2022,SOM,16955258,Sool,first projection,2023-01-01,2023-03-31,5,0,0
Nov 2022,SOM,16955258,Sool,second projection,2023-04-01,2023-06-30,all,478266,1.0
Nov 2022,SOM,16955258,Sool,second projection,2023-04-01,2023-06-30,3+,245570,0.51
Nov 2022,SOM,16955258,Sool,second projection,2023-04-01,2023-06-30,1,133220,0.28
Nov 2022,SOM,16955258,Sool,second projection,2023-04-01,2023-06-30,2,99400,0.21
Nov 2022,SOM,16955258,Sool,second projection,2023-04-01,2023-06-30,3,149250,0.31
Nov 2022,SOM,16955258,Sool,second projection,2023-04-01,2023-06-30,4,90610,0.19
Nov 2022,SOM,16955258,Sool,second projection,2023-04-01,2023-06-30,5,5710,0.01
Nov 2022,SOM,16955258,Hiraan,current,2022-10-01,2022-12-31,all,420061,1.0
Nov 2022,SOM,16955258,Hiraan,current,2022-10-01,2022-12-31,3+,126670,0.3
Nov 2022,SOM,16955258,Hiraan,current,2022-10-01,2022-12-31,1,212340,0.51
Nov 2022,SOM,16955258,Hiraan,current,2022-10-01,2022-12-31,2,81050,0.19
Nov 2022,SOM,16955258,Hiraan,current,2022-10-01,2022-12-31,3,91670,0.22
Nov 2022,SOM,16955258,Hiraan,current,2022-10-01,2022-12-31,4,35000,0.08
Nov 2022,SOM,16955258,Hiraan,current,2022-10-01,2022-12-31,5,0,0
Nov 2022,SOM,16955258,Hiraan,first projection,2023-01-01,2023-03-31,all,420060,1.0
Nov 2022,SOM,16955258,Hiraan,first projection,2023-01-01,2023-03-31,3+,146850,0.35
Nov 2022,SOM,16955258,Hiraan,first projection,2023-01-01,2023-03-31,1,192180,0.46
Nov 2022,SOM,16955258,Hiraan,first projection,2023-01-01,2023-03-31,2,81050,0.19
Nov 2022,SOM,16955258,Hiraan,first projection,2023-01-01,2023-03-31,3,99370,0.24
Nov 2022,SOM,16955258,Hiraan,first projection,2023-01-01,2023-03-31,4,47480,0.11
Nov 2022,SOM,16955258,Hiraan,first projection,2023-01-01,2023-03-31,5,0,0
Nov 2022,SOM,16955258,Hiraan,second projection,2023-04-01,2023-06-30,all,420061,1.0
Nov 2022,SOM,16955258,Hiraan,second projection,2023-04-01,2023-06-30,3+,194890,0.46
Nov 2022,SOM,16955258,Hiraan,second projection,2023-04-01,2023-06-30,1,127720,0.3
Nov 2022,SOM,16955258,Hiraan,second projection,2023-04-01,2023-06-30,2,97430,0.23
Nov 2022,SOM,16955258,Hiraan,second projection,2023-04-01,2023-06-30,3,124740,0.3
Nov 2022,SOM,16955258,Hiraan,second projection,2023-04-01,2023-06-30,4,68590,0.16
Nov 2022,SOM,16955258,Hiraan,second projection,2023-04-01,2023-06-30,5,1560,0
Nov 2022,SOM,16955258,Lower Shabelle,current,2022-10-01,2022-12-31,all,1425396,1.0
Nov 2022,SOM,16955258,Lower Shabelle,current,2022-10-01,2022-12-31,3+,168870,0.12
Nov 2022,SOM,16955258,Lower Shabelle,current,2022-10-01,2022-12-31,1,1005610,0.71
Nov 2022,SOM,16955258,Lower Shabelle,current,2022-10-01,2022-12-31,2,250930,0.18
Nov 2022,SOM,16955258,Lower Shabelle,current,2022-10-01,2022-12-31,3,159670,0.11
Nov 2022,SOM,16955258,Lower Shabelle,current,2022-10-01,2022-12-31,4,9200,0.01
Nov 2022,SOM,16955258,Lower Shabelle,current,2022-10-01,2022-12-31,5,0,0
Nov 2022,SOM,16955258,Lower Shabelle,first projection,2023-01-01,2023-03-31,all,1425393,1.0
Nov 2022,SOM,16955258,Lower Shabelle,first projection,2023-01-01,2023-03-31,3+,223270,0.16
Nov 2022,SOM,16955258,Lower Shabelle,first projection,2023-01-01,2023-03-31,1,951220,0.67
Nov 2022,SOM,16955258,Lower Shabelle,first projection,2023-01-01,2023-03-31,2,250930,0.18
Nov 2022,SOM,16955258,Lower Shabelle,first projection,2023-01-01,2023-03-31,3,193980,0.14
Nov 2022,SOM,16955258,Lower Shabelle,first projection,2023-01-01,2023-03-31,4,29290,0.02
Nov 2022,SOM,16955258,Lower Shabelle,first projection,2023-01-01,2023-03-31,5,0,0
Nov 2022,SOM,16955258,Lower Shabelle,second projection,2023-04-01,2023-06-30,all,1425396,1.0
Nov 2022,SOM,16955258,Lower Shabelle,second projection,2023-04-01,2023-06-30,3+,394810,0.28
Nov 2022,SOM,16955258,Lower Shabelle,second projection,2023-04-01,2023-06-30,1,715980,0.5
Nov 2022,SOM,16955258,Lower Shabelle,second projection,2023-04-01,2023-06-30,2,314610,0.22
Nov 2022,SOM,16955258,Lower Shabelle,second projection,2023-04-01,2023-06-30,3,293490,0.21
Nov 2022,SOM,16955258,Lower Shabelle,second projection,2023-04-01,2023-06-30,4,101320,0.07
Nov 2022,SOM,16955258,Lower Shabelle,second projection,2023-04-01,2023-06-30,5,0,0
Nov 2022,SOM,16955258,Middle Shabelle,current,2022-10-01,2022-12-31,all,961554,1.0
Nov 2022,SOM,16955258,Middle Shabelle,current,2022-10-01,2022-12-31,3+,247100,0.26
Nov 2022,SOM,16955258,Middle Shabelle,current,2022-10-01,2022-12-31,1,534710,0.56
Nov 2022,SOM,16955258,Middle Shabelle,current,2022-10-01,2022-12-31,2,179740,0.19
Nov 2022,SOM,16955258,Middle Shabelle,current,2022-10-01,2022-12-31,3,190310,0.2
Nov 2022,SOM,16955258,Middle Shabelle,current,2022-10-01,2022-12-31,4,56790,0.06
Nov 2022,SOM,16955258,Middle Shabelle,current,2022-10-01,2022-12-31,5,0,0
Nov 2022,SOM,16955258,Middle Shabelle,first projection,2023-01-01,2023-03-31,all,961554,1.0
Nov 2022,SOM,16955258,Middle Shabelle,first projection,2023-01-01,2023-03-31,3+,306790,0.32
Nov 2022,SOM,16955258,Middle Shabelle,first projection,2023-01-01,2023-03-31,1,474990,0.49
Nov 2022,SOM,16955258,Middle Shabelle,first projection,2023-01-01,2023-03-31,2,179740,0.19
Nov 2022,SOM,16955258,Middle Shabelle,first projection,2023-01-01,2023-03-31,3,197700,0.21
Nov 2022,SOM,16955258,Middle Shabelle,first projection,2023-01-01,2023-03-31,4,109090,0.11
Nov 2022,SOM,16955258,Middle Shabelle,first projection,2023-01-01,2023-03-31,5,0,0
Nov 2022,SOM,16955258,Middle Shabelle,second projection,2023-04-01,2023-06-30,all,961554,1.0
Nov 2022,SOM,16955258,Middle Shabelle,second projection,2023-04-01,2023-06-30,3+,419500,0.43
Nov 2022,SOM,16955258,Middle Shabelle,second projection,2023-04-01,2023-06-30,1,336950,0.35
Nov 2022,SOM,16955258,Middle Shabelle,second projection,2023-04-01,2023-06-30,2,205090,0.21
Nov 2022,SOM,16955258,Middle Shabelle,second projection,2023-04-01,2023-06-30,3,280150,0.29
Nov 2022,SOM,16955258,Middle Shabelle,second projection,2023-04-01,2023-06-30,4,139350,0.14
Nov 2022,SOM,16955258,Middle Shabelle,second projection,2023-04-01,2023-06-30,5,0,0
Nov 2022,SOM,16955258,Nugaal,current,2022-10-01,2022-12-31,all,572137,1.0
Nov 2022,SOM,16955258,Nugaal,current,2022-10-01,2022-12-31,3+,249870,0.43
Nov 2022,SOM,16955258,Nugaal,current,2022-10-01,2022-12-31,1,207850,0.36
Nov 2022,SOM,16955258,Nugaal,current,2022-10-01,2022-12-31,2,114430,0.2
Nov 2022,SOM,16955258,Nugaal,current,2022-10-01,2022-12-31,3,185330,0.32
Nov 2022,SOM,16955258,Nugaal,current,2022-10-01,2022-12-31,4,62870,0.11
Nov 2022,SOM,16955258,Nugaal,current,2022-10-01,2022-12-31,5,1670,0
Nov 2022,SOM,16955258,Nugaal,first projection,2023-01-01,2023-03-31,all,572139,1.0
Nov 2022,SOM,16955258,Nugaal,first projection,2023-01-01,2023-03-31,3+,273990,0.47
Nov 2022,SOM,16955258,Nugaal,first projection,2023-01-01,2023-03-31,1,183740,0.32
Nov 2022,SOM,16955258,Nugaal,first projection,2023-01-01,2023-03-31,2,114430,0.2
Nov 2022,SOM,16955258,Nugaal,first projection,2023-01-01,2023-03-31,3,195570,0.34
Nov 2022,SOM,16955258,Nugaal,first projection,2023-01-01,2023-03-31,4,76750,0.13
Nov 2022,SOM,16955258,Nugaal,first projection,2023-01-01,2023-03-31,5,1670,0
Nov 2022,SOM,16955258,Nugaal,second projection,2023-04-01,2023-06-30,all,572137,1.0
Nov 2022,SOM,16955258,Nugaal,second projection,2023-04-01,2023-06-30,3+,373480,0.66
Nov 2022,SOM,16955258,Nugaal,second projection,2023-04-01,2023-06-30,1,73740,0.13
Nov 2022,SOM,16955258,Nugaal,second projection,2023-04-01,2023-06-30,2,124910,0.22
Nov 2022,SOM,16955258,Nugaal,second projection,2023-04-01,2023-06-30,3,228340,0.4
Nov 2022,SOM,16955258,Nugaal,second projection,2023-04-01,2023-06-30,4,130360,0.23
Nov 2022,SOM,16955258,Nugaal,second projection,2023-04-01,2023-06-30,5,14780,0.03
Nov 2022,SOM,16955258,Mudug,current,2022-10-01,2022-12-31,all,1319241,1.0
Nov 2022,SOM,16955258,Mudug,current,2022-10-01,2022-12-31,3+,587960,0.45
Nov 2022,SOM,16955258,Mudug,current,2022-10-01,2022-12-31,1,472960,0.36
Nov 2022,SOM,16955258,Mudug,current,2022-10-01,2022-12-31,2,257670,0.2
Nov 2022,SOM,16955258,Mudug,current,2022-10-01,2022-12-31,3,444500,0.34
Nov 2022,SOM,16955258,Mudug,current,2022-10-01,2022-12-31,4,132230,0.1
Nov 2022,SOM,16955258,Mudug,current,2022-10-01,2022-12-31,5,11230,0.01
Nov 2022,SOM,16955258,Mudug,first projection,2023-01-01,2023-03-31,all,1317403,1.0
Nov 2022,SOM,16955258,Mudug,first projection,2023-01-01,2023-03-31,3+,639550,0.48
Nov 2022,SOM,16955258,Mudug,first projection,2023-01-01,2023-03-31,1,421340,0.32
Nov 2022,SOM,16955258,Mudug,first projection,2023-01-01,2023-03-31,2,257670,0.2
Nov 2022,SOM,16955258,Mudug,first projection,2023-01-01,2023-03-31,3,451940,0.34
Nov 2022,SOM,16955258,Mudug,first projection,2023-01-01,2023-03-31,4,176380,0.13
Nov 2022,SOM,16955258,Mudug,first projection,2023-01-01,2023-03-31,5,11230,0.01
Nov 2022,SOM,16955258,Mudug,second projection,2023-04-01,2023-06-30,all,1317403,1.0
Nov 2022,SOM,16955258,Mudug,second projection,2023-04-01,2023-06-30,3+,855400,0.66
Nov 2022,SOM,16955258,Mudug,second projection,2023-04-01,2023-06-30,1,198080,0.15
Nov 2022,SOM,16955258,Mudug,second projection,2023-04-01,2023-06-30,2,265630,0.2
Nov 2022,SOM,16955258,Mudug,second projection,2023-04-01,2023-06-30,3,497100,0.38
Nov 2022,SOM,16955258,Mudug,second projection,2023-04-01,2023-06-30,4,284040,0.22
Nov 2022,SOM,16955258,Mudug,second projection,2023-04-01,2023-06-30,5,73260,0.06
Nov 2022,SOM,16955258,Togdheer,current,2022-10-01,2022-12-31,all,780090,1.0
Nov 2022,SOM,16955258,Togdheer,current,2022-10-01,2022-12-31,3+,323710,0.41
Nov 2022,SOM,16955258,Togdheer,current,2022-10-01,2022-12-31,1,302340,0.39
Nov 2022,SOM,16955258,Togdheer,current,2022-10-01,2022-12-31,2,154070,0.2
Nov 2022,SOM,16955258,Togdheer,current,2022-10-01,2022-12-31,3,226680,0.29
Nov 2022,SOM,16955258,Togdheer,current,2022-10-01,2022-12-31,4,97030,0.12
Nov 2022,SOM,16955258,Togdheer,current,2022-10-01,2022-12-31,5,0,0
Nov 2022,SOM,16955258,Togdheer,first projection,2023-01-01,2023-03-31,all,780092,1.0
Nov 2022,SOM,16955258,Togdheer,first projection,2023-01-01,2023-03-31,3+,366790,0.47
Nov 2022,SOM,16955258,Togdheer,first projection,2023-01-01,2023-03-31,1,259270,0.33
Nov 2022,SOM,16955258,Togdheer,first projection,2023-01-01,2023-03-31,2,154070,0.2
Nov 2022,SOM,16955258,Togdheer,first projection,2023-01-01,2023-03-31,3,251090,0.32
Nov 2022,SOM,16955258,Togdheer,first projection,2023-01-01,2023-03-31,4,115700,0.15
Nov 2022,SOM,16955258,Togdheer,first projection,2023-01-01,2023-03-31,5,0,0
Nov 2022,SOM,16955258,Togdheer,second projection,2023-04-01,2023-06-30,all,780090,1.0
Nov 2022,SOM,16955258,Togdheer,second projection,2023-04-01,2023-06-30,3+,446490,0.57
Nov 2022,SOM,16955258,Togdheer,second projection,2023-04-01,2023-06-30,1,188170,0.24
Nov 2022,SOM,16955258,Togdheer,second projection,2023-04-01,2023-06-30,2,145440,0.19
Nov 2022,SOM,16955258,Togdheer,second projection,2023-04-01,2023-06-30,3,272060,0.35
Nov 2022,SOM,16955258,Togdheer,second projection,2023-04-01,2023-06-30,4,149230,0.19
Nov 2022,SOM,16955258,Togdheer,second projection,2023-04-01,2023-06-30,5,25200,0.03
Nov 2022,SOM,16955258,Bakool,current,2022-10-01,2022-12-31,all,492486,1.0
Nov 2022,SOM,16955258,Bakool,current,2022-10-01,2022-12-31,3+,176920,0.35
Nov 2022,SOM,16955258,Bakool,current,2022-10-01,2022-12-31,1,217080,0.44
Nov 2022,SOM,16955258,Bakool,current,2022-10-01,2022-12-31,2,98500,0.2
Nov 2022,SOM,16955258,Bakool,current,2022-10-01,2022-12-31,3,109040,0.22
Nov 2022,SOM,16955258,Bakool,current,2022-10-01,2022-12-31,4,55820,0.11
Nov 2022,SOM,16955258,Bakool,current,2022-10-01,2022-12-31,5,12060,0.02
Nov 2022,SOM,16955258,Bakool,first projection,2023-01-01,2023-03-31,all,492487,1.0
Nov 2022,SOM,16955258,Bakool,first projection,2023-01-01,2023-03-31,3+,179160,0.36
Nov 2022,SOM,16955258,Bakool,first projection,2023-01-01,2023-03-31,1,214850,0.44
Nov 2022,SOM,16955258,Bakool,first projection,2023-01-01,2023-03-31,2,98500,0.2
Nov 2022,SOM,16955258,Bakool,first projection,2023-01-01,2023-03-31,3,109040,0.22
Nov 2022,SOM,16955258,Bakool,first projection,2023-01-01,2023-03-31,4,58060,0.12
Nov 2022,SOM,16955258,Bakool,first projection,2023-01-01,2023-03-31,5,12060,0.02
Nov 2022,SOM,16955258,Bakool,second projection,2023-04-01,2023-06-30,all,492486,1.0
Nov 2022,SOM,16955258,Bakool,second projection,2023-04-01,2023-06-30,3+,292710,0.59
Nov 2022,SOM,16955258,Bakool,second projection,2023-04-01,2023-06-30,1,91220,0.19
Nov 2022,SOM,16955258,Bakool,second projection,2023-04-01,2023-06-30,2,108530,0.22
Nov 2022,SOM,16955258,Bakool,second projection,2023-04-01,2023-06-30,3,164030,0.33
Nov 2022,SOM,16955258,Bakool,second projection,2023-04-01,2023-06-30,4,97110,0.2
Nov 2022,SOM,16955258,Bakool,second projection,2023-04-01,2023-06-30,5,31570,0.06
Nov 2022,SOM,16955258,Bari,current,2022-10-01,2022-12-31,all,1102759,1.0
Nov 2022,SOM,16955258,Bari,current,2022-10-01,2022-12-31,3+,317770,0.29
Nov 2022,SOM,16955258,Bari,current,2022-10-01,2022-12-31,1,564440,0.51
Nov 2022,SOM,16955258,Bari,current,2022-10-01,2022-12-31,2,220550,0.2
Nov 2022,SOM,16955258,Bari,current,2022-10-01,2022-12-31,3,248930,0.23
Nov 2022,SOM,16955258,Bari,current,2022-10-01,2022-12-31,4,68840,0.06
Nov 2022,SOM,16955258,Bari,current,2022-10-01,2022-12-31,5,0,0
Nov 2022,SOM,16955258,Bari,first projection,2023-01-01,2023-03-31,all,1102760,1.0
Nov 2022,SOM,16955258,Bari,first projection,2023-01-01,2023-03-31,3+,396060,0.36
Nov 2022,SOM,16955258,Bari,first projection,2023-01-01,2023-03-31,1,486180,0.44
Nov 2022,SOM,16955258,Bari,first projection,2023-01-01,2023-03-31,2,220550,0.2
Nov 2022,SOM,16955258,Bari,first projection,2023-01-01,2023-03-31,3,289840,0.26
Nov 2022,SOM,16955258,Bari,first projection,2023-01-01,2023-03-31,4,106220,0.1
Nov 2022,SOM,16955258,Bari,first projection,2023-01-01,2023-03-31,5,0,0
Nov 2022,SOM,16955258,Bari,second projection,2023-04-01,2023-06-30,all,1102759,1.0
Nov 2022,SOM,16955258,Bari,second projection,2023-04-01,2023-06-30,3+,5454790,0.5
Nov 2022,SOM,16955258,Bari,second projection,2023-04-01,2023-06-30,1,294920,0.27
Nov 2022,SOM,16955258,Bari,second projection,2023-04-01,2023-06-30,2,262360,0.24
Nov 2022,SOM,16955258,Bari,second projection,2023-04-01,2023-06-30,3,372690,0.34
Nov 2022,SOM,16955258,Bari,second projection,2023-04-01,2023-06-30,4,172800,0.16
Nov 2022,SOM,16955258,Bari,second projection,2023-04-01,2023-06-30,5,0,0
Nov 2022,SOM,16955258,Gedo,current,2022-10-01,2022-12-31,all,936411,1.0
Nov 2022,SOM,16955258,Gedo,current,2022-10-01,2022-12-31,3+,229110,0.25
Nov 2022,SOM,16955258,Gedo,current,2022-10-01,2022-12-31,1,527960,0.56
Nov 2022,SOM,16955258,Gedo,current,2022-10-01,2022-12-31,2,179996,0.19
Nov 2022,SOM,16955258,Gedo,current,2022-10-01,2022-12-31,3,183290,0.2
Nov 2022,SOM,16955258,Gedo,current,2022-10-01,2022-12-31,4,44520,0.05
Nov 2022,SOM,16955258,Gedo,current,2022-10-01,2022-12-31,5,1300,0
Nov 2022,SOM,16955258,Gedo,first projection,2023-01-01,2023-03-31,all,938249,1.0
Nov 2022,SOM,16955258,Gedo,first projection,2023-01-01,2023-03-31,3+,282130,0.3
Nov 2022,SOM,16955258,Gedo,first projection,2023-01-01,2023-03-31,1,474940,0.51
Nov 2022,SOM,16955258,Gedo,first projection,2023-01-01,2023-03-31,2,180000,0.19
Nov 2022,SOM,16955258,Gedo,first projection,2023-01-01,2023-03-31,3,200730,0.21
Nov 2022,SOM,16955258,Gedo,first projection,2023-01-01,2023-03-31,4,64890,0.07
Nov 2022,SOM,16955258,Gedo,first projection,2023-01-01,2023-03-31,5,16510,0.02
Nov 2022,SOM,16955258,Gedo,second projection,2023-04-01,2023-06-30,all,938249,1.0
Nov 2022,SOM,16955258,Gedo,second projection,2023-04-01,2023-06-30,3+,416390,0.45
Nov 2022,SOM,16955258,Gedo,second projection,2023-04-01,2023-06-30,1,320340,0.34
Nov 2022,SOM,16955258,Gedo,second projection,2023-04-01,2023-06-30,2,200790,0.21
Nov 2022,SOM,16955258,Gedo,second projection,2023-04-01,2023-06-30,3,237020,0.25
Nov 2022,SOM,16955258,Gedo,second projection,2023-04-01,2023-06-30,4,146280,0.16
Nov 2022,SOM,16955258,Gedo,second projection,2023-04-01,2023-06-30,5,33090,0.04
Nov 2022,SOM,16955258,Awdal,current,2022-10-01,2022-12-31,all,571229,1.0
Nov 2022,SOM,16955258,Awdal,current,2022-10-01,2022-12-31,3+,129520,0.22
Nov 2022,SOM,16955258,Awdal,current,2022-10-01,2022-12-31,1,332910,0.58
Nov 2022,SOM,16955258,Awdal,current,2022-10-01,2022-12-31,2,108820,0.19
Nov 2022,SOM,16955258,Awdal,current,2022-10-01,2022-12-31,3,92770,0.16
Nov 2022,SOM,16955258,Awdal,current,2022-10-01,2022-12-31,4,36750,0.06
Nov 2022,SOM,16955258,Awdal,current,2022-10-01,2022-12-31,5,0,0
Nov 2022,SOM,16955258,Awdal,first projection,2023-01-01,2023-03-31,all,571230,1.0
Nov 2022,SOM,16955258,Awdal,first projection,2023-01-01,2023-03-31,3+,143990,0.25
Nov 2022,SOM,16955258,Awdal,first projection,2023-01-01,2023-03-31,1,318450,0.56
Nov 2022,SOM,16955258,Awdal,first projection,2023-01-01,2023-03-31,2,108800,0.19
Nov 2022,SOM,16955258,Awdal,first projection,2023-01-01,2023-03-31,3,92770,0.16
Nov 2022,SOM,16955258,Awdal,first projection,2023-01-01,2023-03-31,4,51220,0.09
Nov 2022,SOM,16955258,Awdal,first projection,2023-01-01,2023-03-31,5,0,0
Nov 2022,SOM,16955258,Awdal,second projection,2023-04-01,2023-06-30,all,571229,1.0
Nov 2022,SOM,16955258,Awdal,second projection,2023-04-01,2023-06-30,3+,193900,0.33
Nov 2022,SOM,16955258,Awdal,second projection,2023-04-01,2023-06-30,1,245420,0.43
Nov 2022,SOM,16955258,Awdal,second projection,2023-04-01,2023-06-30,2,131920,0.23
Nov 2022,SOM,16955258,Awdal,second projection,2023-04-01,2023-06-30,3,128490,0.22
Nov 2022,SOM,16955258,Awdal,second projection,2023-04-01,2023-06-30,4,65410,0.11
Nov 2022,SOM,16955258,Awdal,second projection,2023-04-01,2023-06-30,5,0,0
Nov 2022,SOM,16955258,Banadir,current,2022-10-01,2022-12-31,all,2874431,1.0
Nov 2022,SOM,16955258,Banadir,current,2022-10-01,2022-12-31,3+,791250,0.27
Nov 2022,SOM,16955258,Banadir,current,2022-10-01,2022-12-31,1,1575800,0.55
Nov 2022,SOM,16955258,Banadir,current,2022-10-01,2022-12-31,2,507380,0.18
Nov 2022,SOM,16955258,Banadir,current,2022-10-01,2022-12-31,3,496920,0.17
Nov 2022,SOM,16955258,Banadir,current,2022-10-01,2022-12-31,4,235460,0.08
Nov 2022,SOM,16955258,Banadir,current,2022-10-01,2022-12-31,5,58870,0.02
Nov 2022,SOM,16955258,Banadir,first projection,2023-01-01,2023-03-31,all,2874431,1.0
Nov 2022,SOM,16955258,Banadir,first projection,2023-01-01,2023-03-31,3+,926330,0.32
Nov 2022,SOM,16955258,Banadir,first projection,2023-01-01,2023-03-31,1,1440720,0.5
Nov 2022,SOM,16955258,Banadir,first projection,2023-01-01,2023-03-31,2,507380,0.18
Nov 2022,SOM,16955258,Banadir,first projection,2023-01-01,2023-03-31,3,514270,0.18
Nov 2022,SOM,16955258,Banadir,first projection,2023-01-01,2023-03-31,4,294330,0.1
Nov 2022,SOM,16955258,Banadir,first projection,2023-01-01,2023-03-31,5,117730,0.04
Nov 2022,SOM,16955258,Banadir,second projection,2023-04-01,2023-06-30,all,2874431,1.0
Nov 2022,SOM,16955258,Banadir,second projection,2023-04-01,2023-06-30,3+,1111560,0.38
Nov 2022,SOM,16955258,Banadir,second projection,2023-04-01,2023-06-30,1,1255480,0.44
Nov 2022,SOM,16955258,Banadir,second projection,2023-04-01,2023-06-30,2,507380,0.18
Nov 2022,SOM,16955258,Banadir,second projection,2023-04-01,2023-06-30,3,581770,0.2
Nov 2022,SOM,16955258,Banadir,second projection,2023-04-01,2023-06-30,4,294330,0.1
Nov 2022,SOM,16955258,Banadir,second projection,2023-04-01,2023-06-30,5,235460,0.08
Nov 2022,SOM,16955258,Middle Juba,current,2022-10-01,2022-12-31,all,366852,1.0
Nov 2022,SOM,16955258,Middle Juba,current,2022-10-01,2022-12-31,3+,62290,0.17
Nov 2022,SOM,16955258,Middle Juba,current,2022-10-01,2022-12-31,1,240500,0.66
Nov 2022,SOM,16955258,Middle Juba,current,2022-10-01,2022-12-31,2,64060,0.17
Nov 2022,SOM,16955258,Middle Juba,current,2022-10-01,2022-12-31,3,55330,0.15
Nov 2022,SOM,16955258,Middle Juba,current,2022-10-01,2022-12-31,4,5680,0.02
Nov 2022,SOM,16955258,Middle Juba,current,2022-10-01,2022-12-31,5,1280,0
Nov 2022,SOM,16955258,Middle Juba,first projection,2023-01-01,2023-03-31,all,366851,1.0
Nov 2022,SOM,16955258,Middle Juba,first projection,2023-01-01,2023-03-31,3+,66300,0.18
Nov 2022,SOM,16955258,Middle Juba,first projection,2023-01-01,2023-03-31,1,236490,0.64
Nov 2022,SOM,16955258,Middle Juba,first projection,2023-01-01,2023-03-31,2,64060,0.17
Nov 2022,SOM,16955258,Middle Juba,first projection,2023-01-01,2023-03-31,3,57650,0.16
Nov 2022,SOM,16955258,Middle Juba,first projection,2023-01-01,2023-03-31,4,7370,0.02
Nov 2022,SOM,16955258,Middle Juba,first projection,2023-01-01,2023-03-31,5,1280,0
Nov 2022,SOM,16955258,Middle Juba,second projection,2023-04-01,2023-06-30,all,366852,1.0
Nov 2022,SOM,16955258,Middle Juba,second projection,2023-04-01,2023-06-30,3+,114350,0.31
Nov 2022,SOM,16955258,Middle Juba,second projection,2023-04-01,2023-06-30,1,179290,0.49
Nov 2022,SOM,16955258,Middle Juba,second projection,2023-04-01,2023-06-30,2,73200,0.2
Nov 2022,SOM,16955258,Middle Juba,second projection,2023-04-01,2023-06-30,3,85940,0.23
Nov 2022,SOM,16955258,Middle Juba,second projection,2023-04-01,2023-06-30,4,25870,0.07
Nov 2022,SOM,16955258,Middle Juba,second projection,2023-04-01,2023-06-30,5,2540,0.01
Nov 2022,SOM,16955258,Galgaduud,current,2022-10-01,2022-12-31,all,689871,1.0
Nov 2022,SOM,16955258,Galgaduud,current,2022-10-01,2022-12-31,3+,294940,0.43
Nov 2022,SOM,16955258,Galgaduud,current,2022-10-01,2022-12-31,1,256970,0.37
Nov 2022,SOM,16955258,Galgaduud,current,2022-10-01,2022-12-31,2,137980,0.2
Nov 2022,SOM,16955258,Galgaduud,current,2022-10-01,2022-12-31,3,215000,0.31
Nov 2022,SOM,16955258,Galgaduud,current,2022-10-01,2022-12-31,4,69580,0.1
Nov 2022,SOM,16955258,Galgaduud,current,2022-10-01,2022-12-31,5,10360,0.02
Nov 2022,SOM,16955258,Galgaduud,first projection,2023-01-01,2023-03-31,all,689872,1.0
Nov 2022,SOM,16955258,Galgaduud,first projection,2023-01-01,2023-03-31,3+,319590,0.46
Nov 2022,SOM,16955258,Galgaduud,first projection,2023-01-01,2023-03-31,1,232300,0.34
Nov 2022,SOM,16955258,Galgaduud,first projection,2023-01-01,2023-03-31,2,137970,0.2
Nov 2022,SOM,16955258,Galgaduud,first projection,2023-01-01,2023-03-31,3,223090,0.32
Nov 2022,SOM,16955258,Galgaduud,first projection,2023-01-01,2023-03-31,4,86140,0.12
Nov 2022,SOM,16955258,Galgaduud,first projection,2023-01-01,2023-03-31,5,10360,0.02
Nov 2022,SOM,16955258,Galgaduud,second projection,2023-04-01,2023-06-30,all,689871,1.0
Nov 2022,SOM,16955258,Galgaduud,second projection,2023-04-01,2023-06-30,3+,431610,0.62
Nov 2022,SOM,16955258,Galgaduud,second projection,2023-04-01,2023-06-30,1,113920,0.17
Nov 2022,SOM,16955258,Galgaduud,second projection,2023-04-01,2023-06-30,2,144340,0.21
Nov 2022,SOM,16955258,Galgaduud,second projection,2023-04-01,2023-06-30,3,258490,0.37
Nov 2022,SOM,16955258,Galgaduud,second projection,2023-04-01,2023-06-30,4,144170,0.21
Nov 2022,SOM,16955258,Galgaduud,second projection,2023-04-01,2023-06-30,5,28950,0.04
Aug 2022,SOM,16384726,Lower Juba,current,2022-07-01,2022-09-30,all,376668,1.0
Aug 2022,SOM,16384726,Lower Juba,current,2022-07-01,2022-09-30,3+,78170,0.2
Aug 2022,SOM,16384726,Lower Juba,current,2022-07-01,2022-09-30,1,228478,0.61
Aug 2022,SOM,16384726,Lower Juba,current,2022-07-01,2022-09-30,2,70020,0.19
Aug 2022,SOM,16384726,Lower Juba,current,2022-07-01,2022-09-30,3,61310,0.16
Aug 2022,SOM,16384726,Lower Juba,current,2022-07-01,2022-09-30,4,15060,0.04
Aug 2022,SOM,16384726,Lower Juba,current,2022-07-01,2022-09-30,5,1800,0
Aug 2022,SOM,16384726,Lower Juba,first projection,2022-10-01,2022-12-31,all,376668,1.0
Aug 2022,SOM,16384726,Lower Juba,first projection,2022-10-01,2022-12-31,3+,145310,0.39
Aug 2022,SOM,16384726,Lower Juba,first projection,2022-10-01,2022-12-31,1,148208,0.39
Aug 2022,SOM,16384726,Lower Juba,first projection,2022-10-01,2022-12-31,2,83150,0.22
Aug 2022,SOM,16384726,Lower Juba,first projection,2022-10-01,2022-12-31,3,101850,0.27
Aug 2022,SOM,16384726,Lower Juba,first projection,2022-10-01,2022-12-31,4,39850,0.11
Aug 2022,SOM,16384726,Lower Juba,first projection,2022-10-01,2022-12-31,5,3610,0.01
Aug 2022,SOM,16384726,Mudug,current,2022-07-01,2022-09-30,all,375418,1.0
Aug 2022,SOM,16384726,Mudug,current,2022-07-01,2022-09-30,3+,138880,0.37
Aug 2022,SOM,16384726,Mudug,current,2022-07-01,2022-09-30,1,161468,0.43
Aug 2022,SOM,16384726,Mudug,current,2022-07-01,2022-09-30,2,75070,0.2
Aug 2022,SOM,16384726,Mudug,current,2022-07-01,2022-09-30,3,94610,0.25
Aug 2022,SOM,16384726,Mudug,current,2022-07-01,2022-09-30,4,44270,0.12
Aug 2022,SOM,16384726,Mudug,current,2022-07-01,2022-09-30,5,0,0
Aug 2022,SOM,16384726,Mudug,first projection,2022-10-01,2022-12-31,all,375418,1.0
Aug 2022,SOM,16384726,Mudug,first projection,2022-10-01,2022-12-31,3+,206550,0.55
Aug 2022,SOM,16384726,Mudug,first projection,2022-10-01,2022-12-31,1,87218,0.23
Aug 2022,SOM,16384726,Mudug,first projection,2022-10-01,2022-12-31,2,81650,0.22
Aug 2022,SOM,16384726,Mudug,first projection,2022-10-01,2022-12-31,3,127000,0.34
Aug 2022,SOM,16384726,Mudug,first projection,2022-10-01,2022-12-31,4,79550,0.21
Aug 2022,SOM,16384726,Mudug,first projection,2022-10-01,2022-12-31,5,0,0
Aug 2022,SOM,16384726,Bari,current,2022-07-01,2022-09-30,all,1079082,1.0
Aug 2022,SOM,16384726,Bari,current,2022-07-01,2022-09-30,3+,244750,0.22
Aug 2022,SOM,16384726,Bari,current,2022-07-01,2022-09-30,1,618512,0.58
Aug 2022,SOM,16384726,Bari,current,2022-07-01,2022-09-30,2,215820,0.2
Aug 2022,SOM,16384726,Bari,current,2022-07-01,2022-09-30,3,185870,0.17
Aug 2022,SOM,16384726,Bari,current,2022-07-01,2022-09-30,4,58880,0.05
Aug 2022,SOM,16384726,Bari,current,2022-07-01,2022-09-30,5,0,0
Aug 2022,SOM,16384726,Bari,first projection,2022-10-01,2022-12-31,all,1079082,1.0
Aug 2022,SOM,16384726,Bari,first projection,2022-10-01,2022-12-31,3+,377780,0.35
Aug 2022,SOM,16384726,Bari,first projection,2022-10-01,2022-12-31,1,500192,0.46
Aug 2022,SOM,16384726,Bari,first projection,2022-10-01,2022-12-31,2,201110,0.19
Aug 2022,SOM,16384726,Bari,first projection,2022-10-01,2022-12-31,3,271780,0.25
Aug 2022,SOM,16384726,Bari,first projection,2022-10-01,2022-12-31,4,106000,0.1
Aug 2022,SOM,16384726,Bari,first projection,2022-10-01,2022-12-31,5,0,0
Aug 2022,SOM,16384726,Lower Shabelle,current,2022-07-01,2022-09-30,all,1014298,1.0
Aug 2022,SOM,16384726,Lower Shabelle,current,2022-07-01,2022-09-30,3+,209100,0.21
Aug 2022,SOM,16384726,Lower Shabelle,current,2022-07-01,2022-09-30,1,623348,0.61
Aug 2022,SOM,16384726,Lower Shabelle,current,2022-07-01,2022-09-30,2,181850,0.18
Aug 2022,SOM,16384726,Lower Shabelle,current,2022-07-01,2022-09-30,3,177870,0.18
Aug 2022,SOM,16384726,Lower Shabelle,current,2022-07-01,2022-09-30,4,31230,0.03
Aug 2022,SOM,16384726,Lower Shabelle,current,2022-07-01,2022-09-30,5,0,0
Aug 2022,SOM,16384726,Lower Shabelle,first projection,2022-10-01,2022-12-31,all,1014298,1.0
Aug 2022,SOM,16384726,Lower Shabelle,first projection,2022-10-01,2022-12-31,3+,383900,0.38
Aug 2022,SOM,16384726,Lower Shabelle,first projection,2022-10-01,2022-12-31,1,405718,0.4
Aug 2022,SOM,16384726,Lower Shabelle,first projection,2022-10-01,2022-12-31,2,224680,0.22
Aug 2022,SOM,16384726,Lower Shabelle,first projection,2022-10-01,2022-12-31,3,277050,0.27
Aug 2022,SOM,16384726,Lower Shabelle,first projection,2022-10-01,2022-12-31,4,106850,0.11
Aug 2022,SOM,16384726,Lower Shabelle,first projection,2022-10-01,2022-12-31,5,0,0
Aug 2022,SOM,16384726,Nugaal,current,2022-07-01,2022-09-30,all,887404,1.0
Aug 2022,SOM,16384726,Nugaal,current,2022-07-01,2022-09-30,3+,256100,0.29
Aug 2022,SOM,16384726,Nugaal,current,2022-07-01,2022-09-30,1,467514,0.53
Aug 2022,SOM,16384726,Nugaal,current,2022-07-01,2022-09-30,2,163790,0.18
Aug 2022,SOM,16384726,Nugaal,current,2022-07-01,2022-09-30,3,200190,0.23
Aug 2022,SOM,16384726,Nugaal,current,2022-07-01,2022-09-30,4,55910,0.06
Aug 2022,SOM,16384726,Nugaal,current,2022-07-01,2022-09-30,5,0,0
Aug 2022,SOM,16384726,Nugaal,first projection,2022-10-01,2022-12-31,all,887404,1.0
Aug 2022,SOM,16384726,Nugaal,first projection,2022-10-01,2022-12-31,3+,378550,0.43
Aug 2022,SOM,16384726,Nugaal,first projection,2022-10-01,2022-12-31,1,323674,0.36
Aug 2022,SOM,16384726,Nugaal,first projection,2022-10-01,2022-12-31,2,185180,0.21
Aug 2022,SOM,16384726,Nugaal,first projection,2022-10-01,2022-12-31,3,273560,0.31
Aug 2022,SOM,16384726,Nugaal,first projection,2022-10-01,2022-12-31,4,104990,0.12
Aug 2022,SOM,16384726,Nugaal,first projection,2022-10-01,2022-12-31,5,0,0
Aug 2022,SOM,16384726,Bay,current,2022-07-01,2022-09-30,all,1092870,1.0
Aug 2022,SOM,16384726,Bay,current,2022-07-01,2022-09-30,3+,800340,0.73
Aug 2022,SOM,16384726,Bay,current,2022-07-01,2022-09-30,1,174650,0.16
Aug 2022,SOM,16384726,Bay,current,2022-07-01,2022-09-30,2,117880,0.11
Aug 2022,SOM,16384726,Bay,current,2022-07-01,2022-09-30,3,417600,0.38
Aug 2022,SOM,16384726,Bay,current,2022-07-01,2022-09-30,4,300240,0.27
Aug 2022,SOM,16384726,Bay,current,2022-07-01,2022-09-30,5,82500,0.08
Aug 2022,SOM,16384726,Bay,first projection,2022-10-01,2022-12-31,all,1092870,1.0
Aug 2022,SOM,16384726,Bay,first projection,2022-10-01,2022-12-31,3+,924800,0.85
Aug 2022,SOM,16384726,Bay,first projection,2022-10-01,2022-12-31,1,77750,0.07
Aug 2022,SOM,16384726,Bay,first projection,2022-10-01,2022-12-31,2,90320,0.08
Aug 2022,SOM,16384726,Bay,first projection,2022-10-01,2022-12-31,3,366150,0.34
Aug 2022,SOM,16384726,Bay,first projection,2022-10-01,2022-12-31,4,370890,0.34
Aug 2022,SOM,16384726,Bay,first projection,2022-10-01,2022-12-31,5,187760,0.17
Aug 2022,SOM,16384726,Gedo,current,2022-07-01,2022-09-30,all,857167,1.0
Aug 2022,SOM,16384726,Gedo,current,2022-07-01,2022-09-30,3+,188320,0.21
Aug 2022,SOM,16384726,Gedo,current,2022-07-01,2022-09-30,1,511777,0.61
Aug 2022,SOM,16384726,Gedo,current,2022-07-01,2022-09-30,2,157070,0.18
Aug 2022,SOM,16384726,Gedo,current,2022-07-01,2022-09-30,3,149310,0.17
Aug 2022,SOM,16384726,Gedo,current,2022-07-01,2022-09-30,4,37630,0.04
Aug 2022,SOM,16384726,Gedo,current,2022-07-01,2022-09-30,5,1380,0
Aug 2022,SOM,16384726,Gedo,first projection,2022-10-01,2022-12-31,all,857167,1.0
Aug 2022,SOM,16384726,Gedo,first projection,2022-10-01,2022-12-31,3+,356170,0.41
Aug 2022,SOM,16384726,Gedo,first projection,2022-10-01,2022-12-31,1,316807,0.38
Aug 2022,SOM,16384726,Gedo,first projection,2022-10-01,2022-12-31,2,184190,0.21
Aug 2022,SOM,16384726,Gedo,first projection,2022-10-01,2022-12-31,3,233380,0.27
Aug 2022,SOM,16384726,Gedo,first projection,2022-10-01,2022-12-31,4,120050,0.14
Aug 2022,SOM,16384726,Gedo,first projection,2022-10-01,2022-12-31,5,2740,0
Aug 2022,SOM,16384726,Sool,current,2022-07-01,2022-09-30,all,480744,1.0
Aug 2022,SOM,16384726,Sool,current,2022-07-01,2022-09-30,3+,136750,0.28
Aug 2022,SOM,16384726,Sool,current,2022-07-01,2022-09-30,1,257404,0.54
Aug 2022,SOM,16384726,Sool,current,2022-07-01,2022-09-30,2,86590,0.18
Aug 2022,SOM,16384726,Sool,current,2022-07-01,2022-09-30,3,92790,0.19
Aug 2022,SOM,16384726,Sool,current,2022-07-01,2022-09-30,4,43960,0.09
Aug 2022,SOM,16384726,Sool,current,2022-07-01,2022-09-30,5,0,0
Aug 2022,SOM,16384726,Sool,first projection,2022-10-01,2022-12-31,all,480744,1.0
Aug 2022,SOM,16384726,Sool,first projection,2022-10-01,2022-12-31,3+,190270,0.4
Aug 2022,SOM,16384726,Sool,first projection,2022-10-01,2022-12-31,1,204424,0.42
Aug 2022,SOM,16384726,Sool,first projection,2022-10-01,2022-12-31,2,86050,0.18
Aug 2022,SOM,16384726,Sool,first projection,2022-10-01,2022-12-31,3,120860,0.25
Aug 2022,SOM,16384726,Sool,first projection,2022-10-01,2022-12-31,4,66670,0.14
Aug 2022,SOM,16384726,Sool,first projection,2022-10-01,2022-12-31,5,2740,0.01
Aug 2022,SOM,16384726,Galgaduud,current,2022-07-01,2022-09-30,all,711638,1.0
Aug 2022,SOM,16384726,Galgaduud,current,2022-07-01,2022-09-30,3+,229390,0.32
Aug 2022,SOM,16384726,Galgaduud,current,2022-07-01,2022-09-30,1,339928,0.48
Aug 2022,SOM,16384726,Galgaduud,current,2022-07-01,2022-09-30,2,142320,0.2
Aug 2022,SOM,16384726,Galgaduud,current,2022-07-01,2022-09-30,3,177600,0.25
Aug 2022,SOM,16384726,Galgaduud,current,2022-07-01,2022-09-30,4,45270,0.06
Aug 2022,SOM,16384726,Galgaduud,current,2022-07-01,2022-09-30,5,6520,0.01
Aug 2022,SOM,16384726,Galgaduud,first projection,2022-10-01,2022-12-31,all,711638,1.0
Aug 2022,SOM,16384726,Galgaduud,first projection,2022-10-01,2022-12-31,3+,380590,0.53
Aug 2022,SOM,16384726,Galgaduud,first projection,2022-10-01,2022-12-31,1,188178,0.27
Aug 2022,SOM,16384726,Galgaduud,first projection,2022-10-01,2022-12-31,2,142870,0.2
Aug 2022,SOM,16384726,Galgaduud,first projection,2022-10-01,2022-12-31,3,238430,0.34
Aug 2022,SOM,16384726,Galgaduud,first projection,2022-10-01,2022-12-31,4,124510,0.17
Aug 2022,SOM,16384726,Galgaduud,first projection,2022-10-01,2022-12-31,5,17650,0.02
Aug 2022,SOM,16384726,Middle Shabelle,current,2022-07-01,2022-09-30,all,553282,1.0
Aug 2022,SOM,16384726,Middle Shabelle,current,2022-07-01,2022-09-30,3+,244820,0.44
Aug 2022,SOM,16384726,Middle Shabelle,current,2022-07-01,2022-09-30,1,197812,0.36
Aug 2022,SOM,16384726,Middle Shabelle,current,2022-07-01,2022-09-30,2,110650,0.2
Aug 2022,SOM,16384726,Middle Shabelle,current,2022-07-01,2022-09-30,3,174060,0.31
Aug 2022,SOM,16384726,Middle Shabelle,current,2022-07-01,2022-09-30,4,61030,0.11
Aug 2022,SOM,16384726,Middle Shabelle,current,2022-07-01,2022-09-30,5,9730,0.02
Aug 2022,SOM,16384726,Middle Shabelle,first projection,2022-10-01,2022-12-31,all,553282,1.0
Aug 2022,SOM,16384726,Middle Shabelle,first projection,2022-10-01,2022-12-31,3+,328464,0.59
Aug 2022,SOM,16384726,Middle Shabelle,first projection,2022-10-01,2022-12-31,1,115948,0.21
Aug 2022,SOM,16384726,Middle Shabelle,first projection,2022-10-01,2022-12-31,2,108870,0.2
Aug 2022,SOM,16384726,Middle Shabelle,first projection,2022-10-01,2022-12-31,3,204704,0.37
Aug 2022,SOM,16384726,Middle Shabelle,first projection,2022-10-01,2022-12-31,4,105840,0.19
Aug 2022,SOM,16384726,Middle Shabelle,first projection,2022-10-01,2022-12-31,5,17920,0.03
Aug 2022,SOM,16384726,Hiraan,current,2022-07-01,2022-09-30,all,442073,1.0
Aug 2022,SOM,16384726,Hiraan,current,2022-07-01,2022-09-30,3+,119200,0.27
Aug 2022,SOM,16384726,Hiraan,current,2022-07-01,2022-09-30,1,238653,0.54
Aug 2022,SOM,16384726,Hiraan,current,2022-07-01,2022-09-30,2,84220,0.19
Aug 2022,SOM,16384726,Hiraan,current,2022-07-01,2022-09-30,3,80720,0.18
Aug 2022,SOM,16384726,Hiraan,current,2022-07-01,2022-09-30,4,38480,0.09
Aug 2022,SOM,16384726,Hiraan,current,2022-07-01,2022-09-30,5,0,0
Aug 2022,SOM,16384726,Hiraan,first projection,2022-10-01,2022-12-31,all,442073,1.0
Aug 2022,SOM,16384726,Hiraan,first projection,2022-10-01,2022-12-31,3+,192450,0.43
Aug 2022,SOM,16384726,Hiraan,first projection,2022-10-01,2022-12-31,1,148753,0.34
Aug 2022,SOM,16384726,Hiraan,first projection,2022-10-01,2022-12-31,2,100870,0.23
Aug 2022,SOM,16384726,Hiraan,first projection,2022-10-01,2022-12-31,3,124160,0.28
Aug 2022,SOM,16384726,Hiraan,first projection,2022-10-01,2022-12-31,4,67070,0.15
Aug 2022,SOM,16384726,Hiraan,first projection,2022-10-01,2022-12-31,5,1220,0
Aug 2022,SOM,16384726,Woqooyi Galbeed,current,2022-07-01,2022-09-30,all,1267580,1.0
Aug 2022,SOM,16384726,Woqooyi Galbeed,current,2022-07-01,2022-09-30,3+,202570,0.16
Aug 2022,SOM,16384726,Woqooyi Galbeed,current,2022-07-01,2022-09-30,1,845330,0.67
Aug 2022,SOM,16384726,Woqooyi Galbeed,current,2022-07-01,2022-09-30,2,219680,0.17
Aug 2022,SOM,16384726,Woqooyi Galbeed,current,2022-07-01,2022-09-30,3,154260,0.12
Aug 2022,SOM,16384726,Woqooyi Galbeed,current,2022-07-01,2022-09-30,4,48310,0.04
Aug 2022,SOM,16384726,Woqooyi Galbeed,current,2022-07-01,2022-09-30,5,0,0
Aug 2022,SOM,16384726,Woqooyi Galbeed,first projection,2022-10-01,2022-12-31,all,1267580,1.0
Aug 2022,SOM,16384726,Woqooyi Galbeed,first projection,2022-10-01,2022-12-31,3+,304640,0.23
Aug 2022,SOM,16384726,Woqooyi Galbeed,first projection,2022-10-01,2022-12-31,1,720630,0.58
Aug 2022,SOM,16384726,Woqooyi Galbeed,first projection,2022-10-01,2022-12-31,2,242310,0.19
Aug 2022,SOM,16384726,Woqooyi Galbeed,first projection,2022-10-01,2022-12-31,3,208650,0.16
Aug 2022,SOM,16384726,Woqooyi Galbeed,first projection,2022-10-01,2022-12-31,4,92530,0.07
Aug 2022,SOM,16384726,Woqooyi Galbeed,first projection,2022-10-01,2022-12-31,5,3460,0
Aug 2022,SOM,16384726,Togdheer,current,2022-07-01,2022-09-30,all,753712,1.0
Aug 2022,SOM,16384726,Togdheer,current,2022-07-01,2022-09-30,3+,189050,0.26
Aug 2022,SOM,16384726,Togdheer,current,2022-07-01,2022-09-30,1,431742,0.56
Aug 2022,SOM,16384726,Togdheer,current,2022-07-01,2022-09-30,2,132920,0.18
Aug 2022,SOM,16384726,Togdheer,current,2022-07-01,2022-09-30,3,124850,0.17
Aug 2022,SOM,16384726,Togdheer,current,2022-07-01,2022-09-30,4,64200,0.09
Aug 2022,SOM,16384726,Togdheer,current,2022-07-01,2022-09-30,5,0,0
Aug 2022,SOM,16384726,Togdheer,first projection,2022-10-01,2022-12-31,all,753712,1.0
Aug 2022,SOM,16384726,Togdheer,first projection,2022-10-01,2022-12-31,3+,266310,0.36
Aug 2022,SOM,16384726,Togdheer,first projection,2022-10-01,2022-12-31,1,361362,0.47
Aug 2022,SOM,16384726,Togdheer,first projection,2022-10-01,2022-12-31,2,126040,0.17
Aug 2022,SOM,16384726,Togdheer,first projection,2022-10-01,2022-12-31,3,179680,0.24
Aug 2022,SOM,16384726,Togdheer,first projection,2022-10-01,2022-12-31,4,81750,0.11
Aug 2022,SOM,16384726,Togdheer,first projection,2022-10-01,2022-12-31,5,4880,0.01
Aug 2022,SOM,16384726,Bakool,current,2022-07-01,2022-09-30,all,475838,1.0
Aug 2022,SOM,16384726,Bakool,current,2022-07-01,2022-09-30,3+,161530,0.34
Aug 2022,SOM,16384726,Bakool,current,2022-07-01,2022-09-30,1,219138,0.46
Aug 2022,SOM,16384726,Bakool,current,2022-07-01,2022-09-30,2,95170,0.2
Aug 2022,SOM,16384726,Bakool,current,2022-07-01,2022-09-30,3,102820,0.22
Aug 2022,SOM,16384726,Bakool,current,2022-07-01,2022-09-30,4,49120,0.1
Aug 2022,SOM,16384726,Bakool,current,2022-07-01,2022-09-30,5,9590,0.02
Aug 2022,SOM,16384726,Bakool,first projection,2022-10-01,2022-12-31,all,475838,1.0
Aug 2022,SOM,16384726,Bakool,first projection,2022-10-01,2022-12-31,3+,276220,0.58
Aug 2022,SOM,16384726,Bakool,first projection,2022-10-01,2022-12-31,1,98918,0.21
Aug 2022,SOM,16384726,Bakool,first projection,2022-10-01,2022-12-31,2,100700,0.21
Aug 2022,SOM,16384726,Bakool,first projection,2022-10-01,2022-12-31,3,159300,0.33
Aug 2022,SOM,16384726,Bakool,first projection,2022-10-01,2022-12-31,4,90550,0.19
Aug 2022,SOM,16384726,Bakool,first projection,2022-10-01,2022-12-31,5,26370,0.06
Aug 2022,SOM,16384726,Sanaag,current,2022-07-01,2022-09-30,all,1395111,1.0
Aug 2022,SOM,16384726,Sanaag,current,2022-07-01,2022-09-30,3+,244320,0.18
Aug 2022,SOM,16384726,Sanaag,current,2022-07-01,2022-09-30,1,906161,0.64
Aug 2022,SOM,16384726,Sanaag,current,2022-07-01,2022-09-30,2,244630,0.18
Aug 2022,SOM,16384726,Sanaag,current,2022-07-01,2022-09-30,3,217800,0.16
Aug 2022,SOM,16384726,Sanaag,current,2022-07-01,2022-09-30,4,26520,0.02
Aug 2022,SOM,16384726,Sanaag,current,2022-07-01,2022-09-30,5,0,0
Aug 2022,SOM,16384726,Sanaag,first projection,2022-10-01,2022-12-31,all,1395111,1.0
Aug 2022,SOM,16384726,Sanaag,first projection,2022-10-01,2022-12-31,3+,412570,0.3
Aug 2022,SOM,16384726,Sanaag,first projection,2022-10-01,2022-12-31,1,680421,0.48
Aug 2022,SOM,16384726,Sanaag,first projection,2022-10-01,2022-12-31,2,302120,0.22
Aug 2022,SOM,16384726,Sanaag,first projection,2022-10-01,2022-12-31,3,316380,0.23
Aug 2022,SOM,16384726,Sanaag,first projection,2022-10-01,2022-12-31,4,96190,0.07
Aug 2022,SOM,16384726,Sanaag,first projection,2022-10-01,2022-12-31,5,0,0
Aug 2022,SOM,16384726,Awdal,current,2022-07-01,2022-09-30,all,557046,1.0
Aug 2022,SOM,16384726,Awdal,current,2022-07-01,2022-09-30,3+,91900,0.16
Aug 2022,SOM,16384726,Awdal,current,2022-07-01,2022-09-30,1,366746,0.66
Aug 2022,SOM,16384726,Awdal,current,2022-07-01,2022-09-30,2,98400,0.18
Aug 2022,SOM,16384726,Awdal,current,2022-07-01,2022-09-30,3,69090,0.12
Aug 2022,SOM,16384726,Awdal,current,2022-07-01,2022-09-30,4,22810,0.04
Aug 2022,SOM,16384726,Awdal,current,2022-07-01,2022-09-30,5,0,0
Aug 2022,SOM,16384726,Awdal,first projection,2022-10-01,2022-12-31,all,557046,1.0
Aug 2022,SOM,16384726,Awdal,first projection,2022-10-01,2022-12-31,3+,141240,0.25
Aug 2022,SOM,16384726,Awdal,first projection,2022-10-01,2022-12-31,1,302556,0.55
Aug 2022,SOM,16384726,Awdal,first projection,2022-10-01,2022-12-31,2,113250,0.2
Aug 2022,SOM,16384726,Awdal,first projection,2022-10-01,2022-12-31,3,97470,0.17
Aug 2022,SOM,16384726,Awdal,first projection,2022-10-01,2022-12-31,4,43770,0.08
Aug 2022,SOM,16384726,Awdal,first projection,2022-10-01,2022-12-31,5,0,0
Aug 2022,SOM,16384726,Middle Juba,current,2022-07-01,2022-09-30,all,1287567,1.0
Aug 2022,SOM,16384726,Middle Juba,current,2022-07-01,2022-09-30,3+,378110,0.29
Aug 2022,SOM,16384726,Middle Juba,current,2022-07-01,2022-09-30,1,684077,0.53
Aug 2022,SOM,16384726,Middle Juba,current,2022-07-01,2022-09-30,2,225380,0.18
Aug 2022,SOM,16384726,Middle Juba,current,2022-07-01,2022-09-30,3,274110,0.21
Aug 2022,SOM,16384726,Middle Juba,current,2022-07-01,2022-09-30,4,94480,0.07
Aug 2022,SOM,16384726,Middle Juba,current,2022-07-01,2022-09-30,5,9520,0.01
Aug 2022,SOM,16384726,Middle Juba,first projection,2022-10-01,2022-12-31,all,1287567,1.0
Aug 2022,SOM,16384726,Middle Juba,first projection,2022-10-01,2022-12-31,3+,640920,0.5
Aug 2022,SOM,16384726,Middle Juba,first projection,2022-10-01,2022-12-31,1,411487,0.32
Aug 2022,SOM,16384726,Middle Juba,first projection,2022-10-01,2022-12-31,2,235160,0.18
Aug 2022,SOM,16384726,Middle Juba,first projection,2022-10-01,2022-12-31,3,401600,0.31
Aug 2022,SOM,16384726,Middle Juba,first projection,2022-10-01,2022-12-31,4,207110,0.16
Aug 2022,SOM,16384726,Middle Juba,first projection,2022-10-01,2022-12-31,5,32210,0.03
Aug 2022,SOM,16384726,Banadir,current,2022-07-01,2022-09-30,all,2777228,1.0
Aug 2022,SOM,16384726,Banadir,current,2022-07-01,2022-09-30,3+,359450,0.13
Aug 2022,SOM,16384726,Banadir,current,2022-07-01,2022-09-30,1,1946048,0.7
Aug 2022,SOM,16384726,Banadir,current,2022-07-01,2022-09-30,2,471730,0.17
Aug 2022,SOM,16384726,Banadir,current,2022-07-01,2022-09-30,3,249160,0.09
Aug 2022,SOM,16384726,Banadir,current,2022-07-01,2022-09-30,4,110290,0.04
Aug 2022,SOM,16384726,Banadir,current,2022-07-01,2022-09-30,5,0,0
Aug 2022,SOM,16384726,Banadir,first projection,2022-10-01,2022-12-31,all,2777228,1.0
Aug 2022,SOM,16384726,Banadir,first projection,2022-10-01,2022-12-31,3+,774030,0.28
Aug 2022,SOM,16384726,Banadir,first projection,2022-10-01,2022-12-31,1,1476318,0.53
Aug 2022,SOM,16384726,Banadir,first projection,2022-10-01,2022-12-31,2,526880,0.19
Aug 2022,SOM,16384726,Banadir,first projection,2022-10-01,2022-12-31,3,498300,0.18
Aug 2022,SOM,16384726,Banadir,first projection,2022-10-01,2022-12-31,4,275730,0.1
Aug 2022,SOM,16384726,Banadir,first projection,2022-10-01,2022-12-31,5,0,0
May 2022,SOM,15737178,Awdal,current,2022-05-01,2022-05-31,all,538209,1.0
May 2022,SOM,15737178,Awdal,current,2022-05-01,2022-05-31,3+,108090,0.2
May 2022,SOM,15737178,Awdal,current,2022-05-01,2022-05-31,1,287239,0.53
May 2022,SOM,15737178,Awdal,current,2022-05-01,2022-05-31,2,142880,0.27
May 2022,SOM,15737178,Awdal,current,2022-05-01,2022-05-31,3,90060,0.17
May 2022,SOM,15737178,Awdal,current,2022-05-01,2022-05-31,4,18030,0.03
May 2022,SOM,15737178,Awdal,current,2022-05-01,2022-05-31,5,0,0
May 2022,SOM,15737178,Awdal,first projection,2022-06-01,2022-09-30,all,538209,1.0
May 2022,SOM,15737178,Awdal,first projection,2022-06-01,2022-09-30,3+,134450,0.25
May 2022,SOM,15737178,Awdal,first projection,2022-06-01,2022-09-30,1,251159,0.47
May 2022,SOM,15737178,Awdal,first projection,2022-06-01,2022-09-30,2,152600,0.28
May 2022,SOM,15737178,Awdal,first projection,2022-06-01,2022-09-30,3,115510,0.21
May 2022,SOM,15737178,Awdal,first projection,2022-06-01,2022-09-30,4,18940,0.04
May 2022,SOM,15737178,Awdal,first projection,2022-06-01,2022-09-30,5,0,0
May 2022,SOM,15737178,Bari,current,2022-05-01,2022-05-31,all,1042591,1.0
May 2022,SOM,15737178,Bari,current,2022-05-01,2022-05-31,3+,246070,0.24
May 2022,SOM,15737178,Bari,current,2022-05-01,2022-05-31,1,556751,0.53
May 2022,SOM,15737178,Bari,current,2022-05-01,2022-05-31,2,239770,0.23
May 2022,SOM,15737178,Bari,current,2022-05-01,2022-05-31,3,188320,0.18
May 2022,SOM,15737178,Bari,current,2022-05-01,2022-05-31,4,57750,0.06
May 2022,SOM,15737178,Bari,current,2022-05-01,2022-05-31,5,0,0
May 2022,SOM,15737178,Bari,first projection,2022-06-01,2022-09-30,all,1042591,1.0
May 2022,SOM,15737178,Bari,first projection,2022-06-01,2022-09-30,3+,318210,0.31
May 2022,SOM,15737178,Bari,first projection,2022-06-01,2022-09-30,1,444711,0.42
May 2022,SOM,15737178,Bari,first projection,2022-06-01,2022-09-30,2,279670,0.27
May 2022,SOM,15737178,Bari,first projection,2022-06-01,2022-09-30,3,247750,0.24
May 2022,SOM,15737178,Bari,first projection,2022-06-01,2022-09-30,4,70460,0.07
May 2022,SOM,15737178,Bari,first projection,2022-06-01,2022-09-30,5,0,0
May 2022,SOM,15737178,Juba hoose,current,2022-05-01,2022-05-31,all,979998,1.0
May 2022,SOM,15737178,Juba hoose,current,2022-05-01,2022-05-31,3+,404760,0.41
May 2022,SOM,15737178,Juba hoose,current,2022-05-01,2022-05-31,1,324978,0.33
May 2022,SOM,15737178,Juba hoose,current,2022-05-01,2022-05-31,2,250260,0.26
May 2022,SOM,15737178,Juba hoose,current,2022-05-01,2022-05-31,3,277420,0.28
May 2022,SOM,15737178,Juba hoose,current,2022-05-01,2022-05-31,4,127340,0.13
May 2022,SOM,15737178,Juba hoose,current,2022-05-01,2022-05-31,5,0,0
May 2022,SOM,15737178,Juba hoose,first projection,2022-06-01,2022-09-30,all,979998,1.0
May 2022,SOM,15737178,Juba hoose,first projection,2022-06-01,2022-09-30,3+,525300,0.54
May 2022,SOM,15737178,Juba hoose,first projection,2022-06-01,2022-09-30,1,183148,0.19
May 2022,SOM,15737178,Juba hoose,first projection,2022-06-01,2022-09-30,2,271550,0.28
May 2022,SOM,15737178,Juba hoose,first projection,2022-06-01,2022-09-30,3,357090,0.36
May 2022,SOM,15737178,Juba hoose,first projection,2022-06-01,2022-09-30,4,168210,0.17
May 2022,SOM,15737178,Juba hoose,first projection,2022-06-01,2022-09-30,5,0,0
May 2022,SOM,15737178,Sool,current,2022-05-01,2022-05-31,all,464487,1.0
May 2022,SOM,15737178,Sool,current,2022-05-01,2022-05-31,3+,195320,0.42
May 2022,SOM,15737178,Sool,current,2022-05-01,2022-05-31,1,164427,0.35
May 2022,SOM,15737178,Sool,current,2022-05-01,2022-05-31,2,104740,0.23
May 2022,SOM,15737178,Sool,current,2022-05-01,2022-05-31,3,146110,0.31
May 2022,SOM,15737178,Sool,current,2022-05-01,2022-05-31,4,49210,0.11
May 2022,SOM,15737178,Sool,current,2022-05-01,2022-05-31,5,0,0
May 2022,SOM,15737178,Sool,first projection,2022-06-01,2022-09-30,all,464487,1.0
May 2022,SOM,15737178,Sool,first projection,2022-06-01,2022-09-30,3+,245540,0.53
May 2022,SOM,15737178,Sool,first projection,2022-06-01,2022-09-30,1,120747,0.27
May 2022,SOM,15737178,Sool,first projection,2022-06-01,2022-09-30,2,98200,0.21
May 2022,SOM,15737178,Sool,first projection,2022-06-01,2022-09-30,3,169330,0.36
May 2022,SOM,15737178,Sool,first projection,2022-06-01,2022-09-30,4,76210,0.16
May 2022,SOM,15737178,Sool,first projection,2022-06-01,2022-09-30,5,0,0
May 2022,SOM,15737178,Woqooyi galbeed,current,2022-05-01,2022-05-31,all,1224715,1.0
May 2022,SOM,15737178,Woqooyi galbeed,current,2022-05-01,2022-05-31,3+,345760,0.28
May 2022,SOM,15737178,Woqooyi galbeed,current,2022-05-01,2022-05-31,1,536895,0.44
May 2022,SOM,15737178,Woqooyi galbeed,current,2022-05-01,2022-05-31,2,342060,0.28
May 2022,SOM,15737178,Woqooyi galbeed,current,2022-05-01,2022-05-31,3,299810,0.24
May 2022,SOM,15737178,Woqooyi galbeed,current,2022-05-01,2022-05-31,4,45950,0.04
May 2022,SOM,15737178,Woqooyi galbeed,current,2022-05-01,2022-05-31,5,0,0
May 2022,SOM,15737178,Woqooyi galbeed,first projection,2022-06-01,2022-09-30,all,1224715,1.0
May 2022,SOM,15737178,Woqooyi galbeed,first projection,2022-06-01,2022-09-30,3+,470640,0.38
May 2022,SOM,15737178,Woqooyi galbeed,first projection,2022-06-01,2022-09-30,1,411705,0.34
May 2022,SOM,15737178,Woqooyi galbeed,first projection,2022-06-01,2022-09-30,2,342370,0.28
May 2022,SOM,15737178,Woqooyi galbeed,first projection,2022-06-01,2022-09-30,3,404730,0.33
May 2022,SOM,15737178,Woqooyi galbeed,first projection,2022-06-01,2022-09-30,4,65910,0.05
May 2022,SOM,15737178,Woqooyi galbeed,first projection,2022-06-01,2022-09-30,5,0,0
May 2022,SOM,15737178,Juba dhexe,current,2022-05-01,2022-05-31,all,363930,1.0
May 2022,SOM,15737178,Juba dhexe,current,2022-05-01,2022-05-31,3+,149160,0.41
May 2022,SOM,15737178,Juba dhexe,current,2022-05-01,2022-05-31,1,121070,0.33
May 2022,SOM,15737178,Juba dhexe,current,2022-05-01,2022-05-31,2,93700,0.26
May 2022,SOM,15737178,Juba dhexe,current,2022-05-01,2022-05-31,3,103170,0.28
May 2022,SOM,15737178,Juba dhexe,current,2022-05-01,2022-05-31,4,45990,0.13
May 2022,SOM,15737178,Juba dhexe,current,2022-05-01,2022-05-31,5,0,0
May 2022,SOM,15737178,Juba dhexe,first projection,2022-06-01,2022-09-30,all,363930,1.0
May 2022,SOM,15737178,Juba dhexe,first projection,2022-06-01,2022-09-30,3+,192440,0.53
May 2022,SOM,15737178,Juba dhexe,first projection,2022-06-01,2022-09-30,1,66980,0.19
May 2022,SOM,15737178,Juba dhexe,first projection,2022-06-01,2022-09-30,2,104510,0.29
May 2022,SOM,15737178,Juba dhexe,first projection,2022-06-01,2022-09-30,3,132430,0.36
May 2022,SOM,15737178,Juba dhexe,first projection,2022-06-01,2022-09-30,4,60010,0.16
May 2022,SOM,15737178,Juba dhexe,first projection,2022-06-01,2022-09-30,5,0,0
May 2022,SOM,15737178,Gedo,current,2022-05-01,2022-05-31,all,736704,1.0
May 2022,SOM,15737178,Gedo,current,2022-05-01,2022-05-31,3+,319910,0.44
May 2022,SOM,15737178,Gedo,current,2022-05-01,2022-05-31,1,192374,0.26
May 2022,SOM,15737178,Gedo,current,2022-05-01,2022-05-31,2,224420,0.3
May 2022,SOM,15737178,Gedo,current,2022-05-01,2022-05-31,3,225060,0.31
May 2022,SOM,15737178,Gedo,current,2022-05-01,2022-05-31,4,94850,0.13
May 2022,SOM,15737178,Gedo,current,2022-05-01,2022-05-31,5,0,0
May 2022,SOM,15737178,Gedo,first projection,2022-06-01,2022-09-30,all,736704,1.0
May 2022,SOM,15737178,Gedo,first projection,2022-06-01,2022-09-30,3+,365840,0.5
May 2022,SOM,15737178,Gedo,first projection,2022-06-01,2022-09-30,1,142274,0.19
May 2022,SOM,15737178,Gedo,first projection,2022-06-01,2022-09-30,2,228590,0.31
May 2022,SOM,15737178,Gedo,first projection,2022-06-01,2022-09-30,3,233350,0.32
May 2022,SOM,15737178,Gedo,first projection,2022-06-01,2022-09-30,4,132490,0.18
May 2022,SOM,15737178,Gedo,first projection,2022-06-01,2022-09-30,5,0,0
May 2022,SOM,15737178,Bay,current,2022-05-01,2022-05-31,all,1055913,1.0
May 2022,SOM,15737178,Bay,current,2022-05-01,2022-05-31,3+,556250,0.52
May 2022,SOM,15737178,Bay,current,2022-05-01,2022-05-31,1,249523,0.24
May 2022,SOM,15737178,Bay,current,2022-05-01,2022-05-31,2,250140,0.24
May 2022,SOM,15737178,Bay,current,2022-05-01,2022-05-31,3,332300,0.31
May 2022,SOM,15737178,Bay,current,2022-05-01,2022-05-31,4,192330,0.18
May 2022,SOM,15737178,Bay,current,2022-05-01,2022-05-31,5,31620,0.03
May 2022,SOM,15737178,Bay,first projection,2022-06-01,2022-09-30,all,1055913,1.0
May 2022,SOM,15737178,Bay,first projection,2022-06-01,2022-09-30,3+,729880,0.69
May 2022,SOM,15737178,Bay,first projection,2022-06-01,2022-09-30,1,126593,0.12
May 2022,SOM,15737178,Bay,first projection,2022-06-01,2022-09-30,2,199440,0.19
May 2022,SOM,15737178,Bay,first projection,2022-06-01,2022-09-30,3,325190,0.31
May 2022,SOM,15737178,Bay,first projection,2022-06-01,2022-09-30,4,308440,0.29
May 2022,SOM,15737178,Bay,first projection,2022-06-01,2022-09-30,5,96250,0.09
May 2022,SOM,15737178,Hiraan,current,2022-05-01,2022-05-31,all,427124,1.0
May 2022,SOM,15737178,Hiraan,current,2022-05-01,2022-05-31,3+,141180,0.33
May 2022,SOM,15737178,Hiraan,current,2022-05-01,2022-05-31,1,181154,0.42
May 2022,SOM,15737178,Hiraan,current,2022-05-01,2022-05-31,2,104790,0.25
May 2022,SOM,15737178,Hiraan,current,2022-05-01,2022-05-31,3,103980,0.24
May 2022,SOM,15737178,Hiraan,current,2022-05-01,2022-05-31,4,37200,0.09
May 2022,SOM,15737178,Hiraan,current,2022-05-01,2022-05-31,5,0,0
May 2022,SOM,15737178,Hiraan,first projection,2022-06-01,2022-09-30,all,427124,1.0
May 2022,SOM,15737178,Hiraan,first projection,2022-06-01,2022-09-30,3+,201850,0.47
May 2022,SOM,15737178,Hiraan,first projection,2022-06-01,2022-09-30,1,124434,0.29
May 2022,SOM,15737178,Hiraan,first projection,2022-06-01,2022-09-30,2,100840,0.24
May 2022,SOM,15737178,Hiraan,first projection,2022-06-01,2022-09-30,3,122850,0.29
May 2022,SOM,15737178,Hiraan,first projection,2022-06-01,2022-09-30,4,77530,0.18
May 2022,SOM,15737178,Hiraan,first projection,2022-06-01,2022-09-30,5,1470,0
May 2022,SOM,15737178,Sanaag,current,2022-05-01,2022-05-31,all,362723,1.0
May 2022,SOM,15737178,Sanaag,current,2022-05-01,2022-05-31,3+,140840,0.39
May 2022,SOM,15737178,Sanaag,current,2022-05-01,2022-05-31,1,159713,0.44
May 2022,SOM,15737178,Sanaag,current,2022-05-01,2022-05-31,2,62170,0.17
May 2022,SOM,15737178,Sanaag,current,2022-05-01,2022-05-31,3,101780,0.28
May 2022,SOM,15737178,Sanaag,current,2022-05-01,2022-05-31,4,39060,0.11
May 2022,SOM,15737178,Sanaag,current,2022-05-01,2022-05-31,5,0,0
May 2022,SOM,15737178,Sanaag,first projection,2022-06-01,2022-09-30,all,362723,1.0
May 2022,SOM,15737178,Sanaag,first projection,2022-06-01,2022-09-30,3+,168640,0.46
May 2022,SOM,15737178,Sanaag,first projection,2022-06-01,2022-09-30,1,115023,0.32
May 2022,SOM,15737178,Sanaag,first projection,2022-06-01,2022-09-30,2,79060,0.22
May 2022,SOM,15737178,Sanaag,first projection,2022-06-01,2022-09-30,3,121190,0.33
May 2022,SOM,15737178,Sanaag,first projection,2022-06-01,2022-09-30,4,47450,0.13
May 2022,SOM,15737178,Sanaag,first projection,2022-06-01,2022-09-30,5,0,0
May 2022,SOM,15737178,Nugaal,current,2022-05-01,2022-05-31,all,534573,1.0
May 2022,SOM,15737178,Nugaal,current,2022-05-01,2022-05-31,3+,206590,0.39
May 2022,SOM,15737178,Nugaal,current,2022-05-01,2022-05-31,1,171983,0.32
May 2022,SOM,15737178,Nugaal,current,2022-05-01,2022-05-31,2,156000,0.29
May 2022,SOM,15737178,Nugaal,current,2022-05-01,2022-05-31,3,153820,0.29
May 2022,SOM,15737178,Nugaal,current,2022-05-01,2022-05-31,4,52770,0.1
May 2022,SOM,15737178,Nugaal,current,2022-05-01,2022-05-31,5,0,0
May 2022,SOM,15737178,Nugaal,first projection,2022-06-01,2022-09-30,all,534573,1.0
May 2022,SOM,15737178,Nugaal,first projection,2022-06-01,2022-09-30,3+,287230,0.54
May 2022,SOM,15737178,Nugaal,first projection,2022-06-01,2022-09-30,1,118493,0.22
May 2022,SOM,15737178,Nugaal,first projection,2022-06-01,2022-09-30,2,128850,0.24
May 2022,SOM,15737178,Nugaal,first projection,2022-06-01,2022-09-30,3,185560,0.35
May 2022,SOM,15737178,Nugaal,first projection,2022-06-01,2022-09-30,4,99330,0.19
May 2022,SOM,15737178,Nugaal,first projection,2022-06-01,2022-09-30,5,2340,0
May 2022,SOM,15737178,Banadir,current,2022-05-01,2022-05-31,all,2683312,1.0
May 2022,SOM,15737178,Banadir,current,2022-05-01,2022-05-31,3+,628500,0.23
May 2022,SOM,15737178,Banadir,current,2022-05-01,2022-05-31,1,1427752,0.54
May 2022,SOM,15737178,Banadir,current,2022-05-01,2022-05-31,2,627060,0.23
May 2022,SOM,15737178,Banadir,current,2022-05-01,2022-05-31,3,538100,0.2
May 2022,SOM,15737178,Banadir,current,2022-05-01,2022-05-31,4,90400,0.03
May 2022,SOM,15737178,Banadir,current,2022-05-01,2022-05-31,5,0,0
May 2022,SOM,15737178,Banadir,first projection,2022-06-01,2022-09-30,all,2683312,1.0
May 2022,SOM,15737178,Banadir,first projection,2022-06-01,2022-09-30,3+,987230,0.37
May 2022,SOM,15737178,Banadir,first projection,2022-06-01,2022-09-30,1,980052,0.36
May 2022,SOM,15737178,Banadir,first projection,2022-06-01,2022-09-30,2,716030,0.27
May 2022,SOM,15737178,Banadir,first projection,2022-06-01,2022-09-30,3,672260,0.25
May 2022,SOM,15737178,Banadir,first projection,2022-06-01,2022-09-30,4,269770,0.1
May 2022,SOM,15737178,Banadir,first projection,2022-06-01,2022-09-30,5,45200,0.02
May 2022,SOM,15737178,Togdheer,current,2022-05-01,2022-05-31,all,728224,1.0
May 2022,SOM,15737178,Togdheer,current,2022-05-01,2022-05-31,3+,225570,0.31
May 2022,SOM,15737178,Togdheer,current,2022-05-01,2022-05-31,1,314184,0.43
May 2022,SOM,15737178,Togdheer,current,2022-05-01,2022-05-31,2,188470,0.26
May 2022,SOM,15737178,Togdheer,current,2022-05-01,2022-05-31,3,187340,0.26
May 2022,SOM,15737178,Togdheer,current,2022-05-01,2022-05-31,4,38230,0.05
May 2022,SOM,15737178,Togdheer,current,2022-05-01,2022-05-31,5,0,0
May 2022,SOM,15737178,Togdheer,first projection,2022-06-01,2022-09-30,all,728224,1.0
May 2022,SOM,15737178,Togdheer,first projection,2022-06-01,2022-09-30,3+,290030,0.4
May 2022,SOM,15737178,Togdheer,first projection,2022-06-01,2022-09-30,1,265294,0.36
May 2022,SOM,15737178,Togdheer,first projection,2022-06-01,2022-09-30,2,172900,0.24
May 2022,SOM,15737178,Togdheer,first projection,2022-06-01,2022-09-30,3,223020,0.31
May 2022,SOM,15737178,Togdheer,first projection,2022-06-01,2022-09-30,4,67010,0.09
May 2022,SOM,15737178,Togdheer,first projection,2022-06-01,2022-09-30,5,0,0
May 2022,SOM,15737178,Bakool,current,2022-05-01,2022-05-31,all,459747,1.0
May 2022,SOM,15737178,Bakool,current,2022-05-01,2022-05-31,3+,219790,0.48
May 2022,SOM,15737178,Bakool,current,2022-05-01,2022-05-31,1,136817,0.3
May 2022,SOM,15737178,Bakool,current,2022-05-01,2022-05-31,2,103140,0.22
May 2022,SOM,15737178,Bakool,current,2022-05-01,2022-05-31,3,136530,0.3
May 2022,SOM,15737178,Bakool,current,2022-05-01,2022-05-31,4,76680,0.17
May 2022,SOM,15737178,Bakool,current,2022-05-01,2022-05-31,5,6580,0.01
May 2022,SOM,15737178,Bakool,first projection,2022-06-01,2022-09-30,all,459747,1.0
May 2022,SOM,15737178,Bakool,first projection,2022-06-01,2022-09-30,3+,280010,0.61
May 2022,SOM,15737178,Bakool,first projection,2022-06-01,2022-09-30,1,71737,0.16
May 2022,SOM,15737178,Bakool,first projection,2022-06-01,2022-09-30,2,108000,0.23
May 2022,SOM,15737178,Bakool,first projection,2022-06-01,2022-09-30,3,151910,0.33
May 2022,SOM,15737178,Bakool,first projection,2022-06-01,2022-09-30,4,114670,0.25
May 2022,SOM,15737178,Bakool,first projection,2022-06-01,2022-09-30,5,13430,0.03
May 2022,SOM,15737178,Shabelle dhexe,current,2022-05-01,2022-05-31,all,855895,1.0
May 2022,SOM,15737178,Shabelle dhexe,current,2022-05-01,2022-05-31,3+,268520,0.31
May 2022,SOM,15737178,Shabelle dhexe,current,2022-05-01,2022-05-31,1,377965,0.45
May 2022,SOM,15737178,Shabelle dhexe,current,2022-05-01,2022-05-31,2,209410,0.24
May 2022,SOM,15737178,Shabelle dhexe,current,2022-05-01,2022-05-31,3,199370,0.23
May 2022,SOM,15737178,Shabelle dhexe,current,2022-05-01,2022-05-31,4,69150,0.08
May 2022,SOM,15737178,Shabelle dhexe,current,2022-05-01,2022-05-31,5,0,0
May 2022,SOM,15737178,Shabelle dhexe,first projection,2022-06-01,2022-09-30,all,855895,1.0
May 2022,SOM,15737178,Shabelle dhexe,first projection,2022-06-01,2022-09-30,3+,334370,0.39
May 2022,SOM,15737178,Shabelle dhexe,first projection,2022-06-01,2022-09-30,1,294105,0.34
May 2022,SOM,15737178,Shabelle dhexe,first projection,2022-06-01,2022-09-30,2,227420,0.27
May 2022,SOM,15737178,Shabelle dhexe,first projection,2022-06-01,2022-09-30,3,239990,0.28
May 2022,SOM,15737178,Shabelle dhexe,first projection,2022-06-01,2022-09-30,4,94380,0.11
May 2022,SOM,15737178,Shabelle dhexe,first projection,2022-06-01,2022-09-30,5,0,0
May 2022,SOM,15737178,Shabelle hoose,current,2022-05-01,2022-05-31,all,1347934,1.0
May 2022,SOM,15737178,Shabelle hoose,current,2022-05-01,2022-05-31,3+,308080,0.23
May 2022,SOM,15737178,Shabelle hoose,current,2022-05-01,2022-05-31,1,724074,0.54
May 2022,SOM,15737178,Shabelle hoose,current,2022-05-01,2022-05-31,2,315780,0.23
May 2022,SOM,15737178,Shabelle hoose,current,2022-05-01,2022-05-31,3,264580,0.2
May 2022,SOM,15737178,Shabelle hoose,current,2022-05-01,2022-05-31,4,43500,0.03
May 2022,SOM,15737178,Shabelle hoose,current,2022-05-01,2022-05-31,5,0,0
May 2022,SOM,15737178,Shabelle hoose,first projection,2022-06-01,2022-09-30,all,1347934,1.0
May 2022,SOM,15737178,Shabelle hoose,first projection,2022-06-01,2022-09-30,3+,445470,0.33
May 2022,SOM,15737178,Shabelle hoose,first projection,2022-06-01,2022-09-30,1,540414,0.4
May 2022,SOM,15737178,Shabelle hoose,first projection,2022-06-01,2022-09-30,2,362050,0.27
May 2022,SOM,15737178,Shabelle hoose,first projection,2022-06-01,2022-09-30,3,331950,0.25
May 2022,SOM,15737178,Shabelle hoose,first projection,2022-06-01,2022-09-30,4,110730,0.08
May 2022,SOM,15737178,Shabelle hoose,first projection,2022-06-01,2022-09-30,5,2790,0
May 2022,SOM,15737178,Galgaduud,current,2022-05-01,2022-05-31,all,687573,1.0
May 2022,SOM,15737178,Galgaduud,current,2022-05-01,2022-05-31,3+,253490,0.37
May 2022,SOM,15737178,Galgaduud,current,2022-05-01,2022-05-31,1,267863,0.39
May 2022,SOM,15737178,Galgaduud,current,2022-05-01,2022-05-31,2,166220,0.24
May 2022,SOM,15737178,Galgaduud,current,2022-05-01,2022-05-31,3,201300,0.29
May 2022,SOM,15737178,Galgaduud,current,2022-05-01,2022-05-31,4,52190,0.08
May 2022,SOM,15737178,Galgaduud,current,2022-05-01,2022-05-31,5,0,0
May 2022,SOM,15737178,Galgaduud,first projection,2022-06-01,2022-09-30,all,687573,1.0
May 2022,SOM,15737178,Galgaduud,first projection,2022-06-01,2022-09-30,3+,369080,0.54
May 2022,SOM,15737178,Galgaduud,first projection,2022-06-01,2022-09-30,1,170803,0.26
May 2022,SOM,15737178,Galgaduud,first projection,2022-06-01,2022-09-30,2,147690,0.21
May 2022,SOM,15737178,Galgaduud,first projection,2022-06-01,2022-09-30,3,229670,0.33
May 2022,SOM,15737178,Galgaduud,first projection,2022-06-01,2022-09-30,4,116930,0.17
May 2022,SOM,15737178,Galgaduud,first projection,2022-06-01,2022-09-30,5,22480,0.03
May 2022,SOM,15737178,Mudug,current,2022-05-01,2022-05-31,all,1243526,1.0
May 2022,SOM,15737178,Mudug,current,2022-05-01,2022-05-31,3+,523740,0.43
May 2022,SOM,15737178,Mudug,current,2022-05-01,2022-05-31,1,314496,0.24
May 2022,SOM,15737178,Mudug,current,2022-05-01,2022-05-31,2,405290,0.33
May 2022,SOM,15737178,Mudug,current,2022-05-01,2022-05-31,3,405010,0.33
May 2022,SOM,15737178,Mudug,current,2022-05-01,2022-05-31,4,118730,0.1
May 2022,SOM,15737178,Mudug,current,2022-05-01,2022-05-31,5,0,0
May 2022,SOM,15737178,Mudug,first projection,2022-06-01,2022-09-30,all,1243526,1.0
May 2022,SOM,15737178,Mudug,first projection,2022-06-01,2022-09-30,3+,725060,0.58
May 2022,SOM,15737178,Mudug,first projection,2022-06-01,2022-09-30,1,178036,0.15
May 2022,SOM,15737178,Mudug,first projection,2022-06-01,2022-09-30,2,340430,0.27
May 2022,SOM,15737178,Mudug,first projection,2022-06-01,2022-09-30,3,466730,0.38
May 2022,SOM,15737178,Mudug,first projection,2022-06-01,2022-09-30,4,229110,0.18
May 2022,SOM,15737178,Mudug,first projection,2022-06-01,2022-09-30,5,29220,0.02
Mar 2022,SOM,15737178,Sanaag,first projection,2022-03-01,2022-03-31,all,362723,1.0
Mar 2022,SOM,15737178,Sanaag,first projection,2022-03-01,2022-03-31,3+,135970,0.37
Mar 2022,SOM,15737178,Sanaag,first projection,2022-03-01,2022-03-31,1,164673,0.45
Mar 2022,SOM,15737178,Sanaag,first projection,2022-03-01,2022-03-31,2,62080,0.17
Mar 2022,SOM,15737178,Sanaag,first projection,2022-03-01,2022-03-31,3,97330,0.27
Mar 2022,SOM,15737178,Sanaag,first projection,2022-03-01,2022-03-31,4,38640,0.11
Mar 2022,SOM,15737178,Sanaag,first projection,2022-03-01,2022-03-31,5,0,0
Mar 2022,SOM,15737178,Sanaag,second projection,2022-04-01,2022-06-30,all,362723,1.0
Mar 2022,SOM,15737178,Sanaag,second projection,2022-04-01,2022-06-30,3+,152370,0.42
Mar 2022,SOM,15737178,Sanaag,second projection,2022-04-01,2022-06-30,1,131873,0.36
Mar 2022,SOM,15737178,Sanaag,second projection,2022-04-01,2022-06-30,2,78480,0.22
Mar 2022,SOM,15737178,Sanaag,second projection,2022-04-01,2022-06-30,3,112480,0.31
Mar 2022,SOM,15737178,Sanaag,second projection,2022-04-01,2022-06-30,4,39890,0.11
Mar 2022,SOM,15737178,Sanaag,second projection,2022-04-01,2022-06-30,5,0,0
Mar 2022,SOM,15737178,Awdal,first projection,2022-03-01,2022-03-31,all,538209,1.0
Mar 2022,SOM,15737178,Awdal,first projection,2022-03-01,2022-03-31,3+,108080,0.2
Mar 2022,SOM,15737178,Awdal,first projection,2022-03-01,2022-03-31,1,287589,0.53
Mar 2022,SOM,15737178,Awdal,first projection,2022-03-01,2022-03-31,2,142540,0.26
Mar 2022,SOM,15737178,Awdal,first projection,2022-03-01,2022-03-31,3,89980,0.17
Mar 2022,SOM,15737178,Awdal,first projection,2022-03-01,2022-03-31,4,18100,0.03
Mar 2022,SOM,15737178,Awdal,first projection,2022-03-01,2022-03-31,5,0,0
Mar 2022,SOM,15737178,Awdal,second projection,2022-04-01,2022-06-30,all,538209,1.0
Mar 2022,SOM,15737178,Awdal,second projection,2022-04-01,2022-06-30,3+,134590,0.25
Mar 2022,SOM,15737178,Awdal,second projection,2022-04-01,2022-06-30,1,256119,0.48
Mar 2022,SOM,15737178,Awdal,second projection,2022-04-01,2022-06-30,2,147500,0.27
Mar 2022,SOM,15737178,Awdal,second projection,2022-04-01,2022-06-30,3,115580,0.21
Mar 2022,SOM,15737178,Awdal,second projection,2022-04-01,2022-06-30,4,19010,0.04
Mar 2022,SOM,15737178,Awdal,second projection,2022-04-01,2022-06-30,5,0,0
Mar 2022,SOM,15737178,Bakool,first projection,2022-03-01,2022-03-31,all,459747,1.0
Mar 2022,SOM,15737178,Bakool,first projection,2022-03-01,2022-03-31,3+,179260,0.39
Mar 2022,SOM,15737178,Bakool,first projection,2022-03-01,2022-03-31,1,177367,0.39
Mar 2022,SOM,15737178,Bakool,first projection,2022-03-01,2022-03-31,2,103120,0.22
Mar 2022,SOM,15737178,Bakool,first projection,2022-03-01,2022-03-31,3,122180,0.27
Mar 2022,SOM,15737178,Bakool,first projection,2022-03-01,2022-03-31,4,57080,0.12
Mar 2022,SOM,15737178,Bakool,first projection,2022-03-01,2022-03-31,5,0,0
Mar 2022,SOM,15737178,Bakool,second projection,2022-04-01,2022-06-30,all,459747,1.0
Mar 2022,SOM,15737178,Bakool,second projection,2022-04-01,2022-06-30,3+,239530,0.52
Mar 2022,SOM,15737178,Bakool,second projection,2022-04-01,2022-06-30,1,122847,0.27
Mar 2022,SOM,15737178,Bakool,second projection,2022-04-01,2022-06-30,2,97370,0.21
Mar 2022,SOM,15737178,Bakool,second projection,2022-04-01,2022-06-30,3,147750,0.32
Mar 2022,SOM,15737178,Bakool,second projection,2022-04-01,2022-06-30,4,81580,0.18
Mar 2022,SOM,15737178,Bakool,second projection,2022-04-01,2022-06-30,5,10200,0.02
Mar 2022,SOM,15737178,Banadir,first projection,2022-03-01,2022-03-31,all,2683312,1.0
Mar 2022,SOM,15737178,Banadir,first projection,2022-03-01,2022-03-31,3+,628500,0.23
Mar 2022,SOM,15737178,Banadir,first projection,2022-03-01,2022-03-31,1,1516712,0.57
Mar 2022,SOM,15737178,Banadir,first projection,2022-03-01,2022-03-31,2,538100,0.2
Mar 2022,SOM,15737178,Banadir,first projection,2022-03-01,2022-03-31,3,538100,0.2
Mar 2022,SOM,15737178,Banadir,first projection,2022-03-01,2022-03-31,4,90400,0.03
Mar 2022,SOM,15737178,Banadir,first projection,2022-03-01,2022-03-31,5,0,0
Mar 2022,SOM,15737178,Banadir,second projection,2022-04-01,2022-06-30,all,2683312,1.0
Mar 2022,SOM,15737178,Banadir,second projection,2022-04-01,2022-06-30,3+,764100,0.28
Mar 2022,SOM,15737178,Banadir,second projection,2022-04-01,2022-06-30,1,1292152,0.48
Mar 2022,SOM,15737178,Banadir,second projection,2022-04-01,2022-06-30,2,627060,0.23
Mar 2022,SOM,15737178,Banadir,second projection,2022-04-01,2022-06-30,3,583300,0.22
Mar 2022,SOM,15737178,Banadir,second projection,2022-04-01,2022-06-30,4,180800,0.07
Mar 2022,SOM,15737178,Banadir,second projection,2022-04-01,2022-06-30,5,0,0
Mar 2022,SOM,15737178,Bari,first projection,2022-03-01,2022-03-31,all,1042591,1.0
Mar 2022,SOM,15737178,Bari,first projection,2022-03-01,2022-03-31,3+,198780,0.19
Mar 2022,SOM,15737178,Bari,first projection,2022-03-01,2022-03-31,1,604241,0.58
Mar 2022,SOM,15737178,Bari,first projection,2022-03-01,2022-03-31,2,239570,0.23
Mar 2022,SOM,15737178,Bari,first projection,2022-03-01,2022-03-31,3,143070,0.14
Mar 2022,SOM,15737178,Bari,first projection,2022-03-01,2022-03-31,4,55710,0.05
Mar 2022,SOM,15737178,Bari,first projection,2022-03-01,2022-03-31,5,0,0
Mar 2022,SOM,15737178,Bari,second projection,2022-04-01,2022-06-30,all,1042591,1.0
Mar 2022,SOM,15737178,Bari,second projection,2022-04-01,2022-06-30,3+,230390,0.22
Mar 2022,SOM,15737178,Bari,second projection,2022-04-01,2022-06-30,1,532321,0.51
Mar 2022,SOM,15737178,Bari,second projection,2022-04-01,2022-06-30,2,279880,0.27
Mar 2022,SOM,15737178,Bari,second projection,2022-04-01,2022-06-30,3,163290,0.16
Mar 2022,SOM,15737178,Bari,second projection,2022-04-01,2022-06-30,4,67100,0.06
Mar 2022,SOM,15737178,Bari,second projection,2022-04-01,2022-06-30,5,0,0
Mar 2022,SOM,15737178,Bay,first projection,2022-03-01,2022-03-31,all,1055913,1.0
Mar 2022,SOM,15737178,Bay,first projection,2022-03-01,2022-03-31,3+,474090,0.45
Mar 2022,SOM,15737178,Bay,first projection,2022-03-01,2022-03-31,1,331683,0.31
Mar 2022,SOM,15737178,Bay,first projection,2022-03-01,2022-03-31,2,250140,0.24
Mar 2022,SOM,15737178,Bay,first projection,2022-03-01,2022-03-31,3,305300,0.29
Mar 2022,SOM,15737178,Bay,first projection,2022-03-01,2022-03-31,4,168790,0.16
Mar 2022,SOM,15737178,Bay,first projection,2022-03-01,2022-03-31,5,0,0
Mar 2022,SOM,15737178,Bay,second projection,2022-04-01,2022-06-30,all,1055913,1.0
Mar 2022,SOM,15737178,Bay,second projection,2022-04-01,2022-06-30,3+,642880,0.61
Mar 2022,SOM,15737178,Bay,second projection,2022-04-01,2022-06-30,1,217313,0.21
Mar 2022,SOM,15737178,Bay,second projection,2022-04-01,2022-06-30,2,195720,0.19
Mar 2022,SOM,15737178,Bay,second projection,2022-04-01,2022-06-30,3,385280,0.36
Mar 2022,SOM,15737178,Bay,second projection,2022-04-01,2022-06-30,4,233090,0.22
Mar 2022,SOM,15737178,Bay,second projection,2022-04-01,2022-06-30,5,24510,0.02
Mar 2022,SOM,15737178,Galgaduud,first projection,2022-03-01,2022-03-31,all,687573,1.0
Mar 2022,SOM,15737178,Galgaduud,first projection,2022-03-01,2022-03-31,3+,256800,0.37
Mar 2022,SOM,15737178,Galgaduud,first projection,2022-03-01,2022-03-31,1,264843,0.39
Mar 2022,SOM,15737178,Galgaduud,first projection,2022-03-01,2022-03-31,2,165930,0.24
Mar 2022,SOM,15737178,Galgaduud,first projection,2022-03-01,2022-03-31,3,188160,0.27
Mar 2022,SOM,15737178,Galgaduud,first projection,2022-03-01,2022-03-31,4,68640,0.1
Mar 2022,SOM,15737178,Galgaduud,first projection,2022-03-01,2022-03-31,5,0,0
Mar 2022,SOM,15737178,Galgaduud,second projection,2022-04-01,2022-06-30,all,687573,1.0
Mar 2022,SOM,15737178,Galgaduud,second projection,2022-04-01,2022-06-30,3+,327690,0.48
Mar 2022,SOM,15737178,Galgaduud,second projection,2022-04-01,2022-06-30,1,226493,0.33
Mar 2022,SOM,15737178,Galgaduud,second projection,2022-04-01,2022-06-30,2,133390,0.19
Mar 2022,SOM,15737178,Galgaduud,second projection,2022-04-01,2022-06-30,3,213370,0.31
Mar 2022,SOM,15737178,Galgaduud,second projection,2022-04-01,2022-06-30,4,95130,0.14
Mar 2022,SOM,15737178,Galgaduud,second projection,2022-04-01,2022-06-30,5,19190,0.03
Mar 2022,SOM,15737178,Gedo,first projection,2022-03-01,2022-03-31,all,736704,1.0
Mar 2022,SOM,15737178,Gedo,first projection,2022-03-01,2022-03-31,3+,285890,0.39
Mar 2022,SOM,15737178,Gedo,first projection,2022-03-01,2022-03-31,1,226804,0.31
Mar 2022,SOM,15737178,Gedo,first projection,2022-03-01,2022-03-31,2,224010,0.3
Mar 2022,SOM,15737178,Gedo,first projection,2022-03-01,2022-03-31,3,204870,0.28
Mar 2022,SOM,15737178,Gedo,first projection,2022-03-01,2022-03-31,4,81020,0.11
Mar 2022,SOM,15737178,Gedo,first projection,2022-03-01,2022-03-31,5,0,0
Mar 2022,SOM,15737178,Gedo,second projection,2022-04-01,2022-06-30,all,736704,1.0
Mar 2022,SOM,15737178,Gedo,second projection,2022-04-01,2022-06-30,3+,336520,0.46
Mar 2022,SOM,15737178,Gedo,second projection,2022-04-01,2022-06-30,1,173304,0.23
Mar 2022,SOM,15737178,Gedo,second projection,2022-04-01,2022-06-30,2,226880,0.31
Mar 2022,SOM,15737178,Gedo,second projection,2022-04-01,2022-06-30,3,226730,0.31
Mar 2022,SOM,15737178,Gedo,second projection,2022-04-01,2022-06-30,4,109790,0.15
Mar 2022,SOM,15737178,Gedo,second projection,2022-04-01,2022-06-30,5,0,0
Mar 2022,SOM,15737178,Hiraan,first projection,2022-03-01,2022-03-31,all,427124,1.0
Mar 2022,SOM,15737178,Hiraan,first projection,2022-03-01,2022-03-31,3+,145180,0.34
Mar 2022,SOM,15737178,Hiraan,first projection,2022-03-01,2022-03-31,1,176754,0.41
Mar 2022,SOM,15737178,Hiraan,first projection,2022-03-01,2022-03-31,2,105190,0.25
Mar 2022,SOM,15737178,Hiraan,first projection,2022-03-01,2022-03-31,3,104390,0.24
Mar 2022,SOM,15737178,Hiraan,first projection,2022-03-01,2022-03-31,4,40790,0.1
Mar 2022,SOM,15737178,Hiraan,first projection,2022-03-01,2022-03-31,5,0,0
Mar 2022,SOM,15737178,Hiraan,second projection,2022-04-01,2022-06-30,all,427124,1.0
Mar 2022,SOM,15737178,Hiraan,second projection,2022-04-01,2022-06-30,3+,185910,0.44
Mar 2022,SOM,15737178,Hiraan,second projection,2022-04-01,2022-06-30,1,137304,0.33
Mar 2022,SOM,15737178,Hiraan,second projection,2022-04-01,2022-06-30,2,103910,0.24
Mar 2022,SOM,15737178,Hiraan,second projection,2022-04-01,2022-06-30,3,116550,0.27
Mar 2022,SOM,15737178,Hiraan,second projection,2022-04-01,2022-06-30,4,67450,0.16
Mar 2022,SOM,15737178,Hiraan,second projection,2022-04-01,2022-06-30,5,1910,0
Mar 2022,SOM,15737178,Middle Juba,first projection,2022-03-01,2022-03-31,all,363930,1.0
Mar 2022,SOM,15737178,Middle Juba,first projection,2022-03-01,2022-03-31,3+,149760,0.41
Mar 2022,SOM,15737178,Middle Juba,first projection,2022-03-01,2022-03-31,1,120430,0.33
Mar 2022,SOM,15737178,Middle Juba,first projection,2022-03-01,2022-03-31,2,93740,0.26
Mar 2022,SOM,15737178,Middle Juba,first projection,2022-03-01,2022-03-31,3,106010,0.29
Mar 2022,SOM,15737178,Middle Juba,first projection,2022-03-01,2022-03-31,4,43750,0.12
Mar 2022,SOM,15737178,Middle Juba,first projection,2022-03-01,2022-03-31,5,0,0
Mar 2022,SOM,15737178,Middle Juba,second projection,2022-04-01,2022-06-30,all,363930,1.0
Mar 2022,SOM,15737178,Middle Juba,second projection,2022-04-01,2022-06-30,3+,174500,0.48
Mar 2022,SOM,15737178,Middle Juba,second projection,2022-04-01,2022-06-30,1,90300,0.25
Mar 2022,SOM,15737178,Middle Juba,second projection,2022-04-01,2022-06-30,2,99130,0.27
Mar 2022,SOM,15737178,Middle Juba,second projection,2022-04-01,2022-06-30,3,120460,0.33
Mar 2022,SOM,15737178,Middle Juba,second projection,2022-04-01,2022-06-30,4,54040,0.15
Mar 2022,SOM,15737178,Middle Juba,second projection,2022-04-01,2022-06-30,5,0,0
Mar 2022,SOM,15737178,Lower Juba,first projection,2022-03-01,2022-03-31,all,979998,1.0
Mar 2022,SOM,15737178,Lower Juba,first projection,2022-03-01,2022-03-31,3+,396090,0.4
Mar 2022,SOM,15737178,Lower Juba,first projection,2022-03-01,2022-03-31,1,333768,0.34
Mar 2022,SOM,15737178,Lower Juba,first projection,2022-03-01,2022-03-31,2,250140,0.26
Mar 2022,SOM,15737178,Lower Juba,first projection,2022-03-01,2022-03-31,3,281870,0.29
Mar 2022,SOM,15737178,Lower Juba,first projection,2022-03-01,2022-03-31,4,114220,0.12
Mar 2022,SOM,15737178,Lower Juba,first projection,2022-03-01,2022-03-31,5,0,0
Mar 2022,SOM,15737178,Lower Juba,second projection,2022-04-01,2022-06-30,all,979998,1.0
Mar 2022,SOM,15737178,Lower Juba,second projection,2022-04-01,2022-06-30,3+,463660,0.47
Mar 2022,SOM,15737178,Lower Juba,second projection,2022-04-01,2022-06-30,1,257538,0.27
Mar 2022,SOM,15737178,Lower Juba,second projection,2022-04-01,2022-06-30,2,258800,0.26
Mar 2022,SOM,15737178,Lower Juba,second projection,2022-04-01,2022-06-30,3,313720,0.32
Mar 2022,SOM,15737178,Lower Juba,second projection,2022-04-01,2022-06-30,4,149940,0.15
Mar 2022,SOM,15737178,Lower Juba,second projection,2022-04-01,2022-06-30,5,0,0
Mar 2022,SOM,15737178,Mudug,first projection,2022-03-01,2022-03-31,all,1243526,1.0
Mar 2022,SOM,15737178,Mudug,first projection,2022-03-01,2022-03-31,3+,489900,0.39
Mar 2022,SOM,15737178,Mudug,first projection,2022-03-01,2022-03-31,1,348336,0.28
Mar 2022,SOM,15737178,Mudug,first projection,2022-03-01,2022-03-31,2,405290,0.33
Mar 2022,SOM,15737178,Mudug,first projection,2022-03-01,2022-03-31,3,375490,0.3
Mar 2022,SOM,15737178,Mudug,first projection,2022-03-01,2022-03-31,4,114410,0.09
Mar 2022,SOM,15737178,Mudug,first projection,2022-03-01,2022-03-31,5,0,0
Mar 2022,SOM,15737178,Mudug,second projection,2022-04-01,2022-06-30,all,1243526,1.0
Mar 2022,SOM,15737178,Mudug,second projection,2022-04-01,2022-06-30,3+,643430,0.52
Mar 2022,SOM,15737178,Mudug,second projection,2022-04-01,2022-06-30,1,251496,0.2
Mar 2022,SOM,15737178,Mudug,second projection,2022-04-01,2022-06-30,2,348600,0.28
Mar 2022,SOM,15737178,Mudug,second projection,2022-04-01,2022-06-30,3,430960,0.35
Mar 2022,SOM,15737178,Mudug,second projection,2022-04-01,2022-06-30,4,189210,0.15
Mar 2022,SOM,15737178,Mudug,second projection,2022-04-01,2022-06-30,5,23260,0.02
Mar 2022,SOM,15737178,Nugaal,first projection,2022-03-01,2022-03-31,all,534573,1.0
Mar 2022,SOM,15737178,Nugaal,first projection,2022-03-01,2022-03-31,3+,199190,0.37
Mar 2022,SOM,15737178,Nugaal,first projection,2022-03-01,2022-03-31,1,179593,0.34
Mar 2022,SOM,15737178,Nugaal,first projection,2022-03-01,2022-03-31,2,155790,0.29
Mar 2022,SOM,15737178,Nugaal,first projection,2022-03-01,2022-03-31,3,141740,0.27
Mar 2022,SOM,15737178,Nugaal,first projection,2022-03-01,2022-03-31,4,57450,0.11
Mar 2022,SOM,15737178,Nugaal,first projection,2022-03-01,2022-03-31,5,0,0
Mar 2022,SOM,15737178,Nugaal,second projection,2022-04-01,2022-06-30,all,534573,1.0
Mar 2022,SOM,15737178,Nugaal,second projection,2022-04-01,2022-06-30,3+,258250,0.48
Mar 2022,SOM,15737178,Nugaal,second projection,2022-04-01,2022-06-30,1,145733,0.28
Mar 2022,SOM,15737178,Nugaal,second projection,2022-04-01,2022-06-30,2,130590,0.24
Mar 2022,SOM,15737178,Nugaal,second projection,2022-04-01,2022-06-30,3,170850,0.32
Mar 2022,SOM,15737178,Nugaal,second projection,2022-04-01,2022-06-30,4,85370,0.16
Mar 2022,SOM,15737178,Nugaal,second projection,2022-04-01,2022-06-30,5,2030,0
Mar 2022,SOM,15737178,Middle Shabelle,first projection,2022-03-01,2022-03-31,all,855895,1.0
Mar 2022,SOM,15737178,Middle Shabelle,first projection,2022-03-01,2022-03-31,3+,227740,0.27
Mar 2022,SOM,15737178,Middle Shabelle,first projection,2022-03-01,2022-03-31,1,418945,0.49
Mar 2022,SOM,15737178,Middle Shabelle,first projection,2022-03-01,2022-03-31,2,209210,0.24
Mar 2022,SOM,15737178,Middle Shabelle,first projection,2022-03-01,2022-03-31,3,175780,0.21
Mar 2022,SOM,15737178,Middle Shabelle,first projection,2022-03-01,2022-03-31,4,51960,0.06
Mar 2022,SOM,15737178,Middle Shabelle,first projection,2022-03-01,2022-03-31,5,0,0
Mar 2022,SOM,15737178,Middle Shabelle,second projection,2022-04-01,2022-06-30,all,855895,1.0
Mar 2022,SOM,15737178,Middle Shabelle,second projection,2022-04-01,2022-06-30,3+,277590,0.32
Mar 2022,SOM,15737178,Middle Shabelle,second projection,2022-04-01,2022-06-30,1,351205,0.4
Mar 2022,SOM,15737178,Middle Shabelle,second projection,2022-04-01,2022-06-30,2,227100,0.27
Mar 2022,SOM,15737178,Middle Shabelle,second projection,2022-04-01,2022-06-30,3,194500,0.23
Mar 2022,SOM,15737178,Middle Shabelle,second projection,2022-04-01,2022-06-30,4,83090,0.1
Mar 2022,SOM,15737178,Middle Shabelle,second projection,2022-04-01,2022-06-30,5,0,0
Mar 2022,SOM,15737178,Lower Shabelle,first projection,2022-03-01,2022-03-31,all,1347934,1.0
Mar 2022,SOM,15737178,Lower Shabelle,first projection,2022-03-01,2022-03-31,3+,287860,0.21
Mar 2022,SOM,15737178,Lower Shabelle,first projection,2022-03-01,2022-03-31,1,766254,0.57
Mar 2022,SOM,15737178,Lower Shabelle,first projection,2022-03-01,2022-03-31,2,293820,0.22
Mar 2022,SOM,15737178,Lower Shabelle,first projection,2022-03-01,2022-03-31,3,244910,0.18
Mar 2022,SOM,15737178,Lower Shabelle,first projection,2022-03-01,2022-03-31,4,42950,0.03
Mar 2022,SOM,15737178,Lower Shabelle,first projection,2022-03-01,2022-03-31,5,0,0
Mar 2022,SOM,15737178,Lower Shabelle,second projection,2022-04-01,2022-06-30,all,1347934,1.0
Mar 2022,SOM,15737178,Lower Shabelle,second projection,2022-04-01,2022-06-30,3+,331630,0.25
Mar 2022,SOM,15737178,Lower Shabelle,second projection,2022-04-01,2022-06-30,1,676554,0.51
Mar 2022,SOM,15737178,Lower Shabelle,second projection,2022-04-01,2022-06-30,2,339750,0.25
Mar 2022,SOM,15737178,Lower Shabelle,second projection,2022-04-01,2022-06-30,3,247700,0.18
Mar 2022,SOM,15737178,Lower Shabelle,second projection,2022-04-01,2022-06-30,4,83930,0.06
Mar 2022,SOM,15737178,Lower Shabelle,second projection,2022-04-01,2022-06-30,5,0,0
Mar 2022,SOM,15737178,Sool,first projection,2022-03-01,2022-03-31,all,464487,1.0
Mar 2022,SOM,15737178,Sool,first projection,2022-03-01,2022-03-31,3+,195090,0.42
Mar 2022,SOM,15737178,Sool,first projection,2022-03-01,2022-03-31,1,172307,0.37
Mar 2022,SOM,15737178,Sool,first projection,2022-03-01,2022-03-31,2,97090,0.21
Mar 2022,SOM,15737178,Sool,first projection,2022-03-01,2022-03-31,3,140870,0.3
Mar 2022,SOM,15737178,Sool,first projection,2022-03-01,2022-03-31,4,54220,0.12
Mar 2022,SOM,15737178,Sool,first projection,2022-03-01,2022-03-31,5,0,0
Mar 2022,SOM,15737178,Sool,second projection,2022-04-01,2022-06-30,all,464487,1.0
Mar 2022,SOM,15737178,Sool,second projection,2022-04-01,2022-06-30,3+,229760,0.49
Mar 2022,SOM,15737178,Sool,second projection,2022-04-01,2022-06-30,1,137917,0.29
Mar 2022,SOM,15737178,Sool,second projection,2022-04-01,2022-06-30,2,96810,0.21
Mar 2022,SOM,15737178,Sool,second projection,2022-04-01,2022-06-30,3,161600,0.35
Mar 2022,SOM,15737178,Sool,second projection,2022-04-01,2022-06-30,4,68160,0.15
Mar 2022,SOM,15737178,Sool,second projection,2022-04-01,2022-06-30,5,0,0
Mar 2022,SOM,15737178,Togdheer,first projection,2022-03-01,2022-03-31,all,728224,1.0
Mar 2022,SOM,15737178,Togdheer,first projection,2022-03-01,2022-03-31,3+,220750,0.3
Mar 2022,SOM,15737178,Togdheer,first projection,2022-03-01,2022-03-31,1,333794,0.46
Mar 2022,SOM,15737178,Togdheer,first projection,2022-03-01,2022-03-31,2,173680,0.24
Mar 2022,SOM,15737178,Togdheer,first projection,2022-03-01,2022-03-31,3,172140,0.24
Mar 2022,SOM,15737178,Togdheer,first projection,2022-03-01,2022-03-31,4,48610,0.07
Mar 2022,SOM,15737178,Togdheer,first projection,2022-03-01,2022-03-31,5,0,0
Mar 2022,SOM,15737178,Togdheer,second projection,2022-04-01,2022-06-30,all,728224,1.0
Mar 2022,SOM,15737178,Togdheer,second projection,2022-04-01,2022-06-30,3+,269240,0.37
Mar 2022,SOM,15737178,Togdheer,second projection,2022-04-01,2022-06-30,1,289444,0.4
Mar 2022,SOM,15737178,Togdheer,second projection,2022-04-01,2022-06-30,2,169540,0.23
Mar 2022,SOM,15737178,Togdheer,second projection,2022-04-01,2022-06-30,3,202150,0.28
Mar 2022,SOM,15737178,Togdheer,second projection,2022-04-01,2022-06-30,4,67090,0.09
Mar 2022,SOM,15737178,Togdheer,second projection,2022-04-01,2022-06-30,5,0,0
Mar 2022,SOM,15737178,Woqooyi galbeed,first projection,2022-03-01,2022-03-31,all,1224715,1.0
Mar 2022,SOM,15737178,Woqooyi galbeed,first projection,2022-03-01,2022-03-31,3+,267040,0.22
Mar 2022,SOM,15737178,Woqooyi galbeed,first projection,2022-03-01,2022-03-31,1,627425,0.51
Mar 2022,SOM,15737178,Woqooyi galbeed,first projection,2022-03-01,2022-03-31,2,330250,0.27
Mar 2022,SOM,15737178,Woqooyi galbeed,first projection,2022-03-01,2022-03-31,3,213540,0.17
Mar 2022,SOM,15737178,Woqooyi galbeed,first projection,2022-03-01,2022-03-31,4,53500,0.04
Mar 2022,SOM,15737178,Woqooyi galbeed,first projection,2022-03-01,2022-03-31,5,0,0
Mar 2022,SOM,15737178,Woqooyi galbeed,second projection,2022-04-01,2022-06-30,all,1224715,1.0
Mar 2022,SOM,15737178,Woqooyi galbeed,second projection,2022-04-01,2022-06-30,3+,379540,0.31
Mar 2022,SOM,15737178,Woqooyi galbeed,second projection,2022-04-01,2022-06-30,1,509245,0.42
Mar 2022,SOM,15737178,Woqooyi galbeed,second projection,2022-04-01,2022-06-30,2,335930,0.27
Mar 2022,SOM,15737178,Woqooyi galbeed,second projection,2022-04-01,2022-06-30,3,314040,0.26
Mar 2022,SOM,15737178,Woqooyi galbeed,second projection,2022-04-01,2022-06-30,4,65500,0.05
Mar 2022,SOM,15737178,Woqooyi galbeed,second projection,2022-04-01,2022-06-30,5,0,0
Jan 2022,SOM,15737178,Bay,current,2022-01-01,2022-01-31,all,1055913,1.0
Jan 2022,SOM,15737178,Bay,current,2022-01-01,2022-01-31,3+,203880,0.19
Jan 2022,SOM,15737178,Bay,current,2022-01-01,2022-01-31,1,626683,0.6
Jan 2022,SOM,15737178,Bay,current,2022-01-01,2022-01-31,2,225350,0.21
Jan 2022,SOM,15737178,Bay,current,2022-01-01,2022-01-31,3,188220,0.18
Jan 2022,SOM,15737178,Bay,current,2022-01-01,2022-01-31,4,15660,0.01
Jan 2022,SOM,15737178,Bay,current,2022-01-01,2022-01-31,5,0,0
Jan 2022,SOM,15737178,Bay,first projection,2022-02-01,2022-03-31,all,1055913,1.0
Jan 2022,SOM,15737178,Bay,first projection,2022-02-01,2022-03-31,3+,341220,0.33
Jan 2022,SOM,15737178,Bay,first projection,2022-02-01,2022-03-31,1,489163,0.46
Jan 2022,SOM,15737178,Bay,first projection,2022-02-01,2022-03-31,2,225530,0.21
Jan 2022,SOM,15737178,Bay,first projection,2022-02-01,2022-03-31,3,293240,0.28
Jan 2022,SOM,15737178,Bay,first projection,2022-02-01,2022-03-31,4,47980,0.05
Jan 2022,SOM,15737178,Bay,first projection,2022-02-01,2022-03-31,5,0,0
Jan 2022,SOM,15737178,Bay,second projection,2022-04-01,2022-06-30,all,1055913,1.0
Jan 2022,SOM,15737178,Bay,second projection,2022-04-01,2022-06-30,3+,319140,0.3
Jan 2022,SOM,15737178,Bay,second projection,2022-04-01,2022-06-30,1,511243,0.49
Jan 2022,SOM,15737178,Bay,second projection,2022-04-01,2022-06-30,2,225530,0.21
Jan 2022,SOM,15737178,Bay,second projection,2022-04-01,2022-06-30,3,279710,0.26
Jan 2022,SOM,15737178,Bay,second projection,2022-04-01,2022-06-30,4,39430,0.04
Jan 2022,SOM,15737178,Bay,second projection,2022-04-01,2022-06-30,5,0,0
Jan 2022,SOM,15737178,Togdheer,current,2022-01-01,2022-01-31,all,728224,1.0
Jan 2022,SOM,15737178,Togdheer,current,2022-01-01,2022-01-31,3+,106960,0.14
Jan 2022,SOM,15737178,Togdheer,current,2022-01-01,2022-01-31,1,477824,0.66
Jan 2022,SOM,15737178,Togdheer,current,2022-01-01,2022-01-31,2,143440,0.2
Jan 2022,SOM,15737178,Togdheer,current,2022-01-01,2022-01-31,3,89930,0.12
Jan 2022,SOM,15737178,Togdheer,current,2022-01-01,2022-01-31,4,17030,0.02
Jan 2022,SOM,15737178,Togdheer,current,2022-01-01,2022-01-31,5,0,0
Jan 2022,SOM,15737178,Togdheer,first projection,2022-02-01,2022-03-31,all,728224,1.0
Jan 2022,SOM,15737178,Togdheer,first projection,2022-02-01,2022-03-31,3+,176300,0.24
Jan 2022,SOM,15737178,Togdheer,first projection,2022-02-01,2022-03-31,1,399224,0.55
Jan 2022,SOM,15737178,Togdheer,first projection,2022-02-01,2022-03-31,2,152700,0.21
Jan 2022,SOM,15737178,Togdheer,first projection,2022-02-01,2022-03-31,3,145390,0.2
Jan 2022,SOM,15737178,Togdheer,first projection,2022-02-01,2022-03-31,4,30910,0.04
Jan 2022,SOM,15737178,Togdheer,first projection,2022-02-01,2022-03-31,5,0,0
Jan 2022,SOM,15737178,Togdheer,second projection,2022-04-01,2022-06-30,all,728224,1.0
Jan 2022,SOM,15737178,Togdheer,second projection,2022-04-01,2022-06-30,3+,176330,0.25
Jan 2022,SOM,15737178,Togdheer,second projection,2022-04-01,2022-06-30,1,393264,0.53
Jan 2022,SOM,15737178,Togdheer,second projection,2022-04-01,2022-06-30,2,158630,0.22
Jan 2022,SOM,15737178,Togdheer,second projection,2022-04-01,2022-06-30,3,150070,0.21
Jan 2022,SOM,15737178,Togdheer,second projection,2022-04-01,2022-06-30,4,26260,0.04
Jan 2022,SOM,15737178,Togdheer,second projection,2022-04-01,2022-06-30,5,0,0
Jan 2022,SOM,15737178,Woqooyi galbeed,current,2022-01-01,2022-01-31,all,1224715,1.0
Jan 2022,SOM,15737178,Woqooyi galbeed,current,2022-01-01,2022-01-31,3+,110870,0.09
Jan 2022,SOM,15737178,Woqooyi galbeed,current,2022-01-01,2022-01-31,1,833545,0.68
Jan 2022,SOM,15737178,Woqooyi galbeed,current,2022-01-01,2022-01-31,2,280300,0.23
Jan 2022,SOM,15737178,Woqooyi galbeed,current,2022-01-01,2022-01-31,3,97340,0.08
Jan 2022,SOM,15737178,Woqooyi galbeed,current,2022-01-01,2022-01-31,4,13530,0.01
Jan 2022,SOM,15737178,Woqooyi galbeed,current,2022-01-01,2022-01-31,5,0,0
Jan 2022,SOM,15737178,Woqooyi galbeed,first projection,2022-02-01,2022-03-31,all,1224715,1.0
Jan 2022,SOM,15737178,Woqooyi galbeed,first projection,2022-02-01,2022-03-31,3+,258330,0.21
Jan 2022,SOM,15737178,Woqooyi galbeed,first projection,2022-02-01,2022-03-31,1,670505,0.55
Jan 2022,SOM,15737178,Woqooyi galbeed,first projection,2022-02-01,2022-03-31,2,295880,0.24
Jan 2022,SOM,15737178,Woqooyi galbeed,first projection,2022-02-01,2022-03-31,3,223800,0.18
Jan 2022,SOM,15737178,Woqooyi galbeed,first projection,2022-02-01,2022-03-31,4,34530,0.03
Jan 2022,SOM,15737178,Woqooyi galbeed,first projection,2022-02-01,2022-03-31,5,0,0
Jan 2022,SOM,15737178,Woqooyi galbeed,second projection,2022-04-01,2022-06-30,all,1224715,1.0
Jan 2022,SOM,15737178,Woqooyi galbeed,second projection,2022-04-01,2022-06-30,3+,259830,0.22
Jan 2022,SOM,15737178,Woqooyi galbeed,second projection,2022-04-01,2022-06-30,1,662745,0.53
Jan 2022,SOM,15737178,Woqooyi galbeed,second projection,2022-04-01,2022-06-30,2,302140,0.25
Jan 2022,SOM,15737178,Woqooyi galbeed,second projection,2022-04-01,2022-06-30,3,228840,0.19
Jan 2022,SOM,15737178,Woqooyi galbeed,second projection,2022-04-01,2022-06-30,4,30990,0.03
Jan 2022,SOM,15737178,Woqooyi galbeed,second projection,2022-04-01,2022-06-30,5,0,0
Jan 2022,SOM,15737178,Middle Shabelle,current,2022-01-01,2022-01-31,all,855895,1.0
Jan 2022,SOM,15737178,Middle Shabelle,current,2022-01-01,2022-01-31,3+,92510,0.11
Jan 2022,SOM,15737178,Middle Shabelle,current,2022-01-01,2022-01-31,1,598755,0.71
Jan 2022,SOM,15737178,Middle Shabelle,current,2022-01-01,2022-01-31,2,164630,0.19
Jan 2022,SOM,15737178,Middle Shabelle,current,2022-01-01,2022-01-31,3,80620,0.09
Jan 2022,SOM,15737178,Middle Shabelle,current,2022-01-01,2022-01-31,4,11890,0.01
Jan 2022,SOM,15737178,Middle Shabelle,current,2022-01-01,2022-01-31,5,0,0
Jan 2022,SOM,15737178,Middle Shabelle,first projection,2022-02-01,2022-03-31,all,855895,1.0
Jan 2022,SOM,15737178,Middle Shabelle,first projection,2022-02-01,2022-03-31,3+,189340,0.22
Jan 2022,SOM,15737178,Middle Shabelle,first projection,2022-02-01,2022-03-31,1,499755,0.59
Jan 2022,SOM,15737178,Middle Shabelle,first projection,2022-02-01,2022-03-31,2,166800,0.19
Jan 2022,SOM,15737178,Middle Shabelle,first projection,2022-02-01,2022-03-31,3,157750,0.18
Jan 2022,SOM,15737178,Middle Shabelle,first projection,2022-02-01,2022-03-31,4,31590,0.04
Jan 2022,SOM,15737178,Middle Shabelle,first projection,2022-02-01,2022-03-31,5,0,0
Jan 2022,SOM,15737178,Middle Shabelle,second projection,2022-04-01,2022-06-30,all,855895,1.0
Jan 2022,SOM,15737178,Middle Shabelle,second projection,2022-04-01,2022-06-30,3+,178830,0.21
Jan 2022,SOM,15737178,Middle Shabelle,second projection,2022-04-01,2022-06-30,1,503055,0.59
Jan 2022,SOM,15737178,Middle Shabelle,second projection,2022-04-01,2022-06-30,2,174010,0.2
Jan 2022,SOM,15737178,Middle Shabelle,second projection,2022-04-01,2022-06-30,3,156960,0.18
Jan 2022,SOM,15737178,Middle Shabelle,second projection,2022-04-01,2022-06-30,4,21870,0.03
Jan 2022,SOM,15737178,Middle Shabelle,second projection,2022-04-01,2022-06-30,5,0,0
Jan 2022,SOM,15737178,Galgaduud,current,2022-01-01,2022-01-31,all,687573,1.0
Jan 2022,SOM,15737178,Galgaduud,current,2022-01-01,2022-01-31,3+,153910,0.22
Jan 2022,SOM,15737178,Galgaduud,current,2022-01-01,2022-01-31,1,386303,0.57
Jan 2022,SOM,15737178,Galgaduud,current,2022-01-01,2022-01-31,2,147360,0.21
Jan 2022,SOM,15737178,Galgaduud,current,2022-01-01,2022-01-31,3,138390,0.2
Jan 2022,SOM,15737178,Galgaduud,current,2022-01-01,2022-01-31,4,15520,0.02
Jan 2022,SOM,15737178,Galgaduud,current,2022-01-01,2022-01-31,5,0,0
Jan 2022,SOM,15737178,Galgaduud,first projection,2022-02-01,2022-03-31,all,687573,1.0
Jan 2022,SOM,15737178,Galgaduud,first projection,2022-02-01,2022-03-31,3+,225670,0.33
Jan 2022,SOM,15737178,Galgaduud,first projection,2022-02-01,2022-03-31,1,311803,0.45
Jan 2022,SOM,15737178,Galgaduud,first projection,2022-02-01,2022-03-31,2,150100,0.22
Jan 2022,SOM,15737178,Galgaduud,first projection,2022-02-01,2022-03-31,3,193330,0.28
Jan 2022,SOM,15737178,Galgaduud,first projection,2022-02-01,2022-03-31,4,32340,0.05
Jan 2022,SOM,15737178,Galgaduud,first projection,2022-02-01,2022-03-31,5,0,0
Jan 2022,SOM,15737178,Galgaduud,second projection,2022-04-01,2022-06-30,all,687573,1.0
Jan 2022,SOM,15737178,Galgaduud,second projection,2022-04-01,2022-06-30,3+,229590,0.33
Jan 2022,SOM,15737178,Galgaduud,second projection,2022-04-01,2022-06-30,1,295053,0.43
Jan 2022,SOM,15737178,Galgaduud,second projection,2022-04-01,2022-06-30,2,162930,0.24
Jan 2022,SOM,15737178,Galgaduud,second projection,2022-04-01,2022-06-30,3,206350,0.3
Jan 2022,SOM,15737178,Galgaduud,second projection,2022-04-01,2022-06-30,4,23240,0.03
Jan 2022,SOM,15737178,Galgaduud,second projection,2022-04-01,2022-06-30,5,0,0
Jan 2022,SOM,15737178,Awdal,current,2022-01-01,2022-01-31,all,538209,1.0
Jan 2022,SOM,15737178,Awdal,current,2022-01-01,2022-01-31,3+,46350,0.08
Jan 2022,SOM,15737178,Awdal,current,2022-01-01,2022-01-31,1,372789,0.7
Jan 2022,SOM,15737178,Awdal,current,2022-01-01,2022-01-31,2,119070,0.22
Jan 2022,SOM,15737178,Awdal,current,2022-01-01,2022-01-31,3,40310,0.07
Jan 2022,SOM,15737178,Awdal,current,2022-01-01,2022-01-31,4,6040,0.01
Jan 2022,SOM,15737178,Awdal,current,2022-01-01,2022-01-31,5,0,0
Jan 2022,SOM,15737178,Awdal,first projection,2022-02-01,2022-03-31,all,538209,1.0
Jan 2022,SOM,15737178,Awdal,first projection,2022-02-01,2022-03-31,3+,108960,0.21
Jan 2022,SOM,15737178,Awdal,first projection,2022-02-01,2022-03-31,1,299789,0.55
Jan 2022,SOM,15737178,Awdal,first projection,2022-02-01,2022-03-31,2,129460,0.24
Jan 2022,SOM,15737178,Awdal,first projection,2022-02-01,2022-03-31,3,94550,0.18
Jan 2022,SOM,15737178,Awdal,first projection,2022-02-01,2022-03-31,4,14410,0.03
Jan 2022,SOM,15737178,Awdal,first projection,2022-02-01,2022-03-31,5,0,0
Jan 2022,SOM,15737178,Awdal,second projection,2022-04-01,2022-06-30,all,538209,1.0
Jan 2022,SOM,15737178,Awdal,second projection,2022-04-01,2022-06-30,3+,113580,0.21
Jan 2022,SOM,15737178,Awdal,second projection,2022-04-01,2022-06-30,1,290549,0.54
Jan 2022,SOM,15737178,Awdal,second projection,2022-04-01,2022-06-30,2,134080,0.25
Jan 2022,SOM,15737178,Awdal,second projection,2022-04-01,2022-06-30,3,99170,0.18
Jan 2022,SOM,15737178,Awdal,second projection,2022-04-01,2022-06-30,4,14410,0.03
Jan 2022,SOM,15737178,Awdal,second projection,2022-04-01,2022-06-30,5,0,0
Jan 2022,SOM,15737178,Sanaag,current,2022-01-01,2022-01-31,all,362723,1.0
Jan 2022,SOM,15737178,Sanaag,current,2022-01-01,2022-01-31,3+,91370,0.25
Jan 2022,SOM,15737178,Sanaag,current,2022-01-01,2022-01-31,1,206193,0.57
Jan 2022,SOM,15737178,Sanaag,current,2022-01-01,2022-01-31,2,65160,0.18
Jan 2022,SOM,15737178,Sanaag,current,2022-01-01,2022-01-31,3,64880,0.18
Jan 2022,SOM,15737178,Sanaag,current,2022-01-01,2022-01-31,4,26490,0.07
Jan 2022,SOM,15737178,Sanaag,current,2022-01-01,2022-01-31,5,0,0
Jan 2022,SOM,15737178,Sanaag,first projection,2022-02-01,2022-03-31,all,362723,1.0
Jan 2022,SOM,15737178,Sanaag,first projection,2022-02-01,2022-03-31,3+,141140,0.39
Jan 2022,SOM,15737178,Sanaag,first projection,2022-02-01,2022-03-31,1,147023,0.4
Jan 2022,SOM,15737178,Sanaag,first projection,2022-02-01,2022-03-31,2,74560,0.21
Jan 2022,SOM,15737178,Sanaag,first projection,2022-02-01,2022-03-31,3,105040,0.29
Jan 2022,SOM,15737178,Sanaag,first projection,2022-02-01,2022-03-31,4,36100,0.1
Jan 2022,SOM,15737178,Sanaag,first projection,2022-02-01,2022-03-31,5,0,0
Jan 2022,SOM,15737178,Sanaag,second projection,2022-04-01,2022-06-30,all,362723,1.0
Jan 2022,SOM,15737178,Sanaag,second projection,2022-04-01,2022-06-30,3+,148890,0.41
Jan 2022,SOM,15737178,Sanaag,second projection,2022-04-01,2022-06-30,1,127013,0.35
Jan 2022,SOM,15737178,Sanaag,second projection,2022-04-01,2022-06-30,2,86820,0.24
Jan 2022,SOM,15737178,Sanaag,second projection,2022-04-01,2022-06-30,3,117290,0.32
Jan 2022,SOM,15737178,Sanaag,second projection,2022-04-01,2022-06-30,4,31600,0.09
Jan 2022,SOM,15737178,Sanaag,second projection,2022-04-01,2022-06-30,5,0,0
Jan 2022,SOM,15737178,Middle Juba,current,2022-01-01,2022-01-31,all,363930,1.0
Jan 2022,SOM,15737178,Middle Juba,current,2022-01-01,2022-01-31,3+,79890,0.22
Jan 2022,SOM,15737178,Middle Juba,current,2022-01-01,2022-01-31,1,198570,0.55
Jan 2022,SOM,15737178,Middle Juba,current,2022-01-01,2022-01-31,2,85470,0.23
Jan 2022,SOM,15737178,Middle Juba,current,2022-01-01,2022-01-31,3,64190,0.18
Jan 2022,SOM,15737178,Middle Juba,current,2022-01-01,2022-01-31,4,15700,0.04
Jan 2022,SOM,15737178,Middle Juba,current,2022-01-01,2022-01-31,5,0,0
Jan 2022,SOM,15737178,Middle Juba,first projection,2022-02-01,2022-03-31,all,363930,1.0
Jan 2022,SOM,15737178,Middle Juba,first projection,2022-02-01,2022-03-31,3+,125830,0.34
Jan 2022,SOM,15737178,Middle Juba,first projection,2022-02-01,2022-03-31,1,151590,0.42
Jan 2022,SOM,15737178,Middle Juba,first projection,2022-02-01,2022-03-31,2,86510,0.24
Jan 2022,SOM,15737178,Middle Juba,first projection,2022-02-01,2022-03-31,3,99250,0.27
Jan 2022,SOM,15737178,Middle Juba,first projection,2022-02-01,2022-03-31,4,26580,0.07
Jan 2022,SOM,15737178,Middle Juba,first projection,2022-02-01,2022-03-31,5,0,0
Jan 2022,SOM,15737178,Middle Juba,second projection,2022-04-01,2022-06-30,all,363930,1.0
Jan 2022,SOM,15737178,Middle Juba,second projection,2022-04-01,2022-06-30,3+,120070,0.33
Jan 2022,SOM,15737178,Middle Juba,second projection,2022-04-01,2022-06-30,1,154050,0.42
Jan 2022,SOM,15737178,Middle Juba,second projection,2022-04-01,2022-06-30,2,89810,0.25
Jan 2022,SOM,15737178,Middle Juba,second projection,2022-04-01,2022-06-30,3,101790,0.28
Jan 2022,SOM,15737178,Middle Juba,second projection,2022-04-01,2022-06-30,4,18280,0.05
Jan 2022,SOM,15737178,Middle Juba,second projection,2022-04-01,2022-06-30,5,0,0
Jan 2022,SOM,15737178,Lower Juba,current,2022-01-01,2022-01-31,all,979998,1.0
Jan 2022,SOM,15737178,Lower Juba,current,2022-01-01,2022-01-31,3+,233330,0.24
Jan 2022,SOM,15737178,Lower Juba,current,2022-01-01,2022-01-31,1,506838,0.52
Jan 2022,SOM,15737178,Lower Juba,current,2022-01-01,2022-01-31,2,239830,0.24
Jan 2022,SOM,15737178,Lower Juba,current,2022-01-01,2022-01-31,3,191390,0.2
Jan 2022,SOM,15737178,Lower Juba,current,2022-01-01,2022-01-31,4,41940,0.04
Jan 2022,SOM,15737178,Lower Juba,current,2022-01-01,2022-01-31,5,0,0
Jan 2022,SOM,15737178,Lower Juba,first projection,2022-02-01,2022-03-31,all,979998,1.0
Jan 2022,SOM,15737178,Lower Juba,first projection,2022-02-01,2022-03-31,3+,355060,0.36
Jan 2022,SOM,15737178,Lower Juba,first projection,2022-02-01,2022-03-31,1,382108,0.39
Jan 2022,SOM,15737178,Lower Juba,first projection,2022-02-01,2022-03-31,2,242830,0.25
Jan 2022,SOM,15737178,Lower Juba,first projection,2022-02-01,2022-03-31,3,284420,0.29
Jan 2022,SOM,15737178,Lower Juba,first projection,2022-02-01,2022-03-31,4,70640,0.07
Jan 2022,SOM,15737178,Lower Juba,first projection,2022-02-01,2022-03-31,5,0,0
Jan 2022,SOM,15737178,Lower Juba,second projection,2022-04-01,2022-06-30,all,979998,1.0
Jan 2022,SOM,15737178,Lower Juba,second projection,2022-04-01,2022-06-30,3+,357550,0.36
Jan 2022,SOM,15737178,Lower Juba,second projection,2022-04-01,2022-06-30,1,366118,0.38
Jan 2022,SOM,15737178,Lower Juba,second projection,2022-04-01,2022-06-30,2,256330,0.26
Jan 2022,SOM,15737178,Lower Juba,second projection,2022-04-01,2022-06-30,3,298050,0.3
Jan 2022,SOM,15737178,Lower Juba,second projection,2022-04-01,2022-06-30,4,59500,0.06
Jan 2022,SOM,15737178,Lower Juba,second projection,2022-04-01,2022-06-30,5,0,0
Jan 2022,SOM,15737178,Bari,current,2022-01-01,2022-01-31,all,1042591,1.0
Jan 2022,SOM,15737178,Bari,current,2022-01-01,2022-01-31,3+,157570,0.15
Jan 2022,SOM,15737178,Bari,current,2022-01-01,2022-01-31,1,690111,0.66
Jan 2022,SOM,15737178,Bari,current,2022-01-01,2022-01-31,2,194910,0.19
Jan 2022,SOM,15737178,Bari,current,2022-01-01,2022-01-31,3,112010,0.11
Jan 2022,SOM,15737178,Bari,current,2022-01-01,2022-01-31,4,45560,0.04
Jan 2022,SOM,15737178,Bari,current,2022-01-01,2022-01-31,5,0,0
Jan 2022,SOM,15737178,Bari,first projection,2022-02-01,2022-03-31,all,1042591,1.0
Jan 2022,SOM,15737178,Bari,first projection,2022-02-01,2022-03-31,3+,186230,0.18
Jan 2022,SOM,15737178,Bari,first projection,2022-02-01,2022-03-31,1,649081,0.62
Jan 2022,SOM,15737178,Bari,first projection,2022-02-01,2022-03-31,2,207280,0.2
Jan 2022,SOM,15737178,Bari,first projection,2022-02-01,2022-03-31,3,138700,0.13
Jan 2022,SOM,15737178,Bari,first projection,2022-02-01,2022-03-31,4,47530,0.05
Jan 2022,SOM,15737178,Bari,first projection,2022-02-01,2022-03-31,5,0,0
Jan 2022,SOM,15737178,Bari,second projection,2022-04-01,2022-06-30,all,1042591,1.0
Jan 2022,SOM,15737178,Bari,second projection,2022-04-01,2022-06-30,3+,182670,0.17
Jan 2022,SOM,15737178,Bari,second projection,2022-04-01,2022-06-30,1,640661,0.62
Jan 2022,SOM,15737178,Bari,second projection,2022-04-01,2022-06-30,2,219260,0.21
Jan 2022,SOM,15737178,Bari,second projection,2022-04-01,2022-06-30,3,135810,0.13
Jan 2022,SOM,15737178,Bari,second projection,2022-04-01,2022-06-30,4,46860,0.04
Jan 2022,SOM,15737178,Bari,second projection,2022-04-01,2022-06-30,5,0,0
Jan 2022,SOM,15737178,Bakool,current,2022-01-01,2022-01-31,all,459747,1.0
Jan 2022,SOM,15737178,Bakool,current,2022-01-01,2022-01-31,3+,97550,0.21
Jan 2022,SOM,15737178,Bakool,current,2022-01-01,2022-01-31,1,248147,0.54
Jan 2022,SOM,15737178,Bakool,current,2022-01-01,2022-01-31,2,114050,0.25
Jan 2022,SOM,15737178,Bakool,current,2022-01-01,2022-01-31,3,74390,0.16
Jan 2022,SOM,15737178,Bakool,current,2022-01-01,2022-01-31,4,23160,0.05
Jan 2022,SOM,15737178,Bakool,current,2022-01-01,2022-01-31,5,0,0
Jan 2022,SOM,15737178,Bakool,first projection,2022-02-01,2022-03-31,all,459747,1.0
Jan 2022,SOM,15737178,Bakool,first projection,2022-02-01,2022-03-31,3+,147350,0.32
Jan 2022,SOM,15737178,Bakool,first projection,2022-02-01,2022-03-31,1,197647,0.43
Jan 2022,SOM,15737178,Bakool,first projection,2022-02-01,2022-03-31,2,114750,0.25
Jan 2022,SOM,15737178,Bakool,first projection,2022-02-01,2022-03-31,3,113570,0.25
Jan 2022,SOM,15737178,Bakool,first projection,2022-02-01,2022-03-31,4,33780,0.07
Jan 2022,SOM,15737178,Bakool,first projection,2022-02-01,2022-03-31,5,0,0
Jan 2022,SOM,15737178,Bakool,second projection,2022-04-01,2022-06-30,all,459747,1.0
Jan 2022,SOM,15737178,Bakool,second projection,2022-04-01,2022-06-30,3+,142670,0.31
Jan 2022,SOM,15737178,Bakool,second projection,2022-04-01,2022-06-30,1,198407,0.43
Jan 2022,SOM,15737178,Bakool,second projection,2022-04-01,2022-06-30,2,118670,0.26
Jan 2022,SOM,15737178,Bakool,second projection,2022-04-01,2022-06-30,3,113570,0.25
Jan 2022,SOM,15737178,Bakool,second projection,2022-04-01,2022-06-30,4,29100,0.06
Jan 2022,SOM,15737178,Bakool,second projection,2022-04-01,2022-06-30,5,0,0
Jan 2022,SOM,15737178,Sool,current,2022-01-01,2022-01-31,all,464487,1.0
Jan 2022,SOM,15737178,Sool,current,2022-01-01,2022-01-31,3+,104100,0.23
Jan 2022,SOM,15737178,Sool,current,2022-01-01,2022-01-31,1,283997,0.61
Jan 2022,SOM,15737178,Sool,current,2022-01-01,2022-01-31,2,76390,0.16
Jan 2022,SOM,15737178,Sool,current,2022-01-01,2022-01-31,3,72700,0.16
Jan 2022,SOM,15737178,Sool,current,2022-01-01,2022-01-31,4,31400,0.07
Jan 2022,SOM,15737178,Sool,current,2022-01-01,2022-01-31,5,0,0
Jan 2022,SOM,15737178,Sool,first projection,2022-02-01,2022-03-31,all,464487,1.0
Jan 2022,SOM,15737178,Sool,first projection,2022-02-01,2022-03-31,3+,173100,0.37
Jan 2022,SOM,15737178,Sool,first projection,2022-02-01,2022-03-31,1,199737,0.43
Jan 2022,SOM,15737178,Sool,first projection,2022-02-01,2022-03-31,2,91650,0.2
Jan 2022,SOM,15737178,Sool,first projection,2022-02-01,2022-03-31,3,125130,0.27
Jan 2022,SOM,15737178,Sool,first projection,2022-02-01,2022-03-31,4,47970,0.1
Jan 2022,SOM,15737178,Sool,first projection,2022-02-01,2022-03-31,5,0,0
Jan 2022,SOM,15737178,Sool,second projection,2022-04-01,2022-06-30,all,464487,1.0
Jan 2022,SOM,15737178,Sool,second projection,2022-04-01,2022-06-30,3+,180090,0.39
Jan 2022,SOM,15737178,Sool,second projection,2022-04-01,2022-06-30,1,182307,0.39
Jan 2022,SOM,15737178,Sool,second projection,2022-04-01,2022-06-30,2,102090,0.22
Jan 2022,SOM,15737178,Sool,second projection,2022-04-01,2022-06-30,3,135940,0.29
Jan 2022,SOM,15737178,Sool,second projection,2022-04-01,2022-06-30,4,44150,0.1
Jan 2022,SOM,15737178,Sool,second projection,2022-04-01,2022-06-30,5,0,0
Jan 2022,SOM,15737178,Mudug,current,2022-01-01,2022-01-31,all,1243526,1.0
Jan 2022,SOM,15737178,Mudug,current,2022-01-01,2022-01-31,3+,284160,0.22
Jan 2022,SOM,15737178,Mudug,current,2022-01-01,2022-01-31,1,560536,0.46
Jan 2022,SOM,15737178,Mudug,current,2022-01-01,2022-01-31,2,398830,0.32
Jan 2022,SOM,15737178,Mudug,current,2022-01-01,2022-01-31,3,254450,0.2
Jan 2022,SOM,15737178,Mudug,current,2022-01-01,2022-01-31,4,29710,0.02
Jan 2022,SOM,15737178,Mudug,current,2022-01-01,2022-01-31,5,0,0
Jan 2022,SOM,15737178,Mudug,first projection,2022-02-01,2022-03-31,all,1243526,1.0
Jan 2022,SOM,15737178,Mudug,first projection,2022-02-01,2022-03-31,3+,446540,0.36
Jan 2022,SOM,15737178,Mudug,first projection,2022-02-01,2022-03-31,1,389806,0.31
Jan 2022,SOM,15737178,Mudug,first projection,2022-02-01,2022-03-31,2,407180,0.33
Jan 2022,SOM,15737178,Mudug,first projection,2022-02-01,2022-03-31,3,387130,0.31
Jan 2022,SOM,15737178,Mudug,first projection,2022-02-01,2022-03-31,4,59410,0.05
Jan 2022,SOM,15737178,Mudug,first projection,2022-02-01,2022-03-31,5,0,0
Jan 2022,SOM,15737178,Mudug,second projection,2022-04-01,2022-06-30,all,1243526,1.0
Jan 2022,SOM,15737178,Mudug,second projection,2022-04-01,2022-06-30,3+,459500,0.37
Jan 2022,SOM,15737178,Mudug,second projection,2022-04-01,2022-06-30,1,354626,0.28
Jan 2022,SOM,15737178,Mudug,second projection,2022-04-01,2022-06-30,2,429400,0.35
Jan 2022,SOM,15737178,Mudug,second projection,2022-04-01,2022-06-30,3,409360,0.33
Jan 2022,SOM,15737178,Mudug,second projection,2022-04-01,2022-06-30,4,50140,0.04
Jan 2022,SOM,15737178,Mudug,second projection,2022-04-01,2022-06-30,5,0,0
Jan 2022,SOM,15737178,Nugaal,current,2022-01-01,2022-01-31,all,534573,1.0
Jan 2022,SOM,15737178,Nugaal,current,2022-01-01,2022-01-31,3+,112730,0.21
Jan 2022,SOM,15737178,Nugaal,current,2022-01-01,2022-01-31,1,275203,0.52
Jan 2022,SOM,15737178,Nugaal,current,2022-01-01,2022-01-31,2,146640,0.27
Jan 2022,SOM,15737178,Nugaal,current,2022-01-01,2022-01-31,3,84640,0.16
Jan 2022,SOM,15737178,Nugaal,current,2022-01-01,2022-01-31,4,28090,0.05
Jan 2022,SOM,15737178,Nugaal,current,2022-01-01,2022-01-31,5,0,0
Jan 2022,SOM,15737178,Nugaal,first projection,2022-02-01,2022-03-31,all,534573,1.0
Jan 2022,SOM,15737178,Nugaal,first projection,2022-02-01,2022-03-31,3+,192580,0.36
Jan 2022,SOM,15737178,Nugaal,first projection,2022-02-01,2022-03-31,1,185993,0.35
Jan 2022,SOM,15737178,Nugaal,first projection,2022-02-01,2022-03-31,2,156000,0.29
Jan 2022,SOM,15737178,Nugaal,first projection,2022-02-01,2022-03-31,3,147660,0.28
Jan 2022,SOM,15737178,Nugaal,first projection,2022-02-01,2022-03-31,4,44920,0.08
Jan 2022,SOM,15737178,Nugaal,first projection,2022-02-01,2022-03-31,5,0,0
Jan 2022,SOM,15737178,Nugaal,second projection,2022-04-01,2022-06-30,all,534573,1.0
Jan 2022,SOM,15737178,Nugaal,second projection,2022-04-01,2022-06-30,3+,176390,0.33
Jan 2022,SOM,15737178,Nugaal,second projection,2022-04-01,2022-06-30,1,186733,0.35
Jan 2022,SOM,15737178,Nugaal,second projection,2022-04-01,2022-06-30,2,171450,0.32
Jan 2022,SOM,15737178,Nugaal,second projection,2022-04-01,2022-06-30,3,137030,0.26
Jan 2022,SOM,15737178,Nugaal,second projection,2022-04-01,2022-06-30,4,39360,0.07
Jan 2022,SOM,15737178,Nugaal,second projection,2022-04-01,2022-06-30,5,0,0
Jan 2022,SOM,15737178,Gedo,current,2022-01-01,2022-01-31,all,736704,1.0
Jan 2022,SOM,15737178,Gedo,current,2022-01-01,2022-01-31,3+,103270,0.14
Jan 2022,SOM,15737178,Gedo,current,2022-01-01,2022-01-31,1,433884,0.59
Jan 2022,SOM,15737178,Gedo,current,2022-01-01,2022-01-31,2,199550,0.27
Jan 2022,SOM,15737178,Gedo,current,2022-01-01,2022-01-31,3,97230,0.13
Jan 2022,SOM,15737178,Gedo,current,2022-01-01,2022-01-31,4,6040,0.01
Jan 2022,SOM,15737178,Gedo,current,2022-01-01,2022-01-31,5,0,0
Jan 2022,SOM,15737178,Gedo,first projection,2022-02-01,2022-03-31,all,736704,1.0
Jan 2022,SOM,15737178,Gedo,first projection,2022-02-01,2022-03-31,3+,221730,0.3
Jan 2022,SOM,15737178,Gedo,first projection,2022-02-01,2022-03-31,1,298674,0.41
Jan 2022,SOM,15737178,Gedo,first projection,2022-02-01,2022-03-31,2,216300,0.29
Jan 2022,SOM,15737178,Gedo,first projection,2022-02-01,2022-03-31,3,185860,0.25
Jan 2022,SOM,15737178,Gedo,first projection,2022-02-01,2022-03-31,4,35870,0.05
Jan 2022,SOM,15737178,Gedo,first projection,2022-02-01,2022-03-31,5,0,0
Jan 2022,SOM,15737178,Gedo,second projection,2022-04-01,2022-06-30,all,736704,1.0
Jan 2022,SOM,15737178,Gedo,second projection,2022-04-01,2022-06-30,3+,242120,0.33
Jan 2022,SOM,15737178,Gedo,second projection,2022-04-01,2022-06-30,1,266864,0.36
Jan 2022,SOM,15737178,Gedo,second projection,2022-04-01,2022-06-30,2,227720,0.31
Jan 2022,SOM,15737178,Gedo,second projection,2022-04-01,2022-06-30,3,196610,0.27
Jan 2022,SOM,15737178,Gedo,second projection,2022-04-01,2022-06-30,4,45510,0.06
Jan 2022,SOM,15737178,Gedo,second projection,2022-04-01,2022-06-30,5,0,0
Jan 2022,SOM,15737178,Lower Shabelle,current,2022-01-01,2022-01-31,all,1347934,1.0
Jan 2022,SOM,15737178,Lower Shabelle,current,2022-01-01,2022-01-31,3+,116970,0.09
Jan 2022,SOM,15737178,Lower Shabelle,current,2022-01-01,2022-01-31,1,968744,0.72
Jan 2022,SOM,15737178,Lower Shabelle,current,2022-01-01,2022-01-31,2,262220,0.19
Jan 2022,SOM,15737178,Lower Shabelle,current,2022-01-01,2022-01-31,3,95940,0.07
Jan 2022,SOM,15737178,Lower Shabelle,current,2022-01-01,2022-01-31,4,21030,0.02
Jan 2022,SOM,15737178,Lower Shabelle,current,2022-01-01,2022-01-31,5,0,0
Jan 2022,SOM,15737178,Lower Shabelle,first projection,2022-02-01,2022-03-31,all,1347934,1.0
Jan 2022,SOM,15737178,Lower Shabelle,first projection,2022-02-01,2022-03-31,3+,208430,0.15
Jan 2022,SOM,15737178,Lower Shabelle,first projection,2022-02-01,2022-03-31,1,876874,0.65
Jan 2022,SOM,15737178,Lower Shabelle,first projection,2022-02-01,2022-03-31,2,262630,0.19
Jan 2022,SOM,15737178,Lower Shabelle,first projection,2022-02-01,2022-03-31,3,187000,0.14
Jan 2022,SOM,15737178,Lower Shabelle,first projection,2022-02-01,2022-03-31,4,21430,0.02
Jan 2022,SOM,15737178,Lower Shabelle,first projection,2022-02-01,2022-03-31,5,0,0
Jan 2022,SOM,15737178,Lower Shabelle,second projection,2022-04-01,2022-06-30,all,1347934,1.0
Jan 2022,SOM,15737178,Lower Shabelle,second projection,2022-04-01,2022-06-30,3+,205220,0.15
Jan 2022,SOM,15737178,Lower Shabelle,second projection,2022-04-01,2022-06-30,1,879684,0.65
Jan 2022,SOM,15737178,Lower Shabelle,second projection,2022-04-01,2022-06-30,2,263030,0.2
Jan 2022,SOM,15737178,Lower Shabelle,second projection,2022-04-01,2022-06-30,3,202030,0.15
Jan 2022,SOM,15737178,Lower Shabelle,second projection,2022-04-01,2022-06-30,4,3190,0
Jan 2022,SOM,15737178,Lower Shabelle,second projection,2022-04-01,2022-06-30,5,0,0
Jan 2022,SOM,15737178,Hiraan,current,2022-01-01,2022-01-31,all,427124,1.0
Jan 2022,SOM,15737178,Hiraan,current,2022-01-01,2022-01-31,3+,71510,0.17
Jan 2022,SOM,15737178,Hiraan,current,2022-01-01,2022-01-31,1,270534,0.63
Jan 2022,SOM,15737178,Hiraan,current,2022-01-01,2022-01-31,2,85080,0.2
Jan 2022,SOM,15737178,Hiraan,current,2022-01-01,2022-01-31,3,54520,0.13
Jan 2022,SOM,15737178,Hiraan,current,2022-01-01,2022-01-31,4,16990,0.04
Jan 2022,SOM,15737178,Hiraan,current,2022-01-01,2022-01-31,5,0,0
Jan 2022,SOM,15737178,Hiraan,first projection,2022-02-01,2022-03-31,all,427124,1.0
Jan 2022,SOM,15737178,Hiraan,first projection,2022-02-01,2022-03-31,3+,116240,0.27
Jan 2022,SOM,15737178,Hiraan,first projection,2022-02-01,2022-03-31,1,218084,0.51
Jan 2022,SOM,15737178,Hiraan,first projection,2022-02-01,2022-03-31,2,92800,0.22
Jan 2022,SOM,15737178,Hiraan,first projection,2022-02-01,2022-03-31,3,93430,0.22
Jan 2022,SOM,15737178,Hiraan,first projection,2022-02-01,2022-03-31,4,22810,0.05
Jan 2022,SOM,15737178,Hiraan,first projection,2022-02-01,2022-03-31,5,0,0
Jan 2022,SOM,15737178,Hiraan,second projection,2022-04-01,2022-06-30,all,427124,1.0
Jan 2022,SOM,15737178,Hiraan,second projection,2022-04-01,2022-06-30,3+,113050,0.27
Jan 2022,SOM,15737178,Hiraan,second projection,2022-04-01,2022-06-30,1,215254,0.5
Jan 2022,SOM,15737178,Hiraan,second projection,2022-04-01,2022-06-30,2,98820,0.23
Jan 2022,SOM,15737178,Hiraan,second projection,2022-04-01,2022-06-30,3,96600,0.23
Jan 2022,SOM,15737178,Hiraan,second projection,2022-04-01,2022-06-30,4,16450,0.04
Jan 2022,SOM,15737178,Hiraan,second projection,2022-04-01,2022-06-30,5,0,0
Jan 2022,SOM,15737178,Banadir,current,2022-01-01,2022-01-31,all,2683312,1.0
Jan 2022,SOM,15737178,Banadir,current,2022-01-01,2022-01-31,3+,269770,0.1
Jan 2022,SOM,15737178,Banadir,current,2022-01-01,2022-01-31,1,1920642,0.72
Jan 2022,SOM,15737178,Banadir,current,2022-01-01,2022-01-31,2,492900,0.18
Jan 2022,SOM,15737178,Banadir,current,2022-01-01,2022-01-31,3,224570,0.08
Jan 2022,SOM,15737178,Banadir,current,2022-01-01,2022-01-31,4,45200,0.02
Jan 2022,SOM,15737178,Banadir,current,2022-01-01,2022-01-31,5,0,0
Jan 2022,SOM,15737178,Banadir,first projection,2022-02-01,2022-03-31,all,2683312,1.0
Jan 2022,SOM,15737178,Banadir,first projection,2022-02-01,2022-03-31,3+,538100,0.2
Jan 2022,SOM,15737178,Banadir,first projection,2022-02-01,2022-03-31,1,1652312,0.62
Jan 2022,SOM,15737178,Banadir,first projection,2022-02-01,2022-03-31,2,492900,0.18
Jan 2022,SOM,15737178,Banadir,first projection,2022-02-01,2022-03-31,3,492900,0.18
Jan 2022,SOM,15737178,Banadir,first projection,2022-02-01,2022-03-31,4,45200,0.02
Jan 2022,SOM,15737178,Banadir,first projection,2022-02-01,2022-03-31,5,0,0
Jan 2022,SOM,15737178,Banadir,second projection,2022-04-01,2022-06-30,all,2683312,1.0
Jan 2022,SOM,15737178,Banadir,second projection,2022-04-01,2022-06-30,3+,538100,0.2
Jan 2022,SOM,15737178,Banadir,second projection,2022-04-01,2022-06-30,1,1652312,0.62
Jan 2022,SOM,15737178,Banadir,second projection,2022-04-01,2022-06-30,2,492900,0.18
Jan 2022,SOM,15737178,Banadir,second projection,2022-04-01,2022-06-30,3,492900,0.18
Jan 2022,SOM,15737178,Banadir,second projection,2022-04-01,2022-06-30,4,45200,0.02
Jan 2022,SOM,15737178,Banadir,second projection,2022-04-01,2022-06-30,5,0,0
Aug 2021,SOM,15737176,Woqooyi galbeed,current,2021-07-01,2021-09-30,all,1224715,1.0
Aug 2021,SOM,15737176,Woqooyi galbeed,current,2021-07-01,2021-09-30,3+,138410,0.11
Aug 2021,SOM,15737176,Woqooyi galbeed,current,2021-07-01,2021-09-30,1,835855,0.68
Aug 2021,SOM,15737176,Woqooyi galbeed,current,2021-07-01,2021-09-30,2,250450,0.2
Aug 2021,SOM,15737176,Woqooyi galbeed,current,2021-07-01,2021-09-30,3,82710,0.07
Aug 2021,SOM,15737176,Woqooyi galbeed,current,2021-07-01,2021-09-30,4,55700,0.05
Aug 2021,SOM,15737176,Woqooyi galbeed,current,2021-07-01,2021-09-30,5,0,0
Aug 2021,SOM,15737176,Woqooyi galbeed,first projection,2021-10-01,2021-12-31,all,1224715,1.0
Aug 2021,SOM,15737176,Woqooyi galbeed,first projection,2021-10-01,2021-12-31,3+,203900,0.17
Aug 2021,SOM,15737176,Woqooyi galbeed,first projection,2021-10-01,2021-12-31,1,751405,0.61
Aug 2021,SOM,15737176,Woqooyi galbeed,first projection,2021-10-01,2021-12-31,2,269410,0.22
Aug 2021,SOM,15737176,Woqooyi galbeed,first projection,2021-10-01,2021-12-31,3,141570,0.12
Aug 2021,SOM,15737176,Woqooyi galbeed,first projection,2021-10-01,2021-12-31,4,62330,0.05
Aug 2021,SOM,15737176,Woqooyi galbeed,first projection,2021-10-01,2021-12-31,5,0,0
Aug 2021,SOM,15737176,Togdheer,current,2021-07-01,2021-09-30,all,728224,1.0
Aug 2021,SOM,15737176,Togdheer,current,2021-07-01,2021-09-30,3+,229920,0.32
Aug 2021,SOM,15737176,Togdheer,current,2021-07-01,2021-09-30,1,327484,0.45
Aug 2021,SOM,15737176,Togdheer,current,2021-07-01,2021-09-30,2,170820,0.23
Aug 2021,SOM,15737176,Togdheer,current,2021-07-01,2021-09-30,3,169820,0.23
Aug 2021,SOM,15737176,Togdheer,current,2021-07-01,2021-09-30,4,60100,0.08
Aug 2021,SOM,15737176,Togdheer,current,2021-07-01,2021-09-30,5,0,0
Aug 2021,SOM,15737176,Togdheer,first projection,2021-10-01,2021-12-31,all,728224,1.0
Aug 2021,SOM,15737176,Togdheer,first projection,2021-10-01,2021-12-31,3+,263030,0.36
Aug 2021,SOM,15737176,Togdheer,first projection,2021-10-01,2021-12-31,1,284594,0.39
Aug 2021,SOM,15737176,Togdheer,first projection,2021-10-01,2021-12-31,2,180600,0.25
Aug 2021,SOM,15737176,Togdheer,first projection,2021-10-01,2021-12-31,3,175600,0.24
Aug 2021,SOM,15737176,Togdheer,first projection,2021-10-01,2021-12-31,4,87430,0.12
Aug 2021,SOM,15737176,Togdheer,first projection,2021-10-01,2021-12-31,5,0,0
Aug 2021,SOM,15737176,Sool,current,2021-07-01,2021-09-30,all,464487,1.0
Aug 2021,SOM,15737176,Sool,current,2021-07-01,2021-09-30,3+,92460,0.2
Aug 2021,SOM,15737176,Sool,current,2021-07-01,2021-09-30,1,263517,0.57
Aug 2021,SOM,15737176,Sool,current,2021-07-01,2021-09-30,2,108510,0.23
Aug 2021,SOM,15737176,Sool,current,2021-07-01,2021-09-30,3,70200,0.15
Aug 2021,SOM,15737176,Sool,current,2021-07-01,2021-09-30,4,22260,0.05
Aug 2021,SOM,15737176,Sool,current,2021-07-01,2021-09-30,5,0,0
Aug 2021,SOM,15737176,Sool,first projection,2021-10-01,2021-12-31,all,464487,1.0
Aug 2021,SOM,15737176,Sool,first projection,2021-10-01,2021-12-31,3+,103950,0.22
Aug 2021,SOM,15737176,Sool,first projection,2021-10-01,2021-12-31,1,241197,0.52
Aug 2021,SOM,15737176,Sool,first projection,2021-10-01,2021-12-31,2,119340,0.26
Aug 2021,SOM,15737176,Sool,first projection,2021-10-01,2021-12-31,3,81690,0.18
Aug 2021,SOM,15737176,Sool,first projection,2021-10-01,2021-12-31,4,22260,0.05
Aug 2021,SOM,15737176,Sool,first projection,2021-10-01,2021-12-31,5,0,0
Aug 2021,SOM,15737176,Shabelle hoose,current,2021-07-01,2021-09-30,all,362723,1.0
Aug 2021,SOM,15737176,Shabelle hoose,current,2021-07-01,2021-09-30,3+,67140,0.19
Aug 2021,SOM,15737176,Shabelle hoose,current,2021-07-01,2021-09-30,1,223943,0.62
Aug 2021,SOM,15737176,Shabelle hoose,current,2021-07-01,2021-09-30,2,71640,0.2
Aug 2021,SOM,15737176,Shabelle hoose,current,2021-07-01,2021-09-30,3,57570,0.16
Aug 2021,SOM,15737176,Shabelle hoose,current,2021-07-01,2021-09-30,4,9570,0.03
Aug 2021,SOM,15737176,Shabelle hoose,current,2021-07-01,2021-09-30,5,0,0
Aug 2021,SOM,15737176,Shabelle hoose,first projection,2021-10-01,2021-12-31,all,362723,1.0
Aug 2021,SOM,15737176,Shabelle hoose,first projection,2021-10-01,2021-12-31,3+,117210,0.32
Aug 2021,SOM,15737176,Shabelle hoose,first projection,2021-10-01,2021-12-31,1,161243,0.44
Aug 2021,SOM,15737176,Shabelle hoose,first projection,2021-10-01,2021-12-31,2,84270,0.23
Aug 2021,SOM,15737176,Shabelle hoose,first projection,2021-10-01,2021-12-31,3,94640,0.26
Aug 2021,SOM,15737176,Shabelle hoose,first projection,2021-10-01,2021-12-31,4,22570,0.06
Aug 2021,SOM,15737176,Shabelle hoose,first projection,2021-10-01,2021-12-31,5,0,0
Aug 2021,SOM,15737176,Shabelle dhexe,current,2021-07-01,2021-09-30,all,534573,1.0
Aug 2021,SOM,15737176,Shabelle dhexe,current,2021-07-01,2021-09-30,3+,82920,0.16
Aug 2021,SOM,15737176,Shabelle dhexe,current,2021-07-01,2021-09-30,1,300893,0.56
Aug 2021,SOM,15737176,Shabelle dhexe,current,2021-07-01,2021-09-30,2,150760,0.28
Aug 2021,SOM,15737176,Shabelle dhexe,current,2021-07-01,2021-09-30,3,76710,0.14
Aug 2021,SOM,15737176,Shabelle dhexe,current,2021-07-01,2021-09-30,4,6210,0.01
Aug 2021,SOM,15737176,Shabelle dhexe,current,2021-07-01,2021-09-30,5,0,0
Aug 2021,SOM,15737176,Shabelle dhexe,first projection,2021-10-01,2021-12-31,all,534573,1.0
Aug 2021,SOM,15737176,Shabelle dhexe,first projection,2021-10-01,2021-12-31,3+,103100,0.19
Aug 2021,SOM,15737176,Shabelle dhexe,first projection,2021-10-01,2021-12-31,1,278423,0.52
Aug 2021,SOM,15737176,Shabelle dhexe,first projection,2021-10-01,2021-12-31,2,153050,0.29
Aug 2021,SOM,15737176,Shabelle dhexe,first projection,2021-10-01,2021-12-31,3,95460,0.18
Aug 2021,SOM,15737176,Shabelle dhexe,first projection,2021-10-01,2021-12-31,4,7640,0.01
Aug 2021,SOM,15737176,Shabelle dhexe,first projection,2021-10-01,2021-12-31,5,0,0
Aug 2021,SOM,15737176,Sanaag,current,2021-07-01,2021-09-30,all,1243526,1.0
Aug 2021,SOM,15737176,Sanaag,current,2021-07-01,2021-09-30,3+,187640,0.15
Aug 2021,SOM,15737176,Sanaag,current,2021-07-01,2021-09-30,1,734116,0.59
Aug 2021,SOM,15737176,Sanaag,current,2021-07-01,2021-09-30,2,321770,0.26
Aug 2021,SOM,15737176,Sanaag,current,2021-07-01,2021-09-30,3,179970,0.14
Aug 2021,SOM,15737176,Sanaag,current,2021-07-01,2021-09-30,4,7670,0.01
Aug 2021,SOM,15737176,Sanaag,current,2021-07-01,2021-09-30,5,0,0
Aug 2021,SOM,15737176,Sanaag,first projection,2021-10-01,2021-12-31,all,1243526,1.0
Aug 2021,SOM,15737176,Sanaag,first projection,2021-10-01,2021-12-31,3+,256070,0.21
Aug 2021,SOM,15737176,Sanaag,first projection,2021-10-01,2021-12-31,1,623836,0.5
Aug 2021,SOM,15737176,Sanaag,first projection,2021-10-01,2021-12-31,2,363620,0.29
Aug 2021,SOM,15737176,Sanaag,first projection,2021-10-01,2021-12-31,3,234980,0.19
Aug 2021,SOM,15737176,Sanaag,first projection,2021-10-01,2021-12-31,4,21090,0.02
Aug 2021,SOM,15737176,Sanaag,first projection,2021-10-01,2021-12-31,5,0,0
Aug 2021,SOM,15737176,Nugaal,current,2021-07-01,2021-09-30,all,855895,1.0
Aug 2021,SOM,15737176,Nugaal,current,2021-07-01,2021-09-30,3+,131420,0.15
Aug 2021,SOM,15737176,Nugaal,current,2021-07-01,2021-09-30,1,590525,0.69
Aug 2021,SOM,15737176,Nugaal,current,2021-07-01,2021-09-30,2,133950,0.16
Aug 2021,SOM,15737176,Nugaal,current,2021-07-01,2021-09-30,3,113560,0.13
Aug 2021,SOM,15737176,Nugaal,current,2021-07-01,2021-09-30,4,17860,0.02
Aug 2021,SOM,15737176,Nugaal,current,2021-07-01,2021-09-30,5,0,0
Aug 2021,SOM,15737176,Nugaal,first projection,2021-10-01,2021-12-31,all,855895,1.0
Aug 2021,SOM,15737176,Nugaal,first projection,2021-10-01,2021-12-31,3+,230180,0.27
Aug 2021,SOM,15737176,Nugaal,first projection,2021-10-01,2021-12-31,1,483865,0.57
Aug 2021,SOM,15737176,Nugaal,first projection,2021-10-01,2021-12-31,2,141850,0.17
Aug 2021,SOM,15737176,Nugaal,first projection,2021-10-01,2021-12-31,3,182220,0.21
Aug 2021,SOM,15737176,Nugaal,first projection,2021-10-01,2021-12-31,4,47960,0.06
Aug 2021,SOM,15737176,Nugaal,first projection,2021-10-01,2021-12-31,5,0,0
Aug 2021,SOM,15737176,Mudug,current,2021-07-01,2021-09-30,all,363930,1.0
Aug 2021,SOM,15737176,Mudug,current,2021-07-01,2021-09-30,3+,52070,0.14
Aug 2021,SOM,15737176,Mudug,current,2021-07-01,2021-09-30,1,236160,0.65
Aug 2021,SOM,15737176,Mudug,current,2021-07-01,2021-09-30,2,75700,0.21
Aug 2021,SOM,15737176,Mudug,current,2021-07-01,2021-09-30,3,46840,0.13
Aug 2021,SOM,15737176,Mudug,current,2021-07-01,2021-09-30,4,5230,0.01
Aug 2021,SOM,15737176,Mudug,current,2021-07-01,2021-09-30,5,0,0
Aug 2021,SOM,15737176,Mudug,first projection,2021-10-01,2021-12-31,all,363930,1.0
Aug 2021,SOM,15737176,Mudug,first projection,2021-10-01,2021-12-31,3+,92140,0.25
Aug 2021,SOM,15737176,Mudug,first projection,2021-10-01,2021-12-31,1,180540,0.5
Aug 2021,SOM,15737176,Mudug,first projection,2021-10-01,2021-12-31,2,91250,0.25
Aug 2021,SOM,15737176,Mudug,first projection,2021-10-01,2021-12-31,3,76160,0.21
Aug 2021,SOM,15737176,Mudug,first projection,2021-10-01,2021-12-31,4,15980,0.04
Aug 2021,SOM,15737176,Mudug,first projection,2021-10-01,2021-12-31,5,0,0
Aug 2021,SOM,15737176,Juba hoose,current,2021-07-01,2021-09-30,all,1347934,1.0
Aug 2021,SOM,15737176,Juba hoose,current,2021-07-01,2021-09-30,3+,128040,0.09
Aug 2021,SOM,15737176,Juba hoose,current,2021-07-01,2021-09-30,1,981234,0.73
Aug 2021,SOM,15737176,Juba hoose,current,2021-07-01,2021-09-30,2,238660,0.18
Aug 2021,SOM,15737176,Juba hoose,current,2021-07-01,2021-09-30,3,109800,0.08
Aug 2021,SOM,15737176,Juba hoose,current,2021-07-01,2021-09-30,4,18240,0.01
Aug 2021,SOM,15737176,Juba hoose,current,2021-07-01,2021-09-30,5,0,0
Aug 2021,SOM,15737176,Juba hoose,first projection,2021-10-01,2021-12-31,all,1347934,1.0
Aug 2021,SOM,15737176,Juba hoose,first projection,2021-10-01,2021-12-31,3+,164380,0.12
Aug 2021,SOM,15737176,Juba hoose,first projection,2021-10-01,2021-12-31,1,944894,0.7
Aug 2021,SOM,15737176,Juba hoose,first projection,2021-10-01,2021-12-31,2,238660,0.18
Aug 2021,SOM,15737176,Juba hoose,first projection,2021-10-01,2021-12-31,3,140560,0.1
Aug 2021,SOM,15737176,Juba hoose,first projection,2021-10-01,2021-12-31,4,23820,0.02
Aug 2021,SOM,15737176,Juba hoose,first projection,2021-10-01,2021-12-31,5,0,0
Aug 2021,SOM,15737176,Juba dhexe,current,2021-07-01,2021-09-30,all,979997,1.0
Aug 2021,SOM,15737176,Juba dhexe,current,2021-07-01,2021-09-30,3+,119570,0.12
Aug 2021,SOM,15737176,Juba dhexe,current,2021-07-01,2021-09-30,1,635157,0.65
Aug 2021,SOM,15737176,Juba dhexe,current,2021-07-01,2021-09-30,2,225270,0.23
Aug 2021,SOM,15737176,Juba dhexe,current,2021-07-01,2021-09-30,3,110730,0.11
Aug 2021,SOM,15737176,Juba dhexe,current,2021-07-01,2021-09-30,4,8840,0.01
Aug 2021,SOM,15737176,Juba dhexe,current,2021-07-01,2021-09-30,5,0,0
Aug 2021,SOM,15737176,Juba dhexe,first projection,2021-10-01,2021-12-31,all,979997,1.0
Aug 2021,SOM,15737176,Juba dhexe,first projection,2021-10-01,2021-12-31,3+,220700,0.23
Aug 2021,SOM,15737176,Juba dhexe,first projection,2021-10-01,2021-12-31,1,496897,0.51
Aug 2021,SOM,15737176,Juba dhexe,first projection,2021-10-01,2021-12-31,2,262400,0.27
Aug 2021,SOM,15737176,Juba dhexe,first projection,2021-10-01,2021-12-31,3,187180,0.19
Aug 2021,SOM,15737176,Juba dhexe,first projection,2021-10-01,2021-12-31,4,33520,0.03
Aug 2021,SOM,15737176,Juba dhexe,first projection,2021-10-01,2021-12-31,5,0,0
Aug 2021,SOM,15737176,Hiraan,current,2021-07-01,2021-09-30,all,427124,1.0
Aug 2021,SOM,15737176,Hiraan,current,2021-07-01,2021-09-30,3+,70610,0.17
Aug 2021,SOM,15737176,Hiraan,current,2021-07-01,2021-09-30,1,275894,0.65
Aug 2021,SOM,15737176,Hiraan,current,2021-07-01,2021-09-30,2,80620,0.19
Aug 2021,SOM,15737176,Hiraan,current,2021-07-01,2021-09-30,3,60790,0.14
Aug 2021,SOM,15737176,Hiraan,current,2021-07-01,2021-09-30,4,9820,0.02
Aug 2021,SOM,15737176,Hiraan,current,2021-07-01,2021-09-30,5,0,0
Aug 2021,SOM,15737176,Hiraan,first projection,2021-10-01,2021-12-31,all,427124,1.0
Aug 2021,SOM,15737176,Hiraan,first projection,2021-10-01,2021-12-31,3+,122720,0.29
Aug 2021,SOM,15737176,Hiraan,first projection,2021-10-01,2021-12-31,1,216054,0.51
Aug 2021,SOM,15737176,Hiraan,first projection,2021-10-01,2021-12-31,2,88350,0.21
Aug 2021,SOM,15737176,Hiraan,first projection,2021-10-01,2021-12-31,3,96250,0.23
Aug 2021,SOM,15737176,Hiraan,first projection,2021-10-01,2021-12-31,4,26470,0.06
Aug 2021,SOM,15737176,Hiraan,first projection,2021-10-01,2021-12-31,5,0,0
Aug 2021,SOM,15737176,Gedo,current,2021-07-01,2021-09-30,all,736704,1.0
Aug 2021,SOM,15737176,Gedo,current,2021-07-01,2021-09-30,3+,112390,0.15
Aug 2021,SOM,15737176,Gedo,current,2021-07-01,2021-09-30,1,392674,0.53
Aug 2021,SOM,15737176,Gedo,current,2021-07-01,2021-09-30,2,231640,0.31
Aug 2021,SOM,15737176,Gedo,current,2021-07-01,2021-09-30,3,105960,0.14
Aug 2021,SOM,15737176,Gedo,current,2021-07-01,2021-09-30,4,6430,0.01
Aug 2021,SOM,15737176,Gedo,current,2021-07-01,2021-09-30,5,0,0
Aug 2021,SOM,15737176,Gedo,first projection,2021-10-01,2021-12-31,all,736704,1.0
Aug 2021,SOM,15737176,Gedo,first projection,2021-10-01,2021-12-31,3+,157700,0.21
Aug 2021,SOM,15737176,Gedo,first projection,2021-10-01,2021-12-31,1,337724,0.46
Aug 2021,SOM,15737176,Gedo,first projection,2021-10-01,2021-12-31,2,241280,0.33
Aug 2021,SOM,15737176,Gedo,first projection,2021-10-01,2021-12-31,3,140940,0.19
Aug 2021,SOM,15737176,Gedo,first projection,2021-10-01,2021-12-31,4,16760,0.02
Aug 2021,SOM,15737176,Gedo,first projection,2021-10-01,2021-12-31,5,0,0
Aug 2021,SOM,15737176,Galgaduud,current,2021-07-01,2021-09-30,all,687573,1.0
Aug 2021,SOM,15737176,Galgaduud,current,2021-07-01,2021-09-30,3+,90340,0.13
Aug 2021,SOM,15737176,Galgaduud,current,2021-07-01,2021-09-30,1,381323,0.55
Aug 2021,SOM,15737176,Galgaduud,current,2021-07-01,2021-09-30,2,215910,0.31
Aug 2021,SOM,15737176,Galgaduud,current,2021-07-01,2021-09-30,3,86440,0.13
Aug 2021,SOM,15737176,Galgaduud,current,2021-07-01,2021-09-30,4,3900,0.01
Aug 2021,SOM,15737176,Galgaduud,current,2021-07-01,2021-09-30,5,0,0
Aug 2021,SOM,15737176,Galgaduud,first projection,2021-10-01,2021-12-31,all,687573,1.0
Aug 2021,SOM,15737176,Galgaduud,first projection,2021-10-01,2021-12-31,3+,163690,0.24
Aug 2021,SOM,15737176,Galgaduud,first projection,2021-10-01,2021-12-31,1,289583,0.42
Aug 2021,SOM,15737176,Galgaduud,first projection,2021-10-01,2021-12-31,2,234300,0.34
Aug 2021,SOM,15737176,Galgaduud,first projection,2021-10-01,2021-12-31,3,143780,0.21
Aug 2021,SOM,15737176,Galgaduud,first projection,2021-10-01,2021-12-31,4,19910,0.03
Aug 2021,SOM,15737176,Galgaduud,first projection,2021-10-01,2021-12-31,5,0,0
Aug 2021,SOM,15737176,Bay,current,2021-07-01,2021-09-30,all,1055913,1.0
Aug 2021,SOM,15737176,Bay,current,2021-07-01,2021-09-30,3+,219530,0.21
Aug 2021,SOM,15737176,Bay,current,2021-07-01,2021-09-30,1,623833,0.59
Aug 2021,SOM,15737176,Bay,current,2021-07-01,2021-09-30,2,212550,0.2
Aug 2021,SOM,15737176,Bay,current,2021-07-01,2021-09-30,3,180580,0.17
Aug 2021,SOM,15737176,Bay,current,2021-07-01,2021-09-30,4,38950,0.04
Aug 2021,SOM,15737176,Bay,current,2021-07-01,2021-09-30,5,0,0
Aug 2021,SOM,15737176,Bay,first projection,2021-10-01,2021-12-31,all,1055913,1.0
Aug 2021,SOM,15737176,Bay,first projection,2021-10-01,2021-12-31,3+,369780,0.35
Aug 2021,SOM,15737176,Bay,first projection,2021-10-01,2021-12-31,1,423303,0.4
Aug 2021,SOM,15737176,Bay,first projection,2021-10-01,2021-12-31,2,262830,0.25
Aug 2021,SOM,15737176,Bay,first projection,2021-10-01,2021-12-31,3,286110,0.27
Aug 2021,SOM,15737176,Bay,first projection,2021-10-01,2021-12-31,4,83670,0.08
Aug 2021,SOM,15737176,Bay,first projection,2021-10-01,2021-12-31,5,0,0
Aug 2021,SOM,15737176,Bari,current,2021-07-01,2021-09-30,all,1042591,1.0
Aug 2021,SOM,15737176,Bari,current,2021-07-01,2021-09-30,3+,154670,0.15
Aug 2021,SOM,15737176,Bari,current,2021-07-01,2021-09-30,1,669261,0.64
Aug 2021,SOM,15737176,Bari,current,2021-07-01,2021-09-30,2,218660,0.21
Aug 2021,SOM,15737176,Bari,current,2021-07-01,2021-09-30,3,146480,0.14
Aug 2021,SOM,15737176,Bari,current,2021-07-01,2021-09-30,4,8190,0.01
Aug 2021,SOM,15737176,Bari,current,2021-07-01,2021-09-30,5,0,0
Aug 2021,SOM,15737176,Bari,first projection,2021-10-01,2021-12-31,all,1042591,1.0
Aug 2021,SOM,15737176,Bari,first projection,2021-10-01,2021-12-31,3+,196890,0.19
Aug 2021,SOM,15737176,Bari,first projection,2021-10-01,2021-12-31,1,619291,0.59
Aug 2021,SOM,15737176,Bari,first projection,2021-10-01,2021-12-31,2,226410,0.22
Aug 2021,SOM,15737176,Bari,first projection,2021-10-01,2021-12-31,3,180960,0.17
Aug 2021,SOM,15737176,Bari,first projection,2021-10-01,2021-12-31,4,15930,0.02
Aug 2021,SOM,15737176,Bari,first projection,2021-10-01,2021-12-31,5,0,0
Aug 2021,SOM,15737176,Banadir,current,2021-07-01,2021-09-30,all,2683312,1.0
Aug 2021,SOM,15737176,Banadir,current,2021-07-01,2021-09-30,3+,224570,0.08
Aug 2021,SOM,15737176,Banadir,current,2021-07-01,2021-09-30,1,1965842,0.73
Aug 2021,SOM,15737176,Banadir,current,2021-07-01,2021-09-30,2,492900,0.18
Aug 2021,SOM,15737176,Banadir,current,2021-07-01,2021-09-30,3,224570,0.08
Aug 2021,SOM,15737176,Banadir,current,2021-07-01,2021-09-30,4,0,0
Aug 2021,SOM,15737176,Banadir,current,2021-07-01,2021-09-30,5,0,0
Aug 2021,SOM,15737176,Banadir,first projection,2021-10-01,2021-12-31,all,2683312,1.0
Aug 2021,SOM,15737176,Banadir,first projection,2021-10-01,2021-12-31,3+,539530,0.2
Aug 2021,SOM,15737176,Banadir,first projection,2021-10-01,2021-12-31,1,1605682,0.6
Aug 2021,SOM,15737176,Banadir,first projection,2021-10-01,2021-12-31,2,538100,0.2
Aug 2021,SOM,15737176,Banadir,first projection,2021-10-01,2021-12-31,3,449130,0.17
Aug 2021,SOM,15737176,Banadir,first projection,2021-10-01,2021-12-31,4,90400,0.03
Aug 2021,SOM,15737176,Banadir,first projection,2021-10-01,2021-12-31,5,0,0
Aug 2021,SOM,15737176,Bakool,current,2021-07-01,2021-09-30,all,459747,1.0
Aug 2021,SOM,15737176,Bakool,current,2021-07-01,2021-09-30,3+,50340,0.11
Aug 2021,SOM,15737176,Bakool,current,2021-07-01,2021-09-30,1,339297,0.74
Aug 2021,SOM,15737176,Bakool,current,2021-07-01,2021-09-30,2,70110,0.15
Aug 2021,SOM,15737176,Bakool,current,2021-07-01,2021-09-30,3,42730,0.09
Aug 2021,SOM,15737176,Bakool,current,2021-07-01,2021-09-30,4,7610,0.02
Aug 2021,SOM,15737176,Bakool,current,2021-07-01,2021-09-30,5,0,0
Aug 2021,SOM,15737176,Bakool,first projection,2021-10-01,2021-12-31,all,459747,1.0
Aug 2021,SOM,15737176,Bakool,first projection,2021-10-01,2021-12-31,3+,81220,0.18
Aug 2021,SOM,15737176,Bakool,first projection,2021-10-01,2021-12-31,1,287187,0.62
Aug 2021,SOM,15737176,Bakool,first projection,2021-10-01,2021-12-31,2,91340,0.2
Aug 2021,SOM,15737176,Bakool,first projection,2021-10-01,2021-12-31,3,63640,0.14
Aug 2021,SOM,15737176,Bakool,first projection,2021-10-01,2021-12-31,4,17580,0.04
Aug 2021,SOM,15737176,Bakool,first projection,2021-10-01,2021-12-31,5,0,0
Aug 2021,SOM,15737176,Awdal,current,2021-07-01,2021-09-30,all,538209,1.0
Aug 2021,SOM,15737176,Awdal,current,2021-07-01,2021-09-30,3+,58580,0.11
Aug 2021,SOM,15737176,Awdal,current,2021-07-01,2021-09-30,1,366849,0.68
Aug 2021,SOM,15737176,Awdal,current,2021-07-01,2021-09-30,2,112780,0.21
Aug 2021,SOM,15737176,Awdal,current,2021-07-01,2021-09-30,3,36290,0.07
Aug 2021,SOM,15737176,Awdal,current,2021-07-01,2021-09-30,4,22290,0.04
Aug 2021,SOM,15737176,Awdal,current,2021-07-01,2021-09-30,5,0,0
Aug 2021,SOM,15737176,Awdal,first projection,2021-10-01,2021-12-31,all,538209,1.0
Aug 2021,SOM,15737176,Awdal,first projection,2021-10-01,2021-12-31,3+,79500,0.15
Aug 2021,SOM,15737176,Awdal,first projection,2021-10-01,2021-12-31,1,332869,0.62
Aug 2021,SOM,15737176,Awdal,first projection,2021-10-01,2021-12-31,2,125840,0.23
Aug 2021,SOM,15737176,Awdal,first projection,2021-10-01,2021-12-31,3,54090,0.1
Aug 2021,SOM,15737176,Awdal,first projection,2021-10-01,2021-12-31,4,25410,0.05
Aug 2021,SOM,15737176,Awdal,first projection,2021-10-01,2021-12-31,5,0,0
Jan 2021,SOM,12327530,Bakool,current,2021-01-01,2021-03-31,all,284354,1.0
Jan 2021,SOM,12327530,Bakool,current,2021-01-01,2021-03-31,3+,27400,0.1
Jan 2021,SOM,12327530,Bakool,current,2021-01-01,2021-03-31,1,209354,0.73
Jan 2021,SOM,12327530,Bakool,current,2021-01-01,2021-03-31,2,47600,0.18
Jan 2021,SOM,12327530,Bakool,current,2021-01-01,2021-03-31,3,25900,0.09
Jan 2021,SOM,12327530,Bakool,current,2021-01-01,2021-03-31,4,1500,0.01
Jan 2021,SOM,12327530,Bakool,current,2021-01-01,2021-03-31,5,0,0
Jan 2021,SOM,12327530,Bakool,first projection,2021-04-01,2021-06-30,all,284354,1.0
Jan 2021,SOM,12327530,Bakool,first projection,2021-04-01,2021-06-30,3+,50000,0.17
Jan 2021,SOM,12327530,Bakool,first projection,2021-04-01,2021-06-30,1,176554,0.62
Jan 2021,SOM,12327530,Bakool,first projection,2021-04-01,2021-06-30,2,57800,0.2
Jan 2021,SOM,12327530,Bakool,first projection,2021-04-01,2021-06-30,3,43600,0.15
Jan 2021,SOM,12327530,Bakool,first projection,2021-04-01,2021-06-30,4,6400,0.02
Jan 2021,SOM,12327530,Bakool,first projection,2021-04-01,2021-06-30,5,0,0
Jan 2021,SOM,12327530,Shabelle Hoose,current,2021-01-01,2021-03-31,all,911503,1.0
Jan 2021,SOM,12327530,Shabelle Hoose,current,2021-01-01,2021-03-31,3+,78800,0.09
Jan 2021,SOM,12327530,Shabelle Hoose,current,2021-01-01,2021-03-31,1,626703,0.69
Jan 2021,SOM,12327530,Shabelle Hoose,current,2021-01-01,2021-03-31,2,206000,0.21
Jan 2021,SOM,12327530,Shabelle Hoose,current,2021-01-01,2021-03-31,3,77500,0.09
Jan 2021,SOM,12327530,Shabelle Hoose,current,2021-01-01,2021-03-31,4,1300,0
Jan 2021,SOM,12327530,Shabelle Hoose,current,2021-01-01,2021-03-31,5,0,0
Jan 2021,SOM,12327530,Shabelle Hoose,first projection,2021-04-01,2021-06-30,all,911503,1.0
Jan 2021,SOM,12327530,Shabelle Hoose,first projection,2021-04-01,2021-06-30,3+,127800,0.13
Jan 2021,SOM,12327530,Shabelle Hoose,first projection,2021-04-01,2021-06-30,1,558703,0.61
Jan 2021,SOM,12327530,Shabelle Hoose,first projection,2021-04-01,2021-06-30,2,225000,0.25
Jan 2021,SOM,12327530,Shabelle Hoose,first projection,2021-04-01,2021-06-30,3,121800,0.13
Jan 2021,SOM,12327530,Shabelle Hoose,first projection,2021-04-01,2021-06-30,4,6000,0
Jan 2021,SOM,12327530,Shabelle Hoose,first projection,2021-04-01,2021-06-30,5,0,0
Jan 2021,SOM,12327530,Mudug,current,2021-01-01,2021-03-31,all,627725,1.0
Jan 2021,SOM,12327530,Mudug,current,2021-01-01,2021-03-31,3+,108100,0.16
Jan 2021,SOM,12327530,Mudug,current,2021-01-01,2021-03-31,1,346524,0.55
Jan 2021,SOM,12327530,Mudug,current,2021-01-01,2021-03-31,2,173100,0.29
Jan 2021,SOM,12327530,Mudug,current,2021-01-01,2021-03-31,3,90400,0.14
Jan 2021,SOM,12327530,Mudug,current,2021-01-01,2021-03-31,4,17700,0.02
Jan 2021,SOM,12327530,Mudug,current,2021-01-01,2021-03-31,5,0,0
Jan 2021,SOM,12327530,Mudug,first projection,2021-04-01,2021-06-30,all,627725,1.0
Jan 2021,SOM,12327530,Mudug,first projection,2021-04-01,2021-06-30,3+,190600,0.3
Jan 2021,SOM,12327530,Mudug,first projection,2021-04-01,2021-06-30,1,259624,0.41
Jan 2021,SOM,12327530,Mudug,first projection,2021-04-01,2021-06-30,2,177500,0.28
Jan 2021,SOM,12327530,Mudug,first projection,2021-04-01,2021-06-30,3,148300,0.23
Jan 2021,SOM,12327530,Mudug,first projection,2021-04-01,2021-06-30,4,42300,0.07
Jan 2021,SOM,12327530,Mudug,first projection,2021-04-01,2021-06-30,5,0,0
Jan 2021,SOM,12327530,Sool,current,2021-01-01,2021-03-31,all,360431,1.0
Jan 2021,SOM,12327530,Sool,current,2021-01-01,2021-03-31,3+,62400,0.18
Jan 2021,SOM,12327530,Sool,current,2021-01-01,2021-03-31,1,223831,0.62
Jan 2021,SOM,12327530,Sool,current,2021-01-01,2021-03-31,2,74200,0.27
Jan 2021,SOM,12327530,Sool,current,2021-01-01,2021-03-31,3,60200,0.17
Jan 2021,SOM,12327530,Sool,current,2021-01-01,2021-03-31,4,2200,0.01
Jan 2021,SOM,12327530,Sool,current,2021-01-01,2021-03-31,5,0,0
Jan 2021,SOM,12327530,Sool,first projection,2021-04-01,2021-06-30,all,360431,1.0
Jan 2021,SOM,12327530,Sool,first projection,2021-04-01,2021-06-30,3+,124800,0.35
Jan 2021,SOM,12327530,Sool,first projection,2021-04-01,2021-06-30,1,145731,0.4
Jan 2021,SOM,12327530,Sool,first projection,2021-04-01,2021-06-30,2,89900,0.25
Jan 2021,SOM,12327530,Sool,first projection,2021-04-01,2021-06-30,3,98900,0.28
Jan 2021,SOM,12327530,Sool,first projection,2021-04-01,2021-06-30,4,25900,0.07
Jan 2021,SOM,12327530,Sool,first projection,2021-04-01,2021-06-30,5,0,0
Jan 2021,SOM,12327530,Awdal,current,2021-01-01,2021-03-31,all,724573,1.0
Jan 2021,SOM,12327530,Awdal,current,2021-01-01,2021-03-31,3+,89800,0.12
Jan 2021,SOM,12327530,Awdal,current,2021-01-01,2021-03-31,1,481372,0.66
Jan 2021,SOM,12327530,Awdal,current,2021-01-01,2021-03-31,2,153400,0.27
Jan 2021,SOM,12327530,Awdal,current,2021-01-01,2021-03-31,3,74100,0.1
Jan 2021,SOM,12327530,Awdal,current,2021-01-01,2021-03-31,4,15700,0.02
Jan 2021,SOM,12327530,Awdal,current,2021-01-01,2021-03-31,5,0,0
Jan 2021,SOM,12327530,Awdal,first projection,2021-04-01,2021-06-30,all,724573,1.0
Jan 2021,SOM,12327530,Awdal,first projection,2021-04-01,2021-06-30,3+,146500,0.2
Jan 2021,SOM,12327530,Awdal,first projection,2021-04-01,2021-06-30,1,392672,0.54
Jan 2021,SOM,12327530,Awdal,first projection,2021-04-01,2021-06-30,2,185400,0.26
Jan 2021,SOM,12327530,Awdal,first projection,2021-04-01,2021-06-30,3,113500,0.16
Jan 2021,SOM,12327530,Awdal,first projection,2021-04-01,2021-06-30,4,33000,0.04
Jan 2021,SOM,12327530,Awdal,first projection,2021-04-01,2021-06-30,5,0,0
Jan 2021,SOM,12327530,Shabelle Dhexe,current,2021-01-01,2021-03-31,all,436760,1.0
Jan 2021,SOM,12327530,Shabelle Dhexe,current,2021-01-01,2021-03-31,3+,55000,0.13
Jan 2021,SOM,12327530,Shabelle Dhexe,current,2021-01-01,2021-03-31,1,292559,0.67
Jan 2021,SOM,12327530,Shabelle Dhexe,current,2021-01-01,2021-03-31,2,89200,0.22
Jan 2021,SOM,12327530,Shabelle Dhexe,current,2021-01-01,2021-03-31,3,52000,0.12
Jan 2021,SOM,12327530,Shabelle Dhexe,current,2021-01-01,2021-03-31,4,3000,0.01
Jan 2021,SOM,12327530,Shabelle Dhexe,current,2021-01-01,2021-03-31,5,0,0
Jan 2021,SOM,12327530,Shabelle Dhexe,first projection,2021-04-01,2021-06-30,all,436760,1.0
Jan 2021,SOM,12327530,Shabelle Dhexe,first projection,2021-04-01,2021-06-30,3+,82300,0.19
Jan 2021,SOM,12327530,Shabelle Dhexe,first projection,2021-04-01,2021-06-30,1,255359,0.59
Jan 2021,SOM,12327530,Shabelle Dhexe,first projection,2021-04-01,2021-06-30,2,99100,0.23
Jan 2021,SOM,12327530,Shabelle Dhexe,first projection,2021-04-01,2021-06-30,3,74500,0.17
Jan 2021,SOM,12327530,Shabelle Dhexe,first projection,2021-04-01,2021-06-30,4,7800,0.02
Jan 2021,SOM,12327530,Shabelle Dhexe,first projection,2021-04-01,2021-06-30,5,0,0
Jan 2021,SOM,12327530,Juba Hoose,current,2021-01-01,2021-03-31,all,648937,1.0
Jan 2021,SOM,12327530,Juba Hoose,current,2021-01-01,2021-03-31,3+,122000,0.18
Jan 2021,SOM,12327530,Juba Hoose,current,2021-01-01,2021-03-31,1,407537,0.63
Jan 2021,SOM,12327530,Juba Hoose,current,2021-01-01,2021-03-31,2,119400,0.21
Jan 2021,SOM,12327530,Juba Hoose,current,2021-01-01,2021-03-31,3,119000,0.18
Jan 2021,SOM,12327530,Juba Hoose,current,2021-01-01,2021-03-31,4,3000,0
Jan 2021,SOM,12327530,Juba Hoose,current,2021-01-01,2021-03-31,5,0,0
Jan 2021,SOM,12327530,Juba Hoose,first projection,2021-04-01,2021-06-30,all,648937,1.0
Jan 2021,SOM,12327530,Juba Hoose,first projection,2021-04-01,2021-06-30,3+,161000,0.24
Jan 2021,SOM,12327530,Juba Hoose,first projection,2021-04-01,2021-06-30,1,346137,0.54
Jan 2021,SOM,12327530,Juba Hoose,first projection,2021-04-01,2021-06-30,2,141800,0.22
Jan 2021,SOM,12327530,Juba Hoose,first projection,2021-04-01,2021-06-30,3,151100,0.23
Jan 2021,SOM,12327530,Juba Hoose,first projection,2021-04-01,2021-06-30,4,9900,0.01
Jan 2021,SOM,12327530,Juba Hoose,first projection,2021-04-01,2021-06-30,5,0,0
Jan 2021,SOM,12327530,Gedo,current,2021-01-01,2021-03-31,all,430941,1.0
Jan 2021,SOM,12327530,Gedo,current,2021-01-01,2021-03-31,3+,62700,0.15
Jan 2021,SOM,12327530,Gedo,current,2021-01-01,2021-03-31,1,260640,0.61
Jan 2021,SOM,12327530,Gedo,current,2021-01-01,2021-03-31,2,107600,0.29
Jan 2021,SOM,12327530,Gedo,current,2021-01-01,2021-03-31,3,56700,0.13
Jan 2021,SOM,12327530,Gedo,current,2021-01-01,2021-03-31,4,6000,0.02
Jan 2021,SOM,12327530,Gedo,current,2021-01-01,2021-03-31,5,0,0
Jan 2021,SOM,12327530,Gedo,first projection,2021-04-01,2021-06-30,all,430941,1.0
Jan 2021,SOM,12327530,Gedo,first projection,2021-04-01,2021-06-30,3+,88300,0.21
Jan 2021,SOM,12327530,Gedo,first projection,2021-04-01,2021-06-30,1,224140,0.52
Jan 2021,SOM,12327530,Gedo,first projection,2021-04-01,2021-06-30,2,118500,0.28
Jan 2021,SOM,12327530,Gedo,first projection,2021-04-01,2021-06-30,3,76700,0.18
Jan 2021,SOM,12327530,Gedo,first projection,2021-04-01,2021-06-30,4,11600,0.03
Jan 2021,SOM,12327530,Gedo,first projection,2021-04-01,2021-06-30,5,0,0
Jan 2021,SOM,12327530,Banadir,current,2021-01-01,2021-03-31,all,2228463,1.0
Jan 2021,SOM,12327530,Banadir,current,2021-01-01,2021-03-31,3+,74600,0.03
Jan 2021,SOM,12327530,Banadir,current,2021-01-01,2021-03-31,1,1794763,0.81
Jan 2021,SOM,12327530,Banadir,current,2021-01-01,2021-03-31,2,359100,0.22
Jan 2021,SOM,12327530,Banadir,current,2021-01-01,2021-03-31,3,74600,0.03
Jan 2021,SOM,12327530,Banadir,current,2021-01-01,2021-03-31,4,0,0
Jan 2021,SOM,12327530,Banadir,current,2021-01-01,2021-03-31,5,0,0
Jan 2021,SOM,12327530,Banadir,first projection,2021-04-01,2021-06-30,all,2228463,1.0
Jan 2021,SOM,12327530,Banadir,first projection,2021-04-01,2021-06-30,3+,260600,0.12
Jan 2021,SOM,12327530,Banadir,first projection,2021-04-01,2021-06-30,1,1497263,0.67
Jan 2021,SOM,12327530,Banadir,first projection,2021-04-01,2021-06-30,2,470600,0.21
Jan 2021,SOM,12327530,Banadir,first projection,2021-04-01,2021-06-30,3,235700,0.11
Jan 2021,SOM,12327530,Banadir,first projection,2021-04-01,2021-06-30,4,24900,0.01
Jan 2021,SOM,12327530,Banadir,first projection,2021-04-01,2021-06-30,5,0,0
Jan 2021,SOM,12327530,Bari,current,2021-01-01,2021-03-31,all,712934,1.0
Jan 2021,SOM,12327530,Bari,current,2021-01-01,2021-03-31,3+,156400,0.22
Jan 2021,SOM,12327530,Bari,current,2021-01-01,2021-03-31,1,404434,0.57
Jan 2021,SOM,12327530,Bari,current,2021-01-01,2021-03-31,2,152100,0.27
Jan 2021,SOM,12327530,Bari,current,2021-01-01,2021-03-31,3,142700,0.2
Jan 2021,SOM,12327530,Bari,current,2021-01-01,2021-03-31,4,13700,0.02
Jan 2021,SOM,12327530,Bari,current,2021-01-01,2021-03-31,5,0,0
Jan 2021,SOM,12327530,Bari,first projection,2021-04-01,2021-06-30,all,712934,1.0
Jan 2021,SOM,12327530,Bari,first projection,2021-04-01,2021-06-30,3+,238000,0.33
Jan 2021,SOM,12327530,Bari,first projection,2021-04-01,2021-06-30,1,296734,0.42
Jan 2021,SOM,12327530,Bari,first projection,2021-04-01,2021-06-30,2,178200,0.25
Jan 2021,SOM,12327530,Bari,first projection,2021-04-01,2021-06-30,3,206000,0.29
Jan 2021,SOM,12327530,Bari,first projection,2021-04-01,2021-06-30,4,32000,0.04
Jan 2021,SOM,12327530,Bari,first projection,2021-04-01,2021-06-30,5,0,0
Jan 2021,SOM,12327530,Bay,current,2021-01-01,2021-03-31,all,846599,1.0
Jan 2021,SOM,12327530,Bay,current,2021-01-01,2021-03-31,3+,124800,0.14
Jan 2021,SOM,12327530,Bay,current,2021-01-01,2021-03-31,1,568299,0.67
Jan 2021,SOM,12327530,Bay,current,2021-01-01,2021-03-31,2,153500,0.28
Jan 2021,SOM,12327530,Bay,current,2021-01-01,2021-03-31,3,114600,0.13
Jan 2021,SOM,12327530,Bay,current,2021-01-01,2021-03-31,4,10200,0.01
Jan 2021,SOM,12327530,Bay,current,2021-01-01,2021-03-31,5,0,0
Jan 2021,SOM,12327530,Bay,first projection,2021-04-01,2021-06-30,all,846599,1.0
Jan 2021,SOM,12327530,Bay,first projection,2021-04-01,2021-06-30,3+,215600,0.26
Jan 2021,SOM,12327530,Bay,first projection,2021-04-01,2021-06-30,1,451499,0.54
Jan 2021,SOM,12327530,Bay,first projection,2021-04-01,2021-06-30,2,179500,0.21
Jan 2021,SOM,12327530,Bay,first projection,2021-04-01,2021-06-30,3,176000,0.21
Jan 2021,SOM,12327530,Bay,first projection,2021-04-01,2021-06-30,4,39600,0.05
Jan 2021,SOM,12327530,Bay,first projection,2021-04-01,2021-06-30,5,0,0
Jan 2021,SOM,12327530,Hiraan,current,2021-01-01,2021-03-31,all,422994,1.0
Jan 2021,SOM,12327530,Hiraan,current,2021-01-01,2021-03-31,3+,51500,0.12
Jan 2021,SOM,12327530,Hiraan,current,2021-01-01,2021-03-31,1,294493,0.7
Jan 2021,SOM,12327530,Hiraan,current,2021-01-01,2021-03-31,2,77000,0.21
Jan 2021,SOM,12327530,Hiraan,current,2021-01-01,2021-03-31,3,51500,0.12
Jan 2021,SOM,12327530,Hiraan,current,2021-01-01,2021-03-31,4,0,0
Jan 2021,SOM,12327530,Hiraan,current,2021-01-01,2021-03-31,5,0,0
Jan 2021,SOM,12327530,Hiraan,first projection,2021-04-01,2021-06-30,all,422994,1.0
Jan 2021,SOM,12327530,Hiraan,first projection,2021-04-01,2021-06-30,3+,77300,0.18
Jan 2021,SOM,12327530,Hiraan,first projection,2021-04-01,2021-06-30,1,257793,0.61
Jan 2021,SOM,12327530,Hiraan,first projection,2021-04-01,2021-06-30,2,87900,0.21
Jan 2021,SOM,12327530,Hiraan,first projection,2021-04-01,2021-06-30,3,68500,0.16
Jan 2021,SOM,12327530,Hiraan,first projection,2021-04-01,2021-06-30,4,8800,0.02
Jan 2021,SOM,12327530,Hiraan,first projection,2021-04-01,2021-06-30,5,0,0
Jan 2021,SOM,12327530,Woqooyi Galbeed,current,2021-01-01,2021-03-31,all,1321524,1.0
Jan 2021,SOM,12327530,Woqooyi Galbeed,current,2021-01-01,2021-03-31,3+,161500,0.12
Jan 2021,SOM,12327530,Woqooyi Galbeed,current,2021-01-01,2021-03-31,1,884725,0.67
Jan 2021,SOM,12327530,Woqooyi Galbeed,current,2021-01-01,2021-03-31,2,275300,0.26
Jan 2021,SOM,12327530,Woqooyi Galbeed,current,2021-01-01,2021-03-31,3,147600,0.11
Jan 2021,SOM,12327530,Woqooyi Galbeed,current,2021-01-01,2021-03-31,4,13900,0.01
Jan 2021,SOM,12327530,Woqooyi Galbeed,current,2021-01-01,2021-03-31,5,0,0
Jan 2021,SOM,12327530,Woqooyi Galbeed,first projection,2021-04-01,2021-06-30,all,1321524,1.0
Jan 2021,SOM,12327530,Woqooyi Galbeed,first projection,2021-04-01,2021-06-30,3+,246600,0.19
Jan 2021,SOM,12327530,Woqooyi Galbeed,first projection,2021-04-01,2021-06-30,1,739425,0.56
Jan 2021,SOM,12327530,Woqooyi Galbeed,first projection,2021-04-01,2021-06-30,2,335500,0.25
Jan 2021,SOM,12327530,Woqooyi Galbeed,first projection,2021-04-01,2021-06-30,3,218600,0.17
Jan 2021,SOM,12327530,Woqooyi Galbeed,first projection,2021-04-01,2021-06-30,4,28000,0.02
Jan 2021,SOM,12327530,Woqooyi Galbeed,first projection,2021-04-01,2021-06-30,5,0,0
Jan 2021,SOM,12327530,Juba Dhexe,current,2021-01-01,2021-03-31,all,286539,1.0
Jan 2021,SOM,12327530,Juba Dhexe,current,2021-01-01,2021-03-31,3+,34400,0.12
Jan 2021,SOM,12327530,Juba Dhexe,current,2021-01-01,2021-03-31,1,209039,0.73
Jan 2021,SOM,12327530,Juba Dhexe,current,2021-01-01,2021-03-31,2,43100,0.18
Jan 2021,SOM,12327530,Juba Dhexe,current,2021-01-01,2021-03-31,3,34400,0.12
Jan 2021,SOM,12327530,Juba Dhexe,current,2021-01-01,2021-03-31,4,0,0
Jan 2021,SOM,12327530,Juba Dhexe,current,2021-01-01,2021-03-31,5,0,0
Jan 2021,SOM,12327530,Juba Dhexe,first projection,2021-04-01,2021-06-30,all,286539,1.0
Jan 2021,SOM,12327530,Juba Dhexe,first projection,2021-04-01,2021-06-30,3+,40800,0.14
Jan 2021,SOM,12327530,Juba Dhexe,first projection,2021-04-01,2021-06-30,1,189639,0.66
Jan 2021,SOM,12327530,Juba Dhexe,first projection,2021-04-01,2021-06-30,2,56100,0.2
Jan 2021,SOM,12327530,Juba Dhexe,first projection,2021-04-01,2021-06-30,3,40800,0.14
Jan 2021,SOM,12327530,Juba Dhexe,first projection,2021-04-01,2021-06-30,4,0,0
Jan 2021,SOM,12327530,Juba Dhexe,first projection,2021-04-01,2021-06-30,5,0,0
Jan 2021,SOM,12327530,Togdheer,current,2021-01-01,2021-03-31,all,755795,1.0
Jan 2021,SOM,12327530,Togdheer,current,2021-01-01,2021-03-31,3+,141500,0.19
Jan 2021,SOM,12327530,Togdheer,current,2021-01-01,2021-03-31,1,442194,0.59
Jan 2021,SOM,12327530,Togdheer,current,2021-01-01,2021-03-31,2,172100,0.22
Jan 2021,SOM,12327530,Togdheer,current,2021-01-01,2021-03-31,3,117100,0.16
Jan 2021,SOM,12327530,Togdheer,current,2021-01-01,2021-03-31,4,24400,0.03
Jan 2021,SOM,12327530,Togdheer,current,2021-01-01,2021-03-31,5,0,0
Jan 2021,SOM,12327530,Togdheer,first projection,2021-04-01,2021-06-30,all,755795,1.0
Jan 2021,SOM,12327530,Togdheer,first projection,2021-04-01,2021-06-30,3+,192400,0.25
Jan 2021,SOM,12327530,Togdheer,first projection,2021-04-01,2021-06-30,1,375394,0.5
Jan 2021,SOM,12327530,Togdheer,first projection,2021-04-01,2021-06-30,2,188000,0.25
Jan 2021,SOM,12327530,Togdheer,first projection,2021-04-01,2021-06-30,3,159500,0.21
Jan 2021,SOM,12327530,Togdheer,first projection,2021-04-01,2021-06-30,4,32900,0.04
Jan 2021,SOM,12327530,Togdheer,first projection,2021-04-01,2021-06-30,5,0,0
Jan 2021,SOM,12327530,Nugaal,current,2021-01-01,2021-03-31,all,337588,1.0
Jan 2021,SOM,12327530,Nugaal,current,2021-01-01,2021-03-31,3+,70800,0.21
Jan 2021,SOM,12327530,Nugaal,current,2021-01-01,2021-03-31,1,188788,0.56
Jan 2021,SOM,12327530,Nugaal,current,2021-01-01,2021-03-31,2,78000,0.29
Jan 2021,SOM,12327530,Nugaal,current,2021-01-01,2021-03-31,3,55000,0.16
Jan 2021,SOM,12327530,Nugaal,current,2021-01-01,2021-03-31,4,15800,0.05
Jan 2021,SOM,12327530,Nugaal,current,2021-01-01,2021-03-31,5,0,0
Jan 2021,SOM,12327530,Nugaal,first projection,2021-04-01,2021-06-30,all,337588,1.0
Jan 2021,SOM,12327530,Nugaal,first projection,2021-04-01,2021-06-30,3+,98700,0.29
Jan 2021,SOM,12327530,Nugaal,first projection,2021-04-01,2021-06-30,1,153888,0.46
Jan 2021,SOM,12327530,Nugaal,first projection,2021-04-01,2021-06-30,2,85000,0.25
Jan 2021,SOM,12327530,Nugaal,first projection,2021-04-01,2021-06-30,3,76700,0.23
Jan 2021,SOM,12327530,Nugaal,first projection,2021-04-01,2021-06-30,4,22000,0.06
Jan 2021,SOM,12327530,Nugaal,first projection,2021-04-01,2021-06-30,5,0,0
Jan 2021,SOM,12327530,Galgaduud,current,2021-01-01,2021-03-31,all,427809,1.0
Jan 2021,SOM,12327530,Galgaduud,current,2021-01-01,2021-03-31,3+,51000,0.12
Jan 2021,SOM,12327530,Galgaduud,current,2021-01-01,2021-03-31,1,272810,0.64
Jan 2021,SOM,12327530,Galgaduud,current,2021-01-01,2021-03-31,2,104000,0.29
Jan 2021,SOM,12327530,Galgaduud,current,2021-01-01,2021-03-31,3,47700,0.11
Jan 2021,SOM,12327530,Galgaduud,current,2021-01-01,2021-03-31,4,3300,0.01
Jan 2021,SOM,12327530,Galgaduud,current,2021-01-01,2021-03-31,5,0,0
Jan 2021,SOM,12327530,Galgaduud,first projection,2021-04-01,2021-06-30,all,427809,1.0
Jan 2021,SOM,12327530,Galgaduud,first projection,2021-04-01,2021-06-30,3+,93600,0.22
Jan 2021,SOM,12327530,Galgaduud,first projection,2021-04-01,2021-06-30,1,224610,0.53
Jan 2021,SOM,12327530,Galgaduud,first projection,2021-04-01,2021-06-30,2,109600,0.26
Jan 2021,SOM,12327530,Galgaduud,first projection,2021-04-01,2021-06-30,3,78500,0.18
Jan 2021,SOM,12327530,Galgaduud,first projection,2021-04-01,2021-06-30,4,15100,0.04
Jan 2021,SOM,12327530,Galgaduud,first projection,2021-04-01,2021-06-30,5,0,0
Jan 2021,SOM,12327530,Sanaag,current,2021-01-01,2021-03-31,all,562067,1.0
Jan 2021,SOM,12327530,Sanaag,current,2021-01-01,2021-03-31,3+,128100,0.23
Jan 2021,SOM,12327530,Sanaag,current,2021-01-01,2021-03-31,1,321466,0.57
Jan 2021,SOM,12327530,Sanaag,current,2021-01-01,2021-03-31,2,112500,0.26
Jan 2021,SOM,12327530,Sanaag,current,2021-01-01,2021-03-31,3,110000,0.2
Jan 2021,SOM,12327530,Sanaag,current,2021-01-01,2021-03-31,4,18100,0.03
Jan 2021,SOM,12327530,Sanaag,current,2021-01-01,2021-03-31,5,0,0
Jan 2021,SOM,12327530,Sanaag,first projection,2021-04-01,2021-06-30,all,562067,1.0
Jan 2021,SOM,12327530,Sanaag,first projection,2021-04-01,2021-06-30,3+,217100,0.39
Jan 2021,SOM,12327530,Sanaag,first projection,2021-04-01,2021-06-30,1,204466,0.36
Jan 2021,SOM,12327530,Sanaag,first projection,2021-04-01,2021-06-30,2,140500,0.25
Jan 2021,SOM,12327530,Sanaag,first projection,2021-04-01,2021-06-30,3,163200,0.29
Jan 2021,SOM,12327530,Sanaag,first projection,2021-04-01,2021-06-30,4,53900,0.1
Jan 2021,SOM,12327530,Sanaag,first projection,2021-04-01,2021-06-30,5,0,0
Sep 2020,SOM,12327530,Bakool,current,2020-07-01,2020-09-30,all,284353,1.0
Sep 2020,SOM,12327530,Bakool,current,2020-07-01,2020-09-30,3+,27000,0.09
Sep 2020,SOM,12327530,Bakool,current,2020-07-01,2020-09-30,1,222353,0.78
Sep 2020,SOM,12327530,Bakool,current,2020-07-01,2020-09-30,2,35000,0.12
Sep 2020,SOM,12327530,Bakool,current,2020-07-01,2020-09-30,3,22000,0.08
Sep 2020,SOM,12327530,Bakool,current,2020-07-01,2020-09-30,4,5000,0.02
Sep 2020,SOM,12327530,Bakool,current,2020-07-01,2020-09-30,5,0,0
Sep 2020,SOM,12327530,Bakool,first projection,2020-10-01,2020-12-31,all,284353,1.0
Sep 2020,SOM,12327530,Bakool,first projection,2020-10-01,2020-12-31,3+,38000,0.13
Sep 2020,SOM,12327530,Bakool,first projection,2020-10-01,2020-12-31,1,195353,0.69
Sep 2020,SOM,12327530,Bakool,first projection,2020-10-01,2020-12-31,2,51000,0.18
Sep 2020,SOM,12327530,Bakool,first projection,2020-10-01,2020-12-31,3,31000,0.11
Sep 2020,SOM,12327530,Bakool,first projection,2020-10-01,2020-12-31,4,7000,0.02
Sep 2020,SOM,12327530,Bakool,first projection,2020-10-01,2020-12-31,5,0,0
Sep 2020,SOM,12327530,Shabelle Dhexe,current,2020-07-01,2020-09-30,all,337588,1.0
Sep 2020,SOM,12327530,Shabelle Dhexe,current,2020-07-01,2020-09-30,3+,54000,0.16
Sep 2020,SOM,12327530,Shabelle Dhexe,current,2020-07-01,2020-09-30,1,195588,0.58
Sep 2020,SOM,12327530,Shabelle Dhexe,current,2020-07-01,2020-09-30,2,88000,0.26
Sep 2020,SOM,12327530,Shabelle Dhexe,current,2020-07-01,2020-09-30,3,42000,0.12
Sep 2020,SOM,12327530,Shabelle Dhexe,current,2020-07-01,2020-09-30,4,12000,0.04
Sep 2020,SOM,12327530,Shabelle Dhexe,current,2020-07-01,2020-09-30,5,0,0
Sep 2020,SOM,12327530,Shabelle Dhexe,first projection,2020-10-01,2020-12-31,all,337588,1.0
Sep 2020,SOM,12327530,Shabelle Dhexe,first projection,2020-10-01,2020-12-31,3+,66000,0.2
Sep 2020,SOM,12327530,Shabelle Dhexe,first projection,2020-10-01,2020-12-31,1,174588,0.52
Sep 2020,SOM,12327530,Shabelle Dhexe,first projection,2020-10-01,2020-12-31,2,97000,0.29
Sep 2020,SOM,12327530,Shabelle Dhexe,first projection,2020-10-01,2020-12-31,3,52000,0.15
Sep 2020,SOM,12327530,Shabelle Dhexe,first projection,2020-10-01,2020-12-31,4,14000,0.04
Sep 2020,SOM,12327530,Shabelle Dhexe,first projection,2020-10-01,2020-12-31,5,0,0
Sep 2020,SOM,12327530,Shabelle Hoose,current,2020-07-01,2020-09-30,all,562067,1.0
Sep 2020,SOM,12327530,Shabelle Hoose,current,2020-07-01,2020-09-30,3+,90000,0.16
Sep 2020,SOM,12327530,Shabelle Hoose,current,2020-07-01,2020-09-30,1,350067,0.62
Sep 2020,SOM,12327530,Shabelle Hoose,current,2020-07-01,2020-09-30,2,122000,0.22
Sep 2020,SOM,12327530,Shabelle Hoose,current,2020-07-01,2020-09-30,3,59000,0.1
Sep 2020,SOM,12327530,Shabelle Hoose,current,2020-07-01,2020-09-30,4,31000,0.06
Sep 2020,SOM,12327530,Shabelle Hoose,current,2020-07-01,2020-09-30,5,0,0
Sep 2020,SOM,12327530,Shabelle Hoose,first projection,2020-10-01,2020-12-31,all,562067,1.0
Sep 2020,SOM,12327530,Shabelle Hoose,first projection,2020-10-01,2020-12-31,3+,126000,0.22
Sep 2020,SOM,12327530,Shabelle Hoose,first projection,2020-10-01,2020-12-31,1,288067,0.51
Sep 2020,SOM,12327530,Shabelle Hoose,first projection,2020-10-01,2020-12-31,2,148000,0.26
Sep 2020,SOM,12327530,Shabelle Hoose,first projection,2020-10-01,2020-12-31,3,83000,0.15
Sep 2020,SOM,12327530,Shabelle Hoose,first projection,2020-10-01,2020-12-31,4,43000,0.08
Sep 2020,SOM,12327530,Shabelle Hoose,first projection,2020-10-01,2020-12-31,5,0,0
Sep 2020,SOM,12327530,Juba Hoose,current,2020-07-01,2020-09-30,all,911502,1.0
Sep 2020,SOM,12327530,Juba Hoose,current,2020-07-01,2020-09-30,3+,66000,0.07
Sep 2020,SOM,12327530,Juba Hoose,current,2020-07-01,2020-09-30,1,701502,0.77
Sep 2020,SOM,12327530,Juba Hoose,current,2020-07-01,2020-09-30,2,144000,0.16
Sep 2020,SOM,12327530,Juba Hoose,current,2020-07-01,2020-09-30,3,60000,0.07
Sep 2020,SOM,12327530,Juba Hoose,current,2020-07-01,2020-09-30,4,6000,0.01
Sep 2020,SOM,12327530,Juba Hoose,current,2020-07-01,2020-09-30,5,0,0
Sep 2020,SOM,12327530,Juba Hoose,first projection,2020-10-01,2020-12-31,all,911502,1.0
Sep 2020,SOM,12327530,Juba Hoose,first projection,2020-10-01,2020-12-31,3+,89000,0.1
Sep 2020,SOM,12327530,Juba Hoose,first projection,2020-10-01,2020-12-31,1,632502,0.69
Sep 2020,SOM,12327530,Juba Hoose,first projection,2020-10-01,2020-12-31,2,190000,0.21
Sep 2020,SOM,12327530,Juba Hoose,first projection,2020-10-01,2020-12-31,3,77000,0.08
Sep 2020,SOM,12327530,Juba Hoose,first projection,2020-10-01,2020-12-31,4,12000,0.01
Sep 2020,SOM,12327530,Juba Hoose,first projection,2020-10-01,2020-12-31,5,0,0
Sep 2020,SOM,12327530,Gedo,current,2020-07-01,2020-09-30,all,430943,1.0
Sep 2020,SOM,12327530,Gedo,current,2020-07-01,2020-09-30,3+,45000,0.1
Sep 2020,SOM,12327530,Gedo,current,2020-07-01,2020-09-30,1,276943,0.64
Sep 2020,SOM,12327530,Gedo,current,2020-07-01,2020-09-30,2,109000,0.25
Sep 2020,SOM,12327530,Gedo,current,2020-07-01,2020-09-30,3,34000,0.08
Sep 2020,SOM,12327530,Gedo,current,2020-07-01,2020-09-30,4,11000,0.03
Sep 2020,SOM,12327530,Gedo,current,2020-07-01,2020-09-30,5,0,0
Sep 2020,SOM,12327530,Gedo,first projection,2020-10-01,2020-12-31,all,430943,1.0
Sep 2020,SOM,12327530,Gedo,first projection,2020-10-01,2020-12-31,3+,69000,0.16
Sep 2020,SOM,12327530,Gedo,first projection,2020-10-01,2020-12-31,1,238943,0.55
Sep 2020,SOM,12327530,Gedo,first projection,2020-10-01,2020-12-31,2,123000,0.29
Sep 2020,SOM,12327530,Gedo,first projection,2020-10-01,2020-12-31,3,58000,0.13
Sep 2020,SOM,12327530,Gedo,first projection,2020-10-01,2020-12-31,4,11000,0.03
Sep 2020,SOM,12327530,Gedo,first projection,2020-10-01,2020-12-31,5,0,0
Sep 2020,SOM,12327530,Awdal,current,2020-07-01,2020-09-30,all,724573,1.0
Sep 2020,SOM,12327530,Awdal,current,2020-07-01,2020-09-30,3+,86000,0.12
Sep 2020,SOM,12327530,Awdal,current,2020-07-01,2020-09-30,1,465573,0.64
Sep 2020,SOM,12327530,Awdal,current,2020-07-01,2020-09-30,2,173000,0.24
Sep 2020,SOM,12327530,Awdal,current,2020-07-01,2020-09-30,3,53000,0.07
Sep 2020,SOM,12327530,Awdal,current,2020-07-01,2020-09-30,4,33000,0.05
Sep 2020,SOM,12327530,Awdal,current,2020-07-01,2020-09-30,5,0,0
Sep 2020,SOM,12327530,Awdal,first projection,2020-10-01,2020-12-31,all,724573,1.0
Sep 2020,SOM,12327530,Awdal,first projection,2020-10-01,2020-12-31,3+,136000,0.19
Sep 2020,SOM,12327530,Awdal,first projection,2020-10-01,2020-12-31,1,393573,0.54
Sep 2020,SOM,12327530,Awdal,first projection,2020-10-01,2020-12-31,2,195000,0.27
Sep 2020,SOM,12327530,Awdal,first projection,2020-10-01,2020-12-31,3,99000,0.14
Sep 2020,SOM,12327530,Awdal,first projection,2020-10-01,2020-12-31,4,37000,0.05
Sep 2020,SOM,12327530,Awdal,first projection,2020-10-01,2020-12-31,5,0,0
Sep 2020,SOM,12327530,Banadir,current,2020-07-01,2020-09-30,all,2228463,1.0
Sep 2020,SOM,12327530,Banadir,current,2020-07-01,2020-09-30,3+,174000,0.08
Sep 2020,SOM,12327530,Banadir,current,2020-07-01,2020-09-30,1,1627463,0.73
Sep 2020,SOM,12327530,Banadir,current,2020-07-01,2020-09-30,2,427000,0.19
Sep 2020,SOM,12327530,Banadir,current,2020-07-01,2020-09-30,3,149000,0.07
Sep 2020,SOM,12327530,Banadir,current,2020-07-01,2020-09-30,4,25000,0.01
Sep 2020,SOM,12327530,Banadir,current,2020-07-01,2020-09-30,5,0,0
Sep 2020,SOM,12327530,Banadir,first projection,2020-10-01,2020-12-31,all,2228463,1.0
Sep 2020,SOM,12327530,Banadir,first projection,2020-10-01,2020-12-31,3+,372000,0.17
Sep 2020,SOM,12327530,Banadir,first projection,2020-10-01,2020-12-31,1,1361463,0.61
Sep 2020,SOM,12327530,Banadir,first projection,2020-10-01,2020-12-31,2,495000,0.22
Sep 2020,SOM,12327530,Banadir,first projection,2020-10-01,2020-12-31,3,322000,0.14
Sep 2020,SOM,12327530,Banadir,first projection,2020-10-01,2020-12-31,4,50000,0.02
Sep 2020,SOM,12327530,Banadir,first projection,2020-10-01,2020-12-31,5,0,0
Sep 2020,SOM,12327530,Bari,current,2020-07-01,2020-09-30,all,712934,1.0
Sep 2020,SOM,12327530,Bari,current,2020-07-01,2020-09-30,3+,111000,0.16
Sep 2020,SOM,12327530,Bari,current,2020-07-01,2020-09-30,1,432934,0.61
Sep 2020,SOM,12327530,Bari,current,2020-07-01,2020-09-30,2,169000,0.24
Sep 2020,SOM,12327530,Bari,current,2020-07-01,2020-09-30,3,79000,0.11
Sep 2020,SOM,12327530,Bari,current,2020-07-01,2020-09-30,4,32000,0.04
Sep 2020,SOM,12327530,Bari,current,2020-07-01,2020-09-30,5,0,0
Sep 2020,SOM,12327530,Bari,first projection,2020-10-01,2020-12-31,all,712934,1.0
Sep 2020,SOM,12327530,Bari,first projection,2020-10-01,2020-12-31,3+,161000,0.23
Sep 2020,SOM,12327530,Bari,first projection,2020-10-01,2020-12-31,1,358934,0.5
Sep 2020,SOM,12327530,Bari,first projection,2020-10-01,2020-12-31,2,193000,0.27
Sep 2020,SOM,12327530,Bari,first projection,2020-10-01,2020-12-31,3,128000,0.18
Sep 2020,SOM,12327530,Bari,first projection,2020-10-01,2020-12-31,4,33000,0.05
Sep 2020,SOM,12327530,Bari,first projection,2020-10-01,2020-12-31,5,0,0
Sep 2020,SOM,12327530,Bay,current,2020-07-01,2020-09-30,all,846600,1.0
Sep 2020,SOM,12327530,Bay,current,2020-07-01,2020-09-30,3+,114000,0.13
Sep 2020,SOM,12327530,Bay,current,2020-07-01,2020-09-30,1,551600,0.65
Sep 2020,SOM,12327530,Bay,current,2020-07-01,2020-09-30,2,181000,0.21
Sep 2020,SOM,12327530,Bay,current,2020-07-01,2020-09-30,3,91000,0.11
Sep 2020,SOM,12327530,Bay,current,2020-07-01,2020-09-30,4,23000,0.03
Sep 2020,SOM,12327530,Bay,current,2020-07-01,2020-09-30,5,0,0
Sep 2020,SOM,12327530,Bay,first projection,2020-10-01,2020-12-31,all,846600,1.0
Sep 2020,SOM,12327530,Bay,first projection,2020-10-01,2020-12-31,3+,200000,0.24
Sep 2020,SOM,12327530,Bay,first projection,2020-10-01,2020-12-31,1,405600,0.48
Sep 2020,SOM,12327530,Bay,first projection,2020-10-01,2020-12-31,2,241000,0.28
Sep 2020,SOM,12327530,Bay,first projection,2020-10-01,2020-12-31,3,164000,0.19
Sep 2020,SOM,12327530,Bay,first projection,2020-10-01,2020-12-31,4,36000,0.04
Sep 2020,SOM,12327530,Bay,first projection,2020-10-01,2020-12-31,5,0,0
Sep 2020,SOM,12327530,Hiraan,current,2020-07-01,2020-09-30,all,422993,1.0
Sep 2020,SOM,12327530,Hiraan,current,2020-07-01,2020-09-30,3+,33000,0.08
Sep 2020,SOM,12327530,Hiraan,current,2020-07-01,2020-09-30,1,318993,0.75
Sep 2020,SOM,12327530,Hiraan,current,2020-07-01,2020-09-30,2,71000,0.17
Sep 2020,SOM,12327530,Hiraan,current,2020-07-01,2020-09-30,3,24000,0.06
Sep 2020,SOM,12327530,Hiraan,current,2020-07-01,2020-09-30,4,9000,0.02
Sep 2020,SOM,12327530,Hiraan,current,2020-07-01,2020-09-30,5,0,0
Sep 2020,SOM,12327530,Hiraan,first projection,2020-10-01,2020-12-31,all,422993,1.0
Sep 2020,SOM,12327530,Hiraan,first projection,2020-10-01,2020-12-31,3+,74000,0.17
Sep 2020,SOM,12327530,Hiraan,first projection,2020-10-01,2020-12-31,1,258993,0.61
Sep 2020,SOM,12327530,Hiraan,first projection,2020-10-01,2020-12-31,2,90000,0.21
Sep 2020,SOM,12327530,Hiraan,first projection,2020-10-01,2020-12-31,3,62000,0.15
Sep 2020,SOM,12327530,Hiraan,first projection,2020-10-01,2020-12-31,4,12000,0.03
Sep 2020,SOM,12327530,Hiraan,first projection,2020-10-01,2020-12-31,5,0,0
Sep 2020,SOM,12327530,Woqooyi Galbeed,current,2020-07-01,2020-09-30,all,8524530,1.0
Sep 2020,SOM,12327530,Woqooyi Galbeed,current,2020-07-01,2020-09-30,3+,137552,0.1
Sep 2020,SOM,12327530,Woqooyi Galbeed,current,2020-07-01,2020-09-30,1,886713,0.67
Sep 2020,SOM,12327530,Woqooyi Galbeed,current,2020-07-01,2020-09-30,2,297258,0.22
Sep 2020,SOM,12327530,Woqooyi Galbeed,current,2020-07-01,2020-09-30,3,81917,0.06
Sep 2020,SOM,12327530,Woqooyi Galbeed,current,2020-07-01,2020-09-30,4,55635,0.04
Sep 2020,SOM,12327530,Woqooyi Galbeed,current,2020-07-01,2020-09-30,5,0,0
Sep 2020,SOM,12327530,Woqooyi Galbeed,first projection,2020-10-01,2020-12-31,all,1321524,1.0
Sep 2020,SOM,12327530,Woqooyi Galbeed,first projection,2020-10-01,2020-12-31,3+,226310,0.17
Sep 2020,SOM,12327530,Woqooyi Galbeed,first projection,2020-10-01,2020-12-31,1,766951,0.58
Sep 2020,SOM,12327530,Woqooyi Galbeed,first projection,2020-10-01,2020-12-31,2,338704,0.26
Sep 2020,SOM,12327530,Woqooyi Galbeed,first projection,2020-10-01,2020-12-31,3,160234,0.12
Sep 2020,SOM,12327530,Woqooyi Galbeed,first projection,2020-10-01,2020-12-31,4,66076,0.05
Sep 2020,SOM,12327530,Woqooyi Galbeed,first projection,2020-10-01,2020-12-31,5,0,0
Sep 2020,SOM,12327530,Juba Dhexe,current,2020-07-01,2020-09-30,all,648936,1.0
Sep 2020,SOM,12327530,Juba Dhexe,current,2020-07-01,2020-09-30,3+,75000,0.12
Sep 2020,SOM,12327530,Juba Dhexe,current,2020-07-01,2020-09-30,1,465936,0.72
Sep 2020,SOM,12327530,Juba Dhexe,current,2020-07-01,2020-09-30,2,108000,0.17
Sep 2020,SOM,12327530,Juba Dhexe,current,2020-07-01,2020-09-30,3,66000,0.1
Sep 2020,SOM,12327530,Juba Dhexe,current,2020-07-01,2020-09-30,4,9000,0.01
Sep 2020,SOM,12327530,Juba Dhexe,current,2020-07-01,2020-09-30,5,0,0
Sep 2020,SOM,12327530,Juba Dhexe,first projection,2020-10-01,2020-12-31,all,648936,1.0
Sep 2020,SOM,12327530,Juba Dhexe,first projection,2020-10-01,2020-12-31,3+,112000,0.17
Sep 2020,SOM,12327530,Juba Dhexe,first projection,2020-10-01,2020-12-31,1,402936,0.62
Sep 2020,SOM,12327530,Juba Dhexe,first projection,2020-10-01,2020-12-31,2,134000,0.21
Sep 2020,SOM,12327530,Juba Dhexe,first projection,2020-10-01,2020-12-31,3,100000,0.15
Sep 2020,SOM,12327530,Juba Dhexe,first projection,2020-10-01,2020-12-31,4,12000,0.02
Sep 2020,SOM,12327530,Juba Dhexe,first projection,2020-10-01,2020-12-31,5,0,0
Sep 2020,SOM,12327530,Togdheer,current,2020-07-01,2020-09-30,all,755793,1.0
Sep 2020,SOM,12327530,Togdheer,current,2020-07-01,2020-09-30,3+,52000,0.07
Sep 2020,SOM,12327530,Togdheer,current,2020-07-01,2020-09-30,1,575793,0.76
Sep 2020,SOM,12327530,Togdheer,current,2020-07-01,2020-09-30,2,128000,0.17
Sep 2020,SOM,12327530,Togdheer,current,2020-07-01,2020-09-30,3,41000,0.05
Sep 2020,SOM,12327530,Togdheer,current,2020-07-01,2020-09-30,4,11000,0.01
Sep 2020,SOM,12327530,Togdheer,current,2020-07-01,2020-09-30,5,0,0
Sep 2020,SOM,12327530,Togdheer,first projection,2020-10-01,2020-12-31,all,755793,1.0
Sep 2020,SOM,12327530,Togdheer,first projection,2020-10-01,2020-12-31,3+,103000,0.14
Sep 2020,SOM,12327530,Togdheer,first projection,2020-10-01,2020-12-31,1,485793,0.64
Sep 2020,SOM,12327530,Togdheer,first projection,2020-10-01,2020-12-31,2,167000,0.22
Sep 2020,SOM,12327530,Togdheer,first projection,2020-10-01,2020-12-31,3,85000,0.11
Sep 2020,SOM,12327530,Togdheer,first projection,2020-10-01,2020-12-31,4,18000,0.02
Sep 2020,SOM,12327530,Togdheer,first projection,2020-10-01,2020-12-31,5,0,0
Sep 2020,SOM,12327530,Nugaal,current,2020-07-01,2020-09-30,all,436759,1.0
Sep 2020,SOM,12327530,Nugaal,current,2020-07-01,2020-09-30,3+,32000,0.07
Sep 2020,SOM,12327530,Nugaal,current,2020-07-01,2020-09-30,1,333759,0.76
Sep 2020,SOM,12327530,Nugaal,current,2020-07-01,2020-09-30,2,71000,0.16
Sep 2020,SOM,12327530,Nugaal,current,2020-07-01,2020-09-30,3,27000,0.06
Sep 2020,SOM,12327530,Nugaal,current,2020-07-01,2020-09-30,4,5000,0.01
Sep 2020,SOM,12327530,Nugaal,current,2020-07-01,2020-09-30,5,0,0
Sep 2020,SOM,12327530,Nugaal,first projection,2020-10-01,2020-12-31,all,436759,1.0
Sep 2020,SOM,12327530,Nugaal,first projection,2020-10-01,2020-12-31,3+,44000,0.1
Sep 2020,SOM,12327530,Nugaal,first projection,2020-10-01,2020-12-31,1,298759,0.68
Sep 2020,SOM,12327530,Nugaal,first projection,2020-10-01,2020-12-31,2,94000,0.22
Sep 2020,SOM,12327530,Nugaal,first projection,2020-10-01,2020-12-31,3,37000,0.08
Sep 2020,SOM,12327530,Nugaal,first projection,2020-10-01,2020-12-31,4,7000,0.02
Sep 2020,SOM,12327530,Nugaal,first projection,2020-10-01,2020-12-31,5,0,0
Sep 2020,SOM,12327530,Galgaduud,current,2020-07-01,2020-09-30,all,427809,1.0
Sep 2020,SOM,12327530,Galgaduud,current,2020-07-01,2020-09-30,3+,36000,0.08
Sep 2020,SOM,12327530,Galgaduud,current,2020-07-01,2020-09-30,1,282809,0.66
Sep 2020,SOM,12327530,Galgaduud,current,2020-07-01,2020-09-30,2,109000,0.25
Sep 2020,SOM,12327530,Galgaduud,current,2020-07-01,2020-09-30,3,36000,0.08
Sep 2020,SOM,12327530,Galgaduud,current,2020-07-01,2020-09-30,4,0,0
Sep 2020,SOM,12327530,Galgaduud,current,2020-07-01,2020-09-30,5,0,0
Sep 2020,SOM,12327530,Galgaduud,first projection,2020-10-01,2020-12-31,all,427809,1.0
Sep 2020,SOM,12327530,Galgaduud,first projection,2020-10-01,2020-12-31,3+,59000,0.14
Sep 2020,SOM,12327530,Galgaduud,first projection,2020-10-01,2020-12-31,1,244809,0.57
Sep 2020,SOM,12327530,Galgaduud,first projection,2020-10-01,2020-12-31,2,124000,0.29
Sep 2020,SOM,12327530,Galgaduud,first projection,2020-10-01,2020-12-31,3,58000,0.14
Sep 2020,SOM,12327530,Galgaduud,first projection,2020-10-01,2020-12-31,4,1000,0
Sep 2020,SOM,12327530,Galgaduud,first projection,2020-10-01,2020-12-31,5,0,0
Sep 2020,SOM,12327530,Sool,current,2020-07-01,2020-09-30,all,360432,1.0
Sep 2020,SOM,12327530,Sool,current,2020-07-01,2020-09-30,3+,39000,0.11
Sep 2020,SOM,12327530,Sool,current,2020-07-01,2020-09-30,1,246432,0.68
Sep 2020,SOM,12327530,Sool,current,2020-07-01,2020-09-30,2,75000,0.21
Sep 2020,SOM,12327530,Sool,current,2020-07-01,2020-09-30,3,25000,0.07
Sep 2020,SOM,12327530,Sool,current,2020-07-01,2020-09-30,4,14000,0.04
Sep 2020,SOM,12327530,Sool,current,2020-07-01,2020-09-30,5,0,0
Sep 2020,SOM,12327530,Sool,first projection,2020-10-01,2020-12-31,all,360432,1.0
Sep 2020,SOM,12327530,Sool,first projection,2020-10-01,2020-12-31,3+,74000,0.21
Sep 2020,SOM,12327530,Sool,first projection,2020-10-01,2020-12-31,1,191432,0.53
Sep 2020,SOM,12327530,Sool,first projection,2020-10-01,2020-12-31,2,95000,0.26
Sep 2020,SOM,12327530,Sool,first projection,2020-10-01,2020-12-31,3,47000,0.13
Sep 2020,SOM,12327530,Sool,first projection,2020-10-01,2020-12-31,4,27000,0.07
Sep 2020,SOM,12327530,Sool,first projection,2020-10-01,2020-12-31,5,0,0
Sep 2020,SOM,12327530,Sanaag,current,2020-07-01,2020-09-30,all,627723,1.0
Sep 2020,SOM,12327530,Sanaag,current,2020-07-01,2020-09-30,3+,68000,0.11
Sep 2020,SOM,12327530,Sanaag,current,2020-07-01,2020-09-30,1,392723,0.63
Sep 2020,SOM,12327530,Sanaag,current,2020-07-01,2020-09-30,2,167000,0.27
Sep 2020,SOM,12327530,Sanaag,current,2020-07-01,2020-09-30,3,65000,0.1
Sep 2020,SOM,12327530,Sanaag,current,2020-07-01,2020-09-30,4,3000,0
Sep 2020,SOM,12327530,Sanaag,current,2020-07-01,2020-09-30,5,0,0
Sep 2020,SOM,12327530,Sanaag,first projection,2020-10-01,2020-12-31,all,627723,1.0
Sep 2020,SOM,12327530,Sanaag,first projection,2020-10-01,2020-12-31,3+,118000,0.19
Sep 2020,SOM,12327530,Sanaag,first projection,2020-10-01,2020-12-31,1,325723,0.52
Sep 2020,SOM,12327530,Sanaag,first projection,2020-10-01,2020-12-31,2,184000,0.29
Sep 2020,SOM,12327530,Sanaag,first projection,2020-10-01,2020-12-31,3,111000,0.18
Sep 2020,SOM,12327530,Sanaag,first projection,2020-10-01,2020-12-31,4,7000,0.01
Sep 2020,SOM,12327530,Sanaag,first projection,2020-10-01,2020-12-31,5,0,0
Sep 2020,SOM,12327530,Mudug,current,2020-07-01,2020-09-30,all,286538,1.0
Sep 2020,SOM,12327530,Mudug,current,2020-07-01,2020-09-30,3+,40000,0.14
Sep 2020,SOM,12327530,Mudug,current,2020-07-01,2020-09-30,1,199538,0.7
Sep 2020,SOM,12327530,Mudug,current,2020-07-01,2020-09-30,2,47000,0.16
Sep 2020,SOM,12327530,Mudug,current,2020-07-01,2020-09-30,3,31000,0.11
Sep 2020,SOM,12327530,Mudug,current,2020-07-01,2020-09-30,4,9000,0.03
Sep 2020,SOM,12327530,Mudug,current,2020-07-01,2020-09-30,5,0,0
Sep 2020,SOM,12327530,Mudug,first projection,2020-10-01,2020-12-31,all,286538,1.0
Sep 2020,SOM,12327530,Mudug,first projection,2020-10-01,2020-12-31,3+,41000,0.14
Sep 2020,SOM,12327530,Mudug,first projection,2020-10-01,2020-12-31,1,193538,0.68
Sep 2020,SOM,12327530,Mudug,first projection,2020-10-01,2020-12-31,2,52000,0.18
Sep 2020,SOM,12327530,Mudug,first projection,2020-10-01,2020-12-31,3,35000,0.12
Sep 2020,SOM,12327530,Mudug,first projection,2020-10-01,2020-12-31,4,6000,0.02
Sep 2020,SOM,12327530,Mudug,first projection,2020-10-01,2020-12-31,5,0,0
Jan 2020,SOM,12327530,Awdal,current,2020-01-01,2020-03-31,all,724573,1.0
Jan 2020,SOM,12327530,Awdal,current,2020-01-01,2020-03-31,3+,61000,0.09
Jan 2020,SOM,12327530,Awdal,current,2020-01-01,2020-03-31,1,490573,0.68
Jan 2020,SOM,12327530,Awdal,current,2020-01-01,2020-03-31,2,173000,0.24
Jan 2020,SOM,12327530,Awdal,current,2020-01-01,2020-03-31,3,48000,0.07
Jan 2020,SOM,12327530,Awdal,current,2020-01-01,2020-03-31,4,13000,0.02
Jan 2020,SOM,12327530,Awdal,current,2020-01-01,2020-03-31,5,0,0
Jan 2020,SOM,12327530,Awdal,first projection,2020-04-01,2020-06-30,all,724573,1.0
Jan 2020,SOM,12327530,Awdal,first projection,2020-04-01,2020-06-30,3+,69000,0.1
Jan 2020,SOM,12327530,Awdal,first projection,2020-04-01,2020-06-30,1,475573,0.66
Jan 2020,SOM,12327530,Awdal,first projection,2020-04-01,2020-06-30,2,180000,0.25
Jan 2020,SOM,12327530,Awdal,first projection,2020-04-01,2020-06-30,3,56000,0.08
Jan 2020,SOM,12327530,Awdal,first projection,2020-04-01,2020-06-30,4,13000,0.02
Jan 2020,SOM,12327530,Awdal,first projection,2020-04-01,2020-06-30,5,0,0
Jan 2020,SOM,12327530,Shabelle Dhexe,current,2020-01-01,2020-03-31,all,436759,1.0
Jan 2020,SOM,12327530,Shabelle Dhexe,current,2020-01-01,2020-03-31,3+,11000,0.03
Jan 2020,SOM,12327530,Shabelle Dhexe,current,2020-01-01,2020-03-31,1,353759,0.81
Jan 2020,SOM,12327530,Shabelle Dhexe,current,2020-01-01,2020-03-31,2,72000,0.16
Jan 2020,SOM,12327530,Shabelle Dhexe,current,2020-01-01,2020-03-31,3,8000,0.02
Jan 2020,SOM,12327530,Shabelle Dhexe,current,2020-01-01,2020-03-31,4,3000,0.01
Jan 2020,SOM,12327530,Shabelle Dhexe,current,2020-01-01,2020-03-31,5,0,0
Jan 2020,SOM,12327530,Shabelle Dhexe,first projection,2020-04-01,2020-06-30,all,436759,1.0
Jan 2020,SOM,12327530,Shabelle Dhexe,first projection,2020-04-01,2020-06-30,3+,21000,0.05
Jan 2020,SOM,12327530,Shabelle Dhexe,first projection,2020-04-01,2020-06-30,1,347759,0.8
Jan 2020,SOM,12327530,Shabelle Dhexe,first projection,2020-04-01,2020-06-30,2,68000,0.16
Jan 2020,SOM,12327530,Shabelle Dhexe,first projection,2020-04-01,2020-06-30,3,18000,0.04
Jan 2020,SOM,12327530,Shabelle Dhexe,first projection,2020-04-01,2020-06-30,4,3000,0.01
Jan 2020,SOM,12327530,Shabelle Dhexe,first projection,2020-04-01,2020-06-30,5,0,0
Jan 2020,SOM,12327530,Galgaduud,current,2020-01-01,2020-03-31,all,427809,1.0
Jan 2020,SOM,12327530,Galgaduud,current,2020-01-01,2020-03-31,3+,73000,0.17
Jan 2020,SOM,12327530,Galgaduud,current,2020-01-01,2020-03-31,1,221809,0.52
Jan 2020,SOM,12327530,Galgaduud,current,2020-01-01,2020-03-31,2,133000,0.31
Jan 2020,SOM,12327530,Galgaduud,current,2020-01-01,2020-03-31,3,62000,0.14
Jan 2020,SOM,12327530,Galgaduud,current,2020-01-01,2020-03-31,4,11000,0.03
Jan 2020,SOM,12327530,Galgaduud,current,2020-01-01,2020-03-31,5,0,0
Jan 2020,SOM,12327530,Galgaduud,first projection,2020-04-01,2020-06-30,all,427809,1.0
Jan 2020,SOM,12327530,Galgaduud,first projection,2020-04-01,2020-06-30,3+,79000,0.18
Jan 2020,SOM,12327530,Galgaduud,first projection,2020-04-01,2020-06-30,1,210809,0.49
Jan 2020,SOM,12327530,Galgaduud,first projection,2020-04-01,2020-06-30,2,138000,0.32
Jan 2020,SOM,12327530,Galgaduud,first projection,2020-04-01,2020-06-30,3,66000,0.15
Jan 2020,SOM,12327530,Galgaduud,first projection,2020-04-01,2020-06-30,4,13000,0.03
Jan 2020,SOM,12327530,Galgaduud,first projection,2020-04-01,2020-06-30,5,0,0
Jan 2020,SOM,12327530,Juba Dhexe,current,2020-01-01,2020-03-31,all,286538,1.0
Jan 2020,SOM,12327530,Juba Dhexe,current,2020-01-01,2020-03-31,3+,33000,0.11
Jan 2020,SOM,12327530,Juba Dhexe,current,2020-01-01,2020-03-31,1,183538,0.64
Jan 2020,SOM,12327530,Juba Dhexe,current,2020-01-01,2020-03-31,2,70000,0.25
Jan 2020,SOM,12327530,Juba Dhexe,current,2020-01-01,2020-03-31,3,32000,0.11
Jan 2020,SOM,12327530,Juba Dhexe,current,2020-01-01,2020-03-31,4,1000,0
Jan 2020,SOM,12327530,Juba Dhexe,current,2020-01-01,2020-03-31,5,0,0
Jan 2020,SOM,12327530,Juba Dhexe,first projection,2020-04-01,2020-06-30,all,286538,1.0
Jan 2020,SOM,12327530,Juba Dhexe,first projection,2020-04-01,2020-06-30,3+,25599,0.09
Jan 2020,SOM,12327530,Juba Dhexe,first projection,2020-04-01,2020-06-30,1,193538,0.68
Jan 2020,SOM,12327530,Juba Dhexe,first projection,2020-04-01,2020-06-30,2,67000,0.23
Jan 2020,SOM,12327530,Juba Dhexe,first projection,2020-04-01,2020-06-30,3,25000,0.09
Jan 2020,SOM,12327530,Juba Dhexe,first projection,2020-04-01,2020-06-30,4,599,0
Jan 2020,SOM,12327530,Juba Dhexe,first projection,2020-04-01,2020-06-30,5,0,0
Jan 2020,SOM,12327530,Bay,current,2020-01-01,2020-03-31,all,846600,1.0
Jan 2020,SOM,12327530,Bay,current,2020-01-01,2020-03-31,3+,88000,0.11
Jan 2020,SOM,12327530,Bay,current,2020-01-01,2020-03-31,1,581600,0.68
Jan 2020,SOM,12327530,Bay,current,2020-01-01,2020-03-31,2,177000,0.21
Jan 2020,SOM,12327530,Bay,current,2020-01-01,2020-03-31,3,74000,0.09
Jan 2020,SOM,12327530,Bay,current,2020-01-01,2020-03-31,4,14000,0.02
Jan 2020,SOM,12327530,Bay,current,2020-01-01,2020-03-31,5,0,0
Jan 2020,SOM,12327530,Bay,first projection,2020-04-01,2020-06-30,all,846600,1.0
Jan 2020,SOM,12327530,Bay,first projection,2020-04-01,2020-06-30,3+,120000,0.14
Jan 2020,SOM,12327530,Bay,first projection,2020-04-01,2020-06-30,1,568600,0.67
Jan 2020,SOM,12327530,Bay,first projection,2020-04-01,2020-06-30,2,158000,0.19
Jan 2020,SOM,12327530,Bay,first projection,2020-04-01,2020-06-30,3,93000,0.11
Jan 2020,SOM,12327530,Bay,first projection,2020-04-01,2020-06-30,4,27000,0.03
Jan 2020,SOM,12327530,Bay,first projection,2020-04-01,2020-06-30,5,0,0
Jan 2020,SOM,12327530,Sanaag,current,2020-01-01,2020-03-31,all,562067,1.0
Jan 2020,SOM,12327530,Sanaag,current,2020-01-01,2020-03-31,3+,43000,0.08
Jan 2020,SOM,12327530,Sanaag,current,2020-01-01,2020-03-31,1,403067,0.72
Jan 2020,SOM,12327530,Sanaag,current,2020-01-01,2020-03-31,2,116000,0.21
Jan 2020,SOM,12327530,Sanaag,current,2020-01-01,2020-03-31,3,32000,0.06
Jan 2020,SOM,12327530,Sanaag,current,2020-01-01,2020-03-31,4,11000,0.02
Jan 2020,SOM,12327530,Sanaag,current,2020-01-01,2020-03-31,5,0,0
Jan 2020,SOM,12327530,Sanaag,first projection,2020-04-01,2020-06-30,all,562067,1.0
Jan 2020,SOM,12327530,Sanaag,first projection,2020-04-01,2020-06-30,3+,48000,0.09
Jan 2020,SOM,12327530,Sanaag,first projection,2020-04-01,2020-06-30,1,398067,0.71
Jan 2020,SOM,12327530,Sanaag,first projection,2020-04-01,2020-06-30,2,116000,0.21
Jan 2020,SOM,12327530,Sanaag,first projection,2020-04-01,2020-06-30,3,37000,0.07
Jan 2020,SOM,12327530,Sanaag,first projection,2020-04-01,2020-06-30,4,11000,0.02
Jan 2020,SOM,12327530,Sanaag,first projection,2020-04-01,2020-06-30,5,0,0
Jan 2020,SOM,12327530,Shabelle Hoose,current,2020-01-01,2020-03-31,all,911502,1.0
Jan 2020,SOM,12327530,Shabelle Hoose,current,2020-01-01,2020-03-31,3+,34000,0.04
Jan 2020,SOM,12327530,Shabelle Hoose,current,2020-01-01,2020-03-31,1,685502,0.75
Jan 2020,SOM,12327530,Shabelle Hoose,current,2020-01-01,2020-03-31,2,192000,0.21
Jan 2020,SOM,12327530,Shabelle Hoose,current,2020-01-01,2020-03-31,3,25000,0.03
Jan 2020,SOM,12327530,Shabelle Hoose,current,2020-01-01,2020-03-31,4,9000,0.01
Jan 2020,SOM,12327530,Shabelle Hoose,current,2020-01-01,2020-03-31,5,0,0
Jan 2020,SOM,12327530,Shabelle Hoose,first projection,2020-04-01,2020-06-30,all,911502,1.0
Jan 2020,SOM,12327530,Shabelle Hoose,first projection,2020-04-01,2020-06-30,3+,34000,0.04
Jan 2020,SOM,12327530,Shabelle Hoose,first projection,2020-04-01,2020-06-30,1,697502,0.77
Jan 2020,SOM,12327530,Shabelle Hoose,first projection,2020-04-01,2020-06-30,2,180000,0.2
Jan 2020,SOM,12327530,Shabelle Hoose,first projection,2020-04-01,2020-06-30,3,25000,0.03
Jan 2020,SOM,12327530,Shabelle Hoose,first projection,2020-04-01,2020-06-30,4,9000,0.01
Jan 2020,SOM,12327530,Shabelle Hoose,first projection,2020-04-01,2020-06-30,5,0,0
Jan 2020,SOM,12327530,Togdheer,current,2020-01-01,2020-03-31,all,755793,1.0
Jan 2020,SOM,12327530,Togdheer,current,2020-01-01,2020-03-31,3+,123000,0.17
Jan 2020,SOM,12327530,Togdheer,current,2020-01-01,2020-03-31,1,452793,0.6
Jan 2020,SOM,12327530,Togdheer,current,2020-01-01,2020-03-31,2,180000,0.24
Jan 2020,SOM,12327530,Togdheer,current,2020-01-01,2020-03-31,3,110000,0.15
Jan 2020,SOM,12327530,Togdheer,current,2020-01-01,2020-03-31,4,13000,0.02
Jan 2020,SOM,12327530,Togdheer,current,2020-01-01,2020-03-31,5,0,0
Jan 2020,SOM,12327530,Togdheer,first projection,2020-04-01,2020-06-30,all,755793,1.0
Jan 2020,SOM,12327530,Togdheer,first projection,2020-04-01,2020-06-30,3+,104000,0.14
Jan 2020,SOM,12327530,Togdheer,first projection,2020-04-01,2020-06-30,1,470793,0.62
Jan 2020,SOM,12327530,Togdheer,first projection,2020-04-01,2020-06-30,2,181000,0.24
Jan 2020,SOM,12327530,Togdheer,first projection,2020-04-01,2020-06-30,3,91000,0.12
Jan 2020,SOM,12327530,Togdheer,first projection,2020-04-01,2020-06-30,4,13000,0.02
Jan 2020,SOM,12327530,Togdheer,first projection,2020-04-01,2020-06-30,5,0,0
Jan 2020,SOM,12327530,Mudug,current,2020-01-01,2020-03-31,all,627723,1.0
Jan 2020,SOM,12327530,Mudug,current,2020-01-01,2020-03-31,3+,79000,0.12
Jan 2020,SOM,12327530,Mudug,current,2020-01-01,2020-03-31,1,358723,0.57
Jan 2020,SOM,12327530,Mudug,current,2020-01-01,2020-03-31,2,190000,0.3
Jan 2020,SOM,12327530,Mudug,current,2020-01-01,2020-03-31,3,65000,0.1
Jan 2020,SOM,12327530,Mudug,current,2020-01-01,2020-03-31,4,14000,0.02
Jan 2020,SOM,12327530,Mudug,current,2020-01-01,2020-03-31,5,0,0
Jan 2020,SOM,12327530,Mudug,first projection,2020-04-01,2020-06-30,all,627723,1.0
Jan 2020,SOM,12327530,Mudug,first projection,2020-04-01,2020-06-30,3+,94000,0.15
Jan 2020,SOM,12327530,Mudug,first projection,2020-04-01,2020-06-30,1,336723,0.53
Jan 2020,SOM,12327530,Mudug,first projection,2020-04-01,2020-06-30,2,197000,0.32
Jan 2020,SOM,12327530,Mudug,first projection,2020-04-01,2020-06-30,3,74000,0.12
Jan 2020,SOM,12327530,Mudug,first projection,2020-04-01,2020-06-30,4,20000,0.03
Jan 2020,SOM,12327530,Mudug,first projection,2020-04-01,2020-06-30,5,0,0
Jan 2020,SOM,12327530,Gedo,current,2020-01-01,2020-03-31,all,430943,1.0
Jan 2020,SOM,12327530,Gedo,current,2020-01-01,2020-03-31,3+,60000,0.13
Jan 2020,SOM,12327530,Gedo,current,2020-01-01,2020-03-31,1,190943,0.44
Jan 2020,SOM,12327530,Gedo,current,2020-01-01,2020-03-31,2,180000,0.42
Jan 2020,SOM,12327530,Gedo,current,2020-01-01,2020-03-31,3,45000,0.1
Jan 2020,SOM,12327530,Gedo,current,2020-01-01,2020-03-31,4,15000,0.03
Jan 2020,SOM,12327530,Gedo,current,2020-01-01,2020-03-31,5,0,0
Jan 2020,SOM,12327530,Gedo,first projection,2020-04-01,2020-06-30,all,430943,1.0
Jan 2020,SOM,12327530,Gedo,first projection,2020-04-01,2020-06-30,3+,66000,0.15
Jan 2020,SOM,12327530,Gedo,first projection,2020-04-01,2020-06-30,1,228943,0.53
Jan 2020,SOM,12327530,Gedo,first projection,2020-04-01,2020-06-30,2,136000,0.32
Jan 2020,SOM,12327530,Gedo,first projection,2020-04-01,2020-06-30,3,48000,0.11
Jan 2020,SOM,12327530,Gedo,first projection,2020-04-01,2020-06-30,4,18000,0.04
Jan 2020,SOM,12327530,Gedo,first projection,2020-04-01,2020-06-30,5,0,0
Jan 2020,SOM,12327530,Sool,current,2020-01-01,2020-03-31,all,360432,1.0
Jan 2020,SOM,12327530,Sool,current,2020-01-01,2020-03-31,3+,26000,0.07
Jan 2020,SOM,12327530,Sool,current,2020-01-01,2020-03-31,1,258432,0.72
Jan 2020,SOM,12327530,Sool,current,2020-01-01,2020-03-31,2,76000,0.21
Jan 2020,SOM,12327530,Sool,current,2020-01-01,2020-03-31,3,22000,0.06
Jan 2020,SOM,12327530,Sool,current,2020-01-01,2020-03-31,4,4000,0.01
Jan 2020,SOM,12327530,Sool,current,2020-01-01,2020-03-31,5,0,0
Jan 2020,SOM,12327530,Sool,first projection,2020-04-01,2020-06-30,all,360432,1.0
Jan 2020,SOM,12327530,Sool,first projection,2020-04-01,2020-06-30,3+,37000,0.1
Jan 2020,SOM,12327530,Sool,first projection,2020-04-01,2020-06-30,1,245432,0.68
Jan 2020,SOM,12327530,Sool,first projection,2020-04-01,2020-06-30,2,78000,0.22
Jan 2020,SOM,12327530,Sool,first projection,2020-04-01,2020-06-30,3,30000,0.08
Jan 2020,SOM,12327530,Sool,first projection,2020-04-01,2020-06-30,4,7000,0.02
Jan 2020,SOM,12327530,Sool,first projection,2020-04-01,2020-06-30,5,0,0
Jan 2020,SOM,12327530,Juba Hoose,current,2020-01-01,2020-03-31,all,648936,1.0
Jan 2020,SOM,12327530,Juba Hoose,current,2020-01-01,2020-03-31,3+,99000,0.15
Jan 2020,SOM,12327530,Juba Hoose,current,2020-01-01,2020-03-31,1,398936,0.61
Jan 2020,SOM,12327530,Juba Hoose,current,2020-01-01,2020-03-31,2,151000,0.23
Jan 2020,SOM,12327530,Juba Hoose,current,2020-01-01,2020-03-31,3,85000,0.13
Jan 2020,SOM,12327530,Juba Hoose,current,2020-01-01,2020-03-31,4,14000,0.02
Jan 2020,SOM,12327530,Juba Hoose,current,2020-01-01,2020-03-31,5,0,0
Jan 2020,SOM,12327530,Juba Hoose,first projection,2020-04-01,2020-06-30,all,648936,1.0
Jan 2020,SOM,12327530,Juba Hoose,first projection,2020-04-01,2020-06-30,3+,106000,0.16
Jan 2020,SOM,12327530,Juba Hoose,first projection,2020-04-01,2020-06-30,1,391936,0.6
Jan 2020,SOM,12327530,Juba Hoose,first projection,2020-04-01,2020-06-30,2,151000,0.23
Jan 2020,SOM,12327530,Juba Hoose,first projection,2020-04-01,2020-06-30,3,90000,0.14
Jan 2020,SOM,12327530,Juba Hoose,first projection,2020-04-01,2020-06-30,4,16000,0.02
Jan 2020,SOM,12327530,Juba Hoose,first projection,2020-04-01,2020-06-30,5,0,0
Jan 2020,SOM,12327530,Bakool,current,2020-01-01,2020-03-31,all,284353,1.0
Jan 2020,SOM,12327530,Bakool,current,2020-01-01,2020-03-31,3+,12000,0.05
Jan 2020,SOM,12327530,Bakool,current,2020-01-01,2020-03-31,1,240353,0.85
Jan 2020,SOM,12327530,Bakool,current,2020-01-01,2020-03-31,2,32000,0.11
Jan 2020,SOM,12327530,Bakool,current,2020-01-01,2020-03-31,3,10000,0.04
Jan 2020,SOM,12327530,Bakool,current,2020-01-01,2020-03-31,4,2000,0.01
Jan 2020,SOM,12327530,Bakool,current,2020-01-01,2020-03-31,5,0,0
Jan 2020,SOM,12327530,Bakool,first projection,2020-04-01,2020-06-30,all,284353,1.0
Jan 2020,SOM,12327530,Bakool,first projection,2020-04-01,2020-06-30,3+,12000,0.05
Jan 2020,SOM,12327530,Bakool,first projection,2020-04-01,2020-06-30,1,240353,0.85
Jan 2020,SOM,12327530,Bakool,first projection,2020-04-01,2020-06-30,2,32000,0.11
Jan 2020,SOM,12327530,Bakool,first projection,2020-04-01,2020-06-30,3,10000,0.04
Jan 2020,SOM,12327530,Bakool,first projection,2020-04-01,2020-06-30,4,2000,0.01
Jan 2020,SOM,12327530,Bakool,first projection,2020-04-01,2020-06-30,5,0,0
Jan 2020,SOM,12327530,Hiraan,current,2020-01-01,2020-03-31,all,422993,1.0
Jan 2020,SOM,12327530,Hiraan,current,2020-01-01,2020-03-31,3+,23000,0.05
Jan 2020,SOM,12327530,Hiraan,current,2020-01-01,2020-03-31,1,313993,0.74
Jan 2020,SOM,12327530,Hiraan,current,2020-01-01,2020-03-31,2,86000,0.2
Jan 2020,SOM,12327530,Hiraan,current,2020-01-01,2020-03-31,3,19000,0.04
Jan 2020,SOM,12327530,Hiraan,current,2020-01-01,2020-03-31,4,4000,0.01
Jan 2020,SOM,12327530,Hiraan,current,2020-01-01,2020-03-31,5,0,0
Jan 2020,SOM,12327530,Hiraan,first projection,2020-04-01,2020-06-30,all,422993,1.0
Jan 2020,SOM,12327530,Hiraan,first projection,2020-04-01,2020-06-30,3+,32000,0.07
Jan 2020,SOM,12327530,Hiraan,first projection,2020-04-01,2020-06-30,1,301993,0.71
Jan 2020,SOM,12327530,Hiraan,first projection,2020-04-01,2020-06-30,2,89000,0.21
Jan 2020,SOM,12327530,Hiraan,first projection,2020-04-01,2020-06-30,3,27000,0.06
Jan 2020,SOM,12327530,Hiraan,first projection,2020-04-01,2020-06-30,4,5000,0.01
Jan 2020,SOM,12327530,Hiraan,first projection,2020-04-01,2020-06-30,5,0,0
Jan 2020,SOM,12327530,Bari,current,2020-01-01,2020-03-31,all,712934,1.0
Jan 2020,SOM,12327530,Bari,current,2020-01-01,2020-03-31,3+,74000,0.11
Jan 2020,SOM,12327530,Bari,current,2020-01-01,2020-03-31,1,464934,0.65
Jan 2020,SOM,12327530,Bari,current,2020-01-01,2020-03-31,2,174000,0.24
Jan 2020,SOM,12327530,Bari,current,2020-01-01,2020-03-31,3,61000,0.09
Jan 2020,SOM,12327530,Bari,current,2020-01-01,2020-03-31,4,13000,0.02
Jan 2020,SOM,12327530,Bari,current,2020-01-01,2020-03-31,5,0,0
Jan 2020,SOM,12327530,Bari,first projection,2020-04-01,2020-06-30,all,712934,1.0
Jan 2020,SOM,12327530,Bari,first projection,2020-04-01,2020-06-30,3+,88000,0.12
Jan 2020,SOM,12327530,Bari,first projection,2020-04-01,2020-06-30,1,443934,0.62
Jan 2020,SOM,12327530,Bari,first projection,2020-04-01,2020-06-30,2,181000,0.25
Jan 2020,SOM,12327530,Bari,first projection,2020-04-01,2020-06-30,3,71000,0.1
Jan 2020,SOM,12327530,Bari,first projection,2020-04-01,2020-06-30,4,17000,0.02
Jan 2020,SOM,12327530,Bari,first projection,2020-04-01,2020-06-30,5,0,0
Jan 2020,SOM,12327530,Nugaal,current,2020-01-01,2020-03-31,all,337588,1.0
Jan 2020,SOM,12327530,Nugaal,current,2020-01-01,2020-03-31,3+,37000,0.11
Jan 2020,SOM,12327530,Nugaal,current,2020-01-01,2020-03-31,1,232588,0.69
Jan 2020,SOM,12327530,Nugaal,current,2020-01-01,2020-03-31,2,68000,0.2
Jan 2020,SOM,12327530,Nugaal,current,2020-01-01,2020-03-31,3,33000,0.1
Jan 2020,SOM,12327530,Nugaal,current,2020-01-01,2020-03-31,4,4000,0.01
Jan 2020,SOM,12327530,Nugaal,current,2020-01-01,2020-03-31,5,0,0
Jan 2020,SOM,12327530,Nugaal,first projection,2020-04-01,2020-06-30,all,337588,1.0
Jan 2020,SOM,12327530,Nugaal,first projection,2020-04-01,2020-06-30,3+,41000,0.12
Jan 2020,SOM,12327530,Nugaal,first projection,2020-04-01,2020-06-30,1,226588,0.67
Jan 2020,SOM,12327530,Nugaal,first projection,2020-04-01,2020-06-30,2,70000,0.2
Jan 2020,SOM,12327530,Nugaal,first projection,2020-04-01,2020-06-30,3,35000,0.1
Jan 2020,SOM,12327530,Nugaal,first projection,2020-04-01,2020-06-30,4,6000,0.02
Jan 2020,SOM,12327530,Nugaal,first projection,2020-04-01,2020-06-30,5,0,0
Jan 2020,SOM,12327530,Woqooyi Galbeed,current,2020-01-01,2020-03-31,all,1321524,1.0
Jan 2020,SOM,12327530,Woqooyi Galbeed,current,2020-01-01,2020-03-31,3+,141000,0.1
Jan 2020,SOM,12327530,Woqooyi Galbeed,current,2020-01-01,2020-03-31,1,859524,0.65
Jan 2020,SOM,12327530,Woqooyi Galbeed,current,2020-01-01,2020-03-31,2,321000,0.24
Jan 2020,SOM,12327530,Woqooyi Galbeed,current,2020-01-01,2020-03-31,3,135000,0.1
Jan 2020,SOM,12327530,Woqooyi Galbeed,current,2020-01-01,2020-03-31,4,6000,0
Jan 2020,SOM,12327530,Woqooyi Galbeed,current,2020-01-01,2020-03-31,5,0,0
Jan 2020,SOM,12327530,Woqooyi Galbeed,first projection,2020-04-01,2020-06-30,all,1321524,1.0
Jan 2020,SOM,12327530,Woqooyi Galbeed,first projection,2020-04-01,2020-06-30,3+,153000,0.12
Jan 2020,SOM,12327530,Woqooyi Galbeed,first projection,2020-04-01,2020-06-30,1,840524,0.64
Jan 2020,SOM,12327530,Woqooyi Galbeed,first projection,2020-04-01,2020-06-30,2,328000,0.25
Jan 2020,SOM,12327530,Woqooyi Galbeed,first projection,2020-04-01,2020-06-30,3,145000,0.11
Jan 2020,SOM,12327530,Woqooyi Galbeed,first projection,2020-04-01,2020-06-30,4,8000,0.01
Jan 2020,SOM,12327530,Woqooyi Galbeed,first projection,2020-04-01,2020-06-30,5,0,0
Jan 2020,SOM,12327530,Banadir,current,2020-01-01,2020-03-31,all,2228463,1.0
Jan 2020,SOM,12327530,Banadir,current,2020-01-01,2020-03-31,3+,130000,0.06
Jan 2020,SOM,12327530,Banadir,current,2020-01-01,2020-03-31,1,1633463,0.73
Jan 2020,SOM,12327530,Banadir,current,2020-01-01,2020-03-31,2,465000,0.21
Jan 2020,SOM,12327530,Banadir,current,2020-01-01,2020-03-31,3,93000,0.04
Jan 2020,SOM,12327530,Banadir,current,2020-01-01,2020-03-31,4,37000,0.02
Jan 2020,SOM,12327530,Banadir,current,2020-01-01,2020-03-31,5,0,0
Jan 2020,SOM,12327530,Banadir,first projection,2020-04-01,2020-06-30,all,2228463,1.0
Jan 2020,SOM,12327530,Banadir,first projection,2020-04-01,2020-06-30,3+,168000,0.07
Jan 2020,SOM,12327530,Banadir,first projection,2020-04-01,2020-06-30,1,1571463,0.71
Jan 2020,SOM,12327530,Banadir,first projection,2020-04-01,2020-06-30,2,489000,0.22
Jan 2020,SOM,12327530,Banadir,first projection,2020-04-01,2020-06-30,3,118000,0.05
Jan 2020,SOM,12327530,Banadir,first projection,2020-04-01,2020-06-30,4,50000,0.02
Jan 2020,SOM,12327530,Banadir,first projection,2020-04-01,2020-06-30,5,0,0
Aug 2019,SOM,12327530,Awdal,current,2019-07-01,2019-09-30,all,673264,1.0
Aug 2019,SOM,12327530,Awdal,current,2019-07-01,2019-09-30,3+,61000,0.09
Aug 2019,SOM,12327530,Awdal,current,2019-07-01,2019-09-30,1,339264,0.5
Aug 2019,SOM,12327530,Awdal,current,2019-07-01,2019-09-30,2,273000,0.41
Aug 2019,SOM,12327530,Awdal,current,2019-07-01,2019-09-30,3,40000,0.06
Aug 2019,SOM,12327530,Awdal,current,2019-07-01,2019-09-30,4,21000,0.03
Aug 2019,SOM,12327530,Awdal,current,2019-07-01,2019-09-30,5,0,0
Aug 2019,SOM,12327530,Awdal,first projection,2019-10-01,2019-12-31,all,673264,1.0
Aug 2019,SOM,12327530,Awdal,first projection,2019-10-01,2019-12-31,3+,126000,0.19
Aug 2019,SOM,12327530,Awdal,first projection,2019-10-01,2019-12-31,1,282264,0.42
Aug 2019,SOM,12327530,Awdal,first projection,2019-10-01,2019-12-31,2,265000,0.39
Aug 2019,SOM,12327530,Awdal,first projection,2019-10-01,2019-12-31,3,87000,0.13
Aug 2019,SOM,12327530,Awdal,first projection,2019-10-01,2019-12-31,4,39000,0.06
Aug 2019,SOM,12327530,Awdal,first projection,2019-10-01,2019-12-31,5,0,0
Aug 2019,SOM,12327530,Bari,current,2019-07-01,2019-09-30,all,730147,1.0
Aug 2019,SOM,12327530,Bari,current,2019-07-01,2019-09-30,3+,41000,0.06
Aug 2019,SOM,12327530,Bari,current,2019-07-01,2019-09-30,1,475147,0.65
Aug 2019,SOM,12327530,Bari,current,2019-07-01,2019-09-30,2,214000,0.29
Aug 2019,SOM,12327530,Bari,current,2019-07-01,2019-09-30,3,34000,0.05
Aug 2019,SOM,12327530,Bari,current,2019-07-01,2019-09-30,4,7000,0.01
Aug 2019,SOM,12327530,Bari,current,2019-07-01,2019-09-30,5,0,0
Aug 2019,SOM,12327530,Bari,first projection,2019-10-01,2019-12-31,all,730147,1.0
Aug 2019,SOM,12327530,Bari,first projection,2019-10-01,2019-12-31,3+,85000,0.12
Aug 2019,SOM,12327530,Bari,first projection,2019-10-01,2019-12-31,1,407147,0.56
Aug 2019,SOM,12327530,Bari,first projection,2019-10-01,2019-12-31,2,238000,0.33
Aug 2019,SOM,12327530,Bari,first projection,2019-10-01,2019-12-31,3,71000,0.1
Aug 2019,SOM,12327530,Bari,first projection,2019-10-01,2019-12-31,4,14000,0.02
Aug 2019,SOM,12327530,Bari,first projection,2019-10-01,2019-12-31,5,0,0
Aug 2019,SOM,12327530,Bay,current,2019-07-01,2019-09-30,all,792182,1.0
Aug 2019,SOM,12327530,Bay,current,2019-07-01,2019-09-30,3+,162000,0.21
Aug 2019,SOM,12327530,Bay,current,2019-07-01,2019-09-30,1,470182,0.59
Aug 2019,SOM,12327530,Bay,current,2019-07-01,2019-09-30,2,160000,0.2
Aug 2019,SOM,12327530,Bay,current,2019-07-01,2019-09-30,3,134000,0.17
Aug 2019,SOM,12327530,Bay,current,2019-07-01,2019-09-30,4,28000,0.04
Aug 2019,SOM,12327530,Bay,current,2019-07-01,2019-09-30,5,0,0
Aug 2019,SOM,12327530,Bay,first projection,2019-10-01,2019-12-31,all,792182,1.0
Aug 2019,SOM,12327530,Bay,first projection,2019-10-01,2019-12-31,3+,267000,0.34
Aug 2019,SOM,12327530,Bay,first projection,2019-10-01,2019-12-31,1,307182,0.39
Aug 2019,SOM,12327530,Bay,first projection,2019-10-01,2019-12-31,2,218000,0.28
Aug 2019,SOM,12327530,Bay,first projection,2019-10-01,2019-12-31,3,196000,0.25
Aug 2019,SOM,12327530,Bay,first projection,2019-10-01,2019-12-31,4,71000,0.09
Aug 2019,SOM,12327530,Bay,first projection,2019-10-01,2019-12-31,5,0,0
Aug 2019,SOM,12327530,Bakool,current,2019-07-01,2019-09-30,all,367227,1.0
Aug 2019,SOM,12327530,Bakool,current,2019-07-01,2019-09-30,3+,45000,0.12
Aug 2019,SOM,12327530,Bakool,current,2019-07-01,2019-09-30,1,199227,0.54
Aug 2019,SOM,12327530,Bakool,current,2019-07-01,2019-09-30,2,123000,0.33
Aug 2019,SOM,12327530,Bakool,current,2019-07-01,2019-09-30,3,37000,0.1
Aug 2019,SOM,12327530,Bakool,current,2019-07-01,2019-09-30,4,8000,0.02
Aug 2019,SOM,12327530,Bakool,current,2019-07-01,2019-09-30,5,0,0
Aug 2019,SOM,12327530,Bakool,first projection,2019-10-01,2019-12-31,all,367227,1.0
Aug 2019,SOM,12327530,Bakool,first projection,2019-10-01,2019-12-31,3+,57000,0.15
Aug 2019,SOM,12327530,Bakool,first projection,2019-10-01,2019-12-31,1,193227,0.53
Aug 2019,SOM,12327530,Bakool,first projection,2019-10-01,2019-12-31,2,117000,0.32
Aug 2019,SOM,12327530,Bakool,first projection,2019-10-01,2019-12-31,3,31000,0.08
Aug 2019,SOM,12327530,Bakool,first projection,2019-10-01,2019-12-31,4,26000,0.07
Aug 2019,SOM,12327530,Bakool,first projection,2019-10-01,2019-12-31,5,0,0
Aug 2019,SOM,12327530,Gedo,current,2019-07-01,2019-09-30,all,508402,1.0
Aug 2019,SOM,12327530,Gedo,current,2019-07-01,2019-09-30,3+,31000,0.06
Aug 2019,SOM,12327530,Gedo,current,2019-07-01,2019-09-30,1,248403,0.49
Aug 2019,SOM,12327530,Gedo,current,2019-07-01,2019-09-30,2,229000,0.45
Aug 2019,SOM,12327530,Gedo,current,2019-07-01,2019-09-30,3,25000,0.05
Aug 2019,SOM,12327530,Gedo,current,2019-07-01,2019-09-30,4,6000,0.01
Aug 2019,SOM,12327530,Gedo,current,2019-07-01,2019-09-30,5,0,0
Aug 2019,SOM,12327530,Gedo,first projection,2019-10-01,2019-12-31,all,508402,1.0
Aug 2019,SOM,12327530,Gedo,first projection,2019-10-01,2019-12-31,3+,49000,0.1
Aug 2019,SOM,12327530,Gedo,first projection,2019-10-01,2019-12-31,1,123403,0.24
Aug 2019,SOM,12327530,Gedo,first projection,2019-10-01,2019-12-31,2,336000,0.66
Aug 2019,SOM,12327530,Gedo,first projection,2019-10-01,2019-12-31,3,39000,0.08
Aug 2019,SOM,12327530,Gedo,first projection,2019-10-01,2019-12-31,4,10000,0.02
Aug 2019,SOM,12327530,Gedo,first projection,2019-10-01,2019-12-31,5,0,0
Aug 2019,SOM,12327530,Shabelle Hoose,current,2019-07-01,2019-09-30,all,1202220,1.0
Aug 2019,SOM,12327530,Shabelle Hoose,current,2019-07-01,2019-09-30,3+,72000,0.05
Aug 2019,SOM,12327530,Shabelle Hoose,current,2019-07-01,2019-09-30,1,787219,0.65
Aug 2019,SOM,12327530,Shabelle Hoose,current,2019-07-01,2019-09-30,2,343000,0.29
Aug 2019,SOM,12327530,Shabelle Hoose,current,2019-07-01,2019-09-30,3,54000,0.04
Aug 2019,SOM,12327530,Shabelle Hoose,current,2019-07-01,2019-09-30,4,18000,0.01
Aug 2019,SOM,12327530,Shabelle Hoose,current,2019-07-01,2019-09-30,5,0,0
Aug 2019,SOM,12327530,Shabelle Hoose,first projection,2019-10-01,2019-12-31,all,1202220,1.0
Aug 2019,SOM,12327530,Shabelle Hoose,first projection,2019-10-01,2019-12-31,3+,144000,0.55
Aug 2019,SOM,12327530,Shabelle Hoose,first projection,2019-10-01,2019-12-31,1,562219,0.47
Aug 2019,SOM,12327530,Shabelle Hoose,first projection,2019-10-01,2019-12-31,2,496000,0.41
Aug 2019,SOM,12327530,Shabelle Hoose,first projection,2019-10-01,2019-12-31,3,108000,0.09
Aug 2019,SOM,12327530,Shabelle Hoose,first projection,2019-10-01,2019-12-31,4,36000,0.46
Aug 2019,SOM,12327530,Shabelle Hoose,first projection,2019-10-01,2019-12-31,5,0,0
Aug 2019,SOM,12327530,Hiraan,current,2019-07-01,2019-09-30,all,520686,1.0
Aug 2019,SOM,12327530,Hiraan,current,2019-07-01,2019-09-30,3+,96000,0.18
Aug 2019,SOM,12327530,Hiraan,current,2019-07-01,2019-09-30,1,294686,0.57
Aug 2019,SOM,12327530,Hiraan,current,2019-07-01,2019-09-30,2,130000,0.25
Aug 2019,SOM,12327530,Hiraan,current,2019-07-01,2019-09-30,3,90000,0.17
Aug 2019,SOM,12327530,Hiraan,current,2019-07-01,2019-09-30,4,6000,0.01
Aug 2019,SOM,12327530,Hiraan,current,2019-07-01,2019-09-30,5,0,0
Aug 2019,SOM,12327530,Hiraan,first projection,2019-10-01,2019-12-31,all,520686,1.0
Aug 2019,SOM,12327530,Hiraan,first projection,2019-10-01,2019-12-31,3+,119000,0.23
Aug 2019,SOM,12327530,Hiraan,first projection,2019-10-01,2019-12-31,1,256686,0.49
Aug 2019,SOM,12327530,Hiraan,first projection,2019-10-01,2019-12-31,2,145000,0.28
Aug 2019,SOM,12327530,Hiraan,first projection,2019-10-01,2019-12-31,3,107000,0.21
Aug 2019,SOM,12327530,Hiraan,first projection,2019-10-01,2019-12-31,4,12000,0.02
Aug 2019,SOM,12327530,Hiraan,first projection,2019-10-01,2019-12-31,5,0,0
Aug 2019,SOM,12327530,Nugaal,current,2019-07-01,2019-09-30,all,392697,1.0
Aug 2019,SOM,12327530,Nugaal,current,2019-07-01,2019-09-30,3+,24000,0.06
Aug 2019,SOM,12327530,Nugaal,current,2019-07-01,2019-09-30,1,271698,0.69
Aug 2019,SOM,12327530,Nugaal,current,2019-07-01,2019-09-30,2,97000,0.25
Aug 2019,SOM,12327530,Nugaal,current,2019-07-01,2019-09-30,3,20000,0.05
Aug 2019,SOM,12327530,Nugaal,current,2019-07-01,2019-09-30,4,4000,0.01
Aug 2019,SOM,12327530,Nugaal,current,2019-07-01,2019-09-30,5,0,0
Aug 2019,SOM,12327530,Nugaal,first projection,2019-10-01,2019-12-31,all,392697,1.0
Aug 2019,SOM,12327530,Nugaal,first projection,2019-10-01,2019-12-31,3+,49000,0.13
Aug 2019,SOM,12327530,Nugaal,first projection,2019-10-01,2019-12-31,1,228698,0.58
Aug 2019,SOM,12327530,Nugaal,first projection,2019-10-01,2019-12-31,2,115000,0.29
Aug 2019,SOM,12327530,Nugaal,first projection,2019-10-01,2019-12-31,3,42000,0.11
Aug 2019,SOM,12327530,Nugaal,first projection,2019-10-01,2019-12-31,4,7000,0.02
Aug 2019,SOM,12327530,Nugaal,first projection,2019-10-01,2019-12-31,5,0,0
Aug 2019,SOM,12327530,Togdheer,current,2019-07-01,2019-09-30,all,721364,1.0
Aug 2019,SOM,12327530,Togdheer,current,2019-07-01,2019-09-30,3+,88000,0.12
Aug 2019,SOM,12327530,Togdheer,current,2019-07-01,2019-09-30,1,372363,0.52
Aug 2019,SOM,12327530,Togdheer,current,2019-07-01,2019-09-30,2,261000,0.36
Aug 2019,SOM,12327530,Togdheer,current,2019-07-01,2019-09-30,3,82000,0.11
Aug 2019,SOM,12327530,Togdheer,current,2019-07-01,2019-09-30,4,6000,0.01
Aug 2019,SOM,12327530,Togdheer,current,2019-07-01,2019-09-30,5,0,0
Aug 2019,SOM,12327530,Togdheer,first projection,2019-10-01,2019-12-31,all,721364,1.0
Aug 2019,SOM,12327530,Togdheer,first projection,2019-10-01,2019-12-31,3+,116000,0.16
Aug 2019,SOM,12327530,Togdheer,first projection,2019-10-01,2019-12-31,1,331363,0.46
Aug 2019,SOM,12327530,Togdheer,first projection,2019-10-01,2019-12-31,2,274000,0.38
Aug 2019,SOM,12327530,Togdheer,first projection,2019-10-01,2019-12-31,3,104000,0.14
Aug 2019,SOM,12327530,Togdheer,first projection,2019-10-01,2019-12-31,4,12000,0.02
Aug 2019,SOM,12327530,Togdheer,first projection,2019-10-01,2019-12-31,5,0,0
Aug 2019,SOM,12327530,Mudug,current,2019-07-01,2019-09-30,all,717862,1.0
Aug 2019,SOM,12327530,Mudug,current,2019-07-01,2019-09-30,3+,66000,0.09
Aug 2019,SOM,12327530,Mudug,current,2019-07-01,2019-09-30,1,438862,0.61
Aug 2019,SOM,12327530,Mudug,current,2019-07-01,2019-09-30,2,213000,0.3
Aug 2019,SOM,12327530,Mudug,current,2019-07-01,2019-09-30,3,59000,0.08
Aug 2019,SOM,12327530,Mudug,current,2019-07-01,2019-09-30,4,7000,0.01
Aug 2019,SOM,12327530,Mudug,current,2019-07-01,2019-09-30,5,0,0
Aug 2019,SOM,12327530,Mudug,first projection,2019-10-01,2019-12-31,all,717863,1.0
Aug 2019,SOM,12327530,Mudug,first projection,2019-10-01,2019-12-31,3+,102000,0.14
Aug 2019,SOM,12327530,Mudug,first projection,2019-10-01,2019-12-31,1,376862,0.52
Aug 2019,SOM,12327530,Mudug,first projection,2019-10-01,2019-12-31,2,239000,0.33
Aug 2019,SOM,12327530,Mudug,first projection,2019-10-01,2019-12-31,3,86000,0.12
Aug 2019,SOM,12327530,Mudug,first projection,2019-10-01,2019-12-31,4,16000,0.02
Aug 2019,SOM,12327530,Mudug,first projection,2019-10-01,2019-12-31,5,0,0
Aug 2019,SOM,12327530,Shabelle Dhexe,current,2019-07-01,2019-09-30,all,516035,1.0
Aug 2019,SOM,12327530,Shabelle Dhexe,current,2019-07-01,2019-09-30,3+,29000,0.06
Aug 2019,SOM,12327530,Shabelle Dhexe,current,2019-07-01,2019-09-30,1,328035,0.64
Aug 2019,SOM,12327530,Shabelle Dhexe,current,2019-07-01,2019-09-30,2,159000,0.31
Aug 2019,SOM,12327530,Shabelle Dhexe,current,2019-07-01,2019-09-30,3,24000,0.05
Aug 2019,SOM,12327530,Shabelle Dhexe,current,2019-07-01,2019-09-30,4,5000,0.01
Aug 2019,SOM,12327530,Shabelle Dhexe,current,2019-07-01,2019-09-30,5,0,0
Aug 2019,SOM,12327530,Shabelle Dhexe,first projection,2019-10-01,2019-12-31,all,516035,1.0
Aug 2019,SOM,12327530,Shabelle Dhexe,first projection,2019-10-01,2019-12-31,3+,48000,0.09
Aug 2019,SOM,12327530,Shabelle Dhexe,first projection,2019-10-01,2019-12-31,1,277035,0.54
Aug 2019,SOM,12327530,Shabelle Dhexe,first projection,2019-10-01,2019-12-31,2,191000,0.37
Aug 2019,SOM,12327530,Shabelle Dhexe,first projection,2019-10-01,2019-12-31,3,38000,0.07
Aug 2019,SOM,12327530,Shabelle Dhexe,first projection,2019-10-01,2019-12-31,4,10000,0.02
Aug 2019,SOM,12327530,Shabelle Dhexe,first projection,2019-10-01,2019-12-31,5,0,0
Aug 2019,SOM,12327530,Juba Hoose,current,2019-07-01,2019-09-30,all,489307,1.0
Aug 2019,SOM,12327530,Juba Hoose,current,2019-07-01,2019-09-30,3+,72000,0.15
Aug 2019,SOM,12327530,Juba Hoose,current,2019-07-01,2019-09-30,1,341307,0.7
Aug 2019,SOM,12327530,Juba Hoose,current,2019-07-01,2019-09-30,2,76000,0.16
Aug 2019,SOM,12327530,Juba Hoose,current,2019-07-01,2019-09-30,3,52000,0.11
Aug 2019,SOM,12327530,Juba Hoose,current,2019-07-01,2019-09-30,4,20000,0.04
Aug 2019,SOM,12327530,Juba Hoose,current,2019-07-01,2019-09-30,5,0,0
Aug 2019,SOM,12327530,Juba Hoose,first projection,2019-10-01,2019-12-31,all,489307,1.0
Aug 2019,SOM,12327530,Juba Hoose,first projection,2019-10-01,2019-12-31,3+,125000,0.26
Aug 2019,SOM,12327530,Juba Hoose,first projection,2019-10-01,2019-12-31,1,271307,0.55
Aug 2019,SOM,12327530,Juba Hoose,first projection,2019-10-01,2019-12-31,2,93000,0.19
Aug 2019,SOM,12327530,Juba Hoose,first projection,2019-10-01,2019-12-31,3,92000,0.19
Aug 2019,SOM,12327530,Juba Hoose,first projection,2019-10-01,2019-12-31,4,33000,0.07
Aug 2019,SOM,12327530,Juba Hoose,first projection,2019-10-01,2019-12-31,5,0,0
Aug 2019,SOM,12327530,Woqooyi Galbeed,current,2019-07-01,2019-09-30,all,1242003,1.0
Aug 2019,SOM,12327530,Woqooyi Galbeed,current,2019-07-01,2019-09-30,3+,63000,0.05
Aug 2019,SOM,12327530,Woqooyi Galbeed,current,2019-07-01,2019-09-30,1,621003,0.5
Aug 2019,SOM,12327530,Woqooyi Galbeed,current,2019-07-01,2019-09-30,2,558000,0.45
Aug 2019,SOM,12327530,Woqooyi Galbeed,current,2019-07-01,2019-09-30,3,50000,0.04
Aug 2019,SOM,12327530,Woqooyi Galbeed,current,2019-07-01,2019-09-30,4,13000,0.01
Aug 2019,SOM,12327530,Woqooyi Galbeed,current,2019-07-01,2019-09-30,5,0,0
Aug 2019,SOM,12327530,Woqooyi Galbeed,first projection,2019-10-01,2019-12-31,all,1242003,1.0
Aug 2019,SOM,12327530,Woqooyi Galbeed,first projection,2019-10-01,2019-12-31,3+,199000,0.16
Aug 2019,SOM,12327530,Woqooyi Galbeed,first projection,2019-10-01,2019-12-31,1,538003,0.43
Aug 2019,SOM,12327530,Woqooyi Galbeed,first projection,2019-10-01,2019-12-31,2,505000,0.41
Aug 2019,SOM,12327530,Woqooyi Galbeed,first projection,2019-10-01,2019-12-31,3,177000,0.14
Aug 2019,SOM,12327530,Woqooyi Galbeed,first projection,2019-10-01,2019-12-31,4,22000,0.02
Aug 2019,SOM,12327530,Woqooyi Galbeed,first projection,2019-10-01,2019-12-31,5,0,0
Aug 2019,SOM,12327530,Galgaduud,current,2019-07-01,2019-09-30,all,569434,1.0
Aug 2019,SOM,12327530,Galgaduud,current,2019-07-01,2019-09-30,3+,41000,0.07
Aug 2019,SOM,12327530,Galgaduud,current,2019-07-01,2019-09-30,1,304434,0.54
Aug 2019,SOM,12327530,Galgaduud,current,2019-07-01,2019-09-30,2,224000,0.39
Aug 2019,SOM,12327530,Galgaduud,current,2019-07-01,2019-09-30,3,38000,0.07
Aug 2019,SOM,12327530,Galgaduud,current,2019-07-01,2019-09-30,4,3000,0
Aug 2019,SOM,12327530,Galgaduud,current,2019-07-01,2019-09-30,5,0,0
Aug 2019,SOM,12327530,Galgaduud,first projection,2019-10-01,2019-12-31,all,569434,1.0
Aug 2019,SOM,12327530,Galgaduud,first projection,2019-10-01,2019-12-31,3+,63000,0.11
Aug 2019,SOM,12327530,Galgaduud,first projection,2019-10-01,2019-12-31,1,223234,0.39
Aug 2019,SOM,12327530,Galgaduud,first projection,2019-10-01,2019-12-31,2,283200,0.5
Aug 2019,SOM,12327530,Galgaduud,first projection,2019-10-01,2019-12-31,3,57000,0.1
Aug 2019,SOM,12327530,Galgaduud,first projection,2019-10-01,2019-12-31,4,6000,0.01
Aug 2019,SOM,12327530,Galgaduud,first projection,2019-10-01,2019-12-31,5,0,0
Aug 2019,SOM,12327530,Sanaag,current,2019-07-01,2019-09-30,all,544124,1.0
Aug 2019,SOM,12327530,Sanaag,current,2019-07-01,2019-09-30,3+,84000,0.15
Aug 2019,SOM,12327530,Sanaag,current,2019-07-01,2019-09-30,1,296123,0.54
Aug 2019,SOM,12327530,Sanaag,current,2019-07-01,2019-09-30,2,164000,0.3
Aug 2019,SOM,12327530,Sanaag,current,2019-07-01,2019-09-30,3,61000,0.11
Aug 2019,SOM,12327530,Sanaag,current,2019-07-01,2019-09-30,4,23000,0.04
Aug 2019,SOM,12327530,Sanaag,current,2019-07-01,2019-09-30,5,0,0
Aug 2019,SOM,12327530,Sanaag,first projection,2019-10-01,2019-12-31,all,544124,1.0
Aug 2019,SOM,12327530,Sanaag,first projection,2019-10-01,2019-12-31,3+,140000,0.25
Aug 2019,SOM,12327530,Sanaag,first projection,2019-10-01,2019-12-31,1,216123,0.4
Aug 2019,SOM,12327530,Sanaag,first projection,2019-10-01,2019-12-31,2,188000,0.35
Aug 2019,SOM,12327530,Sanaag,first projection,2019-10-01,2019-12-31,3,94000,0.17
Aug 2019,SOM,12327530,Sanaag,first projection,2019-10-01,2019-12-31,4,46000,0.08
Aug 2019,SOM,12327530,Sanaag,first projection,2019-10-01,2019-12-31,5,0,0
Aug 2019,SOM,12327530,Sool,current,2019-07-01,2019-09-30,all,327427,1.0
Aug 2019,SOM,12327530,Sool,current,2019-07-01,2019-09-30,3+,83000,0.25
Aug 2019,SOM,12327530,Sool,current,2019-07-01,2019-09-30,1,129427,0.4
Aug 2019,SOM,12327530,Sool,current,2019-07-01,2019-09-30,2,115000,0.35
Aug 2019,SOM,12327530,Sool,current,2019-07-01,2019-09-30,3,69000,0.21
Aug 2019,SOM,12327530,Sool,current,2019-07-01,2019-09-30,4,14000,0.04
Aug 2019,SOM,12327530,Sool,current,2019-07-01,2019-09-30,5,0,0
Aug 2019,SOM,12327530,Sool,first projection,2019-10-01,2019-12-31,all,327427,1.0
Aug 2019,SOM,12327530,Sool,first projection,2019-10-01,2019-12-31,3+,135000,0.41
Aug 2019,SOM,12327530,Sool,first projection,2019-10-01,2019-12-31,1,81427,0.25
Aug 2019,SOM,12327530,Sool,first projection,2019-10-01,2019-12-31,2,111000,0.34
Aug 2019,SOM,12327530,Sool,first projection,2019-10-01,2019-12-31,3,108000,0.33
Aug 2019,SOM,12327530,Sool,first projection,2019-10-01,2019-12-31,4,27000,0.08
Aug 2019,SOM,12327530,Sool,first projection,2019-10-01,2019-12-31,5,0,0
Aug 2019,SOM,12327530,Banadir,current,2019-07-01,2019-09-30,all,1650228,1.0
Aug 2019,SOM,12327530,Banadir,current,2019-07-01,2019-09-30,3+,90000,0.06
Aug 2019,SOM,12327530,Banadir,current,2019-07-01,2019-09-30,1,1353228,0.82
Aug 2019,SOM,12327530,Banadir,current,2019-07-01,2019-09-30,2,207000,0.13
Aug 2019,SOM,12327530,Banadir,current,2019-07-01,2019-09-30,3,65000,0.04
Aug 2019,SOM,12327530,Banadir,current,2019-07-01,2019-09-30,4,25000,0.02
Aug 2019,SOM,12327530,Banadir,current,2019-07-01,2019-09-30,5,0,0
Aug 2019,SOM,12327530,Banadir,first projection,2019-10-01,2019-12-31,all,1650228,1.0
Aug 2019,SOM,12327530,Banadir,first projection,2019-10-01,2019-12-31,3+,199000,0.12
Aug 2019,SOM,12327530,Banadir,first projection,2019-10-01,2019-12-31,1,1121228,0.68
Aug 2019,SOM,12327530,Banadir,first projection,2019-10-01,2019-12-31,2,330000,0.2
Aug 2019,SOM,12327530,Banadir,first projection,2019-10-01,2019-12-31,3,149000,0.09
Aug 2019,SOM,12327530,Banadir,first projection,2019-10-01,2019-12-31,4,50000,0.03
Aug 2019,SOM,12327530,Banadir,first projection,2019-10-01,2019-12-31,5,0,0
Aug 2019,SOM,12327530,Juba Dhexe,current,2019-07-01,2019-09-30,all,362922,1.0
Aug 2019,SOM,12327530,Juba Dhexe,current,2019-07-01,2019-09-30,3+,49000,0.13
Aug 2019,SOM,12327530,Juba Dhexe,current,2019-07-01,2019-09-30,1,229921,0.63
Aug 2019,SOM,12327530,Juba Dhexe,current,2019-07-01,2019-09-30,2,84000,0.23
Aug 2019,SOM,12327530,Juba Dhexe,current,2019-07-01,2019-09-30,3,48000,0.13
Aug 2019,SOM,12327530,Juba Dhexe,current,2019-07-01,2019-09-30,4,1000,0
Aug 2019,SOM,12327530,Juba Dhexe,current,2019-07-01,2019-09-30,5,0,0
Aug 2019,SOM,12327530,Juba Dhexe,first projection,2019-10-01,2019-12-31,all,362922,1.0
Aug 2019,SOM,12327530,Juba Dhexe,first projection,2019-10-01,2019-12-31,3+,71000,0.2
Aug 2019,SOM,12327530,Juba Dhexe,first projection,2019-10-01,2019-12-31,1,200921,0.55
Aug 2019,SOM,12327530,Juba Dhexe,first projection,2019-10-01,2019-12-31,2,91000,0.25
Aug 2019,SOM,12327530,Juba Dhexe,first projection,2019-10-01,2019-12-31,3,69000,0.19
Aug 2019,SOM,12327530,Juba Dhexe,first projection,2019-10-01,2019-12-31,4,2000,0.01
Aug 2019,SOM,12327530,Juba Dhexe,first projection,2019-10-01,2019-12-31,5,0,0
Jan 2019,SOM,12327530,Gedo,current,2019-01-01,2019-01-31,all,508402,1.0
Jan 2019,SOM,12327530,Gedo,current,2019-01-01,2019-01-31,3+,22000,0.04
Jan 2019,SOM,12327530,Gedo,current,2019-01-01,2019-01-31,1,421403,0.83
Jan 2019,SOM,12327530,Gedo,current,2019-01-01,2019-01-31,2,65000,0.13
Jan 2019,SOM,12327530,Gedo,current,2019-01-01,2019-01-31,3,17000,0.03
Jan 2019,SOM,12327530,Gedo,current,2019-01-01,2019-01-31,4,5000,0.01
Jan 2019,SOM,12327530,Gedo,current,2019-01-01,2019-01-31,5,0,0
Jan 2019,SOM,12327530,Gedo,first projection,2019-02-01,2019-06-30,all,508402,1.0
Jan 2019,SOM,12327530,Gedo,first projection,2019-02-01,2019-06-30,3+,29000,0.06
Jan 2019,SOM,12327530,Gedo,first projection,2019-02-01,2019-06-30,1,425403,0.84
Jan 2019,SOM,12327530,Gedo,first projection,2019-02-01,2019-06-30,2,54000,0.11
Jan 2019,SOM,12327530,Gedo,first projection,2019-02-01,2019-06-30,3,24000,0.05
Jan 2019,SOM,12327530,Gedo,first projection,2019-02-01,2019-06-30,4,5000,0.01
Jan 2019,SOM,12327530,Gedo,first projection,2019-02-01,2019-06-30,5,0,0
Jan 2019,SOM,12327530,Juba Hoose,current,2019-01-01,2019-01-31,all,489307,1.0
Jan 2019,SOM,12327530,Juba Hoose,current,2019-01-01,2019-01-31,3+,33000,0.07
Jan 2019,SOM,12327530,Juba Hoose,current,2019-01-01,2019-01-31,1,334307,0.68
Jan 2019,SOM,12327530,Juba Hoose,current,2019-01-01,2019-01-31,2,122000,0.25
Jan 2019,SOM,12327530,Juba Hoose,current,2019-01-01,2019-01-31,3,27000,0.06
Jan 2019,SOM,12327530,Juba Hoose,current,2019-01-01,2019-01-31,4,6000,0.01
Jan 2019,SOM,12327530,Juba Hoose,current,2019-01-01,2019-01-31,5,0,0
Jan 2019,SOM,12327530,Juba Hoose,first projection,2019-02-01,2019-06-30,all,489307,1.0
Jan 2019,SOM,12327530,Juba Hoose,first projection,2019-02-01,2019-06-30,3+,57000,0.11
Jan 2019,SOM,12327530,Juba Hoose,first projection,2019-02-01,2019-06-30,1,309307,0.63
Jan 2019,SOM,12327530,Juba Hoose,first projection,2019-02-01,2019-06-30,2,123000,0.25
Jan 2019,SOM,12327530,Juba Hoose,first projection,2019-02-01,2019-06-30,3,46000,0.09
Jan 2019,SOM,12327530,Juba Hoose,first projection,2019-02-01,2019-06-30,4,11000,0.02
Jan 2019,SOM,12327530,Juba Hoose,first projection,2019-02-01,2019-06-30,5,0,0
Jan 2019,SOM,12327530,Bakool,current,2019-01-01,2019-01-31,all,367227,1.0
Jan 2019,SOM,12327530,Bakool,current,2019-01-01,2019-01-31,3+,14000,0.04
Jan 2019,SOM,12327530,Bakool,current,2019-01-01,2019-01-31,1,290227,0.79
Jan 2019,SOM,12327530,Bakool,current,2019-01-01,2019-01-31,2,63000,0.17
Jan 2019,SOM,12327530,Bakool,current,2019-01-01,2019-01-31,3,14000,0.04
Jan 2019,SOM,12327530,Bakool,current,2019-01-01,2019-01-31,4,0,0
Jan 2019,SOM,12327530,Bakool,current,2019-01-01,2019-01-31,5,0,0
Jan 2019,SOM,12327530,Bakool,first projection,2019-02-01,2019-06-30,all,367227,1.0
Jan 2019,SOM,12327530,Bakool,first projection,2019-02-01,2019-06-30,3+,19000,0.05
Jan 2019,SOM,12327530,Bakool,first projection,2019-02-01,2019-06-30,1,289227,0.79
Jan 2019,SOM,12327530,Bakool,first projection,2019-02-01,2019-06-30,2,59000,0.16
Jan 2019,SOM,12327530,Bakool,first projection,2019-02-01,2019-06-30,3,19000,0.05
Jan 2019,SOM,12327530,Bakool,first projection,2019-02-01,2019-06-30,4,0,0
Jan 2019,SOM,12327530,Bakool,first projection,2019-02-01,2019-06-30,5,0,0
Jan 2019,SOM,12327530,Galgaduud,current,2019-01-01,2019-01-31,all,569434,1.0
Jan 2019,SOM,12327530,Galgaduud,current,2019-01-01,2019-01-31,3+,30000,0.05
Jan 2019,SOM,12327530,Galgaduud,current,2019-01-01,2019-01-31,1,313434,0.55
Jan 2019,SOM,12327530,Galgaduud,current,2019-01-01,2019-01-31,2,226000,0.4
Jan 2019,SOM,12327530,Galgaduud,current,2019-01-01,2019-01-31,3,30000,0.05
Jan 2019,SOM,12327530,Galgaduud,current,2019-01-01,2019-01-31,4,0,0
Jan 2019,SOM,12327530,Galgaduud,current,2019-01-01,2019-01-31,5,0,0
Jan 2019,SOM,12327530,Galgaduud,first projection,2019-02-01,2019-06-30,all,569434,1.0
Jan 2019,SOM,12327530,Galgaduud,first projection,2019-02-01,2019-06-30,3+,47000,0.08
Jan 2019,SOM,12327530,Galgaduud,first projection,2019-02-01,2019-06-30,1,317434,0.56
Jan 2019,SOM,12327530,Galgaduud,first projection,2019-02-01,2019-06-30,2,205000,0.36
Jan 2019,SOM,12327530,Galgaduud,first projection,2019-02-01,2019-06-30,3,45000,0.08
Jan 2019,SOM,12327530,Galgaduud,first projection,2019-02-01,2019-06-30,4,2000,0
Jan 2019,SOM,12327530,Galgaduud,first projection,2019-02-01,2019-06-30,5,0,0
Jan 2019,SOM,12327530,Sanaag,current,2019-01-01,2019-01-31,all,544124,1.0
Jan 2019,SOM,12327530,Sanaag,current,2019-01-01,2019-01-31,3+,79000,0.14
Jan 2019,SOM,12327530,Sanaag,current,2019-01-01,2019-01-31,1,169123,0.31
Jan 2019,SOM,12327530,Sanaag,current,2019-01-01,2019-01-31,2,296000,0.54
Jan 2019,SOM,12327530,Sanaag,current,2019-01-01,2019-01-31,3,78000,0.14
Jan 2019,SOM,12327530,Sanaag,current,2019-01-01,2019-01-31,4,1000,0
Jan 2019,SOM,12327530,Sanaag,current,2019-01-01,2019-01-31,5,0,0
Jan 2019,SOM,12327530,Sanaag,first projection,2019-02-01,2019-06-30,all,544124,1.0
Jan 2019,SOM,12327530,Sanaag,first projection,2019-02-01,2019-06-30,3+,117000,0.21
Jan 2019,SOM,12327530,Sanaag,first projection,2019-02-01,2019-06-30,1,182123,0.33
Jan 2019,SOM,12327530,Sanaag,first projection,2019-02-01,2019-06-30,2,245000,0.45
Jan 2019,SOM,12327530,Sanaag,first projection,2019-02-01,2019-06-30,3,116000,0.21
Jan 2019,SOM,12327530,Sanaag,first projection,2019-02-01,2019-06-30,4,1000,0
Jan 2019,SOM,12327530,Sanaag,first projection,2019-02-01,2019-06-30,5,0,0
Jan 2019,SOM,12327530,Togdheer,current,2019-01-01,2019-01-31,all,721364,1.0
Jan 2019,SOM,12327530,Togdheer,current,2019-01-01,2019-01-31,3+,102000,0.14
Jan 2019,SOM,12327530,Togdheer,current,2019-01-01,2019-01-31,1,321363,0.45
Jan 2019,SOM,12327530,Togdheer,current,2019-01-01,2019-01-31,2,298000,0.41
Jan 2019,SOM,12327530,Togdheer,current,2019-01-01,2019-01-31,3,96000,0.13
Jan 2019,SOM,12327530,Togdheer,current,2019-01-01,2019-01-31,4,6000,0.01
Jan 2019,SOM,12327530,Togdheer,current,2019-01-01,2019-01-31,5,0,0
Jan 2019,SOM,12327530,Togdheer,first projection,2019-02-01,2019-06-30,all,721364,1.0
Jan 2019,SOM,12327530,Togdheer,first projection,2019-02-01,2019-06-30,3+,129000,0.18
Jan 2019,SOM,12327530,Togdheer,first projection,2019-02-01,2019-06-30,1,309363,0.43
Jan 2019,SOM,12327530,Togdheer,first projection,2019-02-01,2019-06-30,2,283000,0.39
Jan 2019,SOM,12327530,Togdheer,first projection,2019-02-01,2019-06-30,3,123000,0.17
Jan 2019,SOM,12327530,Togdheer,first projection,2019-02-01,2019-06-30,4,6000,0.01
Jan 2019,SOM,12327530,Togdheer,first projection,2019-02-01,2019-06-30,5,0,0
Jan 2019,SOM,12327530,Hiraan,current,2019-01-01,2019-01-31,all,520686,1.0
Jan 2019,SOM,12327530,Hiraan,current,2019-01-01,2019-01-31,3+,44000,0.08
Jan 2019,SOM,12327530,Hiraan,current,2019-01-01,2019-01-31,1,375686,0.72
Jan 2019,SOM,12327530,Hiraan,current,2019-01-01,2019-01-31,2,101000,0.19
Jan 2019,SOM,12327530,Hiraan,current,2019-01-01,2019-01-31,3,44000,0.08
Jan 2019,SOM,12327530,Hiraan,current,2019-01-01,2019-01-31,4,0,0
Jan 2019,SOM,12327530,Hiraan,current,2019-01-01,2019-01-31,5,0,0
Jan 2019,SOM,12327530,Hiraan,first projection,2019-02-01,2019-06-30,all,520686,1.0
Jan 2019,SOM,12327530,Hiraan,first projection,2019-02-01,2019-06-30,3+,54000,0.1
Jan 2019,SOM,12327530,Hiraan,first projection,2019-02-01,2019-06-30,1,365686,0.7
Jan 2019,SOM,12327530,Hiraan,first projection,2019-02-01,2019-06-30,2,101000,0.19
Jan 2019,SOM,12327530,Hiraan,first projection,2019-02-01,2019-06-30,3,54000,0.1
Jan 2019,SOM,12327530,Hiraan,first projection,2019-02-01,2019-06-30,4,0,0
Jan 2019,SOM,12327530,Hiraan,first projection,2019-02-01,2019-06-30,5,0,0
Jan 2019,SOM,12327530,Bari,current,2019-01-01,2019-01-31,all,730147,1.0
Jan 2019,SOM,12327530,Bari,current,2019-01-01,2019-01-31,3+,87000,0.12
Jan 2019,SOM,12327530,Bari,current,2019-01-01,2019-01-31,1,367147,0.5
Jan 2019,SOM,12327530,Bari,current,2019-01-01,2019-01-31,2,276000,0.38
Jan 2019,SOM,12327530,Bari,current,2019-01-01,2019-01-31,3,80000,0.11
Jan 2019,SOM,12327530,Bari,current,2019-01-01,2019-01-31,4,7000,0.01
Jan 2019,SOM,12327530,Bari,current,2019-01-01,2019-01-31,5,0,0
Jan 2019,SOM,12327530,Bari,first projection,2019-02-01,2019-06-30,all,730147,1.0
Jan 2019,SOM,12327530,Bari,first projection,2019-02-01,2019-06-30,3+,120000,0.16
Jan 2019,SOM,12327530,Bari,first projection,2019-02-01,2019-06-30,1,346147,0.47
Jan 2019,SOM,12327530,Bari,first projection,2019-02-01,2019-06-30,2,264000,0.36
Jan 2019,SOM,12327530,Bari,first projection,2019-02-01,2019-06-30,3,113000,0.15
Jan 2019,SOM,12327530,Bari,first projection,2019-02-01,2019-06-30,4,7000,0.01
Jan 2019,SOM,12327530,Bari,first projection,2019-02-01,2019-06-30,5,0,0
Jan 2019,SOM,12327530,Shabelle Hoose,current,2019-01-01,2019-01-31,all,1202220,1.0
Jan 2019,SOM,12327530,Shabelle Hoose,current,2019-01-01,2019-01-31,3+,26000,0.02
Jan 2019,SOM,12327530,Shabelle Hoose,current,2019-01-01,2019-01-31,1,1076219,0.9
Jan 2019,SOM,12327530,Shabelle Hoose,current,2019-01-01,2019-01-31,2,100000,0.08
Jan 2019,SOM,12327530,Shabelle Hoose,current,2019-01-01,2019-01-31,3,26000,0.02
Jan 2019,SOM,12327530,Shabelle Hoose,current,2019-01-01,2019-01-31,4,0,0
Jan 2019,SOM,12327530,Shabelle Hoose,current,2019-01-01,2019-01-31,5,0,0
Jan 2019,SOM,12327530,Shabelle Hoose,first projection,2019-02-01,2019-06-30,all,1202220,1.0
Jan 2019,SOM,12327530,Shabelle Hoose,first projection,2019-02-01,2019-06-30,3+,26000,0.02
Jan 2019,SOM,12327530,Shabelle Hoose,first projection,2019-02-01,2019-06-30,1,1067219,0.89
Jan 2019,SOM,12327530,Shabelle Hoose,first projection,2019-02-01,2019-06-30,2,109000,0.09
Jan 2019,SOM,12327530,Shabelle Hoose,first projection,2019-02-01,2019-06-30,3,26000,0.02
Jan 2019,SOM,12327530,Shabelle Hoose,first projection,2019-02-01,2019-06-30,4,0,0
Jan 2019,SOM,12327530,Shabelle Hoose,first projection,2019-02-01,2019-06-30,5,0,0
Jan 2019,SOM,12327530,Juba Dhexe,current,2019-01-01,2019-01-31,all,362922,1.0
Jan 2019,SOM,12327530,Juba Dhexe,current,2019-01-01,2019-01-31,3+,6000,0.02
Jan 2019,SOM,12327530,Juba Dhexe,current,2019-01-01,2019-01-31,1,290921,0.8
Jan 2019,SOM,12327530,Juba Dhexe,current,2019-01-01,2019-01-31,2,66000,0.18
Jan 2019,SOM,12327530,Juba Dhexe,current,2019-01-01,2019-01-31,3,6000,0.02
Jan 2019,SOM,12327530,Juba Dhexe,current,2019-01-01,2019-01-31,4,0,0
Jan 2019,SOM,12327530,Juba Dhexe,current,2019-01-01,2019-01-31,5,0,0
Jan 2019,SOM,12327530,Juba Dhexe,first projection,2019-02-01,2019-06-30,all,362922,1.0
Jan 2019,SOM,12327530,Juba Dhexe,first projection,2019-02-01,2019-06-30,3+,6000,0.02
Jan 2019,SOM,12327530,Juba Dhexe,first projection,2019-02-01,2019-06-30,1,287921,0.79
Jan 2019,SOM,12327530,Juba Dhexe,first projection,2019-02-01,2019-06-30,2,69000,0.19
Jan 2019,SOM,12327530,Juba Dhexe,first projection,2019-02-01,2019-06-30,3,6000,0.02
Jan 2019,SOM,12327530,Juba Dhexe,first projection,2019-02-01,2019-06-30,4,0,0
Jan 2019,SOM,12327530,Juba Dhexe,first projection,2019-02-01,2019-06-30,5,0,0
Jan 2019,SOM,12327530,Banadir,current,2019-01-01,2019-01-31,all,1650228,1.0
Jan 2019,SOM,12327530,Banadir,current,2019-01-01,2019-01-31,3+,75000,0.05
Jan 2019,SOM,12327530,Banadir,current,2019-01-01,2019-01-31,1,1038228,0.63
Jan 2019,SOM,12327530,Banadir,current,2019-01-01,2019-01-31,2,537000,0.33
Jan 2019,SOM,12327530,Banadir,current,2019-01-01,2019-01-31,3,50000,0.03
Jan 2019,SOM,12327530,Banadir,current,2019-01-01,2019-01-31,4,25000,0.02
Jan 2019,SOM,12327530,Banadir,current,2019-01-01,2019-01-31,5,0,0
Jan 2019,SOM,12327530,Banadir,first projection,2019-02-01,2019-06-30,all,1650228,1.0
Jan 2019,SOM,12327530,Banadir,first projection,2019-02-01,2019-06-30,3+,149000,0.09
Jan 2019,SOM,12327530,Banadir,first projection,2019-02-01,2019-06-30,1,964228,0.58
Jan 2019,SOM,12327530,Banadir,first projection,2019-02-01,2019-06-30,2,537000,0.33
Jan 2019,SOM,12327530,Banadir,first projection,2019-02-01,2019-06-30,3,99000,0.06
Jan 2019,SOM,12327530,Banadir,first projection,2019-02-01,2019-06-30,4,50000,0.03
Jan 2019,SOM,12327530,Banadir,first projection,2019-02-01,2019-06-30,5,0,0
Jan 2019,SOM,12327530,Bay,current,2019-01-01,2019-01-31,all,792182,1.0
Jan 2019,SOM,12327530,Bay,current,2019-01-01,2019-01-31,3+,115000,0.15
Jan 2019,SOM,12327530,Bay,current,2019-01-01,2019-01-31,1,493182,0.62
Jan 2019,SOM,12327530,Bay,current,2019-01-01,2019-01-31,2,184000,0.23
Jan 2019,SOM,12327530,Bay,current,2019-01-01,2019-01-31,3,103000,0.13
Jan 2019,SOM,12327530,Bay,current,2019-01-01,2019-01-31,4,12000,0.02
Jan 2019,SOM,12327530,Bay,current,2019-01-01,2019-01-31,5,0,0
Jan 2019,SOM,12327530,Bay,first projection,2019-02-01,2019-06-30,all,792182,1.0
Jan 2019,SOM,12327530,Bay,first projection,2019-02-01,2019-06-30,3+,188000,0.24
Jan 2019,SOM,12327530,Bay,first projection,2019-02-01,2019-06-30,1,457182,0.58
Jan 2019,SOM,12327530,Bay,first projection,2019-02-01,2019-06-30,2,147000,0.19
Jan 2019,SOM,12327530,Bay,first projection,2019-02-01,2019-06-30,3,176000,0.22
Jan 2019,SOM,12327530,Bay,first projection,2019-02-01,2019-06-30,4,12000,0.02
Jan 2019,SOM,12327530,Bay,first projection,2019-02-01,2019-06-30,5,0,0
Jan 2019,SOM,12327530,Sool,current,2019-01-01,2019-01-31,all,327427,1.0
Jan 2019,SOM,12327530,Sool,current,2019-01-01,2019-01-31,3+,71000,0.22
Jan 2019,SOM,12327530,Sool,current,2019-01-01,2019-01-31,1,103427,0.32
Jan 2019,SOM,12327530,Sool,current,2019-01-01,2019-01-31,2,153000,0.47
Jan 2019,SOM,12327530,Sool,current,2019-01-01,2019-01-31,3,71000,0.22
Jan 2019,SOM,12327530,Sool,current,2019-01-01,2019-01-31,4,0,0
Jan 2019,SOM,12327530,Sool,current,2019-01-01,2019-01-31,5,0,0
Jan 2019,SOM,12327530,Sool,first projection,2019-02-01,2019-06-30,all,327427,1.0
Jan 2019,SOM,12327530,Sool,first projection,2019-02-01,2019-06-30,3+,100000,0.31
Jan 2019,SOM,12327530,Sool,first projection,2019-02-01,2019-06-30,1,94427,0.29
Jan 2019,SOM,12327530,Sool,first projection,2019-02-01,2019-06-30,2,133000,0.41
Jan 2019,SOM,12327530,Sool,first projection,2019-02-01,2019-06-30,3,100000,0.31
Jan 2019,SOM,12327530,Sool,first projection,2019-02-01,2019-06-30,4,0,0
Jan 2019,SOM,12327530,Sool,first projection,2019-02-01,2019-06-30,5,0,0
Jan 2019,SOM,12327530,Nugaal,current,2019-01-01,2019-01-31,all,392698,1.0
Jan 2019,SOM,12327530,Nugaal,current,2019-01-01,2019-01-31,3+,31000,0.08
Jan 2019,SOM,12327530,Nugaal,current,2019-01-01,2019-01-31,1,241698,0.62
Jan 2019,SOM,12327530,Nugaal,current,2019-01-01,2019-01-31,2,120000,0.31
Jan 2019,SOM,12327530,Nugaal,current,2019-01-01,2019-01-31,3,31000,0.08
Jan 2019,SOM,12327530,Nugaal,current,2019-01-01,2019-01-31,4,0,0
Jan 2019,SOM,12327530,Nugaal,current,2019-01-01,2019-01-31,5,0,0
Jan 2019,SOM,12327530,Nugaal,first projection,2019-02-01,2019-06-30,all,392697,1.0
Jan 2019,SOM,12327530,Nugaal,first projection,2019-02-01,2019-06-30,3+,39000,0.1
Jan 2019,SOM,12327530,Nugaal,first projection,2019-02-01,2019-06-30,1,254698,0.65
Jan 2019,SOM,12327530,Nugaal,first projection,2019-02-01,2019-06-30,2,99000,0.25
Jan 2019,SOM,12327530,Nugaal,first projection,2019-02-01,2019-06-30,3,39000,0.1
Jan 2019,SOM,12327530,Nugaal,first projection,2019-02-01,2019-06-30,4,0,0
Jan 2019,SOM,12327530,Nugaal,first projection,2019-02-01,2019-06-30,5,0,0
Jan 2019,SOM,12327530,Woqooyi Galbeed,current,2019-01-01,2019-01-31,all,1242003,1.0
Jan 2019,SOM,12327530,Woqooyi Galbeed,current,2019-01-01,2019-01-31,3+,160000,0.12
Jan 2019,SOM,12327530,Woqooyi Galbeed,current,2019-01-01,2019-01-31,1,596003,0.48
Jan 2019,SOM,12327530,Woqooyi Galbeed,current,2019-01-01,2019-01-31,2,486000,0.39
Jan 2019,SOM,12327530,Woqooyi Galbeed,current,2019-01-01,2019-01-31,3,154000,0.12
Jan 2019,SOM,12327530,Woqooyi Galbeed,current,2019-01-01,2019-01-31,4,6000,0
Jan 2019,SOM,12327530,Woqooyi Galbeed,current,2019-01-01,2019-01-31,5,0,0
Jan 2019,SOM,12327530,Woqooyi Galbeed,first projection,2019-02-01,2019-06-30,all,1242003,1.0
Jan 2019,SOM,12327530,Woqooyi Galbeed,first projection,2019-02-01,2019-06-30,3+,206000,0.16
Jan 2019,SOM,12327530,Woqooyi Galbeed,first projection,2019-02-01,2019-06-30,1,556003,0.45
Jan 2019,SOM,12327530,Woqooyi Galbeed,first projection,2019-02-01,2019-06-30,2,480000,0.39
Jan 2019,SOM,12327530,Woqooyi Galbeed,first projection,2019-02-01,2019-06-30,3,192000,0.15
Jan 2019,SOM,12327530,Woqooyi Galbeed,first projection,2019-02-01,2019-06-30,4,14000,0.01
Jan 2019,SOM,12327530,Woqooyi Galbeed,first projection,2019-02-01,2019-06-30,5,0,0
Jan 2019,SOM,12327530,Shabelle Dhexe,current,2019-01-01,2019-01-31,all,516035,1.0
Jan 2019,SOM,12327530,Shabelle Dhexe,current,2019-01-01,2019-01-31,3+,12000,0.02
Jan 2019,SOM,12327530,Shabelle Dhexe,current,2019-01-01,2019-01-31,1,435035,0.84
Jan 2019,SOM,12327530,Shabelle Dhexe,current,2019-01-01,2019-01-31,2,69000,0.13
Jan 2019,SOM,12327530,Shabelle Dhexe,current,2019-01-01,2019-01-31,3,12000,0.02
Jan 2019,SOM,12327530,Shabelle Dhexe,current,2019-01-01,2019-01-31,4,0,0
Jan 2019,SOM,12327530,Shabelle Dhexe,current,2019-01-01,2019-01-31,5,0,0
Jan 2019,SOM,12327530,Shabelle Dhexe,first projection,2019-02-01,2019-06-30,all,516035,1.0
Jan 2019,SOM,12327530,Shabelle Dhexe,first projection,2019-02-01,2019-06-30,3+,12000,0.02
Jan 2019,SOM,12327530,Shabelle Dhexe,first projection,2019-02-01,2019-06-30,1,435035,0.84
Jan 2019,SOM,12327530,Shabelle Dhexe,first projection,2019-02-01,2019-06-30,2,69000,0.13
Jan 2019,SOM,12327530,Shabelle Dhexe,first projection,2019-02-01,2019-06-30,3,12000,0.02
Jan 2019,SOM,12327530,Shabelle Dhexe,first projection,2019-02-01,2019-06-30,4,0,0
Jan 2019,SOM,12327530,Shabelle Dhexe,first projection,2019-02-01,2019-06-30,5,0,0
Jan 2019,SOM,12327530,Mudug,current,2019-01-01,2019-01-31,all,717863,1.0
Jan 2019,SOM,12327530,Mudug,current,2019-01-01,2019-01-31,3+,59000,0.08
Jan 2019,SOM,12327530,Mudug,current,2019-01-01,2019-01-31,1,424862,0.59
Jan 2019,SOM,12327530,Mudug,current,2019-01-01,2019-01-31,2,234000,0.33
Jan 2019,SOM,12327530,Mudug,current,2019-01-01,2019-01-31,3,59000,0.08
Jan 2019,SOM,12327530,Mudug,current,2019-01-01,2019-01-31,4,0,0
Jan 2019,SOM,12327530,Mudug,current,2019-01-01,2019-01-31,5,0,0
Jan 2019,SOM,12327530,Mudug,first projection,2019-02-01,2019-06-30,all,717863,1.0
Jan 2019,SOM,12327530,Mudug,first projection,2019-02-01,2019-06-30,3+,84000,0.12
Jan 2019,SOM,12327530,Mudug,first projection,2019-02-01,2019-06-30,1,413862,0.58
Jan 2019,SOM,12327530,Mudug,first projection,2019-02-01,2019-06-30,2,220000,0.31
Jan 2019,SOM,12327530,Mudug,first projection,2019-02-01,2019-06-30,3,84000,0.12
Jan 2019,SOM,12327530,Mudug,first projection,2019-02-01,2019-06-30,4,0,0
Jan 2019,SOM,12327530,Mudug,first projection,2019-02-01,2019-06-30,5,0,0
Jan 2019,SOM,12327530,Awdal,current,2019-01-01,2019-01-31,all,673264,1.0
Jan 2019,SOM,12327530,Awdal,current,2019-01-01,2019-01-31,3+,171000,0.26
Jan 2019,SOM,12327530,Awdal,current,2019-01-01,2019-01-31,1,327264,0.49
Jan 2019,SOM,12327530,Awdal,current,2019-01-01,2019-01-31,2,175000,0.26
Jan 2019,SOM,12327530,Awdal,current,2019-01-01,2019-01-31,3,147000,0.22
Jan 2019,SOM,12327530,Awdal,current,2019-01-01,2019-01-31,4,24000,0.04
Jan 2019,SOM,12327530,Awdal,current,2019-01-01,2019-01-31,5,0,0
Jan 2019,SOM,12327530,Awdal,first projection,2019-02-01,2019-06-30,all,673264,1.0
Jan 2019,SOM,12327530,Awdal,first projection,2019-02-01,2019-06-30,3+,173000,0.26
Jan 2019,SOM,12327530,Awdal,first projection,2019-02-01,2019-06-30,1,305264,0.45
Jan 2019,SOM,12327530,Awdal,first projection,2019-02-01,2019-06-30,2,195000,0.29
Jan 2019,SOM,12327530,Awdal,first projection,2019-02-01,2019-06-30,3,142000,0.21
Jan 2019,SOM,12327530,Awdal,first projection,2019-02-01,2019-06-30,4,31000,0.05
Jan 2019,SOM,12327530,Awdal,first projection,2019-02-01,2019-06-30,5,0,0
Jul 2018,SOM,12327530,Shabelle Hoose,current,2018-07-01,2018-07-31,all,1202220,1.0
Jul 2018,SOM,12327530,Shabelle Hoose,current,2018-07-01,2018-07-31,3+,0,0
Jul 2018,SOM,12327530,Shabelle Hoose,current,2018-07-01,2018-07-31,1,861219,0.72
Jul 2018,SOM,12327530,Shabelle Hoose,current,2018-07-01,2018-07-31,2,341000,0.28
Jul 2018,SOM,12327530,Shabelle Hoose,current,2018-07-01,2018-07-31,3,0,0
Jul 2018,SOM,12327530,Shabelle Hoose,current,2018-07-01,2018-07-31,4,0,0
Jul 2018,SOM,12327530,Shabelle Hoose,current,2018-07-01,2018-07-31,5,0,0
Jul 2018,SOM,12327530,Shabelle Hoose,first projection,2018-08-01,2018-12-31,all,1202220,1.0
Jul 2018,SOM,12327530,Shabelle Hoose,first projection,2018-08-01,2018-12-31,3+,0,0
Jul 2018,SOM,12327530,Shabelle Hoose,first projection,2018-08-01,2018-12-31,1,1079219,0.9
Jul 2018,SOM,12327530,Shabelle Hoose,first projection,2018-08-01,2018-12-31,2,123000,0.1
Jul 2018,SOM,12327530,Shabelle Hoose,first projection,2018-08-01,2018-12-31,3,0,0
Jul 2018,SOM,12327530,Shabelle Hoose,first projection,2018-08-01,2018-12-31,4,0,0
Jul 2018,SOM,12327530,Shabelle Hoose,first projection,2018-08-01,2018-12-31,5,0,0
Jul 2018,SOM,12327530,Shabelle Dhexe,current,2018-07-01,2018-07-31,all,516035,1.0
Jul 2018,SOM,12327530,Shabelle Dhexe,current,2018-07-01,2018-07-31,3+,11000,0.02
Jul 2018,SOM,12327530,Shabelle Dhexe,current,2018-07-01,2018-07-31,1,391035,0.76
Jul 2018,SOM,12327530,Shabelle Dhexe,current,2018-07-01,2018-07-31,2,114000,0.22
Jul 2018,SOM,12327530,Shabelle Dhexe,current,2018-07-01,2018-07-31,3,11000,0.02
Jul 2018,SOM,12327530,Shabelle Dhexe,current,2018-07-01,2018-07-31,4,0,0
Jul 2018,SOM,12327530,Shabelle Dhexe,current,2018-07-01,2018-07-31,5,0,0
Jul 2018,SOM,12327530,Shabelle Dhexe,first projection,2018-08-01,2018-12-31,all,516035,1.0
Jul 2018,SOM,12327530,Shabelle Dhexe,first projection,2018-08-01,2018-12-31,3+,5000,0.01
Jul 2018,SOM,12327530,Shabelle Dhexe,first projection,2018-08-01,2018-12-31,1,443035,0.86
Jul 2018,SOM,12327530,Shabelle Dhexe,first projection,2018-08-01,2018-12-31,2,68000,0.13
Jul 2018,SOM,12327530,Shabelle Dhexe,first projection,2018-08-01,2018-12-31,3,5000,0.01
Jul 2018,SOM,12327530,Shabelle Dhexe,first projection,2018-08-01,2018-12-31,4,0,0
Jul 2018,SOM,12327530,Shabelle Dhexe,first projection,2018-08-01,2018-12-31,5,0,0
Jul 2018,SOM,12327530,Gedo,current,2018-07-01,2018-07-31,all,508402,1.0
Jul 2018,SOM,12327530,Gedo,current,2018-07-01,2018-07-31,3+,50000,0.1
Jul 2018,SOM,12327530,Gedo,current,2018-07-01,2018-07-31,1,333403,0.66
Jul 2018,SOM,12327530,Gedo,current,2018-07-01,2018-07-31,2,125000,0.25
Jul 2018,SOM,12327530,Gedo,current,2018-07-01,2018-07-31,3,45000,0.09
Jul 2018,SOM,12327530,Gedo,current,2018-07-01,2018-07-31,4,5000,0.01
Jul 2018,SOM,12327530,Gedo,current,2018-07-01,2018-07-31,5,0,0
Jul 2018,SOM,12327530,Gedo,first projection,2018-08-01,2018-12-31,all,508402,1.0
Jul 2018,SOM,12327530,Gedo,first projection,2018-08-01,2018-12-31,3+,35000,0.07
Jul 2018,SOM,12327530,Gedo,first projection,2018-08-01,2018-12-31,1,363403,0.71
Jul 2018,SOM,12327530,Gedo,first projection,2018-08-01,2018-12-31,2,110000,0.22
Jul 2018,SOM,12327530,Gedo,first projection,2018-08-01,2018-12-31,3,30000,0.06
Jul 2018,SOM,12327530,Gedo,first projection,2018-08-01,2018-12-31,4,5000,0.01
Jul 2018,SOM,12327530,Gedo,first projection,2018-08-01,2018-12-31,5,0,0
Jul 2018,SOM,12327530,Bari,current,2018-07-01,2018-07-31,all,730147,1.0
Jul 2018,SOM,12327530,Bari,current,2018-07-01,2018-07-31,3+,141000,0.19
Jul 2018,SOM,12327530,Bari,current,2018-07-01,2018-07-31,1,389147,0.53
Jul 2018,SOM,12327530,Bari,current,2018-07-01,2018-07-31,2,200000,0.27
Jul 2018,SOM,12327530,Bari,current,2018-07-01,2018-07-31,3,108000,0.15
Jul 2018,SOM,12327530,Bari,current,2018-07-01,2018-07-31,4,32000,0.04
Jul 2018,SOM,12327530,Bari,current,2018-07-01,2018-07-31,5,1000,0
Jul 2018,SOM,12327530,Bari,first projection,2018-08-01,2018-12-31,all,730147,1.0
Jul 2018,SOM,12327530,Bari,first projection,2018-08-01,2018-12-31,3+,203000,0.27
Jul 2018,SOM,12327530,Bari,first projection,2018-08-01,2018-12-31,1,358147,0.49
Jul 2018,SOM,12327530,Bari,first projection,2018-08-01,2018-12-31,2,169000,0.23
Jul 2018,SOM,12327530,Bari,first projection,2018-08-01,2018-12-31,3,170000,0.23
Jul 2018,SOM,12327530,Bari,first projection,2018-08-01,2018-12-31,4,32000,0.04
Jul 2018,SOM,12327530,Bari,first projection,2018-08-01,2018-12-31,5,1000,0
Jul 2018,SOM,12327530,Galgaduud,current,2018-07-01,2018-07-31,all,569434,1.0
Jul 2018,SOM,12327530,Galgaduud,current,2018-07-01,2018-07-31,3+,101000,0.18
Jul 2018,SOM,12327530,Galgaduud,current,2018-07-01,2018-07-31,1,284434,0.5
Jul 2018,SOM,12327530,Galgaduud,current,2018-07-01,2018-07-31,2,184000,0.32
Jul 2018,SOM,12327530,Galgaduud,current,2018-07-01,2018-07-31,3,100000,0.18
Jul 2018,SOM,12327530,Galgaduud,current,2018-07-01,2018-07-31,4,1000,0
Jul 2018,SOM,12327530,Galgaduud,current,2018-07-01,2018-07-31,5,0,0
Jul 2018,SOM,12327530,Galgaduud,first projection,2018-08-01,2018-12-31,all,569434,1.0
Jul 2018,SOM,12327530,Galgaduud,first projection,2018-08-01,2018-12-31,3+,82000,0.14
Jul 2018,SOM,12327530,Galgaduud,first projection,2018-08-01,2018-12-31,1,284434,0.5
Jul 2018,SOM,12327530,Galgaduud,first projection,2018-08-01,2018-12-31,2,203000,0.36
Jul 2018,SOM,12327530,Galgaduud,first projection,2018-08-01,2018-12-31,3,81000,0.14
Jul 2018,SOM,12327530,Galgaduud,first projection,2018-08-01,2018-12-31,4,1000,0
Jul 2018,SOM,12327530,Galgaduud,first projection,2018-08-01,2018-12-31,5,0,0
Jul 2018,SOM,12327530,Togdheer,current,2018-07-01,2018-07-31,all,721364,1.0
Jul 2018,SOM,12327530,Togdheer,current,2018-07-01,2018-07-31,3+,73000,0.1
Jul 2018,SOM,12327530,Togdheer,current,2018-07-01,2018-07-31,1,393363,0.55
Jul 2018,SOM,12327530,Togdheer,current,2018-07-01,2018-07-31,2,255000,0.35
Jul 2018,SOM,12327530,Togdheer,current,2018-07-01,2018-07-31,3,64000,0.09
Jul 2018,SOM,12327530,Togdheer,current,2018-07-01,2018-07-31,4,6000,0.01
Jul 2018,SOM,12327530,Togdheer,current,2018-07-01,2018-07-31,5,3000,0
Jul 2018,SOM,12327530,Togdheer,first projection,2018-08-01,2018-12-31,all,721364,1.0
Jul 2018,SOM,12327530,Togdheer,first projection,2018-08-01,2018-12-31,3+,58000,0.08
Jul 2018,SOM,12327530,Togdheer,first projection,2018-08-01,2018-12-31,1,444363,0.62
Jul 2018,SOM,12327530,Togdheer,first projection,2018-08-01,2018-12-31,2,219000,0.3
Jul 2018,SOM,12327530,Togdheer,first projection,2018-08-01,2018-12-31,3,49000,0.07
Jul 2018,SOM,12327530,Togdheer,first projection,2018-08-01,2018-12-31,4,6000,0.01
Jul 2018,SOM,12327530,Togdheer,first projection,2018-08-01,2018-12-31,5,3000,0
Jul 2018,SOM,12327530,Bay,current,2018-07-01,2018-07-31,all,792182,1.0
Jul 2018,SOM,12327530,Bay,current,2018-07-01,2018-07-31,3+,143000,0.18
Jul 2018,SOM,12327530,Bay,current,2018-07-01,2018-07-31,1,402182,0.51
Jul 2018,SOM,12327530,Bay,current,2018-07-01,2018-07-31,2,247000,0.31
Jul 2018,SOM,12327530,Bay,current,2018-07-01,2018-07-31,3,136000,0.17
Jul 2018,SOM,12327530,Bay,current,2018-07-01,2018-07-31,4,7000,0.01
Jul 2018,SOM,12327530,Bay,current,2018-07-01,2018-07-31,5,0,0
Jul 2018,SOM,12327530,Bay,first projection,2018-08-01,2018-12-31,all,792182,1.0
Jul 2018,SOM,12327530,Bay,first projection,2018-08-01,2018-12-31,3+,108000,0.14
Jul 2018,SOM,12327530,Bay,first projection,2018-08-01,2018-12-31,1,423182,0.53
Jul 2018,SOM,12327530,Bay,first projection,2018-08-01,2018-12-31,2,261000,0.33
Jul 2018,SOM,12327530,Bay,first projection,2018-08-01,2018-12-31,3,101000,0.13
Jul 2018,SOM,12327530,Bay,first projection,2018-08-01,2018-12-31,4,7000,0.01
Jul 2018,SOM,12327530,Bay,first projection,2018-08-01,2018-12-31,5,0,0
Jul 2018,SOM,12327530,Hiraan,current,2018-07-01,2018-07-31,all,520686,1.0
Jul 2018,SOM,12327530,Hiraan,current,2018-07-01,2018-07-31,3+,82000,0.16
Jul 2018,SOM,12327530,Hiraan,current,2018-07-01,2018-07-31,1,337686,0.65
Jul 2018,SOM,12327530,Hiraan,current,2018-07-01,2018-07-31,2,101000,0.19
Jul 2018,SOM,12327530,Hiraan,current,2018-07-01,2018-07-31,3,66000,0.13
Jul 2018,SOM,12327530,Hiraan,current,2018-07-01,2018-07-31,4,14000,0.03
Jul 2018,SOM,12327530,Hiraan,current,2018-07-01,2018-07-31,5,2000,0
Jul 2018,SOM,12327530,Hiraan,first projection,2018-08-01,2018-12-31,all,520686,1.0
Jul 2018,SOM,12327530,Hiraan,first projection,2018-08-01,2018-12-31,3+,52000,0.1
Jul 2018,SOM,12327530,Hiraan,first projection,2018-08-01,2018-12-31,1,353686,0.68
Jul 2018,SOM,12327530,Hiraan,first projection,2018-08-01,2018-12-31,2,115000,0.22
Jul 2018,SOM,12327530,Hiraan,first projection,2018-08-01,2018-12-31,3,40000,0.08
Jul 2018,SOM,12327530,Hiraan,first projection,2018-08-01,2018-12-31,4,10000,0.02
Jul 2018,SOM,12327530,Hiraan,first projection,2018-08-01,2018-12-31,5,2000,0
Jul 2018,SOM,12327530,Awdal,current,2018-07-01,2018-07-31,all,673264,1.0
Jul 2018,SOM,12327530,Awdal,current,2018-07-01,2018-07-31,3+,151000,0.22
Jul 2018,SOM,12327530,Awdal,current,2018-07-01,2018-07-31,1,401264,0.6
Jul 2018,SOM,12327530,Awdal,current,2018-07-01,2018-07-31,2,121000,0.18
Jul 2018,SOM,12327530,Awdal,current,2018-07-01,2018-07-31,3,151000,0.22
Jul 2018,SOM,12327530,Awdal,current,2018-07-01,2018-07-31,4,0,0
Jul 2018,SOM,12327530,Awdal,current,2018-07-01,2018-07-31,5,0,0
Jul 2018,SOM,12327530,Awdal,first projection,2018-08-01,2018-12-31,all,673264,1.0
Jul 2018,SOM,12327530,Awdal,first projection,2018-08-01,2018-12-31,3+,156000,0.23
Jul 2018,SOM,12327530,Awdal,first projection,2018-08-01,2018-12-31,1,367264,0.55
Jul 2018,SOM,12327530,Awdal,first projection,2018-08-01,2018-12-31,2,150000,0.22
Jul 2018,SOM,12327530,Awdal,first projection,2018-08-01,2018-12-31,3,121000,0.18
Jul 2018,SOM,12327530,Awdal,first projection,2018-08-01,2018-12-31,4,35000,0.05
Jul 2018,SOM,12327530,Awdal,first projection,2018-08-01,2018-12-31,5,0,0
Jul 2018,SOM,12327530,Mudug,current,2018-07-01,2018-07-31,all,717863,1.0
Jul 2018,SOM,12327530,Mudug,current,2018-07-01,2018-07-31,3+,114000,0.16
Jul 2018,SOM,12327530,Mudug,current,2018-07-01,2018-07-31,1,397862,0.55
Jul 2018,SOM,12327530,Mudug,current,2018-07-01,2018-07-31,2,206000,0.29
Jul 2018,SOM,12327530,Mudug,current,2018-07-01,2018-07-31,3,114000,0.16
Jul 2018,SOM,12327530,Mudug,current,2018-07-01,2018-07-31,4,0,0
Jul 2018,SOM,12327530,Mudug,current,2018-07-01,2018-07-31,5,0,0
Jul 2018,SOM,12327530,Mudug,first projection,2018-08-01,2018-12-31,all,717862,1.0
Jul 2018,SOM,12327530,Mudug,first projection,2018-08-01,2018-12-31,3+,93000,0.13
Jul 2018,SOM,12327530,Mudug,first projection,2018-08-01,2018-12-31,1,397862,0.55
Jul 2018,SOM,12327530,Mudug,first projection,2018-08-01,2018-12-31,2,227000,0.32
Jul 2018,SOM,12327530,Mudug,first projection,2018-08-01,2018-12-31,3,93000,0.13
Jul 2018,SOM,12327530,Mudug,first projection,2018-08-01,2018-12-31,4,0,0
Jul 2018,SOM,12327530,Mudug,first projection,2018-08-01,2018-12-31,5,0,0
Jul 2018,SOM,12327530,Sool,current,2018-07-01,2018-07-31,all,327427,1.0
Jul 2018,SOM,12327530,Sool,current,2018-07-01,2018-07-31,3+,140000,0.43
Jul 2018,SOM,12327530,Sool,current,2018-07-01,2018-07-31,1,125427,0.38
Jul 2018,SOM,12327530,Sool,current,2018-07-01,2018-07-31,2,62000,0.19
Jul 2018,SOM,12327530,Sool,current,2018-07-01,2018-07-31,3,140000,0.43
Jul 2018,SOM,12327530,Sool,current,2018-07-01,2018-07-31,4,0,0
Jul 2018,SOM,12327530,Sool,current,2018-07-01,2018-07-31,5,0,0
Jul 2018,SOM,12327530,Sool,first projection,2018-08-01,2018-12-31,all,327427,1.0
Jul 2018,SOM,12327530,Sool,first projection,2018-08-01,2018-12-31,3+,133000,0.41
Jul 2018,SOM,12327530,Sool,first projection,2018-08-01,2018-12-31,1,115427,0.35
Jul 2018,SOM,12327530,Sool,first projection,2018-08-01,2018-12-31,2,79000,0.24
Jul 2018,SOM,12327530,Sool,first projection,2018-08-01,2018-12-31,3,133000,0.41
Jul 2018,SOM,12327530,Sool,first projection,2018-08-01,2018-12-31,4,0,0
Jul 2018,SOM,12327530,Sool,first projection,2018-08-01,2018-12-31,5,0,0
Jul 2018,SOM,12327530,Banadir,current,2018-07-01,2018-07-31,all,1650228,1.0
Jul 2018,SOM,12327530,Banadir,current,2018-07-01,2018-07-31,3+,224000,0.13
Jul 2018,SOM,12327530,Banadir,current,2018-07-01,2018-07-31,1,970228,0.59
Jul 2018,SOM,12327530,Banadir,current,2018-07-01,2018-07-31,2,456000,0.28
Jul 2018,SOM,12327530,Banadir,current,2018-07-01,2018-07-31,3,189000,0.11
Jul 2018,SOM,12327530,Banadir,current,2018-07-01,2018-07-31,4,30000,0.02
Jul 2018,SOM,12327530,Banadir,current,2018-07-01,2018-07-31,5,5000,0
Jul 2018,SOM,12327530,Banadir,first projection,2018-08-01,2018-12-31,all,1650228,1.0
Jul 2018,SOM,12327530,Banadir,first projection,2018-08-01,2018-12-31,3+,224000,0.13
Jul 2018,SOM,12327530,Banadir,first projection,2018-08-01,2018-12-31,1,970228,0.59
Jul 2018,SOM,12327530,Banadir,first projection,2018-08-01,2018-12-31,2,456000,0.28
Jul 2018,SOM,12327530,Banadir,first projection,2018-08-01,2018-12-31,3,189000,0.11
Jul 2018,SOM,12327530,Banadir,first projection,2018-08-01,2018-12-31,4,30000,0.02
Jul 2018,SOM,12327530,Banadir,first projection,2018-08-01,2018-12-31,5,5000,0
Jul 2018,SOM,12327530,Woqooyi Galbeed,current,2018-07-01,2018-07-31,all,1242003,1.0
Jul 2018,SOM,12327530,Woqooyi Galbeed,current,2018-07-01,2018-07-31,3+,280000,0.22
Jul 2018,SOM,12327530,Woqooyi Galbeed,current,2018-07-01,2018-07-31,1,664003,0.53
Jul 2018,SOM,12327530,Woqooyi Galbeed,current,2018-07-01,2018-07-31,2,298000,0.24
Jul 2018,SOM,12327530,Woqooyi Galbeed,current,2018-07-01,2018-07-31,3,266000,0.21
Jul 2018,SOM,12327530,Woqooyi Galbeed,current,2018-07-01,2018-07-31,4,8000,0.01
Jul 2018,SOM,12327530,Woqooyi Galbeed,current,2018-07-01,2018-07-31,5,6000,0
Jul 2018,SOM,12327530,Woqooyi Galbeed,first projection,2018-08-01,2018-12-31,all,1242003,1.0
Jul 2018,SOM,12327530,Woqooyi Galbeed,first projection,2018-08-01,2018-12-31,3+,169000,0.13
Jul 2018,SOM,12327530,Woqooyi Galbeed,first projection,2018-08-01,2018-12-31,1,666003,0.54
Jul 2018,SOM,12327530,Woqooyi Galbeed,first projection,2018-08-01,2018-12-31,2,401000,0.32
Jul 2018,SOM,12327530,Woqooyi Galbeed,first projection,2018-08-01,2018-12-31,3,152000,0.12
Jul 2018,SOM,12327530,Woqooyi Galbeed,first projection,2018-08-01,2018-12-31,4,17000,0.01
Jul 2018,SOM,12327530,Woqooyi Galbeed,first projection,2018-08-01,2018-12-31,5,6000,0
Jul 2018,SOM,12327530,Juba Hoose,current,2018-07-01,2018-07-31,all,489307,1.0
Jul 2018,SOM,12327530,Juba Hoose,current,2018-07-01,2018-07-31,3+,93000,0.19
Jul 2018,SOM,12327530,Juba Hoose,current,2018-07-01,2018-07-31,1,298307,0.61
Jul 2018,SOM,12327530,Juba Hoose,current,2018-07-01,2018-07-31,2,98000,0.2
Jul 2018,SOM,12327530,Juba Hoose,current,2018-07-01,2018-07-31,3,82000,0.17
Jul 2018,SOM,12327530,Juba Hoose,current,2018-07-01,2018-07-31,4,11000,0.02
Jul 2018,SOM,12327530,Juba Hoose,current,2018-07-01,2018-07-31,5,0,0
Jul 2018,SOM,12327530,Juba Hoose,first projection,2018-08-01,2018-12-31,all,489307,1.0
Jul 2018,SOM,12327530,Juba Hoose,first projection,2018-08-01,2018-12-31,3+,88000,0.18
Jul 2018,SOM,12327530,Juba Hoose,first projection,2018-08-01,2018-12-31,1,321307,0.66
Jul 2018,SOM,12327530,Juba Hoose,first projection,2018-08-01,2018-12-31,2,80000,0.16
Jul 2018,SOM,12327530,Juba Hoose,first projection,2018-08-01,2018-12-31,3,77000,0.16
Jul 2018,SOM,12327530,Juba Hoose,first projection,2018-08-01,2018-12-31,4,11000,0.02
Jul 2018,SOM,12327530,Juba Hoose,first projection,2018-08-01,2018-12-31,5,0,0
Jul 2018,SOM,12327530,Bakool,current,2018-07-01,2018-07-31,all,367227,1.0
Jul 2018,SOM,12327530,Bakool,current,2018-07-01,2018-07-31,3+,30000,0.08
Jul 2018,SOM,12327530,Bakool,current,2018-07-01,2018-07-31,1,240227,0.65
Jul 2018,SOM,12327530,Bakool,current,2018-07-01,2018-07-31,2,97000,0.26
Jul 2018,SOM,12327530,Bakool,current,2018-07-01,2018-07-31,3,30000,0.08
Jul 2018,SOM,12327530,Bakool,current,2018-07-01,2018-07-31,4,0,0
Jul 2018,SOM,12327530,Bakool,current,2018-07-01,2018-07-31,5,0,0
Jul 2018,SOM,12327530,Bakool,first projection,2018-08-01,2018-12-31,all,367227,1.0
Jul 2018,SOM,12327530,Bakool,first projection,2018-08-01,2018-12-31,3+,20000,0.05
Jul 2018,SOM,12327530,Bakool,first projection,2018-08-01,2018-12-31,1,266227,0.72
Jul 2018,SOM,12327530,Bakool,first projection,2018-08-01,2018-12-31,2,81000,0.22
Jul 2018,SOM,12327530,Bakool,first projection,2018-08-01,2018-12-31,3,20000,0.05
Jul 2018,SOM,12327530,Bakool,first projection,2018-08-01,2018-12-31,4,0,0
Jul 2018,SOM,12327530,Bakool,first projection,2018-08-01,2018-12-31,5,0,0
Jul 2018,SOM,12327530,Sanaag,current,2018-07-01,2018-07-31,all,544124,1.0
Jul 2018,SOM,12327530,Sanaag,current,2018-07-01,2018-07-31,3+,80000,0.15
Jul 2018,SOM,12327530,Sanaag,current,2018-07-01,2018-07-31,1,350123,0.64
Jul 2018,SOM,12327530,Sanaag,current,2018-07-01,2018-07-31,2,114000,0.21
Jul 2018,SOM,12327530,Sanaag,current,2018-07-01,2018-07-31,3,80000,0.15
Jul 2018,SOM,12327530,Sanaag,current,2018-07-01,2018-07-31,4,0,0
Jul 2018,SOM,12327530,Sanaag,current,2018-07-01,2018-07-31,5,0,0
Jul 2018,SOM,12327530,Sanaag,first projection,2018-08-01,2018-12-31,all,544124,1.0
Jul 2018,SOM,12327530,Sanaag,first projection,2018-08-01,2018-12-31,3+,87000,0.16
Jul 2018,SOM,12327530,Sanaag,first projection,2018-08-01,2018-12-31,1,318123,0.58
Jul 2018,SOM,12327530,Sanaag,first projection,2018-08-01,2018-12-31,2,139000,0.26
Jul 2018,SOM,12327530,Sanaag,first projection,2018-08-01,2018-12-31,3,86000,0.16
Jul 2018,SOM,12327530,Sanaag,first projection,2018-08-01,2018-12-31,4,1000,0
Jul 2018,SOM,12327530,Sanaag,first projection,2018-08-01,2018-12-31,5,0,0
Jul 2018,SOM,12327530,Juba Dhexe,current,2018-07-01,2018-07-31,all,362922,1.0
Jul 2018,SOM,12327530,Juba Dhexe,current,2018-07-01,2018-07-31,3+,28000,0.08
Jul 2018,SOM,12327530,Juba Dhexe,current,2018-07-01,2018-07-31,1,240921,0.66
Jul 2018,SOM,12327530,Juba Dhexe,current,2018-07-01,2018-07-31,2,94000,0.26
Jul 2018,SOM,12327530,Juba Dhexe,current,2018-07-01,2018-07-31,3,28000,0.08
Jul 2018,SOM,12327530,Juba Dhexe,current,2018-07-01,2018-07-31,4,0,0
Jul 2018,SOM,12327530,Juba Dhexe,current,2018-07-01,2018-07-31,5,0,0
Jul 2018,SOM,12327530,Juba Dhexe,first projection,2018-08-01,2018-12-31,all,362922,1.0
Jul 2018,SOM,12327530,Juba Dhexe,first projection,2018-08-01,2018-12-31,3+,9000,0.02
Jul 2018,SOM,12327530,Juba Dhexe,first projection,2018-08-01,2018-12-31,1,260921,0.72
Jul 2018,SOM,12327530,Juba Dhexe,first projection,2018-08-01,2018-12-31,2,93000,0.26
Jul 2018,SOM,12327530,Juba Dhexe,first projection,2018-08-01,2018-12-31,3,9000,0.02
Jul 2018,SOM,12327530,Juba Dhexe,first projection,2018-08-01,2018-12-31,4,0,0
Jul 2018,SOM,12327530,Juba Dhexe,first projection,2018-08-01,2018-12-31,5,0,0
Jul 2018,SOM,12327530,Nugaal,current,2018-07-01,2018-07-31,all,392697,1.0
Jul 2018,SOM,12327530,Nugaal,current,2018-07-01,2018-07-31,3+,28000,0.07
Jul 2018,SOM,12327530,Nugaal,current,2018-07-01,2018-07-31,1,273698,0.7
Jul 2018,SOM,12327530,Nugaal,current,2018-07-01,2018-07-31,2,91000,0.23
Jul 2018,SOM,12327530,Nugaal,current,2018-07-01,2018-07-31,3,28000,0.07
Jul 2018,SOM,12327530,Nugaal,current,2018-07-01,2018-07-31,4,0,0
Jul 2018,SOM,12327530,Nugaal,current,2018-07-01,2018-07-31,5,0,0
Jul 2018,SOM,12327530,Nugaal,first projection,2018-08-01,2018-12-31,all,392697,1.0
Jul 2018,SOM,12327530,Nugaal,first projection,2018-08-01,2018-12-31,3+,30000,0.08
Jul 2018,SOM,12327530,Nugaal,first projection,2018-08-01,2018-12-31,1,256698,0.65
Jul 2018,SOM,12327530,Nugaal,first projection,2018-08-01,2018-12-31,2,106000,0.27
Jul 2018,SOM,12327530,Nugaal,first projection,2018-08-01,2018-12-31,3,30000,0.08
Jul 2018,SOM,12327530,Nugaal,first projection,2018-08-01,2018-12-31,4,0,0
Jul 2018,SOM,12327530,Nugaal,first projection,2018-08-01,2018-12-31,5,0,0
Jan 2018,SOM,12327530,Shabelle Dhexe,current,2018-01-01,2018-01-31,all,516035,1.0
Jan 2018,SOM,12327530,Shabelle Dhexe,current,2018-01-01,2018-01-31,3+,0,0
Jan 2018,SOM,12327530,Shabelle Dhexe,current,2018-01-01,2018-01-31,1,422000,0.82
Jan 2018,SOM,12327530,Shabelle Dhexe,current,2018-01-01,2018-01-31,2,94000,0.18
Jan 2018,SOM,12327530,Shabelle Dhexe,current,2018-01-01,2018-01-31,3,0,0
Jan 2018,SOM,12327530,Shabelle Dhexe,current,2018-01-01,2018-01-31,4,0,0
Jan 2018,SOM,12327530,Shabelle Dhexe,current,2018-01-01,2018-01-31,5,0,0
Jan 2018,SOM,12327530,Shabelle Dhexe,first projection,2018-02-01,2018-06-30,all,516035,1.0
Jan 2018,SOM,12327530,Shabelle Dhexe,first projection,2018-02-01,2018-06-30,3+,0,0
Jan 2018,SOM,12327530,Shabelle Dhexe,first projection,2018-02-01,2018-06-30,1,352000,0.68
Jan 2018,SOM,12327530,Shabelle Dhexe,first projection,2018-02-01,2018-06-30,2,164000,0.32
Jan 2018,SOM,12327530,Shabelle Dhexe,first projection,2018-02-01,2018-06-30,3,0,0
Jan 2018,SOM,12327530,Shabelle Dhexe,first projection,2018-02-01,2018-06-30,4,0,0
Jan 2018,SOM,12327530,Shabelle Dhexe,first projection,2018-02-01,2018-06-30,5,0,0
Jan 2018,SOM,12327530,Mudug,current,2018-01-01,2018-01-31,all,500104,1.0
Jan 2018,SOM,12327530,Mudug,current,2018-01-01,2018-01-31,3+,139000,0.19
Jan 2018,SOM,12327530,Mudug,current,2018-01-01,2018-01-31,1,400000,0.56
Jan 2018,SOM,12327530,Mudug,current,2018-01-01,2018-01-31,2,179000,0.25
Jan 2018,SOM,12327530,Mudug,current,2018-01-01,2018-01-31,3,139000,0.19
Jan 2018,SOM,12327530,Mudug,current,2018-01-01,2018-01-31,4,0,0
Jan 2018,SOM,12327530,Mudug,current,2018-01-01,2018-01-31,5,0,0
Jan 2018,SOM,12327530,Mudug,first projection,2018-02-01,2018-06-30,all,717862,1.0
Jan 2018,SOM,12327530,Mudug,first projection,2018-02-01,2018-06-30,3+,239000,0.33
Jan 2018,SOM,12327530,Mudug,first projection,2018-02-01,2018-06-30,1,351000,0.49
Jan 2018,SOM,12327530,Mudug,first projection,2018-02-01,2018-06-30,2,128000,0.18
Jan 2018,SOM,12327530,Mudug,first projection,2018-02-01,2018-06-30,3,203000,0.28
Jan 2018,SOM,12327530,Mudug,first projection,2018-02-01,2018-06-30,4,36000,0.05
Jan 2018,SOM,12327530,Mudug,first projection,2018-02-01,2018-06-30,5,0,0
Jan 2018,SOM,12327530,Togdheer,current,2018-01-01,2018-01-31,all,721363,1.0
Jan 2018,SOM,12327530,Togdheer,current,2018-01-01,2018-01-31,3+,85000,0.12
Jan 2018,SOM,12327530,Togdheer,current,2018-01-01,2018-01-31,1,382000,0.53
Jan 2018,SOM,12327530,Togdheer,current,2018-01-01,2018-01-31,2,244000,0.34
Jan 2018,SOM,12327530,Togdheer,current,2018-01-01,2018-01-31,3,69000,0.1
Jan 2018,SOM,12327530,Togdheer,current,2018-01-01,2018-01-31,4,16000,0.02
Jan 2018,SOM,12327530,Togdheer,current,2018-01-01,2018-01-31,5,0,0
Jan 2018,SOM,12327530,Togdheer,first projection,2018-02-01,2018-06-30,all,721363,1.0
Jan 2018,SOM,12327530,Togdheer,first projection,2018-02-01,2018-06-30,3+,143000,0.2
Jan 2018,SOM,12327530,Togdheer,first projection,2018-02-01,2018-06-30,1,389000,0.54
Jan 2018,SOM,12327530,Togdheer,first projection,2018-02-01,2018-06-30,2,189000,0.26
Jan 2018,SOM,12327530,Togdheer,first projection,2018-02-01,2018-06-30,3,113000,0.16
Jan 2018,SOM,12327530,Togdheer,first projection,2018-02-01,2018-06-30,4,30000,0.04
Jan 2018,SOM,12327530,Togdheer,first projection,2018-02-01,2018-06-30,5,0,0
Jan 2018,SOM,12327530,Galgaduud,current,2018-01-01,2018-01-31,all,569434,1.0
Jan 2018,SOM,12327530,Galgaduud,current,2018-01-01,2018-01-31,3+,158000,0.27
Jan 2018,SOM,12327530,Galgaduud,current,2018-01-01,2018-01-31,1,278000,0.49
Jan 2018,SOM,12327530,Galgaduud,current,2018-01-01,2018-01-31,2,133000,0.23
Jan 2018,SOM,12327530,Galgaduud,current,2018-01-01,2018-01-31,3,156000,0.27
Jan 2018,SOM,12327530,Galgaduud,current,2018-01-01,2018-01-31,4,2000,0
Jan 2018,SOM,12327530,Galgaduud,current,2018-01-01,2018-01-31,5,0,0
Jan 2018,SOM,12327530,Galgaduud,first projection,2018-02-01,2018-06-30,all,569434,1.0
Jan 2018,SOM,12327530,Galgaduud,first projection,2018-02-01,2018-06-30,3+,264000,0.46
Jan 2018,SOM,12327530,Galgaduud,first projection,2018-02-01,2018-06-30,1,341452,0.6
Jan 2018,SOM,12327530,Galgaduud,first projection,2018-02-01,2018-06-30,2,83000,0.15
Jan 2018,SOM,12327530,Galgaduud,first projection,2018-02-01,2018-06-30,3,227000,0.4
Jan 2018,SOM,12327530,Galgaduud,first projection,2018-02-01,2018-06-30,4,37000,0.06
Jan 2018,SOM,12327530,Galgaduud,first projection,2018-02-01,2018-06-30,5,0,0
Jan 2018,SOM,12327530,Shabelle Hoose,current,2018-01-01,2018-01-31,all,1202219,1.0
Jan 2018,SOM,12327530,Shabelle Hoose,current,2018-01-01,2018-01-31,3+,104000,0.09
Jan 2018,SOM,12327530,Shabelle Hoose,current,2018-01-01,2018-01-31,1,814000,0.67
Jan 2018,SOM,12327530,Shabelle Hoose,current,2018-01-01,2018-01-31,2,284000,0.24
Jan 2018,SOM,12327530,Shabelle Hoose,current,2018-01-01,2018-01-31,3,104000,0.09
Jan 2018,SOM,12327530,Shabelle Hoose,current,2018-01-01,2018-01-31,4,0,0
Jan 2018,SOM,12327530,Shabelle Hoose,current,2018-01-01,2018-01-31,5,0,0
Jan 2018,SOM,12327530,Shabelle Hoose,first projection,2018-02-01,2018-06-30,all,1202219,1.0
Jan 2018,SOM,12327530,Shabelle Hoose,first projection,2018-02-01,2018-06-30,3+,182000,0.15
Jan 2018,SOM,12327530,Shabelle Hoose,first projection,2018-02-01,2018-06-30,1,705000,0.59
Jan 2018,SOM,12327530,Shabelle Hoose,first projection,2018-02-01,2018-06-30,2,315000,0.26
Jan 2018,SOM,12327530,Shabelle Hoose,first projection,2018-02-01,2018-06-30,3,172000,0.14
Jan 2018,SOM,12327530,Shabelle Hoose,first projection,2018-02-01,2018-06-30,4,10000,0.01
Jan 2018,SOM,12327530,Shabelle Hoose,first projection,2018-02-01,2018-06-30,5,0,0
Jan 2018,SOM,12327530,Gedo,current,2018-01-01,2018-01-31,all,508403,1.0
Jan 2018,SOM,12327530,Gedo,current,2018-01-01,2018-01-31,3+,2000,0
Jan 2018,SOM,12327530,Gedo,current,2018-01-01,2018-01-31,1,399000,0.78
Jan 2018,SOM,12327530,Gedo,current,2018-01-01,2018-01-31,2,107000,0.21
Jan 2018,SOM,12327530,Gedo,current,2018-01-01,2018-01-31,3,2000,0
Jan 2018,SOM,12327530,Gedo,current,2018-01-01,2018-01-31,4,0,0
Jan 2018,SOM,12327530,Gedo,current,2018-01-01,2018-01-31,5,0,0
Jan 2018,SOM,12327530,Gedo,first projection,2018-02-01,2018-06-30,all,508403,1.0
Jan 2018,SOM,12327530,Gedo,first projection,2018-02-01,2018-06-30,3+,17000,0.03
Jan 2018,SOM,12327530,Gedo,first projection,2018-02-01,2018-06-30,1,317000,0.62
Jan 2018,SOM,12327530,Gedo,first projection,2018-02-01,2018-06-30,2,174000,0.34
Jan 2018,SOM,12327530,Gedo,first projection,2018-02-01,2018-06-30,3,16000,0.03
Jan 2018,SOM,12327530,Gedo,first projection,2018-02-01,2018-06-30,4,1000,0
Jan 2018,SOM,12327530,Gedo,first projection,2018-02-01,2018-06-30,5,0,0
Jan 2018,SOM,12327530,Bakool,current,2018-01-01,2018-01-31,all,367227,1.0
Jan 2018,SOM,12327530,Bakool,current,2018-01-01,2018-01-31,3+,42000,0.11
Jan 2018,SOM,12327530,Bakool,current,2018-01-01,2018-01-31,1,243000,0.66
Jan 2018,SOM,12327530,Bakool,current,2018-01-01,2018-01-31,2,82000,0.22
Jan 2018,SOM,12327530,Bakool,current,2018-01-01,2018-01-31,3,42000,0.11
Jan 2018,SOM,12327530,Bakool,current,2018-01-01,2018-01-31,4,0,0
Jan 2018,SOM,12327530,Bakool,current,2018-01-01,2018-01-31,5,0,0
Jan 2018,SOM,12327530,Bakool,first projection,2018-02-01,2018-06-30,all,367227,1.0
Jan 2018,SOM,12327530,Bakool,first projection,2018-02-01,2018-06-30,3+,74000,0.2
Jan 2018,SOM,12327530,Bakool,first projection,2018-02-01,2018-06-30,1,213000,0.58
Jan 2018,SOM,12327530,Bakool,first projection,2018-02-01,2018-06-30,2,80000,0.22
Jan 2018,SOM,12327530,Bakool,first projection,2018-02-01,2018-06-30,3,74000,0.2
Jan 2018,SOM,12327530,Bakool,first projection,2018-02-01,2018-06-30,4,0,0
Jan 2018,SOM,12327530,Bakool,first projection,2018-02-01,2018-06-30,5,0,0
Jan 2018,SOM,12327530,Awdal,current,2018-01-01,2018-01-31,all,673264,1.0
Jan 2018,SOM,12327530,Awdal,current,2018-01-01,2018-01-31,3+,92000,0.14
Jan 2018,SOM,12327530,Awdal,current,2018-01-01,2018-01-31,1,422000,0.62
Jan 2018,SOM,12327530,Awdal,current,2018-01-01,2018-01-31,2,159000,0.24
Jan 2018,SOM,12327530,Awdal,current,2018-01-01,2018-01-31,3,68000,0.1
Jan 2018,SOM,12327530,Awdal,current,2018-01-01,2018-01-31,4,24000,0.04
Jan 2018,SOM,12327530,Awdal,current,2018-01-01,2018-01-31,5,0,0
Jan 2018,SOM,12327530,Awdal,first projection,2018-02-01,2018-06-30,all,673264,1.0
Jan 2018,SOM,12327530,Awdal,first projection,2018-02-01,2018-06-30,3+,177000,0.26
Jan 2018,SOM,12327530,Awdal,first projection,2018-02-01,2018-06-30,1,366264,0.54
Jan 2018,SOM,12327530,Awdal,first projection,2018-02-01,2018-06-30,2,130000,0.19
Jan 2018,SOM,12327530,Awdal,first projection,2018-02-01,2018-06-30,3,107000,0.16
Jan 2018,SOM,12327530,Awdal,first projection,2018-02-01,2018-06-30,4,70000,0.1
Jan 2018,SOM,12327530,Awdal,first projection,2018-02-01,2018-06-30,5,0,0
Jan 2018,SOM,12327530,Sanaag,current,2018-01-01,2018-01-31,all,544123,1.0
Jan 2018,SOM,12327530,Sanaag,current,2018-01-01,2018-01-31,3+,156000,0.29
Jan 2018,SOM,12327530,Sanaag,current,2018-01-01,2018-01-31,1,273000,0.5
Jan 2018,SOM,12327530,Sanaag,current,2018-01-01,2018-01-31,2,115000,0.21
Jan 2018,SOM,12327530,Sanaag,current,2018-01-01,2018-01-31,3,119000,0.22
Jan 2018,SOM,12327530,Sanaag,current,2018-01-01,2018-01-31,4,37000,0.07
Jan 2018,SOM,12327530,Sanaag,current,2018-01-01,2018-01-31,5,0,0
Jan 2018,SOM,12327530,Sanaag,first projection,2018-02-01,2018-06-30,all,544123,1.0
Jan 2018,SOM,12327530,Sanaag,first projection,2018-02-01,2018-06-30,3+,233000,0.42
Jan 2018,SOM,12327530,Sanaag,first projection,2018-02-01,2018-06-30,1,197000,0.36
Jan 2018,SOM,12327530,Sanaag,first projection,2018-02-01,2018-06-30,2,114000,0.21
Jan 2018,SOM,12327530,Sanaag,first projection,2018-02-01,2018-06-30,3,155000,0.28
Jan 2018,SOM,12327530,Sanaag,first projection,2018-02-01,2018-06-30,4,78000,0.14
Jan 2018,SOM,12327530,Sanaag,first projection,2018-02-01,2018-06-30,5,0,0
Jan 2018,SOM,12327530,Juba Dhexe,current,2018-01-01,2018-01-31,all,362921,1.0
Jan 2018,SOM,12327530,Juba Dhexe,current,2018-01-01,2018-01-31,3+,16000,0.04
Jan 2018,SOM,12327530,Juba Dhexe,current,2018-01-01,2018-01-31,1,285000,0.79
Jan 2018,SOM,12327530,Juba Dhexe,current,2018-01-01,2018-01-31,2,62000,0.17
Jan 2018,SOM,12327530,Juba Dhexe,current,2018-01-01,2018-01-31,3,16000,0.04
Jan 2018,SOM,12327530,Juba Dhexe,current,2018-01-01,2018-01-31,4,0,0
Jan 2018,SOM,12327530,Juba Dhexe,current,2018-01-01,2018-01-31,5,0,0
Jan 2018,SOM,12327530,Juba Dhexe,first projection,2018-02-01,2018-06-30,all,362921,1.0
Jan 2018,SOM,12327530,Juba Dhexe,first projection,2018-02-01,2018-06-30,3+,17000,0.05
Jan 2018,SOM,12327530,Juba Dhexe,first projection,2018-02-01,2018-06-30,1,271000,0.74
Jan 2018,SOM,12327530,Juba Dhexe,first projection,2018-02-01,2018-06-30,2,75000,0.21
Jan 2018,SOM,12327530,Juba Dhexe,first projection,2018-02-01,2018-06-30,3,13000,0.04
Jan 2018,SOM,12327530,Juba Dhexe,first projection,2018-02-01,2018-06-30,4,4000,0.01
Jan 2018,SOM,12327530,Juba Dhexe,first projection,2018-02-01,2018-06-30,5,0,0
Jan 2018,SOM,12327530,Hiraan,current,2018-01-01,2018-01-31,all,520686,1.0
Jan 2018,SOM,12327530,Hiraan,current,2018-01-01,2018-01-31,3+,130000,0.25
Jan 2018,SOM,12327530,Hiraan,current,2018-01-01,2018-01-31,1,287000,0.55
Jan 2018,SOM,12327530,Hiraan,current,2018-01-01,2018-01-31,2,104000,0.2
Jan 2018,SOM,12327530,Hiraan,current,2018-01-01,2018-01-31,3,112000,0.22
Jan 2018,SOM,12327530,Hiraan,current,2018-01-01,2018-01-31,4,18000,0.03
Jan 2018,SOM,12327530,Hiraan,current,2018-01-01,2018-01-31,5,0,0
Jan 2018,SOM,12327530,Hiraan,first projection,2018-02-01,2018-06-30,all,520686,1.0
Jan 2018,SOM,12327530,Hiraan,first projection,2018-02-01,2018-06-30,3+,166000,0.32
Jan 2018,SOM,12327530,Hiraan,first projection,2018-02-01,2018-06-30,1,257000,0.49
Jan 2018,SOM,12327530,Hiraan,first projection,2018-02-01,2018-06-30,2,96000,0.18
Jan 2018,SOM,12327530,Hiraan,first projection,2018-02-01,2018-06-30,3,128000,0.25
Jan 2018,SOM,12327530,Hiraan,first projection,2018-02-01,2018-06-30,4,38000,0.07
Jan 2018,SOM,12327530,Hiraan,first projection,2018-02-01,2018-06-30,5,0,0
Jan 2018,SOM,12327530,Juba Hoose,current,2018-01-01,2018-01-31,all,489307,1.0
Jan 2018,SOM,12327530,Juba Hoose,current,2018-01-01,2018-01-31,3+,70000,0.14
Jan 2018,SOM,12327530,Juba Hoose,current,2018-01-01,2018-01-31,1,327000,0.67
Jan 2018,SOM,12327530,Juba Hoose,current,2018-01-01,2018-01-31,2,92000,0.19
Jan 2018,SOM,12327530,Juba Hoose,current,2018-01-01,2018-01-31,3,66000,0.13
Jan 2018,SOM,12327530,Juba Hoose,current,2018-01-01,2018-01-31,4,4000,0.01
Jan 2018,SOM,12327530,Juba Hoose,current,2018-01-01,2018-01-31,5,0,0
Jan 2018,SOM,12327530,Juba Hoose,first projection,2018-02-01,2018-06-30,all,489307,1.0
Jan 2018,SOM,12327530,Juba Hoose,first projection,2018-02-01,2018-06-30,3+,78000,0.16
Jan 2018,SOM,12327530,Juba Hoose,first projection,2018-02-01,2018-06-30,1,306000,0.63
Jan 2018,SOM,12327530,Juba Hoose,first projection,2018-02-01,2018-06-30,2,105000,0.21
Jan 2018,SOM,12327530,Juba Hoose,first projection,2018-02-01,2018-06-30,3,69000,0.14
Jan 2018,SOM,12327530,Juba Hoose,first projection,2018-02-01,2018-06-30,4,9000,0.02
Jan 2018,SOM,12327530,Juba Hoose,first projection,2018-02-01,2018-06-30,5,0,0
Jan 2018,SOM,12327530,Sool,current,2018-01-01,2018-01-31,all,327427,1.0
Jan 2018,SOM,12327530,Sool,current,2018-01-01,2018-01-31,3+,101000,0.31
Jan 2018,SOM,12327530,Sool,current,2018-01-01,2018-01-31,1,152000,0.46
Jan 2018,SOM,12327530,Sool,current,2018-01-01,2018-01-31,2,74000,0.23
Jan 2018,SOM,12327530,Sool,current,2018-01-01,2018-01-31,3,74000,0.23
Jan 2018,SOM,12327530,Sool,current,2018-01-01,2018-01-31,4,27000,0.08
Jan 2018,SOM,12327530,Sool,current,2018-01-01,2018-01-31,5,0,0
Jan 2018,SOM,12327530,Sool,first projection,2018-02-01,2018-06-30,all,327427,1.0
Jan 2018,SOM,12327530,Sool,first projection,2018-02-01,2018-06-30,3+,137000,0.42
Jan 2018,SOM,12327530,Sool,first projection,2018-02-01,2018-06-30,1,113000,0.35
Jan 2018,SOM,12327530,Sool,first projection,2018-02-01,2018-06-30,2,77000,0.24
Jan 2018,SOM,12327530,Sool,first projection,2018-02-01,2018-06-30,3,95000,0.29
Jan 2018,SOM,12327530,Sool,first projection,2018-02-01,2018-06-30,4,42000,0.13
Jan 2018,SOM,12327530,Sool,first projection,2018-02-01,2018-06-30,5,0,0
Jan 2018,SOM,12327530,Bari,current,2018-01-01,2018-01-31,all,730147,1.0
Jan 2018,SOM,12327530,Bari,current,2018-01-01,2018-01-31,3+,48000,0.06
Jan 2018,SOM,12327530,Bari,current,2018-01-01,2018-01-31,1,471000,0.65
Jan 2018,SOM,12327530,Bari,current,2018-01-01,2018-01-31,2,211000,0.29
Jan 2018,SOM,12327530,Bari,current,2018-01-01,2018-01-31,3,46000,0.06
Jan 2018,SOM,12327530,Bari,current,2018-01-01,2018-01-31,4,2000,0
Jan 2018,SOM,12327530,Bari,current,2018-01-01,2018-01-31,5,0,0
Jan 2018,SOM,12327530,Bari,first projection,2018-02-01,2018-06-30,all,730147,1.0
Jan 2018,SOM,12327530,Bari,first projection,2018-02-01,2018-06-30,3+,95000,0.13
Jan 2018,SOM,12327530,Bari,first projection,2018-02-01,2018-06-30,1,397000,0.54
Jan 2018,SOM,12327530,Bari,first projection,2018-02-01,2018-06-30,2,238000,0.33
Jan 2018,SOM,12327530,Bari,first projection,2018-02-01,2018-06-30,3,67000,0.09
Jan 2018,SOM,12327530,Bari,first projection,2018-02-01,2018-06-30,4,28000,0.04
Jan 2018,SOM,12327530,Bari,first projection,2018-02-01,2018-06-30,5,0,0
Jan 2018,SOM,12327530,Woqooyi Galbeed,current,2018-01-01,2018-01-31,all,1242003,1.0
Jan 2018,SOM,12327530,Woqooyi Galbeed,current,2018-01-01,2018-01-31,3+,186000,0.15
Jan 2018,SOM,12327530,Woqooyi Galbeed,current,2018-01-01,2018-01-31,1,686000,0.55
Jan 2018,SOM,12327530,Woqooyi Galbeed,current,2018-01-01,2018-01-31,2,370000,0.3
Jan 2018,SOM,12327530,Woqooyi Galbeed,current,2018-01-01,2018-01-31,3,171000,0.14
Jan 2018,SOM,12327530,Woqooyi Galbeed,current,2018-01-01,2018-01-31,4,15000,0.01
Jan 2018,SOM,12327530,Woqooyi Galbeed,current,2018-01-01,2018-01-31,5,0,0
Jan 2018,SOM,12327530,Woqooyi Galbeed,first projection,2018-02-01,2018-06-30,all,1242003,1.0
Jan 2018,SOM,12327530,Woqooyi Galbeed,first projection,2018-02-01,2018-06-30,3+,307000,0.25
Jan 2018,SOM,12327530,Woqooyi Galbeed,first projection,2018-02-01,2018-06-30,1,660000,0.53
Jan 2018,SOM,12327530,Woqooyi Galbeed,first projection,2018-02-01,2018-06-30,2,275000,0.22
Jan 2018,SOM,12327530,Woqooyi Galbeed,first projection,2018-02-01,2018-06-30,3,273000,0.22
Jan 2018,SOM,12327530,Woqooyi Galbeed,first projection,2018-02-01,2018-06-30,4,34000,0.03
Jan 2018,SOM,12327530,Woqooyi Galbeed,first projection,2018-02-01,2018-06-30,5,0,0
Jan 2018,SOM,12327530,Banadir,current,2018-01-01,2018-01-31,all,1650228,1.0
Jan 2018,SOM,12327530,Banadir,current,2018-01-01,2018-01-31,3+,54500,0.03
Jan 2018,SOM,12327530,Banadir,current,2018-01-01,2018-01-31,1,1467728,0.89
Jan 2018,SOM,12327530,Banadir,current,2018-01-01,2018-01-31,2,128000,0.08
Jan 2018,SOM,12327530,Banadir,current,2018-01-01,2018-01-31,3,51000,0.03
Jan 2018,SOM,12327530,Banadir,current,2018-01-01,2018-01-31,4,3500,0
Jan 2018,SOM,12327530,Banadir,current,2018-01-01,2018-01-31,5,0,0
Jan 2018,SOM,12327530,Banadir,first projection,2018-02-01,2018-06-30,all,1650228,1.0
Jan 2018,SOM,12327530,Banadir,first projection,2018-02-01,2018-06-30,3+,51000,0.03
Jan 2018,SOM,12327530,Banadir,first projection,2018-02-01,2018-06-30,1,1471228,0.89
Jan 2018,SOM,12327530,Banadir,first projection,2018-02-01,2018-06-30,2,128000,0.08
Jan 2018,SOM,12327530,Banadir,first projection,2018-02-01,2018-06-30,3,51000,0.03
Jan 2018,SOM,12327530,Banadir,first projection,2018-02-01,2018-06-30,4,0,0
Jan 2018,SOM,12327530,Banadir,first projection,2018-02-01,2018-06-30,5,0,0
Jan 2018,SOM,12327530,Nugaal,current,2018-01-01,2018-01-31,all,392698,1.0
Jan 2018,SOM,12327530,Nugaal,current,2018-01-01,2018-01-31,3+,40000,0.1
Jan 2018,SOM,12327530,Nugaal,current,2018-01-01,2018-01-31,1,288000,0.73
Jan 2018,SOM,12327530,Nugaal,current,2018-01-01,2018-01-31,2,65000,0.17
Jan 2018,SOM,12327530,Nugaal,current,2018-01-01,2018-01-31,3,40000,0.1
Jan 2018,SOM,12327530,Nugaal,current,2018-01-01,2018-01-31,4,0,0
Jan 2018,SOM,12327530,Nugaal,current,2018-01-01,2018-01-31,5,0,0
Jan 2018,SOM,12327530,Nugaal,first projection,2018-02-01,2018-06-30,all,392698,1.0
Jan 2018,SOM,12327530,Nugaal,first projection,2018-02-01,2018-06-30,3+,103000,0.26
Jan 2018,SOM,12327530,Nugaal,first projection,2018-02-01,2018-06-30,1,218000,0.56
Jan 2018,SOM,12327530,Nugaal,first projection,2018-02-01,2018-06-30,2,72000,0.18
Jan 2018,SOM,12327530,Nugaal,first projection,2018-02-01,2018-06-30,3,76000,0.19
Jan 2018,SOM,12327530,Nugaal,first projection,2018-02-01,2018-06-30,4,27000,0.07
Jan 2018,SOM,12327530,Nugaal,first projection,2018-02-01,2018-06-30,5,0,0
Jan 2018,SOM,12327530,Bay,current,2018-01-01,2018-01-31,all,792182,1.0
Jan 2018,SOM,12327530,Bay,current,2018-01-01,2018-01-31,3+,79000,0.1
Jan 2018,SOM,12327530,Bay,current,2018-01-01,2018-01-31,1,529000,0.67
Jan 2018,SOM,12327530,Bay,current,2018-01-01,2018-01-31,2,184000,0.23
Jan 2018,SOM,12327530,Bay,current,2018-01-01,2018-01-31,3,77000,0.1
Jan 2018,SOM,12327530,Bay,current,2018-01-01,2018-01-31,4,2000,0
Jan 2018,SOM,12327530,Bay,current,2018-01-01,2018-01-31,5,0,0
Jan 2018,SOM,12327530,Bay,first projection,2018-02-01,2018-06-30,all,792182,1.0
Jan 2018,SOM,12327530,Bay,first projection,2018-02-01,2018-06-30,3+,227000,0.29
Jan 2018,SOM,12327530,Bay,first projection,2018-02-01,2018-06-30,1,404000,0.51
Jan 2018,SOM,12327530,Bay,first projection,2018-02-01,2018-06-30,2,161000,0.2
Jan 2018,SOM,12327530,Bay,first projection,2018-02-01,2018-06-30,3,223000,0.28
Jan 2018,SOM,12327530,Bay,first projection,2018-02-01,2018-06-30,4,4000,0.01
Jan 2018,SOM,12327530,Bay,first projection,2018-02-01,2018-06-30,5,0,0
Jul 2017,SOM,12327530,Sool,current,2017-07-01,2017-07-31,all,327427,1.0
Jul 2017,SOM,12327530,Sool,current,2017-07-01,2017-07-31,3+,136000,0.42
Jul 2017,SOM,12327530,Sool,current,2017-07-01,2017-07-31,1,116427,0.36
Jul 2017,SOM,12327530,Sool,current,2017-07-01,2017-07-31,2,75000,0.23
Jul 2017,SOM,12327530,Sool,current,2017-07-01,2017-07-31,3,95000,0.29
Jul 2017,SOM,12327530,Sool,current,2017-07-01,2017-07-31,4,41000,0.13
Jul 2017,SOM,12327530,Sool,current,2017-07-01,2017-07-31,5,0,0
Jul 2017,SOM,12327530,Sool,first projection,2017-08-01,2017-12-31,all,327427,1.0
Jul 2017,SOM,12327530,Sool,first projection,2017-08-01,2017-12-31,3+,143000,0.44
Jul 2017,SOM,12327530,Sool,first projection,2017-08-01,2017-12-31,1,102427,0.31
Jul 2017,SOM,12327530,Sool,first projection,2017-08-01,2017-12-31,2,82000,0.25
Jul 2017,SOM,12327530,Sool,first projection,2017-08-01,2017-12-31,3,98000,0.3
Jul 2017,SOM,12327530,Sool,first projection,2017-08-01,2017-12-31,4,45000,0.14
Jul 2017,SOM,12327530,Sool,first projection,2017-08-01,2017-12-31,5,0,0
Jul 2017,SOM,12327530,Juba Dhexe,current,2017-07-01,2017-07-31,all,362921,1.0
Jul 2017,SOM,12327530,Juba Dhexe,current,2017-07-01,2017-07-31,3+,45000,0.12
Jul 2017,SOM,12327530,Juba Dhexe,current,2017-07-01,2017-07-31,1,212921,0.59
Jul 2017,SOM,12327530,Juba Dhexe,current,2017-07-01,2017-07-31,2,105000,0.29
Jul 2017,SOM,12327530,Juba Dhexe,current,2017-07-01,2017-07-31,3,45000,0.12
Jul 2017,SOM,12327530,Juba Dhexe,current,2017-07-01,2017-07-31,4,0,0
Jul 2017,SOM,12327530,Juba Dhexe,current,2017-07-01,2017-07-31,5,0,0
Jul 2017,SOM,12327530,Juba Dhexe,first projection,2017-08-01,2017-12-31,all,362921,1.0
Jul 2017,SOM,12327530,Juba Dhexe,first projection,2017-08-01,2017-12-31,3+,30000,0.08
Jul 2017,SOM,12327530,Juba Dhexe,first projection,2017-08-01,2017-12-31,1,234921,0.65
Jul 2017,SOM,12327530,Juba Dhexe,first projection,2017-08-01,2017-12-31,2,98000,0.27
Jul 2017,SOM,12327530,Juba Dhexe,first projection,2017-08-01,2017-12-31,3,30000,0.08
Jul 2017,SOM,12327530,Juba Dhexe,first projection,2017-08-01,2017-12-31,4,0,0
Jul 2017,SOM,12327530,Juba Dhexe,first projection,2017-08-01,2017-12-31,5,0,0
Jul 2017,SOM,12327530,Mudug,current,2017-07-01,2017-07-31,all,717862,1.0
Jul 2017,SOM,12327530,Mudug,current,2017-07-01,2017-07-31,3+,276000,0.38
Jul 2017,SOM,12327530,Mudug,current,2017-07-01,2017-07-31,1,286862,0.4
Jul 2017,SOM,12327530,Mudug,current,2017-07-01,2017-07-31,2,155000,0.22
Jul 2017,SOM,12327530,Mudug,current,2017-07-01,2017-07-31,3,215000,0.3
Jul 2017,SOM,12327530,Mudug,current,2017-07-01,2017-07-31,4,61000,0.08
Jul 2017,SOM,12327530,Mudug,current,2017-07-01,2017-07-31,5,0,0
Jul 2017,SOM,12327530,Mudug,first projection,2017-08-01,2017-12-31,all,717862,1.0
Jul 2017,SOM,12327530,Mudug,first projection,2017-08-01,2017-12-31,3+,275000,0.39
Jul 2017,SOM,12327530,Mudug,first projection,2017-08-01,2017-12-31,1,290862,0.41
Jul 2017,SOM,12327530,Mudug,first projection,2017-08-01,2017-12-31,2,152000,0.21
Jul 2017,SOM,12327530,Mudug,first projection,2017-08-01,2017-12-31,3,221000,0.31
Jul 2017,SOM,12327530,Mudug,first projection,2017-08-01,2017-12-31,4,54000,0.08
Jul 2017,SOM,12327530,Mudug,first projection,2017-08-01,2017-12-31,5,0,0
Jul 2017,SOM,12327530,Shabelle Hoose,current,2017-07-01,2017-07-31,all,1202219,1.0
Jul 2017,SOM,12327530,Shabelle Hoose,current,2017-07-01,2017-07-31,3+,201050,0.17
Jul 2017,SOM,12327530,Shabelle Hoose,current,2017-07-01,2017-07-31,1,710219,0.59
Jul 2017,SOM,12327530,Shabelle Hoose,current,2017-07-01,2017-07-31,2,290000,0.24
Jul 2017,SOM,12327530,Shabelle Hoose,current,2017-07-01,2017-07-31,3,192000,0.16
Jul 2017,SOM,12327530,Shabelle Hoose,current,2017-07-01,2017-07-31,4,9050,0.01
Jul 2017,SOM,12327530,Shabelle Hoose,current,2017-07-01,2017-07-31,5,0,0
Jul 2017,SOM,12327530,Shabelle Hoose,first projection,2017-08-01,2017-12-31,all,1202219,1.0
Jul 2017,SOM,12327530,Shabelle Hoose,first projection,2017-08-01,2017-12-31,3+,134000,0.11
Jul 2017,SOM,12327530,Shabelle Hoose,first projection,2017-08-01,2017-12-31,1,727219,0.6
Jul 2017,SOM,12327530,Shabelle Hoose,first projection,2017-08-01,2017-12-31,2,341000,0.28
Jul 2017,SOM,12327530,Shabelle Hoose,first projection,2017-08-01,2017-12-31,3,134000,0.11
Jul 2017,SOM,12327530,Shabelle Hoose,first projection,2017-08-01,2017-12-31,4,0,0
Jul 2017,SOM,12327530,Shabelle Hoose,first projection,2017-08-01,2017-12-31,5,0,0
Jul 2017,SOM,12327530,Sanaag,current,2017-07-01,2017-07-31,all,544123,1.0
Jul 2017,SOM,12327530,Sanaag,current,2017-07-01,2017-07-31,3+,197000,0.36
Jul 2017,SOM,12327530,Sanaag,current,2017-07-01,2017-07-31,1,233123,0.43
Jul 2017,SOM,12327530,Sanaag,current,2017-07-01,2017-07-31,2,114000,0.21
Jul 2017,SOM,12327530,Sanaag,current,2017-07-01,2017-07-31,3,120000,0.22
Jul 2017,SOM,12327530,Sanaag,current,2017-07-01,2017-07-31,4,77000,0.14
Jul 2017,SOM,12327530,Sanaag,current,2017-07-01,2017-07-31,5,0,0
Jul 2017,SOM,12327530,Sanaag,first projection,2017-08-01,2017-12-31,all,544123,1.0
Jul 2017,SOM,12327530,Sanaag,first projection,2017-08-01,2017-12-31,3+,215000,0.39
Jul 2017,SOM,12327530,Sanaag,first projection,2017-08-01,2017-12-31,1,196123,0.36
Jul 2017,SOM,12327530,Sanaag,first projection,2017-08-01,2017-12-31,2,133000,0.24
Jul 2017,SOM,12327530,Sanaag,first projection,2017-08-01,2017-12-31,3,127000,0.23
Jul 2017,SOM,12327530,Sanaag,first projection,2017-08-01,2017-12-31,4,88000,0.16
Jul 2017,SOM,12327530,Sanaag,first projection,2017-08-01,2017-12-31,5,0,0
Jul 2017,SOM,12327530,Woqooyi Galbeed,current,2017-07-01,2017-07-31,all,1242003,1.0
Jul 2017,SOM,12327530,Woqooyi Galbeed,current,2017-07-01,2017-07-31,3+,144000,0.12
Jul 2017,SOM,12327530,Woqooyi Galbeed,current,2017-07-01,2017-07-31,1,665003,0.54
Jul 2017,SOM,12327530,Woqooyi Galbeed,current,2017-07-01,2017-07-31,2,433000,0.35
Jul 2017,SOM,12327530,Woqooyi Galbeed,current,2017-07-01,2017-07-31,3,111000,0.09
Jul 2017,SOM,12327530,Woqooyi Galbeed,current,2017-07-01,2017-07-31,4,33000,0.03
Jul 2017,SOM,12327530,Woqooyi Galbeed,current,2017-07-01,2017-07-31,5,0,0
Jul 2017,SOM,12327530,Woqooyi Galbeed,first projection,2017-08-01,2017-12-31,all,1242003,1.0
Jul 2017,SOM,12327530,Woqooyi Galbeed,first projection,2017-08-01,2017-12-31,3+,150000,0.12
Jul 2017,SOM,12327530,Woqooyi Galbeed,first projection,2017-08-01,2017-12-31,1,654003,0.53
Jul 2017,SOM,12327530,Woqooyi Galbeed,first projection,2017-08-01,2017-12-31,2,438000,0.35
Jul 2017,SOM,12327530,Woqooyi Galbeed,first projection,2017-08-01,2017-12-31,3,114000,0.09
Jul 2017,SOM,12327530,Woqooyi Galbeed,first projection,2017-08-01,2017-12-31,4,36000,0.03
Jul 2017,SOM,12327530,Woqooyi Galbeed,first projection,2017-08-01,2017-12-31,5,0,0
Jul 2017,SOM,12327530,Awdal,current,2017-07-01,2017-07-31,all,673264,1.0
Jul 2017,SOM,12327530,Awdal,current,2017-07-01,2017-07-31,3+,117421,0.18
Jul 2017,SOM,12327530,Awdal,current,2017-07-01,2017-07-31,1,445264,0.66
Jul 2017,SOM,12327530,Awdal,current,2017-07-01,2017-07-31,2,109000,0.16
Jul 2017,SOM,12327530,Awdal,current,2017-07-01,2017-07-31,3,93421,0.14
Jul 2017,SOM,12327530,Awdal,current,2017-07-01,2017-07-31,4,24000,0.04
Jul 2017,SOM,12327530,Awdal,current,2017-07-01,2017-07-31,5,0,0
Jul 2017,SOM,12327530,Awdal,first projection,2017-08-01,2017-12-31,all,673264,1.0
Jul 2017,SOM,12327530,Awdal,first projection,2017-08-01,2017-12-31,3+,141000,0.21
Jul 2017,SOM,12327530,Awdal,first projection,2017-08-01,2017-12-31,1,400264,0.59
Jul 2017,SOM,12327530,Awdal,first projection,2017-08-01,2017-12-31,2,132000,0.2
Jul 2017,SOM,12327530,Awdal,first projection,2017-08-01,2017-12-31,3,105000,0.16
Jul 2017,SOM,12327530,Awdal,first projection,2017-08-01,2017-12-31,4,36000,0.05
Jul 2017,SOM,12327530,Awdal,first projection,2017-08-01,2017-12-31,5,0,0
Jul 2017,SOM,12327530,Bay,current,2017-07-01,2017-07-31,all,792182,1.0
Jul 2017,SOM,12327530,Bay,current,2017-07-01,2017-07-31,3+,335000,0.42
Jul 2017,SOM,12327530,Bay,current,2017-07-01,2017-07-31,1,346182,0.44
Jul 2017,SOM,12327530,Bay,current,2017-07-01,2017-07-31,2,111000,0.14
Jul 2017,SOM,12327530,Bay,current,2017-07-01,2017-07-31,3,198000,0.25
Jul 2017,SOM,12327530,Bay,current,2017-07-01,2017-07-31,4,137000,0.17
Jul 2017,SOM,12327530,Bay,current,2017-07-01,2017-07-31,5,0,0
Jul 2017,SOM,12327530,Bay,first projection,2017-08-01,2017-12-31,all,792182,1.0
Jul 2017,SOM,12327530,Bay,first projection,2017-08-01,2017-12-31,3+,324000,0.41
Jul 2017,SOM,12327530,Bay,first projection,2017-08-01,2017-12-31,1,348182,0.44
Jul 2017,SOM,12327530,Bay,first projection,2017-08-01,2017-12-31,2,120000,0.15
Jul 2017,SOM,12327530,Bay,first projection,2017-08-01,2017-12-31,3,245000,0.31
Jul 2017,SOM,12327530,Bay,first projection,2017-08-01,2017-12-31,4,79000,0.1
Jul 2017,SOM,12327530,Bay,first projection,2017-08-01,2017-12-31,5,0,0
Jul 2017,SOM,12327530,Gedo,current,2017-07-01,2017-07-31,all,508403,1.0
Jul 2017,SOM,12327530,Gedo,current,2017-07-01,2017-07-31,3+,141000,0.28
Jul 2017,SOM,12327530,Gedo,current,2017-07-01,2017-07-31,1,249403,0.49
Jul 2017,SOM,12327530,Gedo,current,2017-07-01,2017-07-31,2,118000,0.23
Jul 2017,SOM,12327530,Gedo,current,2017-07-01,2017-07-31,3,128000,0.25
Jul 2017,SOM,12327530,Gedo,current,2017-07-01,2017-07-31,4,13000,0.03
Jul 2017,SOM,12327530,Gedo,current,2017-07-01,2017-07-31,5,0,0
Jul 2017,SOM,12327530,Gedo,first projection,2017-08-01,2017-12-31,all,508403,1.0
Jul 2017,SOM,12327530,Gedo,first projection,2017-08-01,2017-12-31,3+,94000,0.18
Jul 2017,SOM,12327530,Gedo,first projection,2017-08-01,2017-12-31,1,257403,0.51
Jul 2017,SOM,12327530,Gedo,first projection,2017-08-01,2017-12-31,2,157000,0.31
Jul 2017,SOM,12327530,Gedo,first projection,2017-08-01,2017-12-31,3,87000,0.17
Jul 2017,SOM,12327530,Gedo,first projection,2017-08-01,2017-12-31,4,7000,0.01
Jul 2017,SOM,12327530,Gedo,first projection,2017-08-01,2017-12-31,5,0,0
Jul 2017,SOM,12327530,Togdheer,current,2017-07-01,2017-07-31,all,721363,1.0
Jul 2017,SOM,12327530,Togdheer,current,2017-07-01,2017-07-31,3+,222000,0.3
Jul 2017,SOM,12327530,Togdheer,current,2017-07-01,2017-07-31,1,348363,0.48
Jul 2017,SOM,12327530,Togdheer,current,2017-07-01,2017-07-31,2,151000,0.21
Jul 2017,SOM,12327530,Togdheer,current,2017-07-01,2017-07-31,3,176000,0.24
Jul 2017,SOM,12327530,Togdheer,current,2017-07-01,2017-07-31,4,46000,0.06
Jul 2017,SOM,12327530,Togdheer,current,2017-07-01,2017-07-31,5,0,0
Jul 2017,SOM,12327530,Togdheer,first projection,2017-08-01,2017-12-31,all,721363,1.0
Jul 2017,SOM,12327530,Togdheer,first projection,2017-08-01,2017-12-31,3+,171000,0.23
Jul 2017,SOM,12327530,Togdheer,first projection,2017-08-01,2017-12-31,1,348363,0.48
Jul 2017,SOM,12327530,Togdheer,first projection,2017-08-01,2017-12-31,2,202000,0.28
Jul 2017,SOM,12327530,Togdheer,first projection,2017-08-01,2017-12-31,3,125000,0.17
Jul 2017,SOM,12327530,Togdheer,first projection,2017-08-01,2017-12-31,4,46000,0.06
Jul 2017,SOM,12327530,Togdheer,first projection,2017-08-01,2017-12-31,5,0,0
Jul 2017,SOM,12327530,Galgaduud,current,2017-07-01,2017-07-31,all,569434,1.0
Jul 2017,SOM,12327530,Galgaduud,current,2017-07-01,2017-07-31,3+,295000,0.52
Jul 2017,SOM,12327530,Galgaduud,current,2017-07-01,2017-07-31,1,155434,0.27
Jul 2017,SOM,12327530,Galgaduud,current,2017-07-01,2017-07-31,2,119000,0.21
Jul 2017,SOM,12327530,Galgaduud,current,2017-07-01,2017-07-31,3,216000,0.38
Jul 2017,SOM,12327530,Galgaduud,current,2017-07-01,2017-07-31,4,79000,0.14
Jul 2017,SOM,12327530,Galgaduud,current,2017-07-01,2017-07-31,5,0,0
Jul 2017,SOM,12327530,Galgaduud,first projection,2017-08-01,2017-12-31,all,569434,1.0
Jul 2017,SOM,12327530,Galgaduud,first projection,2017-08-01,2017-12-31,3+,285000,0.5
Jul 2017,SOM,12327530,Galgaduud,first projection,2017-08-01,2017-12-31,1,174434,0.31
Jul 2017,SOM,12327530,Galgaduud,first projection,2017-08-01,2017-12-31,2,110000,0.19
Jul 2017,SOM,12327530,Galgaduud,first projection,2017-08-01,2017-12-31,3,212000,0.37
Jul 2017,SOM,12327530,Galgaduud,first projection,2017-08-01,2017-12-31,4,73000,0.13
Jul 2017,SOM,12327530,Galgaduud,first projection,2017-08-01,2017-12-31,5,0,0
Jul 2017,SOM,12327530,Bari,current,2017-07-01,2017-07-31,all,730147,1.0
Jul 2017,SOM,12327530,Bari,current,2017-07-01,2017-07-31,3+,86000,0.12
Jul 2017,SOM,12327530,Bari,current,2017-07-01,2017-07-31,1,402147,0.55
Jul 2017,SOM,12327530,Bari,current,2017-07-01,2017-07-31,2,242000,0.33
Jul 2017,SOM,12327530,Bari,current,2017-07-01,2017-07-31,3,71000,0.1
Jul 2017,SOM,12327530,Bari,current,2017-07-01,2017-07-31,4,15000,0.02
Jul 2017,SOM,12327530,Bari,current,2017-07-01,2017-07-31,5,0,0
Jul 2017,SOM,12327530,Bari,first projection,2017-08-01,2017-12-31,all,730147,1.0
Jul 2017,SOM,12327530,Bari,first projection,2017-08-01,2017-12-31,3+,105000,0.14
Jul 2017,SOM,12327530,Bari,first projection,2017-08-01,2017-12-31,1,385147,0.53
Jul 2017,SOM,12327530,Bari,first projection,2017-08-01,2017-12-31,2,240000,0.33
Jul 2017,SOM,12327530,Bari,first projection,2017-08-01,2017-12-31,3,80000,0.11
Jul 2017,SOM,12327530,Bari,first projection,2017-08-01,2017-12-31,4,25000,0.03
Jul 2017,SOM,12327530,Bari,first projection,2017-08-01,2017-12-31,5,0,0
Jul 2017,SOM,12327530,Juba Hoose,current,2017-07-01,2017-07-31,all,489307,1.0
Jul 2017,SOM,12327530,Juba Hoose,current,2017-07-01,2017-07-31,3+,117000,0.24
Jul 2017,SOM,12327530,Juba Hoose,current,2017-07-01,2017-07-31,1,247307,0.51
Jul 2017,SOM,12327530,Juba Hoose,current,2017-07-01,2017-07-31,2,125000,0.26
Jul 2017,SOM,12327530,Juba Hoose,current,2017-07-01,2017-07-31,3,91000,0.19
Jul 2017,SOM,12327530,Juba Hoose,current,2017-07-01,2017-07-31,4,26000,0.05
Jul 2017,SOM,12327530,Juba Hoose,current,2017-07-01,2017-07-31,5,0,0
Jul 2017,SOM,12327530,Juba Hoose,first projection,2017-08-01,2017-12-31,all,489307,1.0
Jul 2017,SOM,12327530,Juba Hoose,first projection,2017-08-01,2017-12-31,3+,93000,0.19
Jul 2017,SOM,12327530,Juba Hoose,first projection,2017-08-01,2017-12-31,1,265307,0.54
Jul 2017,SOM,12327530,Juba Hoose,first projection,2017-08-01,2017-12-31,2,131000,0.27
Jul 2017,SOM,12327530,Juba Hoose,first projection,2017-08-01,2017-12-31,3,67000,0.14
Jul 2017,SOM,12327530,Juba Hoose,first projection,2017-08-01,2017-12-31,4,26000,0.05
Jul 2017,SOM,12327530,Juba Hoose,first projection,2017-08-01,2017-12-31,5,0,0
Jul 2017,SOM,12327530,Bakool,current,2017-07-01,2017-07-31,all,367227,1.0
Jul 2017,SOM,12327530,Bakool,current,2017-07-01,2017-07-31,3+,171000,0.47
Jul 2017,SOM,12327530,Bakool,current,2017-07-01,2017-07-31,1,145227,0.4
Jul 2017,SOM,12327530,Bakool,current,2017-07-01,2017-07-31,2,51000,0.14
Jul 2017,SOM,12327530,Bakool,current,2017-07-01,2017-07-31,3,94000,0.26
Jul 2017,SOM,12327530,Bakool,current,2017-07-01,2017-07-31,4,77000,0.21
Jul 2017,SOM,12327530,Bakool,current,2017-07-01,2017-07-31,5,0,0
Jul 2017,SOM,12327530,Bakool,first projection,2017-08-01,2017-12-31,all,367227,1.0
Jul 2017,SOM,12327530,Bakool,first projection,2017-08-01,2017-12-31,3+,171000,0.47
Jul 2017,SOM,12327530,Bakool,first projection,2017-08-01,2017-12-31,1,145227,0.4
Jul 2017,SOM,12327530,Bakool,first projection,2017-08-01,2017-12-31,2,51000,0.14
Jul 2017,SOM,12327530,Bakool,first projection,2017-08-01,2017-12-31,3,114000,0.31
Jul 2017,SOM,12327530,Bakool,first projection,2017-08-01,2017-12-31,4,57000,0.16
Jul 2017,SOM,12327530,Bakool,first projection,2017-08-01,2017-12-31,5,0,0
Jul 2017,SOM,12327530,Hiraan,current,2017-07-01,2017-07-31,all,520686,1.0
Jul 2017,SOM,12327530,Hiraan,current,2017-07-01,2017-07-31,3+,248000,0.48
Jul 2017,SOM,12327530,Hiraan,current,2017-07-01,2017-07-31,1,186686,0.36
Jul 2017,SOM,12327530,Hiraan,current,2017-07-01,2017-07-31,2,86000,0.17
Jul 2017,SOM,12327530,Hiraan,current,2017-07-01,2017-07-31,3,182000,0.35
Jul 2017,SOM,12327530,Hiraan,current,2017-07-01,2017-07-31,4,66000,0.13
Jul 2017,SOM,12327530,Hiraan,current,2017-07-01,2017-07-31,5,0,0
Jul 2017,SOM,12327530,Hiraan,first projection,2017-08-01,2017-12-31,all,520686,1.0
Jul 2017,SOM,12327530,Hiraan,first projection,2017-08-01,2017-12-31,3+,215000,0.41
Jul 2017,SOM,12327530,Hiraan,first projection,2017-08-01,2017-12-31,1,197686,0.38
Jul 2017,SOM,12327530,Hiraan,first projection,2017-08-01,2017-12-31,2,108000,0.21
Jul 2017,SOM,12327530,Hiraan,first projection,2017-08-01,2017-12-31,3,156000,0.3
Jul 2017,SOM,12327530,Hiraan,first projection,2017-08-01,2017-12-31,4,59000,0.11
Jul 2017,SOM,12327530,Hiraan,first projection,2017-08-01,2017-12-31,5,0,0
Jul 2017,SOM,12327530,Shabelle Dhexe,current,2017-07-01,2017-07-31,all,516035,1.0
Jul 2017,SOM,12327530,Shabelle Dhexe,current,2017-07-01,2017-07-31,3+,64000,0.12
Jul 2017,SOM,12327530,Shabelle Dhexe,current,2017-07-01,2017-07-31,1,316035,0.61
Jul 2017,SOM,12327530,Shabelle Dhexe,current,2017-07-01,2017-07-31,2,136000,0.26
Jul 2017,SOM,12327530,Shabelle Dhexe,current,2017-07-01,2017-07-31,3,64000,0.12
Jul 2017,SOM,12327530,Shabelle Dhexe,current,2017-07-01,2017-07-31,4,0,0
Jul 2017,SOM,12327530,Shabelle Dhexe,current,2017-07-01,2017-07-31,5,0,0
Jul 2017,SOM,12327530,Shabelle Dhexe,first projection,2017-08-01,2017-12-31,all,516035,1.0
Jul 2017,SOM,12327530,Shabelle Dhexe,first projection,2017-08-01,2017-12-31,3+,46000,0.09
Jul 2017,SOM,12327530,Shabelle Dhexe,first projection,2017-08-01,2017-12-31,1,306035,0.59
Jul 2017,SOM,12327530,Shabelle Dhexe,first projection,2017-08-01,2017-12-31,2,164000,0.32
Jul 2017,SOM,12327530,Shabelle Dhexe,first projection,2017-08-01,2017-12-31,3,46000,0.09
Jul 2017,SOM,12327530,Shabelle Dhexe,first projection,2017-08-01,2017-12-31,4,0,0
Jul 2017,SOM,12327530,Shabelle Dhexe,first projection,2017-08-01,2017-12-31,5,0,0
Jul 2017,SOM,12327530,Nugaal,current,2017-07-01,2017-07-31,all,392698,1.0
Jul 2017,SOM,12327530,Nugaal,current,2017-07-01,2017-07-31,3+,67285,0.17
Jul 2017,SOM,12327530,Nugaal,current,2017-07-01,2017-07-31,1,234698,0.6
Jul 2017,SOM,12327530,Nugaal,current,2017-07-01,2017-07-31,2,90000,0.23
Jul 2017,SOM,12327530,Nugaal,current,2017-07-01,2017-07-31,3,43285,0.11
Jul 2017,SOM,12327530,Nugaal,current,2017-07-01,2017-07-31,4,24000,0.06
Jul 2017,SOM,12327530,Nugaal,current,2017-07-01,2017-07-31,5,0,0
Jul 2017,SOM,12327530,Nugaal,first projection,2017-08-01,2017-12-31,all,392698,1.0
Jul 2017,SOM,12327530,Nugaal,first projection,2017-08-01,2017-12-31,3+,107000,0.28
Jul 2017,SOM,12327530,Nugaal,first projection,2017-08-01,2017-12-31,1,214698,0.55
Jul 2017,SOM,12327530,Nugaal,first projection,2017-08-01,2017-12-31,2,71000,0.18
Jul 2017,SOM,12327530,Nugaal,first projection,2017-08-01,2017-12-31,3,73000,0.19
Jul 2017,SOM,12327530,Nugaal,first projection,2017-08-01,2017-12-31,4,34000,0.09
Jul 2017,SOM,12327530,Nugaal,first projection,2017-08-01,2017-12-31,5,0,0
Jul 2017,SOM,12327530,Banadir,current,2017-07-01,2017-07-31,all,1650228,1.0
Jul 2017,SOM,12327530,Banadir,current,2017-07-01,2017-07-31,3+,444000,0.27
Jul 2017,SOM,12327530,Banadir,current,2017-07-01,2017-07-31,1,848228,0.51
Jul 2017,SOM,12327530,Banadir,current,2017-07-01,2017-07-31,2,358000,0.22
Jul 2017,SOM,12327530,Banadir,current,2017-07-01,2017-07-31,3,307000,0.19
Jul 2017,SOM,12327530,Banadir,current,2017-07-01,2017-07-31,4,137000,0.08
Jul 2017,SOM,12327530,Banadir,current,2017-07-01,2017-07-31,5,0,0
Jul 2017,SOM,12327530,Banadir,first projection,2017-08-01,2017-12-31,all,1650228,1.0
Jul 2017,SOM,12327530,Banadir,first projection,2017-08-01,2017-12-31,3+,444000,0.27
Jul 2017,SOM,12327530,Banadir,first projection,2017-08-01,2017-12-31,1,848228,0.51
Jul 2017,SOM,12327530,Banadir,first projection,2017-08-01,2017-12-31,2,358000,0.22
Jul 2017,SOM,12327530,Banadir,first projection,2017-08-01,2017-12-31,3,307000,0.19
Jul 2017,SOM,12327530,Banadir,first projection,2017-08-01,2017-12-31,4,137000,0.08
Jul 2017,SOM,12327530,Banadir,first projection,2017-08-01,2017-12-31,5,0,0
Jan 2017,SOM,12327530,Sanaag,current,2017-01-01,2017-01-31,all,544123,1.0
Jan 2017,SOM,12327530,Sanaag,current,2017-01-01,2017-01-31,3+,126000,0.23
Jan 2017,SOM,12327530,Sanaag,current,2017-01-01,2017-01-31,1,327123,0.6
Jan 2017,SOM,12327530,Sanaag,current,2017-01-01,2017-01-31,2,91000,0.17
Jan 2017,SOM,12327530,Sanaag,current,2017-01-01,2017-01-31,3,108000,0.2
Jan 2017,SOM,12327530,Sanaag,current,2017-01-01,2017-01-31,4,18000,0.03
Jan 2017,SOM,12327530,Sanaag,current,2017-01-01,2017-01-31,5,0,0
Jan 2017,SOM,12327530,Sanaag,first projection,2017-02-01,2017-06-30,all,544123,1.0
Jan 2017,SOM,12327530,Sanaag,first projection,2017-02-01,2017-06-30,3+,138000,0.25
Jan 2017,SOM,12327530,Sanaag,first projection,2017-02-01,2017-06-30,1,243123,0.45
Jan 2017,SOM,12327530,Sanaag,first projection,2017-02-01,2017-06-30,2,163000,0.3
Jan 2017,SOM,12327530,Sanaag,first projection,2017-02-01,2017-06-30,3,84000,0.15
Jan 2017,SOM,12327530,Sanaag,first projection,2017-02-01,2017-06-30,4,54000,0.1
Jan 2017,SOM,12327530,Sanaag,first projection,2017-02-01,2017-06-30,5,0,0
Jan 2017,SOM,12327530,Mudug,current,2017-01-01,2017-01-31,all,717862,1.0
Jan 2017,SOM,12327530,Mudug,current,2017-01-01,2017-01-31,3+,185000,0.26
Jan 2017,SOM,12327530,Mudug,current,2017-01-01,2017-01-31,1,410862,0.57
Jan 2017,SOM,12327530,Mudug,current,2017-01-01,2017-01-31,2,122000,0.17
Jan 2017,SOM,12327530,Mudug,current,2017-01-01,2017-01-31,3,185000,0.26
Jan 2017,SOM,12327530,Mudug,current,2017-01-01,2017-01-31,4,0,0
Jan 2017,SOM,12327530,Mudug,current,2017-01-01,2017-01-31,5,0,0
Jan 2017,SOM,12327530,Mudug,first projection,2017-02-01,2017-06-30,all,717862,1.0
Jan 2017,SOM,12327530,Mudug,first projection,2017-02-01,2017-06-30,3+,286000,0.39
Jan 2017,SOM,12327530,Mudug,first projection,2017-02-01,2017-06-30,1,317862,0.44
Jan 2017,SOM,12327530,Mudug,first projection,2017-02-01,2017-06-30,2,114000,0.16
Jan 2017,SOM,12327530,Mudug,first projection,2017-02-01,2017-06-30,3,283000,0.39
Jan 2017,SOM,12327530,Mudug,first projection,2017-02-01,2017-06-30,4,3000,0
Jan 2017,SOM,12327530,Mudug,first projection,2017-02-01,2017-06-30,5,0,0
Jan 2017,SOM,12327530,Juba Hoose,current,2017-01-01,2017-01-31,all,489307,1.0
Jan 2017,SOM,12327530,Juba Hoose,current,2017-01-01,2017-01-31,3+,39000,0.08
Jan 2017,SOM,12327530,Juba Hoose,current,2017-01-01,2017-01-31,1,304307,0.62
Jan 2017,SOM,12327530,Juba Hoose,current,2017-01-01,2017-01-31,2,145000,0.3
Jan 2017,SOM,12327530,Juba Hoose,current,2017-01-01,2017-01-31,3,39000,0.08
Jan 2017,SOM,12327530,Juba Hoose,current,2017-01-01,2017-01-31,4,1000,0
Jan 2017,SOM,12327530,Juba Hoose,current,2017-01-01,2017-01-31,5,0,0
Jan 2017,SOM,12327530,Juba Hoose,first projection,2017-02-01,2017-06-30,all,489307,1.0
Jan 2017,SOM,12327530,Juba Hoose,first projection,2017-02-01,2017-06-30,3+,86000,0.18
Jan 2017,SOM,12327530,Juba Hoose,first projection,2017-02-01,2017-06-30,1,279307,0.57
Jan 2017,SOM,12327530,Juba Hoose,first projection,2017-02-01,2017-06-30,2,123000,0.25
Jan 2017,SOM,12327530,Juba Hoose,first projection,2017-02-01,2017-06-30,3,86000,0.18
Jan 2017,SOM,12327530,Juba Hoose,first projection,2017-02-01,2017-06-30,4,1000,0
Jan 2017,SOM,12327530,Juba Hoose,first projection,2017-02-01,2017-06-30,5,0,0
Jan 2017,SOM,12327530,Togdheer,current,2017-01-01,2017-01-31,all,721363,1.0
Jan 2017,SOM,12327530,Togdheer,current,2017-01-01,2017-01-31,3+,40000,0.06
Jan 2017,SOM,12327530,Togdheer,current,2017-01-01,2017-01-31,1,432363,0.6
Jan 2017,SOM,12327530,Togdheer,current,2017-01-01,2017-01-31,2,243000,0.34
Jan 2017,SOM,12327530,Togdheer,current,2017-01-01,2017-01-31,3,40000,0.06
Jan 2017,SOM,12327530,Togdheer,current,2017-01-01,2017-01-31,4,6000,0.01
Jan 2017,SOM,12327530,Togdheer,current,2017-01-01,2017-01-31,5,0,0
Jan 2017,SOM,12327530,Togdheer,first projection,2017-02-01,2017-06-30,all,721363,1.0
Jan 2017,SOM,12327530,Togdheer,first projection,2017-02-01,2017-06-30,3+,140000,0.19
Jan 2017,SOM,12327530,Togdheer,first projection,2017-02-01,2017-06-30,1,387363,0.54
Jan 2017,SOM,12327530,Togdheer,first projection,2017-02-01,2017-06-30,2,188000,0.26
Jan 2017,SOM,12327530,Togdheer,first projection,2017-02-01,2017-06-30,3,140000,0.19
Jan 2017,SOM,12327530,Togdheer,first projection,2017-02-01,2017-06-30,4,6000,0.01
Jan 2017,SOM,12327530,Togdheer,first projection,2017-02-01,2017-06-30,5,0,0
Jan 2017,SOM,12327530,Woqooyi Galbeed,current,2017-01-01,2017-01-31,all,1242003,1.0
Jan 2017,SOM,12327530,Woqooyi Galbeed,current,2017-01-01,2017-01-31,3+,63000,0.05
Jan 2017,SOM,12327530,Woqooyi Galbeed,current,2017-01-01,2017-01-31,1,807003,0.65
Jan 2017,SOM,12327530,Woqooyi Galbeed,current,2017-01-01,2017-01-31,2,367000,0.3
Jan 2017,SOM,12327530,Woqooyi Galbeed,current,2017-01-01,2017-01-31,3,63000,0.05
Jan 2017,SOM,12327530,Woqooyi Galbeed,current,2017-01-01,2017-01-31,4,5000,0
Jan 2017,SOM,12327530,Woqooyi Galbeed,current,2017-01-01,2017-01-31,5,0,0
Jan 2017,SOM,12327530,Woqooyi Galbeed,first projection,2017-02-01,2017-06-30,all,1242003,1.0
Jan 2017,SOM,12327530,Woqooyi Galbeed,first projection,2017-02-01,2017-06-30,3+,123000,0.1
Jan 2017,SOM,12327530,Woqooyi Galbeed,first projection,2017-02-01,2017-06-30,1,681003,0.55
Jan 2017,SOM,12327530,Woqooyi Galbeed,first projection,2017-02-01,2017-06-30,2,438000,0.35
Jan 2017,SOM,12327530,Woqooyi Galbeed,first projection,2017-02-01,2017-06-30,3,115000,0.09
Jan 2017,SOM,12327530,Woqooyi Galbeed,first projection,2017-02-01,2017-06-30,4,8000,0.01
Jan 2017,SOM,12327530,Woqooyi Galbeed,first projection,2017-02-01,2017-06-30,5,0,0
Jan 2017,SOM,12327530,Galgaduud,current,2017-01-01,2017-01-31,all,569434,1.0
Jan 2017,SOM,12327530,Galgaduud,current,2017-01-01,2017-01-31,3+,77000,0.14
Jan 2017,SOM,12327530,Galgaduud,current,2017-01-01,2017-01-31,1,321434,0.56
Jan 2017,SOM,12327530,Galgaduud,current,2017-01-01,2017-01-31,2,170000,0.3
Jan 2017,SOM,12327530,Galgaduud,current,2017-01-01,2017-01-31,3,77000,0.14
Jan 2017,SOM,12327530,Galgaduud,current,2017-01-01,2017-01-31,4,1000,0
Jan 2017,SOM,12327530,Galgaduud,current,2017-01-01,2017-01-31,5,0,0
Jan 2017,SOM,12327530,Galgaduud,first projection,2017-02-01,2017-06-30,all,569434,1.0
Jan 2017,SOM,12327530,Galgaduud,first projection,2017-02-01,2017-06-30,3+,138000,0.24
Jan 2017,SOM,12327530,Galgaduud,first projection,2017-02-01,2017-06-30,1,230434,0.4
Jan 2017,SOM,12327530,Galgaduud,first projection,2017-02-01,2017-06-30,2,201000,0.35
Jan 2017,SOM,12327530,Galgaduud,first projection,2017-02-01,2017-06-30,3,130000,0.23
Jan 2017,SOM,12327530,Galgaduud,first projection,2017-02-01,2017-06-30,4,8000,0.01
Jan 2017,SOM,12327530,Galgaduud,first projection,2017-02-01,2017-06-30,5,0,0
Jan 2017,SOM,12327530,Gedo,current,2017-01-01,2017-01-31,all,508403,1.0
Jan 2017,SOM,12327530,Gedo,current,2017-01-01,2017-01-31,3+,13000,0.03
Jan 2017,SOM,12327530,Gedo,current,2017-01-01,2017-01-31,1,286403,0.56
Jan 2017,SOM,12327530,Gedo,current,2017-01-01,2017-01-31,2,208000,0.41
Jan 2017,SOM,12327530,Gedo,current,2017-01-01,2017-01-31,3,13000,0.03
Jan 2017,SOM,12327530,Gedo,current,2017-01-01,2017-01-31,4,1000,0
Jan 2017,SOM,12327530,Gedo,current,2017-01-01,2017-01-31,5,0,0
Jan 2017,SOM,12327530,Gedo,first projection,2017-02-01,2017-06-30,all,508403,1.0
Jan 2017,SOM,12327530,Gedo,first projection,2017-02-01,2017-06-30,3+,88000,0.17
Jan 2017,SOM,12327530,Gedo,first projection,2017-02-01,2017-06-30,1,258403,0.51
Jan 2017,SOM,12327530,Gedo,first projection,2017-02-01,2017-06-30,2,161000,0.32
Jan 2017,SOM,12327530,Gedo,first projection,2017-02-01,2017-06-30,3,88000,0.17
Jan 2017,SOM,12327530,Gedo,first projection,2017-02-01,2017-06-30,4,1000,0
Jan 2017,SOM,12327530,Gedo,first projection,2017-02-01,2017-06-30,5,0,0
Jan 2017,SOM,12327530,Shabelle Dhexe,current,2017-01-01,2017-01-31,all,516035,1.0
Jan 2017,SOM,12327530,Shabelle Dhexe,current,2017-01-01,2017-01-31,3+,23000,0.04
Jan 2017,SOM,12327530,Shabelle Dhexe,current,2017-01-01,2017-01-31,1,360035,0.7
Jan 2017,SOM,12327530,Shabelle Dhexe,current,2017-01-01,2017-01-31,2,133000,0.26
Jan 2017,SOM,12327530,Shabelle Dhexe,current,2017-01-01,2017-01-31,3,23000,0.04
Jan 2017,SOM,12327530,Shabelle Dhexe,current,2017-01-01,2017-01-31,4,0,0
Jan 2017,SOM,12327530,Shabelle Dhexe,current,2017-01-01,2017-01-31,5,0,0
Jan 2017,SOM,12327530,Shabelle Dhexe,first projection,2017-02-01,2017-06-30,all,516035,1.0
Jan 2017,SOM,12327530,Shabelle Dhexe,first projection,2017-02-01,2017-06-30,3+,70000,0.14
Jan 2017,SOM,12327530,Shabelle Dhexe,first projection,2017-02-01,2017-06-30,1,311035,0.6
Jan 2017,SOM,12327530,Shabelle Dhexe,first projection,2017-02-01,2017-06-30,2,135000,0.26
Jan 2017,SOM,12327530,Shabelle Dhexe,first projection,2017-02-01,2017-06-30,3,70000,0.14
Jan 2017,SOM,12327530,Shabelle Dhexe,first projection,2017-02-01,2017-06-30,4,0,0
Jan 2017,SOM,12327530,Shabelle Dhexe,first projection,2017-02-01,2017-06-30,5,0,0
Jan 2017,SOM,12327530,Bari,current,2017-01-01,2017-01-31,all,730147,1.0
Jan 2017,SOM,12327530,Bari,current,2017-01-01,2017-01-31,3+,83000,0.11
Jan 2017,SOM,12327530,Bari,current,2017-01-01,2017-01-31,1,400147,0.55
Jan 2017,SOM,12327530,Bari,current,2017-01-01,2017-01-31,2,247000,0.34
Jan 2017,SOM,12327530,Bari,current,2017-01-01,2017-01-31,3,73000,0.1
Jan 2017,SOM,12327530,Bari,current,2017-01-01,2017-01-31,4,10000,0.01
Jan 2017,SOM,12327530,Bari,current,2017-01-01,2017-01-31,5,0,0
Jan 2017,SOM,12327530,Bari,first projection,2017-02-01,2017-06-30,all,730147,1.0
Jan 2017,SOM,12327530,Bari,first projection,2017-02-01,2017-06-30,3+,188000,0.26
Jan 2017,SOM,12327530,Bari,first projection,2017-02-01,2017-06-30,1,375147,0.51
Jan 2017,SOM,12327530,Bari,first projection,2017-02-01,2017-06-30,2,167000,0.23
Jan 2017,SOM,12327530,Bari,first projection,2017-02-01,2017-06-30,3,169000,0.23
Jan 2017,SOM,12327530,Bari,first projection,2017-02-01,2017-06-30,4,19000,0.03
Jan 2017,SOM,12327530,Bari,first projection,2017-02-01,2017-06-30,5,0,0
Jan 2017,SOM,12327530,Shabelle Hoose,current,2017-01-01,2017-01-31,all,1202219,1.0
Jan 2017,SOM,12327530,Shabelle Hoose,current,2017-01-01,2017-01-31,3+,65000,0.05
Jan 2017,SOM,12327530,Shabelle Hoose,current,2017-01-01,2017-01-31,1,808219,0.67
Jan 2017,SOM,12327530,Shabelle Hoose,current,2017-01-01,2017-01-31,2,329000,0.27
Jan 2017,SOM,12327530,Shabelle Hoose,current,2017-01-01,2017-01-31,3,65000,0.05
Jan 2017,SOM,12327530,Shabelle Hoose,current,2017-01-01,2017-01-31,4,0,0
Jan 2017,SOM,12327530,Shabelle Hoose,current,2017-01-01,2017-01-31,5,0,0
Jan 2017,SOM,12327530,Shabelle Hoose,first projection,2017-02-01,2017-06-30,all,1202219,1.0
Jan 2017,SOM,12327530,Shabelle Hoose,first projection,2017-02-01,2017-06-30,3+,210000,0.18
Jan 2017,SOM,12327530,Shabelle Hoose,first projection,2017-02-01,2017-06-30,1,640219,0.53
Jan 2017,SOM,12327530,Shabelle Hoose,first projection,2017-02-01,2017-06-30,2,352000,0.29
Jan 2017,SOM,12327530,Shabelle Hoose,first projection,2017-02-01,2017-06-30,3,200000,0.17
Jan 2017,SOM,12327530,Shabelle Hoose,first projection,2017-02-01,2017-06-30,4,10000,0.01
Jan 2017,SOM,12327530,Shabelle Hoose,first projection,2017-02-01,2017-06-30,5,0,0
Jan 2017,SOM,12327530,Bakool,current,2017-01-01,2017-01-31,all,367227,1.0
Jan 2017,SOM,12327530,Bakool,current,2017-01-01,2017-01-31,3+,129000,0.35
Jan 2017,SOM,12327530,Bakool,current,2017-01-01,2017-01-31,1,166227,0.45
Jan 2017,SOM,12327530,Bakool,current,2017-01-01,2017-01-31,2,72000,0.2
Jan 2017,SOM,12327530,Bakool,current,2017-01-01,2017-01-31,3,129000,0.35
Jan 2017,SOM,12327530,Bakool,current,2017-01-01,2017-01-31,4,0,0
Jan 2017,SOM,12327530,Bakool,current,2017-01-01,2017-01-31,5,0,0
Jan 2017,SOM,12327530,Bakool,first projection,2017-02-01,2017-06-30,all,367227,1.0
Jan 2017,SOM,12327530,Bakool,first projection,2017-02-01,2017-06-30,3+,171000,0.47
Jan 2017,SOM,12327530,Bakool,first projection,2017-02-01,2017-06-30,1,130227,0.35
Jan 2017,SOM,12327530,Bakool,first projection,2017-02-01,2017-06-30,2,66000,0.18
Jan 2017,SOM,12327530,Bakool,first projection,2017-02-01,2017-06-30,3,113000,0.31
Jan 2017,SOM,12327530,Bakool,first projection,2017-02-01,2017-06-30,4,58000,0.16
Jan 2017,SOM,12327530,Bakool,first projection,2017-02-01,2017-06-30,5,0,0
Jan 2017,SOM,12327530,Awdal,current,2017-01-01,2017-01-31,all,673264,1.0
Jan 2017,SOM,12327530,Awdal,current,2017-01-01,2017-01-31,3+,70000,0.1
Jan 2017,SOM,12327530,Awdal,current,2017-01-01,2017-01-31,1,479264,0.71
Jan 2017,SOM,12327530,Awdal,current,2017-01-01,2017-01-31,2,124000,0.18
Jan 2017,SOM,12327530,Awdal,current,2017-01-01,2017-01-31,3,70000,0.1
Jan 2017,SOM,12327530,Awdal,current,2017-01-01,2017-01-31,4,0,0
Jan 2017,SOM,12327530,Awdal,current,2017-01-01,2017-01-31,5,0,0
Jan 2017,SOM,12327530,Awdal,first projection,2017-02-01,2017-06-30,all,673264,1.0
Jan 2017,SOM,12327530,Awdal,first projection,2017-02-01,2017-06-30,3+,85387,0.13
Jan 2017,SOM,12327530,Awdal,first projection,2017-02-01,2017-06-30,1,445264,0.66
Jan 2017,SOM,12327530,Awdal,first projection,2017-02-01,2017-06-30,2,136000,0.2
Jan 2017,SOM,12327530,Awdal,first projection,2017-02-01,2017-06-30,3,80000,0.12
Jan 2017,SOM,12327530,Awdal,first projection,2017-02-01,2017-06-30,4,5387,0.01
Jan 2017,SOM,12327530,Awdal,first projection,2017-02-01,2017-06-30,5,0,0
Jan 2017,SOM,12327530,Juba Dhexe,current,2017-01-01,2017-01-31,all,362921,1.0
Jan 2017,SOM,12327530,Juba Dhexe,current,2017-01-01,2017-01-31,3+,34000,0.09
Jan 2017,SOM,12327530,Juba Dhexe,current,2017-01-01,2017-01-31,1,218921,0.6
Jan 2017,SOM,12327530,Juba Dhexe,current,2017-01-01,2017-01-31,2,110000,0.3
Jan 2017,SOM,12327530,Juba Dhexe,current,2017-01-01,2017-01-31,3,34000,0.09
Jan 2017,SOM,12327530,Juba Dhexe,current,2017-01-01,2017-01-31,4,0,0
Jan 2017,SOM,12327530,Juba Dhexe,current,2017-01-01,2017-01-31,5,0,0
Jan 2017,SOM,12327530,Juba Dhexe,first projection,2017-02-01,2017-06-30,all,362921,1.0
Jan 2017,SOM,12327530,Juba Dhexe,first projection,2017-02-01,2017-06-30,3+,83000,0.23
Jan 2017,SOM,12327530,Juba Dhexe,first projection,2017-02-01,2017-06-30,1,191921,0.53
Jan 2017,SOM,12327530,Juba Dhexe,first projection,2017-02-01,2017-06-30,2,88000,0.24
Jan 2017,SOM,12327530,Juba Dhexe,first projection,2017-02-01,2017-06-30,3,83000,0.23
Jan 2017,SOM,12327530,Juba Dhexe,first projection,2017-02-01,2017-06-30,4,0,0
Jan 2017,SOM,12327530,Juba Dhexe,first projection,2017-02-01,2017-06-30,5,0,0
Jan 2017,SOM,12327530,Hiraan,current,2017-01-01,2017-01-31,all,520686,1.0
Jan 2017,SOM,12327530,Hiraan,current,2017-01-01,2017-01-31,3+,131000,0.25
Jan 2017,SOM,12327530,Hiraan,current,2017-01-01,2017-01-31,1,272686,0.52
Jan 2017,SOM,12327530,Hiraan,current,2017-01-01,2017-01-31,2,117000,0.22
Jan 2017,SOM,12327530,Hiraan,current,2017-01-01,2017-01-31,3,131000,0.25
Jan 2017,SOM,12327530,Hiraan,current,2017-01-01,2017-01-31,4,0,0
Jan 2017,SOM,12327530,Hiraan,current,2017-01-01,2017-01-31,5,0,0
Jan 2017,SOM,12327530,Hiraan,first projection,2017-02-01,2017-06-30,all,520686,1.0
Jan 2017,SOM,12327530,Hiraan,first projection,2017-02-01,2017-06-30,3+,230000,0.44
Jan 2017,SOM,12327530,Hiraan,first projection,2017-02-01,2017-06-30,1,228686,0.44
Jan 2017,SOM,12327530,Hiraan,first projection,2017-02-01,2017-06-30,2,62000,0.12
Jan 2017,SOM,12327530,Hiraan,first projection,2017-02-01,2017-06-30,3,207000,0.4
Jan 2017,SOM,12327530,Hiraan,first projection,2017-02-01,2017-06-30,4,23000,0.04
Jan 2017,SOM,12327530,Hiraan,first projection,2017-02-01,2017-06-30,5,0,0
Jan 2017,SOM,12327530,Bay,current,2017-01-01,2017-01-31,all,792182,1.0
Jan 2017,SOM,12327530,Bay,current,2017-01-01,2017-01-31,3+,215000,0.27
Jan 2017,SOM,12327530,Bay,current,2017-01-01,2017-01-31,1,402182,0.51
Jan 2017,SOM,12327530,Bay,current,2017-01-01,2017-01-31,2,169000,0.21
Jan 2017,SOM,12327530,Bay,current,2017-01-01,2017-01-31,3,215000,0.27
Jan 2017,SOM,12327530,Bay,current,2017-01-01,2017-01-31,4,6000,0.01
Jan 2017,SOM,12327530,Bay,current,2017-01-01,2017-01-31,5,0,0
Jan 2017,SOM,12327530,Bay,first projection,2017-02-01,2017-06-30,all,792182,1.0
Jan 2017,SOM,12327530,Bay,first projection,2017-02-01,2017-06-30,3+,332000,0.42
Jan 2017,SOM,12327530,Bay,first projection,2017-02-01,2017-06-30,1,261182,0.33
Jan 2017,SOM,12327530,Bay,first projection,2017-02-01,2017-06-30,2,199000,0.25
Jan 2017,SOM,12327530,Bay,first projection,2017-02-01,2017-06-30,3,172000,0.22
Jan 2017,SOM,12327530,Bay,first projection,2017-02-01,2017-06-30,4,160000,0.2
Jan 2017,SOM,12327530,Bay,first projection,2017-02-01,2017-06-30,5,0,0
Jan 2017,SOM,12327530,Sool,current,2017-01-01,2017-01-31,all,327427,1.0
Jan 2017,SOM,12327530,Sool,current,2017-01-01,2017-01-31,3+,74000,0.23
Jan 2017,SOM,12327530,Sool,current,2017-01-01,2017-01-31,1,161427,0.49
Jan 2017,SOM,12327530,Sool,current,2017-01-01,2017-01-31,2,92000,0.28
Jan 2017,SOM,12327530,Sool,current,2017-01-01,2017-01-31,3,62000,0.19
Jan 2017,SOM,12327530,Sool,current,2017-01-01,2017-01-31,4,12000,0.04
Jan 2017,SOM,12327530,Sool,current,2017-01-01,2017-01-31,5,0,0
Jan 2017,SOM,12327530,Sool,first projection,2017-02-01,2017-06-30,all,327427,1.0
Jan 2017,SOM,12327530,Sool,first projection,2017-02-01,2017-06-30,3+,101000,0.31
Jan 2017,SOM,12327530,Sool,first projection,2017-02-01,2017-06-30,1,132427,0.4
Jan 2017,SOM,12327530,Sool,first projection,2017-02-01,2017-06-30,2,94000,0.29
Jan 2017,SOM,12327530,Sool,first projection,2017-02-01,2017-06-30,3,65000,0.2
Jan 2017,SOM,12327530,Sool,first projection,2017-02-01,2017-06-30,4,36000,0.11
Jan 2017,SOM,12327530,Sool,first projection,2017-02-01,2017-06-30,5,0,0
Jan 2017,SOM,12327530,Nugaal,current,2017-01-01,2017-01-31,all,392698,1.0
Jan 2017,SOM,12327530,Nugaal,current,2017-01-01,2017-01-31,3+,73000,0.18
Jan 2017,SOM,12327530,Nugaal,current,2017-01-01,2017-01-31,1,230698,0.59
Jan 2017,SOM,12327530,Nugaal,current,2017-01-01,2017-01-31,2,89000,0.23
Jan 2017,SOM,12327530,Nugaal,current,2017-01-01,2017-01-31,3,64000,0.16
Jan 2017,SOM,12327530,Nugaal,current,2017-01-01,2017-01-31,4,9000,0.02
Jan 2017,SOM,12327530,Nugaal,current,2017-01-01,2017-01-31,5,0,0
Jan 2017,SOM,12327530,Nugaal,first projection,2017-02-01,2017-06-30,all,392698,1.0
Jan 2017,SOM,12327530,Nugaal,first projection,2017-02-01,2017-06-30,3+,116000,0.3
Jan 2017,SOM,12327530,Nugaal,first projection,2017-02-01,2017-06-30,1,189698,0.48
Jan 2017,SOM,12327530,Nugaal,first projection,2017-02-01,2017-06-30,2,87000,0.22
Jan 2017,SOM,12327530,Nugaal,first projection,2017-02-01,2017-06-30,3,90000,0.23
Jan 2017,SOM,12327530,Nugaal,first projection,2017-02-01,2017-06-30,4,26000,0.07
Jan 2017,SOM,12327530,Nugaal,first projection,2017-02-01,2017-06-30,5,0,0
Jan 2017,SOM,12327530,Banadir,current,2017-01-01,2017-01-31,all,1650228,1.0
Jan 2017,SOM,12327530,Banadir,current,2017-01-01,2017-01-31,3+,184000,0.11
Jan 2017,SOM,12327530,Banadir,current,2017-01-01,2017-01-31,1,780228,0.47
Jan 2017,SOM,12327530,Banadir,current,2017-01-01,2017-01-31,2,686000,0.42
Jan 2017,SOM,12327530,Banadir,current,2017-01-01,2017-01-31,3,170000,0.1
Jan 2017,SOM,12327530,Banadir,current,2017-01-01,2017-01-31,4,14000,0.01
Jan 2017,SOM,12327530,Banadir,current,2017-01-01,2017-01-31,5,0,0
Jan 2017,SOM,12327530,Banadir,first projection,2017-02-01,2017-06-30,all,1650228,1.0
Jan 2017,SOM,12327530,Banadir,first projection,2017-02-01,2017-06-30,3+,298000,0.18
Jan 2017,SOM,12327530,Banadir,first projection,2017-02-01,2017-06-30,1,780228,0.47
Jan 2017,SOM,12327530,Banadir,first projection,2017-02-01,2017-06-30,2,558000,0.34
Jan 2017,SOM,12327530,Banadir,first projection,2017-02-01,2017-06-30,3,298000,0.18
Jan 2017,SOM,12327530,Banadir,first projection,2017-02-01,2017-06-30,4,14000,0.01
Jan 2017,SOM,12327530,Banadir,first projection,2017-02-01,2017-06-30,5,0,0
